Ticker,Date,Time,Expiry Date,Open,High,Low,Close,Volume,Open Interest,Padding Flag
FINNIFTY23JUL2424200PE.NFO,2024-06-19,09:15:00,2024-07-23,199.9,199.9,199.9,199.9,0,0,0
FINNIFTY23JUL2424200PE.NFO,2024-06-19,09:16:00,2024-07-23,199.9,199.9,199.9,199.9,0,0,1
FINNIFTY23JUL2424200PE.NFO,2024-06-19,09:17:00,2024-07-23,199.9,199.9,199.9,199.9,0,0,1
FINNIFTY23JUL2424200PE.NFO,2024-06-19,09:18:00,2024-07-23,199.9,199.9,199.9,199.9,0,0,1
FINNIFTY23JUL2424200PE.NFO,2024-06-19,09:19:00,2024-07-23,199.9,199.9,199.9,199.9,0,0,1
FINNIFTY23JUL2424200PE.NFO,2024-06-19,09:20:00,2024-07-23,199.9,199.9,199.9,199.9,0,0,1
FINNIFTY23JUL2424200PE.NFO,2024-06-19,09:21:00,2024-07-23,199.9,199.9,199.9,199.9,0,0,1
FINNIFTY23JUL2424200PE.NFO,2024-06-19,09:22:00,2024-07-23,199.9,199.9,199.9,199.9,0,0,1
FINNIFTY23JUL2424200PE.NFO,2024-06-19,09:23:00,2024-07-23,199.9,199.9,199.9,199.9,0,0,1
FINNIFTY23JUL2424200PE.NFO,2024-06-19,09:24:00,2024-07-23,199.9,199.9,199.9,199.9,0,0,1
FINNIFTY23JUL2424200PE.NFO,2024-06-19,09:25:00,2024-07-23,199.9,199.9,199.9,199.9,0,0,1
FINNIFTY23JUL2424200PE.NFO,2024-06-19,09:26:00,2024-07-23,199.9,199.9,199.9,199.9,0,0,1
FINNIFTY23JUL2424200PE.NFO,2024-06-19,09:27:00,2024-07-23,199.9,199.9,199.9,199.9,0,0,1
FINNIFTY23JUL2424200PE.NFO,2024-06-19,09:28:00,2024-07-23,199.9,199.9,199.9,199.9,0,0,1
FINNIFTY23JUL2424200PE.NFO,2024-06-19,09:29:00,2024-07-23,199.9,199.9,199.9,199.9,0,0,1
FINNIFTY23JUL2424200PE.NFO,2024-06-19,09:30:00,2024-07-23,199.9,199.9,199.9,199.9,0,0,1
FINNIFTY23JUL2424200PE.NFO,2024-06-19,09:31:00,2024-07-23,199.9,199.9,199.9,199.9,0,0,1
FINNIFTY23JUL2424200PE.NFO,2024-06-19,09:32:00,2024-07-23,199.9,199.9,199.9,199.9,0,0,1
FINNIFTY23JUL2424200PE.NFO,2024-06-19,09:33:00,2024-07-23,199.9,199.9,199.9,199.9,0,0,1
FINNIFTY23JUL2424200PE.NFO,2024-06-19,09:34:00,2024-07-23,199.9,199.9,199.9,199.9,0,0,1
FINNIFTY23JUL2424200PE.NFO,2024-06-19,09:35:00,2024-07-23,199.9,199.9,199.9,199.9,0,0,1
FINNIFTY23JUL2424200PE.NFO,2024-06-19,09:36:00,2024-07-23,199.9,199.9,199.9,199.9,0,0,1
FINNIFTY23JUL2424200PE.NFO,2024-06-19,09:37:00,2024-07-23,199.9,199.9,199.9,199.9,0,0,1
FINNIFTY23JUL2424200PE.NFO,2024-06-19,09:38:00,2024-07-23,199.9,199.9,199.9,199.9,0,0,1
FINNIFTY23JUL2424200PE.NFO,2024-06-19,09:39:00,2024-07-23,199.9,199.9,199.9,199.9,0,0,1
FINNIFTY23JUL2424200PE.NFO,2024-06-19,09:40:00,2024-07-23,199.9,199.9,199.9,199.9,0,0,1
FINNIFTY23JUL2424200PE.NFO,2024-06-19,09:41:00,2024-07-23,199.9,199.9,199.9,199.9,0,0,1
FINNIFTY23JUL2424200PE.NFO,2024-06-19,09:42:00,2024-07-23,199.9,199.9,199.9,199.9,0,0,1
FINNIFTY23JUL2424200PE.NFO,2024-06-19,09:43:00,2024-07-23,199.9,199.9,199.9,199.9,0,0,1
FINNIFTY23JUL2424200PE.NFO,2024-06-19,09:44:00,2024-07-23,199.9,199.9,199.9,199.9,0,0,1
FINNIFTY23JUL2424200PE.NFO,2024-06-19,09:45:00,2024-07-23,199.9,199.9,199.9,199.9,0,0,1
FINNIFTY23JUL2424200PE.NFO,2024-06-19,09:46:00,2024-07-23,199.9,199.9,199.9,199.9,0,0,1
FINNIFTY23JUL2424200PE.NFO,2024-06-19,09:47:00,2024-07-23,199.9,199.9,199.9,199.9,0,0,1
FINNIFTY23JUL2424200PE.NFO,2024-06-19,09:48:00,2024-07-23,199.9,199.9,199.9,199.9,0,0,1
FINNIFTY23JUL2424200PE.NFO,2024-06-19,09:49:00,2024-07-23,199.9,199.9,199.9,199.9,0,0,1
FINNIFTY23JUL2424200PE.NFO,2024-06-19,09:50:00,2024-07-23,199.9,199.9,199.9,199.9,0,0,1
FINNIFTY23JUL2424200PE.NFO,2024-06-19,09:51:00,2024-07-23,199.9,199.9,199.9,199.9,0,0,1
FINNIFTY23JUL2424200PE.NFO,2024-06-19,09:52:00,2024-07-23,199.9,199.9,199.9,199.9,0,0,1
FINNIFTY23JUL2424200PE.NFO,2024-06-19,09:53:00,2024-07-23,199.9,199.9,199.9,199.9,0,0,1
FINNIFTY23JUL2424200PE.NFO,2024-06-19,09:54:00,2024-07-23,199.9,199.9,199.9,199.9,0,0,1
FINNIFTY23JUL2424200PE.NFO,2024-06-19,09:55:00,2024-07-23,199.9,199.9,199.9,199.9,0,0,1
FINNIFTY23JUL2424200PE.NFO,2024-06-19,09:56:00,2024-07-23,199.9,199.9,199.9,199.9,0,0,1
FINNIFTY23JUL2424200PE.NFO,2024-06-19,09:57:00,2024-07-23,199.9,199.9,199.9,199.9,0,0,1
FINNIFTY23JUL2424200PE.NFO,2024-06-19,09:58:00,2024-07-23,199.9,199.9,199.9,199.9,0,0,1
FINNIFTY23JUL2424200PE.NFO,2024-06-19,09:59:00,2024-07-23,199.9,199.9,199.9,199.9,0,0,1
FINNIFTY23JUL2424200PE.NFO,2024-06-19,10:00:00,2024-07-23,199.9,199.9,199.9,199.9,0,0,1
FINNIFTY23JUL2424200PE.NFO,2024-06-19,10:01:00,2024-07-23,199.9,199.9,199.9,199.9,0,0,1
FINNIFTY23JUL2424200PE.NFO,2024-06-19,10:02:00,2024-07-23,199.9,199.9,199.9,199.9,0,0,1
FINNIFTY23JUL2424200PE.NFO,2024-06-19,10:03:00,2024-07-23,199.9,199.9,199.9,199.9,0,0,1
FINNIFTY23JUL2424200PE.NFO,2024-06-19,10:04:00,2024-07-23,199.9,199.9,199.9,199.9,0,0,1
FINNIFTY23JUL2424200PE.NFO,2024-06-19,10:05:00,2024-07-23,199.9,199.9,199.9,199.9,0,0,1
FINNIFTY23JUL2424200PE.NFO,2024-06-19,10:06:00,2024-07-23,199.9,199.9,199.9,199.9,0,0,1
FINNIFTY23JUL2424200PE.NFO,2024-06-19,10:07:00,2024-07-23,199.9,199.9,199.9,199.9,0,0,1
FINNIFTY23JUL2424200PE.NFO,2024-06-19,10:08:00,2024-07-23,199.9,199.9,199.9,199.9,0,0,1
FINNIFTY23JUL2424200PE.NFO,2024-06-19,10:09:00,2024-07-23,199.9,199.9,199.9,199.9,0,0,1
FINNIFTY23JUL2424200PE.NFO,2024-06-19,10:10:00,2024-07-23,199.9,199.9,199.9,199.9,0,0,1
FINNIFTY23JUL2424200PE.NFO,2024-06-19,10:11:00,2024-07-23,199.9,199.9,199.9,199.9,0,0,1
FINNIFTY23JUL2424200PE.NFO,2024-06-19,10:12:00,2024-07-23,199.9,199.9,199.9,199.9,0,0,1
FINNIFTY23JUL2424200PE.NFO,2024-06-19,10:13:00,2024-07-23,199.9,199.9,199.9,199.9,0,0,1
FINNIFTY23JUL2424200PE.NFO,2024-06-19,10:14:00,2024-07-23,199.9,199.9,199.9,199.9,0,0,1
FINNIFTY23JUL2424200PE.NFO,2024-06-19,10:15:00,2024-07-23,199.9,199.9,199.9,199.9,0,0,1
FINNIFTY23JUL2424200PE.NFO,2024-06-19,10:16:00,2024-07-23,199.9,199.9,199.9,199.9,0,0,1
FINNIFTY23JUL2424200PE.NFO,2024-06-19,10:17:00,2024-07-23,199.9,199.9,199.9,199.9,0,0,1
FINNIFTY23JUL2424200PE.NFO,2024-06-19,10:18:00,2024-07-23,199.9,199.9,199.9,199.9,0,0,1
FINNIFTY23JUL2424200PE.NFO,2024-06-19,10:19:00,2024-07-23,199.9,199.9,199.9,199.9,0,0,1
FINNIFTY23JUL2424200PE.NFO,2024-06-19,10:20:00,2024-07-23,199.9,199.9,199.9,199.9,0,0,1
FINNIFTY23JUL2424200PE.NFO,2024-06-19,10:21:00,2024-07-23,199.9,199.9,199.9,199.9,0,0,1
FINNIFTY23JUL2424200PE.NFO,2024-06-19,10:22:00,2024-07-23,199.9,199.9,199.9,199.9,0,0,1
FINNIFTY23JUL2424200PE.NFO,2024-06-19,10:23:00,2024-07-23,199.9,199.9,199.9,199.9,0,0,1
FINNIFTY23JUL2424200PE.NFO,2024-06-19,10:24:00,2024-07-23,199.9,199.9,199.9,199.9,0,0,1
FINNIFTY23JUL2424200PE.NFO,2024-06-19,10:25:00,2024-07-23,199.9,199.9,199.9,199.9,0,0,1
FINNIFTY23JUL2424200PE.NFO,2024-06-19,10:26:00,2024-07-23,199.9,199.9,199.9,199.9,0,0,1
FINNIFTY23JUL2424200PE.NFO,2024-06-19,10:27:00,2024-07-23,199.9,199.9,199.9,199.9,0,0,1
FINNIFTY23JUL2424200PE.NFO,2024-06-19,10:28:00,2024-07-23,199.9,199.9,199.9,199.9,0,0,1
FINNIFTY23JUL2424200PE.NFO,2024-06-19,10:29:00,2024-07-23,199.9,199.9,199.9,199.9,0,0,1
FINNIFTY23JUL2424200PE.NFO,2024-06-19,10:30:00,2024-07-23,199.9,199.9,199.9,199.9,0,0,1
FINNIFTY23JUL2424200PE.NFO,2024-06-19,10:31:00,2024-07-23,199.9,199.9,199.9,199.9,0,0,1
FINNIFTY23JUL2424200PE.NFO,2024-06-19,10:32:00,2024-07-23,199.9,199.9,199.9,199.9,0,0,1
FINNIFTY23JUL2424200PE.NFO,2024-06-19,10:33:00,2024-07-23,199.9,199.9,199.9,199.9,0,0,1
FINNIFTY23JUL2424200PE.NFO,2024-06-19,10:34:00,2024-07-23,199.9,199.9,199.9,199.9,0,0,1
FINNIFTY23JUL2424200PE.NFO,2024-06-19,10:35:00,2024-07-23,199.9,199.9,199.9,199.9,0,0,1
FINNIFTY23JUL2424200PE.NFO,2024-06-19,10:36:00,2024-07-23,199.9,199.9,199.9,199.9,0,0,1
FINNIFTY23JUL2424200PE.NFO,2024-06-19,10:37:00,2024-07-23,199.9,199.9,199.9,199.9,0,0,1
FINNIFTY23JUL2424200PE.NFO,2024-06-19,10:38:00,2024-07-23,199.9,199.9,199.9,199.9,0,0,1
FINNIFTY23JUL2424200PE.NFO,2024-06-19,10:39:00,2024-07-23,199.9,199.9,199.9,199.9,0,0,1
FINNIFTY23JUL2424200PE.NFO,2024-06-19,10:40:00,2024-07-23,199.9,199.9,199.9,199.9,0,0,1
FINNIFTY23JUL2424200PE.NFO,2024-06-19,10:41:00,2024-07-23,199.9,199.9,199.9,199.9,0,0,1
FINNIFTY23JUL2424200PE.NFO,2024-06-19,10:42:00,2024-07-23,199.9,199.9,199.9,199.9,0,0,1
FINNIFTY23JUL2424200PE.NFO,2024-06-19,10:43:00,2024-07-23,199.9,199.9,199.9,199.9,0,0,1
FINNIFTY23JUL2424200PE.NFO,2024-06-19,10:44:00,2024-07-23,199.9,199.9,199.9,199.9,0,0,1
FINNIFTY23JUL2424200PE.NFO,2024-06-19,10:45:00,2024-07-23,199.9,199.9,199.9,199.9,0,0,1
FINNIFTY23JUL2424200PE.NFO,2024-06-19,10:46:00,2024-07-23,199.9,199.9,199.9,199.9,0,0,1
FINNIFTY23JUL2424200PE.NFO,2024-06-19,10:47:00,2024-07-23,199.9,199.9,199.9,199.9,0,0,1
FINNIFTY23JUL2424200PE.NFO,2024-06-19,10:48:00,2024-07-23,199.9,199.9,199.9,199.9,0,0,1
FINNIFTY23JUL2424200PE.NFO,2024-06-19,10:49:00,2024-07-23,199.9,199.9,199.9,199.9,0,0,1
FINNIFTY23JUL2424200PE.NFO,2024-06-19,10:50:00,2024-07-23,199.9,199.9,199.9,199.9,0,0,1
FINNIFTY23JUL2424200PE.NFO,2024-06-19,10:51:00,2024-07-23,199.9,199.9,199.9,199.9,0,0,1
FINNIFTY23JUL2424200PE.NFO,2024-06-19,10:52:00,2024-07-23,199.9,199.9,199.9,199.9,0,0,1
FINNIFTY23JUL2424200PE.NFO,2024-06-19,10:53:00,2024-07-23,199.9,199.9,199.9,199.9,0,0,1
FINNIFTY23JUL2424200PE.NFO,2024-06-19,10:54:00,2024-07-23,199.9,199.9,199.9,199.9,0,0,1
FINNIFTY23JUL2424200PE.NFO,2024-06-19,10:55:00,2024-07-23,199.9,199.9,199.9,199.9,0,0,1
FINNIFTY23JUL2424200PE.NFO,2024-06-19,10:56:00,2024-07-23,199.9,199.9,199.9,199.9,0,0,1
FINNIFTY23JUL2424200PE.NFO,2024-06-19,10:57:00,2024-07-23,199.9,199.9,199.9,199.9,0,0,1
FINNIFTY23JUL2424200PE.NFO,2024-06-19,10:58:00,2024-07-23,199.9,199.9,199.9,199.9,0,0,1
FINNIFTY23JUL2424200PE.NFO,2024-06-19,10:59:00,2024-07-23,199.9,199.9,199.9,199.9,0,0,1
FINNIFTY23JUL2424200PE.NFO,2024-06-19,11:00:00,2024-07-23,199.9,199.9,199.9,199.9,0,0,1
FINNIFTY23JUL2424200PE.NFO,2024-06-19,11:01:00,2024-07-23,199.9,199.9,199.9,199.9,0,0,1
FINNIFTY23JUL2424200PE.NFO,2024-06-19,11:02:00,2024-07-23,199.9,199.9,199.9,199.9,0,0,1
FINNIFTY23JUL2424200PE.NFO,2024-06-19,11:03:00,2024-07-23,199.9,199.9,199.9,199.9,0,0,1
FINNIFTY23JUL2424200PE.NFO,2024-06-19,11:04:00,2024-07-23,199.9,199.9,199.9,199.9,0,0,1
FINNIFTY23JUL2424200PE.NFO,2024-06-19,11:05:00,2024-07-23,199.9,199.9,199.9,199.9,0,0,1
FINNIFTY23JUL2424200PE.NFO,2024-06-19,11:06:00,2024-07-23,199.9,199.9,199.9,199.9,0,0,1
FINNIFTY23JUL2424200PE.NFO,2024-06-19,11:07:00,2024-07-23,199.9,199.9,199.9,199.9,0,0,1
FINNIFTY23JUL2424200PE.NFO,2024-06-19,11:08:00,2024-07-23,199.9,199.9,199.9,199.9,0,0,1
FINNIFTY23JUL2424200PE.NFO,2024-06-19,11:09:00,2024-07-23,199.9,199.9,199.9,199.9,0,0,1
FINNIFTY23JUL2424200PE.NFO,2024-06-19,11:10:00,2024-07-23,199.9,199.9,199.9,199.9,0,0,1
FINNIFTY23JUL2424200PE.NFO,2024-06-19,11:11:00,2024-07-23,199.9,199.9,199.9,199.9,0,0,1
FINNIFTY23JUL2424200PE.NFO,2024-06-19,11:12:00,2024-07-23,199.9,199.9,199.9,199.9,0,0,1
FINNIFTY23JUL2424200PE.NFO,2024-06-19,11:13:00,2024-07-23,199.9,199.9,199.9,199.9,0,0,1
FINNIFTY23JUL2424200PE.NFO,2024-06-19,11:14:00,2024-07-23,199.9,199.9,199.9,199.9,0,0,1
FINNIFTY23JUL2424200PE.NFO,2024-06-19,11:15:00,2024-07-23,199.9,199.9,199.9,199.9,0,0,1
FINNIFTY23JUL2424200PE.NFO,2024-06-19,11:16:00,2024-07-23,199.9,199.9,199.9,199.9,0,0,1
FINNIFTY23JUL2424200PE.NFO,2024-06-19,11:17:00,2024-07-23,199.9,199.9,199.9,199.9,0,0,1
FINNIFTY23JUL2424200PE.NFO,2024-06-19,11:18:00,2024-07-23,199.9,199.9,199.9,199.9,0,0,1
FINNIFTY23JUL2424200PE.NFO,2024-06-19,11:19:00,2024-07-23,199.9,199.9,199.9,199.9,0,0,1
FINNIFTY23JUL2424200PE.NFO,2024-06-19,11:20:00,2024-07-23,199.9,199.9,199.9,199.9,0,0,1
FINNIFTY23JUL2424200PE.NFO,2024-06-19,11:21:00,2024-07-23,199.9,199.9,199.9,199.9,0,0,1
FINNIFTY23JUL2424200PE.NFO,2024-06-19,11:22:00,2024-07-23,199.9,199.9,199.9,199.9,0,0,1
FINNIFTY23JUL2424200PE.NFO,2024-06-19,11:23:00,2024-07-23,199.9,199.9,199.9,199.9,0,0,1
FINNIFTY23JUL2424200PE.NFO,2024-06-19,11:24:00,2024-07-23,199.9,199.9,199.9,199.9,0,0,1
FINNIFTY23JUL2424200PE.NFO,2024-06-19,11:25:00,2024-07-23,199.9,199.9,199.9,199.9,0,0,1
FINNIFTY23JUL2424200PE.NFO,2024-06-19,11:26:00,2024-07-23,199.9,199.9,199.9,199.9,0,0,1
FINNIFTY23JUL2424200PE.NFO,2024-06-19,11:27:00,2024-07-23,199.9,199.9,199.9,199.9,0,0,1
FINNIFTY23JUL2424200PE.NFO,2024-06-19,11:28:00,2024-07-23,199.9,199.9,199.9,199.9,0,0,1
FINNIFTY23JUL2424200PE.NFO,2024-06-19,11:29:00,2024-07-23,199.9,199.9,199.9,199.9,0,0,1
FINNIFTY23JUL2424200PE.NFO,2024-06-19,11:30:00,2024-07-23,199.9,199.9,199.9,199.9,0,0,1
FINNIFTY23JUL2424200PE.NFO,2024-06-19,11:31:00,2024-07-23,199.9,199.9,199.9,199.9,0,0,1
FINNIFTY23JUL2424200PE.NFO,2024-06-19,11:32:00,2024-07-23,199.9,199.9,199.9,199.9,0,0,1
FINNIFTY23JUL2424200PE.NFO,2024-06-19,11:33:00,2024-07-23,199.9,199.9,199.9,199.9,0,0,1
FINNIFTY23JUL2424200PE.NFO,2024-06-19,11:34:00,2024-07-23,199.9,199.9,199.9,199.9,0,0,1
FINNIFTY23JUL2424200PE.NFO,2024-06-19,11:35:00,2024-07-23,199.9,199.9,199.9,199.9,0,0,1
FINNIFTY23JUL2424200PE.NFO,2024-06-19,11:36:00,2024-07-23,199.9,199.9,199.9,199.9,0,0,1
FINNIFTY23JUL2424200PE.NFO,2024-06-19,11:37:00,2024-07-23,199.9,199.9,199.9,199.9,0,0,1
FINNIFTY23JUL2424200PE.NFO,2024-06-19,11:38:00,2024-07-23,199.9,199.9,199.9,199.9,0,0,1
FINNIFTY23JUL2424200PE.NFO,2024-06-19,11:39:00,2024-07-23,199.9,199.9,199.9,199.9,0,0,1
FINNIFTY23JUL2424200PE.NFO,2024-06-19,11:40:00,2024-07-23,199.9,199.9,199.9,199.9,0,0,1
FINNIFTY23JUL2424200PE.NFO,2024-06-19,11:41:00,2024-07-23,199.9,199.9,199.9,199.9,0,0,1
FINNIFTY23JUL2424200PE.NFO,2024-06-19,11:42:00,2024-07-23,199.9,199.9,199.9,199.9,0,0,1
FINNIFTY23JUL2424200PE.NFO,2024-06-19,11:43:00,2024-07-23,199.9,199.9,199.9,199.9,0,0,1
FINNIFTY23JUL2424200PE.NFO,2024-06-19,11:44:00,2024-07-23,199.9,199.9,199.9,199.9,0,0,1
FINNIFTY23JUL2424200PE.NFO,2024-06-19,11:45:00,2024-07-23,199.9,199.9,199.9,199.9,0,0,1
FINNIFTY23JUL2424200PE.NFO,2024-06-19,11:46:00,2024-07-23,199.9,199.9,199.9,199.9,0,0,1
FINNIFTY23JUL2424200PE.NFO,2024-06-19,11:47:00,2024-07-23,199.9,199.9,199.9,199.9,0,0,1
FINNIFTY23JUL2424200PE.NFO,2024-06-19,11:48:00,2024-07-23,199.9,199.9,199.9,199.9,0,0,1
FINNIFTY23JUL2424200PE.NFO,2024-06-19,11:49:00,2024-07-23,199.9,199.9,199.9,199.9,0,0,1
FINNIFTY23JUL2424200PE.NFO,2024-06-19,11:50:00,2024-07-23,199.9,199.9,199.9,199.9,0,0,1
FINNIFTY23JUL2424200PE.NFO,2024-06-19,11:51:00,2024-07-23,199.9,199.9,199.9,199.9,0,0,1
FINNIFTY23JUL2424200PE.NFO,2024-06-19,11:52:00,2024-07-23,199.9,199.9,199.9,199.9,0,0,1
FINNIFTY23JUL2424200PE.NFO,2024-06-19,11:53:00,2024-07-23,199.9,199.9,199.9,199.9,0,0,1
FINNIFTY23JUL2424200PE.NFO,2024-06-19,11:54:00,2024-07-23,199.9,199.9,199.9,199.9,0,0,1
FINNIFTY23JUL2424200PE.NFO,2024-06-19,11:55:00,2024-07-23,199.9,199.9,199.9,199.9,0,0,1
FINNIFTY23JUL2424200PE.NFO,2024-06-19,11:56:00,2024-07-23,199.9,199.9,199.9,199.9,0,0,1
FINNIFTY23JUL2424200PE.NFO,2024-06-19,11:57:00,2024-07-23,199.9,199.9,199.9,199.9,0,0,1
FINNIFTY23JUL2424200PE.NFO,2024-06-19,11:58:00,2024-07-23,199.9,199.9,199.9,199.9,0,0,1
FINNIFTY23JUL2424200PE.NFO,2024-06-19,11:59:00,2024-07-23,199.9,199.9,199.9,199.9,0,0,1
FINNIFTY23JUL2424200PE.NFO,2024-06-19,12:00:00,2024-07-23,199.9,199.9,199.9,199.9,0,0,1
FINNIFTY23JUL2424200PE.NFO,2024-06-19,12:01:00,2024-07-23,199.9,199.9,199.9,199.9,0,0,1
FINNIFTY23JUL2424200PE.NFO,2024-06-19,12:02:00,2024-07-23,199.9,199.9,199.9,199.9,0,0,1
FINNIFTY23JUL2424200PE.NFO,2024-06-19,12:03:00,2024-07-23,199.9,199.9,199.9,199.9,0,0,1
FINNIFTY23JUL2424200PE.NFO,2024-06-19,12:04:00,2024-07-23,199.9,199.9,199.9,199.9,0,0,1
FINNIFTY23JUL2424200PE.NFO,2024-06-19,12:05:00,2024-07-23,199.9,199.9,199.9,199.9,0,0,1
FINNIFTY23JUL2424200PE.NFO,2024-06-19,12:06:00,2024-07-23,199.9,199.9,199.9,199.9,0,0,1
FINNIFTY23JUL2424200PE.NFO,2024-06-19,12:07:00,2024-07-23,199.9,199.9,199.9,199.9,0,0,1
FINNIFTY23JUL2424200PE.NFO,2024-06-19,12:08:00,2024-07-23,199.9,199.9,199.9,199.9,0,0,1
FINNIFTY23JUL2424200PE.NFO,2024-06-19,12:09:00,2024-07-23,199.9,199.9,199.9,199.9,0,0,1
FINNIFTY23JUL2424200PE.NFO,2024-06-19,12:10:00,2024-07-23,199.9,199.9,199.9,199.9,0,0,1
FINNIFTY23JUL2424200PE.NFO,2024-06-19,12:11:00,2024-07-23,199.9,199.9,199.9,199.9,0,0,1
FINNIFTY23JUL2424200PE.NFO,2024-06-19,12:12:00,2024-07-23,199.9,199.9,199.9,199.9,0,0,1
FINNIFTY23JUL2424200PE.NFO,2024-06-19,12:13:00,2024-07-23,199.9,199.9,199.9,199.9,0,0,1
FINNIFTY23JUL2424200PE.NFO,2024-06-19,12:14:00,2024-07-23,199.9,199.9,199.9,199.9,0,0,1
FINNIFTY23JUL2424200PE.NFO,2024-06-19,12:15:00,2024-07-23,199.9,199.9,199.9,199.9,0,0,1
FINNIFTY23JUL2424200PE.NFO,2024-06-19,12:16:00,2024-07-23,199.9,199.9,199.9,199.9,0,0,1
FINNIFTY23JUL2424200PE.NFO,2024-06-19,12:17:00,2024-07-23,199.9,199.9,199.9,199.9,0,0,1
FINNIFTY23JUL2424200PE.NFO,2024-06-19,12:18:00,2024-07-23,199.9,199.9,199.9,199.9,0,0,1
FINNIFTY23JUL2424200PE.NFO,2024-06-19,12:19:00,2024-07-23,199.9,199.9,199.9,199.9,0,0,1
FINNIFTY23JUL2424200PE.NFO,2024-06-19,12:20:00,2024-07-23,199.9,199.9,199.9,199.9,0,0,1
FINNIFTY23JUL2424200PE.NFO,2024-06-19,12:21:00,2024-07-23,199.9,199.9,199.9,199.9,0,0,1
FINNIFTY23JUL2424200PE.NFO,2024-06-19,12:22:00,2024-07-23,199.9,199.9,199.9,199.9,0,0,1
FINNIFTY23JUL2424200PE.NFO,2024-06-19,12:23:00,2024-07-23,199.9,199.9,199.9,199.9,0,0,1
FINNIFTY23JUL2424200PE.NFO,2024-06-19,12:24:00,2024-07-23,199.9,199.9,199.9,199.9,0,0,1
FINNIFTY23JUL2424200PE.NFO,2024-06-19,12:25:00,2024-07-23,199.9,199.9,199.9,199.9,0,0,1
FINNIFTY23JUL2424200PE.NFO,2024-06-19,12:26:00,2024-07-23,199.9,199.9,199.9,199.9,0,0,1
FINNIFTY23JUL2424200PE.NFO,2024-06-19,12:27:00,2024-07-23,199.9,199.9,199.9,199.9,0,0,1
FINNIFTY23JUL2424200PE.NFO,2024-06-19,12:28:00,2024-07-23,199.9,199.9,199.9,199.9,0,0,1
FINNIFTY23JUL2424200PE.NFO,2024-06-19,12:29:00,2024-07-23,199.9,199.9,199.9,199.9,0,0,1
FINNIFTY23JUL2424200PE.NFO,2024-06-19,12:30:00,2024-07-23,199.9,199.9,199.9,199.9,0,0,1
FINNIFTY23JUL2424200PE.NFO,2024-06-19,12:31:00,2024-07-23,199.9,199.9,199.9,199.9,0,0,1
FINNIFTY23JUL2424200PE.NFO,2024-06-19,12:32:00,2024-07-23,199.9,199.9,199.9,199.9,0,0,1
FINNIFTY23JUL2424200PE.NFO,2024-06-19,12:33:00,2024-07-23,199.9,199.9,199.9,199.9,0,0,1
FINNIFTY23JUL2424200PE.NFO,2024-06-19,12:34:00,2024-07-23,199.9,199.9,199.9,199.9,0,0,1
FINNIFTY23JUL2424200PE.NFO,2024-06-19,12:35:00,2024-07-23,199.9,199.9,199.9,199.9,0,0,1
FINNIFTY23JUL2424200PE.NFO,2024-06-19,12:36:00,2024-07-23,199.9,199.9,199.9,199.9,0,0,1
FINNIFTY23JUL2424200PE.NFO,2024-06-19,12:37:00,2024-07-23,199.9,199.9,199.9,199.9,0,0,1
FINNIFTY23JUL2424200PE.NFO,2024-06-19,12:38:00,2024-07-23,199.9,199.9,199.9,199.9,0,0,1
FINNIFTY23JUL2424200PE.NFO,2024-06-19,12:39:00,2024-07-23,199.9,199.9,199.9,199.9,0,0,1
FINNIFTY23JUL2424200PE.NFO,2024-06-19,12:40:00,2024-07-23,199.9,199.9,199.9,199.9,0,0,1
FINNIFTY23JUL2424200PE.NFO,2024-06-19,12:41:00,2024-07-23,199.9,199.9,199.9,199.9,0,0,1
FINNIFTY23JUL2424200PE.NFO,2024-06-19,12:42:00,2024-07-23,199.9,199.9,199.9,199.9,0,0,1
FINNIFTY23JUL2424200PE.NFO,2024-06-19,12:43:00,2024-07-23,199.9,199.9,199.9,199.9,0,0,1
FINNIFTY23JUL2424200PE.NFO,2024-06-19,12:44:00,2024-07-23,199.9,199.9,199.9,199.9,0,0,1
FINNIFTY23JUL2424200PE.NFO,2024-06-19,12:45:00,2024-07-23,199.9,199.9,199.9,199.9,0,0,1
FINNIFTY23JUL2424200PE.NFO,2024-06-19,12:46:00,2024-07-23,199.9,199.9,199.9,199.9,0,0,1
FINNIFTY23JUL2424200PE.NFO,2024-06-19,12:47:00,2024-07-23,199.9,199.9,199.9,199.9,0,0,1
FINNIFTY23JUL2424200PE.NFO,2024-06-19,12:48:00,2024-07-23,199.9,199.9,199.9,199.9,0,0,1
FINNIFTY23JUL2424200PE.NFO,2024-06-19,12:49:00,2024-07-23,199.9,199.9,199.9,199.9,0,0,1
FINNIFTY23JUL2424200PE.NFO,2024-06-19,12:50:00,2024-07-23,199.9,199.9,199.9,199.9,0,0,1
FINNIFTY23JUL2424200PE.NFO,2024-06-19,12:51:00,2024-07-23,199.9,199.9,199.9,199.9,0,0,1
FINNIFTY23JUL2424200PE.NFO,2024-06-19,12:52:00,2024-07-23,199.9,199.9,199.9,199.9,0,0,1
FINNIFTY23JUL2424200PE.NFO,2024-06-19,12:53:00,2024-07-23,199.9,199.9,199.9,199.9,0,0,1
FINNIFTY23JUL2424200PE.NFO,2024-06-19,12:54:00,2024-07-23,199.9,199.9,199.9,199.9,0,0,1
FINNIFTY23JUL2424200PE.NFO,2024-06-19,12:55:00,2024-07-23,199.9,199.9,199.9,199.9,0,0,1
FINNIFTY23JUL2424200PE.NFO,2024-06-19,12:56:00,2024-07-23,199.9,199.9,199.9,199.9,0,0,1
FINNIFTY23JUL2424200PE.NFO,2024-06-19,12:57:00,2024-07-23,199.9,199.9,199.9,199.9,0,0,1
FINNIFTY23JUL2424200PE.NFO,2024-06-19,12:58:00,2024-07-23,199.9,199.9,199.9,199.9,0,0,1
FINNIFTY23JUL2424200PE.NFO,2024-06-19,12:59:00,2024-07-23,199.9,199.9,199.9,199.9,0,0,1
FINNIFTY23JUL2424200PE.NFO,2024-06-19,13:00:00,2024-07-23,199.9,199.9,199.9,199.9,0,0,1
FINNIFTY23JUL2424200PE.NFO,2024-06-19,13:01:00,2024-07-23,199.9,199.9,199.9,199.9,0,0,1
FINNIFTY23JUL2424200PE.NFO,2024-06-19,13:02:00,2024-07-23,199.9,199.9,199.9,199.9,0,0,1
FINNIFTY23JUL2424200PE.NFO,2024-06-19,13:03:00,2024-07-23,199.9,199.9,199.9,199.9,0,0,1
FINNIFTY23JUL2424200PE.NFO,2024-06-19,13:04:00,2024-07-23,199.9,199.9,199.9,199.9,0,0,1
FINNIFTY23JUL2424200PE.NFO,2024-06-19,13:05:00,2024-07-23,199.9,199.9,199.9,199.9,0,0,1
FINNIFTY23JUL2424200PE.NFO,2024-06-19,13:06:00,2024-07-23,199.9,199.9,199.9,199.9,0,0,1
FINNIFTY23JUL2424200PE.NFO,2024-06-19,13:07:00,2024-07-23,199.9,199.9,199.9,199.9,0,0,1
FINNIFTY23JUL2424200PE.NFO,2024-06-19,13:08:00,2024-07-23,199.9,199.9,199.9,199.9,0,0,1
FINNIFTY23JUL2424200PE.NFO,2024-06-19,13:09:00,2024-07-23,199.9,199.9,199.9,199.9,0,0,1
FINNIFTY23JUL2424200PE.NFO,2024-06-19,13:10:00,2024-07-23,199.9,199.9,199.9,199.9,0,0,1
FINNIFTY23JUL2424200PE.NFO,2024-06-19,13:11:00,2024-07-23,199.9,199.9,199.9,199.9,0,0,1
FINNIFTY23JUL2424200PE.NFO,2024-06-19,13:12:00,2024-07-23,199.9,199.9,199.9,199.9,0,0,1
FINNIFTY23JUL2424200PE.NFO,2024-06-19,13:13:00,2024-07-23,199.9,199.9,199.9,199.9,0,0,1
FINNIFTY23JUL2424200PE.NFO,2024-06-19,13:14:00,2024-07-23,199.9,199.9,199.9,199.9,0,0,1
FINNIFTY23JUL2424200PE.NFO,2024-06-19,13:15:00,2024-07-23,199.9,199.9,199.9,199.9,0,0,1
FINNIFTY23JUL2424200PE.NFO,2024-06-19,13:16:00,2024-07-23,199.9,199.9,199.9,199.9,0,0,1
FINNIFTY23JUL2424200PE.NFO,2024-06-19,13:17:00,2024-07-23,199.9,199.9,199.9,199.9,0,0,1
FINNIFTY23JUL2424200PE.NFO,2024-06-19,13:18:00,2024-07-23,199.9,199.9,199.9,199.9,0,0,1
FINNIFTY23JUL2424200PE.NFO,2024-06-19,13:19:00,2024-07-23,199.9,199.9,199.9,199.9,0,0,1
FINNIFTY23JUL2424200PE.NFO,2024-06-19,13:20:00,2024-07-23,199.9,199.9,199.9,199.9,0,0,1
FINNIFTY23JUL2424200PE.NFO,2024-06-19,13:21:00,2024-07-23,199.9,199.9,199.9,199.9,0,0,1
FINNIFTY23JUL2424200PE.NFO,2024-06-19,13:22:00,2024-07-23,199.9,199.9,199.9,199.9,0,0,1
FINNIFTY23JUL2424200PE.NFO,2024-06-19,13:23:00,2024-07-23,199.9,199.9,199.9,199.9,0,0,1
FINNIFTY23JUL2424200PE.NFO,2024-06-19,13:24:00,2024-07-23,199.9,199.9,199.9,199.9,0,0,1
FINNIFTY23JUL2424200PE.NFO,2024-06-19,13:25:00,2024-07-23,199.9,199.9,199.9,199.9,0,0,1
FINNIFTY23JUL2424200PE.NFO,2024-06-19,13:26:00,2024-07-23,199.9,199.9,199.9,199.9,0,0,1
FINNIFTY23JUL2424200PE.NFO,2024-06-19,13:27:00,2024-07-23,199.9,199.9,199.9,199.9,0,0,1
FINNIFTY23JUL2424200PE.NFO,2024-06-19,13:28:00,2024-07-23,199.9,199.9,199.9,199.9,0,0,1
FINNIFTY23JUL2424200PE.NFO,2024-06-19,13:29:00,2024-07-23,199.9,199.9,199.9,199.9,0,0,1
FINNIFTY23JUL2424200PE.NFO,2024-06-19,13:30:00,2024-07-23,199.9,199.9,199.9,199.9,0,0,1
FINNIFTY23JUL2424200PE.NFO,2024-06-19,13:31:00,2024-07-23,199.9,199.9,199.9,199.9,0,0,1
FINNIFTY23JUL2424200PE.NFO,2024-06-19,13:32:00,2024-07-23,199.9,199.9,199.9,199.9,0,0,1
FINNIFTY23JUL2424200PE.NFO,2024-06-19,13:33:00,2024-07-23,199.9,199.9,199.9,199.9,0,0,1
FINNIFTY23JUL2424200PE.NFO,2024-06-19,13:34:00,2024-07-23,199.9,199.9,199.9,199.9,0,0,1
FINNIFTY23JUL2424200PE.NFO,2024-06-19,13:35:00,2024-07-23,199.9,199.9,199.9,199.9,0,0,1
FINNIFTY23JUL2424200PE.NFO,2024-06-19,13:36:00,2024-07-23,199.9,199.9,199.9,199.9,0,0,1
FINNIFTY23JUL2424200PE.NFO,2024-06-19,13:37:00,2024-07-23,199.9,199.9,199.9,199.9,0,0,1
FINNIFTY23JUL2424200PE.NFO,2024-06-19,13:38:00,2024-07-23,199.9,199.9,199.9,199.9,0,0,1
FINNIFTY23JUL2424200PE.NFO,2024-06-19,13:39:00,2024-07-23,199.9,199.9,199.9,199.9,0,0,1
FINNIFTY23JUL2424200PE.NFO,2024-06-19,13:40:00,2024-07-23,199.9,199.9,199.9,199.9,0,0,1
FINNIFTY23JUL2424200PE.NFO,2024-06-19,13:41:00,2024-07-23,199.9,199.9,199.9,199.9,0,0,1
FINNIFTY23JUL2424200PE.NFO,2024-06-19,13:42:00,2024-07-23,199.9,199.9,199.9,199.9,0,0,1
FINNIFTY23JUL2424200PE.NFO,2024-06-19,13:43:00,2024-07-23,199.9,199.9,199.9,199.9,0,0,1
FINNIFTY23JUL2424200PE.NFO,2024-06-19,13:44:00,2024-07-23,199.9,199.9,199.9,199.9,0,0,1
FINNIFTY23JUL2424200PE.NFO,2024-06-19,13:45:00,2024-07-23,199.9,199.9,199.9,199.9,0,0,1
FINNIFTY23JUL2424200PE.NFO,2024-06-19,13:46:00,2024-07-23,199.9,199.9,199.9,199.9,0,0,1
FINNIFTY23JUL2424200PE.NFO,2024-06-19,13:47:00,2024-07-23,199.9,199.9,199.9,199.9,0,0,1
FINNIFTY23JUL2424200PE.NFO,2024-06-19,13:48:00,2024-07-23,199.9,199.9,199.9,199.9,0,0,1
FINNIFTY23JUL2424200PE.NFO,2024-06-19,13:49:00,2024-07-23,199.9,199.9,199.9,199.9,0,0,1
FINNIFTY23JUL2424200PE.NFO,2024-06-19,13:50:00,2024-07-23,199.9,199.9,199.9,199.9,0,0,1
FINNIFTY23JUL2424200PE.NFO,2024-06-19,13:51:00,2024-07-23,199.9,199.9,199.9,199.9,0,0,1
FINNIFTY23JUL2424200PE.NFO,2024-06-19,13:52:00,2024-07-23,199.9,199.9,199.9,199.9,0,0,1
FINNIFTY23JUL2424200PE.NFO,2024-06-19,13:53:00,2024-07-23,199.9,199.9,199.9,199.9,0,0,1
FINNIFTY23JUL2424200PE.NFO,2024-06-19,13:54:00,2024-07-23,199.9,199.9,199.9,199.9,0,0,1
FINNIFTY23JUL2424200PE.NFO,2024-06-19,13:55:00,2024-07-23,199.9,199.9,199.9,199.9,0,0,1
FINNIFTY23JUL2424200PE.NFO,2024-06-19,13:56:00,2024-07-23,199.9,199.9,199.9,199.9,0,0,1
FINNIFTY23JUL2424200PE.NFO,2024-06-19,13:57:00,2024-07-23,199.9,199.9,199.9,199.9,0,0,1
FINNIFTY23JUL2424200PE.NFO,2024-06-19,13:58:00,2024-07-23,199.9,199.9,199.9,199.9,0,0,1
FINNIFTY23JUL2424200PE.NFO,2024-06-19,13:59:00,2024-07-23,199.9,199.9,199.9,199.9,0,0,1
FINNIFTY23JUL2424200PE.NFO,2024-06-19,14:00:00,2024-07-23,199.9,199.9,199.9,199.9,0,0,1
FINNIFTY23JUL2424200PE.NFO,2024-06-19,14:01:00,2024-07-23,199.9,199.9,199.9,199.9,0,0,1
FINNIFTY23JUL2424200PE.NFO,2024-06-19,14:02:00,2024-07-23,199.9,199.9,199.9,199.9,0,0,1
FINNIFTY23JUL2424200PE.NFO,2024-06-19,14:03:00,2024-07-23,199.9,199.9,199.9,199.9,0,0,1
FINNIFTY23JUL2424200PE.NFO,2024-06-19,14:04:00,2024-07-23,199.9,199.9,199.9,199.9,0,0,1
FINNIFTY23JUL2424200PE.NFO,2024-06-19,14:05:00,2024-07-23,199.9,199.9,199.9,199.9,0,0,1
FINNIFTY23JUL2424200PE.NFO,2024-06-19,14:06:00,2024-07-23,199.9,199.9,199.9,199.9,0,0,1
FINNIFTY23JUL2424200PE.NFO,2024-06-19,14:07:00,2024-07-23,199.9,199.9,199.9,199.9,0,0,1
FINNIFTY23JUL2424200PE.NFO,2024-06-19,14:08:00,2024-07-23,199.9,199.9,199.9,199.9,0,0,1
FINNIFTY23JUL2424200PE.NFO,2024-06-19,14:09:00,2024-07-23,199.9,199.9,199.9,199.9,0,0,1
FINNIFTY23JUL2424200PE.NFO,2024-06-19,14:10:00,2024-07-23,199.9,199.9,199.9,199.9,0,0,1
FINNIFTY23JUL2424200PE.NFO,2024-06-19,14:11:00,2024-07-23,199.9,199.9,199.9,199.9,0,0,1
FINNIFTY23JUL2424200PE.NFO,2024-06-19,14:12:00,2024-07-23,199.9,199.9,199.9,199.9,0,0,1
FINNIFTY23JUL2424200PE.NFO,2024-06-19,14:13:00,2024-07-23,199.9,199.9,199.9,199.9,0,0,1
FINNIFTY23JUL2424200PE.NFO,2024-06-19,14:14:00,2024-07-23,199.9,199.9,199.9,199.9,0,0,1
FINNIFTY23JUL2424200PE.NFO,2024-06-19,14:15:00,2024-07-23,199.9,199.9,199.9,199.9,0,0,1
FINNIFTY23JUL2424200PE.NFO,2024-06-19,14:16:00,2024-07-23,199.9,199.9,199.9,199.9,0,0,1
FINNIFTY23JUL2424200PE.NFO,2024-06-19,14:17:00,2024-07-23,199.9,199.9,199.9,199.9,0,0,1
FINNIFTY23JUL2424200PE.NFO,2024-06-19,14:18:00,2024-07-23,199.9,199.9,199.9,199.9,0,0,1
FINNIFTY23JUL2424200PE.NFO,2024-06-19,14:19:00,2024-07-23,199.9,199.9,199.9,199.9,0,0,1
FINNIFTY23JUL2424200PE.NFO,2024-06-19,14:20:00,2024-07-23,199.9,199.9,199.9,199.9,0,0,1
FINNIFTY23JUL2424200PE.NFO,2024-06-19,14:21:00,2024-07-23,199.9,199.9,199.9,199.9,0,0,1
FINNIFTY23JUL2424200PE.NFO,2024-06-19,14:22:00,2024-07-23,199.9,199.9,199.9,199.9,0,0,1
FINNIFTY23JUL2424200PE.NFO,2024-06-19,14:23:00,2024-07-23,199.9,199.9,199.9,199.9,0,0,1
FINNIFTY23JUL2424200PE.NFO,2024-06-19,14:24:00,2024-07-23,199.9,199.9,199.9,199.9,0,0,1
FINNIFTY23JUL2424200PE.NFO,2024-06-19,14:25:00,2024-07-23,199.9,199.9,199.9,199.9,0,0,1
FINNIFTY23JUL2424200PE.NFO,2024-06-19,14:26:00,2024-07-23,199.9,199.9,199.9,199.9,0,0,1
FINNIFTY23JUL2424200PE.NFO,2024-06-19,14:27:00,2024-07-23,199.9,199.9,199.9,199.9,0,0,1
FINNIFTY23JUL2424200PE.NFO,2024-06-19,14:28:00,2024-07-23,199.9,199.9,199.9,199.9,0,0,1
FINNIFTY23JUL2424200PE.NFO,2024-06-19,14:29:00,2024-07-23,199.9,199.9,199.9,199.9,0,0,1
FINNIFTY23JUL2424200PE.NFO,2024-06-19,14:30:00,2024-07-23,199.9,199.9,199.9,199.9,0,0,1
FINNIFTY23JUL2424200PE.NFO,2024-06-19,14:31:00,2024-07-23,199.9,199.9,199.9,199.9,0,0,1
FINNIFTY23JUL2424200PE.NFO,2024-06-19,14:32:00,2024-07-23,199.9,199.9,199.9,199.9,0,0,1
FINNIFTY23JUL2424200PE.NFO,2024-06-19,14:33:00,2024-07-23,199.9,199.9,199.9,199.9,0,0,1
FINNIFTY23JUL2424200PE.NFO,2024-06-19,14:34:00,2024-07-23,199.9,199.9,199.9,199.9,0,0,1
FINNIFTY23JUL2424200PE.NFO,2024-06-19,14:35:00,2024-07-23,199.9,199.9,199.9,199.9,0,0,1
FINNIFTY23JUL2424200PE.NFO,2024-06-19,14:36:00,2024-07-23,199.9,199.9,199.9,199.9,0,0,1
FINNIFTY23JUL2424200PE.NFO,2024-06-19,14:37:00,2024-07-23,199.9,199.9,199.9,199.9,0,0,1
FINNIFTY23JUL2424200PE.NFO,2024-06-19,14:38:00,2024-07-23,199.9,199.9,199.9,199.9,0,0,1
FINNIFTY23JUL2424200PE.NFO,2024-06-19,14:39:00,2024-07-23,199.9,199.9,199.9,199.9,0,0,1
FINNIFTY23JUL2424200PE.NFO,2024-06-19,14:40:00,2024-07-23,199.9,199.9,199.9,199.9,0,0,1
FINNIFTY23JUL2424200PE.NFO,2024-06-19,14:41:00,2024-07-23,199.9,199.9,199.9,199.9,0,0,1
FINNIFTY23JUL2424200PE.NFO,2024-06-19,14:42:00,2024-07-23,199.9,199.9,199.9,199.9,0,0,1
FINNIFTY23JUL2424200PE.NFO,2024-06-19,14:43:00,2024-07-23,199.9,199.9,199.9,199.9,0,0,1
FINNIFTY23JUL2424200PE.NFO,2024-06-19,14:44:00,2024-07-23,199.9,199.9,199.9,199.9,0,0,1
FINNIFTY23JUL2424200PE.NFO,2024-06-19,14:45:00,2024-07-23,199.9,199.9,199.9,199.9,0,0,1
FINNIFTY23JUL2424200PE.NFO,2024-06-19,14:46:00,2024-07-23,199.9,199.9,199.9,199.9,0,0,1
FINNIFTY23JUL2424200PE.NFO,2024-06-19,14:47:00,2024-07-23,199.9,199.9,199.9,199.9,0,0,1
FINNIFTY23JUL2424200PE.NFO,2024-06-19,14:48:00,2024-07-23,199.9,199.9,199.9,199.9,0,0,1
FINNIFTY23JUL2424200PE.NFO,2024-06-19,14:49:00,2024-07-23,199.9,199.9,199.9,199.9,0,0,1
FINNIFTY23JUL2424200PE.NFO,2024-06-19,14:50:00,2024-07-23,199.9,199.9,199.9,199.9,0,0,1
FINNIFTY23JUL2424200PE.NFO,2024-06-19,14:51:00,2024-07-23,199.9,199.9,199.9,199.9,0,0,1
FINNIFTY23JUL2424200PE.NFO,2024-06-19,14:52:00,2024-07-23,199.9,199.9,199.9,199.9,0,0,1
FINNIFTY23JUL2424200PE.NFO,2024-06-19,14:53:00,2024-07-23,199.9,199.9,199.9,199.9,0,0,1
FINNIFTY23JUL2424200PE.NFO,2024-06-19,14:54:00,2024-07-23,199.9,199.9,199.9,199.9,0,0,1
FINNIFTY23JUL2424200PE.NFO,2024-06-19,14:55:00,2024-07-23,199.9,199.9,199.9,199.9,0,0,1
FINNIFTY23JUL2424200PE.NFO,2024-06-19,14:56:00,2024-07-23,199.9,199.9,199.9,199.9,0,0,1
FINNIFTY23JUL2424200PE.NFO,2024-06-19,14:57:00,2024-07-23,199.9,199.9,199.9,199.9,0,0,1
FINNIFTY23JUL2424200PE.NFO,2024-06-19,14:58:00,2024-07-23,199.9,199.9,199.9,199.9,0,0,1
FINNIFTY23JUL2424200PE.NFO,2024-06-19,14:59:00,2024-07-23,199.9,199.9,199.9,199.9,0,0,1
FINNIFTY23JUL2424200PE.NFO,2024-06-19,15:00:00,2024-07-23,199.9,199.9,199.9,199.9,0,0,1
FINNIFTY23JUL2424200PE.NFO,2024-06-19,15:01:00,2024-07-23,199.9,199.9,199.9,199.9,0,0,1
FINNIFTY23JUL2424200PE.NFO,2024-06-19,15:02:00,2024-07-23,199.9,199.9,199.9,199.9,0,0,1
FINNIFTY23JUL2424200PE.NFO,2024-06-19,15:03:00,2024-07-23,199.9,199.9,199.9,199.9,0,0,1
FINNIFTY23JUL2424200PE.NFO,2024-06-19,15:04:00,2024-07-23,199.9,199.9,199.9,199.9,0,0,1
FINNIFTY23JUL2424200PE.NFO,2024-06-19,15:05:00,2024-07-23,199.9,199.9,199.9,199.9,0,0,1
FINNIFTY23JUL2424200PE.NFO,2024-06-19,15:06:00,2024-07-23,199.9,199.9,199.9,199.9,0,0,1
FINNIFTY23JUL2424200PE.NFO,2024-06-19,15:07:00,2024-07-23,199.9,199.9,199.9,199.9,0,0,1
FINNIFTY23JUL2424200PE.NFO,2024-06-19,15:08:00,2024-07-23,199.9,199.9,199.9,199.9,0,0,1
FINNIFTY23JUL2424200PE.NFO,2024-06-19,15:09:00,2024-07-23,199.9,199.9,199.9,199.9,0,0,1
FINNIFTY23JUL2424200PE.NFO,2024-06-19,15:10:00,2024-07-23,199.9,199.9,199.9,199.9,0,0,1
FINNIFTY23JUL2424200PE.NFO,2024-06-19,15:11:00,2024-07-23,199.9,199.9,199.9,199.9,0,0,1
FINNIFTY23JUL2424200PE.NFO,2024-06-19,15:12:00,2024-07-23,199.9,199.9,199.9,199.9,0,0,1
FINNIFTY23JUL2424200PE.NFO,2024-06-19,15:13:00,2024-07-23,199.9,199.9,199.9,199.9,0,0,1
FINNIFTY23JUL2424200PE.NFO,2024-06-19,15:14:00,2024-07-23,199.9,199.9,199.9,199.9,0,0,1
FINNIFTY23JUL2424200PE.NFO,2024-06-19,15:15:00,2024-07-23,199.9,199.9,199.9,199.9,0,0,1
FINNIFTY23JUL2424200PE.NFO,2024-06-19,15:16:00,2024-07-23,199.9,199.9,199.9,199.9,0,0,1
FINNIFTY23JUL2424200PE.NFO,2024-06-19,15:17:00,2024-07-23,199.9,199.9,199.9,199.9,0,0,1
FINNIFTY23JUL2424200PE.NFO,2024-06-19,15:18:00,2024-07-23,199.9,199.9,199.9,199.9,0,0,1
FINNIFTY23JUL2424200PE.NFO,2024-06-19,15:19:00,2024-07-23,199.9,199.9,199.9,199.9,0,0,1
FINNIFTY23JUL2424200PE.NFO,2024-06-19,15:20:00,2024-07-23,199.9,199.9,199.9,199.9,0,0,1
FINNIFTY23JUL2424200PE.NFO,2024-06-19,15:21:00,2024-07-23,199.9,199.9,199.9,199.9,0,0,1
FINNIFTY23JUL2424200PE.NFO,2024-06-19,15:22:00,2024-07-23,199.9,199.9,199.9,199.9,0,0,1
FINNIFTY23JUL2424200PE.NFO,2024-06-19,15:23:00,2024-07-23,199.9,199.9,199.9,199.9,0,0,1
FINNIFTY23JUL2424200PE.NFO,2024-06-19,15:24:00,2024-07-23,199.9,199.9,199.9,199.9,0,0,1
FINNIFTY23JUL2424200PE.NFO,2024-06-19,15:25:00,2024-07-23,199.9,199.9,199.9,199.9,0,0,1
FINNIFTY23JUL2424200PE.NFO,2024-06-19,15:26:00,2024-07-23,199.9,199.9,199.9,199.9,0,0,1
FINNIFTY23JUL2424200PE.NFO,2024-06-19,15:27:00,2024-07-23,199.9,199.9,199.9,199.9,0,0,1
FINNIFTY23JUL2424200PE.NFO,2024-06-19,15:28:00,2024-07-23,199.9,199.9,199.9,199.9,0,0,1
FINNIFTY23JUL2424200PE.NFO,2024-06-19,15:29:00,2024-07-23,199.9,199.9,199.9,199.9,0,0,1
FINNIFTY23JUL2424200PE.NFO,2024-06-19,15:30:00,2024-07-23,199.9,199.9,199.9,199.9,0,0,1
FINNIFTY23JUL2424200PE.NFO,2024-06-20,09:15:00,2024-07-23,199.9,199.9,199.9,199.9,0,0,0
FINNIFTY23JUL2424200PE.NFO,2024-06-20,09:16:00,2024-07-23,199.9,199.9,199.9,199.9,0,0,1
FINNIFTY23JUL2424200PE.NFO,2024-06-20,09:17:00,2024-07-23,199.9,199.9,199.9,199.9,0,0,1
FINNIFTY23JUL2424200PE.NFO,2024-06-20,09:18:00,2024-07-23,199.9,199.9,199.9,199.9,0,0,1
FINNIFTY23JUL2424200PE.NFO,2024-06-20,09:19:00,2024-07-23,199.9,199.9,199.9,199.9,0,0,1
FINNIFTY23JUL2424200PE.NFO,2024-06-20,09:20:00,2024-07-23,199.9,199.9,199.9,199.9,0,0,1
FINNIFTY23JUL2424200PE.NFO,2024-06-20,09:21:00,2024-07-23,199.9,199.9,199.9,199.9,0,0,1
FINNIFTY23JUL2424200PE.NFO,2024-06-20,09:22:00,2024-07-23,199.9,199.9,199.9,199.9,0,0,1
FINNIFTY23JUL2424200PE.NFO,2024-06-20,09:23:00,2024-07-23,199.9,199.9,199.9,199.9,0,0,1
FINNIFTY23JUL2424200PE.NFO,2024-06-20,09:24:00,2024-07-23,199.9,199.9,199.9,199.9,0,0,1
FINNIFTY23JUL2424200PE.NFO,2024-06-20,09:25:00,2024-07-23,199.9,199.9,199.9,199.9,0,0,1
FINNIFTY23JUL2424200PE.NFO,2024-06-20,09:26:00,2024-07-23,199.9,199.9,199.9,199.9,0,0,1
FINNIFTY23JUL2424200PE.NFO,2024-06-20,09:27:00,2024-07-23,199.9,199.9,199.9,199.9,0,0,1
FINNIFTY23JUL2424200PE.NFO,2024-06-20,09:28:00,2024-07-23,199.9,199.9,199.9,199.9,0,0,1
FINNIFTY23JUL2424200PE.NFO,2024-06-20,09:29:00,2024-07-23,199.9,199.9,199.9,199.9,0,0,1
FINNIFTY23JUL2424200PE.NFO,2024-06-20,09:30:00,2024-07-23,199.9,199.9,199.9,199.9,0,0,1
FINNIFTY23JUL2424200PE.NFO,2024-06-20,09:31:00,2024-07-23,199.9,199.9,199.9,199.9,0,0,1
FINNIFTY23JUL2424200PE.NFO,2024-06-20,09:32:00,2024-07-23,199.9,199.9,199.9,199.9,0,0,1
FINNIFTY23JUL2424200PE.NFO,2024-06-20,09:33:00,2024-07-23,199.9,199.9,199.9,199.9,0,0,1
FINNIFTY23JUL2424200PE.NFO,2024-06-20,09:34:00,2024-07-23,199.9,199.9,199.9,199.9,0,0,1
FINNIFTY23JUL2424200PE.NFO,2024-06-20,09:35:00,2024-07-23,199.9,199.9,199.9,199.9,0,0,1
FINNIFTY23JUL2424200PE.NFO,2024-06-20,09:36:00,2024-07-23,199.9,199.9,199.9,199.9,0,0,1
FINNIFTY23JUL2424200PE.NFO,2024-06-20,09:37:00,2024-07-23,199.9,199.9,199.9,199.9,0,0,1
FINNIFTY23JUL2424200PE.NFO,2024-06-20,09:38:00,2024-07-23,199.9,199.9,199.9,199.9,0,0,1
FINNIFTY23JUL2424200PE.NFO,2024-06-20,09:39:00,2024-07-23,199.9,199.9,199.9,199.9,0,0,1
FINNIFTY23JUL2424200PE.NFO,2024-06-20,09:40:00,2024-07-23,199.9,199.9,199.9,199.9,0,0,1
FINNIFTY23JUL2424200PE.NFO,2024-06-20,09:41:00,2024-07-23,199.9,199.9,199.9,199.9,0,0,1
FINNIFTY23JUL2424200PE.NFO,2024-06-20,09:42:00,2024-07-23,199.9,199.9,199.9,199.9,0,0,1
FINNIFTY23JUL2424200PE.NFO,2024-06-20,09:43:00,2024-07-23,199.9,199.9,199.9,199.9,0,0,1
FINNIFTY23JUL2424200PE.NFO,2024-06-20,09:44:00,2024-07-23,199.9,199.9,199.9,199.9,0,0,1
FINNIFTY23JUL2424200PE.NFO,2024-06-20,09:45:00,2024-07-23,199.9,199.9,199.9,199.9,0,0,1
FINNIFTY23JUL2424200PE.NFO,2024-06-20,09:46:00,2024-07-23,199.9,199.9,199.9,199.9,0,0,1
FINNIFTY23JUL2424200PE.NFO,2024-06-20,09:47:00,2024-07-23,199.9,199.9,199.9,199.9,0,0,1
FINNIFTY23JUL2424200PE.NFO,2024-06-20,09:48:00,2024-07-23,199.9,199.9,199.9,199.9,0,0,1
FINNIFTY23JUL2424200PE.NFO,2024-06-20,09:49:00,2024-07-23,199.9,199.9,199.9,199.9,0,0,1
FINNIFTY23JUL2424200PE.NFO,2024-06-20,09:50:00,2024-07-23,199.9,199.9,199.9,199.9,0,0,1
FINNIFTY23JUL2424200PE.NFO,2024-06-20,09:51:00,2024-07-23,199.9,199.9,199.9,199.9,0,0,1
FINNIFTY23JUL2424200PE.NFO,2024-06-20,09:52:00,2024-07-23,199.9,199.9,199.9,199.9,0,0,1
FINNIFTY23JUL2424200PE.NFO,2024-06-20,09:53:00,2024-07-23,199.9,199.9,199.9,199.9,0,0,1
FINNIFTY23JUL2424200PE.NFO,2024-06-20,09:54:00,2024-07-23,199.9,199.9,199.9,199.9,0,0,1
FINNIFTY23JUL2424200PE.NFO,2024-06-20,09:55:00,2024-07-23,199.9,199.9,199.9,199.9,0,0,1
FINNIFTY23JUL2424200PE.NFO,2024-06-20,09:56:00,2024-07-23,199.9,199.9,199.9,199.9,0,0,1
FINNIFTY23JUL2424200PE.NFO,2024-06-20,09:57:00,2024-07-23,199.9,199.9,199.9,199.9,0,0,1
FINNIFTY23JUL2424200PE.NFO,2024-06-20,09:58:00,2024-07-23,199.9,199.9,199.9,199.9,0,0,1
FINNIFTY23JUL2424200PE.NFO,2024-06-20,09:59:00,2024-07-23,199.9,199.9,199.9,199.9,0,0,1
FINNIFTY23JUL2424200PE.NFO,2024-06-20,10:00:00,2024-07-23,199.9,199.9,199.9,199.9,0,0,1
FINNIFTY23JUL2424200PE.NFO,2024-06-20,10:01:00,2024-07-23,199.9,199.9,199.9,199.9,0,0,1
FINNIFTY23JUL2424200PE.NFO,2024-06-20,10:02:00,2024-07-23,199.9,199.9,199.9,199.9,0,0,1
FINNIFTY23JUL2424200PE.NFO,2024-06-20,10:03:00,2024-07-23,199.9,199.9,199.9,199.9,0,0,1
FINNIFTY23JUL2424200PE.NFO,2024-06-20,10:04:00,2024-07-23,199.9,199.9,199.9,199.9,0,0,1
FINNIFTY23JUL2424200PE.NFO,2024-06-20,10:05:00,2024-07-23,199.9,199.9,199.9,199.9,0,0,1
FINNIFTY23JUL2424200PE.NFO,2024-06-20,10:06:00,2024-07-23,199.9,199.9,199.9,199.9,0,0,1
FINNIFTY23JUL2424200PE.NFO,2024-06-20,10:07:00,2024-07-23,199.9,199.9,199.9,199.9,0,0,1
FINNIFTY23JUL2424200PE.NFO,2024-06-20,10:08:00,2024-07-23,199.9,199.9,199.9,199.9,0,0,1
FINNIFTY23JUL2424200PE.NFO,2024-06-20,10:09:00,2024-07-23,199.9,199.9,199.9,199.9,0,0,1
FINNIFTY23JUL2424200PE.NFO,2024-06-20,10:10:00,2024-07-23,199.9,199.9,199.9,199.9,0,0,1
FINNIFTY23JUL2424200PE.NFO,2024-06-20,10:11:00,2024-07-23,199.9,199.9,199.9,199.9,0,0,1
FINNIFTY23JUL2424200PE.NFO,2024-06-20,10:12:00,2024-07-23,199.9,199.9,199.9,199.9,0,0,1
FINNIFTY23JUL2424200PE.NFO,2024-06-20,10:13:00,2024-07-23,199.9,199.9,199.9,199.9,0,0,1
FINNIFTY23JUL2424200PE.NFO,2024-06-20,10:14:00,2024-07-23,199.9,199.9,199.9,199.9,0,0,1
FINNIFTY23JUL2424200PE.NFO,2024-06-20,10:15:00,2024-07-23,199.9,199.9,199.9,199.9,0,0,1
FINNIFTY23JUL2424200PE.NFO,2024-06-20,10:16:00,2024-07-23,199.9,199.9,199.9,199.9,0,0,1
FINNIFTY23JUL2424200PE.NFO,2024-06-20,10:17:00,2024-07-23,199.9,199.9,199.9,199.9,0,0,1
FINNIFTY23JUL2424200PE.NFO,2024-06-20,10:18:00,2024-07-23,199.9,199.9,199.9,199.9,0,0,1
FINNIFTY23JUL2424200PE.NFO,2024-06-20,10:19:00,2024-07-23,199.9,199.9,199.9,199.9,0,0,1
FINNIFTY23JUL2424200PE.NFO,2024-06-20,10:20:00,2024-07-23,199.9,199.9,199.9,199.9,0,0,1
FINNIFTY23JUL2424200PE.NFO,2024-06-20,10:21:00,2024-07-23,199.9,199.9,199.9,199.9,0,0,1
FINNIFTY23JUL2424200PE.NFO,2024-06-20,10:22:00,2024-07-23,199.9,199.9,199.9,199.9,0,0,1
FINNIFTY23JUL2424200PE.NFO,2024-06-20,10:23:00,2024-07-23,199.9,199.9,199.9,199.9,0,0,1
FINNIFTY23JUL2424200PE.NFO,2024-06-20,10:24:00,2024-07-23,199.9,199.9,199.9,199.9,0,0,1
FINNIFTY23JUL2424200PE.NFO,2024-06-20,10:25:00,2024-07-23,199.9,199.9,199.9,199.9,0,0,1
FINNIFTY23JUL2424200PE.NFO,2024-06-20,10:26:00,2024-07-23,199.9,199.9,199.9,199.9,0,0,1
FINNIFTY23JUL2424200PE.NFO,2024-06-20,10:27:00,2024-07-23,199.9,199.9,199.9,199.9,0,0,1
FINNIFTY23JUL2424200PE.NFO,2024-06-20,10:28:00,2024-07-23,199.9,199.9,199.9,199.9,0,0,1
FINNIFTY23JUL2424200PE.NFO,2024-06-20,10:29:00,2024-07-23,199.9,199.9,199.9,199.9,0,0,1
FINNIFTY23JUL2424200PE.NFO,2024-06-20,10:30:00,2024-07-23,199.9,199.9,199.9,199.9,0,0,1
FINNIFTY23JUL2424200PE.NFO,2024-06-20,10:31:00,2024-07-23,199.9,199.9,199.9,199.9,0,0,1
FINNIFTY23JUL2424200PE.NFO,2024-06-20,10:32:00,2024-07-23,199.9,199.9,199.9,199.9,0,0,1
FINNIFTY23JUL2424200PE.NFO,2024-06-20,10:33:00,2024-07-23,199.9,199.9,199.9,199.9,0,0,1
FINNIFTY23JUL2424200PE.NFO,2024-06-20,10:34:00,2024-07-23,199.9,199.9,199.9,199.9,0,0,1
FINNIFTY23JUL2424200PE.NFO,2024-06-20,10:35:00,2024-07-23,199.9,199.9,199.9,199.9,0,0,1
FINNIFTY23JUL2424200PE.NFO,2024-06-20,10:36:00,2024-07-23,199.9,199.9,199.9,199.9,0,0,1
FINNIFTY23JUL2424200PE.NFO,2024-06-20,10:37:00,2024-07-23,199.9,199.9,199.9,199.9,0,0,1
FINNIFTY23JUL2424200PE.NFO,2024-06-20,10:38:00,2024-07-23,199.9,199.9,199.9,199.9,0,0,1
FINNIFTY23JUL2424200PE.NFO,2024-06-20,10:39:00,2024-07-23,199.9,199.9,199.9,199.9,0,0,1
FINNIFTY23JUL2424200PE.NFO,2024-06-20,10:40:00,2024-07-23,199.9,199.9,199.9,199.9,0,0,1
FINNIFTY23JUL2424200PE.NFO,2024-06-20,10:41:00,2024-07-23,199.9,199.9,199.9,199.9,0,0,1
FINNIFTY23JUL2424200PE.NFO,2024-06-20,10:42:00,2024-07-23,199.9,199.9,199.9,199.9,0,0,1
FINNIFTY23JUL2424200PE.NFO,2024-06-20,10:43:00,2024-07-23,199.9,199.9,199.9,199.9,0,0,1
FINNIFTY23JUL2424200PE.NFO,2024-06-20,10:44:00,2024-07-23,199.9,199.9,199.9,199.9,0,0,1
FINNIFTY23JUL2424200PE.NFO,2024-06-20,10:45:00,2024-07-23,199.9,199.9,199.9,199.9,0,0,1
FINNIFTY23JUL2424200PE.NFO,2024-06-20,10:46:00,2024-07-23,199.9,199.9,199.9,199.9,0,0,1
FINNIFTY23JUL2424200PE.NFO,2024-06-20,10:47:00,2024-07-23,199.9,199.9,199.9,199.9,0,0,1
FINNIFTY23JUL2424200PE.NFO,2024-06-20,10:48:00,2024-07-23,199.9,199.9,199.9,199.9,0,0,1
FINNIFTY23JUL2424200PE.NFO,2024-06-20,10:49:00,2024-07-23,199.9,199.9,199.9,199.9,0,0,1
FINNIFTY23JUL2424200PE.NFO,2024-06-20,10:50:00,2024-07-23,199.9,199.9,199.9,199.9,0,0,1
FINNIFTY23JUL2424200PE.NFO,2024-06-20,10:51:00,2024-07-23,199.9,199.9,199.9,199.9,0,0,1
FINNIFTY23JUL2424200PE.NFO,2024-06-20,10:52:00,2024-07-23,199.9,199.9,199.9,199.9,0,0,1
FINNIFTY23JUL2424200PE.NFO,2024-06-20,10:53:00,2024-07-23,199.9,199.9,199.9,199.9,0,0,1
FINNIFTY23JUL2424200PE.NFO,2024-06-20,10:54:00,2024-07-23,199.9,199.9,199.9,199.9,0,0,1
FINNIFTY23JUL2424200PE.NFO,2024-06-20,10:55:00,2024-07-23,199.9,199.9,199.9,199.9,0,0,1
FINNIFTY23JUL2424200PE.NFO,2024-06-20,10:56:00,2024-07-23,199.9,199.9,199.9,199.9,0,0,1
FINNIFTY23JUL2424200PE.NFO,2024-06-20,10:57:00,2024-07-23,199.9,199.9,199.9,199.9,0,0,1
FINNIFTY23JUL2424200PE.NFO,2024-06-20,10:58:00,2024-07-23,199.9,199.9,199.9,199.9,0,0,1
FINNIFTY23JUL2424200PE.NFO,2024-06-20,10:59:00,2024-07-23,199.9,199.9,199.9,199.9,0,0,1
FINNIFTY23JUL2424200PE.NFO,2024-06-20,11:00:00,2024-07-23,199.9,199.9,199.9,199.9,0,0,1
FINNIFTY23JUL2424200PE.NFO,2024-06-20,11:01:00,2024-07-23,199.9,199.9,199.9,199.9,0,0,1
FINNIFTY23JUL2424200PE.NFO,2024-06-20,11:02:00,2024-07-23,199.9,199.9,199.9,199.9,0,0,1
FINNIFTY23JUL2424200PE.NFO,2024-06-20,11:03:00,2024-07-23,199.9,199.9,199.9,199.9,0,0,1
FINNIFTY23JUL2424200PE.NFO,2024-06-20,11:04:00,2024-07-23,199.9,199.9,199.9,199.9,0,0,1
FINNIFTY23JUL2424200PE.NFO,2024-06-20,11:05:00,2024-07-23,199.9,199.9,199.9,199.9,0,0,1
FINNIFTY23JUL2424200PE.NFO,2024-06-20,11:06:00,2024-07-23,199.9,199.9,199.9,199.9,0,0,1
FINNIFTY23JUL2424200PE.NFO,2024-06-20,11:07:00,2024-07-23,199.9,199.9,199.9,199.9,0,0,1
FINNIFTY23JUL2424200PE.NFO,2024-06-20,11:08:00,2024-07-23,199.9,199.9,199.9,199.9,0,0,1
FINNIFTY23JUL2424200PE.NFO,2024-06-20,11:09:00,2024-07-23,199.9,199.9,199.9,199.9,0,0,1
FINNIFTY23JUL2424200PE.NFO,2024-06-20,11:10:00,2024-07-23,199.9,199.9,199.9,199.9,0,0,1
FINNIFTY23JUL2424200PE.NFO,2024-06-20,11:11:00,2024-07-23,199.9,199.9,199.9,199.9,0,0,1
FINNIFTY23JUL2424200PE.NFO,2024-06-20,11:12:00,2024-07-23,199.9,199.9,199.9,199.9,0,0,1
FINNIFTY23JUL2424200PE.NFO,2024-06-20,11:13:00,2024-07-23,199.9,199.9,199.9,199.9,0,0,1
FINNIFTY23JUL2424200PE.NFO,2024-06-20,11:14:00,2024-07-23,199.9,199.9,199.9,199.9,0,0,1
FINNIFTY23JUL2424200PE.NFO,2024-06-20,11:15:00,2024-07-23,199.9,199.9,199.9,199.9,0,0,1
FINNIFTY23JUL2424200PE.NFO,2024-06-20,11:16:00,2024-07-23,199.9,199.9,199.9,199.9,0,0,1
FINNIFTY23JUL2424200PE.NFO,2024-06-20,11:17:00,2024-07-23,199.9,199.9,199.9,199.9,0,0,1
FINNIFTY23JUL2424200PE.NFO,2024-06-20,11:18:00,2024-07-23,199.9,199.9,199.9,199.9,0,0,1
FINNIFTY23JUL2424200PE.NFO,2024-06-20,11:19:00,2024-07-23,199.9,199.9,199.9,199.9,0,0,1
FINNIFTY23JUL2424200PE.NFO,2024-06-20,11:20:00,2024-07-23,199.9,199.9,199.9,199.9,0,0,1
FINNIFTY23JUL2424200PE.NFO,2024-06-20,11:21:00,2024-07-23,199.9,199.9,199.9,199.9,0,0,1
FINNIFTY23JUL2424200PE.NFO,2024-06-20,11:22:00,2024-07-23,199.9,199.9,199.9,199.9,0,0,1
FINNIFTY23JUL2424200PE.NFO,2024-06-20,11:23:00,2024-07-23,199.9,199.9,199.9,199.9,0,0,1
FINNIFTY23JUL2424200PE.NFO,2024-06-20,11:24:00,2024-07-23,199.9,199.9,199.9,199.9,0,0,1
FINNIFTY23JUL2424200PE.NFO,2024-06-20,11:25:00,2024-07-23,199.9,199.9,199.9,199.9,0,0,1
FINNIFTY23JUL2424200PE.NFO,2024-06-20,11:26:00,2024-07-23,199.9,199.9,199.9,199.9,0,0,1
FINNIFTY23JUL2424200PE.NFO,2024-06-20,11:27:00,2024-07-23,199.9,199.9,199.9,199.9,0,0,1
FINNIFTY23JUL2424200PE.NFO,2024-06-20,11:28:00,2024-07-23,199.9,199.9,199.9,199.9,0,0,1
FINNIFTY23JUL2424200PE.NFO,2024-06-20,11:29:00,2024-07-23,199.9,199.9,199.9,199.9,0,0,1
FINNIFTY23JUL2424200PE.NFO,2024-06-20,11:30:00,2024-07-23,199.9,199.9,199.9,199.9,0,0,1
FINNIFTY23JUL2424200PE.NFO,2024-06-20,11:31:00,2024-07-23,199.9,199.9,199.9,199.9,0,0,1
FINNIFTY23JUL2424200PE.NFO,2024-06-20,11:32:00,2024-07-23,199.9,199.9,199.9,199.9,0,0,1
FINNIFTY23JUL2424200PE.NFO,2024-06-20,11:33:00,2024-07-23,199.9,199.9,199.9,199.9,0,0,1
FINNIFTY23JUL2424200PE.NFO,2024-06-20,11:34:00,2024-07-23,199.9,199.9,199.9,199.9,0,0,1
FINNIFTY23JUL2424200PE.NFO,2024-06-20,11:35:00,2024-07-23,199.9,199.9,199.9,199.9,0,0,1
FINNIFTY23JUL2424200PE.NFO,2024-06-20,11:36:00,2024-07-23,199.9,199.9,199.9,199.9,0,0,1
FINNIFTY23JUL2424200PE.NFO,2024-06-20,11:37:00,2024-07-23,199.9,199.9,199.9,199.9,0,0,1
FINNIFTY23JUL2424200PE.NFO,2024-06-20,11:38:00,2024-07-23,199.9,199.9,199.9,199.9,0,0,1
FINNIFTY23JUL2424200PE.NFO,2024-06-20,11:39:00,2024-07-23,199.9,199.9,199.9,199.9,0,0,1
FINNIFTY23JUL2424200PE.NFO,2024-06-20,11:40:00,2024-07-23,199.9,199.9,199.9,199.9,0,0,1
FINNIFTY23JUL2424200PE.NFO,2024-06-20,11:41:00,2024-07-23,199.9,199.9,199.9,199.9,0,0,1
FINNIFTY23JUL2424200PE.NFO,2024-06-20,11:42:00,2024-07-23,199.9,199.9,199.9,199.9,0,0,1
FINNIFTY23JUL2424200PE.NFO,2024-06-20,11:43:00,2024-07-23,199.9,199.9,199.9,199.9,0,0,1
FINNIFTY23JUL2424200PE.NFO,2024-06-20,11:44:00,2024-07-23,199.9,199.9,199.9,199.9,0,0,1
FINNIFTY23JUL2424200PE.NFO,2024-06-20,11:45:00,2024-07-23,199.9,199.9,199.9,199.9,0,0,1
FINNIFTY23JUL2424200PE.NFO,2024-06-20,11:46:00,2024-07-23,199.9,199.9,199.9,199.9,0,0,1
FINNIFTY23JUL2424200PE.NFO,2024-06-20,11:47:00,2024-07-23,199.9,199.9,199.9,199.9,0,0,1
FINNIFTY23JUL2424200PE.NFO,2024-06-20,11:48:00,2024-07-23,199.9,199.9,199.9,199.9,0,0,1
FINNIFTY23JUL2424200PE.NFO,2024-06-20,11:49:00,2024-07-23,199.9,199.9,199.9,199.9,0,0,1
FINNIFTY23JUL2424200PE.NFO,2024-06-20,11:50:00,2024-07-23,199.9,199.9,199.9,199.9,0,0,1
FINNIFTY23JUL2424200PE.NFO,2024-06-20,11:51:00,2024-07-23,199.9,199.9,199.9,199.9,0,0,1
FINNIFTY23JUL2424200PE.NFO,2024-06-20,11:52:00,2024-07-23,199.9,199.9,199.9,199.9,0,0,1
FINNIFTY23JUL2424200PE.NFO,2024-06-20,11:53:00,2024-07-23,199.9,199.9,199.9,199.9,0,0,1
FINNIFTY23JUL2424200PE.NFO,2024-06-20,11:54:00,2024-07-23,199.9,199.9,199.9,199.9,0,0,1
FINNIFTY23JUL2424200PE.NFO,2024-06-20,11:55:00,2024-07-23,199.9,199.9,199.9,199.9,0,0,1
FINNIFTY23JUL2424200PE.NFO,2024-06-20,11:56:00,2024-07-23,199.9,199.9,199.9,199.9,0,0,1
FINNIFTY23JUL2424200PE.NFO,2024-06-20,11:57:00,2024-07-23,199.9,199.9,199.9,199.9,0,0,1
FINNIFTY23JUL2424200PE.NFO,2024-06-20,11:58:00,2024-07-23,199.9,199.9,199.9,199.9,0,0,1
FINNIFTY23JUL2424200PE.NFO,2024-06-20,11:59:00,2024-07-23,199.9,199.9,199.9,199.9,0,0,1
FINNIFTY23JUL2424200PE.NFO,2024-06-20,12:00:00,2024-07-23,199.9,199.9,199.9,199.9,0,0,1
FINNIFTY23JUL2424200PE.NFO,2024-06-20,12:01:00,2024-07-23,199.9,199.9,199.9,199.9,0,0,1
FINNIFTY23JUL2424200PE.NFO,2024-06-20,12:02:00,2024-07-23,199.9,199.9,199.9,199.9,0,0,1
FINNIFTY23JUL2424200PE.NFO,2024-06-20,12:03:00,2024-07-23,199.9,199.9,199.9,199.9,0,0,1
FINNIFTY23JUL2424200PE.NFO,2024-06-20,12:04:00,2024-07-23,199.9,199.9,199.9,199.9,0,0,1
FINNIFTY23JUL2424200PE.NFO,2024-06-20,12:05:00,2024-07-23,199.9,199.9,199.9,199.9,0,0,1
FINNIFTY23JUL2424200PE.NFO,2024-06-20,12:06:00,2024-07-23,199.9,199.9,199.9,199.9,0,0,1
FINNIFTY23JUL2424200PE.NFO,2024-06-20,12:07:00,2024-07-23,199.9,199.9,199.9,199.9,0,0,1
FINNIFTY23JUL2424200PE.NFO,2024-06-20,12:08:00,2024-07-23,199.9,199.9,199.9,199.9,0,0,1
FINNIFTY23JUL2424200PE.NFO,2024-06-20,12:09:00,2024-07-23,199.9,199.9,199.9,199.9,0,0,1
FINNIFTY23JUL2424200PE.NFO,2024-06-20,12:10:00,2024-07-23,199.9,199.9,199.9,199.9,0,0,1
FINNIFTY23JUL2424200PE.NFO,2024-06-20,12:11:00,2024-07-23,199.9,199.9,199.9,199.9,0,0,1
FINNIFTY23JUL2424200PE.NFO,2024-06-20,12:12:00,2024-07-23,199.9,199.9,199.9,199.9,0,0,1
FINNIFTY23JUL2424200PE.NFO,2024-06-20,12:13:00,2024-07-23,199.9,199.9,199.9,199.9,0,0,1
FINNIFTY23JUL2424200PE.NFO,2024-06-20,12:14:00,2024-07-23,199.9,199.9,199.9,199.9,0,0,1
FINNIFTY23JUL2424200PE.NFO,2024-06-20,12:15:00,2024-07-23,199.9,199.9,199.9,199.9,0,0,1
FINNIFTY23JUL2424200PE.NFO,2024-06-20,12:16:00,2024-07-23,199.9,199.9,199.9,199.9,0,0,1
FINNIFTY23JUL2424200PE.NFO,2024-06-20,12:17:00,2024-07-23,199.9,199.9,199.9,199.9,0,0,1
FINNIFTY23JUL2424200PE.NFO,2024-06-20,12:18:00,2024-07-23,199.9,199.9,199.9,199.9,0,0,1
FINNIFTY23JUL2424200PE.NFO,2024-06-20,12:19:00,2024-07-23,199.9,199.9,199.9,199.9,0,0,1
FINNIFTY23JUL2424200PE.NFO,2024-06-20,12:20:00,2024-07-23,199.9,199.9,199.9,199.9,0,0,1
FINNIFTY23JUL2424200PE.NFO,2024-06-20,12:21:00,2024-07-23,199.9,199.9,199.9,199.9,0,0,1
FINNIFTY23JUL2424200PE.NFO,2024-06-20,12:22:00,2024-07-23,199.9,199.9,199.9,199.9,0,0,1
FINNIFTY23JUL2424200PE.NFO,2024-06-20,12:23:00,2024-07-23,199.9,199.9,199.9,199.9,0,0,1
FINNIFTY23JUL2424200PE.NFO,2024-06-20,12:24:00,2024-07-23,199.9,199.9,199.9,199.9,0,0,1
FINNIFTY23JUL2424200PE.NFO,2024-06-20,12:25:00,2024-07-23,199.9,199.9,199.9,199.9,0,0,1
FINNIFTY23JUL2424200PE.NFO,2024-06-20,12:26:00,2024-07-23,199.9,199.9,199.9,199.9,0,0,1
FINNIFTY23JUL2424200PE.NFO,2024-06-20,12:27:00,2024-07-23,199.9,199.9,199.9,199.9,0,0,1
FINNIFTY23JUL2424200PE.NFO,2024-06-20,12:28:00,2024-07-23,199.9,199.9,199.9,199.9,0,0,1
FINNIFTY23JUL2424200PE.NFO,2024-06-20,12:29:00,2024-07-23,199.9,199.9,199.9,199.9,0,0,1
FINNIFTY23JUL2424200PE.NFO,2024-06-20,12:30:00,2024-07-23,199.9,199.9,199.9,199.9,0,0,1
FINNIFTY23JUL2424200PE.NFO,2024-06-20,12:31:00,2024-07-23,199.9,199.9,199.9,199.9,0,0,1
FINNIFTY23JUL2424200PE.NFO,2024-06-20,12:32:00,2024-07-23,199.9,199.9,199.9,199.9,0,0,1
FINNIFTY23JUL2424200PE.NFO,2024-06-20,12:33:00,2024-07-23,199.9,199.9,199.9,199.9,0,0,1
FINNIFTY23JUL2424200PE.NFO,2024-06-20,12:34:00,2024-07-23,199.9,199.9,199.9,199.9,0,0,1
FINNIFTY23JUL2424200PE.NFO,2024-06-20,12:35:00,2024-07-23,199.9,199.9,199.9,199.9,0,0,1
FINNIFTY23JUL2424200PE.NFO,2024-06-20,12:36:00,2024-07-23,199.9,199.9,199.9,199.9,0,0,1
FINNIFTY23JUL2424200PE.NFO,2024-06-20,12:37:00,2024-07-23,199.9,199.9,199.9,199.9,0,0,1
FINNIFTY23JUL2424200PE.NFO,2024-06-20,12:38:00,2024-07-23,199.9,199.9,199.9,199.9,0,0,1
FINNIFTY23JUL2424200PE.NFO,2024-06-20,12:39:00,2024-07-23,199.9,199.9,199.9,199.9,0,0,1
FINNIFTY23JUL2424200PE.NFO,2024-06-20,12:40:00,2024-07-23,199.9,199.9,199.9,199.9,0,0,1
FINNIFTY23JUL2424200PE.NFO,2024-06-20,12:41:00,2024-07-23,199.9,199.9,199.9,199.9,0,0,1
FINNIFTY23JUL2424200PE.NFO,2024-06-20,12:42:00,2024-07-23,199.9,199.9,199.9,199.9,0,0,1
FINNIFTY23JUL2424200PE.NFO,2024-06-20,12:43:00,2024-07-23,199.9,199.9,199.9,199.9,0,0,1
FINNIFTY23JUL2424200PE.NFO,2024-06-20,12:44:00,2024-07-23,199.9,199.9,199.9,199.9,0,0,1
FINNIFTY23JUL2424200PE.NFO,2024-06-20,12:45:00,2024-07-23,199.9,199.9,199.9,199.9,0,0,1
FINNIFTY23JUL2424200PE.NFO,2024-06-20,12:46:00,2024-07-23,199.9,199.9,199.9,199.9,0,0,1
FINNIFTY23JUL2424200PE.NFO,2024-06-20,12:47:00,2024-07-23,199.9,199.9,199.9,199.9,0,0,1
FINNIFTY23JUL2424200PE.NFO,2024-06-20,12:48:00,2024-07-23,199.9,199.9,199.9,199.9,0,0,1
FINNIFTY23JUL2424200PE.NFO,2024-06-20,12:49:00,2024-07-23,199.9,199.9,199.9,199.9,0,0,1
FINNIFTY23JUL2424200PE.NFO,2024-06-20,12:50:00,2024-07-23,199.9,199.9,199.9,199.9,0,0,1
FINNIFTY23JUL2424200PE.NFO,2024-06-20,12:51:00,2024-07-23,199.9,199.9,199.9,199.9,0,0,1
FINNIFTY23JUL2424200PE.NFO,2024-06-20,12:52:00,2024-07-23,199.9,199.9,199.9,199.9,0,0,1
FINNIFTY23JUL2424200PE.NFO,2024-06-20,12:53:00,2024-07-23,199.9,199.9,199.9,199.9,0,0,1
FINNIFTY23JUL2424200PE.NFO,2024-06-20,12:54:00,2024-07-23,199.9,199.9,199.9,199.9,0,0,1
FINNIFTY23JUL2424200PE.NFO,2024-06-20,12:55:00,2024-07-23,199.9,199.9,199.9,199.9,0,0,1
FINNIFTY23JUL2424200PE.NFO,2024-06-20,12:56:00,2024-07-23,199.9,199.9,199.9,199.9,0,0,1
FINNIFTY23JUL2424200PE.NFO,2024-06-20,12:57:00,2024-07-23,199.9,199.9,199.9,199.9,0,0,1
FINNIFTY23JUL2424200PE.NFO,2024-06-20,12:58:00,2024-07-23,199.9,199.9,199.9,199.9,0,0,1
FINNIFTY23JUL2424200PE.NFO,2024-06-20,12:59:00,2024-07-23,199.9,199.9,199.9,199.9,0,0,1
FINNIFTY23JUL2424200PE.NFO,2024-06-20,13:00:00,2024-07-23,199.9,199.9,199.9,199.9,0,0,1
FINNIFTY23JUL2424200PE.NFO,2024-06-20,13:01:00,2024-07-23,199.9,199.9,199.9,199.9,0,0,1
FINNIFTY23JUL2424200PE.NFO,2024-06-20,13:02:00,2024-07-23,199.9,199.9,199.9,199.9,0,0,1
FINNIFTY23JUL2424200PE.NFO,2024-06-20,13:03:00,2024-07-23,199.9,199.9,199.9,199.9,0,0,1
FINNIFTY23JUL2424200PE.NFO,2024-06-20,13:04:00,2024-07-23,199.9,199.9,199.9,199.9,0,0,1
FINNIFTY23JUL2424200PE.NFO,2024-06-20,13:05:00,2024-07-23,199.9,199.9,199.9,199.9,0,0,1
FINNIFTY23JUL2424200PE.NFO,2024-06-20,13:06:00,2024-07-23,199.9,199.9,199.9,199.9,0,0,1
FINNIFTY23JUL2424200PE.NFO,2024-06-20,13:07:00,2024-07-23,199.9,199.9,199.9,199.9,0,0,1
FINNIFTY23JUL2424200PE.NFO,2024-06-20,13:08:00,2024-07-23,199.9,199.9,199.9,199.9,0,0,1
FINNIFTY23JUL2424200PE.NFO,2024-06-20,13:09:00,2024-07-23,199.9,199.9,199.9,199.9,0,0,1
FINNIFTY23JUL2424200PE.NFO,2024-06-20,13:10:00,2024-07-23,199.9,199.9,199.9,199.9,0,0,1
FINNIFTY23JUL2424200PE.NFO,2024-06-20,13:11:00,2024-07-23,199.9,199.9,199.9,199.9,0,0,1
FINNIFTY23JUL2424200PE.NFO,2024-06-20,13:12:00,2024-07-23,199.9,199.9,199.9,199.9,0,0,1
FINNIFTY23JUL2424200PE.NFO,2024-06-20,13:13:00,2024-07-23,199.9,199.9,199.9,199.9,0,0,1
FINNIFTY23JUL2424200PE.NFO,2024-06-20,13:14:00,2024-07-23,199.9,199.9,199.9,199.9,0,0,1
FINNIFTY23JUL2424200PE.NFO,2024-06-20,13:15:00,2024-07-23,199.9,199.9,199.9,199.9,0,0,1
FINNIFTY23JUL2424200PE.NFO,2024-06-20,13:16:00,2024-07-23,199.9,199.9,199.9,199.9,0,0,1
FINNIFTY23JUL2424200PE.NFO,2024-06-20,13:17:00,2024-07-23,199.9,199.9,199.9,199.9,0,0,1
FINNIFTY23JUL2424200PE.NFO,2024-06-20,13:18:00,2024-07-23,199.9,199.9,199.9,199.9,0,0,1
FINNIFTY23JUL2424200PE.NFO,2024-06-20,13:19:00,2024-07-23,199.9,199.9,199.9,199.9,0,0,1
FINNIFTY23JUL2424200PE.NFO,2024-06-20,13:20:00,2024-07-23,199.9,199.9,199.9,199.9,0,0,1
FINNIFTY23JUL2424200PE.NFO,2024-06-20,13:21:00,2024-07-23,199.9,199.9,199.9,199.9,0,0,1
FINNIFTY23JUL2424200PE.NFO,2024-06-20,13:22:00,2024-07-23,199.9,199.9,199.9,199.9,0,0,1
FINNIFTY23JUL2424200PE.NFO,2024-06-20,13:23:00,2024-07-23,199.9,199.9,199.9,199.9,0,0,1
FINNIFTY23JUL2424200PE.NFO,2024-06-20,13:24:00,2024-07-23,199.9,199.9,199.9,199.9,0,0,1
FINNIFTY23JUL2424200PE.NFO,2024-06-20,13:25:00,2024-07-23,199.9,199.9,199.9,199.9,0,0,1
FINNIFTY23JUL2424200PE.NFO,2024-06-20,13:26:00,2024-07-23,199.9,199.9,199.9,199.9,0,0,1
FINNIFTY23JUL2424200PE.NFO,2024-06-20,13:27:00,2024-07-23,199.9,199.9,199.9,199.9,0,0,1
FINNIFTY23JUL2424200PE.NFO,2024-06-20,13:28:00,2024-07-23,199.9,199.9,199.9,199.9,0,0,1
FINNIFTY23JUL2424200PE.NFO,2024-06-20,13:29:00,2024-07-23,199.9,199.9,199.9,199.9,0,0,1
FINNIFTY23JUL2424200PE.NFO,2024-06-20,13:30:00,2024-07-23,199.9,199.9,199.9,199.9,0,0,1
FINNIFTY23JUL2424200PE.NFO,2024-06-20,13:31:00,2024-07-23,199.9,199.9,199.9,199.9,0,0,1
FINNIFTY23JUL2424200PE.NFO,2024-06-20,13:32:00,2024-07-23,199.9,199.9,199.9,199.9,0,0,1
FINNIFTY23JUL2424200PE.NFO,2024-06-20,13:33:00,2024-07-23,199.9,199.9,199.9,199.9,0,0,1
FINNIFTY23JUL2424200PE.NFO,2024-06-20,13:34:00,2024-07-23,199.9,199.9,199.9,199.9,0,0,1
FINNIFTY23JUL2424200PE.NFO,2024-06-20,13:35:00,2024-07-23,199.9,199.9,199.9,199.9,0,0,1
FINNIFTY23JUL2424200PE.NFO,2024-06-20,13:36:00,2024-07-23,199.9,199.9,199.9,199.9,0,0,1
FINNIFTY23JUL2424200PE.NFO,2024-06-20,13:37:00,2024-07-23,199.9,199.9,199.9,199.9,0,0,1
FINNIFTY23JUL2424200PE.NFO,2024-06-20,13:38:00,2024-07-23,199.9,199.9,199.9,199.9,0,0,1
FINNIFTY23JUL2424200PE.NFO,2024-06-20,13:39:00,2024-07-23,199.9,199.9,199.9,199.9,0,0,1
FINNIFTY23JUL2424200PE.NFO,2024-06-20,13:40:00,2024-07-23,199.9,199.9,199.9,199.9,0,0,1
FINNIFTY23JUL2424200PE.NFO,2024-06-20,13:41:00,2024-07-23,199.9,199.9,199.9,199.9,0,0,1
FINNIFTY23JUL2424200PE.NFO,2024-06-20,13:42:00,2024-07-23,199.9,199.9,199.9,199.9,0,0,1
FINNIFTY23JUL2424200PE.NFO,2024-06-20,13:43:00,2024-07-23,199.9,199.9,199.9,199.9,0,0,1
FINNIFTY23JUL2424200PE.NFO,2024-06-20,13:44:00,2024-07-23,199.9,199.9,199.9,199.9,0,0,1
FINNIFTY23JUL2424200PE.NFO,2024-06-20,13:45:00,2024-07-23,199.9,199.9,199.9,199.9,0,0,1
FINNIFTY23JUL2424200PE.NFO,2024-06-20,13:46:00,2024-07-23,199.9,199.9,199.9,199.9,0,0,1
FINNIFTY23JUL2424200PE.NFO,2024-06-20,13:47:00,2024-07-23,199.9,199.9,199.9,199.9,0,0,1
FINNIFTY23JUL2424200PE.NFO,2024-06-20,13:48:00,2024-07-23,199.9,199.9,199.9,199.9,0,0,1
FINNIFTY23JUL2424200PE.NFO,2024-06-20,13:49:00,2024-07-23,199.9,199.9,199.9,199.9,0,0,1
FINNIFTY23JUL2424200PE.NFO,2024-06-20,13:50:00,2024-07-23,199.9,199.9,199.9,199.9,0,0,1
FINNIFTY23JUL2424200PE.NFO,2024-06-20,13:51:00,2024-07-23,199.9,199.9,199.9,199.9,0,0,1
FINNIFTY23JUL2424200PE.NFO,2024-06-20,13:52:00,2024-07-23,199.9,199.9,199.9,199.9,0,0,1
FINNIFTY23JUL2424200PE.NFO,2024-06-20,13:53:00,2024-07-23,199.9,199.9,199.9,199.9,0,0,1
FINNIFTY23JUL2424200PE.NFO,2024-06-20,13:54:00,2024-07-23,199.9,199.9,199.9,199.9,0,0,1
FINNIFTY23JUL2424200PE.NFO,2024-06-20,13:55:00,2024-07-23,199.9,199.9,199.9,199.9,0,0,1
FINNIFTY23JUL2424200PE.NFO,2024-06-20,13:56:00,2024-07-23,199.9,199.9,199.9,199.9,0,0,1
FINNIFTY23JUL2424200PE.NFO,2024-06-20,13:57:00,2024-07-23,199.9,199.9,199.9,199.9,0,0,1
FINNIFTY23JUL2424200PE.NFO,2024-06-20,13:58:00,2024-07-23,199.9,199.9,199.9,199.9,0,0,1
FINNIFTY23JUL2424200PE.NFO,2024-06-20,13:59:00,2024-07-23,199.9,199.9,199.9,199.9,0,0,1
FINNIFTY23JUL2424200PE.NFO,2024-06-20,14:00:00,2024-07-23,199.9,199.9,199.9,199.9,0,0,1
FINNIFTY23JUL2424200PE.NFO,2024-06-20,14:01:00,2024-07-23,199.9,199.9,199.9,199.9,0,0,1
FINNIFTY23JUL2424200PE.NFO,2024-06-20,14:02:00,2024-07-23,199.9,199.9,199.9,199.9,0,0,1
FINNIFTY23JUL2424200PE.NFO,2024-06-20,14:03:00,2024-07-23,199.9,199.9,199.9,199.9,0,0,1
FINNIFTY23JUL2424200PE.NFO,2024-06-20,14:04:00,2024-07-23,199.9,199.9,199.9,199.9,0,0,1
FINNIFTY23JUL2424200PE.NFO,2024-06-20,14:05:00,2024-07-23,199.9,199.9,199.9,199.9,0,0,1
FINNIFTY23JUL2424200PE.NFO,2024-06-20,14:06:00,2024-07-23,199.9,199.9,199.9,199.9,0,0,1
FINNIFTY23JUL2424200PE.NFO,2024-06-20,14:07:00,2024-07-23,199.9,199.9,199.9,199.9,0,0,1
FINNIFTY23JUL2424200PE.NFO,2024-06-20,14:08:00,2024-07-23,199.9,199.9,199.9,199.9,0,0,1
FINNIFTY23JUL2424200PE.NFO,2024-06-20,14:09:00,2024-07-23,199.9,199.9,199.9,199.9,0,0,1
FINNIFTY23JUL2424200PE.NFO,2024-06-20,14:10:00,2024-07-23,199.9,199.9,199.9,199.9,0,0,1
FINNIFTY23JUL2424200PE.NFO,2024-06-20,14:11:00,2024-07-23,199.9,199.9,199.9,199.9,0,0,1
FINNIFTY23JUL2424200PE.NFO,2024-06-20,14:12:00,2024-07-23,199.9,199.9,199.9,199.9,0,0,1
FINNIFTY23JUL2424200PE.NFO,2024-06-20,14:13:00,2024-07-23,199.9,199.9,199.9,199.9,0,0,1
FINNIFTY23JUL2424200PE.NFO,2024-06-20,14:14:00,2024-07-23,199.9,199.9,199.9,199.9,0,0,1
FINNIFTY23JUL2424200PE.NFO,2024-06-20,14:15:00,2024-07-23,199.9,199.9,199.9,199.9,0,0,1
FINNIFTY23JUL2424200PE.NFO,2024-06-20,14:16:00,2024-07-23,199.9,199.9,199.9,199.9,0,0,1
FINNIFTY23JUL2424200PE.NFO,2024-06-20,14:17:00,2024-07-23,199.9,199.9,199.9,199.9,0,0,1
FINNIFTY23JUL2424200PE.NFO,2024-06-20,14:18:00,2024-07-23,199.9,199.9,199.9,199.9,0,0,1
FINNIFTY23JUL2424200PE.NFO,2024-06-20,14:19:00,2024-07-23,199.9,199.9,199.9,199.9,0,0,1
FINNIFTY23JUL2424200PE.NFO,2024-06-20,14:20:00,2024-07-23,199.9,199.9,199.9,199.9,0,0,1
FINNIFTY23JUL2424200PE.NFO,2024-06-20,14:21:00,2024-07-23,199.9,199.9,199.9,199.9,0,0,1
FINNIFTY23JUL2424200PE.NFO,2024-06-20,14:22:00,2024-07-23,199.9,199.9,199.9,199.9,0,0,1
FINNIFTY23JUL2424200PE.NFO,2024-06-20,14:23:00,2024-07-23,199.9,199.9,199.9,199.9,0,0,1
FINNIFTY23JUL2424200PE.NFO,2024-06-20,14:24:00,2024-07-23,199.9,199.9,199.9,199.9,0,0,1
FINNIFTY23JUL2424200PE.NFO,2024-06-20,14:25:00,2024-07-23,199.9,199.9,199.9,199.9,0,0,1
FINNIFTY23JUL2424200PE.NFO,2024-06-20,14:26:00,2024-07-23,199.9,199.9,199.9,199.9,0,0,1
FINNIFTY23JUL2424200PE.NFO,2024-06-20,14:27:00,2024-07-23,199.9,199.9,199.9,199.9,0,0,1
FINNIFTY23JUL2424200PE.NFO,2024-06-20,14:28:00,2024-07-23,199.9,199.9,199.9,199.9,0,0,1
FINNIFTY23JUL2424200PE.NFO,2024-06-20,14:29:00,2024-07-23,199.9,199.9,199.9,199.9,0,0,1
FINNIFTY23JUL2424200PE.NFO,2024-06-20,14:30:00,2024-07-23,199.9,199.9,199.9,199.9,0,0,1
FINNIFTY23JUL2424200PE.NFO,2024-06-20,14:31:00,2024-07-23,199.9,199.9,199.9,199.9,0,0,1
FINNIFTY23JUL2424200PE.NFO,2024-06-20,14:32:00,2024-07-23,199.9,199.9,199.9,199.9,0,0,1
FINNIFTY23JUL2424200PE.NFO,2024-06-20,14:33:00,2024-07-23,199.9,199.9,199.9,199.9,0,0,1
FINNIFTY23JUL2424200PE.NFO,2024-06-20,14:34:00,2024-07-23,199.9,199.9,199.9,199.9,0,0,1
FINNIFTY23JUL2424200PE.NFO,2024-06-20,14:35:00,2024-07-23,199.9,199.9,199.9,199.9,0,0,1
FINNIFTY23JUL2424200PE.NFO,2024-06-20,14:36:00,2024-07-23,199.9,199.9,199.9,199.9,0,0,1
FINNIFTY23JUL2424200PE.NFO,2024-06-20,14:37:00,2024-07-23,199.9,199.9,199.9,199.9,0,0,1
FINNIFTY23JUL2424200PE.NFO,2024-06-20,14:38:00,2024-07-23,199.9,199.9,199.9,199.9,0,0,1
FINNIFTY23JUL2424200PE.NFO,2024-06-20,14:39:00,2024-07-23,199.9,199.9,199.9,199.9,0,0,1
FINNIFTY23JUL2424200PE.NFO,2024-06-20,14:40:00,2024-07-23,199.9,199.9,199.9,199.9,0,0,1
FINNIFTY23JUL2424200PE.NFO,2024-06-20,14:41:00,2024-07-23,199.9,199.9,199.9,199.9,0,0,1
FINNIFTY23JUL2424200PE.NFO,2024-06-20,14:42:00,2024-07-23,199.9,199.9,199.9,199.9,0,0,1
FINNIFTY23JUL2424200PE.NFO,2024-06-20,14:43:00,2024-07-23,199.9,199.9,199.9,199.9,0,0,1
FINNIFTY23JUL2424200PE.NFO,2024-06-20,14:44:00,2024-07-23,199.9,199.9,199.9,199.9,0,0,1
FINNIFTY23JUL2424200PE.NFO,2024-06-20,14:45:00,2024-07-23,199.9,199.9,199.9,199.9,0,0,1
FINNIFTY23JUL2424200PE.NFO,2024-06-20,14:46:00,2024-07-23,199.9,199.9,199.9,199.9,0,0,1
FINNIFTY23JUL2424200PE.NFO,2024-06-20,14:47:00,2024-07-23,199.9,199.9,199.9,199.9,0,0,1
FINNIFTY23JUL2424200PE.NFO,2024-06-20,14:48:00,2024-07-23,199.9,199.9,199.9,199.9,0,0,1
FINNIFTY23JUL2424200PE.NFO,2024-06-20,14:49:00,2024-07-23,199.9,199.9,199.9,199.9,0,0,1
FINNIFTY23JUL2424200PE.NFO,2024-06-20,14:50:00,2024-07-23,199.9,199.9,199.9,199.9,0,0,1
FINNIFTY23JUL2424200PE.NFO,2024-06-20,14:51:00,2024-07-23,199.9,199.9,199.9,199.9,0,0,1
FINNIFTY23JUL2424200PE.NFO,2024-06-20,14:52:00,2024-07-23,199.9,199.9,199.9,199.9,0,0,1
FINNIFTY23JUL2424200PE.NFO,2024-06-20,14:53:00,2024-07-23,199.9,199.9,199.9,199.9,0,0,1
FINNIFTY23JUL2424200PE.NFO,2024-06-20,14:54:00,2024-07-23,199.9,199.9,199.9,199.9,0,0,1
FINNIFTY23JUL2424200PE.NFO,2024-06-20,14:55:00,2024-07-23,199.9,199.9,199.9,199.9,0,0,1
FINNIFTY23JUL2424200PE.NFO,2024-06-20,14:56:00,2024-07-23,199.9,199.9,199.9,199.9,0,0,1
FINNIFTY23JUL2424200PE.NFO,2024-06-20,14:57:00,2024-07-23,199.9,199.9,199.9,199.9,0,0,1
FINNIFTY23JUL2424200PE.NFO,2024-06-20,14:58:00,2024-07-23,199.9,199.9,199.9,199.9,0,0,1
FINNIFTY23JUL2424200PE.NFO,2024-06-20,14:59:00,2024-07-23,199.9,199.9,199.9,199.9,0,0,1
FINNIFTY23JUL2424200PE.NFO,2024-06-20,15:00:00,2024-07-23,199.9,199.9,199.9,199.9,0,0,1
FINNIFTY23JUL2424200PE.NFO,2024-06-20,15:01:00,2024-07-23,199.9,199.9,199.9,199.9,0,0,1
FINNIFTY23JUL2424200PE.NFO,2024-06-20,15:02:00,2024-07-23,199.9,199.9,199.9,199.9,0,0,1
FINNIFTY23JUL2424200PE.NFO,2024-06-20,15:03:00,2024-07-23,199.9,199.9,199.9,199.9,0,0,1
FINNIFTY23JUL2424200PE.NFO,2024-06-20,15:04:00,2024-07-23,199.9,199.9,199.9,199.9,0,0,1
FINNIFTY23JUL2424200PE.NFO,2024-06-20,15:05:00,2024-07-23,199.9,199.9,199.9,199.9,0,0,1
FINNIFTY23JUL2424200PE.NFO,2024-06-20,15:06:00,2024-07-23,199.9,199.9,199.9,199.9,0,0,1
FINNIFTY23JUL2424200PE.NFO,2024-06-20,15:07:00,2024-07-23,199.9,199.9,199.9,199.9,0,0,1
FINNIFTY23JUL2424200PE.NFO,2024-06-20,15:08:00,2024-07-23,199.9,199.9,199.9,199.9,0,0,1
FINNIFTY23JUL2424200PE.NFO,2024-06-20,15:09:00,2024-07-23,199.9,199.9,199.9,199.9,0,0,1
FINNIFTY23JUL2424200PE.NFO,2024-06-20,15:10:00,2024-07-23,199.9,199.9,199.9,199.9,0,0,1
FINNIFTY23JUL2424200PE.NFO,2024-06-20,15:11:00,2024-07-23,199.9,199.9,199.9,199.9,0,0,1
FINNIFTY23JUL2424200PE.NFO,2024-06-20,15:12:00,2024-07-23,199.9,199.9,199.9,199.9,0,0,1
FINNIFTY23JUL2424200PE.NFO,2024-06-20,15:13:00,2024-07-23,199.9,199.9,199.9,199.9,0,0,1
FINNIFTY23JUL2424200PE.NFO,2024-06-20,15:14:00,2024-07-23,199.9,199.9,199.9,199.9,0,0,1
FINNIFTY23JUL2424200PE.NFO,2024-06-20,15:15:00,2024-07-23,199.9,199.9,199.9,199.9,0,0,1
FINNIFTY23JUL2424200PE.NFO,2024-06-20,15:16:00,2024-07-23,199.9,199.9,199.9,199.9,0,0,1
FINNIFTY23JUL2424200PE.NFO,2024-06-20,15:17:00,2024-07-23,199.9,199.9,199.9,199.9,0,0,1
FINNIFTY23JUL2424200PE.NFO,2024-06-20,15:18:00,2024-07-23,199.9,199.9,199.9,199.9,0,0,1
FINNIFTY23JUL2424200PE.NFO,2024-06-20,15:19:00,2024-07-23,199.9,199.9,199.9,199.9,0,0,1
FINNIFTY23JUL2424200PE.NFO,2024-06-20,15:20:00,2024-07-23,199.9,199.9,199.9,199.9,0,0,1
FINNIFTY23JUL2424200PE.NFO,2024-06-20,15:21:00,2024-07-23,199.9,199.9,199.9,199.9,0,0,1
FINNIFTY23JUL2424200PE.NFO,2024-06-20,15:22:00,2024-07-23,199.9,199.9,199.9,199.9,0,0,1
FINNIFTY23JUL2424200PE.NFO,2024-06-20,15:23:00,2024-07-23,199.9,199.9,199.9,199.9,0,0,1
FINNIFTY23JUL2424200PE.NFO,2024-06-20,15:24:00,2024-07-23,199.9,199.9,199.9,199.9,0,0,1
FINNIFTY23JUL2424200PE.NFO,2024-06-20,15:25:00,2024-07-23,199.9,199.9,199.9,199.9,0,0,1
FINNIFTY23JUL2424200PE.NFO,2024-06-20,15:26:00,2024-07-23,199.9,199.9,199.9,199.9,0,0,1
FINNIFTY23JUL2424200PE.NFO,2024-06-20,15:27:00,2024-07-23,199.9,199.9,199.9,199.9,0,0,1
FINNIFTY23JUL2424200PE.NFO,2024-06-20,15:28:00,2024-07-23,199.9,199.9,199.9,199.9,0,0,1
FINNIFTY23JUL2424200PE.NFO,2024-06-20,15:29:00,2024-07-23,199.9,199.9,199.9,199.9,0,0,1
FINNIFTY23JUL2424200PE.NFO,2024-06-20,15:30:00,2024-07-23,199.9,199.9,199.9,199.9,0,0,1
FINNIFTY23JUL2424200PE.NFO,2024-06-21,09:15:00,2024-07-23,199.9,199.9,199.9,199.9,0,0,0
FINNIFTY23JUL2424200PE.NFO,2024-06-21,09:16:00,2024-07-23,199.9,199.9,199.9,199.9,0,0,1
FINNIFTY23JUL2424200PE.NFO,2024-06-21,09:17:00,2024-07-23,199.9,199.9,199.9,199.9,0,0,1
FINNIFTY23JUL2424200PE.NFO,2024-06-21,09:18:00,2024-07-23,199.9,199.9,199.9,199.9,0,0,1
FINNIFTY23JUL2424200PE.NFO,2024-06-21,09:19:00,2024-07-23,199.9,199.9,199.9,199.9,0,0,1
FINNIFTY23JUL2424200PE.NFO,2024-06-21,09:20:00,2024-07-23,199.9,199.9,199.9,199.9,0,0,1
FINNIFTY23JUL2424200PE.NFO,2024-06-21,09:21:00,2024-07-23,199.9,199.9,199.9,199.9,0,0,1
FINNIFTY23JUL2424200PE.NFO,2024-06-21,09:22:00,2024-07-23,199.9,199.9,199.9,199.9,0,0,1
FINNIFTY23JUL2424200PE.NFO,2024-06-21,09:23:00,2024-07-23,199.9,199.9,199.9,199.9,0,0,1
FINNIFTY23JUL2424200PE.NFO,2024-06-21,09:24:00,2024-07-23,199.9,199.9,199.9,199.9,0,0,1
FINNIFTY23JUL2424200PE.NFO,2024-06-21,09:25:00,2024-07-23,199.9,199.9,199.9,199.9,0,0,1
FINNIFTY23JUL2424200PE.NFO,2024-06-21,09:26:00,2024-07-23,199.9,199.9,199.9,199.9,0,0,1
FINNIFTY23JUL2424200PE.NFO,2024-06-21,09:27:00,2024-07-23,199.9,199.9,199.9,199.9,0,0,1
FINNIFTY23JUL2424200PE.NFO,2024-06-21,09:28:00,2024-07-23,199.9,199.9,199.9,199.9,0,0,1
FINNIFTY23JUL2424200PE.NFO,2024-06-21,09:29:00,2024-07-23,199.9,199.9,199.9,199.9,0,0,1
FINNIFTY23JUL2424200PE.NFO,2024-06-21,09:30:00,2024-07-23,199.9,199.9,199.9,199.9,0,0,1
FINNIFTY23JUL2424200PE.NFO,2024-06-21,09:31:00,2024-07-23,199.9,199.9,199.9,199.9,0,0,1
FINNIFTY23JUL2424200PE.NFO,2024-06-21,09:32:00,2024-07-23,199.9,199.9,199.9,199.9,0,0,1
FINNIFTY23JUL2424200PE.NFO,2024-06-21,09:33:00,2024-07-23,199.9,199.9,199.9,199.9,0,0,1
FINNIFTY23JUL2424200PE.NFO,2024-06-21,09:34:00,2024-07-23,199.9,199.9,199.9,199.9,0,0,1
FINNIFTY23JUL2424200PE.NFO,2024-06-21,09:35:00,2024-07-23,199.9,199.9,199.9,199.9,0,0,1
FINNIFTY23JUL2424200PE.NFO,2024-06-21,09:36:00,2024-07-23,199.9,199.9,199.9,199.9,0,0,1
FINNIFTY23JUL2424200PE.NFO,2024-06-21,09:37:00,2024-07-23,199.9,199.9,199.9,199.9,0,0,1
FINNIFTY23JUL2424200PE.NFO,2024-06-21,09:38:00,2024-07-23,199.9,199.9,199.9,199.9,0,0,1
FINNIFTY23JUL2424200PE.NFO,2024-06-21,09:39:00,2024-07-23,199.9,199.9,199.9,199.9,0,0,1
FINNIFTY23JUL2424200PE.NFO,2024-06-21,09:40:00,2024-07-23,199.9,199.9,199.9,199.9,0,0,1
FINNIFTY23JUL2424200PE.NFO,2024-06-21,09:41:00,2024-07-23,199.9,199.9,199.9,199.9,0,0,1
FINNIFTY23JUL2424200PE.NFO,2024-06-21,09:42:00,2024-07-23,199.9,199.9,199.9,199.9,0,0,1
FINNIFTY23JUL2424200PE.NFO,2024-06-21,09:43:00,2024-07-23,199.9,199.9,199.9,199.9,0,0,1
FINNIFTY23JUL2424200PE.NFO,2024-06-21,09:44:00,2024-07-23,199.9,199.9,199.9,199.9,0,0,1
FINNIFTY23JUL2424200PE.NFO,2024-06-21,09:45:00,2024-07-23,199.9,199.9,199.9,199.9,0,0,1
FINNIFTY23JUL2424200PE.NFO,2024-06-21,09:46:00,2024-07-23,199.9,199.9,199.9,199.9,0,0,1
FINNIFTY23JUL2424200PE.NFO,2024-06-21,09:47:00,2024-07-23,199.9,199.9,199.9,199.9,0,0,1
FINNIFTY23JUL2424200PE.NFO,2024-06-21,09:48:00,2024-07-23,199.9,199.9,199.9,199.9,0,0,1
FINNIFTY23JUL2424200PE.NFO,2024-06-21,09:49:00,2024-07-23,199.9,199.9,199.9,199.9,0,0,1
FINNIFTY23JUL2424200PE.NFO,2024-06-21,09:50:00,2024-07-23,199.9,199.9,199.9,199.9,0,0,1
FINNIFTY23JUL2424200PE.NFO,2024-06-21,09:51:00,2024-07-23,199.9,199.9,199.9,199.9,0,0,1
FINNIFTY23JUL2424200PE.NFO,2024-06-21,09:52:00,2024-07-23,199.9,199.9,199.9,199.9,0,0,1
FINNIFTY23JUL2424200PE.NFO,2024-06-21,09:53:00,2024-07-23,199.9,199.9,199.9,199.9,0,0,1
FINNIFTY23JUL2424200PE.NFO,2024-06-21,09:54:00,2024-07-23,199.9,199.9,199.9,199.9,0,0,1
FINNIFTY23JUL2424200PE.NFO,2024-06-21,09:55:00,2024-07-23,199.9,199.9,199.9,199.9,0,0,1
FINNIFTY23JUL2424200PE.NFO,2024-06-21,09:56:00,2024-07-23,199.9,199.9,199.9,199.9,0,0,1
FINNIFTY23JUL2424200PE.NFO,2024-06-21,09:57:00,2024-07-23,199.9,199.9,199.9,199.9,0,0,1
FINNIFTY23JUL2424200PE.NFO,2024-06-21,09:58:00,2024-07-23,199.9,199.9,199.9,199.9,0,0,1
FINNIFTY23JUL2424200PE.NFO,2024-06-21,09:59:00,2024-07-23,199.9,199.9,199.9,199.9,0,0,1
FINNIFTY23JUL2424200PE.NFO,2024-06-21,10:00:00,2024-07-23,199.9,199.9,199.9,199.9,0,0,1
FINNIFTY23JUL2424200PE.NFO,2024-06-21,10:01:00,2024-07-23,199.9,199.9,199.9,199.9,0,0,1
FINNIFTY23JUL2424200PE.NFO,2024-06-21,10:02:00,2024-07-23,199.9,199.9,199.9,199.9,0,0,1
FINNIFTY23JUL2424200PE.NFO,2024-06-21,10:03:00,2024-07-23,199.9,199.9,199.9,199.9,0,0,1
FINNIFTY23JUL2424200PE.NFO,2024-06-21,10:04:00,2024-07-23,199.9,199.9,199.9,199.9,0,0,1
FINNIFTY23JUL2424200PE.NFO,2024-06-21,10:05:00,2024-07-23,199.9,199.9,199.9,199.9,0,0,1
FINNIFTY23JUL2424200PE.NFO,2024-06-21,10:06:00,2024-07-23,199.9,199.9,199.9,199.9,0,0,1
FINNIFTY23JUL2424200PE.NFO,2024-06-21,10:07:00,2024-07-23,199.9,199.9,199.9,199.9,0,0,1
FINNIFTY23JUL2424200PE.NFO,2024-06-21,10:08:00,2024-07-23,199.9,199.9,199.9,199.9,0,0,1
FINNIFTY23JUL2424200PE.NFO,2024-06-21,10:09:00,2024-07-23,199.9,199.9,199.9,199.9,0,0,1
FINNIFTY23JUL2424200PE.NFO,2024-06-21,10:10:00,2024-07-23,199.9,199.9,199.9,199.9,0,0,1
FINNIFTY23JUL2424200PE.NFO,2024-06-21,10:11:00,2024-07-23,199.9,199.9,199.9,199.9,0,0,1
FINNIFTY23JUL2424200PE.NFO,2024-06-21,10:12:00,2024-07-23,199.9,199.9,199.9,199.9,0,0,1
FINNIFTY23JUL2424200PE.NFO,2024-06-21,10:13:00,2024-07-23,199.9,199.9,199.9,199.9,0,0,1
FINNIFTY23JUL2424200PE.NFO,2024-06-21,10:14:00,2024-07-23,199.9,199.9,199.9,199.9,0,0,1
FINNIFTY23JUL2424200PE.NFO,2024-06-21,10:15:00,2024-07-23,199.9,199.9,199.9,199.9,0,0,1
FINNIFTY23JUL2424200PE.NFO,2024-06-21,10:16:00,2024-07-23,199.9,199.9,199.9,199.9,0,0,1
FINNIFTY23JUL2424200PE.NFO,2024-06-21,10:17:00,2024-07-23,199.9,199.9,199.9,199.9,0,0,1
FINNIFTY23JUL2424200PE.NFO,2024-06-21,10:18:00,2024-07-23,199.9,199.9,199.9,199.9,0,0,1
FINNIFTY23JUL2424200PE.NFO,2024-06-21,10:19:00,2024-07-23,199.9,199.9,199.9,199.9,0,0,1
FINNIFTY23JUL2424200PE.NFO,2024-06-21,10:20:00,2024-07-23,199.9,199.9,199.9,199.9,0,0,1
FINNIFTY23JUL2424200PE.NFO,2024-06-21,10:21:00,2024-07-23,199.9,199.9,199.9,199.9,0,0,1
FINNIFTY23JUL2424200PE.NFO,2024-06-21,10:22:00,2024-07-23,199.9,199.9,199.9,199.9,0,0,1
FINNIFTY23JUL2424200PE.NFO,2024-06-21,10:23:00,2024-07-23,199.9,199.9,199.9,199.9,0,0,1
FINNIFTY23JUL2424200PE.NFO,2024-06-21,10:24:00,2024-07-23,199.9,199.9,199.9,199.9,0,0,1
FINNIFTY23JUL2424200PE.NFO,2024-06-21,10:25:00,2024-07-23,199.9,199.9,199.9,199.9,0,0,1
FINNIFTY23JUL2424200PE.NFO,2024-06-21,10:26:00,2024-07-23,199.9,199.9,199.9,199.9,0,0,1
FINNIFTY23JUL2424200PE.NFO,2024-06-21,10:27:00,2024-07-23,199.9,199.9,199.9,199.9,0,0,1
FINNIFTY23JUL2424200PE.NFO,2024-06-21,10:28:00,2024-07-23,199.9,199.9,199.9,199.9,0,0,1
FINNIFTY23JUL2424200PE.NFO,2024-06-21,10:29:00,2024-07-23,199.9,199.9,199.9,199.9,0,0,1
FINNIFTY23JUL2424200PE.NFO,2024-06-21,10:30:00,2024-07-23,199.9,199.9,199.9,199.9,0,0,1
FINNIFTY23JUL2424200PE.NFO,2024-06-21,10:31:00,2024-07-23,199.9,199.9,199.9,199.9,0,0,1
FINNIFTY23JUL2424200PE.NFO,2024-06-21,10:32:00,2024-07-23,199.9,199.9,199.9,199.9,0,0,1
FINNIFTY23JUL2424200PE.NFO,2024-06-21,10:33:00,2024-07-23,199.9,199.9,199.9,199.9,0,0,1
FINNIFTY23JUL2424200PE.NFO,2024-06-21,10:34:00,2024-07-23,199.9,199.9,199.9,199.9,0,0,1
FINNIFTY23JUL2424200PE.NFO,2024-06-21,10:35:00,2024-07-23,199.9,199.9,199.9,199.9,0,0,1
FINNIFTY23JUL2424200PE.NFO,2024-06-21,10:36:00,2024-07-23,199.9,199.9,199.9,199.9,0,0,1
FINNIFTY23JUL2424200PE.NFO,2024-06-21,10:37:00,2024-07-23,199.9,199.9,199.9,199.9,0,0,1
FINNIFTY23JUL2424200PE.NFO,2024-06-21,10:38:00,2024-07-23,199.9,199.9,199.9,199.9,0,0,1
FINNIFTY23JUL2424200PE.NFO,2024-06-21,10:39:00,2024-07-23,199.9,199.9,199.9,199.9,0,0,1
FINNIFTY23JUL2424200PE.NFO,2024-06-21,10:40:00,2024-07-23,199.9,199.9,199.9,199.9,0,0,1
FINNIFTY23JUL2424200PE.NFO,2024-06-21,10:41:00,2024-07-23,199.9,199.9,199.9,199.9,0,0,1
FINNIFTY23JUL2424200PE.NFO,2024-06-21,10:42:00,2024-07-23,199.9,199.9,199.9,199.9,0,0,1
FINNIFTY23JUL2424200PE.NFO,2024-06-21,10:43:00,2024-07-23,199.9,199.9,199.9,199.9,0,0,1
FINNIFTY23JUL2424200PE.NFO,2024-06-21,10:44:00,2024-07-23,199.9,199.9,199.9,199.9,0,0,1
FINNIFTY23JUL2424200PE.NFO,2024-06-21,10:45:00,2024-07-23,199.9,199.9,199.9,199.9,0,0,1
FINNIFTY23JUL2424200PE.NFO,2024-06-21,10:46:00,2024-07-23,199.9,199.9,199.9,199.9,0,0,1
FINNIFTY23JUL2424200PE.NFO,2024-06-21,10:47:00,2024-07-23,199.9,199.9,199.9,199.9,0,0,1
FINNIFTY23JUL2424200PE.NFO,2024-06-21,10:48:00,2024-07-23,199.9,199.9,199.9,199.9,0,0,1
FINNIFTY23JUL2424200PE.NFO,2024-06-21,10:49:00,2024-07-23,199.9,199.9,199.9,199.9,0,0,1
FINNIFTY23JUL2424200PE.NFO,2024-06-21,10:50:00,2024-07-23,199.9,199.9,199.9,199.9,0,0,1
FINNIFTY23JUL2424200PE.NFO,2024-06-21,10:51:00,2024-07-23,199.9,199.9,199.9,199.9,0,0,1
FINNIFTY23JUL2424200PE.NFO,2024-06-21,10:52:00,2024-07-23,199.9,199.9,199.9,199.9,0,0,1
FINNIFTY23JUL2424200PE.NFO,2024-06-21,10:53:00,2024-07-23,199.9,199.9,199.9,199.9,0,0,1
FINNIFTY23JUL2424200PE.NFO,2024-06-21,10:54:00,2024-07-23,199.9,199.9,199.9,199.9,0,0,1
FINNIFTY23JUL2424200PE.NFO,2024-06-21,10:55:00,2024-07-23,199.9,199.9,199.9,199.9,0,0,1
FINNIFTY23JUL2424200PE.NFO,2024-06-21,10:56:00,2024-07-23,199.9,199.9,199.9,199.9,0,0,1
FINNIFTY23JUL2424200PE.NFO,2024-06-21,10:57:00,2024-07-23,199.9,199.9,199.9,199.9,0,0,1
FINNIFTY23JUL2424200PE.NFO,2024-06-21,10:58:00,2024-07-23,199.9,199.9,199.9,199.9,0,0,1
FINNIFTY23JUL2424200PE.NFO,2024-06-21,10:59:00,2024-07-23,199.9,199.9,199.9,199.9,0,0,1
FINNIFTY23JUL2424200PE.NFO,2024-06-21,11:00:00,2024-07-23,199.9,199.9,199.9,199.9,0,0,1
FINNIFTY23JUL2424200PE.NFO,2024-06-21,11:01:00,2024-07-23,199.9,199.9,199.9,199.9,0,0,1
FINNIFTY23JUL2424200PE.NFO,2024-06-21,11:02:00,2024-07-23,199.9,199.9,199.9,199.9,0,0,1
FINNIFTY23JUL2424200PE.NFO,2024-06-21,11:03:00,2024-07-23,199.9,199.9,199.9,199.9,0,0,1
FINNIFTY23JUL2424200PE.NFO,2024-06-21,11:04:00,2024-07-23,199.9,199.9,199.9,199.9,0,0,1
FINNIFTY23JUL2424200PE.NFO,2024-06-21,11:05:00,2024-07-23,199.9,199.9,199.9,199.9,0,0,1
FINNIFTY23JUL2424200PE.NFO,2024-06-21,11:06:00,2024-07-23,199.9,199.9,199.9,199.9,0,0,1
FINNIFTY23JUL2424200PE.NFO,2024-06-21,11:07:00,2024-07-23,199.9,199.9,199.9,199.9,0,0,1
FINNIFTY23JUL2424200PE.NFO,2024-06-21,11:08:00,2024-07-23,199.9,199.9,199.9,199.9,0,0,1
FINNIFTY23JUL2424200PE.NFO,2024-06-21,11:09:00,2024-07-23,199.9,199.9,199.9,199.9,0,0,1
FINNIFTY23JUL2424200PE.NFO,2024-06-21,11:10:00,2024-07-23,199.9,199.9,199.9,199.9,0,0,1
FINNIFTY23JUL2424200PE.NFO,2024-06-21,11:11:00,2024-07-23,199.9,199.9,199.9,199.9,0,0,1
FINNIFTY23JUL2424200PE.NFO,2024-06-21,11:12:00,2024-07-23,199.9,199.9,199.9,199.9,0,0,1
FINNIFTY23JUL2424200PE.NFO,2024-06-21,11:13:00,2024-07-23,199.9,199.9,199.9,199.9,0,0,1
FINNIFTY23JUL2424200PE.NFO,2024-06-21,11:14:00,2024-07-23,199.9,199.9,199.9,199.9,0,0,1
FINNIFTY23JUL2424200PE.NFO,2024-06-21,11:15:00,2024-07-23,199.9,199.9,199.9,199.9,0,0,1
FINNIFTY23JUL2424200PE.NFO,2024-06-21,11:16:00,2024-07-23,199.9,199.9,199.9,199.9,0,0,1
FINNIFTY23JUL2424200PE.NFO,2024-06-21,11:17:00,2024-07-23,199.9,199.9,199.9,199.9,0,0,1
FINNIFTY23JUL2424200PE.NFO,2024-06-21,11:18:00,2024-07-23,199.9,199.9,199.9,199.9,0,0,1
FINNIFTY23JUL2424200PE.NFO,2024-06-21,11:19:00,2024-07-23,199.9,199.9,199.9,199.9,0,0,1
FINNIFTY23JUL2424200PE.NFO,2024-06-21,11:20:00,2024-07-23,199.9,199.9,199.9,199.9,0,0,1
FINNIFTY23JUL2424200PE.NFO,2024-06-21,11:21:00,2024-07-23,199.9,199.9,199.9,199.9,0,0,1
FINNIFTY23JUL2424200PE.NFO,2024-06-21,11:22:00,2024-07-23,199.9,199.9,199.9,199.9,0,0,1
FINNIFTY23JUL2424200PE.NFO,2024-06-21,11:23:00,2024-07-23,199.9,199.9,199.9,199.9,0,0,1
FINNIFTY23JUL2424200PE.NFO,2024-06-21,11:24:00,2024-07-23,199.9,199.9,199.9,199.9,0,0,1
FINNIFTY23JUL2424200PE.NFO,2024-06-21,11:25:00,2024-07-23,199.9,199.9,199.9,199.9,0,0,1
FINNIFTY23JUL2424200PE.NFO,2024-06-21,11:26:00,2024-07-23,199.9,199.9,199.9,199.9,0,0,1
FINNIFTY23JUL2424200PE.NFO,2024-06-21,11:27:00,2024-07-23,199.9,199.9,199.9,199.9,0,0,1
FINNIFTY23JUL2424200PE.NFO,2024-06-21,11:28:00,2024-07-23,199.9,199.9,199.9,199.9,0,0,1
FINNIFTY23JUL2424200PE.NFO,2024-06-21,11:29:00,2024-07-23,199.9,199.9,199.9,199.9,0,0,1
FINNIFTY23JUL2424200PE.NFO,2024-06-21,11:30:00,2024-07-23,199.9,199.9,199.9,199.9,0,0,1
FINNIFTY23JUL2424200PE.NFO,2024-06-21,11:31:00,2024-07-23,199.9,199.9,199.9,199.9,0,0,1
FINNIFTY23JUL2424200PE.NFO,2024-06-21,11:32:00,2024-07-23,199.9,199.9,199.9,199.9,0,0,1
FINNIFTY23JUL2424200PE.NFO,2024-06-21,11:33:00,2024-07-23,199.9,199.9,199.9,199.9,0,0,1
FINNIFTY23JUL2424200PE.NFO,2024-06-21,11:34:00,2024-07-23,199.9,199.9,199.9,199.9,0,0,1
FINNIFTY23JUL2424200PE.NFO,2024-06-21,11:35:00,2024-07-23,199.9,199.9,199.9,199.9,0,0,1
FINNIFTY23JUL2424200PE.NFO,2024-06-21,11:36:00,2024-07-23,199.9,199.9,199.9,199.9,0,0,1
FINNIFTY23JUL2424200PE.NFO,2024-06-21,11:37:00,2024-07-23,199.9,199.9,199.9,199.9,0,0,1
FINNIFTY23JUL2424200PE.NFO,2024-06-21,11:38:00,2024-07-23,199.9,199.9,199.9,199.9,0,0,1
FINNIFTY23JUL2424200PE.NFO,2024-06-21,11:39:00,2024-07-23,199.9,199.9,199.9,199.9,0,0,1
FINNIFTY23JUL2424200PE.NFO,2024-06-21,11:40:00,2024-07-23,199.9,199.9,199.9,199.9,0,0,1
FINNIFTY23JUL2424200PE.NFO,2024-06-21,11:41:00,2024-07-23,199.9,199.9,199.9,199.9,0,0,1
FINNIFTY23JUL2424200PE.NFO,2024-06-21,11:42:00,2024-07-23,199.9,199.9,199.9,199.9,0,0,1
FINNIFTY23JUL2424200PE.NFO,2024-06-21,11:43:00,2024-07-23,199.9,199.9,199.9,199.9,0,0,1
FINNIFTY23JUL2424200PE.NFO,2024-06-21,11:44:00,2024-07-23,199.9,199.9,199.9,199.9,0,0,1
FINNIFTY23JUL2424200PE.NFO,2024-06-21,11:45:00,2024-07-23,199.9,199.9,199.9,199.9,0,0,1
FINNIFTY23JUL2424200PE.NFO,2024-06-21,11:46:00,2024-07-23,199.9,199.9,199.9,199.9,0,0,1
FINNIFTY23JUL2424200PE.NFO,2024-06-21,11:47:00,2024-07-23,199.9,199.9,199.9,199.9,0,0,1
FINNIFTY23JUL2424200PE.NFO,2024-06-21,11:48:00,2024-07-23,199.9,199.9,199.9,199.9,0,0,1
FINNIFTY23JUL2424200PE.NFO,2024-06-21,11:49:00,2024-07-23,199.9,199.9,199.9,199.9,0,0,1
FINNIFTY23JUL2424200PE.NFO,2024-06-21,11:50:00,2024-07-23,199.9,199.9,199.9,199.9,0,0,1
FINNIFTY23JUL2424200PE.NFO,2024-06-21,11:51:00,2024-07-23,199.9,199.9,199.9,199.9,0,0,1
FINNIFTY23JUL2424200PE.NFO,2024-06-21,11:52:00,2024-07-23,199.9,199.9,199.9,199.9,0,0,1
FINNIFTY23JUL2424200PE.NFO,2024-06-21,11:53:00,2024-07-23,199.9,199.9,199.9,199.9,0,0,1
FINNIFTY23JUL2424200PE.NFO,2024-06-21,11:54:00,2024-07-23,199.9,199.9,199.9,199.9,0,0,1
FINNIFTY23JUL2424200PE.NFO,2024-06-21,11:55:00,2024-07-23,199.9,199.9,199.9,199.9,0,0,1
FINNIFTY23JUL2424200PE.NFO,2024-06-21,11:56:00,2024-07-23,199.9,199.9,199.9,199.9,0,0,1
FINNIFTY23JUL2424200PE.NFO,2024-06-21,11:57:00,2024-07-23,199.9,199.9,199.9,199.9,0,0,1
FINNIFTY23JUL2424200PE.NFO,2024-06-21,11:58:00,2024-07-23,199.9,199.9,199.9,199.9,0,0,1
FINNIFTY23JUL2424200PE.NFO,2024-06-21,11:59:00,2024-07-23,199.9,199.9,199.9,199.9,0,0,1
FINNIFTY23JUL2424200PE.NFO,2024-06-21,12:00:00,2024-07-23,199.9,199.9,199.9,199.9,0,0,1
FINNIFTY23JUL2424200PE.NFO,2024-06-21,12:01:00,2024-07-23,199.9,199.9,199.9,199.9,0,0,1
FINNIFTY23JUL2424200PE.NFO,2024-06-21,12:02:00,2024-07-23,199.9,199.9,199.9,199.9,0,0,1
FINNIFTY23JUL2424200PE.NFO,2024-06-21,12:03:00,2024-07-23,199.9,199.9,199.9,199.9,0,0,1
FINNIFTY23JUL2424200PE.NFO,2024-06-21,12:04:00,2024-07-23,199.9,199.9,199.9,199.9,0,0,1
FINNIFTY23JUL2424200PE.NFO,2024-06-21,12:05:00,2024-07-23,199.9,199.9,199.9,199.9,0,0,1
FINNIFTY23JUL2424200PE.NFO,2024-06-21,12:06:00,2024-07-23,199.9,199.9,199.9,199.9,0,0,1
FINNIFTY23JUL2424200PE.NFO,2024-06-21,12:07:00,2024-07-23,199.9,199.9,199.9,199.9,0,0,1
FINNIFTY23JUL2424200PE.NFO,2024-06-21,12:08:00,2024-07-23,199.9,199.9,199.9,199.9,0,0,1
FINNIFTY23JUL2424200PE.NFO,2024-06-21,12:09:00,2024-07-23,199.9,199.9,199.9,199.9,0,0,1
FINNIFTY23JUL2424200PE.NFO,2024-06-21,12:10:00,2024-07-23,199.9,199.9,199.9,199.9,0,0,1
FINNIFTY23JUL2424200PE.NFO,2024-06-21,12:11:00,2024-07-23,199.9,199.9,199.9,199.9,0,0,1
FINNIFTY23JUL2424200PE.NFO,2024-06-21,12:12:00,2024-07-23,199.9,199.9,199.9,199.9,0,0,1
FINNIFTY23JUL2424200PE.NFO,2024-06-21,12:13:00,2024-07-23,199.9,199.9,199.9,199.9,0,0,1
FINNIFTY23JUL2424200PE.NFO,2024-06-21,12:14:00,2024-07-23,199.9,199.9,199.9,199.9,0,0,1
FINNIFTY23JUL2424200PE.NFO,2024-06-21,12:15:00,2024-07-23,199.9,199.9,199.9,199.9,0,0,1
FINNIFTY23JUL2424200PE.NFO,2024-06-21,12:16:00,2024-07-23,199.9,199.9,199.9,199.9,0,0,1
FINNIFTY23JUL2424200PE.NFO,2024-06-21,12:17:00,2024-07-23,199.9,199.9,199.9,199.9,0,0,1
FINNIFTY23JUL2424200PE.NFO,2024-06-21,12:18:00,2024-07-23,199.9,199.9,199.9,199.9,0,0,1
FINNIFTY23JUL2424200PE.NFO,2024-06-21,12:19:00,2024-07-23,199.9,199.9,199.9,199.9,0,0,1
FINNIFTY23JUL2424200PE.NFO,2024-06-21,12:20:00,2024-07-23,199.9,199.9,199.9,199.9,0,0,1
FINNIFTY23JUL2424200PE.NFO,2024-06-21,12:21:00,2024-07-23,199.9,199.9,199.9,199.9,0,0,1
FINNIFTY23JUL2424200PE.NFO,2024-06-21,12:22:00,2024-07-23,199.9,199.9,199.9,199.9,0,0,1
FINNIFTY23JUL2424200PE.NFO,2024-06-21,12:23:00,2024-07-23,199.9,199.9,199.9,199.9,0,0,1
FINNIFTY23JUL2424200PE.NFO,2024-06-21,12:24:00,2024-07-23,199.9,199.9,199.9,199.9,0,0,1
FINNIFTY23JUL2424200PE.NFO,2024-06-21,12:25:00,2024-07-23,199.9,199.9,199.9,199.9,0,0,1
FINNIFTY23JUL2424200PE.NFO,2024-06-21,12:26:00,2024-07-23,199.9,199.9,199.9,199.9,0,0,1
FINNIFTY23JUL2424200PE.NFO,2024-06-21,12:27:00,2024-07-23,199.9,199.9,199.9,199.9,0,0,1
FINNIFTY23JUL2424200PE.NFO,2024-06-21,12:28:00,2024-07-23,199.9,199.9,199.9,199.9,0,0,1
FINNIFTY23JUL2424200PE.NFO,2024-06-21,12:29:00,2024-07-23,199.9,199.9,199.9,199.9,0,0,1
FINNIFTY23JUL2424200PE.NFO,2024-06-21,12:30:00,2024-07-23,199.9,199.9,199.9,199.9,0,0,1
FINNIFTY23JUL2424200PE.NFO,2024-06-21,12:31:00,2024-07-23,199.9,199.9,199.9,199.9,0,0,1
FINNIFTY23JUL2424200PE.NFO,2024-06-21,12:32:00,2024-07-23,199.9,199.9,199.9,199.9,0,0,1
FINNIFTY23JUL2424200PE.NFO,2024-06-21,12:33:00,2024-07-23,199.9,199.9,199.9,199.9,0,0,1
FINNIFTY23JUL2424200PE.NFO,2024-06-21,12:34:00,2024-07-23,199.9,199.9,199.9,199.9,0,0,1
FINNIFTY23JUL2424200PE.NFO,2024-06-21,12:35:00,2024-07-23,199.9,199.9,199.9,199.9,0,0,1
FINNIFTY23JUL2424200PE.NFO,2024-06-21,12:36:00,2024-07-23,199.9,199.9,199.9,199.9,0,0,1
FINNIFTY23JUL2424200PE.NFO,2024-06-21,12:37:00,2024-07-23,199.9,199.9,199.9,199.9,0,0,1
FINNIFTY23JUL2424200PE.NFO,2024-06-21,12:38:00,2024-07-23,199.9,199.9,199.9,199.9,0,0,1
FINNIFTY23JUL2424200PE.NFO,2024-06-21,12:39:00,2024-07-23,199.9,199.9,199.9,199.9,0,0,1
FINNIFTY23JUL2424200PE.NFO,2024-06-21,12:40:00,2024-07-23,199.9,199.9,199.9,199.9,0,0,1
FINNIFTY23JUL2424200PE.NFO,2024-06-21,12:41:00,2024-07-23,199.9,199.9,199.9,199.9,0,0,1
FINNIFTY23JUL2424200PE.NFO,2024-06-21,12:42:00,2024-07-23,199.9,199.9,199.9,199.9,0,0,1
FINNIFTY23JUL2424200PE.NFO,2024-06-21,12:43:00,2024-07-23,199.9,199.9,199.9,199.9,0,0,1
FINNIFTY23JUL2424200PE.NFO,2024-06-21,12:44:00,2024-07-23,199.9,199.9,199.9,199.9,0,0,1
FINNIFTY23JUL2424200PE.NFO,2024-06-21,12:45:00,2024-07-23,199.9,199.9,199.9,199.9,0,0,1
FINNIFTY23JUL2424200PE.NFO,2024-06-21,12:46:00,2024-07-23,199.9,199.9,199.9,199.9,0,0,1
FINNIFTY23JUL2424200PE.NFO,2024-06-21,12:47:00,2024-07-23,199.9,199.9,199.9,199.9,0,0,1
FINNIFTY23JUL2424200PE.NFO,2024-06-21,12:48:00,2024-07-23,199.9,199.9,199.9,199.9,0,0,1
FINNIFTY23JUL2424200PE.NFO,2024-06-21,12:49:00,2024-07-23,199.9,199.9,199.9,199.9,0,0,1
FINNIFTY23JUL2424200PE.NFO,2024-06-21,12:50:00,2024-07-23,199.9,199.9,199.9,199.9,0,0,1
FINNIFTY23JUL2424200PE.NFO,2024-06-21,12:51:00,2024-07-23,199.9,199.9,199.9,199.9,0,0,1
FINNIFTY23JUL2424200PE.NFO,2024-06-21,12:52:00,2024-07-23,199.9,199.9,199.9,199.9,0,0,1
FINNIFTY23JUL2424200PE.NFO,2024-06-21,12:53:00,2024-07-23,199.9,199.9,199.9,199.9,0,0,1
FINNIFTY23JUL2424200PE.NFO,2024-06-21,12:54:00,2024-07-23,199.9,199.9,199.9,199.9,0,0,1
FINNIFTY23JUL2424200PE.NFO,2024-06-21,12:55:00,2024-07-23,199.9,199.9,199.9,199.9,0,0,1
FINNIFTY23JUL2424200PE.NFO,2024-06-21,12:56:00,2024-07-23,199.9,199.9,199.9,199.9,0,0,1
FINNIFTY23JUL2424200PE.NFO,2024-06-21,12:57:00,2024-07-23,199.9,199.9,199.9,199.9,0,0,1
FINNIFTY23JUL2424200PE.NFO,2024-06-21,12:58:00,2024-07-23,199.9,199.9,199.9,199.9,0,0,1
FINNIFTY23JUL2424200PE.NFO,2024-06-21,12:59:00,2024-07-23,199.9,199.9,199.9,199.9,0,0,1
FINNIFTY23JUL2424200PE.NFO,2024-06-21,13:00:00,2024-07-23,199.9,199.9,199.9,199.9,0,0,1
FINNIFTY23JUL2424200PE.NFO,2024-06-21,13:01:00,2024-07-23,199.9,199.9,199.9,199.9,0,0,1
FINNIFTY23JUL2424200PE.NFO,2024-06-21,13:02:00,2024-07-23,199.9,199.9,199.9,199.9,0,0,1
FINNIFTY23JUL2424200PE.NFO,2024-06-21,13:03:00,2024-07-23,199.9,199.9,199.9,199.9,0,0,1
FINNIFTY23JUL2424200PE.NFO,2024-06-21,13:04:00,2024-07-23,199.9,199.9,199.9,199.9,0,0,1
FINNIFTY23JUL2424200PE.NFO,2024-06-21,13:05:00,2024-07-23,199.9,199.9,199.9,199.9,0,0,1
FINNIFTY23JUL2424200PE.NFO,2024-06-21,13:06:00,2024-07-23,199.9,199.9,199.9,199.9,0,0,1
FINNIFTY23JUL2424200PE.NFO,2024-06-21,13:07:00,2024-07-23,199.9,199.9,199.9,199.9,0,0,1
FINNIFTY23JUL2424200PE.NFO,2024-06-21,13:08:00,2024-07-23,199.9,199.9,199.9,199.9,0,0,1
FINNIFTY23JUL2424200PE.NFO,2024-06-21,13:09:00,2024-07-23,199.9,199.9,199.9,199.9,0,0,1
FINNIFTY23JUL2424200PE.NFO,2024-06-21,13:10:00,2024-07-23,199.9,199.9,199.9,199.9,0,0,1
FINNIFTY23JUL2424200PE.NFO,2024-06-21,13:11:00,2024-07-23,199.9,199.9,199.9,199.9,0,0,1
FINNIFTY23JUL2424200PE.NFO,2024-06-21,13:12:00,2024-07-23,199.9,199.9,199.9,199.9,0,0,1
FINNIFTY23JUL2424200PE.NFO,2024-06-21,13:13:00,2024-07-23,199.9,199.9,199.9,199.9,0,0,1
FINNIFTY23JUL2424200PE.NFO,2024-06-21,13:14:00,2024-07-23,199.9,199.9,199.9,199.9,0,0,1
FINNIFTY23JUL2424200PE.NFO,2024-06-21,13:15:00,2024-07-23,199.9,199.9,199.9,199.9,0,0,1
FINNIFTY23JUL2424200PE.NFO,2024-06-21,13:16:00,2024-07-23,199.9,199.9,199.9,199.9,0,0,1
FINNIFTY23JUL2424200PE.NFO,2024-06-21,13:17:00,2024-07-23,199.9,199.9,199.9,199.9,0,0,1
FINNIFTY23JUL2424200PE.NFO,2024-06-21,13:18:00,2024-07-23,199.9,199.9,199.9,199.9,0,0,1
FINNIFTY23JUL2424200PE.NFO,2024-06-21,13:19:00,2024-07-23,199.9,199.9,199.9,199.9,0,0,1
FINNIFTY23JUL2424200PE.NFO,2024-06-21,13:20:00,2024-07-23,199.9,199.9,199.9,199.9,0,0,1
FINNIFTY23JUL2424200PE.NFO,2024-06-21,13:21:00,2024-07-23,199.9,199.9,199.9,199.9,0,0,1
FINNIFTY23JUL2424200PE.NFO,2024-06-21,13:22:00,2024-07-23,199.9,199.9,199.9,199.9,0,0,1
FINNIFTY23JUL2424200PE.NFO,2024-06-21,13:23:00,2024-07-23,199.9,199.9,199.9,199.9,0,0,1
FINNIFTY23JUL2424200PE.NFO,2024-06-21,13:24:00,2024-07-23,199.9,199.9,199.9,199.9,0,0,1
FINNIFTY23JUL2424200PE.NFO,2024-06-21,13:25:00,2024-07-23,199.9,199.9,199.9,199.9,0,0,1
FINNIFTY23JUL2424200PE.NFO,2024-06-21,13:26:00,2024-07-23,199.9,199.9,199.9,199.9,0,0,1
FINNIFTY23JUL2424200PE.NFO,2024-06-21,13:27:00,2024-07-23,199.9,199.9,199.9,199.9,0,0,1
FINNIFTY23JUL2424200PE.NFO,2024-06-21,13:28:00,2024-07-23,199.9,199.9,199.9,199.9,0,0,1
FINNIFTY23JUL2424200PE.NFO,2024-06-21,13:29:00,2024-07-23,199.9,199.9,199.9,199.9,0,0,1
FINNIFTY23JUL2424200PE.NFO,2024-06-21,13:30:00,2024-07-23,199.9,199.9,199.9,199.9,0,0,1
FINNIFTY23JUL2424200PE.NFO,2024-06-21,13:31:00,2024-07-23,199.9,199.9,199.9,199.9,0,0,1
FINNIFTY23JUL2424200PE.NFO,2024-06-21,13:32:00,2024-07-23,199.9,199.9,199.9,199.9,0,0,1
FINNIFTY23JUL2424200PE.NFO,2024-06-21,13:33:00,2024-07-23,199.9,199.9,199.9,199.9,0,0,1
FINNIFTY23JUL2424200PE.NFO,2024-06-21,13:34:00,2024-07-23,199.9,199.9,199.9,199.9,0,0,1
FINNIFTY23JUL2424200PE.NFO,2024-06-21,13:35:00,2024-07-23,199.9,199.9,199.9,199.9,0,0,1
FINNIFTY23JUL2424200PE.NFO,2024-06-21,13:36:00,2024-07-23,199.9,199.9,199.9,199.9,0,0,1
FINNIFTY23JUL2424200PE.NFO,2024-06-21,13:37:00,2024-07-23,199.9,199.9,199.9,199.9,0,0,1
FINNIFTY23JUL2424200PE.NFO,2024-06-21,13:38:00,2024-07-23,199.9,199.9,199.9,199.9,0,0,1
FINNIFTY23JUL2424200PE.NFO,2024-06-21,13:39:00,2024-07-23,199.9,199.9,199.9,199.9,0,0,1
FINNIFTY23JUL2424200PE.NFO,2024-06-21,13:40:00,2024-07-23,199.9,199.9,199.9,199.9,0,0,1
FINNIFTY23JUL2424200PE.NFO,2024-06-21,13:41:00,2024-07-23,199.9,199.9,199.9,199.9,0,0,1
FINNIFTY23JUL2424200PE.NFO,2024-06-21,13:42:00,2024-07-23,199.9,199.9,199.9,199.9,0,0,1
FINNIFTY23JUL2424200PE.NFO,2024-06-21,13:43:00,2024-07-23,199.9,199.9,199.9,199.9,0,0,1
FINNIFTY23JUL2424200PE.NFO,2024-06-21,13:44:00,2024-07-23,199.9,199.9,199.9,199.9,0,0,1
FINNIFTY23JUL2424200PE.NFO,2024-06-21,13:45:00,2024-07-23,199.9,199.9,199.9,199.9,0,0,1
FINNIFTY23JUL2424200PE.NFO,2024-06-21,13:46:00,2024-07-23,199.9,199.9,199.9,199.9,0,0,1
FINNIFTY23JUL2424200PE.NFO,2024-06-21,13:47:00,2024-07-23,199.9,199.9,199.9,199.9,0,0,1
FINNIFTY23JUL2424200PE.NFO,2024-06-21,13:48:00,2024-07-23,199.9,199.9,199.9,199.9,0,0,1
FINNIFTY23JUL2424200PE.NFO,2024-06-21,13:49:00,2024-07-23,199.9,199.9,199.9,199.9,0,0,1
FINNIFTY23JUL2424200PE.NFO,2024-06-21,13:50:00,2024-07-23,199.9,199.9,199.9,199.9,0,0,1
FINNIFTY23JUL2424200PE.NFO,2024-06-21,13:51:00,2024-07-23,199.9,199.9,199.9,199.9,0,0,1
FINNIFTY23JUL2424200PE.NFO,2024-06-21,13:52:00,2024-07-23,199.9,199.9,199.9,199.9,0,0,1
FINNIFTY23JUL2424200PE.NFO,2024-06-21,13:53:00,2024-07-23,199.9,199.9,199.9,199.9,0,0,1
FINNIFTY23JUL2424200PE.NFO,2024-06-21,13:54:00,2024-07-23,199.9,199.9,199.9,199.9,0,0,1
FINNIFTY23JUL2424200PE.NFO,2024-06-21,13:55:00,2024-07-23,199.9,199.9,199.9,199.9,0,0,1
FINNIFTY23JUL2424200PE.NFO,2024-06-21,13:56:00,2024-07-23,199.9,199.9,199.9,199.9,0,0,1
FINNIFTY23JUL2424200PE.NFO,2024-06-21,13:57:00,2024-07-23,199.9,199.9,199.9,199.9,0,0,1
FINNIFTY23JUL2424200PE.NFO,2024-06-21,13:58:00,2024-07-23,199.9,199.9,199.9,199.9,0,0,1
FINNIFTY23JUL2424200PE.NFO,2024-06-21,13:59:00,2024-07-23,199.9,199.9,199.9,199.9,0,0,1
FINNIFTY23JUL2424200PE.NFO,2024-06-21,14:00:00,2024-07-23,199.9,199.9,199.9,199.9,0,0,1
FINNIFTY23JUL2424200PE.NFO,2024-06-21,14:01:00,2024-07-23,199.9,199.9,199.9,199.9,0,0,1
FINNIFTY23JUL2424200PE.NFO,2024-06-21,14:02:00,2024-07-23,199.9,199.9,199.9,199.9,0,0,1
FINNIFTY23JUL2424200PE.NFO,2024-06-21,14:03:00,2024-07-23,199.9,199.9,199.9,199.9,0,0,1
FINNIFTY23JUL2424200PE.NFO,2024-06-21,14:04:00,2024-07-23,199.9,199.9,199.9,199.9,0,0,1
FINNIFTY23JUL2424200PE.NFO,2024-06-21,14:05:00,2024-07-23,199.9,199.9,199.9,199.9,0,0,1
FINNIFTY23JUL2424200PE.NFO,2024-06-21,14:06:00,2024-07-23,199.9,199.9,199.9,199.9,0,0,1
FINNIFTY23JUL2424200PE.NFO,2024-06-21,14:07:00,2024-07-23,199.9,199.9,199.9,199.9,0,0,1
FINNIFTY23JUL2424200PE.NFO,2024-06-21,14:08:00,2024-07-23,199.9,199.9,199.9,199.9,0,0,1
FINNIFTY23JUL2424200PE.NFO,2024-06-21,14:09:00,2024-07-23,199.9,199.9,199.9,199.9,0,0,1
FINNIFTY23JUL2424200PE.NFO,2024-06-21,14:10:00,2024-07-23,199.9,199.9,199.9,199.9,0,0,1
FINNIFTY23JUL2424200PE.NFO,2024-06-21,14:11:00,2024-07-23,199.9,199.9,199.9,199.9,0,0,1
FINNIFTY23JUL2424200PE.NFO,2024-06-21,14:12:00,2024-07-23,199.9,199.9,199.9,199.9,0,0,1
FINNIFTY23JUL2424200PE.NFO,2024-06-21,14:13:00,2024-07-23,199.9,199.9,199.9,199.9,0,0,1
FINNIFTY23JUL2424200PE.NFO,2024-06-21,14:14:00,2024-07-23,199.9,199.9,199.9,199.9,0,0,1
FINNIFTY23JUL2424200PE.NFO,2024-06-21,14:15:00,2024-07-23,199.9,199.9,199.9,199.9,0,0,1
FINNIFTY23JUL2424200PE.NFO,2024-06-21,14:16:00,2024-07-23,199.9,199.9,199.9,199.9,0,0,1
FINNIFTY23JUL2424200PE.NFO,2024-06-21,14:17:00,2024-07-23,199.9,199.9,199.9,199.9,0,0,1
FINNIFTY23JUL2424200PE.NFO,2024-06-21,14:18:00,2024-07-23,199.9,199.9,199.9,199.9,0,0,1
FINNIFTY23JUL2424200PE.NFO,2024-06-21,14:19:00,2024-07-23,199.9,199.9,199.9,199.9,0,0,1
FINNIFTY23JUL2424200PE.NFO,2024-06-21,14:20:00,2024-07-23,199.9,199.9,199.9,199.9,0,0,1
FINNIFTY23JUL2424200PE.NFO,2024-06-21,14:21:00,2024-07-23,199.9,199.9,199.9,199.9,0,0,1
FINNIFTY23JUL2424200PE.NFO,2024-06-21,14:22:00,2024-07-23,199.9,199.9,199.9,199.9,0,0,1
FINNIFTY23JUL2424200PE.NFO,2024-06-21,14:23:00,2024-07-23,199.9,199.9,199.9,199.9,0,0,1
FINNIFTY23JUL2424200PE.NFO,2024-06-21,14:24:00,2024-07-23,199.9,199.9,199.9,199.9,0,0,1
FINNIFTY23JUL2424200PE.NFO,2024-06-21,14:25:00,2024-07-23,199.9,199.9,199.9,199.9,0,0,1
FINNIFTY23JUL2424200PE.NFO,2024-06-21,14:26:00,2024-07-23,199.9,199.9,199.9,199.9,0,0,1
FINNIFTY23JUL2424200PE.NFO,2024-06-21,14:27:00,2024-07-23,199.9,199.9,199.9,199.9,0,0,1
FINNIFTY23JUL2424200PE.NFO,2024-06-21,14:28:00,2024-07-23,199.9,199.9,199.9,199.9,0,0,1
FINNIFTY23JUL2424200PE.NFO,2024-06-21,14:29:00,2024-07-23,199.9,199.9,199.9,199.9,0,0,1
FINNIFTY23JUL2424200PE.NFO,2024-06-21,14:30:00,2024-07-23,199.9,199.9,199.9,199.9,0,0,1
FINNIFTY23JUL2424200PE.NFO,2024-06-21,14:31:00,2024-07-23,199.9,199.9,199.9,199.9,0,0,1
FINNIFTY23JUL2424200PE.NFO,2024-06-21,14:32:00,2024-07-23,199.9,199.9,199.9,199.9,0,0,1
FINNIFTY23JUL2424200PE.NFO,2024-06-21,14:33:00,2024-07-23,199.9,199.9,199.9,199.9,0,0,1
FINNIFTY23JUL2424200PE.NFO,2024-06-21,14:34:00,2024-07-23,199.9,199.9,199.9,199.9,0,0,1
FINNIFTY23JUL2424200PE.NFO,2024-06-21,14:35:00,2024-07-23,199.9,199.9,199.9,199.9,0,0,1
FINNIFTY23JUL2424200PE.NFO,2024-06-21,14:36:00,2024-07-23,199.9,199.9,199.9,199.9,0,0,1
FINNIFTY23JUL2424200PE.NFO,2024-06-21,14:37:00,2024-07-23,199.9,199.9,199.9,199.9,0,0,1
FINNIFTY23JUL2424200PE.NFO,2024-06-21,14:38:00,2024-07-23,199.9,199.9,199.9,199.9,0,0,1
FINNIFTY23JUL2424200PE.NFO,2024-06-21,14:39:00,2024-07-23,199.9,199.9,199.9,199.9,0,0,1
FINNIFTY23JUL2424200PE.NFO,2024-06-21,14:40:00,2024-07-23,199.9,199.9,199.9,199.9,0,0,1
FINNIFTY23JUL2424200PE.NFO,2024-06-21,14:41:00,2024-07-23,199.9,199.9,199.9,199.9,0,0,1
FINNIFTY23JUL2424200PE.NFO,2024-06-21,14:42:00,2024-07-23,199.9,199.9,199.9,199.9,0,0,1
FINNIFTY23JUL2424200PE.NFO,2024-06-21,14:43:00,2024-07-23,199.9,199.9,199.9,199.9,0,0,1
FINNIFTY23JUL2424200PE.NFO,2024-06-21,14:44:00,2024-07-23,199.9,199.9,199.9,199.9,0,0,1
FINNIFTY23JUL2424200PE.NFO,2024-06-21,14:45:00,2024-07-23,199.9,199.9,199.9,199.9,0,0,1
FINNIFTY23JUL2424200PE.NFO,2024-06-21,14:46:00,2024-07-23,199.9,199.9,199.9,199.9,0,0,1
FINNIFTY23JUL2424200PE.NFO,2024-06-21,14:47:00,2024-07-23,199.9,199.9,199.9,199.9,0,0,1
FINNIFTY23JUL2424200PE.NFO,2024-06-21,14:48:00,2024-07-23,199.9,199.9,199.9,199.9,0,0,1
FINNIFTY23JUL2424200PE.NFO,2024-06-21,14:49:00,2024-07-23,199.9,199.9,199.9,199.9,0,0,1
FINNIFTY23JUL2424200PE.NFO,2024-06-21,14:50:00,2024-07-23,199.9,199.9,199.9,199.9,0,0,1
FINNIFTY23JUL2424200PE.NFO,2024-06-21,14:51:00,2024-07-23,199.9,199.9,199.9,199.9,0,0,1
FINNIFTY23JUL2424200PE.NFO,2024-06-21,14:52:00,2024-07-23,199.9,199.9,199.9,199.9,0,0,1
FINNIFTY23JUL2424200PE.NFO,2024-06-21,14:53:00,2024-07-23,199.9,199.9,199.9,199.9,0,0,1
FINNIFTY23JUL2424200PE.NFO,2024-06-21,14:54:00,2024-07-23,199.9,199.9,199.9,199.9,0,0,1
FINNIFTY23JUL2424200PE.NFO,2024-06-21,14:55:00,2024-07-23,199.9,199.9,199.9,199.9,0,0,1
FINNIFTY23JUL2424200PE.NFO,2024-06-21,14:56:00,2024-07-23,199.9,199.9,199.9,199.9,0,0,1
FINNIFTY23JUL2424200PE.NFO,2024-06-21,14:57:00,2024-07-23,199.9,199.9,199.9,199.9,0,0,1
FINNIFTY23JUL2424200PE.NFO,2024-06-21,14:58:00,2024-07-23,199.9,199.9,199.9,199.9,0,0,1
FINNIFTY23JUL2424200PE.NFO,2024-06-21,14:59:00,2024-07-23,199.9,199.9,199.9,199.9,0,0,1
FINNIFTY23JUL2424200PE.NFO,2024-06-21,15:00:00,2024-07-23,199.9,199.9,199.9,199.9,0,0,1
FINNIFTY23JUL2424200PE.NFO,2024-06-21,15:01:00,2024-07-23,199.9,199.9,199.9,199.9,0,0,1
FINNIFTY23JUL2424200PE.NFO,2024-06-21,15:02:00,2024-07-23,199.9,199.9,199.9,199.9,0,0,1
FINNIFTY23JUL2424200PE.NFO,2024-06-21,15:03:00,2024-07-23,199.9,199.9,199.9,199.9,0,0,1
FINNIFTY23JUL2424200PE.NFO,2024-06-21,15:04:00,2024-07-23,199.9,199.9,199.9,199.9,0,0,1
FINNIFTY23JUL2424200PE.NFO,2024-06-21,15:05:00,2024-07-23,199.9,199.9,199.9,199.9,0,0,1
FINNIFTY23JUL2424200PE.NFO,2024-06-21,15:06:00,2024-07-23,199.9,199.9,199.9,199.9,0,0,1
FINNIFTY23JUL2424200PE.NFO,2024-06-21,15:07:00,2024-07-23,199.9,199.9,199.9,199.9,0,0,1
FINNIFTY23JUL2424200PE.NFO,2024-06-21,15:08:00,2024-07-23,199.9,199.9,199.9,199.9,0,0,1
FINNIFTY23JUL2424200PE.NFO,2024-06-21,15:09:00,2024-07-23,199.9,199.9,199.9,199.9,0,0,1
FINNIFTY23JUL2424200PE.NFO,2024-06-21,15:10:00,2024-07-23,199.9,199.9,199.9,199.9,0,0,1
FINNIFTY23JUL2424200PE.NFO,2024-06-21,15:11:00,2024-07-23,199.9,199.9,199.9,199.9,0,0,1
FINNIFTY23JUL2424200PE.NFO,2024-06-21,15:12:00,2024-07-23,199.9,199.9,199.9,199.9,0,0,1
FINNIFTY23JUL2424200PE.NFO,2024-06-21,15:13:00,2024-07-23,199.9,199.9,199.9,199.9,0,0,1
FINNIFTY23JUL2424200PE.NFO,2024-06-21,15:14:00,2024-07-23,199.9,199.9,199.9,199.9,0,0,1
FINNIFTY23JUL2424200PE.NFO,2024-06-21,15:15:00,2024-07-23,199.9,199.9,199.9,199.9,0,0,1
FINNIFTY23JUL2424200PE.NFO,2024-06-21,15:16:00,2024-07-23,199.9,199.9,199.9,199.9,0,0,1
FINNIFTY23JUL2424200PE.NFO,2024-06-21,15:17:00,2024-07-23,199.9,199.9,199.9,199.9,0,0,1
FINNIFTY23JUL2424200PE.NFO,2024-06-21,15:18:00,2024-07-23,199.9,199.9,199.9,199.9,0,0,1
FINNIFTY23JUL2424200PE.NFO,2024-06-21,15:19:00,2024-07-23,199.9,199.9,199.9,199.9,0,0,1
FINNIFTY23JUL2424200PE.NFO,2024-06-21,15:20:00,2024-07-23,199.9,199.9,199.9,199.9,0,0,1
FINNIFTY23JUL2424200PE.NFO,2024-06-21,15:21:00,2024-07-23,199.9,199.9,199.9,199.9,0,0,1
FINNIFTY23JUL2424200PE.NFO,2024-06-21,15:22:00,2024-07-23,199.9,199.9,199.9,199.9,0,0,1
FINNIFTY23JUL2424200PE.NFO,2024-06-21,15:23:00,2024-07-23,199.9,199.9,199.9,199.9,0,0,1
FINNIFTY23JUL2424200PE.NFO,2024-06-21,15:24:00,2024-07-23,199.9,199.9,199.9,199.9,0,0,1
FINNIFTY23JUL2424200PE.NFO,2024-06-21,15:25:00,2024-07-23,199.9,199.9,199.9,199.9,0,0,1
FINNIFTY23JUL2424200PE.NFO,2024-06-21,15:26:00,2024-07-23,199.9,199.9,199.9,199.9,0,0,1
FINNIFTY23JUL2424200PE.NFO,2024-06-21,15:27:00,2024-07-23,199.9,199.9,199.9,199.9,0,0,1
FINNIFTY23JUL2424200PE.NFO,2024-06-21,15:28:00,2024-07-23,199.9,199.9,199.9,199.9,0,0,1
FINNIFTY23JUL2424200PE.NFO,2024-06-21,15:29:00,2024-07-23,199.9,199.9,199.9,199.9,0,0,1
FINNIFTY23JUL2424200PE.NFO,2024-06-21,15:30:00,2024-07-23,199.9,199.9,199.9,199.9,0,0,1
FINNIFTY23JUL2424200PE.NFO,2024-06-24,09:15:00,2024-07-23,199.9,199.9,199.9,199.9,0,0,0
FINNIFTY23JUL2424200PE.NFO,2024-06-24,09:16:00,2024-07-23,199.9,199.9,199.9,199.9,0,0,1
FINNIFTY23JUL2424200PE.NFO,2024-06-24,09:17:00,2024-07-23,199.9,199.9,199.9,199.9,0,0,1
FINNIFTY23JUL2424200PE.NFO,2024-06-24,09:18:00,2024-07-23,199.9,199.9,199.9,199.9,0,0,1
FINNIFTY23JUL2424200PE.NFO,2024-06-24,09:19:00,2024-07-23,199.9,199.9,199.9,199.9,0,0,1
FINNIFTY23JUL2424200PE.NFO,2024-06-24,09:20:00,2024-07-23,199.9,199.9,199.9,199.9,0,0,1
FINNIFTY23JUL2424200PE.NFO,2024-06-24,09:21:00,2024-07-23,199.9,199.9,199.9,199.9,0,0,1
FINNIFTY23JUL2424200PE.NFO,2024-06-24,09:22:00,2024-07-23,199.9,199.9,199.9,199.9,0,0,1
FINNIFTY23JUL2424200PE.NFO,2024-06-24,09:23:00,2024-07-23,199.9,199.9,199.9,199.9,0,0,1
FINNIFTY23JUL2424200PE.NFO,2024-06-24,09:24:00,2024-07-23,199.9,199.9,199.9,199.9,0,0,1
FINNIFTY23JUL2424200PE.NFO,2024-06-24,09:25:00,2024-07-23,199.9,199.9,199.9,199.9,0,0,1
FINNIFTY23JUL2424200PE.NFO,2024-06-24,09:26:00,2024-07-23,199.9,199.9,199.9,199.9,0,0,1
FINNIFTY23JUL2424200PE.NFO,2024-06-24,09:27:00,2024-07-23,199.9,199.9,199.9,199.9,0,0,1
FINNIFTY23JUL2424200PE.NFO,2024-06-24,09:28:00,2024-07-23,199.9,199.9,199.9,199.9,0,0,1
FINNIFTY23JUL2424200PE.NFO,2024-06-24,09:29:00,2024-07-23,199.9,199.9,199.9,199.9,0,0,1
FINNIFTY23JUL2424200PE.NFO,2024-06-24,09:30:00,2024-07-23,199.9,199.9,199.9,199.9,0,0,1
FINNIFTY23JUL2424200PE.NFO,2024-06-24,09:31:00,2024-07-23,199.9,199.9,199.9,199.9,0,0,1
FINNIFTY23JUL2424200PE.NFO,2024-06-24,09:32:00,2024-07-23,199.9,199.9,199.9,199.9,0,0,1
FINNIFTY23JUL2424200PE.NFO,2024-06-24,09:33:00,2024-07-23,199.9,199.9,199.9,199.9,0,0,1
FINNIFTY23JUL2424200PE.NFO,2024-06-24,09:34:00,2024-07-23,199.9,199.9,199.9,199.9,0,0,1
FINNIFTY23JUL2424200PE.NFO,2024-06-24,09:35:00,2024-07-23,199.9,199.9,199.9,199.9,0,0,1
FINNIFTY23JUL2424200PE.NFO,2024-06-24,09:36:00,2024-07-23,199.9,199.9,199.9,199.9,0,0,1
FINNIFTY23JUL2424200PE.NFO,2024-06-24,09:37:00,2024-07-23,199.9,199.9,199.9,199.9,0,0,1
FINNIFTY23JUL2424200PE.NFO,2024-06-24,09:38:00,2024-07-23,199.9,199.9,199.9,199.9,0,0,1
FINNIFTY23JUL2424200PE.NFO,2024-06-24,09:39:00,2024-07-23,199.9,199.9,199.9,199.9,0,0,1
FINNIFTY23JUL2424200PE.NFO,2024-06-24,09:40:00,2024-07-23,199.9,199.9,199.9,199.9,0,0,1
FINNIFTY23JUL2424200PE.NFO,2024-06-24,09:41:00,2024-07-23,199.9,199.9,199.9,199.9,0,0,1
FINNIFTY23JUL2424200PE.NFO,2024-06-24,09:42:00,2024-07-23,199.9,199.9,199.9,199.9,0,0,1
FINNIFTY23JUL2424200PE.NFO,2024-06-24,09:43:00,2024-07-23,199.9,199.9,199.9,199.9,0,0,1
FINNIFTY23JUL2424200PE.NFO,2024-06-24,09:44:00,2024-07-23,199.9,199.9,199.9,199.9,0,0,1
FINNIFTY23JUL2424200PE.NFO,2024-06-24,09:45:00,2024-07-23,199.9,199.9,199.9,199.9,0,0,1
FINNIFTY23JUL2424200PE.NFO,2024-06-24,09:46:00,2024-07-23,199.9,199.9,199.9,199.9,0,0,1
FINNIFTY23JUL2424200PE.NFO,2024-06-24,09:47:00,2024-07-23,199.9,199.9,199.9,199.9,0,0,1
FINNIFTY23JUL2424200PE.NFO,2024-06-24,09:48:00,2024-07-23,199.9,199.9,199.9,199.9,0,0,1
FINNIFTY23JUL2424200PE.NFO,2024-06-24,09:49:00,2024-07-23,199.9,199.9,199.9,199.9,0,0,1
FINNIFTY23JUL2424200PE.NFO,2024-06-24,09:50:00,2024-07-23,199.9,199.9,199.9,199.9,0,0,1
FINNIFTY23JUL2424200PE.NFO,2024-06-24,09:51:00,2024-07-23,199.9,199.9,199.9,199.9,0,0,1
FINNIFTY23JUL2424200PE.NFO,2024-06-24,09:52:00,2024-07-23,199.9,199.9,199.9,199.9,0,0,1
FINNIFTY23JUL2424200PE.NFO,2024-06-24,09:53:00,2024-07-23,199.9,199.9,199.9,199.9,0,0,1
FINNIFTY23JUL2424200PE.NFO,2024-06-24,09:54:00,2024-07-23,199.9,199.9,199.9,199.9,0,0,1
FINNIFTY23JUL2424200PE.NFO,2024-06-24,09:55:00,2024-07-23,199.9,199.9,199.9,199.9,0,0,1
FINNIFTY23JUL2424200PE.NFO,2024-06-24,09:56:00,2024-07-23,199.9,199.9,199.9,199.9,0,0,1
FINNIFTY23JUL2424200PE.NFO,2024-06-24,09:57:00,2024-07-23,199.9,199.9,199.9,199.9,0,0,1
FINNIFTY23JUL2424200PE.NFO,2024-06-24,09:58:00,2024-07-23,199.9,199.9,199.9,199.9,0,0,1
FINNIFTY23JUL2424200PE.NFO,2024-06-24,09:59:00,2024-07-23,199.9,199.9,199.9,199.9,0,0,1
FINNIFTY23JUL2424200PE.NFO,2024-06-24,10:00:00,2024-07-23,199.9,199.9,199.9,199.9,0,0,1
FINNIFTY23JUL2424200PE.NFO,2024-06-24,10:01:00,2024-07-23,199.9,199.9,199.9,199.9,0,0,1
FINNIFTY23JUL2424200PE.NFO,2024-06-24,10:02:00,2024-07-23,199.9,199.9,199.9,199.9,0,0,1
FINNIFTY23JUL2424200PE.NFO,2024-06-24,10:03:00,2024-07-23,199.9,199.9,199.9,199.9,0,0,1
FINNIFTY23JUL2424200PE.NFO,2024-06-24,10:04:00,2024-07-23,199.9,199.9,199.9,199.9,0,0,1
FINNIFTY23JUL2424200PE.NFO,2024-06-24,10:05:00,2024-07-23,199.9,199.9,199.9,199.9,0,0,1
FINNIFTY23JUL2424200PE.NFO,2024-06-24,10:06:00,2024-07-23,199.9,199.9,199.9,199.9,0,0,1
FINNIFTY23JUL2424200PE.NFO,2024-06-24,10:07:00,2024-07-23,199.9,199.9,199.9,199.9,0,0,1
FINNIFTY23JUL2424200PE.NFO,2024-06-24,10:08:00,2024-07-23,199.9,199.9,199.9,199.9,0,0,1
FINNIFTY23JUL2424200PE.NFO,2024-06-24,10:09:00,2024-07-23,199.9,199.9,199.9,199.9,0,0,1
FINNIFTY23JUL2424200PE.NFO,2024-06-24,10:10:00,2024-07-23,199.9,199.9,199.9,199.9,0,0,1
FINNIFTY23JUL2424200PE.NFO,2024-06-24,10:11:00,2024-07-23,199.9,199.9,199.9,199.9,0,0,1
FINNIFTY23JUL2424200PE.NFO,2024-06-24,10:12:00,2024-07-23,199.9,199.9,199.9,199.9,0,0,1
FINNIFTY23JUL2424200PE.NFO,2024-06-24,10:13:00,2024-07-23,199.9,199.9,199.9,199.9,0,0,1
FINNIFTY23JUL2424200PE.NFO,2024-06-24,10:14:00,2024-07-23,199.9,199.9,199.9,199.9,0,0,1
FINNIFTY23JUL2424200PE.NFO,2024-06-24,10:15:00,2024-07-23,199.9,199.9,199.9,199.9,0,0,1
FINNIFTY23JUL2424200PE.NFO,2024-06-24,10:16:00,2024-07-23,199.9,199.9,199.9,199.9,0,0,1
FINNIFTY23JUL2424200PE.NFO,2024-06-24,10:17:00,2024-07-23,199.9,199.9,199.9,199.9,0,0,1
FINNIFTY23JUL2424200PE.NFO,2024-06-24,10:18:00,2024-07-23,199.9,199.9,199.9,199.9,0,0,1
FINNIFTY23JUL2424200PE.NFO,2024-06-24,10:19:00,2024-07-23,199.9,199.9,199.9,199.9,0,0,1
FINNIFTY23JUL2424200PE.NFO,2024-06-24,10:20:00,2024-07-23,199.9,199.9,199.9,199.9,0,0,1
FINNIFTY23JUL2424200PE.NFO,2024-06-24,10:21:00,2024-07-23,199.9,199.9,199.9,199.9,0,0,1
FINNIFTY23JUL2424200PE.NFO,2024-06-24,10:22:00,2024-07-23,199.9,199.9,199.9,199.9,0,0,1
FINNIFTY23JUL2424200PE.NFO,2024-06-24,10:23:00,2024-07-23,199.9,199.9,199.9,199.9,0,0,1
FINNIFTY23JUL2424200PE.NFO,2024-06-24,10:24:00,2024-07-23,199.9,199.9,199.9,199.9,0,0,1
FINNIFTY23JUL2424200PE.NFO,2024-06-24,10:25:00,2024-07-23,199.9,199.9,199.9,199.9,0,0,1
FINNIFTY23JUL2424200PE.NFO,2024-06-24,10:26:00,2024-07-23,199.9,199.9,199.9,199.9,0,0,1
FINNIFTY23JUL2424200PE.NFO,2024-06-24,10:27:00,2024-07-23,199.9,199.9,199.9,199.9,0,0,1
FINNIFTY23JUL2424200PE.NFO,2024-06-24,10:28:00,2024-07-23,199.9,199.9,199.9,199.9,0,0,1
FINNIFTY23JUL2424200PE.NFO,2024-06-24,10:29:00,2024-07-23,199.9,199.9,199.9,199.9,0,0,1
FINNIFTY23JUL2424200PE.NFO,2024-06-24,10:30:00,2024-07-23,199.9,199.9,199.9,199.9,0,0,1
FINNIFTY23JUL2424200PE.NFO,2024-06-24,10:31:00,2024-07-23,199.9,199.9,199.9,199.9,0,0,1
FINNIFTY23JUL2424200PE.NFO,2024-06-24,10:32:00,2024-07-23,199.9,199.9,199.9,199.9,0,0,1
FINNIFTY23JUL2424200PE.NFO,2024-06-24,10:33:00,2024-07-23,199.9,199.9,199.9,199.9,0,0,1
FINNIFTY23JUL2424200PE.NFO,2024-06-24,10:34:00,2024-07-23,199.9,199.9,199.9,199.9,0,0,1
FINNIFTY23JUL2424200PE.NFO,2024-06-24,10:35:00,2024-07-23,199.9,199.9,199.9,199.9,0,0,1
FINNIFTY23JUL2424200PE.NFO,2024-06-24,10:36:00,2024-07-23,199.9,199.9,199.9,199.9,0,0,1
FINNIFTY23JUL2424200PE.NFO,2024-06-24,10:37:00,2024-07-23,199.9,199.9,199.9,199.9,0,0,1
FINNIFTY23JUL2424200PE.NFO,2024-06-24,10:38:00,2024-07-23,199.9,199.9,199.9,199.9,0,0,1
FINNIFTY23JUL2424200PE.NFO,2024-06-24,10:39:00,2024-07-23,199.9,199.9,199.9,199.9,0,0,1
FINNIFTY23JUL2424200PE.NFO,2024-06-24,10:40:00,2024-07-23,199.9,199.9,199.9,199.9,0,0,1
FINNIFTY23JUL2424200PE.NFO,2024-06-24,10:41:00,2024-07-23,199.9,199.9,199.9,199.9,0,0,1
FINNIFTY23JUL2424200PE.NFO,2024-06-24,10:42:00,2024-07-23,199.9,199.9,199.9,199.9,0,0,1
FINNIFTY23JUL2424200PE.NFO,2024-06-24,10:43:00,2024-07-23,199.9,199.9,199.9,199.9,0,0,1
FINNIFTY23JUL2424200PE.NFO,2024-06-24,10:44:00,2024-07-23,199.9,199.9,199.9,199.9,0,0,1
FINNIFTY23JUL2424200PE.NFO,2024-06-24,10:45:00,2024-07-23,199.9,199.9,199.9,199.9,0,0,1
FINNIFTY23JUL2424200PE.NFO,2024-06-24,10:46:00,2024-07-23,199.9,199.9,199.9,199.9,0,0,1
FINNIFTY23JUL2424200PE.NFO,2024-06-24,10:47:00,2024-07-23,199.9,199.9,199.9,199.9,0,0,1
FINNIFTY23JUL2424200PE.NFO,2024-06-24,10:48:00,2024-07-23,199.9,199.9,199.9,199.9,0,0,1
FINNIFTY23JUL2424200PE.NFO,2024-06-24,10:49:00,2024-07-23,199.9,199.9,199.9,199.9,0,0,1
FINNIFTY23JUL2424200PE.NFO,2024-06-24,10:50:00,2024-07-23,199.9,199.9,199.9,199.9,0,0,1
FINNIFTY23JUL2424200PE.NFO,2024-06-24,10:51:00,2024-07-23,199.9,199.9,199.9,199.9,0,0,1
FINNIFTY23JUL2424200PE.NFO,2024-06-24,10:52:00,2024-07-23,199.9,199.9,199.9,199.9,0,0,1
FINNIFTY23JUL2424200PE.NFO,2024-06-24,10:53:00,2024-07-23,199.9,199.9,199.9,199.9,0,0,1
FINNIFTY23JUL2424200PE.NFO,2024-06-24,10:54:00,2024-07-23,199.9,199.9,199.9,199.9,0,0,1
FINNIFTY23JUL2424200PE.NFO,2024-06-24,10:55:00,2024-07-23,199.9,199.9,199.9,199.9,0,0,1
FINNIFTY23JUL2424200PE.NFO,2024-06-24,10:56:00,2024-07-23,199.9,199.9,199.9,199.9,0,0,1
FINNIFTY23JUL2424200PE.NFO,2024-06-24,10:57:00,2024-07-23,199.9,199.9,199.9,199.9,0,0,1
FINNIFTY23JUL2424200PE.NFO,2024-06-24,10:58:00,2024-07-23,199.9,199.9,199.9,199.9,0,0,1
FINNIFTY23JUL2424200PE.NFO,2024-06-24,10:59:00,2024-07-23,199.9,199.9,199.9,199.9,0,0,1
FINNIFTY23JUL2424200PE.NFO,2024-06-24,11:00:00,2024-07-23,199.9,199.9,199.9,199.9,0,0,1
FINNIFTY23JUL2424200PE.NFO,2024-06-24,11:01:00,2024-07-23,199.9,199.9,199.9,199.9,0,0,1
FINNIFTY23JUL2424200PE.NFO,2024-06-24,11:02:00,2024-07-23,199.9,199.9,199.9,199.9,0,0,1
FINNIFTY23JUL2424200PE.NFO,2024-06-24,11:03:00,2024-07-23,199.9,199.9,199.9,199.9,0,0,1
FINNIFTY23JUL2424200PE.NFO,2024-06-24,11:04:00,2024-07-23,199.9,199.9,199.9,199.9,0,0,1
FINNIFTY23JUL2424200PE.NFO,2024-06-24,11:05:00,2024-07-23,199.9,199.9,199.9,199.9,0,0,1
FINNIFTY23JUL2424200PE.NFO,2024-06-24,11:06:00,2024-07-23,199.9,199.9,199.9,199.9,0,0,1
FINNIFTY23JUL2424200PE.NFO,2024-06-24,11:07:00,2024-07-23,199.9,199.9,199.9,199.9,0,0,1
FINNIFTY23JUL2424200PE.NFO,2024-06-24,11:08:00,2024-07-23,199.9,199.9,199.9,199.9,0,0,1
FINNIFTY23JUL2424200PE.NFO,2024-06-24,11:09:00,2024-07-23,199.9,199.9,199.9,199.9,0,0,1
FINNIFTY23JUL2424200PE.NFO,2024-06-24,11:10:00,2024-07-23,199.9,199.9,199.9,199.9,0,0,1
FINNIFTY23JUL2424200PE.NFO,2024-06-24,11:11:00,2024-07-23,199.9,199.9,199.9,199.9,0,0,1
FINNIFTY23JUL2424200PE.NFO,2024-06-24,11:12:00,2024-07-23,199.9,199.9,199.9,199.9,0,0,1
FINNIFTY23JUL2424200PE.NFO,2024-06-24,11:13:00,2024-07-23,199.9,199.9,199.9,199.9,0,0,1
FINNIFTY23JUL2424200PE.NFO,2024-06-24,11:14:00,2024-07-23,199.9,199.9,199.9,199.9,0,0,1
FINNIFTY23JUL2424200PE.NFO,2024-06-24,11:15:00,2024-07-23,199.9,199.9,199.9,199.9,0,0,1
FINNIFTY23JUL2424200PE.NFO,2024-06-24,11:16:00,2024-07-23,199.9,199.9,199.9,199.9,0,0,1
FINNIFTY23JUL2424200PE.NFO,2024-06-24,11:17:00,2024-07-23,199.9,199.9,199.9,199.9,0,0,1
FINNIFTY23JUL2424200PE.NFO,2024-06-24,11:18:00,2024-07-23,199.9,199.9,199.9,199.9,0,0,1
FINNIFTY23JUL2424200PE.NFO,2024-06-24,11:19:00,2024-07-23,199.9,199.9,199.9,199.9,0,0,1
FINNIFTY23JUL2424200PE.NFO,2024-06-24,11:20:00,2024-07-23,199.9,199.9,199.9,199.9,0,0,1
FINNIFTY23JUL2424200PE.NFO,2024-06-24,11:21:00,2024-07-23,199.9,199.9,199.9,199.9,0,0,1
FINNIFTY23JUL2424200PE.NFO,2024-06-24,11:22:00,2024-07-23,199.9,199.9,199.9,199.9,0,0,1
FINNIFTY23JUL2424200PE.NFO,2024-06-24,11:23:00,2024-07-23,199.9,199.9,199.9,199.9,0,0,1
FINNIFTY23JUL2424200PE.NFO,2024-06-24,11:24:00,2024-07-23,199.9,199.9,199.9,199.9,0,0,1
FINNIFTY23JUL2424200PE.NFO,2024-06-24,11:25:00,2024-07-23,199.9,199.9,199.9,199.9,0,0,1
FINNIFTY23JUL2424200PE.NFO,2024-06-24,11:26:00,2024-07-23,199.9,199.9,199.9,199.9,0,0,1
FINNIFTY23JUL2424200PE.NFO,2024-06-24,11:27:00,2024-07-23,199.9,199.9,199.9,199.9,0,0,1
FINNIFTY23JUL2424200PE.NFO,2024-06-24,11:28:00,2024-07-23,199.9,199.9,199.9,199.9,0,0,1
FINNIFTY23JUL2424200PE.NFO,2024-06-24,11:29:00,2024-07-23,199.9,199.9,199.9,199.9,0,0,1
FINNIFTY23JUL2424200PE.NFO,2024-06-24,11:30:00,2024-07-23,199.9,199.9,199.9,199.9,0,0,1
FINNIFTY23JUL2424200PE.NFO,2024-06-24,11:31:00,2024-07-23,199.9,199.9,199.9,199.9,0,0,1
FINNIFTY23JUL2424200PE.NFO,2024-06-24,11:32:00,2024-07-23,199.9,199.9,199.9,199.9,0,0,1
FINNIFTY23JUL2424200PE.NFO,2024-06-24,11:33:00,2024-07-23,199.9,199.9,199.9,199.9,0,0,1
FINNIFTY23JUL2424200PE.NFO,2024-06-24,11:34:00,2024-07-23,199.9,199.9,199.9,199.9,0,0,1
FINNIFTY23JUL2424200PE.NFO,2024-06-24,11:35:00,2024-07-23,199.9,199.9,199.9,199.9,0,0,1
FINNIFTY23JUL2424200PE.NFO,2024-06-24,11:36:00,2024-07-23,199.9,199.9,199.9,199.9,0,0,1
FINNIFTY23JUL2424200PE.NFO,2024-06-24,11:37:00,2024-07-23,199.9,199.9,199.9,199.9,0,0,1
FINNIFTY23JUL2424200PE.NFO,2024-06-24,11:38:00,2024-07-23,199.9,199.9,199.9,199.9,0,0,1
FINNIFTY23JUL2424200PE.NFO,2024-06-24,11:39:00,2024-07-23,199.9,199.9,199.9,199.9,0,0,1
FINNIFTY23JUL2424200PE.NFO,2024-06-24,11:40:00,2024-07-23,199.9,199.9,199.9,199.9,0,0,1
FINNIFTY23JUL2424200PE.NFO,2024-06-24,11:41:00,2024-07-23,199.9,199.9,199.9,199.9,0,0,1
FINNIFTY23JUL2424200PE.NFO,2024-06-24,11:42:00,2024-07-23,199.9,199.9,199.9,199.9,0,0,1
FINNIFTY23JUL2424200PE.NFO,2024-06-24,11:43:00,2024-07-23,199.9,199.9,199.9,199.9,0,0,1
FINNIFTY23JUL2424200PE.NFO,2024-06-24,11:44:00,2024-07-23,199.9,199.9,199.9,199.9,0,0,1
FINNIFTY23JUL2424200PE.NFO,2024-06-24,11:45:00,2024-07-23,199.9,199.9,199.9,199.9,0,0,1
FINNIFTY23JUL2424200PE.NFO,2024-06-24,11:46:00,2024-07-23,199.9,199.9,199.9,199.9,0,0,1
FINNIFTY23JUL2424200PE.NFO,2024-06-24,11:47:00,2024-07-23,199.9,199.9,199.9,199.9,0,0,1
FINNIFTY23JUL2424200PE.NFO,2024-06-24,11:48:00,2024-07-23,199.9,199.9,199.9,199.9,0,0,1
FINNIFTY23JUL2424200PE.NFO,2024-06-24,11:49:00,2024-07-23,199.9,199.9,199.9,199.9,0,0,1
FINNIFTY23JUL2424200PE.NFO,2024-06-24,11:50:00,2024-07-23,199.9,199.9,199.9,199.9,0,0,1
FINNIFTY23JUL2424200PE.NFO,2024-06-24,11:51:00,2024-07-23,199.9,199.9,199.9,199.9,0,0,1
FINNIFTY23JUL2424200PE.NFO,2024-06-24,11:52:00,2024-07-23,199.9,199.9,199.9,199.9,0,0,1
FINNIFTY23JUL2424200PE.NFO,2024-06-24,11:53:00,2024-07-23,199.9,199.9,199.9,199.9,0,0,1
FINNIFTY23JUL2424200PE.NFO,2024-06-24,11:54:00,2024-07-23,199.9,199.9,199.9,199.9,0,0,1
FINNIFTY23JUL2424200PE.NFO,2024-06-24,11:55:00,2024-07-23,199.9,199.9,199.9,199.9,0,0,1
FINNIFTY23JUL2424200PE.NFO,2024-06-24,11:56:00,2024-07-23,199.9,199.9,199.9,199.9,0,0,1
FINNIFTY23JUL2424200PE.NFO,2024-06-24,11:57:00,2024-07-23,199.9,199.9,199.9,199.9,0,0,1
FINNIFTY23JUL2424200PE.NFO,2024-06-24,11:58:00,2024-07-23,199.9,199.9,199.9,199.9,0,0,1
FINNIFTY23JUL2424200PE.NFO,2024-06-24,11:59:00,2024-07-23,199.9,199.9,199.9,199.9,0,0,1
FINNIFTY23JUL2424200PE.NFO,2024-06-24,12:00:00,2024-07-23,199.9,199.9,199.9,199.9,0,0,1
FINNIFTY23JUL2424200PE.NFO,2024-06-24,12:01:00,2024-07-23,199.9,199.9,199.9,199.9,0,0,1
FINNIFTY23JUL2424200PE.NFO,2024-06-24,12:02:00,2024-07-23,199.9,199.9,199.9,199.9,0,0,1
FINNIFTY23JUL2424200PE.NFO,2024-06-24,12:03:00,2024-07-23,199.9,199.9,199.9,199.9,0,0,1
FINNIFTY23JUL2424200PE.NFO,2024-06-24,12:04:00,2024-07-23,199.9,199.9,199.9,199.9,0,0,1
FINNIFTY23JUL2424200PE.NFO,2024-06-24,12:05:00,2024-07-23,199.9,199.9,199.9,199.9,0,0,1
FINNIFTY23JUL2424200PE.NFO,2024-06-24,12:06:00,2024-07-23,199.9,199.9,199.9,199.9,0,0,1
FINNIFTY23JUL2424200PE.NFO,2024-06-24,12:07:00,2024-07-23,199.9,199.9,199.9,199.9,0,0,1
FINNIFTY23JUL2424200PE.NFO,2024-06-24,12:08:00,2024-07-23,199.9,199.9,199.9,199.9,0,0,1
FINNIFTY23JUL2424200PE.NFO,2024-06-24,12:09:00,2024-07-23,199.9,199.9,199.9,199.9,0,0,1
FINNIFTY23JUL2424200PE.NFO,2024-06-24,12:10:00,2024-07-23,199.9,199.9,199.9,199.9,0,0,1
FINNIFTY23JUL2424200PE.NFO,2024-06-24,12:11:00,2024-07-23,199.9,199.9,199.9,199.9,0,0,1
FINNIFTY23JUL2424200PE.NFO,2024-06-24,12:12:00,2024-07-23,199.9,199.9,199.9,199.9,0,0,1
FINNIFTY23JUL2424200PE.NFO,2024-06-24,12:13:00,2024-07-23,199.9,199.9,199.9,199.9,0,0,1
FINNIFTY23JUL2424200PE.NFO,2024-06-24,12:14:00,2024-07-23,199.9,199.9,199.9,199.9,0,0,1
FINNIFTY23JUL2424200PE.NFO,2024-06-24,12:15:00,2024-07-23,199.9,199.9,199.9,199.9,0,0,1
FINNIFTY23JUL2424200PE.NFO,2024-06-24,12:16:00,2024-07-23,199.9,199.9,199.9,199.9,0,0,1
FINNIFTY23JUL2424200PE.NFO,2024-06-24,12:17:00,2024-07-23,199.9,199.9,199.9,199.9,0,0,1
FINNIFTY23JUL2424200PE.NFO,2024-06-24,12:18:00,2024-07-23,199.9,199.9,199.9,199.9,0,0,1
FINNIFTY23JUL2424200PE.NFO,2024-06-24,12:19:00,2024-07-23,199.9,199.9,199.9,199.9,0,0,1
FINNIFTY23JUL2424200PE.NFO,2024-06-24,12:20:00,2024-07-23,199.9,199.9,199.9,199.9,0,0,1
FINNIFTY23JUL2424200PE.NFO,2024-06-24,12:21:00,2024-07-23,199.9,199.9,199.9,199.9,0,0,1
FINNIFTY23JUL2424200PE.NFO,2024-06-24,12:22:00,2024-07-23,199.9,199.9,199.9,199.9,0,0,1
FINNIFTY23JUL2424200PE.NFO,2024-06-24,12:23:00,2024-07-23,199.9,199.9,199.9,199.9,0,0,1
FINNIFTY23JUL2424200PE.NFO,2024-06-24,12:24:00,2024-07-23,199.9,199.9,199.9,199.9,0,0,1
FINNIFTY23JUL2424200PE.NFO,2024-06-24,12:25:00,2024-07-23,199.9,199.9,199.9,199.9,0,0,1
FINNIFTY23JUL2424200PE.NFO,2024-06-24,12:26:00,2024-07-23,199.9,199.9,199.9,199.9,0,0,1
FINNIFTY23JUL2424200PE.NFO,2024-06-24,12:27:00,2024-07-23,199.9,199.9,199.9,199.9,0,0,1
FINNIFTY23JUL2424200PE.NFO,2024-06-24,12:28:00,2024-07-23,199.9,199.9,199.9,199.9,0,0,1
FINNIFTY23JUL2424200PE.NFO,2024-06-24,12:29:00,2024-07-23,199.9,199.9,199.9,199.9,0,0,1
FINNIFTY23JUL2424200PE.NFO,2024-06-24,12:30:00,2024-07-23,199.9,199.9,199.9,199.9,0,0,1
FINNIFTY23JUL2424200PE.NFO,2024-06-24,12:31:00,2024-07-23,199.9,199.9,199.9,199.9,0,0,1
FINNIFTY23JUL2424200PE.NFO,2024-06-24,12:32:00,2024-07-23,199.9,199.9,199.9,199.9,0,0,1
FINNIFTY23JUL2424200PE.NFO,2024-06-24,12:33:00,2024-07-23,199.9,199.9,199.9,199.9,0,0,1
FINNIFTY23JUL2424200PE.NFO,2024-06-24,12:34:00,2024-07-23,199.9,199.9,199.9,199.9,0,0,1
FINNIFTY23JUL2424200PE.NFO,2024-06-24,12:35:00,2024-07-23,199.9,199.9,199.9,199.9,0,0,1
FINNIFTY23JUL2424200PE.NFO,2024-06-24,12:36:00,2024-07-23,199.9,199.9,199.9,199.9,0,0,1
FINNIFTY23JUL2424200PE.NFO,2024-06-24,12:37:00,2024-07-23,199.9,199.9,199.9,199.9,0,0,1
FINNIFTY23JUL2424200PE.NFO,2024-06-24,12:38:00,2024-07-23,199.9,199.9,199.9,199.9,0,0,1
FINNIFTY23JUL2424200PE.NFO,2024-06-24,12:39:00,2024-07-23,199.9,199.9,199.9,199.9,0,0,1
FINNIFTY23JUL2424200PE.NFO,2024-06-24,12:40:00,2024-07-23,199.9,199.9,199.9,199.9,0,0,1
FINNIFTY23JUL2424200PE.NFO,2024-06-24,12:41:00,2024-07-23,199.9,199.9,199.9,199.9,0,0,1
FINNIFTY23JUL2424200PE.NFO,2024-06-24,12:42:00,2024-07-23,199.9,199.9,199.9,199.9,0,0,1
FINNIFTY23JUL2424200PE.NFO,2024-06-24,12:43:00,2024-07-23,199.9,199.9,199.9,199.9,0,0,1
FINNIFTY23JUL2424200PE.NFO,2024-06-24,12:44:00,2024-07-23,199.9,199.9,199.9,199.9,0,0,1
FINNIFTY23JUL2424200PE.NFO,2024-06-24,12:45:00,2024-07-23,199.9,199.9,199.9,199.9,0,0,1
FINNIFTY23JUL2424200PE.NFO,2024-06-24,12:46:00,2024-07-23,199.9,199.9,199.9,199.9,0,0,1
FINNIFTY23JUL2424200PE.NFO,2024-06-24,12:47:00,2024-07-23,199.9,199.9,199.9,199.9,0,0,1
FINNIFTY23JUL2424200PE.NFO,2024-06-24,12:48:00,2024-07-23,199.9,199.9,199.9,199.9,0,0,1
FINNIFTY23JUL2424200PE.NFO,2024-06-24,12:49:00,2024-07-23,199.9,199.9,199.9,199.9,0,0,1
FINNIFTY23JUL2424200PE.NFO,2024-06-24,12:50:00,2024-07-23,199.9,199.9,199.9,199.9,0,0,1
FINNIFTY23JUL2424200PE.NFO,2024-06-24,12:51:00,2024-07-23,199.9,199.9,199.9,199.9,0,0,1
FINNIFTY23JUL2424200PE.NFO,2024-06-24,12:52:00,2024-07-23,199.9,199.9,199.9,199.9,0,0,1
FINNIFTY23JUL2424200PE.NFO,2024-06-24,12:53:00,2024-07-23,199.9,199.9,199.9,199.9,0,0,1
FINNIFTY23JUL2424200PE.NFO,2024-06-24,12:54:00,2024-07-23,199.9,199.9,199.9,199.9,0,0,1
FINNIFTY23JUL2424200PE.NFO,2024-06-24,12:55:00,2024-07-23,199.9,199.9,199.9,199.9,0,0,1
FINNIFTY23JUL2424200PE.NFO,2024-06-24,12:56:00,2024-07-23,199.9,199.9,199.9,199.9,0,0,1
FINNIFTY23JUL2424200PE.NFO,2024-06-24,12:57:00,2024-07-23,199.9,199.9,199.9,199.9,0,0,1
FINNIFTY23JUL2424200PE.NFO,2024-06-24,12:58:00,2024-07-23,199.9,199.9,199.9,199.9,0,0,1
FINNIFTY23JUL2424200PE.NFO,2024-06-24,12:59:00,2024-07-23,199.9,199.9,199.9,199.9,0,0,1
FINNIFTY23JUL2424200PE.NFO,2024-06-24,13:00:00,2024-07-23,199.9,199.9,199.9,199.9,0,0,1
FINNIFTY23JUL2424200PE.NFO,2024-06-24,13:01:00,2024-07-23,199.9,199.9,199.9,199.9,0,0,1
FINNIFTY23JUL2424200PE.NFO,2024-06-24,13:02:00,2024-07-23,199.9,199.9,199.9,199.9,0,0,1
FINNIFTY23JUL2424200PE.NFO,2024-06-24,13:03:00,2024-07-23,199.9,199.9,199.9,199.9,0,0,1
FINNIFTY23JUL2424200PE.NFO,2024-06-24,13:04:00,2024-07-23,199.9,199.9,199.9,199.9,0,0,1
FINNIFTY23JUL2424200PE.NFO,2024-06-24,13:05:00,2024-07-23,199.9,199.9,199.9,199.9,0,0,1
FINNIFTY23JUL2424200PE.NFO,2024-06-24,13:06:00,2024-07-23,199.9,199.9,199.9,199.9,0,0,1
FINNIFTY23JUL2424200PE.NFO,2024-06-24,13:07:00,2024-07-23,199.9,199.9,199.9,199.9,0,0,1
FINNIFTY23JUL2424200PE.NFO,2024-06-24,13:08:00,2024-07-23,199.9,199.9,199.9,199.9,0,0,1
FINNIFTY23JUL2424200PE.NFO,2024-06-24,13:09:00,2024-07-23,199.9,199.9,199.9,199.9,0,0,1
FINNIFTY23JUL2424200PE.NFO,2024-06-24,13:10:00,2024-07-23,199.9,199.9,199.9,199.9,0,0,1
FINNIFTY23JUL2424200PE.NFO,2024-06-24,13:11:00,2024-07-23,199.9,199.9,199.9,199.9,0,0,1
FINNIFTY23JUL2424200PE.NFO,2024-06-24,13:12:00,2024-07-23,199.9,199.9,199.9,199.9,0,0,1
FINNIFTY23JUL2424200PE.NFO,2024-06-24,13:13:00,2024-07-23,199.9,199.9,199.9,199.9,0,0,1
FINNIFTY23JUL2424200PE.NFO,2024-06-24,13:14:00,2024-07-23,199.9,199.9,199.9,199.9,0,0,1
FINNIFTY23JUL2424200PE.NFO,2024-06-24,13:15:00,2024-07-23,199.9,199.9,199.9,199.9,0,0,1
FINNIFTY23JUL2424200PE.NFO,2024-06-24,13:16:00,2024-07-23,199.9,199.9,199.9,199.9,0,0,1
FINNIFTY23JUL2424200PE.NFO,2024-06-24,13:17:00,2024-07-23,199.9,199.9,199.9,199.9,0,0,1
FINNIFTY23JUL2424200PE.NFO,2024-06-24,13:18:00,2024-07-23,199.9,199.9,199.9,199.9,0,0,1
FINNIFTY23JUL2424200PE.NFO,2024-06-24,13:19:00,2024-07-23,199.9,199.9,199.9,199.9,0,0,1
FINNIFTY23JUL2424200PE.NFO,2024-06-24,13:20:00,2024-07-23,199.9,199.9,199.9,199.9,0,0,1
FINNIFTY23JUL2424200PE.NFO,2024-06-24,13:21:00,2024-07-23,199.9,199.9,199.9,199.9,0,0,1
FINNIFTY23JUL2424200PE.NFO,2024-06-24,13:22:00,2024-07-23,199.9,199.9,199.9,199.9,0,0,1
FINNIFTY23JUL2424200PE.NFO,2024-06-24,13:23:00,2024-07-23,199.9,199.9,199.9,199.9,0,0,1
FINNIFTY23JUL2424200PE.NFO,2024-06-24,13:24:00,2024-07-23,199.9,199.9,199.9,199.9,0,0,1
FINNIFTY23JUL2424200PE.NFO,2024-06-24,13:25:00,2024-07-23,199.9,199.9,199.9,199.9,0,0,1
FINNIFTY23JUL2424200PE.NFO,2024-06-24,13:26:00,2024-07-23,199.9,199.9,199.9,199.9,0,0,1
FINNIFTY23JUL2424200PE.NFO,2024-06-24,13:27:00,2024-07-23,199.9,199.9,199.9,199.9,0,0,1
FINNIFTY23JUL2424200PE.NFO,2024-06-24,13:28:00,2024-07-23,199.9,199.9,199.9,199.9,0,0,1
FINNIFTY23JUL2424200PE.NFO,2024-06-24,13:29:00,2024-07-23,199.9,199.9,199.9,199.9,0,0,1
FINNIFTY23JUL2424200PE.NFO,2024-06-24,13:30:00,2024-07-23,199.9,199.9,199.9,199.9,0,0,1
FINNIFTY23JUL2424200PE.NFO,2024-06-24,13:31:00,2024-07-23,199.9,199.9,199.9,199.9,0,0,1
FINNIFTY23JUL2424200PE.NFO,2024-06-24,13:32:00,2024-07-23,199.9,199.9,199.9,199.9,0,0,1
FINNIFTY23JUL2424200PE.NFO,2024-06-24,13:33:00,2024-07-23,199.9,199.9,199.9,199.9,0,0,1
FINNIFTY23JUL2424200PE.NFO,2024-06-24,13:34:00,2024-07-23,199.9,199.9,199.9,199.9,0,0,1
FINNIFTY23JUL2424200PE.NFO,2024-06-24,13:35:00,2024-07-23,199.9,199.9,199.9,199.9,0,0,1
FINNIFTY23JUL2424200PE.NFO,2024-06-24,13:36:00,2024-07-23,199.9,199.9,199.9,199.9,0,0,1
FINNIFTY23JUL2424200PE.NFO,2024-06-24,13:37:00,2024-07-23,199.9,199.9,199.9,199.9,0,0,1
FINNIFTY23JUL2424200PE.NFO,2024-06-24,13:38:00,2024-07-23,199.9,199.9,199.9,199.9,0,0,1
FINNIFTY23JUL2424200PE.NFO,2024-06-24,13:39:00,2024-07-23,199.9,199.9,199.9,199.9,0,0,1
FINNIFTY23JUL2424200PE.NFO,2024-06-24,13:40:00,2024-07-23,199.9,199.9,199.9,199.9,0,0,1
FINNIFTY23JUL2424200PE.NFO,2024-06-24,13:41:00,2024-07-23,199.9,199.9,199.9,199.9,0,0,1
FINNIFTY23JUL2424200PE.NFO,2024-06-24,13:42:00,2024-07-23,199.9,199.9,199.9,199.9,0,0,1
FINNIFTY23JUL2424200PE.NFO,2024-06-24,13:43:00,2024-07-23,199.9,199.9,199.9,199.9,0,0,1
FINNIFTY23JUL2424200PE.NFO,2024-06-24,13:44:00,2024-07-23,199.9,199.9,199.9,199.9,0,0,1
FINNIFTY23JUL2424200PE.NFO,2024-06-24,13:45:00,2024-07-23,199.9,199.9,199.9,199.9,0,0,1
FINNIFTY23JUL2424200PE.NFO,2024-06-24,13:46:00,2024-07-23,199.9,199.9,199.9,199.9,0,0,1
FINNIFTY23JUL2424200PE.NFO,2024-06-24,13:47:00,2024-07-23,199.9,199.9,199.9,199.9,0,0,1
FINNIFTY23JUL2424200PE.NFO,2024-06-24,13:48:00,2024-07-23,199.9,199.9,199.9,199.9,0,0,1
FINNIFTY23JUL2424200PE.NFO,2024-06-24,13:49:00,2024-07-23,199.9,199.9,199.9,199.9,0,0,1
FINNIFTY23JUL2424200PE.NFO,2024-06-24,13:50:00,2024-07-23,199.9,199.9,199.9,199.9,0,0,1
FINNIFTY23JUL2424200PE.NFO,2024-06-24,13:51:00,2024-07-23,199.9,199.9,199.9,199.9,0,0,1
FINNIFTY23JUL2424200PE.NFO,2024-06-24,13:52:00,2024-07-23,199.9,199.9,199.9,199.9,0,0,1
FINNIFTY23JUL2424200PE.NFO,2024-06-24,13:53:00,2024-07-23,199.9,199.9,199.9,199.9,0,0,1
FINNIFTY23JUL2424200PE.NFO,2024-06-24,13:54:00,2024-07-23,199.9,199.9,199.9,199.9,0,0,1
FINNIFTY23JUL2424200PE.NFO,2024-06-24,13:55:00,2024-07-23,199.9,199.9,199.9,199.9,0,0,1
FINNIFTY23JUL2424200PE.NFO,2024-06-24,13:56:00,2024-07-23,199.9,199.9,199.9,199.9,0,0,1
FINNIFTY23JUL2424200PE.NFO,2024-06-24,13:57:00,2024-07-23,199.9,199.9,199.9,199.9,0,0,1
FINNIFTY23JUL2424200PE.NFO,2024-06-24,13:58:00,2024-07-23,199.9,199.9,199.9,199.9,0,0,1
FINNIFTY23JUL2424200PE.NFO,2024-06-24,13:59:00,2024-07-23,199.9,199.9,199.9,199.9,0,0,1
FINNIFTY23JUL2424200PE.NFO,2024-06-24,14:00:00,2024-07-23,199.9,199.9,199.9,199.9,0,0,1
FINNIFTY23JUL2424200PE.NFO,2024-06-24,14:01:00,2024-07-23,199.9,199.9,199.9,199.9,0,0,1
FINNIFTY23JUL2424200PE.NFO,2024-06-24,14:02:00,2024-07-23,199.9,199.9,199.9,199.9,0,0,1
FINNIFTY23JUL2424200PE.NFO,2024-06-24,14:03:00,2024-07-23,199.9,199.9,199.9,199.9,0,0,1
FINNIFTY23JUL2424200PE.NFO,2024-06-24,14:04:00,2024-07-23,199.9,199.9,199.9,199.9,0,0,1
FINNIFTY23JUL2424200PE.NFO,2024-06-24,14:05:00,2024-07-23,199.9,199.9,199.9,199.9,0,0,1
FINNIFTY23JUL2424200PE.NFO,2024-06-24,14:06:00,2024-07-23,199.9,199.9,199.9,199.9,0,0,1
FINNIFTY23JUL2424200PE.NFO,2024-06-24,14:07:00,2024-07-23,199.9,199.9,199.9,199.9,0,0,1
FINNIFTY23JUL2424200PE.NFO,2024-06-24,14:08:00,2024-07-23,199.9,199.9,199.9,199.9,0,0,1
FINNIFTY23JUL2424200PE.NFO,2024-06-24,14:09:00,2024-07-23,199.9,199.9,199.9,199.9,0,0,1
FINNIFTY23JUL2424200PE.NFO,2024-06-24,14:10:00,2024-07-23,199.9,199.9,199.9,199.9,0,0,1
FINNIFTY23JUL2424200PE.NFO,2024-06-24,14:11:00,2024-07-23,199.9,199.9,199.9,199.9,0,0,1
FINNIFTY23JUL2424200PE.NFO,2024-06-24,14:12:00,2024-07-23,199.9,199.9,199.9,199.9,0,0,1
FINNIFTY23JUL2424200PE.NFO,2024-06-24,14:13:00,2024-07-23,199.9,199.9,199.9,199.9,0,0,1
FINNIFTY23JUL2424200PE.NFO,2024-06-24,14:14:00,2024-07-23,199.9,199.9,199.9,199.9,0,0,1
FINNIFTY23JUL2424200PE.NFO,2024-06-24,14:15:00,2024-07-23,199.9,199.9,199.9,199.9,0,0,1
FINNIFTY23JUL2424200PE.NFO,2024-06-24,14:16:00,2024-07-23,199.9,199.9,199.9,199.9,0,0,1
FINNIFTY23JUL2424200PE.NFO,2024-06-24,14:17:00,2024-07-23,199.9,199.9,199.9,199.9,0,0,1
FINNIFTY23JUL2424200PE.NFO,2024-06-24,14:18:00,2024-07-23,199.9,199.9,199.9,199.9,0,0,1
FINNIFTY23JUL2424200PE.NFO,2024-06-24,14:19:00,2024-07-23,199.9,199.9,199.9,199.9,0,0,1
FINNIFTY23JUL2424200PE.NFO,2024-06-24,14:20:00,2024-07-23,199.9,199.9,199.9,199.9,0,0,1
FINNIFTY23JUL2424200PE.NFO,2024-06-24,14:21:00,2024-07-23,199.9,199.9,199.9,199.9,0,0,1
FINNIFTY23JUL2424200PE.NFO,2024-06-24,14:22:00,2024-07-23,199.9,199.9,199.9,199.9,0,0,1
FINNIFTY23JUL2424200PE.NFO,2024-06-24,14:23:00,2024-07-23,199.9,199.9,199.9,199.9,0,0,1
FINNIFTY23JUL2424200PE.NFO,2024-06-24,14:24:00,2024-07-23,199.9,199.9,199.9,199.9,0,0,1
FINNIFTY23JUL2424200PE.NFO,2024-06-24,14:25:00,2024-07-23,199.9,199.9,199.9,199.9,0,0,1
FINNIFTY23JUL2424200PE.NFO,2024-06-24,14:26:00,2024-07-23,199.9,199.9,199.9,199.9,0,0,1
FINNIFTY23JUL2424200PE.NFO,2024-06-24,14:27:00,2024-07-23,199.9,199.9,199.9,199.9,0,0,1
FINNIFTY23JUL2424200PE.NFO,2024-06-24,14:28:00,2024-07-23,199.9,199.9,199.9,199.9,0,0,1
FINNIFTY23JUL2424200PE.NFO,2024-06-24,14:29:00,2024-07-23,199.9,199.9,199.9,199.9,0,0,1
FINNIFTY23JUL2424200PE.NFO,2024-06-24,14:30:00,2024-07-23,199.9,199.9,199.9,199.9,0,0,1
FINNIFTY23JUL2424200PE.NFO,2024-06-24,14:31:00,2024-07-23,199.9,199.9,199.9,199.9,0,0,1
FINNIFTY23JUL2424200PE.NFO,2024-06-24,14:32:00,2024-07-23,199.9,199.9,199.9,199.9,0,0,1
FINNIFTY23JUL2424200PE.NFO,2024-06-24,14:33:00,2024-07-23,199.9,199.9,199.9,199.9,0,0,1
FINNIFTY23JUL2424200PE.NFO,2024-06-24,14:34:00,2024-07-23,199.9,199.9,199.9,199.9,0,0,1
FINNIFTY23JUL2424200PE.NFO,2024-06-24,14:35:00,2024-07-23,199.9,199.9,199.9,199.9,0,0,1
FINNIFTY23JUL2424200PE.NFO,2024-06-24,14:36:00,2024-07-23,199.9,199.9,199.9,199.9,0,0,1
FINNIFTY23JUL2424200PE.NFO,2024-06-24,14:37:00,2024-07-23,199.9,199.9,199.9,199.9,0,0,1
FINNIFTY23JUL2424200PE.NFO,2024-06-24,14:38:00,2024-07-23,199.9,199.9,199.9,199.9,0,0,1
FINNIFTY23JUL2424200PE.NFO,2024-06-24,14:39:00,2024-07-23,199.9,199.9,199.9,199.9,0,0,1
FINNIFTY23JUL2424200PE.NFO,2024-06-24,14:40:00,2024-07-23,199.9,199.9,199.9,199.9,0,0,1
FINNIFTY23JUL2424200PE.NFO,2024-06-24,14:41:00,2024-07-23,199.9,199.9,199.9,199.9,0,0,1
FINNIFTY23JUL2424200PE.NFO,2024-06-24,14:42:00,2024-07-23,199.9,199.9,199.9,199.9,0,0,1
FINNIFTY23JUL2424200PE.NFO,2024-06-24,14:43:00,2024-07-23,199.9,199.9,199.9,199.9,0,0,1
FINNIFTY23JUL2424200PE.NFO,2024-06-24,14:44:00,2024-07-23,199.9,199.9,199.9,199.9,0,0,1
FINNIFTY23JUL2424200PE.NFO,2024-06-24,14:45:00,2024-07-23,199.9,199.9,199.9,199.9,0,0,1
FINNIFTY23JUL2424200PE.NFO,2024-06-24,14:46:00,2024-07-23,199.9,199.9,199.9,199.9,0,0,1
FINNIFTY23JUL2424200PE.NFO,2024-06-24,14:47:00,2024-07-23,199.9,199.9,199.9,199.9,0,0,1
FINNIFTY23JUL2424200PE.NFO,2024-06-24,14:48:00,2024-07-23,199.9,199.9,199.9,199.9,0,0,1
FINNIFTY23JUL2424200PE.NFO,2024-06-24,14:49:00,2024-07-23,199.9,199.9,199.9,199.9,0,0,1
FINNIFTY23JUL2424200PE.NFO,2024-06-24,14:50:00,2024-07-23,199.9,199.9,199.9,199.9,0,0,1
FINNIFTY23JUL2424200PE.NFO,2024-06-24,14:51:00,2024-07-23,199.9,199.9,199.9,199.9,0,0,1
FINNIFTY23JUL2424200PE.NFO,2024-06-24,14:52:00,2024-07-23,199.9,199.9,199.9,199.9,0,0,1
FINNIFTY23JUL2424200PE.NFO,2024-06-24,14:53:00,2024-07-23,199.9,199.9,199.9,199.9,0,0,1
FINNIFTY23JUL2424200PE.NFO,2024-06-24,14:54:00,2024-07-23,199.9,199.9,199.9,199.9,0,0,1
FINNIFTY23JUL2424200PE.NFO,2024-06-24,14:55:00,2024-07-23,199.9,199.9,199.9,199.9,0,0,1
FINNIFTY23JUL2424200PE.NFO,2024-06-24,14:56:00,2024-07-23,199.9,199.9,199.9,199.9,0,0,1
FINNIFTY23JUL2424200PE.NFO,2024-06-24,14:57:00,2024-07-23,199.9,199.9,199.9,199.9,0,0,1
FINNIFTY23JUL2424200PE.NFO,2024-06-24,14:58:00,2024-07-23,199.9,199.9,199.9,199.9,0,0,1
FINNIFTY23JUL2424200PE.NFO,2024-06-24,14:59:00,2024-07-23,199.9,199.9,199.9,199.9,0,0,1
FINNIFTY23JUL2424200PE.NFO,2024-06-24,15:00:00,2024-07-23,199.9,199.9,199.9,199.9,0,0,1
FINNIFTY23JUL2424200PE.NFO,2024-06-24,15:01:00,2024-07-23,199.9,199.9,199.9,199.9,0,0,1
FINNIFTY23JUL2424200PE.NFO,2024-06-24,15:02:00,2024-07-23,199.9,199.9,199.9,199.9,0,0,1
FINNIFTY23JUL2424200PE.NFO,2024-06-24,15:03:00,2024-07-23,199.9,199.9,199.9,199.9,0,0,1
FINNIFTY23JUL2424200PE.NFO,2024-06-24,15:04:00,2024-07-23,199.9,199.9,199.9,199.9,0,0,1
FINNIFTY23JUL2424200PE.NFO,2024-06-24,15:05:00,2024-07-23,199.9,199.9,199.9,199.9,0,0,1
FINNIFTY23JUL2424200PE.NFO,2024-06-24,15:06:00,2024-07-23,199.9,199.9,199.9,199.9,0,0,1
FINNIFTY23JUL2424200PE.NFO,2024-06-24,15:07:00,2024-07-23,199.9,199.9,199.9,199.9,0,0,1
FINNIFTY23JUL2424200PE.NFO,2024-06-24,15:08:00,2024-07-23,199.9,199.9,199.9,199.9,0,0,1
FINNIFTY23JUL2424200PE.NFO,2024-06-24,15:09:00,2024-07-23,199.9,199.9,199.9,199.9,0,0,1
FINNIFTY23JUL2424200PE.NFO,2024-06-24,15:10:00,2024-07-23,199.9,199.9,199.9,199.9,0,0,1
FINNIFTY23JUL2424200PE.NFO,2024-06-24,15:11:00,2024-07-23,199.9,199.9,199.9,199.9,0,0,1
FINNIFTY23JUL2424200PE.NFO,2024-06-24,15:12:00,2024-07-23,199.9,199.9,199.9,199.9,0,0,1
FINNIFTY23JUL2424200PE.NFO,2024-06-24,15:13:00,2024-07-23,199.9,199.9,199.9,199.9,0,0,1
FINNIFTY23JUL2424200PE.NFO,2024-06-24,15:14:00,2024-07-23,199.9,199.9,199.9,199.9,0,0,1
FINNIFTY23JUL2424200PE.NFO,2024-06-24,15:15:00,2024-07-23,199.9,199.9,199.9,199.9,0,0,1
FINNIFTY23JUL2424200PE.NFO,2024-06-24,15:16:00,2024-07-23,199.9,199.9,199.9,199.9,0,0,1
FINNIFTY23JUL2424200PE.NFO,2024-06-24,15:17:00,2024-07-23,199.9,199.9,199.9,199.9,0,0,1
FINNIFTY23JUL2424200PE.NFO,2024-06-24,15:18:00,2024-07-23,199.9,199.9,199.9,199.9,0,0,1
FINNIFTY23JUL2424200PE.NFO,2024-06-24,15:19:00,2024-07-23,199.9,199.9,199.9,199.9,0,0,1
FINNIFTY23JUL2424200PE.NFO,2024-06-24,15:20:00,2024-07-23,199.9,199.9,199.9,199.9,0,0,1
FINNIFTY23JUL2424200PE.NFO,2024-06-24,15:21:00,2024-07-23,199.9,199.9,199.9,199.9,0,0,1
FINNIFTY23JUL2424200PE.NFO,2024-06-24,15:22:00,2024-07-23,199.9,199.9,199.9,199.9,0,0,1
FINNIFTY23JUL2424200PE.NFO,2024-06-24,15:23:00,2024-07-23,199.9,199.9,199.9,199.9,0,0,1
FINNIFTY23JUL2424200PE.NFO,2024-06-24,15:24:00,2024-07-23,199.9,199.9,199.9,199.9,0,0,1
FINNIFTY23JUL2424200PE.NFO,2024-06-24,15:25:00,2024-07-23,199.9,199.9,199.9,199.9,0,0,1
FINNIFTY23JUL2424200PE.NFO,2024-06-24,15:26:00,2024-07-23,199.9,199.9,199.9,199.9,0,0,1
FINNIFTY23JUL2424200PE.NFO,2024-06-24,15:27:00,2024-07-23,199.9,199.9,199.9,199.9,0,0,1
FINNIFTY23JUL2424200PE.NFO,2024-06-24,15:28:00,2024-07-23,199.9,199.9,199.9,199.9,0,0,1
FINNIFTY23JUL2424200PE.NFO,2024-06-24,15:29:00,2024-07-23,199.9,199.9,199.9,199.9,0,0,1
FINNIFTY23JUL2424200PE.NFO,2024-06-24,15:30:00,2024-07-23,199.9,199.9,199.9,199.9,0,0,1
FINNIFTY23JUL2424200PE.NFO,2024-06-26,09:15:00,2024-07-23,199.9,199.9,199.9,199.9,0,0,0
FINNIFTY23JUL2424200PE.NFO,2024-06-26,09:16:00,2024-07-23,199.9,199.9,199.9,199.9,0,0,1
FINNIFTY23JUL2424200PE.NFO,2024-06-26,09:17:00,2024-07-23,199.9,199.9,199.9,199.9,0,0,1
FINNIFTY23JUL2424200PE.NFO,2024-06-26,09:18:00,2024-07-23,199.9,199.9,199.9,199.9,0,0,1
FINNIFTY23JUL2424200PE.NFO,2024-06-26,09:19:00,2024-07-23,199.9,199.9,199.9,199.9,0,0,1
FINNIFTY23JUL2424200PE.NFO,2024-06-26,09:20:00,2024-07-23,199.9,199.9,199.9,199.9,0,0,1
FINNIFTY23JUL2424200PE.NFO,2024-06-26,09:21:00,2024-07-23,199.9,199.9,199.9,199.9,0,0,1
FINNIFTY23JUL2424200PE.NFO,2024-06-26,09:22:00,2024-07-23,199.9,199.9,199.9,199.9,0,0,1
FINNIFTY23JUL2424200PE.NFO,2024-06-26,09:23:00,2024-07-23,199.9,199.9,199.9,199.9,0,0,1
FINNIFTY23JUL2424200PE.NFO,2024-06-26,09:24:00,2024-07-23,199.9,199.9,199.9,199.9,0,0,1
FINNIFTY23JUL2424200PE.NFO,2024-06-26,09:25:00,2024-07-23,199.9,199.9,199.9,199.9,0,0,1
FINNIFTY23JUL2424200PE.NFO,2024-06-26,09:26:00,2024-07-23,199.9,199.9,199.9,199.9,0,0,1
FINNIFTY23JUL2424200PE.NFO,2024-06-26,09:27:00,2024-07-23,199.9,199.9,199.9,199.9,0,0,1
FINNIFTY23JUL2424200PE.NFO,2024-06-26,09:28:00,2024-07-23,199.9,199.9,199.9,199.9,0,0,1
FINNIFTY23JUL2424200PE.NFO,2024-06-26,09:29:00,2024-07-23,199.9,199.9,199.9,199.9,0,0,1
FINNIFTY23JUL2424200PE.NFO,2024-06-26,09:30:00,2024-07-23,199.9,199.9,199.9,199.9,0,0,1
FINNIFTY23JUL2424200PE.NFO,2024-06-26,09:31:00,2024-07-23,199.9,199.9,199.9,199.9,0,0,1
FINNIFTY23JUL2424200PE.NFO,2024-06-26,09:32:00,2024-07-23,199.9,199.9,199.9,199.9,0,0,1
FINNIFTY23JUL2424200PE.NFO,2024-06-26,09:33:00,2024-07-23,199.9,199.9,199.9,199.9,0,0,1
FINNIFTY23JUL2424200PE.NFO,2024-06-26,09:34:00,2024-07-23,199.9,199.9,199.9,199.9,0,0,1
FINNIFTY23JUL2424200PE.NFO,2024-06-26,09:35:00,2024-07-23,199.9,199.9,199.9,199.9,0,0,1
FINNIFTY23JUL2424200PE.NFO,2024-06-26,09:36:00,2024-07-23,199.9,199.9,199.9,199.9,0,0,1
FINNIFTY23JUL2424200PE.NFO,2024-06-26,09:37:00,2024-07-23,199.9,199.9,199.9,199.9,0,0,1
FINNIFTY23JUL2424200PE.NFO,2024-06-26,09:38:00,2024-07-23,199.9,199.9,199.9,199.9,0,0,1
FINNIFTY23JUL2424200PE.NFO,2024-06-26,09:39:00,2024-07-23,199.9,199.9,199.9,199.9,0,0,1
FINNIFTY23JUL2424200PE.NFO,2024-06-26,09:40:00,2024-07-23,199.9,199.9,199.9,199.9,0,0,1
FINNIFTY23JUL2424200PE.NFO,2024-06-26,09:41:00,2024-07-23,199.9,199.9,199.9,199.9,0,0,1
FINNIFTY23JUL2424200PE.NFO,2024-06-26,09:42:00,2024-07-23,199.9,199.9,199.9,199.9,0,0,1
FINNIFTY23JUL2424200PE.NFO,2024-06-26,09:43:00,2024-07-23,199.9,199.9,199.9,199.9,0,0,1
FINNIFTY23JUL2424200PE.NFO,2024-06-26,09:44:00,2024-07-23,199.9,199.9,199.9,199.9,0,0,1
FINNIFTY23JUL2424200PE.NFO,2024-06-26,09:45:00,2024-07-23,199.9,199.9,199.9,199.9,0,0,1
FINNIFTY23JUL2424200PE.NFO,2024-06-26,09:46:00,2024-07-23,199.9,199.9,199.9,199.9,0,0,1
FINNIFTY23JUL2424200PE.NFO,2024-06-26,09:47:00,2024-07-23,199.9,199.9,199.9,199.9,0,0,1
FINNIFTY23JUL2424200PE.NFO,2024-06-26,09:48:00,2024-07-23,199.9,199.9,199.9,199.9,0,0,1
FINNIFTY23JUL2424200PE.NFO,2024-06-26,09:49:00,2024-07-23,199.9,199.9,199.9,199.9,0,0,1
FINNIFTY23JUL2424200PE.NFO,2024-06-26,09:50:00,2024-07-23,199.9,199.9,199.9,199.9,0,0,1
FINNIFTY23JUL2424200PE.NFO,2024-06-26,09:51:00,2024-07-23,199.9,199.9,199.9,199.9,0,0,1
FINNIFTY23JUL2424200PE.NFO,2024-06-26,09:52:00,2024-07-23,199.9,199.9,199.9,199.9,0,0,1
FINNIFTY23JUL2424200PE.NFO,2024-06-26,09:53:00,2024-07-23,199.9,199.9,199.9,199.9,0,0,1
FINNIFTY23JUL2424200PE.NFO,2024-06-26,09:54:00,2024-07-23,199.9,199.9,199.9,199.9,0,0,1
FINNIFTY23JUL2424200PE.NFO,2024-06-26,09:55:00,2024-07-23,199.9,199.9,199.9,199.9,0,0,1
FINNIFTY23JUL2424200PE.NFO,2024-06-26,09:56:00,2024-07-23,199.9,199.9,199.9,199.9,0,0,1
FINNIFTY23JUL2424200PE.NFO,2024-06-26,09:57:00,2024-07-23,199.9,199.9,199.9,199.9,0,0,1
FINNIFTY23JUL2424200PE.NFO,2024-06-26,09:58:00,2024-07-23,199.9,199.9,199.9,199.9,0,0,1
FINNIFTY23JUL2424200PE.NFO,2024-06-26,09:59:00,2024-07-23,199.9,199.9,199.9,199.9,0,0,1
FINNIFTY23JUL2424200PE.NFO,2024-06-26,10:00:00,2024-07-23,199.9,199.9,199.9,199.9,0,0,1
FINNIFTY23JUL2424200PE.NFO,2024-06-26,10:01:00,2024-07-23,199.9,199.9,199.9,199.9,0,0,1
FINNIFTY23JUL2424200PE.NFO,2024-06-26,10:02:00,2024-07-23,199.9,199.9,199.9,199.9,0,0,1
FINNIFTY23JUL2424200PE.NFO,2024-06-26,10:03:00,2024-07-23,199.9,199.9,199.9,199.9,0,0,1
FINNIFTY23JUL2424200PE.NFO,2024-06-26,10:04:00,2024-07-23,199.9,199.9,199.9,199.9,0,0,1
FINNIFTY23JUL2424200PE.NFO,2024-06-26,10:05:00,2024-07-23,199.9,199.9,199.9,199.9,0,0,1
FINNIFTY23JUL2424200PE.NFO,2024-06-26,10:06:00,2024-07-23,199.9,199.9,199.9,199.9,0,0,1
FINNIFTY23JUL2424200PE.NFO,2024-06-26,10:07:00,2024-07-23,199.9,199.9,199.9,199.9,0,0,1
FINNIFTY23JUL2424200PE.NFO,2024-06-26,10:08:00,2024-07-23,199.9,199.9,199.9,199.9,0,0,1
FINNIFTY23JUL2424200PE.NFO,2024-06-26,10:09:00,2024-07-23,199.9,199.9,199.9,199.9,0,0,1
FINNIFTY23JUL2424200PE.NFO,2024-06-26,10:10:00,2024-07-23,199.9,199.9,199.9,199.9,0,0,1
FINNIFTY23JUL2424200PE.NFO,2024-06-26,10:11:00,2024-07-23,199.9,199.9,199.9,199.9,0,0,1
FINNIFTY23JUL2424200PE.NFO,2024-06-26,10:12:00,2024-07-23,199.9,199.9,199.9,199.9,0,0,1
FINNIFTY23JUL2424200PE.NFO,2024-06-26,10:13:00,2024-07-23,199.9,199.9,199.9,199.9,0,0,1
FINNIFTY23JUL2424200PE.NFO,2024-06-26,10:14:00,2024-07-23,199.9,199.9,199.9,199.9,0,0,1
FINNIFTY23JUL2424200PE.NFO,2024-06-26,10:15:00,2024-07-23,199.9,199.9,199.9,199.9,0,0,1
FINNIFTY23JUL2424200PE.NFO,2024-06-26,10:16:00,2024-07-23,199.9,199.9,199.9,199.9,0,0,1
FINNIFTY23JUL2424200PE.NFO,2024-06-26,10:17:00,2024-07-23,199.9,199.9,199.9,199.9,0,0,1
FINNIFTY23JUL2424200PE.NFO,2024-06-26,10:18:00,2024-07-23,199.9,199.9,199.9,199.9,0,0,1
FINNIFTY23JUL2424200PE.NFO,2024-06-26,10:19:00,2024-07-23,199.9,199.9,199.9,199.9,0,0,1
FINNIFTY23JUL2424200PE.NFO,2024-06-26,10:20:00,2024-07-23,199.9,199.9,199.9,199.9,0,0,1
FINNIFTY23JUL2424200PE.NFO,2024-06-26,10:21:00,2024-07-23,199.9,199.9,199.9,199.9,0,0,1
FINNIFTY23JUL2424200PE.NFO,2024-06-26,10:22:00,2024-07-23,199.9,199.9,199.9,199.9,0,0,1
FINNIFTY23JUL2424200PE.NFO,2024-06-26,10:23:00,2024-07-23,199.9,199.9,199.9,199.9,0,0,1
FINNIFTY23JUL2424200PE.NFO,2024-06-26,10:24:00,2024-07-23,199.9,199.9,199.9,199.9,0,0,1
FINNIFTY23JUL2424200PE.NFO,2024-06-26,10:25:00,2024-07-23,199.9,199.9,199.9,199.9,0,0,1
FINNIFTY23JUL2424200PE.NFO,2024-06-26,10:26:00,2024-07-23,199.9,199.9,199.9,199.9,0,0,1
FINNIFTY23JUL2424200PE.NFO,2024-06-26,10:27:00,2024-07-23,199.9,199.9,199.9,199.9,0,0,1
FINNIFTY23JUL2424200PE.NFO,2024-06-26,10:28:00,2024-07-23,199.9,199.9,199.9,199.9,0,0,1
FINNIFTY23JUL2424200PE.NFO,2024-06-26,10:29:00,2024-07-23,199.9,199.9,199.9,199.9,0,0,1
FINNIFTY23JUL2424200PE.NFO,2024-06-26,10:30:00,2024-07-23,199.9,199.9,199.9,199.9,0,0,1
FINNIFTY23JUL2424200PE.NFO,2024-06-26,10:31:00,2024-07-23,199.9,199.9,199.9,199.9,0,0,1
FINNIFTY23JUL2424200PE.NFO,2024-06-26,10:32:00,2024-07-23,199.9,199.9,199.9,199.9,0,0,1
FINNIFTY23JUL2424200PE.NFO,2024-06-26,10:33:00,2024-07-23,199.9,199.9,199.9,199.9,0,0,1
FINNIFTY23JUL2424200PE.NFO,2024-06-26,10:34:00,2024-07-23,199.9,199.9,199.9,199.9,0,0,1
FINNIFTY23JUL2424200PE.NFO,2024-06-26,10:35:00,2024-07-23,199.9,199.9,199.9,199.9,0,0,1
FINNIFTY23JUL2424200PE.NFO,2024-06-26,10:36:00,2024-07-23,199.9,199.9,199.9,199.9,0,0,1
FINNIFTY23JUL2424200PE.NFO,2024-06-26,10:37:00,2024-07-23,199.9,199.9,199.9,199.9,0,0,1
FINNIFTY23JUL2424200PE.NFO,2024-06-26,10:38:00,2024-07-23,199.9,199.9,199.9,199.9,0,0,1
FINNIFTY23JUL2424200PE.NFO,2024-06-26,10:39:00,2024-07-23,199.9,199.9,199.9,199.9,0,0,1
FINNIFTY23JUL2424200PE.NFO,2024-06-26,10:40:00,2024-07-23,199.9,199.9,199.9,199.9,0,0,1
FINNIFTY23JUL2424200PE.NFO,2024-06-26,10:41:00,2024-07-23,199.9,199.9,199.9,199.9,0,0,1
FINNIFTY23JUL2424200PE.NFO,2024-06-26,10:42:00,2024-07-23,199.9,199.9,199.9,199.9,0,0,1
FINNIFTY23JUL2424200PE.NFO,2024-06-26,10:43:00,2024-07-23,199.9,199.9,199.9,199.9,0,0,1
FINNIFTY23JUL2424200PE.NFO,2024-06-26,10:44:00,2024-07-23,199.9,199.9,199.9,199.9,0,0,1
FINNIFTY23JUL2424200PE.NFO,2024-06-26,10:45:00,2024-07-23,199.9,199.9,199.9,199.9,0,0,1
FINNIFTY23JUL2424200PE.NFO,2024-06-26,10:46:00,2024-07-23,199.9,199.9,199.9,199.9,0,0,1
FINNIFTY23JUL2424200PE.NFO,2024-06-26,10:47:00,2024-07-23,199.9,199.9,199.9,199.9,0,0,1
FINNIFTY23JUL2424200PE.NFO,2024-06-26,10:48:00,2024-07-23,199.9,199.9,199.9,199.9,0,0,1
FINNIFTY23JUL2424200PE.NFO,2024-06-26,10:49:00,2024-07-23,199.9,199.9,199.9,199.9,0,0,1
FINNIFTY23JUL2424200PE.NFO,2024-06-26,10:50:00,2024-07-23,199.9,199.9,199.9,199.9,0,0,1
FINNIFTY23JUL2424200PE.NFO,2024-06-26,10:51:00,2024-07-23,199.9,199.9,199.9,199.9,0,0,1
FINNIFTY23JUL2424200PE.NFO,2024-06-26,10:52:00,2024-07-23,199.9,199.9,199.9,199.9,0,0,1
FINNIFTY23JUL2424200PE.NFO,2024-06-26,10:53:00,2024-07-23,199.9,199.9,199.9,199.9,0,0,1
FINNIFTY23JUL2424200PE.NFO,2024-06-26,10:54:00,2024-07-23,199.9,199.9,199.9,199.9,0,0,1
FINNIFTY23JUL2424200PE.NFO,2024-06-26,10:55:00,2024-07-23,199.9,199.9,199.9,199.9,0,0,1
FINNIFTY23JUL2424200PE.NFO,2024-06-26,10:56:00,2024-07-23,199.9,199.9,199.9,199.9,0,0,1
FINNIFTY23JUL2424200PE.NFO,2024-06-26,10:57:00,2024-07-23,199.9,199.9,199.9,199.9,0,0,1
FINNIFTY23JUL2424200PE.NFO,2024-06-26,10:58:00,2024-07-23,199.9,199.9,199.9,199.9,0,0,1
FINNIFTY23JUL2424200PE.NFO,2024-06-26,10:59:00,2024-07-23,199.9,199.9,199.9,199.9,0,0,1
FINNIFTY23JUL2424200PE.NFO,2024-06-26,11:00:00,2024-07-23,199.9,199.9,199.9,199.9,0,0,1
FINNIFTY23JUL2424200PE.NFO,2024-06-26,11:01:00,2024-07-23,199.9,199.9,199.9,199.9,0,0,1
FINNIFTY23JUL2424200PE.NFO,2024-06-26,11:02:00,2024-07-23,199.9,199.9,199.9,199.9,0,0,1
FINNIFTY23JUL2424200PE.NFO,2024-06-26,11:03:00,2024-07-23,199.9,199.9,199.9,199.9,0,0,1
FINNIFTY23JUL2424200PE.NFO,2024-06-26,11:04:00,2024-07-23,199.9,199.9,199.9,199.9,0,0,1
FINNIFTY23JUL2424200PE.NFO,2024-06-26,11:05:00,2024-07-23,199.9,199.9,199.9,199.9,0,0,1
FINNIFTY23JUL2424200PE.NFO,2024-06-26,11:06:00,2024-07-23,199.9,199.9,199.9,199.9,0,0,1
FINNIFTY23JUL2424200PE.NFO,2024-06-26,11:07:00,2024-07-23,199.9,199.9,199.9,199.9,0,0,1
FINNIFTY23JUL2424200PE.NFO,2024-06-26,11:08:00,2024-07-23,199.9,199.9,199.9,199.9,0,0,1
FINNIFTY23JUL2424200PE.NFO,2024-06-26,11:09:00,2024-07-23,199.9,199.9,199.9,199.9,0,0,1
FINNIFTY23JUL2424200PE.NFO,2024-06-26,11:10:00,2024-07-23,199.9,199.9,199.9,199.9,0,0,1
FINNIFTY23JUL2424200PE.NFO,2024-06-26,11:11:00,2024-07-23,199.9,199.9,199.9,199.9,0,0,1
FINNIFTY23JUL2424200PE.NFO,2024-06-26,11:12:00,2024-07-23,199.9,199.9,199.9,199.9,0,0,1
FINNIFTY23JUL2424200PE.NFO,2024-06-26,11:13:00,2024-07-23,199.9,199.9,199.9,199.9,0,0,1
FINNIFTY23JUL2424200PE.NFO,2024-06-26,11:14:00,2024-07-23,199.9,199.9,199.9,199.9,0,0,1
FINNIFTY23JUL2424200PE.NFO,2024-06-26,11:15:00,2024-07-23,199.9,199.9,199.9,199.9,0,0,1
FINNIFTY23JUL2424200PE.NFO,2024-06-26,11:16:00,2024-07-23,199.9,199.9,199.9,199.9,0,0,1
FINNIFTY23JUL2424200PE.NFO,2024-06-26,11:17:00,2024-07-23,199.9,199.9,199.9,199.9,0,0,1
FINNIFTY23JUL2424200PE.NFO,2024-06-26,11:18:00,2024-07-23,199.9,199.9,199.9,199.9,0,0,1
FINNIFTY23JUL2424200PE.NFO,2024-06-26,11:19:00,2024-07-23,199.9,199.9,199.9,199.9,0,0,1
FINNIFTY23JUL2424200PE.NFO,2024-06-26,11:20:00,2024-07-23,199.9,199.9,199.9,199.9,0,0,1
FINNIFTY23JUL2424200PE.NFO,2024-06-26,11:21:00,2024-07-23,199.9,199.9,199.9,199.9,0,0,1
FINNIFTY23JUL2424200PE.NFO,2024-06-26,11:22:00,2024-07-23,199.9,199.9,199.9,199.9,0,0,1
FINNIFTY23JUL2424200PE.NFO,2024-06-26,11:23:00,2024-07-23,199.9,199.9,199.9,199.9,0,0,1
FINNIFTY23JUL2424200PE.NFO,2024-06-26,11:24:00,2024-07-23,199.9,199.9,199.9,199.9,0,0,1
FINNIFTY23JUL2424200PE.NFO,2024-06-26,11:25:00,2024-07-23,199.9,199.9,199.9,199.9,0,0,1
FINNIFTY23JUL2424200PE.NFO,2024-06-26,11:26:00,2024-07-23,199.9,199.9,199.9,199.9,0,0,1
FINNIFTY23JUL2424200PE.NFO,2024-06-26,11:27:00,2024-07-23,199.9,199.9,199.9,199.9,0,0,1
FINNIFTY23JUL2424200PE.NFO,2024-06-26,11:28:00,2024-07-23,199.9,199.9,199.9,199.9,0,0,1
FINNIFTY23JUL2424200PE.NFO,2024-06-26,11:29:00,2024-07-23,199.9,199.9,199.9,199.9,0,0,1
FINNIFTY23JUL2424200PE.NFO,2024-06-26,11:30:00,2024-07-23,199.9,199.9,199.9,199.9,0,0,1
FINNIFTY23JUL2424200PE.NFO,2024-06-26,11:31:00,2024-07-23,199.9,199.9,199.9,199.9,0,0,1
FINNIFTY23JUL2424200PE.NFO,2024-06-26,11:32:00,2024-07-23,199.9,199.9,199.9,199.9,0,0,1
FINNIFTY23JUL2424200PE.NFO,2024-06-26,11:33:00,2024-07-23,199.9,199.9,199.9,199.9,0,0,1
FINNIFTY23JUL2424200PE.NFO,2024-06-26,11:34:00,2024-07-23,199.9,199.9,199.9,199.9,0,0,1
FINNIFTY23JUL2424200PE.NFO,2024-06-26,11:35:00,2024-07-23,199.9,199.9,199.9,199.9,0,0,1
FINNIFTY23JUL2424200PE.NFO,2024-06-26,11:36:00,2024-07-23,199.9,199.9,199.9,199.9,0,0,1
FINNIFTY23JUL2424200PE.NFO,2024-06-26,11:37:00,2024-07-23,199.9,199.9,199.9,199.9,0,0,1
FINNIFTY23JUL2424200PE.NFO,2024-06-26,11:38:00,2024-07-23,199.9,199.9,199.9,199.9,0,0,1
FINNIFTY23JUL2424200PE.NFO,2024-06-26,11:39:00,2024-07-23,199.9,199.9,199.9,199.9,0,0,1
FINNIFTY23JUL2424200PE.NFO,2024-06-26,11:40:00,2024-07-23,199.9,199.9,199.9,199.9,0,0,1
FINNIFTY23JUL2424200PE.NFO,2024-06-26,11:41:00,2024-07-23,199.9,199.9,199.9,199.9,0,0,1
FINNIFTY23JUL2424200PE.NFO,2024-06-26,11:42:00,2024-07-23,199.9,199.9,199.9,199.9,0,0,1
FINNIFTY23JUL2424200PE.NFO,2024-06-26,11:43:00,2024-07-23,199.9,199.9,199.9,199.9,0,0,1
FINNIFTY23JUL2424200PE.NFO,2024-06-26,11:44:00,2024-07-23,199.9,199.9,199.9,199.9,0,0,1
FINNIFTY23JUL2424200PE.NFO,2024-06-26,11:45:00,2024-07-23,199.9,199.9,199.9,199.9,0,0,1
FINNIFTY23JUL2424200PE.NFO,2024-06-26,11:46:00,2024-07-23,199.9,199.9,199.9,199.9,0,0,1
FINNIFTY23JUL2424200PE.NFO,2024-06-26,11:47:00,2024-07-23,199.9,199.9,199.9,199.9,0,0,1
FINNIFTY23JUL2424200PE.NFO,2024-06-26,11:48:00,2024-07-23,199.9,199.9,199.9,199.9,0,0,1
FINNIFTY23JUL2424200PE.NFO,2024-06-26,11:49:00,2024-07-23,199.9,199.9,199.9,199.9,0,0,1
FINNIFTY23JUL2424200PE.NFO,2024-06-26,11:50:00,2024-07-23,199.9,199.9,199.9,199.9,0,0,1
FINNIFTY23JUL2424200PE.NFO,2024-06-26,11:51:00,2024-07-23,199.9,199.9,199.9,199.9,0,0,1
FINNIFTY23JUL2424200PE.NFO,2024-06-26,11:52:00,2024-07-23,199.9,199.9,199.9,199.9,0,0,1
FINNIFTY23JUL2424200PE.NFO,2024-06-26,11:53:00,2024-07-23,199.9,199.9,199.9,199.9,0,0,1
FINNIFTY23JUL2424200PE.NFO,2024-06-26,11:54:00,2024-07-23,199.9,199.9,199.9,199.9,0,0,1
FINNIFTY23JUL2424200PE.NFO,2024-06-26,11:55:00,2024-07-23,199.9,199.9,199.9,199.9,0,0,1
FINNIFTY23JUL2424200PE.NFO,2024-06-26,11:56:00,2024-07-23,199.9,199.9,199.9,199.9,0,0,1
FINNIFTY23JUL2424200PE.NFO,2024-06-26,11:57:00,2024-07-23,199.9,199.9,199.9,199.9,0,0,1
FINNIFTY23JUL2424200PE.NFO,2024-06-26,11:58:00,2024-07-23,199.9,199.9,199.9,199.9,0,0,1
FINNIFTY23JUL2424200PE.NFO,2024-06-26,11:59:00,2024-07-23,199.9,199.9,199.9,199.9,0,0,1
FINNIFTY23JUL2424200PE.NFO,2024-06-26,12:00:00,2024-07-23,199.9,199.9,199.9,199.9,0,0,1
FINNIFTY23JUL2424200PE.NFO,2024-06-26,12:01:00,2024-07-23,199.9,199.9,199.9,199.9,0,0,1
FINNIFTY23JUL2424200PE.NFO,2024-06-26,12:02:00,2024-07-23,199.9,199.9,199.9,199.9,0,0,1
FINNIFTY23JUL2424200PE.NFO,2024-06-26,12:03:00,2024-07-23,199.9,199.9,199.9,199.9,0,0,1
FINNIFTY23JUL2424200PE.NFO,2024-06-26,12:04:00,2024-07-23,199.9,199.9,199.9,199.9,0,0,1
FINNIFTY23JUL2424200PE.NFO,2024-06-26,12:05:00,2024-07-23,199.9,199.9,199.9,199.9,0,0,1
FINNIFTY23JUL2424200PE.NFO,2024-06-26,12:06:00,2024-07-23,199.9,199.9,199.9,199.9,0,0,1
FINNIFTY23JUL2424200PE.NFO,2024-06-26,12:07:00,2024-07-23,199.9,199.9,199.9,199.9,0,0,1
FINNIFTY23JUL2424200PE.NFO,2024-06-26,12:08:00,2024-07-23,199.9,199.9,199.9,199.9,0,0,1
FINNIFTY23JUL2424200PE.NFO,2024-06-26,12:09:00,2024-07-23,199.9,199.9,199.9,199.9,0,0,1
FINNIFTY23JUL2424200PE.NFO,2024-06-26,12:10:00,2024-07-23,199.9,199.9,199.9,199.9,0,0,1
FINNIFTY23JUL2424200PE.NFO,2024-06-26,12:11:00,2024-07-23,199.9,199.9,199.9,199.9,0,0,1
FINNIFTY23JUL2424200PE.NFO,2024-06-26,12:12:00,2024-07-23,199.9,199.9,199.9,199.9,0,0,1
FINNIFTY23JUL2424200PE.NFO,2024-06-26,12:13:00,2024-07-23,199.9,199.9,199.9,199.9,0,0,1
FINNIFTY23JUL2424200PE.NFO,2024-06-26,12:14:00,2024-07-23,199.9,199.9,199.9,199.9,0,0,1
FINNIFTY23JUL2424200PE.NFO,2024-06-26,12:15:00,2024-07-23,199.9,199.9,199.9,199.9,0,0,1
FINNIFTY23JUL2424200PE.NFO,2024-06-26,12:16:00,2024-07-23,199.9,199.9,199.9,199.9,0,0,1
FINNIFTY23JUL2424200PE.NFO,2024-06-26,12:17:00,2024-07-23,199.9,199.9,199.9,199.9,0,0,1
FINNIFTY23JUL2424200PE.NFO,2024-06-26,12:18:00,2024-07-23,199.9,199.9,199.9,199.9,0,0,1
FINNIFTY23JUL2424200PE.NFO,2024-06-26,12:19:00,2024-07-23,199.9,199.9,199.9,199.9,0,0,1
FINNIFTY23JUL2424200PE.NFO,2024-06-26,12:20:00,2024-07-23,199.9,199.9,199.9,199.9,0,0,1
FINNIFTY23JUL2424200PE.NFO,2024-06-26,12:21:00,2024-07-23,199.9,199.9,199.9,199.9,0,0,1
FINNIFTY23JUL2424200PE.NFO,2024-06-26,12:22:00,2024-07-23,199.9,199.9,199.9,199.9,0,0,1
FINNIFTY23JUL2424200PE.NFO,2024-06-26,12:23:00,2024-07-23,199.9,199.9,199.9,199.9,0,0,1
FINNIFTY23JUL2424200PE.NFO,2024-06-26,12:24:00,2024-07-23,199.9,199.9,199.9,199.9,0,0,1
FINNIFTY23JUL2424200PE.NFO,2024-06-26,12:25:00,2024-07-23,199.9,199.9,199.9,199.9,0,0,1
FINNIFTY23JUL2424200PE.NFO,2024-06-26,12:26:00,2024-07-23,199.9,199.9,199.9,199.9,0,0,1
FINNIFTY23JUL2424200PE.NFO,2024-06-26,12:27:00,2024-07-23,199.9,199.9,199.9,199.9,0,0,1
FINNIFTY23JUL2424200PE.NFO,2024-06-26,12:28:00,2024-07-23,199.9,199.9,199.9,199.9,0,0,1
FINNIFTY23JUL2424200PE.NFO,2024-06-26,12:29:00,2024-07-23,199.9,199.9,199.9,199.9,0,0,1
FINNIFTY23JUL2424200PE.NFO,2024-06-26,12:30:00,2024-07-23,199.9,199.9,199.9,199.9,0,0,1
FINNIFTY23JUL2424200PE.NFO,2024-06-26,12:31:00,2024-07-23,199.9,199.9,199.9,199.9,0,0,1
FINNIFTY23JUL2424200PE.NFO,2024-06-26,12:32:00,2024-07-23,199.9,199.9,199.9,199.9,0,0,1
FINNIFTY23JUL2424200PE.NFO,2024-06-26,12:33:00,2024-07-23,199.9,199.9,199.9,199.9,0,0,1
FINNIFTY23JUL2424200PE.NFO,2024-06-26,12:34:00,2024-07-23,199.9,199.9,199.9,199.9,0,0,1
FINNIFTY23JUL2424200PE.NFO,2024-06-26,12:35:00,2024-07-23,199.9,199.9,199.9,199.9,0,0,1
FINNIFTY23JUL2424200PE.NFO,2024-06-26,12:36:00,2024-07-23,199.9,199.9,199.9,199.9,0,0,1
FINNIFTY23JUL2424200PE.NFO,2024-06-26,12:37:00,2024-07-23,199.9,199.9,199.9,199.9,0,0,1
FINNIFTY23JUL2424200PE.NFO,2024-06-26,12:38:00,2024-07-23,199.9,199.9,199.9,199.9,0,0,1
FINNIFTY23JUL2424200PE.NFO,2024-06-26,12:39:00,2024-07-23,199.9,199.9,199.9,199.9,0,0,1
FINNIFTY23JUL2424200PE.NFO,2024-06-26,12:40:00,2024-07-23,199.9,199.9,199.9,199.9,0,0,1
FINNIFTY23JUL2424200PE.NFO,2024-06-26,12:41:00,2024-07-23,199.9,199.9,199.9,199.9,0,0,1
FINNIFTY23JUL2424200PE.NFO,2024-06-26,12:42:00,2024-07-23,199.9,199.9,199.9,199.9,0,0,1
FINNIFTY23JUL2424200PE.NFO,2024-06-26,12:43:00,2024-07-23,199.9,199.9,199.9,199.9,0,0,1
FINNIFTY23JUL2424200PE.NFO,2024-06-26,12:44:00,2024-07-23,199.9,199.9,199.9,199.9,0,0,1
FINNIFTY23JUL2424200PE.NFO,2024-06-26,12:45:00,2024-07-23,199.9,199.9,199.9,199.9,0,0,1
FINNIFTY23JUL2424200PE.NFO,2024-06-26,12:46:00,2024-07-23,199.9,199.9,199.9,199.9,0,0,1
FINNIFTY23JUL2424200PE.NFO,2024-06-26,12:47:00,2024-07-23,199.9,199.9,199.9,199.9,0,0,1
FINNIFTY23JUL2424200PE.NFO,2024-06-26,12:48:00,2024-07-23,199.9,199.9,199.9,199.9,0,0,1
FINNIFTY23JUL2424200PE.NFO,2024-06-26,12:49:00,2024-07-23,199.9,199.9,199.9,199.9,0,0,1
FINNIFTY23JUL2424200PE.NFO,2024-06-26,12:50:00,2024-07-23,199.9,199.9,199.9,199.9,0,0,1
FINNIFTY23JUL2424200PE.NFO,2024-06-26,12:51:00,2024-07-23,199.9,199.9,199.9,199.9,0,0,1
FINNIFTY23JUL2424200PE.NFO,2024-06-26,12:52:00,2024-07-23,199.9,199.9,199.9,199.9,0,0,1
FINNIFTY23JUL2424200PE.NFO,2024-06-26,12:53:00,2024-07-23,199.9,199.9,199.9,199.9,0,0,1
FINNIFTY23JUL2424200PE.NFO,2024-06-26,12:54:00,2024-07-23,199.9,199.9,199.9,199.9,0,0,1
FINNIFTY23JUL2424200PE.NFO,2024-06-26,12:55:00,2024-07-23,199.9,199.9,199.9,199.9,0,0,1
FINNIFTY23JUL2424200PE.NFO,2024-06-26,12:56:00,2024-07-23,199.9,199.9,199.9,199.9,0,0,1
FINNIFTY23JUL2424200PE.NFO,2024-06-26,12:57:00,2024-07-23,199.9,199.9,199.9,199.9,0,0,1
FINNIFTY23JUL2424200PE.NFO,2024-06-26,12:58:00,2024-07-23,199.9,199.9,199.9,199.9,0,0,1
FINNIFTY23JUL2424200PE.NFO,2024-06-26,12:59:00,2024-07-23,199.9,199.9,199.9,199.9,0,0,1
FINNIFTY23JUL2424200PE.NFO,2024-06-26,13:00:00,2024-07-23,199.9,199.9,199.9,199.9,0,0,1
FINNIFTY23JUL2424200PE.NFO,2024-06-26,13:01:00,2024-07-23,199.9,199.9,199.9,199.9,0,0,1
FINNIFTY23JUL2424200PE.NFO,2024-06-26,13:02:00,2024-07-23,199.9,199.9,199.9,199.9,0,0,1
FINNIFTY23JUL2424200PE.NFO,2024-06-26,13:03:00,2024-07-23,199.9,199.9,199.9,199.9,0,0,1
FINNIFTY23JUL2424200PE.NFO,2024-06-26,13:04:00,2024-07-23,199.9,199.9,199.9,199.9,0,0,1
FINNIFTY23JUL2424200PE.NFO,2024-06-26,13:05:00,2024-07-23,199.9,199.9,199.9,199.9,0,0,1
FINNIFTY23JUL2424200PE.NFO,2024-06-26,13:06:00,2024-07-23,199.9,199.9,199.9,199.9,0,0,1
FINNIFTY23JUL2424200PE.NFO,2024-06-26,13:07:00,2024-07-23,199.9,199.9,199.9,199.9,0,0,1
FINNIFTY23JUL2424200PE.NFO,2024-06-26,13:08:00,2024-07-23,199.9,199.9,199.9,199.9,0,0,1
FINNIFTY23JUL2424200PE.NFO,2024-06-26,13:09:00,2024-07-23,199.9,199.9,199.9,199.9,0,0,1
FINNIFTY23JUL2424200PE.NFO,2024-06-26,13:10:00,2024-07-23,199.9,199.9,199.9,199.9,0,0,1
FINNIFTY23JUL2424200PE.NFO,2024-06-26,13:11:00,2024-07-23,199.9,199.9,199.9,199.9,0,0,1
FINNIFTY23JUL2424200PE.NFO,2024-06-26,13:12:00,2024-07-23,199.9,199.9,199.9,199.9,0,0,1
FINNIFTY23JUL2424200PE.NFO,2024-06-26,13:13:00,2024-07-23,199.9,199.9,199.9,199.9,0,0,1
FINNIFTY23JUL2424200PE.NFO,2024-06-26,13:14:00,2024-07-23,199.9,199.9,199.9,199.9,0,0,1
FINNIFTY23JUL2424200PE.NFO,2024-06-26,13:15:00,2024-07-23,199.9,199.9,199.9,199.9,0,0,1
FINNIFTY23JUL2424200PE.NFO,2024-06-26,13:16:00,2024-07-23,199.9,199.9,199.9,199.9,0,0,1
FINNIFTY23JUL2424200PE.NFO,2024-06-26,13:17:00,2024-07-23,199.9,199.9,199.9,199.9,0,0,1
FINNIFTY23JUL2424200PE.NFO,2024-06-26,13:18:00,2024-07-23,199.9,199.9,199.9,199.9,0,0,1
FINNIFTY23JUL2424200PE.NFO,2024-06-26,13:19:00,2024-07-23,199.9,199.9,199.9,199.9,0,0,1
FINNIFTY23JUL2424200PE.NFO,2024-06-26,13:20:00,2024-07-23,199.9,199.9,199.9,199.9,0,0,1
FINNIFTY23JUL2424200PE.NFO,2024-06-26,13:21:00,2024-07-23,199.9,199.9,199.9,199.9,0,0,1
FINNIFTY23JUL2424200PE.NFO,2024-06-26,13:22:00,2024-07-23,199.9,199.9,199.9,199.9,0,0,1
FINNIFTY23JUL2424200PE.NFO,2024-06-26,13:23:00,2024-07-23,199.9,199.9,199.9,199.9,0,0,1
FINNIFTY23JUL2424200PE.NFO,2024-06-26,13:24:00,2024-07-23,199.9,199.9,199.9,199.9,0,0,1
FINNIFTY23JUL2424200PE.NFO,2024-06-26,13:25:00,2024-07-23,199.9,199.9,199.9,199.9,0,0,1
FINNIFTY23JUL2424200PE.NFO,2024-06-26,13:26:00,2024-07-23,199.9,199.9,199.9,199.9,0,0,1
FINNIFTY23JUL2424200PE.NFO,2024-06-26,13:27:00,2024-07-23,199.9,199.9,199.9,199.9,0,0,1
FINNIFTY23JUL2424200PE.NFO,2024-06-26,13:28:00,2024-07-23,199.9,199.9,199.9,199.9,0,0,1
FINNIFTY23JUL2424200PE.NFO,2024-06-26,13:29:00,2024-07-23,199.9,199.9,199.9,199.9,0,0,1
FINNIFTY23JUL2424200PE.NFO,2024-06-26,13:30:00,2024-07-23,199.9,199.9,199.9,199.9,0,0,1
FINNIFTY23JUL2424200PE.NFO,2024-06-26,13:31:00,2024-07-23,199.9,199.9,199.9,199.9,0,0,1
FINNIFTY23JUL2424200PE.NFO,2024-06-26,13:32:00,2024-07-23,199.9,199.9,199.9,199.9,0,0,1
FINNIFTY23JUL2424200PE.NFO,2024-06-26,13:33:00,2024-07-23,199.9,199.9,199.9,199.9,0,0,1
FINNIFTY23JUL2424200PE.NFO,2024-06-26,13:34:00,2024-07-23,199.9,199.9,199.9,199.9,0,0,1
FINNIFTY23JUL2424200PE.NFO,2024-06-26,13:35:00,2024-07-23,199.9,199.9,199.9,199.9,0,0,1
FINNIFTY23JUL2424200PE.NFO,2024-06-26,13:36:00,2024-07-23,199.9,199.9,199.9,199.9,0,0,1
FINNIFTY23JUL2424200PE.NFO,2024-06-26,13:37:00,2024-07-23,199.9,199.9,199.9,199.9,0,0,1
FINNIFTY23JUL2424200PE.NFO,2024-06-26,13:38:00,2024-07-23,199.9,199.9,199.9,199.9,0,0,1
FINNIFTY23JUL2424200PE.NFO,2024-06-26,13:39:00,2024-07-23,199.9,199.9,199.9,199.9,0,0,1
FINNIFTY23JUL2424200PE.NFO,2024-06-26,13:40:00,2024-07-23,199.9,199.9,199.9,199.9,0,0,1
FINNIFTY23JUL2424200PE.NFO,2024-06-26,13:41:00,2024-07-23,199.9,199.9,199.9,199.9,0,0,1
FINNIFTY23JUL2424200PE.NFO,2024-06-26,13:42:00,2024-07-23,199.9,199.9,199.9,199.9,0,0,1
FINNIFTY23JUL2424200PE.NFO,2024-06-26,13:43:00,2024-07-23,199.9,199.9,199.9,199.9,0,0,1
FINNIFTY23JUL2424200PE.NFO,2024-06-26,13:44:00,2024-07-23,199.9,199.9,199.9,199.9,0,0,1
FINNIFTY23JUL2424200PE.NFO,2024-06-26,13:45:00,2024-07-23,199.9,199.9,199.9,199.9,0,0,1
FINNIFTY23JUL2424200PE.NFO,2024-06-26,13:46:00,2024-07-23,199.9,199.9,199.9,199.9,0,0,1
FINNIFTY23JUL2424200PE.NFO,2024-06-26,13:47:00,2024-07-23,199.9,199.9,199.9,199.9,0,0,1
FINNIFTY23JUL2424200PE.NFO,2024-06-26,13:48:00,2024-07-23,199.9,199.9,199.9,199.9,0,0,1
FINNIFTY23JUL2424200PE.NFO,2024-06-26,13:49:00,2024-07-23,199.9,199.9,199.9,199.9,0,0,1
FINNIFTY23JUL2424200PE.NFO,2024-06-26,13:50:00,2024-07-23,199.9,199.9,199.9,199.9,0,0,1
FINNIFTY23JUL2424200PE.NFO,2024-06-26,13:51:00,2024-07-23,199.9,199.9,199.9,199.9,0,0,1
FINNIFTY23JUL2424200PE.NFO,2024-06-26,13:52:00,2024-07-23,199.9,199.9,199.9,199.9,0,0,1
FINNIFTY23JUL2424200PE.NFO,2024-06-26,13:53:00,2024-07-23,199.9,199.9,199.9,199.9,0,0,1
FINNIFTY23JUL2424200PE.NFO,2024-06-26,13:54:00,2024-07-23,199.9,199.9,199.9,199.9,0,0,1
FINNIFTY23JUL2424200PE.NFO,2024-06-26,13:55:00,2024-07-23,199.9,199.9,199.9,199.9,0,0,1
FINNIFTY23JUL2424200PE.NFO,2024-06-26,13:56:00,2024-07-23,199.9,199.9,199.9,199.9,0,0,1
FINNIFTY23JUL2424200PE.NFO,2024-06-26,13:57:00,2024-07-23,199.9,199.9,199.9,199.9,0,0,1
FINNIFTY23JUL2424200PE.NFO,2024-06-26,13:58:00,2024-07-23,199.9,199.9,199.9,199.9,0,0,1
FINNIFTY23JUL2424200PE.NFO,2024-06-26,13:59:00,2024-07-23,199.9,199.9,199.9,199.9,0,0,1
FINNIFTY23JUL2424200PE.NFO,2024-06-26,14:00:00,2024-07-23,199.9,199.9,199.9,199.9,0,0,1
FINNIFTY23JUL2424200PE.NFO,2024-06-26,14:01:00,2024-07-23,199.9,199.9,199.9,199.9,0,0,1
FINNIFTY23JUL2424200PE.NFO,2024-06-26,14:02:00,2024-07-23,199.9,199.9,199.9,199.9,0,0,1
FINNIFTY23JUL2424200PE.NFO,2024-06-26,14:03:00,2024-07-23,199.9,199.9,199.9,199.9,0,0,1
FINNIFTY23JUL2424200PE.NFO,2024-06-26,14:04:00,2024-07-23,199.9,199.9,199.9,199.9,0,0,1
FINNIFTY23JUL2424200PE.NFO,2024-06-26,14:05:00,2024-07-23,199.9,199.9,199.9,199.9,0,0,1
FINNIFTY23JUL2424200PE.NFO,2024-06-26,14:06:00,2024-07-23,199.9,199.9,199.9,199.9,0,0,1
FINNIFTY23JUL2424200PE.NFO,2024-06-26,14:07:00,2024-07-23,199.9,199.9,199.9,199.9,0,0,1
FINNIFTY23JUL2424200PE.NFO,2024-06-26,14:08:00,2024-07-23,199.9,199.9,199.9,199.9,0,0,1
FINNIFTY23JUL2424200PE.NFO,2024-06-26,14:09:00,2024-07-23,199.9,199.9,199.9,199.9,0,0,1
FINNIFTY23JUL2424200PE.NFO,2024-06-26,14:10:00,2024-07-23,199.9,199.9,199.9,199.9,0,0,1
FINNIFTY23JUL2424200PE.NFO,2024-06-26,14:11:00,2024-07-23,199.9,199.9,199.9,199.9,0,0,1
FINNIFTY23JUL2424200PE.NFO,2024-06-26,14:12:00,2024-07-23,199.9,199.9,199.9,199.9,0,0,1
FINNIFTY23JUL2424200PE.NFO,2024-06-26,14:13:00,2024-07-23,199.9,199.9,199.9,199.9,0,0,1
FINNIFTY23JUL2424200PE.NFO,2024-06-26,14:14:00,2024-07-23,199.9,199.9,199.9,199.9,0,0,1
FINNIFTY23JUL2424200PE.NFO,2024-06-26,14:15:00,2024-07-23,199.9,199.9,199.9,199.9,0,0,1
FINNIFTY23JUL2424200PE.NFO,2024-06-26,14:16:00,2024-07-23,199.9,199.9,199.9,199.9,0,0,1
FINNIFTY23JUL2424200PE.NFO,2024-06-26,14:17:00,2024-07-23,199.9,199.9,199.9,199.9,0,0,1
FINNIFTY23JUL2424200PE.NFO,2024-06-26,14:18:00,2024-07-23,199.9,199.9,199.9,199.9,0,0,1
FINNIFTY23JUL2424200PE.NFO,2024-06-26,14:19:00,2024-07-23,199.9,199.9,199.9,199.9,0,0,1
FINNIFTY23JUL2424200PE.NFO,2024-06-26,14:20:00,2024-07-23,199.9,199.9,199.9,199.9,0,0,1
FINNIFTY23JUL2424200PE.NFO,2024-06-26,14:21:00,2024-07-23,199.9,199.9,199.9,199.9,0,0,1
FINNIFTY23JUL2424200PE.NFO,2024-06-26,14:22:00,2024-07-23,199.9,199.9,199.9,199.9,0,0,1
FINNIFTY23JUL2424200PE.NFO,2024-06-26,14:23:00,2024-07-23,199.9,199.9,199.9,199.9,0,0,1
FINNIFTY23JUL2424200PE.NFO,2024-06-26,14:24:00,2024-07-23,199.9,199.9,199.9,199.9,0,0,1
FINNIFTY23JUL2424200PE.NFO,2024-06-26,14:25:00,2024-07-23,199.9,199.9,199.9,199.9,0,0,1
FINNIFTY23JUL2424200PE.NFO,2024-06-26,14:26:00,2024-07-23,199.9,199.9,199.9,199.9,0,0,1
FINNIFTY23JUL2424200PE.NFO,2024-06-26,14:27:00,2024-07-23,199.9,199.9,199.9,199.9,0,0,1
FINNIFTY23JUL2424200PE.NFO,2024-06-26,14:28:00,2024-07-23,199.9,199.9,199.9,199.9,0,0,1
FINNIFTY23JUL2424200PE.NFO,2024-06-26,14:29:00,2024-07-23,199.9,199.9,199.9,199.9,0,0,1
FINNIFTY23JUL2424200PE.NFO,2024-06-26,14:30:00,2024-07-23,199.9,199.9,199.9,199.9,0,0,1
FINNIFTY23JUL2424200PE.NFO,2024-06-26,14:31:00,2024-07-23,199.9,199.9,199.9,199.9,0,0,1
FINNIFTY23JUL2424200PE.NFO,2024-06-26,14:32:00,2024-07-23,199.9,199.9,199.9,199.9,0,0,1
FINNIFTY23JUL2424200PE.NFO,2024-06-26,14:33:00,2024-07-23,199.9,199.9,199.9,199.9,0,0,1
FINNIFTY23JUL2424200PE.NFO,2024-06-26,14:34:00,2024-07-23,199.9,199.9,199.9,199.9,0,0,1
FINNIFTY23JUL2424200PE.NFO,2024-06-26,14:35:00,2024-07-23,199.9,199.9,199.9,199.9,0,0,1
FINNIFTY23JUL2424200PE.NFO,2024-06-26,14:36:00,2024-07-23,199.9,199.9,199.9,199.9,0,0,1
FINNIFTY23JUL2424200PE.NFO,2024-06-26,14:37:00,2024-07-23,199.9,199.9,199.9,199.9,0,0,1
FINNIFTY23JUL2424200PE.NFO,2024-06-26,14:38:00,2024-07-23,199.9,199.9,199.9,199.9,0,0,1
FINNIFTY23JUL2424200PE.NFO,2024-06-26,14:39:00,2024-07-23,199.9,199.9,199.9,199.9,0,0,1
FINNIFTY23JUL2424200PE.NFO,2024-06-26,14:40:00,2024-07-23,199.9,199.9,199.9,199.9,0,0,1
FINNIFTY23JUL2424200PE.NFO,2024-06-26,14:41:00,2024-07-23,199.9,199.9,199.9,199.9,0,0,1
FINNIFTY23JUL2424200PE.NFO,2024-06-26,14:42:00,2024-07-23,199.9,199.9,199.9,199.9,0,0,1
FINNIFTY23JUL2424200PE.NFO,2024-06-26,14:43:00,2024-07-23,199.9,199.9,199.9,199.9,0,0,1
FINNIFTY23JUL2424200PE.NFO,2024-06-26,14:44:00,2024-07-23,199.9,199.9,199.9,199.9,0,0,1
FINNIFTY23JUL2424200PE.NFO,2024-06-26,14:45:00,2024-07-23,199.9,199.9,199.9,199.9,0,0,1
FINNIFTY23JUL2424200PE.NFO,2024-06-26,14:46:00,2024-07-23,199.9,199.9,199.9,199.9,0,0,1
FINNIFTY23JUL2424200PE.NFO,2024-06-26,14:47:00,2024-07-23,199.9,199.9,199.9,199.9,0,0,1
FINNIFTY23JUL2424200PE.NFO,2024-06-26,14:48:00,2024-07-23,199.9,199.9,199.9,199.9,0,0,1
FINNIFTY23JUL2424200PE.NFO,2024-06-26,14:49:00,2024-07-23,199.9,199.9,199.9,199.9,0,0,1
FINNIFTY23JUL2424200PE.NFO,2024-06-26,14:50:00,2024-07-23,199.9,199.9,199.9,199.9,0,0,1
FINNIFTY23JUL2424200PE.NFO,2024-06-26,14:51:00,2024-07-23,199.9,199.9,199.9,199.9,0,0,1
FINNIFTY23JUL2424200PE.NFO,2024-06-26,14:52:00,2024-07-23,199.9,199.9,199.9,199.9,0,0,1
FINNIFTY23JUL2424200PE.NFO,2024-06-26,14:53:00,2024-07-23,199.9,199.9,199.9,199.9,0,0,1
FINNIFTY23JUL2424200PE.NFO,2024-06-26,14:54:00,2024-07-23,199.9,199.9,199.9,199.9,0,0,1
FINNIFTY23JUL2424200PE.NFO,2024-06-26,14:55:00,2024-07-23,199.9,199.9,199.9,199.9,0,0,1
FINNIFTY23JUL2424200PE.NFO,2024-06-26,14:56:00,2024-07-23,199.9,199.9,199.9,199.9,0,0,1
FINNIFTY23JUL2424200PE.NFO,2024-06-26,14:57:00,2024-07-23,199.9,199.9,199.9,199.9,0,0,1
FINNIFTY23JUL2424200PE.NFO,2024-06-26,14:58:00,2024-07-23,199.9,199.9,199.9,199.9,0,0,1
FINNIFTY23JUL2424200PE.NFO,2024-06-26,14:59:00,2024-07-23,199.9,199.9,199.9,199.9,0,0,1
FINNIFTY23JUL2424200PE.NFO,2024-06-26,15:00:00,2024-07-23,199.9,199.9,199.9,199.9,0,0,1
FINNIFTY23JUL2424200PE.NFO,2024-06-26,15:01:00,2024-07-23,199.9,199.9,199.9,199.9,0,0,1
FINNIFTY23JUL2424200PE.NFO,2024-06-26,15:02:00,2024-07-23,199.9,199.9,199.9,199.9,0,0,1
FINNIFTY23JUL2424200PE.NFO,2024-06-26,15:03:00,2024-07-23,199.9,199.9,199.9,199.9,0,0,1
FINNIFTY23JUL2424200PE.NFO,2024-06-26,15:04:00,2024-07-23,199.9,199.9,199.9,199.9,0,0,1
FINNIFTY23JUL2424200PE.NFO,2024-06-26,15:05:00,2024-07-23,199.9,199.9,199.9,199.9,0,0,1
FINNIFTY23JUL2424200PE.NFO,2024-06-26,15:06:00,2024-07-23,199.9,199.9,199.9,199.9,0,0,1
FINNIFTY23JUL2424200PE.NFO,2024-06-26,15:07:00,2024-07-23,199.9,199.9,199.9,199.9,0,0,1
FINNIFTY23JUL2424200PE.NFO,2024-06-26,15:08:00,2024-07-23,199.9,199.9,199.9,199.9,0,0,1
FINNIFTY23JUL2424200PE.NFO,2024-06-26,15:09:00,2024-07-23,199.9,199.9,199.9,199.9,0,0,1
FINNIFTY23JUL2424200PE.NFO,2024-06-26,15:10:00,2024-07-23,199.9,199.9,199.9,199.9,0,0,1
FINNIFTY23JUL2424200PE.NFO,2024-06-26,15:11:00,2024-07-23,199.9,199.9,199.9,199.9,0,0,1
FINNIFTY23JUL2424200PE.NFO,2024-06-26,15:12:00,2024-07-23,199.9,199.9,199.9,199.9,0,0,1
FINNIFTY23JUL2424200PE.NFO,2024-06-26,15:13:00,2024-07-23,199.9,199.9,199.9,199.9,0,0,1
FINNIFTY23JUL2424200PE.NFO,2024-06-26,15:14:00,2024-07-23,199.9,199.9,199.9,199.9,0,0,1
FINNIFTY23JUL2424200PE.NFO,2024-06-26,15:15:00,2024-07-23,199.9,199.9,199.9,199.9,0,0,1
FINNIFTY23JUL2424200PE.NFO,2024-06-26,15:16:00,2024-07-23,199.9,199.9,199.9,199.9,0,0,1
FINNIFTY23JUL2424200PE.NFO,2024-06-26,15:17:00,2024-07-23,199.9,199.9,199.9,199.9,0,0,1
FINNIFTY23JUL2424200PE.NFO,2024-06-26,15:18:00,2024-07-23,199.9,199.9,199.9,199.9,0,0,1
FINNIFTY23JUL2424200PE.NFO,2024-06-26,15:19:00,2024-07-23,199.9,199.9,199.9,199.9,0,0,1
FINNIFTY23JUL2424200PE.NFO,2024-06-26,15:20:00,2024-07-23,199.9,199.9,199.9,199.9,0,0,1
FINNIFTY23JUL2424200PE.NFO,2024-06-26,15:21:00,2024-07-23,199.9,199.9,199.9,199.9,0,0,1
FINNIFTY23JUL2424200PE.NFO,2024-06-26,15:22:00,2024-07-23,199.9,199.9,199.9,199.9,0,0,1
FINNIFTY23JUL2424200PE.NFO,2024-06-26,15:23:00,2024-07-23,199.9,199.9,199.9,199.9,0,0,1
FINNIFTY23JUL2424200PE.NFO,2024-06-26,15:24:00,2024-07-23,199.9,199.9,199.9,199.9,0,0,1
FINNIFTY23JUL2424200PE.NFO,2024-06-26,15:25:00,2024-07-23,199.9,199.9,199.9,199.9,0,0,1
FINNIFTY23JUL2424200PE.NFO,2024-06-26,15:26:00,2024-07-23,199.9,199.9,199.9,199.9,0,0,1
FINNIFTY23JUL2424200PE.NFO,2024-06-26,15:27:00,2024-07-23,199.9,199.9,199.9,199.9,0,0,1
FINNIFTY23JUL2424200PE.NFO,2024-06-26,15:28:00,2024-07-23,199.9,199.9,199.9,199.9,0,0,1
FINNIFTY23JUL2424200PE.NFO,2024-06-26,15:29:00,2024-07-23,199.9,199.9,199.9,199.9,0,0,1
FINNIFTY23JUL2424200PE.NFO,2024-06-26,15:30:00,2024-07-23,199.9,199.9,199.9,199.9,0,0,1
FINNIFTY23JUL2424200PE.NFO,2024-06-27,09:15:00,2024-07-23,199.9,199.9,199.9,199.9,0,0,0
FINNIFTY23JUL2424200PE.NFO,2024-06-27,09:16:00,2024-07-23,199.9,199.9,199.9,199.9,0,0,1
FINNIFTY23JUL2424200PE.NFO,2024-06-27,09:17:00,2024-07-23,199.9,199.9,199.9,199.9,0,0,1
FINNIFTY23JUL2424200PE.NFO,2024-06-27,09:18:00,2024-07-23,199.9,199.9,199.9,199.9,0,0,1
FINNIFTY23JUL2424200PE.NFO,2024-06-27,09:19:00,2024-07-23,199.9,199.9,199.9,199.9,0,0,1
FINNIFTY23JUL2424200PE.NFO,2024-06-27,09:20:00,2024-07-23,199.9,199.9,199.9,199.9,0,0,1
FINNIFTY23JUL2424200PE.NFO,2024-06-27,09:21:00,2024-07-23,199.9,199.9,199.9,199.9,0,0,1
FINNIFTY23JUL2424200PE.NFO,2024-06-27,09:22:00,2024-07-23,199.9,199.9,199.9,199.9,0,0,1
FINNIFTY23JUL2424200PE.NFO,2024-06-27,09:23:00,2024-07-23,199.9,199.9,199.9,199.9,0,0,1
FINNIFTY23JUL2424200PE.NFO,2024-06-27,09:24:00,2024-07-23,199.9,199.9,199.9,199.9,0,0,1
FINNIFTY23JUL2424200PE.NFO,2024-06-27,09:25:00,2024-07-23,199.9,199.9,199.9,199.9,0,0,1
FINNIFTY23JUL2424200PE.NFO,2024-06-27,09:26:00,2024-07-23,199.9,199.9,199.9,199.9,0,0,1
FINNIFTY23JUL2424200PE.NFO,2024-06-27,09:27:00,2024-07-23,199.9,199.9,199.9,199.9,0,0,1
FINNIFTY23JUL2424200PE.NFO,2024-06-27,09:28:00,2024-07-23,199.9,199.9,199.9,199.9,0,0,1
FINNIFTY23JUL2424200PE.NFO,2024-06-27,09:29:00,2024-07-23,199.9,199.9,199.9,199.9,0,0,1
FINNIFTY23JUL2424200PE.NFO,2024-06-27,09:30:00,2024-07-23,199.9,199.9,199.9,199.9,0,0,1
FINNIFTY23JUL2424200PE.NFO,2024-06-27,09:31:00,2024-07-23,199.9,199.9,199.9,199.9,0,0,1
FINNIFTY23JUL2424200PE.NFO,2024-06-27,09:32:00,2024-07-23,199.9,199.9,199.9,199.9,0,0,1
FINNIFTY23JUL2424200PE.NFO,2024-06-27,09:33:00,2024-07-23,199.9,199.9,199.9,199.9,0,0,1
FINNIFTY23JUL2424200PE.NFO,2024-06-27,09:34:00,2024-07-23,199.9,199.9,199.9,199.9,0,0,1
FINNIFTY23JUL2424200PE.NFO,2024-06-27,09:35:00,2024-07-23,199.9,199.9,199.9,199.9,0,0,1
FINNIFTY23JUL2424200PE.NFO,2024-06-27,09:36:00,2024-07-23,199.9,199.9,199.9,199.9,0,0,1
FINNIFTY23JUL2424200PE.NFO,2024-06-27,09:37:00,2024-07-23,199.9,199.9,199.9,199.9,0,0,1
FINNIFTY23JUL2424200PE.NFO,2024-06-27,09:38:00,2024-07-23,199.9,199.9,199.9,199.9,0,0,1
FINNIFTY23JUL2424200PE.NFO,2024-06-27,09:39:00,2024-07-23,199.9,199.9,199.9,199.9,0,0,1
FINNIFTY23JUL2424200PE.NFO,2024-06-27,09:40:00,2024-07-23,199.9,199.9,199.9,199.9,0,0,1
FINNIFTY23JUL2424200PE.NFO,2024-06-27,09:41:00,2024-07-23,199.9,199.9,199.9,199.9,0,0,1
FINNIFTY23JUL2424200PE.NFO,2024-06-27,09:42:00,2024-07-23,199.9,199.9,199.9,199.9,0,0,1
FINNIFTY23JUL2424200PE.NFO,2024-06-27,09:43:00,2024-07-23,199.9,199.9,199.9,199.9,0,0,1
FINNIFTY23JUL2424200PE.NFO,2024-06-27,09:44:00,2024-07-23,199.9,199.9,199.9,199.9,0,0,1
FINNIFTY23JUL2424200PE.NFO,2024-06-27,09:45:00,2024-07-23,199.9,199.9,199.9,199.9,0,0,1
FINNIFTY23JUL2424200PE.NFO,2024-06-27,09:46:00,2024-07-23,199.9,199.9,199.9,199.9,0,0,1
FINNIFTY23JUL2424200PE.NFO,2024-06-27,09:47:00,2024-07-23,199.9,199.9,199.9,199.9,0,0,1
FINNIFTY23JUL2424200PE.NFO,2024-06-27,09:48:00,2024-07-23,199.9,199.9,199.9,199.9,0,0,1
FINNIFTY23JUL2424200PE.NFO,2024-06-27,09:49:00,2024-07-23,199.9,199.9,199.9,199.9,0,0,1
FINNIFTY23JUL2424200PE.NFO,2024-06-27,09:50:00,2024-07-23,199.9,199.9,199.9,199.9,0,0,1
FINNIFTY23JUL2424200PE.NFO,2024-06-27,09:51:00,2024-07-23,199.9,199.9,199.9,199.9,0,0,1
FINNIFTY23JUL2424200PE.NFO,2024-06-27,09:52:00,2024-07-23,199.9,199.9,199.9,199.9,0,0,1
FINNIFTY23JUL2424200PE.NFO,2024-06-27,09:53:00,2024-07-23,199.9,199.9,199.9,199.9,0,0,1
FINNIFTY23JUL2424200PE.NFO,2024-06-27,09:54:00,2024-07-23,199.9,199.9,199.9,199.9,0,0,1
FINNIFTY23JUL2424200PE.NFO,2024-06-27,09:55:00,2024-07-23,199.9,199.9,199.9,199.9,0,0,1
FINNIFTY23JUL2424200PE.NFO,2024-06-27,09:56:00,2024-07-23,199.9,199.9,199.9,199.9,0,0,1
FINNIFTY23JUL2424200PE.NFO,2024-06-27,09:57:00,2024-07-23,199.9,199.9,199.9,199.9,0,0,1
FINNIFTY23JUL2424200PE.NFO,2024-06-27,09:58:00,2024-07-23,199.9,199.9,199.9,199.9,0,0,1
FINNIFTY23JUL2424200PE.NFO,2024-06-27,09:59:00,2024-07-23,199.9,199.9,199.9,199.9,0,0,1
FINNIFTY23JUL2424200PE.NFO,2024-06-27,10:00:00,2024-07-23,199.9,199.9,199.9,199.9,0,0,1
FINNIFTY23JUL2424200PE.NFO,2024-06-27,10:01:00,2024-07-23,199.9,199.9,199.9,199.9,0,0,1
FINNIFTY23JUL2424200PE.NFO,2024-06-27,10:02:00,2024-07-23,199.9,199.9,199.9,199.9,0,0,1
FINNIFTY23JUL2424200PE.NFO,2024-06-27,10:03:00,2024-07-23,199.9,199.9,199.9,199.9,0,0,1
FINNIFTY23JUL2424200PE.NFO,2024-06-27,10:04:00,2024-07-23,199.9,199.9,199.9,199.9,0,0,1
FINNIFTY23JUL2424200PE.NFO,2024-06-27,10:05:00,2024-07-23,199.9,199.9,199.9,199.9,0,0,1
FINNIFTY23JUL2424200PE.NFO,2024-06-27,10:06:00,2024-07-23,199.9,199.9,199.9,199.9,0,0,1
FINNIFTY23JUL2424200PE.NFO,2024-06-27,10:07:00,2024-07-23,199.9,199.9,199.9,199.9,0,0,1
FINNIFTY23JUL2424200PE.NFO,2024-06-27,10:08:00,2024-07-23,199.9,199.9,199.9,199.9,0,0,1
FINNIFTY23JUL2424200PE.NFO,2024-06-27,10:09:00,2024-07-23,199.9,199.9,199.9,199.9,0,0,1
FINNIFTY23JUL2424200PE.NFO,2024-06-27,10:10:00,2024-07-23,199.9,199.9,199.9,199.9,0,0,1
FINNIFTY23JUL2424200PE.NFO,2024-06-27,10:11:00,2024-07-23,199.9,199.9,199.9,199.9,0,0,1
FINNIFTY23JUL2424200PE.NFO,2024-06-27,10:12:00,2024-07-23,199.9,199.9,199.9,199.9,0,0,1
FINNIFTY23JUL2424200PE.NFO,2024-06-27,10:13:00,2024-07-23,199.9,199.9,199.9,199.9,0,0,1
FINNIFTY23JUL2424200PE.NFO,2024-06-27,10:14:00,2024-07-23,199.9,199.9,199.9,199.9,0,0,1
FINNIFTY23JUL2424200PE.NFO,2024-06-27,10:15:00,2024-07-23,199.9,199.9,199.9,199.9,0,0,1
FINNIFTY23JUL2424200PE.NFO,2024-06-27,10:16:00,2024-07-23,199.9,199.9,199.9,199.9,0,0,1
FINNIFTY23JUL2424200PE.NFO,2024-06-27,10:17:00,2024-07-23,199.9,199.9,199.9,199.9,0,0,1
FINNIFTY23JUL2424200PE.NFO,2024-06-27,10:18:00,2024-07-23,199.9,199.9,199.9,199.9,0,0,1
FINNIFTY23JUL2424200PE.NFO,2024-06-27,10:19:00,2024-07-23,199.9,199.9,199.9,199.9,0,0,1
FINNIFTY23JUL2424200PE.NFO,2024-06-27,10:20:00,2024-07-23,199.9,199.9,199.9,199.9,0,0,1
FINNIFTY23JUL2424200PE.NFO,2024-06-27,10:21:00,2024-07-23,199.9,199.9,199.9,199.9,0,0,1
FINNIFTY23JUL2424200PE.NFO,2024-06-27,10:22:00,2024-07-23,199.9,199.9,199.9,199.9,0,0,1
FINNIFTY23JUL2424200PE.NFO,2024-06-27,10:23:00,2024-07-23,199.9,199.9,199.9,199.9,0,0,1
FINNIFTY23JUL2424200PE.NFO,2024-06-27,10:24:00,2024-07-23,199.9,199.9,199.9,199.9,0,0,1
FINNIFTY23JUL2424200PE.NFO,2024-06-27,10:25:00,2024-07-23,199.9,199.9,199.9,199.9,0,0,1
FINNIFTY23JUL2424200PE.NFO,2024-06-27,10:26:00,2024-07-23,199.9,199.9,199.9,199.9,0,0,1
FINNIFTY23JUL2424200PE.NFO,2024-06-27,10:27:00,2024-07-23,199.9,199.9,199.9,199.9,0,0,1
FINNIFTY23JUL2424200PE.NFO,2024-06-27,10:28:00,2024-07-23,199.9,199.9,199.9,199.9,0,0,1
FINNIFTY23JUL2424200PE.NFO,2024-06-27,10:29:00,2024-07-23,199.9,199.9,199.9,199.9,0,0,1
FINNIFTY23JUL2424200PE.NFO,2024-06-27,10:30:00,2024-07-23,199.9,199.9,199.9,199.9,0,0,1
FINNIFTY23JUL2424200PE.NFO,2024-06-27,10:31:00,2024-07-23,199.9,199.9,199.9,199.9,0,0,1
FINNIFTY23JUL2424200PE.NFO,2024-06-27,10:32:00,2024-07-23,199.9,199.9,199.9,199.9,0,0,1
FINNIFTY23JUL2424200PE.NFO,2024-06-27,10:33:00,2024-07-23,199.9,199.9,199.9,199.9,0,0,1
FINNIFTY23JUL2424200PE.NFO,2024-06-27,10:34:00,2024-07-23,199.9,199.9,199.9,199.9,0,0,1
FINNIFTY23JUL2424200PE.NFO,2024-06-27,10:35:00,2024-07-23,199.9,199.9,199.9,199.9,0,0,1
FINNIFTY23JUL2424200PE.NFO,2024-06-27,10:36:00,2024-07-23,199.9,199.9,199.9,199.9,0,0,1
FINNIFTY23JUL2424200PE.NFO,2024-06-27,10:37:00,2024-07-23,199.9,199.9,199.9,199.9,0,0,1
FINNIFTY23JUL2424200PE.NFO,2024-06-27,10:38:00,2024-07-23,199.9,199.9,199.9,199.9,0,0,1
FINNIFTY23JUL2424200PE.NFO,2024-06-27,10:39:00,2024-07-23,199.9,199.9,199.9,199.9,0,0,1
FINNIFTY23JUL2424200PE.NFO,2024-06-27,10:40:00,2024-07-23,199.9,199.9,199.9,199.9,0,0,1
FINNIFTY23JUL2424200PE.NFO,2024-06-27,10:41:00,2024-07-23,199.9,199.9,199.9,199.9,0,0,1
FINNIFTY23JUL2424200PE.NFO,2024-06-27,10:42:00,2024-07-23,199.9,199.9,199.9,199.9,0,0,1
FINNIFTY23JUL2424200PE.NFO,2024-06-27,10:43:00,2024-07-23,199.9,199.9,199.9,199.9,0,0,1
FINNIFTY23JUL2424200PE.NFO,2024-06-27,10:44:00,2024-07-23,199.9,199.9,199.9,199.9,0,0,1
FINNIFTY23JUL2424200PE.NFO,2024-06-27,10:45:00,2024-07-23,199.9,199.9,199.9,199.9,0,0,1
FINNIFTY23JUL2424200PE.NFO,2024-06-27,10:46:00,2024-07-23,199.9,199.9,199.9,199.9,0,0,1
FINNIFTY23JUL2424200PE.NFO,2024-06-27,10:47:00,2024-07-23,199.9,199.9,199.9,199.9,0,0,1
FINNIFTY23JUL2424200PE.NFO,2024-06-27,10:48:00,2024-07-23,199.9,199.9,199.9,199.9,0,0,1
FINNIFTY23JUL2424200PE.NFO,2024-06-27,10:49:00,2024-07-23,199.9,199.9,199.9,199.9,0,0,1
FINNIFTY23JUL2424200PE.NFO,2024-06-27,10:50:00,2024-07-23,199.9,199.9,199.9,199.9,0,0,1
FINNIFTY23JUL2424200PE.NFO,2024-06-27,10:51:00,2024-07-23,199.9,199.9,199.9,199.9,0,0,1
FINNIFTY23JUL2424200PE.NFO,2024-06-27,10:52:00,2024-07-23,199.9,199.9,199.9,199.9,0,0,1
FINNIFTY23JUL2424200PE.NFO,2024-06-27,10:53:00,2024-07-23,199.9,199.9,199.9,199.9,0,0,1
FINNIFTY23JUL2424200PE.NFO,2024-06-27,10:54:00,2024-07-23,199.9,199.9,199.9,199.9,0,0,1
FINNIFTY23JUL2424200PE.NFO,2024-06-27,10:55:00,2024-07-23,199.9,199.9,199.9,199.9,0,0,1
FINNIFTY23JUL2424200PE.NFO,2024-06-27,10:56:00,2024-07-23,199.9,199.9,199.9,199.9,0,0,1
FINNIFTY23JUL2424200PE.NFO,2024-06-27,10:57:00,2024-07-23,199.9,199.9,199.9,199.9,0,0,1
FINNIFTY23JUL2424200PE.NFO,2024-06-27,10:58:00,2024-07-23,199.9,199.9,199.9,199.9,0,0,1
FINNIFTY23JUL2424200PE.NFO,2024-06-27,10:59:00,2024-07-23,199.9,199.9,199.9,199.9,0,0,1
FINNIFTY23JUL2424200PE.NFO,2024-06-27,11:00:00,2024-07-23,199.9,199.9,199.9,199.9,0,0,1
FINNIFTY23JUL2424200PE.NFO,2024-06-27,11:01:00,2024-07-23,199.9,199.9,199.9,199.9,0,0,1
FINNIFTY23JUL2424200PE.NFO,2024-06-27,11:02:00,2024-07-23,199.9,199.9,199.9,199.9,0,0,1
FINNIFTY23JUL2424200PE.NFO,2024-06-27,11:03:00,2024-07-23,199.9,199.9,199.9,199.9,0,0,1
FINNIFTY23JUL2424200PE.NFO,2024-06-27,11:04:00,2024-07-23,199.9,199.9,199.9,199.9,0,0,1
FINNIFTY23JUL2424200PE.NFO,2024-06-27,11:05:00,2024-07-23,199.9,199.9,199.9,199.9,0,0,1
FINNIFTY23JUL2424200PE.NFO,2024-06-27,11:06:00,2024-07-23,199.9,199.9,199.9,199.9,0,0,1
FINNIFTY23JUL2424200PE.NFO,2024-06-27,11:07:00,2024-07-23,199.9,199.9,199.9,199.9,0,0,1
FINNIFTY23JUL2424200PE.NFO,2024-06-27,11:08:00,2024-07-23,199.9,199.9,199.9,199.9,0,0,1
FINNIFTY23JUL2424200PE.NFO,2024-06-27,11:09:00,2024-07-23,199.9,199.9,199.9,199.9,0,0,1
FINNIFTY23JUL2424200PE.NFO,2024-06-27,11:10:00,2024-07-23,199.9,199.9,199.9,199.9,0,0,1
FINNIFTY23JUL2424200PE.NFO,2024-06-27,11:11:00,2024-07-23,199.9,199.9,199.9,199.9,0,0,1
FINNIFTY23JUL2424200PE.NFO,2024-06-27,11:12:00,2024-07-23,199.9,199.9,199.9,199.9,0,0,1
FINNIFTY23JUL2424200PE.NFO,2024-06-27,11:13:00,2024-07-23,199.9,199.9,199.9,199.9,0,0,1
FINNIFTY23JUL2424200PE.NFO,2024-06-27,11:14:00,2024-07-23,199.9,199.9,199.9,199.9,0,0,1
FINNIFTY23JUL2424200PE.NFO,2024-06-27,11:15:00,2024-07-23,199.9,199.9,199.9,199.9,0,0,1
FINNIFTY23JUL2424200PE.NFO,2024-06-27,11:16:00,2024-07-23,199.9,199.9,199.9,199.9,0,0,1
FINNIFTY23JUL2424200PE.NFO,2024-06-27,11:17:00,2024-07-23,199.9,199.9,199.9,199.9,0,0,1
FINNIFTY23JUL2424200PE.NFO,2024-06-27,11:18:00,2024-07-23,199.9,199.9,199.9,199.9,0,0,1
FINNIFTY23JUL2424200PE.NFO,2024-06-27,11:19:00,2024-07-23,199.9,199.9,199.9,199.9,0,0,1
FINNIFTY23JUL2424200PE.NFO,2024-06-27,11:20:00,2024-07-23,199.9,199.9,199.9,199.9,0,0,1
FINNIFTY23JUL2424200PE.NFO,2024-06-27,11:21:00,2024-07-23,199.9,199.9,199.9,199.9,0,0,1
FINNIFTY23JUL2424200PE.NFO,2024-06-27,11:22:00,2024-07-23,199.9,199.9,199.9,199.9,0,0,1
FINNIFTY23JUL2424200PE.NFO,2024-06-27,11:23:00,2024-07-23,199.9,199.9,199.9,199.9,0,0,1
FINNIFTY23JUL2424200PE.NFO,2024-06-27,11:24:00,2024-07-23,199.9,199.9,199.9,199.9,0,0,1
FINNIFTY23JUL2424200PE.NFO,2024-06-27,11:25:00,2024-07-23,199.9,199.9,199.9,199.9,0,0,1
FINNIFTY23JUL2424200PE.NFO,2024-06-27,11:26:00,2024-07-23,199.9,199.9,199.9,199.9,0,0,1
FINNIFTY23JUL2424200PE.NFO,2024-06-27,11:27:00,2024-07-23,199.9,199.9,199.9,199.9,0,0,1
FINNIFTY23JUL2424200PE.NFO,2024-06-27,11:28:00,2024-07-23,199.9,199.9,199.9,199.9,0,0,1
FINNIFTY23JUL2424200PE.NFO,2024-06-27,11:29:00,2024-07-23,199.9,199.9,199.9,199.9,0,0,1
FINNIFTY23JUL2424200PE.NFO,2024-06-27,11:30:00,2024-07-23,199.9,199.9,199.9,199.9,0,0,1
FINNIFTY23JUL2424200PE.NFO,2024-06-27,11:31:00,2024-07-23,199.9,199.9,199.9,199.9,0,0,1
FINNIFTY23JUL2424200PE.NFO,2024-06-27,11:32:00,2024-07-23,199.9,199.9,199.9,199.9,0,0,1
FINNIFTY23JUL2424200PE.NFO,2024-06-27,11:33:00,2024-07-23,199.9,199.9,199.9,199.9,0,0,1
FINNIFTY23JUL2424200PE.NFO,2024-06-27,11:34:00,2024-07-23,199.9,199.9,199.9,199.9,0,0,1
FINNIFTY23JUL2424200PE.NFO,2024-06-27,11:35:00,2024-07-23,199.9,199.9,199.9,199.9,0,0,1
FINNIFTY23JUL2424200PE.NFO,2024-06-27,11:36:00,2024-07-23,199.9,199.9,199.9,199.9,0,0,1
FINNIFTY23JUL2424200PE.NFO,2024-06-27,11:37:00,2024-07-23,199.9,199.9,199.9,199.9,0,0,1
FINNIFTY23JUL2424200PE.NFO,2024-06-27,11:38:00,2024-07-23,199.9,199.9,199.9,199.9,0,0,1
FINNIFTY23JUL2424200PE.NFO,2024-06-27,11:39:00,2024-07-23,199.9,199.9,199.9,199.9,0,0,1
FINNIFTY23JUL2424200PE.NFO,2024-06-27,11:40:00,2024-07-23,199.9,199.9,199.9,199.9,0,0,1
FINNIFTY23JUL2424200PE.NFO,2024-06-27,11:41:00,2024-07-23,199.9,199.9,199.9,199.9,0,0,1
FINNIFTY23JUL2424200PE.NFO,2024-06-27,11:42:00,2024-07-23,199.9,199.9,199.9,199.9,0,0,1
FINNIFTY23JUL2424200PE.NFO,2024-06-27,11:43:00,2024-07-23,199.9,199.9,199.9,199.9,0,0,1
FINNIFTY23JUL2424200PE.NFO,2024-06-27,11:44:00,2024-07-23,199.9,199.9,199.9,199.9,0,0,1
FINNIFTY23JUL2424200PE.NFO,2024-06-27,11:45:00,2024-07-23,199.9,199.9,199.9,199.9,0,0,1
FINNIFTY23JUL2424200PE.NFO,2024-06-27,11:46:00,2024-07-23,199.9,199.9,199.9,199.9,0,0,1
FINNIFTY23JUL2424200PE.NFO,2024-06-27,11:47:00,2024-07-23,199.9,199.9,199.9,199.9,0,0,1
FINNIFTY23JUL2424200PE.NFO,2024-06-27,11:48:00,2024-07-23,199.9,199.9,199.9,199.9,0,0,1
FINNIFTY23JUL2424200PE.NFO,2024-06-27,11:49:00,2024-07-23,199.9,199.9,199.9,199.9,0,0,1
FINNIFTY23JUL2424200PE.NFO,2024-06-27,11:50:00,2024-07-23,199.9,199.9,199.9,199.9,0,0,1
FINNIFTY23JUL2424200PE.NFO,2024-06-27,11:51:00,2024-07-23,199.9,199.9,199.9,199.9,0,0,1
FINNIFTY23JUL2424200PE.NFO,2024-06-27,11:52:00,2024-07-23,199.9,199.9,199.9,199.9,0,0,1
FINNIFTY23JUL2424200PE.NFO,2024-06-27,11:53:00,2024-07-23,199.9,199.9,199.9,199.9,0,0,1
FINNIFTY23JUL2424200PE.NFO,2024-06-27,11:54:00,2024-07-23,199.9,199.9,199.9,199.9,0,0,1
FINNIFTY23JUL2424200PE.NFO,2024-06-27,11:55:00,2024-07-23,199.9,199.9,199.9,199.9,0,0,1
FINNIFTY23JUL2424200PE.NFO,2024-06-27,11:56:00,2024-07-23,199.9,199.9,199.9,199.9,0,0,1
FINNIFTY23JUL2424200PE.NFO,2024-06-27,11:57:00,2024-07-23,199.9,199.9,199.9,199.9,0,0,1
FINNIFTY23JUL2424200PE.NFO,2024-06-27,11:58:00,2024-07-23,199.9,199.9,199.9,199.9,0,0,1
FINNIFTY23JUL2424200PE.NFO,2024-06-27,11:59:00,2024-07-23,199.9,199.9,199.9,199.9,0,0,1
FINNIFTY23JUL2424200PE.NFO,2024-06-27,12:00:00,2024-07-23,199.9,199.9,199.9,199.9,0,0,1
FINNIFTY23JUL2424200PE.NFO,2024-06-27,12:01:00,2024-07-23,199.9,199.9,199.9,199.9,0,0,1
FINNIFTY23JUL2424200PE.NFO,2024-06-27,12:02:00,2024-07-23,199.9,199.9,199.9,199.9,0,0,1
FINNIFTY23JUL2424200PE.NFO,2024-06-27,12:03:00,2024-07-23,199.9,199.9,199.9,199.9,0,0,1
FINNIFTY23JUL2424200PE.NFO,2024-06-27,12:04:00,2024-07-23,199.9,199.9,199.9,199.9,0,0,1
FINNIFTY23JUL2424200PE.NFO,2024-06-27,12:05:00,2024-07-23,199.9,199.9,199.9,199.9,0,0,1
FINNIFTY23JUL2424200PE.NFO,2024-06-27,12:06:00,2024-07-23,199.9,199.9,199.9,199.9,0,0,1
FINNIFTY23JUL2424200PE.NFO,2024-06-27,12:07:00,2024-07-23,199.9,199.9,199.9,199.9,0,0,1
FINNIFTY23JUL2424200PE.NFO,2024-06-27,12:08:00,2024-07-23,199.9,199.9,199.9,199.9,0,0,1
FINNIFTY23JUL2424200PE.NFO,2024-06-27,12:09:00,2024-07-23,199.9,199.9,199.9,199.9,0,0,1
FINNIFTY23JUL2424200PE.NFO,2024-06-27,12:10:00,2024-07-23,199.9,199.9,199.9,199.9,0,0,1
FINNIFTY23JUL2424200PE.NFO,2024-06-27,12:11:00,2024-07-23,199.9,199.9,199.9,199.9,0,0,1
FINNIFTY23JUL2424200PE.NFO,2024-06-27,12:12:00,2024-07-23,199.9,199.9,199.9,199.9,0,0,1
FINNIFTY23JUL2424200PE.NFO,2024-06-27,12:13:00,2024-07-23,199.9,199.9,199.9,199.9,0,0,1
FINNIFTY23JUL2424200PE.NFO,2024-06-27,12:14:00,2024-07-23,199.9,199.9,199.9,199.9,0,0,1
FINNIFTY23JUL2424200PE.NFO,2024-06-27,12:15:00,2024-07-23,199.9,199.9,199.9,199.9,0,0,1
FINNIFTY23JUL2424200PE.NFO,2024-06-27,12:16:00,2024-07-23,199.9,199.9,199.9,199.9,0,0,1
FINNIFTY23JUL2424200PE.NFO,2024-06-27,12:17:00,2024-07-23,199.9,199.9,199.9,199.9,0,0,1
FINNIFTY23JUL2424200PE.NFO,2024-06-27,12:18:00,2024-07-23,199.9,199.9,199.9,199.9,0,0,1
FINNIFTY23JUL2424200PE.NFO,2024-06-27,12:19:00,2024-07-23,199.9,199.9,199.9,199.9,0,0,1
FINNIFTY23JUL2424200PE.NFO,2024-06-27,12:20:00,2024-07-23,199.9,199.9,199.9,199.9,0,0,1
FINNIFTY23JUL2424200PE.NFO,2024-06-27,12:21:00,2024-07-23,199.9,199.9,199.9,199.9,0,0,1
FINNIFTY23JUL2424200PE.NFO,2024-06-27,12:22:00,2024-07-23,199.9,199.9,199.9,199.9,0,0,1
FINNIFTY23JUL2424200PE.NFO,2024-06-27,12:23:00,2024-07-23,199.9,199.9,199.9,199.9,0,0,1
FINNIFTY23JUL2424200PE.NFO,2024-06-27,12:24:00,2024-07-23,199.9,199.9,199.9,199.9,0,0,1
FINNIFTY23JUL2424200PE.NFO,2024-06-27,12:25:00,2024-07-23,199.9,199.9,199.9,199.9,0,0,1
FINNIFTY23JUL2424200PE.NFO,2024-06-27,12:26:00,2024-07-23,199.9,199.9,199.9,199.9,0,0,1
FINNIFTY23JUL2424200PE.NFO,2024-06-27,12:27:00,2024-07-23,199.9,199.9,199.9,199.9,0,0,1
FINNIFTY23JUL2424200PE.NFO,2024-06-27,12:28:00,2024-07-23,199.9,199.9,199.9,199.9,0,0,1
FINNIFTY23JUL2424200PE.NFO,2024-06-27,12:29:00,2024-07-23,199.9,199.9,199.9,199.9,0,0,1
FINNIFTY23JUL2424200PE.NFO,2024-06-27,12:30:00,2024-07-23,199.9,199.9,199.9,199.9,0,0,1
FINNIFTY23JUL2424200PE.NFO,2024-06-27,12:31:00,2024-07-23,199.9,199.9,199.9,199.9,0,0,1
FINNIFTY23JUL2424200PE.NFO,2024-06-27,12:32:00,2024-07-23,199.9,199.9,199.9,199.9,0,0,1
FINNIFTY23JUL2424200PE.NFO,2024-06-27,12:33:00,2024-07-23,199.9,199.9,199.9,199.9,0,0,1
FINNIFTY23JUL2424200PE.NFO,2024-06-27,12:34:00,2024-07-23,199.9,199.9,199.9,199.9,0,0,1
FINNIFTY23JUL2424200PE.NFO,2024-06-27,12:35:00,2024-07-23,199.9,199.9,199.9,199.9,0,0,1
FINNIFTY23JUL2424200PE.NFO,2024-06-27,12:36:00,2024-07-23,199.9,199.9,199.9,199.9,0,0,1
FINNIFTY23JUL2424200PE.NFO,2024-06-27,12:37:00,2024-07-23,199.9,199.9,199.9,199.9,0,0,1
FINNIFTY23JUL2424200PE.NFO,2024-06-27,12:38:00,2024-07-23,199.9,199.9,199.9,199.9,0,0,1
FINNIFTY23JUL2424200PE.NFO,2024-06-27,12:39:00,2024-07-23,199.9,199.9,199.9,199.9,0,0,1
FINNIFTY23JUL2424200PE.NFO,2024-06-27,12:40:00,2024-07-23,199.9,199.9,199.9,199.9,0,0,1
FINNIFTY23JUL2424200PE.NFO,2024-06-27,12:41:00,2024-07-23,199.9,199.9,199.9,199.9,0,0,1
FINNIFTY23JUL2424200PE.NFO,2024-06-27,12:42:00,2024-07-23,199.9,199.9,199.9,199.9,0,0,1
FINNIFTY23JUL2424200PE.NFO,2024-06-27,12:43:00,2024-07-23,199.9,199.9,199.9,199.9,0,0,1
FINNIFTY23JUL2424200PE.NFO,2024-06-27,12:44:00,2024-07-23,199.9,199.9,199.9,199.9,0,0,1
FINNIFTY23JUL2424200PE.NFO,2024-06-27,12:45:00,2024-07-23,199.9,199.9,199.9,199.9,0,0,1
FINNIFTY23JUL2424200PE.NFO,2024-06-27,12:46:00,2024-07-23,199.9,199.9,199.9,199.9,0,0,1
FINNIFTY23JUL2424200PE.NFO,2024-06-27,12:47:00,2024-07-23,199.9,199.9,199.9,199.9,0,0,1
FINNIFTY23JUL2424200PE.NFO,2024-06-27,12:48:00,2024-07-23,199.9,199.9,199.9,199.9,0,0,1
FINNIFTY23JUL2424200PE.NFO,2024-06-27,12:49:00,2024-07-23,199.9,199.9,199.9,199.9,0,0,1
FINNIFTY23JUL2424200PE.NFO,2024-06-27,12:50:00,2024-07-23,199.9,199.9,199.9,199.9,0,0,1
FINNIFTY23JUL2424200PE.NFO,2024-06-27,12:51:00,2024-07-23,199.9,199.9,199.9,199.9,0,0,1
FINNIFTY23JUL2424200PE.NFO,2024-06-27,12:52:00,2024-07-23,199.9,199.9,199.9,199.9,0,0,1
FINNIFTY23JUL2424200PE.NFO,2024-06-27,12:53:00,2024-07-23,199.9,199.9,199.9,199.9,0,0,1
FINNIFTY23JUL2424200PE.NFO,2024-06-27,12:54:00,2024-07-23,199.9,199.9,199.9,199.9,0,0,1
FINNIFTY23JUL2424200PE.NFO,2024-06-27,12:55:00,2024-07-23,199.9,199.9,199.9,199.9,0,0,1
FINNIFTY23JUL2424200PE.NFO,2024-06-27,12:56:00,2024-07-23,199.9,199.9,199.9,199.9,0,0,1
FINNIFTY23JUL2424200PE.NFO,2024-06-27,12:57:00,2024-07-23,199.9,199.9,199.9,199.9,0,0,1
FINNIFTY23JUL2424200PE.NFO,2024-06-27,12:58:00,2024-07-23,199.9,199.9,199.9,199.9,0,0,1
FINNIFTY23JUL2424200PE.NFO,2024-06-27,12:59:00,2024-07-23,199.9,199.9,199.9,199.9,0,0,1
FINNIFTY23JUL2424200PE.NFO,2024-06-27,13:00:00,2024-07-23,199.9,199.9,199.9,199.9,0,0,1
FINNIFTY23JUL2424200PE.NFO,2024-06-27,13:01:00,2024-07-23,199.9,199.9,199.9,199.9,0,0,1
FINNIFTY23JUL2424200PE.NFO,2024-06-27,13:02:00,2024-07-23,199.9,199.9,199.9,199.9,0,0,1
FINNIFTY23JUL2424200PE.NFO,2024-06-27,13:03:00,2024-07-23,199.9,199.9,199.9,199.9,0,0,1
FINNIFTY23JUL2424200PE.NFO,2024-06-27,13:04:00,2024-07-23,199.9,199.9,199.9,199.9,0,0,1
FINNIFTY23JUL2424200PE.NFO,2024-06-27,13:05:00,2024-07-23,199.9,199.9,199.9,199.9,0,0,1
FINNIFTY23JUL2424200PE.NFO,2024-06-27,13:06:00,2024-07-23,199.9,199.9,199.9,199.9,0,0,1
FINNIFTY23JUL2424200PE.NFO,2024-06-27,13:07:00,2024-07-23,199.9,199.9,199.9,199.9,0,0,1
FINNIFTY23JUL2424200PE.NFO,2024-06-27,13:08:00,2024-07-23,199.9,199.9,199.9,199.9,0,0,1
FINNIFTY23JUL2424200PE.NFO,2024-06-27,13:09:00,2024-07-23,199.9,199.9,199.9,199.9,0,0,1
FINNIFTY23JUL2424200PE.NFO,2024-06-27,13:10:00,2024-07-23,199.9,199.9,199.9,199.9,0,0,1
FINNIFTY23JUL2424200PE.NFO,2024-06-27,13:11:00,2024-07-23,199.9,199.9,199.9,199.9,0,0,1
FINNIFTY23JUL2424200PE.NFO,2024-06-27,13:12:00,2024-07-23,199.9,199.9,199.9,199.9,0,0,1
FINNIFTY23JUL2424200PE.NFO,2024-06-27,13:13:00,2024-07-23,199.9,199.9,199.9,199.9,0,0,1
FINNIFTY23JUL2424200PE.NFO,2024-06-27,13:14:00,2024-07-23,199.9,199.9,199.9,199.9,0,0,1
FINNIFTY23JUL2424200PE.NFO,2024-06-27,13:15:00,2024-07-23,199.9,199.9,199.9,199.9,0,0,1
FINNIFTY23JUL2424200PE.NFO,2024-06-27,13:16:00,2024-07-23,199.9,199.9,199.9,199.9,0,0,1
FINNIFTY23JUL2424200PE.NFO,2024-06-27,13:17:00,2024-07-23,199.9,199.9,199.9,199.9,0,0,1
FINNIFTY23JUL2424200PE.NFO,2024-06-27,13:18:00,2024-07-23,199.9,199.9,199.9,199.9,0,0,1
FINNIFTY23JUL2424200PE.NFO,2024-06-27,13:19:00,2024-07-23,199.9,199.9,199.9,199.9,0,0,1
FINNIFTY23JUL2424200PE.NFO,2024-06-27,13:20:00,2024-07-23,199.9,199.9,199.9,199.9,0,0,1
FINNIFTY23JUL2424200PE.NFO,2024-06-27,13:21:00,2024-07-23,199.9,199.9,199.9,199.9,0,0,1
FINNIFTY23JUL2424200PE.NFO,2024-06-27,13:22:00,2024-07-23,199.9,199.9,199.9,199.9,0,0,1
FINNIFTY23JUL2424200PE.NFO,2024-06-27,13:23:00,2024-07-23,199.9,199.9,199.9,199.9,0,0,1
FINNIFTY23JUL2424200PE.NFO,2024-06-27,13:24:00,2024-07-23,199.9,199.9,199.9,199.9,0,0,1
FINNIFTY23JUL2424200PE.NFO,2024-06-27,13:25:00,2024-07-23,199.9,199.9,199.9,199.9,0,0,1
FINNIFTY23JUL2424200PE.NFO,2024-06-27,13:26:00,2024-07-23,199.9,199.9,199.9,199.9,0,0,1
FINNIFTY23JUL2424200PE.NFO,2024-06-27,13:27:00,2024-07-23,199.9,199.9,199.9,199.9,0,0,1
FINNIFTY23JUL2424200PE.NFO,2024-06-27,13:28:00,2024-07-23,199.9,199.9,199.9,199.9,0,0,1
FINNIFTY23JUL2424200PE.NFO,2024-06-27,13:29:00,2024-07-23,199.9,199.9,199.9,199.9,0,0,1
FINNIFTY23JUL2424200PE.NFO,2024-06-27,13:30:00,2024-07-23,199.9,199.9,199.9,199.9,0,0,1
FINNIFTY23JUL2424200PE.NFO,2024-06-27,13:31:00,2024-07-23,199.9,199.9,199.9,199.9,0,0,1
FINNIFTY23JUL2424200PE.NFO,2024-06-27,13:32:00,2024-07-23,199.9,199.9,199.9,199.9,0,0,1
FINNIFTY23JUL2424200PE.NFO,2024-06-27,13:33:00,2024-07-23,199.9,199.9,199.9,199.9,0,0,1
FINNIFTY23JUL2424200PE.NFO,2024-06-27,13:34:00,2024-07-23,199.9,199.9,199.9,199.9,0,0,1
FINNIFTY23JUL2424200PE.NFO,2024-06-27,13:35:00,2024-07-23,199.9,199.9,199.9,199.9,0,0,1
FINNIFTY23JUL2424200PE.NFO,2024-06-27,13:36:00,2024-07-23,199.9,199.9,199.9,199.9,0,0,1
FINNIFTY23JUL2424200PE.NFO,2024-06-27,13:37:00,2024-07-23,199.9,199.9,199.9,199.9,0,0,1
FINNIFTY23JUL2424200PE.NFO,2024-06-27,13:38:00,2024-07-23,199.9,199.9,199.9,199.9,0,0,1
FINNIFTY23JUL2424200PE.NFO,2024-06-27,13:39:00,2024-07-23,199.9,199.9,199.9,199.9,0,0,1
FINNIFTY23JUL2424200PE.NFO,2024-06-27,13:40:00,2024-07-23,199.9,199.9,199.9,199.9,0,0,1
FINNIFTY23JUL2424200PE.NFO,2024-06-27,13:41:00,2024-07-23,199.9,199.9,199.9,199.9,0,0,1
FINNIFTY23JUL2424200PE.NFO,2024-06-27,13:42:00,2024-07-23,199.9,199.9,199.9,199.9,0,0,1
FINNIFTY23JUL2424200PE.NFO,2024-06-27,13:43:00,2024-07-23,199.9,199.9,199.9,199.9,0,0,1
FINNIFTY23JUL2424200PE.NFO,2024-06-27,13:44:00,2024-07-23,199.9,199.9,199.9,199.9,0,0,1
FINNIFTY23JUL2424200PE.NFO,2024-06-27,13:45:00,2024-07-23,199.9,199.9,199.9,199.9,0,0,1
FINNIFTY23JUL2424200PE.NFO,2024-06-27,13:46:00,2024-07-23,199.9,199.9,199.9,199.9,0,0,1
FINNIFTY23JUL2424200PE.NFO,2024-06-27,13:47:00,2024-07-23,199.9,199.9,199.9,199.9,0,0,1
FINNIFTY23JUL2424200PE.NFO,2024-06-27,13:48:00,2024-07-23,199.9,199.9,199.9,199.9,0,0,1
FINNIFTY23JUL2424200PE.NFO,2024-06-27,13:49:00,2024-07-23,199.9,199.9,199.9,199.9,0,0,1
FINNIFTY23JUL2424200PE.NFO,2024-06-27,13:50:00,2024-07-23,199.9,199.9,199.9,199.9,0,0,1
FINNIFTY23JUL2424200PE.NFO,2024-06-27,13:51:00,2024-07-23,199.9,199.9,199.9,199.9,0,0,1
FINNIFTY23JUL2424200PE.NFO,2024-06-27,13:52:00,2024-07-23,199.9,199.9,199.9,199.9,0,0,1
FINNIFTY23JUL2424200PE.NFO,2024-06-27,13:53:00,2024-07-23,199.9,199.9,199.9,199.9,0,0,1
FINNIFTY23JUL2424200PE.NFO,2024-06-27,13:54:00,2024-07-23,199.9,199.9,199.9,199.9,0,0,1
FINNIFTY23JUL2424200PE.NFO,2024-06-27,13:55:00,2024-07-23,199.9,199.9,199.9,199.9,0,0,1
FINNIFTY23JUL2424200PE.NFO,2024-06-27,13:56:00,2024-07-23,199.9,199.9,199.9,199.9,0,0,1
FINNIFTY23JUL2424200PE.NFO,2024-06-27,13:57:00,2024-07-23,199.9,199.9,199.9,199.9,0,0,1
FINNIFTY23JUL2424200PE.NFO,2024-06-27,13:58:00,2024-07-23,199.9,199.9,199.9,199.9,0,0,1
FINNIFTY23JUL2424200PE.NFO,2024-06-27,13:59:00,2024-07-23,199.9,199.9,199.9,199.9,0,0,1
FINNIFTY23JUL2424200PE.NFO,2024-06-27,14:00:00,2024-07-23,199.9,199.9,199.9,199.9,0,0,1
FINNIFTY23JUL2424200PE.NFO,2024-06-27,14:01:00,2024-07-23,199.9,199.9,199.9,199.9,0,0,1
FINNIFTY23JUL2424200PE.NFO,2024-06-27,14:02:00,2024-07-23,199.9,199.9,199.9,199.9,0,0,1
FINNIFTY23JUL2424200PE.NFO,2024-06-27,14:03:00,2024-07-23,199.9,199.9,199.9,199.9,0,0,1
FINNIFTY23JUL2424200PE.NFO,2024-06-27,14:04:00,2024-07-23,199.9,199.9,199.9,199.9,0,0,1
FINNIFTY23JUL2424200PE.NFO,2024-06-27,14:05:00,2024-07-23,199.9,199.9,199.9,199.9,0,0,1
FINNIFTY23JUL2424200PE.NFO,2024-06-27,14:06:00,2024-07-23,199.9,199.9,199.9,199.9,0,0,1
FINNIFTY23JUL2424200PE.NFO,2024-06-27,14:07:00,2024-07-23,199.9,199.9,199.9,199.9,0,0,1
FINNIFTY23JUL2424200PE.NFO,2024-06-27,14:08:00,2024-07-23,199.9,199.9,199.9,199.9,0,0,1
FINNIFTY23JUL2424200PE.NFO,2024-06-27,14:09:00,2024-07-23,199.9,199.9,199.9,199.9,0,0,1
FINNIFTY23JUL2424200PE.NFO,2024-06-27,14:10:00,2024-07-23,199.9,199.9,199.9,199.9,0,0,1
FINNIFTY23JUL2424200PE.NFO,2024-06-27,14:11:00,2024-07-23,199.9,199.9,199.9,199.9,0,0,1
FINNIFTY23JUL2424200PE.NFO,2024-06-27,14:12:00,2024-07-23,199.9,199.9,199.9,199.9,0,0,1
FINNIFTY23JUL2424200PE.NFO,2024-06-27,14:13:00,2024-07-23,199.9,199.9,199.9,199.9,0,0,1
FINNIFTY23JUL2424200PE.NFO,2024-06-27,14:14:00,2024-07-23,199.9,199.9,199.9,199.9,0,0,1
FINNIFTY23JUL2424200PE.NFO,2024-06-27,14:15:00,2024-07-23,199.9,199.9,199.9,199.9,0,0,1
FINNIFTY23JUL2424200PE.NFO,2024-06-27,14:16:00,2024-07-23,199.9,199.9,199.9,199.9,0,0,1
FINNIFTY23JUL2424200PE.NFO,2024-06-27,14:17:00,2024-07-23,199.9,199.9,199.9,199.9,0,0,1
FINNIFTY23JUL2424200PE.NFO,2024-06-27,14:18:00,2024-07-23,199.9,199.9,199.9,199.9,0,0,1
FINNIFTY23JUL2424200PE.NFO,2024-06-27,14:19:00,2024-07-23,199.9,199.9,199.9,199.9,0,0,1
FINNIFTY23JUL2424200PE.NFO,2024-06-27,14:20:00,2024-07-23,199.9,199.9,199.9,199.9,0,0,1
FINNIFTY23JUL2424200PE.NFO,2024-06-27,14:21:00,2024-07-23,199.9,199.9,199.9,199.9,0,0,1
FINNIFTY23JUL2424200PE.NFO,2024-06-27,14:22:00,2024-07-23,199.9,199.9,199.9,199.9,0,0,1
FINNIFTY23JUL2424200PE.NFO,2024-06-27,14:23:00,2024-07-23,199.9,199.9,199.9,199.9,0,0,1
FINNIFTY23JUL2424200PE.NFO,2024-06-27,14:24:00,2024-07-23,199.9,199.9,199.9,199.9,0,0,1
FINNIFTY23JUL2424200PE.NFO,2024-06-27,14:25:00,2024-07-23,199.9,199.9,199.9,199.9,0,0,1
FINNIFTY23JUL2424200PE.NFO,2024-06-27,14:26:00,2024-07-23,199.9,199.9,199.9,199.9,0,0,1
FINNIFTY23JUL2424200PE.NFO,2024-06-27,14:27:00,2024-07-23,199.9,199.9,199.9,199.9,0,0,1
FINNIFTY23JUL2424200PE.NFO,2024-06-27,14:28:00,2024-07-23,199.9,199.9,199.9,199.9,0,0,1
FINNIFTY23JUL2424200PE.NFO,2024-06-27,14:29:00,2024-07-23,199.9,199.9,199.9,199.9,0,0,1
FINNIFTY23JUL2424200PE.NFO,2024-06-27,14:30:00,2024-07-23,199.9,199.9,199.9,199.9,0,0,1
FINNIFTY23JUL2424200PE.NFO,2024-06-27,14:31:00,2024-07-23,199.9,199.9,199.9,199.9,0,0,1
FINNIFTY23JUL2424200PE.NFO,2024-06-27,14:32:00,2024-07-23,199.9,199.9,199.9,199.9,0,0,1
FINNIFTY23JUL2424200PE.NFO,2024-06-27,14:33:00,2024-07-23,199.9,199.9,199.9,199.9,0,0,1
FINNIFTY23JUL2424200PE.NFO,2024-06-27,14:34:00,2024-07-23,199.9,199.9,199.9,199.9,0,0,1
FINNIFTY23JUL2424200PE.NFO,2024-06-27,14:35:00,2024-07-23,199.9,199.9,199.9,199.9,0,0,1
FINNIFTY23JUL2424200PE.NFO,2024-06-27,14:36:00,2024-07-23,199.9,199.9,199.9,199.9,0,0,1
FINNIFTY23JUL2424200PE.NFO,2024-06-27,14:37:00,2024-07-23,199.9,199.9,199.9,199.9,0,0,1
FINNIFTY23JUL2424200PE.NFO,2024-06-27,14:38:00,2024-07-23,199.9,199.9,199.9,199.9,0,0,1
FINNIFTY23JUL2424200PE.NFO,2024-06-27,14:39:00,2024-07-23,199.9,199.9,199.9,199.9,0,0,1
FINNIFTY23JUL2424200PE.NFO,2024-06-27,14:40:00,2024-07-23,199.9,199.9,199.9,199.9,0,0,1
FINNIFTY23JUL2424200PE.NFO,2024-06-27,14:41:00,2024-07-23,199.9,199.9,199.9,199.9,0,0,1
FINNIFTY23JUL2424200PE.NFO,2024-06-27,14:42:00,2024-07-23,199.9,199.9,199.9,199.9,0,0,1
FINNIFTY23JUL2424200PE.NFO,2024-06-27,14:43:00,2024-07-23,199.9,199.9,199.9,199.9,0,0,1
FINNIFTY23JUL2424200PE.NFO,2024-06-27,14:44:00,2024-07-23,199.9,199.9,199.9,199.9,0,0,1
FINNIFTY23JUL2424200PE.NFO,2024-06-27,14:45:00,2024-07-23,199.9,199.9,199.9,199.9,0,0,1
FINNIFTY23JUL2424200PE.NFO,2024-06-27,14:46:00,2024-07-23,199.9,199.9,199.9,199.9,0,0,1
FINNIFTY23JUL2424200PE.NFO,2024-06-27,14:47:00,2024-07-23,199.9,199.9,199.9,199.9,0,0,1
FINNIFTY23JUL2424200PE.NFO,2024-06-27,14:48:00,2024-07-23,199.9,199.9,199.9,199.9,0,0,1
FINNIFTY23JUL2424200PE.NFO,2024-06-27,14:49:00,2024-07-23,199.9,199.9,199.9,199.9,0,0,1
FINNIFTY23JUL2424200PE.NFO,2024-06-27,14:50:00,2024-07-23,199.9,199.9,199.9,199.9,0,0,1
FINNIFTY23JUL2424200PE.NFO,2024-06-27,14:51:00,2024-07-23,199.9,199.9,199.9,199.9,0,0,1
FINNIFTY23JUL2424200PE.NFO,2024-06-27,14:52:00,2024-07-23,199.9,199.9,199.9,199.9,0,0,1
FINNIFTY23JUL2424200PE.NFO,2024-06-27,14:53:00,2024-07-23,199.9,199.9,199.9,199.9,0,0,1
FINNIFTY23JUL2424200PE.NFO,2024-06-27,14:54:00,2024-07-23,199.9,199.9,199.9,199.9,0,0,1
FINNIFTY23JUL2424200PE.NFO,2024-06-27,14:55:00,2024-07-23,199.9,199.9,199.9,199.9,0,0,1
FINNIFTY23JUL2424200PE.NFO,2024-06-27,14:56:00,2024-07-23,199.9,199.9,199.9,199.9,0,0,1
FINNIFTY23JUL2424200PE.NFO,2024-06-27,14:57:00,2024-07-23,199.9,199.9,199.9,199.9,0,0,1
FINNIFTY23JUL2424200PE.NFO,2024-06-27,14:58:00,2024-07-23,199.9,199.9,199.9,199.9,0,0,1
FINNIFTY23JUL2424200PE.NFO,2024-06-27,14:59:00,2024-07-23,199.9,199.9,199.9,199.9,0,0,1
FINNIFTY23JUL2424200PE.NFO,2024-06-27,15:00:00,2024-07-23,199.9,199.9,199.9,199.9,0,0,1
FINNIFTY23JUL2424200PE.NFO,2024-06-27,15:01:00,2024-07-23,199.9,199.9,199.9,199.9,0,0,1
FINNIFTY23JUL2424200PE.NFO,2024-06-27,15:02:00,2024-07-23,199.9,199.9,199.9,199.9,0,0,1
FINNIFTY23JUL2424200PE.NFO,2024-06-27,15:03:00,2024-07-23,199.9,199.9,199.9,199.9,0,0,1
FINNIFTY23JUL2424200PE.NFO,2024-06-27,15:04:00,2024-07-23,199.9,199.9,199.9,199.9,0,0,1
FINNIFTY23JUL2424200PE.NFO,2024-06-27,15:05:00,2024-07-23,199.9,199.9,199.9,199.9,0,0,1
FINNIFTY23JUL2424200PE.NFO,2024-06-27,15:06:00,2024-07-23,199.9,199.9,199.9,199.9,0,0,1
FINNIFTY23JUL2424200PE.NFO,2024-06-27,15:07:00,2024-07-23,199.9,199.9,199.9,199.9,0,0,1
FINNIFTY23JUL2424200PE.NFO,2024-06-27,15:08:00,2024-07-23,199.9,199.9,199.9,199.9,0,0,1
FINNIFTY23JUL2424200PE.NFO,2024-06-27,15:09:00,2024-07-23,199.9,199.9,199.9,199.9,0,0,1
FINNIFTY23JUL2424200PE.NFO,2024-06-27,15:10:00,2024-07-23,199.9,199.9,199.9,199.9,0,0,1
FINNIFTY23JUL2424200PE.NFO,2024-06-27,15:11:00,2024-07-23,199.9,199.9,199.9,199.9,0,0,1
FINNIFTY23JUL2424200PE.NFO,2024-06-27,15:12:00,2024-07-23,199.9,199.9,199.9,199.9,0,0,1
FINNIFTY23JUL2424200PE.NFO,2024-06-27,15:13:00,2024-07-23,199.9,199.9,199.9,199.9,0,0,1
FINNIFTY23JUL2424200PE.NFO,2024-06-27,15:14:00,2024-07-23,199.9,199.9,199.9,199.9,0,0,1
FINNIFTY23JUL2424200PE.NFO,2024-06-27,15:15:00,2024-07-23,199.9,199.9,199.9,199.9,0,0,1
FINNIFTY23JUL2424200PE.NFO,2024-06-27,15:16:00,2024-07-23,199.9,199.9,199.9,199.9,0,0,1
FINNIFTY23JUL2424200PE.NFO,2024-06-27,15:17:00,2024-07-23,199.9,199.9,199.9,199.9,0,0,1
FINNIFTY23JUL2424200PE.NFO,2024-06-27,15:18:00,2024-07-23,199.9,199.9,199.9,199.9,0,0,1
FINNIFTY23JUL2424200PE.NFO,2024-06-27,15:19:00,2024-07-23,199.9,199.9,199.9,199.9,0,0,1
FINNIFTY23JUL2424200PE.NFO,2024-06-27,15:20:00,2024-07-23,199.9,199.9,199.9,199.9,0,0,1
FINNIFTY23JUL2424200PE.NFO,2024-06-27,15:21:00,2024-07-23,199.9,199.9,199.9,199.9,0,0,1
FINNIFTY23JUL2424200PE.NFO,2024-06-27,15:22:00,2024-07-23,199.9,199.9,199.9,199.9,0,0,1
FINNIFTY23JUL2424200PE.NFO,2024-06-27,15:23:00,2024-07-23,199.9,199.9,199.9,199.9,0,0,1
FINNIFTY23JUL2424200PE.NFO,2024-06-27,15:24:00,2024-07-23,199.9,199.9,199.9,199.9,0,0,1
FINNIFTY23JUL2424200PE.NFO,2024-06-27,15:25:00,2024-07-23,199.9,199.9,199.9,199.9,0,0,1
FINNIFTY23JUL2424200PE.NFO,2024-06-27,15:26:00,2024-07-23,199.9,199.9,199.9,199.9,0,0,1
FINNIFTY23JUL2424200PE.NFO,2024-06-27,15:27:00,2024-07-23,199.9,199.9,199.9,199.9,0,0,1
FINNIFTY23JUL2424200PE.NFO,2024-06-27,15:28:00,2024-07-23,199.9,199.9,199.9,199.9,0,0,1
FINNIFTY23JUL2424200PE.NFO,2024-06-27,15:29:00,2024-07-23,199.9,199.9,199.9,199.9,0,0,1
FINNIFTY23JUL2424200PE.NFO,2024-06-27,15:30:00,2024-07-23,199.9,199.9,199.9,199.9,0,0,1
FINNIFTY23JUL2424200PE.NFO,2024-06-28,09:15:00,2024-07-23,199.9,199.9,199.9,199.9,0,0,0
FINNIFTY23JUL2424200PE.NFO,2024-06-28,09:16:00,2024-07-23,199.9,199.9,199.9,199.9,0,0,1
FINNIFTY23JUL2424200PE.NFO,2024-06-28,09:17:00,2024-07-23,199.9,199.9,199.9,199.9,0,0,1
FINNIFTY23JUL2424200PE.NFO,2024-06-28,09:18:00,2024-07-23,199.9,199.9,199.9,199.9,0,0,1
FINNIFTY23JUL2424200PE.NFO,2024-06-28,09:19:00,2024-07-23,199.9,199.9,199.9,199.9,0,0,1
FINNIFTY23JUL2424200PE.NFO,2024-06-28,09:20:00,2024-07-23,199.9,199.9,199.9,199.9,0,0,1
FINNIFTY23JUL2424200PE.NFO,2024-06-28,09:21:00,2024-07-23,199.9,199.9,199.9,199.9,0,0,1
FINNIFTY23JUL2424200PE.NFO,2024-06-28,09:22:00,2024-07-23,199.9,199.9,199.9,199.9,0,0,1
FINNIFTY23JUL2424200PE.NFO,2024-06-28,09:23:00,2024-07-23,199.9,199.9,199.9,199.9,0,0,1
FINNIFTY23JUL2424200PE.NFO,2024-06-28,09:24:00,2024-07-23,199.9,199.9,199.9,199.9,0,0,1
FINNIFTY23JUL2424200PE.NFO,2024-06-28,09:25:00,2024-07-23,199.9,199.9,199.9,199.9,0,0,1
FINNIFTY23JUL2424200PE.NFO,2024-06-28,09:26:00,2024-07-23,199.9,199.9,199.9,199.9,0,0,1
FINNIFTY23JUL2424200PE.NFO,2024-06-28,09:27:00,2024-07-23,199.9,199.9,199.9,199.9,0,0,1
FINNIFTY23JUL2424200PE.NFO,2024-06-28,09:28:00,2024-07-23,199.9,199.9,199.9,199.9,0,0,1
FINNIFTY23JUL2424200PE.NFO,2024-06-28,09:29:00,2024-07-23,199.9,199.9,199.9,199.9,0,0,1
FINNIFTY23JUL2424200PE.NFO,2024-06-28,09:30:00,2024-07-23,199.9,199.9,199.9,199.9,0,0,1
FINNIFTY23JUL2424200PE.NFO,2024-06-28,09:31:00,2024-07-23,199.9,199.9,199.9,199.9,0,0,1
FINNIFTY23JUL2424200PE.NFO,2024-06-28,09:32:00,2024-07-23,199.9,199.9,199.9,199.9,0,0,1
FINNIFTY23JUL2424200PE.NFO,2024-06-28,09:33:00,2024-07-23,199.9,199.9,199.9,199.9,0,0,1
FINNIFTY23JUL2424200PE.NFO,2024-06-28,09:34:00,2024-07-23,199.9,199.9,199.9,199.9,0,0,1
FINNIFTY23JUL2424200PE.NFO,2024-06-28,09:35:00,2024-07-23,199.9,199.9,199.9,199.9,0,0,1
FINNIFTY23JUL2424200PE.NFO,2024-06-28,09:36:00,2024-07-23,199.9,199.9,199.9,199.9,0,0,1
FINNIFTY23JUL2424200PE.NFO,2024-06-28,09:37:00,2024-07-23,199.9,199.9,199.9,199.9,0,0,1
FINNIFTY23JUL2424200PE.NFO,2024-06-28,09:38:00,2024-07-23,199.9,199.9,199.9,199.9,0,0,1
FINNIFTY23JUL2424200PE.NFO,2024-06-28,09:39:00,2024-07-23,199.9,199.9,199.9,199.9,0,0,1
FINNIFTY23JUL2424200PE.NFO,2024-06-28,09:40:00,2024-07-23,199.9,199.9,199.9,199.9,0,0,1
FINNIFTY23JUL2424200PE.NFO,2024-06-28,09:41:00,2024-07-23,199.9,199.9,199.9,199.9,0,0,1
FINNIFTY23JUL2424200PE.NFO,2024-06-28,09:42:00,2024-07-23,199.9,199.9,199.9,199.9,0,0,1
FINNIFTY23JUL2424200PE.NFO,2024-06-28,09:43:00,2024-07-23,199.9,199.9,199.9,199.9,0,0,1
FINNIFTY23JUL2424200PE.NFO,2024-06-28,09:44:00,2024-07-23,199.9,199.9,199.9,199.9,0,0,1
FINNIFTY23JUL2424200PE.NFO,2024-06-28,09:45:00,2024-07-23,199.9,199.9,199.9,199.9,0,0,1
FINNIFTY23JUL2424200PE.NFO,2024-06-28,09:46:00,2024-07-23,199.9,199.9,199.9,199.9,0,0,1
FINNIFTY23JUL2424200PE.NFO,2024-06-28,09:47:00,2024-07-23,199.9,199.9,199.9,199.9,0,0,1
FINNIFTY23JUL2424200PE.NFO,2024-06-28,09:48:00,2024-07-23,199.9,199.9,199.9,199.9,0,0,1
FINNIFTY23JUL2424200PE.NFO,2024-06-28,09:49:00,2024-07-23,199.9,199.9,199.9,199.9,0,0,1
FINNIFTY23JUL2424200PE.NFO,2024-06-28,09:50:00,2024-07-23,199.9,199.9,199.9,199.9,0,0,1
FINNIFTY23JUL2424200PE.NFO,2024-06-28,09:51:00,2024-07-23,199.9,199.9,199.9,199.9,0,0,1
FINNIFTY23JUL2424200PE.NFO,2024-06-28,09:52:00,2024-07-23,199.9,199.9,199.9,199.9,0,0,1
FINNIFTY23JUL2424200PE.NFO,2024-06-28,09:53:00,2024-07-23,199.9,199.9,199.9,199.9,0,0,1
FINNIFTY23JUL2424200PE.NFO,2024-06-28,09:54:00,2024-07-23,199.9,199.9,199.9,199.9,0,0,1
FINNIFTY23JUL2424200PE.NFO,2024-06-28,09:55:00,2024-07-23,199.9,199.9,199.9,199.9,0,0,1
FINNIFTY23JUL2424200PE.NFO,2024-06-28,09:56:00,2024-07-23,199.9,199.9,199.9,199.9,0,0,1
FINNIFTY23JUL2424200PE.NFO,2024-06-28,09:57:00,2024-07-23,199.9,199.9,199.9,199.9,0,0,1
FINNIFTY23JUL2424200PE.NFO,2024-06-28,09:58:00,2024-07-23,199.9,199.9,199.9,199.9,0,0,1
FINNIFTY23JUL2424200PE.NFO,2024-06-28,09:59:00,2024-07-23,199.9,199.9,199.9,199.9,0,0,1
FINNIFTY23JUL2424200PE.NFO,2024-06-28,10:00:00,2024-07-23,199.9,199.9,199.9,199.9,0,0,1
FINNIFTY23JUL2424200PE.NFO,2024-06-28,10:01:00,2024-07-23,199.9,199.9,199.9,199.9,0,0,1
FINNIFTY23JUL2424200PE.NFO,2024-06-28,10:02:00,2024-07-23,199.9,199.9,199.9,199.9,0,0,1
FINNIFTY23JUL2424200PE.NFO,2024-06-28,10:03:00,2024-07-23,199.9,199.9,199.9,199.9,0,0,1
FINNIFTY23JUL2424200PE.NFO,2024-06-28,10:04:00,2024-07-23,199.9,199.9,199.9,199.9,0,0,1
FINNIFTY23JUL2424200PE.NFO,2024-06-28,10:05:00,2024-07-23,199.9,199.9,199.9,199.9,0,0,1
FINNIFTY23JUL2424200PE.NFO,2024-06-28,10:06:00,2024-07-23,199.9,199.9,199.9,199.9,0,0,1
FINNIFTY23JUL2424200PE.NFO,2024-06-28,10:07:00,2024-07-23,199.9,199.9,199.9,199.9,0,0,1
FINNIFTY23JUL2424200PE.NFO,2024-06-28,10:08:00,2024-07-23,199.9,199.9,199.9,199.9,0,0,1
FINNIFTY23JUL2424200PE.NFO,2024-06-28,10:09:00,2024-07-23,199.9,199.9,199.9,199.9,0,0,1
FINNIFTY23JUL2424200PE.NFO,2024-06-28,10:10:00,2024-07-23,199.9,199.9,199.9,199.9,0,0,1
FINNIFTY23JUL2424200PE.NFO,2024-06-28,10:11:00,2024-07-23,199.9,199.9,199.9,199.9,0,0,1
FINNIFTY23JUL2424200PE.NFO,2024-06-28,10:12:00,2024-07-23,199.9,199.9,199.9,199.9,0,0,1
FINNIFTY23JUL2424200PE.NFO,2024-06-28,10:13:00,2024-07-23,199.9,199.9,199.9,199.9,0,0,1
FINNIFTY23JUL2424200PE.NFO,2024-06-28,10:14:00,2024-07-23,199.9,199.9,199.9,199.9,0,0,1
FINNIFTY23JUL2424200PE.NFO,2024-06-28,10:15:00,2024-07-23,199.9,199.9,199.9,199.9,0,0,1
FINNIFTY23JUL2424200PE.NFO,2024-06-28,10:16:00,2024-07-23,199.9,199.9,199.9,199.9,0,0,1
FINNIFTY23JUL2424200PE.NFO,2024-06-28,10:17:00,2024-07-23,199.9,199.9,199.9,199.9,0,0,1
FINNIFTY23JUL2424200PE.NFO,2024-06-28,10:18:00,2024-07-23,199.9,199.9,199.9,199.9,0,0,1
FINNIFTY23JUL2424200PE.NFO,2024-06-28,10:19:00,2024-07-23,199.9,199.9,199.9,199.9,0,0,1
FINNIFTY23JUL2424200PE.NFO,2024-06-28,10:20:00,2024-07-23,199.9,199.9,199.9,199.9,0,0,1
FINNIFTY23JUL2424200PE.NFO,2024-06-28,10:21:00,2024-07-23,199.9,199.9,199.9,199.9,0,0,1
FINNIFTY23JUL2424200PE.NFO,2024-06-28,10:22:00,2024-07-23,199.9,199.9,199.9,199.9,0,0,1
FINNIFTY23JUL2424200PE.NFO,2024-06-28,10:23:00,2024-07-23,199.9,199.9,199.9,199.9,0,0,1
FINNIFTY23JUL2424200PE.NFO,2024-06-28,10:24:00,2024-07-23,199.9,199.9,199.9,199.9,0,0,1
FINNIFTY23JUL2424200PE.NFO,2024-06-28,10:25:00,2024-07-23,199.9,199.9,199.9,199.9,0,0,1
FINNIFTY23JUL2424200PE.NFO,2024-06-28,10:26:00,2024-07-23,199.9,199.9,199.9,199.9,0,0,1
FINNIFTY23JUL2424200PE.NFO,2024-06-28,10:27:00,2024-07-23,199.9,199.9,199.9,199.9,0,0,1
FINNIFTY23JUL2424200PE.NFO,2024-06-28,10:28:00,2024-07-23,199.9,199.9,199.9,199.9,0,0,1
FINNIFTY23JUL2424200PE.NFO,2024-06-28,10:29:00,2024-07-23,199.9,199.9,199.9,199.9,0,0,1
FINNIFTY23JUL2424200PE.NFO,2024-06-28,10:30:00,2024-07-23,199.9,199.9,199.9,199.9,0,0,1
FINNIFTY23JUL2424200PE.NFO,2024-06-28,10:31:00,2024-07-23,199.9,199.9,199.9,199.9,0,0,1
FINNIFTY23JUL2424200PE.NFO,2024-06-28,10:32:00,2024-07-23,199.9,199.9,199.9,199.9,0,0,1
FINNIFTY23JUL2424200PE.NFO,2024-06-28,10:33:00,2024-07-23,199.9,199.9,199.9,199.9,0,0,1
FINNIFTY23JUL2424200PE.NFO,2024-06-28,10:34:00,2024-07-23,199.9,199.9,199.9,199.9,0,0,1
FINNIFTY23JUL2424200PE.NFO,2024-06-28,10:35:00,2024-07-23,199.9,199.9,199.9,199.9,0,0,1
FINNIFTY23JUL2424200PE.NFO,2024-06-28,10:36:00,2024-07-23,199.9,199.9,199.9,199.9,0,0,1
FINNIFTY23JUL2424200PE.NFO,2024-06-28,10:37:00,2024-07-23,199.9,199.9,199.9,199.9,0,0,1
FINNIFTY23JUL2424200PE.NFO,2024-06-28,10:38:00,2024-07-23,199.9,199.9,199.9,199.9,0,0,1
FINNIFTY23JUL2424200PE.NFO,2024-06-28,10:39:00,2024-07-23,199.9,199.9,199.9,199.9,0,0,1
FINNIFTY23JUL2424200PE.NFO,2024-06-28,10:40:00,2024-07-23,199.9,199.9,199.9,199.9,0,0,1
FINNIFTY23JUL2424200PE.NFO,2024-06-28,10:41:00,2024-07-23,199.9,199.9,199.9,199.9,0,0,1
FINNIFTY23JUL2424200PE.NFO,2024-06-28,10:42:00,2024-07-23,199.9,199.9,199.9,199.9,0,0,1
FINNIFTY23JUL2424200PE.NFO,2024-06-28,10:43:00,2024-07-23,199.9,199.9,199.9,199.9,0,0,1
FINNIFTY23JUL2424200PE.NFO,2024-06-28,10:44:00,2024-07-23,199.9,199.9,199.9,199.9,0,0,1
FINNIFTY23JUL2424200PE.NFO,2024-06-28,10:45:00,2024-07-23,199.9,199.9,199.9,199.9,0,0,1
FINNIFTY23JUL2424200PE.NFO,2024-06-28,10:46:00,2024-07-23,199.9,199.9,199.9,199.9,0,0,1
FINNIFTY23JUL2424200PE.NFO,2024-06-28,10:47:00,2024-07-23,199.9,199.9,199.9,199.9,0,0,1
FINNIFTY23JUL2424200PE.NFO,2024-06-28,10:48:00,2024-07-23,199.9,199.9,199.9,199.9,0,0,1
FINNIFTY23JUL2424200PE.NFO,2024-06-28,10:49:00,2024-07-23,199.9,199.9,199.9,199.9,0,0,1
FINNIFTY23JUL2424200PE.NFO,2024-06-28,10:50:00,2024-07-23,199.9,199.9,199.9,199.9,0,0,1
FINNIFTY23JUL2424200PE.NFO,2024-06-28,10:51:00,2024-07-23,199.9,199.9,199.9,199.9,0,0,1
FINNIFTY23JUL2424200PE.NFO,2024-06-28,10:52:00,2024-07-23,199.9,199.9,199.9,199.9,0,0,1
FINNIFTY23JUL2424200PE.NFO,2024-06-28,10:53:00,2024-07-23,199.9,199.9,199.9,199.9,0,0,1
FINNIFTY23JUL2424200PE.NFO,2024-06-28,10:54:00,2024-07-23,199.9,199.9,199.9,199.9,0,0,1
FINNIFTY23JUL2424200PE.NFO,2024-06-28,10:55:00,2024-07-23,199.9,199.9,199.9,199.9,0,0,1
FINNIFTY23JUL2424200PE.NFO,2024-06-28,10:56:00,2024-07-23,199.9,199.9,199.9,199.9,0,0,1
FINNIFTY23JUL2424200PE.NFO,2024-06-28,10:57:00,2024-07-23,199.9,199.9,199.9,199.9,0,0,1
FINNIFTY23JUL2424200PE.NFO,2024-06-28,10:58:00,2024-07-23,199.9,199.9,199.9,199.9,0,0,1
FINNIFTY23JUL2424200PE.NFO,2024-06-28,10:59:00,2024-07-23,199.9,199.9,199.9,199.9,0,0,1
FINNIFTY23JUL2424200PE.NFO,2024-06-28,11:00:00,2024-07-23,199.9,199.9,199.9,199.9,0,0,1
FINNIFTY23JUL2424200PE.NFO,2024-06-28,11:01:00,2024-07-23,199.9,199.9,199.9,199.9,0,0,1
FINNIFTY23JUL2424200PE.NFO,2024-06-28,11:02:00,2024-07-23,199.9,199.9,199.9,199.9,0,0,1
FINNIFTY23JUL2424200PE.NFO,2024-06-28,11:03:00,2024-07-23,199.9,199.9,199.9,199.9,0,0,1
FINNIFTY23JUL2424200PE.NFO,2024-06-28,11:04:00,2024-07-23,199.9,199.9,199.9,199.9,0,0,1
FINNIFTY23JUL2424200PE.NFO,2024-06-28,11:05:00,2024-07-23,199.9,199.9,199.9,199.9,0,0,1
FINNIFTY23JUL2424200PE.NFO,2024-06-28,11:06:00,2024-07-23,199.9,199.9,199.9,199.9,0,0,1
FINNIFTY23JUL2424200PE.NFO,2024-06-28,11:07:00,2024-07-23,199.9,199.9,199.9,199.9,0,0,1
FINNIFTY23JUL2424200PE.NFO,2024-06-28,11:08:00,2024-07-23,199.9,199.9,199.9,199.9,0,0,1
FINNIFTY23JUL2424200PE.NFO,2024-06-28,11:09:00,2024-07-23,199.9,199.9,199.9,199.9,0,0,1
FINNIFTY23JUL2424200PE.NFO,2024-06-28,11:10:00,2024-07-23,199.9,199.9,199.9,199.9,0,0,1
FINNIFTY23JUL2424200PE.NFO,2024-06-28,11:11:00,2024-07-23,199.9,199.9,199.9,199.9,0,0,1
FINNIFTY23JUL2424200PE.NFO,2024-06-28,11:12:00,2024-07-23,199.9,199.9,199.9,199.9,0,0,1
FINNIFTY23JUL2424200PE.NFO,2024-06-28,11:13:00,2024-07-23,199.9,199.9,199.9,199.9,0,0,1
FINNIFTY23JUL2424200PE.NFO,2024-06-28,11:14:00,2024-07-23,199.9,199.9,199.9,199.9,0,0,1
FINNIFTY23JUL2424200PE.NFO,2024-06-28,11:15:00,2024-07-23,199.9,199.9,199.9,199.9,0,0,1
FINNIFTY23JUL2424200PE.NFO,2024-06-28,11:16:00,2024-07-23,199.9,199.9,199.9,199.9,0,0,1
FINNIFTY23JUL2424200PE.NFO,2024-06-28,11:17:00,2024-07-23,199.9,199.9,199.9,199.9,0,0,1
FINNIFTY23JUL2424200PE.NFO,2024-06-28,11:18:00,2024-07-23,199.9,199.9,199.9,199.9,0,0,1
FINNIFTY23JUL2424200PE.NFO,2024-06-28,11:19:00,2024-07-23,199.9,199.9,199.9,199.9,0,0,1
FINNIFTY23JUL2424200PE.NFO,2024-06-28,11:20:00,2024-07-23,199.9,199.9,199.9,199.9,0,0,1
FINNIFTY23JUL2424200PE.NFO,2024-06-28,11:21:00,2024-07-23,199.9,199.9,199.9,199.9,0,0,1
FINNIFTY23JUL2424200PE.NFO,2024-06-28,11:22:00,2024-07-23,199.9,199.9,199.9,199.9,0,0,1
FINNIFTY23JUL2424200PE.NFO,2024-06-28,11:23:00,2024-07-23,199.9,199.9,199.9,199.9,0,0,1
FINNIFTY23JUL2424200PE.NFO,2024-06-28,11:24:00,2024-07-23,199.9,199.9,199.9,199.9,0,0,1
FINNIFTY23JUL2424200PE.NFO,2024-06-28,11:25:00,2024-07-23,199.9,199.9,199.9,199.9,0,0,1
FINNIFTY23JUL2424200PE.NFO,2024-06-28,11:26:00,2024-07-23,199.9,199.9,199.9,199.9,0,0,1
FINNIFTY23JUL2424200PE.NFO,2024-06-28,11:27:00,2024-07-23,199.9,199.9,199.9,199.9,0,0,1
FINNIFTY23JUL2424200PE.NFO,2024-06-28,11:28:00,2024-07-23,199.9,199.9,199.9,199.9,0,0,1
FINNIFTY23JUL2424200PE.NFO,2024-06-28,11:29:00,2024-07-23,199.9,199.9,199.9,199.9,0,0,1
FINNIFTY23JUL2424200PE.NFO,2024-06-28,11:30:00,2024-07-23,199.9,199.9,199.9,199.9,0,0,1
FINNIFTY23JUL2424200PE.NFO,2024-06-28,11:31:00,2024-07-23,199.9,199.9,199.9,199.9,0,0,1
FINNIFTY23JUL2424200PE.NFO,2024-06-28,11:32:00,2024-07-23,199.9,199.9,199.9,199.9,0,0,1
FINNIFTY23JUL2424200PE.NFO,2024-06-28,11:33:00,2024-07-23,199.9,199.9,199.9,199.9,0,0,1
FINNIFTY23JUL2424200PE.NFO,2024-06-28,11:34:00,2024-07-23,199.9,199.9,199.9,199.9,0,0,1
FINNIFTY23JUL2424200PE.NFO,2024-06-28,11:35:00,2024-07-23,199.9,199.9,199.9,199.9,0,0,1
FINNIFTY23JUL2424200PE.NFO,2024-06-28,11:36:00,2024-07-23,199.9,199.9,199.9,199.9,0,0,1
FINNIFTY23JUL2424200PE.NFO,2024-06-28,11:37:00,2024-07-23,199.9,199.9,199.9,199.9,0,0,1
FINNIFTY23JUL2424200PE.NFO,2024-06-28,11:38:00,2024-07-23,199.9,199.9,199.9,199.9,0,0,1
FINNIFTY23JUL2424200PE.NFO,2024-06-28,11:39:00,2024-07-23,199.9,199.9,199.9,199.9,0,0,1
FINNIFTY23JUL2424200PE.NFO,2024-06-28,11:40:00,2024-07-23,199.9,199.9,199.9,199.9,0,0,1
FINNIFTY23JUL2424200PE.NFO,2024-06-28,11:41:00,2024-07-23,199.9,199.9,199.9,199.9,0,0,1
FINNIFTY23JUL2424200PE.NFO,2024-06-28,11:42:00,2024-07-23,199.9,199.9,199.9,199.9,0,0,1
FINNIFTY23JUL2424200PE.NFO,2024-06-28,11:43:00,2024-07-23,199.9,199.9,199.9,199.9,0,0,1
FINNIFTY23JUL2424200PE.NFO,2024-06-28,11:44:00,2024-07-23,199.9,199.9,199.9,199.9,0,0,1
FINNIFTY23JUL2424200PE.NFO,2024-06-28,11:45:00,2024-07-23,199.9,199.9,199.9,199.9,0,0,1
FINNIFTY23JUL2424200PE.NFO,2024-06-28,11:46:00,2024-07-23,199.9,199.9,199.9,199.9,0,0,1
FINNIFTY23JUL2424200PE.NFO,2024-06-28,11:47:00,2024-07-23,199.9,199.9,199.9,199.9,0,0,1
FINNIFTY23JUL2424200PE.NFO,2024-06-28,11:48:00,2024-07-23,199.9,199.9,199.9,199.9,0,0,1
FINNIFTY23JUL2424200PE.NFO,2024-06-28,11:49:00,2024-07-23,199.9,199.9,199.9,199.9,0,0,1
FINNIFTY23JUL2424200PE.NFO,2024-06-28,11:50:00,2024-07-23,199.9,199.9,199.9,199.9,0,0,1
FINNIFTY23JUL2424200PE.NFO,2024-06-28,11:51:00,2024-07-23,199.9,199.9,199.9,199.9,0,0,1
FINNIFTY23JUL2424200PE.NFO,2024-06-28,11:52:00,2024-07-23,199.9,199.9,199.9,199.9,0,0,1
FINNIFTY23JUL2424200PE.NFO,2024-06-28,11:53:00,2024-07-23,199.9,199.9,199.9,199.9,0,0,1
FINNIFTY23JUL2424200PE.NFO,2024-06-28,11:54:00,2024-07-23,199.9,199.9,199.9,199.9,0,0,1
FINNIFTY23JUL2424200PE.NFO,2024-06-28,11:55:00,2024-07-23,199.9,199.9,199.9,199.9,0,0,1
FINNIFTY23JUL2424200PE.NFO,2024-06-28,11:56:00,2024-07-23,199.9,199.9,199.9,199.9,0,0,1
FINNIFTY23JUL2424200PE.NFO,2024-06-28,11:57:00,2024-07-23,199.9,199.9,199.9,199.9,0,0,1
FINNIFTY23JUL2424200PE.NFO,2024-06-28,11:58:00,2024-07-23,199.9,199.9,199.9,199.9,0,0,1
FINNIFTY23JUL2424200PE.NFO,2024-06-28,11:59:00,2024-07-23,199.9,199.9,199.9,199.9,0,0,1
FINNIFTY23JUL2424200PE.NFO,2024-06-28,12:00:00,2024-07-23,199.9,199.9,199.9,199.9,0,0,1
FINNIFTY23JUL2424200PE.NFO,2024-06-28,12:01:00,2024-07-23,199.9,199.9,199.9,199.9,0,0,1
FINNIFTY23JUL2424200PE.NFO,2024-06-28,12:02:00,2024-07-23,199.9,199.9,199.9,199.9,0,0,1
FINNIFTY23JUL2424200PE.NFO,2024-06-28,12:03:00,2024-07-23,199.9,199.9,199.9,199.9,0,0,1
FINNIFTY23JUL2424200PE.NFO,2024-06-28,12:04:00,2024-07-23,199.9,199.9,199.9,199.9,0,0,1
FINNIFTY23JUL2424200PE.NFO,2024-06-28,12:05:00,2024-07-23,199.9,199.9,199.9,199.9,0,0,1
FINNIFTY23JUL2424200PE.NFO,2024-06-28,12:06:00,2024-07-23,199.9,199.9,199.9,199.9,0,0,1
FINNIFTY23JUL2424200PE.NFO,2024-06-28,12:07:00,2024-07-23,199.9,199.9,199.9,199.9,0,0,1
FINNIFTY23JUL2424200PE.NFO,2024-06-28,12:08:00,2024-07-23,199.9,199.9,199.9,199.9,0,0,1
FINNIFTY23JUL2424200PE.NFO,2024-06-28,12:09:00,2024-07-23,199.9,199.9,199.9,199.9,0,0,1
FINNIFTY23JUL2424200PE.NFO,2024-06-28,12:10:00,2024-07-23,199.9,199.9,199.9,199.9,0,0,1
FINNIFTY23JUL2424200PE.NFO,2024-06-28,12:11:00,2024-07-23,199.9,199.9,199.9,199.9,0,0,1
FINNIFTY23JUL2424200PE.NFO,2024-06-28,12:12:00,2024-07-23,199.9,199.9,199.9,199.9,0,0,1
FINNIFTY23JUL2424200PE.NFO,2024-06-28,12:13:00,2024-07-23,199.9,199.9,199.9,199.9,0,0,1
FINNIFTY23JUL2424200PE.NFO,2024-06-28,12:14:00,2024-07-23,199.9,199.9,199.9,199.9,0,0,1
FINNIFTY23JUL2424200PE.NFO,2024-06-28,12:15:00,2024-07-23,199.9,199.9,199.9,199.9,0,0,1
FINNIFTY23JUL2424200PE.NFO,2024-06-28,12:16:00,2024-07-23,199.9,199.9,199.9,199.9,0,0,1
FINNIFTY23JUL2424200PE.NFO,2024-06-28,12:17:00,2024-07-23,199.9,199.9,199.9,199.9,0,0,1
FINNIFTY23JUL2424200PE.NFO,2024-06-28,12:18:00,2024-07-23,199.9,199.9,199.9,199.9,0,0,1
FINNIFTY23JUL2424200PE.NFO,2024-06-28,12:19:00,2024-07-23,199.9,199.9,199.9,199.9,0,0,1
FINNIFTY23JUL2424200PE.NFO,2024-06-28,12:20:00,2024-07-23,199.9,199.9,199.9,199.9,0,0,1
FINNIFTY23JUL2424200PE.NFO,2024-06-28,12:21:00,2024-07-23,199.9,199.9,199.9,199.9,0,0,1
FINNIFTY23JUL2424200PE.NFO,2024-06-28,12:22:00,2024-07-23,199.9,199.9,199.9,199.9,0,0,1
FINNIFTY23JUL2424200PE.NFO,2024-06-28,12:23:00,2024-07-23,199.9,199.9,199.9,199.9,0,0,1
FINNIFTY23JUL2424200PE.NFO,2024-06-28,12:24:00,2024-07-23,199.9,199.9,199.9,199.9,0,0,1
FINNIFTY23JUL2424200PE.NFO,2024-06-28,12:25:00,2024-07-23,199.9,199.9,199.9,199.9,0,0,1
FINNIFTY23JUL2424200PE.NFO,2024-06-28,12:26:00,2024-07-23,199.9,199.9,199.9,199.9,0,0,1
FINNIFTY23JUL2424200PE.NFO,2024-06-28,12:27:00,2024-07-23,199.9,199.9,199.9,199.9,0,0,1
FINNIFTY23JUL2424200PE.NFO,2024-06-28,12:28:00,2024-07-23,199.9,199.9,199.9,199.9,0,0,1
FINNIFTY23JUL2424200PE.NFO,2024-06-28,12:29:00,2024-07-23,199.9,199.9,199.9,199.9,0,0,1
FINNIFTY23JUL2424200PE.NFO,2024-06-28,12:30:00,2024-07-23,199.9,199.9,199.9,199.9,0,0,1
FINNIFTY23JUL2424200PE.NFO,2024-06-28,12:31:00,2024-07-23,199.9,199.9,199.9,199.9,0,0,1
FINNIFTY23JUL2424200PE.NFO,2024-06-28,12:32:00,2024-07-23,199.9,199.9,199.9,199.9,0,0,1
FINNIFTY23JUL2424200PE.NFO,2024-06-28,12:33:00,2024-07-23,199.9,199.9,199.9,199.9,0,0,1
FINNIFTY23JUL2424200PE.NFO,2024-06-28,12:34:00,2024-07-23,199.9,199.9,199.9,199.9,0,0,1
FINNIFTY23JUL2424200PE.NFO,2024-06-28,12:35:00,2024-07-23,199.9,199.9,199.9,199.9,0,0,1
FINNIFTY23JUL2424200PE.NFO,2024-06-28,12:36:00,2024-07-23,199.9,199.9,199.9,199.9,0,0,1
FINNIFTY23JUL2424200PE.NFO,2024-06-28,12:37:00,2024-07-23,199.9,199.9,199.9,199.9,0,0,1
FINNIFTY23JUL2424200PE.NFO,2024-06-28,12:38:00,2024-07-23,199.9,199.9,199.9,199.9,0,0,1
FINNIFTY23JUL2424200PE.NFO,2024-06-28,12:39:00,2024-07-23,199.9,199.9,199.9,199.9,0,0,1
FINNIFTY23JUL2424200PE.NFO,2024-06-28,12:40:00,2024-07-23,199.9,199.9,199.9,199.9,0,0,1
FINNIFTY23JUL2424200PE.NFO,2024-06-28,12:41:00,2024-07-23,199.9,199.9,199.9,199.9,0,0,1
FINNIFTY23JUL2424200PE.NFO,2024-06-28,12:42:00,2024-07-23,199.9,199.9,199.9,199.9,0,0,1
FINNIFTY23JUL2424200PE.NFO,2024-06-28,12:43:00,2024-07-23,199.9,199.9,199.9,199.9,0,0,1
FINNIFTY23JUL2424200PE.NFO,2024-06-28,12:44:00,2024-07-23,199.9,199.9,199.9,199.9,0,0,1
FINNIFTY23JUL2424200PE.NFO,2024-06-28,12:45:00,2024-07-23,199.9,199.9,199.9,199.9,0,0,1
FINNIFTY23JUL2424200PE.NFO,2024-06-28,12:46:00,2024-07-23,199.9,199.9,199.9,199.9,0,0,1
FINNIFTY23JUL2424200PE.NFO,2024-06-28,12:47:00,2024-07-23,199.9,199.9,199.9,199.9,0,0,1
FINNIFTY23JUL2424200PE.NFO,2024-06-28,12:48:00,2024-07-23,199.9,199.9,199.9,199.9,0,0,1
FINNIFTY23JUL2424200PE.NFO,2024-06-28,12:49:00,2024-07-23,199.9,199.9,199.9,199.9,0,0,1
FINNIFTY23JUL2424200PE.NFO,2024-06-28,12:50:00,2024-07-23,199.9,199.9,199.9,199.9,0,0,1
FINNIFTY23JUL2424200PE.NFO,2024-06-28,12:51:00,2024-07-23,199.9,199.9,199.9,199.9,0,0,1
FINNIFTY23JUL2424200PE.NFO,2024-06-28,12:52:00,2024-07-23,199.9,199.9,199.9,199.9,0,0,1
FINNIFTY23JUL2424200PE.NFO,2024-06-28,12:53:00,2024-07-23,199.9,199.9,199.9,199.9,0,0,1
FINNIFTY23JUL2424200PE.NFO,2024-06-28,12:54:00,2024-07-23,199.9,199.9,199.9,199.9,0,0,1
FINNIFTY23JUL2424200PE.NFO,2024-06-28,12:55:00,2024-07-23,199.9,199.9,199.9,199.9,0,0,1
FINNIFTY23JUL2424200PE.NFO,2024-06-28,12:56:00,2024-07-23,199.9,199.9,199.9,199.9,0,0,1
FINNIFTY23JUL2424200PE.NFO,2024-06-28,12:57:00,2024-07-23,199.9,199.9,199.9,199.9,0,0,1
FINNIFTY23JUL2424200PE.NFO,2024-06-28,12:58:00,2024-07-23,199.9,199.9,199.9,199.9,0,0,1
FINNIFTY23JUL2424200PE.NFO,2024-06-28,12:59:00,2024-07-23,199.9,199.9,199.9,199.9,0,0,1
FINNIFTY23JUL2424200PE.NFO,2024-06-28,13:00:00,2024-07-23,199.9,199.9,199.9,199.9,0,0,1
FINNIFTY23JUL2424200PE.NFO,2024-06-28,13:01:00,2024-07-23,199.9,199.9,199.9,199.9,0,0,1
FINNIFTY23JUL2424200PE.NFO,2024-06-28,13:02:00,2024-07-23,199.9,199.9,199.9,199.9,0,0,1
FINNIFTY23JUL2424200PE.NFO,2024-06-28,13:03:00,2024-07-23,199.9,199.9,199.9,199.9,0,0,1
FINNIFTY23JUL2424200PE.NFO,2024-06-28,13:04:00,2024-07-23,199.9,199.9,199.9,199.9,0,0,1
FINNIFTY23JUL2424200PE.NFO,2024-06-28,13:05:00,2024-07-23,199.9,199.9,199.9,199.9,0,0,1
FINNIFTY23JUL2424200PE.NFO,2024-06-28,13:06:00,2024-07-23,199.9,199.9,199.9,199.9,0,0,1
FINNIFTY23JUL2424200PE.NFO,2024-06-28,13:07:00,2024-07-23,199.9,199.9,199.9,199.9,0,0,1
FINNIFTY23JUL2424200PE.NFO,2024-06-28,13:08:00,2024-07-23,199.9,199.9,199.9,199.9,0,0,1
FINNIFTY23JUL2424200PE.NFO,2024-06-28,13:09:00,2024-07-23,199.9,199.9,199.9,199.9,0,0,1
FINNIFTY23JUL2424200PE.NFO,2024-06-28,13:10:00,2024-07-23,199.9,199.9,199.9,199.9,0,0,1
FINNIFTY23JUL2424200PE.NFO,2024-06-28,13:11:00,2024-07-23,199.9,199.9,199.9,199.9,0,0,1
FINNIFTY23JUL2424200PE.NFO,2024-06-28,13:12:00,2024-07-23,199.9,199.9,199.9,199.9,0,0,1
FINNIFTY23JUL2424200PE.NFO,2024-06-28,13:13:00,2024-07-23,199.9,199.9,199.9,199.9,0,0,1
FINNIFTY23JUL2424200PE.NFO,2024-06-28,13:14:00,2024-07-23,199.9,199.9,199.9,199.9,0,0,1
FINNIFTY23JUL2424200PE.NFO,2024-06-28,13:15:00,2024-07-23,199.9,199.9,199.9,199.9,0,0,1
FINNIFTY23JUL2424200PE.NFO,2024-06-28,13:16:00,2024-07-23,199.9,199.9,199.9,199.9,0,0,1
FINNIFTY23JUL2424200PE.NFO,2024-06-28,13:17:00,2024-07-23,199.9,199.9,199.9,199.9,0,0,1
FINNIFTY23JUL2424200PE.NFO,2024-06-28,13:18:00,2024-07-23,199.9,199.9,199.9,199.9,0,0,1
FINNIFTY23JUL2424200PE.NFO,2024-06-28,13:19:00,2024-07-23,199.9,199.9,199.9,199.9,0,0,1
FINNIFTY23JUL2424200PE.NFO,2024-06-28,13:20:00,2024-07-23,199.9,199.9,199.9,199.9,0,0,1
FINNIFTY23JUL2424200PE.NFO,2024-06-28,13:21:00,2024-07-23,199.9,199.9,199.9,199.9,0,0,1
FINNIFTY23JUL2424200PE.NFO,2024-06-28,13:22:00,2024-07-23,199.9,199.9,199.9,199.9,0,0,1
FINNIFTY23JUL2424200PE.NFO,2024-06-28,13:23:00,2024-07-23,199.9,199.9,199.9,199.9,0,0,1
FINNIFTY23JUL2424200PE.NFO,2024-06-28,13:24:00,2024-07-23,199.9,199.9,199.9,199.9,0,0,1
FINNIFTY23JUL2424200PE.NFO,2024-06-28,13:25:00,2024-07-23,199.9,199.9,199.9,199.9,0,0,1
FINNIFTY23JUL2424200PE.NFO,2024-06-28,13:26:00,2024-07-23,199.9,199.9,199.9,199.9,0,0,1
FINNIFTY23JUL2424200PE.NFO,2024-06-28,13:27:00,2024-07-23,199.9,199.9,199.9,199.9,0,0,1
FINNIFTY23JUL2424200PE.NFO,2024-06-28,13:28:00,2024-07-23,199.9,199.9,199.9,199.9,0,0,1
FINNIFTY23JUL2424200PE.NFO,2024-06-28,13:29:00,2024-07-23,199.9,199.9,199.9,199.9,0,0,1
FINNIFTY23JUL2424200PE.NFO,2024-06-28,13:30:00,2024-07-23,199.9,199.9,199.9,199.9,0,0,1
FINNIFTY23JUL2424200PE.NFO,2024-06-28,13:31:00,2024-07-23,199.9,199.9,199.9,199.9,0,0,1
FINNIFTY23JUL2424200PE.NFO,2024-06-28,13:32:00,2024-07-23,199.9,199.9,199.9,199.9,0,0,1
FINNIFTY23JUL2424200PE.NFO,2024-06-28,13:33:00,2024-07-23,199.9,199.9,199.9,199.9,0,0,1
FINNIFTY23JUL2424200PE.NFO,2024-06-28,13:34:00,2024-07-23,199.9,199.9,199.9,199.9,0,0,1
FINNIFTY23JUL2424200PE.NFO,2024-06-28,13:35:00,2024-07-23,199.9,199.9,199.9,199.9,0,0,1
FINNIFTY23JUL2424200PE.NFO,2024-06-28,13:36:00,2024-07-23,199.9,199.9,199.9,199.9,0,0,1
FINNIFTY23JUL2424200PE.NFO,2024-06-28,13:37:00,2024-07-23,199.9,199.9,199.9,199.9,0,0,1
FINNIFTY23JUL2424200PE.NFO,2024-06-28,13:38:00,2024-07-23,199.9,199.9,199.9,199.9,0,0,1
FINNIFTY23JUL2424200PE.NFO,2024-06-28,13:39:00,2024-07-23,199.9,199.9,199.9,199.9,0,0,1
FINNIFTY23JUL2424200PE.NFO,2024-06-28,13:40:00,2024-07-23,199.9,199.9,199.9,199.9,0,0,1
FINNIFTY23JUL2424200PE.NFO,2024-06-28,13:41:00,2024-07-23,199.9,199.9,199.9,199.9,0,0,1
FINNIFTY23JUL2424200PE.NFO,2024-06-28,13:42:00,2024-07-23,199.9,199.9,199.9,199.9,0,0,1
FINNIFTY23JUL2424200PE.NFO,2024-06-28,13:43:00,2024-07-23,199.9,199.9,199.9,199.9,0,0,1
FINNIFTY23JUL2424200PE.NFO,2024-06-28,13:44:00,2024-07-23,199.9,199.9,199.9,199.9,0,0,1
FINNIFTY23JUL2424200PE.NFO,2024-06-28,13:45:00,2024-07-23,199.9,199.9,199.9,199.9,0,0,1
FINNIFTY23JUL2424200PE.NFO,2024-06-28,13:46:00,2024-07-23,199.9,199.9,199.9,199.9,0,0,1
FINNIFTY23JUL2424200PE.NFO,2024-06-28,13:47:00,2024-07-23,199.9,199.9,199.9,199.9,0,0,1
FINNIFTY23JUL2424200PE.NFO,2024-06-28,13:48:00,2024-07-23,199.9,199.9,199.9,199.9,0,0,1
FINNIFTY23JUL2424200PE.NFO,2024-06-28,13:49:00,2024-07-23,199.9,199.9,199.9,199.9,0,0,1
FINNIFTY23JUL2424200PE.NFO,2024-06-28,13:50:00,2024-07-23,199.9,199.9,199.9,199.9,0,0,1
FINNIFTY23JUL2424200PE.NFO,2024-06-28,13:51:00,2024-07-23,199.9,199.9,199.9,199.9,0,0,1
FINNIFTY23JUL2424200PE.NFO,2024-06-28,13:52:00,2024-07-23,199.9,199.9,199.9,199.9,0,0,1
FINNIFTY23JUL2424200PE.NFO,2024-06-28,13:53:00,2024-07-23,199.9,199.9,199.9,199.9,0,0,1
FINNIFTY23JUL2424200PE.NFO,2024-06-28,13:54:00,2024-07-23,199.9,199.9,199.9,199.9,0,0,1
FINNIFTY23JUL2424200PE.NFO,2024-06-28,13:55:00,2024-07-23,199.9,199.9,199.9,199.9,0,0,1
FINNIFTY23JUL2424200PE.NFO,2024-06-28,13:56:00,2024-07-23,199.9,199.9,199.9,199.9,0,0,1
FINNIFTY23JUL2424200PE.NFO,2024-06-28,13:57:00,2024-07-23,199.9,199.9,199.9,199.9,0,0,1
FINNIFTY23JUL2424200PE.NFO,2024-06-28,13:58:00,2024-07-23,199.9,199.9,199.9,199.9,0,0,1
FINNIFTY23JUL2424200PE.NFO,2024-06-28,13:59:00,2024-07-23,199.9,199.9,199.9,199.9,0,0,1
FINNIFTY23JUL2424200PE.NFO,2024-06-28,14:00:00,2024-07-23,199.9,199.9,199.9,199.9,0,0,1
FINNIFTY23JUL2424200PE.NFO,2024-06-28,14:01:00,2024-07-23,199.9,199.9,199.9,199.9,0,0,1
FINNIFTY23JUL2424200PE.NFO,2024-06-28,14:02:00,2024-07-23,199.9,199.9,199.9,199.9,0,0,1
FINNIFTY23JUL2424200PE.NFO,2024-06-28,14:03:00,2024-07-23,199.9,199.9,199.9,199.9,0,0,1
FINNIFTY23JUL2424200PE.NFO,2024-06-28,14:04:00,2024-07-23,199.9,199.9,199.9,199.9,0,0,1
FINNIFTY23JUL2424200PE.NFO,2024-06-28,14:05:00,2024-07-23,199.9,199.9,199.9,199.9,0,0,1
FINNIFTY23JUL2424200PE.NFO,2024-06-28,14:06:00,2024-07-23,199.9,199.9,199.9,199.9,0,0,1
FINNIFTY23JUL2424200PE.NFO,2024-06-28,14:07:00,2024-07-23,199.9,199.9,199.9,199.9,0,0,1
FINNIFTY23JUL2424200PE.NFO,2024-06-28,14:08:00,2024-07-23,199.9,199.9,199.9,199.9,0,0,1
FINNIFTY23JUL2424200PE.NFO,2024-06-28,14:09:00,2024-07-23,199.9,199.9,199.9,199.9,0,0,1
FINNIFTY23JUL2424200PE.NFO,2024-06-28,14:10:00,2024-07-23,199.9,199.9,199.9,199.9,0,0,1
FINNIFTY23JUL2424200PE.NFO,2024-06-28,14:11:00,2024-07-23,199.9,199.9,199.9,199.9,0,0,1
FINNIFTY23JUL2424200PE.NFO,2024-06-28,14:12:00,2024-07-23,199.9,199.9,199.9,199.9,0,0,1
FINNIFTY23JUL2424200PE.NFO,2024-06-28,14:13:00,2024-07-23,199.9,199.9,199.9,199.9,0,0,1
FINNIFTY23JUL2424200PE.NFO,2024-06-28,14:14:00,2024-07-23,199.9,199.9,199.9,199.9,0,0,1
FINNIFTY23JUL2424200PE.NFO,2024-06-28,14:15:00,2024-07-23,199.9,199.9,199.9,199.9,0,0,1
FINNIFTY23JUL2424200PE.NFO,2024-06-28,14:16:00,2024-07-23,199.9,199.9,199.9,199.9,0,0,1
FINNIFTY23JUL2424200PE.NFO,2024-06-28,14:17:00,2024-07-23,199.9,199.9,199.9,199.9,0,0,1
FINNIFTY23JUL2424200PE.NFO,2024-06-28,14:18:00,2024-07-23,199.9,199.9,199.9,199.9,0,0,1
FINNIFTY23JUL2424200PE.NFO,2024-06-28,14:19:00,2024-07-23,199.9,199.9,199.9,199.9,0,0,1
FINNIFTY23JUL2424200PE.NFO,2024-06-28,14:20:00,2024-07-23,199.9,199.9,199.9,199.9,0,0,1
FINNIFTY23JUL2424200PE.NFO,2024-06-28,14:21:00,2024-07-23,199.9,199.9,199.9,199.9,0,0,1
FINNIFTY23JUL2424200PE.NFO,2024-06-28,14:22:00,2024-07-23,199.9,199.9,199.9,199.9,0,0,1
FINNIFTY23JUL2424200PE.NFO,2024-06-28,14:23:00,2024-07-23,199.9,199.9,199.9,199.9,0,0,1
FINNIFTY23JUL2424200PE.NFO,2024-06-28,14:24:00,2024-07-23,199.9,199.9,199.9,199.9,0,0,1
FINNIFTY23JUL2424200PE.NFO,2024-06-28,14:25:00,2024-07-23,199.9,199.9,199.9,199.9,0,0,1
FINNIFTY23JUL2424200PE.NFO,2024-06-28,14:26:00,2024-07-23,199.9,199.9,199.9,199.9,0,0,1
FINNIFTY23JUL2424200PE.NFO,2024-06-28,14:27:00,2024-07-23,199.9,199.9,199.9,199.9,0,0,1
FINNIFTY23JUL2424200PE.NFO,2024-06-28,14:28:00,2024-07-23,199.9,199.9,199.9,199.9,0,0,1
FINNIFTY23JUL2424200PE.NFO,2024-06-28,14:29:00,2024-07-23,199.9,199.9,199.9,199.9,0,0,1
FINNIFTY23JUL2424200PE.NFO,2024-06-28,14:30:00,2024-07-23,199.9,199.9,199.9,199.9,0,0,1
FINNIFTY23JUL2424200PE.NFO,2024-06-28,14:31:00,2024-07-23,199.9,199.9,199.9,199.9,0,0,1
FINNIFTY23JUL2424200PE.NFO,2024-06-28,14:32:00,2024-07-23,199.9,199.9,199.9,199.9,0,0,1
FINNIFTY23JUL2424200PE.NFO,2024-06-28,14:33:00,2024-07-23,199.9,199.9,199.9,199.9,0,0,1
FINNIFTY23JUL2424200PE.NFO,2024-06-28,14:34:00,2024-07-23,199.9,199.9,199.9,199.9,0,0,1
FINNIFTY23JUL2424200PE.NFO,2024-06-28,14:35:00,2024-07-23,199.9,199.9,199.9,199.9,0,0,1
FINNIFTY23JUL2424200PE.NFO,2024-06-28,14:36:00,2024-07-23,199.9,199.9,199.9,199.9,0,0,1
FINNIFTY23JUL2424200PE.NFO,2024-06-28,14:37:00,2024-07-23,199.9,199.9,199.9,199.9,0,0,1
FINNIFTY23JUL2424200PE.NFO,2024-06-28,14:38:00,2024-07-23,199.9,199.9,199.9,199.9,0,0,1
FINNIFTY23JUL2424200PE.NFO,2024-06-28,14:39:00,2024-07-23,199.9,199.9,199.9,199.9,0,0,1
FINNIFTY23JUL2424200PE.NFO,2024-06-28,14:40:00,2024-07-23,199.9,199.9,199.9,199.9,0,0,1
FINNIFTY23JUL2424200PE.NFO,2024-06-28,14:41:00,2024-07-23,199.9,199.9,199.9,199.9,0,0,1
FINNIFTY23JUL2424200PE.NFO,2024-06-28,14:42:00,2024-07-23,199.9,199.9,199.9,199.9,0,0,1
FINNIFTY23JUL2424200PE.NFO,2024-06-28,14:43:00,2024-07-23,199.9,199.9,199.9,199.9,0,0,1
FINNIFTY23JUL2424200PE.NFO,2024-06-28,14:44:00,2024-07-23,199.9,199.9,199.9,199.9,0,0,1
FINNIFTY23JUL2424200PE.NFO,2024-06-28,14:45:00,2024-07-23,199.9,199.9,199.9,199.9,0,0,1
FINNIFTY23JUL2424200PE.NFO,2024-06-28,14:46:00,2024-07-23,199.9,199.9,199.9,199.9,0,0,1
FINNIFTY23JUL2424200PE.NFO,2024-06-28,14:47:00,2024-07-23,199.9,199.9,199.9,199.9,0,0,1
FINNIFTY23JUL2424200PE.NFO,2024-06-28,14:48:00,2024-07-23,199.9,199.9,199.9,199.9,0,0,1
FINNIFTY23JUL2424200PE.NFO,2024-06-28,14:49:00,2024-07-23,199.9,199.9,199.9,199.9,0,0,1
FINNIFTY23JUL2424200PE.NFO,2024-06-28,14:50:00,2024-07-23,199.9,199.9,199.9,199.9,0,0,1
FINNIFTY23JUL2424200PE.NFO,2024-06-28,14:51:00,2024-07-23,199.9,199.9,199.9,199.9,0,0,1
FINNIFTY23JUL2424200PE.NFO,2024-06-28,14:52:00,2024-07-23,199.9,199.9,199.9,199.9,0,0,1
FINNIFTY23JUL2424200PE.NFO,2024-06-28,14:53:00,2024-07-23,199.9,199.9,199.9,199.9,0,0,1
FINNIFTY23JUL2424200PE.NFO,2024-06-28,14:54:00,2024-07-23,199.9,199.9,199.9,199.9,0,0,1
FINNIFTY23JUL2424200PE.NFO,2024-06-28,14:55:00,2024-07-23,199.9,199.9,199.9,199.9,0,0,1
FINNIFTY23JUL2424200PE.NFO,2024-06-28,14:56:00,2024-07-23,199.9,199.9,199.9,199.9,0,0,1
FINNIFTY23JUL2424200PE.NFO,2024-06-28,14:57:00,2024-07-23,199.9,199.9,199.9,199.9,0,0,1
FINNIFTY23JUL2424200PE.NFO,2024-06-28,14:58:00,2024-07-23,199.9,199.9,199.9,199.9,0,0,1
FINNIFTY23JUL2424200PE.NFO,2024-06-28,14:59:00,2024-07-23,199.9,199.9,199.9,199.9,0,0,1
FINNIFTY23JUL2424200PE.NFO,2024-06-28,15:00:00,2024-07-23,199.9,199.9,199.9,199.9,0,0,1
FINNIFTY23JUL2424200PE.NFO,2024-06-28,15:01:00,2024-07-23,199.9,199.9,199.9,199.9,0,0,1
FINNIFTY23JUL2424200PE.NFO,2024-06-28,15:02:00,2024-07-23,199.9,199.9,199.9,199.9,0,0,1
FINNIFTY23JUL2424200PE.NFO,2024-06-28,15:03:00,2024-07-23,199.9,199.9,199.9,199.9,0,0,1
FINNIFTY23JUL2424200PE.NFO,2024-06-28,15:04:00,2024-07-23,199.9,199.9,199.9,199.9,0,0,1
FINNIFTY23JUL2424200PE.NFO,2024-06-28,15:05:00,2024-07-23,199.9,199.9,199.9,199.9,0,0,1
FINNIFTY23JUL2424200PE.NFO,2024-06-28,15:06:00,2024-07-23,199.9,199.9,199.9,199.9,0,0,1
FINNIFTY23JUL2424200PE.NFO,2024-06-28,15:07:00,2024-07-23,199.9,199.9,199.9,199.9,0,0,1
FINNIFTY23JUL2424200PE.NFO,2024-06-28,15:08:00,2024-07-23,199.9,199.9,199.9,199.9,0,0,1
FINNIFTY23JUL2424200PE.NFO,2024-06-28,15:09:00,2024-07-23,199.9,199.9,199.9,199.9,0,0,1
FINNIFTY23JUL2424200PE.NFO,2024-06-28,15:10:00,2024-07-23,199.9,199.9,199.9,199.9,0,0,1
FINNIFTY23JUL2424200PE.NFO,2024-06-28,15:11:00,2024-07-23,199.9,199.9,199.9,199.9,0,0,1
FINNIFTY23JUL2424200PE.NFO,2024-06-28,15:12:00,2024-07-23,199.9,199.9,199.9,199.9,0,0,1
FINNIFTY23JUL2424200PE.NFO,2024-06-28,15:13:00,2024-07-23,199.9,199.9,199.9,199.9,0,0,1
FINNIFTY23JUL2424200PE.NFO,2024-06-28,15:14:00,2024-07-23,199.9,199.9,199.9,199.9,0,0,1
FINNIFTY23JUL2424200PE.NFO,2024-06-28,15:15:00,2024-07-23,199.9,199.9,199.9,199.9,0,0,1
FINNIFTY23JUL2424200PE.NFO,2024-06-28,15:16:00,2024-07-23,199.9,199.9,199.9,199.9,0,0,1
FINNIFTY23JUL2424200PE.NFO,2024-06-28,15:17:00,2024-07-23,199.9,199.9,199.9,199.9,0,0,1
FINNIFTY23JUL2424200PE.NFO,2024-06-28,15:18:00,2024-07-23,199.9,199.9,199.9,199.9,0,0,1
FINNIFTY23JUL2424200PE.NFO,2024-06-28,15:19:00,2024-07-23,199.9,199.9,199.9,199.9,0,0,1
FINNIFTY23JUL2424200PE.NFO,2024-06-28,15:20:00,2024-07-23,199.9,199.9,199.9,199.9,0,0,1
FINNIFTY23JUL2424200PE.NFO,2024-06-28,15:21:00,2024-07-23,199.9,199.9,199.9,199.9,0,0,1
FINNIFTY23JUL2424200PE.NFO,2024-06-28,15:22:00,2024-07-23,199.9,199.9,199.9,199.9,0,0,1
FINNIFTY23JUL2424200PE.NFO,2024-06-28,15:23:00,2024-07-23,199.9,199.9,199.9,199.9,0,0,1
FINNIFTY23JUL2424200PE.NFO,2024-06-28,15:24:00,2024-07-23,199.9,199.9,199.9,199.9,0,0,1
FINNIFTY23JUL2424200PE.NFO,2024-06-28,15:25:00,2024-07-23,199.9,199.9,199.9,199.9,0,0,1
FINNIFTY23JUL2424200PE.NFO,2024-06-28,15:26:00,2024-07-23,199.9,199.9,199.9,199.9,0,0,1
FINNIFTY23JUL2424200PE.NFO,2024-06-28,15:27:00,2024-07-23,199.9,199.9,199.9,199.9,0,0,1
FINNIFTY23JUL2424200PE.NFO,2024-06-28,15:28:00,2024-07-23,199.9,199.9,199.9,199.9,0,0,1
FINNIFTY23JUL2424200PE.NFO,2024-06-28,15:29:00,2024-07-23,199.9,199.9,199.9,199.9,0,0,1
FINNIFTY23JUL2424200PE.NFO,2024-06-28,15:30:00,2024-07-23,199.9,199.9,199.9,199.9,0,0,1
FINNIFTY23JUL2424200PE.NFO,2024-07-01,09:15:00,2024-07-23,199.9,199.9,199.9,199.9,0,0,0
FINNIFTY23JUL2424200PE.NFO,2024-07-01,09:16:00,2024-07-23,199.9,199.9,199.9,199.9,0,0,1
FINNIFTY23JUL2424200PE.NFO,2024-07-01,09:17:00,2024-07-23,199.9,199.9,199.9,199.9,0,0,1
FINNIFTY23JUL2424200PE.NFO,2024-07-01,09:18:00,2024-07-23,199.9,199.9,199.9,199.9,0,0,1
FINNIFTY23JUL2424200PE.NFO,2024-07-01,09:19:00,2024-07-23,199.9,199.9,199.9,199.9,0,0,1
FINNIFTY23JUL2424200PE.NFO,2024-07-01,09:20:00,2024-07-23,199.9,199.9,199.9,199.9,0,0,1
FINNIFTY23JUL2424200PE.NFO,2024-07-01,09:21:00,2024-07-23,199.9,199.9,199.9,199.9,0,0,1
FINNIFTY23JUL2424200PE.NFO,2024-07-01,09:22:00,2024-07-23,199.9,199.9,199.9,199.9,0,0,1
FINNIFTY23JUL2424200PE.NFO,2024-07-01,09:23:00,2024-07-23,199.9,199.9,199.9,199.9,0,0,1
FINNIFTY23JUL2424200PE.NFO,2024-07-01,09:24:00,2024-07-23,199.9,199.9,199.9,199.9,0,0,1
FINNIFTY23JUL2424200PE.NFO,2024-07-01,09:25:00,2024-07-23,199.9,199.9,199.9,199.9,0,0,1
FINNIFTY23JUL2424200PE.NFO,2024-07-01,09:26:00,2024-07-23,199.9,199.9,199.9,199.9,0,0,1
FINNIFTY23JUL2424200PE.NFO,2024-07-01,09:27:00,2024-07-23,199.9,199.9,199.9,199.9,0,0,1
FINNIFTY23JUL2424200PE.NFO,2024-07-01,09:28:00,2024-07-23,199.9,199.9,199.9,199.9,0,0,1
FINNIFTY23JUL2424200PE.NFO,2024-07-01,09:29:00,2024-07-23,199.9,199.9,199.9,199.9,0,0,1
FINNIFTY23JUL2424200PE.NFO,2024-07-01,09:30:00,2024-07-23,199.9,199.9,199.9,199.9,0,0,1
FINNIFTY23JUL2424200PE.NFO,2024-07-01,09:31:00,2024-07-23,199.9,199.9,199.9,199.9,0,0,1
FINNIFTY23JUL2424200PE.NFO,2024-07-01,09:32:00,2024-07-23,199.9,199.9,199.9,199.9,0,0,1
FINNIFTY23JUL2424200PE.NFO,2024-07-01,09:33:00,2024-07-23,199.9,199.9,199.9,199.9,0,0,1
FINNIFTY23JUL2424200PE.NFO,2024-07-01,09:34:00,2024-07-23,199.9,199.9,199.9,199.9,0,0,1
FINNIFTY23JUL2424200PE.NFO,2024-07-01,09:35:00,2024-07-23,199.9,199.9,199.9,199.9,0,0,1
FINNIFTY23JUL2424200PE.NFO,2024-07-01,09:36:00,2024-07-23,199.9,199.9,199.9,199.9,0,0,1
FINNIFTY23JUL2424200PE.NFO,2024-07-01,09:37:00,2024-07-23,199.9,199.9,199.9,199.9,0,0,1
FINNIFTY23JUL2424200PE.NFO,2024-07-01,09:38:00,2024-07-23,199.9,199.9,199.9,199.9,0,0,1
FINNIFTY23JUL2424200PE.NFO,2024-07-01,09:39:00,2024-07-23,199.9,199.9,199.9,199.9,0,0,1
FINNIFTY23JUL2424200PE.NFO,2024-07-01,09:40:00,2024-07-23,199.9,199.9,199.9,199.9,0,0,1
FINNIFTY23JUL2424200PE.NFO,2024-07-01,09:41:00,2024-07-23,199.9,199.9,199.9,199.9,0,0,1
FINNIFTY23JUL2424200PE.NFO,2024-07-01,09:42:00,2024-07-23,199.9,199.9,199.9,199.9,0,0,1
FINNIFTY23JUL2424200PE.NFO,2024-07-01,09:43:00,2024-07-23,199.9,199.9,199.9,199.9,0,0,1
FINNIFTY23JUL2424200PE.NFO,2024-07-01,09:44:00,2024-07-23,199.9,199.9,199.9,199.9,0,0,1
FINNIFTY23JUL2424200PE.NFO,2024-07-01,09:45:00,2024-07-23,199.9,199.9,199.9,199.9,0,0,1
FINNIFTY23JUL2424200PE.NFO,2024-07-01,09:46:00,2024-07-23,199.9,199.9,199.9,199.9,0,0,1
FINNIFTY23JUL2424200PE.NFO,2024-07-01,09:47:00,2024-07-23,199.9,199.9,199.9,199.9,0,0,1
FINNIFTY23JUL2424200PE.NFO,2024-07-01,09:48:00,2024-07-23,199.9,199.9,199.9,199.9,0,0,1
FINNIFTY23JUL2424200PE.NFO,2024-07-01,09:49:00,2024-07-23,199.9,199.9,199.9,199.9,0,0,1
FINNIFTY23JUL2424200PE.NFO,2024-07-01,09:50:00,2024-07-23,199.9,199.9,199.9,199.9,0,0,1
FINNIFTY23JUL2424200PE.NFO,2024-07-01,09:51:00,2024-07-23,199.9,199.9,199.9,199.9,0,0,1
FINNIFTY23JUL2424200PE.NFO,2024-07-01,09:52:00,2024-07-23,199.9,199.9,199.9,199.9,0,0,1
FINNIFTY23JUL2424200PE.NFO,2024-07-01,09:53:00,2024-07-23,199.9,199.9,199.9,199.9,0,0,1
FINNIFTY23JUL2424200PE.NFO,2024-07-01,09:54:00,2024-07-23,199.9,199.9,199.9,199.9,0,0,1
FINNIFTY23JUL2424200PE.NFO,2024-07-01,09:55:00,2024-07-23,199.9,199.9,199.9,199.9,0,0,1
FINNIFTY23JUL2424200PE.NFO,2024-07-01,09:56:00,2024-07-23,199.9,199.9,199.9,199.9,0,0,1
FINNIFTY23JUL2424200PE.NFO,2024-07-01,09:57:00,2024-07-23,199.9,199.9,199.9,199.9,0,0,1
FINNIFTY23JUL2424200PE.NFO,2024-07-01,09:58:00,2024-07-23,199.9,199.9,199.9,199.9,0,0,1
FINNIFTY23JUL2424200PE.NFO,2024-07-01,09:59:00,2024-07-23,199.9,199.9,199.9,199.9,0,0,1
FINNIFTY23JUL2424200PE.NFO,2024-07-01,10:00:00,2024-07-23,199.9,199.9,199.9,199.9,0,0,1
FINNIFTY23JUL2424200PE.NFO,2024-07-01,10:01:00,2024-07-23,199.9,199.9,199.9,199.9,0,0,1
FINNIFTY23JUL2424200PE.NFO,2024-07-01,10:02:00,2024-07-23,199.9,199.9,199.9,199.9,0,0,1
FINNIFTY23JUL2424200PE.NFO,2024-07-01,10:03:00,2024-07-23,199.9,199.9,199.9,199.9,0,0,1
FINNIFTY23JUL2424200PE.NFO,2024-07-01,10:04:00,2024-07-23,199.9,199.9,199.9,199.9,0,0,1
FINNIFTY23JUL2424200PE.NFO,2024-07-01,10:05:00,2024-07-23,199.9,199.9,199.9,199.9,0,0,1
FINNIFTY23JUL2424200PE.NFO,2024-07-01,10:06:00,2024-07-23,199.9,199.9,199.9,199.9,0,0,1
FINNIFTY23JUL2424200PE.NFO,2024-07-01,10:07:00,2024-07-23,199.9,199.9,199.9,199.9,0,0,1
FINNIFTY23JUL2424200PE.NFO,2024-07-01,10:08:00,2024-07-23,199.9,199.9,199.9,199.9,0,0,1
FINNIFTY23JUL2424200PE.NFO,2024-07-01,10:09:00,2024-07-23,199.9,199.9,199.9,199.9,0,0,1
FINNIFTY23JUL2424200PE.NFO,2024-07-01,10:10:00,2024-07-23,199.9,199.9,199.9,199.9,0,0,1
FINNIFTY23JUL2424200PE.NFO,2024-07-01,10:11:00,2024-07-23,199.9,199.9,199.9,199.9,0,0,1
FINNIFTY23JUL2424200PE.NFO,2024-07-01,10:12:00,2024-07-23,199.9,199.9,199.9,199.9,0,0,1
FINNIFTY23JUL2424200PE.NFO,2024-07-01,10:13:00,2024-07-23,199.9,199.9,199.9,199.9,0,0,1
FINNIFTY23JUL2424200PE.NFO,2024-07-01,10:14:00,2024-07-23,199.9,199.9,199.9,199.9,0,0,1
FINNIFTY23JUL2424200PE.NFO,2024-07-01,10:15:00,2024-07-23,199.9,199.9,199.9,199.9,0,0,1
FINNIFTY23JUL2424200PE.NFO,2024-07-01,10:16:00,2024-07-23,199.9,199.9,199.9,199.9,0,0,1
FINNIFTY23JUL2424200PE.NFO,2024-07-01,10:17:00,2024-07-23,199.9,199.9,199.9,199.9,0,0,1
FINNIFTY23JUL2424200PE.NFO,2024-07-01,10:18:00,2024-07-23,199.9,199.9,199.9,199.9,0,0,1
FINNIFTY23JUL2424200PE.NFO,2024-07-01,10:19:00,2024-07-23,199.9,199.9,199.9,199.9,0,0,1
FINNIFTY23JUL2424200PE.NFO,2024-07-01,10:20:00,2024-07-23,199.9,199.9,199.9,199.9,0,0,1
FINNIFTY23JUL2424200PE.NFO,2024-07-01,10:21:00,2024-07-23,199.9,199.9,199.9,199.9,0,0,1
FINNIFTY23JUL2424200PE.NFO,2024-07-01,10:22:00,2024-07-23,199.9,199.9,199.9,199.9,0,0,1
FINNIFTY23JUL2424200PE.NFO,2024-07-01,10:23:00,2024-07-23,199.9,199.9,199.9,199.9,0,0,1
FINNIFTY23JUL2424200PE.NFO,2024-07-01,10:24:00,2024-07-23,199.9,199.9,199.9,199.9,0,0,1
FINNIFTY23JUL2424200PE.NFO,2024-07-01,10:25:00,2024-07-23,199.9,199.9,199.9,199.9,0,0,1
FINNIFTY23JUL2424200PE.NFO,2024-07-01,10:26:00,2024-07-23,199.9,199.9,199.9,199.9,0,0,1
FINNIFTY23JUL2424200PE.NFO,2024-07-01,10:27:00,2024-07-23,199.9,199.9,199.9,199.9,0,0,1
FINNIFTY23JUL2424200PE.NFO,2024-07-01,10:28:00,2024-07-23,199.9,199.9,199.9,199.9,0,0,1
FINNIFTY23JUL2424200PE.NFO,2024-07-01,10:29:00,2024-07-23,199.9,199.9,199.9,199.9,0,0,1
FINNIFTY23JUL2424200PE.NFO,2024-07-01,10:30:00,2024-07-23,199.9,199.9,199.9,199.9,0,0,1
FINNIFTY23JUL2424200PE.NFO,2024-07-01,10:31:00,2024-07-23,199.9,199.9,199.9,199.9,0,0,1
FINNIFTY23JUL2424200PE.NFO,2024-07-01,10:32:00,2024-07-23,199.9,199.9,199.9,199.9,0,0,1
FINNIFTY23JUL2424200PE.NFO,2024-07-01,10:33:00,2024-07-23,199.9,199.9,199.9,199.9,0,0,1
FINNIFTY23JUL2424200PE.NFO,2024-07-01,10:34:00,2024-07-23,199.9,199.9,199.9,199.9,0,0,1
FINNIFTY23JUL2424200PE.NFO,2024-07-01,10:35:00,2024-07-23,199.9,199.9,199.9,199.9,0,0,1
FINNIFTY23JUL2424200PE.NFO,2024-07-01,10:36:00,2024-07-23,199.9,199.9,199.9,199.9,0,0,1
FINNIFTY23JUL2424200PE.NFO,2024-07-01,10:37:00,2024-07-23,199.9,199.9,199.9,199.9,0,0,1
FINNIFTY23JUL2424200PE.NFO,2024-07-01,10:38:00,2024-07-23,199.9,199.9,199.9,199.9,0,0,1
FINNIFTY23JUL2424200PE.NFO,2024-07-01,10:39:00,2024-07-23,199.9,199.9,199.9,199.9,0,0,1
FINNIFTY23JUL2424200PE.NFO,2024-07-01,10:40:00,2024-07-23,199.9,199.9,199.9,199.9,0,0,1
FINNIFTY23JUL2424200PE.NFO,2024-07-01,10:41:00,2024-07-23,199.9,199.9,199.9,199.9,0,0,1
FINNIFTY23JUL2424200PE.NFO,2024-07-01,10:42:00,2024-07-23,199.9,199.9,199.9,199.9,0,0,1
FINNIFTY23JUL2424200PE.NFO,2024-07-01,10:43:00,2024-07-23,199.9,199.9,199.9,199.9,0,0,1
FINNIFTY23JUL2424200PE.NFO,2024-07-01,10:44:00,2024-07-23,199.9,199.9,199.9,199.9,0,0,1
FINNIFTY23JUL2424200PE.NFO,2024-07-01,10:45:00,2024-07-23,199.9,199.9,199.9,199.9,0,0,1
FINNIFTY23JUL2424200PE.NFO,2024-07-01,10:46:00,2024-07-23,199.9,199.9,199.9,199.9,0,0,1
FINNIFTY23JUL2424200PE.NFO,2024-07-01,10:47:00,2024-07-23,199.9,199.9,199.9,199.9,0,0,1
FINNIFTY23JUL2424200PE.NFO,2024-07-01,10:48:00,2024-07-23,199.9,199.9,199.9,199.9,0,0,1
FINNIFTY23JUL2424200PE.NFO,2024-07-01,10:49:00,2024-07-23,199.9,199.9,199.9,199.9,0,0,1
FINNIFTY23JUL2424200PE.NFO,2024-07-01,10:50:00,2024-07-23,199.9,199.9,199.9,199.9,0,0,1
FINNIFTY23JUL2424200PE.NFO,2024-07-01,10:51:00,2024-07-23,199.9,199.9,199.9,199.9,0,0,1
FINNIFTY23JUL2424200PE.NFO,2024-07-01,10:52:00,2024-07-23,199.9,199.9,199.9,199.9,0,0,1
FINNIFTY23JUL2424200PE.NFO,2024-07-01,10:53:00,2024-07-23,199.9,199.9,199.9,199.9,0,0,1
FINNIFTY23JUL2424200PE.NFO,2024-07-01,10:54:00,2024-07-23,199.9,199.9,199.9,199.9,0,0,1
FINNIFTY23JUL2424200PE.NFO,2024-07-01,10:55:00,2024-07-23,199.9,199.9,199.9,199.9,0,0,1
FINNIFTY23JUL2424200PE.NFO,2024-07-01,10:56:00,2024-07-23,199.9,199.9,199.9,199.9,0,0,1
FINNIFTY23JUL2424200PE.NFO,2024-07-01,10:57:00,2024-07-23,199.9,199.9,199.9,199.9,0,0,1
FINNIFTY23JUL2424200PE.NFO,2024-07-01,10:58:00,2024-07-23,199.9,199.9,199.9,199.9,0,0,1
FINNIFTY23JUL2424200PE.NFO,2024-07-01,10:59:00,2024-07-23,199.9,199.9,199.9,199.9,0,0,1
FINNIFTY23JUL2424200PE.NFO,2024-07-01,11:00:00,2024-07-23,199.9,199.9,199.9,199.9,0,0,1
FINNIFTY23JUL2424200PE.NFO,2024-07-01,11:01:00,2024-07-23,199.9,199.9,199.9,199.9,0,0,1
FINNIFTY23JUL2424200PE.NFO,2024-07-01,11:02:00,2024-07-23,199.9,199.9,199.9,199.9,0,0,1
FINNIFTY23JUL2424200PE.NFO,2024-07-01,11:03:00,2024-07-23,199.9,199.9,199.9,199.9,0,0,1
FINNIFTY23JUL2424200PE.NFO,2024-07-01,11:04:00,2024-07-23,199.9,199.9,199.9,199.9,0,0,1
FINNIFTY23JUL2424200PE.NFO,2024-07-01,11:05:00,2024-07-23,199.9,199.9,199.9,199.9,0,0,1
FINNIFTY23JUL2424200PE.NFO,2024-07-01,11:06:00,2024-07-23,199.9,199.9,199.9,199.9,0,0,1
FINNIFTY23JUL2424200PE.NFO,2024-07-01,11:07:00,2024-07-23,199.9,199.9,199.9,199.9,0,0,1
FINNIFTY23JUL2424200PE.NFO,2024-07-01,11:08:00,2024-07-23,199.9,199.9,199.9,199.9,0,0,1
FINNIFTY23JUL2424200PE.NFO,2024-07-01,11:09:00,2024-07-23,199.9,199.9,199.9,199.9,0,0,1
FINNIFTY23JUL2424200PE.NFO,2024-07-01,11:10:00,2024-07-23,199.9,199.9,199.9,199.9,0,0,1
FINNIFTY23JUL2424200PE.NFO,2024-07-01,11:11:00,2024-07-23,199.9,199.9,199.9,199.9,0,0,1
FINNIFTY23JUL2424200PE.NFO,2024-07-01,11:12:00,2024-07-23,199.9,199.9,199.9,199.9,0,0,1
FINNIFTY23JUL2424200PE.NFO,2024-07-01,11:13:00,2024-07-23,199.9,199.9,199.9,199.9,0,0,1
FINNIFTY23JUL2424200PE.NFO,2024-07-01,11:14:00,2024-07-23,199.9,199.9,199.9,199.9,0,0,1
FINNIFTY23JUL2424200PE.NFO,2024-07-01,11:15:00,2024-07-23,199.9,199.9,199.9,199.9,0,0,1
FINNIFTY23JUL2424200PE.NFO,2024-07-01,11:16:00,2024-07-23,199.9,199.9,199.9,199.9,0,0,1
FINNIFTY23JUL2424200PE.NFO,2024-07-01,11:17:00,2024-07-23,199.9,199.9,199.9,199.9,0,0,1
FINNIFTY23JUL2424200PE.NFO,2024-07-01,11:18:00,2024-07-23,199.9,199.9,199.9,199.9,0,0,1
FINNIFTY23JUL2424200PE.NFO,2024-07-01,11:19:00,2024-07-23,199.9,199.9,199.9,199.9,0,0,1
FINNIFTY23JUL2424200PE.NFO,2024-07-01,11:20:00,2024-07-23,199.9,199.9,199.9,199.9,0,0,1
FINNIFTY23JUL2424200PE.NFO,2024-07-01,11:21:00,2024-07-23,199.9,199.9,199.9,199.9,0,0,1
FINNIFTY23JUL2424200PE.NFO,2024-07-01,11:22:00,2024-07-23,199.9,199.9,199.9,199.9,0,0,1
FINNIFTY23JUL2424200PE.NFO,2024-07-01,11:23:00,2024-07-23,199.9,199.9,199.9,199.9,0,0,1
FINNIFTY23JUL2424200PE.NFO,2024-07-01,11:24:00,2024-07-23,199.9,199.9,199.9,199.9,0,0,1
FINNIFTY23JUL2424200PE.NFO,2024-07-01,11:25:00,2024-07-23,199.9,199.9,199.9,199.9,0,0,1
FINNIFTY23JUL2424200PE.NFO,2024-07-01,11:26:00,2024-07-23,199.9,199.9,199.9,199.9,0,0,1
FINNIFTY23JUL2424200PE.NFO,2024-07-01,11:27:00,2024-07-23,199.9,199.9,199.9,199.9,0,0,1
FINNIFTY23JUL2424200PE.NFO,2024-07-01,11:28:00,2024-07-23,199.9,199.9,199.9,199.9,0,0,1
FINNIFTY23JUL2424200PE.NFO,2024-07-01,11:29:00,2024-07-23,199.9,199.9,199.9,199.9,0,0,1
FINNIFTY23JUL2424200PE.NFO,2024-07-01,11:30:00,2024-07-23,199.9,199.9,199.9,199.9,0,0,1
FINNIFTY23JUL2424200PE.NFO,2024-07-01,11:31:00,2024-07-23,199.9,199.9,199.9,199.9,0,0,1
FINNIFTY23JUL2424200PE.NFO,2024-07-01,11:32:00,2024-07-23,199.9,199.9,199.9,199.9,0,0,1
FINNIFTY23JUL2424200PE.NFO,2024-07-01,11:33:00,2024-07-23,199.9,199.9,199.9,199.9,0,0,1
FINNIFTY23JUL2424200PE.NFO,2024-07-01,11:34:00,2024-07-23,199.9,199.9,199.9,199.9,0,0,1
FINNIFTY23JUL2424200PE.NFO,2024-07-01,11:35:00,2024-07-23,199.9,199.9,199.9,199.9,0,0,1
FINNIFTY23JUL2424200PE.NFO,2024-07-01,11:36:00,2024-07-23,199.9,199.9,199.9,199.9,0,0,1
FINNIFTY23JUL2424200PE.NFO,2024-07-01,11:37:00,2024-07-23,199.9,199.9,199.9,199.9,0,0,1
FINNIFTY23JUL2424200PE.NFO,2024-07-01,11:38:00,2024-07-23,199.9,199.9,199.9,199.9,0,0,1
FINNIFTY23JUL2424200PE.NFO,2024-07-01,11:39:00,2024-07-23,199.9,199.9,199.9,199.9,0,0,1
FINNIFTY23JUL2424200PE.NFO,2024-07-01,11:40:00,2024-07-23,199.9,199.9,199.9,199.9,0,0,1
FINNIFTY23JUL2424200PE.NFO,2024-07-01,11:41:00,2024-07-23,199.9,199.9,199.9,199.9,0,0,1
FINNIFTY23JUL2424200PE.NFO,2024-07-01,11:42:00,2024-07-23,199.9,199.9,199.9,199.9,0,0,1
FINNIFTY23JUL2424200PE.NFO,2024-07-01,11:43:00,2024-07-23,199.9,199.9,199.9,199.9,0,0,1
FINNIFTY23JUL2424200PE.NFO,2024-07-01,11:44:00,2024-07-23,199.9,199.9,199.9,199.9,0,0,1
FINNIFTY23JUL2424200PE.NFO,2024-07-01,11:45:00,2024-07-23,199.9,199.9,199.9,199.9,0,0,1
FINNIFTY23JUL2424200PE.NFO,2024-07-01,11:46:00,2024-07-23,199.9,199.9,199.9,199.9,0,0,1
FINNIFTY23JUL2424200PE.NFO,2024-07-01,11:47:00,2024-07-23,199.9,199.9,199.9,199.9,0,0,1
FINNIFTY23JUL2424200PE.NFO,2024-07-01,11:48:00,2024-07-23,199.9,199.9,199.9,199.9,0,0,1
FINNIFTY23JUL2424200PE.NFO,2024-07-01,11:49:00,2024-07-23,199.9,199.9,199.9,199.9,0,0,1
FINNIFTY23JUL2424200PE.NFO,2024-07-01,11:50:00,2024-07-23,199.9,199.9,199.9,199.9,0,0,1
FINNIFTY23JUL2424200PE.NFO,2024-07-01,11:51:00,2024-07-23,199.9,199.9,199.9,199.9,0,0,1
FINNIFTY23JUL2424200PE.NFO,2024-07-01,11:52:00,2024-07-23,199.9,199.9,199.9,199.9,0,0,1
FINNIFTY23JUL2424200PE.NFO,2024-07-01,11:53:00,2024-07-23,199.9,199.9,199.9,199.9,0,0,1
FINNIFTY23JUL2424200PE.NFO,2024-07-01,11:54:00,2024-07-23,199.9,199.9,199.9,199.9,0,0,1
FINNIFTY23JUL2424200PE.NFO,2024-07-01,11:55:00,2024-07-23,199.9,199.9,199.9,199.9,0,0,1
FINNIFTY23JUL2424200PE.NFO,2024-07-01,11:56:00,2024-07-23,199.9,199.9,199.9,199.9,0,0,1
FINNIFTY23JUL2424200PE.NFO,2024-07-01,11:57:00,2024-07-23,199.9,199.9,199.9,199.9,0,0,1
FINNIFTY23JUL2424200PE.NFO,2024-07-01,11:58:00,2024-07-23,199.9,199.9,199.9,199.9,0,0,1
FINNIFTY23JUL2424200PE.NFO,2024-07-01,11:59:00,2024-07-23,199.9,199.9,199.9,199.9,0,0,1
FINNIFTY23JUL2424200PE.NFO,2024-07-01,12:00:00,2024-07-23,199.9,199.9,199.9,199.9,0,0,1
FINNIFTY23JUL2424200PE.NFO,2024-07-01,12:01:00,2024-07-23,199.9,199.9,199.9,199.9,0,0,1
FINNIFTY23JUL2424200PE.NFO,2024-07-01,12:02:00,2024-07-23,199.9,199.9,199.9,199.9,0,0,1
FINNIFTY23JUL2424200PE.NFO,2024-07-01,12:03:00,2024-07-23,199.9,199.9,199.9,199.9,0,0,1
FINNIFTY23JUL2424200PE.NFO,2024-07-01,12:04:00,2024-07-23,199.9,199.9,199.9,199.9,0,0,1
FINNIFTY23JUL2424200PE.NFO,2024-07-01,12:05:00,2024-07-23,199.9,199.9,199.9,199.9,0,0,1
FINNIFTY23JUL2424200PE.NFO,2024-07-01,12:06:00,2024-07-23,199.9,199.9,199.9,199.9,0,0,1
FINNIFTY23JUL2424200PE.NFO,2024-07-01,12:07:00,2024-07-23,199.9,199.9,199.9,199.9,0,0,1
FINNIFTY23JUL2424200PE.NFO,2024-07-01,12:08:00,2024-07-23,199.9,199.9,199.9,199.9,0,0,1
FINNIFTY23JUL2424200PE.NFO,2024-07-01,12:09:00,2024-07-23,199.9,199.9,199.9,199.9,0,0,1
FINNIFTY23JUL2424200PE.NFO,2024-07-01,12:10:00,2024-07-23,199.9,199.9,199.9,199.9,0,0,1
FINNIFTY23JUL2424200PE.NFO,2024-07-01,12:11:00,2024-07-23,199.9,199.9,199.9,199.9,0,0,1
FINNIFTY23JUL2424200PE.NFO,2024-07-01,12:12:00,2024-07-23,199.9,199.9,199.9,199.9,0,0,1
FINNIFTY23JUL2424200PE.NFO,2024-07-01,12:13:00,2024-07-23,199.9,199.9,199.9,199.9,0,0,1
FINNIFTY23JUL2424200PE.NFO,2024-07-01,12:14:00,2024-07-23,199.9,199.9,199.9,199.9,0,0,1
FINNIFTY23JUL2424200PE.NFO,2024-07-01,12:15:00,2024-07-23,199.9,199.9,199.9,199.9,0,0,1
FINNIFTY23JUL2424200PE.NFO,2024-07-01,12:16:00,2024-07-23,199.9,199.9,199.9,199.9,0,0,1
FINNIFTY23JUL2424200PE.NFO,2024-07-01,12:17:00,2024-07-23,199.9,199.9,199.9,199.9,0,0,1
FINNIFTY23JUL2424200PE.NFO,2024-07-01,12:18:00,2024-07-23,199.9,199.9,199.9,199.9,0,0,1
FINNIFTY23JUL2424200PE.NFO,2024-07-01,12:19:00,2024-07-23,199.9,199.9,199.9,199.9,0,0,1
FINNIFTY23JUL2424200PE.NFO,2024-07-01,12:20:00,2024-07-23,199.9,199.9,199.9,199.9,0,0,1
FINNIFTY23JUL2424200PE.NFO,2024-07-01,12:21:00,2024-07-23,199.9,199.9,199.9,199.9,0,0,1
FINNIFTY23JUL2424200PE.NFO,2024-07-01,12:22:00,2024-07-23,199.9,199.9,199.9,199.9,0,0,1
FINNIFTY23JUL2424200PE.NFO,2024-07-01,12:23:00,2024-07-23,199.9,199.9,199.9,199.9,0,0,1
FINNIFTY23JUL2424200PE.NFO,2024-07-01,12:24:00,2024-07-23,199.9,199.9,199.9,199.9,0,0,1
FINNIFTY23JUL2424200PE.NFO,2024-07-01,12:25:00,2024-07-23,199.9,199.9,199.9,199.9,0,0,1
FINNIFTY23JUL2424200PE.NFO,2024-07-01,12:26:00,2024-07-23,199.9,199.9,199.9,199.9,0,0,1
FINNIFTY23JUL2424200PE.NFO,2024-07-01,12:27:00,2024-07-23,199.9,199.9,199.9,199.9,0,0,1
FINNIFTY23JUL2424200PE.NFO,2024-07-01,12:28:00,2024-07-23,199.9,199.9,199.9,199.9,0,0,1
FINNIFTY23JUL2424200PE.NFO,2024-07-01,12:29:00,2024-07-23,199.9,199.9,199.9,199.9,0,0,1
FINNIFTY23JUL2424200PE.NFO,2024-07-01,12:30:00,2024-07-23,199.9,199.9,199.9,199.9,0,0,1
FINNIFTY23JUL2424200PE.NFO,2024-07-01,12:31:00,2024-07-23,199.9,199.9,199.9,199.9,0,0,1
FINNIFTY23JUL2424200PE.NFO,2024-07-01,12:32:00,2024-07-23,199.9,199.9,199.9,199.9,0,0,1
FINNIFTY23JUL2424200PE.NFO,2024-07-01,12:33:00,2024-07-23,199.9,199.9,199.9,199.9,0,0,1
FINNIFTY23JUL2424200PE.NFO,2024-07-01,12:34:00,2024-07-23,199.9,199.9,199.9,199.9,0,0,1
FINNIFTY23JUL2424200PE.NFO,2024-07-01,12:35:00,2024-07-23,199.9,199.9,199.9,199.9,0,0,1
FINNIFTY23JUL2424200PE.NFO,2024-07-01,12:36:00,2024-07-23,199.9,199.9,199.9,199.9,0,0,1
FINNIFTY23JUL2424200PE.NFO,2024-07-01,12:37:00,2024-07-23,199.9,199.9,199.9,199.9,0,0,1
FINNIFTY23JUL2424200PE.NFO,2024-07-01,12:38:00,2024-07-23,199.9,199.9,199.9,199.9,0,0,1
FINNIFTY23JUL2424200PE.NFO,2024-07-01,12:39:00,2024-07-23,199.9,199.9,199.9,199.9,0,0,1
FINNIFTY23JUL2424200PE.NFO,2024-07-01,12:40:00,2024-07-23,199.9,199.9,199.9,199.9,0,0,1
FINNIFTY23JUL2424200PE.NFO,2024-07-01,12:41:00,2024-07-23,199.9,199.9,199.9,199.9,0,0,1
FINNIFTY23JUL2424200PE.NFO,2024-07-01,12:42:00,2024-07-23,199.9,199.9,199.9,199.9,0,0,1
FINNIFTY23JUL2424200PE.NFO,2024-07-01,12:43:00,2024-07-23,199.9,199.9,199.9,199.9,0,0,1
FINNIFTY23JUL2424200PE.NFO,2024-07-01,12:44:00,2024-07-23,199.9,199.9,199.9,199.9,0,0,1
FINNIFTY23JUL2424200PE.NFO,2024-07-01,12:45:00,2024-07-23,199.9,199.9,199.9,199.9,0,0,1
FINNIFTY23JUL2424200PE.NFO,2024-07-01,12:46:00,2024-07-23,199.9,199.9,199.9,199.9,0,0,1
FINNIFTY23JUL2424200PE.NFO,2024-07-01,12:47:00,2024-07-23,199.9,199.9,199.9,199.9,0,0,1
FINNIFTY23JUL2424200PE.NFO,2024-07-01,12:48:00,2024-07-23,199.9,199.9,199.9,199.9,0,0,1
FINNIFTY23JUL2424200PE.NFO,2024-07-01,12:49:00,2024-07-23,199.9,199.9,199.9,199.9,0,0,1
FINNIFTY23JUL2424200PE.NFO,2024-07-01,12:50:00,2024-07-23,199.9,199.9,199.9,199.9,0,0,1
FINNIFTY23JUL2424200PE.NFO,2024-07-01,12:51:00,2024-07-23,199.9,199.9,199.9,199.9,0,0,1
FINNIFTY23JUL2424200PE.NFO,2024-07-01,12:52:00,2024-07-23,199.9,199.9,199.9,199.9,0,0,1
FINNIFTY23JUL2424200PE.NFO,2024-07-01,12:53:00,2024-07-23,199.9,199.9,199.9,199.9,0,0,1
FINNIFTY23JUL2424200PE.NFO,2024-07-01,12:54:00,2024-07-23,199.9,199.9,199.9,199.9,0,0,1
FINNIFTY23JUL2424200PE.NFO,2024-07-01,12:55:00,2024-07-23,199.9,199.9,199.9,199.9,0,0,1
FINNIFTY23JUL2424200PE.NFO,2024-07-01,12:56:00,2024-07-23,199.9,199.9,199.9,199.9,0,0,1
FINNIFTY23JUL2424200PE.NFO,2024-07-01,12:57:00,2024-07-23,199.9,199.9,199.9,199.9,0,0,1
FINNIFTY23JUL2424200PE.NFO,2024-07-01,12:58:00,2024-07-23,199.9,199.9,199.9,199.9,0,0,1
FINNIFTY23JUL2424200PE.NFO,2024-07-01,12:59:00,2024-07-23,199.9,199.9,199.9,199.9,0,0,1
FINNIFTY23JUL2424200PE.NFO,2024-07-01,13:00:00,2024-07-23,199.9,199.9,199.9,199.9,0,0,1
FINNIFTY23JUL2424200PE.NFO,2024-07-01,13:01:00,2024-07-23,199.9,199.9,199.9,199.9,0,0,1
FINNIFTY23JUL2424200PE.NFO,2024-07-01,13:02:00,2024-07-23,199.9,199.9,199.9,199.9,0,0,1
FINNIFTY23JUL2424200PE.NFO,2024-07-01,13:03:00,2024-07-23,199.9,199.9,199.9,199.9,0,0,1
FINNIFTY23JUL2424200PE.NFO,2024-07-01,13:04:00,2024-07-23,199.9,199.9,199.9,199.9,0,0,1
FINNIFTY23JUL2424200PE.NFO,2024-07-01,13:05:00,2024-07-23,199.9,199.9,199.9,199.9,0,0,1
FINNIFTY23JUL2424200PE.NFO,2024-07-01,13:06:00,2024-07-23,199.9,199.9,199.9,199.9,0,0,1
FINNIFTY23JUL2424200PE.NFO,2024-07-01,13:07:00,2024-07-23,199.9,199.9,199.9,199.9,0,0,1
FINNIFTY23JUL2424200PE.NFO,2024-07-01,13:08:00,2024-07-23,199.9,199.9,199.9,199.9,0,0,1
FINNIFTY23JUL2424200PE.NFO,2024-07-01,13:09:00,2024-07-23,199.9,199.9,199.9,199.9,0,0,1
FINNIFTY23JUL2424200PE.NFO,2024-07-01,13:10:00,2024-07-23,199.9,199.9,199.9,199.9,0,0,1
FINNIFTY23JUL2424200PE.NFO,2024-07-01,13:11:00,2024-07-23,199.9,199.9,199.9,199.9,0,0,1
FINNIFTY23JUL2424200PE.NFO,2024-07-01,13:12:00,2024-07-23,199.9,199.9,199.9,199.9,0,0,1
FINNIFTY23JUL2424200PE.NFO,2024-07-01,13:13:00,2024-07-23,199.9,199.9,199.9,199.9,0,0,1
FINNIFTY23JUL2424200PE.NFO,2024-07-01,13:14:00,2024-07-23,199.9,199.9,199.9,199.9,0,0,1
FINNIFTY23JUL2424200PE.NFO,2024-07-01,13:15:00,2024-07-23,199.9,199.9,199.9,199.9,0,0,1
FINNIFTY23JUL2424200PE.NFO,2024-07-01,13:16:00,2024-07-23,199.9,199.9,199.9,199.9,0,0,1
FINNIFTY23JUL2424200PE.NFO,2024-07-01,13:17:00,2024-07-23,199.9,199.9,199.9,199.9,0,0,1
FINNIFTY23JUL2424200PE.NFO,2024-07-01,13:18:00,2024-07-23,199.9,199.9,199.9,199.9,0,0,1
FINNIFTY23JUL2424200PE.NFO,2024-07-01,13:19:00,2024-07-23,199.9,199.9,199.9,199.9,0,0,1
FINNIFTY23JUL2424200PE.NFO,2024-07-01,13:20:00,2024-07-23,199.9,199.9,199.9,199.9,0,0,1
FINNIFTY23JUL2424200PE.NFO,2024-07-01,13:21:00,2024-07-23,199.9,199.9,199.9,199.9,0,0,1
FINNIFTY23JUL2424200PE.NFO,2024-07-01,13:22:00,2024-07-23,199.9,199.9,199.9,199.9,0,0,1
FINNIFTY23JUL2424200PE.NFO,2024-07-01,13:23:00,2024-07-23,199.9,199.9,199.9,199.9,0,0,1
FINNIFTY23JUL2424200PE.NFO,2024-07-01,13:24:00,2024-07-23,199.9,199.9,199.9,199.9,0,0,1
FINNIFTY23JUL2424200PE.NFO,2024-07-01,13:25:00,2024-07-23,199.9,199.9,199.9,199.9,0,0,1
FINNIFTY23JUL2424200PE.NFO,2024-07-01,13:26:00,2024-07-23,199.9,199.9,199.9,199.9,0,0,1
FINNIFTY23JUL2424200PE.NFO,2024-07-01,13:27:00,2024-07-23,199.9,199.9,199.9,199.9,0,0,1
FINNIFTY23JUL2424200PE.NFO,2024-07-01,13:28:00,2024-07-23,199.9,199.9,199.9,199.9,0,0,1
FINNIFTY23JUL2424200PE.NFO,2024-07-01,13:29:00,2024-07-23,199.9,199.9,199.9,199.9,0,0,1
FINNIFTY23JUL2424200PE.NFO,2024-07-01,13:30:00,2024-07-23,199.9,199.9,199.9,199.9,0,0,1
FINNIFTY23JUL2424200PE.NFO,2024-07-01,13:31:00,2024-07-23,199.9,199.9,199.9,199.9,0,0,1
FINNIFTY23JUL2424200PE.NFO,2024-07-01,13:32:00,2024-07-23,199.9,199.9,199.9,199.9,0,0,1
FINNIFTY23JUL2424200PE.NFO,2024-07-01,13:33:00,2024-07-23,199.9,199.9,199.9,199.9,0,0,1
FINNIFTY23JUL2424200PE.NFO,2024-07-01,13:34:00,2024-07-23,199.9,199.9,199.9,199.9,0,0,1
FINNIFTY23JUL2424200PE.NFO,2024-07-01,13:35:00,2024-07-23,199.9,199.9,199.9,199.9,0,0,1
FINNIFTY23JUL2424200PE.NFO,2024-07-01,13:36:00,2024-07-23,199.9,199.9,199.9,199.9,0,0,1
FINNIFTY23JUL2424200PE.NFO,2024-07-01,13:37:00,2024-07-23,199.9,199.9,199.9,199.9,0,0,1
FINNIFTY23JUL2424200PE.NFO,2024-07-01,13:38:00,2024-07-23,199.9,199.9,199.9,199.9,0,0,1
FINNIFTY23JUL2424200PE.NFO,2024-07-01,13:39:00,2024-07-23,199.9,199.9,199.9,199.9,0,0,1
FINNIFTY23JUL2424200PE.NFO,2024-07-01,13:40:00,2024-07-23,199.9,199.9,199.9,199.9,0,0,1
FINNIFTY23JUL2424200PE.NFO,2024-07-01,13:41:00,2024-07-23,199.9,199.9,199.9,199.9,0,0,1
FINNIFTY23JUL2424200PE.NFO,2024-07-01,13:42:00,2024-07-23,199.9,199.9,199.9,199.9,0,0,1
FINNIFTY23JUL2424200PE.NFO,2024-07-01,13:43:00,2024-07-23,199.9,199.9,199.9,199.9,0,0,1
FINNIFTY23JUL2424200PE.NFO,2024-07-01,13:44:00,2024-07-23,199.9,199.9,199.9,199.9,0,0,1
FINNIFTY23JUL2424200PE.NFO,2024-07-01,13:45:00,2024-07-23,199.9,199.9,199.9,199.9,0,0,1
FINNIFTY23JUL2424200PE.NFO,2024-07-01,13:46:00,2024-07-23,199.9,199.9,199.9,199.9,0,0,1
FINNIFTY23JUL2424200PE.NFO,2024-07-01,13:47:00,2024-07-23,199.9,199.9,199.9,199.9,0,0,1
FINNIFTY23JUL2424200PE.NFO,2024-07-01,13:48:00,2024-07-23,199.9,199.9,199.9,199.9,0,0,1
FINNIFTY23JUL2424200PE.NFO,2024-07-01,13:49:00,2024-07-23,199.9,199.9,199.9,199.9,0,0,1
FINNIFTY23JUL2424200PE.NFO,2024-07-01,13:50:00,2024-07-23,199.9,199.9,199.9,199.9,0,0,1
FINNIFTY23JUL2424200PE.NFO,2024-07-01,13:51:00,2024-07-23,199.9,199.9,199.9,199.9,0,0,1
FINNIFTY23JUL2424200PE.NFO,2024-07-01,13:52:00,2024-07-23,199.9,199.9,199.9,199.9,0,0,1
FINNIFTY23JUL2424200PE.NFO,2024-07-01,13:53:00,2024-07-23,199.9,199.9,199.9,199.9,0,0,1
FINNIFTY23JUL2424200PE.NFO,2024-07-01,13:54:00,2024-07-23,199.9,199.9,199.9,199.9,0,0,1
FINNIFTY23JUL2424200PE.NFO,2024-07-01,13:55:00,2024-07-23,199.9,199.9,199.9,199.9,0,0,1
FINNIFTY23JUL2424200PE.NFO,2024-07-01,13:56:00,2024-07-23,199.9,199.9,199.9,199.9,0,0,1
FINNIFTY23JUL2424200PE.NFO,2024-07-01,13:57:00,2024-07-23,199.9,199.9,199.9,199.9,0,0,1
FINNIFTY23JUL2424200PE.NFO,2024-07-01,13:58:00,2024-07-23,199.9,199.9,199.9,199.9,0,0,1
FINNIFTY23JUL2424200PE.NFO,2024-07-01,13:59:00,2024-07-23,199.9,199.9,199.9,199.9,0,0,1
FINNIFTY23JUL2424200PE.NFO,2024-07-01,14:00:00,2024-07-23,199.9,199.9,199.9,199.9,0,0,1
FINNIFTY23JUL2424200PE.NFO,2024-07-01,14:01:00,2024-07-23,199.9,199.9,199.9,199.9,0,0,1
FINNIFTY23JUL2424200PE.NFO,2024-07-01,14:02:00,2024-07-23,199.9,199.9,199.9,199.9,0,0,1
FINNIFTY23JUL2424200PE.NFO,2024-07-01,14:03:00,2024-07-23,199.9,199.9,199.9,199.9,0,0,1
FINNIFTY23JUL2424200PE.NFO,2024-07-01,14:04:00,2024-07-23,199.9,199.9,199.9,199.9,0,0,1
FINNIFTY23JUL2424200PE.NFO,2024-07-01,14:05:00,2024-07-23,199.9,199.9,199.9,199.9,0,0,1
FINNIFTY23JUL2424200PE.NFO,2024-07-01,14:06:00,2024-07-23,199.9,199.9,199.9,199.9,0,0,1
FINNIFTY23JUL2424200PE.NFO,2024-07-01,14:07:00,2024-07-23,199.9,199.9,199.9,199.9,0,0,1
FINNIFTY23JUL2424200PE.NFO,2024-07-01,14:08:00,2024-07-23,199.9,199.9,199.9,199.9,0,0,1
FINNIFTY23JUL2424200PE.NFO,2024-07-01,14:09:00,2024-07-23,199.9,199.9,199.9,199.9,0,0,1
FINNIFTY23JUL2424200PE.NFO,2024-07-01,14:10:00,2024-07-23,199.9,199.9,199.9,199.9,0,0,1
FINNIFTY23JUL2424200PE.NFO,2024-07-01,14:11:00,2024-07-23,199.9,199.9,199.9,199.9,0,0,1
FINNIFTY23JUL2424200PE.NFO,2024-07-01,14:12:00,2024-07-23,199.9,199.9,199.9,199.9,0,0,1
FINNIFTY23JUL2424200PE.NFO,2024-07-01,14:13:00,2024-07-23,199.9,199.9,199.9,199.9,0,0,1
FINNIFTY23JUL2424200PE.NFO,2024-07-01,14:14:00,2024-07-23,199.9,199.9,199.9,199.9,0,0,1
FINNIFTY23JUL2424200PE.NFO,2024-07-01,14:15:00,2024-07-23,199.9,199.9,199.9,199.9,0,0,1
FINNIFTY23JUL2424200PE.NFO,2024-07-01,14:16:00,2024-07-23,199.9,199.9,199.9,199.9,0,0,1
FINNIFTY23JUL2424200PE.NFO,2024-07-01,14:17:00,2024-07-23,199.9,199.9,199.9,199.9,0,0,1
FINNIFTY23JUL2424200PE.NFO,2024-07-01,14:18:00,2024-07-23,199.9,199.9,199.9,199.9,0,0,1
FINNIFTY23JUL2424200PE.NFO,2024-07-01,14:19:00,2024-07-23,199.9,199.9,199.9,199.9,0,0,1
FINNIFTY23JUL2424200PE.NFO,2024-07-01,14:20:00,2024-07-23,199.9,199.9,199.9,199.9,0,0,1
FINNIFTY23JUL2424200PE.NFO,2024-07-01,14:21:00,2024-07-23,199.9,199.9,199.9,199.9,0,0,1
FINNIFTY23JUL2424200PE.NFO,2024-07-01,14:22:00,2024-07-23,199.9,199.9,199.9,199.9,0,0,1
FINNIFTY23JUL2424200PE.NFO,2024-07-01,14:23:00,2024-07-23,199.9,199.9,199.9,199.9,0,0,1
FINNIFTY23JUL2424200PE.NFO,2024-07-01,14:24:00,2024-07-23,199.9,199.9,199.9,199.9,0,0,1
FINNIFTY23JUL2424200PE.NFO,2024-07-01,14:25:00,2024-07-23,199.9,199.9,199.9,199.9,0,0,1
FINNIFTY23JUL2424200PE.NFO,2024-07-01,14:26:00,2024-07-23,199.9,199.9,199.9,199.9,0,0,1
FINNIFTY23JUL2424200PE.NFO,2024-07-01,14:27:00,2024-07-23,199.9,199.9,199.9,199.9,0,0,1
FINNIFTY23JUL2424200PE.NFO,2024-07-01,14:28:00,2024-07-23,199.9,199.9,199.9,199.9,0,0,1
FINNIFTY23JUL2424200PE.NFO,2024-07-01,14:29:00,2024-07-23,199.9,199.9,199.9,199.9,0,0,1
FINNIFTY23JUL2424200PE.NFO,2024-07-01,14:30:00,2024-07-23,199.9,199.9,199.9,199.9,0,0,1
FINNIFTY23JUL2424200PE.NFO,2024-07-01,14:31:00,2024-07-23,199.9,199.9,199.9,199.9,0,0,1
FINNIFTY23JUL2424200PE.NFO,2024-07-01,14:32:00,2024-07-23,199.9,199.9,199.9,199.9,0,0,1
FINNIFTY23JUL2424200PE.NFO,2024-07-01,14:33:00,2024-07-23,199.9,199.9,199.9,199.9,0,0,1
FINNIFTY23JUL2424200PE.NFO,2024-07-01,14:34:00,2024-07-23,199.9,199.9,199.9,199.9,0,0,1
FINNIFTY23JUL2424200PE.NFO,2024-07-01,14:35:00,2024-07-23,199.9,199.9,199.9,199.9,0,0,1
FINNIFTY23JUL2424200PE.NFO,2024-07-01,14:36:00,2024-07-23,199.9,199.9,199.9,199.9,0,0,1
FINNIFTY23JUL2424200PE.NFO,2024-07-01,14:37:00,2024-07-23,199.9,199.9,199.9,199.9,0,0,1
FINNIFTY23JUL2424200PE.NFO,2024-07-01,14:38:00,2024-07-23,199.9,199.9,199.9,199.9,0,0,1
FINNIFTY23JUL2424200PE.NFO,2024-07-01,14:39:00,2024-07-23,199.9,199.9,199.9,199.9,0,0,1
FINNIFTY23JUL2424200PE.NFO,2024-07-01,14:40:00,2024-07-23,199.9,199.9,199.9,199.9,0,0,1
FINNIFTY23JUL2424200PE.NFO,2024-07-01,14:41:00,2024-07-23,199.9,199.9,199.9,199.9,0,0,1
FINNIFTY23JUL2424200PE.NFO,2024-07-01,14:42:00,2024-07-23,199.9,199.9,199.9,199.9,0,0,1
FINNIFTY23JUL2424200PE.NFO,2024-07-01,14:43:00,2024-07-23,199.9,199.9,199.9,199.9,0,0,1
FINNIFTY23JUL2424200PE.NFO,2024-07-01,14:44:00,2024-07-23,199.9,199.9,199.9,199.9,0,0,1
FINNIFTY23JUL2424200PE.NFO,2024-07-01,14:45:00,2024-07-23,199.9,199.9,199.9,199.9,0,0,1
FINNIFTY23JUL2424200PE.NFO,2024-07-01,14:46:00,2024-07-23,199.9,199.9,199.9,199.9,0,0,1
FINNIFTY23JUL2424200PE.NFO,2024-07-01,14:47:00,2024-07-23,199.9,199.9,199.9,199.9,0,0,1
FINNIFTY23JUL2424200PE.NFO,2024-07-01,14:48:00,2024-07-23,199.9,199.9,199.9,199.9,0,0,1
FINNIFTY23JUL2424200PE.NFO,2024-07-01,14:49:00,2024-07-23,199.9,199.9,199.9,199.9,0,0,1
FINNIFTY23JUL2424200PE.NFO,2024-07-01,14:50:00,2024-07-23,199.9,199.9,199.9,199.9,0,0,1
FINNIFTY23JUL2424200PE.NFO,2024-07-01,14:51:00,2024-07-23,199.9,199.9,199.9,199.9,0,0,1
FINNIFTY23JUL2424200PE.NFO,2024-07-01,14:52:00,2024-07-23,199.9,199.9,199.9,199.9,0,0,1
FINNIFTY23JUL2424200PE.NFO,2024-07-01,14:53:00,2024-07-23,199.9,199.9,199.9,199.9,0,0,1
FINNIFTY23JUL2424200PE.NFO,2024-07-01,14:54:00,2024-07-23,199.9,199.9,199.9,199.9,0,0,1
FINNIFTY23JUL2424200PE.NFO,2024-07-01,14:55:00,2024-07-23,199.9,199.9,199.9,199.9,0,0,1
FINNIFTY23JUL2424200PE.NFO,2024-07-01,14:56:00,2024-07-23,199.9,199.9,199.9,199.9,0,0,1
FINNIFTY23JUL2424200PE.NFO,2024-07-01,14:57:00,2024-07-23,199.9,199.9,199.9,199.9,0,0,1
FINNIFTY23JUL2424200PE.NFO,2024-07-01,14:58:00,2024-07-23,199.9,199.9,199.9,199.9,0,0,1
FINNIFTY23JUL2424200PE.NFO,2024-07-01,14:59:00,2024-07-23,199.9,199.9,199.9,199.9,0,0,1
FINNIFTY23JUL2424200PE.NFO,2024-07-01,15:00:00,2024-07-23,199.9,199.9,199.9,199.9,0,0,1
FINNIFTY23JUL2424200PE.NFO,2024-07-01,15:01:00,2024-07-23,199.9,199.9,199.9,199.9,0,0,1
FINNIFTY23JUL2424200PE.NFO,2024-07-01,15:02:00,2024-07-23,199.9,199.9,199.9,199.9,0,0,1
FINNIFTY23JUL2424200PE.NFO,2024-07-01,15:03:00,2024-07-23,199.9,199.9,199.9,199.9,0,0,1
FINNIFTY23JUL2424200PE.NFO,2024-07-01,15:04:00,2024-07-23,199.9,199.9,199.9,199.9,0,0,1
FINNIFTY23JUL2424200PE.NFO,2024-07-01,15:05:00,2024-07-23,199.9,199.9,199.9,199.9,0,0,1
FINNIFTY23JUL2424200PE.NFO,2024-07-01,15:06:00,2024-07-23,199.9,199.9,199.9,199.9,0,0,1
FINNIFTY23JUL2424200PE.NFO,2024-07-01,15:07:00,2024-07-23,199.9,199.9,199.9,199.9,0,0,1
FINNIFTY23JUL2424200PE.NFO,2024-07-01,15:08:00,2024-07-23,199.9,199.9,199.9,199.9,0,0,1
FINNIFTY23JUL2424200PE.NFO,2024-07-01,15:09:00,2024-07-23,199.9,199.9,199.9,199.9,0,0,1
FINNIFTY23JUL2424200PE.NFO,2024-07-01,15:10:00,2024-07-23,199.9,199.9,199.9,199.9,0,0,1
FINNIFTY23JUL2424200PE.NFO,2024-07-01,15:11:00,2024-07-23,199.9,199.9,199.9,199.9,0,0,1
FINNIFTY23JUL2424200PE.NFO,2024-07-01,15:12:00,2024-07-23,199.9,199.9,199.9,199.9,0,0,1
FINNIFTY23JUL2424200PE.NFO,2024-07-01,15:13:00,2024-07-23,199.9,199.9,199.9,199.9,0,0,1
FINNIFTY23JUL2424200PE.NFO,2024-07-01,15:14:00,2024-07-23,199.9,199.9,199.9,199.9,0,0,1
FINNIFTY23JUL2424200PE.NFO,2024-07-01,15:15:00,2024-07-23,199.9,199.9,199.9,199.9,0,0,1
FINNIFTY23JUL2424200PE.NFO,2024-07-01,15:16:00,2024-07-23,199.9,199.9,199.9,199.9,0,0,1
FINNIFTY23JUL2424200PE.NFO,2024-07-01,15:17:00,2024-07-23,199.9,199.9,199.9,199.9,0,0,1
FINNIFTY23JUL2424200PE.NFO,2024-07-01,15:18:00,2024-07-23,199.9,199.9,199.9,199.9,0,0,1
FINNIFTY23JUL2424200PE.NFO,2024-07-01,15:19:00,2024-07-23,199.9,199.9,199.9,199.9,0,0,1
FINNIFTY23JUL2424200PE.NFO,2024-07-01,15:20:00,2024-07-23,199.9,199.9,199.9,199.9,0,0,1
FINNIFTY23JUL2424200PE.NFO,2024-07-01,15:21:00,2024-07-23,199.9,199.9,199.9,199.9,0,0,1
FINNIFTY23JUL2424200PE.NFO,2024-07-01,15:22:00,2024-07-23,199.9,199.9,199.9,199.9,0,0,1
FINNIFTY23JUL2424200PE.NFO,2024-07-01,15:23:00,2024-07-23,199.9,199.9,199.9,199.9,0,0,1
FINNIFTY23JUL2424200PE.NFO,2024-07-01,15:24:00,2024-07-23,199.9,199.9,199.9,199.9,0,0,1
FINNIFTY23JUL2424200PE.NFO,2024-07-01,15:25:00,2024-07-23,199.9,199.9,199.9,199.9,0,0,1
FINNIFTY23JUL2424200PE.NFO,2024-07-01,15:26:00,2024-07-23,199.9,199.9,199.9,199.9,0,0,1
FINNIFTY23JUL2424200PE.NFO,2024-07-01,15:27:00,2024-07-23,199.9,199.9,199.9,199.9,0,0,1
FINNIFTY23JUL2424200PE.NFO,2024-07-01,15:28:00,2024-07-23,199.9,199.9,199.9,199.9,0,0,1
FINNIFTY23JUL2424200PE.NFO,2024-07-01,15:29:00,2024-07-23,199.9,199.9,199.9,199.9,0,0,1
FINNIFTY23JUL2424200PE.NFO,2024-07-01,15:30:00,2024-07-23,199.9,199.9,199.9,199.9,0,0,1
FINNIFTY23JUL2424200PE.NFO,2024-07-02,09:15:00,2024-07-23,199.9,199.9,199.9,199.9,0,0,0
FINNIFTY23JUL2424200PE.NFO,2024-07-02,09:16:00,2024-07-23,199.9,199.9,199.9,199.9,0,0,1
FINNIFTY23JUL2424200PE.NFO,2024-07-02,09:17:00,2024-07-23,199.9,199.9,199.9,199.9,0,0,1
FINNIFTY23JUL2424200PE.NFO,2024-07-02,09:18:00,2024-07-23,199.9,199.9,199.9,199.9,0,0,1
FINNIFTY23JUL2424200PE.NFO,2024-07-02,09:19:00,2024-07-23,199.9,199.9,199.9,199.9,0,0,1
FINNIFTY23JUL2424200PE.NFO,2024-07-02,09:20:00,2024-07-23,199.9,199.9,199.9,199.9,0,0,1
FINNIFTY23JUL2424200PE.NFO,2024-07-02,09:21:00,2024-07-23,199.9,199.9,199.9,199.9,0,0,1
FINNIFTY23JUL2424200PE.NFO,2024-07-02,09:22:00,2024-07-23,199.9,199.9,199.9,199.9,0,0,1
FINNIFTY23JUL2424200PE.NFO,2024-07-02,09:23:00,2024-07-23,199.9,199.9,199.9,199.9,0,0,1
FINNIFTY23JUL2424200PE.NFO,2024-07-02,09:24:00,2024-07-23,199.9,199.9,199.9,199.9,0,0,1
FINNIFTY23JUL2424200PE.NFO,2024-07-02,09:25:00,2024-07-23,199.9,199.9,199.9,199.9,0,0,1
FINNIFTY23JUL2424200PE.NFO,2024-07-02,09:26:00,2024-07-23,199.9,199.9,199.9,199.9,0,0,1
FINNIFTY23JUL2424200PE.NFO,2024-07-02,09:27:00,2024-07-23,199.9,199.9,199.9,199.9,0,0,1
FINNIFTY23JUL2424200PE.NFO,2024-07-02,09:28:00,2024-07-23,199.9,199.9,199.9,199.9,0,0,1
FINNIFTY23JUL2424200PE.NFO,2024-07-02,09:29:00,2024-07-23,199.9,199.9,199.9,199.9,0,0,1
FINNIFTY23JUL2424200PE.NFO,2024-07-02,09:30:00,2024-07-23,199.9,199.9,199.9,199.9,0,0,1
FINNIFTY23JUL2424200PE.NFO,2024-07-02,09:31:00,2024-07-23,199.9,199.9,199.9,199.9,0,0,1
FINNIFTY23JUL2424200PE.NFO,2024-07-02,09:32:00,2024-07-23,199.9,199.9,199.9,199.9,0,0,1
FINNIFTY23JUL2424200PE.NFO,2024-07-02,09:33:00,2024-07-23,199.9,199.9,199.9,199.9,0,0,1
FINNIFTY23JUL2424200PE.NFO,2024-07-02,09:34:00,2024-07-23,199.9,199.9,199.9,199.9,0,0,1
FINNIFTY23JUL2424200PE.NFO,2024-07-02,09:35:00,2024-07-23,199.9,199.9,199.9,199.9,0,0,1
FINNIFTY23JUL2424200PE.NFO,2024-07-02,09:36:00,2024-07-23,199.9,199.9,199.9,199.9,0,0,1
FINNIFTY23JUL2424200PE.NFO,2024-07-02,09:37:00,2024-07-23,199.9,199.9,199.9,199.9,0,0,1
FINNIFTY23JUL2424200PE.NFO,2024-07-02,09:38:00,2024-07-23,199.9,199.9,199.9,199.9,0,0,1
FINNIFTY23JUL2424200PE.NFO,2024-07-02,09:39:00,2024-07-23,199.9,199.9,199.9,199.9,0,0,1
FINNIFTY23JUL2424200PE.NFO,2024-07-02,09:40:00,2024-07-23,199.9,199.9,199.9,199.9,0,0,1
FINNIFTY23JUL2424200PE.NFO,2024-07-02,09:41:00,2024-07-23,199.9,199.9,199.9,199.9,0,0,1
FINNIFTY23JUL2424200PE.NFO,2024-07-02,09:42:00,2024-07-23,199.9,199.9,199.9,199.9,0,0,1
FINNIFTY23JUL2424200PE.NFO,2024-07-02,09:43:00,2024-07-23,199.9,199.9,199.9,199.9,0,0,1
FINNIFTY23JUL2424200PE.NFO,2024-07-02,09:44:00,2024-07-23,199.9,199.9,199.9,199.9,0,0,1
FINNIFTY23JUL2424200PE.NFO,2024-07-02,09:45:00,2024-07-23,199.9,199.9,199.9,199.9,0,0,1
FINNIFTY23JUL2424200PE.NFO,2024-07-02,09:46:00,2024-07-23,199.9,199.9,199.9,199.9,0,0,1
FINNIFTY23JUL2424200PE.NFO,2024-07-02,09:47:00,2024-07-23,199.9,199.9,199.9,199.9,0,0,1
FINNIFTY23JUL2424200PE.NFO,2024-07-02,09:48:00,2024-07-23,199.9,199.9,199.9,199.9,0,0,1
FINNIFTY23JUL2424200PE.NFO,2024-07-02,09:49:00,2024-07-23,199.9,199.9,199.9,199.9,0,0,1
FINNIFTY23JUL2424200PE.NFO,2024-07-02,09:50:00,2024-07-23,199.9,199.9,199.9,199.9,0,0,1
FINNIFTY23JUL2424200PE.NFO,2024-07-02,09:51:00,2024-07-23,199.9,199.9,199.9,199.9,0,0,1
FINNIFTY23JUL2424200PE.NFO,2024-07-02,09:52:00,2024-07-23,199.9,199.9,199.9,199.9,0,0,1
FINNIFTY23JUL2424200PE.NFO,2024-07-02,09:53:00,2024-07-23,199.9,199.9,199.9,199.9,0,0,1
FINNIFTY23JUL2424200PE.NFO,2024-07-02,09:54:00,2024-07-23,199.9,199.9,199.9,199.9,0,0,1
FINNIFTY23JUL2424200PE.NFO,2024-07-02,09:55:00,2024-07-23,199.9,199.9,199.9,199.9,0,0,1
FINNIFTY23JUL2424200PE.NFO,2024-07-02,09:56:00,2024-07-23,199.9,199.9,199.9,199.9,0,0,1
FINNIFTY23JUL2424200PE.NFO,2024-07-02,09:57:00,2024-07-23,199.9,199.9,199.9,199.9,0,0,1
FINNIFTY23JUL2424200PE.NFO,2024-07-02,09:58:00,2024-07-23,199.9,199.9,199.9,199.9,0,0,1
FINNIFTY23JUL2424200PE.NFO,2024-07-02,09:59:00,2024-07-23,199.9,199.9,199.9,199.9,0,0,1
FINNIFTY23JUL2424200PE.NFO,2024-07-02,10:00:00,2024-07-23,199.9,199.9,199.9,199.9,0,0,1
FINNIFTY23JUL2424200PE.NFO,2024-07-02,10:01:00,2024-07-23,199.9,199.9,199.9,199.9,0,0,1
FINNIFTY23JUL2424200PE.NFO,2024-07-02,10:02:00,2024-07-23,199.9,199.9,199.9,199.9,0,0,1
FINNIFTY23JUL2424200PE.NFO,2024-07-02,10:03:00,2024-07-23,199.9,199.9,199.9,199.9,0,0,1
FINNIFTY23JUL2424200PE.NFO,2024-07-02,10:04:00,2024-07-23,199.9,199.9,199.9,199.9,0,0,1
FINNIFTY23JUL2424200PE.NFO,2024-07-02,10:05:00,2024-07-23,199.9,199.9,199.9,199.9,0,0,1
FINNIFTY23JUL2424200PE.NFO,2024-07-02,10:06:00,2024-07-23,199.9,199.9,199.9,199.9,0,0,1
FINNIFTY23JUL2424200PE.NFO,2024-07-02,10:07:00,2024-07-23,199.9,199.9,199.9,199.9,0,0,1
FINNIFTY23JUL2424200PE.NFO,2024-07-02,10:08:00,2024-07-23,199.9,199.9,199.9,199.9,0,0,1
FINNIFTY23JUL2424200PE.NFO,2024-07-02,10:09:00,2024-07-23,199.9,199.9,199.9,199.9,0,0,1
FINNIFTY23JUL2424200PE.NFO,2024-07-02,10:10:00,2024-07-23,199.9,199.9,199.9,199.9,0,0,1
FINNIFTY23JUL2424200PE.NFO,2024-07-02,10:11:00,2024-07-23,199.9,199.9,199.9,199.9,0,0,1
FINNIFTY23JUL2424200PE.NFO,2024-07-02,10:12:00,2024-07-23,199.9,199.9,199.9,199.9,0,0,1
FINNIFTY23JUL2424200PE.NFO,2024-07-02,10:13:00,2024-07-23,199.9,199.9,199.9,199.9,0,0,1
FINNIFTY23JUL2424200PE.NFO,2024-07-02,10:14:00,2024-07-23,199.9,199.9,199.9,199.9,0,0,1
FINNIFTY23JUL2424200PE.NFO,2024-07-02,10:15:00,2024-07-23,199.9,199.9,199.9,199.9,0,0,1
FINNIFTY23JUL2424200PE.NFO,2024-07-02,10:16:00,2024-07-23,199.9,199.9,199.9,199.9,0,0,1
FINNIFTY23JUL2424200PE.NFO,2024-07-02,10:17:00,2024-07-23,199.9,199.9,199.9,199.9,0,0,1
FINNIFTY23JUL2424200PE.NFO,2024-07-02,10:18:00,2024-07-23,199.9,199.9,199.9,199.9,0,0,1
FINNIFTY23JUL2424200PE.NFO,2024-07-02,10:19:00,2024-07-23,199.9,199.9,199.9,199.9,0,0,1
FINNIFTY23JUL2424200PE.NFO,2024-07-02,10:20:00,2024-07-23,199.9,199.9,199.9,199.9,0,0,1
FINNIFTY23JUL2424200PE.NFO,2024-07-02,10:21:00,2024-07-23,199.9,199.9,199.9,199.9,0,0,1
FINNIFTY23JUL2424200PE.NFO,2024-07-02,10:22:00,2024-07-23,199.9,199.9,199.9,199.9,0,0,1
FINNIFTY23JUL2424200PE.NFO,2024-07-02,10:23:00,2024-07-23,199.9,199.9,199.9,199.9,0,0,1
FINNIFTY23JUL2424200PE.NFO,2024-07-02,10:24:00,2024-07-23,199.9,199.9,199.9,199.9,0,0,1
FINNIFTY23JUL2424200PE.NFO,2024-07-02,10:25:00,2024-07-23,199.9,199.9,199.9,199.9,0,0,1
FINNIFTY23JUL2424200PE.NFO,2024-07-02,10:26:00,2024-07-23,199.9,199.9,199.9,199.9,0,0,1
FINNIFTY23JUL2424200PE.NFO,2024-07-02,10:27:00,2024-07-23,199.9,199.9,199.9,199.9,0,0,1
FINNIFTY23JUL2424200PE.NFO,2024-07-02,10:28:00,2024-07-23,199.9,199.9,199.9,199.9,0,0,1
FINNIFTY23JUL2424200PE.NFO,2024-07-02,10:29:00,2024-07-23,199.9,199.9,199.9,199.9,0,0,1
FINNIFTY23JUL2424200PE.NFO,2024-07-02,10:30:00,2024-07-23,199.9,199.9,199.9,199.9,0,0,1
FINNIFTY23JUL2424200PE.NFO,2024-07-02,10:31:00,2024-07-23,199.9,199.9,199.9,199.9,0,0,1
FINNIFTY23JUL2424200PE.NFO,2024-07-02,10:32:00,2024-07-23,199.9,199.9,199.9,199.9,0,0,1
FINNIFTY23JUL2424200PE.NFO,2024-07-02,10:33:00,2024-07-23,199.9,199.9,199.9,199.9,0,0,1
FINNIFTY23JUL2424200PE.NFO,2024-07-02,10:34:00,2024-07-23,199.9,199.9,199.9,199.9,0,0,1
FINNIFTY23JUL2424200PE.NFO,2024-07-02,10:35:00,2024-07-23,199.9,199.9,199.9,199.9,0,0,1
FINNIFTY23JUL2424200PE.NFO,2024-07-02,10:36:00,2024-07-23,199.9,199.9,199.9,199.9,0,0,1
FINNIFTY23JUL2424200PE.NFO,2024-07-02,10:37:00,2024-07-23,199.9,199.9,199.9,199.9,0,0,1
FINNIFTY23JUL2424200PE.NFO,2024-07-02,10:38:00,2024-07-23,199.9,199.9,199.9,199.9,0,0,1
FINNIFTY23JUL2424200PE.NFO,2024-07-02,10:39:00,2024-07-23,199.9,199.9,199.9,199.9,0,0,1
FINNIFTY23JUL2424200PE.NFO,2024-07-02,10:40:00,2024-07-23,199.9,199.9,199.9,199.9,0,0,1
FINNIFTY23JUL2424200PE.NFO,2024-07-02,10:41:00,2024-07-23,199.9,199.9,199.9,199.9,0,0,1
FINNIFTY23JUL2424200PE.NFO,2024-07-02,10:42:00,2024-07-23,199.9,199.9,199.9,199.9,0,0,1
FINNIFTY23JUL2424200PE.NFO,2024-07-02,10:43:00,2024-07-23,199.9,199.9,199.9,199.9,0,0,1
FINNIFTY23JUL2424200PE.NFO,2024-07-02,10:44:00,2024-07-23,199.9,199.9,199.9,199.9,0,0,1
FINNIFTY23JUL2424200PE.NFO,2024-07-02,10:45:00,2024-07-23,199.9,199.9,199.9,199.9,0,0,1
FINNIFTY23JUL2424200PE.NFO,2024-07-02,10:46:00,2024-07-23,199.9,199.9,199.9,199.9,0,0,1
FINNIFTY23JUL2424200PE.NFO,2024-07-02,10:47:00,2024-07-23,199.9,199.9,199.9,199.9,0,0,1
FINNIFTY23JUL2424200PE.NFO,2024-07-02,10:48:00,2024-07-23,199.9,199.9,199.9,199.9,0,0,1
FINNIFTY23JUL2424200PE.NFO,2024-07-02,10:49:00,2024-07-23,199.9,199.9,199.9,199.9,0,0,1
FINNIFTY23JUL2424200PE.NFO,2024-07-02,10:50:00,2024-07-23,199.9,199.9,199.9,199.9,0,0,1
FINNIFTY23JUL2424200PE.NFO,2024-07-02,10:51:00,2024-07-23,199.9,199.9,199.9,199.9,0,0,1
FINNIFTY23JUL2424200PE.NFO,2024-07-02,10:52:00,2024-07-23,199.9,199.9,199.9,199.9,0,0,1
FINNIFTY23JUL2424200PE.NFO,2024-07-02,10:53:00,2024-07-23,199.9,199.9,199.9,199.9,0,0,1
FINNIFTY23JUL2424200PE.NFO,2024-07-02,10:54:00,2024-07-23,199.9,199.9,199.9,199.9,0,0,1
FINNIFTY23JUL2424200PE.NFO,2024-07-02,10:55:00,2024-07-23,199.9,199.9,199.9,199.9,0,0,1
FINNIFTY23JUL2424200PE.NFO,2024-07-02,10:56:00,2024-07-23,199.9,199.9,199.9,199.9,0,0,1
FINNIFTY23JUL2424200PE.NFO,2024-07-02,10:57:00,2024-07-23,199.9,199.9,199.9,199.9,0,0,1
FINNIFTY23JUL2424200PE.NFO,2024-07-02,10:58:00,2024-07-23,199.9,199.9,199.9,199.9,0,0,1
FINNIFTY23JUL2424200PE.NFO,2024-07-02,10:59:00,2024-07-23,199.9,199.9,199.9,199.9,0,0,1
FINNIFTY23JUL2424200PE.NFO,2024-07-02,11:00:00,2024-07-23,199.9,199.9,199.9,199.9,0,0,1
FINNIFTY23JUL2424200PE.NFO,2024-07-02,11:01:00,2024-07-23,199.9,199.9,199.9,199.9,0,0,1
FINNIFTY23JUL2424200PE.NFO,2024-07-02,11:02:00,2024-07-23,199.9,199.9,199.9,199.9,0,0,1
FINNIFTY23JUL2424200PE.NFO,2024-07-02,11:03:00,2024-07-23,199.9,199.9,199.9,199.9,0,0,1
FINNIFTY23JUL2424200PE.NFO,2024-07-02,11:04:00,2024-07-23,199.9,199.9,199.9,199.9,0,0,1
FINNIFTY23JUL2424200PE.NFO,2024-07-02,11:05:00,2024-07-23,199.9,199.9,199.9,199.9,0,0,1
FINNIFTY23JUL2424200PE.NFO,2024-07-02,11:06:00,2024-07-23,199.9,199.9,199.9,199.9,0,0,1
FINNIFTY23JUL2424200PE.NFO,2024-07-02,11:07:00,2024-07-23,199.9,199.9,199.9,199.9,0,0,1
FINNIFTY23JUL2424200PE.NFO,2024-07-02,11:08:00,2024-07-23,199.9,199.9,199.9,199.9,0,0,1
FINNIFTY23JUL2424200PE.NFO,2024-07-02,11:09:00,2024-07-23,199.9,199.9,199.9,199.9,0,0,1
FINNIFTY23JUL2424200PE.NFO,2024-07-02,11:10:00,2024-07-23,199.9,199.9,199.9,199.9,0,0,1
FINNIFTY23JUL2424200PE.NFO,2024-07-02,11:11:00,2024-07-23,199.9,199.9,199.9,199.9,0,0,1
FINNIFTY23JUL2424200PE.NFO,2024-07-02,11:12:00,2024-07-23,199.9,199.9,199.9,199.9,0,0,1
FINNIFTY23JUL2424200PE.NFO,2024-07-02,11:13:00,2024-07-23,199.9,199.9,199.9,199.9,0,0,1
FINNIFTY23JUL2424200PE.NFO,2024-07-02,11:14:00,2024-07-23,199.9,199.9,199.9,199.9,0,0,1
FINNIFTY23JUL2424200PE.NFO,2024-07-02,11:15:00,2024-07-23,199.9,199.9,199.9,199.9,0,0,1
FINNIFTY23JUL2424200PE.NFO,2024-07-02,11:16:00,2024-07-23,199.9,199.9,199.9,199.9,0,0,1
FINNIFTY23JUL2424200PE.NFO,2024-07-02,11:17:00,2024-07-23,199.9,199.9,199.9,199.9,0,0,1
FINNIFTY23JUL2424200PE.NFO,2024-07-02,11:18:00,2024-07-23,199.9,199.9,199.9,199.9,0,0,1
FINNIFTY23JUL2424200PE.NFO,2024-07-02,11:19:00,2024-07-23,199.9,199.9,199.9,199.9,0,0,1
FINNIFTY23JUL2424200PE.NFO,2024-07-02,11:20:00,2024-07-23,199.9,199.9,199.9,199.9,0,0,1
FINNIFTY23JUL2424200PE.NFO,2024-07-02,11:21:00,2024-07-23,199.9,199.9,199.9,199.9,0,0,1
FINNIFTY23JUL2424200PE.NFO,2024-07-02,11:22:00,2024-07-23,199.9,199.9,199.9,199.9,0,0,1
FINNIFTY23JUL2424200PE.NFO,2024-07-02,11:23:00,2024-07-23,199.9,199.9,199.9,199.9,0,0,1
FINNIFTY23JUL2424200PE.NFO,2024-07-02,11:24:00,2024-07-23,199.9,199.9,199.9,199.9,0,0,1
FINNIFTY23JUL2424200PE.NFO,2024-07-02,11:25:00,2024-07-23,199.9,199.9,199.9,199.9,0,0,1
FINNIFTY23JUL2424200PE.NFO,2024-07-02,11:26:00,2024-07-23,199.9,199.9,199.9,199.9,0,0,1
FINNIFTY23JUL2424200PE.NFO,2024-07-02,11:27:00,2024-07-23,199.9,199.9,199.9,199.9,0,0,1
FINNIFTY23JUL2424200PE.NFO,2024-07-02,11:28:00,2024-07-23,199.9,199.9,199.9,199.9,0,0,1
FINNIFTY23JUL2424200PE.NFO,2024-07-02,11:29:00,2024-07-23,199.9,199.9,199.9,199.9,0,0,1
FINNIFTY23JUL2424200PE.NFO,2024-07-02,11:30:00,2024-07-23,199.9,199.9,199.9,199.9,0,0,1
FINNIFTY23JUL2424200PE.NFO,2024-07-02,11:31:00,2024-07-23,199.9,199.9,199.9,199.9,0,0,1
FINNIFTY23JUL2424200PE.NFO,2024-07-02,11:32:00,2024-07-23,199.9,199.9,199.9,199.9,0,0,1
FINNIFTY23JUL2424200PE.NFO,2024-07-02,11:33:00,2024-07-23,199.9,199.9,199.9,199.9,0,0,1
FINNIFTY23JUL2424200PE.NFO,2024-07-02,11:34:00,2024-07-23,199.9,199.9,199.9,199.9,0,0,1
FINNIFTY23JUL2424200PE.NFO,2024-07-02,11:35:00,2024-07-23,199.9,199.9,199.9,199.9,0,0,1
FINNIFTY23JUL2424200PE.NFO,2024-07-02,11:36:00,2024-07-23,199.9,199.9,199.9,199.9,0,0,1
FINNIFTY23JUL2424200PE.NFO,2024-07-02,11:37:00,2024-07-23,199.9,199.9,199.9,199.9,0,0,1
FINNIFTY23JUL2424200PE.NFO,2024-07-02,11:38:00,2024-07-23,199.9,199.9,199.9,199.9,0,0,1
FINNIFTY23JUL2424200PE.NFO,2024-07-02,11:39:00,2024-07-23,199.9,199.9,199.9,199.9,0,0,1
FINNIFTY23JUL2424200PE.NFO,2024-07-02,11:40:00,2024-07-23,199.9,199.9,199.9,199.9,0,0,1
FINNIFTY23JUL2424200PE.NFO,2024-07-02,11:41:00,2024-07-23,199.9,199.9,199.9,199.9,0,0,1
FINNIFTY23JUL2424200PE.NFO,2024-07-02,11:42:00,2024-07-23,199.9,199.9,199.9,199.9,0,0,1
FINNIFTY23JUL2424200PE.NFO,2024-07-02,11:43:00,2024-07-23,199.9,199.9,199.9,199.9,0,0,1
FINNIFTY23JUL2424200PE.NFO,2024-07-02,11:44:00,2024-07-23,199.9,199.9,199.9,199.9,0,0,1
FINNIFTY23JUL2424200PE.NFO,2024-07-02,11:45:00,2024-07-23,199.9,199.9,199.9,199.9,0,0,1
FINNIFTY23JUL2424200PE.NFO,2024-07-02,11:46:00,2024-07-23,199.9,199.9,199.9,199.9,0,0,1
FINNIFTY23JUL2424200PE.NFO,2024-07-02,11:47:00,2024-07-23,199.9,199.9,199.9,199.9,0,0,1
FINNIFTY23JUL2424200PE.NFO,2024-07-02,11:48:00,2024-07-23,199.9,199.9,199.9,199.9,0,0,1
FINNIFTY23JUL2424200PE.NFO,2024-07-02,11:49:00,2024-07-23,199.9,199.9,199.9,199.9,0,0,1
FINNIFTY23JUL2424200PE.NFO,2024-07-02,11:50:00,2024-07-23,199.9,199.9,199.9,199.9,0,0,1
FINNIFTY23JUL2424200PE.NFO,2024-07-02,11:51:00,2024-07-23,199.9,199.9,199.9,199.9,0,0,1
FINNIFTY23JUL2424200PE.NFO,2024-07-02,11:52:00,2024-07-23,199.9,199.9,199.9,199.9,0,0,1
FINNIFTY23JUL2424200PE.NFO,2024-07-02,11:53:00,2024-07-23,199.9,199.9,199.9,199.9,0,0,1
FINNIFTY23JUL2424200PE.NFO,2024-07-02,11:54:00,2024-07-23,199.9,199.9,199.9,199.9,0,0,1
FINNIFTY23JUL2424200PE.NFO,2024-07-02,11:55:00,2024-07-23,199.9,199.9,199.9,199.9,0,0,1
FINNIFTY23JUL2424200PE.NFO,2024-07-02,11:56:00,2024-07-23,199.9,199.9,199.9,199.9,0,0,1
FINNIFTY23JUL2424200PE.NFO,2024-07-02,11:57:00,2024-07-23,199.9,199.9,199.9,199.9,0,0,1
FINNIFTY23JUL2424200PE.NFO,2024-07-02,11:58:00,2024-07-23,199.9,199.9,199.9,199.9,0,0,1
FINNIFTY23JUL2424200PE.NFO,2024-07-02,11:59:00,2024-07-23,199.9,199.9,199.9,199.9,0,0,1
FINNIFTY23JUL2424200PE.NFO,2024-07-02,12:00:00,2024-07-23,199.9,199.9,199.9,199.9,0,0,1
FINNIFTY23JUL2424200PE.NFO,2024-07-02,12:01:00,2024-07-23,199.9,199.9,199.9,199.9,0,0,1
FINNIFTY23JUL2424200PE.NFO,2024-07-02,12:02:00,2024-07-23,199.9,199.9,199.9,199.9,0,0,1
FINNIFTY23JUL2424200PE.NFO,2024-07-02,12:03:00,2024-07-23,199.9,199.9,199.9,199.9,0,0,1
FINNIFTY23JUL2424200PE.NFO,2024-07-02,12:04:00,2024-07-23,199.9,199.9,199.9,199.9,0,0,1
FINNIFTY23JUL2424200PE.NFO,2024-07-02,12:05:00,2024-07-23,199.9,199.9,199.9,199.9,0,0,1
FINNIFTY23JUL2424200PE.NFO,2024-07-02,12:06:00,2024-07-23,199.9,199.9,199.9,199.9,0,0,1
FINNIFTY23JUL2424200PE.NFO,2024-07-02,12:07:00,2024-07-23,199.9,199.9,199.9,199.9,0,0,1
FINNIFTY23JUL2424200PE.NFO,2024-07-02,12:08:00,2024-07-23,199.9,199.9,199.9,199.9,0,0,1
FINNIFTY23JUL2424200PE.NFO,2024-07-02,12:09:00,2024-07-23,199.9,199.9,199.9,199.9,0,0,1
FINNIFTY23JUL2424200PE.NFO,2024-07-02,12:10:00,2024-07-23,199.9,199.9,199.9,199.9,0,0,1
FINNIFTY23JUL2424200PE.NFO,2024-07-02,12:11:00,2024-07-23,199.9,199.9,199.9,199.9,0,0,1
FINNIFTY23JUL2424200PE.NFO,2024-07-02,12:12:00,2024-07-23,199.9,199.9,199.9,199.9,0,0,1
FINNIFTY23JUL2424200PE.NFO,2024-07-02,12:13:00,2024-07-23,199.9,199.9,199.9,199.9,0,0,1
FINNIFTY23JUL2424200PE.NFO,2024-07-02,12:14:00,2024-07-23,199.9,199.9,199.9,199.9,0,0,1
FINNIFTY23JUL2424200PE.NFO,2024-07-02,12:15:00,2024-07-23,199.9,199.9,199.9,199.9,0,0,1
FINNIFTY23JUL2424200PE.NFO,2024-07-02,12:16:00,2024-07-23,199.9,199.9,199.9,199.9,0,0,1
FINNIFTY23JUL2424200PE.NFO,2024-07-02,12:17:00,2024-07-23,199.9,199.9,199.9,199.9,0,0,1
FINNIFTY23JUL2424200PE.NFO,2024-07-02,12:18:00,2024-07-23,199.9,199.9,199.9,199.9,0,0,1
FINNIFTY23JUL2424200PE.NFO,2024-07-02,12:19:00,2024-07-23,199.9,199.9,199.9,199.9,0,0,1
FINNIFTY23JUL2424200PE.NFO,2024-07-02,12:20:00,2024-07-23,199.9,199.9,199.9,199.9,0,0,1
FINNIFTY23JUL2424200PE.NFO,2024-07-02,12:21:00,2024-07-23,199.9,199.9,199.9,199.9,0,0,1
FINNIFTY23JUL2424200PE.NFO,2024-07-02,12:22:00,2024-07-23,199.9,199.9,199.9,199.9,0,0,1
FINNIFTY23JUL2424200PE.NFO,2024-07-02,12:23:00,2024-07-23,199.9,199.9,199.9,199.9,0,0,1
FINNIFTY23JUL2424200PE.NFO,2024-07-02,12:24:00,2024-07-23,199.9,199.9,199.9,199.9,0,0,1
FINNIFTY23JUL2424200PE.NFO,2024-07-02,12:25:00,2024-07-23,199.9,199.9,199.9,199.9,0,0,1
FINNIFTY23JUL2424200PE.NFO,2024-07-02,12:26:00,2024-07-23,199.9,199.9,199.9,199.9,0,0,1
FINNIFTY23JUL2424200PE.NFO,2024-07-02,12:27:00,2024-07-23,199.9,199.9,199.9,199.9,0,0,1
FINNIFTY23JUL2424200PE.NFO,2024-07-02,12:28:00,2024-07-23,199.9,199.9,199.9,199.9,0,0,1
FINNIFTY23JUL2424200PE.NFO,2024-07-02,12:29:00,2024-07-23,199.9,199.9,199.9,199.9,0,0,1
FINNIFTY23JUL2424200PE.NFO,2024-07-02,12:30:00,2024-07-23,199.9,199.9,199.9,199.9,0,0,1
FINNIFTY23JUL2424200PE.NFO,2024-07-02,12:31:00,2024-07-23,199.9,199.9,199.9,199.9,0,0,1
FINNIFTY23JUL2424200PE.NFO,2024-07-02,12:32:00,2024-07-23,199.9,199.9,199.9,199.9,0,0,1
FINNIFTY23JUL2424200PE.NFO,2024-07-02,12:33:00,2024-07-23,199.9,199.9,199.9,199.9,0,0,1
FINNIFTY23JUL2424200PE.NFO,2024-07-02,12:34:00,2024-07-23,199.9,199.9,199.9,199.9,0,0,1
FINNIFTY23JUL2424200PE.NFO,2024-07-02,12:35:00,2024-07-23,199.9,199.9,199.9,199.9,0,0,1
FINNIFTY23JUL2424200PE.NFO,2024-07-02,12:36:00,2024-07-23,199.9,199.9,199.9,199.9,0,0,1
FINNIFTY23JUL2424200PE.NFO,2024-07-02,12:37:00,2024-07-23,199.9,199.9,199.9,199.9,0,0,1
FINNIFTY23JUL2424200PE.NFO,2024-07-02,12:38:00,2024-07-23,199.9,199.9,199.9,199.9,0,0,1
FINNIFTY23JUL2424200PE.NFO,2024-07-02,12:39:00,2024-07-23,199.9,199.9,199.9,199.9,0,0,1
FINNIFTY23JUL2424200PE.NFO,2024-07-02,12:40:00,2024-07-23,199.9,199.9,199.9,199.9,0,0,1
FINNIFTY23JUL2424200PE.NFO,2024-07-02,12:41:00,2024-07-23,199.9,199.9,199.9,199.9,0,0,1
FINNIFTY23JUL2424200PE.NFO,2024-07-02,12:42:00,2024-07-23,199.9,199.9,199.9,199.9,0,0,1
FINNIFTY23JUL2424200PE.NFO,2024-07-02,12:43:00,2024-07-23,199.9,199.9,199.9,199.9,0,0,1
FINNIFTY23JUL2424200PE.NFO,2024-07-02,12:44:00,2024-07-23,199.9,199.9,199.9,199.9,0,0,1
FINNIFTY23JUL2424200PE.NFO,2024-07-02,12:45:00,2024-07-23,199.9,199.9,199.9,199.9,0,0,1
FINNIFTY23JUL2424200PE.NFO,2024-07-02,12:46:00,2024-07-23,199.9,199.9,199.9,199.9,0,0,1
FINNIFTY23JUL2424200PE.NFO,2024-07-02,12:47:00,2024-07-23,199.9,199.9,199.9,199.9,0,0,1
FINNIFTY23JUL2424200PE.NFO,2024-07-02,12:48:00,2024-07-23,199.9,199.9,199.9,199.9,0,0,1
FINNIFTY23JUL2424200PE.NFO,2024-07-02,12:49:00,2024-07-23,199.9,199.9,199.9,199.9,0,0,1
FINNIFTY23JUL2424200PE.NFO,2024-07-02,12:50:00,2024-07-23,199.9,199.9,199.9,199.9,0,0,1
FINNIFTY23JUL2424200PE.NFO,2024-07-02,12:51:00,2024-07-23,199.9,199.9,199.9,199.9,0,0,1
FINNIFTY23JUL2424200PE.NFO,2024-07-02,12:52:00,2024-07-23,199.9,199.9,199.9,199.9,0,0,1
FINNIFTY23JUL2424200PE.NFO,2024-07-02,12:53:00,2024-07-23,199.9,199.9,199.9,199.9,0,0,1
FINNIFTY23JUL2424200PE.NFO,2024-07-02,12:54:00,2024-07-23,199.9,199.9,199.9,199.9,0,0,1
FINNIFTY23JUL2424200PE.NFO,2024-07-02,12:55:00,2024-07-23,199.9,199.9,199.9,199.9,0,0,1
FINNIFTY23JUL2424200PE.NFO,2024-07-02,12:56:00,2024-07-23,199.9,199.9,199.9,199.9,0,0,1
FINNIFTY23JUL2424200PE.NFO,2024-07-02,12:57:00,2024-07-23,199.9,199.9,199.9,199.9,0,0,1
FINNIFTY23JUL2424200PE.NFO,2024-07-02,12:58:00,2024-07-23,199.9,199.9,199.9,199.9,0,0,1
FINNIFTY23JUL2424200PE.NFO,2024-07-02,12:59:00,2024-07-23,199.9,199.9,199.9,199.9,0,0,1
FINNIFTY23JUL2424200PE.NFO,2024-07-02,13:00:00,2024-07-23,199.9,199.9,199.9,199.9,0,0,1
FINNIFTY23JUL2424200PE.NFO,2024-07-02,13:01:00,2024-07-23,199.9,199.9,199.9,199.9,0,0,1
FINNIFTY23JUL2424200PE.NFO,2024-07-02,13:02:00,2024-07-23,199.9,199.9,199.9,199.9,0,0,1
FINNIFTY23JUL2424200PE.NFO,2024-07-02,13:03:00,2024-07-23,199.9,199.9,199.9,199.9,0,0,1
FINNIFTY23JUL2424200PE.NFO,2024-07-02,13:04:00,2024-07-23,199.9,199.9,199.9,199.9,0,0,1
FINNIFTY23JUL2424200PE.NFO,2024-07-02,13:05:00,2024-07-23,199.9,199.9,199.9,199.9,0,0,1
FINNIFTY23JUL2424200PE.NFO,2024-07-02,13:06:00,2024-07-23,199.9,199.9,199.9,199.9,0,0,1
FINNIFTY23JUL2424200PE.NFO,2024-07-02,13:07:00,2024-07-23,199.9,199.9,199.9,199.9,0,0,1
FINNIFTY23JUL2424200PE.NFO,2024-07-02,13:08:00,2024-07-23,199.9,199.9,199.9,199.9,0,0,1
FINNIFTY23JUL2424200PE.NFO,2024-07-02,13:09:00,2024-07-23,199.9,199.9,199.9,199.9,0,0,1
FINNIFTY23JUL2424200PE.NFO,2024-07-02,13:10:00,2024-07-23,199.9,199.9,199.9,199.9,0,0,1
FINNIFTY23JUL2424200PE.NFO,2024-07-02,13:11:00,2024-07-23,199.9,199.9,199.9,199.9,0,0,1
FINNIFTY23JUL2424200PE.NFO,2024-07-02,13:12:00,2024-07-23,199.9,199.9,199.9,199.9,0,0,1
FINNIFTY23JUL2424200PE.NFO,2024-07-02,13:13:00,2024-07-23,199.9,199.9,199.9,199.9,0,0,1
FINNIFTY23JUL2424200PE.NFO,2024-07-02,13:14:00,2024-07-23,199.9,199.9,199.9,199.9,0,0,1
FINNIFTY23JUL2424200PE.NFO,2024-07-02,13:15:00,2024-07-23,199.9,199.9,199.9,199.9,0,0,1
FINNIFTY23JUL2424200PE.NFO,2024-07-02,13:16:00,2024-07-23,199.9,199.9,199.9,199.9,0,0,1
FINNIFTY23JUL2424200PE.NFO,2024-07-02,13:17:00,2024-07-23,199.9,199.9,199.9,199.9,0,0,1
FINNIFTY23JUL2424200PE.NFO,2024-07-02,13:18:00,2024-07-23,199.9,199.9,199.9,199.9,0,0,1
FINNIFTY23JUL2424200PE.NFO,2024-07-02,13:19:00,2024-07-23,199.9,199.9,199.9,199.9,0,0,1
FINNIFTY23JUL2424200PE.NFO,2024-07-02,13:20:00,2024-07-23,199.9,199.9,199.9,199.9,0,0,1
FINNIFTY23JUL2424200PE.NFO,2024-07-02,13:21:00,2024-07-23,199.9,199.9,199.9,199.9,0,0,1
FINNIFTY23JUL2424200PE.NFO,2024-07-02,13:22:00,2024-07-23,199.9,199.9,199.9,199.9,0,0,1
FINNIFTY23JUL2424200PE.NFO,2024-07-02,13:23:00,2024-07-23,199.9,199.9,199.9,199.9,0,0,1
FINNIFTY23JUL2424200PE.NFO,2024-07-02,13:24:00,2024-07-23,199.9,199.9,199.9,199.9,0,0,1
FINNIFTY23JUL2424200PE.NFO,2024-07-02,13:25:00,2024-07-23,199.9,199.9,199.9,199.9,0,0,1
FINNIFTY23JUL2424200PE.NFO,2024-07-02,13:26:00,2024-07-23,199.9,199.9,199.9,199.9,0,0,1
FINNIFTY23JUL2424200PE.NFO,2024-07-02,13:27:00,2024-07-23,199.9,199.9,199.9,199.9,0,0,1
FINNIFTY23JUL2424200PE.NFO,2024-07-02,13:28:00,2024-07-23,199.9,199.9,199.9,199.9,0,0,1
FINNIFTY23JUL2424200PE.NFO,2024-07-02,13:29:00,2024-07-23,199.9,199.9,199.9,199.9,0,0,1
FINNIFTY23JUL2424200PE.NFO,2024-07-02,13:30:00,2024-07-23,199.9,199.9,199.9,199.9,0,0,1
FINNIFTY23JUL2424200PE.NFO,2024-07-02,13:31:00,2024-07-23,199.9,199.9,199.9,199.9,0,0,1
FINNIFTY23JUL2424200PE.NFO,2024-07-02,13:32:00,2024-07-23,199.9,199.9,199.9,199.9,0,0,1
FINNIFTY23JUL2424200PE.NFO,2024-07-02,13:33:00,2024-07-23,199.9,199.9,199.9,199.9,0,0,1
FINNIFTY23JUL2424200PE.NFO,2024-07-02,13:34:00,2024-07-23,199.9,199.9,199.9,199.9,0,0,1
FINNIFTY23JUL2424200PE.NFO,2024-07-02,13:35:00,2024-07-23,199.9,199.9,199.9,199.9,0,0,1
FINNIFTY23JUL2424200PE.NFO,2024-07-02,13:36:00,2024-07-23,199.9,199.9,199.9,199.9,0,0,1
FINNIFTY23JUL2424200PE.NFO,2024-07-02,13:37:00,2024-07-23,199.9,199.9,199.9,199.9,0,0,1
FINNIFTY23JUL2424200PE.NFO,2024-07-02,13:38:00,2024-07-23,199.9,199.9,199.9,199.9,0,0,1
FINNIFTY23JUL2424200PE.NFO,2024-07-02,13:39:00,2024-07-23,199.9,199.9,199.9,199.9,0,0,1
FINNIFTY23JUL2424200PE.NFO,2024-07-02,13:40:00,2024-07-23,199.9,199.9,199.9,199.9,0,0,1
FINNIFTY23JUL2424200PE.NFO,2024-07-02,13:41:00,2024-07-23,199.9,199.9,199.9,199.9,0,0,1
FINNIFTY23JUL2424200PE.NFO,2024-07-02,13:42:00,2024-07-23,199.9,199.9,199.9,199.9,0,0,1
FINNIFTY23JUL2424200PE.NFO,2024-07-02,13:43:00,2024-07-23,199.9,199.9,199.9,199.9,0,0,1
FINNIFTY23JUL2424200PE.NFO,2024-07-02,13:44:00,2024-07-23,199.9,199.9,199.9,199.9,0,0,1
FINNIFTY23JUL2424200PE.NFO,2024-07-02,13:45:00,2024-07-23,199.9,199.9,199.9,199.9,0,0,1
FINNIFTY23JUL2424200PE.NFO,2024-07-02,13:46:00,2024-07-23,199.9,199.9,199.9,199.9,0,0,1
FINNIFTY23JUL2424200PE.NFO,2024-07-02,13:47:00,2024-07-23,199.9,199.9,199.9,199.9,0,0,1
FINNIFTY23JUL2424200PE.NFO,2024-07-02,13:48:00,2024-07-23,199.9,199.9,199.9,199.9,0,0,1
FINNIFTY23JUL2424200PE.NFO,2024-07-02,13:49:00,2024-07-23,199.9,199.9,199.9,199.9,0,0,1
FINNIFTY23JUL2424200PE.NFO,2024-07-02,13:50:00,2024-07-23,199.9,199.9,199.9,199.9,0,0,1
FINNIFTY23JUL2424200PE.NFO,2024-07-02,13:51:00,2024-07-23,199.9,199.9,199.9,199.9,0,0,1
FINNIFTY23JUL2424200PE.NFO,2024-07-02,13:52:00,2024-07-23,199.9,199.9,199.9,199.9,0,0,1
FINNIFTY23JUL2424200PE.NFO,2024-07-02,13:53:00,2024-07-23,199.9,199.9,199.9,199.9,0,0,1
FINNIFTY23JUL2424200PE.NFO,2024-07-02,13:54:00,2024-07-23,199.9,199.9,199.9,199.9,0,0,1
FINNIFTY23JUL2424200PE.NFO,2024-07-02,13:55:00,2024-07-23,199.9,199.9,199.9,199.9,0,0,1
FINNIFTY23JUL2424200PE.NFO,2024-07-02,13:56:00,2024-07-23,199.9,199.9,199.9,199.9,0,0,1
FINNIFTY23JUL2424200PE.NFO,2024-07-02,13:57:00,2024-07-23,199.9,199.9,199.9,199.9,0,0,1
FINNIFTY23JUL2424200PE.NFO,2024-07-02,13:58:00,2024-07-23,199.9,199.9,199.9,199.9,0,0,1
FINNIFTY23JUL2424200PE.NFO,2024-07-02,13:59:00,2024-07-23,199.9,199.9,199.9,199.9,0,0,1
FINNIFTY23JUL2424200PE.NFO,2024-07-02,14:00:00,2024-07-23,199.9,199.9,199.9,199.9,0,0,1
FINNIFTY23JUL2424200PE.NFO,2024-07-02,14:01:00,2024-07-23,199.9,199.9,199.9,199.9,0,0,1
FINNIFTY23JUL2424200PE.NFO,2024-07-02,14:02:00,2024-07-23,199.9,199.9,199.9,199.9,0,0,1
FINNIFTY23JUL2424200PE.NFO,2024-07-02,14:03:00,2024-07-23,199.9,199.9,199.9,199.9,0,0,1
FINNIFTY23JUL2424200PE.NFO,2024-07-02,14:04:00,2024-07-23,199.9,199.9,199.9,199.9,0,0,1
FINNIFTY23JUL2424200PE.NFO,2024-07-02,14:05:00,2024-07-23,199.9,199.9,199.9,199.9,0,0,1
FINNIFTY23JUL2424200PE.NFO,2024-07-02,14:06:00,2024-07-23,199.9,199.9,199.9,199.9,0,0,1
FINNIFTY23JUL2424200PE.NFO,2024-07-02,14:07:00,2024-07-23,199.9,199.9,199.9,199.9,0,0,1
FINNIFTY23JUL2424200PE.NFO,2024-07-02,14:08:00,2024-07-23,199.9,199.9,199.9,199.9,0,0,1
FINNIFTY23JUL2424200PE.NFO,2024-07-02,14:09:00,2024-07-23,199.9,199.9,199.9,199.9,0,0,1
FINNIFTY23JUL2424200PE.NFO,2024-07-02,14:10:00,2024-07-23,199.9,199.9,199.9,199.9,0,0,1
FINNIFTY23JUL2424200PE.NFO,2024-07-02,14:11:00,2024-07-23,199.9,199.9,199.9,199.9,0,0,1
FINNIFTY23JUL2424200PE.NFO,2024-07-02,14:12:00,2024-07-23,199.9,199.9,199.9,199.9,0,0,1
FINNIFTY23JUL2424200PE.NFO,2024-07-02,14:13:00,2024-07-23,199.9,199.9,199.9,199.9,0,0,1
FINNIFTY23JUL2424200PE.NFO,2024-07-02,14:14:00,2024-07-23,199.9,199.9,199.9,199.9,0,0,1
FINNIFTY23JUL2424200PE.NFO,2024-07-02,14:15:00,2024-07-23,199.9,199.9,199.9,199.9,0,0,1
FINNIFTY23JUL2424200PE.NFO,2024-07-02,14:16:00,2024-07-23,199.9,199.9,199.9,199.9,0,0,1
FINNIFTY23JUL2424200PE.NFO,2024-07-02,14:17:00,2024-07-23,199.9,199.9,199.9,199.9,0,0,1
FINNIFTY23JUL2424200PE.NFO,2024-07-02,14:18:00,2024-07-23,199.9,199.9,199.9,199.9,0,0,1
FINNIFTY23JUL2424200PE.NFO,2024-07-02,14:19:00,2024-07-23,199.9,199.9,199.9,199.9,0,0,1
FINNIFTY23JUL2424200PE.NFO,2024-07-02,14:20:00,2024-07-23,199.9,199.9,199.9,199.9,0,0,1
FINNIFTY23JUL2424200PE.NFO,2024-07-02,14:21:00,2024-07-23,199.9,199.9,199.9,199.9,0,0,1
FINNIFTY23JUL2424200PE.NFO,2024-07-02,14:22:00,2024-07-23,199.9,199.9,199.9,199.9,0,0,1
FINNIFTY23JUL2424200PE.NFO,2024-07-02,14:23:00,2024-07-23,199.9,199.9,199.9,199.9,0,0,1
FINNIFTY23JUL2424200PE.NFO,2024-07-02,14:24:00,2024-07-23,199.9,199.9,199.9,199.9,0,0,1
FINNIFTY23JUL2424200PE.NFO,2024-07-02,14:25:00,2024-07-23,199.9,199.9,199.9,199.9,0,0,1
FINNIFTY23JUL2424200PE.NFO,2024-07-02,14:26:00,2024-07-23,199.9,199.9,199.9,199.9,0,0,1
FINNIFTY23JUL2424200PE.NFO,2024-07-02,14:27:00,2024-07-23,199.9,199.9,199.9,199.9,0,0,1
FINNIFTY23JUL2424200PE.NFO,2024-07-02,14:28:00,2024-07-23,199.9,199.9,199.9,199.9,0,0,1
FINNIFTY23JUL2424200PE.NFO,2024-07-02,14:29:00,2024-07-23,199.9,199.9,199.9,199.9,0,0,1
FINNIFTY23JUL2424200PE.NFO,2024-07-02,14:30:00,2024-07-23,199.9,199.9,199.9,199.9,0,0,1
FINNIFTY23JUL2424200PE.NFO,2024-07-02,14:31:00,2024-07-23,199.9,199.9,199.9,199.9,0,0,1
FINNIFTY23JUL2424200PE.NFO,2024-07-02,14:32:00,2024-07-23,199.9,199.9,199.9,199.9,0,0,1
FINNIFTY23JUL2424200PE.NFO,2024-07-02,14:33:00,2024-07-23,199.9,199.9,199.9,199.9,0,0,1
FINNIFTY23JUL2424200PE.NFO,2024-07-02,14:34:00,2024-07-23,199.9,199.9,199.9,199.9,0,0,1
FINNIFTY23JUL2424200PE.NFO,2024-07-02,14:35:00,2024-07-23,199.9,199.9,199.9,199.9,0,0,1
FINNIFTY23JUL2424200PE.NFO,2024-07-02,14:36:00,2024-07-23,199.9,199.9,199.9,199.9,0,0,1
FINNIFTY23JUL2424200PE.NFO,2024-07-02,14:37:00,2024-07-23,199.9,199.9,199.9,199.9,0,0,1
FINNIFTY23JUL2424200PE.NFO,2024-07-02,14:38:00,2024-07-23,199.9,199.9,199.9,199.9,0,0,1
FINNIFTY23JUL2424200PE.NFO,2024-07-02,14:39:00,2024-07-23,199.9,199.9,199.9,199.9,0,0,1
FINNIFTY23JUL2424200PE.NFO,2024-07-02,14:40:00,2024-07-23,199.9,199.9,199.9,199.9,0,0,1
FINNIFTY23JUL2424200PE.NFO,2024-07-02,14:41:00,2024-07-23,199.9,199.9,199.9,199.9,0,0,1
FINNIFTY23JUL2424200PE.NFO,2024-07-02,14:42:00,2024-07-23,199.9,199.9,199.9,199.9,0,0,1
FINNIFTY23JUL2424200PE.NFO,2024-07-02,14:43:00,2024-07-23,199.9,199.9,199.9,199.9,0,0,1
FINNIFTY23JUL2424200PE.NFO,2024-07-02,14:44:00,2024-07-23,199.9,199.9,199.9,199.9,0,0,1
FINNIFTY23JUL2424200PE.NFO,2024-07-02,14:45:00,2024-07-23,199.9,199.9,199.9,199.9,0,0,1
FINNIFTY23JUL2424200PE.NFO,2024-07-02,14:46:00,2024-07-23,199.9,199.9,199.9,199.9,0,0,1
FINNIFTY23JUL2424200PE.NFO,2024-07-02,14:47:00,2024-07-23,199.9,199.9,199.9,199.9,0,0,1
FINNIFTY23JUL2424200PE.NFO,2024-07-02,14:48:00,2024-07-23,199.9,199.9,199.9,199.9,0,0,1
FINNIFTY23JUL2424200PE.NFO,2024-07-02,14:49:00,2024-07-23,199.9,199.9,199.9,199.9,0,0,1
FINNIFTY23JUL2424200PE.NFO,2024-07-02,14:50:00,2024-07-23,199.9,199.9,199.9,199.9,0,0,1
FINNIFTY23JUL2424200PE.NFO,2024-07-02,14:51:00,2024-07-23,199.9,199.9,199.9,199.9,0,0,1
FINNIFTY23JUL2424200PE.NFO,2024-07-02,14:52:00,2024-07-23,199.9,199.9,199.9,199.9,0,0,1
FINNIFTY23JUL2424200PE.NFO,2024-07-02,14:53:00,2024-07-23,199.9,199.9,199.9,199.9,0,0,1
FINNIFTY23JUL2424200PE.NFO,2024-07-02,14:54:00,2024-07-23,199.9,199.9,199.9,199.9,0,0,1
FINNIFTY23JUL2424200PE.NFO,2024-07-02,14:55:00,2024-07-23,199.9,199.9,199.9,199.9,0,0,1
FINNIFTY23JUL2424200PE.NFO,2024-07-02,14:56:00,2024-07-23,199.9,199.9,199.9,199.9,0,0,1
FINNIFTY23JUL2424200PE.NFO,2024-07-02,14:57:00,2024-07-23,199.9,199.9,199.9,199.9,0,0,1
FINNIFTY23JUL2424200PE.NFO,2024-07-02,14:58:00,2024-07-23,199.9,199.9,199.9,199.9,0,0,1
FINNIFTY23JUL2424200PE.NFO,2024-07-02,14:59:00,2024-07-23,199.9,199.9,199.9,199.9,0,0,1
FINNIFTY23JUL2424200PE.NFO,2024-07-02,15:00:00,2024-07-23,199.9,199.9,199.9,199.9,0,0,1
FINNIFTY23JUL2424200PE.NFO,2024-07-02,15:01:00,2024-07-23,199.9,199.9,199.9,199.9,0,0,1
FINNIFTY23JUL2424200PE.NFO,2024-07-02,15:02:00,2024-07-23,199.9,199.9,199.9,199.9,0,0,1
FINNIFTY23JUL2424200PE.NFO,2024-07-02,15:03:00,2024-07-23,199.9,199.9,199.9,199.9,0,0,1
FINNIFTY23JUL2424200PE.NFO,2024-07-02,15:04:00,2024-07-23,199.9,199.9,199.9,199.9,0,0,1
FINNIFTY23JUL2424200PE.NFO,2024-07-02,15:05:00,2024-07-23,199.9,199.9,199.9,199.9,0,0,1
FINNIFTY23JUL2424200PE.NFO,2024-07-02,15:06:00,2024-07-23,199.9,199.9,199.9,199.9,0,0,1
FINNIFTY23JUL2424200PE.NFO,2024-07-02,15:07:00,2024-07-23,199.9,199.9,199.9,199.9,0,0,1
FINNIFTY23JUL2424200PE.NFO,2024-07-02,15:08:00,2024-07-23,199.9,199.9,199.9,199.9,0,0,1
FINNIFTY23JUL2424200PE.NFO,2024-07-02,15:09:00,2024-07-23,199.9,199.9,199.9,199.9,0,0,1
FINNIFTY23JUL2424200PE.NFO,2024-07-02,15:10:00,2024-07-23,199.9,199.9,199.9,199.9,0,0,1
FINNIFTY23JUL2424200PE.NFO,2024-07-02,15:11:00,2024-07-23,199.9,199.9,199.9,199.9,0,0,1
FINNIFTY23JUL2424200PE.NFO,2024-07-02,15:12:00,2024-07-23,199.9,199.9,199.9,199.9,0,0,1
FINNIFTY23JUL2424200PE.NFO,2024-07-02,15:13:00,2024-07-23,199.9,199.9,199.9,199.9,0,0,1
FINNIFTY23JUL2424200PE.NFO,2024-07-02,15:14:00,2024-07-23,199.9,199.9,199.9,199.9,0,0,1
FINNIFTY23JUL2424200PE.NFO,2024-07-02,15:15:00,2024-07-23,199.9,199.9,199.9,199.9,0,0,1
FINNIFTY23JUL2424200PE.NFO,2024-07-02,15:16:00,2024-07-23,199.9,199.9,199.9,199.9,0,0,1
FINNIFTY23JUL2424200PE.NFO,2024-07-02,15:17:00,2024-07-23,199.9,199.9,199.9,199.9,0,0,1
FINNIFTY23JUL2424200PE.NFO,2024-07-02,15:18:00,2024-07-23,199.9,199.9,199.9,199.9,0,0,1
FINNIFTY23JUL2424200PE.NFO,2024-07-02,15:19:00,2024-07-23,199.9,199.9,199.9,199.9,0,0,1
FINNIFTY23JUL2424200PE.NFO,2024-07-02,15:20:00,2024-07-23,199.9,199.9,199.9,199.9,0,0,1
FINNIFTY23JUL2424200PE.NFO,2024-07-02,15:21:00,2024-07-23,199.9,199.9,199.9,199.9,0,0,1
FINNIFTY23JUL2424200PE.NFO,2024-07-02,15:22:00,2024-07-23,199.9,199.9,199.9,199.9,0,0,1
FINNIFTY23JUL2424200PE.NFO,2024-07-02,15:23:00,2024-07-23,199.9,199.9,199.9,199.9,0,0,1
FINNIFTY23JUL2424200PE.NFO,2024-07-02,15:24:00,2024-07-23,199.9,199.9,199.9,199.9,0,0,1
FINNIFTY23JUL2424200PE.NFO,2024-07-02,15:25:00,2024-07-23,199.9,199.9,199.9,199.9,0,0,1
FINNIFTY23JUL2424200PE.NFO,2024-07-02,15:26:00,2024-07-23,199.9,199.9,199.9,199.9,0,0,1
FINNIFTY23JUL2424200PE.NFO,2024-07-02,15:27:00,2024-07-23,199.9,199.9,199.9,199.9,0,0,1
FINNIFTY23JUL2424200PE.NFO,2024-07-02,15:28:00,2024-07-23,199.9,199.9,199.9,199.9,0,0,1
FINNIFTY23JUL2424200PE.NFO,2024-07-02,15:29:00,2024-07-23,199.9,199.9,199.9,199.9,0,0,1
FINNIFTY23JUL2424200PE.NFO,2024-07-02,15:30:00,2024-07-23,199.9,199.9,199.9,199.9,0,0,1
FINNIFTY23JUL2424200PE.NFO,2024-07-03,09:15:00,2024-07-23,199.9,199.9,199.9,199.9,0,0,0
FINNIFTY23JUL2424200PE.NFO,2024-07-03,09:16:00,2024-07-23,199.9,199.9,199.9,199.9,0,0,1
FINNIFTY23JUL2424200PE.NFO,2024-07-03,09:17:00,2024-07-23,199.9,199.9,199.9,199.9,0,0,1
FINNIFTY23JUL2424200PE.NFO,2024-07-03,09:18:00,2024-07-23,199.9,199.9,199.9,199.9,0,0,1
FINNIFTY23JUL2424200PE.NFO,2024-07-03,09:19:00,2024-07-23,199.9,199.9,199.9,199.9,0,0,1
FINNIFTY23JUL2424200PE.NFO,2024-07-03,09:20:00,2024-07-23,199.9,199.9,199.9,199.9,0,0,1
FINNIFTY23JUL2424200PE.NFO,2024-07-03,09:21:00,2024-07-23,199.9,199.9,199.9,199.9,0,0,1
FINNIFTY23JUL2424200PE.NFO,2024-07-03,09:22:00,2024-07-23,199.9,199.9,199.9,199.9,0,0,1
FINNIFTY23JUL2424200PE.NFO,2024-07-03,09:23:00,2024-07-23,199.9,199.9,199.9,199.9,0,0,1
FINNIFTY23JUL2424200PE.NFO,2024-07-03,09:24:00,2024-07-23,199.9,199.9,199.9,199.9,0,0,1
FINNIFTY23JUL2424200PE.NFO,2024-07-03,09:25:00,2024-07-23,199.9,199.9,199.9,199.9,0,0,1
FINNIFTY23JUL2424200PE.NFO,2024-07-03,09:26:00,2024-07-23,199.9,199.9,199.9,199.9,0,0,1
FINNIFTY23JUL2424200PE.NFO,2024-07-03,09:27:00,2024-07-23,199.9,199.9,199.9,199.9,0,0,1
FINNIFTY23JUL2424200PE.NFO,2024-07-03,09:28:00,2024-07-23,199.9,199.9,199.9,199.9,0,0,1
FINNIFTY23JUL2424200PE.NFO,2024-07-03,09:29:00,2024-07-23,199.9,199.9,199.9,199.9,0,0,1
FINNIFTY23JUL2424200PE.NFO,2024-07-03,09:30:00,2024-07-23,199.9,199.9,199.9,199.9,0,0,1
FINNIFTY23JUL2424200PE.NFO,2024-07-03,09:31:00,2024-07-23,199.9,199.9,199.9,199.9,0,0,1
FINNIFTY23JUL2424200PE.NFO,2024-07-03,09:32:00,2024-07-23,199.9,199.9,199.9,199.9,0,0,1
FINNIFTY23JUL2424200PE.NFO,2024-07-03,09:33:00,2024-07-23,199.9,199.9,199.9,199.9,0,0,1
FINNIFTY23JUL2424200PE.NFO,2024-07-03,09:34:00,2024-07-23,199.9,199.9,199.9,199.9,0,0,1
FINNIFTY23JUL2424200PE.NFO,2024-07-03,09:35:00,2024-07-23,199.9,199.9,199.9,199.9,0,0,1
FINNIFTY23JUL2424200PE.NFO,2024-07-03,09:36:00,2024-07-23,199.9,199.9,199.9,199.9,0,0,1
FINNIFTY23JUL2424200PE.NFO,2024-07-03,09:37:00,2024-07-23,199.9,199.9,199.9,199.9,0,0,1
FINNIFTY23JUL2424200PE.NFO,2024-07-03,09:38:00,2024-07-23,199.9,199.9,199.9,199.9,0,0,1
FINNIFTY23JUL2424200PE.NFO,2024-07-03,09:39:00,2024-07-23,199.9,199.9,199.9,199.9,0,0,1
FINNIFTY23JUL2424200PE.NFO,2024-07-03,09:40:00,2024-07-23,199.9,199.9,199.9,199.9,0,0,1
FINNIFTY23JUL2424200PE.NFO,2024-07-03,09:41:00,2024-07-23,199.9,199.9,199.9,199.9,0,0,1
FINNIFTY23JUL2424200PE.NFO,2024-07-03,09:42:00,2024-07-23,199.9,199.9,199.9,199.9,0,0,1
FINNIFTY23JUL2424200PE.NFO,2024-07-03,09:43:00,2024-07-23,199.9,199.9,199.9,199.9,0,0,1
FINNIFTY23JUL2424200PE.NFO,2024-07-03,09:44:00,2024-07-23,199.9,199.9,199.9,199.9,0,0,1
FINNIFTY23JUL2424200PE.NFO,2024-07-03,09:45:00,2024-07-23,199.9,199.9,199.9,199.9,0,0,1
FINNIFTY23JUL2424200PE.NFO,2024-07-03,09:46:00,2024-07-23,199.9,199.9,199.9,199.9,0,0,1
FINNIFTY23JUL2424200PE.NFO,2024-07-03,09:47:00,2024-07-23,199.9,199.9,199.9,199.9,0,0,1
FINNIFTY23JUL2424200PE.NFO,2024-07-03,09:48:00,2024-07-23,199.9,199.9,199.9,199.9,0,0,1
FINNIFTY23JUL2424200PE.NFO,2024-07-03,09:49:00,2024-07-23,199.9,199.9,199.9,199.9,0,0,1
FINNIFTY23JUL2424200PE.NFO,2024-07-03,09:50:00,2024-07-23,199.9,199.9,199.9,199.9,0,0,1
FINNIFTY23JUL2424200PE.NFO,2024-07-03,09:51:00,2024-07-23,199.9,199.9,199.9,199.9,0,0,1
FINNIFTY23JUL2424200PE.NFO,2024-07-03,09:52:00,2024-07-23,199.9,199.9,199.9,199.9,0,0,1
FINNIFTY23JUL2424200PE.NFO,2024-07-03,09:53:00,2024-07-23,199.9,199.9,199.9,199.9,0,0,1
FINNIFTY23JUL2424200PE.NFO,2024-07-03,09:54:00,2024-07-23,199.9,199.9,199.9,199.9,0,0,1
FINNIFTY23JUL2424200PE.NFO,2024-07-03,09:55:00,2024-07-23,199.9,199.9,199.9,199.9,0,0,1
FINNIFTY23JUL2424200PE.NFO,2024-07-03,09:56:00,2024-07-23,199.9,199.9,199.9,199.9,0,0,1
FINNIFTY23JUL2424200PE.NFO,2024-07-03,09:57:00,2024-07-23,199.9,199.9,199.9,199.9,0,0,1
FINNIFTY23JUL2424200PE.NFO,2024-07-03,09:58:00,2024-07-23,199.9,199.9,199.9,199.9,0,0,1
FINNIFTY23JUL2424200PE.NFO,2024-07-03,09:59:00,2024-07-23,199.9,199.9,199.9,199.9,0,0,1
FINNIFTY23JUL2424200PE.NFO,2024-07-03,10:00:00,2024-07-23,199.9,199.9,199.9,199.9,0,0,1
FINNIFTY23JUL2424200PE.NFO,2024-07-03,10:01:00,2024-07-23,199.9,199.9,199.9,199.9,0,0,1
FINNIFTY23JUL2424200PE.NFO,2024-07-03,10:02:00,2024-07-23,199.9,199.9,199.9,199.9,0,0,1
FINNIFTY23JUL2424200PE.NFO,2024-07-03,10:03:00,2024-07-23,199.9,199.9,199.9,199.9,0,0,1
FINNIFTY23JUL2424200PE.NFO,2024-07-03,10:04:00,2024-07-23,199.9,199.9,199.9,199.9,0,0,1
FINNIFTY23JUL2424200PE.NFO,2024-07-03,10:05:00,2024-07-23,199.9,199.9,199.9,199.9,0,0,1
FINNIFTY23JUL2424200PE.NFO,2024-07-03,10:06:00,2024-07-23,199.9,199.9,199.9,199.9,0,0,1
FINNIFTY23JUL2424200PE.NFO,2024-07-03,10:07:00,2024-07-23,199.9,199.9,199.9,199.9,0,0,1
FINNIFTY23JUL2424200PE.NFO,2024-07-03,10:08:00,2024-07-23,199.9,199.9,199.9,199.9,0,0,1
FINNIFTY23JUL2424200PE.NFO,2024-07-03,10:09:00,2024-07-23,199.9,199.9,199.9,199.9,0,0,1
FINNIFTY23JUL2424200PE.NFO,2024-07-03,10:10:00,2024-07-23,199.9,199.9,199.9,199.9,0,0,1
FINNIFTY23JUL2424200PE.NFO,2024-07-03,10:11:00,2024-07-23,199.9,199.9,199.9,199.9,0,0,1
FINNIFTY23JUL2424200PE.NFO,2024-07-03,10:12:00,2024-07-23,199.9,199.9,199.9,199.9,0,0,1
FINNIFTY23JUL2424200PE.NFO,2024-07-03,10:13:00,2024-07-23,199.9,199.9,199.9,199.9,0,0,1
FINNIFTY23JUL2424200PE.NFO,2024-07-03,10:14:00,2024-07-23,199.9,199.9,199.9,199.9,0,0,1
FINNIFTY23JUL2424200PE.NFO,2024-07-03,10:15:00,2024-07-23,199.9,199.9,199.9,199.9,0,0,1
FINNIFTY23JUL2424200PE.NFO,2024-07-03,10:16:00,2024-07-23,199.9,199.9,199.9,199.9,0,0,1
FINNIFTY23JUL2424200PE.NFO,2024-07-03,10:17:00,2024-07-23,199.9,199.9,199.9,199.9,0,0,1
FINNIFTY23JUL2424200PE.NFO,2024-07-03,10:18:00,2024-07-23,199.9,199.9,199.9,199.9,0,0,1
FINNIFTY23JUL2424200PE.NFO,2024-07-03,10:19:00,2024-07-23,199.9,199.9,199.9,199.9,0,0,1
FINNIFTY23JUL2424200PE.NFO,2024-07-03,10:20:00,2024-07-23,199.9,199.9,199.9,199.9,0,0,1
FINNIFTY23JUL2424200PE.NFO,2024-07-03,10:21:00,2024-07-23,199.9,199.9,199.9,199.9,0,0,1
FINNIFTY23JUL2424200PE.NFO,2024-07-03,10:22:00,2024-07-23,199.9,199.9,199.9,199.9,0,0,1
FINNIFTY23JUL2424200PE.NFO,2024-07-03,10:23:00,2024-07-23,199.9,199.9,199.9,199.9,0,0,1
FINNIFTY23JUL2424200PE.NFO,2024-07-03,10:24:00,2024-07-23,199.9,199.9,199.9,199.9,0,0,1
FINNIFTY23JUL2424200PE.NFO,2024-07-03,10:25:00,2024-07-23,199.9,199.9,199.9,199.9,0,0,1
FINNIFTY23JUL2424200PE.NFO,2024-07-03,10:26:00,2024-07-23,199.9,199.9,199.9,199.9,0,0,1
FINNIFTY23JUL2424200PE.NFO,2024-07-03,10:27:00,2024-07-23,199.9,199.9,199.9,199.9,0,0,1
FINNIFTY23JUL2424200PE.NFO,2024-07-03,10:28:00,2024-07-23,199.9,199.9,199.9,199.9,0,0,1
FINNIFTY23JUL2424200PE.NFO,2024-07-03,10:29:00,2024-07-23,199.9,199.9,199.9,199.9,0,0,1
FINNIFTY23JUL2424200PE.NFO,2024-07-03,10:30:00,2024-07-23,199.9,199.9,199.9,199.9,0,0,1
FINNIFTY23JUL2424200PE.NFO,2024-07-03,10:31:00,2024-07-23,199.9,199.9,199.9,199.9,0,0,1
FINNIFTY23JUL2424200PE.NFO,2024-07-03,10:32:00,2024-07-23,199.9,199.9,199.9,199.9,0,0,1
FINNIFTY23JUL2424200PE.NFO,2024-07-03,10:33:00,2024-07-23,199.9,199.9,199.9,199.9,0,0,1
FINNIFTY23JUL2424200PE.NFO,2024-07-03,10:34:00,2024-07-23,199.9,199.9,199.9,199.9,0,0,1
FINNIFTY23JUL2424200PE.NFO,2024-07-03,10:35:00,2024-07-23,199.9,199.9,199.9,199.9,0,0,1
FINNIFTY23JUL2424200PE.NFO,2024-07-03,10:36:00,2024-07-23,199.9,199.9,199.9,199.9,0,0,1
FINNIFTY23JUL2424200PE.NFO,2024-07-03,10:37:00,2024-07-23,199.9,199.9,199.9,199.9,0,0,1
FINNIFTY23JUL2424200PE.NFO,2024-07-03,10:38:00,2024-07-23,199.9,199.9,199.9,199.9,0,0,1
FINNIFTY23JUL2424200PE.NFO,2024-07-03,10:39:00,2024-07-23,199.9,199.9,199.9,199.9,0,0,1
FINNIFTY23JUL2424200PE.NFO,2024-07-03,10:40:00,2024-07-23,199.9,199.9,199.9,199.9,0,0,1
FINNIFTY23JUL2424200PE.NFO,2024-07-03,10:41:00,2024-07-23,199.9,199.9,199.9,199.9,0,0,1
FINNIFTY23JUL2424200PE.NFO,2024-07-03,10:42:00,2024-07-23,199.9,199.9,199.9,199.9,0,0,1
FINNIFTY23JUL2424200PE.NFO,2024-07-03,10:43:00,2024-07-23,199.9,199.9,199.9,199.9,0,0,1
FINNIFTY23JUL2424200PE.NFO,2024-07-03,10:44:00,2024-07-23,199.9,199.9,199.9,199.9,0,0,1
FINNIFTY23JUL2424200PE.NFO,2024-07-03,10:45:00,2024-07-23,199.9,199.9,199.9,199.9,0,0,1
FINNIFTY23JUL2424200PE.NFO,2024-07-03,10:46:00,2024-07-23,199.9,199.9,199.9,199.9,0,0,1
FINNIFTY23JUL2424200PE.NFO,2024-07-03,10:47:00,2024-07-23,199.9,199.9,199.9,199.9,0,0,1
FINNIFTY23JUL2424200PE.NFO,2024-07-03,10:48:00,2024-07-23,199.9,199.9,199.9,199.9,0,0,1
FINNIFTY23JUL2424200PE.NFO,2024-07-03,10:49:00,2024-07-23,199.9,199.9,199.9,199.9,0,0,1
FINNIFTY23JUL2424200PE.NFO,2024-07-03,10:50:00,2024-07-23,199.9,199.9,199.9,199.9,0,0,1
FINNIFTY23JUL2424200PE.NFO,2024-07-03,10:51:00,2024-07-23,199.9,199.9,199.9,199.9,0,0,1
FINNIFTY23JUL2424200PE.NFO,2024-07-03,10:52:00,2024-07-23,199.9,199.9,199.9,199.9,0,0,1
FINNIFTY23JUL2424200PE.NFO,2024-07-03,10:53:00,2024-07-23,199.9,199.9,199.9,199.9,0,0,1
FINNIFTY23JUL2424200PE.NFO,2024-07-03,10:54:00,2024-07-23,199.9,199.9,199.9,199.9,0,0,1
FINNIFTY23JUL2424200PE.NFO,2024-07-03,10:55:00,2024-07-23,199.9,199.9,199.9,199.9,0,0,1
FINNIFTY23JUL2424200PE.NFO,2024-07-03,10:56:00,2024-07-23,199.9,199.9,199.9,199.9,0,0,1
FINNIFTY23JUL2424200PE.NFO,2024-07-03,10:57:00,2024-07-23,199.9,199.9,199.9,199.9,0,0,1
FINNIFTY23JUL2424200PE.NFO,2024-07-03,10:58:00,2024-07-23,199.9,199.9,199.9,199.9,0,0,1
FINNIFTY23JUL2424200PE.NFO,2024-07-03,10:59:00,2024-07-23,199.9,199.9,199.9,199.9,0,0,1
FINNIFTY23JUL2424200PE.NFO,2024-07-03,11:00:00,2024-07-23,199.9,199.9,199.9,199.9,0,0,1
FINNIFTY23JUL2424200PE.NFO,2024-07-03,11:01:00,2024-07-23,199.9,199.9,199.9,199.9,0,0,1
FINNIFTY23JUL2424200PE.NFO,2024-07-03,11:02:00,2024-07-23,199.9,199.9,199.9,199.9,0,0,1
FINNIFTY23JUL2424200PE.NFO,2024-07-03,11:03:00,2024-07-23,199.9,199.9,199.9,199.9,0,0,1
FINNIFTY23JUL2424200PE.NFO,2024-07-03,11:04:00,2024-07-23,199.9,199.9,199.9,199.9,0,0,1
FINNIFTY23JUL2424200PE.NFO,2024-07-03,11:05:00,2024-07-23,199.9,199.9,199.9,199.9,0,0,1
FINNIFTY23JUL2424200PE.NFO,2024-07-03,11:06:00,2024-07-23,199.9,199.9,199.9,199.9,0,0,1
FINNIFTY23JUL2424200PE.NFO,2024-07-03,11:07:00,2024-07-23,199.9,199.9,199.9,199.9,0,0,1
FINNIFTY23JUL2424200PE.NFO,2024-07-03,11:08:00,2024-07-23,199.9,199.9,199.9,199.9,0,0,1
FINNIFTY23JUL2424200PE.NFO,2024-07-03,11:09:00,2024-07-23,199.9,199.9,199.9,199.9,0,0,1
FINNIFTY23JUL2424200PE.NFO,2024-07-03,11:10:00,2024-07-23,199.9,199.9,199.9,199.9,0,0,1
FINNIFTY23JUL2424200PE.NFO,2024-07-03,11:11:00,2024-07-23,199.9,199.9,199.9,199.9,0,0,1
FINNIFTY23JUL2424200PE.NFO,2024-07-03,11:12:00,2024-07-23,199.9,199.9,199.9,199.9,0,0,1
FINNIFTY23JUL2424200PE.NFO,2024-07-03,11:13:00,2024-07-23,199.9,199.9,199.9,199.9,0,0,1
FINNIFTY23JUL2424200PE.NFO,2024-07-03,11:14:00,2024-07-23,199.9,199.9,199.9,199.9,0,0,1
FINNIFTY23JUL2424200PE.NFO,2024-07-03,11:15:00,2024-07-23,199.9,199.9,199.9,199.9,0,0,1
FINNIFTY23JUL2424200PE.NFO,2024-07-03,11:16:00,2024-07-23,199.9,199.9,199.9,199.9,0,0,1
FINNIFTY23JUL2424200PE.NFO,2024-07-03,11:17:00,2024-07-23,199.9,199.9,199.9,199.9,0,0,1
FINNIFTY23JUL2424200PE.NFO,2024-07-03,11:18:00,2024-07-23,199.9,199.9,199.9,199.9,0,0,1
FINNIFTY23JUL2424200PE.NFO,2024-07-03,11:19:00,2024-07-23,199.9,199.9,199.9,199.9,0,0,1
FINNIFTY23JUL2424200PE.NFO,2024-07-03,11:20:00,2024-07-23,199.9,199.9,199.9,199.9,0,0,1
FINNIFTY23JUL2424200PE.NFO,2024-07-03,11:21:00,2024-07-23,199.9,199.9,199.9,199.9,0,0,1
FINNIFTY23JUL2424200PE.NFO,2024-07-03,11:22:00,2024-07-23,199.9,199.9,199.9,199.9,0,0,1
FINNIFTY23JUL2424200PE.NFO,2024-07-03,11:23:00,2024-07-23,199.9,199.9,199.9,199.9,0,0,1
FINNIFTY23JUL2424200PE.NFO,2024-07-03,11:24:00,2024-07-23,199.9,199.9,199.9,199.9,0,0,1
FINNIFTY23JUL2424200PE.NFO,2024-07-03,11:25:00,2024-07-23,199.9,199.9,199.9,199.9,0,0,1
FINNIFTY23JUL2424200PE.NFO,2024-07-03,11:26:00,2024-07-23,199.9,199.9,199.9,199.9,0,0,1
FINNIFTY23JUL2424200PE.NFO,2024-07-03,11:27:00,2024-07-23,199.9,199.9,199.9,199.9,0,0,1
FINNIFTY23JUL2424200PE.NFO,2024-07-03,11:28:00,2024-07-23,199.9,199.9,199.9,199.9,0,0,1
FINNIFTY23JUL2424200PE.NFO,2024-07-03,11:29:00,2024-07-23,199.9,199.9,199.9,199.9,0,0,1
FINNIFTY23JUL2424200PE.NFO,2024-07-03,11:30:00,2024-07-23,199.9,199.9,199.9,199.9,0,0,1
FINNIFTY23JUL2424200PE.NFO,2024-07-03,11:31:00,2024-07-23,199.9,199.9,199.9,199.9,0,0,1
FINNIFTY23JUL2424200PE.NFO,2024-07-03,11:32:00,2024-07-23,199.9,199.9,199.9,199.9,0,0,1
FINNIFTY23JUL2424200PE.NFO,2024-07-03,11:33:00,2024-07-23,199.9,199.9,199.9,199.9,0,0,1
FINNIFTY23JUL2424200PE.NFO,2024-07-03,11:34:00,2024-07-23,199.9,199.9,199.9,199.9,0,0,1
FINNIFTY23JUL2424200PE.NFO,2024-07-03,11:35:00,2024-07-23,199.9,199.9,199.9,199.9,0,0,1
FINNIFTY23JUL2424200PE.NFO,2024-07-03,11:36:00,2024-07-23,199.9,199.9,199.9,199.9,0,0,1
FINNIFTY23JUL2424200PE.NFO,2024-07-03,11:37:00,2024-07-23,199.9,199.9,199.9,199.9,0,0,1
FINNIFTY23JUL2424200PE.NFO,2024-07-03,11:38:00,2024-07-23,199.9,199.9,199.9,199.9,0,0,1
FINNIFTY23JUL2424200PE.NFO,2024-07-03,11:39:00,2024-07-23,199.9,199.9,199.9,199.9,0,0,1
FINNIFTY23JUL2424200PE.NFO,2024-07-03,11:40:00,2024-07-23,199.9,199.9,199.9,199.9,0,0,1
FINNIFTY23JUL2424200PE.NFO,2024-07-03,11:41:00,2024-07-23,199.9,199.9,199.9,199.9,0,0,1
FINNIFTY23JUL2424200PE.NFO,2024-07-03,11:42:00,2024-07-23,199.9,199.9,199.9,199.9,0,0,1
FINNIFTY23JUL2424200PE.NFO,2024-07-03,11:43:00,2024-07-23,199.9,199.9,199.9,199.9,0,0,1
FINNIFTY23JUL2424200PE.NFO,2024-07-03,11:44:00,2024-07-23,199.9,199.9,199.9,199.9,0,0,1
FINNIFTY23JUL2424200PE.NFO,2024-07-03,11:45:00,2024-07-23,199.9,199.9,199.9,199.9,0,0,1
FINNIFTY23JUL2424200PE.NFO,2024-07-03,11:46:00,2024-07-23,199.9,199.9,199.9,199.9,0,0,1
FINNIFTY23JUL2424200PE.NFO,2024-07-03,11:47:00,2024-07-23,199.9,199.9,199.9,199.9,0,0,1
FINNIFTY23JUL2424200PE.NFO,2024-07-03,11:48:00,2024-07-23,199.9,199.9,199.9,199.9,0,0,1
FINNIFTY23JUL2424200PE.NFO,2024-07-03,11:49:00,2024-07-23,199.9,199.9,199.9,199.9,0,0,1
FINNIFTY23JUL2424200PE.NFO,2024-07-03,11:50:00,2024-07-23,199.9,199.9,199.9,199.9,0,0,1
FINNIFTY23JUL2424200PE.NFO,2024-07-03,11:51:00,2024-07-23,199.9,199.9,199.9,199.9,0,0,1
FINNIFTY23JUL2424200PE.NFO,2024-07-03,11:52:00,2024-07-23,199.9,199.9,199.9,199.9,0,0,1
FINNIFTY23JUL2424200PE.NFO,2024-07-03,11:53:00,2024-07-23,199.9,199.9,199.9,199.9,0,0,1
FINNIFTY23JUL2424200PE.NFO,2024-07-03,11:54:00,2024-07-23,199.9,199.9,199.9,199.9,0,0,1
FINNIFTY23JUL2424200PE.NFO,2024-07-03,11:55:00,2024-07-23,199.9,199.9,199.9,199.9,0,0,1
FINNIFTY23JUL2424200PE.NFO,2024-07-03,11:56:00,2024-07-23,199.9,199.9,199.9,199.9,0,0,1
FINNIFTY23JUL2424200PE.NFO,2024-07-03,11:57:00,2024-07-23,199.9,199.9,199.9,199.9,0,0,1
FINNIFTY23JUL2424200PE.NFO,2024-07-03,11:58:00,2024-07-23,199.9,199.9,199.9,199.9,0,0,1
FINNIFTY23JUL2424200PE.NFO,2024-07-03,11:59:00,2024-07-23,199.9,199.9,199.9,199.9,0,0,1
FINNIFTY23JUL2424200PE.NFO,2024-07-03,12:00:00,2024-07-23,199.9,199.9,199.9,199.9,0,0,1
FINNIFTY23JUL2424200PE.NFO,2024-07-03,12:01:00,2024-07-23,199.9,199.9,199.9,199.9,0,0,1
FINNIFTY23JUL2424200PE.NFO,2024-07-03,12:02:00,2024-07-23,199.9,199.9,199.9,199.9,0,0,1
FINNIFTY23JUL2424200PE.NFO,2024-07-03,12:03:00,2024-07-23,199.9,199.9,199.9,199.9,0,0,1
FINNIFTY23JUL2424200PE.NFO,2024-07-03,12:04:00,2024-07-23,199.9,199.9,199.9,199.9,0,0,1
FINNIFTY23JUL2424200PE.NFO,2024-07-03,12:05:00,2024-07-23,199.9,199.9,199.9,199.9,0,0,1
FINNIFTY23JUL2424200PE.NFO,2024-07-03,12:06:00,2024-07-23,199.9,199.9,199.9,199.9,0,0,1
FINNIFTY23JUL2424200PE.NFO,2024-07-03,12:07:00,2024-07-23,199.9,199.9,199.9,199.9,0,0,1
FINNIFTY23JUL2424200PE.NFO,2024-07-03,12:08:00,2024-07-23,199.9,199.9,199.9,199.9,0,0,1
FINNIFTY23JUL2424200PE.NFO,2024-07-03,12:09:00,2024-07-23,199.9,199.9,199.9,199.9,0,0,1
FINNIFTY23JUL2424200PE.NFO,2024-07-03,12:10:00,2024-07-23,199.9,199.9,199.9,199.9,0,0,1
FINNIFTY23JUL2424200PE.NFO,2024-07-03,12:11:00,2024-07-23,199.9,199.9,199.9,199.9,0,0,1
FINNIFTY23JUL2424200PE.NFO,2024-07-03,12:12:00,2024-07-23,199.9,199.9,199.9,199.9,0,0,1
FINNIFTY23JUL2424200PE.NFO,2024-07-03,12:13:00,2024-07-23,199.9,199.9,199.9,199.9,0,0,1
FINNIFTY23JUL2424200PE.NFO,2024-07-03,12:14:00,2024-07-23,199.9,199.9,199.9,199.9,0,0,1
FINNIFTY23JUL2424200PE.NFO,2024-07-03,12:15:00,2024-07-23,199.9,199.9,199.9,199.9,0,0,1
FINNIFTY23JUL2424200PE.NFO,2024-07-03,12:16:00,2024-07-23,199.9,199.9,199.9,199.9,0,0,1
FINNIFTY23JUL2424200PE.NFO,2024-07-03,12:17:00,2024-07-23,199.9,199.9,199.9,199.9,0,0,1
FINNIFTY23JUL2424200PE.NFO,2024-07-03,12:18:00,2024-07-23,199.9,199.9,199.9,199.9,0,0,1
FINNIFTY23JUL2424200PE.NFO,2024-07-03,12:19:00,2024-07-23,199.9,199.9,199.9,199.9,0,0,1
FINNIFTY23JUL2424200PE.NFO,2024-07-03,12:20:00,2024-07-23,199.9,199.9,199.9,199.9,0,0,1
FINNIFTY23JUL2424200PE.NFO,2024-07-03,12:21:00,2024-07-23,199.9,199.9,199.9,199.9,0,0,1
FINNIFTY23JUL2424200PE.NFO,2024-07-03,12:22:00,2024-07-23,199.9,199.9,199.9,199.9,0,0,1
FINNIFTY23JUL2424200PE.NFO,2024-07-03,12:23:00,2024-07-23,199.9,199.9,199.9,199.9,0,0,1
FINNIFTY23JUL2424200PE.NFO,2024-07-03,12:24:00,2024-07-23,199.9,199.9,199.9,199.9,0,0,1
FINNIFTY23JUL2424200PE.NFO,2024-07-03,12:25:00,2024-07-23,199.9,199.9,199.9,199.9,0,0,1
FINNIFTY23JUL2424200PE.NFO,2024-07-03,12:26:00,2024-07-23,199.9,199.9,199.9,199.9,0,0,1
FINNIFTY23JUL2424200PE.NFO,2024-07-03,12:27:00,2024-07-23,199.9,199.9,199.9,199.9,0,0,1
FINNIFTY23JUL2424200PE.NFO,2024-07-03,12:28:00,2024-07-23,199.9,199.9,199.9,199.9,0,0,1
FINNIFTY23JUL2424200PE.NFO,2024-07-03,12:29:00,2024-07-23,199.9,199.9,199.9,199.9,0,0,1
FINNIFTY23JUL2424200PE.NFO,2024-07-03,12:30:00,2024-07-23,199.9,199.9,199.9,199.9,0,0,1
FINNIFTY23JUL2424200PE.NFO,2024-07-03,12:31:00,2024-07-23,199.9,199.9,199.9,199.9,0,0,1
FINNIFTY23JUL2424200PE.NFO,2024-07-03,12:32:00,2024-07-23,199.9,199.9,199.9,199.9,0,0,1
FINNIFTY23JUL2424200PE.NFO,2024-07-03,12:33:00,2024-07-23,199.9,199.9,199.9,199.9,0,0,1
FINNIFTY23JUL2424200PE.NFO,2024-07-03,12:34:00,2024-07-23,199.9,199.9,199.9,199.9,0,0,1
FINNIFTY23JUL2424200PE.NFO,2024-07-03,12:35:00,2024-07-23,199.9,199.9,199.9,199.9,0,0,1
FINNIFTY23JUL2424200PE.NFO,2024-07-03,12:36:00,2024-07-23,199.9,199.9,199.9,199.9,0,0,1
FINNIFTY23JUL2424200PE.NFO,2024-07-03,12:37:00,2024-07-23,199.9,199.9,199.9,199.9,0,0,1
FINNIFTY23JUL2424200PE.NFO,2024-07-03,12:38:00,2024-07-23,199.9,199.9,199.9,199.9,0,0,1
FINNIFTY23JUL2424200PE.NFO,2024-07-03,12:39:00,2024-07-23,199.9,199.9,199.9,199.9,0,0,1
FINNIFTY23JUL2424200PE.NFO,2024-07-03,12:40:00,2024-07-23,199.9,199.9,199.9,199.9,0,0,1
FINNIFTY23JUL2424200PE.NFO,2024-07-03,12:41:00,2024-07-23,199.9,199.9,199.9,199.9,0,0,1
FINNIFTY23JUL2424200PE.NFO,2024-07-03,12:42:00,2024-07-23,199.9,199.9,199.9,199.9,0,0,1
FINNIFTY23JUL2424200PE.NFO,2024-07-03,12:43:00,2024-07-23,199.9,199.9,199.9,199.9,0,0,1
FINNIFTY23JUL2424200PE.NFO,2024-07-03,12:44:00,2024-07-23,199.9,199.9,199.9,199.9,0,0,1
FINNIFTY23JUL2424200PE.NFO,2024-07-03,12:45:00,2024-07-23,199.9,199.9,199.9,199.9,0,0,1
FINNIFTY23JUL2424200PE.NFO,2024-07-03,12:46:00,2024-07-23,199.9,199.9,199.9,199.9,0,0,1
FINNIFTY23JUL2424200PE.NFO,2024-07-03,12:47:00,2024-07-23,199.9,199.9,199.9,199.9,0,0,1
FINNIFTY23JUL2424200PE.NFO,2024-07-03,12:48:00,2024-07-23,199.9,199.9,199.9,199.9,0,0,1
FINNIFTY23JUL2424200PE.NFO,2024-07-03,12:49:00,2024-07-23,199.9,199.9,199.9,199.9,0,0,1
FINNIFTY23JUL2424200PE.NFO,2024-07-03,12:50:00,2024-07-23,199.9,199.9,199.9,199.9,0,0,1
FINNIFTY23JUL2424200PE.NFO,2024-07-03,12:51:00,2024-07-23,199.9,199.9,199.9,199.9,0,0,1
FINNIFTY23JUL2424200PE.NFO,2024-07-03,12:52:00,2024-07-23,199.9,199.9,199.9,199.9,0,0,1
FINNIFTY23JUL2424200PE.NFO,2024-07-03,12:53:00,2024-07-23,199.9,199.9,199.9,199.9,0,0,1
FINNIFTY23JUL2424200PE.NFO,2024-07-03,12:54:00,2024-07-23,199.9,199.9,199.9,199.9,0,0,1
FINNIFTY23JUL2424200PE.NFO,2024-07-03,12:55:00,2024-07-23,199.9,199.9,199.9,199.9,0,0,1
FINNIFTY23JUL2424200PE.NFO,2024-07-03,12:56:00,2024-07-23,199.9,199.9,199.9,199.9,0,0,1
FINNIFTY23JUL2424200PE.NFO,2024-07-03,12:57:00,2024-07-23,199.9,199.9,199.9,199.9,0,0,1
FINNIFTY23JUL2424200PE.NFO,2024-07-03,12:58:00,2024-07-23,199.9,199.9,199.9,199.9,0,0,1
FINNIFTY23JUL2424200PE.NFO,2024-07-03,12:59:00,2024-07-23,199.9,199.9,199.9,199.9,0,0,1
FINNIFTY23JUL2424200PE.NFO,2024-07-03,13:00:00,2024-07-23,199.9,199.9,199.9,199.9,0,0,1
FINNIFTY23JUL2424200PE.NFO,2024-07-03,13:01:00,2024-07-23,199.9,199.9,199.9,199.9,0,0,1
FINNIFTY23JUL2424200PE.NFO,2024-07-03,13:02:00,2024-07-23,199.9,199.9,199.9,199.9,0,0,1
FINNIFTY23JUL2424200PE.NFO,2024-07-03,13:03:00,2024-07-23,199.9,199.9,199.9,199.9,0,0,1
FINNIFTY23JUL2424200PE.NFO,2024-07-03,13:04:00,2024-07-23,199.9,199.9,199.9,199.9,0,0,1
FINNIFTY23JUL2424200PE.NFO,2024-07-03,13:05:00,2024-07-23,199.9,199.9,199.9,199.9,0,0,1
FINNIFTY23JUL2424200PE.NFO,2024-07-03,13:06:00,2024-07-23,199.9,199.9,199.9,199.9,0,0,1
FINNIFTY23JUL2424200PE.NFO,2024-07-03,13:07:00,2024-07-23,199.9,199.9,199.9,199.9,0,0,1
FINNIFTY23JUL2424200PE.NFO,2024-07-03,13:08:00,2024-07-23,199.9,199.9,199.9,199.9,0,0,1
FINNIFTY23JUL2424200PE.NFO,2024-07-03,13:09:00,2024-07-23,199.9,199.9,199.9,199.9,0,0,1
FINNIFTY23JUL2424200PE.NFO,2024-07-03,13:10:00,2024-07-23,199.9,199.9,199.9,199.9,0,0,1
FINNIFTY23JUL2424200PE.NFO,2024-07-03,13:11:00,2024-07-23,199.9,199.9,199.9,199.9,0,0,1
FINNIFTY23JUL2424200PE.NFO,2024-07-03,13:12:00,2024-07-23,199.9,199.9,199.9,199.9,0,0,1
FINNIFTY23JUL2424200PE.NFO,2024-07-03,13:13:00,2024-07-23,199.9,199.9,199.9,199.9,0,0,1
FINNIFTY23JUL2424200PE.NFO,2024-07-03,13:14:00,2024-07-23,199.9,199.9,199.9,199.9,0,0,1
FINNIFTY23JUL2424200PE.NFO,2024-07-03,13:15:00,2024-07-23,199.9,199.9,199.9,199.9,0,0,1
FINNIFTY23JUL2424200PE.NFO,2024-07-03,13:16:00,2024-07-23,199.9,199.9,199.9,199.9,0,0,1
FINNIFTY23JUL2424200PE.NFO,2024-07-03,13:17:00,2024-07-23,199.9,199.9,199.9,199.9,0,0,1
FINNIFTY23JUL2424200PE.NFO,2024-07-03,13:18:00,2024-07-23,199.9,199.9,199.9,199.9,0,0,1
FINNIFTY23JUL2424200PE.NFO,2024-07-03,13:19:00,2024-07-23,199.9,199.9,199.9,199.9,0,0,1
FINNIFTY23JUL2424200PE.NFO,2024-07-03,13:20:00,2024-07-23,199.9,199.9,199.9,199.9,0,0,1
FINNIFTY23JUL2424200PE.NFO,2024-07-03,13:21:00,2024-07-23,199.9,199.9,199.9,199.9,0,0,1
FINNIFTY23JUL2424200PE.NFO,2024-07-03,13:22:00,2024-07-23,199.9,199.9,199.9,199.9,0,0,1
FINNIFTY23JUL2424200PE.NFO,2024-07-03,13:23:00,2024-07-23,199.9,199.9,199.9,199.9,0,0,1
FINNIFTY23JUL2424200PE.NFO,2024-07-03,13:24:00,2024-07-23,199.9,199.9,199.9,199.9,0,0,1
FINNIFTY23JUL2424200PE.NFO,2024-07-03,13:25:00,2024-07-23,199.9,199.9,199.9,199.9,0,0,1
FINNIFTY23JUL2424200PE.NFO,2024-07-03,13:26:00,2024-07-23,199.9,199.9,199.9,199.9,0,0,1
FINNIFTY23JUL2424200PE.NFO,2024-07-03,13:27:00,2024-07-23,199.9,199.9,199.9,199.9,0,0,1
FINNIFTY23JUL2424200PE.NFO,2024-07-03,13:28:00,2024-07-23,199.9,199.9,199.9,199.9,0,0,1
FINNIFTY23JUL2424200PE.NFO,2024-07-03,13:29:00,2024-07-23,199.9,199.9,199.9,199.9,0,0,1
FINNIFTY23JUL2424200PE.NFO,2024-07-03,13:30:00,2024-07-23,199.9,199.9,199.9,199.9,0,0,1
FINNIFTY23JUL2424200PE.NFO,2024-07-03,13:31:00,2024-07-23,199.9,199.9,199.9,199.9,0,0,1
FINNIFTY23JUL2424200PE.NFO,2024-07-03,13:32:00,2024-07-23,199.9,199.9,199.9,199.9,0,0,1
FINNIFTY23JUL2424200PE.NFO,2024-07-03,13:33:00,2024-07-23,199.9,199.9,199.9,199.9,0,0,1
FINNIFTY23JUL2424200PE.NFO,2024-07-03,13:34:00,2024-07-23,199.9,199.9,199.9,199.9,0,0,1
FINNIFTY23JUL2424200PE.NFO,2024-07-03,13:35:00,2024-07-23,199.9,199.9,199.9,199.9,0,0,1
FINNIFTY23JUL2424200PE.NFO,2024-07-03,13:36:00,2024-07-23,199.9,199.9,199.9,199.9,0,0,1
FINNIFTY23JUL2424200PE.NFO,2024-07-03,13:37:00,2024-07-23,199.9,199.9,199.9,199.9,0,0,1
FINNIFTY23JUL2424200PE.NFO,2024-07-03,13:38:00,2024-07-23,199.9,199.9,199.9,199.9,0,0,1
FINNIFTY23JUL2424200PE.NFO,2024-07-03,13:39:00,2024-07-23,199.9,199.9,199.9,199.9,0,0,1
FINNIFTY23JUL2424200PE.NFO,2024-07-03,13:40:00,2024-07-23,199.9,199.9,199.9,199.9,0,0,1
FINNIFTY23JUL2424200PE.NFO,2024-07-03,13:41:00,2024-07-23,199.9,199.9,199.9,199.9,0,0,1
FINNIFTY23JUL2424200PE.NFO,2024-07-03,13:42:00,2024-07-23,199.9,199.9,199.9,199.9,0,0,1
FINNIFTY23JUL2424200PE.NFO,2024-07-03,13:43:00,2024-07-23,199.9,199.9,199.9,199.9,0,0,1
FINNIFTY23JUL2424200PE.NFO,2024-07-03,13:44:00,2024-07-23,199.9,199.9,199.9,199.9,0,0,1
FINNIFTY23JUL2424200PE.NFO,2024-07-03,13:45:00,2024-07-23,199.9,199.9,199.9,199.9,0,0,1
FINNIFTY23JUL2424200PE.NFO,2024-07-03,13:46:00,2024-07-23,199.9,199.9,199.9,199.9,0,0,1
FINNIFTY23JUL2424200PE.NFO,2024-07-03,13:47:00,2024-07-23,199.9,199.9,199.9,199.9,0,0,1
FINNIFTY23JUL2424200PE.NFO,2024-07-03,13:48:00,2024-07-23,199.9,199.9,199.9,199.9,0,0,1
FINNIFTY23JUL2424200PE.NFO,2024-07-03,13:49:00,2024-07-23,199.9,199.9,199.9,199.9,0,0,1
FINNIFTY23JUL2424200PE.NFO,2024-07-03,13:50:00,2024-07-23,199.9,199.9,199.9,199.9,0,0,1
FINNIFTY23JUL2424200PE.NFO,2024-07-03,13:51:00,2024-07-23,199.9,199.9,199.9,199.9,0,0,1
FINNIFTY23JUL2424200PE.NFO,2024-07-03,13:52:00,2024-07-23,199.9,199.9,199.9,199.9,0,0,1
FINNIFTY23JUL2424200PE.NFO,2024-07-03,13:53:00,2024-07-23,199.9,199.9,199.9,199.9,0,0,1
FINNIFTY23JUL2424200PE.NFO,2024-07-03,13:54:00,2024-07-23,199.9,199.9,199.9,199.9,0,0,1
FINNIFTY23JUL2424200PE.NFO,2024-07-03,13:55:00,2024-07-23,199.9,199.9,199.9,199.9,0,0,1
FINNIFTY23JUL2424200PE.NFO,2024-07-03,13:56:00,2024-07-23,199.9,199.9,199.9,199.9,0,0,1
FINNIFTY23JUL2424200PE.NFO,2024-07-03,13:57:00,2024-07-23,199.9,199.9,199.9,199.9,0,0,1
FINNIFTY23JUL2424200PE.NFO,2024-07-03,13:58:00,2024-07-23,199.9,199.9,199.9,199.9,0,0,1
FINNIFTY23JUL2424200PE.NFO,2024-07-03,13:59:00,2024-07-23,199.9,199.9,199.9,199.9,0,0,1
FINNIFTY23JUL2424200PE.NFO,2024-07-03,14:00:00,2024-07-23,199.9,199.9,199.9,199.9,0,0,1
FINNIFTY23JUL2424200PE.NFO,2024-07-03,14:01:00,2024-07-23,199.9,199.9,199.9,199.9,0,0,1
FINNIFTY23JUL2424200PE.NFO,2024-07-03,14:02:00,2024-07-23,199.9,199.9,199.9,199.9,0,0,1
FINNIFTY23JUL2424200PE.NFO,2024-07-03,14:03:00,2024-07-23,199.9,199.9,199.9,199.9,0,0,1
FINNIFTY23JUL2424200PE.NFO,2024-07-03,14:04:00,2024-07-23,199.9,199.9,199.9,199.9,0,0,1
FINNIFTY23JUL2424200PE.NFO,2024-07-03,14:05:00,2024-07-23,199.9,199.9,199.9,199.9,0,0,1
FINNIFTY23JUL2424200PE.NFO,2024-07-03,14:06:00,2024-07-23,199.9,199.9,199.9,199.9,0,0,1
FINNIFTY23JUL2424200PE.NFO,2024-07-03,14:07:00,2024-07-23,199.9,199.9,199.9,199.9,0,0,1
FINNIFTY23JUL2424200PE.NFO,2024-07-03,14:08:00,2024-07-23,199.9,199.9,199.9,199.9,0,0,1
FINNIFTY23JUL2424200PE.NFO,2024-07-03,14:09:00,2024-07-23,199.9,199.9,199.9,199.9,0,0,1
FINNIFTY23JUL2424200PE.NFO,2024-07-03,14:10:00,2024-07-23,199.9,199.9,199.9,199.9,0,0,1
FINNIFTY23JUL2424200PE.NFO,2024-07-03,14:11:00,2024-07-23,199.9,199.9,199.9,199.9,0,0,1
FINNIFTY23JUL2424200PE.NFO,2024-07-03,14:12:00,2024-07-23,199.9,199.9,199.9,199.9,0,0,1
FINNIFTY23JUL2424200PE.NFO,2024-07-03,14:13:00,2024-07-23,199.9,199.9,199.9,199.9,0,0,1
FINNIFTY23JUL2424200PE.NFO,2024-07-03,14:14:00,2024-07-23,199.9,199.9,199.9,199.9,0,0,1
FINNIFTY23JUL2424200PE.NFO,2024-07-03,14:15:00,2024-07-23,199.9,199.9,199.9,199.9,0,0,1
FINNIFTY23JUL2424200PE.NFO,2024-07-03,14:16:00,2024-07-23,199.9,199.9,199.9,199.9,0,0,1
FINNIFTY23JUL2424200PE.NFO,2024-07-03,14:17:00,2024-07-23,199.9,199.9,199.9,199.9,0,0,1
FINNIFTY23JUL2424200PE.NFO,2024-07-03,14:18:00,2024-07-23,199.9,199.9,199.9,199.9,0,0,1
FINNIFTY23JUL2424200PE.NFO,2024-07-03,14:19:00,2024-07-23,199.9,199.9,199.9,199.9,0,0,1
FINNIFTY23JUL2424200PE.NFO,2024-07-03,14:20:00,2024-07-23,199.9,199.9,199.9,199.9,0,0,1
FINNIFTY23JUL2424200PE.NFO,2024-07-03,14:21:00,2024-07-23,199.9,199.9,199.9,199.9,0,0,1
FINNIFTY23JUL2424200PE.NFO,2024-07-03,14:22:00,2024-07-23,199.9,199.9,199.9,199.9,0,0,1
FINNIFTY23JUL2424200PE.NFO,2024-07-03,14:23:00,2024-07-23,199.9,199.9,199.9,199.9,0,0,1
FINNIFTY23JUL2424200PE.NFO,2024-07-03,14:24:00,2024-07-23,199.9,199.9,199.9,199.9,0,0,1
FINNIFTY23JUL2424200PE.NFO,2024-07-03,14:25:00,2024-07-23,199.9,199.9,199.9,199.9,0,0,1
FINNIFTY23JUL2424200PE.NFO,2024-07-03,14:26:00,2024-07-23,199.9,199.9,199.9,199.9,0,0,1
FINNIFTY23JUL2424200PE.NFO,2024-07-03,14:27:00,2024-07-23,199.9,199.9,199.9,199.9,0,0,1
FINNIFTY23JUL2424200PE.NFO,2024-07-03,14:28:00,2024-07-23,199.9,199.9,199.9,199.9,0,0,1
FINNIFTY23JUL2424200PE.NFO,2024-07-03,14:29:00,2024-07-23,199.9,199.9,199.9,199.9,0,0,1
FINNIFTY23JUL2424200PE.NFO,2024-07-03,14:30:00,2024-07-23,199.9,199.9,199.9,199.9,0,0,1
FINNIFTY23JUL2424200PE.NFO,2024-07-03,14:31:00,2024-07-23,199.9,199.9,199.9,199.9,0,0,1
FINNIFTY23JUL2424200PE.NFO,2024-07-03,14:32:00,2024-07-23,199.9,199.9,199.9,199.9,0,0,1
FINNIFTY23JUL2424200PE.NFO,2024-07-03,14:33:00,2024-07-23,199.9,199.9,199.9,199.9,0,0,1
FINNIFTY23JUL2424200PE.NFO,2024-07-03,14:34:00,2024-07-23,199.9,199.9,199.9,199.9,0,0,1
FINNIFTY23JUL2424200PE.NFO,2024-07-03,14:35:00,2024-07-23,199.9,199.9,199.9,199.9,0,0,1
FINNIFTY23JUL2424200PE.NFO,2024-07-03,14:36:00,2024-07-23,199.9,199.9,199.9,199.9,0,0,1
FINNIFTY23JUL2424200PE.NFO,2024-07-03,14:37:00,2024-07-23,199.9,199.9,199.9,199.9,0,0,1
FINNIFTY23JUL2424200PE.NFO,2024-07-03,14:38:00,2024-07-23,199.9,199.9,199.9,199.9,0,0,1
FINNIFTY23JUL2424200PE.NFO,2024-07-03,14:39:00,2024-07-23,199.9,199.9,199.9,199.9,0,0,1
FINNIFTY23JUL2424200PE.NFO,2024-07-03,14:40:00,2024-07-23,199.9,199.9,199.9,199.9,0,0,1
FINNIFTY23JUL2424200PE.NFO,2024-07-03,14:41:00,2024-07-23,199.9,199.9,199.9,199.9,0,0,1
FINNIFTY23JUL2424200PE.NFO,2024-07-03,14:42:00,2024-07-23,199.9,199.9,199.9,199.9,0,0,1
FINNIFTY23JUL2424200PE.NFO,2024-07-03,14:43:00,2024-07-23,199.9,199.9,199.9,199.9,0,0,1
FINNIFTY23JUL2424200PE.NFO,2024-07-03,14:44:00,2024-07-23,199.9,199.9,199.9,199.9,0,0,1
FINNIFTY23JUL2424200PE.NFO,2024-07-03,14:45:00,2024-07-23,199.9,199.9,199.9,199.9,0,0,1
FINNIFTY23JUL2424200PE.NFO,2024-07-03,14:46:00,2024-07-23,199.9,199.9,199.9,199.9,0,0,1
FINNIFTY23JUL2424200PE.NFO,2024-07-03,14:47:00,2024-07-23,199.9,199.9,199.9,199.9,0,0,1
FINNIFTY23JUL2424200PE.NFO,2024-07-03,14:48:00,2024-07-23,199.9,199.9,199.9,199.9,0,0,1
FINNIFTY23JUL2424200PE.NFO,2024-07-03,14:49:00,2024-07-23,199.9,199.9,199.9,199.9,0,0,1
FINNIFTY23JUL2424200PE.NFO,2024-07-03,14:50:00,2024-07-23,199.9,199.9,199.9,199.9,0,0,1
FINNIFTY23JUL2424200PE.NFO,2024-07-03,14:51:00,2024-07-23,199.9,199.9,199.9,199.9,0,0,1
FINNIFTY23JUL2424200PE.NFO,2024-07-03,14:52:00,2024-07-23,199.9,199.9,199.9,199.9,0,0,1
FINNIFTY23JUL2424200PE.NFO,2024-07-03,14:53:00,2024-07-23,199.9,199.9,199.9,199.9,0,0,1
FINNIFTY23JUL2424200PE.NFO,2024-07-03,14:54:00,2024-07-23,199.9,199.9,199.9,199.9,0,0,1
FINNIFTY23JUL2424200PE.NFO,2024-07-03,14:55:00,2024-07-23,199.9,199.9,199.9,199.9,0,0,1
FINNIFTY23JUL2424200PE.NFO,2024-07-03,14:56:00,2024-07-23,199.9,199.9,199.9,199.9,0,0,1
FINNIFTY23JUL2424200PE.NFO,2024-07-03,14:57:00,2024-07-23,199.9,199.9,199.9,199.9,0,0,1
FINNIFTY23JUL2424200PE.NFO,2024-07-03,14:58:00,2024-07-23,199.9,199.9,199.9,199.9,0,0,1
FINNIFTY23JUL2424200PE.NFO,2024-07-03,14:59:00,2024-07-23,199.9,199.9,199.9,199.9,0,0,1
FINNIFTY23JUL2424200PE.NFO,2024-07-03,15:00:00,2024-07-23,199.9,199.9,199.9,199.9,0,0,1
FINNIFTY23JUL2424200PE.NFO,2024-07-03,15:01:00,2024-07-23,199.9,199.9,199.9,199.9,0,0,1
FINNIFTY23JUL2424200PE.NFO,2024-07-03,15:02:00,2024-07-23,199.9,199.9,199.9,199.9,0,0,1
FINNIFTY23JUL2424200PE.NFO,2024-07-03,15:03:00,2024-07-23,199.9,199.9,199.9,199.9,0,0,1
FINNIFTY23JUL2424200PE.NFO,2024-07-03,15:04:00,2024-07-23,199.9,199.9,199.9,199.9,0,0,1
FINNIFTY23JUL2424200PE.NFO,2024-07-03,15:05:00,2024-07-23,199.9,199.9,199.9,199.9,0,0,1
FINNIFTY23JUL2424200PE.NFO,2024-07-03,15:06:00,2024-07-23,199.9,199.9,199.9,199.9,0,0,1
FINNIFTY23JUL2424200PE.NFO,2024-07-03,15:07:00,2024-07-23,199.9,199.9,199.9,199.9,0,0,1
FINNIFTY23JUL2424200PE.NFO,2024-07-03,15:08:00,2024-07-23,199.9,199.9,199.9,199.9,0,0,1
FINNIFTY23JUL2424200PE.NFO,2024-07-03,15:09:00,2024-07-23,199.9,199.9,199.9,199.9,0,0,1
FINNIFTY23JUL2424200PE.NFO,2024-07-03,15:10:00,2024-07-23,199.9,199.9,199.9,199.9,0,0,1
FINNIFTY23JUL2424200PE.NFO,2024-07-03,15:11:00,2024-07-23,199.9,199.9,199.9,199.9,0,0,1
FINNIFTY23JUL2424200PE.NFO,2024-07-03,15:12:00,2024-07-23,199.9,199.9,199.9,199.9,0,0,1
FINNIFTY23JUL2424200PE.NFO,2024-07-03,15:13:00,2024-07-23,199.9,199.9,199.9,199.9,0,0,1
FINNIFTY23JUL2424200PE.NFO,2024-07-03,15:14:00,2024-07-23,199.9,199.9,199.9,199.9,0,0,1
FINNIFTY23JUL2424200PE.NFO,2024-07-03,15:15:00,2024-07-23,199.9,199.9,199.9,199.9,0,0,1
FINNIFTY23JUL2424200PE.NFO,2024-07-03,15:16:00,2024-07-23,199.9,199.9,199.9,199.9,0,0,1
FINNIFTY23JUL2424200PE.NFO,2024-07-03,15:17:00,2024-07-23,199.9,199.9,199.9,199.9,0,0,1
FINNIFTY23JUL2424200PE.NFO,2024-07-03,15:18:00,2024-07-23,199.9,199.9,199.9,199.9,0,0,1
FINNIFTY23JUL2424200PE.NFO,2024-07-03,15:19:00,2024-07-23,199.9,199.9,199.9,199.9,0,0,1
FINNIFTY23JUL2424200PE.NFO,2024-07-03,15:20:00,2024-07-23,199.9,199.9,199.9,199.9,0,0,1
FINNIFTY23JUL2424200PE.NFO,2024-07-03,15:21:00,2024-07-23,199.9,199.9,199.9,199.9,0,0,1
FINNIFTY23JUL2424200PE.NFO,2024-07-03,15:22:00,2024-07-23,199.9,199.9,199.9,199.9,0,0,1
FINNIFTY23JUL2424200PE.NFO,2024-07-03,15:23:00,2024-07-23,199.9,199.9,199.9,199.9,0,0,1
FINNIFTY23JUL2424200PE.NFO,2024-07-03,15:24:00,2024-07-23,199.9,199.9,199.9,199.9,0,0,1
FINNIFTY23JUL2424200PE.NFO,2024-07-03,15:25:00,2024-07-23,199.9,199.9,199.9,199.9,0,0,1
FINNIFTY23JUL2424200PE.NFO,2024-07-03,15:26:00,2024-07-23,199.9,199.9,199.9,199.9,0,0,1
FINNIFTY23JUL2424200PE.NFO,2024-07-03,15:27:00,2024-07-23,199.9,199.9,199.9,199.9,0,0,1
FINNIFTY23JUL2424200PE.NFO,2024-07-03,15:28:00,2024-07-23,199.9,199.9,199.9,199.9,0,0,1
FINNIFTY23JUL2424200PE.NFO,2024-07-03,15:29:00,2024-07-23,199.9,199.9,199.9,199.9,0,0,1
FINNIFTY23JUL2424200PE.NFO,2024-07-03,15:30:00,2024-07-23,199.9,199.9,199.9,199.9,0,0,1
FINNIFTY23JUL2424200PE.NFO,2024-07-04,09:15:00,2024-07-23,199.9,199.9,199.9,199.9,0,0,0
FINNIFTY23JUL2424200PE.NFO,2024-07-04,09:16:00,2024-07-23,199.9,199.9,199.9,199.9,0,0,1
FINNIFTY23JUL2424200PE.NFO,2024-07-04,09:17:00,2024-07-23,199.9,199.9,199.9,199.9,0,0,1
FINNIFTY23JUL2424200PE.NFO,2024-07-04,09:18:00,2024-07-23,199.9,199.9,199.9,199.9,0,0,1
FINNIFTY23JUL2424200PE.NFO,2024-07-04,09:19:00,2024-07-23,199.9,199.9,199.9,199.9,0,0,1
FINNIFTY23JUL2424200PE.NFO,2024-07-04,09:20:00,2024-07-23,199.9,199.9,199.9,199.9,0,0,1
FINNIFTY23JUL2424200PE.NFO,2024-07-04,09:21:00,2024-07-23,199.9,199.9,199.9,199.9,0,0,1
FINNIFTY23JUL2424200PE.NFO,2024-07-04,09:22:00,2024-07-23,199.9,199.9,199.9,199.9,0,0,1
FINNIFTY23JUL2424200PE.NFO,2024-07-04,09:23:00,2024-07-23,199.9,199.9,199.9,199.9,0,0,1
FINNIFTY23JUL2424200PE.NFO,2024-07-04,09:24:00,2024-07-23,199.9,199.9,199.9,199.9,0,0,1
FINNIFTY23JUL2424200PE.NFO,2024-07-04,09:25:00,2024-07-23,199.9,199.9,199.9,199.9,0,0,1
FINNIFTY23JUL2424200PE.NFO,2024-07-04,09:26:00,2024-07-23,199.9,199.9,199.9,199.9,0,0,1
FINNIFTY23JUL2424200PE.NFO,2024-07-04,09:27:00,2024-07-23,199.9,199.9,199.9,199.9,0,0,1
FINNIFTY23JUL2424200PE.NFO,2024-07-04,09:28:00,2024-07-23,199.9,199.9,199.9,199.9,0,0,1
FINNIFTY23JUL2424200PE.NFO,2024-07-04,09:29:00,2024-07-23,199.9,199.9,199.9,199.9,0,0,1
FINNIFTY23JUL2424200PE.NFO,2024-07-04,09:30:00,2024-07-23,199.9,199.9,199.9,199.9,0,0,1
FINNIFTY23JUL2424200PE.NFO,2024-07-04,09:31:00,2024-07-23,199.9,199.9,199.9,199.9,0,0,1
FINNIFTY23JUL2424200PE.NFO,2024-07-04,09:32:00,2024-07-23,199.9,199.9,199.9,199.9,0,0,1
FINNIFTY23JUL2424200PE.NFO,2024-07-04,09:33:00,2024-07-23,199.9,199.9,199.9,199.9,0,0,1
FINNIFTY23JUL2424200PE.NFO,2024-07-04,09:34:00,2024-07-23,199.9,199.9,199.9,199.9,0,0,1
FINNIFTY23JUL2424200PE.NFO,2024-07-04,09:35:00,2024-07-23,199.9,199.9,199.9,199.9,0,0,1
FINNIFTY23JUL2424200PE.NFO,2024-07-04,09:36:00,2024-07-23,199.9,199.9,199.9,199.9,0,0,1
FINNIFTY23JUL2424200PE.NFO,2024-07-04,09:37:00,2024-07-23,199.9,199.9,199.9,199.9,0,0,1
FINNIFTY23JUL2424200PE.NFO,2024-07-04,09:38:00,2024-07-23,199.9,199.9,199.9,199.9,0,0,1
FINNIFTY23JUL2424200PE.NFO,2024-07-04,09:39:00,2024-07-23,199.9,199.9,199.9,199.9,0,0,1
FINNIFTY23JUL2424200PE.NFO,2024-07-04,09:40:00,2024-07-23,199.9,199.9,199.9,199.9,0,0,1
FINNIFTY23JUL2424200PE.NFO,2024-07-04,09:41:00,2024-07-23,199.9,199.9,199.9,199.9,0,0,1
FINNIFTY23JUL2424200PE.NFO,2024-07-04,09:42:00,2024-07-23,199.9,199.9,199.9,199.9,0,0,1
FINNIFTY23JUL2424200PE.NFO,2024-07-04,09:43:00,2024-07-23,199.9,199.9,199.9,199.9,0,0,1
FINNIFTY23JUL2424200PE.NFO,2024-07-04,09:44:00,2024-07-23,199.9,199.9,199.9,199.9,0,0,1
FINNIFTY23JUL2424200PE.NFO,2024-07-04,09:45:00,2024-07-23,199.9,199.9,199.9,199.9,0,0,1
FINNIFTY23JUL2424200PE.NFO,2024-07-04,09:46:00,2024-07-23,199.9,199.9,199.9,199.9,0,0,1
FINNIFTY23JUL2424200PE.NFO,2024-07-04,09:47:00,2024-07-23,199.9,199.9,199.9,199.9,0,0,1
FINNIFTY23JUL2424200PE.NFO,2024-07-04,09:48:00,2024-07-23,199.9,199.9,199.9,199.9,0,0,1
FINNIFTY23JUL2424200PE.NFO,2024-07-04,09:49:00,2024-07-23,199.9,199.9,199.9,199.9,0,0,1
FINNIFTY23JUL2424200PE.NFO,2024-07-04,09:50:00,2024-07-23,199.9,199.9,199.9,199.9,0,0,1
FINNIFTY23JUL2424200PE.NFO,2024-07-04,09:51:00,2024-07-23,199.9,199.9,199.9,199.9,0,0,1
FINNIFTY23JUL2424200PE.NFO,2024-07-04,09:52:00,2024-07-23,199.9,199.9,199.9,199.9,0,0,1
FINNIFTY23JUL2424200PE.NFO,2024-07-04,09:53:00,2024-07-23,199.9,199.9,199.9,199.9,0,0,1
FINNIFTY23JUL2424200PE.NFO,2024-07-04,09:54:00,2024-07-23,199.9,199.9,199.9,199.9,0,0,1
FINNIFTY23JUL2424200PE.NFO,2024-07-04,09:55:00,2024-07-23,199.9,199.9,199.9,199.9,0,0,1
FINNIFTY23JUL2424200PE.NFO,2024-07-04,09:56:00,2024-07-23,199.9,199.9,199.9,199.9,0,0,1
FINNIFTY23JUL2424200PE.NFO,2024-07-04,09:57:00,2024-07-23,199.9,199.9,199.9,199.9,0,0,1
FINNIFTY23JUL2424200PE.NFO,2024-07-04,09:58:00,2024-07-23,199.9,199.9,199.9,199.9,0,0,1
FINNIFTY23JUL2424200PE.NFO,2024-07-04,09:59:00,2024-07-23,199.9,199.9,199.9,199.9,0,0,1
FINNIFTY23JUL2424200PE.NFO,2024-07-04,10:00:00,2024-07-23,199.9,199.9,199.9,199.9,0,0,1
FINNIFTY23JUL2424200PE.NFO,2024-07-04,10:01:00,2024-07-23,199.9,199.9,199.9,199.9,0,0,1
FINNIFTY23JUL2424200PE.NFO,2024-07-04,10:02:00,2024-07-23,199.9,199.9,199.9,199.9,0,0,1
FINNIFTY23JUL2424200PE.NFO,2024-07-04,10:03:00,2024-07-23,199.9,199.9,199.9,199.9,0,0,1
FINNIFTY23JUL2424200PE.NFO,2024-07-04,10:04:00,2024-07-23,199.9,199.9,199.9,199.9,0,0,1
FINNIFTY23JUL2424200PE.NFO,2024-07-04,10:05:00,2024-07-23,199.9,199.9,199.9,199.9,0,0,1
FINNIFTY23JUL2424200PE.NFO,2024-07-04,10:06:00,2024-07-23,199.9,199.9,199.9,199.9,0,0,1
FINNIFTY23JUL2424200PE.NFO,2024-07-04,10:07:00,2024-07-23,199.9,199.9,199.9,199.9,0,0,1
FINNIFTY23JUL2424200PE.NFO,2024-07-04,10:08:00,2024-07-23,199.9,199.9,199.9,199.9,0,0,1
FINNIFTY23JUL2424200PE.NFO,2024-07-04,10:09:00,2024-07-23,199.9,199.9,199.9,199.9,0,0,1
FINNIFTY23JUL2424200PE.NFO,2024-07-04,10:10:00,2024-07-23,199.9,199.9,199.9,199.9,0,0,1
FINNIFTY23JUL2424200PE.NFO,2024-07-04,10:11:00,2024-07-23,199.9,199.9,199.9,199.9,0,0,1
FINNIFTY23JUL2424200PE.NFO,2024-07-04,10:12:00,2024-07-23,199.9,199.9,199.9,199.9,0,0,1
FINNIFTY23JUL2424200PE.NFO,2024-07-04,10:13:00,2024-07-23,199.9,199.9,199.9,199.9,0,0,1
FINNIFTY23JUL2424200PE.NFO,2024-07-04,10:14:00,2024-07-23,199.9,199.9,199.9,199.9,0,0,1
FINNIFTY23JUL2424200PE.NFO,2024-07-04,10:15:00,2024-07-23,199.9,199.9,199.9,199.9,0,0,1
FINNIFTY23JUL2424200PE.NFO,2024-07-04,10:16:00,2024-07-23,199.9,199.9,199.9,199.9,0,0,1
FINNIFTY23JUL2424200PE.NFO,2024-07-04,10:17:00,2024-07-23,199.9,199.9,199.9,199.9,0,0,1
FINNIFTY23JUL2424200PE.NFO,2024-07-04,10:18:00,2024-07-23,199.9,199.9,199.9,199.9,0,0,1
FINNIFTY23JUL2424200PE.NFO,2024-07-04,10:19:00,2024-07-23,199.9,199.9,199.9,199.9,0,0,1
FINNIFTY23JUL2424200PE.NFO,2024-07-04,10:20:00,2024-07-23,199.9,199.9,199.9,199.9,0,0,1
FINNIFTY23JUL2424200PE.NFO,2024-07-04,10:21:00,2024-07-23,199.9,199.9,199.9,199.9,0,0,1
FINNIFTY23JUL2424200PE.NFO,2024-07-04,10:22:00,2024-07-23,199.9,199.9,199.9,199.9,0,0,1
FINNIFTY23JUL2424200PE.NFO,2024-07-04,10:23:00,2024-07-23,199.9,199.9,199.9,199.9,0,0,1
FINNIFTY23JUL2424200PE.NFO,2024-07-04,10:24:00,2024-07-23,199.9,199.9,199.9,199.9,0,0,1
FINNIFTY23JUL2424200PE.NFO,2024-07-04,10:25:00,2024-07-23,199.9,199.9,199.9,199.9,0,0,1
FINNIFTY23JUL2424200PE.NFO,2024-07-04,10:26:00,2024-07-23,199.9,199.9,199.9,199.9,0,0,1
FINNIFTY23JUL2424200PE.NFO,2024-07-04,10:27:00,2024-07-23,199.9,199.9,199.9,199.9,0,0,1
FINNIFTY23JUL2424200PE.NFO,2024-07-04,10:28:00,2024-07-23,199.9,199.9,199.9,199.9,0,0,1
FINNIFTY23JUL2424200PE.NFO,2024-07-04,10:29:00,2024-07-23,199.9,199.9,199.9,199.9,0,0,1
FINNIFTY23JUL2424200PE.NFO,2024-07-04,10:30:00,2024-07-23,199.9,199.9,199.9,199.9,0,0,1
FINNIFTY23JUL2424200PE.NFO,2024-07-04,10:31:00,2024-07-23,199.9,199.9,199.9,199.9,0,0,1
FINNIFTY23JUL2424200PE.NFO,2024-07-04,10:32:00,2024-07-23,199.9,199.9,199.9,199.9,0,0,1
FINNIFTY23JUL2424200PE.NFO,2024-07-04,10:33:00,2024-07-23,199.9,199.9,199.9,199.9,0,0,1
FINNIFTY23JUL2424200PE.NFO,2024-07-04,10:34:00,2024-07-23,199.9,199.9,199.9,199.9,0,0,1
FINNIFTY23JUL2424200PE.NFO,2024-07-04,10:35:00,2024-07-23,199.9,199.9,199.9,199.9,0,0,1
FINNIFTY23JUL2424200PE.NFO,2024-07-04,10:36:00,2024-07-23,199.9,199.9,199.9,199.9,0,0,1
FINNIFTY23JUL2424200PE.NFO,2024-07-04,10:37:00,2024-07-23,199.9,199.9,199.9,199.9,0,0,1
FINNIFTY23JUL2424200PE.NFO,2024-07-04,10:38:00,2024-07-23,199.9,199.9,199.9,199.9,0,0,1
FINNIFTY23JUL2424200PE.NFO,2024-07-04,10:39:00,2024-07-23,199.9,199.9,199.9,199.9,0,0,1
FINNIFTY23JUL2424200PE.NFO,2024-07-04,10:40:00,2024-07-23,199.9,199.9,199.9,199.9,0,0,1
FINNIFTY23JUL2424200PE.NFO,2024-07-04,10:41:00,2024-07-23,199.9,199.9,199.9,199.9,0,0,1
FINNIFTY23JUL2424200PE.NFO,2024-07-04,10:42:00,2024-07-23,199.9,199.9,199.9,199.9,0,0,1
FINNIFTY23JUL2424200PE.NFO,2024-07-04,10:43:00,2024-07-23,199.9,199.9,199.9,199.9,0,0,1
FINNIFTY23JUL2424200PE.NFO,2024-07-04,10:44:00,2024-07-23,199.9,199.9,199.9,199.9,0,0,1
FINNIFTY23JUL2424200PE.NFO,2024-07-04,10:45:00,2024-07-23,199.9,199.9,199.9,199.9,0,0,1
FINNIFTY23JUL2424200PE.NFO,2024-07-04,10:46:00,2024-07-23,199.9,199.9,199.9,199.9,0,0,1
FINNIFTY23JUL2424200PE.NFO,2024-07-04,10:47:00,2024-07-23,199.9,199.9,199.9,199.9,0,0,1
FINNIFTY23JUL2424200PE.NFO,2024-07-04,10:48:00,2024-07-23,199.9,199.9,199.9,199.9,0,0,1
FINNIFTY23JUL2424200PE.NFO,2024-07-04,10:49:00,2024-07-23,199.9,199.9,199.9,199.9,0,0,1
FINNIFTY23JUL2424200PE.NFO,2024-07-04,10:50:00,2024-07-23,199.9,199.9,199.9,199.9,0,0,1
FINNIFTY23JUL2424200PE.NFO,2024-07-04,10:51:00,2024-07-23,199.9,199.9,199.9,199.9,0,0,1
FINNIFTY23JUL2424200PE.NFO,2024-07-04,10:52:00,2024-07-23,199.9,199.9,199.9,199.9,0,0,1
FINNIFTY23JUL2424200PE.NFO,2024-07-04,10:53:00,2024-07-23,199.9,199.9,199.9,199.9,0,0,1
FINNIFTY23JUL2424200PE.NFO,2024-07-04,10:54:00,2024-07-23,199.9,199.9,199.9,199.9,0,0,1
FINNIFTY23JUL2424200PE.NFO,2024-07-04,10:55:00,2024-07-23,199.9,199.9,199.9,199.9,0,0,1
FINNIFTY23JUL2424200PE.NFO,2024-07-04,10:56:00,2024-07-23,199.9,199.9,199.9,199.9,0,0,1
FINNIFTY23JUL2424200PE.NFO,2024-07-04,10:57:00,2024-07-23,199.9,199.9,199.9,199.9,0,0,1
FINNIFTY23JUL2424200PE.NFO,2024-07-04,10:58:00,2024-07-23,199.9,199.9,199.9,199.9,0,0,1
FINNIFTY23JUL2424200PE.NFO,2024-07-04,10:59:00,2024-07-23,199.9,199.9,199.9,199.9,0,0,1
FINNIFTY23JUL2424200PE.NFO,2024-07-04,11:00:00,2024-07-23,199.9,199.9,199.9,199.9,0,0,1
FINNIFTY23JUL2424200PE.NFO,2024-07-04,11:01:00,2024-07-23,199.9,199.9,199.9,199.9,0,0,1
FINNIFTY23JUL2424200PE.NFO,2024-07-04,11:02:00,2024-07-23,199.9,199.9,199.9,199.9,0,0,1
FINNIFTY23JUL2424200PE.NFO,2024-07-04,11:03:00,2024-07-23,199.9,199.9,199.9,199.9,0,0,1
FINNIFTY23JUL2424200PE.NFO,2024-07-04,11:04:00,2024-07-23,199.9,199.9,199.9,199.9,0,0,1
FINNIFTY23JUL2424200PE.NFO,2024-07-04,11:05:00,2024-07-23,199.9,199.9,199.9,199.9,0,0,1
FINNIFTY23JUL2424200PE.NFO,2024-07-04,11:06:00,2024-07-23,199.9,199.9,199.9,199.9,0,0,1
FINNIFTY23JUL2424200PE.NFO,2024-07-04,11:07:00,2024-07-23,199.9,199.9,199.9,199.9,0,0,1
FINNIFTY23JUL2424200PE.NFO,2024-07-04,11:08:00,2024-07-23,199.9,199.9,199.9,199.9,0,0,1
FINNIFTY23JUL2424200PE.NFO,2024-07-04,11:09:00,2024-07-23,199.9,199.9,199.9,199.9,0,0,1
FINNIFTY23JUL2424200PE.NFO,2024-07-04,11:10:00,2024-07-23,199.9,199.9,199.9,199.9,0,0,1
FINNIFTY23JUL2424200PE.NFO,2024-07-04,11:11:00,2024-07-23,199.9,199.9,199.9,199.9,0,0,1
FINNIFTY23JUL2424200PE.NFO,2024-07-04,11:12:00,2024-07-23,199.9,199.9,199.9,199.9,0,0,1
FINNIFTY23JUL2424200PE.NFO,2024-07-04,11:13:00,2024-07-23,199.9,199.9,199.9,199.9,0,0,1
FINNIFTY23JUL2424200PE.NFO,2024-07-04,11:14:00,2024-07-23,199.9,199.9,199.9,199.9,0,0,1
FINNIFTY23JUL2424200PE.NFO,2024-07-04,11:15:00,2024-07-23,199.9,199.9,199.9,199.9,0,0,1
FINNIFTY23JUL2424200PE.NFO,2024-07-04,11:16:00,2024-07-23,199.9,199.9,199.9,199.9,0,0,1
FINNIFTY23JUL2424200PE.NFO,2024-07-04,11:17:00,2024-07-23,199.9,199.9,199.9,199.9,0,0,1
FINNIFTY23JUL2424200PE.NFO,2024-07-04,11:18:00,2024-07-23,199.9,199.9,199.9,199.9,0,0,1
FINNIFTY23JUL2424200PE.NFO,2024-07-04,11:19:00,2024-07-23,199.9,199.9,199.9,199.9,0,0,1
FINNIFTY23JUL2424200PE.NFO,2024-07-04,11:20:00,2024-07-23,199.9,199.9,199.9,199.9,0,0,1
FINNIFTY23JUL2424200PE.NFO,2024-07-04,11:21:00,2024-07-23,199.9,199.9,199.9,199.9,0,0,1
FINNIFTY23JUL2424200PE.NFO,2024-07-04,11:22:00,2024-07-23,199.9,199.9,199.9,199.9,0,0,1
FINNIFTY23JUL2424200PE.NFO,2024-07-04,11:23:00,2024-07-23,199.9,199.9,199.9,199.9,0,0,1
FINNIFTY23JUL2424200PE.NFO,2024-07-04,11:24:00,2024-07-23,199.9,199.9,199.9,199.9,0,0,1
FINNIFTY23JUL2424200PE.NFO,2024-07-04,11:25:00,2024-07-23,199.9,199.9,199.9,199.9,0,0,1
FINNIFTY23JUL2424200PE.NFO,2024-07-04,11:26:00,2024-07-23,199.9,199.9,199.9,199.9,0,0,1
FINNIFTY23JUL2424200PE.NFO,2024-07-04,11:27:00,2024-07-23,199.9,199.9,199.9,199.9,0,0,1
FINNIFTY23JUL2424200PE.NFO,2024-07-04,11:28:00,2024-07-23,199.9,199.9,199.9,199.9,0,0,1
FINNIFTY23JUL2424200PE.NFO,2024-07-04,11:29:00,2024-07-23,199.9,199.9,199.9,199.9,0,0,1
FINNIFTY23JUL2424200PE.NFO,2024-07-04,11:30:00,2024-07-23,199.9,199.9,199.9,199.9,0,0,1
FINNIFTY23JUL2424200PE.NFO,2024-07-04,11:31:00,2024-07-23,199.9,199.9,199.9,199.9,0,0,1
FINNIFTY23JUL2424200PE.NFO,2024-07-04,11:32:00,2024-07-23,199.9,199.9,199.9,199.9,0,0,1
FINNIFTY23JUL2424200PE.NFO,2024-07-04,11:33:00,2024-07-23,199.9,199.9,199.9,199.9,0,0,1
FINNIFTY23JUL2424200PE.NFO,2024-07-04,11:34:00,2024-07-23,199.9,199.9,199.9,199.9,0,0,1
FINNIFTY23JUL2424200PE.NFO,2024-07-04,11:35:00,2024-07-23,199.9,199.9,199.9,199.9,0,0,1
FINNIFTY23JUL2424200PE.NFO,2024-07-04,11:36:00,2024-07-23,199.9,199.9,199.9,199.9,0,0,1
FINNIFTY23JUL2424200PE.NFO,2024-07-04,11:37:00,2024-07-23,199.9,199.9,199.9,199.9,0,0,1
FINNIFTY23JUL2424200PE.NFO,2024-07-04,11:38:00,2024-07-23,199.9,199.9,199.9,199.9,0,0,1
FINNIFTY23JUL2424200PE.NFO,2024-07-04,11:39:00,2024-07-23,199.9,199.9,199.9,199.9,0,0,1
FINNIFTY23JUL2424200PE.NFO,2024-07-04,11:40:00,2024-07-23,199.9,199.9,199.9,199.9,0,0,1
FINNIFTY23JUL2424200PE.NFO,2024-07-04,11:41:00,2024-07-23,199.9,199.9,199.9,199.9,0,0,1
FINNIFTY23JUL2424200PE.NFO,2024-07-04,11:42:00,2024-07-23,199.9,199.9,199.9,199.9,0,0,1
FINNIFTY23JUL2424200PE.NFO,2024-07-04,11:43:00,2024-07-23,199.9,199.9,199.9,199.9,0,0,1
FINNIFTY23JUL2424200PE.NFO,2024-07-04,11:44:00,2024-07-23,199.9,199.9,199.9,199.9,0,0,1
FINNIFTY23JUL2424200PE.NFO,2024-07-04,11:45:00,2024-07-23,199.9,199.9,199.9,199.9,0,0,1
FINNIFTY23JUL2424200PE.NFO,2024-07-04,11:46:00,2024-07-23,199.9,199.9,199.9,199.9,0,0,1
FINNIFTY23JUL2424200PE.NFO,2024-07-04,11:47:00,2024-07-23,199.9,199.9,199.9,199.9,0,0,1
FINNIFTY23JUL2424200PE.NFO,2024-07-04,11:48:00,2024-07-23,199.9,199.9,199.9,199.9,0,0,1
FINNIFTY23JUL2424200PE.NFO,2024-07-04,11:49:00,2024-07-23,199.9,199.9,199.9,199.9,0,0,1
FINNIFTY23JUL2424200PE.NFO,2024-07-04,11:50:00,2024-07-23,199.9,199.9,199.9,199.9,0,0,1
FINNIFTY23JUL2424200PE.NFO,2024-07-04,11:51:00,2024-07-23,199.9,199.9,199.9,199.9,0,0,1
FINNIFTY23JUL2424200PE.NFO,2024-07-04,11:52:00,2024-07-23,199.9,199.9,199.9,199.9,0,0,1
FINNIFTY23JUL2424200PE.NFO,2024-07-04,11:53:00,2024-07-23,199.9,199.9,199.9,199.9,0,0,1
FINNIFTY23JUL2424200PE.NFO,2024-07-04,11:54:00,2024-07-23,199.9,199.9,199.9,199.9,0,0,1
FINNIFTY23JUL2424200PE.NFO,2024-07-04,11:55:00,2024-07-23,199.9,199.9,199.9,199.9,0,0,1
FINNIFTY23JUL2424200PE.NFO,2024-07-04,11:56:00,2024-07-23,199.9,199.9,199.9,199.9,0,0,1
FINNIFTY23JUL2424200PE.NFO,2024-07-04,11:57:00,2024-07-23,199.9,199.9,199.9,199.9,0,0,1
FINNIFTY23JUL2424200PE.NFO,2024-07-04,11:58:00,2024-07-23,199.9,199.9,199.9,199.9,0,0,1
FINNIFTY23JUL2424200PE.NFO,2024-07-04,11:59:00,2024-07-23,199.9,199.9,199.9,199.9,0,0,1
FINNIFTY23JUL2424200PE.NFO,2024-07-04,12:00:00,2024-07-23,199.9,199.9,199.9,199.9,0,0,1
FINNIFTY23JUL2424200PE.NFO,2024-07-04,12:01:00,2024-07-23,199.9,199.9,199.9,199.9,0,0,1
FINNIFTY23JUL2424200PE.NFO,2024-07-04,12:02:00,2024-07-23,199.9,199.9,199.9,199.9,0,0,1
FINNIFTY23JUL2424200PE.NFO,2024-07-04,12:03:00,2024-07-23,199.9,199.9,199.9,199.9,0,0,1
FINNIFTY23JUL2424200PE.NFO,2024-07-04,12:04:00,2024-07-23,199.9,199.9,199.9,199.9,0,0,1
FINNIFTY23JUL2424200PE.NFO,2024-07-04,12:05:00,2024-07-23,199.9,199.9,199.9,199.9,0,0,1
FINNIFTY23JUL2424200PE.NFO,2024-07-04,12:06:00,2024-07-23,199.9,199.9,199.9,199.9,0,0,1
FINNIFTY23JUL2424200PE.NFO,2024-07-04,12:07:00,2024-07-23,199.9,199.9,199.9,199.9,0,0,1
FINNIFTY23JUL2424200PE.NFO,2024-07-04,12:08:00,2024-07-23,199.9,199.9,199.9,199.9,0,0,1
FINNIFTY23JUL2424200PE.NFO,2024-07-04,12:09:00,2024-07-23,199.9,199.9,199.9,199.9,0,0,1
FINNIFTY23JUL2424200PE.NFO,2024-07-04,12:10:00,2024-07-23,199.9,199.9,199.9,199.9,0,0,1
FINNIFTY23JUL2424200PE.NFO,2024-07-04,12:11:00,2024-07-23,199.9,199.9,199.9,199.9,0,0,1
FINNIFTY23JUL2424200PE.NFO,2024-07-04,12:12:00,2024-07-23,199.9,199.9,199.9,199.9,0,0,1
FINNIFTY23JUL2424200PE.NFO,2024-07-04,12:13:00,2024-07-23,199.9,199.9,199.9,199.9,0,0,1
FINNIFTY23JUL2424200PE.NFO,2024-07-04,12:14:00,2024-07-23,199.9,199.9,199.9,199.9,0,0,1
FINNIFTY23JUL2424200PE.NFO,2024-07-04,12:15:00,2024-07-23,199.9,199.9,199.9,199.9,0,0,1
FINNIFTY23JUL2424200PE.NFO,2024-07-04,12:16:00,2024-07-23,199.9,199.9,199.9,199.9,0,0,1
FINNIFTY23JUL2424200PE.NFO,2024-07-04,12:17:00,2024-07-23,199.9,199.9,199.9,199.9,0,0,1
FINNIFTY23JUL2424200PE.NFO,2024-07-04,12:18:00,2024-07-23,199.9,199.9,199.9,199.9,0,0,1
FINNIFTY23JUL2424200PE.NFO,2024-07-04,12:19:00,2024-07-23,199.9,199.9,199.9,199.9,0,0,1
FINNIFTY23JUL2424200PE.NFO,2024-07-04,12:20:00,2024-07-23,199.9,199.9,199.9,199.9,0,0,1
FINNIFTY23JUL2424200PE.NFO,2024-07-04,12:21:00,2024-07-23,199.9,199.9,199.9,199.9,0,0,1
FINNIFTY23JUL2424200PE.NFO,2024-07-04,12:22:00,2024-07-23,199.9,199.9,199.9,199.9,0,0,1
FINNIFTY23JUL2424200PE.NFO,2024-07-04,12:23:00,2024-07-23,199.9,199.9,199.9,199.9,0,0,1
FINNIFTY23JUL2424200PE.NFO,2024-07-04,12:24:00,2024-07-23,199.9,199.9,199.9,199.9,0,0,1
FINNIFTY23JUL2424200PE.NFO,2024-07-04,12:25:00,2024-07-23,199.9,199.9,199.9,199.9,0,0,1
FINNIFTY23JUL2424200PE.NFO,2024-07-04,12:26:00,2024-07-23,199.9,199.9,199.9,199.9,0,0,1
FINNIFTY23JUL2424200PE.NFO,2024-07-04,12:27:00,2024-07-23,199.9,199.9,199.9,199.9,0,0,1
FINNIFTY23JUL2424200PE.NFO,2024-07-04,12:28:00,2024-07-23,199.9,199.9,199.9,199.9,0,0,1
FINNIFTY23JUL2424200PE.NFO,2024-07-04,12:29:00,2024-07-23,199.9,199.9,199.9,199.9,0,0,1
FINNIFTY23JUL2424200PE.NFO,2024-07-04,12:30:00,2024-07-23,199.9,199.9,199.9,199.9,0,0,1
FINNIFTY23JUL2424200PE.NFO,2024-07-04,12:31:00,2024-07-23,199.9,199.9,199.9,199.9,0,0,1
FINNIFTY23JUL2424200PE.NFO,2024-07-04,12:32:00,2024-07-23,199.9,199.9,199.9,199.9,0,0,1
FINNIFTY23JUL2424200PE.NFO,2024-07-04,12:33:00,2024-07-23,199.9,199.9,199.9,199.9,0,0,1
FINNIFTY23JUL2424200PE.NFO,2024-07-04,12:34:00,2024-07-23,199.9,199.9,199.9,199.9,0,0,1
FINNIFTY23JUL2424200PE.NFO,2024-07-04,12:35:00,2024-07-23,199.9,199.9,199.9,199.9,0,0,1
FINNIFTY23JUL2424200PE.NFO,2024-07-04,12:36:00,2024-07-23,199.9,199.9,199.9,199.9,0,0,1
FINNIFTY23JUL2424200PE.NFO,2024-07-04,12:37:00,2024-07-23,199.9,199.9,199.9,199.9,0,0,1
FINNIFTY23JUL2424200PE.NFO,2024-07-04,12:38:00,2024-07-23,199.9,199.9,199.9,199.9,0,0,1
FINNIFTY23JUL2424200PE.NFO,2024-07-04,12:39:00,2024-07-23,199.9,199.9,199.9,199.9,0,0,1
FINNIFTY23JUL2424200PE.NFO,2024-07-04,12:40:00,2024-07-23,199.9,199.9,199.9,199.9,0,0,1
FINNIFTY23JUL2424200PE.NFO,2024-07-04,12:41:00,2024-07-23,199.9,199.9,199.9,199.9,0,0,1
FINNIFTY23JUL2424200PE.NFO,2024-07-04,12:42:00,2024-07-23,199.9,199.9,199.9,199.9,0,0,1
FINNIFTY23JUL2424200PE.NFO,2024-07-04,12:43:00,2024-07-23,199.9,199.9,199.9,199.9,0,0,1
FINNIFTY23JUL2424200PE.NFO,2024-07-04,12:44:00,2024-07-23,199.9,199.9,199.9,199.9,0,0,1
FINNIFTY23JUL2424200PE.NFO,2024-07-04,12:45:00,2024-07-23,199.9,199.9,199.9,199.9,0,0,1
FINNIFTY23JUL2424200PE.NFO,2024-07-04,12:46:00,2024-07-23,199.9,199.9,199.9,199.9,0,0,1
FINNIFTY23JUL2424200PE.NFO,2024-07-04,12:47:00,2024-07-23,199.9,199.9,199.9,199.9,0,0,1
FINNIFTY23JUL2424200PE.NFO,2024-07-04,12:48:00,2024-07-23,199.9,199.9,199.9,199.9,0,0,1
FINNIFTY23JUL2424200PE.NFO,2024-07-04,12:49:00,2024-07-23,199.9,199.9,199.9,199.9,0,0,1
FINNIFTY23JUL2424200PE.NFO,2024-07-04,12:50:00,2024-07-23,199.9,199.9,199.9,199.9,0,0,1
FINNIFTY23JUL2424200PE.NFO,2024-07-04,12:51:00,2024-07-23,199.9,199.9,199.9,199.9,0,0,1
FINNIFTY23JUL2424200PE.NFO,2024-07-04,12:52:00,2024-07-23,199.9,199.9,199.9,199.9,0,0,1
FINNIFTY23JUL2424200PE.NFO,2024-07-04,12:53:00,2024-07-23,199.9,199.9,199.9,199.9,0,0,1
FINNIFTY23JUL2424200PE.NFO,2024-07-04,12:54:00,2024-07-23,199.9,199.9,199.9,199.9,0,0,1
FINNIFTY23JUL2424200PE.NFO,2024-07-04,12:55:00,2024-07-23,199.9,199.9,199.9,199.9,0,0,1
FINNIFTY23JUL2424200PE.NFO,2024-07-04,12:56:00,2024-07-23,199.9,199.9,199.9,199.9,0,0,1
FINNIFTY23JUL2424200PE.NFO,2024-07-04,12:57:00,2024-07-23,199.9,199.9,199.9,199.9,0,0,1
FINNIFTY23JUL2424200PE.NFO,2024-07-04,12:58:00,2024-07-23,199.9,199.9,199.9,199.9,0,0,1
FINNIFTY23JUL2424200PE.NFO,2024-07-04,12:59:00,2024-07-23,199.9,199.9,199.9,199.9,0,0,1
FINNIFTY23JUL2424200PE.NFO,2024-07-04,13:00:00,2024-07-23,199.9,199.9,199.9,199.9,0,0,1
FINNIFTY23JUL2424200PE.NFO,2024-07-04,13:01:00,2024-07-23,199.9,199.9,199.9,199.9,0,0,1
FINNIFTY23JUL2424200PE.NFO,2024-07-04,13:02:00,2024-07-23,199.9,199.9,199.9,199.9,0,0,1
FINNIFTY23JUL2424200PE.NFO,2024-07-04,13:03:00,2024-07-23,199.9,199.9,199.9,199.9,0,0,1
FINNIFTY23JUL2424200PE.NFO,2024-07-04,13:04:00,2024-07-23,199.9,199.9,199.9,199.9,0,0,1
FINNIFTY23JUL2424200PE.NFO,2024-07-04,13:05:00,2024-07-23,199.9,199.9,199.9,199.9,0,0,1
FINNIFTY23JUL2424200PE.NFO,2024-07-04,13:06:00,2024-07-23,199.9,199.9,199.9,199.9,0,0,1
FINNIFTY23JUL2424200PE.NFO,2024-07-04,13:07:00,2024-07-23,199.9,199.9,199.9,199.9,0,0,1
FINNIFTY23JUL2424200PE.NFO,2024-07-04,13:08:00,2024-07-23,199.9,199.9,199.9,199.9,0,0,1
FINNIFTY23JUL2424200PE.NFO,2024-07-04,13:09:00,2024-07-23,199.9,199.9,199.9,199.9,0,0,1
FINNIFTY23JUL2424200PE.NFO,2024-07-04,13:10:00,2024-07-23,199.9,199.9,199.9,199.9,0,0,1
FINNIFTY23JUL2424200PE.NFO,2024-07-04,13:11:00,2024-07-23,199.9,199.9,199.9,199.9,0,0,1
FINNIFTY23JUL2424200PE.NFO,2024-07-04,13:12:00,2024-07-23,199.9,199.9,199.9,199.9,0,0,1
FINNIFTY23JUL2424200PE.NFO,2024-07-04,13:13:00,2024-07-23,199.9,199.9,199.9,199.9,0,0,1
FINNIFTY23JUL2424200PE.NFO,2024-07-04,13:14:00,2024-07-23,199.9,199.9,199.9,199.9,0,0,1
FINNIFTY23JUL2424200PE.NFO,2024-07-04,13:15:00,2024-07-23,199.9,199.9,199.9,199.9,0,0,1
FINNIFTY23JUL2424200PE.NFO,2024-07-04,13:16:00,2024-07-23,199.9,199.9,199.9,199.9,0,0,1
FINNIFTY23JUL2424200PE.NFO,2024-07-04,13:17:00,2024-07-23,199.9,199.9,199.9,199.9,0,0,1
FINNIFTY23JUL2424200PE.NFO,2024-07-04,13:18:00,2024-07-23,199.9,199.9,199.9,199.9,0,0,1
FINNIFTY23JUL2424200PE.NFO,2024-07-04,13:19:00,2024-07-23,199.9,199.9,199.9,199.9,0,0,1
FINNIFTY23JUL2424200PE.NFO,2024-07-04,13:20:00,2024-07-23,199.9,199.9,199.9,199.9,0,0,1
FINNIFTY23JUL2424200PE.NFO,2024-07-04,13:21:00,2024-07-23,199.9,199.9,199.9,199.9,0,0,1
FINNIFTY23JUL2424200PE.NFO,2024-07-04,13:22:00,2024-07-23,199.9,199.9,199.9,199.9,0,0,1
FINNIFTY23JUL2424200PE.NFO,2024-07-04,13:23:00,2024-07-23,199.9,199.9,199.9,199.9,0,0,1
FINNIFTY23JUL2424200PE.NFO,2024-07-04,13:24:00,2024-07-23,199.9,199.9,199.9,199.9,0,0,1
FINNIFTY23JUL2424200PE.NFO,2024-07-04,13:25:00,2024-07-23,199.9,199.9,199.9,199.9,0,0,1
FINNIFTY23JUL2424200PE.NFO,2024-07-04,13:26:00,2024-07-23,199.9,199.9,199.9,199.9,0,0,1
FINNIFTY23JUL2424200PE.NFO,2024-07-04,13:27:00,2024-07-23,199.9,199.9,199.9,199.9,0,0,1
FINNIFTY23JUL2424200PE.NFO,2024-07-04,13:28:00,2024-07-23,199.9,199.9,199.9,199.9,0,0,1
FINNIFTY23JUL2424200PE.NFO,2024-07-04,13:29:00,2024-07-23,199.9,199.9,199.9,199.9,0,0,1
FINNIFTY23JUL2424200PE.NFO,2024-07-04,13:30:00,2024-07-23,199.9,199.9,199.9,199.9,0,0,1
FINNIFTY23JUL2424200PE.NFO,2024-07-04,13:31:00,2024-07-23,199.9,199.9,199.9,199.9,0,0,1
FINNIFTY23JUL2424200PE.NFO,2024-07-04,13:32:00,2024-07-23,199.9,199.9,199.9,199.9,0,0,1
FINNIFTY23JUL2424200PE.NFO,2024-07-04,13:33:00,2024-07-23,199.9,199.9,199.9,199.9,0,0,1
FINNIFTY23JUL2424200PE.NFO,2024-07-04,13:34:00,2024-07-23,199.9,199.9,199.9,199.9,0,0,1
FINNIFTY23JUL2424200PE.NFO,2024-07-04,13:35:00,2024-07-23,199.9,199.9,199.9,199.9,0,0,1
FINNIFTY23JUL2424200PE.NFO,2024-07-04,13:36:00,2024-07-23,199.9,199.9,199.9,199.9,0,0,1
FINNIFTY23JUL2424200PE.NFO,2024-07-04,13:37:00,2024-07-23,199.9,199.9,199.9,199.9,0,0,1
FINNIFTY23JUL2424200PE.NFO,2024-07-04,13:38:00,2024-07-23,199.9,199.9,199.9,199.9,0,0,1
FINNIFTY23JUL2424200PE.NFO,2024-07-04,13:39:00,2024-07-23,199.9,199.9,199.9,199.9,0,0,1
FINNIFTY23JUL2424200PE.NFO,2024-07-04,13:40:00,2024-07-23,199.9,199.9,199.9,199.9,0,0,1
FINNIFTY23JUL2424200PE.NFO,2024-07-04,13:41:00,2024-07-23,199.9,199.9,199.9,199.9,0,0,1
FINNIFTY23JUL2424200PE.NFO,2024-07-04,13:42:00,2024-07-23,199.9,199.9,199.9,199.9,0,0,1
FINNIFTY23JUL2424200PE.NFO,2024-07-04,13:43:00,2024-07-23,199.9,199.9,199.9,199.9,0,0,1
FINNIFTY23JUL2424200PE.NFO,2024-07-04,13:44:00,2024-07-23,199.9,199.9,199.9,199.9,0,0,1
FINNIFTY23JUL2424200PE.NFO,2024-07-04,13:45:00,2024-07-23,199.9,199.9,199.9,199.9,0,0,1
FINNIFTY23JUL2424200PE.NFO,2024-07-04,13:46:00,2024-07-23,199.9,199.9,199.9,199.9,0,0,1
FINNIFTY23JUL2424200PE.NFO,2024-07-04,13:47:00,2024-07-23,199.9,199.9,199.9,199.9,0,0,1
FINNIFTY23JUL2424200PE.NFO,2024-07-04,13:48:00,2024-07-23,199.9,199.9,199.9,199.9,0,0,1
FINNIFTY23JUL2424200PE.NFO,2024-07-04,13:49:00,2024-07-23,199.9,199.9,199.9,199.9,0,0,1
FINNIFTY23JUL2424200PE.NFO,2024-07-04,13:50:00,2024-07-23,199.9,199.9,199.9,199.9,0,0,1
FINNIFTY23JUL2424200PE.NFO,2024-07-04,13:51:00,2024-07-23,199.9,199.9,199.9,199.9,0,0,1
FINNIFTY23JUL2424200PE.NFO,2024-07-04,13:52:00,2024-07-23,199.9,199.9,199.9,199.9,0,0,1
FINNIFTY23JUL2424200PE.NFO,2024-07-04,13:53:00,2024-07-23,199.9,199.9,199.9,199.9,0,0,1
FINNIFTY23JUL2424200PE.NFO,2024-07-04,13:54:00,2024-07-23,199.9,199.9,199.9,199.9,0,0,1
FINNIFTY23JUL2424200PE.NFO,2024-07-04,13:55:00,2024-07-23,199.9,199.9,199.9,199.9,0,0,1
FINNIFTY23JUL2424200PE.NFO,2024-07-04,13:56:00,2024-07-23,199.9,199.9,199.9,199.9,0,0,1
FINNIFTY23JUL2424200PE.NFO,2024-07-04,13:57:00,2024-07-23,199.9,199.9,199.9,199.9,0,0,1
FINNIFTY23JUL2424200PE.NFO,2024-07-04,13:58:00,2024-07-23,199.9,199.9,199.9,199.9,0,0,1
FINNIFTY23JUL2424200PE.NFO,2024-07-04,13:59:00,2024-07-23,199.9,199.9,199.9,199.9,0,0,1
FINNIFTY23JUL2424200PE.NFO,2024-07-04,14:00:00,2024-07-23,199.9,199.9,199.9,199.9,0,0,1
FINNIFTY23JUL2424200PE.NFO,2024-07-04,14:01:00,2024-07-23,199.9,199.9,199.9,199.9,0,0,1
FINNIFTY23JUL2424200PE.NFO,2024-07-04,14:02:00,2024-07-23,199.9,199.9,199.9,199.9,0,0,1
FINNIFTY23JUL2424200PE.NFO,2024-07-04,14:03:00,2024-07-23,199.9,199.9,199.9,199.9,0,0,1
FINNIFTY23JUL2424200PE.NFO,2024-07-04,14:04:00,2024-07-23,199.9,199.9,199.9,199.9,0,0,1
FINNIFTY23JUL2424200PE.NFO,2024-07-04,14:05:00,2024-07-23,199.9,199.9,199.9,199.9,0,0,1
FINNIFTY23JUL2424200PE.NFO,2024-07-04,14:06:00,2024-07-23,199.9,199.9,199.9,199.9,0,0,1
FINNIFTY23JUL2424200PE.NFO,2024-07-04,14:07:00,2024-07-23,199.9,199.9,199.9,199.9,0,0,1
FINNIFTY23JUL2424200PE.NFO,2024-07-04,14:08:00,2024-07-23,199.9,199.9,199.9,199.9,0,0,1
FINNIFTY23JUL2424200PE.NFO,2024-07-04,14:09:00,2024-07-23,199.9,199.9,199.9,199.9,0,0,1
FINNIFTY23JUL2424200PE.NFO,2024-07-04,14:10:00,2024-07-23,199.9,199.9,199.9,199.9,0,0,1
FINNIFTY23JUL2424200PE.NFO,2024-07-04,14:11:00,2024-07-23,199.9,199.9,199.9,199.9,0,0,1
FINNIFTY23JUL2424200PE.NFO,2024-07-04,14:12:00,2024-07-23,199.9,199.9,199.9,199.9,0,0,1
FINNIFTY23JUL2424200PE.NFO,2024-07-04,14:13:00,2024-07-23,199.9,199.9,199.9,199.9,0,0,1
FINNIFTY23JUL2424200PE.NFO,2024-07-04,14:14:00,2024-07-23,199.9,199.9,199.9,199.9,0,0,1
FINNIFTY23JUL2424200PE.NFO,2024-07-04,14:15:00,2024-07-23,199.9,199.9,199.9,199.9,0,0,1
FINNIFTY23JUL2424200PE.NFO,2024-07-04,14:16:00,2024-07-23,199.9,199.9,199.9,199.9,0,0,1
FINNIFTY23JUL2424200PE.NFO,2024-07-04,14:17:00,2024-07-23,199.9,199.9,199.9,199.9,0,0,1
FINNIFTY23JUL2424200PE.NFO,2024-07-04,14:18:00,2024-07-23,199.9,199.9,199.9,199.9,0,0,1
FINNIFTY23JUL2424200PE.NFO,2024-07-04,14:19:00,2024-07-23,199.9,199.9,199.9,199.9,0,0,1
FINNIFTY23JUL2424200PE.NFO,2024-07-04,14:20:00,2024-07-23,199.9,199.9,199.9,199.9,0,0,1
FINNIFTY23JUL2424200PE.NFO,2024-07-04,14:21:00,2024-07-23,199.9,199.9,199.9,199.9,0,0,1
FINNIFTY23JUL2424200PE.NFO,2024-07-04,14:22:00,2024-07-23,199.9,199.9,199.9,199.9,0,0,1
FINNIFTY23JUL2424200PE.NFO,2024-07-04,14:23:00,2024-07-23,199.9,199.9,199.9,199.9,0,0,1
FINNIFTY23JUL2424200PE.NFO,2024-07-04,14:24:00,2024-07-23,199.9,199.9,199.9,199.9,0,0,1
FINNIFTY23JUL2424200PE.NFO,2024-07-04,14:25:00,2024-07-23,199.9,199.9,199.9,199.9,0,0,1
FINNIFTY23JUL2424200PE.NFO,2024-07-04,14:26:00,2024-07-23,199.9,199.9,199.9,199.9,0,0,1
FINNIFTY23JUL2424200PE.NFO,2024-07-04,14:27:00,2024-07-23,199.9,199.9,199.9,199.9,0,0,1
FINNIFTY23JUL2424200PE.NFO,2024-07-04,14:28:00,2024-07-23,199.9,199.9,199.9,199.9,0,0,1
FINNIFTY23JUL2424200PE.NFO,2024-07-04,14:29:00,2024-07-23,199.9,199.9,199.9,199.9,0,0,1
FINNIFTY23JUL2424200PE.NFO,2024-07-04,14:30:00,2024-07-23,199.9,199.9,199.9,199.9,0,0,1
FINNIFTY23JUL2424200PE.NFO,2024-07-04,14:31:00,2024-07-23,199.9,199.9,199.9,199.9,0,0,1
FINNIFTY23JUL2424200PE.NFO,2024-07-04,14:32:00,2024-07-23,199.9,199.9,199.9,199.9,0,0,1
FINNIFTY23JUL2424200PE.NFO,2024-07-04,14:33:00,2024-07-23,199.9,199.9,199.9,199.9,0,0,1
FINNIFTY23JUL2424200PE.NFO,2024-07-04,14:34:00,2024-07-23,199.9,199.9,199.9,199.9,0,0,1
FINNIFTY23JUL2424200PE.NFO,2024-07-04,14:35:00,2024-07-23,199.9,199.9,199.9,199.9,0,0,1
FINNIFTY23JUL2424200PE.NFO,2024-07-04,14:36:00,2024-07-23,199.9,199.9,199.9,199.9,0,0,1
FINNIFTY23JUL2424200PE.NFO,2024-07-04,14:37:00,2024-07-23,199.9,199.9,199.9,199.9,0,0,1
FINNIFTY23JUL2424200PE.NFO,2024-07-04,14:38:00,2024-07-23,199.9,199.9,199.9,199.9,0,0,1
FINNIFTY23JUL2424200PE.NFO,2024-07-04,14:39:00,2024-07-23,199.9,199.9,199.9,199.9,0,0,1
FINNIFTY23JUL2424200PE.NFO,2024-07-04,14:40:00,2024-07-23,199.9,199.9,199.9,199.9,0,0,1
FINNIFTY23JUL2424200PE.NFO,2024-07-04,14:41:00,2024-07-23,199.9,199.9,199.9,199.9,0,0,1
FINNIFTY23JUL2424200PE.NFO,2024-07-04,14:42:00,2024-07-23,199.9,199.9,199.9,199.9,0,0,1
FINNIFTY23JUL2424200PE.NFO,2024-07-04,14:43:00,2024-07-23,199.9,199.9,199.9,199.9,0,0,1
FINNIFTY23JUL2424200PE.NFO,2024-07-04,14:44:00,2024-07-23,199.9,199.9,199.9,199.9,0,0,1
FINNIFTY23JUL2424200PE.NFO,2024-07-04,14:45:00,2024-07-23,199.9,199.9,199.9,199.9,0,0,1
FINNIFTY23JUL2424200PE.NFO,2024-07-04,14:46:00,2024-07-23,199.9,199.9,199.9,199.9,0,0,1
FINNIFTY23JUL2424200PE.NFO,2024-07-04,14:47:00,2024-07-23,199.9,199.9,199.9,199.9,0,0,1
FINNIFTY23JUL2424200PE.NFO,2024-07-04,14:48:00,2024-07-23,199.9,199.9,199.9,199.9,0,0,1
FINNIFTY23JUL2424200PE.NFO,2024-07-04,14:49:00,2024-07-23,199.9,199.9,199.9,199.9,0,0,1
FINNIFTY23JUL2424200PE.NFO,2024-07-04,14:50:00,2024-07-23,199.9,199.9,199.9,199.9,0,0,1
FINNIFTY23JUL2424200PE.NFO,2024-07-04,14:51:00,2024-07-23,199.9,199.9,199.9,199.9,0,0,1
FINNIFTY23JUL2424200PE.NFO,2024-07-04,14:52:00,2024-07-23,199.9,199.9,199.9,199.9,0,0,1
FINNIFTY23JUL2424200PE.NFO,2024-07-04,14:53:00,2024-07-23,199.9,199.9,199.9,199.9,0,0,1
FINNIFTY23JUL2424200PE.NFO,2024-07-04,14:54:00,2024-07-23,199.9,199.9,199.9,199.9,0,0,1
FINNIFTY23JUL2424200PE.NFO,2024-07-04,14:55:00,2024-07-23,199.9,199.9,199.9,199.9,0,0,1
FINNIFTY23JUL2424200PE.NFO,2024-07-04,14:56:00,2024-07-23,199.9,199.9,199.9,199.9,0,0,1
FINNIFTY23JUL2424200PE.NFO,2024-07-04,14:57:00,2024-07-23,199.9,199.9,199.9,199.9,0,0,1
FINNIFTY23JUL2424200PE.NFO,2024-07-04,14:58:00,2024-07-23,199.9,199.9,199.9,199.9,0,0,1
FINNIFTY23JUL2424200PE.NFO,2024-07-04,14:59:00,2024-07-23,199.9,199.9,199.9,199.9,0,0,1
FINNIFTY23JUL2424200PE.NFO,2024-07-04,15:00:00,2024-07-23,199.9,199.9,199.9,199.9,0,0,1
FINNIFTY23JUL2424200PE.NFO,2024-07-04,15:01:00,2024-07-23,199.9,199.9,199.9,199.9,0,0,1
FINNIFTY23JUL2424200PE.NFO,2024-07-04,15:02:00,2024-07-23,199.9,199.9,199.9,199.9,0,0,1
FINNIFTY23JUL2424200PE.NFO,2024-07-04,15:03:00,2024-07-23,199.9,199.9,199.9,199.9,0,0,1
FINNIFTY23JUL2424200PE.NFO,2024-07-04,15:04:00,2024-07-23,199.9,199.9,199.9,199.9,0,0,1
FINNIFTY23JUL2424200PE.NFO,2024-07-04,15:05:00,2024-07-23,199.9,199.9,199.9,199.9,0,0,1
FINNIFTY23JUL2424200PE.NFO,2024-07-04,15:06:00,2024-07-23,199.9,199.9,199.9,199.9,0,0,1
FINNIFTY23JUL2424200PE.NFO,2024-07-04,15:07:00,2024-07-23,199.9,199.9,199.9,199.9,0,0,1
FINNIFTY23JUL2424200PE.NFO,2024-07-04,15:08:00,2024-07-23,199.9,199.9,199.9,199.9,0,0,1
FINNIFTY23JUL2424200PE.NFO,2024-07-04,15:09:00,2024-07-23,199.9,199.9,199.9,199.9,0,0,1
FINNIFTY23JUL2424200PE.NFO,2024-07-04,15:10:00,2024-07-23,199.9,199.9,199.9,199.9,0,0,1
FINNIFTY23JUL2424200PE.NFO,2024-07-04,15:11:00,2024-07-23,199.9,199.9,199.9,199.9,0,0,1
FINNIFTY23JUL2424200PE.NFO,2024-07-04,15:12:00,2024-07-23,199.9,199.9,199.9,199.9,0,0,1
FINNIFTY23JUL2424200PE.NFO,2024-07-04,15:13:00,2024-07-23,199.9,199.9,199.9,199.9,0,0,1
FINNIFTY23JUL2424200PE.NFO,2024-07-04,15:14:00,2024-07-23,199.9,199.9,199.9,199.9,0,0,1
FINNIFTY23JUL2424200PE.NFO,2024-07-04,15:15:00,2024-07-23,199.9,199.9,199.9,199.9,0,0,1
FINNIFTY23JUL2424200PE.NFO,2024-07-04,15:16:00,2024-07-23,199.9,199.9,199.9,199.9,0,0,1
FINNIFTY23JUL2424200PE.NFO,2024-07-04,15:17:00,2024-07-23,199.9,199.9,199.9,199.9,0,0,1
FINNIFTY23JUL2424200PE.NFO,2024-07-04,15:18:00,2024-07-23,199.9,199.9,199.9,199.9,0,0,1
FINNIFTY23JUL2424200PE.NFO,2024-07-04,15:19:00,2024-07-23,199.9,199.9,199.9,199.9,0,0,1
FINNIFTY23JUL2424200PE.NFO,2024-07-04,15:20:00,2024-07-23,199.9,199.9,199.9,199.9,0,0,1
FINNIFTY23JUL2424200PE.NFO,2024-07-04,15:21:00,2024-07-23,199.9,199.9,199.9,199.9,0,0,1
FINNIFTY23JUL2424200PE.NFO,2024-07-04,15:22:00,2024-07-23,199.9,199.9,199.9,199.9,0,0,1
FINNIFTY23JUL2424200PE.NFO,2024-07-04,15:23:00,2024-07-23,199.9,199.9,199.9,199.9,0,0,1
FINNIFTY23JUL2424200PE.NFO,2024-07-04,15:24:00,2024-07-23,199.9,199.9,199.9,199.9,0,0,1
FINNIFTY23JUL2424200PE.NFO,2024-07-04,15:25:00,2024-07-23,199.9,199.9,199.9,199.9,0,0,1
FINNIFTY23JUL2424200PE.NFO,2024-07-04,15:26:00,2024-07-23,199.9,199.9,199.9,199.9,0,0,1
FINNIFTY23JUL2424200PE.NFO,2024-07-04,15:27:00,2024-07-23,199.9,199.9,199.9,199.9,0,0,1
FINNIFTY23JUL2424200PE.NFO,2024-07-04,15:28:00,2024-07-23,199.9,199.9,199.9,199.9,0,0,1
FINNIFTY23JUL2424200PE.NFO,2024-07-04,15:29:00,2024-07-23,199.9,199.9,199.9,199.9,0,0,1
FINNIFTY23JUL2424200PE.NFO,2024-07-04,15:30:00,2024-07-23,199.9,199.9,199.9,199.9,0,0,1
FINNIFTY23JUL2424200PE.NFO,2024-07-05,09:15:00,2024-07-23,199.9,199.9,199.9,199.9,0,0,0
FINNIFTY23JUL2424200PE.NFO,2024-07-05,09:16:00,2024-07-23,199.9,199.9,199.9,199.9,0,0,1
FINNIFTY23JUL2424200PE.NFO,2024-07-05,09:17:00,2024-07-23,199.9,199.9,199.9,199.9,0,0,1
FINNIFTY23JUL2424200PE.NFO,2024-07-05,09:18:00,2024-07-23,199.9,199.9,199.9,199.9,0,0,1
FINNIFTY23JUL2424200PE.NFO,2024-07-05,09:19:00,2024-07-23,199.9,199.9,199.9,199.9,0,0,1
FINNIFTY23JUL2424200PE.NFO,2024-07-05,09:20:00,2024-07-23,199.9,199.9,199.9,199.9,0,0,1
FINNIFTY23JUL2424200PE.NFO,2024-07-05,09:21:00,2024-07-23,199.9,199.9,199.9,199.9,0,0,1
FINNIFTY23JUL2424200PE.NFO,2024-07-05,09:22:00,2024-07-23,199.9,199.9,199.9,199.9,0,0,1
FINNIFTY23JUL2424200PE.NFO,2024-07-05,09:23:00,2024-07-23,199.9,199.9,199.9,199.9,0,0,1
FINNIFTY23JUL2424200PE.NFO,2024-07-05,09:24:00,2024-07-23,199.9,199.9,199.9,199.9,0,0,1
FINNIFTY23JUL2424200PE.NFO,2024-07-05,09:25:00,2024-07-23,199.9,199.9,199.9,199.9,0,0,1
FINNIFTY23JUL2424200PE.NFO,2024-07-05,09:26:00,2024-07-23,199.9,199.9,199.9,199.9,0,0,1
FINNIFTY23JUL2424200PE.NFO,2024-07-05,09:27:00,2024-07-23,199.9,199.9,199.9,199.9,0,0,1
FINNIFTY23JUL2424200PE.NFO,2024-07-05,09:28:00,2024-07-23,199.9,199.9,199.9,199.9,0,0,1
FINNIFTY23JUL2424200PE.NFO,2024-07-05,09:29:00,2024-07-23,199.9,199.9,199.9,199.9,0,0,1
FINNIFTY23JUL2424200PE.NFO,2024-07-05,09:30:00,2024-07-23,199.9,199.9,199.9,199.9,0,0,1
FINNIFTY23JUL2424200PE.NFO,2024-07-05,09:31:00,2024-07-23,199.9,199.9,199.9,199.9,0,0,1
FINNIFTY23JUL2424200PE.NFO,2024-07-05,09:32:00,2024-07-23,199.9,199.9,199.9,199.9,0,0,1
FINNIFTY23JUL2424200PE.NFO,2024-07-05,09:33:00,2024-07-23,199.9,199.9,199.9,199.9,0,0,1
FINNIFTY23JUL2424200PE.NFO,2024-07-05,09:34:00,2024-07-23,199.9,199.9,199.9,199.9,0,0,1
FINNIFTY23JUL2424200PE.NFO,2024-07-05,09:35:00,2024-07-23,199.9,199.9,199.9,199.9,0,0,1
FINNIFTY23JUL2424200PE.NFO,2024-07-05,09:36:00,2024-07-23,199.9,199.9,199.9,199.9,0,0,1
FINNIFTY23JUL2424200PE.NFO,2024-07-05,09:37:00,2024-07-23,199.9,199.9,199.9,199.9,0,0,1
FINNIFTY23JUL2424200PE.NFO,2024-07-05,09:38:00,2024-07-23,199.9,199.9,199.9,199.9,0,0,1
FINNIFTY23JUL2424200PE.NFO,2024-07-05,09:39:00,2024-07-23,199.9,199.9,199.9,199.9,0,0,1
FINNIFTY23JUL2424200PE.NFO,2024-07-05,09:40:00,2024-07-23,199.9,199.9,199.9,199.9,0,0,1
FINNIFTY23JUL2424200PE.NFO,2024-07-05,09:41:00,2024-07-23,199.9,199.9,199.9,199.9,0,0,1
FINNIFTY23JUL2424200PE.NFO,2024-07-05,09:42:00,2024-07-23,199.9,199.9,199.9,199.9,0,0,1
FINNIFTY23JUL2424200PE.NFO,2024-07-05,09:43:00,2024-07-23,199.9,199.9,199.9,199.9,0,0,1
FINNIFTY23JUL2424200PE.NFO,2024-07-05,09:44:00,2024-07-23,199.9,199.9,199.9,199.9,0,0,1
FINNIFTY23JUL2424200PE.NFO,2024-07-05,09:45:00,2024-07-23,199.9,199.9,199.9,199.9,0,0,1
FINNIFTY23JUL2424200PE.NFO,2024-07-05,09:46:00,2024-07-23,199.9,199.9,199.9,199.9,0,0,1
FINNIFTY23JUL2424200PE.NFO,2024-07-05,09:47:00,2024-07-23,199.9,199.9,199.9,199.9,0,0,1
FINNIFTY23JUL2424200PE.NFO,2024-07-05,09:48:00,2024-07-23,199.9,199.9,199.9,199.9,0,0,1
FINNIFTY23JUL2424200PE.NFO,2024-07-05,09:49:00,2024-07-23,199.9,199.9,199.9,199.9,0,0,1
FINNIFTY23JUL2424200PE.NFO,2024-07-05,09:50:00,2024-07-23,199.9,199.9,199.9,199.9,0,0,1
FINNIFTY23JUL2424200PE.NFO,2024-07-05,09:51:00,2024-07-23,199.9,199.9,199.9,199.9,0,0,1
FINNIFTY23JUL2424200PE.NFO,2024-07-05,09:52:00,2024-07-23,199.9,199.9,199.9,199.9,0,0,1
FINNIFTY23JUL2424200PE.NFO,2024-07-05,09:53:00,2024-07-23,199.9,199.9,199.9,199.9,0,0,1
FINNIFTY23JUL2424200PE.NFO,2024-07-05,09:54:00,2024-07-23,199.9,199.9,199.9,199.9,0,0,1
FINNIFTY23JUL2424200PE.NFO,2024-07-05,09:55:00,2024-07-23,199.9,199.9,199.9,199.9,0,0,1
FINNIFTY23JUL2424200PE.NFO,2024-07-05,09:56:00,2024-07-23,199.9,199.9,199.9,199.9,0,0,1
FINNIFTY23JUL2424200PE.NFO,2024-07-05,09:57:00,2024-07-23,199.9,199.9,199.9,199.9,0,0,1
FINNIFTY23JUL2424200PE.NFO,2024-07-05,09:58:00,2024-07-23,199.9,199.9,199.9,199.9,0,0,1
FINNIFTY23JUL2424200PE.NFO,2024-07-05,09:59:00,2024-07-23,199.9,199.9,199.9,199.9,0,0,1
FINNIFTY23JUL2424200PE.NFO,2024-07-05,10:00:00,2024-07-23,199.9,199.9,199.9,199.9,0,0,1
FINNIFTY23JUL2424200PE.NFO,2024-07-05,10:01:00,2024-07-23,199.9,199.9,199.9,199.9,0,0,1
FINNIFTY23JUL2424200PE.NFO,2024-07-05,10:02:00,2024-07-23,199.9,199.9,199.9,199.9,0,0,1
FINNIFTY23JUL2424200PE.NFO,2024-07-05,10:03:00,2024-07-23,199.9,199.9,199.9,199.9,0,0,1
FINNIFTY23JUL2424200PE.NFO,2024-07-05,10:04:00,2024-07-23,199.9,199.9,199.9,199.9,0,0,1
FINNIFTY23JUL2424200PE.NFO,2024-07-05,10:05:00,2024-07-23,199.9,199.9,199.9,199.9,0,0,1
FINNIFTY23JUL2424200PE.NFO,2024-07-05,10:06:00,2024-07-23,199.9,199.9,199.9,199.9,0,0,1
FINNIFTY23JUL2424200PE.NFO,2024-07-05,10:07:00,2024-07-23,199.9,199.9,199.9,199.9,0,0,1
FINNIFTY23JUL2424200PE.NFO,2024-07-05,10:08:00,2024-07-23,199.9,199.9,199.9,199.9,0,0,1
FINNIFTY23JUL2424200PE.NFO,2024-07-05,10:09:00,2024-07-23,199.9,199.9,199.9,199.9,0,0,1
FINNIFTY23JUL2424200PE.NFO,2024-07-05,10:10:00,2024-07-23,199.9,199.9,199.9,199.9,0,0,1
FINNIFTY23JUL2424200PE.NFO,2024-07-05,10:11:00,2024-07-23,199.9,199.9,199.9,199.9,0,0,1
FINNIFTY23JUL2424200PE.NFO,2024-07-05,10:12:00,2024-07-23,199.9,199.9,199.9,199.9,0,0,1
FINNIFTY23JUL2424200PE.NFO,2024-07-05,10:13:00,2024-07-23,199.9,199.9,199.9,199.9,0,0,1
FINNIFTY23JUL2424200PE.NFO,2024-07-05,10:14:00,2024-07-23,199.9,199.9,199.9,199.9,0,0,1
FINNIFTY23JUL2424200PE.NFO,2024-07-05,10:15:00,2024-07-23,199.9,199.9,199.9,199.9,0,0,1
FINNIFTY23JUL2424200PE.NFO,2024-07-05,10:16:00,2024-07-23,199.9,199.9,199.9,199.9,0,0,1
FINNIFTY23JUL2424200PE.NFO,2024-07-05,10:17:00,2024-07-23,199.9,199.9,199.9,199.9,0,0,1
FINNIFTY23JUL2424200PE.NFO,2024-07-05,10:18:00,2024-07-23,199.9,199.9,199.9,199.9,0,0,1
FINNIFTY23JUL2424200PE.NFO,2024-07-05,10:19:00,2024-07-23,199.9,199.9,199.9,199.9,0,0,1
FINNIFTY23JUL2424200PE.NFO,2024-07-05,10:20:00,2024-07-23,199.9,199.9,199.9,199.9,0,0,1
FINNIFTY23JUL2424200PE.NFO,2024-07-05,10:21:00,2024-07-23,199.9,199.9,199.9,199.9,0,0,1
FINNIFTY23JUL2424200PE.NFO,2024-07-05,10:22:00,2024-07-23,199.9,199.9,199.9,199.9,0,0,1
FINNIFTY23JUL2424200PE.NFO,2024-07-05,10:23:00,2024-07-23,199.9,199.9,199.9,199.9,0,0,1
FINNIFTY23JUL2424200PE.NFO,2024-07-05,10:24:00,2024-07-23,199.9,199.9,199.9,199.9,0,0,1
FINNIFTY23JUL2424200PE.NFO,2024-07-05,10:25:00,2024-07-23,199.9,199.9,199.9,199.9,0,0,1
FINNIFTY23JUL2424200PE.NFO,2024-07-05,10:26:00,2024-07-23,199.9,199.9,199.9,199.9,0,0,1
FINNIFTY23JUL2424200PE.NFO,2024-07-05,10:27:00,2024-07-23,199.9,199.9,199.9,199.9,0,0,1
FINNIFTY23JUL2424200PE.NFO,2024-07-05,10:28:00,2024-07-23,199.9,199.9,199.9,199.9,0,0,1
FINNIFTY23JUL2424200PE.NFO,2024-07-05,10:29:00,2024-07-23,199.9,199.9,199.9,199.9,0,0,1
FINNIFTY23JUL2424200PE.NFO,2024-07-05,10:30:00,2024-07-23,199.9,199.9,199.9,199.9,0,0,1
FINNIFTY23JUL2424200PE.NFO,2024-07-05,10:31:00,2024-07-23,199.9,199.9,199.9,199.9,0,0,1
FINNIFTY23JUL2424200PE.NFO,2024-07-05,10:32:00,2024-07-23,199.9,199.9,199.9,199.9,0,0,1
FINNIFTY23JUL2424200PE.NFO,2024-07-05,10:33:00,2024-07-23,199.9,199.9,199.9,199.9,0,0,1
FINNIFTY23JUL2424200PE.NFO,2024-07-05,10:34:00,2024-07-23,199.9,199.9,199.9,199.9,0,0,1
FINNIFTY23JUL2424200PE.NFO,2024-07-05,10:35:00,2024-07-23,199.9,199.9,199.9,199.9,0,0,1
FINNIFTY23JUL2424200PE.NFO,2024-07-05,10:36:00,2024-07-23,199.9,199.9,199.9,199.9,0,0,1
FINNIFTY23JUL2424200PE.NFO,2024-07-05,10:37:00,2024-07-23,199.9,199.9,199.9,199.9,0,0,1
FINNIFTY23JUL2424200PE.NFO,2024-07-05,10:38:00,2024-07-23,199.9,199.9,199.9,199.9,0,0,1
FINNIFTY23JUL2424200PE.NFO,2024-07-05,10:39:00,2024-07-23,199.9,199.9,199.9,199.9,0,0,1
FINNIFTY23JUL2424200PE.NFO,2024-07-05,10:40:00,2024-07-23,199.9,199.9,199.9,199.9,0,0,1
FINNIFTY23JUL2424200PE.NFO,2024-07-05,10:41:00,2024-07-23,199.9,199.9,199.9,199.9,0,0,1
FINNIFTY23JUL2424200PE.NFO,2024-07-05,10:42:00,2024-07-23,199.9,199.9,199.9,199.9,0,0,1
FINNIFTY23JUL2424200PE.NFO,2024-07-05,10:43:00,2024-07-23,199.9,199.9,199.9,199.9,0,0,1
FINNIFTY23JUL2424200PE.NFO,2024-07-05,10:44:00,2024-07-23,199.9,199.9,199.9,199.9,0,0,1
FINNIFTY23JUL2424200PE.NFO,2024-07-05,10:45:00,2024-07-23,199.9,199.9,199.9,199.9,0,0,1
FINNIFTY23JUL2424200PE.NFO,2024-07-05,10:46:00,2024-07-23,199.9,199.9,199.9,199.9,0,0,1
FINNIFTY23JUL2424200PE.NFO,2024-07-05,10:47:00,2024-07-23,199.9,199.9,199.9,199.9,0,0,1
FINNIFTY23JUL2424200PE.NFO,2024-07-05,10:48:00,2024-07-23,199.9,199.9,199.9,199.9,0,0,1
FINNIFTY23JUL2424200PE.NFO,2024-07-05,10:49:00,2024-07-23,199.9,199.9,199.9,199.9,0,0,1
FINNIFTY23JUL2424200PE.NFO,2024-07-05,10:50:00,2024-07-23,199.9,199.9,199.9,199.9,0,0,1
FINNIFTY23JUL2424200PE.NFO,2024-07-05,10:51:00,2024-07-23,199.9,199.9,199.9,199.9,0,0,1
FINNIFTY23JUL2424200PE.NFO,2024-07-05,10:52:00,2024-07-23,199.9,199.9,199.9,199.9,0,0,1
FINNIFTY23JUL2424200PE.NFO,2024-07-05,10:53:00,2024-07-23,199.9,199.9,199.9,199.9,0,0,1
FINNIFTY23JUL2424200PE.NFO,2024-07-05,10:54:00,2024-07-23,199.9,199.9,199.9,199.9,0,0,1
FINNIFTY23JUL2424200PE.NFO,2024-07-05,10:55:00,2024-07-23,199.9,199.9,199.9,199.9,0,0,1
FINNIFTY23JUL2424200PE.NFO,2024-07-05,10:56:00,2024-07-23,199.9,199.9,199.9,199.9,0,0,1
FINNIFTY23JUL2424200PE.NFO,2024-07-05,10:57:00,2024-07-23,199.9,199.9,199.9,199.9,0,0,1
FINNIFTY23JUL2424200PE.NFO,2024-07-05,10:58:00,2024-07-23,199.9,199.9,199.9,199.9,0,0,1
FINNIFTY23JUL2424200PE.NFO,2024-07-05,10:59:00,2024-07-23,199.9,199.9,199.9,199.9,0,0,1
FINNIFTY23JUL2424200PE.NFO,2024-07-05,11:00:00,2024-07-23,199.9,199.9,199.9,199.9,0,0,1
FINNIFTY23JUL2424200PE.NFO,2024-07-05,11:01:00,2024-07-23,199.9,199.9,199.9,199.9,0,0,1
FINNIFTY23JUL2424200PE.NFO,2024-07-05,11:02:00,2024-07-23,199.9,199.9,199.9,199.9,0,0,1
FINNIFTY23JUL2424200PE.NFO,2024-07-05,11:03:00,2024-07-23,199.9,199.9,199.9,199.9,0,0,1
FINNIFTY23JUL2424200PE.NFO,2024-07-05,11:04:00,2024-07-23,199.9,199.9,199.9,199.9,0,0,1
FINNIFTY23JUL2424200PE.NFO,2024-07-05,11:05:00,2024-07-23,199.9,199.9,199.9,199.9,0,0,1
FINNIFTY23JUL2424200PE.NFO,2024-07-05,11:06:00,2024-07-23,199.9,199.9,199.9,199.9,0,0,1
FINNIFTY23JUL2424200PE.NFO,2024-07-05,11:07:00,2024-07-23,199.9,199.9,199.9,199.9,0,0,1
FINNIFTY23JUL2424200PE.NFO,2024-07-05,11:08:00,2024-07-23,199.9,199.9,199.9,199.9,0,0,1
FINNIFTY23JUL2424200PE.NFO,2024-07-05,11:09:00,2024-07-23,199.9,199.9,199.9,199.9,0,0,1
FINNIFTY23JUL2424200PE.NFO,2024-07-05,11:10:00,2024-07-23,199.9,199.9,199.9,199.9,0,0,1
FINNIFTY23JUL2424200PE.NFO,2024-07-05,11:11:00,2024-07-23,199.9,199.9,199.9,199.9,0,0,1
FINNIFTY23JUL2424200PE.NFO,2024-07-05,11:12:00,2024-07-23,199.9,199.9,199.9,199.9,0,0,1
FINNIFTY23JUL2424200PE.NFO,2024-07-05,11:13:00,2024-07-23,199.9,199.9,199.9,199.9,0,0,1
FINNIFTY23JUL2424200PE.NFO,2024-07-05,11:14:00,2024-07-23,199.9,199.9,199.9,199.9,0,0,1
FINNIFTY23JUL2424200PE.NFO,2024-07-05,11:15:00,2024-07-23,199.9,199.9,199.9,199.9,0,0,1
FINNIFTY23JUL2424200PE.NFO,2024-07-05,11:16:00,2024-07-23,199.9,199.9,199.9,199.9,0,0,1
FINNIFTY23JUL2424200PE.NFO,2024-07-05,11:17:00,2024-07-23,199.9,199.9,199.9,199.9,0,0,1
FINNIFTY23JUL2424200PE.NFO,2024-07-05,11:18:00,2024-07-23,199.9,199.9,199.9,199.9,0,0,1
FINNIFTY23JUL2424200PE.NFO,2024-07-05,11:19:00,2024-07-23,199.9,199.9,199.9,199.9,0,0,1
FINNIFTY23JUL2424200PE.NFO,2024-07-05,11:20:00,2024-07-23,199.9,199.9,199.9,199.9,0,0,1
FINNIFTY23JUL2424200PE.NFO,2024-07-05,11:21:00,2024-07-23,199.9,199.9,199.9,199.9,0,0,1
FINNIFTY23JUL2424200PE.NFO,2024-07-05,11:22:00,2024-07-23,199.9,199.9,199.9,199.9,0,0,1
FINNIFTY23JUL2424200PE.NFO,2024-07-05,11:23:00,2024-07-23,199.9,199.9,199.9,199.9,0,0,1
FINNIFTY23JUL2424200PE.NFO,2024-07-05,11:24:00,2024-07-23,199.9,199.9,199.9,199.9,0,0,1
FINNIFTY23JUL2424200PE.NFO,2024-07-05,11:25:00,2024-07-23,199.9,199.9,199.9,199.9,0,0,1
FINNIFTY23JUL2424200PE.NFO,2024-07-05,11:26:00,2024-07-23,199.9,199.9,199.9,199.9,0,0,1
FINNIFTY23JUL2424200PE.NFO,2024-07-05,11:27:00,2024-07-23,199.9,199.9,199.9,199.9,0,0,1
FINNIFTY23JUL2424200PE.NFO,2024-07-05,11:28:00,2024-07-23,199.9,199.9,199.9,199.9,0,0,1
FINNIFTY23JUL2424200PE.NFO,2024-07-05,11:29:00,2024-07-23,199.9,199.9,199.9,199.9,0,0,1
FINNIFTY23JUL2424200PE.NFO,2024-07-05,11:30:00,2024-07-23,199.9,199.9,199.9,199.9,0,0,1
FINNIFTY23JUL2424200PE.NFO,2024-07-05,11:31:00,2024-07-23,199.9,199.9,199.9,199.9,0,0,1
FINNIFTY23JUL2424200PE.NFO,2024-07-05,11:32:00,2024-07-23,199.9,199.9,199.9,199.9,0,0,1
FINNIFTY23JUL2424200PE.NFO,2024-07-05,11:33:00,2024-07-23,199.9,199.9,199.9,199.9,0,0,1
FINNIFTY23JUL2424200PE.NFO,2024-07-05,11:34:00,2024-07-23,199.9,199.9,199.9,199.9,0,0,1
FINNIFTY23JUL2424200PE.NFO,2024-07-05,11:35:00,2024-07-23,199.9,199.9,199.9,199.9,0,0,1
FINNIFTY23JUL2424200PE.NFO,2024-07-05,11:36:00,2024-07-23,199.9,199.9,199.9,199.9,0,0,1
FINNIFTY23JUL2424200PE.NFO,2024-07-05,11:37:00,2024-07-23,199.9,199.9,199.9,199.9,0,0,1
FINNIFTY23JUL2424200PE.NFO,2024-07-05,11:38:00,2024-07-23,199.9,199.9,199.9,199.9,0,0,1
FINNIFTY23JUL2424200PE.NFO,2024-07-05,11:39:00,2024-07-23,199.9,199.9,199.9,199.9,0,0,1
FINNIFTY23JUL2424200PE.NFO,2024-07-05,11:40:00,2024-07-23,199.9,199.9,199.9,199.9,0,0,1
FINNIFTY23JUL2424200PE.NFO,2024-07-05,11:41:00,2024-07-23,199.9,199.9,199.9,199.9,0,0,1
FINNIFTY23JUL2424200PE.NFO,2024-07-05,11:42:00,2024-07-23,199.9,199.9,199.9,199.9,0,0,1
FINNIFTY23JUL2424200PE.NFO,2024-07-05,11:43:00,2024-07-23,199.9,199.9,199.9,199.9,0,0,1
FINNIFTY23JUL2424200PE.NFO,2024-07-05,11:44:00,2024-07-23,199.9,199.9,199.9,199.9,0,0,1
FINNIFTY23JUL2424200PE.NFO,2024-07-05,11:45:00,2024-07-23,199.9,199.9,199.9,199.9,0,0,1
FINNIFTY23JUL2424200PE.NFO,2024-07-05,11:46:00,2024-07-23,199.9,199.9,199.9,199.9,0,0,1
FINNIFTY23JUL2424200PE.NFO,2024-07-05,11:47:00,2024-07-23,199.9,199.9,199.9,199.9,0,0,1
FINNIFTY23JUL2424200PE.NFO,2024-07-05,11:48:00,2024-07-23,199.9,199.9,199.9,199.9,0,0,1
FINNIFTY23JUL2424200PE.NFO,2024-07-05,11:49:00,2024-07-23,199.9,199.9,199.9,199.9,0,0,1
FINNIFTY23JUL2424200PE.NFO,2024-07-05,11:50:00,2024-07-23,199.9,199.9,199.9,199.9,0,0,1
FINNIFTY23JUL2424200PE.NFO,2024-07-05,11:51:00,2024-07-23,199.9,199.9,199.9,199.9,0,0,1
FINNIFTY23JUL2424200PE.NFO,2024-07-05,11:52:00,2024-07-23,199.9,199.9,199.9,199.9,0,0,1
FINNIFTY23JUL2424200PE.NFO,2024-07-05,11:53:00,2024-07-23,199.9,199.9,199.9,199.9,0,0,1
FINNIFTY23JUL2424200PE.NFO,2024-07-05,11:54:00,2024-07-23,199.9,199.9,199.9,199.9,0,0,1
FINNIFTY23JUL2424200PE.NFO,2024-07-05,11:55:00,2024-07-23,199.9,199.9,199.9,199.9,0,0,1
FINNIFTY23JUL2424200PE.NFO,2024-07-05,11:56:00,2024-07-23,199.9,199.9,199.9,199.9,0,0,1
FINNIFTY23JUL2424200PE.NFO,2024-07-05,11:57:00,2024-07-23,199.9,199.9,199.9,199.9,0,0,1
FINNIFTY23JUL2424200PE.NFO,2024-07-05,11:58:00,2024-07-23,199.9,199.9,199.9,199.9,0,0,1
FINNIFTY23JUL2424200PE.NFO,2024-07-05,11:59:00,2024-07-23,199.9,199.9,199.9,199.9,0,0,1
FINNIFTY23JUL2424200PE.NFO,2024-07-05,12:00:00,2024-07-23,199.9,199.9,199.9,199.9,0,0,1
FINNIFTY23JUL2424200PE.NFO,2024-07-05,12:01:00,2024-07-23,199.9,199.9,199.9,199.9,0,0,1
FINNIFTY23JUL2424200PE.NFO,2024-07-05,12:02:00,2024-07-23,199.9,199.9,199.9,199.9,0,0,1
FINNIFTY23JUL2424200PE.NFO,2024-07-05,12:03:00,2024-07-23,199.9,199.9,199.9,199.9,0,0,1
FINNIFTY23JUL2424200PE.NFO,2024-07-05,12:04:00,2024-07-23,199.9,199.9,199.9,199.9,0,0,1
FINNIFTY23JUL2424200PE.NFO,2024-07-05,12:05:00,2024-07-23,199.9,199.9,199.9,199.9,0,0,1
FINNIFTY23JUL2424200PE.NFO,2024-07-05,12:06:00,2024-07-23,199.9,199.9,199.9,199.9,0,0,1
FINNIFTY23JUL2424200PE.NFO,2024-07-05,12:07:00,2024-07-23,199.9,199.9,199.9,199.9,0,0,1
FINNIFTY23JUL2424200PE.NFO,2024-07-05,12:08:00,2024-07-23,199.9,199.9,199.9,199.9,0,0,1
FINNIFTY23JUL2424200PE.NFO,2024-07-05,12:09:00,2024-07-23,199.9,199.9,199.9,199.9,0,0,1
FINNIFTY23JUL2424200PE.NFO,2024-07-05,12:10:00,2024-07-23,199.9,199.9,199.9,199.9,0,0,1
FINNIFTY23JUL2424200PE.NFO,2024-07-05,12:11:00,2024-07-23,199.9,199.9,199.9,199.9,0,0,1
FINNIFTY23JUL2424200PE.NFO,2024-07-05,12:12:00,2024-07-23,199.9,199.9,199.9,199.9,0,0,1
FINNIFTY23JUL2424200PE.NFO,2024-07-05,12:13:00,2024-07-23,199.9,199.9,199.9,199.9,0,0,1
FINNIFTY23JUL2424200PE.NFO,2024-07-05,12:14:00,2024-07-23,199.9,199.9,199.9,199.9,0,0,1
FINNIFTY23JUL2424200PE.NFO,2024-07-05,12:15:00,2024-07-23,199.9,199.9,199.9,199.9,0,0,1
FINNIFTY23JUL2424200PE.NFO,2024-07-05,12:16:00,2024-07-23,199.9,199.9,199.9,199.9,0,0,1
FINNIFTY23JUL2424200PE.NFO,2024-07-05,12:17:00,2024-07-23,199.9,199.9,199.9,199.9,0,0,1
FINNIFTY23JUL2424200PE.NFO,2024-07-05,12:18:00,2024-07-23,199.9,199.9,199.9,199.9,0,0,1
FINNIFTY23JUL2424200PE.NFO,2024-07-05,12:19:00,2024-07-23,199.9,199.9,199.9,199.9,0,0,1
FINNIFTY23JUL2424200PE.NFO,2024-07-05,12:20:00,2024-07-23,199.9,199.9,199.9,199.9,0,0,1
FINNIFTY23JUL2424200PE.NFO,2024-07-05,12:21:00,2024-07-23,199.9,199.9,199.9,199.9,0,0,1
FINNIFTY23JUL2424200PE.NFO,2024-07-05,12:22:00,2024-07-23,199.9,199.9,199.9,199.9,0,0,1
FINNIFTY23JUL2424200PE.NFO,2024-07-05,12:23:00,2024-07-23,199.9,199.9,199.9,199.9,0,0,1
FINNIFTY23JUL2424200PE.NFO,2024-07-05,12:24:00,2024-07-23,199.9,199.9,199.9,199.9,0,0,1
FINNIFTY23JUL2424200PE.NFO,2024-07-05,12:25:00,2024-07-23,199.9,199.9,199.9,199.9,0,0,1
FINNIFTY23JUL2424200PE.NFO,2024-07-05,12:26:00,2024-07-23,199.9,199.9,199.9,199.9,0,0,1
FINNIFTY23JUL2424200PE.NFO,2024-07-05,12:27:00,2024-07-23,199.9,199.9,199.9,199.9,0,0,1
FINNIFTY23JUL2424200PE.NFO,2024-07-05,12:28:00,2024-07-23,199.9,199.9,199.9,199.9,0,0,1
FINNIFTY23JUL2424200PE.NFO,2024-07-05,12:29:00,2024-07-23,199.9,199.9,199.9,199.9,0,0,1
FINNIFTY23JUL2424200PE.NFO,2024-07-05,12:30:00,2024-07-23,199.9,199.9,199.9,199.9,0,0,1
FINNIFTY23JUL2424200PE.NFO,2024-07-05,12:31:00,2024-07-23,199.9,199.9,199.9,199.9,0,0,1
FINNIFTY23JUL2424200PE.NFO,2024-07-05,12:32:00,2024-07-23,199.9,199.9,199.9,199.9,0,0,1
FINNIFTY23JUL2424200PE.NFO,2024-07-05,12:33:00,2024-07-23,199.9,199.9,199.9,199.9,0,0,1
FINNIFTY23JUL2424200PE.NFO,2024-07-05,12:34:00,2024-07-23,199.9,199.9,199.9,199.9,0,0,1
FINNIFTY23JUL2424200PE.NFO,2024-07-05,12:35:00,2024-07-23,199.9,199.9,199.9,199.9,0,0,1
FINNIFTY23JUL2424200PE.NFO,2024-07-05,12:36:00,2024-07-23,199.9,199.9,199.9,199.9,0,0,1
FINNIFTY23JUL2424200PE.NFO,2024-07-05,12:37:00,2024-07-23,199.9,199.9,199.9,199.9,0,0,1
FINNIFTY23JUL2424200PE.NFO,2024-07-05,12:38:00,2024-07-23,199.9,199.9,199.9,199.9,0,0,1
FINNIFTY23JUL2424200PE.NFO,2024-07-05,12:39:00,2024-07-23,199.9,199.9,199.9,199.9,0,0,1
FINNIFTY23JUL2424200PE.NFO,2024-07-05,12:40:00,2024-07-23,199.9,199.9,199.9,199.9,0,0,1
FINNIFTY23JUL2424200PE.NFO,2024-07-05,12:41:00,2024-07-23,199.9,199.9,199.9,199.9,0,0,1
FINNIFTY23JUL2424200PE.NFO,2024-07-05,12:42:00,2024-07-23,199.9,199.9,199.9,199.9,0,0,1
FINNIFTY23JUL2424200PE.NFO,2024-07-05,12:43:00,2024-07-23,199.9,199.9,199.9,199.9,0,0,1
FINNIFTY23JUL2424200PE.NFO,2024-07-05,12:44:00,2024-07-23,199.9,199.9,199.9,199.9,0,0,1
FINNIFTY23JUL2424200PE.NFO,2024-07-05,12:45:00,2024-07-23,199.9,199.9,199.9,199.9,0,0,1
FINNIFTY23JUL2424200PE.NFO,2024-07-05,12:46:00,2024-07-23,199.9,199.9,199.9,199.9,0,0,1
FINNIFTY23JUL2424200PE.NFO,2024-07-05,12:47:00,2024-07-23,199.9,199.9,199.9,199.9,0,0,1
FINNIFTY23JUL2424200PE.NFO,2024-07-05,12:48:00,2024-07-23,199.9,199.9,199.9,199.9,0,0,1
FINNIFTY23JUL2424200PE.NFO,2024-07-05,12:49:00,2024-07-23,199.9,199.9,199.9,199.9,0,0,1
FINNIFTY23JUL2424200PE.NFO,2024-07-05,12:50:00,2024-07-23,199.9,199.9,199.9,199.9,0,0,1
FINNIFTY23JUL2424200PE.NFO,2024-07-05,12:51:00,2024-07-23,199.9,199.9,199.9,199.9,0,0,1
FINNIFTY23JUL2424200PE.NFO,2024-07-05,12:52:00,2024-07-23,199.9,199.9,199.9,199.9,0,0,1
FINNIFTY23JUL2424200PE.NFO,2024-07-05,12:53:00,2024-07-23,199.9,199.9,199.9,199.9,0,0,1
FINNIFTY23JUL2424200PE.NFO,2024-07-05,12:54:00,2024-07-23,199.9,199.9,199.9,199.9,0,0,1
FINNIFTY23JUL2424200PE.NFO,2024-07-05,12:55:00,2024-07-23,199.9,199.9,199.9,199.9,0,0,1
FINNIFTY23JUL2424200PE.NFO,2024-07-05,12:56:00,2024-07-23,199.9,199.9,199.9,199.9,0,0,1
FINNIFTY23JUL2424200PE.NFO,2024-07-05,12:57:00,2024-07-23,199.9,199.9,199.9,199.9,0,0,1
FINNIFTY23JUL2424200PE.NFO,2024-07-05,12:58:00,2024-07-23,199.9,199.9,199.9,199.9,0,0,1
FINNIFTY23JUL2424200PE.NFO,2024-07-05,12:59:00,2024-07-23,199.9,199.9,199.9,199.9,0,0,1
FINNIFTY23JUL2424200PE.NFO,2024-07-05,13:00:00,2024-07-23,199.9,199.9,199.9,199.9,0,0,1
FINNIFTY23JUL2424200PE.NFO,2024-07-05,13:01:00,2024-07-23,199.9,199.9,199.9,199.9,0,0,1
FINNIFTY23JUL2424200PE.NFO,2024-07-05,13:02:00,2024-07-23,199.9,199.9,199.9,199.9,0,0,1
FINNIFTY23JUL2424200PE.NFO,2024-07-05,13:03:00,2024-07-23,199.9,199.9,199.9,199.9,0,0,1
FINNIFTY23JUL2424200PE.NFO,2024-07-05,13:04:00,2024-07-23,199.9,199.9,199.9,199.9,0,0,1
FINNIFTY23JUL2424200PE.NFO,2024-07-05,13:05:00,2024-07-23,199.9,199.9,199.9,199.9,0,0,1
FINNIFTY23JUL2424200PE.NFO,2024-07-05,13:06:00,2024-07-23,199.9,199.9,199.9,199.9,0,0,1
FINNIFTY23JUL2424200PE.NFO,2024-07-05,13:07:00,2024-07-23,199.9,199.9,199.9,199.9,0,0,1
FINNIFTY23JUL2424200PE.NFO,2024-07-05,13:08:00,2024-07-23,199.9,199.9,199.9,199.9,0,0,1
FINNIFTY23JUL2424200PE.NFO,2024-07-05,13:09:00,2024-07-23,199.9,199.9,199.9,199.9,0,0,1
FINNIFTY23JUL2424200PE.NFO,2024-07-05,13:10:00,2024-07-23,199.9,199.9,199.9,199.9,0,0,1
FINNIFTY23JUL2424200PE.NFO,2024-07-05,13:11:00,2024-07-23,199.9,199.9,199.9,199.9,0,0,1
FINNIFTY23JUL2424200PE.NFO,2024-07-05,13:12:00,2024-07-23,199.9,199.9,199.9,199.9,0,0,1
FINNIFTY23JUL2424200PE.NFO,2024-07-05,13:13:00,2024-07-23,199.9,199.9,199.9,199.9,0,0,1
FINNIFTY23JUL2424200PE.NFO,2024-07-05,13:14:00,2024-07-23,199.9,199.9,199.9,199.9,0,0,1
FINNIFTY23JUL2424200PE.NFO,2024-07-05,13:15:00,2024-07-23,199.9,199.9,199.9,199.9,0,0,1
FINNIFTY23JUL2424200PE.NFO,2024-07-05,13:16:00,2024-07-23,199.9,199.9,199.9,199.9,0,0,1
FINNIFTY23JUL2424200PE.NFO,2024-07-05,13:17:00,2024-07-23,199.9,199.9,199.9,199.9,0,0,1
FINNIFTY23JUL2424200PE.NFO,2024-07-05,13:18:00,2024-07-23,199.9,199.9,199.9,199.9,0,0,1
FINNIFTY23JUL2424200PE.NFO,2024-07-05,13:19:00,2024-07-23,199.9,199.9,199.9,199.9,0,0,1
FINNIFTY23JUL2424200PE.NFO,2024-07-05,13:20:00,2024-07-23,199.9,199.9,199.9,199.9,0,0,1
FINNIFTY23JUL2424200PE.NFO,2024-07-05,13:21:00,2024-07-23,199.9,199.9,199.9,199.9,0,0,1
FINNIFTY23JUL2424200PE.NFO,2024-07-05,13:22:00,2024-07-23,199.9,199.9,199.9,199.9,0,0,1
FINNIFTY23JUL2424200PE.NFO,2024-07-05,13:23:00,2024-07-23,199.9,199.9,199.9,199.9,0,0,1
FINNIFTY23JUL2424200PE.NFO,2024-07-05,13:24:00,2024-07-23,199.9,199.9,199.9,199.9,0,0,1
FINNIFTY23JUL2424200PE.NFO,2024-07-05,13:25:00,2024-07-23,199.9,199.9,199.9,199.9,0,0,1
FINNIFTY23JUL2424200PE.NFO,2024-07-05,13:26:00,2024-07-23,199.9,199.9,199.9,199.9,0,0,1
FINNIFTY23JUL2424200PE.NFO,2024-07-05,13:27:00,2024-07-23,199.9,199.9,199.9,199.9,0,0,1
FINNIFTY23JUL2424200PE.NFO,2024-07-05,13:28:00,2024-07-23,199.9,199.9,199.9,199.9,0,0,1
FINNIFTY23JUL2424200PE.NFO,2024-07-05,13:29:00,2024-07-23,199.9,199.9,199.9,199.9,0,0,1
FINNIFTY23JUL2424200PE.NFO,2024-07-05,13:30:00,2024-07-23,199.9,199.9,199.9,199.9,0,0,1
FINNIFTY23JUL2424200PE.NFO,2024-07-05,13:31:00,2024-07-23,199.9,199.9,199.9,199.9,0,0,1
FINNIFTY23JUL2424200PE.NFO,2024-07-05,13:32:00,2024-07-23,199.9,199.9,199.9,199.9,0,0,1
FINNIFTY23JUL2424200PE.NFO,2024-07-05,13:33:00,2024-07-23,199.9,199.9,199.9,199.9,0,0,1
FINNIFTY23JUL2424200PE.NFO,2024-07-05,13:34:00,2024-07-23,199.9,199.9,199.9,199.9,0,0,1
FINNIFTY23JUL2424200PE.NFO,2024-07-05,13:35:00,2024-07-23,199.9,199.9,199.9,199.9,0,0,1
FINNIFTY23JUL2424200PE.NFO,2024-07-05,13:36:00,2024-07-23,199.9,199.9,199.9,199.9,0,0,1
FINNIFTY23JUL2424200PE.NFO,2024-07-05,13:37:00,2024-07-23,199.9,199.9,199.9,199.9,0,0,1
FINNIFTY23JUL2424200PE.NFO,2024-07-05,13:38:00,2024-07-23,199.9,199.9,199.9,199.9,0,0,1
FINNIFTY23JUL2424200PE.NFO,2024-07-05,13:39:00,2024-07-23,199.9,199.9,199.9,199.9,0,0,1
FINNIFTY23JUL2424200PE.NFO,2024-07-05,13:40:00,2024-07-23,199.9,199.9,199.9,199.9,0,0,1
FINNIFTY23JUL2424200PE.NFO,2024-07-05,13:41:00,2024-07-23,199.9,199.9,199.9,199.9,0,0,1
FINNIFTY23JUL2424200PE.NFO,2024-07-05,13:42:00,2024-07-23,199.9,199.9,199.9,199.9,0,0,1
FINNIFTY23JUL2424200PE.NFO,2024-07-05,13:43:00,2024-07-23,199.9,199.9,199.9,199.9,0,0,1
FINNIFTY23JUL2424200PE.NFO,2024-07-05,13:44:00,2024-07-23,199.9,199.9,199.9,199.9,0,0,1
FINNIFTY23JUL2424200PE.NFO,2024-07-05,13:45:00,2024-07-23,199.9,199.9,199.9,199.9,0,0,1
FINNIFTY23JUL2424200PE.NFO,2024-07-05,13:46:00,2024-07-23,199.9,199.9,199.9,199.9,0,0,1
FINNIFTY23JUL2424200PE.NFO,2024-07-05,13:47:00,2024-07-23,199.9,199.9,199.9,199.9,0,0,1
FINNIFTY23JUL2424200PE.NFO,2024-07-05,13:48:00,2024-07-23,199.9,199.9,199.9,199.9,0,0,1
FINNIFTY23JUL2424200PE.NFO,2024-07-05,13:49:00,2024-07-23,199.9,199.9,199.9,199.9,0,0,1
FINNIFTY23JUL2424200PE.NFO,2024-07-05,13:50:00,2024-07-23,199.9,199.9,199.9,199.9,0,0,1
FINNIFTY23JUL2424200PE.NFO,2024-07-05,13:51:00,2024-07-23,199.9,199.9,199.9,199.9,0,0,1
FINNIFTY23JUL2424200PE.NFO,2024-07-05,13:52:00,2024-07-23,199.9,199.9,199.9,199.9,0,0,1
FINNIFTY23JUL2424200PE.NFO,2024-07-05,13:53:00,2024-07-23,199.9,199.9,199.9,199.9,0,0,1
FINNIFTY23JUL2424200PE.NFO,2024-07-05,13:54:00,2024-07-23,199.9,199.9,199.9,199.9,0,0,1
FINNIFTY23JUL2424200PE.NFO,2024-07-05,13:55:00,2024-07-23,199.9,199.9,199.9,199.9,0,0,1
FINNIFTY23JUL2424200PE.NFO,2024-07-05,13:56:00,2024-07-23,199.9,199.9,199.9,199.9,0,0,1
FINNIFTY23JUL2424200PE.NFO,2024-07-05,13:57:00,2024-07-23,199.9,199.9,199.9,199.9,0,0,1
FINNIFTY23JUL2424200PE.NFO,2024-07-05,13:58:00,2024-07-23,199.9,199.9,199.9,199.9,0,0,1
FINNIFTY23JUL2424200PE.NFO,2024-07-05,13:59:00,2024-07-23,199.9,199.9,199.9,199.9,0,0,1
FINNIFTY23JUL2424200PE.NFO,2024-07-05,14:00:00,2024-07-23,199.9,199.9,199.9,199.9,0,0,1
FINNIFTY23JUL2424200PE.NFO,2024-07-05,14:01:00,2024-07-23,199.9,199.9,199.9,199.9,0,0,1
FINNIFTY23JUL2424200PE.NFO,2024-07-05,14:02:00,2024-07-23,199.9,199.9,199.9,199.9,0,0,1
FINNIFTY23JUL2424200PE.NFO,2024-07-05,14:03:00,2024-07-23,199.9,199.9,199.9,199.9,0,0,1
FINNIFTY23JUL2424200PE.NFO,2024-07-05,14:04:00,2024-07-23,199.9,199.9,199.9,199.9,0,0,1
FINNIFTY23JUL2424200PE.NFO,2024-07-05,14:05:00,2024-07-23,199.9,199.9,199.9,199.9,0,0,1
FINNIFTY23JUL2424200PE.NFO,2024-07-05,14:06:00,2024-07-23,199.9,199.9,199.9,199.9,0,0,1
FINNIFTY23JUL2424200PE.NFO,2024-07-05,14:07:00,2024-07-23,199.9,199.9,199.9,199.9,0,0,1
FINNIFTY23JUL2424200PE.NFO,2024-07-05,14:08:00,2024-07-23,199.9,199.9,199.9,199.9,0,0,1
FINNIFTY23JUL2424200PE.NFO,2024-07-05,14:09:00,2024-07-23,199.9,199.9,199.9,199.9,0,0,1
FINNIFTY23JUL2424200PE.NFO,2024-07-05,14:10:00,2024-07-23,199.9,199.9,199.9,199.9,0,0,1
FINNIFTY23JUL2424200PE.NFO,2024-07-05,14:11:00,2024-07-23,199.9,199.9,199.9,199.9,0,0,1
FINNIFTY23JUL2424200PE.NFO,2024-07-05,14:12:00,2024-07-23,199.9,199.9,199.9,199.9,0,0,1
FINNIFTY23JUL2424200PE.NFO,2024-07-05,14:13:00,2024-07-23,199.9,199.9,199.9,199.9,0,0,1
FINNIFTY23JUL2424200PE.NFO,2024-07-05,14:14:00,2024-07-23,199.9,199.9,199.9,199.9,0,0,1
FINNIFTY23JUL2424200PE.NFO,2024-07-05,14:15:00,2024-07-23,199.9,199.9,199.9,199.9,0,0,1
FINNIFTY23JUL2424200PE.NFO,2024-07-05,14:16:00,2024-07-23,199.9,199.9,199.9,199.9,0,0,1
FINNIFTY23JUL2424200PE.NFO,2024-07-05,14:17:00,2024-07-23,199.9,199.9,199.9,199.9,0,0,1
FINNIFTY23JUL2424200PE.NFO,2024-07-05,14:18:00,2024-07-23,199.9,199.9,199.9,199.9,0,0,1
FINNIFTY23JUL2424200PE.NFO,2024-07-05,14:19:00,2024-07-23,199.9,199.9,199.9,199.9,0,0,1
FINNIFTY23JUL2424200PE.NFO,2024-07-05,14:20:00,2024-07-23,199.9,199.9,199.9,199.9,0,0,1
FINNIFTY23JUL2424200PE.NFO,2024-07-05,14:21:00,2024-07-23,199.9,199.9,199.9,199.9,0,0,1
FINNIFTY23JUL2424200PE.NFO,2024-07-05,14:22:00,2024-07-23,199.9,199.9,199.9,199.9,0,0,1
FINNIFTY23JUL2424200PE.NFO,2024-07-05,14:23:00,2024-07-23,199.9,199.9,199.9,199.9,0,0,1
FINNIFTY23JUL2424200PE.NFO,2024-07-05,14:24:00,2024-07-23,199.9,199.9,199.9,199.9,0,0,1
FINNIFTY23JUL2424200PE.NFO,2024-07-05,14:25:00,2024-07-23,199.9,199.9,199.9,199.9,0,0,1
FINNIFTY23JUL2424200PE.NFO,2024-07-05,14:26:00,2024-07-23,199.9,199.9,199.9,199.9,0,0,1
FINNIFTY23JUL2424200PE.NFO,2024-07-05,14:27:00,2024-07-23,199.9,199.9,199.9,199.9,0,0,1
FINNIFTY23JUL2424200PE.NFO,2024-07-05,14:28:00,2024-07-23,199.9,199.9,199.9,199.9,0,0,1
FINNIFTY23JUL2424200PE.NFO,2024-07-05,14:29:00,2024-07-23,199.9,199.9,199.9,199.9,0,0,1
FINNIFTY23JUL2424200PE.NFO,2024-07-05,14:30:00,2024-07-23,199.9,199.9,199.9,199.9,0,0,1
FINNIFTY23JUL2424200PE.NFO,2024-07-05,14:31:00,2024-07-23,199.9,199.9,199.9,199.9,0,0,1
FINNIFTY23JUL2424200PE.NFO,2024-07-05,14:32:00,2024-07-23,199.9,199.9,199.9,199.9,0,0,1
FINNIFTY23JUL2424200PE.NFO,2024-07-05,14:33:00,2024-07-23,199.9,199.9,199.9,199.9,0,0,1
FINNIFTY23JUL2424200PE.NFO,2024-07-05,14:34:00,2024-07-23,199.9,199.9,199.9,199.9,0,0,1
FINNIFTY23JUL2424200PE.NFO,2024-07-05,14:35:00,2024-07-23,199.9,199.9,199.9,199.9,0,0,1
FINNIFTY23JUL2424200PE.NFO,2024-07-05,14:36:00,2024-07-23,199.9,199.9,199.9,199.9,0,0,1
FINNIFTY23JUL2424200PE.NFO,2024-07-05,14:37:00,2024-07-23,199.9,199.9,199.9,199.9,0,0,1
FINNIFTY23JUL2424200PE.NFO,2024-07-05,14:38:00,2024-07-23,199.9,199.9,199.9,199.9,0,0,1
FINNIFTY23JUL2424200PE.NFO,2024-07-05,14:39:00,2024-07-23,199.9,199.9,199.9,199.9,0,0,1
FINNIFTY23JUL2424200PE.NFO,2024-07-05,14:40:00,2024-07-23,199.9,199.9,199.9,199.9,0,0,1
FINNIFTY23JUL2424200PE.NFO,2024-07-05,14:41:00,2024-07-23,199.9,199.9,199.9,199.9,0,0,1
FINNIFTY23JUL2424200PE.NFO,2024-07-05,14:42:00,2024-07-23,199.9,199.9,199.9,199.9,0,0,1
FINNIFTY23JUL2424200PE.NFO,2024-07-05,14:43:00,2024-07-23,199.9,199.9,199.9,199.9,0,0,1
FINNIFTY23JUL2424200PE.NFO,2024-07-05,14:44:00,2024-07-23,199.9,199.9,199.9,199.9,0,0,1
FINNIFTY23JUL2424200PE.NFO,2024-07-05,14:45:00,2024-07-23,199.9,199.9,199.9,199.9,0,0,1
FINNIFTY23JUL2424200PE.NFO,2024-07-05,14:46:00,2024-07-23,199.9,199.9,199.9,199.9,0,0,1
FINNIFTY23JUL2424200PE.NFO,2024-07-05,14:47:00,2024-07-23,199.9,199.9,199.9,199.9,0,0,1
FINNIFTY23JUL2424200PE.NFO,2024-07-05,14:48:00,2024-07-23,199.9,199.9,199.9,199.9,0,0,1
FINNIFTY23JUL2424200PE.NFO,2024-07-05,14:49:00,2024-07-23,199.9,199.9,199.9,199.9,0,0,1
FINNIFTY23JUL2424200PE.NFO,2024-07-05,14:50:00,2024-07-23,199.9,199.9,199.9,199.9,0,0,1
FINNIFTY23JUL2424200PE.NFO,2024-07-05,14:51:00,2024-07-23,199.9,199.9,199.9,199.9,0,0,1
FINNIFTY23JUL2424200PE.NFO,2024-07-05,14:52:00,2024-07-23,199.9,199.9,199.9,199.9,0,0,1
FINNIFTY23JUL2424200PE.NFO,2024-07-05,14:53:00,2024-07-23,199.9,199.9,199.9,199.9,0,0,1
FINNIFTY23JUL2424200PE.NFO,2024-07-05,14:54:00,2024-07-23,199.9,199.9,199.9,199.9,0,0,1
FINNIFTY23JUL2424200PE.NFO,2024-07-05,14:55:00,2024-07-23,199.9,199.9,199.9,199.9,0,0,1
FINNIFTY23JUL2424200PE.NFO,2024-07-05,14:56:00,2024-07-23,199.9,199.9,199.9,199.9,0,0,1
FINNIFTY23JUL2424200PE.NFO,2024-07-05,14:57:00,2024-07-23,199.9,199.9,199.9,199.9,0,0,1
FINNIFTY23JUL2424200PE.NFO,2024-07-05,14:58:00,2024-07-23,199.9,199.9,199.9,199.9,0,0,1
FINNIFTY23JUL2424200PE.NFO,2024-07-05,14:59:00,2024-07-23,199.9,199.9,199.9,199.9,0,0,1
FINNIFTY23JUL2424200PE.NFO,2024-07-05,15:00:00,2024-07-23,199.9,199.9,199.9,199.9,0,0,1
FINNIFTY23JUL2424200PE.NFO,2024-07-05,15:01:00,2024-07-23,199.9,199.9,199.9,199.9,0,0,1
FINNIFTY23JUL2424200PE.NFO,2024-07-05,15:02:00,2024-07-23,199.9,199.9,199.9,199.9,0,0,1
FINNIFTY23JUL2424200PE.NFO,2024-07-05,15:03:00,2024-07-23,199.9,199.9,199.9,199.9,0,0,1
FINNIFTY23JUL2424200PE.NFO,2024-07-05,15:04:00,2024-07-23,199.9,199.9,199.9,199.9,0,0,1
FINNIFTY23JUL2424200PE.NFO,2024-07-05,15:05:00,2024-07-23,199.9,199.9,199.9,199.9,0,0,1
FINNIFTY23JUL2424200PE.NFO,2024-07-05,15:06:00,2024-07-23,199.9,199.9,199.9,199.9,0,0,1
FINNIFTY23JUL2424200PE.NFO,2024-07-05,15:07:00,2024-07-23,199.9,199.9,199.9,199.9,0,0,1
FINNIFTY23JUL2424200PE.NFO,2024-07-05,15:08:00,2024-07-23,199.9,199.9,199.9,199.9,0,0,1
FINNIFTY23JUL2424200PE.NFO,2024-07-05,15:09:00,2024-07-23,199.9,199.9,199.9,199.9,0,0,1
FINNIFTY23JUL2424200PE.NFO,2024-07-05,15:10:00,2024-07-23,199.9,199.9,199.9,199.9,0,0,1
FINNIFTY23JUL2424200PE.NFO,2024-07-05,15:11:00,2024-07-23,199.9,199.9,199.9,199.9,0,0,1
FINNIFTY23JUL2424200PE.NFO,2024-07-05,15:12:00,2024-07-23,199.9,199.9,199.9,199.9,0,0,1
FINNIFTY23JUL2424200PE.NFO,2024-07-05,15:13:00,2024-07-23,199.9,199.9,199.9,199.9,0,0,1
FINNIFTY23JUL2424200PE.NFO,2024-07-05,15:14:00,2024-07-23,199.9,199.9,199.9,199.9,0,0,1
FINNIFTY23JUL2424200PE.NFO,2024-07-05,15:15:00,2024-07-23,199.9,199.9,199.9,199.9,0,0,1
FINNIFTY23JUL2424200PE.NFO,2024-07-05,15:16:00,2024-07-23,199.9,199.9,199.9,199.9,0,0,1
FINNIFTY23JUL2424200PE.NFO,2024-07-05,15:17:00,2024-07-23,199.9,199.9,199.9,199.9,0,0,1
FINNIFTY23JUL2424200PE.NFO,2024-07-05,15:18:00,2024-07-23,199.9,199.9,199.9,199.9,0,0,1
FINNIFTY23JUL2424200PE.NFO,2024-07-05,15:19:00,2024-07-23,199.9,199.9,199.9,199.9,0,0,1
FINNIFTY23JUL2424200PE.NFO,2024-07-05,15:20:00,2024-07-23,199.9,199.9,199.9,199.9,0,0,1
FINNIFTY23JUL2424200PE.NFO,2024-07-05,15:21:00,2024-07-23,199.9,199.9,199.9,199.9,0,0,1
FINNIFTY23JUL2424200PE.NFO,2024-07-05,15:22:00,2024-07-23,199.9,199.9,199.9,199.9,0,0,1
FINNIFTY23JUL2424200PE.NFO,2024-07-05,15:23:00,2024-07-23,199.9,199.9,199.9,199.9,0,0,1
FINNIFTY23JUL2424200PE.NFO,2024-07-05,15:24:00,2024-07-23,199.9,199.9,199.9,199.9,0,0,1
FINNIFTY23JUL2424200PE.NFO,2024-07-05,15:25:00,2024-07-23,199.9,199.9,199.9,199.9,0,0,1
FINNIFTY23JUL2424200PE.NFO,2024-07-05,15:26:00,2024-07-23,199.9,199.9,199.9,199.9,0,0,1
FINNIFTY23JUL2424200PE.NFO,2024-07-05,15:27:00,2024-07-23,199.9,199.9,199.9,199.9,0,0,1
FINNIFTY23JUL2424200PE.NFO,2024-07-05,15:28:00,2024-07-23,199.9,199.9,199.9,199.9,0,0,1
FINNIFTY23JUL2424200PE.NFO,2024-07-05,15:29:00,2024-07-23,199.9,199.9,199.9,199.9,0,0,1
FINNIFTY23JUL2424200PE.NFO,2024-07-05,15:30:00,2024-07-23,199.9,199.9,199.9,199.9,0,0,1
FINNIFTY23JUL2424200PE.NFO,2024-07-08,09:15:00,2024-07-23,199.9,199.9,199.9,199.9,0,0,0
FINNIFTY23JUL2424200PE.NFO,2024-07-08,09:16:00,2024-07-23,199.9,199.9,199.9,199.9,0,0,1
FINNIFTY23JUL2424200PE.NFO,2024-07-08,09:17:00,2024-07-23,199.9,199.9,199.9,199.9,0,0,1
FINNIFTY23JUL2424200PE.NFO,2024-07-08,09:18:00,2024-07-23,199.9,199.9,199.9,199.9,0,0,1
FINNIFTY23JUL2424200PE.NFO,2024-07-08,09:19:00,2024-07-23,199.9,199.9,199.9,199.9,0,0,1
FINNIFTY23JUL2424200PE.NFO,2024-07-08,09:20:00,2024-07-23,199.9,199.9,199.9,199.9,0,0,1
FINNIFTY23JUL2424200PE.NFO,2024-07-08,09:21:00,2024-07-23,199.9,199.9,199.9,199.9,0,0,1
FINNIFTY23JUL2424200PE.NFO,2024-07-08,09:22:00,2024-07-23,199.9,199.9,199.9,199.9,0,0,1
FINNIFTY23JUL2424200PE.NFO,2024-07-08,09:23:00,2024-07-23,199.9,199.9,199.9,199.9,0,0,1
FINNIFTY23JUL2424200PE.NFO,2024-07-08,09:24:00,2024-07-23,199.9,199.9,199.9,199.9,0,0,1
FINNIFTY23JUL2424200PE.NFO,2024-07-08,09:25:00,2024-07-23,199.9,199.9,199.9,199.9,0,0,1
FINNIFTY23JUL2424200PE.NFO,2024-07-08,09:26:00,2024-07-23,199.9,199.9,199.9,199.9,0,0,1
FINNIFTY23JUL2424200PE.NFO,2024-07-08,09:27:00,2024-07-23,199.9,199.9,199.9,199.9,0,0,1
FINNIFTY23JUL2424200PE.NFO,2024-07-08,09:28:00,2024-07-23,199.9,199.9,199.9,199.9,0,0,1
FINNIFTY23JUL2424200PE.NFO,2024-07-08,09:29:00,2024-07-23,199.9,199.9,199.9,199.9,0,0,1
FINNIFTY23JUL2424200PE.NFO,2024-07-08,09:30:00,2024-07-23,199.9,199.9,199.9,199.9,0,0,1
FINNIFTY23JUL2424200PE.NFO,2024-07-08,09:31:00,2024-07-23,199.9,199.9,199.9,199.9,0,0,1
FINNIFTY23JUL2424200PE.NFO,2024-07-08,09:32:00,2024-07-23,199.9,199.9,199.9,199.9,0,0,1
FINNIFTY23JUL2424200PE.NFO,2024-07-08,09:33:00,2024-07-23,199.9,199.9,199.9,199.9,0,0,1
FINNIFTY23JUL2424200PE.NFO,2024-07-08,09:34:00,2024-07-23,199.9,199.9,199.9,199.9,0,0,1
FINNIFTY23JUL2424200PE.NFO,2024-07-08,09:35:00,2024-07-23,199.9,199.9,199.9,199.9,0,0,1
FINNIFTY23JUL2424200PE.NFO,2024-07-08,09:36:00,2024-07-23,199.9,199.9,199.9,199.9,0,0,1
FINNIFTY23JUL2424200PE.NFO,2024-07-08,09:37:00,2024-07-23,199.9,199.9,199.9,199.9,0,0,1
FINNIFTY23JUL2424200PE.NFO,2024-07-08,09:38:00,2024-07-23,199.9,199.9,199.9,199.9,0,0,1
FINNIFTY23JUL2424200PE.NFO,2024-07-08,09:39:00,2024-07-23,199.9,199.9,199.9,199.9,0,0,1
FINNIFTY23JUL2424200PE.NFO,2024-07-08,09:40:00,2024-07-23,199.9,199.9,199.9,199.9,0,0,1
FINNIFTY23JUL2424200PE.NFO,2024-07-08,09:41:00,2024-07-23,199.9,199.9,199.9,199.9,0,0,1
FINNIFTY23JUL2424200PE.NFO,2024-07-08,09:42:00,2024-07-23,199.9,199.9,199.9,199.9,0,0,1
FINNIFTY23JUL2424200PE.NFO,2024-07-08,09:43:00,2024-07-23,199.9,199.9,199.9,199.9,0,0,1
FINNIFTY23JUL2424200PE.NFO,2024-07-08,09:44:00,2024-07-23,199.9,199.9,199.9,199.9,0,0,1
FINNIFTY23JUL2424200PE.NFO,2024-07-08,09:45:00,2024-07-23,199.9,199.9,199.9,199.9,0,0,1
FINNIFTY23JUL2424200PE.NFO,2024-07-08,09:46:00,2024-07-23,199.9,199.9,199.9,199.9,0,0,1
FINNIFTY23JUL2424200PE.NFO,2024-07-08,09:47:00,2024-07-23,199.9,199.9,199.9,199.9,0,0,1
FINNIFTY23JUL2424200PE.NFO,2024-07-08,09:48:00,2024-07-23,199.9,199.9,199.9,199.9,0,0,1
FINNIFTY23JUL2424200PE.NFO,2024-07-08,09:49:00,2024-07-23,199.9,199.9,199.9,199.9,0,0,1
FINNIFTY23JUL2424200PE.NFO,2024-07-08,09:50:00,2024-07-23,199.9,199.9,199.9,199.9,0,0,1
FINNIFTY23JUL2424200PE.NFO,2024-07-08,09:51:00,2024-07-23,199.9,199.9,199.9,199.9,0,0,1
FINNIFTY23JUL2424200PE.NFO,2024-07-08,09:52:00,2024-07-23,199.9,199.9,199.9,199.9,0,0,1
FINNIFTY23JUL2424200PE.NFO,2024-07-08,09:53:00,2024-07-23,199.9,199.9,199.9,199.9,0,0,1
FINNIFTY23JUL2424200PE.NFO,2024-07-08,09:54:00,2024-07-23,199.9,199.9,199.9,199.9,0,0,1
FINNIFTY23JUL2424200PE.NFO,2024-07-08,09:55:00,2024-07-23,199.9,199.9,199.9,199.9,0,0,1
FINNIFTY23JUL2424200PE.NFO,2024-07-08,09:56:00,2024-07-23,199.9,199.9,199.9,199.9,0,0,1
FINNIFTY23JUL2424200PE.NFO,2024-07-08,09:57:00,2024-07-23,199.9,199.9,199.9,199.9,0,0,1
FINNIFTY23JUL2424200PE.NFO,2024-07-08,09:58:00,2024-07-23,199.9,199.9,199.9,199.9,0,0,1
FINNIFTY23JUL2424200PE.NFO,2024-07-08,09:59:00,2024-07-23,199.9,199.9,199.9,199.9,0,0,1
FINNIFTY23JUL2424200PE.NFO,2024-07-08,10:00:00,2024-07-23,199.9,199.9,199.9,199.9,0,0,1
FINNIFTY23JUL2424200PE.NFO,2024-07-08,10:01:00,2024-07-23,199.9,199.9,199.9,199.9,0,0,1
FINNIFTY23JUL2424200PE.NFO,2024-07-08,10:02:00,2024-07-23,199.9,199.9,199.9,199.9,0,0,1
FINNIFTY23JUL2424200PE.NFO,2024-07-08,10:03:00,2024-07-23,199.9,199.9,199.9,199.9,0,0,1
FINNIFTY23JUL2424200PE.NFO,2024-07-08,10:04:00,2024-07-23,199.9,199.9,199.9,199.9,0,0,1
FINNIFTY23JUL2424200PE.NFO,2024-07-08,10:05:00,2024-07-23,199.9,199.9,199.9,199.9,0,0,1
FINNIFTY23JUL2424200PE.NFO,2024-07-08,10:06:00,2024-07-23,199.9,199.9,199.9,199.9,0,0,1
FINNIFTY23JUL2424200PE.NFO,2024-07-08,10:07:00,2024-07-23,199.9,199.9,199.9,199.9,0,0,1
FINNIFTY23JUL2424200PE.NFO,2024-07-08,10:08:00,2024-07-23,199.9,199.9,199.9,199.9,0,0,1
FINNIFTY23JUL2424200PE.NFO,2024-07-08,10:09:00,2024-07-23,199.9,199.9,199.9,199.9,0,0,1
FINNIFTY23JUL2424200PE.NFO,2024-07-08,10:10:00,2024-07-23,199.9,199.9,199.9,199.9,0,0,1
FINNIFTY23JUL2424200PE.NFO,2024-07-08,10:11:00,2024-07-23,199.9,199.9,199.9,199.9,0,0,1
FINNIFTY23JUL2424200PE.NFO,2024-07-08,10:12:00,2024-07-23,199.9,199.9,199.9,199.9,0,0,1
FINNIFTY23JUL2424200PE.NFO,2024-07-08,10:13:00,2024-07-23,199.9,199.9,199.9,199.9,0,0,1
FINNIFTY23JUL2424200PE.NFO,2024-07-08,10:14:00,2024-07-23,199.9,199.9,199.9,199.9,0,0,1
FINNIFTY23JUL2424200PE.NFO,2024-07-08,10:15:00,2024-07-23,199.9,199.9,199.9,199.9,0,0,1
FINNIFTY23JUL2424200PE.NFO,2024-07-08,10:16:00,2024-07-23,199.9,199.9,199.9,199.9,0,0,1
FINNIFTY23JUL2424200PE.NFO,2024-07-08,10:17:00,2024-07-23,199.9,199.9,199.9,199.9,0,0,1
FINNIFTY23JUL2424200PE.NFO,2024-07-08,10:18:00,2024-07-23,199.9,199.9,199.9,199.9,0,0,1
FINNIFTY23JUL2424200PE.NFO,2024-07-08,10:19:00,2024-07-23,199.9,199.9,199.9,199.9,0,0,1
FINNIFTY23JUL2424200PE.NFO,2024-07-08,10:20:00,2024-07-23,199.9,199.9,199.9,199.9,0,0,1
FINNIFTY23JUL2424200PE.NFO,2024-07-08,10:21:00,2024-07-23,199.9,199.9,199.9,199.9,0,0,1
FINNIFTY23JUL2424200PE.NFO,2024-07-08,10:22:00,2024-07-23,199.9,199.9,199.9,199.9,0,0,1
FINNIFTY23JUL2424200PE.NFO,2024-07-08,10:23:00,2024-07-23,199.9,199.9,199.9,199.9,0,0,1
FINNIFTY23JUL2424200PE.NFO,2024-07-08,10:24:00,2024-07-23,199.9,199.9,199.9,199.9,0,0,1
FINNIFTY23JUL2424200PE.NFO,2024-07-08,10:25:00,2024-07-23,199.9,199.9,199.9,199.9,0,0,1
FINNIFTY23JUL2424200PE.NFO,2024-07-08,10:26:00,2024-07-23,199.9,199.9,199.9,199.9,0,0,1
FINNIFTY23JUL2424200PE.NFO,2024-07-08,10:27:00,2024-07-23,199.9,199.9,199.9,199.9,0,0,1
FINNIFTY23JUL2424200PE.NFO,2024-07-08,10:28:00,2024-07-23,199.9,199.9,199.9,199.9,0,0,1
FINNIFTY23JUL2424200PE.NFO,2024-07-08,10:29:00,2024-07-23,199.9,199.9,199.9,199.9,0,0,1
FINNIFTY23JUL2424200PE.NFO,2024-07-08,10:30:00,2024-07-23,199.9,199.9,199.9,199.9,0,0,1
FINNIFTY23JUL2424200PE.NFO,2024-07-08,10:31:00,2024-07-23,199.9,199.9,199.9,199.9,0,0,1
FINNIFTY23JUL2424200PE.NFO,2024-07-08,10:32:00,2024-07-23,199.9,199.9,199.9,199.9,0,0,1
FINNIFTY23JUL2424200PE.NFO,2024-07-08,10:33:00,2024-07-23,199.9,199.9,199.9,199.9,0,0,1
FINNIFTY23JUL2424200PE.NFO,2024-07-08,10:34:00,2024-07-23,199.9,199.9,199.9,199.9,0,0,1
FINNIFTY23JUL2424200PE.NFO,2024-07-08,10:35:00,2024-07-23,199.9,199.9,199.9,199.9,0,0,1
FINNIFTY23JUL2424200PE.NFO,2024-07-08,10:36:00,2024-07-23,199.9,199.9,199.9,199.9,0,0,1
FINNIFTY23JUL2424200PE.NFO,2024-07-08,10:37:00,2024-07-23,199.9,199.9,199.9,199.9,0,0,1
FINNIFTY23JUL2424200PE.NFO,2024-07-08,10:38:00,2024-07-23,199.9,199.9,199.9,199.9,0,0,1
FINNIFTY23JUL2424200PE.NFO,2024-07-08,10:39:00,2024-07-23,199.9,199.9,199.9,199.9,0,0,1
FINNIFTY23JUL2424200PE.NFO,2024-07-08,10:40:00,2024-07-23,199.9,199.9,199.9,199.9,0,0,1
FINNIFTY23JUL2424200PE.NFO,2024-07-08,10:41:00,2024-07-23,199.9,199.9,199.9,199.9,0,0,1
FINNIFTY23JUL2424200PE.NFO,2024-07-08,10:42:00,2024-07-23,199.9,199.9,199.9,199.9,0,0,1
FINNIFTY23JUL2424200PE.NFO,2024-07-08,10:43:00,2024-07-23,199.9,199.9,199.9,199.9,0,0,1
FINNIFTY23JUL2424200PE.NFO,2024-07-08,10:44:00,2024-07-23,199.9,199.9,199.9,199.9,0,0,1
FINNIFTY23JUL2424200PE.NFO,2024-07-08,10:45:00,2024-07-23,199.9,199.9,199.9,199.9,0,0,1
FINNIFTY23JUL2424200PE.NFO,2024-07-08,10:46:00,2024-07-23,199.9,199.9,199.9,199.9,0,0,1
FINNIFTY23JUL2424200PE.NFO,2024-07-08,10:47:00,2024-07-23,199.9,199.9,199.9,199.9,0,0,1
FINNIFTY23JUL2424200PE.NFO,2024-07-08,10:48:00,2024-07-23,199.9,199.9,199.9,199.9,0,0,1
FINNIFTY23JUL2424200PE.NFO,2024-07-08,10:49:00,2024-07-23,199.9,199.9,199.9,199.9,0,0,1
FINNIFTY23JUL2424200PE.NFO,2024-07-08,10:50:00,2024-07-23,199.9,199.9,199.9,199.9,0,0,1
FINNIFTY23JUL2424200PE.NFO,2024-07-08,10:51:00,2024-07-23,199.9,199.9,199.9,199.9,0,0,1
FINNIFTY23JUL2424200PE.NFO,2024-07-08,10:52:00,2024-07-23,199.9,199.9,199.9,199.9,0,0,1
FINNIFTY23JUL2424200PE.NFO,2024-07-08,10:53:00,2024-07-23,199.9,199.9,199.9,199.9,0,0,1
FINNIFTY23JUL2424200PE.NFO,2024-07-08,10:54:00,2024-07-23,199.9,199.9,199.9,199.9,0,0,1
FINNIFTY23JUL2424200PE.NFO,2024-07-08,10:55:00,2024-07-23,199.9,199.9,199.9,199.9,0,0,1
FINNIFTY23JUL2424200PE.NFO,2024-07-08,10:56:00,2024-07-23,199.9,199.9,199.9,199.9,0,0,1
FINNIFTY23JUL2424200PE.NFO,2024-07-08,10:57:00,2024-07-23,199.9,199.9,199.9,199.9,0,0,1
FINNIFTY23JUL2424200PE.NFO,2024-07-08,10:58:00,2024-07-23,199.9,199.9,199.9,199.9,0,0,1
FINNIFTY23JUL2424200PE.NFO,2024-07-08,10:59:00,2024-07-23,199.9,199.9,199.9,199.9,0,0,1
FINNIFTY23JUL2424200PE.NFO,2024-07-08,11:00:00,2024-07-23,199.9,199.9,199.9,199.9,0,0,1
FINNIFTY23JUL2424200PE.NFO,2024-07-08,11:01:00,2024-07-23,199.9,199.9,199.9,199.9,0,0,1
FINNIFTY23JUL2424200PE.NFO,2024-07-08,11:02:00,2024-07-23,199.9,199.9,199.9,199.9,0,0,1
FINNIFTY23JUL2424200PE.NFO,2024-07-08,11:03:00,2024-07-23,199.9,199.9,199.9,199.9,0,0,1
FINNIFTY23JUL2424200PE.NFO,2024-07-08,11:04:00,2024-07-23,199.9,199.9,199.9,199.9,0,0,1
FINNIFTY23JUL2424200PE.NFO,2024-07-08,11:05:00,2024-07-23,199.9,199.9,199.9,199.9,0,0,1
FINNIFTY23JUL2424200PE.NFO,2024-07-08,11:06:00,2024-07-23,199.9,199.9,199.9,199.9,0,0,1
FINNIFTY23JUL2424200PE.NFO,2024-07-08,11:07:00,2024-07-23,199.9,199.9,199.9,199.9,0,0,1
FINNIFTY23JUL2424200PE.NFO,2024-07-08,11:08:00,2024-07-23,199.9,199.9,199.9,199.9,0,0,1
FINNIFTY23JUL2424200PE.NFO,2024-07-08,11:09:00,2024-07-23,199.9,199.9,199.9,199.9,0,0,1
FINNIFTY23JUL2424200PE.NFO,2024-07-08,11:10:00,2024-07-23,199.9,199.9,199.9,199.9,0,0,1
FINNIFTY23JUL2424200PE.NFO,2024-07-08,11:11:00,2024-07-23,199.9,199.9,199.9,199.9,0,0,1
FINNIFTY23JUL2424200PE.NFO,2024-07-08,11:12:00,2024-07-23,199.9,199.9,199.9,199.9,0,0,1
FINNIFTY23JUL2424200PE.NFO,2024-07-08,11:13:00,2024-07-23,199.9,199.9,199.9,199.9,0,0,1
FINNIFTY23JUL2424200PE.NFO,2024-07-08,11:14:00,2024-07-23,199.9,199.9,199.9,199.9,0,0,1
FINNIFTY23JUL2424200PE.NFO,2024-07-08,11:15:00,2024-07-23,199.9,199.9,199.9,199.9,0,0,1
FINNIFTY23JUL2424200PE.NFO,2024-07-08,11:16:00,2024-07-23,199.9,199.9,199.9,199.9,0,0,1
FINNIFTY23JUL2424200PE.NFO,2024-07-08,11:17:00,2024-07-23,199.9,199.9,199.9,199.9,0,0,1
FINNIFTY23JUL2424200PE.NFO,2024-07-08,11:18:00,2024-07-23,199.9,199.9,199.9,199.9,0,0,1
FINNIFTY23JUL2424200PE.NFO,2024-07-08,11:19:00,2024-07-23,199.9,199.9,199.9,199.9,0,0,1
FINNIFTY23JUL2424200PE.NFO,2024-07-08,11:20:00,2024-07-23,199.9,199.9,199.9,199.9,0,0,1
FINNIFTY23JUL2424200PE.NFO,2024-07-08,11:21:00,2024-07-23,199.9,199.9,199.9,199.9,0,0,1
FINNIFTY23JUL2424200PE.NFO,2024-07-08,11:22:00,2024-07-23,199.9,199.9,199.9,199.9,0,0,1
FINNIFTY23JUL2424200PE.NFO,2024-07-08,11:23:00,2024-07-23,199.9,199.9,199.9,199.9,0,0,1
FINNIFTY23JUL2424200PE.NFO,2024-07-08,11:24:00,2024-07-23,199.9,199.9,199.9,199.9,0,0,1
FINNIFTY23JUL2424200PE.NFO,2024-07-08,11:25:00,2024-07-23,199.9,199.9,199.9,199.9,0,0,1
FINNIFTY23JUL2424200PE.NFO,2024-07-08,11:26:00,2024-07-23,199.9,199.9,199.9,199.9,0,0,1
FINNIFTY23JUL2424200PE.NFO,2024-07-08,11:27:00,2024-07-23,199.9,199.9,199.9,199.9,0,0,1
FINNIFTY23JUL2424200PE.NFO,2024-07-08,11:28:00,2024-07-23,199.9,199.9,199.9,199.9,0,0,1
FINNIFTY23JUL2424200PE.NFO,2024-07-08,11:29:00,2024-07-23,199.9,199.9,199.9,199.9,0,0,1
FINNIFTY23JUL2424200PE.NFO,2024-07-08,11:30:00,2024-07-23,199.9,199.9,199.9,199.9,0,0,1
FINNIFTY23JUL2424200PE.NFO,2024-07-08,11:31:00,2024-07-23,199.9,199.9,199.9,199.9,0,0,1
FINNIFTY23JUL2424200PE.NFO,2024-07-08,11:32:00,2024-07-23,199.9,199.9,199.9,199.9,0,0,1
FINNIFTY23JUL2424200PE.NFO,2024-07-08,11:33:00,2024-07-23,199.9,199.9,199.9,199.9,0,0,1
FINNIFTY23JUL2424200PE.NFO,2024-07-08,11:34:00,2024-07-23,199.9,199.9,199.9,199.9,0,0,1
FINNIFTY23JUL2424200PE.NFO,2024-07-08,11:35:00,2024-07-23,199.9,199.9,199.9,199.9,0,0,1
FINNIFTY23JUL2424200PE.NFO,2024-07-08,11:36:00,2024-07-23,199.9,199.9,199.9,199.9,0,0,1
FINNIFTY23JUL2424200PE.NFO,2024-07-08,11:37:00,2024-07-23,199.9,199.9,199.9,199.9,0,0,1
FINNIFTY23JUL2424200PE.NFO,2024-07-08,11:38:00,2024-07-23,199.9,199.9,199.9,199.9,0,0,1
FINNIFTY23JUL2424200PE.NFO,2024-07-08,11:39:00,2024-07-23,199.9,199.9,199.9,199.9,0,0,1
FINNIFTY23JUL2424200PE.NFO,2024-07-08,11:40:00,2024-07-23,199.9,199.9,199.9,199.9,0,0,1
FINNIFTY23JUL2424200PE.NFO,2024-07-08,11:41:00,2024-07-23,199.9,199.9,199.9,199.9,0,0,1
FINNIFTY23JUL2424200PE.NFO,2024-07-08,11:42:00,2024-07-23,199.9,199.9,199.9,199.9,0,0,1
FINNIFTY23JUL2424200PE.NFO,2024-07-08,11:43:00,2024-07-23,199.9,199.9,199.9,199.9,0,0,1
FINNIFTY23JUL2424200PE.NFO,2024-07-08,11:44:00,2024-07-23,199.9,199.9,199.9,199.9,0,0,1
FINNIFTY23JUL2424200PE.NFO,2024-07-08,11:45:00,2024-07-23,199.9,199.9,199.9,199.9,0,0,1
FINNIFTY23JUL2424200PE.NFO,2024-07-08,11:46:00,2024-07-23,199.9,199.9,199.9,199.9,0,0,1
FINNIFTY23JUL2424200PE.NFO,2024-07-08,11:47:00,2024-07-23,199.9,199.9,199.9,199.9,0,0,1
FINNIFTY23JUL2424200PE.NFO,2024-07-08,11:48:00,2024-07-23,199.9,199.9,199.9,199.9,0,0,1
FINNIFTY23JUL2424200PE.NFO,2024-07-08,11:49:00,2024-07-23,199.9,199.9,199.9,199.9,0,0,1
FINNIFTY23JUL2424200PE.NFO,2024-07-08,11:50:00,2024-07-23,199.9,199.9,199.9,199.9,0,0,1
FINNIFTY23JUL2424200PE.NFO,2024-07-08,11:51:00,2024-07-23,199.9,199.9,199.9,199.9,0,0,1
FINNIFTY23JUL2424200PE.NFO,2024-07-08,11:52:00,2024-07-23,199.9,199.9,199.9,199.9,0,0,1
FINNIFTY23JUL2424200PE.NFO,2024-07-08,11:53:00,2024-07-23,199.9,199.9,199.9,199.9,0,0,1
FINNIFTY23JUL2424200PE.NFO,2024-07-08,11:54:00,2024-07-23,199.9,199.9,199.9,199.9,0,0,1
FINNIFTY23JUL2424200PE.NFO,2024-07-08,11:55:00,2024-07-23,199.9,199.9,199.9,199.9,0,0,1
FINNIFTY23JUL2424200PE.NFO,2024-07-08,11:56:00,2024-07-23,199.9,199.9,199.9,199.9,0,0,1
FINNIFTY23JUL2424200PE.NFO,2024-07-08,11:57:00,2024-07-23,199.9,199.9,199.9,199.9,0,0,1
FINNIFTY23JUL2424200PE.NFO,2024-07-08,11:58:00,2024-07-23,199.9,199.9,199.9,199.9,0,0,1
FINNIFTY23JUL2424200PE.NFO,2024-07-08,11:59:00,2024-07-23,199.9,199.9,199.9,199.9,0,0,1
FINNIFTY23JUL2424200PE.NFO,2024-07-08,12:00:00,2024-07-23,199.9,199.9,199.9,199.9,0,0,1
FINNIFTY23JUL2424200PE.NFO,2024-07-08,12:01:00,2024-07-23,199.9,199.9,199.9,199.9,0,0,1
FINNIFTY23JUL2424200PE.NFO,2024-07-08,12:02:00,2024-07-23,199.9,199.9,199.9,199.9,0,0,1
FINNIFTY23JUL2424200PE.NFO,2024-07-08,12:03:00,2024-07-23,199.9,199.9,199.9,199.9,0,0,1
FINNIFTY23JUL2424200PE.NFO,2024-07-08,12:04:00,2024-07-23,199.9,199.9,199.9,199.9,0,0,1
FINNIFTY23JUL2424200PE.NFO,2024-07-08,12:05:00,2024-07-23,199.9,199.9,199.9,199.9,0,0,1
FINNIFTY23JUL2424200PE.NFO,2024-07-08,12:06:00,2024-07-23,199.9,199.9,199.9,199.9,0,0,1
FINNIFTY23JUL2424200PE.NFO,2024-07-08,12:07:00,2024-07-23,199.9,199.9,199.9,199.9,0,0,1
FINNIFTY23JUL2424200PE.NFO,2024-07-08,12:08:00,2024-07-23,199.9,199.9,199.9,199.9,0,0,1
FINNIFTY23JUL2424200PE.NFO,2024-07-08,12:09:00,2024-07-23,199.9,199.9,199.9,199.9,0,0,1
FINNIFTY23JUL2424200PE.NFO,2024-07-08,12:10:00,2024-07-23,199.9,199.9,199.9,199.9,0,0,1
FINNIFTY23JUL2424200PE.NFO,2024-07-08,12:11:00,2024-07-23,199.9,199.9,199.9,199.9,0,0,1
FINNIFTY23JUL2424200PE.NFO,2024-07-08,12:12:00,2024-07-23,199.9,199.9,199.9,199.9,0,0,1
FINNIFTY23JUL2424200PE.NFO,2024-07-08,12:13:00,2024-07-23,199.9,199.9,199.9,199.9,0,0,1
FINNIFTY23JUL2424200PE.NFO,2024-07-08,12:14:00,2024-07-23,199.9,199.9,199.9,199.9,0,0,1
FINNIFTY23JUL2424200PE.NFO,2024-07-08,12:15:00,2024-07-23,199.9,199.9,199.9,199.9,0,0,1
FINNIFTY23JUL2424200PE.NFO,2024-07-08,12:16:00,2024-07-23,199.9,199.9,199.9,199.9,0,0,1
FINNIFTY23JUL2424200PE.NFO,2024-07-08,12:17:00,2024-07-23,199.9,199.9,199.9,199.9,0,0,1
FINNIFTY23JUL2424200PE.NFO,2024-07-08,12:18:00,2024-07-23,199.9,199.9,199.9,199.9,0,0,1
FINNIFTY23JUL2424200PE.NFO,2024-07-08,12:19:00,2024-07-23,199.9,199.9,199.9,199.9,0,0,1
FINNIFTY23JUL2424200PE.NFO,2024-07-08,12:20:00,2024-07-23,199.9,199.9,199.9,199.9,0,0,1
FINNIFTY23JUL2424200PE.NFO,2024-07-08,12:21:00,2024-07-23,199.9,199.9,199.9,199.9,0,0,1
FINNIFTY23JUL2424200PE.NFO,2024-07-08,12:22:00,2024-07-23,199.9,199.9,199.9,199.9,0,0,1
FINNIFTY23JUL2424200PE.NFO,2024-07-08,12:23:00,2024-07-23,199.9,199.9,199.9,199.9,0,0,1
FINNIFTY23JUL2424200PE.NFO,2024-07-08,12:24:00,2024-07-23,199.9,199.9,199.9,199.9,0,0,1
FINNIFTY23JUL2424200PE.NFO,2024-07-08,12:25:00,2024-07-23,199.9,199.9,199.9,199.9,0,0,1
FINNIFTY23JUL2424200PE.NFO,2024-07-08,12:26:00,2024-07-23,199.9,199.9,199.9,199.9,0,0,1
FINNIFTY23JUL2424200PE.NFO,2024-07-08,12:27:00,2024-07-23,199.9,199.9,199.9,199.9,0,0,1
FINNIFTY23JUL2424200PE.NFO,2024-07-08,12:28:00,2024-07-23,199.9,199.9,199.9,199.9,0,0,1
FINNIFTY23JUL2424200PE.NFO,2024-07-08,12:29:00,2024-07-23,199.9,199.9,199.9,199.9,0,0,1
FINNIFTY23JUL2424200PE.NFO,2024-07-08,12:30:00,2024-07-23,199.9,199.9,199.9,199.9,0,0,1
FINNIFTY23JUL2424200PE.NFO,2024-07-08,12:31:00,2024-07-23,199.9,199.9,199.9,199.9,0,0,1
FINNIFTY23JUL2424200PE.NFO,2024-07-08,12:32:00,2024-07-23,199.9,199.9,199.9,199.9,0,0,1
FINNIFTY23JUL2424200PE.NFO,2024-07-08,12:33:00,2024-07-23,199.9,199.9,199.9,199.9,0,0,1
FINNIFTY23JUL2424200PE.NFO,2024-07-08,12:34:00,2024-07-23,199.9,199.9,199.9,199.9,0,0,1
FINNIFTY23JUL2424200PE.NFO,2024-07-08,12:35:00,2024-07-23,199.9,199.9,199.9,199.9,0,0,1
FINNIFTY23JUL2424200PE.NFO,2024-07-08,12:36:00,2024-07-23,199.9,199.9,199.9,199.9,0,0,1
FINNIFTY23JUL2424200PE.NFO,2024-07-08,12:37:00,2024-07-23,199.9,199.9,199.9,199.9,0,0,1
FINNIFTY23JUL2424200PE.NFO,2024-07-08,12:38:00,2024-07-23,199.9,199.9,199.9,199.9,0,0,1
FINNIFTY23JUL2424200PE.NFO,2024-07-08,12:39:00,2024-07-23,199.9,199.9,199.9,199.9,0,0,1
FINNIFTY23JUL2424200PE.NFO,2024-07-08,12:40:00,2024-07-23,199.9,199.9,199.9,199.9,0,0,1
FINNIFTY23JUL2424200PE.NFO,2024-07-08,12:41:00,2024-07-23,199.9,199.9,199.9,199.9,0,0,1
FINNIFTY23JUL2424200PE.NFO,2024-07-08,12:42:00,2024-07-23,199.9,199.9,199.9,199.9,0,0,1
FINNIFTY23JUL2424200PE.NFO,2024-07-08,12:43:00,2024-07-23,199.9,199.9,199.9,199.9,0,0,1
FINNIFTY23JUL2424200PE.NFO,2024-07-08,12:44:00,2024-07-23,199.9,199.9,199.9,199.9,0,0,1
FINNIFTY23JUL2424200PE.NFO,2024-07-08,12:45:00,2024-07-23,199.9,199.9,199.9,199.9,0,0,1
FINNIFTY23JUL2424200PE.NFO,2024-07-08,12:46:00,2024-07-23,199.9,199.9,199.9,199.9,0,0,1
FINNIFTY23JUL2424200PE.NFO,2024-07-08,12:47:00,2024-07-23,199.9,199.9,199.9,199.9,0,0,1
FINNIFTY23JUL2424200PE.NFO,2024-07-08,12:48:00,2024-07-23,199.9,199.9,199.9,199.9,0,0,1
FINNIFTY23JUL2424200PE.NFO,2024-07-08,12:49:00,2024-07-23,199.9,199.9,199.9,199.9,0,0,1
FINNIFTY23JUL2424200PE.NFO,2024-07-08,12:50:00,2024-07-23,199.9,199.9,199.9,199.9,0,0,1
FINNIFTY23JUL2424200PE.NFO,2024-07-08,12:51:00,2024-07-23,199.9,199.9,199.9,199.9,0,0,1
FINNIFTY23JUL2424200PE.NFO,2024-07-08,12:52:00,2024-07-23,199.9,199.9,199.9,199.9,0,0,1
FINNIFTY23JUL2424200PE.NFO,2024-07-08,12:53:00,2024-07-23,199.9,199.9,199.9,199.9,0,0,1
FINNIFTY23JUL2424200PE.NFO,2024-07-08,12:54:00,2024-07-23,199.9,199.9,199.9,199.9,0,0,1
FINNIFTY23JUL2424200PE.NFO,2024-07-08,12:55:00,2024-07-23,199.9,199.9,199.9,199.9,0,0,1
FINNIFTY23JUL2424200PE.NFO,2024-07-08,12:56:00,2024-07-23,199.9,199.9,199.9,199.9,0,0,1
FINNIFTY23JUL2424200PE.NFO,2024-07-08,12:57:00,2024-07-23,199.9,199.9,199.9,199.9,0,0,1
FINNIFTY23JUL2424200PE.NFO,2024-07-08,12:58:00,2024-07-23,199.9,199.9,199.9,199.9,0,0,1
FINNIFTY23JUL2424200PE.NFO,2024-07-08,12:59:00,2024-07-23,199.9,199.9,199.9,199.9,0,0,1
FINNIFTY23JUL2424200PE.NFO,2024-07-08,13:00:00,2024-07-23,199.9,199.9,199.9,199.9,0,0,1
FINNIFTY23JUL2424200PE.NFO,2024-07-08,13:01:00,2024-07-23,199.9,199.9,199.9,199.9,0,0,1
FINNIFTY23JUL2424200PE.NFO,2024-07-08,13:02:00,2024-07-23,199.9,199.9,199.9,199.9,0,0,1
FINNIFTY23JUL2424200PE.NFO,2024-07-08,13:03:00,2024-07-23,199.9,199.9,199.9,199.9,0,0,1
FINNIFTY23JUL2424200PE.NFO,2024-07-08,13:04:00,2024-07-23,199.9,199.9,199.9,199.9,0,0,1
FINNIFTY23JUL2424200PE.NFO,2024-07-08,13:05:00,2024-07-23,199.9,199.9,199.9,199.9,0,0,1
FINNIFTY23JUL2424200PE.NFO,2024-07-08,13:06:00,2024-07-23,199.9,199.9,199.9,199.9,0,0,1
FINNIFTY23JUL2424200PE.NFO,2024-07-08,13:07:00,2024-07-23,199.9,199.9,199.9,199.9,0,0,1
FINNIFTY23JUL2424200PE.NFO,2024-07-08,13:08:00,2024-07-23,199.9,199.9,199.9,199.9,0,0,1
FINNIFTY23JUL2424200PE.NFO,2024-07-08,13:09:00,2024-07-23,199.9,199.9,199.9,199.9,0,0,1
FINNIFTY23JUL2424200PE.NFO,2024-07-08,13:10:00,2024-07-23,199.9,199.9,199.9,199.9,0,0,1
FINNIFTY23JUL2424200PE.NFO,2024-07-08,13:11:00,2024-07-23,199.9,199.9,199.9,199.9,0,0,1
FINNIFTY23JUL2424200PE.NFO,2024-07-08,13:12:00,2024-07-23,199.9,199.9,199.9,199.9,0,0,1
FINNIFTY23JUL2424200PE.NFO,2024-07-08,13:13:00,2024-07-23,199.9,199.9,199.9,199.9,0,0,1
FINNIFTY23JUL2424200PE.NFO,2024-07-08,13:14:00,2024-07-23,199.9,199.9,199.9,199.9,0,0,1
FINNIFTY23JUL2424200PE.NFO,2024-07-08,13:15:00,2024-07-23,199.9,199.9,199.9,199.9,0,0,1
FINNIFTY23JUL2424200PE.NFO,2024-07-08,13:16:00,2024-07-23,199.9,199.9,199.9,199.9,0,0,1
FINNIFTY23JUL2424200PE.NFO,2024-07-08,13:17:00,2024-07-23,199.9,199.9,199.9,199.9,0,0,1
FINNIFTY23JUL2424200PE.NFO,2024-07-08,13:18:00,2024-07-23,199.9,199.9,199.9,199.9,0,0,1
FINNIFTY23JUL2424200PE.NFO,2024-07-08,13:19:00,2024-07-23,199.9,199.9,199.9,199.9,0,0,1
FINNIFTY23JUL2424200PE.NFO,2024-07-08,13:20:00,2024-07-23,199.9,199.9,199.9,199.9,0,0,1
FINNIFTY23JUL2424200PE.NFO,2024-07-08,13:21:00,2024-07-23,199.9,199.9,199.9,199.9,0,0,1
FINNIFTY23JUL2424200PE.NFO,2024-07-08,13:22:00,2024-07-23,199.9,199.9,199.9,199.9,0,0,1
FINNIFTY23JUL2424200PE.NFO,2024-07-08,13:23:00,2024-07-23,199.9,199.9,199.9,199.9,0,0,1
FINNIFTY23JUL2424200PE.NFO,2024-07-08,13:24:00,2024-07-23,199.9,199.9,199.9,199.9,0,0,1
FINNIFTY23JUL2424200PE.NFO,2024-07-08,13:25:00,2024-07-23,199.9,199.9,199.9,199.9,0,0,1
FINNIFTY23JUL2424200PE.NFO,2024-07-08,13:26:00,2024-07-23,199.9,199.9,199.9,199.9,0,0,1
FINNIFTY23JUL2424200PE.NFO,2024-07-08,13:27:00,2024-07-23,199.9,199.9,199.9,199.9,0,0,1
FINNIFTY23JUL2424200PE.NFO,2024-07-08,13:28:00,2024-07-23,199.9,199.9,199.9,199.9,0,0,1
FINNIFTY23JUL2424200PE.NFO,2024-07-08,13:29:00,2024-07-23,199.9,199.9,199.9,199.9,0,0,1
FINNIFTY23JUL2424200PE.NFO,2024-07-08,13:30:00,2024-07-23,199.9,199.9,199.9,199.9,0,0,1
FINNIFTY23JUL2424200PE.NFO,2024-07-08,13:31:00,2024-07-23,199.9,199.9,199.9,199.9,0,0,1
FINNIFTY23JUL2424200PE.NFO,2024-07-08,13:32:00,2024-07-23,199.9,199.9,199.9,199.9,0,0,1
FINNIFTY23JUL2424200PE.NFO,2024-07-08,13:33:00,2024-07-23,199.9,199.9,199.9,199.9,0,0,1
FINNIFTY23JUL2424200PE.NFO,2024-07-08,13:34:00,2024-07-23,199.9,199.9,199.9,199.9,0,0,1
FINNIFTY23JUL2424200PE.NFO,2024-07-08,13:35:00,2024-07-23,199.9,199.9,199.9,199.9,0,0,1
FINNIFTY23JUL2424200PE.NFO,2024-07-08,13:36:00,2024-07-23,199.9,199.9,199.9,199.9,0,0,1
FINNIFTY23JUL2424200PE.NFO,2024-07-08,13:37:00,2024-07-23,199.9,199.9,199.9,199.9,0,0,1
FINNIFTY23JUL2424200PE.NFO,2024-07-08,13:38:00,2024-07-23,199.9,199.9,199.9,199.9,0,0,1
FINNIFTY23JUL2424200PE.NFO,2024-07-08,13:39:00,2024-07-23,199.9,199.9,199.9,199.9,0,0,1
FINNIFTY23JUL2424200PE.NFO,2024-07-08,13:40:00,2024-07-23,199.9,199.9,199.9,199.9,0,0,1
FINNIFTY23JUL2424200PE.NFO,2024-07-08,13:41:00,2024-07-23,199.9,199.9,199.9,199.9,0,0,1
FINNIFTY23JUL2424200PE.NFO,2024-07-08,13:42:00,2024-07-23,199.9,199.9,199.9,199.9,0,0,1
FINNIFTY23JUL2424200PE.NFO,2024-07-08,13:43:00,2024-07-23,199.9,199.9,199.9,199.9,0,0,1
FINNIFTY23JUL2424200PE.NFO,2024-07-08,13:44:00,2024-07-23,199.9,199.9,199.9,199.9,0,0,1
FINNIFTY23JUL2424200PE.NFO,2024-07-08,13:45:00,2024-07-23,199.9,199.9,199.9,199.9,0,0,1
FINNIFTY23JUL2424200PE.NFO,2024-07-08,13:46:00,2024-07-23,199.9,199.9,199.9,199.9,0,0,1
FINNIFTY23JUL2424200PE.NFO,2024-07-08,13:47:00,2024-07-23,199.9,199.9,199.9,199.9,0,0,1
FINNIFTY23JUL2424200PE.NFO,2024-07-08,13:48:00,2024-07-23,199.9,199.9,199.9,199.9,0,0,1
FINNIFTY23JUL2424200PE.NFO,2024-07-08,13:49:00,2024-07-23,199.9,199.9,199.9,199.9,0,0,1
FINNIFTY23JUL2424200PE.NFO,2024-07-08,13:50:00,2024-07-23,199.9,199.9,199.9,199.9,0,0,1
FINNIFTY23JUL2424200PE.NFO,2024-07-08,13:51:00,2024-07-23,199.9,199.9,199.9,199.9,0,0,1
FINNIFTY23JUL2424200PE.NFO,2024-07-08,13:52:00,2024-07-23,199.9,199.9,199.9,199.9,0,0,1
FINNIFTY23JUL2424200PE.NFO,2024-07-08,13:53:00,2024-07-23,199.9,199.9,199.9,199.9,0,0,1
FINNIFTY23JUL2424200PE.NFO,2024-07-08,13:54:00,2024-07-23,199.9,199.9,199.9,199.9,0,0,1
FINNIFTY23JUL2424200PE.NFO,2024-07-08,13:55:00,2024-07-23,199.9,199.9,199.9,199.9,0,0,1
FINNIFTY23JUL2424200PE.NFO,2024-07-08,13:56:00,2024-07-23,199.9,199.9,199.9,199.9,0,0,1
FINNIFTY23JUL2424200PE.NFO,2024-07-08,13:57:00,2024-07-23,199.9,199.9,199.9,199.9,0,0,1
FINNIFTY23JUL2424200PE.NFO,2024-07-08,13:58:00,2024-07-23,199.9,199.9,199.9,199.9,0,0,1
FINNIFTY23JUL2424200PE.NFO,2024-07-08,13:59:00,2024-07-23,199.9,199.9,199.9,199.9,0,0,1
FINNIFTY23JUL2424200PE.NFO,2024-07-08,14:00:00,2024-07-23,199.9,199.9,199.9,199.9,0,0,1
FINNIFTY23JUL2424200PE.NFO,2024-07-08,14:01:00,2024-07-23,199.9,199.9,199.9,199.9,0,0,1
FINNIFTY23JUL2424200PE.NFO,2024-07-08,14:02:00,2024-07-23,199.9,199.9,199.9,199.9,0,0,1
FINNIFTY23JUL2424200PE.NFO,2024-07-08,14:03:00,2024-07-23,199.9,199.9,199.9,199.9,0,0,1
FINNIFTY23JUL2424200PE.NFO,2024-07-08,14:04:00,2024-07-23,199.9,199.9,199.9,199.9,0,0,1
FINNIFTY23JUL2424200PE.NFO,2024-07-08,14:05:00,2024-07-23,199.9,199.9,199.9,199.9,0,0,1
FINNIFTY23JUL2424200PE.NFO,2024-07-08,14:06:00,2024-07-23,199.9,199.9,199.9,199.9,0,0,1
FINNIFTY23JUL2424200PE.NFO,2024-07-08,14:07:00,2024-07-23,199.9,199.9,199.9,199.9,0,0,1
FINNIFTY23JUL2424200PE.NFO,2024-07-08,14:08:00,2024-07-23,199.9,199.9,199.9,199.9,0,0,1
FINNIFTY23JUL2424200PE.NFO,2024-07-08,14:09:00,2024-07-23,199.9,199.9,199.9,199.9,0,0,1
FINNIFTY23JUL2424200PE.NFO,2024-07-08,14:10:00,2024-07-23,199.9,199.9,199.9,199.9,0,0,1
FINNIFTY23JUL2424200PE.NFO,2024-07-08,14:11:00,2024-07-23,199.9,199.9,199.9,199.9,0,0,1
FINNIFTY23JUL2424200PE.NFO,2024-07-08,14:12:00,2024-07-23,199.9,199.9,199.9,199.9,0,0,1
FINNIFTY23JUL2424200PE.NFO,2024-07-08,14:13:00,2024-07-23,199.9,199.9,199.9,199.9,0,0,1
FINNIFTY23JUL2424200PE.NFO,2024-07-08,14:14:00,2024-07-23,199.9,199.9,199.9,199.9,0,0,1
FINNIFTY23JUL2424200PE.NFO,2024-07-08,14:15:00,2024-07-23,199.9,199.9,199.9,199.9,0,0,1
FINNIFTY23JUL2424200PE.NFO,2024-07-08,14:16:00,2024-07-23,199.9,199.9,199.9,199.9,0,0,1
FINNIFTY23JUL2424200PE.NFO,2024-07-08,14:17:00,2024-07-23,199.9,199.9,199.9,199.9,0,0,1
FINNIFTY23JUL2424200PE.NFO,2024-07-08,14:18:00,2024-07-23,199.9,199.9,199.9,199.9,0,0,1
FINNIFTY23JUL2424200PE.NFO,2024-07-08,14:19:00,2024-07-23,199.9,199.9,199.9,199.9,0,0,1
FINNIFTY23JUL2424200PE.NFO,2024-07-08,14:20:00,2024-07-23,199.9,199.9,199.9,199.9,0,0,1
FINNIFTY23JUL2424200PE.NFO,2024-07-08,14:21:00,2024-07-23,199.9,199.9,199.9,199.9,0,0,1
FINNIFTY23JUL2424200PE.NFO,2024-07-08,14:22:00,2024-07-23,199.9,199.9,199.9,199.9,0,0,1
FINNIFTY23JUL2424200PE.NFO,2024-07-08,14:23:00,2024-07-23,199.9,199.9,199.9,199.9,0,0,1
FINNIFTY23JUL2424200PE.NFO,2024-07-08,14:24:00,2024-07-23,199.9,199.9,199.9,199.9,0,0,1
FINNIFTY23JUL2424200PE.NFO,2024-07-08,14:25:00,2024-07-23,199.9,199.9,199.9,199.9,0,0,1
FINNIFTY23JUL2424200PE.NFO,2024-07-08,14:26:00,2024-07-23,199.9,199.9,199.9,199.9,0,0,1
FINNIFTY23JUL2424200PE.NFO,2024-07-08,14:27:00,2024-07-23,199.9,199.9,199.9,199.9,0,0,1
FINNIFTY23JUL2424200PE.NFO,2024-07-08,14:28:00,2024-07-23,199.9,199.9,199.9,199.9,0,0,1
FINNIFTY23JUL2424200PE.NFO,2024-07-08,14:29:00,2024-07-23,199.9,199.9,199.9,199.9,0,0,1
FINNIFTY23JUL2424200PE.NFO,2024-07-08,14:30:00,2024-07-23,199.9,199.9,199.9,199.9,0,0,1
FINNIFTY23JUL2424200PE.NFO,2024-07-08,14:31:00,2024-07-23,199.9,199.9,199.9,199.9,0,0,1
FINNIFTY23JUL2424200PE.NFO,2024-07-08,14:32:00,2024-07-23,199.9,199.9,199.9,199.9,0,0,1
FINNIFTY23JUL2424200PE.NFO,2024-07-08,14:33:00,2024-07-23,199.9,199.9,199.9,199.9,0,0,1
FINNIFTY23JUL2424200PE.NFO,2024-07-08,14:34:00,2024-07-23,199.9,199.9,199.9,199.9,0,0,1
FINNIFTY23JUL2424200PE.NFO,2024-07-08,14:35:00,2024-07-23,199.9,199.9,199.9,199.9,0,0,1
FINNIFTY23JUL2424200PE.NFO,2024-07-08,14:36:00,2024-07-23,199.9,199.9,199.9,199.9,0,0,1
FINNIFTY23JUL2424200PE.NFO,2024-07-08,14:37:00,2024-07-23,199.9,199.9,199.9,199.9,0,0,1
FINNIFTY23JUL2424200PE.NFO,2024-07-08,14:38:00,2024-07-23,199.9,199.9,199.9,199.9,0,0,1
FINNIFTY23JUL2424200PE.NFO,2024-07-08,14:39:00,2024-07-23,199.9,199.9,199.9,199.9,0,0,1
FINNIFTY23JUL2424200PE.NFO,2024-07-08,14:40:00,2024-07-23,199.9,199.9,199.9,199.9,0,0,1
FINNIFTY23JUL2424200PE.NFO,2024-07-08,14:41:00,2024-07-23,199.9,199.9,199.9,199.9,0,0,1
FINNIFTY23JUL2424200PE.NFO,2024-07-08,14:42:00,2024-07-23,199.9,199.9,199.9,199.9,0,0,1
FINNIFTY23JUL2424200PE.NFO,2024-07-08,14:43:00,2024-07-23,199.9,199.9,199.9,199.9,0,0,1
FINNIFTY23JUL2424200PE.NFO,2024-07-08,14:44:00,2024-07-23,199.9,199.9,199.9,199.9,0,0,1
FINNIFTY23JUL2424200PE.NFO,2024-07-08,14:45:00,2024-07-23,199.9,199.9,199.9,199.9,0,0,1
FINNIFTY23JUL2424200PE.NFO,2024-07-08,14:46:00,2024-07-23,199.9,199.9,199.9,199.9,0,0,1
FINNIFTY23JUL2424200PE.NFO,2024-07-08,14:47:00,2024-07-23,199.9,199.9,199.9,199.9,0,0,1
FINNIFTY23JUL2424200PE.NFO,2024-07-08,14:48:00,2024-07-23,199.9,199.9,199.9,199.9,0,0,1
FINNIFTY23JUL2424200PE.NFO,2024-07-08,14:49:00,2024-07-23,199.9,199.9,199.9,199.9,0,0,1
FINNIFTY23JUL2424200PE.NFO,2024-07-08,14:50:00,2024-07-23,199.9,199.9,199.9,199.9,0,0,1
FINNIFTY23JUL2424200PE.NFO,2024-07-08,14:51:00,2024-07-23,199.9,199.9,199.9,199.9,0,0,1
FINNIFTY23JUL2424200PE.NFO,2024-07-08,14:52:00,2024-07-23,199.9,199.9,199.9,199.9,0,0,1
FINNIFTY23JUL2424200PE.NFO,2024-07-08,14:53:00,2024-07-23,199.9,199.9,199.9,199.9,0,0,1
FINNIFTY23JUL2424200PE.NFO,2024-07-08,14:54:00,2024-07-23,199.9,199.9,199.9,199.9,0,0,1
FINNIFTY23JUL2424200PE.NFO,2024-07-08,14:55:00,2024-07-23,199.9,199.9,199.9,199.9,0,0,1
FINNIFTY23JUL2424200PE.NFO,2024-07-08,14:56:00,2024-07-23,199.9,199.9,199.9,199.9,0,0,1
FINNIFTY23JUL2424200PE.NFO,2024-07-08,14:57:00,2024-07-23,199.9,199.9,199.9,199.9,0,0,1
FINNIFTY23JUL2424200PE.NFO,2024-07-08,14:58:00,2024-07-23,199.9,199.9,199.9,199.9,0,0,1
FINNIFTY23JUL2424200PE.NFO,2024-07-08,14:59:00,2024-07-23,199.9,199.9,199.9,199.9,0,0,1
FINNIFTY23JUL2424200PE.NFO,2024-07-08,15:00:00,2024-07-23,199.9,199.9,199.9,199.9,0,0,1
FINNIFTY23JUL2424200PE.NFO,2024-07-08,15:01:00,2024-07-23,199.9,199.9,199.9,199.9,0,0,1
FINNIFTY23JUL2424200PE.NFO,2024-07-08,15:02:00,2024-07-23,199.9,199.9,199.9,199.9,0,0,1
FINNIFTY23JUL2424200PE.NFO,2024-07-08,15:03:00,2024-07-23,199.9,199.9,199.9,199.9,0,0,1
FINNIFTY23JUL2424200PE.NFO,2024-07-08,15:04:00,2024-07-23,199.9,199.9,199.9,199.9,0,0,1
FINNIFTY23JUL2424200PE.NFO,2024-07-08,15:05:00,2024-07-23,199.9,199.9,199.9,199.9,0,0,1
FINNIFTY23JUL2424200PE.NFO,2024-07-08,15:06:00,2024-07-23,199.9,199.9,199.9,199.9,0,0,1
FINNIFTY23JUL2424200PE.NFO,2024-07-08,15:07:00,2024-07-23,199.9,199.9,199.9,199.9,0,0,1
FINNIFTY23JUL2424200PE.NFO,2024-07-08,15:08:00,2024-07-23,199.9,199.9,199.9,199.9,0,0,1
FINNIFTY23JUL2424200PE.NFO,2024-07-08,15:09:00,2024-07-23,199.9,199.9,199.9,199.9,0,0,1
FINNIFTY23JUL2424200PE.NFO,2024-07-08,15:10:00,2024-07-23,199.9,199.9,199.9,199.9,0,0,1
FINNIFTY23JUL2424200PE.NFO,2024-07-08,15:11:00,2024-07-23,199.9,199.9,199.9,199.9,0,0,1
FINNIFTY23JUL2424200PE.NFO,2024-07-08,15:12:00,2024-07-23,199.9,199.9,199.9,199.9,0,0,1
FINNIFTY23JUL2424200PE.NFO,2024-07-08,15:13:00,2024-07-23,199.9,199.9,199.9,199.9,0,0,1
FINNIFTY23JUL2424200PE.NFO,2024-07-08,15:14:00,2024-07-23,199.9,199.9,199.9,199.9,0,0,1
FINNIFTY23JUL2424200PE.NFO,2024-07-08,15:15:00,2024-07-23,199.9,199.9,199.9,199.9,0,0,1
FINNIFTY23JUL2424200PE.NFO,2024-07-08,15:16:00,2024-07-23,199.9,199.9,199.9,199.9,0,0,1
FINNIFTY23JUL2424200PE.NFO,2024-07-08,15:17:00,2024-07-23,199.9,199.9,199.9,199.9,0,0,1
FINNIFTY23JUL2424200PE.NFO,2024-07-08,15:18:00,2024-07-23,199.9,199.9,199.9,199.9,0,0,1
FINNIFTY23JUL2424200PE.NFO,2024-07-08,15:19:00,2024-07-23,199.9,199.9,199.9,199.9,0,0,1
FINNIFTY23JUL2424200PE.NFO,2024-07-08,15:20:00,2024-07-23,199.9,199.9,199.9,199.9,0,0,1
FINNIFTY23JUL2424200PE.NFO,2024-07-08,15:21:00,2024-07-23,199.9,199.9,199.9,199.9,0,0,1
FINNIFTY23JUL2424200PE.NFO,2024-07-08,15:22:00,2024-07-23,199.9,199.9,199.9,199.9,0,0,1
FINNIFTY23JUL2424200PE.NFO,2024-07-08,15:23:00,2024-07-23,199.9,199.9,199.9,199.9,0,0,1
FINNIFTY23JUL2424200PE.NFO,2024-07-08,15:24:00,2024-07-23,199.9,199.9,199.9,199.9,0,0,1
FINNIFTY23JUL2424200PE.NFO,2024-07-08,15:25:00,2024-07-23,199.9,199.9,199.9,199.9,0,0,1
FINNIFTY23JUL2424200PE.NFO,2024-07-08,15:26:00,2024-07-23,199.9,199.9,199.9,199.9,0,0,1
FINNIFTY23JUL2424200PE.NFO,2024-07-08,15:27:00,2024-07-23,199.9,199.9,199.9,199.9,0,0,1
FINNIFTY23JUL2424200PE.NFO,2024-07-08,15:28:00,2024-07-23,199.9,199.9,199.9,199.9,0,0,1
FINNIFTY23JUL2424200PE.NFO,2024-07-08,15:29:00,2024-07-23,199.9,199.9,199.9,199.9,0,0,1
FINNIFTY23JUL2424200PE.NFO,2024-07-08,15:30:00,2024-07-23,199.9,199.9,199.9,199.9,0,0,1
FINNIFTY23JUL2424200PE.NFO,2024-07-09,09:15:00,2024-07-23,199.9,199.9,199.9,199.9,0,0,0
FINNIFTY23JUL2424200PE.NFO,2024-07-09,09:16:00,2024-07-23,199.9,199.9,199.9,199.9,0,0,1
FINNIFTY23JUL2424200PE.NFO,2024-07-09,09:17:00,2024-07-23,199.9,199.9,199.9,199.9,0,0,1
FINNIFTY23JUL2424200PE.NFO,2024-07-09,09:18:00,2024-07-23,199.9,199.9,199.9,199.9,0,0,1
FINNIFTY23JUL2424200PE.NFO,2024-07-09,09:19:00,2024-07-23,199.9,199.9,199.9,199.9,0,0,1
FINNIFTY23JUL2424200PE.NFO,2024-07-09,09:20:00,2024-07-23,199.9,199.9,199.9,199.9,0,0,1
FINNIFTY23JUL2424200PE.NFO,2024-07-09,09:21:00,2024-07-23,199.9,199.9,199.9,199.9,0,0,1
FINNIFTY23JUL2424200PE.NFO,2024-07-09,09:22:00,2024-07-23,199.9,199.9,199.9,199.9,0,0,1
FINNIFTY23JUL2424200PE.NFO,2024-07-09,09:23:00,2024-07-23,199.9,199.9,199.9,199.9,0,0,1
FINNIFTY23JUL2424200PE.NFO,2024-07-09,09:24:00,2024-07-23,199.9,199.9,199.9,199.9,0,0,1
FINNIFTY23JUL2424200PE.NFO,2024-07-09,09:25:00,2024-07-23,199.9,199.9,199.9,199.9,0,0,1
FINNIFTY23JUL2424200PE.NFO,2024-07-09,09:26:00,2024-07-23,199.9,199.9,199.9,199.9,0,0,1
FINNIFTY23JUL2424200PE.NFO,2024-07-09,09:27:00,2024-07-23,199.9,199.9,199.9,199.9,0,0,1
FINNIFTY23JUL2424200PE.NFO,2024-07-09,09:28:00,2024-07-23,199.9,199.9,199.9,199.9,0,0,1
FINNIFTY23JUL2424200PE.NFO,2024-07-09,09:29:00,2024-07-23,199.9,199.9,199.9,199.9,0,0,1
FINNIFTY23JUL2424200PE.NFO,2024-07-09,09:30:00,2024-07-23,199.9,199.9,199.9,199.9,0,0,1
FINNIFTY23JUL2424200PE.NFO,2024-07-09,09:31:00,2024-07-23,199.9,199.9,199.9,199.9,0,0,1
FINNIFTY23JUL2424200PE.NFO,2024-07-09,09:32:00,2024-07-23,199.9,199.9,199.9,199.9,0,0,1
FINNIFTY23JUL2424200PE.NFO,2024-07-09,09:33:00,2024-07-23,199.9,199.9,199.9,199.9,0,0,1
FINNIFTY23JUL2424200PE.NFO,2024-07-09,09:34:00,2024-07-23,199.9,199.9,199.9,199.9,0,0,1
FINNIFTY23JUL2424200PE.NFO,2024-07-09,09:35:00,2024-07-23,199.9,199.9,199.9,199.9,0,0,1
FINNIFTY23JUL2424200PE.NFO,2024-07-09,09:36:00,2024-07-23,199.9,199.9,199.9,199.9,0,0,1
FINNIFTY23JUL2424200PE.NFO,2024-07-09,09:37:00,2024-07-23,199.9,199.9,199.9,199.9,0,0,1
FINNIFTY23JUL2424200PE.NFO,2024-07-09,09:38:00,2024-07-23,199.9,199.9,199.9,199.9,0,0,1
FINNIFTY23JUL2424200PE.NFO,2024-07-09,09:39:00,2024-07-23,199.9,199.9,199.9,199.9,0,0,1
FINNIFTY23JUL2424200PE.NFO,2024-07-09,09:40:00,2024-07-23,199.9,199.9,199.9,199.9,0,0,1
FINNIFTY23JUL2424200PE.NFO,2024-07-09,09:41:00,2024-07-23,199.9,199.9,199.9,199.9,0,0,1
FINNIFTY23JUL2424200PE.NFO,2024-07-09,09:42:00,2024-07-23,199.9,199.9,199.9,199.9,0,0,1
FINNIFTY23JUL2424200PE.NFO,2024-07-09,09:43:00,2024-07-23,199.9,199.9,199.9,199.9,0,0,1
FINNIFTY23JUL2424200PE.NFO,2024-07-09,09:44:00,2024-07-23,199.9,199.9,199.9,199.9,0,0,1
FINNIFTY23JUL2424200PE.NFO,2024-07-09,09:45:00,2024-07-23,199.9,199.9,199.9,199.9,0,0,1
FINNIFTY23JUL2424200PE.NFO,2024-07-09,09:46:00,2024-07-23,199.9,199.9,199.9,199.9,0,0,1
FINNIFTY23JUL2424200PE.NFO,2024-07-09,09:47:00,2024-07-23,199.9,199.9,199.9,199.9,0,0,1
FINNIFTY23JUL2424200PE.NFO,2024-07-09,09:48:00,2024-07-23,199.9,199.9,199.9,199.9,0,0,1
FINNIFTY23JUL2424200PE.NFO,2024-07-09,09:49:00,2024-07-23,199.9,199.9,199.9,199.9,0,0,1
FINNIFTY23JUL2424200PE.NFO,2024-07-09,09:50:00,2024-07-23,199.9,199.9,199.9,199.9,0,0,1
FINNIFTY23JUL2424200PE.NFO,2024-07-09,09:51:00,2024-07-23,199.9,199.9,199.9,199.9,0,0,1
FINNIFTY23JUL2424200PE.NFO,2024-07-09,09:52:00,2024-07-23,199.9,199.9,199.9,199.9,0,0,1
FINNIFTY23JUL2424200PE.NFO,2024-07-09,09:53:00,2024-07-23,199.9,199.9,199.9,199.9,0,0,1
FINNIFTY23JUL2424200PE.NFO,2024-07-09,09:54:00,2024-07-23,199.9,199.9,199.9,199.9,0,0,1
FINNIFTY23JUL2424200PE.NFO,2024-07-09,09:55:00,2024-07-23,199.9,199.9,199.9,199.9,0,0,1
FINNIFTY23JUL2424200PE.NFO,2024-07-09,09:56:00,2024-07-23,199.9,199.9,199.9,199.9,0,0,1
FINNIFTY23JUL2424200PE.NFO,2024-07-09,09:57:00,2024-07-23,199.9,199.9,199.9,199.9,0,0,1
FINNIFTY23JUL2424200PE.NFO,2024-07-09,09:58:00,2024-07-23,199.9,199.9,199.9,199.9,0,0,1
FINNIFTY23JUL2424200PE.NFO,2024-07-09,09:59:00,2024-07-23,199.9,199.9,199.9,199.9,0,0,1
FINNIFTY23JUL2424200PE.NFO,2024-07-09,10:00:00,2024-07-23,199.9,199.9,199.9,199.9,0,0,1
FINNIFTY23JUL2424200PE.NFO,2024-07-09,10:01:00,2024-07-23,199.9,199.9,199.9,199.9,0,0,1
FINNIFTY23JUL2424200PE.NFO,2024-07-09,10:02:00,2024-07-23,199.9,199.9,199.9,199.9,0,0,1
FINNIFTY23JUL2424200PE.NFO,2024-07-09,10:03:00,2024-07-23,199.9,199.9,199.9,199.9,0,0,1
FINNIFTY23JUL2424200PE.NFO,2024-07-09,10:04:00,2024-07-23,199.9,199.9,199.9,199.9,0,0,1
FINNIFTY23JUL2424200PE.NFO,2024-07-09,10:05:00,2024-07-23,199.9,199.9,199.9,199.9,0,0,1
FINNIFTY23JUL2424200PE.NFO,2024-07-09,10:06:00,2024-07-23,199.9,199.9,199.9,199.9,0,0,1
FINNIFTY23JUL2424200PE.NFO,2024-07-09,10:07:00,2024-07-23,199.9,199.9,199.9,199.9,0,0,1
FINNIFTY23JUL2424200PE.NFO,2024-07-09,10:08:00,2024-07-23,199.9,199.9,199.9,199.9,0,0,1
FINNIFTY23JUL2424200PE.NFO,2024-07-09,10:09:00,2024-07-23,199.9,199.9,199.9,199.9,0,0,1
FINNIFTY23JUL2424200PE.NFO,2024-07-09,10:10:00,2024-07-23,199.9,199.9,199.9,199.9,0,0,1
FINNIFTY23JUL2424200PE.NFO,2024-07-09,10:11:00,2024-07-23,199.9,199.9,199.9,199.9,0,0,1
FINNIFTY23JUL2424200PE.NFO,2024-07-09,10:12:00,2024-07-23,199.9,199.9,199.9,199.9,0,0,1
FINNIFTY23JUL2424200PE.NFO,2024-07-09,10:13:00,2024-07-23,199.9,199.9,199.9,199.9,0,0,1
FINNIFTY23JUL2424200PE.NFO,2024-07-09,10:14:00,2024-07-23,199.9,199.9,199.9,199.9,0,0,1
FINNIFTY23JUL2424200PE.NFO,2024-07-09,10:15:00,2024-07-23,199.9,199.9,199.9,199.9,0,0,1
FINNIFTY23JUL2424200PE.NFO,2024-07-09,10:16:00,2024-07-23,199.9,199.9,199.9,199.9,0,0,1
FINNIFTY23JUL2424200PE.NFO,2024-07-09,10:17:00,2024-07-23,199.9,199.9,199.9,199.9,0,0,1
FINNIFTY23JUL2424200PE.NFO,2024-07-09,10:18:00,2024-07-23,199.9,199.9,199.9,199.9,0,0,1
FINNIFTY23JUL2424200PE.NFO,2024-07-09,10:19:00,2024-07-23,199.9,199.9,199.9,199.9,0,0,1
FINNIFTY23JUL2424200PE.NFO,2024-07-09,10:20:00,2024-07-23,199.9,199.9,199.9,199.9,0,0,1
FINNIFTY23JUL2424200PE.NFO,2024-07-09,10:21:00,2024-07-23,199.9,199.9,199.9,199.9,0,0,1
FINNIFTY23JUL2424200PE.NFO,2024-07-09,10:22:00,2024-07-23,199.9,199.9,199.9,199.9,0,0,1
FINNIFTY23JUL2424200PE.NFO,2024-07-09,10:23:00,2024-07-23,199.9,199.9,199.9,199.9,0,0,1
FINNIFTY23JUL2424200PE.NFO,2024-07-09,10:24:00,2024-07-23,199.9,199.9,199.9,199.9,0,0,1
FINNIFTY23JUL2424200PE.NFO,2024-07-09,10:25:00,2024-07-23,199.9,199.9,199.9,199.9,0,0,1
FINNIFTY23JUL2424200PE.NFO,2024-07-09,10:26:00,2024-07-23,199.9,199.9,199.9,199.9,0,0,1
FINNIFTY23JUL2424200PE.NFO,2024-07-09,10:27:00,2024-07-23,199.9,199.9,199.9,199.9,0,0,1
FINNIFTY23JUL2424200PE.NFO,2024-07-09,10:28:00,2024-07-23,199.9,199.9,199.9,199.9,0,0,1
FINNIFTY23JUL2424200PE.NFO,2024-07-09,10:29:00,2024-07-23,199.9,199.9,199.9,199.9,0,0,1
FINNIFTY23JUL2424200PE.NFO,2024-07-09,10:30:00,2024-07-23,199.9,199.9,199.9,199.9,0,0,1
FINNIFTY23JUL2424200PE.NFO,2024-07-09,10:31:00,2024-07-23,199.9,199.9,199.9,199.9,0,0,1
FINNIFTY23JUL2424200PE.NFO,2024-07-09,10:32:00,2024-07-23,199.9,199.9,199.9,199.9,0,0,1
FINNIFTY23JUL2424200PE.NFO,2024-07-09,10:33:00,2024-07-23,199.9,199.9,199.9,199.9,0,0,1
FINNIFTY23JUL2424200PE.NFO,2024-07-09,10:34:00,2024-07-23,199.9,199.9,199.9,199.9,0,0,1
FINNIFTY23JUL2424200PE.NFO,2024-07-09,10:35:00,2024-07-23,199.9,199.9,199.9,199.9,0,0,1
FINNIFTY23JUL2424200PE.NFO,2024-07-09,10:36:00,2024-07-23,199.9,199.9,199.9,199.9,0,0,1
FINNIFTY23JUL2424200PE.NFO,2024-07-09,10:37:00,2024-07-23,199.9,199.9,199.9,199.9,0,0,1
FINNIFTY23JUL2424200PE.NFO,2024-07-09,10:38:00,2024-07-23,199.9,199.9,199.9,199.9,0,0,1
FINNIFTY23JUL2424200PE.NFO,2024-07-09,10:39:00,2024-07-23,199.9,199.9,199.9,199.9,0,0,1
FINNIFTY23JUL2424200PE.NFO,2024-07-09,10:40:00,2024-07-23,199.9,199.9,199.9,199.9,0,0,1
FINNIFTY23JUL2424200PE.NFO,2024-07-09,10:41:00,2024-07-23,199.9,199.9,199.9,199.9,0,0,1
FINNIFTY23JUL2424200PE.NFO,2024-07-09,10:42:00,2024-07-23,199.9,199.9,199.9,199.9,0,0,1
FINNIFTY23JUL2424200PE.NFO,2024-07-09,10:43:00,2024-07-23,199.9,199.9,199.9,199.9,0,0,1
FINNIFTY23JUL2424200PE.NFO,2024-07-09,10:44:00,2024-07-23,199.9,199.9,199.9,199.9,0,0,1
FINNIFTY23JUL2424200PE.NFO,2024-07-09,10:45:00,2024-07-23,199.9,199.9,199.9,199.9,0,0,1
FINNIFTY23JUL2424200PE.NFO,2024-07-09,10:46:00,2024-07-23,199.9,199.9,199.9,199.9,0,0,1
FINNIFTY23JUL2424200PE.NFO,2024-07-09,10:47:00,2024-07-23,199.9,199.9,199.9,199.9,0,0,1
FINNIFTY23JUL2424200PE.NFO,2024-07-09,10:48:00,2024-07-23,199.9,199.9,199.9,199.9,0,0,1
FINNIFTY23JUL2424200PE.NFO,2024-07-09,10:49:00,2024-07-23,199.9,199.9,199.9,199.9,0,0,1
FINNIFTY23JUL2424200PE.NFO,2024-07-09,10:50:00,2024-07-23,199.9,199.9,199.9,199.9,0,0,1
FINNIFTY23JUL2424200PE.NFO,2024-07-09,10:51:00,2024-07-23,199.9,199.9,199.9,199.9,0,0,1
FINNIFTY23JUL2424200PE.NFO,2024-07-09,10:52:00,2024-07-23,199.9,199.9,199.9,199.9,0,0,1
FINNIFTY23JUL2424200PE.NFO,2024-07-09,10:53:00,2024-07-23,199.9,199.9,199.9,199.9,0,0,1
FINNIFTY23JUL2424200PE.NFO,2024-07-09,10:54:00,2024-07-23,199.9,199.9,199.9,199.9,0,0,1
FINNIFTY23JUL2424200PE.NFO,2024-07-09,10:55:00,2024-07-23,199.9,199.9,199.9,199.9,0,0,1
FINNIFTY23JUL2424200PE.NFO,2024-07-09,10:56:00,2024-07-23,199.9,199.9,199.9,199.9,0,0,1
FINNIFTY23JUL2424200PE.NFO,2024-07-09,10:57:00,2024-07-23,199.9,199.9,199.9,199.9,0,0,1
FINNIFTY23JUL2424200PE.NFO,2024-07-09,10:58:00,2024-07-23,199.9,199.9,199.9,199.9,0,0,1
FINNIFTY23JUL2424200PE.NFO,2024-07-09,10:59:00,2024-07-23,199.9,199.9,199.9,199.9,0,0,1
FINNIFTY23JUL2424200PE.NFO,2024-07-09,11:00:00,2024-07-23,199.9,199.9,199.9,199.9,0,0,1
FINNIFTY23JUL2424200PE.NFO,2024-07-09,11:01:00,2024-07-23,199.9,199.9,199.9,199.9,0,0,1
FINNIFTY23JUL2424200PE.NFO,2024-07-09,11:02:00,2024-07-23,199.9,199.9,199.9,199.9,0,0,1
FINNIFTY23JUL2424200PE.NFO,2024-07-09,11:03:00,2024-07-23,199.9,199.9,199.9,199.9,0,0,1
FINNIFTY23JUL2424200PE.NFO,2024-07-09,11:04:00,2024-07-23,199.9,199.9,199.9,199.9,0,0,1
FINNIFTY23JUL2424200PE.NFO,2024-07-09,11:05:00,2024-07-23,199.9,199.9,199.9,199.9,0,0,1
FINNIFTY23JUL2424200PE.NFO,2024-07-09,11:06:00,2024-07-23,199.9,199.9,199.9,199.9,0,0,1
FINNIFTY23JUL2424200PE.NFO,2024-07-09,11:07:00,2024-07-23,199.9,199.9,199.9,199.9,0,0,1
FINNIFTY23JUL2424200PE.NFO,2024-07-09,11:08:00,2024-07-23,199.9,199.9,199.9,199.9,0,0,1
FINNIFTY23JUL2424200PE.NFO,2024-07-09,11:09:00,2024-07-23,199.9,199.9,199.9,199.9,0,0,1
FINNIFTY23JUL2424200PE.NFO,2024-07-09,11:10:00,2024-07-23,199.9,199.9,199.9,199.9,0,0,1
FINNIFTY23JUL2424200PE.NFO,2024-07-09,11:11:00,2024-07-23,199.9,199.9,199.9,199.9,0,0,1
FINNIFTY23JUL2424200PE.NFO,2024-07-09,11:12:00,2024-07-23,199.9,199.9,199.9,199.9,0,0,1
FINNIFTY23JUL2424200PE.NFO,2024-07-09,11:13:00,2024-07-23,199.9,199.9,199.9,199.9,0,0,1
FINNIFTY23JUL2424200PE.NFO,2024-07-09,11:14:00,2024-07-23,199.9,199.9,199.9,199.9,0,0,1
FINNIFTY23JUL2424200PE.NFO,2024-07-09,11:15:00,2024-07-23,199.9,199.9,199.9,199.9,0,0,1
FINNIFTY23JUL2424200PE.NFO,2024-07-09,11:16:00,2024-07-23,199.9,199.9,199.9,199.9,0,0,1
FINNIFTY23JUL2424200PE.NFO,2024-07-09,11:17:00,2024-07-23,199.9,199.9,199.9,199.9,0,0,1
FINNIFTY23JUL2424200PE.NFO,2024-07-09,11:18:00,2024-07-23,199.9,199.9,199.9,199.9,0,0,1
FINNIFTY23JUL2424200PE.NFO,2024-07-09,11:19:00,2024-07-23,199.9,199.9,199.9,199.9,0,0,1
FINNIFTY23JUL2424200PE.NFO,2024-07-09,11:20:00,2024-07-23,199.9,199.9,199.9,199.9,0,0,1
FINNIFTY23JUL2424200PE.NFO,2024-07-09,11:21:00,2024-07-23,199.9,199.9,199.9,199.9,0,0,1
FINNIFTY23JUL2424200PE.NFO,2024-07-09,11:22:00,2024-07-23,199.9,199.9,199.9,199.9,0,0,1
FINNIFTY23JUL2424200PE.NFO,2024-07-09,11:23:00,2024-07-23,199.9,199.9,199.9,199.9,0,0,1
FINNIFTY23JUL2424200PE.NFO,2024-07-09,11:24:00,2024-07-23,199.9,199.9,199.9,199.9,0,0,1
FINNIFTY23JUL2424200PE.NFO,2024-07-09,11:25:00,2024-07-23,199.9,199.9,199.9,199.9,0,0,1
FINNIFTY23JUL2424200PE.NFO,2024-07-09,11:26:00,2024-07-23,199.9,199.9,199.9,199.9,0,0,1
FINNIFTY23JUL2424200PE.NFO,2024-07-09,11:27:00,2024-07-23,199.9,199.9,199.9,199.9,0,0,1
FINNIFTY23JUL2424200PE.NFO,2024-07-09,11:28:00,2024-07-23,199.9,199.9,199.9,199.9,0,0,1
FINNIFTY23JUL2424200PE.NFO,2024-07-09,11:29:00,2024-07-23,199.9,199.9,199.9,199.9,0,0,1
FINNIFTY23JUL2424200PE.NFO,2024-07-09,11:30:00,2024-07-23,199.9,199.9,199.9,199.9,0,0,1
FINNIFTY23JUL2424200PE.NFO,2024-07-09,11:31:00,2024-07-23,199.9,199.9,199.9,199.9,0,0,1
FINNIFTY23JUL2424200PE.NFO,2024-07-09,11:32:00,2024-07-23,199.9,199.9,199.9,199.9,0,0,1
FINNIFTY23JUL2424200PE.NFO,2024-07-09,11:33:00,2024-07-23,199.9,199.9,199.9,199.9,0,0,1
FINNIFTY23JUL2424200PE.NFO,2024-07-09,11:34:00,2024-07-23,199.9,199.9,199.9,199.9,0,0,1
FINNIFTY23JUL2424200PE.NFO,2024-07-09,11:35:00,2024-07-23,199.9,199.9,199.9,199.9,0,0,1
FINNIFTY23JUL2424200PE.NFO,2024-07-09,11:36:00,2024-07-23,199.9,199.9,199.9,199.9,0,0,1
FINNIFTY23JUL2424200PE.NFO,2024-07-09,11:37:00,2024-07-23,199.9,199.9,199.9,199.9,0,0,1
FINNIFTY23JUL2424200PE.NFO,2024-07-09,11:38:00,2024-07-23,199.9,199.9,199.9,199.9,0,0,1
FINNIFTY23JUL2424200PE.NFO,2024-07-09,11:39:00,2024-07-23,199.9,199.9,199.9,199.9,0,0,1
FINNIFTY23JUL2424200PE.NFO,2024-07-09,11:40:00,2024-07-23,199.9,199.9,199.9,199.9,0,0,1
FINNIFTY23JUL2424200PE.NFO,2024-07-09,11:41:00,2024-07-23,199.9,199.9,199.9,199.9,0,0,1
FINNIFTY23JUL2424200PE.NFO,2024-07-09,11:42:00,2024-07-23,199.9,199.9,199.9,199.9,0,0,1
FINNIFTY23JUL2424200PE.NFO,2024-07-09,11:43:00,2024-07-23,199.9,199.9,199.9,199.9,0,0,1
FINNIFTY23JUL2424200PE.NFO,2024-07-09,11:44:00,2024-07-23,199.9,199.9,199.9,199.9,0,0,1
FINNIFTY23JUL2424200PE.NFO,2024-07-09,11:45:00,2024-07-23,199.9,199.9,199.9,199.9,0,0,1
FINNIFTY23JUL2424200PE.NFO,2024-07-09,11:46:00,2024-07-23,199.9,199.9,199.9,199.9,0,0,1
FINNIFTY23JUL2424200PE.NFO,2024-07-09,11:47:00,2024-07-23,199.9,199.9,199.9,199.9,0,0,1
FINNIFTY23JUL2424200PE.NFO,2024-07-09,11:48:00,2024-07-23,199.9,199.9,199.9,199.9,0,0,1
FINNIFTY23JUL2424200PE.NFO,2024-07-09,11:49:00,2024-07-23,199.9,199.9,199.9,199.9,0,0,1
FINNIFTY23JUL2424200PE.NFO,2024-07-09,11:50:00,2024-07-23,199.9,199.9,199.9,199.9,0,0,1
FINNIFTY23JUL2424200PE.NFO,2024-07-09,11:51:00,2024-07-23,199.9,199.9,199.9,199.9,0,0,1
FINNIFTY23JUL2424200PE.NFO,2024-07-09,11:52:00,2024-07-23,199.9,199.9,199.9,199.9,0,0,1
FINNIFTY23JUL2424200PE.NFO,2024-07-09,11:53:00,2024-07-23,199.9,199.9,199.9,199.9,0,0,1
FINNIFTY23JUL2424200PE.NFO,2024-07-09,11:54:00,2024-07-23,199.9,199.9,199.9,199.9,0,0,1
FINNIFTY23JUL2424200PE.NFO,2024-07-09,11:55:00,2024-07-23,199.9,199.9,199.9,199.9,0,0,1
FINNIFTY23JUL2424200PE.NFO,2024-07-09,11:56:00,2024-07-23,199.9,199.9,199.9,199.9,0,0,1
FINNIFTY23JUL2424200PE.NFO,2024-07-09,11:57:00,2024-07-23,199.9,199.9,199.9,199.9,0,0,1
FINNIFTY23JUL2424200PE.NFO,2024-07-09,11:58:00,2024-07-23,199.9,199.9,199.9,199.9,0,0,1
FINNIFTY23JUL2424200PE.NFO,2024-07-09,11:59:00,2024-07-23,199.9,199.9,199.9,199.9,0,0,1
FINNIFTY23JUL2424200PE.NFO,2024-07-09,12:00:00,2024-07-23,199.9,199.9,199.9,199.9,0,0,1
FINNIFTY23JUL2424200PE.NFO,2024-07-09,12:01:00,2024-07-23,199.9,199.9,199.9,199.9,0,0,1
FINNIFTY23JUL2424200PE.NFO,2024-07-09,12:02:00,2024-07-23,199.9,199.9,199.9,199.9,0,0,1
FINNIFTY23JUL2424200PE.NFO,2024-07-09,12:03:00,2024-07-23,199.9,199.9,199.9,199.9,0,0,1
FINNIFTY23JUL2424200PE.NFO,2024-07-09,12:04:00,2024-07-23,199.9,199.9,199.9,199.9,0,0,1
FINNIFTY23JUL2424200PE.NFO,2024-07-09,12:05:00,2024-07-23,199.9,199.9,199.9,199.9,0,0,1
FINNIFTY23JUL2424200PE.NFO,2024-07-09,12:06:00,2024-07-23,199.9,199.9,199.9,199.9,0,0,1
FINNIFTY23JUL2424200PE.NFO,2024-07-09,12:07:00,2024-07-23,199.9,199.9,199.9,199.9,0,0,1
FINNIFTY23JUL2424200PE.NFO,2024-07-09,12:08:00,2024-07-23,199.9,199.9,199.9,199.9,0,0,1
FINNIFTY23JUL2424200PE.NFO,2024-07-09,12:09:00,2024-07-23,199.9,199.9,199.9,199.9,0,0,1
FINNIFTY23JUL2424200PE.NFO,2024-07-09,12:10:00,2024-07-23,199.9,199.9,199.9,199.9,0,0,1
FINNIFTY23JUL2424200PE.NFO,2024-07-09,12:11:00,2024-07-23,199.9,199.9,199.9,199.9,0,0,1
FINNIFTY23JUL2424200PE.NFO,2024-07-09,12:12:00,2024-07-23,199.9,199.9,199.9,199.9,0,0,1
FINNIFTY23JUL2424200PE.NFO,2024-07-09,12:13:00,2024-07-23,199.9,199.9,199.9,199.9,0,0,1
FINNIFTY23JUL2424200PE.NFO,2024-07-09,12:14:00,2024-07-23,199.9,199.9,199.9,199.9,0,0,1
FINNIFTY23JUL2424200PE.NFO,2024-07-09,12:15:00,2024-07-23,199.9,199.9,199.9,199.9,0,0,1
FINNIFTY23JUL2424200PE.NFO,2024-07-09,12:16:00,2024-07-23,199.9,199.9,199.9,199.9,0,0,1
FINNIFTY23JUL2424200PE.NFO,2024-07-09,12:17:00,2024-07-23,199.9,199.9,199.9,199.9,0,0,1
FINNIFTY23JUL2424200PE.NFO,2024-07-09,12:18:00,2024-07-23,199.9,199.9,199.9,199.9,0,0,1
FINNIFTY23JUL2424200PE.NFO,2024-07-09,12:19:00,2024-07-23,199.9,199.9,199.9,199.9,0,0,1
FINNIFTY23JUL2424200PE.NFO,2024-07-09,12:20:00,2024-07-23,199.9,199.9,199.9,199.9,0,0,1
FINNIFTY23JUL2424200PE.NFO,2024-07-09,12:21:00,2024-07-23,199.9,199.9,199.9,199.9,0,0,1
FINNIFTY23JUL2424200PE.NFO,2024-07-09,12:22:00,2024-07-23,199.9,199.9,199.9,199.9,0,0,1
FINNIFTY23JUL2424200PE.NFO,2024-07-09,12:23:00,2024-07-23,199.9,199.9,199.9,199.9,0,0,1
FINNIFTY23JUL2424200PE.NFO,2024-07-09,12:24:00,2024-07-23,199.9,199.9,199.9,199.9,0,0,1
FINNIFTY23JUL2424200PE.NFO,2024-07-09,12:25:00,2024-07-23,199.9,199.9,199.9,199.9,0,0,1
FINNIFTY23JUL2424200PE.NFO,2024-07-09,12:26:00,2024-07-23,199.9,199.9,199.9,199.9,0,0,1
FINNIFTY23JUL2424200PE.NFO,2024-07-09,12:27:00,2024-07-23,199.9,199.9,199.9,199.9,0,0,1
FINNIFTY23JUL2424200PE.NFO,2024-07-09,12:28:00,2024-07-23,199.9,199.9,199.9,199.9,0,0,1
FINNIFTY23JUL2424200PE.NFO,2024-07-09,12:29:00,2024-07-23,199.9,199.9,199.9,199.9,0,0,1
FINNIFTY23JUL2424200PE.NFO,2024-07-09,12:30:00,2024-07-23,199.9,199.9,199.9,199.9,0,0,1
FINNIFTY23JUL2424200PE.NFO,2024-07-09,12:31:00,2024-07-23,199.9,199.9,199.9,199.9,0,0,1
FINNIFTY23JUL2424200PE.NFO,2024-07-09,12:32:00,2024-07-23,199.9,199.9,199.9,199.9,0,0,1
FINNIFTY23JUL2424200PE.NFO,2024-07-09,12:33:00,2024-07-23,199.9,199.9,199.9,199.9,0,0,1
FINNIFTY23JUL2424200PE.NFO,2024-07-09,12:34:00,2024-07-23,199.9,199.9,199.9,199.9,0,0,1
FINNIFTY23JUL2424200PE.NFO,2024-07-09,12:35:00,2024-07-23,199.9,199.9,199.9,199.9,0,0,1
FINNIFTY23JUL2424200PE.NFO,2024-07-09,12:36:00,2024-07-23,199.9,199.9,199.9,199.9,0,0,1
FINNIFTY23JUL2424200PE.NFO,2024-07-09,12:37:00,2024-07-23,199.9,199.9,199.9,199.9,0,0,1
FINNIFTY23JUL2424200PE.NFO,2024-07-09,12:38:00,2024-07-23,199.9,199.9,199.9,199.9,0,0,1
FINNIFTY23JUL2424200PE.NFO,2024-07-09,12:39:00,2024-07-23,199.9,199.9,199.9,199.9,0,0,1
FINNIFTY23JUL2424200PE.NFO,2024-07-09,12:40:00,2024-07-23,199.9,199.9,199.9,199.9,0,0,1
FINNIFTY23JUL2424200PE.NFO,2024-07-09,12:41:00,2024-07-23,199.9,199.9,199.9,199.9,0,0,1
FINNIFTY23JUL2424200PE.NFO,2024-07-09,12:42:00,2024-07-23,199.9,199.9,199.9,199.9,0,0,1
FINNIFTY23JUL2424200PE.NFO,2024-07-09,12:43:00,2024-07-23,199.9,199.9,199.9,199.9,0,0,1
FINNIFTY23JUL2424200PE.NFO,2024-07-09,12:44:00,2024-07-23,199.9,199.9,199.9,199.9,0,0,1
FINNIFTY23JUL2424200PE.NFO,2024-07-09,12:45:00,2024-07-23,199.9,199.9,199.9,199.9,0,0,1
FINNIFTY23JUL2424200PE.NFO,2024-07-09,12:46:00,2024-07-23,199.9,199.9,199.9,199.9,0,0,1
FINNIFTY23JUL2424200PE.NFO,2024-07-09,12:47:00,2024-07-23,199.9,199.9,199.9,199.9,0,0,1
FINNIFTY23JUL2424200PE.NFO,2024-07-09,12:48:00,2024-07-23,199.9,199.9,199.9,199.9,0,0,1
FINNIFTY23JUL2424200PE.NFO,2024-07-09,12:49:00,2024-07-23,199.9,199.9,199.9,199.9,0,0,1
FINNIFTY23JUL2424200PE.NFO,2024-07-09,12:50:00,2024-07-23,199.9,199.9,199.9,199.9,0,0,1
FINNIFTY23JUL2424200PE.NFO,2024-07-09,12:51:00,2024-07-23,199.9,199.9,199.9,199.9,0,0,1
FINNIFTY23JUL2424200PE.NFO,2024-07-09,12:52:00,2024-07-23,199.9,199.9,199.9,199.9,0,0,1
FINNIFTY23JUL2424200PE.NFO,2024-07-09,12:53:00,2024-07-23,199.9,199.9,199.9,199.9,0,0,1
FINNIFTY23JUL2424200PE.NFO,2024-07-09,12:54:00,2024-07-23,199.9,199.9,199.9,199.9,0,0,1
FINNIFTY23JUL2424200PE.NFO,2024-07-09,12:55:00,2024-07-23,199.9,199.9,199.9,199.9,0,0,1
FINNIFTY23JUL2424200PE.NFO,2024-07-09,12:56:00,2024-07-23,199.9,199.9,199.9,199.9,0,0,1
FINNIFTY23JUL2424200PE.NFO,2024-07-09,12:57:00,2024-07-23,199.9,199.9,199.9,199.9,0,0,1
FINNIFTY23JUL2424200PE.NFO,2024-07-09,12:58:00,2024-07-23,199.9,199.9,199.9,199.9,0,0,1
FINNIFTY23JUL2424200PE.NFO,2024-07-09,12:59:00,2024-07-23,199.9,199.9,199.9,199.9,0,0,1
FINNIFTY23JUL2424200PE.NFO,2024-07-09,13:00:00,2024-07-23,199.9,199.9,199.9,199.9,0,0,1
FINNIFTY23JUL2424200PE.NFO,2024-07-09,13:01:00,2024-07-23,199.9,199.9,199.9,199.9,0,0,1
FINNIFTY23JUL2424200PE.NFO,2024-07-09,13:02:00,2024-07-23,199.9,199.9,199.9,199.9,0,0,1
FINNIFTY23JUL2424200PE.NFO,2024-07-09,13:03:00,2024-07-23,199.9,199.9,199.9,199.9,0,0,1
FINNIFTY23JUL2424200PE.NFO,2024-07-09,13:04:00,2024-07-23,199.9,199.9,199.9,199.9,0,0,1
FINNIFTY23JUL2424200PE.NFO,2024-07-09,13:05:00,2024-07-23,199.9,199.9,199.9,199.9,0,0,1
FINNIFTY23JUL2424200PE.NFO,2024-07-09,13:06:00,2024-07-23,199.9,199.9,199.9,199.9,0,0,1
FINNIFTY23JUL2424200PE.NFO,2024-07-09,13:07:00,2024-07-23,199.9,199.9,199.9,199.9,0,0,1
FINNIFTY23JUL2424200PE.NFO,2024-07-09,13:08:00,2024-07-23,199.9,199.9,199.9,199.9,0,0,1
FINNIFTY23JUL2424200PE.NFO,2024-07-09,13:09:00,2024-07-23,199.9,199.9,199.9,199.9,0,0,1
FINNIFTY23JUL2424200PE.NFO,2024-07-09,13:10:00,2024-07-23,199.9,199.9,199.9,199.9,0,0,1
FINNIFTY23JUL2424200PE.NFO,2024-07-09,13:11:00,2024-07-23,199.9,199.9,199.9,199.9,0,0,1
FINNIFTY23JUL2424200PE.NFO,2024-07-09,13:12:00,2024-07-23,199.9,199.9,199.9,199.9,0,0,1
FINNIFTY23JUL2424200PE.NFO,2024-07-09,13:13:00,2024-07-23,199.9,199.9,199.9,199.9,0,0,1
FINNIFTY23JUL2424200PE.NFO,2024-07-09,13:14:00,2024-07-23,199.9,199.9,199.9,199.9,0,0,1
FINNIFTY23JUL2424200PE.NFO,2024-07-09,13:15:00,2024-07-23,199.9,199.9,199.9,199.9,0,0,1
FINNIFTY23JUL2424200PE.NFO,2024-07-09,13:16:00,2024-07-23,199.9,199.9,199.9,199.9,0,0,1
FINNIFTY23JUL2424200PE.NFO,2024-07-09,13:17:00,2024-07-23,199.9,199.9,199.9,199.9,0,0,1
FINNIFTY23JUL2424200PE.NFO,2024-07-09,13:18:00,2024-07-23,199.9,199.9,199.9,199.9,0,0,1
FINNIFTY23JUL2424200PE.NFO,2024-07-09,13:19:00,2024-07-23,199.9,199.9,199.9,199.9,0,0,1
FINNIFTY23JUL2424200PE.NFO,2024-07-09,13:20:00,2024-07-23,199.9,199.9,199.9,199.9,0,0,1
FINNIFTY23JUL2424200PE.NFO,2024-07-09,13:21:00,2024-07-23,199.9,199.9,199.9,199.9,0,0,1
FINNIFTY23JUL2424200PE.NFO,2024-07-09,13:22:00,2024-07-23,199.9,199.9,199.9,199.9,0,0,1
FINNIFTY23JUL2424200PE.NFO,2024-07-09,13:23:00,2024-07-23,199.9,199.9,199.9,199.9,0,0,1
FINNIFTY23JUL2424200PE.NFO,2024-07-09,13:24:00,2024-07-23,199.9,199.9,199.9,199.9,0,0,1
FINNIFTY23JUL2424200PE.NFO,2024-07-09,13:25:00,2024-07-23,199.9,199.9,199.9,199.9,0,0,1
FINNIFTY23JUL2424200PE.NFO,2024-07-09,13:26:00,2024-07-23,199.9,199.9,199.9,199.9,0,0,1
FINNIFTY23JUL2424200PE.NFO,2024-07-09,13:27:00,2024-07-23,199.9,199.9,199.9,199.9,0,0,1
FINNIFTY23JUL2424200PE.NFO,2024-07-09,13:28:00,2024-07-23,199.9,199.9,199.9,199.9,0,0,1
FINNIFTY23JUL2424200PE.NFO,2024-07-09,13:29:00,2024-07-23,199.9,199.9,199.9,199.9,0,0,1
FINNIFTY23JUL2424200PE.NFO,2024-07-09,13:30:00,2024-07-23,199.9,199.9,199.9,199.9,0,0,1
FINNIFTY23JUL2424200PE.NFO,2024-07-09,13:31:00,2024-07-23,199.9,199.9,199.9,199.9,0,0,1
FINNIFTY23JUL2424200PE.NFO,2024-07-09,13:32:00,2024-07-23,199.9,199.9,199.9,199.9,0,0,1
FINNIFTY23JUL2424200PE.NFO,2024-07-09,13:33:00,2024-07-23,199.9,199.9,199.9,199.9,0,0,1
FINNIFTY23JUL2424200PE.NFO,2024-07-09,13:34:00,2024-07-23,199.9,199.9,199.9,199.9,0,0,1
FINNIFTY23JUL2424200PE.NFO,2024-07-09,13:35:00,2024-07-23,199.9,199.9,199.9,199.9,0,0,1
FINNIFTY23JUL2424200PE.NFO,2024-07-09,13:36:00,2024-07-23,199.9,199.9,199.9,199.9,0,0,1
FINNIFTY23JUL2424200PE.NFO,2024-07-09,13:37:00,2024-07-23,199.9,199.9,199.9,199.9,0,0,1
FINNIFTY23JUL2424200PE.NFO,2024-07-09,13:38:00,2024-07-23,199.9,199.9,199.9,199.9,0,0,1
FINNIFTY23JUL2424200PE.NFO,2024-07-09,13:39:00,2024-07-23,199.9,199.9,199.9,199.9,0,0,1
FINNIFTY23JUL2424200PE.NFO,2024-07-09,13:40:00,2024-07-23,199.9,199.9,199.9,199.9,0,0,1
FINNIFTY23JUL2424200PE.NFO,2024-07-09,13:41:00,2024-07-23,199.9,199.9,199.9,199.9,0,0,1
FINNIFTY23JUL2424200PE.NFO,2024-07-09,13:42:00,2024-07-23,199.9,199.9,199.9,199.9,0,0,1
FINNIFTY23JUL2424200PE.NFO,2024-07-09,13:43:00,2024-07-23,199.9,199.9,199.9,199.9,0,0,1
FINNIFTY23JUL2424200PE.NFO,2024-07-09,13:44:00,2024-07-23,199.9,199.9,199.9,199.9,0,0,1
FINNIFTY23JUL2424200PE.NFO,2024-07-09,13:45:00,2024-07-23,199.9,199.9,199.9,199.9,0,0,1
FINNIFTY23JUL2424200PE.NFO,2024-07-09,13:46:00,2024-07-23,199.9,199.9,199.9,199.9,0,0,1
FINNIFTY23JUL2424200PE.NFO,2024-07-09,13:47:00,2024-07-23,199.9,199.9,199.9,199.9,0,0,1
FINNIFTY23JUL2424200PE.NFO,2024-07-09,13:48:00,2024-07-23,199.9,199.9,199.9,199.9,0,0,1
FINNIFTY23JUL2424200PE.NFO,2024-07-09,13:49:00,2024-07-23,199.9,199.9,199.9,199.9,0,0,1
FINNIFTY23JUL2424200PE.NFO,2024-07-09,13:50:00,2024-07-23,199.9,199.9,199.9,199.9,0,0,1
FINNIFTY23JUL2424200PE.NFO,2024-07-09,13:51:00,2024-07-23,199.9,199.9,199.9,199.9,0,0,1
FINNIFTY23JUL2424200PE.NFO,2024-07-09,13:52:00,2024-07-23,199.9,199.9,199.9,199.9,0,0,1
FINNIFTY23JUL2424200PE.NFO,2024-07-09,13:53:00,2024-07-23,199.9,199.9,199.9,199.9,0,0,1
FINNIFTY23JUL2424200PE.NFO,2024-07-09,13:54:00,2024-07-23,199.9,199.9,199.9,199.9,0,0,1
FINNIFTY23JUL2424200PE.NFO,2024-07-09,13:55:00,2024-07-23,199.9,199.9,199.9,199.9,0,0,1
FINNIFTY23JUL2424200PE.NFO,2024-07-09,13:56:00,2024-07-23,199.9,199.9,199.9,199.9,0,0,1
FINNIFTY23JUL2424200PE.NFO,2024-07-09,13:57:00,2024-07-23,199.9,199.9,199.9,199.9,0,0,1
FINNIFTY23JUL2424200PE.NFO,2024-07-09,13:58:00,2024-07-23,199.9,199.9,199.9,199.9,0,0,1
FINNIFTY23JUL2424200PE.NFO,2024-07-09,13:59:00,2024-07-23,199.9,199.9,199.9,199.9,0,0,1
FINNIFTY23JUL2424200PE.NFO,2024-07-09,14:00:00,2024-07-23,199.9,199.9,199.9,199.9,0,0,1
FINNIFTY23JUL2424200PE.NFO,2024-07-09,14:01:00,2024-07-23,199.9,199.9,199.9,199.9,0,0,1
FINNIFTY23JUL2424200PE.NFO,2024-07-09,14:02:00,2024-07-23,199.9,199.9,199.9,199.9,0,0,1
FINNIFTY23JUL2424200PE.NFO,2024-07-09,14:03:00,2024-07-23,199.9,199.9,199.9,199.9,0,0,1
FINNIFTY23JUL2424200PE.NFO,2024-07-09,14:04:00,2024-07-23,199.9,199.9,199.9,199.9,0,0,1
FINNIFTY23JUL2424200PE.NFO,2024-07-09,14:05:00,2024-07-23,199.9,199.9,199.9,199.9,0,0,1
FINNIFTY23JUL2424200PE.NFO,2024-07-09,14:06:00,2024-07-23,199.9,199.9,199.9,199.9,0,0,1
FINNIFTY23JUL2424200PE.NFO,2024-07-09,14:07:00,2024-07-23,199.9,199.9,199.9,199.9,0,0,1
FINNIFTY23JUL2424200PE.NFO,2024-07-09,14:08:00,2024-07-23,199.9,199.9,199.9,199.9,0,0,1
FINNIFTY23JUL2424200PE.NFO,2024-07-09,14:09:00,2024-07-23,199.9,199.9,199.9,199.9,0,0,1
FINNIFTY23JUL2424200PE.NFO,2024-07-09,14:10:00,2024-07-23,199.9,199.9,199.9,199.9,0,0,1
FINNIFTY23JUL2424200PE.NFO,2024-07-09,14:11:00,2024-07-23,199.9,199.9,199.9,199.9,0,0,1
FINNIFTY23JUL2424200PE.NFO,2024-07-09,14:12:00,2024-07-23,199.9,199.9,199.9,199.9,0,0,1
FINNIFTY23JUL2424200PE.NFO,2024-07-09,14:13:00,2024-07-23,199.9,199.9,199.9,199.9,0,0,1
FINNIFTY23JUL2424200PE.NFO,2024-07-09,14:14:00,2024-07-23,199.9,199.9,199.9,199.9,0,0,1
FINNIFTY23JUL2424200PE.NFO,2024-07-09,14:15:00,2024-07-23,199.9,199.9,199.9,199.9,0,0,1
FINNIFTY23JUL2424200PE.NFO,2024-07-09,14:16:00,2024-07-23,199.9,199.9,199.9,199.9,0,0,1
FINNIFTY23JUL2424200PE.NFO,2024-07-09,14:17:00,2024-07-23,199.9,199.9,199.9,199.9,0,0,1
FINNIFTY23JUL2424200PE.NFO,2024-07-09,14:18:00,2024-07-23,199.9,199.9,199.9,199.9,0,0,1
FINNIFTY23JUL2424200PE.NFO,2024-07-09,14:19:00,2024-07-23,199.9,199.9,199.9,199.9,0,0,1
FINNIFTY23JUL2424200PE.NFO,2024-07-09,14:20:00,2024-07-23,199.9,199.9,199.9,199.9,0,0,1
FINNIFTY23JUL2424200PE.NFO,2024-07-09,14:21:00,2024-07-23,199.9,199.9,199.9,199.9,0,0,1
FINNIFTY23JUL2424200PE.NFO,2024-07-09,14:22:00,2024-07-23,199.9,199.9,199.9,199.9,0,0,1
FINNIFTY23JUL2424200PE.NFO,2024-07-09,14:23:00,2024-07-23,199.9,199.9,199.9,199.9,0,0,1
FINNIFTY23JUL2424200PE.NFO,2024-07-09,14:24:00,2024-07-23,199.9,199.9,199.9,199.9,0,0,1
FINNIFTY23JUL2424200PE.NFO,2024-07-09,14:25:00,2024-07-23,199.9,199.9,199.9,199.9,0,0,1
FINNIFTY23JUL2424200PE.NFO,2024-07-09,14:26:00,2024-07-23,199.9,199.9,199.9,199.9,0,0,1
FINNIFTY23JUL2424200PE.NFO,2024-07-09,14:27:00,2024-07-23,199.9,199.9,199.9,199.9,0,0,1
FINNIFTY23JUL2424200PE.NFO,2024-07-09,14:28:00,2024-07-23,199.9,199.9,199.9,199.9,0,0,1
FINNIFTY23JUL2424200PE.NFO,2024-07-09,14:29:00,2024-07-23,199.9,199.9,199.9,199.9,0,0,1
FINNIFTY23JUL2424200PE.NFO,2024-07-09,14:30:00,2024-07-23,199.9,199.9,199.9,199.9,0,0,1
FINNIFTY23JUL2424200PE.NFO,2024-07-09,14:31:00,2024-07-23,199.9,199.9,199.9,199.9,0,0,1
FINNIFTY23JUL2424200PE.NFO,2024-07-09,14:32:00,2024-07-23,199.9,199.9,199.9,199.9,0,0,1
FINNIFTY23JUL2424200PE.NFO,2024-07-09,14:33:00,2024-07-23,199.9,199.9,199.9,199.9,0,0,1
FINNIFTY23JUL2424200PE.NFO,2024-07-09,14:34:00,2024-07-23,199.9,199.9,199.9,199.9,0,0,1
FINNIFTY23JUL2424200PE.NFO,2024-07-09,14:35:00,2024-07-23,199.9,199.9,199.9,199.9,0,0,1
FINNIFTY23JUL2424200PE.NFO,2024-07-09,14:36:00,2024-07-23,199.9,199.9,199.9,199.9,0,0,1
FINNIFTY23JUL2424200PE.NFO,2024-07-09,14:37:00,2024-07-23,199.9,199.9,199.9,199.9,0,0,1
FINNIFTY23JUL2424200PE.NFO,2024-07-09,14:38:00,2024-07-23,199.9,199.9,199.9,199.9,0,0,1
FINNIFTY23JUL2424200PE.NFO,2024-07-09,14:39:00,2024-07-23,199.9,199.9,199.9,199.9,0,0,1
FINNIFTY23JUL2424200PE.NFO,2024-07-09,14:40:00,2024-07-23,199.9,199.9,199.9,199.9,0,0,1
FINNIFTY23JUL2424200PE.NFO,2024-07-09,14:41:00,2024-07-23,199.9,199.9,199.9,199.9,0,0,1
FINNIFTY23JUL2424200PE.NFO,2024-07-09,14:42:00,2024-07-23,199.9,199.9,199.9,199.9,0,0,1
FINNIFTY23JUL2424200PE.NFO,2024-07-09,14:43:00,2024-07-23,199.9,199.9,199.9,199.9,0,0,1
FINNIFTY23JUL2424200PE.NFO,2024-07-09,14:44:00,2024-07-23,199.9,199.9,199.9,199.9,0,0,1
FINNIFTY23JUL2424200PE.NFO,2024-07-09,14:45:00,2024-07-23,199.9,199.9,199.9,199.9,0,0,1
FINNIFTY23JUL2424200PE.NFO,2024-07-09,14:46:00,2024-07-23,199.9,199.9,199.9,199.9,0,0,1
FINNIFTY23JUL2424200PE.NFO,2024-07-09,14:47:00,2024-07-23,199.9,199.9,199.9,199.9,0,0,1
FINNIFTY23JUL2424200PE.NFO,2024-07-09,14:48:00,2024-07-23,199.9,199.9,199.9,199.9,0,0,1
FINNIFTY23JUL2424200PE.NFO,2024-07-09,14:49:00,2024-07-23,199.9,199.9,199.9,199.9,0,0,1
FINNIFTY23JUL2424200PE.NFO,2024-07-09,14:50:00,2024-07-23,199.9,199.9,199.9,199.9,0,0,1
FINNIFTY23JUL2424200PE.NFO,2024-07-09,14:51:00,2024-07-23,199.9,199.9,199.9,199.9,0,0,1
FINNIFTY23JUL2424200PE.NFO,2024-07-09,14:52:00,2024-07-23,199.9,199.9,199.9,199.9,0,0,1
FINNIFTY23JUL2424200PE.NFO,2024-07-09,14:53:00,2024-07-23,199.9,199.9,199.9,199.9,0,0,1
FINNIFTY23JUL2424200PE.NFO,2024-07-09,14:54:00,2024-07-23,199.9,199.9,199.9,199.9,0,0,1
FINNIFTY23JUL2424200PE.NFO,2024-07-09,14:55:00,2024-07-23,199.9,199.9,199.9,199.9,0,0,1
FINNIFTY23JUL2424200PE.NFO,2024-07-09,14:56:00,2024-07-23,199.9,199.9,199.9,199.9,0,0,1
FINNIFTY23JUL2424200PE.NFO,2024-07-09,14:57:00,2024-07-23,199.9,199.9,199.9,199.9,0,0,1
FINNIFTY23JUL2424200PE.NFO,2024-07-09,14:58:00,2024-07-23,199.9,199.9,199.9,199.9,0,0,1
FINNIFTY23JUL2424200PE.NFO,2024-07-09,14:59:00,2024-07-23,199.9,199.9,199.9,199.9,0,0,1
FINNIFTY23JUL2424200PE.NFO,2024-07-09,15:00:00,2024-07-23,199.9,199.9,199.9,199.9,0,0,1
FINNIFTY23JUL2424200PE.NFO,2024-07-09,15:01:00,2024-07-23,199.9,199.9,199.9,199.9,0,0,1
FINNIFTY23JUL2424200PE.NFO,2024-07-09,15:02:00,2024-07-23,199.9,199.9,199.9,199.9,0,0,1
FINNIFTY23JUL2424200PE.NFO,2024-07-09,15:03:00,2024-07-23,199.9,199.9,199.9,199.9,0,0,1
FINNIFTY23JUL2424200PE.NFO,2024-07-09,15:04:00,2024-07-23,199.9,199.9,199.9,199.9,0,0,1
FINNIFTY23JUL2424200PE.NFO,2024-07-09,15:05:00,2024-07-23,199.9,199.9,199.9,199.9,0,0,1
FINNIFTY23JUL2424200PE.NFO,2024-07-09,15:06:00,2024-07-23,199.9,199.9,199.9,199.9,0,0,1
FINNIFTY23JUL2424200PE.NFO,2024-07-09,15:07:00,2024-07-23,199.9,199.9,199.9,199.9,0,0,1
FINNIFTY23JUL2424200PE.NFO,2024-07-09,15:08:00,2024-07-23,199.9,199.9,199.9,199.9,0,0,1
FINNIFTY23JUL2424200PE.NFO,2024-07-09,15:09:00,2024-07-23,199.9,199.9,199.9,199.9,0,0,1
FINNIFTY23JUL2424200PE.NFO,2024-07-09,15:10:00,2024-07-23,199.9,199.9,199.9,199.9,0,0,1
FINNIFTY23JUL2424200PE.NFO,2024-07-09,15:11:00,2024-07-23,199.9,199.9,199.9,199.9,0,0,1
FINNIFTY23JUL2424200PE.NFO,2024-07-09,15:12:00,2024-07-23,199.9,199.9,199.9,199.9,0,0,1
FINNIFTY23JUL2424200PE.NFO,2024-07-09,15:13:00,2024-07-23,199.9,199.9,199.9,199.9,0,0,1
FINNIFTY23JUL2424200PE.NFO,2024-07-09,15:14:00,2024-07-23,199.9,199.9,199.9,199.9,0,0,1
FINNIFTY23JUL2424200PE.NFO,2024-07-09,15:15:00,2024-07-23,199.9,199.9,199.9,199.9,0,0,1
FINNIFTY23JUL2424200PE.NFO,2024-07-09,15:16:00,2024-07-23,199.9,199.9,199.9,199.9,0,0,1
FINNIFTY23JUL2424200PE.NFO,2024-07-09,15:17:00,2024-07-23,199.9,199.9,199.9,199.9,0,0,1
FINNIFTY23JUL2424200PE.NFO,2024-07-09,15:18:00,2024-07-23,199.9,199.9,199.9,199.9,0,0,1
FINNIFTY23JUL2424200PE.NFO,2024-07-09,15:19:00,2024-07-23,199.9,199.9,199.9,199.9,0,0,1
FINNIFTY23JUL2424200PE.NFO,2024-07-09,15:20:00,2024-07-23,199.9,199.9,199.9,199.9,0,0,1
FINNIFTY23JUL2424200PE.NFO,2024-07-09,15:21:00,2024-07-23,199.9,199.9,199.9,199.9,0,0,1
FINNIFTY23JUL2424200PE.NFO,2024-07-09,15:22:00,2024-07-23,199.9,199.9,199.9,199.9,0,0,1
FINNIFTY23JUL2424200PE.NFO,2024-07-09,15:23:00,2024-07-23,199.9,199.9,199.9,199.9,0,0,1
FINNIFTY23JUL2424200PE.NFO,2024-07-09,15:24:00,2024-07-23,199.9,199.9,199.9,199.9,0,0,1
FINNIFTY23JUL2424200PE.NFO,2024-07-09,15:25:00,2024-07-23,199.9,199.9,199.9,199.9,0,0,1
FINNIFTY23JUL2424200PE.NFO,2024-07-09,15:26:00,2024-07-23,199.9,199.9,199.9,199.9,0,0,1
FINNIFTY23JUL2424200PE.NFO,2024-07-09,15:27:00,2024-07-23,199.9,199.9,199.9,199.9,0,0,1
FINNIFTY23JUL2424200PE.NFO,2024-07-09,15:28:00,2024-07-23,199.9,199.9,199.9,199.9,0,0,1
FINNIFTY23JUL2424200PE.NFO,2024-07-09,15:29:00,2024-07-23,199.9,199.9,199.9,199.9,0,0,1
FINNIFTY23JUL2424200PE.NFO,2024-07-09,15:30:00,2024-07-23,199.9,199.9,199.9,199.9,0,0,1
FINNIFTY23JUL2424200PE.NFO,2024-07-10,09:15:00,2024-07-23,199.9,199.9,199.9,199.9,0,0,0
FINNIFTY23JUL2424200PE.NFO,2024-07-10,09:16:00,2024-07-23,199.9,199.9,199.9,199.9,0,0,1
FINNIFTY23JUL2424200PE.NFO,2024-07-10,09:17:00,2024-07-23,199.9,199.9,199.9,199.9,0,0,1
FINNIFTY23JUL2424200PE.NFO,2024-07-10,09:18:00,2024-07-23,199.9,199.9,199.9,199.9,0,0,1
FINNIFTY23JUL2424200PE.NFO,2024-07-10,09:19:00,2024-07-23,199.9,199.9,199.9,199.9,0,0,1
FINNIFTY23JUL2424200PE.NFO,2024-07-10,09:20:00,2024-07-23,199.9,199.9,199.9,199.9,0,0,1
FINNIFTY23JUL2424200PE.NFO,2024-07-10,09:21:00,2024-07-23,199.9,199.9,199.9,199.9,0,0,1
FINNIFTY23JUL2424200PE.NFO,2024-07-10,09:22:00,2024-07-23,199.9,199.9,199.9,199.9,0,0,1
FINNIFTY23JUL2424200PE.NFO,2024-07-10,09:23:00,2024-07-23,199.9,199.9,199.9,199.9,0,0,1
FINNIFTY23JUL2424200PE.NFO,2024-07-10,09:24:00,2024-07-23,199.9,199.9,199.9,199.9,0,0,1
FINNIFTY23JUL2424200PE.NFO,2024-07-10,09:25:00,2024-07-23,199.9,199.9,199.9,199.9,0,0,1
FINNIFTY23JUL2424200PE.NFO,2024-07-10,09:26:00,2024-07-23,199.9,199.9,199.9,199.9,0,0,1
FINNIFTY23JUL2424200PE.NFO,2024-07-10,09:27:00,2024-07-23,199.9,199.9,199.9,199.9,0,0,1
FINNIFTY23JUL2424200PE.NFO,2024-07-10,09:28:00,2024-07-23,199.9,199.9,199.9,199.9,0,0,1
FINNIFTY23JUL2424200PE.NFO,2024-07-10,09:29:00,2024-07-23,199.9,199.9,199.9,199.9,0,0,1
FINNIFTY23JUL2424200PE.NFO,2024-07-10,09:30:00,2024-07-23,199.9,199.9,199.9,199.9,0,0,1
FINNIFTY23JUL2424200PE.NFO,2024-07-10,09:31:00,2024-07-23,199.9,199.9,199.9,199.9,0,0,1
FINNIFTY23JUL2424200PE.NFO,2024-07-10,09:32:00,2024-07-23,199.9,199.9,199.9,199.9,0,0,1
FINNIFTY23JUL2424200PE.NFO,2024-07-10,09:33:00,2024-07-23,199.9,199.9,199.9,199.9,0,0,1
FINNIFTY23JUL2424200PE.NFO,2024-07-10,09:34:00,2024-07-23,199.9,199.9,199.9,199.9,0,0,1
FINNIFTY23JUL2424200PE.NFO,2024-07-10,09:35:00,2024-07-23,199.9,199.9,199.9,199.9,0,0,1
FINNIFTY23JUL2424200PE.NFO,2024-07-10,09:36:00,2024-07-23,199.9,199.9,199.9,199.9,0,0,1
FINNIFTY23JUL2424200PE.NFO,2024-07-10,09:37:00,2024-07-23,199.9,199.9,199.9,199.9,0,0,1
FINNIFTY23JUL2424200PE.NFO,2024-07-10,09:38:00,2024-07-23,199.9,199.9,199.9,199.9,0,0,1
FINNIFTY23JUL2424200PE.NFO,2024-07-10,09:39:00,2024-07-23,199.9,199.9,199.9,199.9,0,0,1
FINNIFTY23JUL2424200PE.NFO,2024-07-10,09:40:00,2024-07-23,199.9,199.9,199.9,199.9,0,0,1
FINNIFTY23JUL2424200PE.NFO,2024-07-10,09:41:00,2024-07-23,199.9,199.9,199.9,199.9,0,0,1
FINNIFTY23JUL2424200PE.NFO,2024-07-10,09:42:00,2024-07-23,199.9,199.9,199.9,199.9,0,0,1
FINNIFTY23JUL2424200PE.NFO,2024-07-10,09:43:00,2024-07-23,199.9,199.9,199.9,199.9,0,0,1
FINNIFTY23JUL2424200PE.NFO,2024-07-10,09:44:00,2024-07-23,199.9,199.9,199.9,199.9,0,0,1
FINNIFTY23JUL2424200PE.NFO,2024-07-10,09:45:00,2024-07-23,199.9,199.9,199.9,199.9,0,0,1
FINNIFTY23JUL2424200PE.NFO,2024-07-10,09:46:00,2024-07-23,199.9,199.9,199.9,199.9,0,0,1
FINNIFTY23JUL2424200PE.NFO,2024-07-10,09:47:00,2024-07-23,199.9,199.9,199.9,199.9,0,0,1
FINNIFTY23JUL2424200PE.NFO,2024-07-10,09:48:00,2024-07-23,199.9,199.9,199.9,199.9,0,0,1
FINNIFTY23JUL2424200PE.NFO,2024-07-10,09:49:00,2024-07-23,199.9,199.9,199.9,199.9,0,0,1
FINNIFTY23JUL2424200PE.NFO,2024-07-10,09:50:00,2024-07-23,199.9,199.9,199.9,199.9,0,0,1
FINNIFTY23JUL2424200PE.NFO,2024-07-10,09:51:00,2024-07-23,199.9,199.9,199.9,199.9,0,0,1
FINNIFTY23JUL2424200PE.NFO,2024-07-10,09:52:00,2024-07-23,199.9,199.9,199.9,199.9,0,0,1
FINNIFTY23JUL2424200PE.NFO,2024-07-10,09:53:00,2024-07-23,199.9,199.9,199.9,199.9,0,0,1
FINNIFTY23JUL2424200PE.NFO,2024-07-10,09:54:00,2024-07-23,199.9,199.9,199.9,199.9,0,0,1
FINNIFTY23JUL2424200PE.NFO,2024-07-10,09:55:00,2024-07-23,199.9,199.9,199.9,199.9,0,0,1
FINNIFTY23JUL2424200PE.NFO,2024-07-10,09:56:00,2024-07-23,199.9,199.9,199.9,199.9,0,0,1
FINNIFTY23JUL2424200PE.NFO,2024-07-10,09:57:00,2024-07-23,199.9,199.9,199.9,199.9,0,0,1
FINNIFTY23JUL2424200PE.NFO,2024-07-10,09:58:00,2024-07-23,199.9,199.9,199.9,199.9,0,0,1
FINNIFTY23JUL2424200PE.NFO,2024-07-10,09:59:00,2024-07-23,199.9,199.9,199.9,199.9,0,0,1
FINNIFTY23JUL2424200PE.NFO,2024-07-10,10:00:00,2024-07-23,199.9,199.9,199.9,199.9,0,0,1
FINNIFTY23JUL2424200PE.NFO,2024-07-10,10:01:00,2024-07-23,199.9,199.9,199.9,199.9,0,0,1
FINNIFTY23JUL2424200PE.NFO,2024-07-10,10:02:00,2024-07-23,199.9,199.9,199.9,199.9,0,0,1
FINNIFTY23JUL2424200PE.NFO,2024-07-10,10:03:00,2024-07-23,199.9,199.9,199.9,199.9,0,0,1
FINNIFTY23JUL2424200PE.NFO,2024-07-10,10:04:00,2024-07-23,199.9,199.9,199.9,199.9,0,0,1
FINNIFTY23JUL2424200PE.NFO,2024-07-10,10:05:00,2024-07-23,199.9,199.9,199.9,199.9,0,0,1
FINNIFTY23JUL2424200PE.NFO,2024-07-10,10:06:00,2024-07-23,199.9,199.9,199.9,199.9,0,0,1
FINNIFTY23JUL2424200PE.NFO,2024-07-10,10:07:00,2024-07-23,199.9,199.9,199.9,199.9,0,0,1
FINNIFTY23JUL2424200PE.NFO,2024-07-10,10:08:00,2024-07-23,199.9,199.9,199.9,199.9,0,0,1
FINNIFTY23JUL2424200PE.NFO,2024-07-10,10:09:00,2024-07-23,199.9,199.9,199.9,199.9,0,0,1
FINNIFTY23JUL2424200PE.NFO,2024-07-10,10:10:00,2024-07-23,199.9,199.9,199.9,199.9,0,0,1
FINNIFTY23JUL2424200PE.NFO,2024-07-10,10:11:00,2024-07-23,199.9,199.9,199.9,199.9,0,0,1
FINNIFTY23JUL2424200PE.NFO,2024-07-10,10:12:00,2024-07-23,199.9,199.9,199.9,199.9,0,0,1
FINNIFTY23JUL2424200PE.NFO,2024-07-10,10:13:00,2024-07-23,199.9,199.9,199.9,199.9,0,0,1
FINNIFTY23JUL2424200PE.NFO,2024-07-10,10:14:00,2024-07-23,199.9,199.9,199.9,199.9,0,0,1
FINNIFTY23JUL2424200PE.NFO,2024-07-10,10:15:00,2024-07-23,199.9,199.9,199.9,199.9,0,0,1
FINNIFTY23JUL2424200PE.NFO,2024-07-10,10:16:00,2024-07-23,199.9,199.9,199.9,199.9,0,0,1
FINNIFTY23JUL2424200PE.NFO,2024-07-10,10:17:00,2024-07-23,199.9,199.9,199.9,199.9,0,0,1
FINNIFTY23JUL2424200PE.NFO,2024-07-10,10:18:00,2024-07-23,199.9,199.9,199.9,199.9,0,0,1
FINNIFTY23JUL2424200PE.NFO,2024-07-10,10:19:00,2024-07-23,199.9,199.9,199.9,199.9,0,0,1
FINNIFTY23JUL2424200PE.NFO,2024-07-10,10:20:00,2024-07-23,199.9,199.9,199.9,199.9,0,0,1
FINNIFTY23JUL2424200PE.NFO,2024-07-10,10:21:00,2024-07-23,199.9,199.9,199.9,199.9,0,0,1
FINNIFTY23JUL2424200PE.NFO,2024-07-10,10:22:00,2024-07-23,199.9,199.9,199.9,199.9,0,0,1
FINNIFTY23JUL2424200PE.NFO,2024-07-10,10:23:00,2024-07-23,199.9,199.9,199.9,199.9,0,0,1
FINNIFTY23JUL2424200PE.NFO,2024-07-10,10:24:00,2024-07-23,199.9,199.9,199.9,199.9,0,0,1
FINNIFTY23JUL2424200PE.NFO,2024-07-10,10:25:00,2024-07-23,199.9,199.9,199.9,199.9,0,0,1
FINNIFTY23JUL2424200PE.NFO,2024-07-10,10:26:00,2024-07-23,199.9,199.9,199.9,199.9,0,0,1
FINNIFTY23JUL2424200PE.NFO,2024-07-10,10:27:00,2024-07-23,199.9,199.9,199.9,199.9,0,0,1
FINNIFTY23JUL2424200PE.NFO,2024-07-10,10:28:00,2024-07-23,199.9,199.9,199.9,199.9,0,0,1
FINNIFTY23JUL2424200PE.NFO,2024-07-10,10:29:00,2024-07-23,199.9,199.9,199.9,199.9,0,0,1
FINNIFTY23JUL2424200PE.NFO,2024-07-10,10:30:00,2024-07-23,199.9,199.9,199.9,199.9,0,0,1
FINNIFTY23JUL2424200PE.NFO,2024-07-10,10:31:00,2024-07-23,199.9,199.9,199.9,199.9,0,0,1
FINNIFTY23JUL2424200PE.NFO,2024-07-10,10:32:00,2024-07-23,199.9,199.9,199.9,199.9,0,0,1
FINNIFTY23JUL2424200PE.NFO,2024-07-10,10:33:00,2024-07-23,199.9,199.9,199.9,199.9,0,0,1
FINNIFTY23JUL2424200PE.NFO,2024-07-10,10:34:00,2024-07-23,199.9,199.9,199.9,199.9,0,0,1
FINNIFTY23JUL2424200PE.NFO,2024-07-10,10:35:00,2024-07-23,199.9,199.9,199.9,199.9,0,0,1
FINNIFTY23JUL2424200PE.NFO,2024-07-10,10:36:00,2024-07-23,199.9,199.9,199.9,199.9,0,0,1
FINNIFTY23JUL2424200PE.NFO,2024-07-10,10:37:00,2024-07-23,199.9,199.9,199.9,199.9,0,0,1
FINNIFTY23JUL2424200PE.NFO,2024-07-10,10:38:00,2024-07-23,199.9,199.9,199.9,199.9,0,0,1
FINNIFTY23JUL2424200PE.NFO,2024-07-10,10:39:00,2024-07-23,199.9,199.9,199.9,199.9,0,0,1
FINNIFTY23JUL2424200PE.NFO,2024-07-10,10:40:00,2024-07-23,199.9,199.9,199.9,199.9,0,0,1
FINNIFTY23JUL2424200PE.NFO,2024-07-10,10:41:00,2024-07-23,199.9,199.9,199.9,199.9,0,0,1
FINNIFTY23JUL2424200PE.NFO,2024-07-10,10:42:00,2024-07-23,199.9,199.9,199.9,199.9,0,0,1
FINNIFTY23JUL2424200PE.NFO,2024-07-10,10:43:00,2024-07-23,199.9,199.9,199.9,199.9,0,0,1
FINNIFTY23JUL2424200PE.NFO,2024-07-10,10:44:00,2024-07-23,199.9,199.9,199.9,199.9,0,0,1
FINNIFTY23JUL2424200PE.NFO,2024-07-10,10:45:00,2024-07-23,199.9,199.9,199.9,199.9,0,0,1
FINNIFTY23JUL2424200PE.NFO,2024-07-10,10:46:00,2024-07-23,199.9,199.9,199.9,199.9,0,0,1
FINNIFTY23JUL2424200PE.NFO,2024-07-10,10:47:00,2024-07-23,199.9,199.9,199.9,199.9,0,0,1
FINNIFTY23JUL2424200PE.NFO,2024-07-10,10:48:00,2024-07-23,199.9,199.9,199.9,199.9,0,0,1
FINNIFTY23JUL2424200PE.NFO,2024-07-10,10:49:00,2024-07-23,199.9,199.9,199.9,199.9,0,0,1
FINNIFTY23JUL2424200PE.NFO,2024-07-10,10:50:00,2024-07-23,199.9,199.9,199.9,199.9,0,0,1
FINNIFTY23JUL2424200PE.NFO,2024-07-10,10:51:00,2024-07-23,199.9,199.9,199.9,199.9,0,0,1
FINNIFTY23JUL2424200PE.NFO,2024-07-10,10:52:00,2024-07-23,199.9,199.9,199.9,199.9,0,0,1
FINNIFTY23JUL2424200PE.NFO,2024-07-10,10:53:00,2024-07-23,199.9,199.9,199.9,199.9,0,0,1
FINNIFTY23JUL2424200PE.NFO,2024-07-10,10:54:00,2024-07-23,199.9,199.9,199.9,199.9,0,0,1
FINNIFTY23JUL2424200PE.NFO,2024-07-10,10:55:00,2024-07-23,199.9,199.9,199.9,199.9,0,0,1
FINNIFTY23JUL2424200PE.NFO,2024-07-10,10:56:00,2024-07-23,199.9,199.9,199.9,199.9,0,0,1
FINNIFTY23JUL2424200PE.NFO,2024-07-10,10:57:00,2024-07-23,199.9,199.9,199.9,199.9,0,0,1
FINNIFTY23JUL2424200PE.NFO,2024-07-10,10:58:00,2024-07-23,199.9,199.9,199.9,199.9,0,0,1
FINNIFTY23JUL2424200PE.NFO,2024-07-10,10:59:00,2024-07-23,199.9,199.9,199.9,199.9,0,0,1
FINNIFTY23JUL2424200PE.NFO,2024-07-10,11:00:00,2024-07-23,199.9,199.9,199.9,199.9,0,0,1
FINNIFTY23JUL2424200PE.NFO,2024-07-10,11:01:00,2024-07-23,199.9,199.9,199.9,199.9,0,0,1
FINNIFTY23JUL2424200PE.NFO,2024-07-10,11:02:00,2024-07-23,199.9,199.9,199.9,199.9,0,0,1
FINNIFTY23JUL2424200PE.NFO,2024-07-10,11:03:00,2024-07-23,199.9,199.9,199.9,199.9,0,0,1
FINNIFTY23JUL2424200PE.NFO,2024-07-10,11:04:00,2024-07-23,199.9,199.9,199.9,199.9,0,0,1
FINNIFTY23JUL2424200PE.NFO,2024-07-10,11:05:00,2024-07-23,199.9,199.9,199.9,199.9,0,0,1
FINNIFTY23JUL2424200PE.NFO,2024-07-10,11:06:00,2024-07-23,199.9,199.9,199.9,199.9,0,0,1
FINNIFTY23JUL2424200PE.NFO,2024-07-10,11:07:00,2024-07-23,199.9,199.9,199.9,199.9,0,0,1
FINNIFTY23JUL2424200PE.NFO,2024-07-10,11:08:00,2024-07-23,199.9,199.9,199.9,199.9,0,0,1
FINNIFTY23JUL2424200PE.NFO,2024-07-10,11:09:00,2024-07-23,199.9,199.9,199.9,199.9,0,0,1
FINNIFTY23JUL2424200PE.NFO,2024-07-10,11:10:00,2024-07-23,199.9,199.9,199.9,199.9,0,0,1
FINNIFTY23JUL2424200PE.NFO,2024-07-10,11:11:00,2024-07-23,199.9,199.9,199.9,199.9,0,0,1
FINNIFTY23JUL2424200PE.NFO,2024-07-10,11:12:00,2024-07-23,199.9,199.9,199.9,199.9,0,0,1
FINNIFTY23JUL2424200PE.NFO,2024-07-10,11:13:00,2024-07-23,199.9,199.9,199.9,199.9,0,0,1
FINNIFTY23JUL2424200PE.NFO,2024-07-10,11:14:00,2024-07-23,199.9,199.9,199.9,199.9,0,0,1
FINNIFTY23JUL2424200PE.NFO,2024-07-10,11:15:00,2024-07-23,199.9,199.9,199.9,199.9,0,0,1
FINNIFTY23JUL2424200PE.NFO,2024-07-10,11:16:00,2024-07-23,199.9,199.9,199.9,199.9,0,0,1
FINNIFTY23JUL2424200PE.NFO,2024-07-10,11:17:00,2024-07-23,199.9,199.9,199.9,199.9,0,0,1
FINNIFTY23JUL2424200PE.NFO,2024-07-10,11:18:00,2024-07-23,199.9,199.9,199.9,199.9,0,0,1
FINNIFTY23JUL2424200PE.NFO,2024-07-10,11:19:00,2024-07-23,199.9,199.9,199.9,199.9,0,0,1
FINNIFTY23JUL2424200PE.NFO,2024-07-10,11:20:00,2024-07-23,199.9,199.9,199.9,199.9,0,0,1
FINNIFTY23JUL2424200PE.NFO,2024-07-10,11:21:00,2024-07-23,199.9,199.9,199.9,199.9,0,0,1
FINNIFTY23JUL2424200PE.NFO,2024-07-10,11:22:00,2024-07-23,199.9,199.9,199.9,199.9,0,0,1
FINNIFTY23JUL2424200PE.NFO,2024-07-10,11:23:00,2024-07-23,199.9,199.9,199.9,199.9,0,0,1
FINNIFTY23JUL2424200PE.NFO,2024-07-10,11:24:00,2024-07-23,199.9,199.9,199.9,199.9,0,0,1
FINNIFTY23JUL2424200PE.NFO,2024-07-10,11:25:00,2024-07-23,199.9,199.9,199.9,199.9,0,0,1
FINNIFTY23JUL2424200PE.NFO,2024-07-10,11:26:00,2024-07-23,199.9,199.9,199.9,199.9,0,0,1
FINNIFTY23JUL2424200PE.NFO,2024-07-10,11:27:00,2024-07-23,199.9,199.9,199.9,199.9,0,0,1
FINNIFTY23JUL2424200PE.NFO,2024-07-10,11:28:00,2024-07-23,199.9,199.9,199.9,199.9,0,0,1
FINNIFTY23JUL2424200PE.NFO,2024-07-10,11:29:00,2024-07-23,199.9,199.9,199.9,199.9,0,0,1
FINNIFTY23JUL2424200PE.NFO,2024-07-10,11:30:00,2024-07-23,199.9,199.9,199.9,199.9,0,0,1
FINNIFTY23JUL2424200PE.NFO,2024-07-10,11:31:00,2024-07-23,199.9,199.9,199.9,199.9,0,0,1
FINNIFTY23JUL2424200PE.NFO,2024-07-10,11:32:00,2024-07-23,199.9,199.9,199.9,199.9,0,0,1
FINNIFTY23JUL2424200PE.NFO,2024-07-10,11:33:00,2024-07-23,199.9,199.9,199.9,199.9,0,0,1
FINNIFTY23JUL2424200PE.NFO,2024-07-10,11:34:00,2024-07-23,199.9,199.9,199.9,199.9,0,0,1
FINNIFTY23JUL2424200PE.NFO,2024-07-10,11:35:00,2024-07-23,199.9,199.9,199.9,199.9,0,0,1
FINNIFTY23JUL2424200PE.NFO,2024-07-10,11:36:00,2024-07-23,199.9,199.9,199.9,199.9,0,0,1
FINNIFTY23JUL2424200PE.NFO,2024-07-10,11:37:00,2024-07-23,199.9,199.9,199.9,199.9,0,0,1
FINNIFTY23JUL2424200PE.NFO,2024-07-10,11:38:00,2024-07-23,199.9,199.9,199.9,199.9,0,0,1
FINNIFTY23JUL2424200PE.NFO,2024-07-10,11:39:00,2024-07-23,199.9,199.9,199.9,199.9,0,0,1
FINNIFTY23JUL2424200PE.NFO,2024-07-10,11:40:00,2024-07-23,199.9,199.9,199.9,199.9,0,0,1
FINNIFTY23JUL2424200PE.NFO,2024-07-10,11:41:00,2024-07-23,199.9,199.9,199.9,199.9,0,0,1
FINNIFTY23JUL2424200PE.NFO,2024-07-10,11:42:00,2024-07-23,199.9,199.9,199.9,199.9,0,0,1
FINNIFTY23JUL2424200PE.NFO,2024-07-10,11:43:00,2024-07-23,199.9,199.9,199.9,199.9,0,0,1
FINNIFTY23JUL2424200PE.NFO,2024-07-10,11:44:00,2024-07-23,199.9,199.9,199.9,199.9,0,0,1
FINNIFTY23JUL2424200PE.NFO,2024-07-10,11:45:00,2024-07-23,199.9,199.9,199.9,199.9,0,0,1
FINNIFTY23JUL2424200PE.NFO,2024-07-10,11:46:00,2024-07-23,199.9,199.9,199.9,199.9,0,0,1
FINNIFTY23JUL2424200PE.NFO,2024-07-10,11:47:00,2024-07-23,199.9,199.9,199.9,199.9,0,0,1
FINNIFTY23JUL2424200PE.NFO,2024-07-10,11:48:00,2024-07-23,199.9,199.9,199.9,199.9,0,0,1
FINNIFTY23JUL2424200PE.NFO,2024-07-10,11:49:00,2024-07-23,199.9,199.9,199.9,199.9,0,0,1
FINNIFTY23JUL2424200PE.NFO,2024-07-10,11:50:00,2024-07-23,199.9,199.9,199.9,199.9,0,0,1
FINNIFTY23JUL2424200PE.NFO,2024-07-10,11:51:00,2024-07-23,199.9,199.9,199.9,199.9,0,0,1
FINNIFTY23JUL2424200PE.NFO,2024-07-10,11:52:00,2024-07-23,199.9,199.9,199.9,199.9,0,0,1
FINNIFTY23JUL2424200PE.NFO,2024-07-10,11:53:00,2024-07-23,199.9,199.9,199.9,199.9,0,0,1
FINNIFTY23JUL2424200PE.NFO,2024-07-10,11:54:00,2024-07-23,199.9,199.9,199.9,199.9,0,0,1
FINNIFTY23JUL2424200PE.NFO,2024-07-10,11:55:00,2024-07-23,199.9,199.9,199.9,199.9,0,0,1
FINNIFTY23JUL2424200PE.NFO,2024-07-10,11:56:00,2024-07-23,199.9,199.9,199.9,199.9,0,0,1
FINNIFTY23JUL2424200PE.NFO,2024-07-10,11:57:00,2024-07-23,199.9,199.9,199.9,199.9,0,0,1
FINNIFTY23JUL2424200PE.NFO,2024-07-10,11:58:00,2024-07-23,199.9,199.9,199.9,199.9,0,0,1
FINNIFTY23JUL2424200PE.NFO,2024-07-10,11:59:00,2024-07-23,199.9,199.9,199.9,199.9,0,0,1
FINNIFTY23JUL2424200PE.NFO,2024-07-10,12:00:00,2024-07-23,199.9,199.9,199.9,199.9,0,0,1
FINNIFTY23JUL2424200PE.NFO,2024-07-10,12:01:00,2024-07-23,199.9,199.9,199.9,199.9,0,0,1
FINNIFTY23JUL2424200PE.NFO,2024-07-10,12:02:00,2024-07-23,199.9,199.9,199.9,199.9,0,0,1
FINNIFTY23JUL2424200PE.NFO,2024-07-10,12:03:00,2024-07-23,199.9,199.9,199.9,199.9,0,0,1
FINNIFTY23JUL2424200PE.NFO,2024-07-10,12:04:00,2024-07-23,199.9,199.9,199.9,199.9,0,0,1
FINNIFTY23JUL2424200PE.NFO,2024-07-10,12:05:00,2024-07-23,199.9,199.9,199.9,199.9,0,0,1
FINNIFTY23JUL2424200PE.NFO,2024-07-10,12:06:00,2024-07-23,199.9,199.9,199.9,199.9,0,0,1
FINNIFTY23JUL2424200PE.NFO,2024-07-10,12:07:00,2024-07-23,199.9,199.9,199.9,199.9,0,0,1
FINNIFTY23JUL2424200PE.NFO,2024-07-10,12:08:00,2024-07-23,199.9,199.9,199.9,199.9,0,0,1
FINNIFTY23JUL2424200PE.NFO,2024-07-10,12:09:00,2024-07-23,199.9,199.9,199.9,199.9,0,0,1
FINNIFTY23JUL2424200PE.NFO,2024-07-10,12:10:00,2024-07-23,199.9,199.9,199.9,199.9,0,0,1
FINNIFTY23JUL2424200PE.NFO,2024-07-10,12:11:00,2024-07-23,199.9,199.9,199.9,199.9,0,0,1
FINNIFTY23JUL2424200PE.NFO,2024-07-10,12:12:00,2024-07-23,199.9,199.9,199.9,199.9,0,0,1
FINNIFTY23JUL2424200PE.NFO,2024-07-10,12:13:00,2024-07-23,199.9,199.9,199.9,199.9,0,0,1
FINNIFTY23JUL2424200PE.NFO,2024-07-10,12:14:00,2024-07-23,199.9,199.9,199.9,199.9,0,0,1
FINNIFTY23JUL2424200PE.NFO,2024-07-10,12:15:00,2024-07-23,199.9,199.9,199.9,199.9,0,0,1
FINNIFTY23JUL2424200PE.NFO,2024-07-10,12:16:00,2024-07-23,199.9,199.9,199.9,199.9,0,0,1
FINNIFTY23JUL2424200PE.NFO,2024-07-10,12:17:00,2024-07-23,199.9,199.9,199.9,199.9,0,0,1
FINNIFTY23JUL2424200PE.NFO,2024-07-10,12:18:00,2024-07-23,199.9,199.9,199.9,199.9,0,0,1
FINNIFTY23JUL2424200PE.NFO,2024-07-10,12:19:00,2024-07-23,199.9,199.9,199.9,199.9,0,0,1
FINNIFTY23JUL2424200PE.NFO,2024-07-10,12:20:00,2024-07-23,199.9,199.9,199.9,199.9,0,0,1
FINNIFTY23JUL2424200PE.NFO,2024-07-10,12:21:00,2024-07-23,199.9,199.9,199.9,199.9,0,0,1
FINNIFTY23JUL2424200PE.NFO,2024-07-10,12:22:00,2024-07-23,199.9,199.9,199.9,199.9,0,0,1
FINNIFTY23JUL2424200PE.NFO,2024-07-10,12:23:00,2024-07-23,199.9,199.9,199.9,199.9,0,0,1
FINNIFTY23JUL2424200PE.NFO,2024-07-10,12:24:00,2024-07-23,199.9,199.9,199.9,199.9,0,0,1
FINNIFTY23JUL2424200PE.NFO,2024-07-10,12:25:00,2024-07-23,199.9,199.9,199.9,199.9,0,0,1
FINNIFTY23JUL2424200PE.NFO,2024-07-10,12:26:00,2024-07-23,199.9,199.9,199.9,199.9,0,0,1
FINNIFTY23JUL2424200PE.NFO,2024-07-10,12:27:00,2024-07-23,199.9,199.9,199.9,199.9,0,0,1
FINNIFTY23JUL2424200PE.NFO,2024-07-10,12:28:00,2024-07-23,199.9,199.9,199.9,199.9,0,0,1
FINNIFTY23JUL2424200PE.NFO,2024-07-10,12:29:00,2024-07-23,199.9,199.9,199.9,199.9,0,0,1
FINNIFTY23JUL2424200PE.NFO,2024-07-10,12:30:00,2024-07-23,199.9,199.9,199.9,199.9,0,0,1
FINNIFTY23JUL2424200PE.NFO,2024-07-10,12:31:00,2024-07-23,199.9,199.9,199.9,199.9,0,0,1
FINNIFTY23JUL2424200PE.NFO,2024-07-10,12:32:00,2024-07-23,199.9,199.9,199.9,199.9,0,0,1
FINNIFTY23JUL2424200PE.NFO,2024-07-10,12:33:00,2024-07-23,199.9,199.9,199.9,199.9,0,0,1
FINNIFTY23JUL2424200PE.NFO,2024-07-10,12:34:00,2024-07-23,199.9,199.9,199.9,199.9,0,0,1
FINNIFTY23JUL2424200PE.NFO,2024-07-10,12:35:00,2024-07-23,199.9,199.9,199.9,199.9,0,0,1
FINNIFTY23JUL2424200PE.NFO,2024-07-10,12:36:00,2024-07-23,199.9,199.9,199.9,199.9,0,0,1
FINNIFTY23JUL2424200PE.NFO,2024-07-10,12:37:00,2024-07-23,199.9,199.9,199.9,199.9,0,0,1
FINNIFTY23JUL2424200PE.NFO,2024-07-10,12:38:00,2024-07-23,199.9,199.9,199.9,199.9,0,0,1
FINNIFTY23JUL2424200PE.NFO,2024-07-10,12:39:00,2024-07-23,199.9,199.9,199.9,199.9,0,0,1
FINNIFTY23JUL2424200PE.NFO,2024-07-10,12:40:00,2024-07-23,199.9,199.9,199.9,199.9,0,0,1
FINNIFTY23JUL2424200PE.NFO,2024-07-10,12:41:00,2024-07-23,199.9,199.9,199.9,199.9,0,0,1
FINNIFTY23JUL2424200PE.NFO,2024-07-10,12:42:00,2024-07-23,199.9,199.9,199.9,199.9,0,0,1
FINNIFTY23JUL2424200PE.NFO,2024-07-10,12:43:00,2024-07-23,199.9,199.9,199.9,199.9,0,0,1
FINNIFTY23JUL2424200PE.NFO,2024-07-10,12:44:00,2024-07-23,199.9,199.9,199.9,199.9,0,0,1
FINNIFTY23JUL2424200PE.NFO,2024-07-10,12:45:00,2024-07-23,199.9,199.9,199.9,199.9,0,0,1
FINNIFTY23JUL2424200PE.NFO,2024-07-10,12:46:00,2024-07-23,199.9,199.9,199.9,199.9,0,0,1
FINNIFTY23JUL2424200PE.NFO,2024-07-10,12:47:00,2024-07-23,199.9,199.9,199.9,199.9,0,0,1
FINNIFTY23JUL2424200PE.NFO,2024-07-10,12:48:00,2024-07-23,199.9,199.9,199.9,199.9,0,0,1
FINNIFTY23JUL2424200PE.NFO,2024-07-10,12:49:00,2024-07-23,199.9,199.9,199.9,199.9,0,0,1
FINNIFTY23JUL2424200PE.NFO,2024-07-10,12:50:00,2024-07-23,199.9,199.9,199.9,199.9,0,0,1
FINNIFTY23JUL2424200PE.NFO,2024-07-10,12:51:00,2024-07-23,199.9,199.9,199.9,199.9,0,0,1
FINNIFTY23JUL2424200PE.NFO,2024-07-10,12:52:00,2024-07-23,199.9,199.9,199.9,199.9,0,0,1
FINNIFTY23JUL2424200PE.NFO,2024-07-10,12:53:00,2024-07-23,199.9,199.9,199.9,199.9,0,0,1
FINNIFTY23JUL2424200PE.NFO,2024-07-10,12:54:00,2024-07-23,199.9,199.9,199.9,199.9,0,0,1
FINNIFTY23JUL2424200PE.NFO,2024-07-10,12:55:00,2024-07-23,199.9,199.9,199.9,199.9,0,0,1
FINNIFTY23JUL2424200PE.NFO,2024-07-10,12:56:00,2024-07-23,199.9,199.9,199.9,199.9,0,0,1
FINNIFTY23JUL2424200PE.NFO,2024-07-10,12:57:00,2024-07-23,199.9,199.9,199.9,199.9,0,0,1
FINNIFTY23JUL2424200PE.NFO,2024-07-10,12:58:00,2024-07-23,199.9,199.9,199.9,199.9,0,0,1
FINNIFTY23JUL2424200PE.NFO,2024-07-10,12:59:00,2024-07-23,199.9,199.9,199.9,199.9,0,0,1
FINNIFTY23JUL2424200PE.NFO,2024-07-10,13:00:00,2024-07-23,199.9,199.9,199.9,199.9,0,0,1
FINNIFTY23JUL2424200PE.NFO,2024-07-10,13:01:00,2024-07-23,199.9,199.9,199.9,199.9,0,0,1
FINNIFTY23JUL2424200PE.NFO,2024-07-10,13:02:00,2024-07-23,199.9,199.9,199.9,199.9,0,0,1
FINNIFTY23JUL2424200PE.NFO,2024-07-10,13:03:00,2024-07-23,199.9,199.9,199.9,199.9,0,0,1
FINNIFTY23JUL2424200PE.NFO,2024-07-10,13:04:00,2024-07-23,199.9,199.9,199.9,199.9,0,0,1
FINNIFTY23JUL2424200PE.NFO,2024-07-10,13:05:00,2024-07-23,199.9,199.9,199.9,199.9,0,0,1
FINNIFTY23JUL2424200PE.NFO,2024-07-10,13:06:00,2024-07-23,199.9,199.9,199.9,199.9,0,0,1
FINNIFTY23JUL2424200PE.NFO,2024-07-10,13:07:00,2024-07-23,199.9,199.9,199.9,199.9,0,0,1
FINNIFTY23JUL2424200PE.NFO,2024-07-10,13:08:00,2024-07-23,199.9,199.9,199.9,199.9,0,0,1
FINNIFTY23JUL2424200PE.NFO,2024-07-10,13:09:00,2024-07-23,199.9,199.9,199.9,199.9,0,0,1
FINNIFTY23JUL2424200PE.NFO,2024-07-10,13:10:00,2024-07-23,199.9,199.9,199.9,199.9,0,0,1
FINNIFTY23JUL2424200PE.NFO,2024-07-10,13:11:00,2024-07-23,199.9,199.9,199.9,199.9,0,0,1
FINNIFTY23JUL2424200PE.NFO,2024-07-10,13:12:00,2024-07-23,199.9,199.9,199.9,199.9,0,0,1
FINNIFTY23JUL2424200PE.NFO,2024-07-10,13:13:00,2024-07-23,199.9,199.9,199.9,199.9,0,0,1
FINNIFTY23JUL2424200PE.NFO,2024-07-10,13:14:00,2024-07-23,199.9,199.9,199.9,199.9,0,0,1
FINNIFTY23JUL2424200PE.NFO,2024-07-10,13:15:00,2024-07-23,199.9,199.9,199.9,199.9,0,0,1
FINNIFTY23JUL2424200PE.NFO,2024-07-10,13:16:00,2024-07-23,199.9,199.9,199.9,199.9,0,0,1
FINNIFTY23JUL2424200PE.NFO,2024-07-10,13:17:00,2024-07-23,199.9,199.9,199.9,199.9,0,0,1
FINNIFTY23JUL2424200PE.NFO,2024-07-10,13:18:00,2024-07-23,199.9,199.9,199.9,199.9,0,0,1
FINNIFTY23JUL2424200PE.NFO,2024-07-10,13:19:00,2024-07-23,199.9,199.9,199.9,199.9,0,0,1
FINNIFTY23JUL2424200PE.NFO,2024-07-10,13:20:00,2024-07-23,199.9,199.9,199.9,199.9,0,0,1
FINNIFTY23JUL2424200PE.NFO,2024-07-10,13:21:00,2024-07-23,199.9,199.9,199.9,199.9,0,0,1
FINNIFTY23JUL2424200PE.NFO,2024-07-10,13:22:00,2024-07-23,199.9,199.9,199.9,199.9,0,0,1
FINNIFTY23JUL2424200PE.NFO,2024-07-10,13:23:00,2024-07-23,199.9,199.9,199.9,199.9,0,0,1
FINNIFTY23JUL2424200PE.NFO,2024-07-10,13:24:00,2024-07-23,199.9,199.9,199.9,199.9,0,0,1
FINNIFTY23JUL2424200PE.NFO,2024-07-10,13:25:00,2024-07-23,199.9,199.9,199.9,199.9,0,0,1
FINNIFTY23JUL2424200PE.NFO,2024-07-10,13:26:00,2024-07-23,199.9,199.9,199.9,199.9,0,0,1
FINNIFTY23JUL2424200PE.NFO,2024-07-10,13:27:00,2024-07-23,199.9,199.9,199.9,199.9,0,0,1
FINNIFTY23JUL2424200PE.NFO,2024-07-10,13:28:00,2024-07-23,199.9,199.9,199.9,199.9,0,0,1
FINNIFTY23JUL2424200PE.NFO,2024-07-10,13:29:00,2024-07-23,199.9,199.9,199.9,199.9,0,0,1
FINNIFTY23JUL2424200PE.NFO,2024-07-10,13:30:00,2024-07-23,199.9,199.9,199.9,199.9,0,0,1
FINNIFTY23JUL2424200PE.NFO,2024-07-10,13:31:00,2024-07-23,199.9,199.9,199.9,199.9,0,0,1
FINNIFTY23JUL2424200PE.NFO,2024-07-10,13:32:00,2024-07-23,199.9,199.9,199.9,199.9,0,0,1
FINNIFTY23JUL2424200PE.NFO,2024-07-10,13:33:00,2024-07-23,199.9,199.9,199.9,199.9,0,0,1
FINNIFTY23JUL2424200PE.NFO,2024-07-10,13:34:00,2024-07-23,199.9,199.9,199.9,199.9,0,0,1
FINNIFTY23JUL2424200PE.NFO,2024-07-10,13:35:00,2024-07-23,199.9,199.9,199.9,199.9,0,0,1
FINNIFTY23JUL2424200PE.NFO,2024-07-10,13:36:00,2024-07-23,199.9,199.9,199.9,199.9,0,0,1
FINNIFTY23JUL2424200PE.NFO,2024-07-10,13:37:00,2024-07-23,199.9,199.9,199.9,199.9,0,0,1
FINNIFTY23JUL2424200PE.NFO,2024-07-10,13:38:00,2024-07-23,199.9,199.9,199.9,199.9,0,0,1
FINNIFTY23JUL2424200PE.NFO,2024-07-10,13:39:00,2024-07-23,199.9,199.9,199.9,199.9,0,0,1
FINNIFTY23JUL2424200PE.NFO,2024-07-10,13:40:00,2024-07-23,199.9,199.9,199.9,199.9,0,0,1
FINNIFTY23JUL2424200PE.NFO,2024-07-10,13:41:00,2024-07-23,199.9,199.9,199.9,199.9,0,0,1
FINNIFTY23JUL2424200PE.NFO,2024-07-10,13:42:00,2024-07-23,199.9,199.9,199.9,199.9,0,0,1
FINNIFTY23JUL2424200PE.NFO,2024-07-10,13:43:00,2024-07-23,199.9,199.9,199.9,199.9,0,0,1
FINNIFTY23JUL2424200PE.NFO,2024-07-10,13:44:00,2024-07-23,199.9,199.9,199.9,199.9,0,0,1
FINNIFTY23JUL2424200PE.NFO,2024-07-10,13:45:00,2024-07-23,199.9,199.9,199.9,199.9,0,0,1
FINNIFTY23JUL2424200PE.NFO,2024-07-10,13:46:00,2024-07-23,199.9,199.9,199.9,199.9,0,0,1
FINNIFTY23JUL2424200PE.NFO,2024-07-10,13:47:00,2024-07-23,199.9,199.9,199.9,199.9,0,0,1
FINNIFTY23JUL2424200PE.NFO,2024-07-10,13:48:00,2024-07-23,199.9,199.9,199.9,199.9,0,0,1
FINNIFTY23JUL2424200PE.NFO,2024-07-10,13:49:00,2024-07-23,199.9,199.9,199.9,199.9,0,0,1
FINNIFTY23JUL2424200PE.NFO,2024-07-10,13:50:00,2024-07-23,199.9,199.9,199.9,199.9,0,0,1
FINNIFTY23JUL2424200PE.NFO,2024-07-10,13:51:00,2024-07-23,199.9,199.9,199.9,199.9,0,0,1
FINNIFTY23JUL2424200PE.NFO,2024-07-10,13:52:00,2024-07-23,199.9,199.9,199.9,199.9,0,0,1
FINNIFTY23JUL2424200PE.NFO,2024-07-10,13:53:00,2024-07-23,199.9,199.9,199.9,199.9,0,0,1
FINNIFTY23JUL2424200PE.NFO,2024-07-10,13:54:00,2024-07-23,199.9,199.9,199.9,199.9,0,0,1
FINNIFTY23JUL2424200PE.NFO,2024-07-10,13:55:00,2024-07-23,199.9,199.9,199.9,199.9,0,0,1
FINNIFTY23JUL2424200PE.NFO,2024-07-10,13:56:00,2024-07-23,199.9,199.9,199.9,199.9,0,0,1
FINNIFTY23JUL2424200PE.NFO,2024-07-10,13:57:00,2024-07-23,199.9,199.9,199.9,199.9,0,0,1
FINNIFTY23JUL2424200PE.NFO,2024-07-10,13:58:00,2024-07-23,199.9,199.9,199.9,199.9,0,0,1
FINNIFTY23JUL2424200PE.NFO,2024-07-10,13:59:00,2024-07-23,199.9,199.9,199.9,199.9,0,0,1
FINNIFTY23JUL2424200PE.NFO,2024-07-10,14:00:00,2024-07-23,199.9,199.9,199.9,199.9,0,0,1
FINNIFTY23JUL2424200PE.NFO,2024-07-10,14:01:00,2024-07-23,199.9,199.9,199.9,199.9,0,0,1
FINNIFTY23JUL2424200PE.NFO,2024-07-10,14:02:00,2024-07-23,199.9,199.9,199.9,199.9,0,0,1
FINNIFTY23JUL2424200PE.NFO,2024-07-10,14:03:00,2024-07-23,199.9,199.9,199.9,199.9,0,0,1
FINNIFTY23JUL2424200PE.NFO,2024-07-10,14:04:00,2024-07-23,199.9,199.9,199.9,199.9,0,0,1
FINNIFTY23JUL2424200PE.NFO,2024-07-10,14:05:00,2024-07-23,199.9,199.9,199.9,199.9,0,0,1
FINNIFTY23JUL2424200PE.NFO,2024-07-10,14:06:00,2024-07-23,199.9,199.9,199.9,199.9,0,0,1
FINNIFTY23JUL2424200PE.NFO,2024-07-10,14:07:00,2024-07-23,199.9,199.9,199.9,199.9,0,0,1
FINNIFTY23JUL2424200PE.NFO,2024-07-10,14:08:00,2024-07-23,199.9,199.9,199.9,199.9,0,0,1
FINNIFTY23JUL2424200PE.NFO,2024-07-10,14:09:00,2024-07-23,199.9,199.9,199.9,199.9,0,0,1
FINNIFTY23JUL2424200PE.NFO,2024-07-10,14:10:00,2024-07-23,199.9,199.9,199.9,199.9,0,0,1
FINNIFTY23JUL2424200PE.NFO,2024-07-10,14:11:00,2024-07-23,199.9,199.9,199.9,199.9,0,0,1
FINNIFTY23JUL2424200PE.NFO,2024-07-10,14:12:00,2024-07-23,199.9,199.9,199.9,199.9,0,0,1
FINNIFTY23JUL2424200PE.NFO,2024-07-10,14:13:00,2024-07-23,199.9,199.9,199.9,199.9,0,0,1
FINNIFTY23JUL2424200PE.NFO,2024-07-10,14:14:00,2024-07-23,199.9,199.9,199.9,199.9,0,0,1
FINNIFTY23JUL2424200PE.NFO,2024-07-10,14:15:00,2024-07-23,199.9,199.9,199.9,199.9,0,0,1
FINNIFTY23JUL2424200PE.NFO,2024-07-10,14:16:00,2024-07-23,199.9,199.9,199.9,199.9,0,0,1
FINNIFTY23JUL2424200PE.NFO,2024-07-10,14:17:00,2024-07-23,199.9,199.9,199.9,199.9,0,0,1
FINNIFTY23JUL2424200PE.NFO,2024-07-10,14:18:00,2024-07-23,199.9,199.9,199.9,199.9,0,0,1
FINNIFTY23JUL2424200PE.NFO,2024-07-10,14:19:00,2024-07-23,199.9,199.9,199.9,199.9,0,0,1
FINNIFTY23JUL2424200PE.NFO,2024-07-10,14:20:00,2024-07-23,199.9,199.9,199.9,199.9,0,0,1
FINNIFTY23JUL2424200PE.NFO,2024-07-10,14:21:00,2024-07-23,199.9,199.9,199.9,199.9,0,0,1
FINNIFTY23JUL2424200PE.NFO,2024-07-10,14:22:00,2024-07-23,199.9,199.9,199.9,199.9,0,0,1
FINNIFTY23JUL2424200PE.NFO,2024-07-10,14:23:00,2024-07-23,199.9,199.9,199.9,199.9,0,0,1
FINNIFTY23JUL2424200PE.NFO,2024-07-10,14:24:00,2024-07-23,199.9,199.9,199.9,199.9,0,0,1
FINNIFTY23JUL2424200PE.NFO,2024-07-10,14:25:00,2024-07-23,199.9,199.9,199.9,199.9,0,0,1
FINNIFTY23JUL2424200PE.NFO,2024-07-10,14:26:00,2024-07-23,199.9,199.9,199.9,199.9,0,0,1
FINNIFTY23JUL2424200PE.NFO,2024-07-10,14:27:00,2024-07-23,199.9,199.9,199.9,199.9,0,0,1
FINNIFTY23JUL2424200PE.NFO,2024-07-10,14:28:00,2024-07-23,199.9,199.9,199.9,199.9,0,0,1
FINNIFTY23JUL2424200PE.NFO,2024-07-10,14:29:00,2024-07-23,199.9,199.9,199.9,199.9,0,0,1
FINNIFTY23JUL2424200PE.NFO,2024-07-10,14:30:00,2024-07-23,199.9,199.9,199.9,199.9,0,0,1
FINNIFTY23JUL2424200PE.NFO,2024-07-10,14:31:00,2024-07-23,199.9,199.9,199.9,199.9,0,0,1
FINNIFTY23JUL2424200PE.NFO,2024-07-10,14:32:00,2024-07-23,199.9,199.9,199.9,199.9,0,0,1
FINNIFTY23JUL2424200PE.NFO,2024-07-10,14:33:00,2024-07-23,199.9,199.9,199.9,199.9,0,0,1
FINNIFTY23JUL2424200PE.NFO,2024-07-10,14:34:00,2024-07-23,199.9,199.9,199.9,199.9,0,0,1
FINNIFTY23JUL2424200PE.NFO,2024-07-10,14:35:00,2024-07-23,199.9,199.9,199.9,199.9,0,0,1
FINNIFTY23JUL2424200PE.NFO,2024-07-10,14:36:00,2024-07-23,199.9,199.9,199.9,199.9,0,0,1
FINNIFTY23JUL2424200PE.NFO,2024-07-10,14:37:00,2024-07-23,199.9,199.9,199.9,199.9,0,0,1
FINNIFTY23JUL2424200PE.NFO,2024-07-10,14:38:00,2024-07-23,199.9,199.9,199.9,199.9,0,0,1
FINNIFTY23JUL2424200PE.NFO,2024-07-10,14:39:00,2024-07-23,199.9,199.9,199.9,199.9,0,0,1
FINNIFTY23JUL2424200PE.NFO,2024-07-10,14:40:00,2024-07-23,199.9,199.9,199.9,199.9,0,0,1
FINNIFTY23JUL2424200PE.NFO,2024-07-10,14:41:00,2024-07-23,199.9,199.9,199.9,199.9,0,0,1
FINNIFTY23JUL2424200PE.NFO,2024-07-10,14:42:00,2024-07-23,199.9,199.9,199.9,199.9,0,0,1
FINNIFTY23JUL2424200PE.NFO,2024-07-10,14:43:00,2024-07-23,199.9,199.9,199.9,199.9,0,0,1
FINNIFTY23JUL2424200PE.NFO,2024-07-10,14:44:00,2024-07-23,199.9,199.9,199.9,199.9,0,0,1
FINNIFTY23JUL2424200PE.NFO,2024-07-10,14:45:00,2024-07-23,199.9,199.9,199.9,199.9,0,0,1
FINNIFTY23JUL2424200PE.NFO,2024-07-10,14:46:00,2024-07-23,199.9,199.9,199.9,199.9,0,0,1
FINNIFTY23JUL2424200PE.NFO,2024-07-10,14:47:00,2024-07-23,199.9,199.9,199.9,199.9,0,0,1
FINNIFTY23JUL2424200PE.NFO,2024-07-10,14:48:00,2024-07-23,199.9,199.9,199.9,199.9,0,0,1
FINNIFTY23JUL2424200PE.NFO,2024-07-10,14:49:00,2024-07-23,199.9,199.9,199.9,199.9,0,0,1
FINNIFTY23JUL2424200PE.NFO,2024-07-10,14:50:00,2024-07-23,199.9,199.9,199.9,199.9,0,0,1
FINNIFTY23JUL2424200PE.NFO,2024-07-10,14:51:00,2024-07-23,199.9,199.9,199.9,199.9,0,0,1
FINNIFTY23JUL2424200PE.NFO,2024-07-10,14:52:00,2024-07-23,199.9,199.9,199.9,199.9,0,0,1
FINNIFTY23JUL2424200PE.NFO,2024-07-10,14:53:00,2024-07-23,199.9,199.9,199.9,199.9,0,0,1
FINNIFTY23JUL2424200PE.NFO,2024-07-10,14:54:00,2024-07-23,199.9,199.9,199.9,199.9,0,0,1
FINNIFTY23JUL2424200PE.NFO,2024-07-10,14:55:00,2024-07-23,199.9,199.9,199.9,199.9,0,0,1
FINNIFTY23JUL2424200PE.NFO,2024-07-10,14:56:00,2024-07-23,199.9,199.9,199.9,199.9,0,0,1
FINNIFTY23JUL2424200PE.NFO,2024-07-10,14:57:00,2024-07-23,199.9,199.9,199.9,199.9,0,0,1
FINNIFTY23JUL2424200PE.NFO,2024-07-10,14:58:00,2024-07-23,199.9,199.9,199.9,199.9,0,0,1
FINNIFTY23JUL2424200PE.NFO,2024-07-10,14:59:00,2024-07-23,199.9,199.9,199.9,199.9,0,0,1
FINNIFTY23JUL2424200PE.NFO,2024-07-10,15:00:00,2024-07-23,199.9,199.9,199.9,199.9,0,0,1
FINNIFTY23JUL2424200PE.NFO,2024-07-10,15:01:00,2024-07-23,199.9,199.9,199.9,199.9,0,0,1
FINNIFTY23JUL2424200PE.NFO,2024-07-10,15:02:00,2024-07-23,199.9,199.9,199.9,199.9,0,0,1
FINNIFTY23JUL2424200PE.NFO,2024-07-10,15:03:00,2024-07-23,199.9,199.9,199.9,199.9,0,0,1
FINNIFTY23JUL2424200PE.NFO,2024-07-10,15:04:00,2024-07-23,199.9,199.9,199.9,199.9,0,0,1
FINNIFTY23JUL2424200PE.NFO,2024-07-10,15:05:00,2024-07-23,199.9,199.9,199.9,199.9,0,0,1
FINNIFTY23JUL2424200PE.NFO,2024-07-10,15:06:00,2024-07-23,199.9,199.9,199.9,199.9,0,0,1
FINNIFTY23JUL2424200PE.NFO,2024-07-10,15:07:00,2024-07-23,199.9,199.9,199.9,199.9,0,0,1
FINNIFTY23JUL2424200PE.NFO,2024-07-10,15:08:00,2024-07-23,199.9,199.9,199.9,199.9,0,0,1
FINNIFTY23JUL2424200PE.NFO,2024-07-10,15:09:00,2024-07-23,199.9,199.9,199.9,199.9,0,0,1
FINNIFTY23JUL2424200PE.NFO,2024-07-10,15:10:00,2024-07-23,199.9,199.9,199.9,199.9,0,0,1
FINNIFTY23JUL2424200PE.NFO,2024-07-10,15:11:00,2024-07-23,199.9,199.9,199.9,199.9,0,0,1
FINNIFTY23JUL2424200PE.NFO,2024-07-10,15:12:00,2024-07-23,199.9,199.9,199.9,199.9,0,0,1
FINNIFTY23JUL2424200PE.NFO,2024-07-10,15:13:00,2024-07-23,199.9,199.9,199.9,199.9,0,0,1
FINNIFTY23JUL2424200PE.NFO,2024-07-10,15:14:00,2024-07-23,199.9,199.9,199.9,199.9,0,0,1
FINNIFTY23JUL2424200PE.NFO,2024-07-10,15:15:00,2024-07-23,199.9,199.9,199.9,199.9,0,0,1
FINNIFTY23JUL2424200PE.NFO,2024-07-10,15:16:00,2024-07-23,199.9,199.9,199.9,199.9,0,0,1
FINNIFTY23JUL2424200PE.NFO,2024-07-10,15:17:00,2024-07-23,199.9,199.9,199.9,199.9,0,0,1
FINNIFTY23JUL2424200PE.NFO,2024-07-10,15:18:00,2024-07-23,199.9,199.9,199.9,199.9,0,0,1
FINNIFTY23JUL2424200PE.NFO,2024-07-10,15:19:00,2024-07-23,199.9,199.9,199.9,199.9,0,0,1
FINNIFTY23JUL2424200PE.NFO,2024-07-10,15:20:00,2024-07-23,199.9,199.9,199.9,199.9,0,0,1
FINNIFTY23JUL2424200PE.NFO,2024-07-10,15:21:00,2024-07-23,199.9,199.9,199.9,199.9,0,0,1
FINNIFTY23JUL2424200PE.NFO,2024-07-10,15:22:00,2024-07-23,199.9,199.9,199.9,199.9,0,0,1
FINNIFTY23JUL2424200PE.NFO,2024-07-10,15:23:00,2024-07-23,199.9,199.9,199.9,199.9,0,0,1
FINNIFTY23JUL2424200PE.NFO,2024-07-10,15:24:00,2024-07-23,199.9,199.9,199.9,199.9,0,0,1
FINNIFTY23JUL2424200PE.NFO,2024-07-10,15:25:00,2024-07-23,199.9,199.9,199.9,199.9,0,0,1
FINNIFTY23JUL2424200PE.NFO,2024-07-10,15:26:00,2024-07-23,199.9,199.9,199.9,199.9,0,0,1
FINNIFTY23JUL2424200PE.NFO,2024-07-10,15:27:00,2024-07-23,199.9,199.9,199.9,199.9,0,0,1
FINNIFTY23JUL2424200PE.NFO,2024-07-10,15:28:00,2024-07-23,199.9,199.9,199.9,199.9,0,0,1
FINNIFTY23JUL2424200PE.NFO,2024-07-10,15:29:00,2024-07-23,199.9,199.9,199.9,199.9,0,0,1
FINNIFTY23JUL2424200PE.NFO,2024-07-10,15:30:00,2024-07-23,199.9,199.9,199.9,199.9,0,0,1
FINNIFTY23JUL2424200PE.NFO,2024-07-11,09:15:00,2024-07-23,199.9,199.9,199.9,199.9,0,0,0
FINNIFTY23JUL2424200PE.NFO,2024-07-11,09:16:00,2024-07-23,199.9,199.9,199.9,199.9,0,0,1
FINNIFTY23JUL2424200PE.NFO,2024-07-11,09:17:00,2024-07-23,199.9,199.9,199.9,199.9,0,0,1
FINNIFTY23JUL2424200PE.NFO,2024-07-11,09:18:00,2024-07-23,199.9,199.9,199.9,199.9,0,0,1
FINNIFTY23JUL2424200PE.NFO,2024-07-11,09:19:00,2024-07-23,199.9,199.9,199.9,199.9,0,0,1
FINNIFTY23JUL2424200PE.NFO,2024-07-11,09:20:00,2024-07-23,199.9,199.9,199.9,199.9,0,0,1
FINNIFTY23JUL2424200PE.NFO,2024-07-11,09:21:00,2024-07-23,199.9,199.9,199.9,199.9,0,0,1
FINNIFTY23JUL2424200PE.NFO,2024-07-11,09:22:00,2024-07-23,199.9,199.9,199.9,199.9,0,0,1
FINNIFTY23JUL2424200PE.NFO,2024-07-11,09:23:00,2024-07-23,199.9,199.9,199.9,199.9,0,0,1
FINNIFTY23JUL2424200PE.NFO,2024-07-11,09:24:00,2024-07-23,199.9,199.9,199.9,199.9,0,0,1
FINNIFTY23JUL2424200PE.NFO,2024-07-11,09:25:00,2024-07-23,199.9,199.9,199.9,199.9,0,0,1
FINNIFTY23JUL2424200PE.NFO,2024-07-11,09:26:00,2024-07-23,199.9,199.9,199.9,199.9,0,0,1
FINNIFTY23JUL2424200PE.NFO,2024-07-11,09:27:00,2024-07-23,199.9,199.9,199.9,199.9,0,0,1
FINNIFTY23JUL2424200PE.NFO,2024-07-11,09:28:00,2024-07-23,199.9,199.9,199.9,199.9,0,0,1
FINNIFTY23JUL2424200PE.NFO,2024-07-11,09:29:00,2024-07-23,199.9,199.9,199.9,199.9,0,0,1
FINNIFTY23JUL2424200PE.NFO,2024-07-11,09:30:00,2024-07-23,199.9,199.9,199.9,199.9,0,0,1
FINNIFTY23JUL2424200PE.NFO,2024-07-11,09:31:00,2024-07-23,199.9,199.9,199.9,199.9,0,0,1
FINNIFTY23JUL2424200PE.NFO,2024-07-11,09:32:00,2024-07-23,199.9,199.9,199.9,199.9,0,0,1
FINNIFTY23JUL2424200PE.NFO,2024-07-11,09:33:00,2024-07-23,199.9,199.9,199.9,199.9,0,0,1
FINNIFTY23JUL2424200PE.NFO,2024-07-11,09:34:00,2024-07-23,199.9,199.9,199.9,199.9,0,0,1
FINNIFTY23JUL2424200PE.NFO,2024-07-11,09:35:00,2024-07-23,199.9,199.9,199.9,199.9,0,0,1
FINNIFTY23JUL2424200PE.NFO,2024-07-11,09:36:00,2024-07-23,199.9,199.9,199.9,199.9,0,0,1
FINNIFTY23JUL2424200PE.NFO,2024-07-11,09:37:00,2024-07-23,199.9,199.9,199.9,199.9,0,0,1
FINNIFTY23JUL2424200PE.NFO,2024-07-11,09:38:00,2024-07-23,199.9,199.9,199.9,199.9,0,0,1
FINNIFTY23JUL2424200PE.NFO,2024-07-11,09:39:00,2024-07-23,199.9,199.9,199.9,199.9,0,0,1
FINNIFTY23JUL2424200PE.NFO,2024-07-11,09:40:00,2024-07-23,199.9,199.9,199.9,199.9,0,0,1
FINNIFTY23JUL2424200PE.NFO,2024-07-11,09:41:00,2024-07-23,199.9,199.9,199.9,199.9,0,0,1
FINNIFTY23JUL2424200PE.NFO,2024-07-11,09:42:00,2024-07-23,199.9,199.9,199.9,199.9,0,0,1
FINNIFTY23JUL2424200PE.NFO,2024-07-11,09:43:00,2024-07-23,199.9,199.9,199.9,199.9,0,0,1
FINNIFTY23JUL2424200PE.NFO,2024-07-11,09:44:00,2024-07-23,199.9,199.9,199.9,199.9,0,0,1
FINNIFTY23JUL2424200PE.NFO,2024-07-11,09:45:00,2024-07-23,199.9,199.9,199.9,199.9,0,0,1
FINNIFTY23JUL2424200PE.NFO,2024-07-11,09:46:00,2024-07-23,199.9,199.9,199.9,199.9,0,0,1
FINNIFTY23JUL2424200PE.NFO,2024-07-11,09:47:00,2024-07-23,199.9,199.9,199.9,199.9,0,0,1
FINNIFTY23JUL2424200PE.NFO,2024-07-11,09:48:00,2024-07-23,199.9,199.9,199.9,199.9,0,0,1
FINNIFTY23JUL2424200PE.NFO,2024-07-11,09:49:00,2024-07-23,199.9,199.9,199.9,199.9,0,0,1
FINNIFTY23JUL2424200PE.NFO,2024-07-11,09:50:00,2024-07-23,199.9,199.9,199.9,199.9,0,0,1
FINNIFTY23JUL2424200PE.NFO,2024-07-11,09:51:00,2024-07-23,199.9,199.9,199.9,199.9,0,0,1
FINNIFTY23JUL2424200PE.NFO,2024-07-11,09:52:00,2024-07-23,199.9,199.9,199.9,199.9,0,0,1
FINNIFTY23JUL2424200PE.NFO,2024-07-11,09:53:00,2024-07-23,199.9,199.9,199.9,199.9,0,0,1
FINNIFTY23JUL2424200PE.NFO,2024-07-11,09:54:00,2024-07-23,199.9,199.9,199.9,199.9,0,0,1
FINNIFTY23JUL2424200PE.NFO,2024-07-11,09:55:00,2024-07-23,199.9,199.9,199.9,199.9,0,0,1
FINNIFTY23JUL2424200PE.NFO,2024-07-11,09:56:00,2024-07-23,199.9,199.9,199.9,199.9,0,0,1
FINNIFTY23JUL2424200PE.NFO,2024-07-11,09:57:00,2024-07-23,199.9,199.9,199.9,199.9,0,0,1
FINNIFTY23JUL2424200PE.NFO,2024-07-11,09:58:00,2024-07-23,199.9,199.9,199.9,199.9,0,0,1
FINNIFTY23JUL2424200PE.NFO,2024-07-11,09:59:00,2024-07-23,199.9,199.9,199.9,199.9,0,0,1
FINNIFTY23JUL2424200PE.NFO,2024-07-11,10:00:00,2024-07-23,199.9,199.9,199.9,199.9,0,0,1
FINNIFTY23JUL2424200PE.NFO,2024-07-11,10:01:00,2024-07-23,199.9,199.9,199.9,199.9,0,0,1
FINNIFTY23JUL2424200PE.NFO,2024-07-11,10:02:00,2024-07-23,199.9,199.9,199.9,199.9,0,0,1
FINNIFTY23JUL2424200PE.NFO,2024-07-11,10:03:00,2024-07-23,199.9,199.9,199.9,199.9,0,0,1
FINNIFTY23JUL2424200PE.NFO,2024-07-11,10:04:00,2024-07-23,199.9,199.9,199.9,199.9,0,0,1
FINNIFTY23JUL2424200PE.NFO,2024-07-11,10:05:00,2024-07-23,199.9,199.9,199.9,199.9,0,0,1
FINNIFTY23JUL2424200PE.NFO,2024-07-11,10:06:00,2024-07-23,199.9,199.9,199.9,199.9,0,0,1
FINNIFTY23JUL2424200PE.NFO,2024-07-11,10:07:00,2024-07-23,199.9,199.9,199.9,199.9,0,0,1
FINNIFTY23JUL2424200PE.NFO,2024-07-11,10:08:00,2024-07-23,199.9,199.9,199.9,199.9,0,0,1
FINNIFTY23JUL2424200PE.NFO,2024-07-11,10:09:00,2024-07-23,199.9,199.9,199.9,199.9,0,0,1
FINNIFTY23JUL2424200PE.NFO,2024-07-11,10:10:00,2024-07-23,199.9,199.9,199.9,199.9,0,0,1
FINNIFTY23JUL2424200PE.NFO,2024-07-11,10:11:00,2024-07-23,199.9,199.9,199.9,199.9,0,0,1
FINNIFTY23JUL2424200PE.NFO,2024-07-11,10:12:00,2024-07-23,199.9,199.9,199.9,199.9,0,0,1
FINNIFTY23JUL2424200PE.NFO,2024-07-11,10:13:00,2024-07-23,199.9,199.9,199.9,199.9,0,0,1
FINNIFTY23JUL2424200PE.NFO,2024-07-11,10:14:00,2024-07-23,199.9,199.9,199.9,199.9,0,0,1
FINNIFTY23JUL2424200PE.NFO,2024-07-11,10:15:00,2024-07-23,199.9,199.9,199.9,199.9,0,0,1
FINNIFTY23JUL2424200PE.NFO,2024-07-11,10:16:00,2024-07-23,199.9,199.9,199.9,199.9,0,0,1
FINNIFTY23JUL2424200PE.NFO,2024-07-11,10:17:00,2024-07-23,199.9,199.9,199.9,199.9,0,0,1
FINNIFTY23JUL2424200PE.NFO,2024-07-11,10:18:00,2024-07-23,199.9,199.9,199.9,199.9,0,0,1
FINNIFTY23JUL2424200PE.NFO,2024-07-11,10:19:00,2024-07-23,199.9,199.9,199.9,199.9,0,0,1
FINNIFTY23JUL2424200PE.NFO,2024-07-11,10:20:00,2024-07-23,199.9,199.9,199.9,199.9,0,0,1
FINNIFTY23JUL2424200PE.NFO,2024-07-11,10:21:00,2024-07-23,199.9,199.9,199.9,199.9,0,0,1
FINNIFTY23JUL2424200PE.NFO,2024-07-11,10:22:00,2024-07-23,199.9,199.9,199.9,199.9,0,0,1
FINNIFTY23JUL2424200PE.NFO,2024-07-11,10:23:00,2024-07-23,199.9,199.9,199.9,199.9,0,0,1
FINNIFTY23JUL2424200PE.NFO,2024-07-11,10:24:00,2024-07-23,199.9,199.9,199.9,199.9,0,0,1
FINNIFTY23JUL2424200PE.NFO,2024-07-11,10:25:00,2024-07-23,199.9,199.9,199.9,199.9,0,0,1
FINNIFTY23JUL2424200PE.NFO,2024-07-11,10:26:00,2024-07-23,199.9,199.9,199.9,199.9,0,0,1
FINNIFTY23JUL2424200PE.NFO,2024-07-11,10:27:00,2024-07-23,199.9,199.9,199.9,199.9,0,0,1
FINNIFTY23JUL2424200PE.NFO,2024-07-11,10:28:00,2024-07-23,199.9,199.9,199.9,199.9,0,0,1
FINNIFTY23JUL2424200PE.NFO,2024-07-11,10:29:00,2024-07-23,199.9,199.9,199.9,199.9,0,0,1
FINNIFTY23JUL2424200PE.NFO,2024-07-11,10:30:00,2024-07-23,199.9,199.9,199.9,199.9,0,0,1
FINNIFTY23JUL2424200PE.NFO,2024-07-11,10:31:00,2024-07-23,199.9,199.9,199.9,199.9,0,0,1
FINNIFTY23JUL2424200PE.NFO,2024-07-11,10:32:00,2024-07-23,199.9,199.9,199.9,199.9,0,0,1
FINNIFTY23JUL2424200PE.NFO,2024-07-11,10:33:00,2024-07-23,199.9,199.9,199.9,199.9,0,0,1
FINNIFTY23JUL2424200PE.NFO,2024-07-11,10:34:00,2024-07-23,199.9,199.9,199.9,199.9,0,0,1
FINNIFTY23JUL2424200PE.NFO,2024-07-11,10:35:00,2024-07-23,199.9,199.9,199.9,199.9,0,0,1
FINNIFTY23JUL2424200PE.NFO,2024-07-11,10:36:00,2024-07-23,199.9,199.9,199.9,199.9,0,0,1
FINNIFTY23JUL2424200PE.NFO,2024-07-11,10:37:00,2024-07-23,199.9,199.9,199.9,199.9,0,0,1
FINNIFTY23JUL2424200PE.NFO,2024-07-11,10:38:00,2024-07-23,199.9,199.9,199.9,199.9,0,0,1
FINNIFTY23JUL2424200PE.NFO,2024-07-11,10:39:00,2024-07-23,199.9,199.9,199.9,199.9,0,0,1
FINNIFTY23JUL2424200PE.NFO,2024-07-11,10:40:00,2024-07-23,199.9,199.9,199.9,199.9,0,0,1
FINNIFTY23JUL2424200PE.NFO,2024-07-11,10:41:00,2024-07-23,199.9,199.9,199.9,199.9,0,0,1
FINNIFTY23JUL2424200PE.NFO,2024-07-11,10:42:00,2024-07-23,199.9,199.9,199.9,199.9,0,0,1
FINNIFTY23JUL2424200PE.NFO,2024-07-11,10:43:00,2024-07-23,199.9,199.9,199.9,199.9,0,0,1
FINNIFTY23JUL2424200PE.NFO,2024-07-11,10:44:00,2024-07-23,199.9,199.9,199.9,199.9,0,0,1
FINNIFTY23JUL2424200PE.NFO,2024-07-11,10:45:00,2024-07-23,199.9,199.9,199.9,199.9,0,0,1
FINNIFTY23JUL2424200PE.NFO,2024-07-11,10:46:00,2024-07-23,199.9,199.9,199.9,199.9,0,0,1
FINNIFTY23JUL2424200PE.NFO,2024-07-11,10:47:00,2024-07-23,199.9,199.9,199.9,199.9,0,0,1
FINNIFTY23JUL2424200PE.NFO,2024-07-11,10:48:00,2024-07-23,199.9,199.9,199.9,199.9,0,0,1
FINNIFTY23JUL2424200PE.NFO,2024-07-11,10:49:00,2024-07-23,199.9,199.9,199.9,199.9,0,0,1
FINNIFTY23JUL2424200PE.NFO,2024-07-11,10:50:00,2024-07-23,199.9,199.9,199.9,199.9,0,0,1
FINNIFTY23JUL2424200PE.NFO,2024-07-11,10:51:00,2024-07-23,199.9,199.9,199.9,199.9,0,0,1
FINNIFTY23JUL2424200PE.NFO,2024-07-11,10:52:00,2024-07-23,199.9,199.9,199.9,199.9,0,0,1
FINNIFTY23JUL2424200PE.NFO,2024-07-11,10:53:00,2024-07-23,199.9,199.9,199.9,199.9,0,0,1
FINNIFTY23JUL2424200PE.NFO,2024-07-11,10:54:00,2024-07-23,199.9,199.9,199.9,199.9,0,0,1
FINNIFTY23JUL2424200PE.NFO,2024-07-11,10:55:00,2024-07-23,199.9,199.9,199.9,199.9,0,0,1
FINNIFTY23JUL2424200PE.NFO,2024-07-11,10:56:00,2024-07-23,199.9,199.9,199.9,199.9,0,0,1
FINNIFTY23JUL2424200PE.NFO,2024-07-11,10:57:00,2024-07-23,199.9,199.9,199.9,199.9,0,0,1
FINNIFTY23JUL2424200PE.NFO,2024-07-11,10:58:00,2024-07-23,199.9,199.9,199.9,199.9,0,0,1
FINNIFTY23JUL2424200PE.NFO,2024-07-11,10:59:00,2024-07-23,199.9,199.9,199.9,199.9,0,0,1
FINNIFTY23JUL2424200PE.NFO,2024-07-11,11:00:00,2024-07-23,199.9,199.9,199.9,199.9,0,0,1
FINNIFTY23JUL2424200PE.NFO,2024-07-11,11:01:00,2024-07-23,199.9,199.9,199.9,199.9,0,0,1
FINNIFTY23JUL2424200PE.NFO,2024-07-11,11:02:00,2024-07-23,199.9,199.9,199.9,199.9,0,0,1
FINNIFTY23JUL2424200PE.NFO,2024-07-11,11:03:00,2024-07-23,199.9,199.9,199.9,199.9,0,0,1
FINNIFTY23JUL2424200PE.NFO,2024-07-11,11:04:00,2024-07-23,199.9,199.9,199.9,199.9,0,0,1
FINNIFTY23JUL2424200PE.NFO,2024-07-11,11:05:00,2024-07-23,199.9,199.9,199.9,199.9,0,0,1
FINNIFTY23JUL2424200PE.NFO,2024-07-11,11:06:00,2024-07-23,199.9,199.9,199.9,199.9,0,0,1
FINNIFTY23JUL2424200PE.NFO,2024-07-11,11:07:00,2024-07-23,199.9,199.9,199.9,199.9,0,0,1
FINNIFTY23JUL2424200PE.NFO,2024-07-11,11:08:00,2024-07-23,199.9,199.9,199.9,199.9,0,0,1
FINNIFTY23JUL2424200PE.NFO,2024-07-11,11:09:00,2024-07-23,199.9,199.9,199.9,199.9,0,0,1
FINNIFTY23JUL2424200PE.NFO,2024-07-11,11:10:00,2024-07-23,199.9,199.9,199.9,199.9,0,0,1
FINNIFTY23JUL2424200PE.NFO,2024-07-11,11:11:00,2024-07-23,199.9,199.9,199.9,199.9,0,0,1
FINNIFTY23JUL2424200PE.NFO,2024-07-11,11:12:00,2024-07-23,199.9,199.9,199.9,199.9,0,0,1
FINNIFTY23JUL2424200PE.NFO,2024-07-11,11:13:00,2024-07-23,199.9,199.9,199.9,199.9,0,0,1
FINNIFTY23JUL2424200PE.NFO,2024-07-11,11:14:00,2024-07-23,199.9,199.9,199.9,199.9,0,0,1
FINNIFTY23JUL2424200PE.NFO,2024-07-11,11:15:00,2024-07-23,199.9,199.9,199.9,199.9,0,0,1
FINNIFTY23JUL2424200PE.NFO,2024-07-11,11:16:00,2024-07-23,199.9,199.9,199.9,199.9,0,0,1
FINNIFTY23JUL2424200PE.NFO,2024-07-11,11:17:00,2024-07-23,199.9,199.9,199.9,199.9,0,0,1
FINNIFTY23JUL2424200PE.NFO,2024-07-11,11:18:00,2024-07-23,199.9,199.9,199.9,199.9,0,0,1
FINNIFTY23JUL2424200PE.NFO,2024-07-11,11:19:00,2024-07-23,199.9,199.9,199.9,199.9,0,0,1
FINNIFTY23JUL2424200PE.NFO,2024-07-11,11:20:00,2024-07-23,199.9,199.9,199.9,199.9,0,0,1
FINNIFTY23JUL2424200PE.NFO,2024-07-11,11:21:00,2024-07-23,199.9,199.9,199.9,199.9,0,0,1
FINNIFTY23JUL2424200PE.NFO,2024-07-11,11:22:00,2024-07-23,199.9,199.9,199.9,199.9,0,0,1
FINNIFTY23JUL2424200PE.NFO,2024-07-11,11:23:00,2024-07-23,199.9,199.9,199.9,199.9,0,0,1
FINNIFTY23JUL2424200PE.NFO,2024-07-11,11:24:00,2024-07-23,199.9,199.9,199.9,199.9,0,0,1
FINNIFTY23JUL2424200PE.NFO,2024-07-11,11:25:00,2024-07-23,199.9,199.9,199.9,199.9,0,0,1
FINNIFTY23JUL2424200PE.NFO,2024-07-11,11:26:00,2024-07-23,199.9,199.9,199.9,199.9,0,0,1
FINNIFTY23JUL2424200PE.NFO,2024-07-11,11:27:00,2024-07-23,199.9,199.9,199.9,199.9,0,0,1
FINNIFTY23JUL2424200PE.NFO,2024-07-11,11:28:00,2024-07-23,199.9,199.9,199.9,199.9,0,0,1
FINNIFTY23JUL2424200PE.NFO,2024-07-11,11:29:00,2024-07-23,199.9,199.9,199.9,199.9,0,0,1
FINNIFTY23JUL2424200PE.NFO,2024-07-11,11:30:00,2024-07-23,199.9,199.9,199.9,199.9,0,0,1
FINNIFTY23JUL2424200PE.NFO,2024-07-11,11:31:00,2024-07-23,199.9,199.9,199.9,199.9,0,0,1
FINNIFTY23JUL2424200PE.NFO,2024-07-11,11:32:00,2024-07-23,199.9,199.9,199.9,199.9,0,0,1
FINNIFTY23JUL2424200PE.NFO,2024-07-11,11:33:00,2024-07-23,199.9,199.9,199.9,199.9,0,0,1
FINNIFTY23JUL2424200PE.NFO,2024-07-11,11:34:00,2024-07-23,199.9,199.9,199.9,199.9,0,0,1
FINNIFTY23JUL2424200PE.NFO,2024-07-11,11:35:00,2024-07-23,199.9,199.9,199.9,199.9,0,0,1
FINNIFTY23JUL2424200PE.NFO,2024-07-11,11:36:00,2024-07-23,199.9,199.9,199.9,199.9,0,0,1
FINNIFTY23JUL2424200PE.NFO,2024-07-11,11:37:00,2024-07-23,199.9,199.9,199.9,199.9,0,0,1
FINNIFTY23JUL2424200PE.NFO,2024-07-11,11:38:00,2024-07-23,199.9,199.9,199.9,199.9,0,0,1
FINNIFTY23JUL2424200PE.NFO,2024-07-11,11:39:00,2024-07-23,199.9,199.9,199.9,199.9,0,0,1
FINNIFTY23JUL2424200PE.NFO,2024-07-11,11:40:00,2024-07-23,199.9,199.9,199.9,199.9,0,0,1
FINNIFTY23JUL2424200PE.NFO,2024-07-11,11:41:00,2024-07-23,199.9,199.9,199.9,199.9,0,0,1
FINNIFTY23JUL2424200PE.NFO,2024-07-11,11:42:00,2024-07-23,199.9,199.9,199.9,199.9,0,0,1
FINNIFTY23JUL2424200PE.NFO,2024-07-11,11:43:00,2024-07-23,199.9,199.9,199.9,199.9,0,0,1
FINNIFTY23JUL2424200PE.NFO,2024-07-11,11:44:00,2024-07-23,199.9,199.9,199.9,199.9,0,0,1
FINNIFTY23JUL2424200PE.NFO,2024-07-11,11:45:00,2024-07-23,199.9,199.9,199.9,199.9,0,0,1
FINNIFTY23JUL2424200PE.NFO,2024-07-11,11:46:00,2024-07-23,199.9,199.9,199.9,199.9,0,0,1
FINNIFTY23JUL2424200PE.NFO,2024-07-11,11:47:00,2024-07-23,199.9,199.9,199.9,199.9,0,0,1
FINNIFTY23JUL2424200PE.NFO,2024-07-11,11:48:00,2024-07-23,199.9,199.9,199.9,199.9,0,0,1
FINNIFTY23JUL2424200PE.NFO,2024-07-11,11:49:00,2024-07-23,199.9,199.9,199.9,199.9,0,0,1
FINNIFTY23JUL2424200PE.NFO,2024-07-11,11:50:00,2024-07-23,199.9,199.9,199.9,199.9,0,0,1
FINNIFTY23JUL2424200PE.NFO,2024-07-11,11:51:00,2024-07-23,199.9,199.9,199.9,199.9,0,0,1
FINNIFTY23JUL2424200PE.NFO,2024-07-11,11:52:00,2024-07-23,199.9,199.9,199.9,199.9,0,0,1
FINNIFTY23JUL2424200PE.NFO,2024-07-11,11:53:00,2024-07-23,199.9,199.9,199.9,199.9,0,0,1
FINNIFTY23JUL2424200PE.NFO,2024-07-11,11:54:00,2024-07-23,199.9,199.9,199.9,199.9,0,0,1
FINNIFTY23JUL2424200PE.NFO,2024-07-11,11:55:00,2024-07-23,199.9,199.9,199.9,199.9,0,0,1
FINNIFTY23JUL2424200PE.NFO,2024-07-11,11:56:00,2024-07-23,199.9,199.9,199.9,199.9,0,0,1
FINNIFTY23JUL2424200PE.NFO,2024-07-11,11:57:00,2024-07-23,199.9,199.9,199.9,199.9,0,0,1
FINNIFTY23JUL2424200PE.NFO,2024-07-11,11:58:00,2024-07-23,199.9,199.9,199.9,199.9,0,0,1
FINNIFTY23JUL2424200PE.NFO,2024-07-11,11:59:00,2024-07-23,199.9,199.9,199.9,199.9,0,0,1
FINNIFTY23JUL2424200PE.NFO,2024-07-11,12:00:00,2024-07-23,199.9,199.9,199.9,199.9,0,0,1
FINNIFTY23JUL2424200PE.NFO,2024-07-11,12:01:00,2024-07-23,199.9,199.9,199.9,199.9,0,0,1
FINNIFTY23JUL2424200PE.NFO,2024-07-11,12:02:00,2024-07-23,199.9,199.9,199.9,199.9,0,0,1
FINNIFTY23JUL2424200PE.NFO,2024-07-11,12:03:00,2024-07-23,199.9,199.9,199.9,199.9,0,0,1
FINNIFTY23JUL2424200PE.NFO,2024-07-11,12:04:00,2024-07-23,199.9,199.9,199.9,199.9,0,0,1
FINNIFTY23JUL2424200PE.NFO,2024-07-11,12:05:00,2024-07-23,199.9,199.9,199.9,199.9,0,0,1
FINNIFTY23JUL2424200PE.NFO,2024-07-11,12:06:00,2024-07-23,199.9,199.9,199.9,199.9,0,0,1
FINNIFTY23JUL2424200PE.NFO,2024-07-11,12:07:00,2024-07-23,199.9,199.9,199.9,199.9,0,0,1
FINNIFTY23JUL2424200PE.NFO,2024-07-11,12:08:00,2024-07-23,199.9,199.9,199.9,199.9,0,0,1
FINNIFTY23JUL2424200PE.NFO,2024-07-11,12:09:00,2024-07-23,199.9,199.9,199.9,199.9,0,0,1
FINNIFTY23JUL2424200PE.NFO,2024-07-11,12:10:00,2024-07-23,199.9,199.9,199.9,199.9,0,0,1
FINNIFTY23JUL2424200PE.NFO,2024-07-11,12:11:00,2024-07-23,199.9,199.9,199.9,199.9,0,0,1
FINNIFTY23JUL2424200PE.NFO,2024-07-11,12:12:00,2024-07-23,199.9,199.9,199.9,199.9,0,0,1
FINNIFTY23JUL2424200PE.NFO,2024-07-11,12:13:00,2024-07-23,199.9,199.9,199.9,199.9,0,0,1
FINNIFTY23JUL2424200PE.NFO,2024-07-11,12:14:00,2024-07-23,199.9,199.9,199.9,199.9,0,0,1
FINNIFTY23JUL2424200PE.NFO,2024-07-11,12:15:00,2024-07-23,199.9,199.9,199.9,199.9,0,0,1
FINNIFTY23JUL2424200PE.NFO,2024-07-11,12:16:00,2024-07-23,199.9,199.9,199.9,199.9,0,0,1
FINNIFTY23JUL2424200PE.NFO,2024-07-11,12:17:00,2024-07-23,199.9,199.9,199.9,199.9,0,0,1
FINNIFTY23JUL2424200PE.NFO,2024-07-11,12:18:00,2024-07-23,199.9,199.9,199.9,199.9,0,0,1
FINNIFTY23JUL2424200PE.NFO,2024-07-11,12:19:00,2024-07-23,199.9,199.9,199.9,199.9,0,0,1
FINNIFTY23JUL2424200PE.NFO,2024-07-11,12:20:00,2024-07-23,199.9,199.9,199.9,199.9,0,0,1
FINNIFTY23JUL2424200PE.NFO,2024-07-11,12:21:00,2024-07-23,199.9,199.9,199.9,199.9,0,0,1
FINNIFTY23JUL2424200PE.NFO,2024-07-11,12:22:00,2024-07-23,199.9,199.9,199.9,199.9,0,0,1
FINNIFTY23JUL2424200PE.NFO,2024-07-11,12:23:00,2024-07-23,199.9,199.9,199.9,199.9,0,0,1
FINNIFTY23JUL2424200PE.NFO,2024-07-11,12:24:00,2024-07-23,199.9,199.9,199.9,199.9,0,0,1
FINNIFTY23JUL2424200PE.NFO,2024-07-11,12:25:00,2024-07-23,199.9,199.9,199.9,199.9,0,0,1
FINNIFTY23JUL2424200PE.NFO,2024-07-11,12:26:00,2024-07-23,199.9,199.9,199.9,199.9,0,0,1
FINNIFTY23JUL2424200PE.NFO,2024-07-11,12:27:00,2024-07-23,199.9,199.9,199.9,199.9,0,0,1
FINNIFTY23JUL2424200PE.NFO,2024-07-11,12:28:00,2024-07-23,199.9,199.9,199.9,199.9,0,0,1
FINNIFTY23JUL2424200PE.NFO,2024-07-11,12:29:00,2024-07-23,199.9,199.9,199.9,199.9,0,0,1
FINNIFTY23JUL2424200PE.NFO,2024-07-11,12:30:00,2024-07-23,199.9,199.9,199.9,199.9,0,0,1
FINNIFTY23JUL2424200PE.NFO,2024-07-11,12:31:00,2024-07-23,199.9,199.9,199.9,199.9,0,0,1
FINNIFTY23JUL2424200PE.NFO,2024-07-11,12:32:00,2024-07-23,199.9,199.9,199.9,199.9,0,0,1
FINNIFTY23JUL2424200PE.NFO,2024-07-11,12:33:00,2024-07-23,199.9,199.9,199.9,199.9,0,0,1
FINNIFTY23JUL2424200PE.NFO,2024-07-11,12:34:00,2024-07-23,199.9,199.9,199.9,199.9,0,0,1
FINNIFTY23JUL2424200PE.NFO,2024-07-11,12:35:00,2024-07-23,199.9,199.9,199.9,199.9,0,0,1
FINNIFTY23JUL2424200PE.NFO,2024-07-11,12:36:00,2024-07-23,199.9,199.9,199.9,199.9,0,0,1
FINNIFTY23JUL2424200PE.NFO,2024-07-11,12:37:00,2024-07-23,199.9,199.9,199.9,199.9,0,0,1
FINNIFTY23JUL2424200PE.NFO,2024-07-11,12:38:00,2024-07-23,199.9,199.9,199.9,199.9,0,0,1
FINNIFTY23JUL2424200PE.NFO,2024-07-11,12:39:00,2024-07-23,199.9,199.9,199.9,199.9,0,0,1
FINNIFTY23JUL2424200PE.NFO,2024-07-11,12:40:00,2024-07-23,199.9,199.9,199.9,199.9,0,0,1
FINNIFTY23JUL2424200PE.NFO,2024-07-11,12:41:00,2024-07-23,199.9,199.9,199.9,199.9,0,0,1
FINNIFTY23JUL2424200PE.NFO,2024-07-11,12:42:00,2024-07-23,199.9,199.9,199.9,199.9,0,0,1
FINNIFTY23JUL2424200PE.NFO,2024-07-11,12:43:00,2024-07-23,199.9,199.9,199.9,199.9,0,0,1
FINNIFTY23JUL2424200PE.NFO,2024-07-11,12:44:00,2024-07-23,199.9,199.9,199.9,199.9,0,0,1
FINNIFTY23JUL2424200PE.NFO,2024-07-11,12:45:00,2024-07-23,199.9,199.9,199.9,199.9,0,0,1
FINNIFTY23JUL2424200PE.NFO,2024-07-11,12:46:00,2024-07-23,199.9,199.9,199.9,199.9,0,0,1
FINNIFTY23JUL2424200PE.NFO,2024-07-11,12:47:00,2024-07-23,199.9,199.9,199.9,199.9,0,0,1
FINNIFTY23JUL2424200PE.NFO,2024-07-11,12:48:00,2024-07-23,199.9,199.9,199.9,199.9,0,0,1
FINNIFTY23JUL2424200PE.NFO,2024-07-11,12:49:00,2024-07-23,199.9,199.9,199.9,199.9,0,0,1
FINNIFTY23JUL2424200PE.NFO,2024-07-11,12:50:00,2024-07-23,199.9,199.9,199.9,199.9,0,0,1
FINNIFTY23JUL2424200PE.NFO,2024-07-11,12:51:00,2024-07-23,199.9,199.9,199.9,199.9,0,0,1
FINNIFTY23JUL2424200PE.NFO,2024-07-11,12:52:00,2024-07-23,199.9,199.9,199.9,199.9,0,0,1
FINNIFTY23JUL2424200PE.NFO,2024-07-11,12:53:00,2024-07-23,199.9,199.9,199.9,199.9,0,0,1
FINNIFTY23JUL2424200PE.NFO,2024-07-11,12:54:00,2024-07-23,199.9,199.9,199.9,199.9,0,0,1
FINNIFTY23JUL2424200PE.NFO,2024-07-11,12:55:00,2024-07-23,199.9,199.9,199.9,199.9,0,0,1
FINNIFTY23JUL2424200PE.NFO,2024-07-11,12:56:00,2024-07-23,199.9,199.9,199.9,199.9,0,0,1
FINNIFTY23JUL2424200PE.NFO,2024-07-11,12:57:00,2024-07-23,199.9,199.9,199.9,199.9,0,0,1
FINNIFTY23JUL2424200PE.NFO,2024-07-11,12:58:00,2024-07-23,199.9,199.9,199.9,199.9,0,0,1
FINNIFTY23JUL2424200PE.NFO,2024-07-11,12:59:00,2024-07-23,199.9,199.9,199.9,199.9,0,0,1
FINNIFTY23JUL2424200PE.NFO,2024-07-11,13:00:00,2024-07-23,199.9,199.9,199.9,199.9,0,0,1
FINNIFTY23JUL2424200PE.NFO,2024-07-11,13:01:00,2024-07-23,199.9,199.9,199.9,199.9,0,0,1
FINNIFTY23JUL2424200PE.NFO,2024-07-11,13:02:00,2024-07-23,199.9,199.9,199.9,199.9,0,0,1
FINNIFTY23JUL2424200PE.NFO,2024-07-11,13:03:00,2024-07-23,199.9,199.9,199.9,199.9,0,0,1
FINNIFTY23JUL2424200PE.NFO,2024-07-11,13:04:00,2024-07-23,199.9,199.9,199.9,199.9,0,0,1
FINNIFTY23JUL2424200PE.NFO,2024-07-11,13:05:00,2024-07-23,199.9,199.9,199.9,199.9,0,0,1
FINNIFTY23JUL2424200PE.NFO,2024-07-11,13:06:00,2024-07-23,199.9,199.9,199.9,199.9,0,0,1
FINNIFTY23JUL2424200PE.NFO,2024-07-11,13:07:00,2024-07-23,199.9,199.9,199.9,199.9,0,0,1
FINNIFTY23JUL2424200PE.NFO,2024-07-11,13:08:00,2024-07-23,199.9,199.9,199.9,199.9,0,0,1
FINNIFTY23JUL2424200PE.NFO,2024-07-11,13:09:00,2024-07-23,199.9,199.9,199.9,199.9,0,0,1
FINNIFTY23JUL2424200PE.NFO,2024-07-11,13:10:00,2024-07-23,199.9,199.9,199.9,199.9,0,0,1
FINNIFTY23JUL2424200PE.NFO,2024-07-11,13:11:00,2024-07-23,199.9,199.9,199.9,199.9,0,0,1
FINNIFTY23JUL2424200PE.NFO,2024-07-11,13:12:00,2024-07-23,199.9,199.9,199.9,199.9,0,0,1
FINNIFTY23JUL2424200PE.NFO,2024-07-11,13:13:00,2024-07-23,199.9,199.9,199.9,199.9,0,0,1
FINNIFTY23JUL2424200PE.NFO,2024-07-11,13:14:00,2024-07-23,199.9,199.9,199.9,199.9,0,0,1
FINNIFTY23JUL2424200PE.NFO,2024-07-11,13:15:00,2024-07-23,199.9,199.9,199.9,199.9,0,0,1
FINNIFTY23JUL2424200PE.NFO,2024-07-11,13:16:00,2024-07-23,199.9,199.9,199.9,199.9,0,0,1
FINNIFTY23JUL2424200PE.NFO,2024-07-11,13:17:00,2024-07-23,199.9,199.9,199.9,199.9,0,0,1
FINNIFTY23JUL2424200PE.NFO,2024-07-11,13:18:00,2024-07-23,199.9,199.9,199.9,199.9,0,0,1
FINNIFTY23JUL2424200PE.NFO,2024-07-11,13:19:00,2024-07-23,199.9,199.9,199.9,199.9,0,0,1
FINNIFTY23JUL2424200PE.NFO,2024-07-11,13:20:00,2024-07-23,199.9,199.9,199.9,199.9,0,0,1
FINNIFTY23JUL2424200PE.NFO,2024-07-11,13:21:00,2024-07-23,199.9,199.9,199.9,199.9,0,0,1
FINNIFTY23JUL2424200PE.NFO,2024-07-11,13:22:00,2024-07-23,199.9,199.9,199.9,199.9,0,0,1
FINNIFTY23JUL2424200PE.NFO,2024-07-11,13:23:00,2024-07-23,199.9,199.9,199.9,199.9,0,0,1
FINNIFTY23JUL2424200PE.NFO,2024-07-11,13:24:00,2024-07-23,199.9,199.9,199.9,199.9,0,0,1
FINNIFTY23JUL2424200PE.NFO,2024-07-11,13:25:00,2024-07-23,199.9,199.9,199.9,199.9,0,0,1
FINNIFTY23JUL2424200PE.NFO,2024-07-11,13:26:00,2024-07-23,199.9,199.9,199.9,199.9,0,0,1
FINNIFTY23JUL2424200PE.NFO,2024-07-11,13:27:00,2024-07-23,199.9,199.9,199.9,199.9,0,0,1
FINNIFTY23JUL2424200PE.NFO,2024-07-11,13:28:00,2024-07-23,199.9,199.9,199.9,199.9,0,0,1
FINNIFTY23JUL2424200PE.NFO,2024-07-11,13:29:00,2024-07-23,199.9,199.9,199.9,199.9,0,0,1
FINNIFTY23JUL2424200PE.NFO,2024-07-11,13:30:00,2024-07-23,199.9,199.9,199.9,199.9,0,0,1
FINNIFTY23JUL2424200PE.NFO,2024-07-11,13:31:00,2024-07-23,199.9,199.9,199.9,199.9,0,0,1
FINNIFTY23JUL2424200PE.NFO,2024-07-11,13:32:00,2024-07-23,199.9,199.9,199.9,199.9,0,0,1
FINNIFTY23JUL2424200PE.NFO,2024-07-11,13:33:00,2024-07-23,199.9,199.9,199.9,199.9,0,0,1
FINNIFTY23JUL2424200PE.NFO,2024-07-11,13:34:00,2024-07-23,199.9,199.9,199.9,199.9,0,0,1
FINNIFTY23JUL2424200PE.NFO,2024-07-11,13:35:00,2024-07-23,199.9,199.9,199.9,199.9,0,0,1
FINNIFTY23JUL2424200PE.NFO,2024-07-11,13:36:00,2024-07-23,199.9,199.9,199.9,199.9,0,0,1
FINNIFTY23JUL2424200PE.NFO,2024-07-11,13:37:00,2024-07-23,199.9,199.9,199.9,199.9,0,0,1
FINNIFTY23JUL2424200PE.NFO,2024-07-11,13:38:00,2024-07-23,199.9,199.9,199.9,199.9,0,0,1
FINNIFTY23JUL2424200PE.NFO,2024-07-11,13:39:00,2024-07-23,199.9,199.9,199.9,199.9,0,0,1
FINNIFTY23JUL2424200PE.NFO,2024-07-11,13:40:00,2024-07-23,199.9,199.9,199.9,199.9,0,0,1
FINNIFTY23JUL2424200PE.NFO,2024-07-11,13:41:00,2024-07-23,199.9,199.9,199.9,199.9,0,0,1
FINNIFTY23JUL2424200PE.NFO,2024-07-11,13:42:00,2024-07-23,199.9,199.9,199.9,199.9,0,0,1
FINNIFTY23JUL2424200PE.NFO,2024-07-11,13:43:00,2024-07-23,199.9,199.9,199.9,199.9,0,0,1
FINNIFTY23JUL2424200PE.NFO,2024-07-11,13:44:00,2024-07-23,199.9,199.9,199.9,199.9,0,0,1
FINNIFTY23JUL2424200PE.NFO,2024-07-11,13:45:00,2024-07-23,199.9,199.9,199.9,199.9,0,0,1
FINNIFTY23JUL2424200PE.NFO,2024-07-11,13:46:00,2024-07-23,199.9,199.9,199.9,199.9,0,0,1
FINNIFTY23JUL2424200PE.NFO,2024-07-11,13:47:00,2024-07-23,199.9,199.9,199.9,199.9,0,0,1
FINNIFTY23JUL2424200PE.NFO,2024-07-11,13:48:00,2024-07-23,199.9,199.9,199.9,199.9,0,0,1
FINNIFTY23JUL2424200PE.NFO,2024-07-11,13:49:00,2024-07-23,199.9,199.9,199.9,199.9,0,0,1
FINNIFTY23JUL2424200PE.NFO,2024-07-11,13:50:00,2024-07-23,199.9,199.9,199.9,199.9,0,0,1
FINNIFTY23JUL2424200PE.NFO,2024-07-11,13:51:00,2024-07-23,199.9,199.9,199.9,199.9,0,0,1
FINNIFTY23JUL2424200PE.NFO,2024-07-11,13:52:00,2024-07-23,199.9,199.9,199.9,199.9,0,0,1
FINNIFTY23JUL2424200PE.NFO,2024-07-11,13:53:00,2024-07-23,199.9,199.9,199.9,199.9,0,0,1
FINNIFTY23JUL2424200PE.NFO,2024-07-11,13:54:00,2024-07-23,199.9,199.9,199.9,199.9,0,0,1
FINNIFTY23JUL2424200PE.NFO,2024-07-11,13:55:00,2024-07-23,199.9,199.9,199.9,199.9,0,0,1
FINNIFTY23JUL2424200PE.NFO,2024-07-11,13:56:00,2024-07-23,199.9,199.9,199.9,199.9,0,0,1
FINNIFTY23JUL2424200PE.NFO,2024-07-11,13:57:00,2024-07-23,199.9,199.9,199.9,199.9,0,0,1
FINNIFTY23JUL2424200PE.NFO,2024-07-11,13:58:00,2024-07-23,199.9,199.9,199.9,199.9,0,0,1
FINNIFTY23JUL2424200PE.NFO,2024-07-11,13:59:00,2024-07-23,199.9,199.9,199.9,199.9,0,0,1
FINNIFTY23JUL2424200PE.NFO,2024-07-11,14:00:00,2024-07-23,199.9,199.9,199.9,199.9,0,0,1
FINNIFTY23JUL2424200PE.NFO,2024-07-11,14:01:00,2024-07-23,199.9,199.9,199.9,199.9,0,0,1
FINNIFTY23JUL2424200PE.NFO,2024-07-11,14:02:00,2024-07-23,199.9,199.9,199.9,199.9,0,0,1
FINNIFTY23JUL2424200PE.NFO,2024-07-11,14:03:00,2024-07-23,199.9,199.9,199.9,199.9,0,0,1
FINNIFTY23JUL2424200PE.NFO,2024-07-11,14:04:00,2024-07-23,199.9,199.9,199.9,199.9,0,0,1
FINNIFTY23JUL2424200PE.NFO,2024-07-11,14:05:00,2024-07-23,199.9,199.9,199.9,199.9,0,0,1
FINNIFTY23JUL2424200PE.NFO,2024-07-11,14:06:00,2024-07-23,199.9,199.9,199.9,199.9,0,0,1
FINNIFTY23JUL2424200PE.NFO,2024-07-11,14:07:00,2024-07-23,199.9,199.9,199.9,199.9,0,0,1
FINNIFTY23JUL2424200PE.NFO,2024-07-11,14:08:00,2024-07-23,199.9,199.9,199.9,199.9,0,0,1
FINNIFTY23JUL2424200PE.NFO,2024-07-11,14:09:00,2024-07-23,199.9,199.9,199.9,199.9,0,0,1
FINNIFTY23JUL2424200PE.NFO,2024-07-11,14:10:00,2024-07-23,199.9,199.9,199.9,199.9,0,0,1
FINNIFTY23JUL2424200PE.NFO,2024-07-11,14:11:00,2024-07-23,199.9,199.9,199.9,199.9,0,0,1
FINNIFTY23JUL2424200PE.NFO,2024-07-11,14:12:00,2024-07-23,199.9,199.9,199.9,199.9,0,0,1
FINNIFTY23JUL2424200PE.NFO,2024-07-11,14:13:00,2024-07-23,199.9,199.9,199.9,199.9,0,0,1
FINNIFTY23JUL2424200PE.NFO,2024-07-11,14:14:00,2024-07-23,199.9,199.9,199.9,199.9,0,0,1
FINNIFTY23JUL2424200PE.NFO,2024-07-11,14:15:00,2024-07-23,199.9,199.9,199.9,199.9,0,0,1
FINNIFTY23JUL2424200PE.NFO,2024-07-11,14:16:00,2024-07-23,199.9,199.9,199.9,199.9,0,0,1
FINNIFTY23JUL2424200PE.NFO,2024-07-11,14:17:00,2024-07-23,199.9,199.9,199.9,199.9,0,0,1
FINNIFTY23JUL2424200PE.NFO,2024-07-11,14:18:00,2024-07-23,199.9,199.9,199.9,199.9,0,0,1
FINNIFTY23JUL2424200PE.NFO,2024-07-11,14:19:00,2024-07-23,199.9,199.9,199.9,199.9,0,0,1
FINNIFTY23JUL2424200PE.NFO,2024-07-11,14:20:00,2024-07-23,199.9,199.9,199.9,199.9,0,0,1
FINNIFTY23JUL2424200PE.NFO,2024-07-11,14:21:00,2024-07-23,199.9,199.9,199.9,199.9,0,0,1
FINNIFTY23JUL2424200PE.NFO,2024-07-11,14:22:00,2024-07-23,199.9,199.9,199.9,199.9,0,0,1
FINNIFTY23JUL2424200PE.NFO,2024-07-11,14:23:00,2024-07-23,199.9,199.9,199.9,199.9,0,0,1
FINNIFTY23JUL2424200PE.NFO,2024-07-11,14:24:00,2024-07-23,199.9,199.9,199.9,199.9,0,0,1
FINNIFTY23JUL2424200PE.NFO,2024-07-11,14:25:00,2024-07-23,199.9,199.9,199.9,199.9,0,0,1
FINNIFTY23JUL2424200PE.NFO,2024-07-11,14:26:00,2024-07-23,199.9,199.9,199.9,199.9,0,0,1
FINNIFTY23JUL2424200PE.NFO,2024-07-11,14:27:00,2024-07-23,199.9,199.9,199.9,199.9,0,0,1
FINNIFTY23JUL2424200PE.NFO,2024-07-11,14:28:00,2024-07-23,199.9,199.9,199.9,199.9,0,0,1
FINNIFTY23JUL2424200PE.NFO,2024-07-11,14:29:00,2024-07-23,199.9,199.9,199.9,199.9,0,0,1
FINNIFTY23JUL2424200PE.NFO,2024-07-11,14:30:00,2024-07-23,199.9,199.9,199.9,199.9,0,0,1
FINNIFTY23JUL2424200PE.NFO,2024-07-11,14:31:00,2024-07-23,199.9,199.9,199.9,199.9,0,0,1
FINNIFTY23JUL2424200PE.NFO,2024-07-11,14:32:00,2024-07-23,199.9,199.9,199.9,199.9,0,0,1
FINNIFTY23JUL2424200PE.NFO,2024-07-11,14:33:00,2024-07-23,199.9,199.9,199.9,199.9,0,0,1
FINNIFTY23JUL2424200PE.NFO,2024-07-11,14:34:00,2024-07-23,199.9,199.9,199.9,199.9,0,0,1
FINNIFTY23JUL2424200PE.NFO,2024-07-11,14:35:00,2024-07-23,199.9,199.9,199.9,199.9,0,0,1
FINNIFTY23JUL2424200PE.NFO,2024-07-11,14:36:00,2024-07-23,199.9,199.9,199.9,199.9,0,0,1
FINNIFTY23JUL2424200PE.NFO,2024-07-11,14:37:00,2024-07-23,199.9,199.9,199.9,199.9,0,0,1
FINNIFTY23JUL2424200PE.NFO,2024-07-11,14:38:00,2024-07-23,199.9,199.9,199.9,199.9,0,0,1
FINNIFTY23JUL2424200PE.NFO,2024-07-11,14:39:00,2024-07-23,199.9,199.9,199.9,199.9,0,0,1
FINNIFTY23JUL2424200PE.NFO,2024-07-11,14:40:00,2024-07-23,199.9,199.9,199.9,199.9,0,0,1
FINNIFTY23JUL2424200PE.NFO,2024-07-11,14:41:00,2024-07-23,199.9,199.9,199.9,199.9,0,0,1
FINNIFTY23JUL2424200PE.NFO,2024-07-11,14:42:00,2024-07-23,199.9,199.9,199.9,199.9,0,0,1
FINNIFTY23JUL2424200PE.NFO,2024-07-11,14:43:00,2024-07-23,199.9,199.9,199.9,199.9,0,0,1
FINNIFTY23JUL2424200PE.NFO,2024-07-11,14:44:00,2024-07-23,199.9,199.9,199.9,199.9,0,0,1
FINNIFTY23JUL2424200PE.NFO,2024-07-11,14:45:00,2024-07-23,199.9,199.9,199.9,199.9,0,0,1
FINNIFTY23JUL2424200PE.NFO,2024-07-11,14:46:00,2024-07-23,199.9,199.9,199.9,199.9,0,0,1
FINNIFTY23JUL2424200PE.NFO,2024-07-11,14:47:00,2024-07-23,199.9,199.9,199.9,199.9,0,0,1
FINNIFTY23JUL2424200PE.NFO,2024-07-11,14:48:00,2024-07-23,199.9,199.9,199.9,199.9,0,0,1
FINNIFTY23JUL2424200PE.NFO,2024-07-11,14:49:00,2024-07-23,199.9,199.9,199.9,199.9,0,0,1
FINNIFTY23JUL2424200PE.NFO,2024-07-11,14:50:00,2024-07-23,199.9,199.9,199.9,199.9,0,0,1
FINNIFTY23JUL2424200PE.NFO,2024-07-11,14:51:00,2024-07-23,199.9,199.9,199.9,199.9,0,0,1
FINNIFTY23JUL2424200PE.NFO,2024-07-11,14:52:00,2024-07-23,199.9,199.9,199.9,199.9,0,0,1
FINNIFTY23JUL2424200PE.NFO,2024-07-11,14:53:00,2024-07-23,199.9,199.9,199.9,199.9,0,0,1
FINNIFTY23JUL2424200PE.NFO,2024-07-11,14:54:00,2024-07-23,199.9,199.9,199.9,199.9,0,0,1
FINNIFTY23JUL2424200PE.NFO,2024-07-11,14:55:00,2024-07-23,199.9,199.9,199.9,199.9,0,0,1
FINNIFTY23JUL2424200PE.NFO,2024-07-11,14:56:00,2024-07-23,199.9,199.9,199.9,199.9,0,0,1
FINNIFTY23JUL2424200PE.NFO,2024-07-11,14:57:00,2024-07-23,199.9,199.9,199.9,199.9,0,0,1
FINNIFTY23JUL2424200PE.NFO,2024-07-11,14:58:00,2024-07-23,199.9,199.9,199.9,199.9,0,0,1
FINNIFTY23JUL2424200PE.NFO,2024-07-11,14:59:00,2024-07-23,199.9,199.9,199.9,199.9,0,0,1
FINNIFTY23JUL2424200PE.NFO,2024-07-11,15:00:00,2024-07-23,199.9,199.9,199.9,199.9,0,0,1
FINNIFTY23JUL2424200PE.NFO,2024-07-11,15:01:00,2024-07-23,199.9,199.9,199.9,199.9,0,0,1
FINNIFTY23JUL2424200PE.NFO,2024-07-11,15:02:00,2024-07-23,199.9,199.9,199.9,199.9,0,0,1
FINNIFTY23JUL2424200PE.NFO,2024-07-11,15:03:00,2024-07-23,199.9,199.9,199.9,199.9,0,0,1
FINNIFTY23JUL2424200PE.NFO,2024-07-11,15:04:00,2024-07-23,199.9,199.9,199.9,199.9,0,0,1
FINNIFTY23JUL2424200PE.NFO,2024-07-11,15:05:00,2024-07-23,199.9,199.9,199.9,199.9,0,0,1
FINNIFTY23JUL2424200PE.NFO,2024-07-11,15:06:00,2024-07-23,199.9,199.9,199.9,199.9,0,0,1
FINNIFTY23JUL2424200PE.NFO,2024-07-11,15:07:00,2024-07-23,199.9,199.9,199.9,199.9,0,0,1
FINNIFTY23JUL2424200PE.NFO,2024-07-11,15:08:00,2024-07-23,199.9,199.9,199.9,199.9,0,0,1
FINNIFTY23JUL2424200PE.NFO,2024-07-11,15:09:00,2024-07-23,199.9,199.9,199.9,199.9,0,0,1
FINNIFTY23JUL2424200PE.NFO,2024-07-11,15:10:00,2024-07-23,199.9,199.9,199.9,199.9,0,0,1
FINNIFTY23JUL2424200PE.NFO,2024-07-11,15:11:00,2024-07-23,199.9,199.9,199.9,199.9,0,0,1
FINNIFTY23JUL2424200PE.NFO,2024-07-11,15:12:00,2024-07-23,199.9,199.9,199.9,199.9,0,0,1
FINNIFTY23JUL2424200PE.NFO,2024-07-11,15:13:00,2024-07-23,199.9,199.9,199.9,199.9,0,0,1
FINNIFTY23JUL2424200PE.NFO,2024-07-11,15:14:00,2024-07-23,199.9,199.9,199.9,199.9,0,0,1
FINNIFTY23JUL2424200PE.NFO,2024-07-11,15:15:00,2024-07-23,199.9,199.9,199.9,199.9,0,0,1
FINNIFTY23JUL2424200PE.NFO,2024-07-11,15:16:00,2024-07-23,199.9,199.9,199.9,199.9,0,0,1
FINNIFTY23JUL2424200PE.NFO,2024-07-11,15:17:00,2024-07-23,199.9,199.9,199.9,199.9,0,0,1
FINNIFTY23JUL2424200PE.NFO,2024-07-11,15:18:00,2024-07-23,199.9,199.9,199.9,199.9,0,0,1
FINNIFTY23JUL2424200PE.NFO,2024-07-11,15:19:00,2024-07-23,199.9,199.9,199.9,199.9,0,0,1
FINNIFTY23JUL2424200PE.NFO,2024-07-11,15:20:00,2024-07-23,199.9,199.9,199.9,199.9,0,0,1
FINNIFTY23JUL2424200PE.NFO,2024-07-11,15:21:00,2024-07-23,199.9,199.9,199.9,199.9,0,0,1
FINNIFTY23JUL2424200PE.NFO,2024-07-11,15:22:00,2024-07-23,199.9,199.9,199.9,199.9,0,0,1
FINNIFTY23JUL2424200PE.NFO,2024-07-11,15:23:00,2024-07-23,199.9,199.9,199.9,199.9,0,0,1
FINNIFTY23JUL2424200PE.NFO,2024-07-11,15:24:00,2024-07-23,199.9,199.9,199.9,199.9,0,0,1
FINNIFTY23JUL2424200PE.NFO,2024-07-11,15:25:00,2024-07-23,199.9,199.9,199.9,199.9,0,0,1
FINNIFTY23JUL2424200PE.NFO,2024-07-11,15:26:00,2024-07-23,199.9,199.9,199.9,199.9,0,0,1
FINNIFTY23JUL2424200PE.NFO,2024-07-11,15:27:00,2024-07-23,199.9,199.9,199.9,199.9,0,0,1
FINNIFTY23JUL2424200PE.NFO,2024-07-11,15:28:00,2024-07-23,199.9,199.9,199.9,199.9,0,0,1
FINNIFTY23JUL2424200PE.NFO,2024-07-11,15:29:00,2024-07-23,199.9,199.9,199.9,199.9,0,0,1
FINNIFTY23JUL2424200PE.NFO,2024-07-11,15:30:00,2024-07-23,199.9,199.9,199.9,199.9,0,0,1
FINNIFTY23JUL2424200PE.NFO,2024-07-18,09:15:00,2024-07-23,533.15,533.15,533.15,533.15,0,0,1
FINNIFTY23JUL2424200PE.NFO,2024-07-18,09:16:00,2024-07-23,533.15,533.15,533.15,533.15,0,0,1
FINNIFTY23JUL2424200PE.NFO,2024-07-18,09:17:00,2024-07-23,533.15,533.15,533.15,533.15,0,0,1
FINNIFTY23JUL2424200PE.NFO,2024-07-18,09:18:00,2024-07-23,533.15,533.15,533.15,533.15,0,0,1
FINNIFTY23JUL2424200PE.NFO,2024-07-18,09:19:00,2024-07-23,533.15,533.15,533.15,533.15,0,0,1
FINNIFTY23JUL2424200PE.NFO,2024-07-18,09:20:00,2024-07-23,533.15,533.15,533.15,533.15,0,0,1
FINNIFTY23JUL2424200PE.NFO,2024-07-18,09:21:00,2024-07-23,533.15,533.15,533.15,533.15,0,0,1
FINNIFTY23JUL2424200PE.NFO,2024-07-18,09:22:00,2024-07-23,533.15,533.15,533.15,533.15,0,0,1
FINNIFTY23JUL2424200PE.NFO,2024-07-18,09:23:00,2024-07-23,533.15,533.15,533.15,533.15,0,0,1
FINNIFTY23JUL2424200PE.NFO,2024-07-18,09:24:00,2024-07-23,533.15,533.15,533.15,533.15,0,0,1
FINNIFTY23JUL2424200PE.NFO,2024-07-18,09:25:00,2024-07-23,533.15,533.15,533.15,533.15,0,0,1
FINNIFTY23JUL2424200PE.NFO,2024-07-18,09:26:00,2024-07-23,533.15,533.15,533.15,533.15,0,0,1
FINNIFTY23JUL2424200PE.NFO,2024-07-18,09:27:00,2024-07-23,533.15,533.15,533.15,533.15,0,0,1
FINNIFTY23JUL2424200PE.NFO,2024-07-18,09:28:00,2024-07-23,533.15,533.15,533.15,533.15,0,0,1
FINNIFTY23JUL2424200PE.NFO,2024-07-18,09:29:00,2024-07-23,533.15,533.15,533.15,533.15,0,0,1
FINNIFTY23JUL2424200PE.NFO,2024-07-18,09:30:00,2024-07-23,533.15,533.15,533.15,533.15,0,0,1
FINNIFTY23JUL2424200PE.NFO,2024-07-18,09:31:00,2024-07-23,533.15,533.15,533.15,533.15,0,0,1
FINNIFTY23JUL2424200PE.NFO,2024-07-18,09:32:00,2024-07-23,533.15,533.15,533.15,533.15,0,0,1
FINNIFTY23JUL2424200PE.NFO,2024-07-18,09:33:00,2024-07-23,533.15,533.15,533.15,533.15,0,0,1
FINNIFTY23JUL2424200PE.NFO,2024-07-18,09:34:00,2024-07-23,533.15,533.15,533.15,533.15,0,0,1
FINNIFTY23JUL2424200PE.NFO,2024-07-18,09:35:00,2024-07-23,533.15,533.15,533.15,533.15,0,0,1
FINNIFTY23JUL2424200PE.NFO,2024-07-18,09:36:00,2024-07-23,533.15,533.15,533.15,533.15,0,0,1
FINNIFTY23JUL2424200PE.NFO,2024-07-18,09:37:00,2024-07-23,533.15,533.15,533.15,533.15,0,0,1
FINNIFTY23JUL2424200PE.NFO,2024-07-18,09:38:00,2024-07-23,533.15,533.15,533.15,533.15,0,0,1
FINNIFTY23JUL2424200PE.NFO,2024-07-18,09:39:00,2024-07-23,533.15,533.15,533.15,533.15,0,0,1
FINNIFTY23JUL2424200PE.NFO,2024-07-18,09:40:00,2024-07-23,533.15,533.15,533.15,533.15,0,0,1
FINNIFTY23JUL2424200PE.NFO,2024-07-18,09:41:00,2024-07-23,533.15,533.15,533.15,533.15,0,0,1
FINNIFTY23JUL2424200PE.NFO,2024-07-18,09:42:00,2024-07-23,533.15,533.15,533.15,533.15,0,0,1
FINNIFTY23JUL2424200PE.NFO,2024-07-18,09:43:00,2024-07-23,533.15,533.15,533.15,533.15,0,0,1
FINNIFTY23JUL2424200PE.NFO,2024-07-18,09:44:00,2024-07-23,533.15,533.15,533.15,533.15,0,0,1
FINNIFTY23JUL2424200PE.NFO,2024-07-18,09:45:00,2024-07-23,533.15,533.15,533.15,533.15,0,0,1
FINNIFTY23JUL2424200PE.NFO,2024-07-18,09:46:00,2024-07-23,533.15,533.15,533.15,533.15,0,0,1
FINNIFTY23JUL2424200PE.NFO,2024-07-18,09:47:00,2024-07-23,533.15,533.15,533.15,533.15,0,0,1
FINNIFTY23JUL2424200PE.NFO,2024-07-18,09:48:00,2024-07-23,533.15,533.15,533.15,533.15,0,0,1
FINNIFTY23JUL2424200PE.NFO,2024-07-18,09:49:00,2024-07-23,533.15,533.15,533.15,533.15,0,0,1
FINNIFTY23JUL2424200PE.NFO,2024-07-18,09:50:00,2024-07-23,533.15,533.15,533.15,533.15,0,0,1
FINNIFTY23JUL2424200PE.NFO,2024-07-18,09:51:00,2024-07-23,533.15,533.15,533.15,533.15,0,0,0
FINNIFTY23JUL2424200PE.NFO,2024-07-18,09:52:00,2024-07-23,533.15,533.15,533.15,533.15,0,0,0
FINNIFTY23JUL2424200PE.NFO,2024-07-18,09:53:00,2024-07-23,533.15,533.15,533.15,533.15,0,0,0
FINNIFTY23JUL2424200PE.NFO,2024-07-18,09:54:00,2024-07-23,533.15,533.15,533.15,533.15,0,0,0
FINNIFTY23JUL2424200PE.NFO,2024-07-18,09:55:00,2024-07-23,533.15,533.15,533.15,533.15,0,0,0
FINNIFTY23JUL2424200PE.NFO,2024-07-18,09:56:00,2024-07-23,533.15,533.15,533.15,533.15,0,0,0
FINNIFTY23JUL2424200PE.NFO,2024-07-18,09:57:00,2024-07-23,533.15,533.15,533.15,533.15,0,0,0
FINNIFTY23JUL2424200PE.NFO,2024-07-18,09:58:00,2024-07-23,533.15,533.15,533.15,533.15,0,0,0
FINNIFTY23JUL2424200PE.NFO,2024-07-18,09:59:00,2024-07-23,533.15,533.15,533.15,533.15,0,0,0
FINNIFTY23JUL2424200PE.NFO,2024-07-18,10:00:00,2024-07-23,533.15,533.15,533.15,533.15,0,0,0
FINNIFTY23JUL2424200PE.NFO,2024-07-18,10:01:00,2024-07-23,533.15,533.15,533.15,533.15,0,0,0
FINNIFTY23JUL2424200PE.NFO,2024-07-18,10:02:00,2024-07-23,533.15,533.15,533.15,533.15,0,0,0
FINNIFTY23JUL2424200PE.NFO,2024-07-18,10:03:00,2024-07-23,533.15,533.15,533.15,533.15,0,0,0
FINNIFTY23JUL2424200PE.NFO,2024-07-18,10:04:00,2024-07-23,533.15,533.15,533.15,533.15,0,0,0
FINNIFTY23JUL2424200PE.NFO,2024-07-18,10:05:00,2024-07-23,533.15,533.15,515.2,515.2,200,40,0
FINNIFTY23JUL2424200PE.NFO,2024-07-18,10:06:00,2024-07-23,515.2,515.2,515.2,515.2,0,40,0
FINNIFTY23JUL2424200PE.NFO,2024-07-18,10:07:00,2024-07-23,515.2,515.2,515.2,515.2,0,40,0
FINNIFTY23JUL2424200PE.NFO,2024-07-18,10:08:00,2024-07-23,515.2,515.2,515.2,515.2,0,40,0
FINNIFTY23JUL2424200PE.NFO,2024-07-18,10:09:00,2024-07-23,515.2,515.2,515.2,515.2,0,40,0
FINNIFTY23JUL2424200PE.NFO,2024-07-18,10:10:00,2024-07-23,515.2,515.2,515.2,515.2,0,40,0
FINNIFTY23JUL2424200PE.NFO,2024-07-18,10:11:00,2024-07-23,515.2,515.2,515.2,515.2,0,40,0
FINNIFTY23JUL2424200PE.NFO,2024-07-18,10:12:00,2024-07-23,515.2,515.2,515.2,515.2,0,40,0
FINNIFTY23JUL2424200PE.NFO,2024-07-18,10:13:00,2024-07-23,515.2,515.2,515.2,515.2,0,40,0
FINNIFTY23JUL2424200PE.NFO,2024-07-18,10:14:00,2024-07-23,515.2,515.2,515.2,515.2,0,40,0
FINNIFTY23JUL2424200PE.NFO,2024-07-18,10:15:00,2024-07-23,515.2,518.7,515.2,518.7,200,240,0
FINNIFTY23JUL2424200PE.NFO,2024-07-18,10:16:00,2024-07-23,518.7,518.7,518.7,518.7,0,240,0
FINNIFTY23JUL2424200PE.NFO,2024-07-18,10:17:00,2024-07-23,518.7,518.7,518.7,518.7,0,240,0
FINNIFTY23JUL2424200PE.NFO,2024-07-18,10:18:00,2024-07-23,518.7,518.7,518.7,518.7,0,240,0
FINNIFTY23JUL2424200PE.NFO,2024-07-18,10:19:00,2024-07-23,518.7,518.7,518.7,518.7,0,240,0
FINNIFTY23JUL2424200PE.NFO,2024-07-18,10:20:00,2024-07-23,518.7,518.7,518.7,518.7,0,240,0
FINNIFTY23JUL2424200PE.NFO,2024-07-18,10:21:00,2024-07-23,518.7,518.7,518.7,518.7,0,240,0
FINNIFTY23JUL2424200PE.NFO,2024-07-18,10:22:00,2024-07-23,518.7,518.7,518.7,518.7,0,240,0
FINNIFTY23JUL2424200PE.NFO,2024-07-18,10:23:00,2024-07-23,518.7,518.7,518.7,518.7,0,240,0
FINNIFTY23JUL2424200PE.NFO,2024-07-18,10:24:00,2024-07-23,518.7,518.7,518.7,518.7,0,240,0
FINNIFTY23JUL2424200PE.NFO,2024-07-18,10:25:00,2024-07-23,518.7,518.7,518.7,518.7,0,240,0
FINNIFTY23JUL2424200PE.NFO,2024-07-18,10:26:00,2024-07-23,518.7,518.7,518.7,518.7,0,240,0
FINNIFTY23JUL2424200PE.NFO,2024-07-18,10:27:00,2024-07-23,518.7,518.7,518.7,518.7,0,240,0
FINNIFTY23JUL2424200PE.NFO,2024-07-18,10:28:00,2024-07-23,518.7,518.7,518.7,518.7,0,240,0
FINNIFTY23JUL2424200PE.NFO,2024-07-18,10:29:00,2024-07-23,518.7,518.7,518.7,518.7,0,240,0
FINNIFTY23JUL2424200PE.NFO,2024-07-18,10:30:00,2024-07-23,518.7,518.7,518.7,518.7,0,240,0
FINNIFTY23JUL2424200PE.NFO,2024-07-18,10:31:00,2024-07-23,518.7,518.7,518.7,518.7,0,240,0
FINNIFTY23JUL2424200PE.NFO,2024-07-18,10:32:00,2024-07-23,518.7,521.95,518.7,521.95,200,240,0
FINNIFTY23JUL2424200PE.NFO,2024-07-18,10:33:00,2024-07-23,521.95,521.95,521.95,521.95,0,240,0
FINNIFTY23JUL2424200PE.NFO,2024-07-18,10:34:00,2024-07-23,521.95,521.95,521.95,521.95,0,240,0
FINNIFTY23JUL2424200PE.NFO,2024-07-18,10:35:00,2024-07-23,521.95,521.95,521.95,521.95,0,240,0
FINNIFTY23JUL2424200PE.NFO,2024-07-18,10:36:00,2024-07-23,521.95,521.95,521.95,521.95,0,240,0
FINNIFTY23JUL2424200PE.NFO,2024-07-18,10:37:00,2024-07-23,521.95,521.95,521.95,521.95,0,240,0
FINNIFTY23JUL2424200PE.NFO,2024-07-18,10:38:00,2024-07-23,521.95,521.95,521.95,521.95,0,240,0
FINNIFTY23JUL2424200PE.NFO,2024-07-18,10:39:00,2024-07-23,521.95,521.95,521.95,521.95,0,240,0
FINNIFTY23JUL2424200PE.NFO,2024-07-18,10:40:00,2024-07-23,521.95,521.95,521.95,521.95,0,240,0
FINNIFTY23JUL2424200PE.NFO,2024-07-18,10:41:00,2024-07-23,521.95,521.95,521.95,521.95,0,240,0
FINNIFTY23JUL2424200PE.NFO,2024-07-18,10:42:00,2024-07-23,521.95,521.95,521.95,521.95,0,240,0
FINNIFTY23JUL2424200PE.NFO,2024-07-18,10:43:00,2024-07-23,521.95,521.95,521.95,521.95,0,240,0
FINNIFTY23JUL2424200PE.NFO,2024-07-18,10:44:00,2024-07-23,521.95,521.95,521.95,521.95,0,240,0
FINNIFTY23JUL2424200PE.NFO,2024-07-18,10:45:00,2024-07-23,521.95,521.95,521.95,521.95,0,240,0
FINNIFTY23JUL2424200PE.NFO,2024-07-18,10:46:00,2024-07-23,521.95,521.95,521.95,521.95,0,240,0
FINNIFTY23JUL2424200PE.NFO,2024-07-18,10:47:00,2024-07-23,521.95,521.95,521.95,521.95,0,240,0
FINNIFTY23JUL2424200PE.NFO,2024-07-18,10:48:00,2024-07-23,521.95,521.95,521.95,521.95,0,240,0
FINNIFTY23JUL2424200PE.NFO,2024-07-18,10:49:00,2024-07-23,521.95,521.95,521.95,521.95,0,240,0
FINNIFTY23JUL2424200PE.NFO,2024-07-18,10:50:00,2024-07-23,521.95,521.95,521.95,521.95,0,240,0
FINNIFTY23JUL2424200PE.NFO,2024-07-18,10:51:00,2024-07-23,521.95,521.95,521.95,521.95,0,240,0
FINNIFTY23JUL2424200PE.NFO,2024-07-18,10:52:00,2024-07-23,521.95,574.45,521.95,574.45,200,200,0
FINNIFTY23JUL2424200PE.NFO,2024-07-18,10:53:00,2024-07-23,574.45,574.45,574.45,574.45,0,200,0
FINNIFTY23JUL2424200PE.NFO,2024-07-18,10:54:00,2024-07-23,574.45,580.0,574.45,580.0,40,200,0
FINNIFTY23JUL2424200PE.NFO,2024-07-18,10:55:00,2024-07-23,580.0,580.0,580.0,580.0,0,200,0
FINNIFTY23JUL2424200PE.NFO,2024-07-18,10:56:00,2024-07-23,580.0,580.0,580.0,580.0,0,200,0
FINNIFTY23JUL2424200PE.NFO,2024-07-18,10:57:00,2024-07-23,580.0,580.0,580.0,580.0,0,200,0
FINNIFTY23JUL2424200PE.NFO,2024-07-18,10:58:00,2024-07-23,580.0,580.0,580.0,580.0,0,200,0
FINNIFTY23JUL2424200PE.NFO,2024-07-18,10:59:00,2024-07-23,580.0,580.0,580.0,580.0,0,200,0
FINNIFTY23JUL2424200PE.NFO,2024-07-18,11:00:00,2024-07-23,580.0,608.35,580.0,600.65,80,240,0
FINNIFTY23JUL2424200PE.NFO,2024-07-18,11:01:00,2024-07-23,600.65,600.65,600.65,600.65,0,240,0
FINNIFTY23JUL2424200PE.NFO,2024-07-18,11:02:00,2024-07-23,600.65,600.65,600.65,600.65,0,240,0
FINNIFTY23JUL2424200PE.NFO,2024-07-18,11:03:00,2024-07-23,600.65,600.65,600.65,600.65,0,240,0
FINNIFTY23JUL2424200PE.NFO,2024-07-18,11:04:00,2024-07-23,600.65,600.65,600.65,600.65,0,240,0
FINNIFTY23JUL2424200PE.NFO,2024-07-18,11:05:00,2024-07-23,600.65,600.65,600.65,600.65,0,240,0
FINNIFTY23JUL2424200PE.NFO,2024-07-18,11:06:00,2024-07-23,600.65,600.65,600.65,600.65,0,240,0
FINNIFTY23JUL2424200PE.NFO,2024-07-18,11:07:00,2024-07-23,600.65,600.65,600.65,600.65,0,240,0
FINNIFTY23JUL2424200PE.NFO,2024-07-18,11:08:00,2024-07-23,600.65,600.65,600.65,600.65,0,240,0
FINNIFTY23JUL2424200PE.NFO,2024-07-18,11:09:00,2024-07-23,600.65,600.65,600.65,600.65,0,240,0
FINNIFTY23JUL2424200PE.NFO,2024-07-18,11:10:00,2024-07-23,600.65,600.65,600.65,600.65,0,240,0
FINNIFTY23JUL2424200PE.NFO,2024-07-18,11:11:00,2024-07-23,600.65,600.65,600.65,600.65,0,240,0
FINNIFTY23JUL2424200PE.NFO,2024-07-18,11:12:00,2024-07-23,600.65,600.65,600.65,600.65,0,240,0
FINNIFTY23JUL2424200PE.NFO,2024-07-18,11:13:00,2024-07-23,600.65,600.65,600.65,600.65,0,240,0
FINNIFTY23JUL2424200PE.NFO,2024-07-18,11:14:00,2024-07-23,600.65,600.65,600.65,600.65,0,240,0
FINNIFTY23JUL2424200PE.NFO,2024-07-18,11:15:00,2024-07-23,600.65,600.65,600.65,600.65,0,240,0
FINNIFTY23JUL2424200PE.NFO,2024-07-18,11:16:00,2024-07-23,600.65,600.65,600.65,600.65,0,240,0
FINNIFTY23JUL2424200PE.NFO,2024-07-18,11:17:00,2024-07-23,600.65,600.65,600.65,600.65,0,240,0
FINNIFTY23JUL2424200PE.NFO,2024-07-18,11:18:00,2024-07-23,600.65,600.65,600.65,600.65,0,240,0
FINNIFTY23JUL2424200PE.NFO,2024-07-18,11:19:00,2024-07-23,600.65,600.65,600.65,600.65,0,240,0
FINNIFTY23JUL2424200PE.NFO,2024-07-18,11:20:00,2024-07-23,600.65,600.65,600.65,600.65,0,240,0
FINNIFTY23JUL2424200PE.NFO,2024-07-18,11:21:00,2024-07-23,600.65,600.65,600.65,600.65,0,240,0
FINNIFTY23JUL2424200PE.NFO,2024-07-18,11:22:00,2024-07-23,600.65,600.65,600.65,600.65,0,240,0
FINNIFTY23JUL2424200PE.NFO,2024-07-18,11:23:00,2024-07-23,600.65,600.65,600.65,600.65,0,240,0
FINNIFTY23JUL2424200PE.NFO,2024-07-18,11:24:00,2024-07-23,600.65,600.65,600.65,600.65,0,240,0
FINNIFTY23JUL2424200PE.NFO,2024-07-18,11:25:00,2024-07-23,600.65,600.65,600.65,600.65,0,240,0
FINNIFTY23JUL2424200PE.NFO,2024-07-18,11:26:00,2024-07-23,600.65,600.65,600.65,600.65,0,240,0
FINNIFTY23JUL2424200PE.NFO,2024-07-18,11:27:00,2024-07-23,600.65,600.65,600.65,600.65,0,240,0
FINNIFTY23JUL2424200PE.NFO,2024-07-18,11:28:00,2024-07-23,600.65,600.65,600.65,600.65,0,240,0
FINNIFTY23JUL2424200PE.NFO,2024-07-18,11:29:00,2024-07-23,600.65,600.65,600.65,600.65,0,240,0
FINNIFTY23JUL2424200PE.NFO,2024-07-18,11:30:00,2024-07-23,600.65,600.65,600.65,600.65,0,240,0
FINNIFTY23JUL2424200PE.NFO,2024-07-18,11:31:00,2024-07-23,600.65,600.65,600.65,600.65,0,240,0
FINNIFTY23JUL2424200PE.NFO,2024-07-18,11:32:00,2024-07-23,600.65,600.65,600.65,600.65,0,240,0
FINNIFTY23JUL2424200PE.NFO,2024-07-18,11:33:00,2024-07-23,600.65,600.65,600.65,600.65,0,240,0
FINNIFTY23JUL2424200PE.NFO,2024-07-18,11:34:00,2024-07-23,600.65,600.65,600.65,600.65,0,240,0
FINNIFTY23JUL2424200PE.NFO,2024-07-18,11:35:00,2024-07-23,600.65,600.65,600.65,600.65,0,240,0
FINNIFTY23JUL2424200PE.NFO,2024-07-18,11:36:00,2024-07-23,600.65,600.65,600.65,600.65,0,240,0
FINNIFTY23JUL2424200PE.NFO,2024-07-18,11:37:00,2024-07-23,600.65,600.65,600.65,600.65,0,240,0
FINNIFTY23JUL2424200PE.NFO,2024-07-18,11:38:00,2024-07-23,600.65,657.45,600.65,657.45,160,280,0
FINNIFTY23JUL2424200PE.NFO,2024-07-18,11:39:00,2024-07-23,657.45,657.45,657.45,657.45,0,280,0
FINNIFTY23JUL2424200PE.NFO,2024-07-18,11:40:00,2024-07-23,657.45,657.45,657.45,657.45,0,280,0
FINNIFTY23JUL2424200PE.NFO,2024-07-18,11:41:00,2024-07-23,657.45,657.45,657.45,657.45,0,280,0
FINNIFTY23JUL2424200PE.NFO,2024-07-18,11:42:00,2024-07-23,657.45,657.45,657.45,657.45,0,280,0
FINNIFTY23JUL2424200PE.NFO,2024-07-18,11:43:00,2024-07-23,657.45,657.45,657.45,657.45,0,280,0
FINNIFTY23JUL2424200PE.NFO,2024-07-18,11:44:00,2024-07-23,657.45,657.45,657.45,657.45,0,280,0
FINNIFTY23JUL2424200PE.NFO,2024-07-18,11:45:00,2024-07-23,657.45,657.45,657.45,657.45,0,280,0
FINNIFTY23JUL2424200PE.NFO,2024-07-18,11:46:00,2024-07-23,657.45,657.45,657.45,657.45,0,280,0
FINNIFTY23JUL2424200PE.NFO,2024-07-18,11:47:00,2024-07-23,657.45,657.45,657.45,657.45,0,280,0
FINNIFTY23JUL2424200PE.NFO,2024-07-18,11:48:00,2024-07-23,657.45,657.45,657.45,657.45,0,280,0
FINNIFTY23JUL2424200PE.NFO,2024-07-18,11:49:00,2024-07-23,657.45,657.45,657.45,657.45,0,280,0
FINNIFTY23JUL2424200PE.NFO,2024-07-18,11:50:00,2024-07-23,657.45,657.45,657.45,657.45,0,280,0
FINNIFTY23JUL2424200PE.NFO,2024-07-18,11:51:00,2024-07-23,657.45,657.45,657.45,657.45,0,280,0
FINNIFTY23JUL2424200PE.NFO,2024-07-18,11:52:00,2024-07-23,657.45,657.45,657.45,657.45,0,280,0
FINNIFTY23JUL2424200PE.NFO,2024-07-18,11:53:00,2024-07-23,657.45,657.45,643.9,643.9,40,200,0
FINNIFTY23JUL2424200PE.NFO,2024-07-18,11:54:00,2024-07-23,643.9,643.9,643.9,643.9,0,200,0
FINNIFTY23JUL2424200PE.NFO,2024-07-18,11:55:00,2024-07-23,643.9,643.9,639.9,639.9,40,200,0
FINNIFTY23JUL2424200PE.NFO,2024-07-18,11:56:00,2024-07-23,639.9,639.9,639.9,639.9,0,200,0
FINNIFTY23JUL2424200PE.NFO,2024-07-18,11:57:00,2024-07-23,639.9,639.9,639.9,639.9,0,200,0
FINNIFTY23JUL2424200PE.NFO,2024-07-18,11:58:00,2024-07-23,639.9,639.9,639.9,639.9,0,200,0
FINNIFTY23JUL2424200PE.NFO,2024-07-18,11:59:00,2024-07-23,639.9,639.9,639.9,639.9,0,200,0
FINNIFTY23JUL2424200PE.NFO,2024-07-18,12:00:00,2024-07-23,639.9,639.9,639.9,639.9,0,200,0
FINNIFTY23JUL2424200PE.NFO,2024-07-18,12:01:00,2024-07-23,639.9,639.9,639.9,639.9,0,200,0
FINNIFTY23JUL2424200PE.NFO,2024-07-18,12:02:00,2024-07-23,639.9,639.9,624.85,624.85,40,240,0
FINNIFTY23JUL2424200PE.NFO,2024-07-18,12:03:00,2024-07-23,624.85,624.85,624.85,624.85,0,240,0
FINNIFTY23JUL2424200PE.NFO,2024-07-18,12:04:00,2024-07-23,624.85,624.85,624.85,624.85,0,240,0
FINNIFTY23JUL2424200PE.NFO,2024-07-18,12:05:00,2024-07-23,624.85,624.85,619.9,619.9,160,280,0
FINNIFTY23JUL2424200PE.NFO,2024-07-18,12:06:00,2024-07-23,619.9,619.9,619.9,619.9,0,280,0
FINNIFTY23JUL2424200PE.NFO,2024-07-18,12:07:00,2024-07-23,619.9,619.9,619.9,619.9,0,280,0
FINNIFTY23JUL2424200PE.NFO,2024-07-18,12:08:00,2024-07-23,619.9,619.9,619.9,619.9,0,280,0
FINNIFTY23JUL2424200PE.NFO,2024-07-18,12:09:00,2024-07-23,619.9,619.9,619.9,619.9,0,280,0
FINNIFTY23JUL2424200PE.NFO,2024-07-18,12:10:00,2024-07-23,619.9,619.9,619.9,619.9,0,280,0
FINNIFTY23JUL2424200PE.NFO,2024-07-18,12:11:00,2024-07-23,619.9,619.9,619.9,619.9,0,280,0
FINNIFTY23JUL2424200PE.NFO,2024-07-18,12:12:00,2024-07-23,619.9,619.9,619.9,619.9,0,280,0
FINNIFTY23JUL2424200PE.NFO,2024-07-18,12:13:00,2024-07-23,619.9,619.9,619.9,619.9,0,280,0
FINNIFTY23JUL2424200PE.NFO,2024-07-18,12:14:00,2024-07-23,619.9,619.9,619.9,619.9,0,280,0
FINNIFTY23JUL2424200PE.NFO,2024-07-18,12:15:00,2024-07-23,619.9,619.9,619.9,619.9,0,280,0
FINNIFTY23JUL2424200PE.NFO,2024-07-18,12:16:00,2024-07-23,619.9,619.9,619.9,619.9,0,280,0
FINNIFTY23JUL2424200PE.NFO,2024-07-18,12:17:00,2024-07-23,619.9,619.9,619.9,619.9,0,280,0
FINNIFTY23JUL2424200PE.NFO,2024-07-18,12:18:00,2024-07-23,619.9,619.9,619.9,619.9,0,280,0
FINNIFTY23JUL2424200PE.NFO,2024-07-18,12:19:00,2024-07-23,619.9,619.9,619.9,619.9,0,280,0
FINNIFTY23JUL2424200PE.NFO,2024-07-18,12:20:00,2024-07-23,619.9,619.9,619.9,619.9,0,280,0
FINNIFTY23JUL2424200PE.NFO,2024-07-18,12:21:00,2024-07-23,619.9,619.9,619.9,619.9,0,280,0
FINNIFTY23JUL2424200PE.NFO,2024-07-18,12:22:00,2024-07-23,619.9,619.9,564.75,564.75,40,320,0
FINNIFTY23JUL2424200PE.NFO,2024-07-18,12:23:00,2024-07-23,564.75,564.75,564.75,564.75,0,320,0
FINNIFTY23JUL2424200PE.NFO,2024-07-18,12:24:00,2024-07-23,564.75,564.75,556.4,560.4,120,320,0
FINNIFTY23JUL2424200PE.NFO,2024-07-18,12:25:00,2024-07-23,560.4,560.4,560.4,560.4,0,320,0
FINNIFTY23JUL2424200PE.NFO,2024-07-18,12:26:00,2024-07-23,560.4,560.4,560.4,560.4,0,320,0
FINNIFTY23JUL2424200PE.NFO,2024-07-18,12:27:00,2024-07-23,560.4,560.4,552.25,552.25,40,360,0
FINNIFTY23JUL2424200PE.NFO,2024-07-18,12:28:00,2024-07-23,552.25,552.25,552.25,552.25,0,360,0
FINNIFTY23JUL2424200PE.NFO,2024-07-18,12:29:00,2024-07-23,552.25,552.25,552.25,552.25,0,360,0
FINNIFTY23JUL2424200PE.NFO,2024-07-18,12:30:00,2024-07-23,552.25,552.25,552.25,552.25,0,360,0
FINNIFTY23JUL2424200PE.NFO,2024-07-18,12:31:00,2024-07-23,552.25,552.25,552.25,552.25,0,360,0
FINNIFTY23JUL2424200PE.NFO,2024-07-18,12:32:00,2024-07-23,552.25,552.25,552.25,552.25,0,360,0
FINNIFTY23JUL2424200PE.NFO,2024-07-18,12:33:00,2024-07-23,552.25,552.25,552.25,552.25,0,360,0
FINNIFTY23JUL2424200PE.NFO,2024-07-18,12:34:00,2024-07-23,552.25,552.25,552.25,552.25,0,360,0
FINNIFTY23JUL2424200PE.NFO,2024-07-18,12:35:00,2024-07-23,552.25,552.25,552.25,552.25,0,360,0
FINNIFTY23JUL2424200PE.NFO,2024-07-18,12:36:00,2024-07-23,552.25,552.25,552.25,552.25,0,360,0
FINNIFTY23JUL2424200PE.NFO,2024-07-18,12:37:00,2024-07-23,552.25,552.25,552.25,552.25,0,360,0
FINNIFTY23JUL2424200PE.NFO,2024-07-18,12:38:00,2024-07-23,552.25,552.25,552.25,552.25,0,360,0
FINNIFTY23JUL2424200PE.NFO,2024-07-18,12:39:00,2024-07-23,552.25,552.25,552.25,552.25,0,360,0
FINNIFTY23JUL2424200PE.NFO,2024-07-18,12:40:00,2024-07-23,552.25,552.25,552.25,552.25,0,360,0
FINNIFTY23JUL2424200PE.NFO,2024-07-18,12:41:00,2024-07-23,552.25,552.25,552.25,552.25,0,360,0
FINNIFTY23JUL2424200PE.NFO,2024-07-18,12:42:00,2024-07-23,552.25,552.25,552.25,552.25,0,360,0
FINNIFTY23JUL2424200PE.NFO,2024-07-18,12:43:00,2024-07-23,552.25,552.25,552.25,552.25,0,360,0
FINNIFTY23JUL2424200PE.NFO,2024-07-18,12:44:00,2024-07-23,552.25,552.25,552.25,552.25,0,360,0
FINNIFTY23JUL2424200PE.NFO,2024-07-18,12:45:00,2024-07-23,552.25,552.25,552.25,552.25,0,360,0
FINNIFTY23JUL2424200PE.NFO,2024-07-18,12:46:00,2024-07-23,552.25,552.25,552.25,552.25,0,360,0
FINNIFTY23JUL2424200PE.NFO,2024-07-18,12:47:00,2024-07-23,552.25,552.25,552.25,552.25,0,360,0
FINNIFTY23JUL2424200PE.NFO,2024-07-18,12:48:00,2024-07-23,552.25,552.25,552.25,552.25,0,360,0
FINNIFTY23JUL2424200PE.NFO,2024-07-18,12:49:00,2024-07-23,552.25,552.25,552.25,552.25,0,360,0
FINNIFTY23JUL2424200PE.NFO,2024-07-18,12:50:00,2024-07-23,552.25,552.25,552.25,552.25,0,360,0
FINNIFTY23JUL2424200PE.NFO,2024-07-18,12:51:00,2024-07-23,552.25,552.25,552.25,552.25,0,360,0
FINNIFTY23JUL2424200PE.NFO,2024-07-18,12:52:00,2024-07-23,552.25,552.25,552.25,552.25,0,360,0
FINNIFTY23JUL2424200PE.NFO,2024-07-18,12:53:00,2024-07-23,552.25,552.25,552.25,552.25,0,360,0
FINNIFTY23JUL2424200PE.NFO,2024-07-18,12:54:00,2024-07-23,552.25,552.25,552.25,552.25,0,360,0
FINNIFTY23JUL2424200PE.NFO,2024-07-18,12:55:00,2024-07-23,552.25,552.25,552.25,552.25,0,360,0
FINNIFTY23JUL2424200PE.NFO,2024-07-18,12:56:00,2024-07-23,552.25,552.25,552.25,552.25,0,360,0
FINNIFTY23JUL2424200PE.NFO,2024-07-18,12:57:00,2024-07-23,552.25,552.25,552.25,552.25,0,360,0
FINNIFTY23JUL2424200PE.NFO,2024-07-18,12:58:00,2024-07-23,552.25,552.25,552.25,552.25,0,360,0
FINNIFTY23JUL2424200PE.NFO,2024-07-18,12:59:00,2024-07-23,552.25,574.7,552.25,574.7,200,400,0
FINNIFTY23JUL2424200PE.NFO,2024-07-18,13:00:00,2024-07-23,574.7,574.7,574.7,574.7,0,400,0
FINNIFTY23JUL2424200PE.NFO,2024-07-18,13:01:00,2024-07-23,574.7,574.7,574.7,574.7,0,400,0
FINNIFTY23JUL2424200PE.NFO,2024-07-18,13:02:00,2024-07-23,574.7,574.7,574.7,574.7,0,400,0
FINNIFTY23JUL2424200PE.NFO,2024-07-18,13:03:00,2024-07-23,574.7,574.7,574.7,574.7,0,400,0
FINNIFTY23JUL2424200PE.NFO,2024-07-18,13:04:00,2024-07-23,574.7,574.7,574.7,574.7,0,400,0
FINNIFTY23JUL2424200PE.NFO,2024-07-18,13:05:00,2024-07-23,574.7,574.7,574.7,574.7,0,400,0
FINNIFTY23JUL2424200PE.NFO,2024-07-18,13:06:00,2024-07-23,574.7,574.7,574.7,574.7,0,400,0
FINNIFTY23JUL2424200PE.NFO,2024-07-18,13:07:00,2024-07-23,574.7,574.7,574.7,574.7,0,400,0
FINNIFTY23JUL2424200PE.NFO,2024-07-18,13:08:00,2024-07-23,574.7,574.7,574.7,574.7,0,400,0
FINNIFTY23JUL2424200PE.NFO,2024-07-18,13:09:00,2024-07-23,574.7,574.7,574.7,574.7,0,400,0
FINNIFTY23JUL2424200PE.NFO,2024-07-18,13:10:00,2024-07-23,574.7,574.7,574.7,574.7,0,400,0
FINNIFTY23JUL2424200PE.NFO,2024-07-18,13:11:00,2024-07-23,574.7,574.7,520.0,520.0,40,520,0
FINNIFTY23JUL2424200PE.NFO,2024-07-18,13:12:00,2024-07-23,520.0,520.0,509.6,509.6,240,520,0
FINNIFTY23JUL2424200PE.NFO,2024-07-18,13:13:00,2024-07-23,509.6,514.65,509.6,514.65,1360,720,0
FINNIFTY23JUL2424200PE.NFO,2024-07-18,13:14:00,2024-07-23,514.65,514.65,514.65,514.65,0,720,0
FINNIFTY23JUL2424200PE.NFO,2024-07-18,13:15:00,2024-07-23,514.65,514.65,500.0,500.0,40,720,0
FINNIFTY23JUL2424200PE.NFO,2024-07-18,13:16:00,2024-07-23,500.0,500.0,500.0,500.0,0,720,0
FINNIFTY23JUL2424200PE.NFO,2024-07-18,13:17:00,2024-07-23,500.0,500.0,500.0,500.0,0,720,0
FINNIFTY23JUL2424200PE.NFO,2024-07-18,13:18:00,2024-07-23,500.0,500.0,500.0,500.0,0,720,0
FINNIFTY23JUL2424200PE.NFO,2024-07-18,13:19:00,2024-07-23,500.0,500.0,500.0,500.0,0,720,0
FINNIFTY23JUL2424200PE.NFO,2024-07-18,13:20:00,2024-07-23,500.0,500.0,500.0,500.0,0,720,0
FINNIFTY23JUL2424200PE.NFO,2024-07-18,13:21:00,2024-07-23,500.0,500.0,500.0,500.0,0,720,0
FINNIFTY23JUL2424200PE.NFO,2024-07-18,13:22:00,2024-07-23,500.0,500.0,500.0,500.0,0,720,0
FINNIFTY23JUL2424200PE.NFO,2024-07-18,13:23:00,2024-07-23,500.0,500.0,500.0,500.0,0,720,0
FINNIFTY23JUL2424200PE.NFO,2024-07-18,13:24:00,2024-07-23,500.0,500.0,500.0,500.0,0,720,0
FINNIFTY23JUL2424200PE.NFO,2024-07-18,13:25:00,2024-07-23,500.0,500.0,500.0,500.0,0,720,0
FINNIFTY23JUL2424200PE.NFO,2024-07-18,13:26:00,2024-07-23,500.0,500.0,500.0,500.0,0,720,0
FINNIFTY23JUL2424200PE.NFO,2024-07-18,13:27:00,2024-07-23,500.0,500.0,500.0,500.0,0,720,0
FINNIFTY23JUL2424200PE.NFO,2024-07-18,13:28:00,2024-07-23,500.0,500.0,500.0,500.0,0,720,0
FINNIFTY23JUL2424200PE.NFO,2024-07-18,13:29:00,2024-07-23,500.0,503.5,500.0,500.4,240,1760,0
FINNIFTY23JUL2424200PE.NFO,2024-07-18,13:30:00,2024-07-23,500.4,500.4,500.4,500.4,0,1760,0
FINNIFTY23JUL2424200PE.NFO,2024-07-18,13:31:00,2024-07-23,500.4,500.4,500.4,500.4,0,1760,0
FINNIFTY23JUL2424200PE.NFO,2024-07-18,13:32:00,2024-07-23,500.4,500.4,500.4,500.4,0,1760,0
FINNIFTY23JUL2424200PE.NFO,2024-07-18,13:33:00,2024-07-23,500.4,500.4,500.4,500.4,0,1760,0
FINNIFTY23JUL2424200PE.NFO,2024-07-18,13:34:00,2024-07-23,500.4,504.35,500.4,504.35,0,1720,0
FINNIFTY23JUL2424200PE.NFO,2024-07-18,13:35:00,2024-07-23,504.35,504.35,504.35,504.35,0,1720,0
FINNIFTY23JUL2424200PE.NFO,2024-07-18,13:36:00,2024-07-23,504.35,504.35,491.85,491.85,80,1720,0
FINNIFTY23JUL2424200PE.NFO,2024-07-18,13:37:00,2024-07-23,491.85,494.9,491.85,494.9,40,1720,0
FINNIFTY23JUL2424200PE.NFO,2024-07-18,13:38:00,2024-07-23,494.9,501.65,494.9,501.65,40,1680,0
FINNIFTY23JUL2424200PE.NFO,2024-07-18,13:39:00,2024-07-23,501.65,501.65,501.65,501.65,0,1680,0
FINNIFTY23JUL2424200PE.NFO,2024-07-18,13:40:00,2024-07-23,501.65,501.65,501.65,501.65,0,1680,0
FINNIFTY23JUL2424200PE.NFO,2024-07-18,13:41:00,2024-07-23,501.65,501.65,501.65,501.65,0,1680,0
FINNIFTY23JUL2424200PE.NFO,2024-07-18,13:42:00,2024-07-23,501.65,516.15,501.65,509.4,200,1640,0
FINNIFTY23JUL2424200PE.NFO,2024-07-18,13:43:00,2024-07-23,509.4,509.4,509.4,509.4,0,1640,0
FINNIFTY23JUL2424200PE.NFO,2024-07-18,13:44:00,2024-07-23,509.4,509.4,508.0,508.0,40,1840,0
FINNIFTY23JUL2424200PE.NFO,2024-07-18,13:45:00,2024-07-23,508.0,508.0,508.0,508.0,0,1840,0
FINNIFTY23JUL2424200PE.NFO,2024-07-18,13:46:00,2024-07-23,508.0,508.0,508.0,508.0,0,1840,0
FINNIFTY23JUL2424200PE.NFO,2024-07-18,13:47:00,2024-07-23,508.0,508.0,503.9,503.9,40,1840,0
FINNIFTY23JUL2424200PE.NFO,2024-07-18,13:48:00,2024-07-23,503.9,503.9,503.9,503.9,0,1840,0
FINNIFTY23JUL2424200PE.NFO,2024-07-18,13:49:00,2024-07-23,503.9,503.9,503.35,503.35,40,1840,0
FINNIFTY23JUL2424200PE.NFO,2024-07-18,13:50:00,2024-07-23,503.35,503.35,503.35,503.35,0,1840,0
FINNIFTY23JUL2424200PE.NFO,2024-07-18,13:51:00,2024-07-23,503.35,503.35,503.35,503.35,0,1840,0
FINNIFTY23JUL2424200PE.NFO,2024-07-18,13:52:00,2024-07-23,503.35,503.35,503.35,503.35,0,1840,0
FINNIFTY23JUL2424200PE.NFO,2024-07-18,13:53:00,2024-07-23,503.35,503.35,503.35,503.35,0,1840,0
FINNIFTY23JUL2424200PE.NFO,2024-07-18,13:54:00,2024-07-23,503.35,503.35,503.35,503.35,0,1840,0
FINNIFTY23JUL2424200PE.NFO,2024-07-18,13:55:00,2024-07-23,503.35,503.35,480.0,480.0,40,1840,0
FINNIFTY23JUL2424200PE.NFO,2024-07-18,13:56:00,2024-07-23,480.0,480.0,480.0,480.0,0,1840,0
FINNIFTY23JUL2424200PE.NFO,2024-07-18,13:57:00,2024-07-23,480.0,482.8,480.0,482.8,40,1800,0
FINNIFTY23JUL2424200PE.NFO,2024-07-18,13:58:00,2024-07-23,482.8,482.8,482.8,482.8,0,1800,0
FINNIFTY23JUL2424200PE.NFO,2024-07-18,13:59:00,2024-07-23,482.8,482.8,482.8,482.8,0,1800,0
FINNIFTY23JUL2424200PE.NFO,2024-07-18,14:00:00,2024-07-23,482.8,482.8,482.8,482.8,0,1800,0
FINNIFTY23JUL2424200PE.NFO,2024-07-18,14:01:00,2024-07-23,482.8,482.8,482.8,482.8,0,1800,0
FINNIFTY23JUL2424200PE.NFO,2024-07-18,14:02:00,2024-07-23,482.8,482.8,475.0,475.0,200,1800,0
FINNIFTY23JUL2424200PE.NFO,2024-07-18,14:03:00,2024-07-23,475.0,475.0,475.0,475.0,0,1800,0
FINNIFTY23JUL2424200PE.NFO,2024-07-18,14:04:00,2024-07-23,475.0,475.0,475.0,475.0,0,1800,0
FINNIFTY23JUL2424200PE.NFO,2024-07-18,14:05:00,2024-07-23,475.0,475.0,475.0,475.0,0,1800,0
FINNIFTY23JUL2424200PE.NFO,2024-07-18,14:06:00,2024-07-23,475.0,475.0,475.0,475.0,0,1800,0
FINNIFTY23JUL2424200PE.NFO,2024-07-18,14:07:00,2024-07-23,475.0,475.0,475.0,475.0,0,1800,0
FINNIFTY23JUL2424200PE.NFO,2024-07-18,14:08:00,2024-07-23,475.0,475.0,467.1,467.15,160,1920,0
FINNIFTY23JUL2424200PE.NFO,2024-07-18,14:09:00,2024-07-23,467.15,467.15,460.0,460.0,80,1920,0
FINNIFTY23JUL2424200PE.NFO,2024-07-18,14:10:00,2024-07-23,460.0,464.5,460.0,464.5,40,1920,0
FINNIFTY23JUL2424200PE.NFO,2024-07-18,14:11:00,2024-07-23,464.5,464.5,464.5,464.5,0,1920,0
FINNIFTY23JUL2424200PE.NFO,2024-07-18,14:12:00,2024-07-23,464.5,464.5,464.5,464.5,0,1920,0
FINNIFTY23JUL2424200PE.NFO,2024-07-18,14:13:00,2024-07-23,464.5,464.5,445.95,445.95,160,1960,0
FINNIFTY23JUL2424200PE.NFO,2024-07-18,14:14:00,2024-07-23,445.95,445.95,445.95,445.95,0,1960,0
FINNIFTY23JUL2424200PE.NFO,2024-07-18,14:15:00,2024-07-23,445.95,445.95,445.95,445.95,0,1960,0
FINNIFTY23JUL2424200PE.NFO,2024-07-18,14:16:00,2024-07-23,445.95,445.95,445.95,445.95,0,1960,0
FINNIFTY23JUL2424200PE.NFO,2024-07-18,14:17:00,2024-07-23,445.95,451.65,445.95,451.65,40,2000,0
FINNIFTY23JUL2424200PE.NFO,2024-07-18,14:18:00,2024-07-23,451.65,451.65,451.65,451.65,0,2000,0
FINNIFTY23JUL2424200PE.NFO,2024-07-18,14:19:00,2024-07-23,451.65,451.65,451.65,451.65,0,2000,0
FINNIFTY23JUL2424200PE.NFO,2024-07-18,14:20:00,2024-07-23,451.65,451.65,451.65,451.65,0,2000,0
FINNIFTY23JUL2424200PE.NFO,2024-07-18,14:21:00,2024-07-23,451.65,451.65,451.65,451.65,0,2000,0
FINNIFTY23JUL2424200PE.NFO,2024-07-18,14:22:00,2024-07-23,451.65,451.65,451.65,451.65,0,2000,0
FINNIFTY23JUL2424200PE.NFO,2024-07-18,14:23:00,2024-07-23,451.65,451.65,451.65,451.65,0,2000,0
FINNIFTY23JUL2424200PE.NFO,2024-07-18,14:24:00,2024-07-23,451.65,451.65,451.65,451.65,0,2000,0
FINNIFTY23JUL2424200PE.NFO,2024-07-18,14:25:00,2024-07-23,451.65,454.05,451.65,454.0,40,2000,0
FINNIFTY23JUL2424200PE.NFO,2024-07-18,14:26:00,2024-07-23,454.0,454.0,444.9,444.9,40,2000,0
FINNIFTY23JUL2424200PE.NFO,2024-07-18,14:27:00,2024-07-23,444.9,444.9,444.9,444.9,0,2000,0
FINNIFTY23JUL2424200PE.NFO,2024-07-18,14:28:00,2024-07-23,444.9,444.9,435.5,435.5,40,2000,0
FINNIFTY23JUL2424200PE.NFO,2024-07-18,14:29:00,2024-07-23,435.5,452.75,435.5,452.75,40,2520,0
FINNIFTY23JUL2424200PE.NFO,2024-07-18,14:30:00,2024-07-23,452.75,452.75,452.75,452.75,0,2520,0
FINNIFTY23JUL2424200PE.NFO,2024-07-18,14:31:00,2024-07-23,452.75,466.0,452.75,466.0,120,2520,0
FINNIFTY23JUL2424200PE.NFO,2024-07-18,14:32:00,2024-07-23,466.0,466.0,464.35,464.35,40,2520,0
FINNIFTY23JUL2424200PE.NFO,2024-07-18,14:33:00,2024-07-23,464.35,464.35,464.35,464.35,0,2520,0
FINNIFTY23JUL2424200PE.NFO,2024-07-18,14:34:00,2024-07-23,464.35,464.35,464.35,464.35,0,2520,0
FINNIFTY23JUL2424200PE.NFO,2024-07-18,14:35:00,2024-07-23,464.35,470.0,464.35,470.0,200,1960,0
FINNIFTY23JUL2424200PE.NFO,2024-07-18,14:36:00,2024-07-23,470.0,470.0,470.0,470.0,0,1960,0
FINNIFTY23JUL2424200PE.NFO,2024-07-18,14:37:00,2024-07-23,470.0,470.0,470.0,470.0,0,1960,0
FINNIFTY23JUL2424200PE.NFO,2024-07-18,14:38:00,2024-07-23,470.0,470.0,450.85,454.1,80,1920,0
FINNIFTY23JUL2424200PE.NFO,2024-07-18,14:39:00,2024-07-23,454.1,454.1,454.1,454.1,0,1920,0
FINNIFTY23JUL2424200PE.NFO,2024-07-18,14:40:00,2024-07-23,454.1,454.1,452.2,452.2,40,1960,0
FINNIFTY23JUL2424200PE.NFO,2024-07-18,14:41:00,2024-07-23,452.2,452.2,452.2,452.2,0,1960,0
FINNIFTY23JUL2424200PE.NFO,2024-07-18,14:42:00,2024-07-23,452.2,452.2,452.2,452.2,0,1960,0
FINNIFTY23JUL2424200PE.NFO,2024-07-18,14:43:00,2024-07-23,452.2,452.2,452.2,452.2,0,1960,0
FINNIFTY23JUL2424200PE.NFO,2024-07-18,14:44:00,2024-07-23,452.2,452.2,445.55,445.55,120,1920,0
FINNIFTY23JUL2424200PE.NFO,2024-07-18,14:45:00,2024-07-23,445.55,451.15,445.55,445.65,240,1920,0
FINNIFTY23JUL2424200PE.NFO,2024-07-18,14:46:00,2024-07-23,445.65,445.65,445.65,445.65,0,1920,0
FINNIFTY23JUL2424200PE.NFO,2024-07-18,14:47:00,2024-07-23,445.65,445.65,445.65,445.65,0,1920,0
FINNIFTY23JUL2424200PE.NFO,2024-07-18,14:48:00,2024-07-23,445.65,445.65,445.65,445.65,0,1920,0
FINNIFTY23JUL2424200PE.NFO,2024-07-18,14:49:00,2024-07-23,445.65,445.65,437.75,437.75,40,1920,0
FINNIFTY23JUL2424200PE.NFO,2024-07-18,14:50:00,2024-07-23,437.75,439.0,437.75,439.0,40,1880,0
FINNIFTY23JUL2424200PE.NFO,2024-07-18,14:51:00,2024-07-23,439.0,440.85,439.0,440.85,40,1880,0
FINNIFTY23JUL2424200PE.NFO,2024-07-18,14:52:00,2024-07-23,440.85,440.85,440.85,440.85,0,1880,0
FINNIFTY23JUL2424200PE.NFO,2024-07-18,14:53:00,2024-07-23,440.85,440.85,440.85,440.85,0,1880,0
FINNIFTY23JUL2424200PE.NFO,2024-07-18,14:54:00,2024-07-23,440.85,460.75,440.85,460.75,80,1840,0
FINNIFTY23JUL2424200PE.NFO,2024-07-18,14:55:00,2024-07-23,460.75,470.0,460.75,470.0,120,1840,0
FINNIFTY23JUL2424200PE.NFO,2024-07-18,14:56:00,2024-07-23,470.0,475.0,470.0,475.0,40,1960,0
FINNIFTY23JUL2424200PE.NFO,2024-07-18,14:57:00,2024-07-23,475.0,475.0,475.0,475.0,0,1960,0
FINNIFTY23JUL2424200PE.NFO,2024-07-18,14:58:00,2024-07-23,475.0,475.0,475.0,475.0,0,1960,0
FINNIFTY23JUL2424200PE.NFO,2024-07-18,14:59:00,2024-07-23,475.0,475.0,475.0,475.0,0,1960,0
FINNIFTY23JUL2424200PE.NFO,2024-07-18,15:00:00,2024-07-23,475.0,486.0,475.0,486.0,40,1960,0
FINNIFTY23JUL2424200PE.NFO,2024-07-18,15:01:00,2024-07-23,486.0,486.0,486.0,486.0,0,1960,0
FINNIFTY23JUL2424200PE.NFO,2024-07-18,15:02:00,2024-07-23,486.0,486.0,486.0,486.0,0,1960,0
FINNIFTY23JUL2424200PE.NFO,2024-07-18,15:03:00,2024-07-23,486.0,486.0,486.0,486.0,0,1960,0
FINNIFTY23JUL2424200PE.NFO,2024-07-18,15:04:00,2024-07-23,486.0,486.0,486.0,486.0,0,1960,0
FINNIFTY23JUL2424200PE.NFO,2024-07-18,15:05:00,2024-07-23,486.0,486.0,486.0,486.0,0,1960,0
FINNIFTY23JUL2424200PE.NFO,2024-07-18,15:06:00,2024-07-23,486.0,486.0,486.0,486.0,0,1960,0
FINNIFTY23JUL2424200PE.NFO,2024-07-18,15:07:00,2024-07-23,486.0,486.0,486.0,486.0,0,1960,0
FINNIFTY23JUL2424200PE.NFO,2024-07-18,15:08:00,2024-07-23,486.0,486.0,486.0,486.0,0,1960,0
FINNIFTY23JUL2424200PE.NFO,2024-07-18,15:09:00,2024-07-23,486.0,486.0,486.0,486.0,0,1960,0
FINNIFTY23JUL2424200PE.NFO,2024-07-18,15:10:00,2024-07-23,486.0,486.0,476.2,476.2,40,1960,0
FINNIFTY23JUL2424200PE.NFO,2024-07-18,15:11:00,2024-07-23,476.2,476.2,476.2,476.2,0,1960,0
FINNIFTY23JUL2424200PE.NFO,2024-07-18,15:12:00,2024-07-23,476.2,476.2,461.0,461.0,40,1960,0
FINNIFTY23JUL2424200PE.NFO,2024-07-18,15:13:00,2024-07-23,461.0,461.0,461.0,461.0,0,1960,0
FINNIFTY23JUL2424200PE.NFO,2024-07-18,15:14:00,2024-07-23,461.0,479.0,461.0,479.0,40,1960,0
FINNIFTY23JUL2424200PE.NFO,2024-07-18,15:15:00,2024-07-23,479.0,479.0,479.0,479.0,0,1960,0
FINNIFTY23JUL2424200PE.NFO,2024-07-18,15:16:00,2024-07-23,461.0,461.0,461.0,461.0,40,1960,0
FINNIFTY23JUL2424200PE.NFO,2024-07-18,15:17:00,2024-07-23,461.0,461.0,461.0,461.0,0,1960,0
FINNIFTY23JUL2424200PE.NFO,2024-07-18,15:18:00,2024-07-23,461.0,461.0,461.0,461.0,0,1960,0
FINNIFTY23JUL2424200PE.NFO,2024-07-18,15:19:00,2024-07-23,461.0,470.0,461.0,468.6,800,1960,0
FINNIFTY23JUL2424200PE.NFO,2024-07-18,15:20:00,2024-07-23,468.6,469.45,466.65,469.45,680,1960,0
FINNIFTY23JUL2424200PE.NFO,2024-07-18,15:21:00,2024-07-23,469.45,469.45,469.45,469.45,0,1960,0
FINNIFTY23JUL2424200PE.NFO,2024-07-18,15:22:00,2024-07-23,469.45,469.45,466.05,468.05,480,1960,0
FINNIFTY23JUL2424200PE.NFO,2024-07-18,15:23:00,2024-07-23,468.05,468.05,468.05,468.05,0,1960,0
FINNIFTY23JUL2424200PE.NFO,2024-07-18,15:24:00,2024-07-23,468.05,468.05,465.85,465.85,200,2440,0
FINNIFTY23JUL2424200PE.NFO,2024-07-18,15:25:00,2024-07-23,465.85,465.85,465.85,465.85,0,2440,0
FINNIFTY23JUL2424200PE.NFO,2024-07-18,15:26:00,2024-07-23,465.85,465.85,465.85,465.85,0,2440,0
FINNIFTY23JUL2424200PE.NFO,2024-07-18,15:27:00,2024-07-23,465.85,465.85,465.85,465.85,0,2440,0
FINNIFTY23JUL2424200PE.NFO,2024-07-18,15:28:00,2024-07-23,465.85,469.75,465.85,469.75,200,2240,0
FINNIFTY23JUL2424200PE.NFO,2024-07-18,15:29:00,2024-07-23,469.75,469.75,469.75,469.75,0,2240,0
FINNIFTY23JUL2424200PE.NFO,2024-07-18,15:30:00,2024-07-23,469.75,469.75,469.75,469.75,0,2240,1
FINNIFTY23JUL2424200PE.NFO,2024-07-19,09:15:00,2024-07-23,519.95,522.6,506.15,522.6,5400,3560,0
FINNIFTY23JUL2424200PE.NFO,2024-07-19,09:16:00,2024-07-23,519.15,558.2,519.15,556.2,8640,3560,0
FINNIFTY23JUL2424200PE.NFO,2024-07-19,09:17:00,2024-07-23,556.2,561.0,548.4,553.0,5120,3560,0
FINNIFTY23JUL2424200PE.NFO,2024-07-19,09:18:00,2024-07-23,553.0,557.5,550.45,555.0,800,3560,0
FINNIFTY23JUL2424200PE.NFO,2024-07-19,09:19:00,2024-07-23,555.0,555.75,549.85,555.75,440,19720,0
FINNIFTY23JUL2424200PE.NFO,2024-07-19,09:20:00,2024-07-23,555.75,564.65,555.75,564.65,1400,19720,0
FINNIFTY23JUL2424200PE.NFO,2024-07-19,09:21:00,2024-07-23,564.65,564.65,552.55,552.55,2680,17520,0
FINNIFTY23JUL2424200PE.NFO,2024-07-19,09:22:00,2024-07-23,552.55,552.55,542.15,547.25,1160,17520,0
FINNIFTY23JUL2424200PE.NFO,2024-07-19,09:23:00,2024-07-23,547.25,547.25,534.15,534.15,640,17520,0
FINNIFTY23JUL2424200PE.NFO,2024-07-19,09:24:00,2024-07-23,534.15,534.15,504.05,504.05,960,15760,0
FINNIFTY23JUL2424200PE.NFO,2024-07-19,09:25:00,2024-07-23,504.05,510.35,496.3,500.25,2320,15760,0
FINNIFTY23JUL2424200PE.NFO,2024-07-19,09:26:00,2024-07-23,500.25,504.55,497.7,501.75,4640,15760,0
FINNIFTY23JUL2424200PE.NFO,2024-07-19,09:27:00,2024-07-23,501.75,509.95,498.05,509.95,1000,11720,0
FINNIFTY23JUL2424200PE.NFO,2024-07-19,09:28:00,2024-07-23,509.95,509.95,494.9,494.9,400,11720,0
FINNIFTY23JUL2424200PE.NFO,2024-07-19,09:29:00,2024-07-23,494.9,508.05,494.9,495.5,1040,11720,0
FINNIFTY23JUL2424200PE.NFO,2024-07-19,09:30:00,2024-07-23,495.5,510.4,495.5,510.4,80,11320,0
FINNIFTY23JUL2424200PE.NFO,2024-07-19,09:31:00,2024-07-23,510.4,510.4,510.4,510.4,0,11320,0
FINNIFTY23JUL2424200PE.NFO,2024-07-19,09:32:00,2024-07-23,510.4,510.4,499.65,505.1,2600,11320,0
FINNIFTY23JUL2424200PE.NFO,2024-07-19,09:33:00,2024-07-23,505.1,511.35,485.5,490.85,4560,8880,0
FINNIFTY23JUL2424200PE.NFO,2024-07-19,09:34:00,2024-07-23,490.85,490.85,484.1,487.55,680,8880,0
FINNIFTY23JUL2424200PE.NFO,2024-07-19,09:35:00,2024-07-23,487.55,502.35,487.55,502.35,240,8880,0
FINNIFTY23JUL2424200PE.NFO,2024-07-19,09:36:00,2024-07-23,502.35,502.35,501.7,501.7,40,8880,0
FINNIFTY23JUL2424200PE.NFO,2024-07-19,09:37:00,2024-07-23,501.7,501.7,501.7,501.7,0,8880,0
FINNIFTY23JUL2424200PE.NFO,2024-07-19,09:38:00,2024-07-23,501.7,505.7,501.7,505.7,280,8480,0
FINNIFTY23JUL2424200PE.NFO,2024-07-19,09:39:00,2024-07-23,505.7,505.7,505.7,505.7,0,8480,0
FINNIFTY23JUL2424200PE.NFO,2024-07-19,09:40:00,2024-07-23,505.7,505.7,505.7,505.7,0,8480,0
FINNIFTY23JUL2424200PE.NFO,2024-07-19,09:41:00,2024-07-23,505.7,505.9,505.7,505.9,40,8280,0
FINNIFTY23JUL2424200PE.NFO,2024-07-19,09:42:00,2024-07-23,505.9,510.55,505.9,510.55,200,8240,0
FINNIFTY23JUL2424200PE.NFO,2024-07-19,09:43:00,2024-07-23,510.55,510.55,510.55,510.55,0,8240,0
FINNIFTY23JUL2424200PE.NFO,2024-07-19,09:44:00,2024-07-23,510.55,510.55,510.55,510.55,0,8240,0
FINNIFTY23JUL2424200PE.NFO,2024-07-19,09:45:00,2024-07-23,510.55,510.55,510.55,510.55,0,8240,0
FINNIFTY23JUL2424200PE.NFO,2024-07-19,09:46:00,2024-07-23,510.55,530.0,510.55,530.0,40,8000,0
FINNIFTY23JUL2424200PE.NFO,2024-07-19,09:47:00,2024-07-23,530.0,530.0,530.0,530.0,0,8000,0
FINNIFTY23JUL2424200PE.NFO,2024-07-19,09:48:00,2024-07-23,530.0,549.6,530.0,549.6,0,7840,0
FINNIFTY23JUL2424200PE.NFO,2024-07-19,09:49:00,2024-07-23,549.6,549.6,540.8,540.8,80,7840,0
FINNIFTY23JUL2424200PE.NFO,2024-07-19,09:50:00,2024-07-23,540.8,565.35,540.8,560.2,1400,7840,0
FINNIFTY23JUL2424200PE.NFO,2024-07-19,09:51:00,2024-07-23,560.2,567.95,556.5,556.5,720,7840,0
FINNIFTY23JUL2424200PE.NFO,2024-07-19,09:52:00,2024-07-23,556.5,556.5,556.5,556.5,0,7840,0
FINNIFTY23JUL2424200PE.NFO,2024-07-19,09:53:00,2024-07-23,556.5,569.3,556.5,566.4,80,7360,0
FINNIFTY23JUL2424200PE.NFO,2024-07-19,09:54:00,2024-07-23,566.4,566.4,566.4,566.4,0,7360,0
FINNIFTY23JUL2424200PE.NFO,2024-07-19,09:55:00,2024-07-23,566.4,566.4,566.4,566.4,0,7360,0
FINNIFTY23JUL2424200PE.NFO,2024-07-19,09:56:00,2024-07-23,566.4,566.4,550.3,550.3,120,7280,0
FINNIFTY23JUL2424200PE.NFO,2024-07-19,09:57:00,2024-07-23,550.3,550.3,550.3,550.3,0,7280,0
FINNIFTY23JUL2424200PE.NFO,2024-07-19,09:58:00,2024-07-23,550.3,550.3,550.3,550.3,0,7280,0
FINNIFTY23JUL2424200PE.NFO,2024-07-19,09:59:00,2024-07-23,550.3,550.3,550.3,550.3,0,7280,0
FINNIFTY23JUL2424200PE.NFO,2024-07-19,10:00:00,2024-07-23,550.3,550.3,550.3,550.3,0,7280,0
FINNIFTY23JUL2424200PE.NFO,2024-07-19,10:01:00,2024-07-23,550.3,550.3,550.3,550.3,0,7280,0
FINNIFTY23JUL2424200PE.NFO,2024-07-19,10:02:00,2024-07-23,550.3,550.3,550.3,550.3,0,7280,0
FINNIFTY23JUL2424200PE.NFO,2024-07-19,10:03:00,2024-07-23,550.3,550.3,550.3,550.3,0,7280,0
FINNIFTY23JUL2424200PE.NFO,2024-07-19,10:04:00,2024-07-23,550.3,550.3,550.3,550.3,0,7280,0
FINNIFTY23JUL2424200PE.NFO,2024-07-19,10:05:00,2024-07-23,550.3,550.3,550.3,550.3,0,7280,0
FINNIFTY23JUL2424200PE.NFO,2024-07-19,10:06:00,2024-07-23,550.3,550.3,550.3,550.3,0,7280,0
FINNIFTY23JUL2424200PE.NFO,2024-07-19,10:07:00,2024-07-23,550.3,550.3,550.3,550.3,0,7280,0
FINNIFTY23JUL2424200PE.NFO,2024-07-19,10:08:00,2024-07-23,550.3,550.3,550.3,550.3,0,7280,0
FINNIFTY23JUL2424200PE.NFO,2024-07-19,10:09:00,2024-07-23,550.3,550.3,550.3,550.3,0,7280,0
FINNIFTY23JUL2424200PE.NFO,2024-07-19,10:10:00,2024-07-23,550.3,550.3,550.3,550.3,0,7280,0
FINNIFTY23JUL2424200PE.NFO,2024-07-19,10:11:00,2024-07-23,550.3,600.05,550.3,600.05,40,7280,0
FINNIFTY23JUL2424200PE.NFO,2024-07-19,10:12:00,2024-07-23,600.05,600.05,600.05,600.05,0,7280,0
FINNIFTY23JUL2424200PE.NFO,2024-07-19,10:13:00,2024-07-23,600.05,600.05,600.05,600.05,0,7280,0
FINNIFTY23JUL2424200PE.NFO,2024-07-19,10:14:00,2024-07-23,600.05,600.05,600.05,600.05,0,7280,0
FINNIFTY23JUL2424200PE.NFO,2024-07-19,10:15:00,2024-07-23,600.05,600.05,600.05,600.05,0,7280,0
FINNIFTY23JUL2424200PE.NFO,2024-07-19,10:16:00,2024-07-23,600.05,600.05,600.05,600.05,0,7280,0
FINNIFTY23JUL2424200PE.NFO,2024-07-19,10:17:00,2024-07-23,600.05,600.05,600.05,600.05,0,7280,0
FINNIFTY23JUL2424200PE.NFO,2024-07-19,10:18:00,2024-07-23,600.05,600.05,572.8,572.8,200,7320,0
FINNIFTY23JUL2424200PE.NFO,2024-07-19,10:19:00,2024-07-23,572.8,572.8,572.8,572.8,0,7320,0
FINNIFTY23JUL2424200PE.NFO,2024-07-19,10:20:00,2024-07-23,572.8,572.8,572.8,572.8,0,7320,0
FINNIFTY23JUL2424200PE.NFO,2024-07-19,10:21:00,2024-07-23,572.8,572.8,572.8,572.8,0,7320,0
FINNIFTY23JUL2424200PE.NFO,2024-07-19,10:22:00,2024-07-23,572.8,572.8,572.8,572.8,0,7320,0
FINNIFTY23JUL2424200PE.NFO,2024-07-19,10:23:00,2024-07-23,572.8,572.8,572.8,572.8,0,7320,0
FINNIFTY23JUL2424200PE.NFO,2024-07-19,10:24:00,2024-07-23,572.8,572.8,572.8,572.8,0,7320,0
FINNIFTY23JUL2424200PE.NFO,2024-07-19,10:25:00,2024-07-23,572.8,572.8,572.8,572.8,0,7320,0
FINNIFTY23JUL2424200PE.NFO,2024-07-19,10:26:00,2024-07-23,572.8,572.8,572.8,572.8,0,7320,0
FINNIFTY23JUL2424200PE.NFO,2024-07-19,10:27:00,2024-07-23,572.8,572.8,545.45,545.45,280,7320,0
FINNIFTY23JUL2424200PE.NFO,2024-07-19,10:28:00,2024-07-23,545.45,545.45,545.45,545.45,0,7320,0
FINNIFTY23JUL2424200PE.NFO,2024-07-19,10:29:00,2024-07-23,545.45,545.45,545.45,545.45,0,7320,0
FINNIFTY23JUL2424200PE.NFO,2024-07-19,10:30:00,2024-07-23,545.45,545.45,544.5,544.5,200,7240,0
FINNIFTY23JUL2424200PE.NFO,2024-07-19,10:31:00,2024-07-23,544.5,556.0,544.5,556.0,40,7240,0
FINNIFTY23JUL2424200PE.NFO,2024-07-19,10:32:00,2024-07-23,556.0,556.0,551.85,551.85,40,7240,0
FINNIFTY23JUL2424200PE.NFO,2024-07-19,10:33:00,2024-07-23,551.85,551.85,551.85,551.85,0,7240,0
FINNIFTY23JUL2424200PE.NFO,2024-07-19,10:34:00,2024-07-23,551.85,551.85,551.85,551.85,0,7240,0
FINNIFTY23JUL2424200PE.NFO,2024-07-19,10:35:00,2024-07-23,551.85,551.85,551.85,551.85,0,7240,0
FINNIFTY23JUL2424200PE.NFO,2024-07-19,10:36:00,2024-07-23,551.85,551.85,551.85,551.85,0,7240,0
FINNIFTY23JUL2424200PE.NFO,2024-07-19,10:37:00,2024-07-23,551.85,551.85,551.85,551.85,0,7240,0
FINNIFTY23JUL2424200PE.NFO,2024-07-19,10:38:00,2024-07-23,551.85,551.85,551.85,551.85,0,7240,0
FINNIFTY23JUL2424200PE.NFO,2024-07-19,10:39:00,2024-07-23,551.85,551.85,551.85,551.85,0,7240,0
FINNIFTY23JUL2424200PE.NFO,2024-07-19,10:40:00,2024-07-23,551.85,551.85,551.85,551.85,0,7240,0
FINNIFTY23JUL2424200PE.NFO,2024-07-19,10:41:00,2024-07-23,551.85,551.85,551.85,551.85,0,7240,0
FINNIFTY23JUL2424200PE.NFO,2024-07-19,10:42:00,2024-07-23,551.85,551.85,551.85,551.85,0,7240,0
FINNIFTY23JUL2424200PE.NFO,2024-07-19,10:43:00,2024-07-23,551.85,551.85,551.85,551.85,0,7240,0
FINNIFTY23JUL2424200PE.NFO,2024-07-19,10:44:00,2024-07-23,551.85,551.85,551.85,551.85,0,7240,0
FINNIFTY23JUL2424200PE.NFO,2024-07-19,10:45:00,2024-07-23,551.85,551.85,551.85,551.85,0,7240,0
FINNIFTY23JUL2424200PE.NFO,2024-07-19,10:46:00,2024-07-23,551.85,568.7,551.85,568.7,80,7400,0
FINNIFTY23JUL2424200PE.NFO,2024-07-19,10:47:00,2024-07-23,568.7,568.7,568.7,568.7,0,7400,0
FINNIFTY23JUL2424200PE.NFO,2024-07-19,10:48:00,2024-07-23,568.7,585.7,568.7,585.7,320,7400,0
FINNIFTY23JUL2424200PE.NFO,2024-07-19,10:49:00,2024-07-23,585.7,585.7,577.6,577.6,200,7280,0
FINNIFTY23JUL2424200PE.NFO,2024-07-19,10:50:00,2024-07-23,577.6,577.6,577.6,577.6,0,7280,0
FINNIFTY23JUL2424200PE.NFO,2024-07-19,10:51:00,2024-07-23,577.6,577.6,577.6,577.6,0,7280,0
FINNIFTY23JUL2424200PE.NFO,2024-07-19,10:52:00,2024-07-23,577.6,577.6,577.6,577.6,0,7280,0
FINNIFTY23JUL2424200PE.NFO,2024-07-19,10:53:00,2024-07-23,577.6,583.7,577.6,583.7,200,7080,0
FINNIFTY23JUL2424200PE.NFO,2024-07-19,10:54:00,2024-07-23,583.7,583.7,583.7,583.7,0,7080,0
FINNIFTY23JUL2424200PE.NFO,2024-07-19,10:55:00,2024-07-23,583.7,597.25,583.7,597.25,40,6880,0
FINNIFTY23JUL2424200PE.NFO,2024-07-19,10:56:00,2024-07-23,597.25,597.25,589.75,589.75,40,6880,0
FINNIFTY23JUL2424200PE.NFO,2024-07-19,10:57:00,2024-07-23,589.75,589.75,589.75,589.75,0,6880,0
FINNIFTY23JUL2424200PE.NFO,2024-07-19,10:58:00,2024-07-23,589.75,589.75,589.75,589.75,0,6880,0
FINNIFTY23JUL2424200PE.NFO,2024-07-19,10:59:00,2024-07-23,589.75,628.55,589.75,628.55,40,6920,0
FINNIFTY23JUL2424200PE.NFO,2024-07-19,11:00:00,2024-07-23,628.55,628.55,628.55,628.55,0,6920,0
FINNIFTY23JUL2424200PE.NFO,2024-07-19,11:01:00,2024-07-23,628.55,628.55,628.55,628.55,0,6920,0
FINNIFTY23JUL2424200PE.NFO,2024-07-19,11:02:00,2024-07-23,628.55,628.55,628.55,628.55,0,6920,0
FINNIFTY23JUL2424200PE.NFO,2024-07-19,11:03:00,2024-07-23,628.55,628.55,621.3,621.3,40,6920,0
FINNIFTY23JUL2424200PE.NFO,2024-07-19,11:04:00,2024-07-23,621.3,621.3,621.3,621.3,0,6920,0
FINNIFTY23JUL2424200PE.NFO,2024-07-19,11:05:00,2024-07-23,621.3,621.3,621.3,621.3,0,6920,0
FINNIFTY23JUL2424200PE.NFO,2024-07-19,11:06:00,2024-07-23,621.3,621.3,621.3,621.3,0,6920,0
FINNIFTY23JUL2424200PE.NFO,2024-07-19,11:07:00,2024-07-23,621.3,621.3,621.3,621.3,0,6920,0
FINNIFTY23JUL2424200PE.NFO,2024-07-19,11:08:00,2024-07-23,621.3,621.3,621.3,621.3,0,6920,0
FINNIFTY23JUL2424200PE.NFO,2024-07-19,11:09:00,2024-07-23,621.3,621.3,621.3,621.3,0,6920,0
FINNIFTY23JUL2424200PE.NFO,2024-07-19,11:10:00,2024-07-23,621.3,621.3,621.3,621.3,0,6920,0
FINNIFTY23JUL2424200PE.NFO,2024-07-19,11:11:00,2024-07-23,621.3,621.3,621.3,621.3,0,6920,0
FINNIFTY23JUL2424200PE.NFO,2024-07-19,11:12:00,2024-07-23,621.3,621.3,621.3,621.3,0,6920,0
FINNIFTY23JUL2424200PE.NFO,2024-07-19,11:13:00,2024-07-23,621.3,621.3,621.3,621.3,0,6920,0
FINNIFTY23JUL2424200PE.NFO,2024-07-19,11:14:00,2024-07-23,621.3,621.3,621.3,621.3,0,6920,0
FINNIFTY23JUL2424200PE.NFO,2024-07-19,11:15:00,2024-07-23,621.3,621.3,621.3,621.3,0,6920,0
FINNIFTY23JUL2424200PE.NFO,2024-07-19,11:16:00,2024-07-23,621.3,621.3,621.3,621.3,0,6920,0
FINNIFTY23JUL2424200PE.NFO,2024-07-19,11:17:00,2024-07-23,621.3,625.95,621.3,625.95,40,6920,0
FINNIFTY23JUL2424200PE.NFO,2024-07-19,11:18:00,2024-07-23,625.95,625.95,625.95,625.95,0,6920,0
FINNIFTY23JUL2424200PE.NFO,2024-07-19,11:19:00,2024-07-23,625.95,625.95,625.95,625.95,0,6920,0
FINNIFTY23JUL2424200PE.NFO,2024-07-19,11:20:00,2024-07-23,625.95,625.95,625.95,625.95,0,6920,0
FINNIFTY23JUL2424200PE.NFO,2024-07-19,11:21:00,2024-07-23,625.95,625.95,625.95,625.95,0,6920,0
FINNIFTY23JUL2424200PE.NFO,2024-07-19,11:22:00,2024-07-23,625.95,625.95,625.95,625.95,0,6920,0
FINNIFTY23JUL2424200PE.NFO,2024-07-19,11:23:00,2024-07-23,625.95,625.95,599.45,599.45,40,6920,0
FINNIFTY23JUL2424200PE.NFO,2024-07-19,11:24:00,2024-07-23,599.45,599.45,599.45,599.45,0,6920,0
FINNIFTY23JUL2424200PE.NFO,2024-07-19,11:25:00,2024-07-23,599.45,599.45,599.45,599.45,0,6920,0
FINNIFTY23JUL2424200PE.NFO,2024-07-19,11:26:00,2024-07-23,599.45,599.45,599.45,599.45,0,6920,0
FINNIFTY23JUL2424200PE.NFO,2024-07-19,11:27:00,2024-07-23,599.45,599.45,599.45,599.45,0,6920,0
FINNIFTY23JUL2424200PE.NFO,2024-07-19,11:28:00,2024-07-23,599.45,599.45,599.45,599.45,0,6920,0
FINNIFTY23JUL2424200PE.NFO,2024-07-19,11:29:00,2024-07-23,599.45,599.45,599.45,599.45,0,6920,0
FINNIFTY23JUL2424200PE.NFO,2024-07-19,11:30:00,2024-07-23,599.45,599.45,599.45,599.45,0,6920,0
FINNIFTY23JUL2424200PE.NFO,2024-07-19,11:31:00,2024-07-23,599.45,599.45,599.45,599.45,0,6920,0
FINNIFTY23JUL2424200PE.NFO,2024-07-19,11:32:00,2024-07-23,599.45,599.45,599.45,599.45,0,6920,0
FINNIFTY23JUL2424200PE.NFO,2024-07-19,11:33:00,2024-07-23,599.45,599.45,599.45,599.45,0,6920,0
FINNIFTY23JUL2424200PE.NFO,2024-07-19,11:34:00,2024-07-23,599.45,599.45,599.45,599.45,0,6920,0
FINNIFTY23JUL2424200PE.NFO,2024-07-19,11:35:00,2024-07-23,599.45,599.45,599.45,599.45,0,6920,0
FINNIFTY23JUL2424200PE.NFO,2024-07-19,11:36:00,2024-07-23,599.45,599.45,599.45,599.45,0,6920,0
FINNIFTY23JUL2424200PE.NFO,2024-07-19,11:37:00,2024-07-23,599.45,599.45,599.45,599.45,0,6920,0
FINNIFTY23JUL2424200PE.NFO,2024-07-19,11:38:00,2024-07-23,599.45,599.45,599.45,599.45,0,6920,0
FINNIFTY23JUL2424200PE.NFO,2024-07-19,11:39:00,2024-07-23,599.45,599.45,599.45,599.45,0,6920,0
FINNIFTY23JUL2424200PE.NFO,2024-07-19,11:40:00,2024-07-23,599.45,599.45,599.45,599.45,0,6920,0
FINNIFTY23JUL2424200PE.NFO,2024-07-19,11:41:00,2024-07-23,599.45,599.45,599.45,599.45,0,6920,0
FINNIFTY23JUL2424200PE.NFO,2024-07-19,11:42:00,2024-07-23,599.45,599.45,599.45,599.45,0,6920,0
FINNIFTY23JUL2424200PE.NFO,2024-07-19,11:43:00,2024-07-23,599.45,617.9,599.45,617.9,80,6920,0
FINNIFTY23JUL2424200PE.NFO,2024-07-19,11:44:00,2024-07-23,617.9,617.9,617.9,617.9,0,6920,0
FINNIFTY23JUL2424200PE.NFO,2024-07-19,11:45:00,2024-07-23,617.9,617.9,617.9,617.9,0,6920,0
FINNIFTY23JUL2424200PE.NFO,2024-07-19,11:46:00,2024-07-23,617.9,617.9,617.9,617.9,0,6920,0
FINNIFTY23JUL2424200PE.NFO,2024-07-19,11:47:00,2024-07-23,617.9,617.9,617.9,617.9,0,6920,0
FINNIFTY23JUL2424200PE.NFO,2024-07-19,11:48:00,2024-07-23,617.9,617.9,617.9,617.9,0,6920,0
FINNIFTY23JUL2424200PE.NFO,2024-07-19,11:49:00,2024-07-23,617.9,617.9,617.9,617.9,0,6920,0
FINNIFTY23JUL2424200PE.NFO,2024-07-19,11:50:00,2024-07-23,617.9,617.9,617.9,617.9,0,6920,0
FINNIFTY23JUL2424200PE.NFO,2024-07-19,11:51:00,2024-07-23,617.9,617.9,615.95,615.95,40,6920,0
FINNIFTY23JUL2424200PE.NFO,2024-07-19,11:52:00,2024-07-23,615.95,615.95,615.95,615.95,0,6920,0
FINNIFTY23JUL2424200PE.NFO,2024-07-19,11:53:00,2024-07-23,615.95,615.95,615.95,615.95,0,6920,0
FINNIFTY23JUL2424200PE.NFO,2024-07-19,11:54:00,2024-07-23,615.95,615.95,615.95,615.95,0,6920,0
FINNIFTY23JUL2424200PE.NFO,2024-07-19,11:55:00,2024-07-23,615.95,615.95,615.95,615.95,0,6920,0
FINNIFTY23JUL2424200PE.NFO,2024-07-19,11:56:00,2024-07-23,615.95,615.95,607.0,607.0,40,6920,0
FINNIFTY23JUL2424200PE.NFO,2024-07-19,11:57:00,2024-07-23,607.0,607.0,607.0,607.0,0,6920,0
FINNIFTY23JUL2424200PE.NFO,2024-07-19,11:58:00,2024-07-23,607.0,607.0,596.55,596.55,40,6920,0
FINNIFTY23JUL2424200PE.NFO,2024-07-19,11:59:00,2024-07-23,596.55,596.55,596.55,596.55,0,6920,0
FINNIFTY23JUL2424200PE.NFO,2024-07-19,12:00:00,2024-07-23,596.55,596.55,596.55,596.55,0,6920,0
FINNIFTY23JUL2424200PE.NFO,2024-07-19,12:01:00,2024-07-23,596.55,596.55,596.55,596.55,0,6920,0
FINNIFTY23JUL2424200PE.NFO,2024-07-19,12:02:00,2024-07-23,596.55,608.1,596.55,608.1,40,6880,0
FINNIFTY23JUL2424200PE.NFO,2024-07-19,12:03:00,2024-07-23,608.1,608.1,608.1,608.1,0,6880,0
FINNIFTY23JUL2424200PE.NFO,2024-07-19,12:04:00,2024-07-23,608.1,608.1,608.1,608.1,0,6880,0
FINNIFTY23JUL2424200PE.NFO,2024-07-19,12:05:00,2024-07-23,608.1,608.1,608.1,608.1,0,6880,0
FINNIFTY23JUL2424200PE.NFO,2024-07-19,12:06:00,2024-07-23,608.1,608.1,608.1,608.1,0,6880,0
FINNIFTY23JUL2424200PE.NFO,2024-07-19,12:07:00,2024-07-23,608.1,608.1,608.1,608.1,0,6880,0
FINNIFTY23JUL2424200PE.NFO,2024-07-19,12:08:00,2024-07-23,608.1,608.1,608.1,608.1,0,6880,0
FINNIFTY23JUL2424200PE.NFO,2024-07-19,12:09:00,2024-07-23,608.1,608.1,608.1,608.1,0,6880,0
FINNIFTY23JUL2424200PE.NFO,2024-07-19,12:10:00,2024-07-23,608.1,608.1,608.1,608.1,0,6880,0
FINNIFTY23JUL2424200PE.NFO,2024-07-19,12:11:00,2024-07-23,608.1,608.1,608.1,608.1,0,6880,0
FINNIFTY23JUL2424200PE.NFO,2024-07-19,12:12:00,2024-07-23,608.1,608.1,608.1,608.1,0,6880,0
FINNIFTY23JUL2424200PE.NFO,2024-07-19,12:13:00,2024-07-23,608.1,608.1,608.1,608.1,0,6880,0
FINNIFTY23JUL2424200PE.NFO,2024-07-19,12:14:00,2024-07-23,608.1,608.1,608.1,608.1,0,6880,0
FINNIFTY23JUL2424200PE.NFO,2024-07-19,12:15:00,2024-07-23,608.1,608.1,608.1,608.1,0,6880,0
FINNIFTY23JUL2424200PE.NFO,2024-07-19,12:16:00,2024-07-23,608.1,608.1,608.1,608.1,0,6880,0
FINNIFTY23JUL2424200PE.NFO,2024-07-19,12:17:00,2024-07-23,608.1,608.1,608.1,608.1,0,6880,0
FINNIFTY23JUL2424200PE.NFO,2024-07-19,12:18:00,2024-07-23,608.1,608.1,608.1,608.1,0,6880,0
FINNIFTY23JUL2424200PE.NFO,2024-07-19,12:19:00,2024-07-23,608.1,608.1,593.85,593.85,200,6840,0
FINNIFTY23JUL2424200PE.NFO,2024-07-19,12:20:00,2024-07-23,593.85,593.85,593.85,593.85,0,6840,0
FINNIFTY23JUL2424200PE.NFO,2024-07-19,12:21:00,2024-07-23,593.85,593.85,593.85,593.85,0,6840,0
FINNIFTY23JUL2424200PE.NFO,2024-07-19,12:22:00,2024-07-23,593.85,593.85,593.85,593.85,0,6840,0
FINNIFTY23JUL2424200PE.NFO,2024-07-19,12:23:00,2024-07-23,593.85,593.85,593.85,593.85,0,6840,0
FINNIFTY23JUL2424200PE.NFO,2024-07-19,12:24:00,2024-07-23,593.85,593.85,593.85,593.85,0,6840,0
FINNIFTY23JUL2424200PE.NFO,2024-07-19,12:25:00,2024-07-23,593.85,607.5,593.85,607.5,40,6840,0
FINNIFTY23JUL2424200PE.NFO,2024-07-19,12:26:00,2024-07-23,607.5,607.5,607.5,607.5,0,6840,0
FINNIFTY23JUL2424200PE.NFO,2024-07-19,12:27:00,2024-07-23,607.5,607.5,607.5,607.5,0,6840,0
FINNIFTY23JUL2424200PE.NFO,2024-07-19,12:28:00,2024-07-23,607.5,607.5,607.5,607.5,0,6840,0
FINNIFTY23JUL2424200PE.NFO,2024-07-19,12:29:00,2024-07-23,607.5,607.5,607.5,607.5,0,6840,0
FINNIFTY23JUL2424200PE.NFO,2024-07-19,12:30:00,2024-07-23,607.5,607.5,607.5,607.5,0,6840,0
FINNIFTY23JUL2424200PE.NFO,2024-07-19,12:31:00,2024-07-23,607.5,613.45,607.5,613.45,40,6800,0
FINNIFTY23JUL2424200PE.NFO,2024-07-19,12:32:00,2024-07-23,613.45,613.45,613.45,613.45,0,6800,0
FINNIFTY23JUL2424200PE.NFO,2024-07-19,12:33:00,2024-07-23,613.45,613.45,613.45,613.45,0,6800,0
FINNIFTY23JUL2424200PE.NFO,2024-07-19,12:34:00,2024-07-23,613.45,613.45,613.45,613.45,0,6800,0
FINNIFTY23JUL2424200PE.NFO,2024-07-19,12:35:00,2024-07-23,613.45,613.45,613.45,613.45,0,6800,0
FINNIFTY23JUL2424200PE.NFO,2024-07-19,12:36:00,2024-07-23,613.45,613.45,613.45,613.45,0,6800,0
FINNIFTY23JUL2424200PE.NFO,2024-07-19,12:37:00,2024-07-23,613.45,613.45,613.45,613.45,0,6800,0
FINNIFTY23JUL2424200PE.NFO,2024-07-19,12:38:00,2024-07-23,613.45,613.45,613.45,613.45,0,6800,0
FINNIFTY23JUL2424200PE.NFO,2024-07-19,12:39:00,2024-07-23,613.45,613.45,613.45,613.45,0,6800,0
FINNIFTY23JUL2424200PE.NFO,2024-07-19,12:40:00,2024-07-23,613.45,613.45,613.45,613.45,0,6800,0
FINNIFTY23JUL2424200PE.NFO,2024-07-19,12:41:00,2024-07-23,613.45,613.45,613.45,613.45,0,6800,0
FINNIFTY23JUL2424200PE.NFO,2024-07-19,12:42:00,2024-07-23,613.45,613.45,613.45,613.45,0,6800,0
FINNIFTY23JUL2424200PE.NFO,2024-07-19,12:43:00,2024-07-23,613.45,613.45,613.45,613.45,0,6800,0
FINNIFTY23JUL2424200PE.NFO,2024-07-19,12:44:00,2024-07-23,613.45,613.45,613.45,613.45,0,6800,0
FINNIFTY23JUL2424200PE.NFO,2024-07-19,12:45:00,2024-07-23,613.45,613.45,613.45,613.45,0,6800,0
FINNIFTY23JUL2424200PE.NFO,2024-07-19,12:46:00,2024-07-23,613.45,613.45,613.45,613.45,0,6800,0
FINNIFTY23JUL2424200PE.NFO,2024-07-19,12:47:00,2024-07-23,613.45,613.45,613.45,613.45,0,6800,0
FINNIFTY23JUL2424200PE.NFO,2024-07-19,12:48:00,2024-07-23,613.45,624.75,613.45,624.75,40,6800,0
FINNIFTY23JUL2424200PE.NFO,2024-07-19,12:49:00,2024-07-23,624.75,624.75,624.75,624.75,0,6800,0
FINNIFTY23JUL2424200PE.NFO,2024-07-19,12:50:00,2024-07-23,624.75,624.75,624.75,624.75,0,6800,0
FINNIFTY23JUL2424200PE.NFO,2024-07-19,12:51:00,2024-07-23,624.75,624.75,624.75,624.75,0,6800,0
FINNIFTY23JUL2424200PE.NFO,2024-07-19,12:52:00,2024-07-23,624.75,624.75,624.75,624.75,0,6800,0
FINNIFTY23JUL2424200PE.NFO,2024-07-19,12:53:00,2024-07-23,624.75,624.75,624.75,624.75,0,6800,0
FINNIFTY23JUL2424200PE.NFO,2024-07-19,12:54:00,2024-07-23,624.75,624.75,615.9,615.9,40,6800,0
FINNIFTY23JUL2424200PE.NFO,2024-07-19,12:55:00,2024-07-23,615.9,615.9,615.9,615.9,0,6800,0
FINNIFTY23JUL2424200PE.NFO,2024-07-19,12:56:00,2024-07-23,615.9,615.9,615.9,615.9,0,6800,0
FINNIFTY23JUL2424200PE.NFO,2024-07-19,12:57:00,2024-07-23,615.9,615.9,615.9,615.9,0,6800,0
FINNIFTY23JUL2424200PE.NFO,2024-07-19,12:58:00,2024-07-23,615.9,615.9,615.9,615.9,0,6800,0
FINNIFTY23JUL2424200PE.NFO,2024-07-19,12:59:00,2024-07-23,615.9,615.9,615.9,615.9,0,6800,0
FINNIFTY23JUL2424200PE.NFO,2024-07-19,13:00:00,2024-07-23,615.9,615.9,615.9,615.9,0,6800,0
FINNIFTY23JUL2424200PE.NFO,2024-07-19,13:01:00,2024-07-23,615.9,615.9,615.9,615.9,0,6800,0
FINNIFTY23JUL2424200PE.NFO,2024-07-19,13:02:00,2024-07-23,615.9,615.9,615.9,615.9,0,6800,0
FINNIFTY23JUL2424200PE.NFO,2024-07-19,13:03:00,2024-07-23,615.9,615.9,615.9,615.9,0,6800,0
FINNIFTY23JUL2424200PE.NFO,2024-07-19,13:04:00,2024-07-23,615.9,615.9,615.9,615.9,0,6800,0
FINNIFTY23JUL2424200PE.NFO,2024-07-19,13:05:00,2024-07-23,615.9,615.9,615.9,615.9,0,6800,0
FINNIFTY23JUL2424200PE.NFO,2024-07-19,13:06:00,2024-07-23,615.9,615.9,615.9,615.9,0,6800,0
FINNIFTY23JUL2424200PE.NFO,2024-07-19,13:07:00,2024-07-23,615.9,615.9,615.9,615.9,0,6800,0
FINNIFTY23JUL2424200PE.NFO,2024-07-19,13:08:00,2024-07-23,615.9,615.9,615.9,615.9,0,6800,0
FINNIFTY23JUL2424200PE.NFO,2024-07-19,13:09:00,2024-07-23,615.9,615.9,615.9,615.9,0,6800,0
FINNIFTY23JUL2424200PE.NFO,2024-07-19,13:10:00,2024-07-23,615.9,615.9,615.9,615.9,0,6800,0
FINNIFTY23JUL2424200PE.NFO,2024-07-19,13:11:00,2024-07-23,615.9,615.9,615.9,615.9,0,6800,0
FINNIFTY23JUL2424200PE.NFO,2024-07-19,13:12:00,2024-07-23,615.9,615.9,615.9,615.9,0,6800,0
FINNIFTY23JUL2424200PE.NFO,2024-07-19,13:13:00,2024-07-23,615.9,615.9,615.9,615.9,0,6800,0
FINNIFTY23JUL2424200PE.NFO,2024-07-19,13:14:00,2024-07-23,615.9,615.9,615.9,615.9,0,6800,0
FINNIFTY23JUL2424200PE.NFO,2024-07-19,13:15:00,2024-07-23,615.9,615.9,615.9,615.9,0,6800,0
FINNIFTY23JUL2424200PE.NFO,2024-07-19,13:16:00,2024-07-23,615.9,615.9,615.9,615.9,0,6800,0
FINNIFTY23JUL2424200PE.NFO,2024-07-19,13:17:00,2024-07-23,615.9,615.9,615.9,615.9,0,6800,0
FINNIFTY23JUL2424200PE.NFO,2024-07-19,13:18:00,2024-07-23,615.9,615.9,615.9,615.9,0,6800,0
FINNIFTY23JUL2424200PE.NFO,2024-07-19,13:19:00,2024-07-23,615.9,615.9,615.9,615.9,0,6800,0
FINNIFTY23JUL2424200PE.NFO,2024-07-19,13:20:00,2024-07-23,615.9,615.9,615.9,615.9,0,6800,0
FINNIFTY23JUL2424200PE.NFO,2024-07-19,13:21:00,2024-07-23,615.9,615.9,615.9,615.9,0,6800,0
FINNIFTY23JUL2424200PE.NFO,2024-07-19,13:22:00,2024-07-23,615.9,615.9,615.9,615.9,0,6800,0
FINNIFTY23JUL2424200PE.NFO,2024-07-19,13:23:00,2024-07-23,615.9,615.9,615.9,615.9,0,6800,0
FINNIFTY23JUL2424200PE.NFO,2024-07-19,13:24:00,2024-07-23,615.9,615.9,615.9,615.9,0,6800,0
FINNIFTY23JUL2424200PE.NFO,2024-07-19,13:25:00,2024-07-23,615.9,615.9,615.9,615.9,0,6800,0
FINNIFTY23JUL2424200PE.NFO,2024-07-19,13:26:00,2024-07-23,615.9,615.9,615.9,615.9,0,6800,0
FINNIFTY23JUL2424200PE.NFO,2024-07-19,13:27:00,2024-07-23,615.9,615.9,615.9,615.9,0,6800,0
FINNIFTY23JUL2424200PE.NFO,2024-07-19,13:28:00,2024-07-23,615.9,615.9,615.9,615.9,0,6800,0
FINNIFTY23JUL2424200PE.NFO,2024-07-19,13:29:00,2024-07-23,615.9,615.9,615.9,615.9,0,6800,0
FINNIFTY23JUL2424200PE.NFO,2024-07-19,13:30:00,2024-07-23,615.9,615.9,615.9,615.9,0,6800,0
FINNIFTY23JUL2424200PE.NFO,2024-07-19,13:31:00,2024-07-23,615.9,615.9,615.9,615.9,0,6800,0
FINNIFTY23JUL2424200PE.NFO,2024-07-19,13:32:00,2024-07-23,615.9,615.9,615.9,615.9,0,6800,0
FINNIFTY23JUL2424200PE.NFO,2024-07-19,13:33:00,2024-07-23,615.9,615.9,615.9,615.9,0,6800,0
FINNIFTY23JUL2424200PE.NFO,2024-07-19,13:34:00,2024-07-23,615.9,615.9,615.9,615.9,0,6800,0
FINNIFTY23JUL2424200PE.NFO,2024-07-19,13:35:00,2024-07-23,615.9,615.9,615.9,615.9,0,6800,0
FINNIFTY23JUL2424200PE.NFO,2024-07-19,13:36:00,2024-07-23,615.9,615.9,615.9,615.9,0,6800,0
FINNIFTY23JUL2424200PE.NFO,2024-07-19,13:37:00,2024-07-23,615.9,615.9,615.9,615.9,0,6800,0
FINNIFTY23JUL2424200PE.NFO,2024-07-19,13:38:00,2024-07-23,615.9,615.9,615.9,615.9,0,6800,0
FINNIFTY23JUL2424200PE.NFO,2024-07-19,13:39:00,2024-07-23,615.9,615.9,615.9,615.9,0,6800,0
FINNIFTY23JUL2424200PE.NFO,2024-07-19,13:40:00,2024-07-23,615.9,615.9,615.9,615.9,0,6800,0
FINNIFTY23JUL2424200PE.NFO,2024-07-19,13:41:00,2024-07-23,615.9,615.9,615.9,615.9,0,6800,0
FINNIFTY23JUL2424200PE.NFO,2024-07-19,13:42:00,2024-07-23,615.9,615.9,615.9,615.9,0,6800,0
FINNIFTY23JUL2424200PE.NFO,2024-07-19,13:43:00,2024-07-23,615.9,615.9,615.9,615.9,0,6800,0
FINNIFTY23JUL2424200PE.NFO,2024-07-19,13:44:00,2024-07-23,615.9,615.9,615.9,615.9,0,6800,0
FINNIFTY23JUL2424200PE.NFO,2024-07-19,13:45:00,2024-07-23,615.9,615.9,615.9,615.9,0,6800,0
FINNIFTY23JUL2424200PE.NFO,2024-07-19,13:46:00,2024-07-23,615.9,615.9,615.9,615.9,0,6800,0
FINNIFTY23JUL2424200PE.NFO,2024-07-19,13:47:00,2024-07-23,615.9,615.9,615.9,615.9,0,6800,0
FINNIFTY23JUL2424200PE.NFO,2024-07-19,13:48:00,2024-07-23,615.9,615.9,615.9,615.9,0,6800,0
FINNIFTY23JUL2424200PE.NFO,2024-07-19,13:49:00,2024-07-23,615.9,615.9,615.9,615.9,0,6800,0
FINNIFTY23JUL2424200PE.NFO,2024-07-19,13:50:00,2024-07-23,615.9,615.9,615.9,615.9,0,6800,0
FINNIFTY23JUL2424200PE.NFO,2024-07-19,13:51:00,2024-07-23,615.9,615.9,585.85,585.85,160,6800,0
FINNIFTY23JUL2424200PE.NFO,2024-07-19,13:52:00,2024-07-23,585.85,585.85,585.85,585.85,0,6800,0
FINNIFTY23JUL2424200PE.NFO,2024-07-19,13:53:00,2024-07-23,585.85,585.85,585.85,585.85,0,6800,0
FINNIFTY23JUL2424200PE.NFO,2024-07-19,13:54:00,2024-07-23,585.85,585.85,585.85,585.85,0,6800,0
FINNIFTY23JUL2424200PE.NFO,2024-07-19,13:55:00,2024-07-23,585.85,585.85,585.85,585.85,0,6800,0
FINNIFTY23JUL2424200PE.NFO,2024-07-19,13:56:00,2024-07-23,585.85,585.85,585.85,585.85,0,6800,0
FINNIFTY23JUL2424200PE.NFO,2024-07-19,13:57:00,2024-07-23,585.85,585.85,585.85,585.85,0,6800,0
FINNIFTY23JUL2424200PE.NFO,2024-07-19,13:58:00,2024-07-23,585.85,585.85,585.85,585.85,0,6800,0
FINNIFTY23JUL2424200PE.NFO,2024-07-19,13:59:00,2024-07-23,585.85,585.85,585.85,585.85,0,6800,0
FINNIFTY23JUL2424200PE.NFO,2024-07-19,14:00:00,2024-07-23,585.85,585.85,585.85,585.85,0,6800,0
FINNIFTY23JUL2424200PE.NFO,2024-07-19,14:01:00,2024-07-23,585.85,585.85,585.85,585.85,0,6800,0
FINNIFTY23JUL2424200PE.NFO,2024-07-19,14:02:00,2024-07-23,585.85,585.85,585.85,585.85,0,6800,0
FINNIFTY23JUL2424200PE.NFO,2024-07-19,14:03:00,2024-07-23,585.85,606.45,585.85,606.45,200,6960,0
FINNIFTY23JUL2424200PE.NFO,2024-07-19,14:04:00,2024-07-23,606.45,606.45,606.45,606.45,0,6960,0
FINNIFTY23JUL2424200PE.NFO,2024-07-19,14:05:00,2024-07-23,606.45,606.45,606.45,606.45,0,6960,0
FINNIFTY23JUL2424200PE.NFO,2024-07-19,14:06:00,2024-07-23,606.45,606.45,606.45,606.45,0,6960,0
FINNIFTY23JUL2424200PE.NFO,2024-07-19,14:07:00,2024-07-23,606.45,606.45,606.45,606.45,0,6960,0
FINNIFTY23JUL2424200PE.NFO,2024-07-19,14:08:00,2024-07-23,606.45,606.45,606.45,606.45,0,6960,0
FINNIFTY23JUL2424200PE.NFO,2024-07-19,14:09:00,2024-07-23,606.45,606.45,606.45,606.45,0,6960,0
FINNIFTY23JUL2424200PE.NFO,2024-07-19,14:10:00,2024-07-23,606.45,606.45,606.45,606.45,0,6960,0
FINNIFTY23JUL2424200PE.NFO,2024-07-19,14:11:00,2024-07-23,606.45,606.45,606.45,606.45,0,6960,0
FINNIFTY23JUL2424200PE.NFO,2024-07-19,14:12:00,2024-07-23,606.45,606.45,606.45,606.45,0,6960,0
FINNIFTY23JUL2424200PE.NFO,2024-07-19,14:13:00,2024-07-23,606.45,606.45,606.45,606.45,0,6960,0
FINNIFTY23JUL2424200PE.NFO,2024-07-19,14:14:00,2024-07-23,606.45,606.45,606.45,606.45,0,6960,0
FINNIFTY23JUL2424200PE.NFO,2024-07-19,14:15:00,2024-07-23,606.45,606.45,606.45,606.45,0,6960,0
FINNIFTY23JUL2424200PE.NFO,2024-07-19,14:16:00,2024-07-23,606.45,606.45,606.45,606.45,0,6960,0
FINNIFTY23JUL2424200PE.NFO,2024-07-19,14:17:00,2024-07-23,606.45,606.45,606.45,606.45,0,6960,0
FINNIFTY23JUL2424200PE.NFO,2024-07-19,14:18:00,2024-07-23,606.45,606.45,606.45,606.45,0,6960,0
FINNIFTY23JUL2424200PE.NFO,2024-07-19,14:19:00,2024-07-23,606.45,606.45,606.45,606.45,0,6960,0
FINNIFTY23JUL2424200PE.NFO,2024-07-19,14:20:00,2024-07-23,606.45,606.45,606.45,606.45,0,6960,0
FINNIFTY23JUL2424200PE.NFO,2024-07-19,14:21:00,2024-07-23,606.45,606.45,606.45,606.45,0,6960,0
FINNIFTY23JUL2424200PE.NFO,2024-07-19,14:22:00,2024-07-23,606.45,606.45,606.45,606.45,0,6960,0
FINNIFTY23JUL2424200PE.NFO,2024-07-19,14:23:00,2024-07-23,606.45,606.45,606.45,606.45,0,6960,0
FINNIFTY23JUL2424200PE.NFO,2024-07-19,14:24:00,2024-07-23,606.45,606.45,606.45,606.45,0,6960,0
FINNIFTY23JUL2424200PE.NFO,2024-07-19,14:25:00,2024-07-23,606.45,606.45,606.45,606.45,0,6960,0
FINNIFTY23JUL2424200PE.NFO,2024-07-19,14:26:00,2024-07-23,606.45,606.45,606.45,606.45,0,6960,0
FINNIFTY23JUL2424200PE.NFO,2024-07-19,14:27:00,2024-07-23,606.45,606.45,606.45,606.45,0,6960,0
FINNIFTY23JUL2424200PE.NFO,2024-07-19,14:28:00,2024-07-23,606.45,606.45,606.45,606.45,0,6960,0
FINNIFTY23JUL2424200PE.NFO,2024-07-19,14:29:00,2024-07-23,606.45,606.45,606.45,606.45,0,6960,0
FINNIFTY23JUL2424200PE.NFO,2024-07-19,14:30:00,2024-07-23,606.45,606.45,606.45,606.45,0,6960,0
FINNIFTY23JUL2424200PE.NFO,2024-07-19,14:31:00,2024-07-23,606.45,606.45,606.45,606.45,0,6960,0
FINNIFTY23JUL2424200PE.NFO,2024-07-19,14:32:00,2024-07-23,606.45,606.45,606.45,606.45,0,6960,0
FINNIFTY23JUL2424200PE.NFO,2024-07-19,14:33:00,2024-07-23,606.45,606.45,606.45,606.45,0,6960,0
FINNIFTY23JUL2424200PE.NFO,2024-07-19,14:34:00,2024-07-23,606.45,606.45,606.45,606.45,0,6960,0
FINNIFTY23JUL2424200PE.NFO,2024-07-19,14:35:00,2024-07-23,606.45,606.45,606.45,606.45,0,6960,0
FINNIFTY23JUL2424200PE.NFO,2024-07-19,14:36:00,2024-07-23,606.45,606.45,606.45,606.45,0,6960,0
FINNIFTY23JUL2424200PE.NFO,2024-07-19,14:37:00,2024-07-23,606.45,606.45,606.45,606.45,0,6960,0
FINNIFTY23JUL2424200PE.NFO,2024-07-19,14:38:00,2024-07-23,606.45,606.45,606.45,606.45,0,6960,0
FINNIFTY23JUL2424200PE.NFO,2024-07-19,14:39:00,2024-07-23,606.45,606.45,606.45,606.45,0,6960,0
FINNIFTY23JUL2424200PE.NFO,2024-07-19,14:40:00,2024-07-23,606.45,606.45,606.45,606.45,0,6960,0
FINNIFTY23JUL2424200PE.NFO,2024-07-19,14:41:00,2024-07-23,606.45,606.45,606.45,606.45,0,6960,0
FINNIFTY23JUL2424200PE.NFO,2024-07-19,14:42:00,2024-07-23,606.45,606.45,606.45,606.45,0,6960,0
FINNIFTY23JUL2424200PE.NFO,2024-07-19,14:43:00,2024-07-23,606.45,606.45,606.45,606.45,0,6960,0
FINNIFTY23JUL2424200PE.NFO,2024-07-19,14:44:00,2024-07-23,606.45,606.45,606.45,606.45,0,6960,0
FINNIFTY23JUL2424200PE.NFO,2024-07-19,14:45:00,2024-07-23,606.45,606.45,606.45,606.45,0,6960,0
FINNIFTY23JUL2424200PE.NFO,2024-07-19,14:46:00,2024-07-23,606.45,606.45,606.45,606.45,0,6960,0
FINNIFTY23JUL2424200PE.NFO,2024-07-19,14:47:00,2024-07-23,606.45,606.45,606.45,606.45,0,6960,0
FINNIFTY23JUL2424200PE.NFO,2024-07-19,14:48:00,2024-07-23,606.45,606.45,606.45,606.45,0,6960,0
FINNIFTY23JUL2424200PE.NFO,2024-07-19,14:49:00,2024-07-23,606.45,606.45,606.45,606.45,0,6960,0
FINNIFTY23JUL2424200PE.NFO,2024-07-19,14:50:00,2024-07-23,606.45,606.45,606.45,606.45,0,6960,0
FINNIFTY23JUL2424200PE.NFO,2024-07-19,14:51:00,2024-07-23,606.45,606.45,606.45,606.45,0,6960,0
FINNIFTY23JUL2424200PE.NFO,2024-07-19,14:52:00,2024-07-23,606.45,606.45,606.45,606.45,0,6960,0
FINNIFTY23JUL2424200PE.NFO,2024-07-19,14:53:00,2024-07-23,606.45,606.45,606.45,606.45,0,6960,0
FINNIFTY23JUL2424200PE.NFO,2024-07-19,14:54:00,2024-07-23,606.45,631.0,606.45,631.0,40,6920,0
FINNIFTY23JUL2424200PE.NFO,2024-07-19,14:55:00,2024-07-23,631.0,631.0,631.0,631.0,0,6920,0
FINNIFTY23JUL2424200PE.NFO,2024-07-19,14:56:00,2024-07-23,631.0,631.0,631.0,631.0,0,6920,0
FINNIFTY23JUL2424200PE.NFO,2024-07-19,14:57:00,2024-07-23,631.0,631.0,631.0,631.0,0,6920,0
FINNIFTY23JUL2424200PE.NFO,2024-07-19,14:58:00,2024-07-23,631.0,631.0,631.0,631.0,0,6920,0
FINNIFTY23JUL2424200PE.NFO,2024-07-19,14:59:00,2024-07-23,631.0,631.0,628.0,628.0,160,6920,0
FINNIFTY23JUL2424200PE.NFO,2024-07-19,15:00:00,2024-07-23,628.0,629.75,624.85,629.75,80,6920,0
FINNIFTY23JUL2424200PE.NFO,2024-07-19,15:01:00,2024-07-23,629.75,629.75,628.35,628.35,80,6920,0
FINNIFTY23JUL2424200PE.NFO,2024-07-19,15:02:00,2024-07-23,628.35,628.35,628.35,628.35,0,6920,0
FINNIFTY23JUL2424200PE.NFO,2024-07-19,15:03:00,2024-07-23,628.35,628.35,628.35,628.35,0,6920,0
FINNIFTY23JUL2424200PE.NFO,2024-07-19,15:04:00,2024-07-23,628.35,628.35,628.35,628.35,0,6920,0
FINNIFTY23JUL2424200PE.NFO,2024-07-19,15:05:00,2024-07-23,628.35,628.35,628.35,628.35,0,6920,0
FINNIFTY23JUL2424200PE.NFO,2024-07-19,15:06:00,2024-07-23,628.35,628.35,628.35,628.35,0,6920,0
FINNIFTY23JUL2424200PE.NFO,2024-07-19,15:07:00,2024-07-23,628.35,628.35,628.35,628.35,0,6920,0
FINNIFTY23JUL2424200PE.NFO,2024-07-19,15:08:00,2024-07-23,628.35,628.35,628.35,628.35,0,6920,0
FINNIFTY23JUL2424200PE.NFO,2024-07-19,15:09:00,2024-07-23,628.35,628.35,628.35,628.35,0,6920,0
FINNIFTY23JUL2424200PE.NFO,2024-07-19,15:10:00,2024-07-23,628.35,628.35,628.35,628.35,0,6920,0
FINNIFTY23JUL2424200PE.NFO,2024-07-19,15:11:00,2024-07-23,628.35,628.35,628.35,628.35,0,6920,0
FINNIFTY23JUL2424200PE.NFO,2024-07-19,15:12:00,2024-07-23,628.35,628.35,628.35,628.35,0,6920,0
FINNIFTY23JUL2424200PE.NFO,2024-07-19,15:13:00,2024-07-23,628.35,628.35,628.35,628.35,0,6920,0
FINNIFTY23JUL2424200PE.NFO,2024-07-19,15:14:00,2024-07-23,628.35,628.35,628.35,628.35,0,6920,0
FINNIFTY23JUL2424200PE.NFO,2024-07-19,15:15:00,2024-07-23,628.35,638.75,628.35,638.75,80,6680,0
FINNIFTY23JUL2424200PE.NFO,2024-07-19,15:16:00,2024-07-23,638.75,638.75,638.75,638.75,0,6680,0
FINNIFTY23JUL2424200PE.NFO,2024-07-19,15:17:00,2024-07-23,638.75,639.95,638.75,639.95,40,6600,0
FINNIFTY23JUL2424200PE.NFO,2024-07-19,15:18:00,2024-07-23,639.95,639.95,639.95,639.95,0,6600,0
FINNIFTY23JUL2424200PE.NFO,2024-07-19,15:19:00,2024-07-23,639.95,639.95,639.95,639.95,0,6600,0
FINNIFTY23JUL2424200PE.NFO,2024-07-19,15:20:00,2024-07-23,639.95,639.95,639.95,639.95,0,6600,0
FINNIFTY23JUL2424200PE.NFO,2024-07-19,15:21:00,2024-07-23,639.95,639.95,639.95,639.95,0,6600,0
FINNIFTY23JUL2424200PE.NFO,2024-07-19,15:22:00,2024-07-23,639.95,639.95,639.95,639.95,0,6600,0
FINNIFTY23JUL2424200PE.NFO,2024-07-19,15:23:00,2024-07-23,639.95,639.95,639.95,639.95,0,6600,0
FINNIFTY23JUL2424200PE.NFO,2024-07-19,15:24:00,2024-07-23,639.95,639.95,639.95,639.95,0,6600,0
FINNIFTY23JUL2424200PE.NFO,2024-07-19,15:25:00,2024-07-23,639.95,662.8,639.95,662.8,40,6600,0
FINNIFTY23JUL2424200PE.NFO,2024-07-19,15:26:00,2024-07-23,662.8,662.8,662.8,662.8,0,6600,0
FINNIFTY23JUL2424200PE.NFO,2024-07-19,15:27:00,2024-07-23,662.8,662.8,662.8,662.8,0,6600,0
FINNIFTY23JUL2424200PE.NFO,2024-07-19,15:28:00,2024-07-23,662.8,662.8,662.8,662.8,0,6600,0
FINNIFTY23JUL2424200PE.NFO,2024-07-19,15:29:00,2024-07-23,662.8,664.95,657.15,657.15,120,6560,0
FINNIFTY23JUL2424200PE.NFO,2024-07-19,15:30:00,2024-07-23,657.15,657.15,657.15,657.15,120,6560,1
FINNIFTY23JUL2424200PE.NFO,2024-07-22,09:15:00,2024-07-23,730.65,730.65,730.65,730.65,0,6480,0
FINNIFTY23JUL2424200PE.NFO,2024-07-22,09:16:00,2024-07-23,730.65,736.0,730.65,736.0,80,6480,0
FINNIFTY23JUL2424200PE.NFO,2024-07-22,09:17:00,2024-07-23,736.0,736.0,736.0,736.0,0,6480,0
FINNIFTY23JUL2424200PE.NFO,2024-07-22,09:18:00,2024-07-23,736.0,737.45,736.0,737.45,80,6480,0
FINNIFTY23JUL2424200PE.NFO,2024-07-22,09:19:00,2024-07-23,737.45,737.45,737.45,737.45,0,6480,0
FINNIFTY23JUL2424200PE.NFO,2024-07-22,09:20:00,2024-07-23,737.45,737.45,737.45,737.45,0,6480,0
FINNIFTY23JUL2424200PE.NFO,2024-07-22,09:21:00,2024-07-23,737.45,737.45,735.0,735.0,400,6440,0
FINNIFTY23JUL2424200PE.NFO,2024-07-22,09:22:00,2024-07-23,735.0,736.1,735.0,736.1,400,6440,0
FINNIFTY23JUL2424200PE.NFO,2024-07-22,09:23:00,2024-07-23,736.1,736.1,736.1,736.1,0,6440,0
FINNIFTY23JUL2424200PE.NFO,2024-07-22,09:24:00,2024-07-23,736.1,736.1,736.1,736.1,0,6440,0
FINNIFTY23JUL2424200PE.NFO,2024-07-22,09:25:00,2024-07-23,736.1,736.1,725.8,725.8,0,6120,0
FINNIFTY23JUL2424200PE.NFO,2024-07-22,09:26:00,2024-07-23,725.8,725.8,718.35,718.35,160,6120,0
FINNIFTY23JUL2424200PE.NFO,2024-07-22,09:27:00,2024-07-23,718.35,718.35,707.45,707.45,200,6120,0
FINNIFTY23JUL2424200PE.NFO,2024-07-22,09:28:00,2024-07-23,707.45,707.45,707.45,707.45,0,6120,0
FINNIFTY23JUL2424200PE.NFO,2024-07-22,09:29:00,2024-07-23,707.45,707.45,707.45,707.45,0,6120,0
FINNIFTY23JUL2424200PE.NFO,2024-07-22,09:30:00,2024-07-23,707.45,707.45,707.45,707.45,0,6120,0
FINNIFTY23JUL2424200PE.NFO,2024-07-22,09:31:00,2024-07-23,707.45,707.45,689.4,689.4,40,6120,0
FINNIFTY23JUL2424200PE.NFO,2024-07-22,09:32:00,2024-07-23,689.4,689.4,689.4,689.4,0,6120,0
FINNIFTY23JUL2424200PE.NFO,2024-07-22,09:33:00,2024-07-23,689.4,689.4,689.4,689.4,0,6120,0
FINNIFTY23JUL2424200PE.NFO,2024-07-22,09:34:00,2024-07-23,689.4,689.4,689.4,689.4,0,6120,0
FINNIFTY23JUL2424200PE.NFO,2024-07-22,09:35:00,2024-07-23,689.4,689.4,689.4,689.4,0,6120,0
FINNIFTY23JUL2424200PE.NFO,2024-07-22,09:36:00,2024-07-23,689.4,689.4,689.4,689.4,0,6120,0
FINNIFTY23JUL2424200PE.NFO,2024-07-22,09:37:00,2024-07-23,689.4,689.4,689.4,689.4,0,6120,0
FINNIFTY23JUL2424200PE.NFO,2024-07-22,09:38:00,2024-07-23,689.4,689.4,689.4,689.4,0,6120,0
FINNIFTY23JUL2424200PE.NFO,2024-07-22,09:39:00,2024-07-23,689.4,689.4,689.4,689.4,0,6120,0
FINNIFTY23JUL2424200PE.NFO,2024-07-22,09:40:00,2024-07-23,689.4,689.4,623.6,623.6,200,6160,0
FINNIFTY23JUL2424200PE.NFO,2024-07-22,09:41:00,2024-07-23,623.6,623.6,623.6,623.6,0,6160,0
FINNIFTY23JUL2424200PE.NFO,2024-07-22,09:42:00,2024-07-23,623.6,623.6,623.6,623.6,0,6160,0
FINNIFTY23JUL2424200PE.NFO,2024-07-22,09:43:00,2024-07-23,623.6,623.6,623.6,623.6,0,6160,0
FINNIFTY23JUL2424200PE.NFO,2024-07-22,09:44:00,2024-07-23,623.6,623.6,623.6,623.6,0,6160,0
FINNIFTY23JUL2424200PE.NFO,2024-07-22,09:45:00,2024-07-23,623.6,623.6,623.6,623.6,0,6160,0
FINNIFTY23JUL2424200PE.NFO,2024-07-22,09:46:00,2024-07-23,623.6,623.6,623.6,623.6,0,6160,0
FINNIFTY23JUL2424200PE.NFO,2024-07-22,09:47:00,2024-07-23,623.6,623.6,619.9,619.9,40,6160,0
FINNIFTY23JUL2424200PE.NFO,2024-07-22,09:48:00,2024-07-23,619.9,619.9,619.9,619.9,0,6160,0
FINNIFTY23JUL2424200PE.NFO,2024-07-22,09:49:00,2024-07-23,619.9,619.9,611.45,611.45,200,6160,0
FINNIFTY23JUL2424200PE.NFO,2024-07-22,09:50:00,2024-07-23,611.45,611.45,611.45,611.45,0,6160,0
FINNIFTY23JUL2424200PE.NFO,2024-07-22,09:51:00,2024-07-23,611.45,611.45,611.45,611.45,0,6160,0
FINNIFTY23JUL2424200PE.NFO,2024-07-22,09:52:00,2024-07-23,611.45,611.45,611.45,611.45,0,6160,0
FINNIFTY23JUL2424200PE.NFO,2024-07-22,09:53:00,2024-07-23,611.45,611.45,607.4,607.45,240,6160,0
FINNIFTY23JUL2424200PE.NFO,2024-07-22,09:54:00,2024-07-23,607.45,607.45,607.45,607.45,0,6160,0
FINNIFTY23JUL2424200PE.NFO,2024-07-22,09:55:00,2024-07-23,607.45,607.45,607.45,607.45,0,6160,0
FINNIFTY23JUL2424200PE.NFO,2024-07-22,09:56:00,2024-07-23,607.45,607.45,607.45,607.45,0,6160,0
FINNIFTY23JUL2424200PE.NFO,2024-07-22,09:57:00,2024-07-23,607.45,607.45,607.45,607.45,0,6160,0
FINNIFTY23JUL2424200PE.NFO,2024-07-22,09:58:00,2024-07-23,607.45,607.45,607.45,607.45,0,6160,0
FINNIFTY23JUL2424200PE.NFO,2024-07-22,09:59:00,2024-07-23,607.45,607.45,607.45,607.45,0,6160,0
FINNIFTY23JUL2424200PE.NFO,2024-07-22,10:00:00,2024-07-23,607.45,607.45,607.45,607.45,0,6160,0
FINNIFTY23JUL2424200PE.NFO,2024-07-22,10:01:00,2024-07-23,607.45,607.45,607.45,607.45,0,6160,0
FINNIFTY23JUL2424200PE.NFO,2024-07-22,10:02:00,2024-07-23,607.45,607.45,607.45,607.45,0,6160,0
FINNIFTY23JUL2424200PE.NFO,2024-07-22,10:03:00,2024-07-23,607.45,607.45,607.45,607.45,0,6160,0
FINNIFTY23JUL2424200PE.NFO,2024-07-22,10:04:00,2024-07-23,607.45,607.45,590.6,591.35,320,5960,0
FINNIFTY23JUL2424200PE.NFO,2024-07-22,10:05:00,2024-07-23,591.35,591.35,591.35,591.35,0,5960,0
FINNIFTY23JUL2424200PE.NFO,2024-07-22,10:06:00,2024-07-23,591.35,591.35,570.7,570.7,80,5960,0
FINNIFTY23JUL2424200PE.NFO,2024-07-22,10:07:00,2024-07-23,570.7,570.7,570.7,570.7,0,5960,0
FINNIFTY23JUL2424200PE.NFO,2024-07-22,10:08:00,2024-07-23,570.7,588.2,570.7,588.2,40,5720,0
FINNIFTY23JUL2424200PE.NFO,2024-07-22,10:09:00,2024-07-23,588.2,588.2,588.2,588.2,0,5720,0
FINNIFTY23JUL2424200PE.NFO,2024-07-22,10:10:00,2024-07-23,588.2,588.2,579.0,579.0,80,5760,0
FINNIFTY23JUL2424200PE.NFO,2024-07-22,10:11:00,2024-07-23,579.0,579.0,579.0,579.0,0,5760,0
FINNIFTY23JUL2424200PE.NFO,2024-07-22,10:12:00,2024-07-23,579.0,579.0,579.0,579.0,0,5760,0
FINNIFTY23JUL2424200PE.NFO,2024-07-22,10:13:00,2024-07-23,579.0,579.0,579.0,579.0,0,5760,0
FINNIFTY23JUL2424200PE.NFO,2024-07-22,10:14:00,2024-07-23,579.0,579.0,579.0,579.0,0,5760,0
FINNIFTY23JUL2424200PE.NFO,2024-07-22,10:15:00,2024-07-23,579.0,579.0,579.0,579.0,0,5760,0
FINNIFTY23JUL2424200PE.NFO,2024-07-22,10:16:00,2024-07-23,579.0,579.0,564.0,564.0,40,5680,0
FINNIFTY23JUL2424200PE.NFO,2024-07-22,10:17:00,2024-07-23,564.0,564.35,564.0,564.35,120,5680,0
FINNIFTY23JUL2424200PE.NFO,2024-07-22,10:18:00,2024-07-23,564.35,578.05,564.35,578.05,600,5680,0
FINNIFTY23JUL2424200PE.NFO,2024-07-22,10:19:00,2024-07-23,578.05,578.05,578.05,578.05,0,5680,0
FINNIFTY23JUL2424200PE.NFO,2024-07-22,10:20:00,2024-07-23,578.05,578.05,578.05,578.05,0,5680,0
FINNIFTY23JUL2424200PE.NFO,2024-07-22,10:21:00,2024-07-23,578.05,578.05,578.05,578.05,0,5680,0
FINNIFTY23JUL2424200PE.NFO,2024-07-22,10:22:00,2024-07-23,578.05,578.05,578.05,578.05,0,5680,0
FINNIFTY23JUL2424200PE.NFO,2024-07-22,10:23:00,2024-07-23,578.05,578.05,578.05,578.05,0,5680,0
FINNIFTY23JUL2424200PE.NFO,2024-07-22,10:24:00,2024-07-23,578.05,578.05,578.05,578.05,0,5680,0
FINNIFTY23JUL2424200PE.NFO,2024-07-22,10:25:00,2024-07-23,578.05,578.05,578.05,578.05,0,5680,0
FINNIFTY23JUL2424200PE.NFO,2024-07-22,10:26:00,2024-07-23,578.05,578.05,578.05,578.05,0,5680,0
FINNIFTY23JUL2424200PE.NFO,2024-07-22,10:27:00,2024-07-23,578.05,578.05,578.05,578.05,0,5680,0
FINNIFTY23JUL2424200PE.NFO,2024-07-22,10:28:00,2024-07-23,578.05,578.05,578.05,578.05,0,5680,0
FINNIFTY23JUL2424200PE.NFO,2024-07-22,10:29:00,2024-07-23,578.05,578.05,578.05,578.05,0,5680,0
FINNIFTY23JUL2424200PE.NFO,2024-07-22,10:30:00,2024-07-23,578.05,578.05,566.75,566.75,40,5680,0
FINNIFTY23JUL2424200PE.NFO,2024-07-22,10:31:00,2024-07-23,566.75,566.75,561.4,561.5,240,5720,0
FINNIFTY23JUL2424200PE.NFO,2024-07-22,10:32:00,2024-07-23,561.5,565.5,561.5,565.5,200,5720,0
FINNIFTY23JUL2424200PE.NFO,2024-07-22,10:33:00,2024-07-23,565.5,565.5,554.9,554.9,40,5720,0
FINNIFTY23JUL2424200PE.NFO,2024-07-22,10:34:00,2024-07-23,554.9,556.4,554.9,556.4,80,5720,0
FINNIFTY23JUL2424200PE.NFO,2024-07-22,10:35:00,2024-07-23,556.4,556.4,556.4,556.4,0,5720,0
FINNIFTY23JUL2424200PE.NFO,2024-07-22,10:36:00,2024-07-23,556.4,556.4,556.4,556.4,0,5720,0
FINNIFTY23JUL2424200PE.NFO,2024-07-22,10:37:00,2024-07-23,556.4,556.4,556.4,556.4,0,5720,0
FINNIFTY23JUL2424200PE.NFO,2024-07-22,10:38:00,2024-07-23,556.4,556.4,556.4,556.4,0,5720,0
FINNIFTY23JUL2424200PE.NFO,2024-07-22,10:39:00,2024-07-23,556.4,556.4,556.4,556.4,0,5720,0
FINNIFTY23JUL2424200PE.NFO,2024-07-22,10:40:00,2024-07-23,556.4,556.4,556.4,556.4,0,5720,0
FINNIFTY23JUL2424200PE.NFO,2024-07-22,10:41:00,2024-07-23,556.4,556.4,556.4,556.4,0,5720,0
FINNIFTY23JUL2424200PE.NFO,2024-07-22,10:42:00,2024-07-23,556.4,556.4,556.4,556.4,0,5720,0
FINNIFTY23JUL2424200PE.NFO,2024-07-22,10:43:00,2024-07-23,556.4,556.4,556.4,556.4,0,5720,0
FINNIFTY23JUL2424200PE.NFO,2024-07-22,10:44:00,2024-07-23,556.4,556.4,556.4,556.4,0,5720,0
FINNIFTY23JUL2424200PE.NFO,2024-07-22,10:45:00,2024-07-23,556.4,556.4,556.4,556.4,0,5720,0
FINNIFTY23JUL2424200PE.NFO,2024-07-22,10:46:00,2024-07-23,556.4,556.4,556.4,556.4,0,5720,0
FINNIFTY23JUL2424200PE.NFO,2024-07-22,10:47:00,2024-07-23,556.4,556.4,556.4,556.4,0,5720,0
FINNIFTY23JUL2424200PE.NFO,2024-07-22,10:48:00,2024-07-23,556.4,556.4,555.8,555.8,40,5720,0
FINNIFTY23JUL2424200PE.NFO,2024-07-22,10:49:00,2024-07-23,555.8,555.8,555.8,555.8,0,5720,0
FINNIFTY23JUL2424200PE.NFO,2024-07-22,10:50:00,2024-07-23,555.8,555.8,555.8,555.8,0,5720,0
FINNIFTY23JUL2424200PE.NFO,2024-07-22,10:51:00,2024-07-23,555.8,555.8,555.8,555.8,0,5720,0
FINNIFTY23JUL2424200PE.NFO,2024-07-22,10:52:00,2024-07-23,555.8,555.8,555.8,555.8,0,5720,0
FINNIFTY23JUL2424200PE.NFO,2024-07-22,10:53:00,2024-07-23,555.8,555.8,555.8,555.8,0,5720,0
FINNIFTY23JUL2424200PE.NFO,2024-07-22,10:54:00,2024-07-23,555.8,555.8,555.8,555.8,0,5720,0
FINNIFTY23JUL2424200PE.NFO,2024-07-22,10:55:00,2024-07-23,555.8,555.8,555.8,555.8,0,5720,0
FINNIFTY23JUL2424200PE.NFO,2024-07-22,10:56:00,2024-07-23,555.8,555.8,555.8,555.8,0,5720,0
FINNIFTY23JUL2424200PE.NFO,2024-07-22,10:57:00,2024-07-23,555.8,555.8,555.8,555.8,0,5720,0
FINNIFTY23JUL2424200PE.NFO,2024-07-22,10:58:00,2024-07-23,555.8,567.25,555.8,567.25,80,5680,0
FINNIFTY23JUL2424200PE.NFO,2024-07-22,10:59:00,2024-07-23,567.25,567.25,567.25,567.25,0,5680,0
FINNIFTY23JUL2424200PE.NFO,2024-07-22,11:00:00,2024-07-23,567.25,567.25,567.25,567.25,0,5680,0
FINNIFTY23JUL2424200PE.NFO,2024-07-22,11:01:00,2024-07-23,567.25,567.25,567.25,567.25,0,5680,0
FINNIFTY23JUL2424200PE.NFO,2024-07-22,11:02:00,2024-07-23,567.25,597.15,567.25,593.45,80,5680,0
FINNIFTY23JUL2424200PE.NFO,2024-07-22,11:03:00,2024-07-23,593.45,593.45,593.45,593.45,0,5680,0
FINNIFTY23JUL2424200PE.NFO,2024-07-22,11:04:00,2024-07-23,593.45,593.45,593.45,593.45,0,5680,0
FINNIFTY23JUL2424200PE.NFO,2024-07-22,11:05:00,2024-07-23,593.45,593.45,588.6,588.6,40,5600,0
FINNIFTY23JUL2424200PE.NFO,2024-07-22,11:06:00,2024-07-23,588.6,588.6,588.6,588.6,0,5600,0
FINNIFTY23JUL2424200PE.NFO,2024-07-22,11:07:00,2024-07-23,588.6,588.6,588.6,588.6,0,5600,0
FINNIFTY23JUL2424200PE.NFO,2024-07-22,11:08:00,2024-07-23,588.6,588.6,588.6,588.6,0,5600,0
FINNIFTY23JUL2424200PE.NFO,2024-07-22,11:09:00,2024-07-23,588.6,588.6,588.6,588.6,0,5600,0
FINNIFTY23JUL2424200PE.NFO,2024-07-22,11:10:00,2024-07-23,588.6,588.6,588.6,588.6,0,5600,0
FINNIFTY23JUL2424200PE.NFO,2024-07-22,11:11:00,2024-07-23,588.6,588.6,588.6,588.6,0,5600,0
FINNIFTY23JUL2424200PE.NFO,2024-07-22,11:12:00,2024-07-23,588.6,588.6,588.6,588.6,0,5600,0
FINNIFTY23JUL2424200PE.NFO,2024-07-22,11:13:00,2024-07-23,588.6,588.6,588.6,588.6,0,5600,0
FINNIFTY23JUL2424200PE.NFO,2024-07-22,11:14:00,2024-07-23,588.6,588.6,588.6,588.6,0,5600,0
FINNIFTY23JUL2424200PE.NFO,2024-07-22,11:15:00,2024-07-23,588.6,588.6,588.6,588.6,0,5600,0
FINNIFTY23JUL2424200PE.NFO,2024-07-22,11:16:00,2024-07-23,588.6,588.6,588.6,588.6,0,5600,0
FINNIFTY23JUL2424200PE.NFO,2024-07-22,11:17:00,2024-07-23,588.6,588.6,588.6,588.6,0,5600,0
FINNIFTY23JUL2424200PE.NFO,2024-07-22,11:18:00,2024-07-23,588.6,588.6,588.6,588.6,0,5600,0
FINNIFTY23JUL2424200PE.NFO,2024-07-22,11:19:00,2024-07-23,588.6,588.6,588.6,588.6,0,5600,0
FINNIFTY23JUL2424200PE.NFO,2024-07-22,11:20:00,2024-07-23,588.6,588.6,588.6,588.6,0,5600,0
FINNIFTY23JUL2424200PE.NFO,2024-07-22,11:21:00,2024-07-23,588.6,588.6,588.6,588.6,0,5600,0
FINNIFTY23JUL2424200PE.NFO,2024-07-22,11:22:00,2024-07-23,588.6,599.7,588.6,599.7,200,5560,0
FINNIFTY23JUL2424200PE.NFO,2024-07-22,11:23:00,2024-07-23,599.7,599.7,599.7,599.7,0,5560,0
FINNIFTY23JUL2424200PE.NFO,2024-07-22,11:24:00,2024-07-23,599.7,599.7,599.7,599.7,0,5560,0
FINNIFTY23JUL2424200PE.NFO,2024-07-22,11:25:00,2024-07-23,599.7,599.7,599.7,599.7,0,5560,0
FINNIFTY23JUL2424200PE.NFO,2024-07-22,11:26:00,2024-07-23,599.7,599.7,599.7,599.7,0,5560,0
FINNIFTY23JUL2424200PE.NFO,2024-07-22,11:27:00,2024-07-23,599.7,599.7,599.7,599.7,0,5560,0
FINNIFTY23JUL2424200PE.NFO,2024-07-22,11:28:00,2024-07-23,599.7,599.7,599.7,599.7,0,5560,0
FINNIFTY23JUL2424200PE.NFO,2024-07-22,11:29:00,2024-07-23,599.7,599.7,599.7,599.7,0,5560,0
FINNIFTY23JUL2424200PE.NFO,2024-07-22,11:30:00,2024-07-23,599.7,599.7,599.7,599.7,0,5560,0
FINNIFTY23JUL2424200PE.NFO,2024-07-22,11:31:00,2024-07-23,599.7,599.7,599.7,599.7,0,5560,0
FINNIFTY23JUL2424200PE.NFO,2024-07-22,11:32:00,2024-07-23,599.7,599.7,599.7,599.7,0,5560,0
FINNIFTY23JUL2424200PE.NFO,2024-07-22,11:33:00,2024-07-23,599.7,599.7,599.7,599.7,0,5560,0
FINNIFTY23JUL2424200PE.NFO,2024-07-22,11:34:00,2024-07-23,599.7,599.7,599.7,599.7,0,5560,0
FINNIFTY23JUL2424200PE.NFO,2024-07-22,11:35:00,2024-07-23,599.7,599.7,599.7,599.7,0,5560,0
FINNIFTY23JUL2424200PE.NFO,2024-07-22,11:36:00,2024-07-23,599.7,599.7,599.7,599.7,0,5560,0
FINNIFTY23JUL2424200PE.NFO,2024-07-22,11:37:00,2024-07-23,599.7,599.7,599.7,599.7,0,5560,0
FINNIFTY23JUL2424200PE.NFO,2024-07-22,11:38:00,2024-07-23,599.7,599.7,599.7,599.7,0,5560,0
FINNIFTY23JUL2424200PE.NFO,2024-07-22,11:39:00,2024-07-23,599.7,599.7,599.7,599.7,0,5560,0
FINNIFTY23JUL2424200PE.NFO,2024-07-22,11:40:00,2024-07-23,599.7,599.7,599.7,599.7,0,5560,0
FINNIFTY23JUL2424200PE.NFO,2024-07-22,11:41:00,2024-07-23,599.7,599.7,599.7,599.7,0,5560,0
FINNIFTY23JUL2424200PE.NFO,2024-07-22,11:42:00,2024-07-23,599.7,599.7,599.7,599.7,0,5560,0
FINNIFTY23JUL2424200PE.NFO,2024-07-22,11:43:00,2024-07-23,599.7,599.7,599.7,599.7,0,5560,0
FINNIFTY23JUL2424200PE.NFO,2024-07-22,11:44:00,2024-07-23,599.7,599.7,599.7,599.7,0,5560,0
FINNIFTY23JUL2424200PE.NFO,2024-07-22,11:45:00,2024-07-23,599.7,599.7,589.8,589.8,40,5560,0
FINNIFTY23JUL2424200PE.NFO,2024-07-22,11:46:00,2024-07-23,589.8,589.8,589.8,589.8,0,5560,0
FINNIFTY23JUL2424200PE.NFO,2024-07-22,11:47:00,2024-07-23,589.8,589.8,589.8,589.8,0,5560,0
FINNIFTY23JUL2424200PE.NFO,2024-07-22,11:48:00,2024-07-23,589.8,589.8,589.8,589.8,0,5560,0
FINNIFTY23JUL2424200PE.NFO,2024-07-22,11:49:00,2024-07-23,589.8,589.8,589.8,589.8,0,5560,0
FINNIFTY23JUL2424200PE.NFO,2024-07-22,11:50:00,2024-07-23,589.8,589.8,589.8,589.8,0,5560,0
FINNIFTY23JUL2424200PE.NFO,2024-07-22,11:51:00,2024-07-23,589.8,589.8,589.8,589.8,0,5560,0
FINNIFTY23JUL2424200PE.NFO,2024-07-22,11:52:00,2024-07-23,589.8,589.8,589.8,589.8,0,5560,0
FINNIFTY23JUL2424200PE.NFO,2024-07-22,11:53:00,2024-07-23,589.8,601.65,589.8,601.65,1360,5560,0
FINNIFTY23JUL2424200PE.NFO,2024-07-22,11:54:00,2024-07-23,601.65,601.65,601.65,601.65,0,5560,0
FINNIFTY23JUL2424200PE.NFO,2024-07-22,11:55:00,2024-07-23,601.65,601.65,601.65,601.65,0,5560,0
FINNIFTY23JUL2424200PE.NFO,2024-07-22,11:56:00,2024-07-23,601.65,601.65,601.65,601.65,0,5560,0
FINNIFTY23JUL2424200PE.NFO,2024-07-22,11:57:00,2024-07-23,601.65,601.65,601.65,601.65,0,5560,0
FINNIFTY23JUL2424200PE.NFO,2024-07-22,11:58:00,2024-07-23,601.65,601.65,601.65,601.65,0,5560,0
FINNIFTY23JUL2424200PE.NFO,2024-07-22,11:59:00,2024-07-23,601.65,601.65,601.65,601.65,0,5560,0
FINNIFTY23JUL2424200PE.NFO,2024-07-22,12:00:00,2024-07-23,601.65,601.65,601.65,601.65,0,5560,0
FINNIFTY23JUL2424200PE.NFO,2024-07-22,12:01:00,2024-07-23,601.65,601.65,601.65,601.65,0,5560,0
FINNIFTY23JUL2424200PE.NFO,2024-07-22,12:02:00,2024-07-23,601.65,601.65,601.65,601.65,0,5560,0
FINNIFTY23JUL2424200PE.NFO,2024-07-22,12:03:00,2024-07-23,601.65,601.65,601.65,601.65,0,5560,0
FINNIFTY23JUL2424200PE.NFO,2024-07-22,12:04:00,2024-07-23,601.65,601.65,601.65,601.65,0,5560,0
FINNIFTY23JUL2424200PE.NFO,2024-07-22,12:05:00,2024-07-23,601.65,601.65,601.65,601.65,0,5560,0
FINNIFTY23JUL2424200PE.NFO,2024-07-22,12:06:00,2024-07-23,601.65,601.65,601.65,601.65,0,5560,0
FINNIFTY23JUL2424200PE.NFO,2024-07-22,12:07:00,2024-07-23,601.65,606.35,601.65,606.35,120,4960,0
FINNIFTY23JUL2424200PE.NFO,2024-07-22,12:08:00,2024-07-23,606.35,607.25,606.35,607.25,1240,4960,0
FINNIFTY23JUL2424200PE.NFO,2024-07-22,12:09:00,2024-07-23,607.25,607.25,607.25,607.25,0,4960,0
FINNIFTY23JUL2424200PE.NFO,2024-07-22,12:10:00,2024-07-23,607.25,607.25,607.25,607.25,0,4960,0
FINNIFTY23JUL2424200PE.NFO,2024-07-22,12:11:00,2024-07-23,607.25,607.25,607.25,607.25,0,4960,0
FINNIFTY23JUL2424200PE.NFO,2024-07-22,12:12:00,2024-07-23,607.25,607.25,607.25,607.25,0,4960,0
FINNIFTY23JUL2424200PE.NFO,2024-07-22,12:13:00,2024-07-23,607.25,609.25,607.25,609.25,200,5920,0
FINNIFTY23JUL2424200PE.NFO,2024-07-22,12:14:00,2024-07-23,609.25,609.25,609.25,609.25,0,5920,0
FINNIFTY23JUL2424200PE.NFO,2024-07-22,12:15:00,2024-07-23,609.25,609.25,609.25,609.25,0,5920,0
FINNIFTY23JUL2424200PE.NFO,2024-07-22,12:16:00,2024-07-23,609.25,609.25,609.25,609.25,0,5920,0
FINNIFTY23JUL2424200PE.NFO,2024-07-22,12:17:00,2024-07-23,609.25,609.25,609.25,609.25,0,5920,0
FINNIFTY23JUL2424200PE.NFO,2024-07-22,12:18:00,2024-07-23,609.25,609.25,609.25,609.25,0,5920,0
FINNIFTY23JUL2424200PE.NFO,2024-07-22,12:19:00,2024-07-23,609.25,609.25,609.25,609.25,0,5920,0
FINNIFTY23JUL2424200PE.NFO,2024-07-22,12:20:00,2024-07-23,609.25,609.25,609.25,609.25,0,5920,0
FINNIFTY23JUL2424200PE.NFO,2024-07-22,12:21:00,2024-07-23,609.25,609.25,609.25,609.25,0,5920,0
FINNIFTY23JUL2424200PE.NFO,2024-07-22,12:22:00,2024-07-23,609.25,615.7,609.25,615.7,0,6120,0
FINNIFTY23JUL2424200PE.NFO,2024-07-22,12:23:00,2024-07-23,615.7,615.7,615.7,615.7,0,6120,0
FINNIFTY23JUL2424200PE.NFO,2024-07-22,12:24:00,2024-07-23,615.7,615.7,615.7,615.7,0,6120,0
FINNIFTY23JUL2424200PE.NFO,2024-07-22,12:25:00,2024-07-23,615.7,615.7,615.7,615.7,0,6120,0
FINNIFTY23JUL2424200PE.NFO,2024-07-22,12:26:00,2024-07-23,615.7,631.0,615.7,630.75,160,6160,0
FINNIFTY23JUL2424200PE.NFO,2024-07-22,12:27:00,2024-07-23,630.75,630.75,630.75,630.75,0,6160,0
FINNIFTY23JUL2424200PE.NFO,2024-07-22,12:28:00,2024-07-23,630.75,630.75,630.75,630.75,0,6160,0
FINNIFTY23JUL2424200PE.NFO,2024-07-22,12:29:00,2024-07-23,630.75,630.75,630.75,630.75,0,6160,0
FINNIFTY23JUL2424200PE.NFO,2024-07-22,12:30:00,2024-07-23,630.75,630.75,630.75,630.75,0,6160,0
FINNIFTY23JUL2424200PE.NFO,2024-07-22,12:31:00,2024-07-23,630.75,642.3,630.75,642.3,40,6000,0
FINNIFTY23JUL2424200PE.NFO,2024-07-22,12:32:00,2024-07-23,642.3,642.3,642.3,642.3,0,6000,0
FINNIFTY23JUL2424200PE.NFO,2024-07-22,12:33:00,2024-07-23,642.3,642.3,642.3,642.3,0,6000,0
FINNIFTY23JUL2424200PE.NFO,2024-07-22,12:34:00,2024-07-23,642.3,642.3,642.3,642.3,0,6000,0
FINNIFTY23JUL2424200PE.NFO,2024-07-22,12:35:00,2024-07-23,642.3,642.3,642.3,642.3,0,6000,0
FINNIFTY23JUL2424200PE.NFO,2024-07-22,12:36:00,2024-07-23,642.3,642.3,642.3,642.3,0,6000,0
FINNIFTY23JUL2424200PE.NFO,2024-07-22,12:37:00,2024-07-23,642.3,642.3,642.3,642.3,0,6000,0
FINNIFTY23JUL2424200PE.NFO,2024-07-22,12:38:00,2024-07-23,642.3,642.3,642.3,642.3,0,6000,0
FINNIFTY23JUL2424200PE.NFO,2024-07-22,12:39:00,2024-07-23,642.3,642.3,642.3,642.3,0,6000,0
FINNIFTY23JUL2424200PE.NFO,2024-07-22,12:40:00,2024-07-23,642.3,642.3,642.3,642.3,0,6000,0
FINNIFTY23JUL2424200PE.NFO,2024-07-22,12:41:00,2024-07-23,642.3,642.3,642.3,642.3,0,6000,0
FINNIFTY23JUL2424200PE.NFO,2024-07-22,12:42:00,2024-07-23,642.3,642.3,642.3,642.3,0,6000,0
FINNIFTY23JUL2424200PE.NFO,2024-07-22,12:43:00,2024-07-23,642.3,642.3,642.3,642.3,0,6000,0
FINNIFTY23JUL2424200PE.NFO,2024-07-22,12:44:00,2024-07-23,642.3,642.3,642.3,642.3,0,6000,0
FINNIFTY23JUL2424200PE.NFO,2024-07-22,12:45:00,2024-07-23,642.3,642.3,642.3,642.3,0,6000,0
FINNIFTY23JUL2424200PE.NFO,2024-07-22,12:46:00,2024-07-23,642.3,642.3,642.3,642.3,0,6000,0
FINNIFTY23JUL2424200PE.NFO,2024-07-22,12:47:00,2024-07-23,642.3,642.3,642.3,642.3,0,6000,0
FINNIFTY23JUL2424200PE.NFO,2024-07-22,12:48:00,2024-07-23,642.3,642.3,642.3,642.3,0,6000,0
FINNIFTY23JUL2424200PE.NFO,2024-07-22,12:49:00,2024-07-23,642.3,642.3,642.3,642.3,0,6000,0
FINNIFTY23JUL2424200PE.NFO,2024-07-22,12:50:00,2024-07-23,642.3,642.3,642.3,642.3,0,6000,0
FINNIFTY23JUL2424200PE.NFO,2024-07-22,12:51:00,2024-07-23,642.3,642.3,642.3,642.3,0,6000,0
FINNIFTY23JUL2424200PE.NFO,2024-07-22,12:52:00,2024-07-23,642.3,642.3,642.3,642.3,0,6000,0
FINNIFTY23JUL2424200PE.NFO,2024-07-22,12:53:00,2024-07-23,642.3,642.3,642.3,642.3,0,6000,0
FINNIFTY23JUL2424200PE.NFO,2024-07-22,12:54:00,2024-07-23,642.3,642.3,642.3,642.3,0,6000,0
FINNIFTY23JUL2424200PE.NFO,2024-07-22,12:55:00,2024-07-23,642.3,642.3,642.3,642.3,0,6000,0
FINNIFTY23JUL2424200PE.NFO,2024-07-22,12:56:00,2024-07-23,642.3,642.3,642.3,642.3,0,6000,0
FINNIFTY23JUL2424200PE.NFO,2024-07-22,12:57:00,2024-07-23,642.3,642.3,642.3,642.3,0,6000,0
FINNIFTY23JUL2424200PE.NFO,2024-07-22,12:58:00,2024-07-23,642.3,642.3,642.3,642.3,0,6000,0
FINNIFTY23JUL2424200PE.NFO,2024-07-22,12:59:00,2024-07-23,642.3,642.3,642.3,642.3,0,6000,0
FINNIFTY23JUL2424200PE.NFO,2024-07-22,13:00:00,2024-07-23,642.3,642.3,642.3,642.3,0,6000,0
FINNIFTY23JUL2424200PE.NFO,2024-07-22,13:01:00,2024-07-23,642.3,642.3,642.3,642.3,0,6000,0
FINNIFTY23JUL2424200PE.NFO,2024-07-22,13:02:00,2024-07-23,642.3,642.3,642.3,642.3,0,6000,0
FINNIFTY23JUL2424200PE.NFO,2024-07-22,13:03:00,2024-07-23,642.3,642.3,642.3,642.3,0,6000,0
FINNIFTY23JUL2424200PE.NFO,2024-07-22,13:04:00,2024-07-23,642.3,642.3,620.1,620.1,320,6040,0
FINNIFTY23JUL2424200PE.NFO,2024-07-22,13:05:00,2024-07-23,620.1,620.1,620.1,620.1,0,6040,0
FINNIFTY23JUL2424200PE.NFO,2024-07-22,13:06:00,2024-07-23,620.1,620.1,620.1,620.1,0,6040,0
FINNIFTY23JUL2424200PE.NFO,2024-07-22,13:07:00,2024-07-23,620.1,620.1,620.1,620.1,0,6040,0
FINNIFTY23JUL2424200PE.NFO,2024-07-22,13:08:00,2024-07-23,620.1,620.1,620.1,620.1,0,6040,0
FINNIFTY23JUL2424200PE.NFO,2024-07-22,13:09:00,2024-07-23,620.1,620.1,620.1,620.1,0,6040,0
FINNIFTY23JUL2424200PE.NFO,2024-07-22,13:10:00,2024-07-23,620.1,620.1,620.1,620.1,0,6040,0
FINNIFTY23JUL2424200PE.NFO,2024-07-22,13:11:00,2024-07-23,620.1,620.1,620.1,620.1,0,6040,0
FINNIFTY23JUL2424200PE.NFO,2024-07-22,13:12:00,2024-07-23,620.1,620.1,620.1,620.1,0,6040,0
FINNIFTY23JUL2424200PE.NFO,2024-07-22,13:13:00,2024-07-23,620.1,620.1,620.1,620.1,0,6040,0
FINNIFTY23JUL2424200PE.NFO,2024-07-22,13:14:00,2024-07-23,620.1,620.1,620.1,620.1,0,6040,0
FINNIFTY23JUL2424200PE.NFO,2024-07-22,13:15:00,2024-07-23,620.1,620.1,610.65,610.65,40,6000,0
FINNIFTY23JUL2424200PE.NFO,2024-07-22,13:16:00,2024-07-23,610.65,610.65,610.65,610.65,0,6000,0
FINNIFTY23JUL2424200PE.NFO,2024-07-22,13:17:00,2024-07-23,610.65,610.65,610.65,610.65,0,6000,0
FINNIFTY23JUL2424200PE.NFO,2024-07-22,13:18:00,2024-07-23,610.65,610.65,610.65,610.65,0,6000,0
FINNIFTY23JUL2424200PE.NFO,2024-07-22,13:19:00,2024-07-23,610.65,610.65,610.65,610.65,0,6000,0
FINNIFTY23JUL2424200PE.NFO,2024-07-22,13:20:00,2024-07-23,610.65,610.65,610.65,610.65,0,6000,0
FINNIFTY23JUL2424200PE.NFO,2024-07-22,13:21:00,2024-07-23,610.65,610.65,609.4,609.4,40,6000,0
FINNIFTY23JUL2424200PE.NFO,2024-07-22,13:22:00,2024-07-23,609.4,609.4,609.4,609.4,0,6000,0
FINNIFTY23JUL2424200PE.NFO,2024-07-22,13:23:00,2024-07-23,609.4,609.4,609.4,609.4,0,6000,0
FINNIFTY23JUL2424200PE.NFO,2024-07-22,13:24:00,2024-07-23,609.4,609.4,609.4,609.4,0,6000,0
FINNIFTY23JUL2424200PE.NFO,2024-07-22,13:25:00,2024-07-23,609.4,609.4,609.4,609.4,0,6000,0
FINNIFTY23JUL2424200PE.NFO,2024-07-22,13:26:00,2024-07-23,609.4,609.4,609.4,609.4,0,6000,0
FINNIFTY23JUL2424200PE.NFO,2024-07-22,13:27:00,2024-07-23,609.4,609.4,609.4,609.4,0,6000,0
FINNIFTY23JUL2424200PE.NFO,2024-07-22,13:28:00,2024-07-23,609.4,609.4,609.4,609.4,0,6000,0
FINNIFTY23JUL2424200PE.NFO,2024-07-22,13:29:00,2024-07-23,609.4,609.4,609.4,609.4,0,6000,0
FINNIFTY23JUL2424200PE.NFO,2024-07-22,13:30:00,2024-07-23,609.4,609.4,609.4,609.4,0,6000,0
FINNIFTY23JUL2424200PE.NFO,2024-07-22,13:31:00,2024-07-23,609.4,609.4,609.4,609.4,0,6000,0
FINNIFTY23JUL2424200PE.NFO,2024-07-22,13:32:00,2024-07-23,609.4,609.4,609.4,609.4,0,6000,0
FINNIFTY23JUL2424200PE.NFO,2024-07-22,13:33:00,2024-07-23,609.4,609.4,609.4,609.4,0,6000,0
FINNIFTY23JUL2424200PE.NFO,2024-07-22,13:34:00,2024-07-23,609.4,609.4,609.4,609.4,0,6000,0
FINNIFTY23JUL2424200PE.NFO,2024-07-22,13:35:00,2024-07-23,609.4,609.4,609.4,609.4,0,6000,0
FINNIFTY23JUL2424200PE.NFO,2024-07-22,13:36:00,2024-07-23,609.4,609.4,609.4,609.4,0,6000,0
FINNIFTY23JUL2424200PE.NFO,2024-07-22,13:37:00,2024-07-23,609.4,609.4,609.4,609.4,0,6000,0
FINNIFTY23JUL2424200PE.NFO,2024-07-22,13:38:00,2024-07-23,609.4,609.4,609.4,609.4,0,6000,0
FINNIFTY23JUL2424200PE.NFO,2024-07-22,13:39:00,2024-07-23,609.4,609.4,609.4,609.4,0,6000,0
FINNIFTY23JUL2424200PE.NFO,2024-07-22,13:40:00,2024-07-23,609.4,609.4,601.6,601.6,40,6040,0
FINNIFTY23JUL2424200PE.NFO,2024-07-22,13:41:00,2024-07-23,601.6,601.6,601.45,601.45,200,6040,0
FINNIFTY23JUL2424200PE.NFO,2024-07-22,13:42:00,2024-07-23,601.45,601.45,601.45,601.45,0,6040,0
FINNIFTY23JUL2424200PE.NFO,2024-07-22,13:43:00,2024-07-23,601.45,601.45,601.45,601.45,0,6040,0
FINNIFTY23JUL2424200PE.NFO,2024-07-22,13:44:00,2024-07-23,601.45,601.45,595.45,595.45,40,6240,0
FINNIFTY23JUL2424200PE.NFO,2024-07-22,13:45:00,2024-07-23,595.45,595.45,595.45,595.45,0,6240,0
FINNIFTY23JUL2424200PE.NFO,2024-07-22,13:46:00,2024-07-23,595.45,595.45,595.45,595.45,0,6240,0
FINNIFTY23JUL2424200PE.NFO,2024-07-22,13:47:00,2024-07-23,595.45,595.45,595.45,595.45,0,6240,0
FINNIFTY23JUL2424200PE.NFO,2024-07-22,13:48:00,2024-07-23,595.45,595.45,595.45,595.45,0,6240,0
FINNIFTY23JUL2424200PE.NFO,2024-07-22,13:49:00,2024-07-23,595.45,595.45,595.45,595.45,0,6240,0
FINNIFTY23JUL2424200PE.NFO,2024-07-22,13:50:00,2024-07-23,595.45,595.45,595.45,595.45,0,6240,0
FINNIFTY23JUL2424200PE.NFO,2024-07-22,13:51:00,2024-07-23,595.45,595.45,595.45,595.45,0,6240,0
FINNIFTY23JUL2424200PE.NFO,2024-07-22,13:52:00,2024-07-23,595.45,595.45,595.45,595.45,40,6200,0
FINNIFTY23JUL2424200PE.NFO,2024-07-22,13:53:00,2024-07-23,595.45,595.45,595.45,595.45,0,6200,0
FINNIFTY23JUL2424200PE.NFO,2024-07-22,13:54:00,2024-07-23,595.45,595.45,595.45,595.45,0,6200,0
FINNIFTY23JUL2424200PE.NFO,2024-07-22,13:55:00,2024-07-23,595.45,595.45,595.45,595.45,0,6200,0
FINNIFTY23JUL2424200PE.NFO,2024-07-22,13:56:00,2024-07-23,595.45,595.45,595.45,595.45,0,6200,0
FINNIFTY23JUL2424200PE.NFO,2024-07-22,13:57:00,2024-07-23,595.45,595.45,594.75,594.75,40,6200,0
FINNIFTY23JUL2424200PE.NFO,2024-07-22,13:58:00,2024-07-23,594.75,594.75,594.75,594.75,0,6200,0
FINNIFTY23JUL2424200PE.NFO,2024-07-22,13:59:00,2024-07-23,594.75,594.75,594.75,594.75,0,6200,0
FINNIFTY23JUL2424200PE.NFO,2024-07-22,14:00:00,2024-07-23,594.75,594.75,594.75,594.75,0,6200,0
FINNIFTY23JUL2424200PE.NFO,2024-07-22,14:01:00,2024-07-23,594.75,594.75,594.75,594.75,0,6200,0
FINNIFTY23JUL2424200PE.NFO,2024-07-22,14:02:00,2024-07-23,594.75,594.75,594.75,594.75,0,6200,0
FINNIFTY23JUL2424200PE.NFO,2024-07-22,14:03:00,2024-07-23,594.75,594.75,594.75,594.75,0,6200,0
FINNIFTY23JUL2424200PE.NFO,2024-07-22,14:04:00,2024-07-23,594.75,594.75,594.75,594.75,0,6200,0
FINNIFTY23JUL2424200PE.NFO,2024-07-22,14:05:00,2024-07-23,594.75,594.75,594.75,594.75,0,6200,0
FINNIFTY23JUL2424200PE.NFO,2024-07-22,14:06:00,2024-07-23,594.75,594.75,594.75,594.75,0,6200,0
FINNIFTY23JUL2424200PE.NFO,2024-07-22,14:07:00,2024-07-23,594.75,594.75,594.75,594.75,0,6200,0
FINNIFTY23JUL2424200PE.NFO,2024-07-22,14:08:00,2024-07-23,594.75,594.75,594.75,594.75,0,6200,0
FINNIFTY23JUL2424200PE.NFO,2024-07-22,14:09:00,2024-07-23,594.75,594.75,594.75,594.75,0,6200,0
FINNIFTY23JUL2424200PE.NFO,2024-07-22,14:10:00,2024-07-23,594.75,594.75,594.75,594.75,0,6200,0
FINNIFTY23JUL2424200PE.NFO,2024-07-22,14:11:00,2024-07-23,594.75,594.75,594.75,594.75,0,6200,0
FINNIFTY23JUL2424200PE.NFO,2024-07-22,14:12:00,2024-07-23,594.75,612.25,594.75,612.25,1320,6240,0
FINNIFTY23JUL2424200PE.NFO,2024-07-22,14:13:00,2024-07-23,612.25,620.0,612.25,620.0,200,6240,0
FINNIFTY23JUL2424200PE.NFO,2024-07-22,14:14:00,2024-07-23,620.0,621.9,620.0,621.9,160,4920,0
FINNIFTY23JUL2424200PE.NFO,2024-07-22,14:15:00,2024-07-23,621.9,621.9,621.9,621.9,0,4920,0
FINNIFTY23JUL2424200PE.NFO,2024-07-22,14:16:00,2024-07-23,621.9,621.9,621.9,621.9,0,4920,0
FINNIFTY23JUL2424200PE.NFO,2024-07-22,14:17:00,2024-07-23,621.9,621.9,621.9,621.9,0,4920,0
FINNIFTY23JUL2424200PE.NFO,2024-07-22,14:18:00,2024-07-23,621.9,621.9,621.9,621.9,0,4920,0
FINNIFTY23JUL2424200PE.NFO,2024-07-22,14:19:00,2024-07-23,621.9,621.9,621.9,621.9,0,4920,0
FINNIFTY23JUL2424200PE.NFO,2024-07-22,14:20:00,2024-07-23,621.9,621.9,621.9,621.9,0,4920,0
FINNIFTY23JUL2424200PE.NFO,2024-07-22,14:21:00,2024-07-23,621.9,621.9,621.9,621.9,0,4920,0
FINNIFTY23JUL2424200PE.NFO,2024-07-22,14:22:00,2024-07-23,621.9,621.9,621.9,621.9,0,4920,0
FINNIFTY23JUL2424200PE.NFO,2024-07-22,14:23:00,2024-07-23,621.9,621.9,621.9,621.9,0,4920,0
FINNIFTY23JUL2424200PE.NFO,2024-07-22,14:24:00,2024-07-23,621.9,621.9,621.9,621.9,0,4920,0
FINNIFTY23JUL2424200PE.NFO,2024-07-22,14:25:00,2024-07-23,621.9,621.9,621.9,621.9,0,4920,0
FINNIFTY23JUL2424200PE.NFO,2024-07-22,14:26:00,2024-07-23,621.9,621.9,616.6,616.6,40,4920,0
FINNIFTY23JUL2424200PE.NFO,2024-07-22,14:27:00,2024-07-23,616.6,616.6,616.6,616.6,0,4920,0
FINNIFTY23JUL2424200PE.NFO,2024-07-22,14:28:00,2024-07-23,616.6,616.6,616.6,616.6,0,4920,0
FINNIFTY23JUL2424200PE.NFO,2024-07-22,14:29:00,2024-07-23,616.6,616.6,616.6,616.6,0,4920,0
FINNIFTY23JUL2424200PE.NFO,2024-07-22,14:30:00,2024-07-23,616.6,616.6,616.6,616.6,0,4920,0
FINNIFTY23JUL2424200PE.NFO,2024-07-22,14:31:00,2024-07-23,616.6,616.6,616.6,616.6,0,4920,0
FINNIFTY23JUL2424200PE.NFO,2024-07-22,14:32:00,2024-07-23,616.6,623.5,616.6,623.5,1480,4920,0
FINNIFTY23JUL2424200PE.NFO,2024-07-22,14:33:00,2024-07-23,623.5,623.5,623.5,623.5,0,4920,0
FINNIFTY23JUL2424200PE.NFO,2024-07-22,14:34:00,2024-07-23,623.5,624.85,620.5,620.5,1480,4800,0
FINNIFTY23JUL2424200PE.NFO,2024-07-22,14:35:00,2024-07-23,620.5,620.5,617.35,620.35,440,4800,0
FINNIFTY23JUL2424200PE.NFO,2024-07-22,14:36:00,2024-07-23,620.35,621.95,620.35,621.95,40,4800,0
FINNIFTY23JUL2424200PE.NFO,2024-07-22,14:37:00,2024-07-23,621.95,621.95,619.95,619.95,40,4800,0
FINNIFTY23JUL2424200PE.NFO,2024-07-22,14:38:00,2024-07-23,619.95,619.95,619.95,619.95,0,4800,0
FINNIFTY23JUL2424200PE.NFO,2024-07-22,14:39:00,2024-07-23,619.95,619.95,619.85,619.85,80,5560,0
FINNIFTY23JUL2424200PE.NFO,2024-07-22,14:40:00,2024-07-23,619.85,619.85,619.85,619.85,0,5560,0
FINNIFTY23JUL2424200PE.NFO,2024-07-22,14:41:00,2024-07-23,619.85,619.85,609.25,612.25,680,5600,0
FINNIFTY23JUL2424200PE.NFO,2024-07-22,14:42:00,2024-07-23,612.25,612.25,612.25,612.25,0,5600,0
FINNIFTY23JUL2424200PE.NFO,2024-07-22,14:43:00,2024-07-23,612.25,613.05,612.25,613.05,80,5600,0
FINNIFTY23JUL2424200PE.NFO,2024-07-22,14:44:00,2024-07-23,613.05,613.05,613.05,613.05,0,5600,0
FINNIFTY23JUL2424200PE.NFO,2024-07-22,14:45:00,2024-07-23,613.05,613.05,613.05,613.05,0,5600,0
FINNIFTY23JUL2424200PE.NFO,2024-07-22,14:46:00,2024-07-23,613.05,613.05,613.05,613.05,0,5600,0
FINNIFTY23JUL2424200PE.NFO,2024-07-22,14:47:00,2024-07-23,613.05,633.75,613.05,633.75,440,5560,0
FINNIFTY23JUL2424200PE.NFO,2024-07-22,14:48:00,2024-07-23,633.75,633.75,633.35,633.35,80,5560,0
FINNIFTY23JUL2424200PE.NFO,2024-07-22,14:49:00,2024-07-23,633.35,633.35,633.35,633.35,0,5560,0
FINNIFTY23JUL2424200PE.NFO,2024-07-22,14:50:00,2024-07-23,633.35,635.0,633.35,635.0,80,5920,0
FINNIFTY23JUL2424200PE.NFO,2024-07-22,14:51:00,2024-07-23,635.0,638.55,635.0,636.4,120,5920,0
FINNIFTY23JUL2424200PE.NFO,2024-07-22,14:52:00,2024-07-23,636.4,636.4,636.4,636.4,0,5920,0
FINNIFTY23JUL2424200PE.NFO,2024-07-22,14:53:00,2024-07-23,636.4,636.4,636.4,636.4,0,5920,0
FINNIFTY23JUL2424200PE.NFO,2024-07-22,14:54:00,2024-07-23,636.4,636.4,636.4,636.4,0,5920,0
FINNIFTY23JUL2424200PE.NFO,2024-07-22,14:55:00,2024-07-23,636.4,636.4,636.4,636.4,0,5920,0
FINNIFTY23JUL2424200PE.NFO,2024-07-22,14:56:00,2024-07-23,636.4,636.85,636.4,636.85,160,5800,0
FINNIFTY23JUL2424200PE.NFO,2024-07-22,14:57:00,2024-07-23,636.85,638.25,636.45,636.45,1000,5800,0
FINNIFTY23JUL2424200PE.NFO,2024-07-22,14:58:00,2024-07-23,636.45,636.45,636.45,636.45,0,5800,0
FINNIFTY23JUL2424200PE.NFO,2024-07-22,14:59:00,2024-07-23,636.45,636.45,636.45,636.45,0,5800,0
FINNIFTY23JUL2424200PE.NFO,2024-07-22,15:00:00,2024-07-23,636.45,636.45,614.4,614.4,40,6280,0
FINNIFTY23JUL2424200PE.NFO,2024-07-22,15:01:00,2024-07-23,614.4,634.1,614.4,634.1,120,6280,0
FINNIFTY23JUL2424200PE.NFO,2024-07-22,15:02:00,2024-07-23,634.1,634.1,634.1,634.1,0,6280,0
FINNIFTY23JUL2424200PE.NFO,2024-07-22,15:03:00,2024-07-23,634.1,634.1,634.1,634.1,0,6280,0
FINNIFTY23JUL2424200PE.NFO,2024-07-22,15:04:00,2024-07-23,634.1,634.1,634.1,634.1,0,6280,0
FINNIFTY23JUL2424200PE.NFO,2024-07-22,15:05:00,2024-07-23,634.1,634.1,634.1,634.1,0,6280,0
FINNIFTY23JUL2424200PE.NFO,2024-07-22,15:06:00,2024-07-23,634.1,636.75,634.1,636.75,40,6120,0
FINNIFTY23JUL2424200PE.NFO,2024-07-22,15:07:00,2024-07-23,636.75,636.75,628.75,628.75,120,6120,0
FINNIFTY23JUL2424200PE.NFO,2024-07-22,15:08:00,2024-07-23,628.75,628.75,628.75,628.75,0,6120,0
FINNIFTY23JUL2424200PE.NFO,2024-07-22,15:09:00,2024-07-23,628.75,628.75,628.75,628.75,0,6120,0
FINNIFTY23JUL2424200PE.NFO,2024-07-22,15:10:00,2024-07-23,628.75,628.75,628.75,628.75,0,6120,0
FINNIFTY23JUL2424200PE.NFO,2024-07-22,15:11:00,2024-07-23,628.75,628.75,628.75,628.75,0,6120,0
FINNIFTY23JUL2424200PE.NFO,2024-07-22,15:12:00,2024-07-23,628.75,628.75,628.75,628.75,0,6120,0
FINNIFTY23JUL2424200PE.NFO,2024-07-22,15:13:00,2024-07-23,628.75,628.75,628.75,628.75,0,6120,0
FINNIFTY23JUL2424200PE.NFO,2024-07-22,15:14:00,2024-07-23,628.75,628.75,628.75,628.75,0,6120,0
FINNIFTY23JUL2424200PE.NFO,2024-07-22,15:15:00,2024-07-23,628.75,628.75,602.35,602.35,480,6160,0
FINNIFTY23JUL2424200PE.NFO,2024-07-22,15:16:00,2024-07-23,602.35,623.2,602.35,623.2,1160,6160,0
FINNIFTY23JUL2424200PE.NFO,2024-07-22,15:17:00,2024-07-23,623.2,623.2,623.2,623.2,0,6160,0
FINNIFTY23JUL2424200PE.NFO,2024-07-22,15:18:00,2024-07-23,623.2,623.2,623.2,623.2,0,6160,0
FINNIFTY23JUL2424200PE.NFO,2024-07-22,15:19:00,2024-07-23,623.2,623.2,623.2,623.2,0,6160,0
FINNIFTY23JUL2424200PE.NFO,2024-07-22,15:20:00,2024-07-23,623.2,623.2,623.2,623.2,0,6160,0
FINNIFTY23JUL2424200PE.NFO,2024-07-22,15:21:00,2024-07-23,623.2,623.2,612.25,612.25,40,5480,0
FINNIFTY23JUL2424200PE.NFO,2024-07-22,15:22:00,2024-07-23,612.25,612.25,612.25,612.25,0,5480,0
FINNIFTY23JUL2424200PE.NFO,2024-07-22,15:23:00,2024-07-23,612.25,612.25,612.25,612.25,0,5480,0
FINNIFTY23JUL2424200PE.NFO,2024-07-22,15:24:00,2024-07-23,612.25,612.25,612.25,612.25,0,5480,0
FINNIFTY23JUL2424200PE.NFO,2024-07-22,15:25:00,2024-07-23,612.25,612.25,610.85,610.85,40,5480,0
FINNIFTY23JUL2424200PE.NFO,2024-07-22,15:26:00,2024-07-23,610.85,610.85,610.85,610.85,0,5480,0
FINNIFTY23JUL2424200PE.NFO,2024-07-22,15:27:00,2024-07-23,610.85,610.85,610.85,610.85,0,5480,0
FINNIFTY23JUL2424200PE.NFO,2024-07-22,15:28:00,2024-07-23,610.85,610.85,610.85,610.85,0,5480,0
FINNIFTY23JUL2424200PE.NFO,2024-07-22,15:29:00,2024-07-23,610.85,610.85,590.95,590.95,160,5480,0
FINNIFTY23JUL2424200PE.NFO,2024-07-22,15:30:00,2024-07-23,590.95,590.95,590.95,590.95,160,5480,1
FINNIFTY23JUL2424200PE.NFO,2024-07-23,09:15:00,2024-07-23,528.8,576.05,528.8,538.6,2560,7600,0
FINNIFTY23JUL2424200PE.NFO,2024-07-23,09:16:00,2024-07-23,538.6,610.15,538.6,610.15,400,7600,0
FINNIFTY23JUL2424200PE.NFO,2024-07-23,09:17:00,2024-07-23,610.15,610.45,585.55,598.85,2720,7600,0
FINNIFTY23JUL2424200PE.NFO,2024-07-23,09:18:00,2024-07-23,598.85,598.85,580.0,596.15,160,7560,0
FINNIFTY23JUL2424200PE.NFO,2024-07-23,09:19:00,2024-07-23,596.15,602.1,570.0,602.1,440,7560,0
FINNIFTY23JUL2424200PE.NFO,2024-07-23,09:20:00,2024-07-23,602.1,602.25,596.05,601.5,400,7560,0
FINNIFTY23JUL2424200PE.NFO,2024-07-23,09:21:00,2024-07-23,601.5,601.5,579.7,588.25,2960,7720,0
FINNIFTY23JUL2424200PE.NFO,2024-07-23,09:22:00,2024-07-23,588.25,600.0,582.65,600.0,120,7720,0
FINNIFTY23JUL2424200PE.NFO,2024-07-23,09:23:00,2024-07-23,600.0,609.5,591.6,591.6,440,7720,0
FINNIFTY23JUL2424200PE.NFO,2024-07-23,09:24:00,2024-07-23,591.6,593.0,591.6,593.0,40,7720,0
FINNIFTY23JUL2424200PE.NFO,2024-07-23,09:25:00,2024-07-23,593.0,658.05,593.0,650.9,200,9480,0
FINNIFTY23JUL2424200PE.NFO,2024-07-23,09:26:00,2024-07-23,650.9,651.1,648.75,651.1,80,9480,0
FINNIFTY23JUL2424200PE.NFO,2024-07-23,09:27:00,2024-07-23,651.1,651.1,621.7,629.5,360,9480,0
FINNIFTY23JUL2424200PE.NFO,2024-07-23,09:28:00,2024-07-23,629.5,629.5,629.5,629.5,0,9480,0
FINNIFTY23JUL2424200PE.NFO,2024-07-23,09:29:00,2024-07-23,629.5,629.5,626.45,626.45,0,9560,0
FINNIFTY23JUL2424200PE.NFO,2024-07-23,09:30:00,2024-07-23,626.45,626.45,626.45,626.45,120,9560,0
FINNIFTY23JUL2424200PE.NFO,2024-07-23,09:31:00,2024-07-23,626.45,634.25,615.0,615.0,1440,9640,0
FINNIFTY23JUL2424200PE.NFO,2024-07-23,09:32:00,2024-07-23,615.0,619.65,615.0,619.65,160,9640,0
FINNIFTY23JUL2424200PE.NFO,2024-07-23,09:33:00,2024-07-23,619.65,619.65,619.65,619.65,0,9640,0
FINNIFTY23JUL2424200PE.NFO,2024-07-23,09:34:00,2024-07-23,619.65,619.65,619.65,619.65,0,9640,0
FINNIFTY23JUL2424200PE.NFO,2024-07-23,09:35:00,2024-07-23,619.65,619.65,615.5,615.5,120,10000,0
FINNIFTY23JUL2424200PE.NFO,2024-07-23,09:36:00,2024-07-23,615.5,645.25,615.5,645.1,680,9880,0
FINNIFTY23JUL2424200PE.NFO,2024-07-23,09:37:00,2024-07-23,645.1,645.1,645.1,645.1,0,9880,0
FINNIFTY23JUL2424200PE.NFO,2024-07-23,09:38:00,2024-07-23,645.1,645.1,634.8,637.7,360,9880,0
FINNIFTY23JUL2424200PE.NFO,2024-07-23,09:39:00,2024-07-23,637.7,637.7,637.7,637.7,0,9880,0
FINNIFTY23JUL2424200PE.NFO,2024-07-23,09:40:00,2024-07-23,637.7,647.0,637.7,644.0,120,9560,0
FINNIFTY23JUL2424200PE.NFO,2024-07-23,09:41:00,2024-07-23,644.0,675.1,644.0,675.1,320,9560,0
FINNIFTY23JUL2424200PE.NFO,2024-07-23,09:42:00,2024-07-23,675.1,745.9,675.1,725.75,640,9840,0
FINNIFTY23JUL2424200PE.NFO,2024-07-23,09:43:00,2024-07-23,725.75,775.6,725.75,740.5,680,9840,0
FINNIFTY23JUL2424200PE.NFO,2024-07-23,09:44:00,2024-07-23,740.5,740.5,693.1,698.35,240,9840,0
FINNIFTY23JUL2424200PE.NFO,2024-07-23,09:45:00,2024-07-23,698.35,702.8,683.65,683.65,240,9840,0
FINNIFTY23JUL2424200PE.NFO,2024-07-23,09:46:00,2024-07-23,683.65,685.95,683.65,685.95,40,9720,0
FINNIFTY23JUL2424200PE.NFO,2024-07-23,09:47:00,2024-07-23,685.95,685.95,666.0,666.0,160,9720,0
FINNIFTY23JUL2424200PE.NFO,2024-07-23,09:48:00,2024-07-23,666.0,700.35,666.0,700.35,160,9720,0
FINNIFTY23JUL2424200PE.NFO,2024-07-23,09:49:00,2024-07-23,700.35,717.85,700.0,717.85,80,9720,0
FINNIFTY23JUL2424200PE.NFO,2024-07-23,09:50:00,2024-07-23,717.85,717.85,692.35,692.35,440,9720,0
FINNIFTY23JUL2424200PE.NFO,2024-07-23,09:51:00,2024-07-23,692.35,692.35,692.35,692.35,0,9720,0
FINNIFTY23JUL2424200PE.NFO,2024-07-23,09:52:00,2024-07-23,692.35,692.35,692.25,692.25,40,9720,0
FINNIFTY23JUL2424200PE.NFO,2024-07-23,09:53:00,2024-07-23,692.25,692.25,692.25,692.25,0,9720,0
FINNIFTY23JUL2424200PE.NFO,2024-07-23,09:54:00,2024-07-23,692.25,692.25,670.5,670.5,40,9720,0
FINNIFTY23JUL2424200PE.NFO,2024-07-23,09:55:00,2024-07-23,685.95,685.95,685.95,685.95,40,9680,0
FINNIFTY23JUL2424200PE.NFO,2024-07-23,09:56:00,2024-07-23,685.95,686.05,681.8,681.8,80,9680,0
FINNIFTY23JUL2424200PE.NFO,2024-07-23,09:57:00,2024-07-23,681.8,681.8,681.8,681.8,0,9680,0
FINNIFTY23JUL2424200PE.NFO,2024-07-23,09:58:00,2024-07-23,681.8,689.4,681.8,689.0,80,9720,0
FINNIFTY23JUL2424200PE.NFO,2024-07-23,09:59:00,2024-07-23,689.0,731.0,689.0,700.4,1120,9720,0
FINNIFTY23JUL2424200PE.NFO,2024-07-23,10:00:00,2024-07-23,700.4,704.4,700.4,704.4,520,9720,0
FINNIFTY23JUL2424200PE.NFO,2024-07-23,10:01:00,2024-07-23,704.4,704.4,704.4,704.4,0,9720,0
FINNIFTY23JUL2424200PE.NFO,2024-07-23,10:02:00,2024-07-23,704.4,704.4,704.4,704.4,0,9720,0
FINNIFTY23JUL2424200PE.NFO,2024-07-23,10:03:00,2024-07-23,704.4,704.4,704.4,704.4,0,9720,0
FINNIFTY23JUL2424200PE.NFO,2024-07-23,10:04:00,2024-07-23,704.4,704.4,704.4,704.4,0,9720,0
FINNIFTY23JUL2424200PE.NFO,2024-07-23,10:05:00,2024-07-23,704.4,704.4,704.4,704.4,40,9880,0
FINNIFTY23JUL2424200PE.NFO,2024-07-23,10:06:00,2024-07-23,704.4,704.4,704.4,704.4,0,9880,0
FINNIFTY23JUL2424200PE.NFO,2024-07-23,10:07:00,2024-07-23,704.4,704.4,704.4,704.4,0,9880,0
FINNIFTY23JUL2424200PE.NFO,2024-07-23,10:08:00,2024-07-23,704.4,711.7,704.4,711.7,120,9880,0
FINNIFTY23JUL2424200PE.NFO,2024-07-23,10:09:00,2024-07-23,711.7,711.7,711.7,711.7,0,9880,0
FINNIFTY23JUL2424200PE.NFO,2024-07-23,10:10:00,2024-07-23,711.7,711.7,699.95,699.95,40,9760,0
FINNIFTY23JUL2424200PE.NFO,2024-07-23,10:11:00,2024-07-23,699.95,699.95,699.95,699.95,0,9760,0
FINNIFTY23JUL2424200PE.NFO,2024-07-23,10:12:00,2024-07-23,699.95,699.95,699.95,699.95,0,9760,0
FINNIFTY23JUL2424200PE.NFO,2024-07-23,10:13:00,2024-07-23,699.95,699.95,699.95,699.95,0,9760,0
FINNIFTY23JUL2424200PE.NFO,2024-07-23,10:14:00,2024-07-23,699.95,715.0,699.95,708.5,360,9800,0
FINNIFTY23JUL2424200PE.NFO,2024-07-23,10:15:00,2024-07-23,708.5,723.5,708.5,723.5,2200,9160,0
FINNIFTY23JUL2424200PE.NFO,2024-07-23,10:16:00,2024-07-23,723.5,723.5,723.5,723.5,0,9160,0
FINNIFTY23JUL2424200PE.NFO,2024-07-23,10:17:00,2024-07-23,723.5,764.15,723.5,739.2,1680,9160,0
FINNIFTY23JUL2424200PE.NFO,2024-07-23,10:18:00,2024-07-23,739.2,739.4,739.2,739.4,160,9160,0
FINNIFTY23JUL2424200PE.NFO,2024-07-23,10:19:00,2024-07-23,739.4,739.4,739.4,739.4,0,9160,0
FINNIFTY23JUL2424200PE.NFO,2024-07-23,10:20:00,2024-07-23,739.4,739.4,700.0,700.0,40,9600,0
FINNIFTY23JUL2424200PE.NFO,2024-07-23,10:21:00,2024-07-23,700.0,700.0,700.0,700.0,0,9600,0
FINNIFTY23JUL2424200PE.NFO,2024-07-23,10:22:00,2024-07-23,700.0,700.0,700.0,700.0,0,9600,0
FINNIFTY23JUL2424200PE.NFO,2024-07-23,10:23:00,2024-07-23,700.0,711.85,700.0,711.85,120,9560,0
FINNIFTY23JUL2424200PE.NFO,2024-07-23,10:24:00,2024-07-23,711.85,725.0,711.85,725.0,680,9400,0
FINNIFTY23JUL2424200PE.NFO,2024-07-23,10:25:00,2024-07-23,725.0,725.0,725.0,725.0,0,9400,0
FINNIFTY23JUL2424200PE.NFO,2024-07-23,10:26:00,2024-07-23,725.0,725.0,725.0,725.0,320,9400,0
FINNIFTY23JUL2424200PE.NFO,2024-07-23,10:27:00,2024-07-23,725.0,730.6,725.0,730.6,40,9400,0
FINNIFTY23JUL2424200PE.NFO,2024-07-23,10:28:00,2024-07-23,730.6,743.25,730.6,743.25,240,9520,0
FINNIFTY23JUL2424200PE.NFO,2024-07-23,10:29:00,2024-07-23,743.25,743.25,743.25,743.25,0,9520,0
FINNIFTY23JUL2424200PE.NFO,2024-07-23,10:30:00,2024-07-23,743.25,743.25,743.25,743.25,0,9520,0
FINNIFTY23JUL2424200PE.NFO,2024-07-23,10:31:00,2024-07-23,743.25,743.25,743.25,743.25,0,9520,0
FINNIFTY23JUL2424200PE.NFO,2024-07-23,10:32:00,2024-07-23,743.25,743.25,743.25,743.25,0,9520,0
FINNIFTY23JUL2424200PE.NFO,2024-07-23,10:33:00,2024-07-23,743.25,743.25,743.25,743.25,0,9520,0
FINNIFTY23JUL2424200PE.NFO,2024-07-23,10:34:00,2024-07-23,743.25,743.25,677.6,677.6,120,9680,0
FINNIFTY23JUL2424200PE.NFO,2024-07-23,10:35:00,2024-07-23,677.6,714.15,677.6,710.0,440,9680,0
FINNIFTY23JUL2424200PE.NFO,2024-07-23,10:36:00,2024-07-23,710.0,710.0,710.0,710.0,0,9680,0
FINNIFTY23JUL2424200PE.NFO,2024-07-23,10:37:00,2024-07-23,710.0,735.6,710.0,722.1,440,9800,0
FINNIFTY23JUL2424200PE.NFO,2024-07-23,10:38:00,2024-07-23,722.1,722.1,722.1,722.1,0,9800,0
FINNIFTY23JUL2424200PE.NFO,2024-07-23,10:39:00,2024-07-23,722.1,722.1,722.1,722.1,0,9800,0
FINNIFTY23JUL2424200PE.NFO,2024-07-23,10:40:00,2024-07-23,722.1,722.1,722.1,722.1,0,9800,0
FINNIFTY23JUL2424200PE.NFO,2024-07-23,10:41:00,2024-07-23,722.1,722.1,722.1,722.1,0,9800,0
FINNIFTY23JUL2424200PE.NFO,2024-07-23,10:42:00,2024-07-23,722.1,730.0,722.1,730.0,200,9600,0
FINNIFTY23JUL2424200PE.NFO,2024-07-23,10:43:00,2024-07-23,730.0,730.0,728.45,728.6,440,9720,0
FINNIFTY23JUL2424200PE.NFO,2024-07-23,10:44:00,2024-07-23,728.6,728.6,728.6,728.6,0,9720,0
FINNIFTY23JUL2424200PE.NFO,2024-07-23,10:45:00,2024-07-23,728.6,728.6,728.6,728.6,0,9720,0
FINNIFTY23JUL2424200PE.NFO,2024-07-23,10:46:00,2024-07-23,728.6,728.6,728.6,728.6,0,9720,0
FINNIFTY23JUL2424200PE.NFO,2024-07-23,10:47:00,2024-07-23,728.6,728.6,728.6,728.6,0,9720,0
FINNIFTY23JUL2424200PE.NFO,2024-07-23,10:48:00,2024-07-23,728.6,728.6,728.6,728.6,0,9720,0
FINNIFTY23JUL2424200PE.NFO,2024-07-23,10:49:00,2024-07-23,728.6,728.6,723.75,723.75,120,9520,0
FINNIFTY23JUL2424200PE.NFO,2024-07-23,10:50:00,2024-07-23,723.75,723.75,723.75,723.75,0,9520,0
FINNIFTY23JUL2424200PE.NFO,2024-07-23,10:51:00,2024-07-23,723.75,723.75,723.75,723.75,0,9520,0
FINNIFTY23JUL2424200PE.NFO,2024-07-23,10:52:00,2024-07-23,723.75,723.75,700.0,700.0,40,9480,0
FINNIFTY23JUL2424200PE.NFO,2024-07-23,10:53:00,2024-07-23,700.0,700.0,700.0,700.0,0,9480,0
FINNIFTY23JUL2424200PE.NFO,2024-07-23,10:54:00,2024-07-23,700.0,700.0,700.0,700.0,0,9480,0
FINNIFTY23JUL2424200PE.NFO,2024-07-23,10:55:00,2024-07-23,700.0,700.0,700.0,700.0,0,9480,0
FINNIFTY23JUL2424200PE.NFO,2024-07-23,10:56:00,2024-07-23,700.0,700.0,700.0,700.0,0,9480,0
FINNIFTY23JUL2424200PE.NFO,2024-07-23,10:57:00,2024-07-23,700.0,700.0,700.0,700.0,0,9480,0
FINNIFTY23JUL2424200PE.NFO,2024-07-23,10:58:00,2024-07-23,700.0,703.6,700.0,703.6,40,9440,0
FINNIFTY23JUL2424200PE.NFO,2024-07-23,10:59:00,2024-07-23,703.6,703.6,703.6,703.6,0,9440,0
FINNIFTY23JUL2424200PE.NFO,2024-07-23,11:00:00,2024-07-23,703.6,703.6,703.6,703.6,0,9440,0
FINNIFTY23JUL2424200PE.NFO,2024-07-23,11:01:00,2024-07-23,703.6,703.6,703.6,703.6,0,9440,0
FINNIFTY23JUL2424200PE.NFO,2024-07-23,11:02:00,2024-07-23,703.6,703.6,641.15,641.15,80,9480,0
FINNIFTY23JUL2424200PE.NFO,2024-07-23,11:03:00,2024-07-23,641.15,663.5,641.15,663.5,80,9480,0
FINNIFTY23JUL2424200PE.NFO,2024-07-23,11:04:00,2024-07-23,663.5,663.5,660.0,660.0,40,9480,0
FINNIFTY23JUL2424200PE.NFO,2024-07-23,11:05:00,2024-07-23,660.0,666.2,660.0,666.2,160,9480,0
FINNIFTY23JUL2424200PE.NFO,2024-07-23,11:06:00,2024-07-23,666.2,666.2,657.3,657.3,40,9480,0
FINNIFTY23JUL2424200PE.NFO,2024-07-23,11:07:00,2024-07-23,657.3,657.3,649.8,649.8,400,9320,0
FINNIFTY23JUL2424200PE.NFO,2024-07-23,11:08:00,2024-07-23,622.0,622.0,622.0,622.0,40,9320,0
FINNIFTY23JUL2424200PE.NFO,2024-07-23,11:09:00,2024-07-23,622.0,622.0,622.0,622.0,0,9320,0
FINNIFTY23JUL2424200PE.NFO,2024-07-23,11:10:00,2024-07-23,622.0,647.75,622.0,647.75,40,9160,0
FINNIFTY23JUL2424200PE.NFO,2024-07-23,11:11:00,2024-07-23,647.75,693.8,647.75,670.7,320,9160,0
FINNIFTY23JUL2424200PE.NFO,2024-07-23,11:12:00,2024-07-23,670.7,680.0,665.5,669.6,1440,9160,0
FINNIFTY23JUL2424200PE.NFO,2024-07-23,11:13:00,2024-07-23,669.6,669.6,669.6,669.6,0,9160,0
FINNIFTY23JUL2424200PE.NFO,2024-07-23,11:14:00,2024-07-23,669.6,674.15,669.6,674.15,80,8960,0
FINNIFTY23JUL2424200PE.NFO,2024-07-23,11:15:00,2024-07-23,674.15,674.15,674.15,674.15,0,8960,0
FINNIFTY23JUL2424200PE.NFO,2024-07-23,11:16:00,2024-07-23,674.15,712.25,674.15,712.25,1000,8920,0
FINNIFTY23JUL2424200PE.NFO,2024-07-23,11:17:00,2024-07-23,712.25,1001.95,712.25,834.9,960,8920,0
FINNIFTY23JUL2424200PE.NFO,2024-07-23,11:18:00,2024-07-23,834.9,834.9,715.9,745.0,960,9960,0
FINNIFTY23JUL2424200PE.NFO,2024-07-23,11:19:00,2024-07-23,745.0,745.0,745.0,745.0,0,9960,0
FINNIFTY23JUL2424200PE.NFO,2024-07-23,11:20:00,2024-07-23,745.0,745.0,745.0,745.0,0,9960,0
FINNIFTY23JUL2424200PE.NFO,2024-07-23,11:21:00,2024-07-23,745.0,745.0,735.95,735.95,40,9960,0
FINNIFTY23JUL2424200PE.NFO,2024-07-23,11:22:00,2024-07-23,735.95,735.95,681.2,681.2,120,10000,0
FINNIFTY23JUL2424200PE.NFO,2024-07-23,11:23:00,2024-07-23,681.2,695.05,681.2,684.45,160,10000,0
FINNIFTY23JUL2424200PE.NFO,2024-07-23,11:24:00,2024-07-23,684.45,705.3,684.45,704.85,120,10000,0
FINNIFTY23JUL2424200PE.NFO,2024-07-23,11:25:00,2024-07-23,704.85,726.4,704.85,726.4,80,9720,0
FINNIFTY23JUL2424200PE.NFO,2024-07-23,11:26:00,2024-07-23,726.4,728.15,710.25,728.15,160,9720,0
FINNIFTY23JUL2424200PE.NFO,2024-07-23,11:27:00,2024-07-23,728.15,730.25,716.3,730.25,40,9800,0
FINNIFTY23JUL2424200PE.NFO,2024-07-23,11:28:00,2024-07-23,730.25,740.4,715.25,715.25,760,9800,0
FINNIFTY23JUL2424200PE.NFO,2024-07-23,11:29:00,2024-07-23,715.25,715.25,715.25,715.25,0,9800,0
FINNIFTY23JUL2424200PE.NFO,2024-07-23,11:30:00,2024-07-23,715.25,715.25,715.25,715.25,0,9800,0
FINNIFTY23JUL2424200PE.NFO,2024-07-23,11:31:00,2024-07-23,715.25,715.25,715.25,715.25,0,9800,0
FINNIFTY23JUL2424200PE.NFO,2024-07-23,11:32:00,2024-07-23,715.25,718.75,715.25,718.75,40,9680,0
FINNIFTY23JUL2424200PE.NFO,2024-07-23,11:33:00,2024-07-23,718.75,718.75,718.75,718.75,0,9680,0
FINNIFTY23JUL2424200PE.NFO,2024-07-23,11:34:00,2024-07-23,718.75,755.8,718.75,755.8,80,9640,0
FINNIFTY23JUL2424200PE.NFO,2024-07-23,11:35:00,2024-07-23,755.8,774.9,755.8,767.7,480,9640,0
FINNIFTY23JUL2424200PE.NFO,2024-07-23,11:36:00,2024-07-23,767.7,767.7,749.3,749.3,80,9640,0
FINNIFTY23JUL2424200PE.NFO,2024-07-23,11:37:00,2024-07-23,749.3,749.3,749.3,749.3,0,9640,0
FINNIFTY23JUL2424200PE.NFO,2024-07-23,11:38:00,2024-07-23,749.3,749.3,749.3,749.3,0,9640,0
FINNIFTY23JUL2424200PE.NFO,2024-07-23,11:39:00,2024-07-23,749.3,749.3,749.3,749.3,0,9640,0
FINNIFTY23JUL2424200PE.NFO,2024-07-23,11:40:00,2024-07-23,749.3,749.3,749.3,749.3,0,9640,0
FINNIFTY23JUL2424200PE.NFO,2024-07-23,11:41:00,2024-07-23,749.3,749.3,749.3,749.3,0,9640,0
FINNIFTY23JUL2424200PE.NFO,2024-07-23,11:42:00,2024-07-23,749.3,759.05,749.3,759.05,40,9560,0
FINNIFTY23JUL2424200PE.NFO,2024-07-23,11:43:00,2024-07-23,759.05,774.3,759.05,774.3,280,9600,0
FINNIFTY23JUL2424200PE.NFO,2024-07-23,11:44:00,2024-07-23,774.3,774.3,750.0,750.0,40,9600,0
FINNIFTY23JUL2424200PE.NFO,2024-07-23,11:45:00,2024-07-23,750.0,750.0,750.0,750.0,0,9600,0
FINNIFTY23JUL2424200PE.NFO,2024-07-23,11:46:00,2024-07-23,750.0,750.0,750.0,750.0,0,9600,0
FINNIFTY23JUL2424200PE.NFO,2024-07-23,11:47:00,2024-07-23,750.0,750.0,750.0,750.0,0,9600,0
FINNIFTY23JUL2424200PE.NFO,2024-07-23,11:48:00,2024-07-23,750.0,750.0,750.0,750.0,0,9600,0
FINNIFTY23JUL2424200PE.NFO,2024-07-23,11:49:00,2024-07-23,750.0,750.0,734.7,734.7,240,9840,0
FINNIFTY23JUL2424200PE.NFO,2024-07-23,11:50:00,2024-07-23,734.7,734.7,734.7,734.7,0,9840,0
FINNIFTY23JUL2424200PE.NFO,2024-07-23,11:51:00,2024-07-23,734.7,745.0,734.7,745.0,40,9840,0
FINNIFTY23JUL2424200PE.NFO,2024-07-23,11:52:00,2024-07-23,745.0,745.0,745.0,745.0,0,9840,0
FINNIFTY23JUL2424200PE.NFO,2024-07-23,11:53:00,2024-07-23,745.0,800.0,745.0,777.05,200,9760,0
FINNIFTY23JUL2424200PE.NFO,2024-07-23,11:54:00,2024-07-23,777.05,777.05,777.05,777.05,0,9760,0
FINNIFTY23JUL2424200PE.NFO,2024-07-23,11:55:00,2024-07-23,777.05,777.05,777.05,777.05,0,9760,0
FINNIFTY23JUL2424200PE.NFO,2024-07-23,11:56:00,2024-07-23,777.05,777.05,777.05,777.05,0,9760,0
FINNIFTY23JUL2424200PE.NFO,2024-07-23,11:57:00,2024-07-23,777.05,777.05,777.05,777.05,0,9760,0
FINNIFTY23JUL2424200PE.NFO,2024-07-23,11:58:00,2024-07-23,777.05,777.05,703.5,703.5,200,9760,0
FINNIFTY23JUL2424200PE.NFO,2024-07-23,11:59:00,2024-07-23,703.5,703.5,703.5,703.5,0,9760,0
FINNIFTY23JUL2424200PE.NFO,2024-07-23,12:00:00,2024-07-23,703.5,747.1,703.5,747.1,520,9760,0
FINNIFTY23JUL2424200PE.NFO,2024-07-23,12:01:00,2024-07-23,747.1,747.1,747.1,747.1,0,9760,0
FINNIFTY23JUL2424200PE.NFO,2024-07-23,12:02:00,2024-07-23,747.1,747.1,747.1,747.1,0,9760,0
FINNIFTY23JUL2424200PE.NFO,2024-07-23,12:03:00,2024-07-23,747.1,747.1,747.1,747.1,0,9760,0
FINNIFTY23JUL2424200PE.NFO,2024-07-23,12:04:00,2024-07-23,747.1,747.25,732.0,747.25,80,9880,0
FINNIFTY23JUL2424200PE.NFO,2024-07-23,12:05:00,2024-07-23,747.25,747.25,747.25,747.25,0,9880,0
FINNIFTY23JUL2424200PE.NFO,2024-07-23,12:06:00,2024-07-23,747.25,747.25,738.9,738.9,400,9880,0
FINNIFTY23JUL2424200PE.NFO,2024-07-23,12:07:00,2024-07-23,738.9,738.9,731.95,731.95,240,9800,0
FINNIFTY23JUL2424200PE.NFO,2024-07-23,12:08:00,2024-07-23,731.95,731.95,690.0,690.0,80,9800,0
FINNIFTY23JUL2424200PE.NFO,2024-07-23,12:09:00,2024-07-23,690.0,721.9,690.0,721.9,80,9800,0
FINNIFTY23JUL2424200PE.NFO,2024-07-23,12:10:00,2024-07-23,721.9,735.85,721.9,735.85,40,9560,0
FINNIFTY23JUL2424200PE.NFO,2024-07-23,12:11:00,2024-07-23,735.85,735.85,735.85,735.85,0,9560,0
FINNIFTY23JUL2424200PE.NFO,2024-07-23,12:12:00,2024-07-23,735.85,735.85,730.3,734.2,280,9560,0
FINNIFTY23JUL2424200PE.NFO,2024-07-23,12:13:00,2024-07-23,728.0,728.0,722.75,722.75,200,9920,0
FINNIFTY23JUL2424200PE.NFO,2024-07-23,12:14:00,2024-07-23,722.75,738.9,722.75,727.6,1560,9920,0
FINNIFTY23JUL2424200PE.NFO,2024-07-23,12:15:00,2024-07-23,727.6,727.6,727.6,727.6,0,9920,0
FINNIFTY23JUL2424200PE.NFO,2024-07-23,12:16:00,2024-07-23,727.6,727.6,727.6,727.6,40,10800,0
FINNIFTY23JUL2424200PE.NFO,2024-07-23,12:17:00,2024-07-23,727.6,820.8,727.6,820.8,400,10800,0
FINNIFTY23JUL2424200PE.NFO,2024-07-23,12:18:00,2024-07-23,820.8,857.05,787.2,821.75,640,10800,0
FINNIFTY23JUL2424200PE.NFO,2024-07-23,12:19:00,2024-07-23,821.75,861.0,821.75,861.0,440,11600,0
FINNIFTY23JUL2424200PE.NFO,2024-07-23,12:20:00,2024-07-23,861.0,899.25,831.2,857.45,560,11600,0
FINNIFTY23JUL2424200PE.NFO,2024-07-23,12:21:00,2024-07-23,857.45,857.45,811.7,815.3,640,11600,0
FINNIFTY23JUL2424200PE.NFO,2024-07-23,12:22:00,2024-07-23,815.3,905.15,812.95,905.15,400,11880,0
FINNIFTY23JUL2424200PE.NFO,2024-07-23,12:23:00,2024-07-23,905.15,905.15,905.15,905.15,0,11880,0
FINNIFTY23JUL2424200PE.NFO,2024-07-23,12:24:00,2024-07-23,905.15,931.95,904.55,904.55,520,11880,0
FINNIFTY23JUL2424200PE.NFO,2024-07-23,12:25:00,2024-07-23,904.55,917.95,865.55,870.65,840,12120,0
FINNIFTY23JUL2424200PE.NFO,2024-07-23,12:26:00,2024-07-23,870.65,870.65,826.6,855.6,240,12120,0
FINNIFTY23JUL2424200PE.NFO,2024-07-23,12:27:00,2024-07-23,855.6,900.5,855.6,895.85,200,12120,0
FINNIFTY23JUL2424200PE.NFO,2024-07-23,12:28:00,2024-07-23,895.85,984.0,895.85,969.65,400,11280,0
FINNIFTY23JUL2424200PE.NFO,2024-07-23,12:29:00,2024-07-23,969.65,977.25,963.85,977.25,240,11280,0
FINNIFTY23JUL2424200PE.NFO,2024-07-23,12:30:00,2024-07-23,977.25,977.25,960.0,960.0,40,11280,0
FINNIFTY23JUL2424200PE.NFO,2024-07-23,12:31:00,2024-07-23,960.0,960.0,960.0,960.0,0,11280,0
FINNIFTY23JUL2424200PE.NFO,2024-07-23,12:32:00,2024-07-23,960.0,990.0,960.0,960.5,280,10800,0
FINNIFTY23JUL2424200PE.NFO,2024-07-23,12:33:00,2024-07-23,960.5,960.5,898.3,904.8,760,10800,0
FINNIFTY23JUL2424200PE.NFO,2024-07-23,12:34:00,2024-07-23,904.8,904.8,826.55,826.55,2520,10200,0
FINNIFTY23JUL2424200PE.NFO,2024-07-23,12:35:00,2024-07-23,826.55,826.55,770.0,822.4,240,10200,0
FINNIFTY23JUL2424200PE.NFO,2024-07-23,12:36:00,2024-07-23,822.4,874.75,822.4,855.25,160,10200,0
FINNIFTY23JUL2424200PE.NFO,2024-07-23,12:37:00,2024-07-23,855.25,855.25,855.25,855.25,0,10200,0
FINNIFTY23JUL2424200PE.NFO,2024-07-23,12:38:00,2024-07-23,855.25,855.25,823.45,832.85,120,8120,0
FINNIFTY23JUL2424200PE.NFO,2024-07-23,12:39:00,2024-07-23,832.85,832.85,832.85,832.85,0,8120,0
FINNIFTY23JUL2424200PE.NFO,2024-07-23,12:40:00,2024-07-23,832.85,870.0,832.85,870.0,40,8080,0
FINNIFTY23JUL2424200PE.NFO,2024-07-23,12:41:00,2024-07-23,870.0,870.0,870.0,870.0,0,8080,0
FINNIFTY23JUL2424200PE.NFO,2024-07-23,12:42:00,2024-07-23,870.0,870.0,870.0,870.0,0,8080,0
FINNIFTY23JUL2424200PE.NFO,2024-07-23,12:43:00,2024-07-23,870.0,870.0,870.0,870.0,0,8080,0
FINNIFTY23JUL2424200PE.NFO,2024-07-23,12:44:00,2024-07-23,870.0,870.0,870.0,870.0,0,8080,0
FINNIFTY23JUL2424200PE.NFO,2024-07-23,12:45:00,2024-07-23,870.0,870.0,870.0,870.0,0,8080,0
FINNIFTY23JUL2424200PE.NFO,2024-07-23,12:46:00,2024-07-23,870.0,870.0,870.0,870.0,0,8080,0
FINNIFTY23JUL2424200PE.NFO,2024-07-23,12:47:00,2024-07-23,870.0,870.0,870.0,870.0,0,8080,0
FINNIFTY23JUL2424200PE.NFO,2024-07-23,12:48:00,2024-07-23,870.0,870.0,870.0,870.0,0,8080,0
FINNIFTY23JUL2424200PE.NFO,2024-07-23,12:49:00,2024-07-23,870.0,870.0,870.0,870.0,0,8080,0
FINNIFTY23JUL2424200PE.NFO,2024-07-23,12:50:00,2024-07-23,870.0,870.0,870.0,870.0,0,8080,0
FINNIFTY23JUL2424200PE.NFO,2024-07-23,12:51:00,2024-07-23,870.0,870.0,870.0,870.0,0,8080,0
FINNIFTY23JUL2424200PE.NFO,2024-07-23,12:52:00,2024-07-23,870.0,870.0,870.0,870.0,0,8080,0
FINNIFTY23JUL2424200PE.NFO,2024-07-23,12:53:00,2024-07-23,870.0,870.0,870.0,870.0,0,8080,0
FINNIFTY23JUL2424200PE.NFO,2024-07-23,12:54:00,2024-07-23,870.0,870.0,870.0,870.0,0,8080,0
FINNIFTY23JUL2424200PE.NFO,2024-07-23,12:55:00,2024-07-23,870.0,870.0,870.0,870.0,0,8080,0
FINNIFTY23JUL2424200PE.NFO,2024-07-23,12:56:00,2024-07-23,870.0,870.0,870.0,870.0,0,8080,0
FINNIFTY23JUL2424200PE.NFO,2024-07-23,12:57:00,2024-07-23,870.0,870.0,870.0,870.0,0,8080,0
FINNIFTY23JUL2424200PE.NFO,2024-07-23,12:58:00,2024-07-23,870.0,870.0,870.0,870.0,0,8080,0
FINNIFTY23JUL2424200PE.NFO,2024-07-23,12:59:00,2024-07-23,870.0,870.0,870.0,870.0,0,8080,0
FINNIFTY23JUL2424200PE.NFO,2024-07-23,13:00:00,2024-07-23,870.0,870.0,870.0,870.0,0,8080,0
FINNIFTY23JUL2424200PE.NFO,2024-07-23,13:01:00,2024-07-23,870.0,870.0,870.0,870.0,0,8080,0
FINNIFTY23JUL2424200PE.NFO,2024-07-23,13:02:00,2024-07-23,870.0,870.0,870.0,870.0,0,8080,0
FINNIFTY23JUL2424200PE.NFO,2024-07-23,13:03:00,2024-07-23,870.0,958.6,870.0,958.6,160,8080,0
FINNIFTY23JUL2424200PE.NFO,2024-07-23,13:04:00,2024-07-23,958.6,958.6,947.45,947.45,80,8080,0
FINNIFTY23JUL2424200PE.NFO,2024-07-23,13:05:00,2024-07-23,947.45,968.95,947.45,956.65,80,8080,0
FINNIFTY23JUL2424200PE.NFO,2024-07-23,13:06:00,2024-07-23,956.65,956.65,956.65,956.65,0,8080,0
FINNIFTY23JUL2424200PE.NFO,2024-07-23,13:07:00,2024-07-23,956.65,956.65,956.65,956.65,0,8080,0
FINNIFTY23JUL2424200PE.NFO,2024-07-23,13:08:00,2024-07-23,956.65,1006.6,956.65,1000.35,120,8040,0
FINNIFTY23JUL2424200PE.NFO,2024-07-23,13:09:00,2024-07-23,1000.35,1000.35,1000.35,1000.35,0,8040,0
FINNIFTY23JUL2424200PE.NFO,2024-07-23,13:10:00,2024-07-23,1000.35,1000.35,1000.35,1000.35,0,8040,0
FINNIFTY23JUL2424200PE.NFO,2024-07-23,13:11:00,2024-07-23,1000.35,1020.0,1000.35,1020.0,360,8000,0
FINNIFTY23JUL2424200PE.NFO,2024-07-23,13:12:00,2024-07-23,1020.0,1020.0,1020.0,1020.0,0,8000,0
FINNIFTY23JUL2424200PE.NFO,2024-07-23,13:13:00,2024-07-23,1020.0,1058.9,1020.0,1058.9,40,8000,0
FINNIFTY23JUL2424200PE.NFO,2024-07-23,13:14:00,2024-07-23,1058.9,1098.0,1058.9,1098.0,40,8000,0
FINNIFTY23JUL2424200PE.NFO,2024-07-23,13:15:00,2024-07-23,1098.0,1098.0,1098.0,1098.0,0,8000,0
FINNIFTY23JUL2424200PE.NFO,2024-07-23,13:16:00,2024-07-23,1098.0,1098.0,1080.0,1080.0,360,8000,0
FINNIFTY23JUL2424200PE.NFO,2024-07-23,13:17:00,2024-07-23,1080.0,1080.0,1080.0,1080.0,0,8000,0
FINNIFTY23JUL2424200PE.NFO,2024-07-23,13:18:00,2024-07-23,1080.0,1080.0,1080.0,1080.0,0,8000,0
FINNIFTY23JUL2424200PE.NFO,2024-07-23,13:19:00,2024-07-23,1080.0,1080.0,1080.0,1080.0,0,8000,0
FINNIFTY23JUL2424200PE.NFO,2024-07-23,13:20:00,2024-07-23,1080.0,1080.0,1060.05,1060.05,400,8000,0
FINNIFTY23JUL2424200PE.NFO,2024-07-23,13:21:00,2024-07-23,1060.05,1064.7,1060.05,1064.7,200,8000,0
FINNIFTY23JUL2424200PE.NFO,2024-07-23,13:22:00,2024-07-23,1064.7,1064.7,1064.7,1064.7,0,8000,0
FINNIFTY23JUL2424200PE.NFO,2024-07-23,13:23:00,2024-07-23,1064.7,1064.7,1064.7,1064.7,0,8000,0
FINNIFTY23JUL2424200PE.NFO,2024-07-23,13:24:00,2024-07-23,1064.7,1064.7,1064.7,1064.7,0,8000,0
FINNIFTY23JUL2424200PE.NFO,2024-07-23,13:25:00,2024-07-23,1064.7,1064.7,1064.7,1064.7,0,8000,0
FINNIFTY23JUL2424200PE.NFO,2024-07-23,13:26:00,2024-07-23,1064.7,1064.7,1000.35,1000.35,400,7920,0
FINNIFTY23JUL2424200PE.NFO,2024-07-23,13:27:00,2024-07-23,1000.35,1000.35,1000.35,1000.35,0,7920,0
FINNIFTY23JUL2424200PE.NFO,2024-07-23,13:28:00,2024-07-23,1000.35,1000.35,950.0,950.0,80,7840,0
FINNIFTY23JUL2424200PE.NFO,2024-07-23,13:29:00,2024-07-23,950.0,950.0,950.0,950.0,0,7840,0
FINNIFTY23JUL2424200PE.NFO,2024-07-23,13:30:00,2024-07-23,950.0,961.5,950.0,961.5,80,7840,0
FINNIFTY23JUL2424200PE.NFO,2024-07-23,13:31:00,2024-07-23,961.5,961.5,961.5,961.5,0,7840,0
FINNIFTY23JUL2424200PE.NFO,2024-07-23,13:32:00,2024-07-23,961.5,961.5,961.5,961.5,0,7840,0
FINNIFTY23JUL2424200PE.NFO,2024-07-23,13:33:00,2024-07-23,961.5,970.75,961.5,970.75,40,7840,0
FINNIFTY23JUL2424200PE.NFO,2024-07-23,13:34:00,2024-07-23,970.75,980.6,970.75,980.6,40,7840,0
FINNIFTY23JUL2424200PE.NFO,2024-07-23,13:35:00,2024-07-23,980.6,980.6,980.6,980.6,0,7840,0
FINNIFTY23JUL2424200PE.NFO,2024-07-23,13:36:00,2024-07-23,980.6,980.6,980.6,980.6,0,7840,0
FINNIFTY23JUL2424200PE.NFO,2024-07-23,13:37:00,2024-07-23,980.6,980.6,980.6,980.6,0,7840,0
FINNIFTY23JUL2424200PE.NFO,2024-07-23,13:38:00,2024-07-23,980.6,980.6,945.2,945.2,40,7800,0
FINNIFTY23JUL2424200PE.NFO,2024-07-23,13:39:00,2024-07-23,945.2,945.2,913.5,922.5,280,7800,0
FINNIFTY23JUL2424200PE.NFO,2024-07-23,13:40:00,2024-07-23,922.5,950.0,922.5,950.0,360,7760,0
FINNIFTY23JUL2424200PE.NFO,2024-07-23,13:41:00,2024-07-23,950.0,950.0,950.0,950.0,0,7760,0
FINNIFTY23JUL2424200PE.NFO,2024-07-23,13:42:00,2024-07-23,950.0,950.0,950.0,950.0,0,7760,0
FINNIFTY23JUL2424200PE.NFO,2024-07-23,13:43:00,2024-07-23,950.0,950.0,950.0,950.0,0,7760,0
FINNIFTY23JUL2424200PE.NFO,2024-07-23,13:44:00,2024-07-23,950.0,950.0,950.0,950.0,0,7760,0
FINNIFTY23JUL2424200PE.NFO,2024-07-23,13:45:00,2024-07-23,950.0,950.0,950.0,950.0,0,7760,0
FINNIFTY23JUL2424200PE.NFO,2024-07-23,13:46:00,2024-07-23,950.0,950.0,950.0,950.0,0,7760,0
FINNIFTY23JUL2424200PE.NFO,2024-07-23,13:47:00,2024-07-23,950.0,950.0,950.0,950.0,0,7760,0
FINNIFTY23JUL2424200PE.NFO,2024-07-23,13:48:00,2024-07-23,950.0,950.0,950.0,950.0,0,7760,0
FINNIFTY23JUL2424200PE.NFO,2024-07-23,13:49:00,2024-07-23,950.0,950.0,950.0,950.0,0,7760,0
FINNIFTY23JUL2424200PE.NFO,2024-07-23,13:50:00,2024-07-23,950.0,950.0,950.0,950.0,0,7760,0
FINNIFTY23JUL2424200PE.NFO,2024-07-23,13:51:00,2024-07-23,950.0,950.0,950.0,950.0,0,7760,0
FINNIFTY23JUL2424200PE.NFO,2024-07-23,13:52:00,2024-07-23,950.0,950.0,950.0,950.0,0,7760,0
FINNIFTY23JUL2424200PE.NFO,2024-07-23,13:53:00,2024-07-23,950.0,950.0,920.0,920.0,360,7800,0
FINNIFTY23JUL2424200PE.NFO,2024-07-23,13:54:00,2024-07-23,920.0,920.0,920.0,920.0,0,7800,0
FINNIFTY23JUL2424200PE.NFO,2024-07-23,13:55:00,2024-07-23,920.0,920.0,888.85,896.75,720,7880,0
FINNIFTY23JUL2424200PE.NFO,2024-07-23,13:56:00,2024-07-23,896.75,898.05,896.75,898.05,40,7880,0
FINNIFTY23JUL2424200PE.NFO,2024-07-23,13:57:00,2024-07-23,898.05,898.05,898.05,898.05,0,7880,0
FINNIFTY23JUL2424200PE.NFO,2024-07-23,13:58:00,2024-07-23,898.05,898.05,891.0,893.65,160,7880,0
FINNIFTY23JUL2424200PE.NFO,2024-07-23,13:59:00,2024-07-23,893.65,893.65,893.65,893.65,0,7880,0
FINNIFTY23JUL2424200PE.NFO,2024-07-23,14:00:00,2024-07-23,893.65,893.65,893.65,893.65,0,7880,0
FINNIFTY23JUL2424200PE.NFO,2024-07-23,14:01:00,2024-07-23,893.65,893.65,893.65,893.65,0,7880,0
FINNIFTY23JUL2424200PE.NFO,2024-07-23,14:02:00,2024-07-23,893.65,893.65,893.65,893.65,0,7880,0
FINNIFTY23JUL2424200PE.NFO,2024-07-23,14:03:00,2024-07-23,893.65,893.65,893.65,893.65,0,7880,0
FINNIFTY23JUL2424200PE.NFO,2024-07-23,14:04:00,2024-07-23,893.65,893.65,893.65,893.65,0,7880,0
FINNIFTY23JUL2424200PE.NFO,2024-07-23,14:05:00,2024-07-23,893.65,893.65,886.0,886.0,40,7880,0
FINNIFTY23JUL2424200PE.NFO,2024-07-23,14:06:00,2024-07-23,886.0,886.0,886.0,886.0,0,7880,0
FINNIFTY23JUL2424200PE.NFO,2024-07-23,14:07:00,2024-07-23,886.0,886.0,886.0,886.0,0,7880,0
FINNIFTY23JUL2424200PE.NFO,2024-07-23,14:08:00,2024-07-23,886.0,886.0,840.0,840.0,80,7920,0
FINNIFTY23JUL2424200PE.NFO,2024-07-23,14:09:00,2024-07-23,840.0,840.0,840.0,840.0,0,7920,0
FINNIFTY23JUL2424200PE.NFO,2024-07-23,14:10:00,2024-07-23,840.0,840.0,820.0,820.0,520,8000,0
FINNIFTY23JUL2424200PE.NFO,2024-07-23,14:11:00,2024-07-23,820.0,830.0,820.0,830.0,520,8000,0
FINNIFTY23JUL2424200PE.NFO,2024-07-23,14:12:00,2024-07-23,830.0,830.0,825.0,825.0,40,8000,0
FINNIFTY23JUL2424200PE.NFO,2024-07-23,14:13:00,2024-07-23,825.0,825.0,825.0,825.0,0,8000,0
FINNIFTY23JUL2424200PE.NFO,2024-07-23,14:14:00,2024-07-23,825.0,825.0,825.0,825.0,0,8000,0
FINNIFTY23JUL2424200PE.NFO,2024-07-23,14:15:00,2024-07-23,825.0,825.0,825.0,825.0,0,8000,0
FINNIFTY23JUL2424200PE.NFO,2024-07-23,14:16:00,2024-07-23,825.0,852.65,825.0,852.2,120,7960,0
FINNIFTY23JUL2424200PE.NFO,2024-07-23,14:17:00,2024-07-23,852.2,855.0,852.2,855.0,120,7960,0
FINNIFTY23JUL2424200PE.NFO,2024-07-23,14:18:00,2024-07-23,855.0,870.0,855.0,870.0,320,7960,0
FINNIFTY23JUL2424200PE.NFO,2024-07-23,14:19:00,2024-07-23,870.0,870.0,870.0,870.0,0,7960,0
FINNIFTY23JUL2424200PE.NFO,2024-07-23,14:20:00,2024-07-23,870.0,896.6,870.0,896.6,40,7760,0
FINNIFTY23JUL2424200PE.NFO,2024-07-23,14:21:00,2024-07-23,896.6,896.6,896.6,896.6,0,7760,0
FINNIFTY23JUL2424200PE.NFO,2024-07-23,14:22:00,2024-07-23,896.6,896.6,896.6,896.6,0,7760,0
FINNIFTY23JUL2424200PE.NFO,2024-07-23,14:23:00,2024-07-23,896.6,896.6,896.6,896.6,0,7760,0
FINNIFTY23JUL2424200PE.NFO,2024-07-23,14:24:00,2024-07-23,896.6,896.6,896.6,896.6,0,7760,0
FINNIFTY23JUL2424200PE.NFO,2024-07-23,14:25:00,2024-07-23,896.6,896.6,896.6,896.6,0,7760,0
FINNIFTY23JUL2424200PE.NFO,2024-07-23,14:26:00,2024-07-23,896.6,896.6,896.6,896.6,0,7760,0
FINNIFTY23JUL2424200PE.NFO,2024-07-23,14:27:00,2024-07-23,896.6,900.75,896.6,900.75,40,7720,0
FINNIFTY23JUL2424200PE.NFO,2024-07-23,14:28:00,2024-07-23,900.75,921.5,900.75,921.5,40,7760,0
FINNIFTY23JUL2424200PE.NFO,2024-07-23,14:29:00,2024-07-23,921.5,921.5,921.5,921.5,0,7760,0
FINNIFTY23JUL2424200PE.NFO,2024-07-23,14:30:00,2024-07-23,921.5,921.5,921.5,921.5,0,7760,0
FINNIFTY23JUL2424200PE.NFO,2024-07-23,14:31:00,2024-07-23,921.5,921.5,921.5,921.5,0,7760,0
FINNIFTY23JUL2424200PE.NFO,2024-07-23,14:32:00,2024-07-23,921.5,921.5,890.0,890.0,320,7720,0
FINNIFTY23JUL2424200PE.NFO,2024-07-23,14:33:00,2024-07-23,890.0,890.0,890.0,890.0,0,7720,0
FINNIFTY23JUL2424200PE.NFO,2024-07-23,14:34:00,2024-07-23,890.0,890.0,779.05,779.05,240,7720,0
FINNIFTY23JUL2424200PE.NFO,2024-07-23,14:35:00,2024-07-23,779.05,779.05,738.6,738.6,40,7960,0
FINNIFTY23JUL2424200PE.NFO,2024-07-23,14:36:00,2024-07-23,738.6,738.6,738.6,738.6,0,7960,0
FINNIFTY23JUL2424200PE.NFO,2024-07-23,14:37:00,2024-07-23,738.6,738.6,738.6,738.6,0,7960,0
FINNIFTY23JUL2424200PE.NFO,2024-07-23,14:38:00,2024-07-23,738.6,738.6,738.6,738.6,0,7960,0
FINNIFTY23JUL2424200PE.NFO,2024-07-23,14:39:00,2024-07-23,738.6,738.6,738.6,738.6,0,7960,0
FINNIFTY23JUL2424200PE.NFO,2024-07-23,14:40:00,2024-07-23,738.6,738.6,720.0,720.0,320,8000,0
FINNIFTY23JUL2424200PE.NFO,2024-07-23,14:41:00,2024-07-23,720.0,722.9,720.0,722.9,800,8000,0
FINNIFTY23JUL2424200PE.NFO,2024-07-23,14:42:00,2024-07-23,722.9,769.75,722.9,769.75,80,8000,0
FINNIFTY23JUL2424200PE.NFO,2024-07-23,14:43:00,2024-07-23,769.75,769.75,769.75,769.75,0,8000,0
FINNIFTY23JUL2424200PE.NFO,2024-07-23,14:44:00,2024-07-23,769.75,769.75,769.75,769.75,0,8000,0
FINNIFTY23JUL2424200PE.NFO,2024-07-23,14:45:00,2024-07-23,769.75,769.75,769.75,769.75,0,8000,0
FINNIFTY23JUL2424200PE.NFO,2024-07-23,14:46:00,2024-07-23,769.75,769.75,769.75,769.75,0,8000,0
FINNIFTY23JUL2424200PE.NFO,2024-07-23,14:47:00,2024-07-23,769.75,769.75,769.75,769.75,0,8000,0
FINNIFTY23JUL2424200PE.NFO,2024-07-23,14:48:00,2024-07-23,769.75,769.75,769.75,769.75,0,8000,0
FINNIFTY23JUL2424200PE.NFO,2024-07-23,14:49:00,2024-07-23,769.75,769.75,769.75,769.75,0,8000,0
FINNIFTY23JUL2424200PE.NFO,2024-07-23,14:50:00,2024-07-23,769.75,769.75,769.75,769.75,0,8000,0
FINNIFTY23JUL2424200PE.NFO,2024-07-23,14:51:00,2024-07-23,769.75,769.75,769.75,769.75,0,8000,0
FINNIFTY23JUL2424200PE.NFO,2024-07-23,14:52:00,2024-07-23,769.75,769.75,769.75,769.75,0,8000,0
FINNIFTY23JUL2424200PE.NFO,2024-07-23,14:53:00,2024-07-23,769.75,769.75,769.75,769.75,0,8000,0
FINNIFTY23JUL2424200PE.NFO,2024-07-23,14:54:00,2024-07-23,769.75,769.75,769.75,769.75,0,8000,0
FINNIFTY23JUL2424200PE.NFO,2024-07-23,14:55:00,2024-07-23,769.75,769.75,769.75,769.75,0,8000,0
FINNIFTY23JUL2424200PE.NFO,2024-07-23,14:56:00,2024-07-23,769.75,818.15,769.75,818.15,40,7240,0
FINNIFTY23JUL2424200PE.NFO,2024-07-23,14:57:00,2024-07-23,818.15,818.15,810.4,810.4,360,7240,0
FINNIFTY23JUL2424200PE.NFO,2024-07-23,14:58:00,2024-07-23,810.4,810.4,810.4,810.4,0,7240,0
FINNIFTY23JUL2424200PE.NFO,2024-07-23,14:59:00,2024-07-23,810.4,810.4,810.4,810.4,0,7240,0
FINNIFTY23JUL2424200PE.NFO,2024-07-23,15:00:00,2024-07-23,810.4,880.0,810.4,880.0,320,6840,0
FINNIFTY23JUL2424200PE.NFO,2024-07-23,15:01:00,2024-07-23,880.0,880.0,880.0,880.0,0,6840,0
FINNIFTY23JUL2424200PE.NFO,2024-07-23,15:02:00,2024-07-23,880.0,880.0,880.0,880.0,0,6840,0
FINNIFTY23JUL2424200PE.NFO,2024-07-23,15:03:00,2024-07-23,880.0,880.0,880.0,880.0,0,6840,0
FINNIFTY23JUL2424200PE.NFO,2024-07-23,15:04:00,2024-07-23,880.0,880.0,880.0,880.0,0,6840,0
FINNIFTY23JUL2424200PE.NFO,2024-07-23,15:05:00,2024-07-23,880.0,880.0,880.0,880.0,0,6840,0
FINNIFTY23JUL2424200PE.NFO,2024-07-23,15:06:00,2024-07-23,880.0,880.0,880.0,880.0,0,6840,0
FINNIFTY23JUL2424200PE.NFO,2024-07-23,15:07:00,2024-07-23,880.0,880.0,880.0,880.0,0,6840,0
FINNIFTY23JUL2424200PE.NFO,2024-07-23,15:08:00,2024-07-23,880.0,880.0,880.0,880.0,0,6840,0
FINNIFTY23JUL2424200PE.NFO,2024-07-23,15:09:00,2024-07-23,880.0,880.0,880.0,880.0,0,6840,0
FINNIFTY23JUL2424200PE.NFO,2024-07-23,15:10:00,2024-07-23,880.0,880.0,879.95,879.95,40,6840,0
FINNIFTY23JUL2424200PE.NFO,2024-07-23,15:11:00,2024-07-23,879.95,879.95,879.95,879.95,0,6840,0
FINNIFTY23JUL2424200PE.NFO,2024-07-23,15:12:00,2024-07-23,879.95,879.95,879.5,879.5,240,6800,0
FINNIFTY23JUL2424200PE.NFO,2024-07-23,15:13:00,2024-07-23,879.5,879.5,879.5,879.5,0,6800,0
FINNIFTY23JUL2424200PE.NFO,2024-07-23,15:14:00,2024-07-23,879.5,879.5,879.5,879.5,0,6800,0
FINNIFTY23JUL2424200PE.NFO,2024-07-23,15:15:00,2024-07-23,879.5,895.1,879.5,895.1,0,6800,0
FINNIFTY23JUL2424200PE.NFO,2024-07-23,15:16:00,2024-07-23,895.1,895.1,890.25,890.25,280,7000,0
FINNIFTY23JUL2424200PE.NFO,2024-07-23,15:17:00,2024-07-23,890.25,890.25,889.05,889.05,40,7000,0
FINNIFTY23JUL2424200PE.NFO,2024-07-23,15:18:00,2024-07-23,889.05,889.05,889.05,889.05,0,7000,0
FINNIFTY23JUL2424200PE.NFO,2024-07-23,15:19:00,2024-07-23,889.05,889.05,889.05,889.05,0,7000,0
FINNIFTY23JUL2424200PE.NFO,2024-07-23,15:20:00,2024-07-23,889.05,899.1,889.05,898.3,160,7120,0
FINNIFTY23JUL2424200PE.NFO,2024-07-23,15:21:00,2024-07-23,898.3,899.8,898.3,899.8,80,7120,0
FINNIFTY23JUL2424200PE.NFO,2024-07-23,15:22:00,2024-07-23,899.8,899.8,899.8,899.8,0,7120,0
FINNIFTY23JUL2424200PE.NFO,2024-07-23,15:23:00,2024-07-23,899.8,899.8,899.8,899.8,80,7160,0
FINNIFTY23JUL2424200PE.NFO,2024-07-23,15:24:00,2024-07-23,899.8,899.8,895.2,895.2,120,7160,0
FINNIFTY23JUL2424200PE.NFO,2024-07-23,15:25:00,2024-07-23,895.2,895.2,895.2,895.2,0,7160,0
FINNIFTY23JUL2424200PE.NFO,2024-07-23,15:26:00,2024-07-23,895.2,895.2,895.2,895.2,0,7160,0
FINNIFTY23JUL2424200PE.NFO,2024-07-23,15:27:00,2024-07-23,895.2,895.2,895.2,895.2,0,7160,0
FINNIFTY23JUL2424200PE.NFO,2024-07-23,15:28:00,2024-07-23,895.2,895.9,895.2,895.9,40,7120,0
FINNIFTY23JUL2424200PE.NFO,2024-07-23,15:29:00,2024-07-23,895.9,895.9,894.05,894.05,40,7120,0
FINNIFTY23JUL2424200PE.NFO,2024-07-23,15:30:00,2024-07-23,894.05,894.05,894.05,894.05,40,7120,1
