Ticker,Date,Time,Expiry Date,Open,High,Low,Close,Volume,Open Interest,Padding Flag
FINNIFTY12MAR2422500CE.NFO,2024-02-07,09:15:00,2024-03-12,0.05,0.05,0.05,0.05,0,0,0
FINNIFTY12MAR2422500CE.NFO,2024-02-07,09:16:00,2024-03-12,0.05,0.05,0.05,0.05,0,0,1
FINNIFTY12MAR2422500CE.NFO,2024-02-07,09:17:00,2024-03-12,0.05,0.05,0.05,0.05,0,0,1
FINNIFTY12MAR2422500CE.NFO,2024-02-07,09:18:00,2024-03-12,0.05,0.05,0.05,0.05,0,0,1
FINNIFTY12MAR2422500CE.NFO,2024-02-07,09:19:00,2024-03-12,0.05,0.05,0.05,0.05,0,0,1
FINNIFTY12MAR2422500CE.NFO,2024-02-07,09:20:00,2024-03-12,0.05,0.05,0.05,0.05,0,0,1
FINNIFTY12MAR2422500CE.NFO,2024-02-07,09:21:00,2024-03-12,0.05,0.05,0.05,0.05,0,0,1
FINNIFTY12MAR2422500CE.NFO,2024-02-07,09:22:00,2024-03-12,0.05,0.05,0.05,0.05,0,0,1
FINNIFTY12MAR2422500CE.NFO,2024-02-07,09:23:00,2024-03-12,0.05,0.05,0.05,0.05,0,0,1
FINNIFTY12MAR2422500CE.NFO,2024-02-07,09:24:00,2024-03-12,0.05,0.05,0.05,0.05,0,0,1
FINNIFTY12MAR2422500CE.NFO,2024-02-07,09:25:00,2024-03-12,0.05,0.05,0.05,0.05,0,0,1
FINNIFTY12MAR2422500CE.NFO,2024-02-07,09:26:00,2024-03-12,0.05,0.05,0.05,0.05,0,0,1
FINNIFTY12MAR2422500CE.NFO,2024-02-07,09:27:00,2024-03-12,0.05,0.05,0.05,0.05,0,0,1
FINNIFTY12MAR2422500CE.NFO,2024-02-07,09:28:00,2024-03-12,0.05,0.05,0.05,0.05,0,0,1
FINNIFTY12MAR2422500CE.NFO,2024-02-07,09:29:00,2024-03-12,0.05,0.05,0.05,0.05,0,0,1
FINNIFTY12MAR2422500CE.NFO,2024-02-07,09:30:00,2024-03-12,0.05,0.05,0.05,0.05,0,0,1
FINNIFTY12MAR2422500CE.NFO,2024-02-07,09:31:00,2024-03-12,0.05,0.05,0.05,0.05,0,0,1
FINNIFTY12MAR2422500CE.NFO,2024-02-07,09:32:00,2024-03-12,0.05,0.05,0.05,0.05,0,0,1
FINNIFTY12MAR2422500CE.NFO,2024-02-07,09:33:00,2024-03-12,0.05,0.05,0.05,0.05,0,0,1
FINNIFTY12MAR2422500CE.NFO,2024-02-07,09:34:00,2024-03-12,0.05,0.05,0.05,0.05,0,0,1
FINNIFTY12MAR2422500CE.NFO,2024-02-07,09:35:00,2024-03-12,0.05,0.05,0.05,0.05,0,0,1
FINNIFTY12MAR2422500CE.NFO,2024-02-07,09:36:00,2024-03-12,0.05,0.05,0.05,0.05,0,0,1
FINNIFTY12MAR2422500CE.NFO,2024-02-07,09:37:00,2024-03-12,0.05,0.05,0.05,0.05,0,0,1
FINNIFTY12MAR2422500CE.NFO,2024-02-07,09:38:00,2024-03-12,0.05,0.05,0.05,0.05,0,0,1
FINNIFTY12MAR2422500CE.NFO,2024-02-07,09:39:00,2024-03-12,0.05,0.05,0.05,0.05,0,0,1
FINNIFTY12MAR2422500CE.NFO,2024-02-07,09:40:00,2024-03-12,0.05,0.05,0.05,0.05,0,0,1
FINNIFTY12MAR2422500CE.NFO,2024-02-07,09:41:00,2024-03-12,0.05,0.05,0.05,0.05,0,0,1
FINNIFTY12MAR2422500CE.NFO,2024-02-07,09:42:00,2024-03-12,0.05,0.05,0.05,0.05,0,0,1
FINNIFTY12MAR2422500CE.NFO,2024-02-07,09:43:00,2024-03-12,0.05,0.05,0.05,0.05,0,0,1
FINNIFTY12MAR2422500CE.NFO,2024-02-07,09:44:00,2024-03-12,0.05,0.05,0.05,0.05,0,0,1
FINNIFTY12MAR2422500CE.NFO,2024-02-07,09:45:00,2024-03-12,0.05,0.05,0.05,0.05,0,0,1
FINNIFTY12MAR2422500CE.NFO,2024-02-07,09:46:00,2024-03-12,0.05,0.05,0.05,0.05,0,0,1
FINNIFTY12MAR2422500CE.NFO,2024-02-07,09:47:00,2024-03-12,0.05,0.05,0.05,0.05,0,0,1
FINNIFTY12MAR2422500CE.NFO,2024-02-07,09:48:00,2024-03-12,0.05,0.05,0.05,0.05,0,0,1
FINNIFTY12MAR2422500CE.NFO,2024-02-07,09:49:00,2024-03-12,0.05,0.05,0.05,0.05,0,0,1
FINNIFTY12MAR2422500CE.NFO,2024-02-07,09:50:00,2024-03-12,0.05,0.05,0.05,0.05,0,0,1
FINNIFTY12MAR2422500CE.NFO,2024-02-07,09:51:00,2024-03-12,0.05,0.05,0.05,0.05,0,0,1
FINNIFTY12MAR2422500CE.NFO,2024-02-07,09:52:00,2024-03-12,0.05,0.05,0.05,0.05,0,0,1
FINNIFTY12MAR2422500CE.NFO,2024-02-07,09:53:00,2024-03-12,0.05,0.05,0.05,0.05,0,0,1
FINNIFTY12MAR2422500CE.NFO,2024-02-07,09:54:00,2024-03-12,0.05,0.05,0.05,0.05,0,0,1
FINNIFTY12MAR2422500CE.NFO,2024-02-07,09:55:00,2024-03-12,0.05,0.05,0.05,0.05,0,0,1
FINNIFTY12MAR2422500CE.NFO,2024-02-07,09:56:00,2024-03-12,0.05,0.05,0.05,0.05,0,0,1
FINNIFTY12MAR2422500CE.NFO,2024-02-07,09:57:00,2024-03-12,0.05,0.05,0.05,0.05,0,0,1
FINNIFTY12MAR2422500CE.NFO,2024-02-07,09:58:00,2024-03-12,0.05,0.05,0.05,0.05,0,0,1
FINNIFTY12MAR2422500CE.NFO,2024-02-07,09:59:00,2024-03-12,0.05,0.05,0.05,0.05,0,0,1
FINNIFTY12MAR2422500CE.NFO,2024-02-07,10:00:00,2024-03-12,0.05,0.05,0.05,0.05,0,0,1
FINNIFTY12MAR2422500CE.NFO,2024-02-07,10:01:00,2024-03-12,0.05,0.05,0.05,0.05,0,0,1
FINNIFTY12MAR2422500CE.NFO,2024-02-07,10:02:00,2024-03-12,0.05,0.05,0.05,0.05,0,0,1
FINNIFTY12MAR2422500CE.NFO,2024-02-07,10:03:00,2024-03-12,0.05,0.05,0.05,0.05,0,0,1
FINNIFTY12MAR2422500CE.NFO,2024-02-07,10:04:00,2024-03-12,0.05,0.05,0.05,0.05,0,0,1
FINNIFTY12MAR2422500CE.NFO,2024-02-07,10:05:00,2024-03-12,0.05,0.05,0.05,0.05,0,0,1
FINNIFTY12MAR2422500CE.NFO,2024-02-07,10:06:00,2024-03-12,0.05,0.05,0.05,0.05,0,0,1
FINNIFTY12MAR2422500CE.NFO,2024-02-07,10:07:00,2024-03-12,0.05,0.05,0.05,0.05,0,0,1
FINNIFTY12MAR2422500CE.NFO,2024-02-07,10:08:00,2024-03-12,0.05,0.05,0.05,0.05,0,0,1
FINNIFTY12MAR2422500CE.NFO,2024-02-07,10:09:00,2024-03-12,0.05,0.05,0.05,0.05,0,0,1
FINNIFTY12MAR2422500CE.NFO,2024-02-07,10:10:00,2024-03-12,0.05,0.05,0.05,0.05,0,0,1
FINNIFTY12MAR2422500CE.NFO,2024-02-07,10:11:00,2024-03-12,0.05,0.05,0.05,0.05,0,0,1
FINNIFTY12MAR2422500CE.NFO,2024-02-07,10:12:00,2024-03-12,0.05,0.05,0.05,0.05,0,0,1
FINNIFTY12MAR2422500CE.NFO,2024-02-07,10:13:00,2024-03-12,0.05,0.05,0.05,0.05,0,0,1
FINNIFTY12MAR2422500CE.NFO,2024-02-07,10:14:00,2024-03-12,0.05,0.05,0.05,0.05,0,0,1
FINNIFTY12MAR2422500CE.NFO,2024-02-07,10:15:00,2024-03-12,0.05,0.05,0.05,0.05,0,0,1
FINNIFTY12MAR2422500CE.NFO,2024-02-07,10:16:00,2024-03-12,0.05,0.05,0.05,0.05,0,0,1
FINNIFTY12MAR2422500CE.NFO,2024-02-07,10:17:00,2024-03-12,0.05,0.05,0.05,0.05,0,0,1
FINNIFTY12MAR2422500CE.NFO,2024-02-07,10:18:00,2024-03-12,0.05,0.05,0.05,0.05,0,0,1
FINNIFTY12MAR2422500CE.NFO,2024-02-07,10:19:00,2024-03-12,0.05,0.05,0.05,0.05,0,0,1
FINNIFTY12MAR2422500CE.NFO,2024-02-07,10:20:00,2024-03-12,0.05,0.05,0.05,0.05,0,0,1
FINNIFTY12MAR2422500CE.NFO,2024-02-07,10:21:00,2024-03-12,0.05,0.05,0.05,0.05,0,0,1
FINNIFTY12MAR2422500CE.NFO,2024-02-07,10:22:00,2024-03-12,0.05,0.05,0.05,0.05,0,0,1
FINNIFTY12MAR2422500CE.NFO,2024-02-07,10:23:00,2024-03-12,0.05,0.05,0.05,0.05,0,0,1
FINNIFTY12MAR2422500CE.NFO,2024-02-07,10:24:00,2024-03-12,0.05,0.05,0.05,0.05,0,0,1
FINNIFTY12MAR2422500CE.NFO,2024-02-07,10:25:00,2024-03-12,0.05,0.05,0.05,0.05,0,0,1
FINNIFTY12MAR2422500CE.NFO,2024-02-07,10:26:00,2024-03-12,0.05,0.05,0.05,0.05,0,0,1
FINNIFTY12MAR2422500CE.NFO,2024-02-07,10:27:00,2024-03-12,0.05,0.05,0.05,0.05,0,0,1
FINNIFTY12MAR2422500CE.NFO,2024-02-07,10:28:00,2024-03-12,0.05,0.05,0.05,0.05,0,0,1
FINNIFTY12MAR2422500CE.NFO,2024-02-07,10:29:00,2024-03-12,0.05,0.05,0.05,0.05,0,0,1
FINNIFTY12MAR2422500CE.NFO,2024-02-07,10:30:00,2024-03-12,0.05,0.05,0.05,0.05,0,0,1
FINNIFTY12MAR2422500CE.NFO,2024-02-07,10:31:00,2024-03-12,0.05,0.05,0.05,0.05,0,0,1
FINNIFTY12MAR2422500CE.NFO,2024-02-07,10:32:00,2024-03-12,0.05,0.05,0.05,0.05,0,0,1
FINNIFTY12MAR2422500CE.NFO,2024-02-07,10:33:00,2024-03-12,0.05,0.05,0.05,0.05,0,0,1
FINNIFTY12MAR2422500CE.NFO,2024-02-07,10:34:00,2024-03-12,0.05,0.05,0.05,0.05,0,0,1
FINNIFTY12MAR2422500CE.NFO,2024-02-07,10:35:00,2024-03-12,0.05,0.05,0.05,0.05,0,0,1
FINNIFTY12MAR2422500CE.NFO,2024-02-07,10:36:00,2024-03-12,0.05,0.05,0.05,0.05,0,0,1
FINNIFTY12MAR2422500CE.NFO,2024-02-07,10:37:00,2024-03-12,0.05,0.05,0.05,0.05,0,0,1
FINNIFTY12MAR2422500CE.NFO,2024-02-07,10:38:00,2024-03-12,0.05,0.05,0.05,0.05,0,0,1
FINNIFTY12MAR2422500CE.NFO,2024-02-07,10:39:00,2024-03-12,0.05,0.05,0.05,0.05,0,0,1
FINNIFTY12MAR2422500CE.NFO,2024-02-07,10:40:00,2024-03-12,0.05,0.05,0.05,0.05,0,0,1
FINNIFTY12MAR2422500CE.NFO,2024-02-07,10:41:00,2024-03-12,0.05,0.05,0.05,0.05,0,0,1
FINNIFTY12MAR2422500CE.NFO,2024-02-07,10:42:00,2024-03-12,0.05,0.05,0.05,0.05,0,0,1
FINNIFTY12MAR2422500CE.NFO,2024-02-07,10:43:00,2024-03-12,0.05,0.05,0.05,0.05,0,0,1
FINNIFTY12MAR2422500CE.NFO,2024-02-07,10:44:00,2024-03-12,0.05,0.05,0.05,0.05,0,0,1
FINNIFTY12MAR2422500CE.NFO,2024-02-07,10:45:00,2024-03-12,0.05,0.05,0.05,0.05,0,0,1
FINNIFTY12MAR2422500CE.NFO,2024-02-07,10:46:00,2024-03-12,0.05,0.05,0.05,0.05,0,0,1
FINNIFTY12MAR2422500CE.NFO,2024-02-07,10:47:00,2024-03-12,0.05,0.05,0.05,0.05,0,0,1
FINNIFTY12MAR2422500CE.NFO,2024-02-07,10:48:00,2024-03-12,0.05,0.05,0.05,0.05,0,0,1
FINNIFTY12MAR2422500CE.NFO,2024-02-07,10:49:00,2024-03-12,0.05,0.05,0.05,0.05,0,0,1
FINNIFTY12MAR2422500CE.NFO,2024-02-07,10:50:00,2024-03-12,0.05,0.05,0.05,0.05,0,0,1
FINNIFTY12MAR2422500CE.NFO,2024-02-07,10:51:00,2024-03-12,0.05,0.05,0.05,0.05,0,0,1
FINNIFTY12MAR2422500CE.NFO,2024-02-07,10:52:00,2024-03-12,0.05,0.05,0.05,0.05,0,0,1
FINNIFTY12MAR2422500CE.NFO,2024-02-07,10:53:00,2024-03-12,0.05,0.05,0.05,0.05,0,0,1
FINNIFTY12MAR2422500CE.NFO,2024-02-07,10:54:00,2024-03-12,0.05,0.05,0.05,0.05,0,0,1
FINNIFTY12MAR2422500CE.NFO,2024-02-07,10:55:00,2024-03-12,0.05,0.05,0.05,0.05,0,0,1
FINNIFTY12MAR2422500CE.NFO,2024-02-07,10:56:00,2024-03-12,0.05,0.05,0.05,0.05,0,0,1
FINNIFTY12MAR2422500CE.NFO,2024-02-07,10:57:00,2024-03-12,0.05,0.05,0.05,0.05,0,0,1
FINNIFTY12MAR2422500CE.NFO,2024-02-07,10:58:00,2024-03-12,0.05,0.05,0.05,0.05,0,0,1
FINNIFTY12MAR2422500CE.NFO,2024-02-07,10:59:00,2024-03-12,0.05,0.05,0.05,0.05,0,0,1
FINNIFTY12MAR2422500CE.NFO,2024-02-07,11:00:00,2024-03-12,0.05,0.05,0.05,0.05,0,0,1
FINNIFTY12MAR2422500CE.NFO,2024-02-07,11:01:00,2024-03-12,0.05,0.05,0.05,0.05,0,0,1
FINNIFTY12MAR2422500CE.NFO,2024-02-07,11:02:00,2024-03-12,0.05,0.05,0.05,0.05,0,0,1
FINNIFTY12MAR2422500CE.NFO,2024-02-07,11:03:00,2024-03-12,0.05,0.05,0.05,0.05,0,0,1
FINNIFTY12MAR2422500CE.NFO,2024-02-07,11:04:00,2024-03-12,0.05,0.05,0.05,0.05,0,0,1
FINNIFTY12MAR2422500CE.NFO,2024-02-07,11:05:00,2024-03-12,0.05,0.05,0.05,0.05,0,0,1
FINNIFTY12MAR2422500CE.NFO,2024-02-07,11:06:00,2024-03-12,0.05,0.05,0.05,0.05,0,0,1
FINNIFTY12MAR2422500CE.NFO,2024-02-07,11:07:00,2024-03-12,0.05,0.05,0.05,0.05,0,0,1
FINNIFTY12MAR2422500CE.NFO,2024-02-07,11:08:00,2024-03-12,0.05,0.05,0.05,0.05,0,0,1
FINNIFTY12MAR2422500CE.NFO,2024-02-07,11:09:00,2024-03-12,0.05,0.05,0.05,0.05,0,0,1
FINNIFTY12MAR2422500CE.NFO,2024-02-07,11:10:00,2024-03-12,0.05,0.05,0.05,0.05,0,0,1
FINNIFTY12MAR2422500CE.NFO,2024-02-07,11:11:00,2024-03-12,0.05,0.05,0.05,0.05,0,0,1
FINNIFTY12MAR2422500CE.NFO,2024-02-07,11:12:00,2024-03-12,0.05,0.05,0.05,0.05,0,0,1
FINNIFTY12MAR2422500CE.NFO,2024-02-07,11:13:00,2024-03-12,0.05,0.05,0.05,0.05,0,0,1
FINNIFTY12MAR2422500CE.NFO,2024-02-07,11:14:00,2024-03-12,0.05,0.05,0.05,0.05,0,0,1
FINNIFTY12MAR2422500CE.NFO,2024-02-07,11:15:00,2024-03-12,0.05,0.05,0.05,0.05,0,0,1
FINNIFTY12MAR2422500CE.NFO,2024-02-07,11:16:00,2024-03-12,0.05,0.05,0.05,0.05,0,0,1
FINNIFTY12MAR2422500CE.NFO,2024-02-07,11:17:00,2024-03-12,0.05,0.05,0.05,0.05,0,0,1
FINNIFTY12MAR2422500CE.NFO,2024-02-07,11:18:00,2024-03-12,0.05,0.05,0.05,0.05,0,0,1
FINNIFTY12MAR2422500CE.NFO,2024-02-07,11:19:00,2024-03-12,0.05,0.05,0.05,0.05,0,0,1
FINNIFTY12MAR2422500CE.NFO,2024-02-07,11:20:00,2024-03-12,0.05,0.05,0.05,0.05,0,0,1
FINNIFTY12MAR2422500CE.NFO,2024-02-07,11:21:00,2024-03-12,0.05,0.05,0.05,0.05,0,0,1
FINNIFTY12MAR2422500CE.NFO,2024-02-07,11:22:00,2024-03-12,0.05,0.05,0.05,0.05,0,0,1
FINNIFTY12MAR2422500CE.NFO,2024-02-07,11:23:00,2024-03-12,0.05,0.05,0.05,0.05,0,0,1
FINNIFTY12MAR2422500CE.NFO,2024-02-07,11:24:00,2024-03-12,0.05,0.05,0.05,0.05,0,0,1
FINNIFTY12MAR2422500CE.NFO,2024-02-07,11:25:00,2024-03-12,0.05,0.05,0.05,0.05,0,0,1
FINNIFTY12MAR2422500CE.NFO,2024-02-07,11:26:00,2024-03-12,0.05,0.05,0.05,0.05,0,0,1
FINNIFTY12MAR2422500CE.NFO,2024-02-07,11:27:00,2024-03-12,0.05,0.05,0.05,0.05,0,0,1
FINNIFTY12MAR2422500CE.NFO,2024-02-07,11:28:00,2024-03-12,0.05,0.05,0.05,0.05,0,0,1
FINNIFTY12MAR2422500CE.NFO,2024-02-07,11:29:00,2024-03-12,0.05,0.05,0.05,0.05,0,0,1
FINNIFTY12MAR2422500CE.NFO,2024-02-07,11:30:00,2024-03-12,0.05,0.05,0.05,0.05,0,0,1
FINNIFTY12MAR2422500CE.NFO,2024-02-07,11:31:00,2024-03-12,0.05,0.05,0.05,0.05,0,0,1
FINNIFTY12MAR2422500CE.NFO,2024-02-07,11:32:00,2024-03-12,0.05,0.05,0.05,0.05,0,0,1
FINNIFTY12MAR2422500CE.NFO,2024-02-07,11:33:00,2024-03-12,0.05,0.05,0.05,0.05,0,0,1
FINNIFTY12MAR2422500CE.NFO,2024-02-07,11:34:00,2024-03-12,0.05,0.05,0.05,0.05,0,0,1
FINNIFTY12MAR2422500CE.NFO,2024-02-07,11:35:00,2024-03-12,0.05,0.05,0.05,0.05,0,0,1
FINNIFTY12MAR2422500CE.NFO,2024-02-07,11:36:00,2024-03-12,0.05,0.05,0.05,0.05,0,0,1
FINNIFTY12MAR2422500CE.NFO,2024-02-07,11:37:00,2024-03-12,0.05,0.05,0.05,0.05,0,0,1
FINNIFTY12MAR2422500CE.NFO,2024-02-07,11:38:00,2024-03-12,0.05,0.05,0.05,0.05,0,0,1
FINNIFTY12MAR2422500CE.NFO,2024-02-07,11:39:00,2024-03-12,0.05,0.05,0.05,0.05,0,0,1
FINNIFTY12MAR2422500CE.NFO,2024-02-07,11:40:00,2024-03-12,0.05,0.05,0.05,0.05,0,0,1
FINNIFTY12MAR2422500CE.NFO,2024-02-07,11:41:00,2024-03-12,0.05,0.05,0.05,0.05,0,0,1
FINNIFTY12MAR2422500CE.NFO,2024-02-07,11:42:00,2024-03-12,0.05,0.05,0.05,0.05,0,0,1
FINNIFTY12MAR2422500CE.NFO,2024-02-07,11:43:00,2024-03-12,0.05,0.05,0.05,0.05,0,0,1
FINNIFTY12MAR2422500CE.NFO,2024-02-07,11:44:00,2024-03-12,0.05,0.05,0.05,0.05,0,0,1
FINNIFTY12MAR2422500CE.NFO,2024-02-07,11:45:00,2024-03-12,0.05,0.05,0.05,0.05,0,0,1
FINNIFTY12MAR2422500CE.NFO,2024-02-07,11:46:00,2024-03-12,0.05,0.05,0.05,0.05,0,0,1
FINNIFTY12MAR2422500CE.NFO,2024-02-07,11:47:00,2024-03-12,0.05,0.05,0.05,0.05,0,0,1
FINNIFTY12MAR2422500CE.NFO,2024-02-07,11:48:00,2024-03-12,0.05,0.05,0.05,0.05,0,0,1
FINNIFTY12MAR2422500CE.NFO,2024-02-07,11:49:00,2024-03-12,0.05,0.05,0.05,0.05,0,0,1
FINNIFTY12MAR2422500CE.NFO,2024-02-07,11:50:00,2024-03-12,0.05,0.05,0.05,0.05,0,0,1
FINNIFTY12MAR2422500CE.NFO,2024-02-07,11:51:00,2024-03-12,0.05,0.05,0.05,0.05,0,0,1
FINNIFTY12MAR2422500CE.NFO,2024-02-07,11:52:00,2024-03-12,0.05,0.05,0.05,0.05,0,0,1
FINNIFTY12MAR2422500CE.NFO,2024-02-07,11:53:00,2024-03-12,0.05,0.05,0.05,0.05,0,0,1
FINNIFTY12MAR2422500CE.NFO,2024-02-07,11:54:00,2024-03-12,0.05,0.05,0.05,0.05,0,0,1
FINNIFTY12MAR2422500CE.NFO,2024-02-07,11:55:00,2024-03-12,0.05,0.05,0.05,0.05,0,0,1
FINNIFTY12MAR2422500CE.NFO,2024-02-07,11:56:00,2024-03-12,0.05,0.05,0.05,0.05,0,0,1
FINNIFTY12MAR2422500CE.NFO,2024-02-07,11:57:00,2024-03-12,0.05,0.05,0.05,0.05,0,0,1
FINNIFTY12MAR2422500CE.NFO,2024-02-07,11:58:00,2024-03-12,0.05,0.05,0.05,0.05,0,0,1
FINNIFTY12MAR2422500CE.NFO,2024-02-07,11:59:00,2024-03-12,0.05,0.05,0.05,0.05,0,0,1
FINNIFTY12MAR2422500CE.NFO,2024-02-07,12:00:00,2024-03-12,0.05,0.05,0.05,0.05,0,0,1
FINNIFTY12MAR2422500CE.NFO,2024-02-07,12:01:00,2024-03-12,0.05,0.05,0.05,0.05,0,0,1
FINNIFTY12MAR2422500CE.NFO,2024-02-07,12:02:00,2024-03-12,0.05,0.05,0.05,0.05,0,0,1
FINNIFTY12MAR2422500CE.NFO,2024-02-07,12:03:00,2024-03-12,0.05,0.05,0.05,0.05,0,0,1
FINNIFTY12MAR2422500CE.NFO,2024-02-07,12:04:00,2024-03-12,0.05,0.05,0.05,0.05,0,0,1
FINNIFTY12MAR2422500CE.NFO,2024-02-07,12:05:00,2024-03-12,0.05,0.05,0.05,0.05,0,0,1
FINNIFTY12MAR2422500CE.NFO,2024-02-07,12:06:00,2024-03-12,0.05,0.05,0.05,0.05,0,0,1
FINNIFTY12MAR2422500CE.NFO,2024-02-07,12:07:00,2024-03-12,0.05,0.05,0.05,0.05,0,0,1
FINNIFTY12MAR2422500CE.NFO,2024-02-07,12:08:00,2024-03-12,0.05,0.05,0.05,0.05,0,0,1
FINNIFTY12MAR2422500CE.NFO,2024-02-07,12:09:00,2024-03-12,0.05,0.05,0.05,0.05,0,0,1
FINNIFTY12MAR2422500CE.NFO,2024-02-07,12:10:00,2024-03-12,0.05,0.05,0.05,0.05,0,0,1
FINNIFTY12MAR2422500CE.NFO,2024-02-07,12:11:00,2024-03-12,0.05,0.05,0.05,0.05,0,0,1
FINNIFTY12MAR2422500CE.NFO,2024-02-07,12:12:00,2024-03-12,0.05,0.05,0.05,0.05,0,0,1
FINNIFTY12MAR2422500CE.NFO,2024-02-07,12:13:00,2024-03-12,0.05,0.05,0.05,0.05,0,0,1
FINNIFTY12MAR2422500CE.NFO,2024-02-07,12:14:00,2024-03-12,0.05,0.05,0.05,0.05,0,0,1
FINNIFTY12MAR2422500CE.NFO,2024-02-07,12:15:00,2024-03-12,0.05,0.05,0.05,0.05,0,0,1
FINNIFTY12MAR2422500CE.NFO,2024-02-07,12:16:00,2024-03-12,0.05,0.05,0.05,0.05,0,0,1
FINNIFTY12MAR2422500CE.NFO,2024-02-07,12:17:00,2024-03-12,0.05,0.05,0.05,0.05,0,0,1
FINNIFTY12MAR2422500CE.NFO,2024-02-07,12:18:00,2024-03-12,0.05,0.05,0.05,0.05,0,0,1
FINNIFTY12MAR2422500CE.NFO,2024-02-07,12:19:00,2024-03-12,0.05,0.05,0.05,0.05,0,0,1
FINNIFTY12MAR2422500CE.NFO,2024-02-07,12:20:00,2024-03-12,0.05,0.05,0.05,0.05,0,0,1
FINNIFTY12MAR2422500CE.NFO,2024-02-07,12:21:00,2024-03-12,0.05,0.05,0.05,0.05,0,0,1
FINNIFTY12MAR2422500CE.NFO,2024-02-07,12:22:00,2024-03-12,0.05,0.05,0.05,0.05,0,0,1
FINNIFTY12MAR2422500CE.NFO,2024-02-07,12:23:00,2024-03-12,0.05,0.05,0.05,0.05,0,0,1
FINNIFTY12MAR2422500CE.NFO,2024-02-07,12:24:00,2024-03-12,0.05,0.05,0.05,0.05,0,0,1
FINNIFTY12MAR2422500CE.NFO,2024-02-07,12:25:00,2024-03-12,0.05,0.05,0.05,0.05,0,0,1
FINNIFTY12MAR2422500CE.NFO,2024-02-07,12:26:00,2024-03-12,0.05,0.05,0.05,0.05,0,0,1
FINNIFTY12MAR2422500CE.NFO,2024-02-07,12:27:00,2024-03-12,0.05,0.05,0.05,0.05,0,0,1
FINNIFTY12MAR2422500CE.NFO,2024-02-07,12:28:00,2024-03-12,0.05,0.05,0.05,0.05,0,0,1
FINNIFTY12MAR2422500CE.NFO,2024-02-07,12:29:00,2024-03-12,0.05,0.05,0.05,0.05,0,0,1
FINNIFTY12MAR2422500CE.NFO,2024-02-07,12:30:00,2024-03-12,0.05,0.05,0.05,0.05,0,0,1
FINNIFTY12MAR2422500CE.NFO,2024-02-07,12:31:00,2024-03-12,0.05,0.05,0.05,0.05,0,0,1
FINNIFTY12MAR2422500CE.NFO,2024-02-07,12:32:00,2024-03-12,0.05,0.05,0.05,0.05,0,0,1
FINNIFTY12MAR2422500CE.NFO,2024-02-07,12:33:00,2024-03-12,0.05,0.05,0.05,0.05,0,0,1
FINNIFTY12MAR2422500CE.NFO,2024-02-07,12:34:00,2024-03-12,0.05,0.05,0.05,0.05,0,0,1
FINNIFTY12MAR2422500CE.NFO,2024-02-07,12:35:00,2024-03-12,0.05,0.05,0.05,0.05,0,0,1
FINNIFTY12MAR2422500CE.NFO,2024-02-07,12:36:00,2024-03-12,0.05,0.05,0.05,0.05,0,0,1
FINNIFTY12MAR2422500CE.NFO,2024-02-07,12:37:00,2024-03-12,0.05,0.05,0.05,0.05,0,0,1
FINNIFTY12MAR2422500CE.NFO,2024-02-07,12:38:00,2024-03-12,0.05,0.05,0.05,0.05,0,0,1
FINNIFTY12MAR2422500CE.NFO,2024-02-07,12:39:00,2024-03-12,0.05,0.05,0.05,0.05,0,0,1
FINNIFTY12MAR2422500CE.NFO,2024-02-07,12:40:00,2024-03-12,0.05,0.05,0.05,0.05,0,0,1
FINNIFTY12MAR2422500CE.NFO,2024-02-07,12:41:00,2024-03-12,0.05,0.05,0.05,0.05,0,0,1
FINNIFTY12MAR2422500CE.NFO,2024-02-07,12:42:00,2024-03-12,0.05,0.05,0.05,0.05,0,0,1
FINNIFTY12MAR2422500CE.NFO,2024-02-07,12:43:00,2024-03-12,0.05,0.05,0.05,0.05,0,0,1
FINNIFTY12MAR2422500CE.NFO,2024-02-07,12:44:00,2024-03-12,0.05,0.05,0.05,0.05,0,0,1
FINNIFTY12MAR2422500CE.NFO,2024-02-07,12:45:00,2024-03-12,0.05,0.05,0.05,0.05,0,0,1
FINNIFTY12MAR2422500CE.NFO,2024-02-07,12:46:00,2024-03-12,0.05,0.05,0.05,0.05,0,0,1
FINNIFTY12MAR2422500CE.NFO,2024-02-07,12:47:00,2024-03-12,0.05,0.05,0.05,0.05,0,0,1
FINNIFTY12MAR2422500CE.NFO,2024-02-07,12:48:00,2024-03-12,0.05,0.05,0.05,0.05,0,0,1
FINNIFTY12MAR2422500CE.NFO,2024-02-07,12:49:00,2024-03-12,0.05,0.05,0.05,0.05,0,0,1
FINNIFTY12MAR2422500CE.NFO,2024-02-07,12:50:00,2024-03-12,0.05,0.05,0.05,0.05,0,0,1
FINNIFTY12MAR2422500CE.NFO,2024-02-07,12:51:00,2024-03-12,0.05,0.05,0.05,0.05,0,0,1
FINNIFTY12MAR2422500CE.NFO,2024-02-07,12:52:00,2024-03-12,0.05,0.05,0.05,0.05,0,0,1
FINNIFTY12MAR2422500CE.NFO,2024-02-07,12:53:00,2024-03-12,0.05,0.05,0.05,0.05,0,0,1
FINNIFTY12MAR2422500CE.NFO,2024-02-07,12:54:00,2024-03-12,0.05,0.05,0.05,0.05,0,0,1
FINNIFTY12MAR2422500CE.NFO,2024-02-07,12:55:00,2024-03-12,0.05,0.05,0.05,0.05,0,0,1
FINNIFTY12MAR2422500CE.NFO,2024-02-07,12:56:00,2024-03-12,0.05,0.05,0.05,0.05,0,0,1
FINNIFTY12MAR2422500CE.NFO,2024-02-07,12:57:00,2024-03-12,0.05,0.05,0.05,0.05,0,0,1
FINNIFTY12MAR2422500CE.NFO,2024-02-07,12:58:00,2024-03-12,0.05,0.05,0.05,0.05,0,0,1
FINNIFTY12MAR2422500CE.NFO,2024-02-07,12:59:00,2024-03-12,0.05,0.05,0.05,0.05,0,0,1
FINNIFTY12MAR2422500CE.NFO,2024-02-07,13:00:00,2024-03-12,0.05,0.05,0.05,0.05,0,0,1
FINNIFTY12MAR2422500CE.NFO,2024-02-07,13:01:00,2024-03-12,0.05,0.05,0.05,0.05,0,0,1
FINNIFTY12MAR2422500CE.NFO,2024-02-07,13:02:00,2024-03-12,0.05,0.05,0.05,0.05,0,0,1
FINNIFTY12MAR2422500CE.NFO,2024-02-07,13:03:00,2024-03-12,0.05,0.05,0.05,0.05,0,0,1
FINNIFTY12MAR2422500CE.NFO,2024-02-07,13:04:00,2024-03-12,0.05,0.05,0.05,0.05,0,0,1
FINNIFTY12MAR2422500CE.NFO,2024-02-07,13:05:00,2024-03-12,0.05,0.05,0.05,0.05,0,0,1
FINNIFTY12MAR2422500CE.NFO,2024-02-07,13:06:00,2024-03-12,0.05,0.05,0.05,0.05,0,0,1
FINNIFTY12MAR2422500CE.NFO,2024-02-07,13:07:00,2024-03-12,0.05,0.05,0.05,0.05,0,0,1
FINNIFTY12MAR2422500CE.NFO,2024-02-07,13:08:00,2024-03-12,0.05,0.05,0.05,0.05,0,0,1
FINNIFTY12MAR2422500CE.NFO,2024-02-07,13:09:00,2024-03-12,0.05,0.05,0.05,0.05,0,0,1
FINNIFTY12MAR2422500CE.NFO,2024-02-07,13:10:00,2024-03-12,0.05,0.05,0.05,0.05,0,0,1
FINNIFTY12MAR2422500CE.NFO,2024-02-07,13:11:00,2024-03-12,0.05,0.05,0.05,0.05,0,0,1
FINNIFTY12MAR2422500CE.NFO,2024-02-07,13:12:00,2024-03-12,0.05,0.05,0.05,0.05,0,0,1
FINNIFTY12MAR2422500CE.NFO,2024-02-07,13:13:00,2024-03-12,0.05,0.05,0.05,0.05,0,0,1
FINNIFTY12MAR2422500CE.NFO,2024-02-07,13:14:00,2024-03-12,0.05,0.05,0.05,0.05,0,0,1
FINNIFTY12MAR2422500CE.NFO,2024-02-07,13:15:00,2024-03-12,0.05,0.05,0.05,0.05,0,0,1
FINNIFTY12MAR2422500CE.NFO,2024-02-07,13:16:00,2024-03-12,0.05,0.05,0.05,0.05,0,0,1
FINNIFTY12MAR2422500CE.NFO,2024-02-07,13:17:00,2024-03-12,0.05,0.05,0.05,0.05,0,0,1
FINNIFTY12MAR2422500CE.NFO,2024-02-07,13:18:00,2024-03-12,0.05,0.05,0.05,0.05,0,0,1
FINNIFTY12MAR2422500CE.NFO,2024-02-07,13:19:00,2024-03-12,0.05,0.05,0.05,0.05,0,0,1
FINNIFTY12MAR2422500CE.NFO,2024-02-07,13:20:00,2024-03-12,0.05,0.05,0.05,0.05,0,0,1
FINNIFTY12MAR2422500CE.NFO,2024-02-07,13:21:00,2024-03-12,0.05,0.05,0.05,0.05,0,0,1
FINNIFTY12MAR2422500CE.NFO,2024-02-07,13:22:00,2024-03-12,0.05,0.05,0.05,0.05,0,0,1
FINNIFTY12MAR2422500CE.NFO,2024-02-07,13:23:00,2024-03-12,0.05,0.05,0.05,0.05,0,0,1
FINNIFTY12MAR2422500CE.NFO,2024-02-07,13:24:00,2024-03-12,0.05,0.05,0.05,0.05,0,0,1
FINNIFTY12MAR2422500CE.NFO,2024-02-07,13:25:00,2024-03-12,0.05,0.05,0.05,0.05,0,0,1
FINNIFTY12MAR2422500CE.NFO,2024-02-07,13:26:00,2024-03-12,0.05,0.05,0.05,0.05,0,0,1
FINNIFTY12MAR2422500CE.NFO,2024-02-07,13:27:00,2024-03-12,0.05,0.05,0.05,0.05,0,0,1
FINNIFTY12MAR2422500CE.NFO,2024-02-07,13:28:00,2024-03-12,0.05,0.05,0.05,0.05,0,0,1
FINNIFTY12MAR2422500CE.NFO,2024-02-07,13:29:00,2024-03-12,0.05,0.05,0.05,0.05,0,0,1
FINNIFTY12MAR2422500CE.NFO,2024-02-07,13:30:00,2024-03-12,0.05,0.05,0.05,0.05,0,0,1
FINNIFTY12MAR2422500CE.NFO,2024-02-07,13:31:00,2024-03-12,0.05,0.05,0.05,0.05,0,0,1
FINNIFTY12MAR2422500CE.NFO,2024-02-07,13:32:00,2024-03-12,0.05,0.05,0.05,0.05,0,0,1
FINNIFTY12MAR2422500CE.NFO,2024-02-07,13:33:00,2024-03-12,0.05,0.05,0.05,0.05,0,0,1
FINNIFTY12MAR2422500CE.NFO,2024-02-07,13:34:00,2024-03-12,0.05,0.05,0.05,0.05,0,0,1
FINNIFTY12MAR2422500CE.NFO,2024-02-07,13:35:00,2024-03-12,0.05,0.05,0.05,0.05,0,0,1
FINNIFTY12MAR2422500CE.NFO,2024-02-07,13:36:00,2024-03-12,0.05,0.05,0.05,0.05,0,0,1
FINNIFTY12MAR2422500CE.NFO,2024-02-07,13:37:00,2024-03-12,0.05,0.05,0.05,0.05,0,0,1
FINNIFTY12MAR2422500CE.NFO,2024-02-07,13:38:00,2024-03-12,0.05,0.05,0.05,0.05,0,0,1
FINNIFTY12MAR2422500CE.NFO,2024-02-07,13:39:00,2024-03-12,0.05,0.05,0.05,0.05,0,0,1
FINNIFTY12MAR2422500CE.NFO,2024-02-07,13:40:00,2024-03-12,0.05,0.05,0.05,0.05,0,0,1
FINNIFTY12MAR2422500CE.NFO,2024-02-07,13:41:00,2024-03-12,0.05,0.05,0.05,0.05,0,0,1
FINNIFTY12MAR2422500CE.NFO,2024-02-07,13:42:00,2024-03-12,0.05,0.05,0.05,0.05,0,0,1
FINNIFTY12MAR2422500CE.NFO,2024-02-07,13:43:00,2024-03-12,0.05,0.05,0.05,0.05,0,0,1
FINNIFTY12MAR2422500CE.NFO,2024-02-07,13:44:00,2024-03-12,0.05,0.05,0.05,0.05,0,0,1
FINNIFTY12MAR2422500CE.NFO,2024-02-07,13:45:00,2024-03-12,0.05,0.05,0.05,0.05,0,0,1
FINNIFTY12MAR2422500CE.NFO,2024-02-07,13:46:00,2024-03-12,0.05,0.05,0.05,0.05,0,0,1
FINNIFTY12MAR2422500CE.NFO,2024-02-07,13:47:00,2024-03-12,0.05,0.05,0.05,0.05,0,0,1
FINNIFTY12MAR2422500CE.NFO,2024-02-07,13:48:00,2024-03-12,0.05,0.05,0.05,0.05,0,0,1
FINNIFTY12MAR2422500CE.NFO,2024-02-07,13:49:00,2024-03-12,0.05,0.05,0.05,0.05,0,0,1
FINNIFTY12MAR2422500CE.NFO,2024-02-07,13:50:00,2024-03-12,0.05,0.05,0.05,0.05,0,0,1
FINNIFTY12MAR2422500CE.NFO,2024-02-07,13:51:00,2024-03-12,0.05,0.05,0.05,0.05,0,0,1
FINNIFTY12MAR2422500CE.NFO,2024-02-07,13:52:00,2024-03-12,0.05,0.05,0.05,0.05,0,0,1
FINNIFTY12MAR2422500CE.NFO,2024-02-07,13:53:00,2024-03-12,0.05,0.05,0.05,0.05,0,0,1
FINNIFTY12MAR2422500CE.NFO,2024-02-07,13:54:00,2024-03-12,0.05,0.05,0.05,0.05,0,0,1
FINNIFTY12MAR2422500CE.NFO,2024-02-07,13:55:00,2024-03-12,0.05,0.05,0.05,0.05,0,0,1
FINNIFTY12MAR2422500CE.NFO,2024-02-07,13:56:00,2024-03-12,0.05,0.05,0.05,0.05,0,0,1
FINNIFTY12MAR2422500CE.NFO,2024-02-07,13:57:00,2024-03-12,0.05,0.05,0.05,0.05,0,0,1
FINNIFTY12MAR2422500CE.NFO,2024-02-07,13:58:00,2024-03-12,0.05,0.05,0.05,0.05,0,0,1
FINNIFTY12MAR2422500CE.NFO,2024-02-07,13:59:00,2024-03-12,0.05,0.05,0.05,0.05,0,0,1
FINNIFTY12MAR2422500CE.NFO,2024-02-07,14:00:00,2024-03-12,0.05,0.05,0.05,0.05,0,0,1
FINNIFTY12MAR2422500CE.NFO,2024-02-07,14:01:00,2024-03-12,0.05,0.05,0.05,0.05,0,0,1
FINNIFTY12MAR2422500CE.NFO,2024-02-07,14:02:00,2024-03-12,0.05,0.05,0.05,0.05,0,0,1
FINNIFTY12MAR2422500CE.NFO,2024-02-07,14:03:00,2024-03-12,0.05,0.05,0.05,0.05,0,0,1
FINNIFTY12MAR2422500CE.NFO,2024-02-07,14:04:00,2024-03-12,0.05,0.05,0.05,0.05,0,0,1
FINNIFTY12MAR2422500CE.NFO,2024-02-07,14:05:00,2024-03-12,0.05,0.05,0.05,0.05,0,0,1
FINNIFTY12MAR2422500CE.NFO,2024-02-07,14:06:00,2024-03-12,0.05,0.05,0.05,0.05,0,0,1
FINNIFTY12MAR2422500CE.NFO,2024-02-07,14:07:00,2024-03-12,0.05,0.05,0.05,0.05,0,0,1
FINNIFTY12MAR2422500CE.NFO,2024-02-07,14:08:00,2024-03-12,0.05,0.05,0.05,0.05,0,0,1
FINNIFTY12MAR2422500CE.NFO,2024-02-07,14:09:00,2024-03-12,0.05,0.05,0.05,0.05,0,0,1
FINNIFTY12MAR2422500CE.NFO,2024-02-07,14:10:00,2024-03-12,0.05,0.05,0.05,0.05,0,0,1
FINNIFTY12MAR2422500CE.NFO,2024-02-07,14:11:00,2024-03-12,0.05,0.05,0.05,0.05,0,0,1
FINNIFTY12MAR2422500CE.NFO,2024-02-07,14:12:00,2024-03-12,0.05,0.05,0.05,0.05,0,0,1
FINNIFTY12MAR2422500CE.NFO,2024-02-07,14:13:00,2024-03-12,0.05,0.05,0.05,0.05,0,0,1
FINNIFTY12MAR2422500CE.NFO,2024-02-07,14:14:00,2024-03-12,0.05,0.05,0.05,0.05,0,0,1
FINNIFTY12MAR2422500CE.NFO,2024-02-07,14:15:00,2024-03-12,0.05,0.05,0.05,0.05,0,0,1
FINNIFTY12MAR2422500CE.NFO,2024-02-07,14:16:00,2024-03-12,0.05,0.05,0.05,0.05,0,0,1
FINNIFTY12MAR2422500CE.NFO,2024-02-07,14:17:00,2024-03-12,0.05,0.05,0.05,0.05,0,0,1
FINNIFTY12MAR2422500CE.NFO,2024-02-07,14:18:00,2024-03-12,0.05,0.05,0.05,0.05,0,0,1
FINNIFTY12MAR2422500CE.NFO,2024-02-07,14:19:00,2024-03-12,0.05,0.05,0.05,0.05,0,0,1
FINNIFTY12MAR2422500CE.NFO,2024-02-07,14:20:00,2024-03-12,0.05,0.05,0.05,0.05,0,0,1
FINNIFTY12MAR2422500CE.NFO,2024-02-07,14:21:00,2024-03-12,0.05,0.05,0.05,0.05,0,0,1
FINNIFTY12MAR2422500CE.NFO,2024-02-07,14:22:00,2024-03-12,0.05,0.05,0.05,0.05,0,0,1
FINNIFTY12MAR2422500CE.NFO,2024-02-07,14:23:00,2024-03-12,0.05,0.05,0.05,0.05,0,0,1
FINNIFTY12MAR2422500CE.NFO,2024-02-07,14:24:00,2024-03-12,0.05,0.05,0.05,0.05,0,0,1
FINNIFTY12MAR2422500CE.NFO,2024-02-07,14:25:00,2024-03-12,0.05,0.05,0.05,0.05,0,0,1
FINNIFTY12MAR2422500CE.NFO,2024-02-07,14:26:00,2024-03-12,0.05,0.05,0.05,0.05,0,0,1
FINNIFTY12MAR2422500CE.NFO,2024-02-07,14:27:00,2024-03-12,0.05,0.05,0.05,0.05,0,0,1
FINNIFTY12MAR2422500CE.NFO,2024-02-07,14:28:00,2024-03-12,0.05,0.05,0.05,0.05,0,0,1
FINNIFTY12MAR2422500CE.NFO,2024-02-07,14:29:00,2024-03-12,0.05,0.05,0.05,0.05,0,0,1
FINNIFTY12MAR2422500CE.NFO,2024-02-07,14:30:00,2024-03-12,0.05,0.05,0.05,0.05,0,0,1
FINNIFTY12MAR2422500CE.NFO,2024-02-07,14:31:00,2024-03-12,0.05,0.05,0.05,0.05,0,0,1
FINNIFTY12MAR2422500CE.NFO,2024-02-07,14:32:00,2024-03-12,0.05,0.05,0.05,0.05,0,0,1
FINNIFTY12MAR2422500CE.NFO,2024-02-07,14:33:00,2024-03-12,0.05,0.05,0.05,0.05,0,0,1
FINNIFTY12MAR2422500CE.NFO,2024-02-07,14:34:00,2024-03-12,0.05,0.05,0.05,0.05,0,0,1
FINNIFTY12MAR2422500CE.NFO,2024-02-07,14:35:00,2024-03-12,0.05,0.05,0.05,0.05,0,0,1
FINNIFTY12MAR2422500CE.NFO,2024-02-07,14:36:00,2024-03-12,0.05,0.05,0.05,0.05,0,0,1
FINNIFTY12MAR2422500CE.NFO,2024-02-07,14:37:00,2024-03-12,0.05,0.05,0.05,0.05,0,0,1
FINNIFTY12MAR2422500CE.NFO,2024-02-07,14:38:00,2024-03-12,0.05,0.05,0.05,0.05,0,0,1
FINNIFTY12MAR2422500CE.NFO,2024-02-07,14:39:00,2024-03-12,0.05,0.05,0.05,0.05,0,0,1
FINNIFTY12MAR2422500CE.NFO,2024-02-07,14:40:00,2024-03-12,0.05,0.05,0.05,0.05,0,0,1
FINNIFTY12MAR2422500CE.NFO,2024-02-07,14:41:00,2024-03-12,0.05,0.05,0.05,0.05,0,0,1
FINNIFTY12MAR2422500CE.NFO,2024-02-07,14:42:00,2024-03-12,0.05,0.05,0.05,0.05,0,0,1
FINNIFTY12MAR2422500CE.NFO,2024-02-07,14:43:00,2024-03-12,0.05,0.05,0.05,0.05,0,0,1
FINNIFTY12MAR2422500CE.NFO,2024-02-07,14:44:00,2024-03-12,0.05,0.05,0.05,0.05,0,0,1
FINNIFTY12MAR2422500CE.NFO,2024-02-07,14:45:00,2024-03-12,0.05,0.05,0.05,0.05,0,0,1
FINNIFTY12MAR2422500CE.NFO,2024-02-07,14:46:00,2024-03-12,0.05,0.05,0.05,0.05,0,0,1
FINNIFTY12MAR2422500CE.NFO,2024-02-07,14:47:00,2024-03-12,0.05,0.05,0.05,0.05,0,0,1
FINNIFTY12MAR2422500CE.NFO,2024-02-07,14:48:00,2024-03-12,0.05,0.05,0.05,0.05,0,0,1
FINNIFTY12MAR2422500CE.NFO,2024-02-07,14:49:00,2024-03-12,0.05,0.05,0.05,0.05,0,0,1
FINNIFTY12MAR2422500CE.NFO,2024-02-07,14:50:00,2024-03-12,0.05,0.05,0.05,0.05,0,0,1
FINNIFTY12MAR2422500CE.NFO,2024-02-07,14:51:00,2024-03-12,0.05,0.05,0.05,0.05,0,0,1
FINNIFTY12MAR2422500CE.NFO,2024-02-07,14:52:00,2024-03-12,0.05,0.05,0.05,0.05,0,0,1
FINNIFTY12MAR2422500CE.NFO,2024-02-07,14:53:00,2024-03-12,0.05,0.05,0.05,0.05,0,0,1
FINNIFTY12MAR2422500CE.NFO,2024-02-07,14:54:00,2024-03-12,0.05,0.05,0.05,0.05,0,0,1
FINNIFTY12MAR2422500CE.NFO,2024-02-07,14:55:00,2024-03-12,0.05,0.05,0.05,0.05,0,0,1
FINNIFTY12MAR2422500CE.NFO,2024-02-07,14:56:00,2024-03-12,0.05,0.05,0.05,0.05,0,0,1
FINNIFTY12MAR2422500CE.NFO,2024-02-07,14:57:00,2024-03-12,0.05,0.05,0.05,0.05,0,0,1
FINNIFTY12MAR2422500CE.NFO,2024-02-07,14:58:00,2024-03-12,0.05,0.05,0.05,0.05,0,0,1
FINNIFTY12MAR2422500CE.NFO,2024-02-07,14:59:00,2024-03-12,0.05,0.05,0.05,0.05,0,0,1
FINNIFTY12MAR2422500CE.NFO,2024-02-07,15:00:00,2024-03-12,0.05,0.05,0.05,0.05,0,0,1
FINNIFTY12MAR2422500CE.NFO,2024-02-07,15:01:00,2024-03-12,0.05,0.05,0.05,0.05,0,0,1
FINNIFTY12MAR2422500CE.NFO,2024-02-07,15:02:00,2024-03-12,0.05,0.05,0.05,0.05,0,0,1
FINNIFTY12MAR2422500CE.NFO,2024-02-07,15:03:00,2024-03-12,0.05,0.05,0.05,0.05,0,0,1
FINNIFTY12MAR2422500CE.NFO,2024-02-07,15:04:00,2024-03-12,0.05,0.05,0.05,0.05,0,0,1
FINNIFTY12MAR2422500CE.NFO,2024-02-07,15:05:00,2024-03-12,0.05,0.05,0.05,0.05,0,0,1
FINNIFTY12MAR2422500CE.NFO,2024-02-07,15:06:00,2024-03-12,0.05,0.05,0.05,0.05,0,0,1
FINNIFTY12MAR2422500CE.NFO,2024-02-07,15:07:00,2024-03-12,0.05,0.05,0.05,0.05,0,0,1
FINNIFTY12MAR2422500CE.NFO,2024-02-07,15:08:00,2024-03-12,0.05,0.05,0.05,0.05,0,0,1
FINNIFTY12MAR2422500CE.NFO,2024-02-07,15:09:00,2024-03-12,0.05,0.05,0.05,0.05,0,0,1
FINNIFTY12MAR2422500CE.NFO,2024-02-07,15:10:00,2024-03-12,0.05,0.05,0.05,0.05,0,0,1
FINNIFTY12MAR2422500CE.NFO,2024-02-07,15:11:00,2024-03-12,0.05,0.05,0.05,0.05,0,0,1
FINNIFTY12MAR2422500CE.NFO,2024-02-07,15:12:00,2024-03-12,0.05,0.05,0.05,0.05,0,0,1
FINNIFTY12MAR2422500CE.NFO,2024-02-07,15:13:00,2024-03-12,0.05,0.05,0.05,0.05,0,0,1
FINNIFTY12MAR2422500CE.NFO,2024-02-07,15:14:00,2024-03-12,0.05,0.05,0.05,0.05,0,0,1
FINNIFTY12MAR2422500CE.NFO,2024-02-07,15:15:00,2024-03-12,0.05,0.05,0.05,0.05,0,0,1
FINNIFTY12MAR2422500CE.NFO,2024-02-07,15:16:00,2024-03-12,0.05,0.05,0.05,0.05,0,0,1
FINNIFTY12MAR2422500CE.NFO,2024-02-07,15:17:00,2024-03-12,0.05,0.05,0.05,0.05,0,0,1
FINNIFTY12MAR2422500CE.NFO,2024-02-07,15:18:00,2024-03-12,0.05,0.05,0.05,0.05,0,0,1
FINNIFTY12MAR2422500CE.NFO,2024-02-07,15:19:00,2024-03-12,0.05,0.05,0.05,0.05,0,0,1
FINNIFTY12MAR2422500CE.NFO,2024-02-07,15:20:00,2024-03-12,0.05,0.05,0.05,0.05,0,0,1
FINNIFTY12MAR2422500CE.NFO,2024-02-07,15:21:00,2024-03-12,0.05,0.05,0.05,0.05,0,0,1
FINNIFTY12MAR2422500CE.NFO,2024-02-07,15:22:00,2024-03-12,0.05,0.05,0.05,0.05,0,0,1
FINNIFTY12MAR2422500CE.NFO,2024-02-07,15:23:00,2024-03-12,0.05,0.05,0.05,0.05,0,0,1
FINNIFTY12MAR2422500CE.NFO,2024-02-07,15:24:00,2024-03-12,0.05,0.05,0.05,0.05,0,0,1
FINNIFTY12MAR2422500CE.NFO,2024-02-07,15:25:00,2024-03-12,0.05,0.05,0.05,0.05,0,0,1
FINNIFTY12MAR2422500CE.NFO,2024-02-07,15:26:00,2024-03-12,0.05,0.05,0.05,0.05,0,0,1
FINNIFTY12MAR2422500CE.NFO,2024-02-07,15:27:00,2024-03-12,0.05,0.05,0.05,0.05,0,0,1
FINNIFTY12MAR2422500CE.NFO,2024-02-07,15:28:00,2024-03-12,0.05,0.05,0.05,0.05,0,0,1
FINNIFTY12MAR2422500CE.NFO,2024-02-07,15:29:00,2024-03-12,0.05,0.05,0.05,0.05,0,0,1
FINNIFTY12MAR2422500CE.NFO,2024-02-07,15:30:00,2024-03-12,0.05,0.05,0.05,0.05,0,0,1
FINNIFTY12MAR2422500CE.NFO,2024-02-08,09:15:00,2024-03-12,0.05,0.05,0.05,0.05,0,0,0
FINNIFTY12MAR2422500CE.NFO,2024-02-08,09:16:00,2024-03-12,0.05,0.05,0.05,0.05,0,0,1
FINNIFTY12MAR2422500CE.NFO,2024-02-08,09:17:00,2024-03-12,0.05,0.05,0.05,0.05,0,0,1
FINNIFTY12MAR2422500CE.NFO,2024-02-08,09:18:00,2024-03-12,0.05,0.05,0.05,0.05,0,0,1
FINNIFTY12MAR2422500CE.NFO,2024-02-08,09:19:00,2024-03-12,0.05,0.05,0.05,0.05,0,0,1
FINNIFTY12MAR2422500CE.NFO,2024-02-08,09:20:00,2024-03-12,0.05,0.05,0.05,0.05,0,0,1
FINNIFTY12MAR2422500CE.NFO,2024-02-08,09:21:00,2024-03-12,0.05,0.05,0.05,0.05,0,0,1
FINNIFTY12MAR2422500CE.NFO,2024-02-08,09:22:00,2024-03-12,0.05,0.05,0.05,0.05,0,0,1
FINNIFTY12MAR2422500CE.NFO,2024-02-08,09:23:00,2024-03-12,0.05,0.05,0.05,0.05,0,0,1
FINNIFTY12MAR2422500CE.NFO,2024-02-08,09:24:00,2024-03-12,0.05,0.05,0.05,0.05,0,0,1
FINNIFTY12MAR2422500CE.NFO,2024-02-08,09:25:00,2024-03-12,0.05,0.05,0.05,0.05,0,0,1
FINNIFTY12MAR2422500CE.NFO,2024-02-08,09:26:00,2024-03-12,0.05,0.05,0.05,0.05,0,0,1
FINNIFTY12MAR2422500CE.NFO,2024-02-08,09:27:00,2024-03-12,0.05,0.05,0.05,0.05,0,0,1
FINNIFTY12MAR2422500CE.NFO,2024-02-08,09:28:00,2024-03-12,0.05,0.05,0.05,0.05,0,0,1
FINNIFTY12MAR2422500CE.NFO,2024-02-08,09:29:00,2024-03-12,0.05,0.05,0.05,0.05,0,0,1
FINNIFTY12MAR2422500CE.NFO,2024-02-08,09:30:00,2024-03-12,0.05,0.05,0.05,0.05,0,0,1
FINNIFTY12MAR2422500CE.NFO,2024-02-08,09:31:00,2024-03-12,0.05,0.05,0.05,0.05,0,0,1
FINNIFTY12MAR2422500CE.NFO,2024-02-08,09:32:00,2024-03-12,0.05,0.05,0.05,0.05,0,0,1
FINNIFTY12MAR2422500CE.NFO,2024-02-08,09:33:00,2024-03-12,0.05,0.05,0.05,0.05,0,0,1
FINNIFTY12MAR2422500CE.NFO,2024-02-08,09:34:00,2024-03-12,0.05,0.05,0.05,0.05,0,0,1
FINNIFTY12MAR2422500CE.NFO,2024-02-08,09:35:00,2024-03-12,0.05,0.05,0.05,0.05,0,0,1
FINNIFTY12MAR2422500CE.NFO,2024-02-08,09:36:00,2024-03-12,0.05,0.05,0.05,0.05,0,0,1
FINNIFTY12MAR2422500CE.NFO,2024-02-08,09:37:00,2024-03-12,0.05,0.05,0.05,0.05,0,0,1
FINNIFTY12MAR2422500CE.NFO,2024-02-08,09:38:00,2024-03-12,0.05,0.05,0.05,0.05,0,0,1
FINNIFTY12MAR2422500CE.NFO,2024-02-08,09:39:00,2024-03-12,0.05,0.05,0.05,0.05,0,0,1
FINNIFTY12MAR2422500CE.NFO,2024-02-08,09:40:00,2024-03-12,0.05,0.05,0.05,0.05,0,0,1
FINNIFTY12MAR2422500CE.NFO,2024-02-08,09:41:00,2024-03-12,0.05,0.05,0.05,0.05,0,0,1
FINNIFTY12MAR2422500CE.NFO,2024-02-08,09:42:00,2024-03-12,0.05,0.05,0.05,0.05,0,0,1
FINNIFTY12MAR2422500CE.NFO,2024-02-08,09:43:00,2024-03-12,0.05,0.05,0.05,0.05,0,0,1
FINNIFTY12MAR2422500CE.NFO,2024-02-08,09:44:00,2024-03-12,0.05,0.05,0.05,0.05,0,0,1
FINNIFTY12MAR2422500CE.NFO,2024-02-08,09:45:00,2024-03-12,0.05,0.05,0.05,0.05,0,0,1
FINNIFTY12MAR2422500CE.NFO,2024-02-08,09:46:00,2024-03-12,0.05,0.05,0.05,0.05,0,0,1
FINNIFTY12MAR2422500CE.NFO,2024-02-08,09:47:00,2024-03-12,0.05,0.05,0.05,0.05,0,0,1
FINNIFTY12MAR2422500CE.NFO,2024-02-08,09:48:00,2024-03-12,0.05,0.05,0.05,0.05,0,0,1
FINNIFTY12MAR2422500CE.NFO,2024-02-08,09:49:00,2024-03-12,0.05,0.05,0.05,0.05,0,0,1
FINNIFTY12MAR2422500CE.NFO,2024-02-08,09:50:00,2024-03-12,0.05,0.05,0.05,0.05,0,0,1
FINNIFTY12MAR2422500CE.NFO,2024-02-08,09:51:00,2024-03-12,0.05,0.05,0.05,0.05,0,0,1
FINNIFTY12MAR2422500CE.NFO,2024-02-08,09:52:00,2024-03-12,0.05,0.05,0.05,0.05,0,0,1
FINNIFTY12MAR2422500CE.NFO,2024-02-08,09:53:00,2024-03-12,0.05,0.05,0.05,0.05,0,0,1
FINNIFTY12MAR2422500CE.NFO,2024-02-08,09:54:00,2024-03-12,0.05,0.05,0.05,0.05,0,0,1
FINNIFTY12MAR2422500CE.NFO,2024-02-08,09:55:00,2024-03-12,0.05,0.05,0.05,0.05,0,0,1
FINNIFTY12MAR2422500CE.NFO,2024-02-08,09:56:00,2024-03-12,0.05,0.05,0.05,0.05,0,0,1
FINNIFTY12MAR2422500CE.NFO,2024-02-08,09:57:00,2024-03-12,0.05,0.05,0.05,0.05,0,0,1
FINNIFTY12MAR2422500CE.NFO,2024-02-08,09:58:00,2024-03-12,0.05,0.05,0.05,0.05,0,0,1
FINNIFTY12MAR2422500CE.NFO,2024-02-08,09:59:00,2024-03-12,0.05,0.05,0.05,0.05,0,0,1
FINNIFTY12MAR2422500CE.NFO,2024-02-08,10:00:00,2024-03-12,0.05,0.05,0.05,0.05,0,0,1
FINNIFTY12MAR2422500CE.NFO,2024-02-08,10:01:00,2024-03-12,0.05,0.05,0.05,0.05,0,0,1
FINNIFTY12MAR2422500CE.NFO,2024-02-08,10:02:00,2024-03-12,0.05,0.05,0.05,0.05,0,0,1
FINNIFTY12MAR2422500CE.NFO,2024-02-08,10:03:00,2024-03-12,0.05,0.05,0.05,0.05,0,0,1
FINNIFTY12MAR2422500CE.NFO,2024-02-08,10:04:00,2024-03-12,0.05,0.05,0.05,0.05,0,0,1
FINNIFTY12MAR2422500CE.NFO,2024-02-08,10:05:00,2024-03-12,0.05,0.05,0.05,0.05,0,0,1
FINNIFTY12MAR2422500CE.NFO,2024-02-08,10:06:00,2024-03-12,0.05,0.05,0.05,0.05,0,0,1
FINNIFTY12MAR2422500CE.NFO,2024-02-08,10:07:00,2024-03-12,0.05,0.05,0.05,0.05,0,0,1
FINNIFTY12MAR2422500CE.NFO,2024-02-08,10:08:00,2024-03-12,0.05,0.05,0.05,0.05,0,0,1
FINNIFTY12MAR2422500CE.NFO,2024-02-08,10:09:00,2024-03-12,0.05,0.05,0.05,0.05,0,0,1
FINNIFTY12MAR2422500CE.NFO,2024-02-08,10:10:00,2024-03-12,0.05,0.05,0.05,0.05,0,0,1
FINNIFTY12MAR2422500CE.NFO,2024-02-08,10:11:00,2024-03-12,0.05,0.05,0.05,0.05,0,0,1
FINNIFTY12MAR2422500CE.NFO,2024-02-08,10:12:00,2024-03-12,0.05,0.05,0.05,0.05,0,0,1
FINNIFTY12MAR2422500CE.NFO,2024-02-08,10:13:00,2024-03-12,0.05,0.05,0.05,0.05,0,0,1
FINNIFTY12MAR2422500CE.NFO,2024-02-08,10:14:00,2024-03-12,0.05,0.05,0.05,0.05,0,0,1
FINNIFTY12MAR2422500CE.NFO,2024-02-08,10:15:00,2024-03-12,0.05,0.05,0.05,0.05,0,0,1
FINNIFTY12MAR2422500CE.NFO,2024-02-08,10:16:00,2024-03-12,0.05,0.05,0.05,0.05,0,0,1
FINNIFTY12MAR2422500CE.NFO,2024-02-08,10:17:00,2024-03-12,0.05,0.05,0.05,0.05,0,0,1
FINNIFTY12MAR2422500CE.NFO,2024-02-08,10:18:00,2024-03-12,0.05,0.05,0.05,0.05,0,0,1
FINNIFTY12MAR2422500CE.NFO,2024-02-08,10:19:00,2024-03-12,0.05,0.05,0.05,0.05,0,0,1
FINNIFTY12MAR2422500CE.NFO,2024-02-08,10:20:00,2024-03-12,0.05,0.05,0.05,0.05,0,0,1
FINNIFTY12MAR2422500CE.NFO,2024-02-08,10:21:00,2024-03-12,0.05,0.05,0.05,0.05,0,0,1
FINNIFTY12MAR2422500CE.NFO,2024-02-08,10:22:00,2024-03-12,0.05,0.05,0.05,0.05,0,0,1
FINNIFTY12MAR2422500CE.NFO,2024-02-08,10:23:00,2024-03-12,0.05,0.05,0.05,0.05,0,0,1
FINNIFTY12MAR2422500CE.NFO,2024-02-08,10:24:00,2024-03-12,0.05,0.05,0.05,0.05,0,0,1
FINNIFTY12MAR2422500CE.NFO,2024-02-08,10:25:00,2024-03-12,0.05,0.05,0.05,0.05,0,0,1
FINNIFTY12MAR2422500CE.NFO,2024-02-08,10:26:00,2024-03-12,0.05,0.05,0.05,0.05,0,0,1
FINNIFTY12MAR2422500CE.NFO,2024-02-08,10:27:00,2024-03-12,0.05,0.05,0.05,0.05,0,0,1
FINNIFTY12MAR2422500CE.NFO,2024-02-08,10:28:00,2024-03-12,0.05,0.05,0.05,0.05,0,0,1
FINNIFTY12MAR2422500CE.NFO,2024-02-08,10:29:00,2024-03-12,0.05,0.05,0.05,0.05,0,0,1
FINNIFTY12MAR2422500CE.NFO,2024-02-08,10:30:00,2024-03-12,0.05,0.05,0.05,0.05,0,0,1
FINNIFTY12MAR2422500CE.NFO,2024-02-08,10:31:00,2024-03-12,0.05,0.05,0.05,0.05,0,0,1
FINNIFTY12MAR2422500CE.NFO,2024-02-08,10:32:00,2024-03-12,0.05,0.05,0.05,0.05,0,0,1
FINNIFTY12MAR2422500CE.NFO,2024-02-08,10:33:00,2024-03-12,0.05,0.05,0.05,0.05,0,0,1
FINNIFTY12MAR2422500CE.NFO,2024-02-08,10:34:00,2024-03-12,0.05,0.05,0.05,0.05,0,0,1
FINNIFTY12MAR2422500CE.NFO,2024-02-08,10:35:00,2024-03-12,0.05,0.05,0.05,0.05,0,0,1
FINNIFTY12MAR2422500CE.NFO,2024-02-08,10:36:00,2024-03-12,0.05,0.05,0.05,0.05,0,0,1
FINNIFTY12MAR2422500CE.NFO,2024-02-08,10:37:00,2024-03-12,0.05,0.05,0.05,0.05,0,0,1
FINNIFTY12MAR2422500CE.NFO,2024-02-08,10:38:00,2024-03-12,0.05,0.05,0.05,0.05,0,0,1
FINNIFTY12MAR2422500CE.NFO,2024-02-08,10:39:00,2024-03-12,0.05,0.05,0.05,0.05,0,0,1
FINNIFTY12MAR2422500CE.NFO,2024-02-08,10:40:00,2024-03-12,0.05,0.05,0.05,0.05,0,0,1
FINNIFTY12MAR2422500CE.NFO,2024-02-08,10:41:00,2024-03-12,0.05,0.05,0.05,0.05,0,0,1
FINNIFTY12MAR2422500CE.NFO,2024-02-08,10:42:00,2024-03-12,0.05,0.05,0.05,0.05,0,0,1
FINNIFTY12MAR2422500CE.NFO,2024-02-08,10:43:00,2024-03-12,0.05,0.05,0.05,0.05,0,0,1
FINNIFTY12MAR2422500CE.NFO,2024-02-08,10:44:00,2024-03-12,0.05,0.05,0.05,0.05,0,0,1
FINNIFTY12MAR2422500CE.NFO,2024-02-08,10:45:00,2024-03-12,0.05,0.05,0.05,0.05,0,0,1
FINNIFTY12MAR2422500CE.NFO,2024-02-08,10:46:00,2024-03-12,0.05,0.05,0.05,0.05,0,0,1
FINNIFTY12MAR2422500CE.NFO,2024-02-08,10:47:00,2024-03-12,0.05,0.05,0.05,0.05,0,0,1
FINNIFTY12MAR2422500CE.NFO,2024-02-08,10:48:00,2024-03-12,0.05,0.05,0.05,0.05,0,0,1
FINNIFTY12MAR2422500CE.NFO,2024-02-08,10:49:00,2024-03-12,0.05,0.05,0.05,0.05,0,0,1
FINNIFTY12MAR2422500CE.NFO,2024-02-08,10:50:00,2024-03-12,0.05,0.05,0.05,0.05,0,0,1
FINNIFTY12MAR2422500CE.NFO,2024-02-08,10:51:00,2024-03-12,0.05,0.05,0.05,0.05,0,0,1
FINNIFTY12MAR2422500CE.NFO,2024-02-08,10:52:00,2024-03-12,0.05,0.05,0.05,0.05,0,0,1
FINNIFTY12MAR2422500CE.NFO,2024-02-08,10:53:00,2024-03-12,0.05,0.05,0.05,0.05,0,0,1
FINNIFTY12MAR2422500CE.NFO,2024-02-08,10:54:00,2024-03-12,0.05,0.05,0.05,0.05,0,0,1
FINNIFTY12MAR2422500CE.NFO,2024-02-08,10:55:00,2024-03-12,0.05,0.05,0.05,0.05,0,0,1
FINNIFTY12MAR2422500CE.NFO,2024-02-08,10:56:00,2024-03-12,0.05,0.05,0.05,0.05,0,0,1
FINNIFTY12MAR2422500CE.NFO,2024-02-08,10:57:00,2024-03-12,0.05,0.05,0.05,0.05,0,0,1
FINNIFTY12MAR2422500CE.NFO,2024-02-08,10:58:00,2024-03-12,0.05,0.05,0.05,0.05,0,0,1
FINNIFTY12MAR2422500CE.NFO,2024-02-08,10:59:00,2024-03-12,0.05,0.05,0.05,0.05,0,0,1
FINNIFTY12MAR2422500CE.NFO,2024-02-08,11:00:00,2024-03-12,0.05,0.05,0.05,0.05,0,0,1
FINNIFTY12MAR2422500CE.NFO,2024-02-08,11:01:00,2024-03-12,0.05,0.05,0.05,0.05,0,0,1
FINNIFTY12MAR2422500CE.NFO,2024-02-08,11:02:00,2024-03-12,0.05,0.05,0.05,0.05,0,0,1
FINNIFTY12MAR2422500CE.NFO,2024-02-08,11:03:00,2024-03-12,0.05,0.05,0.05,0.05,0,0,1
FINNIFTY12MAR2422500CE.NFO,2024-02-08,11:04:00,2024-03-12,0.05,0.05,0.05,0.05,0,0,1
FINNIFTY12MAR2422500CE.NFO,2024-02-08,11:05:00,2024-03-12,0.05,0.05,0.05,0.05,0,0,1
FINNIFTY12MAR2422500CE.NFO,2024-02-08,11:06:00,2024-03-12,0.05,0.05,0.05,0.05,0,0,1
FINNIFTY12MAR2422500CE.NFO,2024-02-08,11:07:00,2024-03-12,0.05,0.05,0.05,0.05,0,0,1
FINNIFTY12MAR2422500CE.NFO,2024-02-08,11:08:00,2024-03-12,0.05,0.05,0.05,0.05,0,0,1
FINNIFTY12MAR2422500CE.NFO,2024-02-08,11:09:00,2024-03-12,0.05,0.05,0.05,0.05,0,0,1
FINNIFTY12MAR2422500CE.NFO,2024-02-08,11:10:00,2024-03-12,0.05,0.05,0.05,0.05,0,0,1
FINNIFTY12MAR2422500CE.NFO,2024-02-08,11:11:00,2024-03-12,0.05,0.05,0.05,0.05,0,0,1
FINNIFTY12MAR2422500CE.NFO,2024-02-08,11:12:00,2024-03-12,0.05,0.05,0.05,0.05,0,0,1
FINNIFTY12MAR2422500CE.NFO,2024-02-08,11:13:00,2024-03-12,0.05,0.05,0.05,0.05,0,0,1
FINNIFTY12MAR2422500CE.NFO,2024-02-08,11:14:00,2024-03-12,0.05,0.05,0.05,0.05,0,0,1
FINNIFTY12MAR2422500CE.NFO,2024-02-08,11:15:00,2024-03-12,0.05,0.05,0.05,0.05,0,0,1
FINNIFTY12MAR2422500CE.NFO,2024-02-08,11:16:00,2024-03-12,0.05,0.05,0.05,0.05,0,0,1
FINNIFTY12MAR2422500CE.NFO,2024-02-08,11:17:00,2024-03-12,0.05,0.05,0.05,0.05,0,0,1
FINNIFTY12MAR2422500CE.NFO,2024-02-08,11:18:00,2024-03-12,0.05,0.05,0.05,0.05,0,0,1
FINNIFTY12MAR2422500CE.NFO,2024-02-08,11:19:00,2024-03-12,0.05,0.05,0.05,0.05,0,0,1
FINNIFTY12MAR2422500CE.NFO,2024-02-08,11:20:00,2024-03-12,0.05,0.05,0.05,0.05,0,0,1
FINNIFTY12MAR2422500CE.NFO,2024-02-08,11:21:00,2024-03-12,0.05,0.05,0.05,0.05,0,0,1
FINNIFTY12MAR2422500CE.NFO,2024-02-08,11:22:00,2024-03-12,0.05,0.05,0.05,0.05,0,0,1
FINNIFTY12MAR2422500CE.NFO,2024-02-08,11:23:00,2024-03-12,0.05,0.05,0.05,0.05,0,0,1
FINNIFTY12MAR2422500CE.NFO,2024-02-08,11:24:00,2024-03-12,0.05,0.05,0.05,0.05,0,0,1
FINNIFTY12MAR2422500CE.NFO,2024-02-08,11:25:00,2024-03-12,0.05,0.05,0.05,0.05,0,0,1
FINNIFTY12MAR2422500CE.NFO,2024-02-08,11:26:00,2024-03-12,0.05,0.05,0.05,0.05,0,0,1
FINNIFTY12MAR2422500CE.NFO,2024-02-08,11:27:00,2024-03-12,0.05,0.05,0.05,0.05,0,0,1
FINNIFTY12MAR2422500CE.NFO,2024-02-08,11:28:00,2024-03-12,0.05,0.05,0.05,0.05,0,0,1
FINNIFTY12MAR2422500CE.NFO,2024-02-08,11:29:00,2024-03-12,0.05,0.05,0.05,0.05,0,0,1
FINNIFTY12MAR2422500CE.NFO,2024-02-08,11:30:00,2024-03-12,0.05,0.05,0.05,0.05,0,0,1
FINNIFTY12MAR2422500CE.NFO,2024-02-08,11:31:00,2024-03-12,0.05,0.05,0.05,0.05,0,0,1
FINNIFTY12MAR2422500CE.NFO,2024-02-08,11:32:00,2024-03-12,0.05,0.05,0.05,0.05,0,0,1
FINNIFTY12MAR2422500CE.NFO,2024-02-08,11:33:00,2024-03-12,0.05,0.05,0.05,0.05,0,0,1
FINNIFTY12MAR2422500CE.NFO,2024-02-08,11:34:00,2024-03-12,0.05,0.05,0.05,0.05,0,0,1
FINNIFTY12MAR2422500CE.NFO,2024-02-08,11:35:00,2024-03-12,0.05,0.05,0.05,0.05,0,0,1
FINNIFTY12MAR2422500CE.NFO,2024-02-08,11:36:00,2024-03-12,0.05,0.05,0.05,0.05,0,0,1
FINNIFTY12MAR2422500CE.NFO,2024-02-08,11:37:00,2024-03-12,0.05,0.05,0.05,0.05,0,0,1
FINNIFTY12MAR2422500CE.NFO,2024-02-08,11:38:00,2024-03-12,0.05,0.05,0.05,0.05,0,0,1
FINNIFTY12MAR2422500CE.NFO,2024-02-08,11:39:00,2024-03-12,0.05,0.05,0.05,0.05,0,0,1
FINNIFTY12MAR2422500CE.NFO,2024-02-08,11:40:00,2024-03-12,0.05,0.05,0.05,0.05,0,0,1
FINNIFTY12MAR2422500CE.NFO,2024-02-08,11:41:00,2024-03-12,0.05,0.05,0.05,0.05,0,0,1
FINNIFTY12MAR2422500CE.NFO,2024-02-08,11:42:00,2024-03-12,0.05,0.05,0.05,0.05,0,0,1
FINNIFTY12MAR2422500CE.NFO,2024-02-08,11:43:00,2024-03-12,0.05,0.05,0.05,0.05,0,0,1
FINNIFTY12MAR2422500CE.NFO,2024-02-08,11:44:00,2024-03-12,0.05,0.05,0.05,0.05,0,0,1
FINNIFTY12MAR2422500CE.NFO,2024-02-08,11:45:00,2024-03-12,0.05,0.05,0.05,0.05,0,0,1
FINNIFTY12MAR2422500CE.NFO,2024-02-08,11:46:00,2024-03-12,0.05,0.05,0.05,0.05,0,0,1
FINNIFTY12MAR2422500CE.NFO,2024-02-08,11:47:00,2024-03-12,0.05,0.05,0.05,0.05,0,0,1
FINNIFTY12MAR2422500CE.NFO,2024-02-08,11:48:00,2024-03-12,0.05,0.05,0.05,0.05,0,0,1
FINNIFTY12MAR2422500CE.NFO,2024-02-08,11:49:00,2024-03-12,0.05,0.05,0.05,0.05,0,0,1
FINNIFTY12MAR2422500CE.NFO,2024-02-08,11:50:00,2024-03-12,0.05,0.05,0.05,0.05,0,0,1
FINNIFTY12MAR2422500CE.NFO,2024-02-08,11:51:00,2024-03-12,0.05,0.05,0.05,0.05,0,0,1
FINNIFTY12MAR2422500CE.NFO,2024-02-08,11:52:00,2024-03-12,0.05,0.05,0.05,0.05,0,0,1
FINNIFTY12MAR2422500CE.NFO,2024-02-08,11:53:00,2024-03-12,0.05,0.05,0.05,0.05,0,0,1
FINNIFTY12MAR2422500CE.NFO,2024-02-08,11:54:00,2024-03-12,0.05,0.05,0.05,0.05,0,0,1
FINNIFTY12MAR2422500CE.NFO,2024-02-08,11:55:00,2024-03-12,0.05,0.05,0.05,0.05,0,0,1
FINNIFTY12MAR2422500CE.NFO,2024-02-08,11:56:00,2024-03-12,0.05,0.05,0.05,0.05,0,0,1
FINNIFTY12MAR2422500CE.NFO,2024-02-08,11:57:00,2024-03-12,0.05,0.05,0.05,0.05,0,0,1
FINNIFTY12MAR2422500CE.NFO,2024-02-08,11:58:00,2024-03-12,0.05,0.05,0.05,0.05,0,0,1
FINNIFTY12MAR2422500CE.NFO,2024-02-08,11:59:00,2024-03-12,0.05,0.05,0.05,0.05,0,0,1
FINNIFTY12MAR2422500CE.NFO,2024-02-08,12:00:00,2024-03-12,0.05,0.05,0.05,0.05,0,0,1
FINNIFTY12MAR2422500CE.NFO,2024-02-08,12:01:00,2024-03-12,0.05,0.05,0.05,0.05,0,0,1
FINNIFTY12MAR2422500CE.NFO,2024-02-08,12:02:00,2024-03-12,0.05,0.05,0.05,0.05,0,0,1
FINNIFTY12MAR2422500CE.NFO,2024-02-08,12:03:00,2024-03-12,0.05,0.05,0.05,0.05,0,0,1
FINNIFTY12MAR2422500CE.NFO,2024-02-08,12:04:00,2024-03-12,0.05,0.05,0.05,0.05,0,0,1
FINNIFTY12MAR2422500CE.NFO,2024-02-08,12:05:00,2024-03-12,0.05,0.05,0.05,0.05,0,0,1
FINNIFTY12MAR2422500CE.NFO,2024-02-08,12:06:00,2024-03-12,0.05,0.05,0.05,0.05,0,0,1
FINNIFTY12MAR2422500CE.NFO,2024-02-08,12:07:00,2024-03-12,0.05,0.05,0.05,0.05,0,0,1
FINNIFTY12MAR2422500CE.NFO,2024-02-08,12:08:00,2024-03-12,0.05,0.05,0.05,0.05,0,0,1
FINNIFTY12MAR2422500CE.NFO,2024-02-08,12:09:00,2024-03-12,0.05,0.05,0.05,0.05,0,0,1
FINNIFTY12MAR2422500CE.NFO,2024-02-08,12:10:00,2024-03-12,0.05,0.05,0.05,0.05,0,0,1
FINNIFTY12MAR2422500CE.NFO,2024-02-08,12:11:00,2024-03-12,0.05,0.05,0.05,0.05,0,0,1
FINNIFTY12MAR2422500CE.NFO,2024-02-08,12:12:00,2024-03-12,0.05,0.05,0.05,0.05,0,0,1
FINNIFTY12MAR2422500CE.NFO,2024-02-08,12:13:00,2024-03-12,0.05,0.05,0.05,0.05,0,0,1
FINNIFTY12MAR2422500CE.NFO,2024-02-08,12:14:00,2024-03-12,0.05,0.05,0.05,0.05,0,0,1
FINNIFTY12MAR2422500CE.NFO,2024-02-08,12:15:00,2024-03-12,0.05,0.05,0.05,0.05,0,0,1
FINNIFTY12MAR2422500CE.NFO,2024-02-08,12:16:00,2024-03-12,0.05,0.05,0.05,0.05,0,0,1
FINNIFTY12MAR2422500CE.NFO,2024-02-08,12:17:00,2024-03-12,0.05,0.05,0.05,0.05,0,0,1
FINNIFTY12MAR2422500CE.NFO,2024-02-08,12:18:00,2024-03-12,0.05,0.05,0.05,0.05,0,0,1
FINNIFTY12MAR2422500CE.NFO,2024-02-08,12:19:00,2024-03-12,0.05,0.05,0.05,0.05,0,0,1
FINNIFTY12MAR2422500CE.NFO,2024-02-08,12:20:00,2024-03-12,0.05,0.05,0.05,0.05,0,0,1
FINNIFTY12MAR2422500CE.NFO,2024-02-08,12:21:00,2024-03-12,0.05,0.05,0.05,0.05,0,0,1
FINNIFTY12MAR2422500CE.NFO,2024-02-08,12:22:00,2024-03-12,0.05,0.05,0.05,0.05,0,0,1
FINNIFTY12MAR2422500CE.NFO,2024-02-08,12:23:00,2024-03-12,0.05,0.05,0.05,0.05,0,0,1
FINNIFTY12MAR2422500CE.NFO,2024-02-08,12:24:00,2024-03-12,0.05,0.05,0.05,0.05,0,0,1
FINNIFTY12MAR2422500CE.NFO,2024-02-08,12:25:00,2024-03-12,0.05,0.05,0.05,0.05,0,0,1
FINNIFTY12MAR2422500CE.NFO,2024-02-08,12:26:00,2024-03-12,0.05,0.05,0.05,0.05,0,0,1
FINNIFTY12MAR2422500CE.NFO,2024-02-08,12:27:00,2024-03-12,0.05,0.05,0.05,0.05,0,0,1
FINNIFTY12MAR2422500CE.NFO,2024-02-08,12:28:00,2024-03-12,0.05,0.05,0.05,0.05,0,0,1
FINNIFTY12MAR2422500CE.NFO,2024-02-08,12:29:00,2024-03-12,0.05,0.05,0.05,0.05,0,0,1
FINNIFTY12MAR2422500CE.NFO,2024-02-08,12:30:00,2024-03-12,0.05,0.05,0.05,0.05,0,0,1
FINNIFTY12MAR2422500CE.NFO,2024-02-08,12:31:00,2024-03-12,0.05,0.05,0.05,0.05,0,0,1
FINNIFTY12MAR2422500CE.NFO,2024-02-08,12:32:00,2024-03-12,0.05,0.05,0.05,0.05,0,0,1
FINNIFTY12MAR2422500CE.NFO,2024-02-08,12:33:00,2024-03-12,0.05,0.05,0.05,0.05,0,0,1
FINNIFTY12MAR2422500CE.NFO,2024-02-08,12:34:00,2024-03-12,0.05,0.05,0.05,0.05,0,0,1
FINNIFTY12MAR2422500CE.NFO,2024-02-08,12:35:00,2024-03-12,0.05,0.05,0.05,0.05,0,0,1
FINNIFTY12MAR2422500CE.NFO,2024-02-08,12:36:00,2024-03-12,0.05,0.05,0.05,0.05,0,0,1
FINNIFTY12MAR2422500CE.NFO,2024-02-08,12:37:00,2024-03-12,0.05,0.05,0.05,0.05,0,0,1
FINNIFTY12MAR2422500CE.NFO,2024-02-08,12:38:00,2024-03-12,0.05,0.05,0.05,0.05,0,0,1
FINNIFTY12MAR2422500CE.NFO,2024-02-08,12:39:00,2024-03-12,0.05,0.05,0.05,0.05,0,0,1
FINNIFTY12MAR2422500CE.NFO,2024-02-08,12:40:00,2024-03-12,0.05,0.05,0.05,0.05,0,0,1
FINNIFTY12MAR2422500CE.NFO,2024-02-08,12:41:00,2024-03-12,0.05,0.05,0.05,0.05,0,0,1
FINNIFTY12MAR2422500CE.NFO,2024-02-08,12:42:00,2024-03-12,0.05,0.05,0.05,0.05,0,0,1
FINNIFTY12MAR2422500CE.NFO,2024-02-08,12:43:00,2024-03-12,0.05,0.05,0.05,0.05,0,0,1
FINNIFTY12MAR2422500CE.NFO,2024-02-08,12:44:00,2024-03-12,0.05,0.05,0.05,0.05,0,0,1
FINNIFTY12MAR2422500CE.NFO,2024-02-08,12:45:00,2024-03-12,0.05,0.05,0.05,0.05,0,0,1
FINNIFTY12MAR2422500CE.NFO,2024-02-08,12:46:00,2024-03-12,0.05,0.05,0.05,0.05,0,0,1
FINNIFTY12MAR2422500CE.NFO,2024-02-08,12:47:00,2024-03-12,0.05,0.05,0.05,0.05,0,0,1
FINNIFTY12MAR2422500CE.NFO,2024-02-08,12:48:00,2024-03-12,0.05,0.05,0.05,0.05,0,0,1
FINNIFTY12MAR2422500CE.NFO,2024-02-08,12:49:00,2024-03-12,0.05,0.05,0.05,0.05,0,0,1
FINNIFTY12MAR2422500CE.NFO,2024-02-08,12:50:00,2024-03-12,0.05,0.05,0.05,0.05,0,0,1
FINNIFTY12MAR2422500CE.NFO,2024-02-08,12:51:00,2024-03-12,0.05,0.05,0.05,0.05,0,0,1
FINNIFTY12MAR2422500CE.NFO,2024-02-08,12:52:00,2024-03-12,0.05,0.05,0.05,0.05,0,0,1
FINNIFTY12MAR2422500CE.NFO,2024-02-08,12:53:00,2024-03-12,0.05,0.05,0.05,0.05,0,0,1
FINNIFTY12MAR2422500CE.NFO,2024-02-08,12:54:00,2024-03-12,0.05,0.05,0.05,0.05,0,0,1
FINNIFTY12MAR2422500CE.NFO,2024-02-08,12:55:00,2024-03-12,0.05,0.05,0.05,0.05,0,0,1
FINNIFTY12MAR2422500CE.NFO,2024-02-08,12:56:00,2024-03-12,0.05,0.05,0.05,0.05,0,0,1
FINNIFTY12MAR2422500CE.NFO,2024-02-08,12:57:00,2024-03-12,0.05,0.05,0.05,0.05,0,0,1
FINNIFTY12MAR2422500CE.NFO,2024-02-08,12:58:00,2024-03-12,0.05,0.05,0.05,0.05,0,0,1
FINNIFTY12MAR2422500CE.NFO,2024-02-08,12:59:00,2024-03-12,0.05,0.05,0.05,0.05,0,0,1
FINNIFTY12MAR2422500CE.NFO,2024-02-08,13:00:00,2024-03-12,0.05,0.05,0.05,0.05,0,0,1
FINNIFTY12MAR2422500CE.NFO,2024-02-08,13:01:00,2024-03-12,0.05,0.05,0.05,0.05,0,0,1
FINNIFTY12MAR2422500CE.NFO,2024-02-08,13:02:00,2024-03-12,0.05,0.05,0.05,0.05,0,0,1
FINNIFTY12MAR2422500CE.NFO,2024-02-08,13:03:00,2024-03-12,0.05,0.05,0.05,0.05,0,0,1
FINNIFTY12MAR2422500CE.NFO,2024-02-08,13:04:00,2024-03-12,0.05,0.05,0.05,0.05,0,0,1
FINNIFTY12MAR2422500CE.NFO,2024-02-08,13:05:00,2024-03-12,0.05,0.05,0.05,0.05,0,0,1
FINNIFTY12MAR2422500CE.NFO,2024-02-08,13:06:00,2024-03-12,0.05,0.05,0.05,0.05,0,0,1
FINNIFTY12MAR2422500CE.NFO,2024-02-08,13:07:00,2024-03-12,0.05,0.05,0.05,0.05,0,0,1
FINNIFTY12MAR2422500CE.NFO,2024-02-08,13:08:00,2024-03-12,0.05,0.05,0.05,0.05,0,0,1
FINNIFTY12MAR2422500CE.NFO,2024-02-08,13:09:00,2024-03-12,0.05,0.05,0.05,0.05,0,0,1
FINNIFTY12MAR2422500CE.NFO,2024-02-08,13:10:00,2024-03-12,0.05,0.05,0.05,0.05,0,0,1
FINNIFTY12MAR2422500CE.NFO,2024-02-08,13:11:00,2024-03-12,0.05,0.05,0.05,0.05,0,0,1
FINNIFTY12MAR2422500CE.NFO,2024-02-08,13:12:00,2024-03-12,0.05,0.05,0.05,0.05,0,0,1
FINNIFTY12MAR2422500CE.NFO,2024-02-08,13:13:00,2024-03-12,0.05,0.05,0.05,0.05,0,0,1
FINNIFTY12MAR2422500CE.NFO,2024-02-08,13:14:00,2024-03-12,0.05,0.05,0.05,0.05,0,0,1
FINNIFTY12MAR2422500CE.NFO,2024-02-08,13:15:00,2024-03-12,0.05,0.05,0.05,0.05,0,0,1
FINNIFTY12MAR2422500CE.NFO,2024-02-08,13:16:00,2024-03-12,0.05,0.05,0.05,0.05,0,0,1
FINNIFTY12MAR2422500CE.NFO,2024-02-08,13:17:00,2024-03-12,0.05,0.05,0.05,0.05,0,0,1
FINNIFTY12MAR2422500CE.NFO,2024-02-08,13:18:00,2024-03-12,0.05,0.05,0.05,0.05,0,0,1
FINNIFTY12MAR2422500CE.NFO,2024-02-08,13:19:00,2024-03-12,0.05,0.05,0.05,0.05,0,0,1
FINNIFTY12MAR2422500CE.NFO,2024-02-08,13:20:00,2024-03-12,0.05,0.05,0.05,0.05,0,0,1
FINNIFTY12MAR2422500CE.NFO,2024-02-08,13:21:00,2024-03-12,0.05,0.05,0.05,0.05,0,0,1
FINNIFTY12MAR2422500CE.NFO,2024-02-08,13:22:00,2024-03-12,0.05,0.05,0.05,0.05,0,0,1
FINNIFTY12MAR2422500CE.NFO,2024-02-08,13:23:00,2024-03-12,0.05,0.05,0.05,0.05,0,0,1
FINNIFTY12MAR2422500CE.NFO,2024-02-08,13:24:00,2024-03-12,0.05,0.05,0.05,0.05,0,0,1
FINNIFTY12MAR2422500CE.NFO,2024-02-08,13:25:00,2024-03-12,0.05,0.05,0.05,0.05,0,0,1
FINNIFTY12MAR2422500CE.NFO,2024-02-08,13:26:00,2024-03-12,0.05,0.05,0.05,0.05,0,0,1
FINNIFTY12MAR2422500CE.NFO,2024-02-08,13:27:00,2024-03-12,0.05,0.05,0.05,0.05,0,0,1
FINNIFTY12MAR2422500CE.NFO,2024-02-08,13:28:00,2024-03-12,0.05,0.05,0.05,0.05,0,0,1
FINNIFTY12MAR2422500CE.NFO,2024-02-08,13:29:00,2024-03-12,0.05,0.05,0.05,0.05,0,0,1
FINNIFTY12MAR2422500CE.NFO,2024-02-08,13:30:00,2024-03-12,0.05,0.05,0.05,0.05,0,0,1
FINNIFTY12MAR2422500CE.NFO,2024-02-08,13:31:00,2024-03-12,0.05,0.05,0.05,0.05,0,0,1
FINNIFTY12MAR2422500CE.NFO,2024-02-08,13:32:00,2024-03-12,0.05,0.05,0.05,0.05,0,0,1
FINNIFTY12MAR2422500CE.NFO,2024-02-08,13:33:00,2024-03-12,0.05,0.05,0.05,0.05,0,0,1
FINNIFTY12MAR2422500CE.NFO,2024-02-08,13:34:00,2024-03-12,0.05,0.05,0.05,0.05,0,0,1
FINNIFTY12MAR2422500CE.NFO,2024-02-08,13:35:00,2024-03-12,0.05,0.05,0.05,0.05,0,0,1
FINNIFTY12MAR2422500CE.NFO,2024-02-08,13:36:00,2024-03-12,0.05,0.05,0.05,0.05,0,0,1
FINNIFTY12MAR2422500CE.NFO,2024-02-08,13:37:00,2024-03-12,0.05,0.05,0.05,0.05,0,0,1
FINNIFTY12MAR2422500CE.NFO,2024-02-08,13:38:00,2024-03-12,0.05,0.05,0.05,0.05,0,0,1
FINNIFTY12MAR2422500CE.NFO,2024-02-08,13:39:00,2024-03-12,0.05,0.05,0.05,0.05,0,0,1
FINNIFTY12MAR2422500CE.NFO,2024-02-08,13:40:00,2024-03-12,0.05,0.05,0.05,0.05,0,0,1
FINNIFTY12MAR2422500CE.NFO,2024-02-08,13:41:00,2024-03-12,0.05,0.05,0.05,0.05,0,0,1
FINNIFTY12MAR2422500CE.NFO,2024-02-08,13:42:00,2024-03-12,0.05,0.05,0.05,0.05,0,0,1
FINNIFTY12MAR2422500CE.NFO,2024-02-08,13:43:00,2024-03-12,0.05,0.05,0.05,0.05,0,0,1
FINNIFTY12MAR2422500CE.NFO,2024-02-08,13:44:00,2024-03-12,0.05,0.05,0.05,0.05,0,0,1
FINNIFTY12MAR2422500CE.NFO,2024-02-08,13:45:00,2024-03-12,0.05,0.05,0.05,0.05,0,0,1
FINNIFTY12MAR2422500CE.NFO,2024-02-08,13:46:00,2024-03-12,0.05,0.05,0.05,0.05,0,0,1
FINNIFTY12MAR2422500CE.NFO,2024-02-08,13:47:00,2024-03-12,0.05,0.05,0.05,0.05,0,0,1
FINNIFTY12MAR2422500CE.NFO,2024-02-08,13:48:00,2024-03-12,0.05,0.05,0.05,0.05,0,0,1
FINNIFTY12MAR2422500CE.NFO,2024-02-08,13:49:00,2024-03-12,0.05,0.05,0.05,0.05,0,0,1
FINNIFTY12MAR2422500CE.NFO,2024-02-08,13:50:00,2024-03-12,0.05,0.05,0.05,0.05,0,0,1
FINNIFTY12MAR2422500CE.NFO,2024-02-08,13:51:00,2024-03-12,0.05,0.05,0.05,0.05,0,0,1
FINNIFTY12MAR2422500CE.NFO,2024-02-08,13:52:00,2024-03-12,0.05,0.05,0.05,0.05,0,0,1
FINNIFTY12MAR2422500CE.NFO,2024-02-08,13:53:00,2024-03-12,0.05,0.05,0.05,0.05,0,0,1
FINNIFTY12MAR2422500CE.NFO,2024-02-08,13:54:00,2024-03-12,0.05,0.05,0.05,0.05,0,0,1
FINNIFTY12MAR2422500CE.NFO,2024-02-08,13:55:00,2024-03-12,0.05,0.05,0.05,0.05,0,0,1
FINNIFTY12MAR2422500CE.NFO,2024-02-08,13:56:00,2024-03-12,0.05,0.05,0.05,0.05,0,0,1
FINNIFTY12MAR2422500CE.NFO,2024-02-08,13:57:00,2024-03-12,0.05,0.05,0.05,0.05,0,0,1
FINNIFTY12MAR2422500CE.NFO,2024-02-08,13:58:00,2024-03-12,0.05,0.05,0.05,0.05,0,0,1
FINNIFTY12MAR2422500CE.NFO,2024-02-08,13:59:00,2024-03-12,0.05,0.05,0.05,0.05,0,0,1
FINNIFTY12MAR2422500CE.NFO,2024-02-08,14:00:00,2024-03-12,0.05,0.05,0.05,0.05,0,0,1
FINNIFTY12MAR2422500CE.NFO,2024-02-08,14:01:00,2024-03-12,0.05,0.05,0.05,0.05,0,0,1
FINNIFTY12MAR2422500CE.NFO,2024-02-08,14:02:00,2024-03-12,0.05,0.05,0.05,0.05,0,0,1
FINNIFTY12MAR2422500CE.NFO,2024-02-08,14:03:00,2024-03-12,0.05,0.05,0.05,0.05,0,0,1
FINNIFTY12MAR2422500CE.NFO,2024-02-08,14:04:00,2024-03-12,0.05,0.05,0.05,0.05,0,0,1
FINNIFTY12MAR2422500CE.NFO,2024-02-08,14:05:00,2024-03-12,0.05,0.05,0.05,0.05,0,0,1
FINNIFTY12MAR2422500CE.NFO,2024-02-08,14:06:00,2024-03-12,0.05,0.05,0.05,0.05,0,0,1
FINNIFTY12MAR2422500CE.NFO,2024-02-08,14:07:00,2024-03-12,0.05,0.05,0.05,0.05,0,0,1
FINNIFTY12MAR2422500CE.NFO,2024-02-08,14:08:00,2024-03-12,0.05,0.05,0.05,0.05,0,0,1
FINNIFTY12MAR2422500CE.NFO,2024-02-08,14:09:00,2024-03-12,0.05,0.05,0.05,0.05,0,0,1
FINNIFTY12MAR2422500CE.NFO,2024-02-08,14:10:00,2024-03-12,0.05,0.05,0.05,0.05,0,0,1
FINNIFTY12MAR2422500CE.NFO,2024-02-08,14:11:00,2024-03-12,0.05,0.05,0.05,0.05,0,0,1
FINNIFTY12MAR2422500CE.NFO,2024-02-08,14:12:00,2024-03-12,0.05,0.05,0.05,0.05,0,0,1
FINNIFTY12MAR2422500CE.NFO,2024-02-08,14:13:00,2024-03-12,0.05,0.05,0.05,0.05,0,0,1
FINNIFTY12MAR2422500CE.NFO,2024-02-08,14:14:00,2024-03-12,0.05,0.05,0.05,0.05,0,0,1
FINNIFTY12MAR2422500CE.NFO,2024-02-08,14:15:00,2024-03-12,0.05,0.05,0.05,0.05,0,0,1
FINNIFTY12MAR2422500CE.NFO,2024-02-08,14:16:00,2024-03-12,0.05,0.05,0.05,0.05,0,0,1
FINNIFTY12MAR2422500CE.NFO,2024-02-08,14:17:00,2024-03-12,0.05,0.05,0.05,0.05,0,0,1
FINNIFTY12MAR2422500CE.NFO,2024-02-08,14:18:00,2024-03-12,0.05,0.05,0.05,0.05,0,0,1
FINNIFTY12MAR2422500CE.NFO,2024-02-08,14:19:00,2024-03-12,0.05,0.05,0.05,0.05,0,0,1
FINNIFTY12MAR2422500CE.NFO,2024-02-08,14:20:00,2024-03-12,0.05,0.05,0.05,0.05,0,0,1
FINNIFTY12MAR2422500CE.NFO,2024-02-08,14:21:00,2024-03-12,0.05,0.05,0.05,0.05,0,0,1
FINNIFTY12MAR2422500CE.NFO,2024-02-08,14:22:00,2024-03-12,0.05,0.05,0.05,0.05,0,0,1
FINNIFTY12MAR2422500CE.NFO,2024-02-08,14:23:00,2024-03-12,0.05,0.05,0.05,0.05,0,0,1
FINNIFTY12MAR2422500CE.NFO,2024-02-08,14:24:00,2024-03-12,0.05,0.05,0.05,0.05,0,0,1
FINNIFTY12MAR2422500CE.NFO,2024-02-08,14:25:00,2024-03-12,0.05,0.05,0.05,0.05,0,0,1
FINNIFTY12MAR2422500CE.NFO,2024-02-08,14:26:00,2024-03-12,0.05,0.05,0.05,0.05,0,0,1
FINNIFTY12MAR2422500CE.NFO,2024-02-08,14:27:00,2024-03-12,0.05,0.05,0.05,0.05,0,0,1
FINNIFTY12MAR2422500CE.NFO,2024-02-08,14:28:00,2024-03-12,0.05,0.05,0.05,0.05,0,0,1
FINNIFTY12MAR2422500CE.NFO,2024-02-08,14:29:00,2024-03-12,0.05,0.05,0.05,0.05,0,0,1
FINNIFTY12MAR2422500CE.NFO,2024-02-08,14:30:00,2024-03-12,0.05,0.05,0.05,0.05,0,0,1
FINNIFTY12MAR2422500CE.NFO,2024-02-08,14:31:00,2024-03-12,0.05,0.05,0.05,0.05,0,0,1
FINNIFTY12MAR2422500CE.NFO,2024-02-08,14:32:00,2024-03-12,0.05,0.05,0.05,0.05,0,0,1
FINNIFTY12MAR2422500CE.NFO,2024-02-08,14:33:00,2024-03-12,0.05,0.05,0.05,0.05,0,0,1
FINNIFTY12MAR2422500CE.NFO,2024-02-08,14:34:00,2024-03-12,0.05,0.05,0.05,0.05,0,0,1
FINNIFTY12MAR2422500CE.NFO,2024-02-08,14:35:00,2024-03-12,0.05,0.05,0.05,0.05,0,0,1
FINNIFTY12MAR2422500CE.NFO,2024-02-08,14:36:00,2024-03-12,0.05,0.05,0.05,0.05,0,0,1
FINNIFTY12MAR2422500CE.NFO,2024-02-08,14:37:00,2024-03-12,0.05,0.05,0.05,0.05,0,0,1
FINNIFTY12MAR2422500CE.NFO,2024-02-08,14:38:00,2024-03-12,0.05,0.05,0.05,0.05,0,0,1
FINNIFTY12MAR2422500CE.NFO,2024-02-08,14:39:00,2024-03-12,0.05,0.05,0.05,0.05,0,0,1
FINNIFTY12MAR2422500CE.NFO,2024-02-08,14:40:00,2024-03-12,0.05,0.05,0.05,0.05,0,0,1
FINNIFTY12MAR2422500CE.NFO,2024-02-08,14:41:00,2024-03-12,0.05,0.05,0.05,0.05,0,0,1
FINNIFTY12MAR2422500CE.NFO,2024-02-08,14:42:00,2024-03-12,0.05,0.05,0.05,0.05,0,0,1
FINNIFTY12MAR2422500CE.NFO,2024-02-08,14:43:00,2024-03-12,0.05,0.05,0.05,0.05,0,0,1
FINNIFTY12MAR2422500CE.NFO,2024-02-08,14:44:00,2024-03-12,0.05,0.05,0.05,0.05,0,0,1
FINNIFTY12MAR2422500CE.NFO,2024-02-08,14:45:00,2024-03-12,0.05,0.05,0.05,0.05,0,0,1
FINNIFTY12MAR2422500CE.NFO,2024-02-08,14:46:00,2024-03-12,0.05,0.05,0.05,0.05,0,0,1
FINNIFTY12MAR2422500CE.NFO,2024-02-08,14:47:00,2024-03-12,0.05,0.05,0.05,0.05,0,0,1
FINNIFTY12MAR2422500CE.NFO,2024-02-08,14:48:00,2024-03-12,0.05,0.05,0.05,0.05,0,0,1
FINNIFTY12MAR2422500CE.NFO,2024-02-08,14:49:00,2024-03-12,0.05,0.05,0.05,0.05,0,0,1
FINNIFTY12MAR2422500CE.NFO,2024-02-08,14:50:00,2024-03-12,0.05,0.05,0.05,0.05,0,0,1
FINNIFTY12MAR2422500CE.NFO,2024-02-08,14:51:00,2024-03-12,0.05,0.05,0.05,0.05,0,0,1
FINNIFTY12MAR2422500CE.NFO,2024-02-08,14:52:00,2024-03-12,0.05,0.05,0.05,0.05,0,0,1
FINNIFTY12MAR2422500CE.NFO,2024-02-08,14:53:00,2024-03-12,0.05,0.05,0.05,0.05,0,0,1
FINNIFTY12MAR2422500CE.NFO,2024-02-08,14:54:00,2024-03-12,0.05,0.05,0.05,0.05,0,0,1
FINNIFTY12MAR2422500CE.NFO,2024-02-08,14:55:00,2024-03-12,0.05,0.05,0.05,0.05,0,0,1
FINNIFTY12MAR2422500CE.NFO,2024-02-08,14:56:00,2024-03-12,0.05,0.05,0.05,0.05,0,0,1
FINNIFTY12MAR2422500CE.NFO,2024-02-08,14:57:00,2024-03-12,0.05,0.05,0.05,0.05,0,0,1
FINNIFTY12MAR2422500CE.NFO,2024-02-08,14:58:00,2024-03-12,0.05,0.05,0.05,0.05,0,0,1
FINNIFTY12MAR2422500CE.NFO,2024-02-08,14:59:00,2024-03-12,0.05,0.05,0.05,0.05,0,0,1
FINNIFTY12MAR2422500CE.NFO,2024-02-08,15:00:00,2024-03-12,0.05,0.05,0.05,0.05,0,0,1
FINNIFTY12MAR2422500CE.NFO,2024-02-08,15:01:00,2024-03-12,0.05,0.05,0.05,0.05,0,0,1
FINNIFTY12MAR2422500CE.NFO,2024-02-08,15:02:00,2024-03-12,0.05,0.05,0.05,0.05,0,0,1
FINNIFTY12MAR2422500CE.NFO,2024-02-08,15:03:00,2024-03-12,0.05,0.05,0.05,0.05,0,0,1
FINNIFTY12MAR2422500CE.NFO,2024-02-08,15:04:00,2024-03-12,0.05,0.05,0.05,0.05,0,0,1
FINNIFTY12MAR2422500CE.NFO,2024-02-08,15:05:00,2024-03-12,0.05,0.05,0.05,0.05,0,0,1
FINNIFTY12MAR2422500CE.NFO,2024-02-08,15:06:00,2024-03-12,0.05,0.05,0.05,0.05,0,0,1
FINNIFTY12MAR2422500CE.NFO,2024-02-08,15:07:00,2024-03-12,0.05,0.05,0.05,0.05,0,0,1
FINNIFTY12MAR2422500CE.NFO,2024-02-08,15:08:00,2024-03-12,0.05,0.05,0.05,0.05,0,0,1
FINNIFTY12MAR2422500CE.NFO,2024-02-08,15:09:00,2024-03-12,0.05,0.05,0.05,0.05,0,0,1
FINNIFTY12MAR2422500CE.NFO,2024-02-08,15:10:00,2024-03-12,0.05,0.05,0.05,0.05,0,0,1
FINNIFTY12MAR2422500CE.NFO,2024-02-08,15:11:00,2024-03-12,0.05,0.05,0.05,0.05,0,0,1
FINNIFTY12MAR2422500CE.NFO,2024-02-08,15:12:00,2024-03-12,0.05,0.05,0.05,0.05,0,0,1
FINNIFTY12MAR2422500CE.NFO,2024-02-08,15:13:00,2024-03-12,0.05,0.05,0.05,0.05,0,0,1
FINNIFTY12MAR2422500CE.NFO,2024-02-08,15:14:00,2024-03-12,0.05,0.05,0.05,0.05,0,0,1
FINNIFTY12MAR2422500CE.NFO,2024-02-08,15:15:00,2024-03-12,0.05,0.05,0.05,0.05,0,0,1
FINNIFTY12MAR2422500CE.NFO,2024-02-08,15:16:00,2024-03-12,0.05,0.05,0.05,0.05,0,0,1
FINNIFTY12MAR2422500CE.NFO,2024-02-08,15:17:00,2024-03-12,0.05,0.05,0.05,0.05,0,0,1
FINNIFTY12MAR2422500CE.NFO,2024-02-08,15:18:00,2024-03-12,0.05,0.05,0.05,0.05,0,0,1
FINNIFTY12MAR2422500CE.NFO,2024-02-08,15:19:00,2024-03-12,0.05,0.05,0.05,0.05,0,0,1
FINNIFTY12MAR2422500CE.NFO,2024-02-08,15:20:00,2024-03-12,0.05,0.05,0.05,0.05,0,0,1
FINNIFTY12MAR2422500CE.NFO,2024-02-08,15:21:00,2024-03-12,0.05,0.05,0.05,0.05,0,0,1
FINNIFTY12MAR2422500CE.NFO,2024-02-08,15:22:00,2024-03-12,0.05,0.05,0.05,0.05,0,0,1
FINNIFTY12MAR2422500CE.NFO,2024-02-08,15:23:00,2024-03-12,0.05,0.05,0.05,0.05,0,0,1
FINNIFTY12MAR2422500CE.NFO,2024-02-08,15:24:00,2024-03-12,0.05,0.05,0.05,0.05,0,0,1
FINNIFTY12MAR2422500CE.NFO,2024-02-08,15:25:00,2024-03-12,0.05,0.05,0.05,0.05,0,0,1
FINNIFTY12MAR2422500CE.NFO,2024-02-08,15:26:00,2024-03-12,0.05,0.05,0.05,0.05,0,0,1
FINNIFTY12MAR2422500CE.NFO,2024-02-08,15:27:00,2024-03-12,0.05,0.05,0.05,0.05,0,0,1
FINNIFTY12MAR2422500CE.NFO,2024-02-08,15:28:00,2024-03-12,0.05,0.05,0.05,0.05,0,0,1
FINNIFTY12MAR2422500CE.NFO,2024-02-08,15:29:00,2024-03-12,0.05,0.05,0.05,0.05,0,0,1
FINNIFTY12MAR2422500CE.NFO,2024-02-08,15:30:00,2024-03-12,0.05,0.05,0.05,0.05,0,0,1
FINNIFTY12MAR2422500CE.NFO,2024-02-09,09:15:00,2024-03-12,0.05,0.05,0.05,0.05,0,0,0
FINNIFTY12MAR2422500CE.NFO,2024-02-09,09:16:00,2024-03-12,0.05,0.05,0.05,0.05,0,0,1
FINNIFTY12MAR2422500CE.NFO,2024-02-09,09:17:00,2024-03-12,0.05,0.05,0.05,0.05,0,0,1
FINNIFTY12MAR2422500CE.NFO,2024-02-09,09:18:00,2024-03-12,0.05,0.05,0.05,0.05,0,0,1
FINNIFTY12MAR2422500CE.NFO,2024-02-09,09:19:00,2024-03-12,0.05,0.05,0.05,0.05,0,0,1
FINNIFTY12MAR2422500CE.NFO,2024-02-09,09:20:00,2024-03-12,0.05,0.05,0.05,0.05,0,0,1
FINNIFTY12MAR2422500CE.NFO,2024-02-09,09:21:00,2024-03-12,0.05,0.05,0.05,0.05,0,0,1
FINNIFTY12MAR2422500CE.NFO,2024-02-09,09:22:00,2024-03-12,0.05,0.05,0.05,0.05,0,0,1
FINNIFTY12MAR2422500CE.NFO,2024-02-09,09:23:00,2024-03-12,0.05,0.05,0.05,0.05,0,0,1
FINNIFTY12MAR2422500CE.NFO,2024-02-09,09:24:00,2024-03-12,0.05,0.05,0.05,0.05,0,0,1
FINNIFTY12MAR2422500CE.NFO,2024-02-09,09:25:00,2024-03-12,0.05,0.05,0.05,0.05,0,0,1
FINNIFTY12MAR2422500CE.NFO,2024-02-09,09:26:00,2024-03-12,0.05,0.05,0.05,0.05,0,0,1
FINNIFTY12MAR2422500CE.NFO,2024-02-09,09:27:00,2024-03-12,0.05,0.05,0.05,0.05,0,0,1
FINNIFTY12MAR2422500CE.NFO,2024-02-09,09:28:00,2024-03-12,0.05,0.05,0.05,0.05,0,0,1
FINNIFTY12MAR2422500CE.NFO,2024-02-09,09:29:00,2024-03-12,0.05,0.05,0.05,0.05,0,0,1
FINNIFTY12MAR2422500CE.NFO,2024-02-09,09:30:00,2024-03-12,0.05,0.05,0.05,0.05,0,0,1
FINNIFTY12MAR2422500CE.NFO,2024-02-09,09:31:00,2024-03-12,0.05,0.05,0.05,0.05,0,0,1
FINNIFTY12MAR2422500CE.NFO,2024-02-09,09:32:00,2024-03-12,0.05,0.05,0.05,0.05,0,0,1
FINNIFTY12MAR2422500CE.NFO,2024-02-09,09:33:00,2024-03-12,0.05,0.05,0.05,0.05,0,0,1
FINNIFTY12MAR2422500CE.NFO,2024-02-09,09:34:00,2024-03-12,0.05,0.05,0.05,0.05,0,0,1
FINNIFTY12MAR2422500CE.NFO,2024-02-09,09:35:00,2024-03-12,0.05,0.05,0.05,0.05,0,0,1
FINNIFTY12MAR2422500CE.NFO,2024-02-09,09:36:00,2024-03-12,0.05,0.05,0.05,0.05,0,0,1
FINNIFTY12MAR2422500CE.NFO,2024-02-09,09:37:00,2024-03-12,0.05,0.05,0.05,0.05,0,0,1
FINNIFTY12MAR2422500CE.NFO,2024-02-09,09:38:00,2024-03-12,0.05,0.05,0.05,0.05,0,0,1
FINNIFTY12MAR2422500CE.NFO,2024-02-09,09:39:00,2024-03-12,0.05,0.05,0.05,0.05,0,0,1
FINNIFTY12MAR2422500CE.NFO,2024-02-09,09:40:00,2024-03-12,0.05,0.05,0.05,0.05,0,0,1
FINNIFTY12MAR2422500CE.NFO,2024-02-09,09:41:00,2024-03-12,0.05,0.05,0.05,0.05,0,0,1
FINNIFTY12MAR2422500CE.NFO,2024-02-09,09:42:00,2024-03-12,0.05,0.05,0.05,0.05,0,0,1
FINNIFTY12MAR2422500CE.NFO,2024-02-09,09:43:00,2024-03-12,0.05,0.05,0.05,0.05,0,0,1
FINNIFTY12MAR2422500CE.NFO,2024-02-09,09:44:00,2024-03-12,0.05,0.05,0.05,0.05,0,0,1
FINNIFTY12MAR2422500CE.NFO,2024-02-09,09:45:00,2024-03-12,0.05,0.05,0.05,0.05,0,0,1
FINNIFTY12MAR2422500CE.NFO,2024-02-09,09:46:00,2024-03-12,0.05,0.05,0.05,0.05,0,0,1
FINNIFTY12MAR2422500CE.NFO,2024-02-09,09:47:00,2024-03-12,0.05,0.05,0.05,0.05,0,0,1
FINNIFTY12MAR2422500CE.NFO,2024-02-09,09:48:00,2024-03-12,0.05,0.05,0.05,0.05,0,0,1
FINNIFTY12MAR2422500CE.NFO,2024-02-09,09:49:00,2024-03-12,0.05,0.05,0.05,0.05,0,0,1
FINNIFTY12MAR2422500CE.NFO,2024-02-09,09:50:00,2024-03-12,0.05,0.05,0.05,0.05,0,0,1
FINNIFTY12MAR2422500CE.NFO,2024-02-09,09:51:00,2024-03-12,0.05,0.05,0.05,0.05,0,0,1
FINNIFTY12MAR2422500CE.NFO,2024-02-09,09:52:00,2024-03-12,0.05,0.05,0.05,0.05,0,0,1
FINNIFTY12MAR2422500CE.NFO,2024-02-09,09:53:00,2024-03-12,0.05,0.05,0.05,0.05,0,0,1
FINNIFTY12MAR2422500CE.NFO,2024-02-09,09:54:00,2024-03-12,0.05,0.05,0.05,0.05,0,0,1
FINNIFTY12MAR2422500CE.NFO,2024-02-09,09:55:00,2024-03-12,0.05,0.05,0.05,0.05,0,0,1
FINNIFTY12MAR2422500CE.NFO,2024-02-09,09:56:00,2024-03-12,0.05,0.05,0.05,0.05,0,0,1
FINNIFTY12MAR2422500CE.NFO,2024-02-09,09:57:00,2024-03-12,0.05,0.05,0.05,0.05,0,0,1
FINNIFTY12MAR2422500CE.NFO,2024-02-09,09:58:00,2024-03-12,0.05,0.05,0.05,0.05,0,0,1
FINNIFTY12MAR2422500CE.NFO,2024-02-09,09:59:00,2024-03-12,0.05,0.05,0.05,0.05,0,0,1
FINNIFTY12MAR2422500CE.NFO,2024-02-09,10:00:00,2024-03-12,0.05,0.05,0.05,0.05,0,0,1
FINNIFTY12MAR2422500CE.NFO,2024-02-09,10:01:00,2024-03-12,0.05,0.05,0.05,0.05,0,0,1
FINNIFTY12MAR2422500CE.NFO,2024-02-09,10:02:00,2024-03-12,0.05,0.05,0.05,0.05,0,0,1
FINNIFTY12MAR2422500CE.NFO,2024-02-09,10:03:00,2024-03-12,0.05,0.05,0.05,0.05,0,0,1
FINNIFTY12MAR2422500CE.NFO,2024-02-09,10:04:00,2024-03-12,0.05,0.05,0.05,0.05,0,0,1
FINNIFTY12MAR2422500CE.NFO,2024-02-09,10:05:00,2024-03-12,0.05,0.05,0.05,0.05,0,0,1
FINNIFTY12MAR2422500CE.NFO,2024-02-09,10:06:00,2024-03-12,0.05,0.05,0.05,0.05,0,0,1
FINNIFTY12MAR2422500CE.NFO,2024-02-09,10:07:00,2024-03-12,0.05,0.05,0.05,0.05,0,0,1
FINNIFTY12MAR2422500CE.NFO,2024-02-09,10:08:00,2024-03-12,0.05,0.05,0.05,0.05,0,0,1
FINNIFTY12MAR2422500CE.NFO,2024-02-09,10:09:00,2024-03-12,0.05,0.05,0.05,0.05,0,0,1
FINNIFTY12MAR2422500CE.NFO,2024-02-09,10:10:00,2024-03-12,0.05,0.05,0.05,0.05,0,0,1
FINNIFTY12MAR2422500CE.NFO,2024-02-09,10:11:00,2024-03-12,0.05,0.05,0.05,0.05,0,0,1
FINNIFTY12MAR2422500CE.NFO,2024-02-09,10:12:00,2024-03-12,0.05,0.05,0.05,0.05,0,0,1
FINNIFTY12MAR2422500CE.NFO,2024-02-09,10:13:00,2024-03-12,0.05,0.05,0.05,0.05,0,0,1
FINNIFTY12MAR2422500CE.NFO,2024-02-09,10:14:00,2024-03-12,0.05,0.05,0.05,0.05,0,0,1
FINNIFTY12MAR2422500CE.NFO,2024-02-09,10:15:00,2024-03-12,0.05,0.05,0.05,0.05,0,0,1
FINNIFTY12MAR2422500CE.NFO,2024-02-09,10:16:00,2024-03-12,0.05,0.05,0.05,0.05,0,0,1
FINNIFTY12MAR2422500CE.NFO,2024-02-09,10:17:00,2024-03-12,0.05,0.05,0.05,0.05,0,0,1
FINNIFTY12MAR2422500CE.NFO,2024-02-09,10:18:00,2024-03-12,0.05,0.05,0.05,0.05,0,0,1
FINNIFTY12MAR2422500CE.NFO,2024-02-09,10:19:00,2024-03-12,0.05,0.05,0.05,0.05,0,0,1
FINNIFTY12MAR2422500CE.NFO,2024-02-09,10:20:00,2024-03-12,0.05,0.05,0.05,0.05,0,0,1
FINNIFTY12MAR2422500CE.NFO,2024-02-09,10:21:00,2024-03-12,0.05,0.05,0.05,0.05,0,0,1
FINNIFTY12MAR2422500CE.NFO,2024-02-09,10:22:00,2024-03-12,0.05,0.05,0.05,0.05,0,0,1
FINNIFTY12MAR2422500CE.NFO,2024-02-09,10:23:00,2024-03-12,0.05,0.05,0.05,0.05,0,0,1
FINNIFTY12MAR2422500CE.NFO,2024-02-09,10:24:00,2024-03-12,0.05,0.05,0.05,0.05,0,0,1
FINNIFTY12MAR2422500CE.NFO,2024-02-09,10:25:00,2024-03-12,0.05,0.05,0.05,0.05,0,0,1
FINNIFTY12MAR2422500CE.NFO,2024-02-09,10:26:00,2024-03-12,0.05,0.05,0.05,0.05,0,0,1
FINNIFTY12MAR2422500CE.NFO,2024-02-09,10:27:00,2024-03-12,0.05,0.05,0.05,0.05,0,0,1
FINNIFTY12MAR2422500CE.NFO,2024-02-09,10:28:00,2024-03-12,0.05,0.05,0.05,0.05,0,0,1
FINNIFTY12MAR2422500CE.NFO,2024-02-09,10:29:00,2024-03-12,0.05,0.05,0.05,0.05,0,0,1
FINNIFTY12MAR2422500CE.NFO,2024-02-09,10:30:00,2024-03-12,0.05,0.05,0.05,0.05,0,0,1
FINNIFTY12MAR2422500CE.NFO,2024-02-09,10:31:00,2024-03-12,0.05,0.05,0.05,0.05,0,0,1
FINNIFTY12MAR2422500CE.NFO,2024-02-09,10:32:00,2024-03-12,0.05,0.05,0.05,0.05,0,0,1
FINNIFTY12MAR2422500CE.NFO,2024-02-09,10:33:00,2024-03-12,0.05,0.05,0.05,0.05,0,0,1
FINNIFTY12MAR2422500CE.NFO,2024-02-09,10:34:00,2024-03-12,0.05,0.05,0.05,0.05,0,0,1
FINNIFTY12MAR2422500CE.NFO,2024-02-09,10:35:00,2024-03-12,0.05,0.05,0.05,0.05,0,0,1
FINNIFTY12MAR2422500CE.NFO,2024-02-09,10:36:00,2024-03-12,0.05,0.05,0.05,0.05,0,0,1
FINNIFTY12MAR2422500CE.NFO,2024-02-09,10:37:00,2024-03-12,0.05,0.05,0.05,0.05,0,0,1
FINNIFTY12MAR2422500CE.NFO,2024-02-09,10:38:00,2024-03-12,0.05,0.05,0.05,0.05,0,0,1
FINNIFTY12MAR2422500CE.NFO,2024-02-09,10:39:00,2024-03-12,0.05,0.05,0.05,0.05,0,0,1
FINNIFTY12MAR2422500CE.NFO,2024-02-09,10:40:00,2024-03-12,0.05,0.05,0.05,0.05,0,0,1
FINNIFTY12MAR2422500CE.NFO,2024-02-09,10:41:00,2024-03-12,0.05,0.05,0.05,0.05,0,0,1
FINNIFTY12MAR2422500CE.NFO,2024-02-09,10:42:00,2024-03-12,0.05,0.05,0.05,0.05,0,0,1
FINNIFTY12MAR2422500CE.NFO,2024-02-09,10:43:00,2024-03-12,0.05,0.05,0.05,0.05,0,0,1
FINNIFTY12MAR2422500CE.NFO,2024-02-09,10:44:00,2024-03-12,0.05,0.05,0.05,0.05,0,0,1
FINNIFTY12MAR2422500CE.NFO,2024-02-09,10:45:00,2024-03-12,0.05,0.05,0.05,0.05,0,0,1
FINNIFTY12MAR2422500CE.NFO,2024-02-09,10:46:00,2024-03-12,0.05,0.05,0.05,0.05,0,0,1
FINNIFTY12MAR2422500CE.NFO,2024-02-09,10:47:00,2024-03-12,0.05,0.05,0.05,0.05,0,0,1
FINNIFTY12MAR2422500CE.NFO,2024-02-09,10:48:00,2024-03-12,0.05,0.05,0.05,0.05,0,0,1
FINNIFTY12MAR2422500CE.NFO,2024-02-09,10:49:00,2024-03-12,0.05,0.05,0.05,0.05,0,0,1
FINNIFTY12MAR2422500CE.NFO,2024-02-09,10:50:00,2024-03-12,0.05,0.05,0.05,0.05,0,0,1
FINNIFTY12MAR2422500CE.NFO,2024-02-09,10:51:00,2024-03-12,0.05,0.05,0.05,0.05,0,0,1
FINNIFTY12MAR2422500CE.NFO,2024-02-09,10:52:00,2024-03-12,0.05,0.05,0.05,0.05,0,0,1
FINNIFTY12MAR2422500CE.NFO,2024-02-09,10:53:00,2024-03-12,0.05,0.05,0.05,0.05,0,0,1
FINNIFTY12MAR2422500CE.NFO,2024-02-09,10:54:00,2024-03-12,0.05,0.05,0.05,0.05,0,0,1
FINNIFTY12MAR2422500CE.NFO,2024-02-09,10:55:00,2024-03-12,0.05,0.05,0.05,0.05,0,0,1
FINNIFTY12MAR2422500CE.NFO,2024-02-09,10:56:00,2024-03-12,0.05,0.05,0.05,0.05,0,0,1
FINNIFTY12MAR2422500CE.NFO,2024-02-09,10:57:00,2024-03-12,0.05,0.05,0.05,0.05,0,0,1
FINNIFTY12MAR2422500CE.NFO,2024-02-09,10:58:00,2024-03-12,0.05,0.05,0.05,0.05,0,0,1
FINNIFTY12MAR2422500CE.NFO,2024-02-09,10:59:00,2024-03-12,0.05,0.05,0.05,0.05,0,0,1
FINNIFTY12MAR2422500CE.NFO,2024-02-09,11:00:00,2024-03-12,0.05,0.05,0.05,0.05,0,0,1
FINNIFTY12MAR2422500CE.NFO,2024-02-09,11:01:00,2024-03-12,0.05,0.05,0.05,0.05,0,0,1
FINNIFTY12MAR2422500CE.NFO,2024-02-09,11:02:00,2024-03-12,0.05,0.05,0.05,0.05,0,0,1
FINNIFTY12MAR2422500CE.NFO,2024-02-09,11:03:00,2024-03-12,0.05,0.05,0.05,0.05,0,0,1
FINNIFTY12MAR2422500CE.NFO,2024-02-09,11:04:00,2024-03-12,0.05,0.05,0.05,0.05,0,0,1
FINNIFTY12MAR2422500CE.NFO,2024-02-09,11:05:00,2024-03-12,0.05,0.05,0.05,0.05,0,0,1
FINNIFTY12MAR2422500CE.NFO,2024-02-09,11:06:00,2024-03-12,0.05,0.05,0.05,0.05,0,0,1
FINNIFTY12MAR2422500CE.NFO,2024-02-09,11:07:00,2024-03-12,0.05,0.05,0.05,0.05,0,0,1
FINNIFTY12MAR2422500CE.NFO,2024-02-09,11:08:00,2024-03-12,0.05,0.05,0.05,0.05,0,0,1
FINNIFTY12MAR2422500CE.NFO,2024-02-09,11:09:00,2024-03-12,0.05,0.05,0.05,0.05,0,0,1
FINNIFTY12MAR2422500CE.NFO,2024-02-09,11:10:00,2024-03-12,0.05,0.05,0.05,0.05,0,0,1
FINNIFTY12MAR2422500CE.NFO,2024-02-09,11:11:00,2024-03-12,0.05,0.05,0.05,0.05,0,0,1
FINNIFTY12MAR2422500CE.NFO,2024-02-09,11:12:00,2024-03-12,0.05,0.05,0.05,0.05,0,0,1
FINNIFTY12MAR2422500CE.NFO,2024-02-09,11:13:00,2024-03-12,0.05,0.05,0.05,0.05,0,0,1
FINNIFTY12MAR2422500CE.NFO,2024-02-09,11:14:00,2024-03-12,0.05,0.05,0.05,0.05,0,0,1
FINNIFTY12MAR2422500CE.NFO,2024-02-09,11:15:00,2024-03-12,0.05,0.05,0.05,0.05,0,0,1
FINNIFTY12MAR2422500CE.NFO,2024-02-09,11:16:00,2024-03-12,0.05,0.05,0.05,0.05,0,0,1
FINNIFTY12MAR2422500CE.NFO,2024-02-09,11:17:00,2024-03-12,0.05,0.05,0.05,0.05,0,0,1
FINNIFTY12MAR2422500CE.NFO,2024-02-09,11:18:00,2024-03-12,0.05,0.05,0.05,0.05,0,0,1
FINNIFTY12MAR2422500CE.NFO,2024-02-09,11:19:00,2024-03-12,0.05,0.05,0.05,0.05,0,0,1
FINNIFTY12MAR2422500CE.NFO,2024-02-09,11:20:00,2024-03-12,0.05,0.05,0.05,0.05,0,0,1
FINNIFTY12MAR2422500CE.NFO,2024-02-09,11:21:00,2024-03-12,0.05,0.05,0.05,0.05,0,0,1
FINNIFTY12MAR2422500CE.NFO,2024-02-09,11:22:00,2024-03-12,0.05,0.05,0.05,0.05,0,0,1
FINNIFTY12MAR2422500CE.NFO,2024-02-09,11:23:00,2024-03-12,0.05,0.05,0.05,0.05,0,0,1
FINNIFTY12MAR2422500CE.NFO,2024-02-09,11:24:00,2024-03-12,0.05,0.05,0.05,0.05,0,0,1
FINNIFTY12MAR2422500CE.NFO,2024-02-09,11:25:00,2024-03-12,0.05,0.05,0.05,0.05,0,0,1
FINNIFTY12MAR2422500CE.NFO,2024-02-09,11:26:00,2024-03-12,0.05,0.05,0.05,0.05,0,0,1
FINNIFTY12MAR2422500CE.NFO,2024-02-09,11:27:00,2024-03-12,0.05,0.05,0.05,0.05,0,0,1
FINNIFTY12MAR2422500CE.NFO,2024-02-09,11:28:00,2024-03-12,0.05,0.05,0.05,0.05,0,0,1
FINNIFTY12MAR2422500CE.NFO,2024-02-09,11:29:00,2024-03-12,0.05,0.05,0.05,0.05,0,0,1
FINNIFTY12MAR2422500CE.NFO,2024-02-09,11:30:00,2024-03-12,0.05,0.05,0.05,0.05,0,0,1
FINNIFTY12MAR2422500CE.NFO,2024-02-09,11:31:00,2024-03-12,0.05,0.05,0.05,0.05,0,0,1
FINNIFTY12MAR2422500CE.NFO,2024-02-09,11:32:00,2024-03-12,0.05,0.05,0.05,0.05,0,0,1
FINNIFTY12MAR2422500CE.NFO,2024-02-09,11:33:00,2024-03-12,0.05,0.05,0.05,0.05,0,0,1
FINNIFTY12MAR2422500CE.NFO,2024-02-09,11:34:00,2024-03-12,0.05,0.05,0.05,0.05,0,0,1
FINNIFTY12MAR2422500CE.NFO,2024-02-09,11:35:00,2024-03-12,0.05,0.05,0.05,0.05,0,0,1
FINNIFTY12MAR2422500CE.NFO,2024-02-09,11:36:00,2024-03-12,0.05,0.05,0.05,0.05,0,0,1
FINNIFTY12MAR2422500CE.NFO,2024-02-09,11:37:00,2024-03-12,0.05,0.05,0.05,0.05,0,0,1
FINNIFTY12MAR2422500CE.NFO,2024-02-09,11:38:00,2024-03-12,0.05,0.05,0.05,0.05,0,0,1
FINNIFTY12MAR2422500CE.NFO,2024-02-09,11:39:00,2024-03-12,0.05,0.05,0.05,0.05,0,0,1
FINNIFTY12MAR2422500CE.NFO,2024-02-09,11:40:00,2024-03-12,0.05,0.05,0.05,0.05,0,0,1
FINNIFTY12MAR2422500CE.NFO,2024-02-09,11:41:00,2024-03-12,0.05,0.05,0.05,0.05,0,0,1
FINNIFTY12MAR2422500CE.NFO,2024-02-09,11:42:00,2024-03-12,0.05,0.05,0.05,0.05,0,0,1
FINNIFTY12MAR2422500CE.NFO,2024-02-09,11:43:00,2024-03-12,0.05,0.05,0.05,0.05,0,0,1
FINNIFTY12MAR2422500CE.NFO,2024-02-09,11:44:00,2024-03-12,0.05,0.05,0.05,0.05,0,0,1
FINNIFTY12MAR2422500CE.NFO,2024-02-09,11:45:00,2024-03-12,0.05,0.05,0.05,0.05,0,0,1
FINNIFTY12MAR2422500CE.NFO,2024-02-09,11:46:00,2024-03-12,0.05,0.05,0.05,0.05,0,0,1
FINNIFTY12MAR2422500CE.NFO,2024-02-09,11:47:00,2024-03-12,0.05,0.05,0.05,0.05,0,0,1
FINNIFTY12MAR2422500CE.NFO,2024-02-09,11:48:00,2024-03-12,0.05,0.05,0.05,0.05,0,0,1
FINNIFTY12MAR2422500CE.NFO,2024-02-09,11:49:00,2024-03-12,0.05,0.05,0.05,0.05,0,0,1
FINNIFTY12MAR2422500CE.NFO,2024-02-09,11:50:00,2024-03-12,0.05,0.05,0.05,0.05,0,0,1
FINNIFTY12MAR2422500CE.NFO,2024-02-09,11:51:00,2024-03-12,0.05,0.05,0.05,0.05,0,0,1
FINNIFTY12MAR2422500CE.NFO,2024-02-09,11:52:00,2024-03-12,0.05,0.05,0.05,0.05,0,0,1
FINNIFTY12MAR2422500CE.NFO,2024-02-09,11:53:00,2024-03-12,0.05,0.05,0.05,0.05,0,0,1
FINNIFTY12MAR2422500CE.NFO,2024-02-09,11:54:00,2024-03-12,0.05,0.05,0.05,0.05,0,0,1
FINNIFTY12MAR2422500CE.NFO,2024-02-09,11:55:00,2024-03-12,0.05,0.05,0.05,0.05,0,0,1
FINNIFTY12MAR2422500CE.NFO,2024-02-09,11:56:00,2024-03-12,0.05,0.05,0.05,0.05,0,0,1
FINNIFTY12MAR2422500CE.NFO,2024-02-09,11:57:00,2024-03-12,0.05,0.05,0.05,0.05,0,0,1
FINNIFTY12MAR2422500CE.NFO,2024-02-09,11:58:00,2024-03-12,0.05,0.05,0.05,0.05,0,0,1
FINNIFTY12MAR2422500CE.NFO,2024-02-09,11:59:00,2024-03-12,0.05,0.05,0.05,0.05,0,0,1
FINNIFTY12MAR2422500CE.NFO,2024-02-09,12:00:00,2024-03-12,0.05,0.05,0.05,0.05,0,0,1
FINNIFTY12MAR2422500CE.NFO,2024-02-09,12:01:00,2024-03-12,0.05,0.05,0.05,0.05,0,0,1
FINNIFTY12MAR2422500CE.NFO,2024-02-09,12:02:00,2024-03-12,0.05,0.05,0.05,0.05,0,0,1
FINNIFTY12MAR2422500CE.NFO,2024-02-09,12:03:00,2024-03-12,0.05,0.05,0.05,0.05,0,0,1
FINNIFTY12MAR2422500CE.NFO,2024-02-09,12:04:00,2024-03-12,0.05,0.05,0.05,0.05,0,0,1
FINNIFTY12MAR2422500CE.NFO,2024-02-09,12:05:00,2024-03-12,0.05,0.05,0.05,0.05,0,0,1
FINNIFTY12MAR2422500CE.NFO,2024-02-09,12:06:00,2024-03-12,0.05,0.05,0.05,0.05,0,0,1
FINNIFTY12MAR2422500CE.NFO,2024-02-09,12:07:00,2024-03-12,0.05,0.05,0.05,0.05,0,0,1
FINNIFTY12MAR2422500CE.NFO,2024-02-09,12:08:00,2024-03-12,0.05,0.05,0.05,0.05,0,0,1
FINNIFTY12MAR2422500CE.NFO,2024-02-09,12:09:00,2024-03-12,0.05,0.05,0.05,0.05,0,0,1
FINNIFTY12MAR2422500CE.NFO,2024-02-09,12:10:00,2024-03-12,0.05,0.05,0.05,0.05,0,0,1
FINNIFTY12MAR2422500CE.NFO,2024-02-09,12:11:00,2024-03-12,0.05,0.05,0.05,0.05,0,0,1
FINNIFTY12MAR2422500CE.NFO,2024-02-09,12:12:00,2024-03-12,0.05,0.05,0.05,0.05,0,0,1
FINNIFTY12MAR2422500CE.NFO,2024-02-09,12:13:00,2024-03-12,0.05,0.05,0.05,0.05,0,0,1
FINNIFTY12MAR2422500CE.NFO,2024-02-09,12:14:00,2024-03-12,0.05,0.05,0.05,0.05,0,0,1
FINNIFTY12MAR2422500CE.NFO,2024-02-09,12:15:00,2024-03-12,0.05,0.05,0.05,0.05,0,0,1
FINNIFTY12MAR2422500CE.NFO,2024-02-09,12:16:00,2024-03-12,0.05,0.05,0.05,0.05,0,0,1
FINNIFTY12MAR2422500CE.NFO,2024-02-09,12:17:00,2024-03-12,0.05,0.05,0.05,0.05,0,0,1
FINNIFTY12MAR2422500CE.NFO,2024-02-09,12:18:00,2024-03-12,0.05,0.05,0.05,0.05,0,0,1
FINNIFTY12MAR2422500CE.NFO,2024-02-09,12:19:00,2024-03-12,0.05,0.05,0.05,0.05,0,0,1
FINNIFTY12MAR2422500CE.NFO,2024-02-09,12:20:00,2024-03-12,0.05,0.05,0.05,0.05,0,0,1
FINNIFTY12MAR2422500CE.NFO,2024-02-09,12:21:00,2024-03-12,0.05,0.05,0.05,0.05,0,0,1
FINNIFTY12MAR2422500CE.NFO,2024-02-09,12:22:00,2024-03-12,0.05,0.05,0.05,0.05,0,0,1
FINNIFTY12MAR2422500CE.NFO,2024-02-09,12:23:00,2024-03-12,0.05,0.05,0.05,0.05,0,0,1
FINNIFTY12MAR2422500CE.NFO,2024-02-09,12:24:00,2024-03-12,0.05,0.05,0.05,0.05,0,0,1
FINNIFTY12MAR2422500CE.NFO,2024-02-09,12:25:00,2024-03-12,0.05,0.05,0.05,0.05,0,0,1
FINNIFTY12MAR2422500CE.NFO,2024-02-09,12:26:00,2024-03-12,0.05,0.05,0.05,0.05,0,0,1
FINNIFTY12MAR2422500CE.NFO,2024-02-09,12:27:00,2024-03-12,0.05,0.05,0.05,0.05,0,0,1
FINNIFTY12MAR2422500CE.NFO,2024-02-09,12:28:00,2024-03-12,0.05,0.05,0.05,0.05,0,0,1
FINNIFTY12MAR2422500CE.NFO,2024-02-09,12:29:00,2024-03-12,0.05,0.05,0.05,0.05,0,0,1
FINNIFTY12MAR2422500CE.NFO,2024-02-09,12:30:00,2024-03-12,0.05,0.05,0.05,0.05,0,0,1
FINNIFTY12MAR2422500CE.NFO,2024-02-09,12:31:00,2024-03-12,0.05,0.05,0.05,0.05,0,0,1
FINNIFTY12MAR2422500CE.NFO,2024-02-09,12:32:00,2024-03-12,0.05,0.05,0.05,0.05,0,0,1
FINNIFTY12MAR2422500CE.NFO,2024-02-09,12:33:00,2024-03-12,0.05,0.05,0.05,0.05,0,0,1
FINNIFTY12MAR2422500CE.NFO,2024-02-09,12:34:00,2024-03-12,0.05,0.05,0.05,0.05,0,0,1
FINNIFTY12MAR2422500CE.NFO,2024-02-09,12:35:00,2024-03-12,0.05,0.05,0.05,0.05,0,0,1
FINNIFTY12MAR2422500CE.NFO,2024-02-09,12:36:00,2024-03-12,0.05,0.05,0.05,0.05,0,0,1
FINNIFTY12MAR2422500CE.NFO,2024-02-09,12:37:00,2024-03-12,0.05,0.05,0.05,0.05,0,0,1
FINNIFTY12MAR2422500CE.NFO,2024-02-09,12:38:00,2024-03-12,0.05,0.05,0.05,0.05,0,0,1
FINNIFTY12MAR2422500CE.NFO,2024-02-09,12:39:00,2024-03-12,0.05,0.05,0.05,0.05,0,0,1
FINNIFTY12MAR2422500CE.NFO,2024-02-09,12:40:00,2024-03-12,0.05,0.05,0.05,0.05,0,0,1
FINNIFTY12MAR2422500CE.NFO,2024-02-09,12:41:00,2024-03-12,0.05,0.05,0.05,0.05,0,0,1
FINNIFTY12MAR2422500CE.NFO,2024-02-09,12:42:00,2024-03-12,0.05,0.05,0.05,0.05,0,0,1
FINNIFTY12MAR2422500CE.NFO,2024-02-09,12:43:00,2024-03-12,0.05,0.05,0.05,0.05,0,0,1
FINNIFTY12MAR2422500CE.NFO,2024-02-09,12:44:00,2024-03-12,0.05,0.05,0.05,0.05,0,0,1
FINNIFTY12MAR2422500CE.NFO,2024-02-09,12:45:00,2024-03-12,0.05,0.05,0.05,0.05,0,0,1
FINNIFTY12MAR2422500CE.NFO,2024-02-09,12:46:00,2024-03-12,0.05,0.05,0.05,0.05,0,0,1
FINNIFTY12MAR2422500CE.NFO,2024-02-09,12:47:00,2024-03-12,0.05,0.05,0.05,0.05,0,0,1
FINNIFTY12MAR2422500CE.NFO,2024-02-09,12:48:00,2024-03-12,0.05,0.05,0.05,0.05,0,0,1
FINNIFTY12MAR2422500CE.NFO,2024-02-09,12:49:00,2024-03-12,0.05,0.05,0.05,0.05,0,0,1
FINNIFTY12MAR2422500CE.NFO,2024-02-09,12:50:00,2024-03-12,0.05,0.05,0.05,0.05,0,0,1
FINNIFTY12MAR2422500CE.NFO,2024-02-09,12:51:00,2024-03-12,0.05,0.05,0.05,0.05,0,0,1
FINNIFTY12MAR2422500CE.NFO,2024-02-09,12:52:00,2024-03-12,0.05,0.05,0.05,0.05,0,0,1
FINNIFTY12MAR2422500CE.NFO,2024-02-09,12:53:00,2024-03-12,0.05,0.05,0.05,0.05,0,0,1
FINNIFTY12MAR2422500CE.NFO,2024-02-09,12:54:00,2024-03-12,0.05,0.05,0.05,0.05,0,0,1
FINNIFTY12MAR2422500CE.NFO,2024-02-09,12:55:00,2024-03-12,0.05,0.05,0.05,0.05,0,0,1
FINNIFTY12MAR2422500CE.NFO,2024-02-09,12:56:00,2024-03-12,0.05,0.05,0.05,0.05,0,0,1
FINNIFTY12MAR2422500CE.NFO,2024-02-09,12:57:00,2024-03-12,0.05,0.05,0.05,0.05,0,0,1
FINNIFTY12MAR2422500CE.NFO,2024-02-09,12:58:00,2024-03-12,0.05,0.05,0.05,0.05,0,0,1
FINNIFTY12MAR2422500CE.NFO,2024-02-09,12:59:00,2024-03-12,0.05,0.05,0.05,0.05,0,0,1
FINNIFTY12MAR2422500CE.NFO,2024-02-09,13:00:00,2024-03-12,0.05,0.05,0.05,0.05,0,0,1
FINNIFTY12MAR2422500CE.NFO,2024-02-09,13:01:00,2024-03-12,0.05,0.05,0.05,0.05,0,0,1
FINNIFTY12MAR2422500CE.NFO,2024-02-09,13:02:00,2024-03-12,0.05,0.05,0.05,0.05,0,0,1
FINNIFTY12MAR2422500CE.NFO,2024-02-09,13:03:00,2024-03-12,0.05,0.05,0.05,0.05,0,0,1
FINNIFTY12MAR2422500CE.NFO,2024-02-09,13:04:00,2024-03-12,0.05,0.05,0.05,0.05,0,0,1
FINNIFTY12MAR2422500CE.NFO,2024-02-09,13:05:00,2024-03-12,0.05,0.05,0.05,0.05,0,0,1
FINNIFTY12MAR2422500CE.NFO,2024-02-09,13:06:00,2024-03-12,0.05,0.05,0.05,0.05,0,0,1
FINNIFTY12MAR2422500CE.NFO,2024-02-09,13:07:00,2024-03-12,0.05,0.05,0.05,0.05,0,0,1
FINNIFTY12MAR2422500CE.NFO,2024-02-09,13:08:00,2024-03-12,0.05,0.05,0.05,0.05,0,0,1
FINNIFTY12MAR2422500CE.NFO,2024-02-09,13:09:00,2024-03-12,0.05,0.05,0.05,0.05,0,0,1
FINNIFTY12MAR2422500CE.NFO,2024-02-09,13:10:00,2024-03-12,0.05,0.05,0.05,0.05,0,0,1
FINNIFTY12MAR2422500CE.NFO,2024-02-09,13:11:00,2024-03-12,0.05,0.05,0.05,0.05,0,0,1
FINNIFTY12MAR2422500CE.NFO,2024-02-09,13:12:00,2024-03-12,0.05,0.05,0.05,0.05,0,0,1
FINNIFTY12MAR2422500CE.NFO,2024-02-09,13:13:00,2024-03-12,0.05,0.05,0.05,0.05,0,0,1
FINNIFTY12MAR2422500CE.NFO,2024-02-09,13:14:00,2024-03-12,0.05,0.05,0.05,0.05,0,0,1
FINNIFTY12MAR2422500CE.NFO,2024-02-09,13:15:00,2024-03-12,0.05,0.05,0.05,0.05,0,0,1
FINNIFTY12MAR2422500CE.NFO,2024-02-09,13:16:00,2024-03-12,0.05,0.05,0.05,0.05,0,0,1
FINNIFTY12MAR2422500CE.NFO,2024-02-09,13:17:00,2024-03-12,0.05,0.05,0.05,0.05,0,0,1
FINNIFTY12MAR2422500CE.NFO,2024-02-09,13:18:00,2024-03-12,0.05,0.05,0.05,0.05,0,0,1
FINNIFTY12MAR2422500CE.NFO,2024-02-09,13:19:00,2024-03-12,0.05,0.05,0.05,0.05,0,0,1
FINNIFTY12MAR2422500CE.NFO,2024-02-09,13:20:00,2024-03-12,0.05,0.05,0.05,0.05,0,0,1
FINNIFTY12MAR2422500CE.NFO,2024-02-09,13:21:00,2024-03-12,0.05,0.05,0.05,0.05,0,0,1
FINNIFTY12MAR2422500CE.NFO,2024-02-09,13:22:00,2024-03-12,0.05,0.05,0.05,0.05,0,0,1
FINNIFTY12MAR2422500CE.NFO,2024-02-09,13:23:00,2024-03-12,0.05,0.05,0.05,0.05,0,0,1
FINNIFTY12MAR2422500CE.NFO,2024-02-09,13:24:00,2024-03-12,0.05,0.05,0.05,0.05,0,0,1
FINNIFTY12MAR2422500CE.NFO,2024-02-09,13:25:00,2024-03-12,0.05,0.05,0.05,0.05,0,0,1
FINNIFTY12MAR2422500CE.NFO,2024-02-09,13:26:00,2024-03-12,0.05,0.05,0.05,0.05,0,0,1
FINNIFTY12MAR2422500CE.NFO,2024-02-09,13:27:00,2024-03-12,0.05,0.05,0.05,0.05,0,0,1
FINNIFTY12MAR2422500CE.NFO,2024-02-09,13:28:00,2024-03-12,0.05,0.05,0.05,0.05,0,0,1
FINNIFTY12MAR2422500CE.NFO,2024-02-09,13:29:00,2024-03-12,0.05,0.05,0.05,0.05,0,0,1
FINNIFTY12MAR2422500CE.NFO,2024-02-09,13:30:00,2024-03-12,0.05,0.05,0.05,0.05,0,0,1
FINNIFTY12MAR2422500CE.NFO,2024-02-09,13:31:00,2024-03-12,0.05,0.05,0.05,0.05,0,0,1
FINNIFTY12MAR2422500CE.NFO,2024-02-09,13:32:00,2024-03-12,0.05,0.05,0.05,0.05,0,0,1
FINNIFTY12MAR2422500CE.NFO,2024-02-09,13:33:00,2024-03-12,0.05,0.05,0.05,0.05,0,0,1
FINNIFTY12MAR2422500CE.NFO,2024-02-09,13:34:00,2024-03-12,0.05,0.05,0.05,0.05,0,0,1
FINNIFTY12MAR2422500CE.NFO,2024-02-09,13:35:00,2024-03-12,0.05,0.05,0.05,0.05,0,0,1
FINNIFTY12MAR2422500CE.NFO,2024-02-09,13:36:00,2024-03-12,0.05,0.05,0.05,0.05,0,0,1
FINNIFTY12MAR2422500CE.NFO,2024-02-09,13:37:00,2024-03-12,0.05,0.05,0.05,0.05,0,0,1
FINNIFTY12MAR2422500CE.NFO,2024-02-09,13:38:00,2024-03-12,0.05,0.05,0.05,0.05,0,0,1
FINNIFTY12MAR2422500CE.NFO,2024-02-09,13:39:00,2024-03-12,0.05,0.05,0.05,0.05,0,0,1
FINNIFTY12MAR2422500CE.NFO,2024-02-09,13:40:00,2024-03-12,0.05,0.05,0.05,0.05,0,0,1
FINNIFTY12MAR2422500CE.NFO,2024-02-09,13:41:00,2024-03-12,0.05,0.05,0.05,0.05,0,0,1
FINNIFTY12MAR2422500CE.NFO,2024-02-09,13:42:00,2024-03-12,0.05,0.05,0.05,0.05,0,0,1
FINNIFTY12MAR2422500CE.NFO,2024-02-09,13:43:00,2024-03-12,0.05,0.05,0.05,0.05,0,0,1
FINNIFTY12MAR2422500CE.NFO,2024-02-09,13:44:00,2024-03-12,0.05,0.05,0.05,0.05,0,0,1
FINNIFTY12MAR2422500CE.NFO,2024-02-09,13:45:00,2024-03-12,0.05,0.05,0.05,0.05,0,0,1
FINNIFTY12MAR2422500CE.NFO,2024-02-09,13:46:00,2024-03-12,0.05,0.05,0.05,0.05,0,0,1
FINNIFTY12MAR2422500CE.NFO,2024-02-09,13:47:00,2024-03-12,0.05,0.05,0.05,0.05,0,0,1
FINNIFTY12MAR2422500CE.NFO,2024-02-09,13:48:00,2024-03-12,0.05,0.05,0.05,0.05,0,0,1
FINNIFTY12MAR2422500CE.NFO,2024-02-09,13:49:00,2024-03-12,0.05,0.05,0.05,0.05,0,0,1
FINNIFTY12MAR2422500CE.NFO,2024-02-09,13:50:00,2024-03-12,0.05,0.05,0.05,0.05,0,0,1
FINNIFTY12MAR2422500CE.NFO,2024-02-09,13:51:00,2024-03-12,0.05,0.05,0.05,0.05,0,0,1
FINNIFTY12MAR2422500CE.NFO,2024-02-09,13:52:00,2024-03-12,0.05,0.05,0.05,0.05,0,0,1
FINNIFTY12MAR2422500CE.NFO,2024-02-09,13:53:00,2024-03-12,0.05,0.05,0.05,0.05,0,0,1
FINNIFTY12MAR2422500CE.NFO,2024-02-09,13:54:00,2024-03-12,0.05,0.05,0.05,0.05,0,0,1
FINNIFTY12MAR2422500CE.NFO,2024-02-09,13:55:00,2024-03-12,0.05,0.05,0.05,0.05,0,0,1
FINNIFTY12MAR2422500CE.NFO,2024-02-09,13:56:00,2024-03-12,0.05,0.05,0.05,0.05,0,0,1
FINNIFTY12MAR2422500CE.NFO,2024-02-09,13:57:00,2024-03-12,0.05,0.05,0.05,0.05,0,0,1
FINNIFTY12MAR2422500CE.NFO,2024-02-09,13:58:00,2024-03-12,0.05,0.05,0.05,0.05,0,0,1
FINNIFTY12MAR2422500CE.NFO,2024-02-09,13:59:00,2024-03-12,0.05,0.05,0.05,0.05,0,0,1
FINNIFTY12MAR2422500CE.NFO,2024-02-09,14:00:00,2024-03-12,0.05,0.05,0.05,0.05,0,0,1
FINNIFTY12MAR2422500CE.NFO,2024-02-09,14:01:00,2024-03-12,0.05,0.05,0.05,0.05,0,0,1
FINNIFTY12MAR2422500CE.NFO,2024-02-09,14:02:00,2024-03-12,0.05,0.05,0.05,0.05,0,0,1
FINNIFTY12MAR2422500CE.NFO,2024-02-09,14:03:00,2024-03-12,0.05,0.05,0.05,0.05,0,0,1
FINNIFTY12MAR2422500CE.NFO,2024-02-09,14:04:00,2024-03-12,0.05,0.05,0.05,0.05,0,0,1
FINNIFTY12MAR2422500CE.NFO,2024-02-09,14:05:00,2024-03-12,0.05,0.05,0.05,0.05,0,0,1
FINNIFTY12MAR2422500CE.NFO,2024-02-09,14:06:00,2024-03-12,0.05,0.05,0.05,0.05,0,0,1
FINNIFTY12MAR2422500CE.NFO,2024-02-09,14:07:00,2024-03-12,0.05,0.05,0.05,0.05,0,0,1
FINNIFTY12MAR2422500CE.NFO,2024-02-09,14:08:00,2024-03-12,0.05,0.05,0.05,0.05,0,0,1
FINNIFTY12MAR2422500CE.NFO,2024-02-09,14:09:00,2024-03-12,0.05,0.05,0.05,0.05,0,0,1
FINNIFTY12MAR2422500CE.NFO,2024-02-09,14:10:00,2024-03-12,0.05,0.05,0.05,0.05,0,0,1
FINNIFTY12MAR2422500CE.NFO,2024-02-09,14:11:00,2024-03-12,0.05,0.05,0.05,0.05,0,0,1
FINNIFTY12MAR2422500CE.NFO,2024-02-09,14:12:00,2024-03-12,0.05,0.05,0.05,0.05,0,0,1
FINNIFTY12MAR2422500CE.NFO,2024-02-09,14:13:00,2024-03-12,0.05,0.05,0.05,0.05,0,0,1
FINNIFTY12MAR2422500CE.NFO,2024-02-09,14:14:00,2024-03-12,0.05,0.05,0.05,0.05,0,0,1
FINNIFTY12MAR2422500CE.NFO,2024-02-09,14:15:00,2024-03-12,0.05,0.05,0.05,0.05,0,0,1
FINNIFTY12MAR2422500CE.NFO,2024-02-09,14:16:00,2024-03-12,0.05,0.05,0.05,0.05,0,0,1
FINNIFTY12MAR2422500CE.NFO,2024-02-09,14:17:00,2024-03-12,0.05,0.05,0.05,0.05,0,0,1
FINNIFTY12MAR2422500CE.NFO,2024-02-09,14:18:00,2024-03-12,0.05,0.05,0.05,0.05,0,0,1
FINNIFTY12MAR2422500CE.NFO,2024-02-09,14:19:00,2024-03-12,0.05,0.05,0.05,0.05,0,0,1
FINNIFTY12MAR2422500CE.NFO,2024-02-09,14:20:00,2024-03-12,0.05,0.05,0.05,0.05,0,0,1
FINNIFTY12MAR2422500CE.NFO,2024-02-09,14:21:00,2024-03-12,0.05,0.05,0.05,0.05,0,0,1
FINNIFTY12MAR2422500CE.NFO,2024-02-09,14:22:00,2024-03-12,0.05,0.05,0.05,0.05,0,0,1
FINNIFTY12MAR2422500CE.NFO,2024-02-09,14:23:00,2024-03-12,0.05,0.05,0.05,0.05,0,0,1
FINNIFTY12MAR2422500CE.NFO,2024-02-09,14:24:00,2024-03-12,0.05,0.05,0.05,0.05,0,0,1
FINNIFTY12MAR2422500CE.NFO,2024-02-09,14:25:00,2024-03-12,0.05,0.05,0.05,0.05,0,0,1
FINNIFTY12MAR2422500CE.NFO,2024-02-09,14:26:00,2024-03-12,0.05,0.05,0.05,0.05,0,0,1
FINNIFTY12MAR2422500CE.NFO,2024-02-09,14:27:00,2024-03-12,0.05,0.05,0.05,0.05,0,0,1
FINNIFTY12MAR2422500CE.NFO,2024-02-09,14:28:00,2024-03-12,0.05,0.05,0.05,0.05,0,0,1
FINNIFTY12MAR2422500CE.NFO,2024-02-09,14:29:00,2024-03-12,0.05,0.05,0.05,0.05,0,0,1
FINNIFTY12MAR2422500CE.NFO,2024-02-09,14:30:00,2024-03-12,0.05,0.05,0.05,0.05,0,0,1
FINNIFTY12MAR2422500CE.NFO,2024-02-09,14:31:00,2024-03-12,0.05,0.05,0.05,0.05,0,0,1
FINNIFTY12MAR2422500CE.NFO,2024-02-09,14:32:00,2024-03-12,0.05,0.05,0.05,0.05,0,0,1
FINNIFTY12MAR2422500CE.NFO,2024-02-09,14:33:00,2024-03-12,0.05,0.05,0.05,0.05,0,0,1
FINNIFTY12MAR2422500CE.NFO,2024-02-09,14:34:00,2024-03-12,0.05,0.05,0.05,0.05,0,0,1
FINNIFTY12MAR2422500CE.NFO,2024-02-09,14:35:00,2024-03-12,0.05,0.05,0.05,0.05,0,0,1
FINNIFTY12MAR2422500CE.NFO,2024-02-09,14:36:00,2024-03-12,0.05,0.05,0.05,0.05,0,0,1
FINNIFTY12MAR2422500CE.NFO,2024-02-09,14:37:00,2024-03-12,0.05,0.05,0.05,0.05,0,0,1
FINNIFTY12MAR2422500CE.NFO,2024-02-09,14:38:00,2024-03-12,0.05,0.05,0.05,0.05,0,0,1
FINNIFTY12MAR2422500CE.NFO,2024-02-09,14:39:00,2024-03-12,0.05,0.05,0.05,0.05,0,0,1
FINNIFTY12MAR2422500CE.NFO,2024-02-09,14:40:00,2024-03-12,0.05,0.05,0.05,0.05,0,0,1
FINNIFTY12MAR2422500CE.NFO,2024-02-09,14:41:00,2024-03-12,0.05,0.05,0.05,0.05,0,0,1
FINNIFTY12MAR2422500CE.NFO,2024-02-09,14:42:00,2024-03-12,0.05,0.05,0.05,0.05,0,0,1
FINNIFTY12MAR2422500CE.NFO,2024-02-09,14:43:00,2024-03-12,0.05,0.05,0.05,0.05,0,0,1
FINNIFTY12MAR2422500CE.NFO,2024-02-09,14:44:00,2024-03-12,0.05,0.05,0.05,0.05,0,0,1
FINNIFTY12MAR2422500CE.NFO,2024-02-09,14:45:00,2024-03-12,0.05,0.05,0.05,0.05,0,0,1
FINNIFTY12MAR2422500CE.NFO,2024-02-09,14:46:00,2024-03-12,0.05,0.05,0.05,0.05,0,0,1
FINNIFTY12MAR2422500CE.NFO,2024-02-09,14:47:00,2024-03-12,0.05,0.05,0.05,0.05,0,0,1
FINNIFTY12MAR2422500CE.NFO,2024-02-09,14:48:00,2024-03-12,0.05,0.05,0.05,0.05,0,0,1
FINNIFTY12MAR2422500CE.NFO,2024-02-09,14:49:00,2024-03-12,0.05,0.05,0.05,0.05,0,0,1
FINNIFTY12MAR2422500CE.NFO,2024-02-09,14:50:00,2024-03-12,0.05,0.05,0.05,0.05,0,0,1
FINNIFTY12MAR2422500CE.NFO,2024-02-09,14:51:00,2024-03-12,0.05,0.05,0.05,0.05,0,0,1
FINNIFTY12MAR2422500CE.NFO,2024-02-09,14:52:00,2024-03-12,0.05,0.05,0.05,0.05,0,0,1
FINNIFTY12MAR2422500CE.NFO,2024-02-09,14:53:00,2024-03-12,0.05,0.05,0.05,0.05,0,0,1
FINNIFTY12MAR2422500CE.NFO,2024-02-09,14:54:00,2024-03-12,0.05,0.05,0.05,0.05,0,0,1
FINNIFTY12MAR2422500CE.NFO,2024-02-09,14:55:00,2024-03-12,0.05,0.05,0.05,0.05,0,0,1
FINNIFTY12MAR2422500CE.NFO,2024-02-09,14:56:00,2024-03-12,0.05,0.05,0.05,0.05,0,0,1
FINNIFTY12MAR2422500CE.NFO,2024-02-09,14:57:00,2024-03-12,0.05,0.05,0.05,0.05,0,0,1
FINNIFTY12MAR2422500CE.NFO,2024-02-09,14:58:00,2024-03-12,0.05,0.05,0.05,0.05,0,0,1
FINNIFTY12MAR2422500CE.NFO,2024-02-09,14:59:00,2024-03-12,0.05,0.05,0.05,0.05,0,0,1
FINNIFTY12MAR2422500CE.NFO,2024-02-09,15:00:00,2024-03-12,0.05,0.05,0.05,0.05,0,0,1
FINNIFTY12MAR2422500CE.NFO,2024-02-09,15:01:00,2024-03-12,0.05,0.05,0.05,0.05,0,0,1
FINNIFTY12MAR2422500CE.NFO,2024-02-09,15:02:00,2024-03-12,0.05,0.05,0.05,0.05,0,0,1
FINNIFTY12MAR2422500CE.NFO,2024-02-09,15:03:00,2024-03-12,0.05,0.05,0.05,0.05,0,0,1
FINNIFTY12MAR2422500CE.NFO,2024-02-09,15:04:00,2024-03-12,0.05,0.05,0.05,0.05,0,0,1
FINNIFTY12MAR2422500CE.NFO,2024-02-09,15:05:00,2024-03-12,0.05,0.05,0.05,0.05,0,0,1
FINNIFTY12MAR2422500CE.NFO,2024-02-09,15:06:00,2024-03-12,0.05,0.05,0.05,0.05,0,0,1
FINNIFTY12MAR2422500CE.NFO,2024-02-09,15:07:00,2024-03-12,0.05,0.05,0.05,0.05,0,0,1
FINNIFTY12MAR2422500CE.NFO,2024-02-09,15:08:00,2024-03-12,0.05,0.05,0.05,0.05,0,0,1
FINNIFTY12MAR2422500CE.NFO,2024-02-09,15:09:00,2024-03-12,0.05,0.05,0.05,0.05,0,0,1
FINNIFTY12MAR2422500CE.NFO,2024-02-09,15:10:00,2024-03-12,0.05,0.05,0.05,0.05,0,0,1
FINNIFTY12MAR2422500CE.NFO,2024-02-09,15:11:00,2024-03-12,0.05,0.05,0.05,0.05,0,0,1
FINNIFTY12MAR2422500CE.NFO,2024-02-09,15:12:00,2024-03-12,0.05,0.05,0.05,0.05,0,0,1
FINNIFTY12MAR2422500CE.NFO,2024-02-09,15:13:00,2024-03-12,0.05,0.05,0.05,0.05,0,0,1
FINNIFTY12MAR2422500CE.NFO,2024-02-09,15:14:00,2024-03-12,0.05,0.05,0.05,0.05,0,0,1
FINNIFTY12MAR2422500CE.NFO,2024-02-09,15:15:00,2024-03-12,0.05,0.05,0.05,0.05,0,0,1
FINNIFTY12MAR2422500CE.NFO,2024-02-09,15:16:00,2024-03-12,0.05,0.05,0.05,0.05,0,0,1
FINNIFTY12MAR2422500CE.NFO,2024-02-09,15:17:00,2024-03-12,0.05,0.05,0.05,0.05,0,0,1
FINNIFTY12MAR2422500CE.NFO,2024-02-09,15:18:00,2024-03-12,0.05,0.05,0.05,0.05,0,0,1
FINNIFTY12MAR2422500CE.NFO,2024-02-09,15:19:00,2024-03-12,0.05,0.05,0.05,0.05,0,0,1
FINNIFTY12MAR2422500CE.NFO,2024-02-09,15:20:00,2024-03-12,0.05,0.05,0.05,0.05,0,0,1
FINNIFTY12MAR2422500CE.NFO,2024-02-09,15:21:00,2024-03-12,0.05,0.05,0.05,0.05,0,0,1
FINNIFTY12MAR2422500CE.NFO,2024-02-09,15:22:00,2024-03-12,0.05,0.05,0.05,0.05,0,0,1
FINNIFTY12MAR2422500CE.NFO,2024-02-09,15:23:00,2024-03-12,0.05,0.05,0.05,0.05,0,0,1
FINNIFTY12MAR2422500CE.NFO,2024-02-09,15:24:00,2024-03-12,0.05,0.05,0.05,0.05,0,0,1
FINNIFTY12MAR2422500CE.NFO,2024-02-09,15:25:00,2024-03-12,0.05,0.05,0.05,0.05,0,0,1
FINNIFTY12MAR2422500CE.NFO,2024-02-09,15:26:00,2024-03-12,0.05,0.05,0.05,0.05,0,0,1
FINNIFTY12MAR2422500CE.NFO,2024-02-09,15:27:00,2024-03-12,0.05,0.05,0.05,0.05,0,0,1
FINNIFTY12MAR2422500CE.NFO,2024-02-09,15:28:00,2024-03-12,0.05,0.05,0.05,0.05,0,0,1
FINNIFTY12MAR2422500CE.NFO,2024-02-09,15:29:00,2024-03-12,0.05,0.05,0.05,0.05,0,0,1
FINNIFTY12MAR2422500CE.NFO,2024-02-09,15:30:00,2024-03-12,0.05,0.05,0.05,0.05,0,0,1
FINNIFTY12MAR2422500CE.NFO,2024-02-12,09:15:00,2024-03-12,0.05,0.05,0.05,0.05,0,0,0
FINNIFTY12MAR2422500CE.NFO,2024-02-12,09:16:00,2024-03-12,0.05,0.05,0.05,0.05,0,0,1
FINNIFTY12MAR2422500CE.NFO,2024-02-12,09:17:00,2024-03-12,0.05,0.05,0.05,0.05,0,0,1
FINNIFTY12MAR2422500CE.NFO,2024-02-12,09:18:00,2024-03-12,0.05,0.05,0.05,0.05,0,0,1
FINNIFTY12MAR2422500CE.NFO,2024-02-12,09:19:00,2024-03-12,0.05,0.05,0.05,0.05,0,0,1
FINNIFTY12MAR2422500CE.NFO,2024-02-12,09:20:00,2024-03-12,0.05,0.05,0.05,0.05,0,0,1
FINNIFTY12MAR2422500CE.NFO,2024-02-12,09:21:00,2024-03-12,0.05,0.05,0.05,0.05,0,0,1
FINNIFTY12MAR2422500CE.NFO,2024-02-12,09:22:00,2024-03-12,0.05,0.05,0.05,0.05,0,0,1
FINNIFTY12MAR2422500CE.NFO,2024-02-12,09:23:00,2024-03-12,0.05,0.05,0.05,0.05,0,0,1
FINNIFTY12MAR2422500CE.NFO,2024-02-12,09:24:00,2024-03-12,0.05,0.05,0.05,0.05,0,0,1
FINNIFTY12MAR2422500CE.NFO,2024-02-12,09:25:00,2024-03-12,0.05,0.05,0.05,0.05,0,0,1
FINNIFTY12MAR2422500CE.NFO,2024-02-12,09:26:00,2024-03-12,0.05,0.05,0.05,0.05,0,0,1
FINNIFTY12MAR2422500CE.NFO,2024-02-12,09:27:00,2024-03-12,0.05,0.05,0.05,0.05,0,0,1
FINNIFTY12MAR2422500CE.NFO,2024-02-12,09:28:00,2024-03-12,0.05,0.05,0.05,0.05,0,0,1
FINNIFTY12MAR2422500CE.NFO,2024-02-12,09:29:00,2024-03-12,0.05,0.05,0.05,0.05,0,0,1
FINNIFTY12MAR2422500CE.NFO,2024-02-12,09:30:00,2024-03-12,0.05,0.05,0.05,0.05,0,0,1
FINNIFTY12MAR2422500CE.NFO,2024-02-12,09:31:00,2024-03-12,0.05,0.05,0.05,0.05,0,0,1
FINNIFTY12MAR2422500CE.NFO,2024-02-12,09:32:00,2024-03-12,0.05,0.05,0.05,0.05,0,0,1
FINNIFTY12MAR2422500CE.NFO,2024-02-12,09:33:00,2024-03-12,0.05,0.05,0.05,0.05,0,0,1
FINNIFTY12MAR2422500CE.NFO,2024-02-12,09:34:00,2024-03-12,0.05,0.05,0.05,0.05,0,0,1
FINNIFTY12MAR2422500CE.NFO,2024-02-12,09:35:00,2024-03-12,0.05,0.05,0.05,0.05,0,0,1
FINNIFTY12MAR2422500CE.NFO,2024-02-12,09:36:00,2024-03-12,0.05,0.05,0.05,0.05,0,0,1
FINNIFTY12MAR2422500CE.NFO,2024-02-12,09:37:00,2024-03-12,0.05,0.05,0.05,0.05,0,0,1
FINNIFTY12MAR2422500CE.NFO,2024-02-12,09:38:00,2024-03-12,0.05,0.05,0.05,0.05,0,0,1
FINNIFTY12MAR2422500CE.NFO,2024-02-12,09:39:00,2024-03-12,0.05,0.05,0.05,0.05,0,0,1
FINNIFTY12MAR2422500CE.NFO,2024-02-12,09:40:00,2024-03-12,0.05,0.05,0.05,0.05,0,0,1
FINNIFTY12MAR2422500CE.NFO,2024-02-12,09:41:00,2024-03-12,0.05,0.05,0.05,0.05,0,0,1
FINNIFTY12MAR2422500CE.NFO,2024-02-12,09:42:00,2024-03-12,0.05,0.05,0.05,0.05,0,0,1
FINNIFTY12MAR2422500CE.NFO,2024-02-12,09:43:00,2024-03-12,0.05,0.05,0.05,0.05,0,0,1
FINNIFTY12MAR2422500CE.NFO,2024-02-12,09:44:00,2024-03-12,0.05,0.05,0.05,0.05,0,0,1
FINNIFTY12MAR2422500CE.NFO,2024-02-12,09:45:00,2024-03-12,0.05,0.05,0.05,0.05,0,0,1
FINNIFTY12MAR2422500CE.NFO,2024-02-12,09:46:00,2024-03-12,0.05,0.05,0.05,0.05,0,0,1
FINNIFTY12MAR2422500CE.NFO,2024-02-12,09:47:00,2024-03-12,0.05,0.05,0.05,0.05,0,0,1
FINNIFTY12MAR2422500CE.NFO,2024-02-12,09:48:00,2024-03-12,0.05,0.05,0.05,0.05,0,0,1
FINNIFTY12MAR2422500CE.NFO,2024-02-12,09:49:00,2024-03-12,0.05,0.05,0.05,0.05,0,0,1
FINNIFTY12MAR2422500CE.NFO,2024-02-12,09:50:00,2024-03-12,0.05,0.05,0.05,0.05,0,0,1
FINNIFTY12MAR2422500CE.NFO,2024-02-12,09:51:00,2024-03-12,0.05,0.05,0.05,0.05,0,0,1
FINNIFTY12MAR2422500CE.NFO,2024-02-12,09:52:00,2024-03-12,0.05,0.05,0.05,0.05,0,0,1
FINNIFTY12MAR2422500CE.NFO,2024-02-12,09:53:00,2024-03-12,0.05,0.05,0.05,0.05,0,0,1
FINNIFTY12MAR2422500CE.NFO,2024-02-12,09:54:00,2024-03-12,0.05,0.05,0.05,0.05,0,0,1
FINNIFTY12MAR2422500CE.NFO,2024-02-12,09:55:00,2024-03-12,0.05,0.05,0.05,0.05,0,0,1
FINNIFTY12MAR2422500CE.NFO,2024-02-12,09:56:00,2024-03-12,0.05,0.05,0.05,0.05,0,0,1
FINNIFTY12MAR2422500CE.NFO,2024-02-12,09:57:00,2024-03-12,0.05,0.05,0.05,0.05,0,0,1
FINNIFTY12MAR2422500CE.NFO,2024-02-12,09:58:00,2024-03-12,0.05,0.05,0.05,0.05,0,0,1
FINNIFTY12MAR2422500CE.NFO,2024-02-12,09:59:00,2024-03-12,0.05,0.05,0.05,0.05,0,0,1
FINNIFTY12MAR2422500CE.NFO,2024-02-12,10:00:00,2024-03-12,0.05,0.05,0.05,0.05,0,0,1
FINNIFTY12MAR2422500CE.NFO,2024-02-12,10:01:00,2024-03-12,0.05,0.05,0.05,0.05,0,0,1
FINNIFTY12MAR2422500CE.NFO,2024-02-12,10:02:00,2024-03-12,0.05,0.05,0.05,0.05,0,0,1
FINNIFTY12MAR2422500CE.NFO,2024-02-12,10:03:00,2024-03-12,0.05,0.05,0.05,0.05,0,0,1
FINNIFTY12MAR2422500CE.NFO,2024-02-12,10:04:00,2024-03-12,0.05,0.05,0.05,0.05,0,0,1
FINNIFTY12MAR2422500CE.NFO,2024-02-12,10:05:00,2024-03-12,0.05,0.05,0.05,0.05,0,0,1
FINNIFTY12MAR2422500CE.NFO,2024-02-12,10:06:00,2024-03-12,0.05,0.05,0.05,0.05,0,0,1
FINNIFTY12MAR2422500CE.NFO,2024-02-12,10:07:00,2024-03-12,0.05,0.05,0.05,0.05,0,0,1
FINNIFTY12MAR2422500CE.NFO,2024-02-12,10:08:00,2024-03-12,0.05,0.05,0.05,0.05,0,0,1
FINNIFTY12MAR2422500CE.NFO,2024-02-12,10:09:00,2024-03-12,0.05,0.05,0.05,0.05,0,0,1
FINNIFTY12MAR2422500CE.NFO,2024-02-12,10:10:00,2024-03-12,0.05,0.05,0.05,0.05,0,0,1
FINNIFTY12MAR2422500CE.NFO,2024-02-12,10:11:00,2024-03-12,0.05,0.05,0.05,0.05,0,0,1
FINNIFTY12MAR2422500CE.NFO,2024-02-12,10:12:00,2024-03-12,0.05,0.05,0.05,0.05,0,0,1
FINNIFTY12MAR2422500CE.NFO,2024-02-12,10:13:00,2024-03-12,0.05,0.05,0.05,0.05,0,0,1
FINNIFTY12MAR2422500CE.NFO,2024-02-12,10:14:00,2024-03-12,0.05,0.05,0.05,0.05,0,0,1
FINNIFTY12MAR2422500CE.NFO,2024-02-12,10:15:00,2024-03-12,0.05,0.05,0.05,0.05,0,0,1
FINNIFTY12MAR2422500CE.NFO,2024-02-12,10:16:00,2024-03-12,0.05,0.05,0.05,0.05,0,0,1
FINNIFTY12MAR2422500CE.NFO,2024-02-12,10:17:00,2024-03-12,0.05,0.05,0.05,0.05,0,0,1
FINNIFTY12MAR2422500CE.NFO,2024-02-12,10:18:00,2024-03-12,0.05,0.05,0.05,0.05,0,0,1
FINNIFTY12MAR2422500CE.NFO,2024-02-12,10:19:00,2024-03-12,0.05,0.05,0.05,0.05,0,0,1
FINNIFTY12MAR2422500CE.NFO,2024-02-12,10:20:00,2024-03-12,0.05,0.05,0.05,0.05,0,0,1
FINNIFTY12MAR2422500CE.NFO,2024-02-12,10:21:00,2024-03-12,0.05,0.05,0.05,0.05,0,0,1
FINNIFTY12MAR2422500CE.NFO,2024-02-12,10:22:00,2024-03-12,0.05,0.05,0.05,0.05,0,0,1
FINNIFTY12MAR2422500CE.NFO,2024-02-12,10:23:00,2024-03-12,0.05,0.05,0.05,0.05,0,0,1
FINNIFTY12MAR2422500CE.NFO,2024-02-12,10:24:00,2024-03-12,0.05,0.05,0.05,0.05,0,0,1
FINNIFTY12MAR2422500CE.NFO,2024-02-12,10:25:00,2024-03-12,0.05,0.05,0.05,0.05,0,0,1
FINNIFTY12MAR2422500CE.NFO,2024-02-12,10:26:00,2024-03-12,0.05,0.05,0.05,0.05,0,0,1
FINNIFTY12MAR2422500CE.NFO,2024-02-12,10:27:00,2024-03-12,0.05,0.05,0.05,0.05,0,0,1
FINNIFTY12MAR2422500CE.NFO,2024-02-12,10:28:00,2024-03-12,0.05,0.05,0.05,0.05,0,0,1
FINNIFTY12MAR2422500CE.NFO,2024-02-12,10:29:00,2024-03-12,0.05,0.05,0.05,0.05,0,0,1
FINNIFTY12MAR2422500CE.NFO,2024-02-12,10:30:00,2024-03-12,0.05,0.05,0.05,0.05,0,0,1
FINNIFTY12MAR2422500CE.NFO,2024-02-12,10:31:00,2024-03-12,0.05,0.05,0.05,0.05,0,0,1
FINNIFTY12MAR2422500CE.NFO,2024-02-12,10:32:00,2024-03-12,0.05,0.05,0.05,0.05,0,0,1
FINNIFTY12MAR2422500CE.NFO,2024-02-12,10:33:00,2024-03-12,0.05,0.05,0.05,0.05,0,0,1
FINNIFTY12MAR2422500CE.NFO,2024-02-12,10:34:00,2024-03-12,0.05,0.05,0.05,0.05,0,0,1
FINNIFTY12MAR2422500CE.NFO,2024-02-12,10:35:00,2024-03-12,0.05,0.05,0.05,0.05,0,0,1
FINNIFTY12MAR2422500CE.NFO,2024-02-12,10:36:00,2024-03-12,0.05,0.05,0.05,0.05,0,0,1
FINNIFTY12MAR2422500CE.NFO,2024-02-12,10:37:00,2024-03-12,0.05,0.05,0.05,0.05,0,0,1
FINNIFTY12MAR2422500CE.NFO,2024-02-12,10:38:00,2024-03-12,0.05,0.05,0.05,0.05,0,0,1
FINNIFTY12MAR2422500CE.NFO,2024-02-12,10:39:00,2024-03-12,0.05,0.05,0.05,0.05,0,0,1
FINNIFTY12MAR2422500CE.NFO,2024-02-12,10:40:00,2024-03-12,0.05,0.05,0.05,0.05,0,0,1
FINNIFTY12MAR2422500CE.NFO,2024-02-12,10:41:00,2024-03-12,0.05,0.05,0.05,0.05,0,0,1
FINNIFTY12MAR2422500CE.NFO,2024-02-12,10:42:00,2024-03-12,0.05,0.05,0.05,0.05,0,0,1
FINNIFTY12MAR2422500CE.NFO,2024-02-12,10:43:00,2024-03-12,0.05,0.05,0.05,0.05,0,0,1
FINNIFTY12MAR2422500CE.NFO,2024-02-12,10:44:00,2024-03-12,0.05,0.05,0.05,0.05,0,0,1
FINNIFTY12MAR2422500CE.NFO,2024-02-12,10:45:00,2024-03-12,0.05,0.05,0.05,0.05,0,0,1
FINNIFTY12MAR2422500CE.NFO,2024-02-12,10:46:00,2024-03-12,0.05,0.05,0.05,0.05,0,0,1
FINNIFTY12MAR2422500CE.NFO,2024-02-12,10:47:00,2024-03-12,0.05,0.05,0.05,0.05,0,0,1
FINNIFTY12MAR2422500CE.NFO,2024-02-12,10:48:00,2024-03-12,0.05,0.05,0.05,0.05,0,0,1
FINNIFTY12MAR2422500CE.NFO,2024-02-12,10:49:00,2024-03-12,0.05,0.05,0.05,0.05,0,0,1
FINNIFTY12MAR2422500CE.NFO,2024-02-12,10:50:00,2024-03-12,0.05,0.05,0.05,0.05,0,0,1
FINNIFTY12MAR2422500CE.NFO,2024-02-12,10:51:00,2024-03-12,0.05,0.05,0.05,0.05,0,0,1
FINNIFTY12MAR2422500CE.NFO,2024-02-12,10:52:00,2024-03-12,0.05,0.05,0.05,0.05,0,0,1
FINNIFTY12MAR2422500CE.NFO,2024-02-12,10:53:00,2024-03-12,0.05,0.05,0.05,0.05,0,0,1
FINNIFTY12MAR2422500CE.NFO,2024-02-12,10:54:00,2024-03-12,0.05,0.05,0.05,0.05,0,0,1
FINNIFTY12MAR2422500CE.NFO,2024-02-12,10:55:00,2024-03-12,0.05,0.05,0.05,0.05,0,0,1
FINNIFTY12MAR2422500CE.NFO,2024-02-12,10:56:00,2024-03-12,0.05,0.05,0.05,0.05,0,0,1
FINNIFTY12MAR2422500CE.NFO,2024-02-12,10:57:00,2024-03-12,0.05,0.05,0.05,0.05,0,0,1
FINNIFTY12MAR2422500CE.NFO,2024-02-12,10:58:00,2024-03-12,0.05,0.05,0.05,0.05,0,0,1
FINNIFTY12MAR2422500CE.NFO,2024-02-12,10:59:00,2024-03-12,0.05,0.05,0.05,0.05,0,0,1
FINNIFTY12MAR2422500CE.NFO,2024-02-12,11:00:00,2024-03-12,0.05,0.05,0.05,0.05,0,0,1
FINNIFTY12MAR2422500CE.NFO,2024-02-12,11:01:00,2024-03-12,0.05,0.05,0.05,0.05,0,0,1
FINNIFTY12MAR2422500CE.NFO,2024-02-12,11:02:00,2024-03-12,0.05,0.05,0.05,0.05,0,0,1
FINNIFTY12MAR2422500CE.NFO,2024-02-12,11:03:00,2024-03-12,0.05,0.05,0.05,0.05,0,0,1
FINNIFTY12MAR2422500CE.NFO,2024-02-12,11:04:00,2024-03-12,0.05,0.05,0.05,0.05,0,0,1
FINNIFTY12MAR2422500CE.NFO,2024-02-12,11:05:00,2024-03-12,0.05,0.05,0.05,0.05,0,0,1
FINNIFTY12MAR2422500CE.NFO,2024-02-12,11:06:00,2024-03-12,0.05,0.05,0.05,0.05,0,0,1
FINNIFTY12MAR2422500CE.NFO,2024-02-12,11:07:00,2024-03-12,0.05,0.05,0.05,0.05,0,0,1
FINNIFTY12MAR2422500CE.NFO,2024-02-12,11:08:00,2024-03-12,0.05,0.05,0.05,0.05,0,0,1
FINNIFTY12MAR2422500CE.NFO,2024-02-12,11:09:00,2024-03-12,0.05,0.05,0.05,0.05,0,0,1
FINNIFTY12MAR2422500CE.NFO,2024-02-12,11:10:00,2024-03-12,0.05,0.05,0.05,0.05,0,0,1
FINNIFTY12MAR2422500CE.NFO,2024-02-12,11:11:00,2024-03-12,0.05,0.05,0.05,0.05,0,0,1
FINNIFTY12MAR2422500CE.NFO,2024-02-12,11:12:00,2024-03-12,0.05,0.05,0.05,0.05,0,0,1
FINNIFTY12MAR2422500CE.NFO,2024-02-12,11:13:00,2024-03-12,0.05,0.05,0.05,0.05,0,0,1
FINNIFTY12MAR2422500CE.NFO,2024-02-12,11:14:00,2024-03-12,0.05,0.05,0.05,0.05,0,0,1
FINNIFTY12MAR2422500CE.NFO,2024-02-12,11:15:00,2024-03-12,0.05,0.05,0.05,0.05,0,0,1
FINNIFTY12MAR2422500CE.NFO,2024-02-12,11:16:00,2024-03-12,0.05,0.05,0.05,0.05,0,0,1
FINNIFTY12MAR2422500CE.NFO,2024-02-12,11:17:00,2024-03-12,0.05,0.05,0.05,0.05,0,0,1
FINNIFTY12MAR2422500CE.NFO,2024-02-12,11:18:00,2024-03-12,0.05,0.05,0.05,0.05,0,0,1
FINNIFTY12MAR2422500CE.NFO,2024-02-12,11:19:00,2024-03-12,0.05,0.05,0.05,0.05,0,0,1
FINNIFTY12MAR2422500CE.NFO,2024-02-12,11:20:00,2024-03-12,0.05,0.05,0.05,0.05,0,0,1
FINNIFTY12MAR2422500CE.NFO,2024-02-12,11:21:00,2024-03-12,0.05,0.05,0.05,0.05,0,0,1
FINNIFTY12MAR2422500CE.NFO,2024-02-12,11:22:00,2024-03-12,0.05,0.05,0.05,0.05,0,0,1
FINNIFTY12MAR2422500CE.NFO,2024-02-12,11:23:00,2024-03-12,0.05,0.05,0.05,0.05,0,0,1
FINNIFTY12MAR2422500CE.NFO,2024-02-12,11:24:00,2024-03-12,0.05,0.05,0.05,0.05,0,0,1
FINNIFTY12MAR2422500CE.NFO,2024-02-12,11:25:00,2024-03-12,0.05,0.05,0.05,0.05,0,0,1
FINNIFTY12MAR2422500CE.NFO,2024-02-12,11:26:00,2024-03-12,0.05,0.05,0.05,0.05,0,0,1
FINNIFTY12MAR2422500CE.NFO,2024-02-12,11:27:00,2024-03-12,0.05,0.05,0.05,0.05,0,0,1
FINNIFTY12MAR2422500CE.NFO,2024-02-12,11:28:00,2024-03-12,0.05,0.05,0.05,0.05,0,0,1
FINNIFTY12MAR2422500CE.NFO,2024-02-12,11:29:00,2024-03-12,0.05,0.05,0.05,0.05,0,0,1
FINNIFTY12MAR2422500CE.NFO,2024-02-12,11:30:00,2024-03-12,0.05,0.05,0.05,0.05,0,0,1
FINNIFTY12MAR2422500CE.NFO,2024-02-12,11:31:00,2024-03-12,0.05,0.05,0.05,0.05,0,0,1
FINNIFTY12MAR2422500CE.NFO,2024-02-12,11:32:00,2024-03-12,0.05,0.05,0.05,0.05,0,0,1
FINNIFTY12MAR2422500CE.NFO,2024-02-12,11:33:00,2024-03-12,0.05,0.05,0.05,0.05,0,0,1
FINNIFTY12MAR2422500CE.NFO,2024-02-12,11:34:00,2024-03-12,0.05,0.05,0.05,0.05,0,0,1
FINNIFTY12MAR2422500CE.NFO,2024-02-12,11:35:00,2024-03-12,0.05,0.05,0.05,0.05,0,0,1
FINNIFTY12MAR2422500CE.NFO,2024-02-12,11:36:00,2024-03-12,0.05,0.05,0.05,0.05,0,0,1
FINNIFTY12MAR2422500CE.NFO,2024-02-12,11:37:00,2024-03-12,0.05,0.05,0.05,0.05,0,0,1
FINNIFTY12MAR2422500CE.NFO,2024-02-12,11:38:00,2024-03-12,0.05,0.05,0.05,0.05,0,0,1
FINNIFTY12MAR2422500CE.NFO,2024-02-12,11:39:00,2024-03-12,0.05,0.05,0.05,0.05,0,0,1
FINNIFTY12MAR2422500CE.NFO,2024-02-12,11:40:00,2024-03-12,0.05,0.05,0.05,0.05,0,0,1
FINNIFTY12MAR2422500CE.NFO,2024-02-12,11:41:00,2024-03-12,0.05,0.05,0.05,0.05,0,0,1
FINNIFTY12MAR2422500CE.NFO,2024-02-12,11:42:00,2024-03-12,0.05,0.05,0.05,0.05,0,0,1
FINNIFTY12MAR2422500CE.NFO,2024-02-12,11:43:00,2024-03-12,0.05,0.05,0.05,0.05,0,0,1
FINNIFTY12MAR2422500CE.NFO,2024-02-12,11:44:00,2024-03-12,0.05,0.05,0.05,0.05,0,0,1
FINNIFTY12MAR2422500CE.NFO,2024-02-12,11:45:00,2024-03-12,0.05,0.05,0.05,0.05,0,0,1
FINNIFTY12MAR2422500CE.NFO,2024-02-12,11:46:00,2024-03-12,0.05,0.05,0.05,0.05,0,0,1
FINNIFTY12MAR2422500CE.NFO,2024-02-12,11:47:00,2024-03-12,0.05,0.05,0.05,0.05,0,0,1
FINNIFTY12MAR2422500CE.NFO,2024-02-12,11:48:00,2024-03-12,0.05,0.05,0.05,0.05,0,0,1
FINNIFTY12MAR2422500CE.NFO,2024-02-12,11:49:00,2024-03-12,0.05,0.05,0.05,0.05,0,0,1
FINNIFTY12MAR2422500CE.NFO,2024-02-12,11:50:00,2024-03-12,0.05,0.05,0.05,0.05,0,0,1
FINNIFTY12MAR2422500CE.NFO,2024-02-12,11:51:00,2024-03-12,0.05,0.05,0.05,0.05,0,0,1
FINNIFTY12MAR2422500CE.NFO,2024-02-12,11:52:00,2024-03-12,0.05,0.05,0.05,0.05,0,0,1
FINNIFTY12MAR2422500CE.NFO,2024-02-12,11:53:00,2024-03-12,0.05,0.05,0.05,0.05,0,0,1
FINNIFTY12MAR2422500CE.NFO,2024-02-12,11:54:00,2024-03-12,0.05,0.05,0.05,0.05,0,0,1
FINNIFTY12MAR2422500CE.NFO,2024-02-12,11:55:00,2024-03-12,0.05,0.05,0.05,0.05,0,0,1
FINNIFTY12MAR2422500CE.NFO,2024-02-12,11:56:00,2024-03-12,0.05,0.05,0.05,0.05,0,0,1
FINNIFTY12MAR2422500CE.NFO,2024-02-12,11:57:00,2024-03-12,0.05,0.05,0.05,0.05,0,0,1
FINNIFTY12MAR2422500CE.NFO,2024-02-12,11:58:00,2024-03-12,0.05,0.05,0.05,0.05,0,0,1
FINNIFTY12MAR2422500CE.NFO,2024-02-12,11:59:00,2024-03-12,0.05,0.05,0.05,0.05,0,0,1
FINNIFTY12MAR2422500CE.NFO,2024-02-12,12:00:00,2024-03-12,0.05,0.05,0.05,0.05,0,0,1
FINNIFTY12MAR2422500CE.NFO,2024-02-12,12:01:00,2024-03-12,0.05,0.05,0.05,0.05,0,0,1
FINNIFTY12MAR2422500CE.NFO,2024-02-12,12:02:00,2024-03-12,0.05,0.05,0.05,0.05,0,0,1
FINNIFTY12MAR2422500CE.NFO,2024-02-12,12:03:00,2024-03-12,0.05,0.05,0.05,0.05,0,0,1
FINNIFTY12MAR2422500CE.NFO,2024-02-12,12:04:00,2024-03-12,0.05,0.05,0.05,0.05,0,0,1
FINNIFTY12MAR2422500CE.NFO,2024-02-12,12:05:00,2024-03-12,0.05,0.05,0.05,0.05,0,0,1
FINNIFTY12MAR2422500CE.NFO,2024-02-12,12:06:00,2024-03-12,0.05,0.05,0.05,0.05,0,0,1
FINNIFTY12MAR2422500CE.NFO,2024-02-12,12:07:00,2024-03-12,0.05,0.05,0.05,0.05,0,0,1
FINNIFTY12MAR2422500CE.NFO,2024-02-12,12:08:00,2024-03-12,0.05,0.05,0.05,0.05,0,0,1
FINNIFTY12MAR2422500CE.NFO,2024-02-12,12:09:00,2024-03-12,0.05,0.05,0.05,0.05,0,0,1
FINNIFTY12MAR2422500CE.NFO,2024-02-12,12:10:00,2024-03-12,0.05,0.05,0.05,0.05,0,0,1
FINNIFTY12MAR2422500CE.NFO,2024-02-12,12:11:00,2024-03-12,0.05,0.05,0.05,0.05,0,0,1
FINNIFTY12MAR2422500CE.NFO,2024-02-12,12:12:00,2024-03-12,0.05,0.05,0.05,0.05,0,0,1
FINNIFTY12MAR2422500CE.NFO,2024-02-12,12:13:00,2024-03-12,0.05,0.05,0.05,0.05,0,0,1
FINNIFTY12MAR2422500CE.NFO,2024-02-12,12:14:00,2024-03-12,0.05,0.05,0.05,0.05,0,0,1
FINNIFTY12MAR2422500CE.NFO,2024-02-12,12:15:00,2024-03-12,0.05,0.05,0.05,0.05,0,0,1
FINNIFTY12MAR2422500CE.NFO,2024-02-12,12:16:00,2024-03-12,0.05,0.05,0.05,0.05,0,0,1
FINNIFTY12MAR2422500CE.NFO,2024-02-12,12:17:00,2024-03-12,0.05,0.05,0.05,0.05,0,0,1
FINNIFTY12MAR2422500CE.NFO,2024-02-12,12:18:00,2024-03-12,0.05,0.05,0.05,0.05,0,0,1
FINNIFTY12MAR2422500CE.NFO,2024-02-12,12:19:00,2024-03-12,0.05,0.05,0.05,0.05,0,0,1
FINNIFTY12MAR2422500CE.NFO,2024-02-12,12:20:00,2024-03-12,0.05,0.05,0.05,0.05,0,0,1
FINNIFTY12MAR2422500CE.NFO,2024-02-12,12:21:00,2024-03-12,0.05,0.05,0.05,0.05,0,0,1
FINNIFTY12MAR2422500CE.NFO,2024-02-12,12:22:00,2024-03-12,0.05,0.05,0.05,0.05,0,0,1
FINNIFTY12MAR2422500CE.NFO,2024-02-12,12:23:00,2024-03-12,0.05,0.05,0.05,0.05,0,0,1
FINNIFTY12MAR2422500CE.NFO,2024-02-12,12:24:00,2024-03-12,0.05,0.05,0.05,0.05,0,0,1
FINNIFTY12MAR2422500CE.NFO,2024-02-12,12:25:00,2024-03-12,0.05,0.05,0.05,0.05,0,0,1
FINNIFTY12MAR2422500CE.NFO,2024-02-12,12:26:00,2024-03-12,0.05,0.05,0.05,0.05,0,0,1
FINNIFTY12MAR2422500CE.NFO,2024-02-12,12:27:00,2024-03-12,0.05,0.05,0.05,0.05,0,0,1
FINNIFTY12MAR2422500CE.NFO,2024-02-12,12:28:00,2024-03-12,0.05,0.05,0.05,0.05,0,0,1
FINNIFTY12MAR2422500CE.NFO,2024-02-12,12:29:00,2024-03-12,0.05,0.05,0.05,0.05,0,0,1
FINNIFTY12MAR2422500CE.NFO,2024-02-12,12:30:00,2024-03-12,0.05,0.05,0.05,0.05,0,0,1
FINNIFTY12MAR2422500CE.NFO,2024-02-12,12:31:00,2024-03-12,0.05,0.05,0.05,0.05,0,0,1
FINNIFTY12MAR2422500CE.NFO,2024-02-12,12:32:00,2024-03-12,0.05,0.05,0.05,0.05,0,0,1
FINNIFTY12MAR2422500CE.NFO,2024-02-12,12:33:00,2024-03-12,0.05,0.05,0.05,0.05,0,0,1
FINNIFTY12MAR2422500CE.NFO,2024-02-12,12:34:00,2024-03-12,0.05,0.05,0.05,0.05,0,0,1
FINNIFTY12MAR2422500CE.NFO,2024-02-12,12:35:00,2024-03-12,0.05,0.05,0.05,0.05,0,0,1
FINNIFTY12MAR2422500CE.NFO,2024-02-12,12:36:00,2024-03-12,0.05,0.05,0.05,0.05,0,0,1
FINNIFTY12MAR2422500CE.NFO,2024-02-12,12:37:00,2024-03-12,0.05,0.05,0.05,0.05,0,0,1
FINNIFTY12MAR2422500CE.NFO,2024-02-12,12:38:00,2024-03-12,0.05,0.05,0.05,0.05,0,0,1
FINNIFTY12MAR2422500CE.NFO,2024-02-12,12:39:00,2024-03-12,0.05,0.05,0.05,0.05,0,0,1
FINNIFTY12MAR2422500CE.NFO,2024-02-12,12:40:00,2024-03-12,0.05,0.05,0.05,0.05,0,0,1
FINNIFTY12MAR2422500CE.NFO,2024-02-12,12:41:00,2024-03-12,0.05,0.05,0.05,0.05,0,0,1
FINNIFTY12MAR2422500CE.NFO,2024-02-12,12:42:00,2024-03-12,0.05,0.05,0.05,0.05,0,0,1
FINNIFTY12MAR2422500CE.NFO,2024-02-12,12:43:00,2024-03-12,0.05,0.05,0.05,0.05,0,0,1
FINNIFTY12MAR2422500CE.NFO,2024-02-12,12:44:00,2024-03-12,0.05,0.05,0.05,0.05,0,0,1
FINNIFTY12MAR2422500CE.NFO,2024-02-12,12:45:00,2024-03-12,0.05,0.05,0.05,0.05,0,0,1
FINNIFTY12MAR2422500CE.NFO,2024-02-12,12:46:00,2024-03-12,0.05,0.05,0.05,0.05,0,0,1
FINNIFTY12MAR2422500CE.NFO,2024-02-12,12:47:00,2024-03-12,0.05,0.05,0.05,0.05,0,0,1
FINNIFTY12MAR2422500CE.NFO,2024-02-12,12:48:00,2024-03-12,0.05,0.05,0.05,0.05,0,0,1
FINNIFTY12MAR2422500CE.NFO,2024-02-12,12:49:00,2024-03-12,0.05,0.05,0.05,0.05,0,0,1
FINNIFTY12MAR2422500CE.NFO,2024-02-12,12:50:00,2024-03-12,0.05,0.05,0.05,0.05,0,0,1
FINNIFTY12MAR2422500CE.NFO,2024-02-12,12:51:00,2024-03-12,0.05,0.05,0.05,0.05,0,0,1
FINNIFTY12MAR2422500CE.NFO,2024-02-12,12:52:00,2024-03-12,0.05,0.05,0.05,0.05,0,0,1
FINNIFTY12MAR2422500CE.NFO,2024-02-12,12:53:00,2024-03-12,0.05,0.05,0.05,0.05,0,0,1
FINNIFTY12MAR2422500CE.NFO,2024-02-12,12:54:00,2024-03-12,0.05,0.05,0.05,0.05,0,0,1
FINNIFTY12MAR2422500CE.NFO,2024-02-12,12:55:00,2024-03-12,0.05,0.05,0.05,0.05,0,0,1
FINNIFTY12MAR2422500CE.NFO,2024-02-12,12:56:00,2024-03-12,0.05,0.05,0.05,0.05,0,0,1
FINNIFTY12MAR2422500CE.NFO,2024-02-12,12:57:00,2024-03-12,0.05,0.05,0.05,0.05,0,0,1
FINNIFTY12MAR2422500CE.NFO,2024-02-12,12:58:00,2024-03-12,0.05,0.05,0.05,0.05,0,0,1
FINNIFTY12MAR2422500CE.NFO,2024-02-12,12:59:00,2024-03-12,0.05,0.05,0.05,0.05,0,0,1
FINNIFTY12MAR2422500CE.NFO,2024-02-12,13:00:00,2024-03-12,0.05,0.05,0.05,0.05,0,0,1
FINNIFTY12MAR2422500CE.NFO,2024-02-12,13:01:00,2024-03-12,0.05,0.05,0.05,0.05,0,0,1
FINNIFTY12MAR2422500CE.NFO,2024-02-12,13:02:00,2024-03-12,0.05,0.05,0.05,0.05,0,0,1
FINNIFTY12MAR2422500CE.NFO,2024-02-12,13:03:00,2024-03-12,0.05,0.05,0.05,0.05,0,0,1
FINNIFTY12MAR2422500CE.NFO,2024-02-12,13:04:00,2024-03-12,0.05,0.05,0.05,0.05,0,0,1
FINNIFTY12MAR2422500CE.NFO,2024-02-12,13:05:00,2024-03-12,0.05,0.05,0.05,0.05,0,0,1
FINNIFTY12MAR2422500CE.NFO,2024-02-12,13:06:00,2024-03-12,0.05,0.05,0.05,0.05,0,0,1
FINNIFTY12MAR2422500CE.NFO,2024-02-12,13:07:00,2024-03-12,0.05,0.05,0.05,0.05,0,0,1
FINNIFTY12MAR2422500CE.NFO,2024-02-12,13:08:00,2024-03-12,0.05,0.05,0.05,0.05,0,0,1
FINNIFTY12MAR2422500CE.NFO,2024-02-12,13:09:00,2024-03-12,0.05,0.05,0.05,0.05,0,0,1
FINNIFTY12MAR2422500CE.NFO,2024-02-12,13:10:00,2024-03-12,0.05,0.05,0.05,0.05,0,0,1
FINNIFTY12MAR2422500CE.NFO,2024-02-12,13:11:00,2024-03-12,0.05,0.05,0.05,0.05,0,0,1
FINNIFTY12MAR2422500CE.NFO,2024-02-12,13:12:00,2024-03-12,0.05,0.05,0.05,0.05,0,0,1
FINNIFTY12MAR2422500CE.NFO,2024-02-12,13:13:00,2024-03-12,0.05,0.05,0.05,0.05,0,0,1
FINNIFTY12MAR2422500CE.NFO,2024-02-12,13:14:00,2024-03-12,0.05,0.05,0.05,0.05,0,0,1
FINNIFTY12MAR2422500CE.NFO,2024-02-12,13:15:00,2024-03-12,0.05,0.05,0.05,0.05,0,0,1
FINNIFTY12MAR2422500CE.NFO,2024-02-12,13:16:00,2024-03-12,0.05,0.05,0.05,0.05,0,0,1
FINNIFTY12MAR2422500CE.NFO,2024-02-12,13:17:00,2024-03-12,0.05,0.05,0.05,0.05,0,0,1
FINNIFTY12MAR2422500CE.NFO,2024-02-12,13:18:00,2024-03-12,0.05,0.05,0.05,0.05,0,0,1
FINNIFTY12MAR2422500CE.NFO,2024-02-12,13:19:00,2024-03-12,0.05,0.05,0.05,0.05,0,0,1
FINNIFTY12MAR2422500CE.NFO,2024-02-12,13:20:00,2024-03-12,0.05,0.05,0.05,0.05,0,0,1
FINNIFTY12MAR2422500CE.NFO,2024-02-12,13:21:00,2024-03-12,0.05,0.05,0.05,0.05,0,0,1
FINNIFTY12MAR2422500CE.NFO,2024-02-12,13:22:00,2024-03-12,0.05,0.05,0.05,0.05,0,0,1
FINNIFTY12MAR2422500CE.NFO,2024-02-12,13:23:00,2024-03-12,0.05,0.05,0.05,0.05,0,0,1
FINNIFTY12MAR2422500CE.NFO,2024-02-12,13:24:00,2024-03-12,0.05,0.05,0.05,0.05,0,0,1
FINNIFTY12MAR2422500CE.NFO,2024-02-12,13:25:00,2024-03-12,0.05,0.05,0.05,0.05,0,0,1
FINNIFTY12MAR2422500CE.NFO,2024-02-12,13:26:00,2024-03-12,0.05,0.05,0.05,0.05,0,0,1
FINNIFTY12MAR2422500CE.NFO,2024-02-12,13:27:00,2024-03-12,0.05,0.05,0.05,0.05,0,0,1
FINNIFTY12MAR2422500CE.NFO,2024-02-12,13:28:00,2024-03-12,0.05,0.05,0.05,0.05,0,0,1
FINNIFTY12MAR2422500CE.NFO,2024-02-12,13:29:00,2024-03-12,0.05,0.05,0.05,0.05,0,0,1
FINNIFTY12MAR2422500CE.NFO,2024-02-12,13:30:00,2024-03-12,0.05,0.05,0.05,0.05,0,0,1
FINNIFTY12MAR2422500CE.NFO,2024-02-12,13:31:00,2024-03-12,0.05,0.05,0.05,0.05,0,0,1
FINNIFTY12MAR2422500CE.NFO,2024-02-12,13:32:00,2024-03-12,0.05,0.05,0.05,0.05,0,0,1
FINNIFTY12MAR2422500CE.NFO,2024-02-12,13:33:00,2024-03-12,0.05,0.05,0.05,0.05,0,0,1
FINNIFTY12MAR2422500CE.NFO,2024-02-12,13:34:00,2024-03-12,0.05,0.05,0.05,0.05,0,0,1
FINNIFTY12MAR2422500CE.NFO,2024-02-12,13:35:00,2024-03-12,0.05,0.05,0.05,0.05,0,0,1
FINNIFTY12MAR2422500CE.NFO,2024-02-12,13:36:00,2024-03-12,0.05,0.05,0.05,0.05,0,0,1
FINNIFTY12MAR2422500CE.NFO,2024-02-12,13:37:00,2024-03-12,0.05,0.05,0.05,0.05,0,0,1
FINNIFTY12MAR2422500CE.NFO,2024-02-12,13:38:00,2024-03-12,0.05,0.05,0.05,0.05,0,0,1
FINNIFTY12MAR2422500CE.NFO,2024-02-12,13:39:00,2024-03-12,0.05,0.05,0.05,0.05,0,0,1
FINNIFTY12MAR2422500CE.NFO,2024-02-12,13:40:00,2024-03-12,0.05,0.05,0.05,0.05,0,0,1
FINNIFTY12MAR2422500CE.NFO,2024-02-12,13:41:00,2024-03-12,0.05,0.05,0.05,0.05,0,0,1
FINNIFTY12MAR2422500CE.NFO,2024-02-12,13:42:00,2024-03-12,0.05,0.05,0.05,0.05,0,0,1
FINNIFTY12MAR2422500CE.NFO,2024-02-12,13:43:00,2024-03-12,0.05,0.05,0.05,0.05,0,0,1
FINNIFTY12MAR2422500CE.NFO,2024-02-12,13:44:00,2024-03-12,0.05,0.05,0.05,0.05,0,0,1
FINNIFTY12MAR2422500CE.NFO,2024-02-12,13:45:00,2024-03-12,0.05,0.05,0.05,0.05,0,0,1
FINNIFTY12MAR2422500CE.NFO,2024-02-12,13:46:00,2024-03-12,0.05,0.05,0.05,0.05,0,0,1
FINNIFTY12MAR2422500CE.NFO,2024-02-12,13:47:00,2024-03-12,0.05,0.05,0.05,0.05,0,0,1
FINNIFTY12MAR2422500CE.NFO,2024-02-12,13:48:00,2024-03-12,0.05,0.05,0.05,0.05,0,0,1
FINNIFTY12MAR2422500CE.NFO,2024-02-12,13:49:00,2024-03-12,0.05,0.05,0.05,0.05,0,0,1
FINNIFTY12MAR2422500CE.NFO,2024-02-12,13:50:00,2024-03-12,0.05,0.05,0.05,0.05,0,0,1
FINNIFTY12MAR2422500CE.NFO,2024-02-12,13:51:00,2024-03-12,0.05,0.05,0.05,0.05,0,0,1
FINNIFTY12MAR2422500CE.NFO,2024-02-12,13:52:00,2024-03-12,0.05,0.05,0.05,0.05,0,0,1
FINNIFTY12MAR2422500CE.NFO,2024-02-12,13:53:00,2024-03-12,0.05,0.05,0.05,0.05,0,0,1
FINNIFTY12MAR2422500CE.NFO,2024-02-12,13:54:00,2024-03-12,0.05,0.05,0.05,0.05,0,0,1
FINNIFTY12MAR2422500CE.NFO,2024-02-12,13:55:00,2024-03-12,0.05,0.05,0.05,0.05,0,0,1
FINNIFTY12MAR2422500CE.NFO,2024-02-12,13:56:00,2024-03-12,0.05,0.05,0.05,0.05,0,0,1
FINNIFTY12MAR2422500CE.NFO,2024-02-12,13:57:00,2024-03-12,0.05,0.05,0.05,0.05,0,0,1
FINNIFTY12MAR2422500CE.NFO,2024-02-12,13:58:00,2024-03-12,0.05,0.05,0.05,0.05,0,0,1
FINNIFTY12MAR2422500CE.NFO,2024-02-12,13:59:00,2024-03-12,0.05,0.05,0.05,0.05,0,0,1
FINNIFTY12MAR2422500CE.NFO,2024-02-12,14:00:00,2024-03-12,0.05,0.05,0.05,0.05,0,0,1
FINNIFTY12MAR2422500CE.NFO,2024-02-12,14:01:00,2024-03-12,0.05,0.05,0.05,0.05,0,0,1
FINNIFTY12MAR2422500CE.NFO,2024-02-12,14:02:00,2024-03-12,0.05,0.05,0.05,0.05,0,0,1
FINNIFTY12MAR2422500CE.NFO,2024-02-12,14:03:00,2024-03-12,0.05,0.05,0.05,0.05,0,0,1
FINNIFTY12MAR2422500CE.NFO,2024-02-12,14:04:00,2024-03-12,0.05,0.05,0.05,0.05,0,0,1
FINNIFTY12MAR2422500CE.NFO,2024-02-12,14:05:00,2024-03-12,0.05,0.05,0.05,0.05,0,0,1
FINNIFTY12MAR2422500CE.NFO,2024-02-12,14:06:00,2024-03-12,0.05,0.05,0.05,0.05,0,0,1
FINNIFTY12MAR2422500CE.NFO,2024-02-12,14:07:00,2024-03-12,0.05,0.05,0.05,0.05,0,0,1
FINNIFTY12MAR2422500CE.NFO,2024-02-12,14:08:00,2024-03-12,0.05,0.05,0.05,0.05,0,0,1
FINNIFTY12MAR2422500CE.NFO,2024-02-12,14:09:00,2024-03-12,0.05,0.05,0.05,0.05,0,0,1
FINNIFTY12MAR2422500CE.NFO,2024-02-12,14:10:00,2024-03-12,0.05,0.05,0.05,0.05,0,0,1
FINNIFTY12MAR2422500CE.NFO,2024-02-12,14:11:00,2024-03-12,0.05,0.05,0.05,0.05,0,0,1
FINNIFTY12MAR2422500CE.NFO,2024-02-12,14:12:00,2024-03-12,0.05,0.05,0.05,0.05,0,0,1
FINNIFTY12MAR2422500CE.NFO,2024-02-12,14:13:00,2024-03-12,0.05,0.05,0.05,0.05,0,0,1
FINNIFTY12MAR2422500CE.NFO,2024-02-12,14:14:00,2024-03-12,0.05,0.05,0.05,0.05,0,0,1
FINNIFTY12MAR2422500CE.NFO,2024-02-12,14:15:00,2024-03-12,0.05,0.05,0.05,0.05,0,0,1
FINNIFTY12MAR2422500CE.NFO,2024-02-12,14:16:00,2024-03-12,0.05,0.05,0.05,0.05,0,0,1
FINNIFTY12MAR2422500CE.NFO,2024-02-12,14:17:00,2024-03-12,0.05,0.05,0.05,0.05,0,0,1
FINNIFTY12MAR2422500CE.NFO,2024-02-12,14:18:00,2024-03-12,0.05,0.05,0.05,0.05,0,0,1
FINNIFTY12MAR2422500CE.NFO,2024-02-12,14:19:00,2024-03-12,0.05,0.05,0.05,0.05,0,0,1
FINNIFTY12MAR2422500CE.NFO,2024-02-12,14:20:00,2024-03-12,0.05,0.05,0.05,0.05,0,0,1
FINNIFTY12MAR2422500CE.NFO,2024-02-12,14:21:00,2024-03-12,0.05,0.05,0.05,0.05,0,0,1
FINNIFTY12MAR2422500CE.NFO,2024-02-12,14:22:00,2024-03-12,0.05,0.05,0.05,0.05,0,0,1
FINNIFTY12MAR2422500CE.NFO,2024-02-12,14:23:00,2024-03-12,0.05,0.05,0.05,0.05,0,0,1
FINNIFTY12MAR2422500CE.NFO,2024-02-12,14:24:00,2024-03-12,0.05,0.05,0.05,0.05,0,0,1
FINNIFTY12MAR2422500CE.NFO,2024-02-12,14:25:00,2024-03-12,0.05,0.05,0.05,0.05,0,0,1
FINNIFTY12MAR2422500CE.NFO,2024-02-12,14:26:00,2024-03-12,0.05,0.05,0.05,0.05,0,0,1
FINNIFTY12MAR2422500CE.NFO,2024-02-12,14:27:00,2024-03-12,0.05,0.05,0.05,0.05,0,0,1
FINNIFTY12MAR2422500CE.NFO,2024-02-12,14:28:00,2024-03-12,0.05,0.05,0.05,0.05,0,0,1
FINNIFTY12MAR2422500CE.NFO,2024-02-12,14:29:00,2024-03-12,0.05,0.05,0.05,0.05,0,0,1
FINNIFTY12MAR2422500CE.NFO,2024-02-12,14:30:00,2024-03-12,0.05,0.05,0.05,0.05,0,0,1
FINNIFTY12MAR2422500CE.NFO,2024-02-12,14:31:00,2024-03-12,0.05,0.05,0.05,0.05,0,0,1
FINNIFTY12MAR2422500CE.NFO,2024-02-12,14:32:00,2024-03-12,0.05,0.05,0.05,0.05,0,0,1
FINNIFTY12MAR2422500CE.NFO,2024-02-12,14:33:00,2024-03-12,0.05,0.05,0.05,0.05,0,0,1
FINNIFTY12MAR2422500CE.NFO,2024-02-12,14:34:00,2024-03-12,0.05,0.05,0.05,0.05,0,0,1
FINNIFTY12MAR2422500CE.NFO,2024-02-12,14:35:00,2024-03-12,0.05,0.05,0.05,0.05,0,0,1
FINNIFTY12MAR2422500CE.NFO,2024-02-12,14:36:00,2024-03-12,0.05,0.05,0.05,0.05,0,0,1
FINNIFTY12MAR2422500CE.NFO,2024-02-12,14:37:00,2024-03-12,0.05,0.05,0.05,0.05,0,0,1
FINNIFTY12MAR2422500CE.NFO,2024-02-12,14:38:00,2024-03-12,0.05,0.05,0.05,0.05,0,0,1
FINNIFTY12MAR2422500CE.NFO,2024-02-12,14:39:00,2024-03-12,0.05,0.05,0.05,0.05,0,0,1
FINNIFTY12MAR2422500CE.NFO,2024-02-12,14:40:00,2024-03-12,0.05,0.05,0.05,0.05,0,0,1
FINNIFTY12MAR2422500CE.NFO,2024-02-12,14:41:00,2024-03-12,0.05,0.05,0.05,0.05,0,0,1
FINNIFTY12MAR2422500CE.NFO,2024-02-12,14:42:00,2024-03-12,0.05,0.05,0.05,0.05,0,0,1
FINNIFTY12MAR2422500CE.NFO,2024-02-12,14:43:00,2024-03-12,0.05,0.05,0.05,0.05,0,0,1
FINNIFTY12MAR2422500CE.NFO,2024-02-12,14:44:00,2024-03-12,0.05,0.05,0.05,0.05,0,0,1
FINNIFTY12MAR2422500CE.NFO,2024-02-12,14:45:00,2024-03-12,0.05,0.05,0.05,0.05,0,0,1
FINNIFTY12MAR2422500CE.NFO,2024-02-12,14:46:00,2024-03-12,0.05,0.05,0.05,0.05,0,0,1
FINNIFTY12MAR2422500CE.NFO,2024-02-12,14:47:00,2024-03-12,0.05,0.05,0.05,0.05,0,0,1
FINNIFTY12MAR2422500CE.NFO,2024-02-12,14:48:00,2024-03-12,0.05,0.05,0.05,0.05,0,0,1
FINNIFTY12MAR2422500CE.NFO,2024-02-12,14:49:00,2024-03-12,0.05,0.05,0.05,0.05,0,0,1
FINNIFTY12MAR2422500CE.NFO,2024-02-12,14:50:00,2024-03-12,0.05,0.05,0.05,0.05,0,0,1
FINNIFTY12MAR2422500CE.NFO,2024-02-12,14:51:00,2024-03-12,0.05,0.05,0.05,0.05,0,0,1
FINNIFTY12MAR2422500CE.NFO,2024-02-12,14:52:00,2024-03-12,0.05,0.05,0.05,0.05,0,0,1
FINNIFTY12MAR2422500CE.NFO,2024-02-12,14:53:00,2024-03-12,0.05,0.05,0.05,0.05,0,0,1
FINNIFTY12MAR2422500CE.NFO,2024-02-12,14:54:00,2024-03-12,0.05,0.05,0.05,0.05,0,0,1
FINNIFTY12MAR2422500CE.NFO,2024-02-12,14:55:00,2024-03-12,0.05,0.05,0.05,0.05,0,0,1
FINNIFTY12MAR2422500CE.NFO,2024-02-12,14:56:00,2024-03-12,0.05,0.05,0.05,0.05,0,0,1
FINNIFTY12MAR2422500CE.NFO,2024-02-12,14:57:00,2024-03-12,0.05,0.05,0.05,0.05,0,0,1
FINNIFTY12MAR2422500CE.NFO,2024-02-12,14:58:00,2024-03-12,0.05,0.05,0.05,0.05,0,0,1
FINNIFTY12MAR2422500CE.NFO,2024-02-12,14:59:00,2024-03-12,0.05,0.05,0.05,0.05,0,0,1
FINNIFTY12MAR2422500CE.NFO,2024-02-12,15:00:00,2024-03-12,0.05,0.05,0.05,0.05,0,0,1
FINNIFTY12MAR2422500CE.NFO,2024-02-12,15:01:00,2024-03-12,0.05,0.05,0.05,0.05,0,0,1
FINNIFTY12MAR2422500CE.NFO,2024-02-12,15:02:00,2024-03-12,0.05,0.05,0.05,0.05,0,0,1
FINNIFTY12MAR2422500CE.NFO,2024-02-12,15:03:00,2024-03-12,0.05,0.05,0.05,0.05,0,0,1
FINNIFTY12MAR2422500CE.NFO,2024-02-12,15:04:00,2024-03-12,0.05,0.05,0.05,0.05,0,0,1
FINNIFTY12MAR2422500CE.NFO,2024-02-12,15:05:00,2024-03-12,0.05,0.05,0.05,0.05,0,0,1
FINNIFTY12MAR2422500CE.NFO,2024-02-12,15:06:00,2024-03-12,0.05,0.05,0.05,0.05,0,0,1
FINNIFTY12MAR2422500CE.NFO,2024-02-12,15:07:00,2024-03-12,0.05,0.05,0.05,0.05,0,0,1
FINNIFTY12MAR2422500CE.NFO,2024-02-12,15:08:00,2024-03-12,0.05,0.05,0.05,0.05,0,0,1
FINNIFTY12MAR2422500CE.NFO,2024-02-12,15:09:00,2024-03-12,0.05,0.05,0.05,0.05,0,0,1
FINNIFTY12MAR2422500CE.NFO,2024-02-12,15:10:00,2024-03-12,0.05,0.05,0.05,0.05,0,0,1
FINNIFTY12MAR2422500CE.NFO,2024-02-12,15:11:00,2024-03-12,0.05,0.05,0.05,0.05,0,0,1
FINNIFTY12MAR2422500CE.NFO,2024-02-12,15:12:00,2024-03-12,0.05,0.05,0.05,0.05,0,0,1
FINNIFTY12MAR2422500CE.NFO,2024-02-12,15:13:00,2024-03-12,0.05,0.05,0.05,0.05,0,0,1
FINNIFTY12MAR2422500CE.NFO,2024-02-12,15:14:00,2024-03-12,0.05,0.05,0.05,0.05,0,0,1
FINNIFTY12MAR2422500CE.NFO,2024-02-12,15:15:00,2024-03-12,0.05,0.05,0.05,0.05,0,0,1
FINNIFTY12MAR2422500CE.NFO,2024-02-12,15:16:00,2024-03-12,0.05,0.05,0.05,0.05,0,0,1
FINNIFTY12MAR2422500CE.NFO,2024-02-12,15:17:00,2024-03-12,0.05,0.05,0.05,0.05,0,0,1
FINNIFTY12MAR2422500CE.NFO,2024-02-12,15:18:00,2024-03-12,0.05,0.05,0.05,0.05,0,0,1
FINNIFTY12MAR2422500CE.NFO,2024-02-12,15:19:00,2024-03-12,0.05,0.05,0.05,0.05,0,0,1
FINNIFTY12MAR2422500CE.NFO,2024-02-12,15:20:00,2024-03-12,0.05,0.05,0.05,0.05,0,0,1
FINNIFTY12MAR2422500CE.NFO,2024-02-12,15:21:00,2024-03-12,0.05,0.05,0.05,0.05,0,0,1
FINNIFTY12MAR2422500CE.NFO,2024-02-12,15:22:00,2024-03-12,0.05,0.05,0.05,0.05,0,0,1
FINNIFTY12MAR2422500CE.NFO,2024-02-12,15:23:00,2024-03-12,0.05,0.05,0.05,0.05,0,0,1
FINNIFTY12MAR2422500CE.NFO,2024-02-12,15:24:00,2024-03-12,0.05,0.05,0.05,0.05,0,0,1
FINNIFTY12MAR2422500CE.NFO,2024-02-12,15:25:00,2024-03-12,0.05,0.05,0.05,0.05,0,0,1
FINNIFTY12MAR2422500CE.NFO,2024-02-12,15:26:00,2024-03-12,0.05,0.05,0.05,0.05,0,0,1
FINNIFTY12MAR2422500CE.NFO,2024-02-12,15:27:00,2024-03-12,0.05,0.05,0.05,0.05,0,0,1
FINNIFTY12MAR2422500CE.NFO,2024-02-12,15:28:00,2024-03-12,0.05,0.05,0.05,0.05,0,0,1
FINNIFTY12MAR2422500CE.NFO,2024-02-12,15:29:00,2024-03-12,0.05,0.05,0.05,0.05,0,0,1
FINNIFTY12MAR2422500CE.NFO,2024-02-12,15:30:00,2024-03-12,0.05,0.05,0.05,0.05,0,0,1
FINNIFTY12MAR2422500CE.NFO,2024-03-04,09:15:00,2024-03-12,2.7,2.7,2.7,2.7,40,0,1
FINNIFTY12MAR2422500CE.NFO,2024-03-04,09:16:00,2024-03-12,2.7,2.7,2.7,2.7,40,0,1
FINNIFTY12MAR2422500CE.NFO,2024-03-04,09:17:00,2024-03-12,2.7,2.7,2.7,2.7,40,0,1
FINNIFTY12MAR2422500CE.NFO,2024-03-04,09:18:00,2024-03-12,2.7,2.7,2.7,2.7,40,0,1
FINNIFTY12MAR2422500CE.NFO,2024-03-04,09:19:00,2024-03-12,2.7,2.7,2.7,2.7,40,0,1
FINNIFTY12MAR2422500CE.NFO,2024-03-04,09:20:00,2024-03-12,2.7,2.7,2.7,2.7,40,0,1
FINNIFTY12MAR2422500CE.NFO,2024-03-04,09:21:00,2024-03-12,2.7,2.7,2.7,2.7,40,0,1
FINNIFTY12MAR2422500CE.NFO,2024-03-04,09:22:00,2024-03-12,2.7,2.7,2.7,2.7,40,0,1
FINNIFTY12MAR2422500CE.NFO,2024-03-04,09:23:00,2024-03-12,2.7,2.7,2.7,2.7,40,0,1
FINNIFTY12MAR2422500CE.NFO,2024-03-04,09:24:00,2024-03-12,2.7,2.7,2.7,2.7,40,0,1
FINNIFTY12MAR2422500CE.NFO,2024-03-04,09:25:00,2024-03-12,2.7,2.7,2.7,2.7,40,0,1
FINNIFTY12MAR2422500CE.NFO,2024-03-04,09:26:00,2024-03-12,2.7,2.7,2.7,2.7,40,0,1
FINNIFTY12MAR2422500CE.NFO,2024-03-04,09:27:00,2024-03-12,2.7,2.7,2.7,2.7,40,0,1
FINNIFTY12MAR2422500CE.NFO,2024-03-04,09:28:00,2024-03-12,2.7,2.7,2.7,2.7,40,0,1
FINNIFTY12MAR2422500CE.NFO,2024-03-04,09:29:00,2024-03-12,2.7,2.7,2.7,2.7,40,0,1
FINNIFTY12MAR2422500CE.NFO,2024-03-04,09:30:00,2024-03-12,2.7,2.7,2.7,2.7,40,0,1
FINNIFTY12MAR2422500CE.NFO,2024-03-04,09:31:00,2024-03-12,2.7,2.7,2.7,2.7,40,0,1
FINNIFTY12MAR2422500CE.NFO,2024-03-04,09:32:00,2024-03-12,2.7,2.7,2.7,2.7,40,0,1
FINNIFTY12MAR2422500CE.NFO,2024-03-04,09:33:00,2024-03-12,2.7,2.7,2.7,2.7,40,0,1
FINNIFTY12MAR2422500CE.NFO,2024-03-04,09:34:00,2024-03-12,2.7,2.7,2.7,2.7,40,0,1
FINNIFTY12MAR2422500CE.NFO,2024-03-04,09:35:00,2024-03-12,2.7,2.7,2.7,2.7,40,0,1
FINNIFTY12MAR2422500CE.NFO,2024-03-04,09:36:00,2024-03-12,2.7,2.7,2.7,2.7,40,0,1
FINNIFTY12MAR2422500CE.NFO,2024-03-04,09:37:00,2024-03-12,2.7,2.7,2.7,2.7,40,0,1
FINNIFTY12MAR2422500CE.NFO,2024-03-04,09:38:00,2024-03-12,2.7,2.7,2.7,2.7,40,0,1
FINNIFTY12MAR2422500CE.NFO,2024-03-04,09:39:00,2024-03-12,2.7,2.7,2.7,2.7,40,0,1
FINNIFTY12MAR2422500CE.NFO,2024-03-04,09:40:00,2024-03-12,2.7,2.7,2.7,2.7,40,0,1
FINNIFTY12MAR2422500CE.NFO,2024-03-04,09:41:00,2024-03-12,2.7,2.7,2.7,2.7,40,0,1
FINNIFTY12MAR2422500CE.NFO,2024-03-04,09:42:00,2024-03-12,2.7,2.7,2.7,2.7,40,0,1
FINNIFTY12MAR2422500CE.NFO,2024-03-04,09:43:00,2024-03-12,2.7,2.7,2.7,2.7,40,0,1
FINNIFTY12MAR2422500CE.NFO,2024-03-04,09:44:00,2024-03-12,2.7,2.7,2.7,2.7,40,0,1
FINNIFTY12MAR2422500CE.NFO,2024-03-04,09:45:00,2024-03-12,2.7,2.7,2.7,2.7,40,0,1
FINNIFTY12MAR2422500CE.NFO,2024-03-04,09:46:00,2024-03-12,2.7,2.7,2.7,2.7,40,0,1
FINNIFTY12MAR2422500CE.NFO,2024-03-04,09:47:00,2024-03-12,2.7,2.7,2.7,2.7,40,0,1
FINNIFTY12MAR2422500CE.NFO,2024-03-04,09:48:00,2024-03-12,2.7,2.7,2.7,2.7,40,0,1
FINNIFTY12MAR2422500CE.NFO,2024-03-04,09:49:00,2024-03-12,2.7,2.7,2.7,2.7,40,0,1
FINNIFTY12MAR2422500CE.NFO,2024-03-04,09:50:00,2024-03-12,2.7,2.7,2.7,2.7,40,0,1
FINNIFTY12MAR2422500CE.NFO,2024-03-04,09:51:00,2024-03-12,2.7,2.7,2.7,2.7,40,0,1
FINNIFTY12MAR2422500CE.NFO,2024-03-04,09:52:00,2024-03-12,2.7,2.7,2.7,2.7,40,0,1
FINNIFTY12MAR2422500CE.NFO,2024-03-04,09:53:00,2024-03-12,2.7,2.7,2.7,2.7,40,0,1
FINNIFTY12MAR2422500CE.NFO,2024-03-04,09:54:00,2024-03-12,2.7,2.7,2.7,2.7,40,0,1
FINNIFTY12MAR2422500CE.NFO,2024-03-04,09:55:00,2024-03-12,2.7,2.7,2.7,2.7,40,0,1
FINNIFTY12MAR2422500CE.NFO,2024-03-04,09:56:00,2024-03-12,2.7,2.7,2.7,2.7,40,0,1
FINNIFTY12MAR2422500CE.NFO,2024-03-04,09:57:00,2024-03-12,2.7,2.7,2.7,2.7,40,0,1
FINNIFTY12MAR2422500CE.NFO,2024-03-04,09:58:00,2024-03-12,2.7,2.7,2.7,2.7,40,0,1
FINNIFTY12MAR2422500CE.NFO,2024-03-04,09:59:00,2024-03-12,2.7,2.7,2.7,2.7,40,0,1
FINNIFTY12MAR2422500CE.NFO,2024-03-04,10:00:00,2024-03-12,2.7,2.7,2.7,2.7,40,0,1
FINNIFTY12MAR2422500CE.NFO,2024-03-04,10:01:00,2024-03-12,2.7,2.7,2.7,2.7,40,0,1
FINNIFTY12MAR2422500CE.NFO,2024-03-04,10:02:00,2024-03-12,2.7,2.7,2.7,2.7,40,0,1
FINNIFTY12MAR2422500CE.NFO,2024-03-04,10:03:00,2024-03-12,2.7,2.7,2.7,2.7,40,0,1
FINNIFTY12MAR2422500CE.NFO,2024-03-04,10:04:00,2024-03-12,2.7,2.7,2.7,2.7,40,0,1
FINNIFTY12MAR2422500CE.NFO,2024-03-04,10:05:00,2024-03-12,2.7,2.7,2.7,2.7,40,0,1
FINNIFTY12MAR2422500CE.NFO,2024-03-04,10:06:00,2024-03-12,2.7,2.7,2.7,2.7,40,0,1
FINNIFTY12MAR2422500CE.NFO,2024-03-04,10:07:00,2024-03-12,2.7,2.7,2.7,2.7,40,0,1
FINNIFTY12MAR2422500CE.NFO,2024-03-04,10:08:00,2024-03-12,2.7,2.7,2.7,2.7,40,0,1
FINNIFTY12MAR2422500CE.NFO,2024-03-04,10:09:00,2024-03-12,2.7,2.7,2.7,2.7,40,0,1
FINNIFTY12MAR2422500CE.NFO,2024-03-04,10:10:00,2024-03-12,2.7,2.7,2.7,2.7,40,0,1
FINNIFTY12MAR2422500CE.NFO,2024-03-04,10:11:00,2024-03-12,2.7,2.7,2.7,2.7,40,0,1
FINNIFTY12MAR2422500CE.NFO,2024-03-04,10:12:00,2024-03-12,2.7,2.7,2.7,2.7,40,0,1
FINNIFTY12MAR2422500CE.NFO,2024-03-04,10:13:00,2024-03-12,2.7,2.7,2.7,2.7,40,0,1
FINNIFTY12MAR2422500CE.NFO,2024-03-04,10:14:00,2024-03-12,2.7,2.7,2.7,2.7,40,0,1
FINNIFTY12MAR2422500CE.NFO,2024-03-04,10:15:00,2024-03-12,2.7,2.7,2.7,2.7,40,0,1
FINNIFTY12MAR2422500CE.NFO,2024-03-04,10:16:00,2024-03-12,2.7,2.7,2.7,2.7,40,0,1
FINNIFTY12MAR2422500CE.NFO,2024-03-04,10:17:00,2024-03-12,2.7,2.7,2.7,2.7,40,0,1
FINNIFTY12MAR2422500CE.NFO,2024-03-04,10:18:00,2024-03-12,2.7,2.7,2.7,2.7,40,0,1
FINNIFTY12MAR2422500CE.NFO,2024-03-04,10:19:00,2024-03-12,2.7,2.7,2.7,2.7,40,0,1
FINNIFTY12MAR2422500CE.NFO,2024-03-04,10:20:00,2024-03-12,2.7,2.7,2.7,2.7,40,0,1
FINNIFTY12MAR2422500CE.NFO,2024-03-04,10:21:00,2024-03-12,2.7,2.7,2.7,2.7,40,0,1
FINNIFTY12MAR2422500CE.NFO,2024-03-04,10:22:00,2024-03-12,2.7,2.7,2.7,2.7,40,0,1
FINNIFTY12MAR2422500CE.NFO,2024-03-04,10:23:00,2024-03-12,2.7,2.7,2.7,2.7,40,0,1
FINNIFTY12MAR2422500CE.NFO,2024-03-04,10:24:00,2024-03-12,2.7,2.7,2.7,2.7,40,0,1
FINNIFTY12MAR2422500CE.NFO,2024-03-04,10:25:00,2024-03-12,2.7,2.7,2.7,2.7,40,0,1
FINNIFTY12MAR2422500CE.NFO,2024-03-04,10:26:00,2024-03-12,2.7,2.7,2.7,2.7,40,0,1
FINNIFTY12MAR2422500CE.NFO,2024-03-04,10:27:00,2024-03-12,2.7,2.7,2.7,2.7,40,0,1
FINNIFTY12MAR2422500CE.NFO,2024-03-04,10:28:00,2024-03-12,2.7,2.7,2.7,2.7,40,0,1
FINNIFTY12MAR2422500CE.NFO,2024-03-04,10:29:00,2024-03-12,2.7,2.7,2.7,2.7,40,0,1
FINNIFTY12MAR2422500CE.NFO,2024-03-04,10:30:00,2024-03-12,2.7,2.7,2.7,2.7,40,0,1
FINNIFTY12MAR2422500CE.NFO,2024-03-04,10:31:00,2024-03-12,2.7,2.7,2.7,2.7,40,0,1
FINNIFTY12MAR2422500CE.NFO,2024-03-04,10:32:00,2024-03-12,2.7,2.7,2.7,2.7,40,0,1
FINNIFTY12MAR2422500CE.NFO,2024-03-04,10:33:00,2024-03-12,2.7,2.7,2.7,2.7,40,0,1
FINNIFTY12MAR2422500CE.NFO,2024-03-04,10:34:00,2024-03-12,2.7,2.7,2.7,2.7,40,0,1
FINNIFTY12MAR2422500CE.NFO,2024-03-04,10:35:00,2024-03-12,2.7,2.7,2.7,2.7,40,0,1
FINNIFTY12MAR2422500CE.NFO,2024-03-04,10:36:00,2024-03-12,2.7,2.7,2.7,2.7,40,0,1
FINNIFTY12MAR2422500CE.NFO,2024-03-04,10:37:00,2024-03-12,2.7,2.7,2.7,2.7,40,0,1
FINNIFTY12MAR2422500CE.NFO,2024-03-04,10:38:00,2024-03-12,2.7,2.7,2.7,2.7,40,0,1
FINNIFTY12MAR2422500CE.NFO,2024-03-04,10:39:00,2024-03-12,2.7,2.7,2.7,2.7,40,0,1
FINNIFTY12MAR2422500CE.NFO,2024-03-04,10:40:00,2024-03-12,2.7,2.7,2.7,2.7,40,0,1
FINNIFTY12MAR2422500CE.NFO,2024-03-04,10:41:00,2024-03-12,2.7,2.7,2.7,2.7,40,0,1
FINNIFTY12MAR2422500CE.NFO,2024-03-04,10:42:00,2024-03-12,2.7,2.7,2.7,2.7,40,0,1
FINNIFTY12MAR2422500CE.NFO,2024-03-04,10:43:00,2024-03-12,2.7,2.7,2.7,2.7,40,0,1
FINNIFTY12MAR2422500CE.NFO,2024-03-04,10:44:00,2024-03-12,2.7,2.7,2.7,2.7,40,0,1
FINNIFTY12MAR2422500CE.NFO,2024-03-04,10:45:00,2024-03-12,2.7,2.7,2.7,2.7,40,0,1
FINNIFTY12MAR2422500CE.NFO,2024-03-04,10:46:00,2024-03-12,2.7,2.7,2.7,2.7,40,0,1
FINNIFTY12MAR2422500CE.NFO,2024-03-04,10:47:00,2024-03-12,2.7,2.7,2.7,2.7,40,0,1
FINNIFTY12MAR2422500CE.NFO,2024-03-04,10:48:00,2024-03-12,2.7,2.7,2.7,2.7,40,0,1
FINNIFTY12MAR2422500CE.NFO,2024-03-04,10:49:00,2024-03-12,2.7,2.7,2.7,2.7,40,0,1
FINNIFTY12MAR2422500CE.NFO,2024-03-04,10:50:00,2024-03-12,2.7,2.7,2.7,2.7,40,0,1
FINNIFTY12MAR2422500CE.NFO,2024-03-04,10:51:00,2024-03-12,2.7,2.7,2.7,2.7,40,0,1
FINNIFTY12MAR2422500CE.NFO,2024-03-04,10:52:00,2024-03-12,2.7,2.7,2.7,2.7,40,0,1
FINNIFTY12MAR2422500CE.NFO,2024-03-04,10:53:00,2024-03-12,2.7,2.7,2.7,2.7,40,0,1
FINNIFTY12MAR2422500CE.NFO,2024-03-04,10:54:00,2024-03-12,2.7,2.7,2.7,2.7,40,0,1
FINNIFTY12MAR2422500CE.NFO,2024-03-04,10:55:00,2024-03-12,2.7,2.7,2.7,2.7,40,0,1
FINNIFTY12MAR2422500CE.NFO,2024-03-04,10:56:00,2024-03-12,2.7,2.7,2.7,2.7,40,0,1
FINNIFTY12MAR2422500CE.NFO,2024-03-04,10:57:00,2024-03-12,2.7,2.7,2.7,2.7,40,0,1
FINNIFTY12MAR2422500CE.NFO,2024-03-04,10:58:00,2024-03-12,2.7,2.7,2.7,2.7,40,0,1
FINNIFTY12MAR2422500CE.NFO,2024-03-04,10:59:00,2024-03-12,2.7,2.7,2.7,2.7,40,0,1
FINNIFTY12MAR2422500CE.NFO,2024-03-04,11:00:00,2024-03-12,2.7,2.7,2.7,2.7,40,0,1
FINNIFTY12MAR2422500CE.NFO,2024-03-04,11:01:00,2024-03-12,2.7,2.7,2.7,2.7,40,0,1
FINNIFTY12MAR2422500CE.NFO,2024-03-04,11:02:00,2024-03-12,2.7,2.7,2.7,2.7,40,0,1
FINNIFTY12MAR2422500CE.NFO,2024-03-04,11:03:00,2024-03-12,2.7,2.7,2.7,2.7,40,0,1
FINNIFTY12MAR2422500CE.NFO,2024-03-04,11:04:00,2024-03-12,2.7,2.7,2.7,2.7,40,0,1
FINNIFTY12MAR2422500CE.NFO,2024-03-04,11:05:00,2024-03-12,2.7,2.7,2.7,2.7,40,0,1
FINNIFTY12MAR2422500CE.NFO,2024-03-04,11:06:00,2024-03-12,2.7,2.7,2.7,2.7,40,0,1
FINNIFTY12MAR2422500CE.NFO,2024-03-04,11:07:00,2024-03-12,2.7,2.7,2.7,2.7,40,0,1
FINNIFTY12MAR2422500CE.NFO,2024-03-04,11:08:00,2024-03-12,2.7,2.7,2.7,2.7,40,0,1
FINNIFTY12MAR2422500CE.NFO,2024-03-04,11:09:00,2024-03-12,2.7,2.7,2.7,2.7,40,0,1
FINNIFTY12MAR2422500CE.NFO,2024-03-04,11:10:00,2024-03-12,2.7,2.7,2.7,2.7,40,0,1
FINNIFTY12MAR2422500CE.NFO,2024-03-04,11:11:00,2024-03-12,2.7,2.7,2.7,2.7,40,0,1
FINNIFTY12MAR2422500CE.NFO,2024-03-04,11:12:00,2024-03-12,2.7,2.7,2.7,2.7,40,0,1
FINNIFTY12MAR2422500CE.NFO,2024-03-04,11:13:00,2024-03-12,2.7,2.7,2.7,2.7,40,0,1
FINNIFTY12MAR2422500CE.NFO,2024-03-04,11:14:00,2024-03-12,2.7,2.7,2.7,2.7,40,0,1
FINNIFTY12MAR2422500CE.NFO,2024-03-04,11:15:00,2024-03-12,2.7,2.7,2.7,2.7,40,0,1
FINNIFTY12MAR2422500CE.NFO,2024-03-04,11:16:00,2024-03-12,2.7,2.7,2.7,2.7,40,0,1
FINNIFTY12MAR2422500CE.NFO,2024-03-04,11:17:00,2024-03-12,2.7,2.7,2.7,2.7,40,0,1
FINNIFTY12MAR2422500CE.NFO,2024-03-04,11:18:00,2024-03-12,2.7,2.7,2.7,2.7,40,0,1
FINNIFTY12MAR2422500CE.NFO,2024-03-04,11:19:00,2024-03-12,2.7,2.7,2.7,2.7,40,0,1
FINNIFTY12MAR2422500CE.NFO,2024-03-04,11:20:00,2024-03-12,2.7,2.7,2.7,2.7,40,0,1
FINNIFTY12MAR2422500CE.NFO,2024-03-04,11:21:00,2024-03-12,2.7,2.7,2.7,2.7,40,0,1
FINNIFTY12MAR2422500CE.NFO,2024-03-04,11:22:00,2024-03-12,2.7,2.7,2.7,2.7,40,0,1
FINNIFTY12MAR2422500CE.NFO,2024-03-04,11:23:00,2024-03-12,2.7,2.7,2.7,2.7,40,0,1
FINNIFTY12MAR2422500CE.NFO,2024-03-04,11:24:00,2024-03-12,2.7,2.7,2.7,2.7,40,0,1
FINNIFTY12MAR2422500CE.NFO,2024-03-04,11:25:00,2024-03-12,2.7,2.7,2.7,2.7,40,0,1
FINNIFTY12MAR2422500CE.NFO,2024-03-04,11:26:00,2024-03-12,2.7,2.7,2.7,2.7,40,0,1
FINNIFTY12MAR2422500CE.NFO,2024-03-04,11:27:00,2024-03-12,2.7,2.7,2.7,2.7,40,0,1
FINNIFTY12MAR2422500CE.NFO,2024-03-04,11:28:00,2024-03-12,2.7,2.7,2.7,2.7,40,0,1
FINNIFTY12MAR2422500CE.NFO,2024-03-04,11:29:00,2024-03-12,2.7,2.7,2.7,2.7,40,0,1
FINNIFTY12MAR2422500CE.NFO,2024-03-04,11:30:00,2024-03-12,2.7,2.7,2.7,2.7,40,0,1
FINNIFTY12MAR2422500CE.NFO,2024-03-04,11:31:00,2024-03-12,2.7,2.7,2.7,2.7,40,0,1
FINNIFTY12MAR2422500CE.NFO,2024-03-04,11:32:00,2024-03-12,2.7,2.7,2.7,2.7,40,0,1
FINNIFTY12MAR2422500CE.NFO,2024-03-04,11:33:00,2024-03-12,2.7,2.7,2.7,2.7,40,0,1
FINNIFTY12MAR2422500CE.NFO,2024-03-04,11:34:00,2024-03-12,2.7,2.7,2.7,2.7,40,0,1
FINNIFTY12MAR2422500CE.NFO,2024-03-04,11:35:00,2024-03-12,2.7,2.7,2.7,2.7,40,0,1
FINNIFTY12MAR2422500CE.NFO,2024-03-04,11:36:00,2024-03-12,2.7,2.7,2.7,2.7,40,0,1
FINNIFTY12MAR2422500CE.NFO,2024-03-04,11:37:00,2024-03-12,2.7,2.7,2.7,2.7,40,0,1
FINNIFTY12MAR2422500CE.NFO,2024-03-04,11:38:00,2024-03-12,2.7,2.7,2.7,2.7,40,0,1
FINNIFTY12MAR2422500CE.NFO,2024-03-04,11:39:00,2024-03-12,2.7,2.7,2.7,2.7,40,0,1
FINNIFTY12MAR2422500CE.NFO,2024-03-04,11:40:00,2024-03-12,2.7,2.7,2.7,2.7,40,0,1
FINNIFTY12MAR2422500CE.NFO,2024-03-04,11:41:00,2024-03-12,2.7,2.7,2.7,2.7,40,0,1
FINNIFTY12MAR2422500CE.NFO,2024-03-04,11:42:00,2024-03-12,2.7,2.7,2.7,2.7,40,0,1
FINNIFTY12MAR2422500CE.NFO,2024-03-04,11:43:00,2024-03-12,2.7,2.7,2.7,2.7,40,0,1
FINNIFTY12MAR2422500CE.NFO,2024-03-04,11:44:00,2024-03-12,2.7,2.7,2.7,2.7,40,0,1
FINNIFTY12MAR2422500CE.NFO,2024-03-04,11:45:00,2024-03-12,2.7,2.7,2.7,2.7,40,0,1
FINNIFTY12MAR2422500CE.NFO,2024-03-04,11:46:00,2024-03-12,2.7,2.7,2.7,2.7,40,0,1
FINNIFTY12MAR2422500CE.NFO,2024-03-04,11:47:00,2024-03-12,2.7,2.7,2.7,2.7,40,0,1
FINNIFTY12MAR2422500CE.NFO,2024-03-04,11:48:00,2024-03-12,2.7,2.7,2.7,2.7,40,0,1
FINNIFTY12MAR2422500CE.NFO,2024-03-04,11:49:00,2024-03-12,2.7,2.7,2.7,2.7,40,0,1
FINNIFTY12MAR2422500CE.NFO,2024-03-04,11:50:00,2024-03-12,2.7,2.7,2.7,2.7,40,0,1
FINNIFTY12MAR2422500CE.NFO,2024-03-04,11:51:00,2024-03-12,2.7,2.7,2.7,2.7,40,0,1
FINNIFTY12MAR2422500CE.NFO,2024-03-04,11:52:00,2024-03-12,2.7,2.7,2.7,2.7,40,0,1
FINNIFTY12MAR2422500CE.NFO,2024-03-04,11:53:00,2024-03-12,2.7,2.7,2.7,2.7,40,0,1
FINNIFTY12MAR2422500CE.NFO,2024-03-04,11:54:00,2024-03-12,2.7,2.7,2.7,2.7,40,0,1
FINNIFTY12MAR2422500CE.NFO,2024-03-04,11:55:00,2024-03-12,2.7,2.7,2.7,2.7,40,0,1
FINNIFTY12MAR2422500CE.NFO,2024-03-04,11:56:00,2024-03-12,2.7,2.7,2.7,2.7,40,0,1
FINNIFTY12MAR2422500CE.NFO,2024-03-04,11:57:00,2024-03-12,2.7,2.7,2.7,2.7,40,0,1
FINNIFTY12MAR2422500CE.NFO,2024-03-04,11:58:00,2024-03-12,2.7,2.7,2.7,2.7,40,0,1
FINNIFTY12MAR2422500CE.NFO,2024-03-04,11:59:00,2024-03-12,2.7,2.7,2.7,2.7,40,0,1
FINNIFTY12MAR2422500CE.NFO,2024-03-04,12:00:00,2024-03-12,2.7,2.7,2.7,2.7,40,0,1
FINNIFTY12MAR2422500CE.NFO,2024-03-04,12:01:00,2024-03-12,2.7,2.7,2.7,2.7,40,0,1
FINNIFTY12MAR2422500CE.NFO,2024-03-04,12:02:00,2024-03-12,2.7,2.7,2.7,2.7,40,0,1
FINNIFTY12MAR2422500CE.NFO,2024-03-04,12:03:00,2024-03-12,2.7,2.7,2.7,2.7,40,0,1
FINNIFTY12MAR2422500CE.NFO,2024-03-04,12:04:00,2024-03-12,2.7,2.7,2.7,2.7,40,0,1
FINNIFTY12MAR2422500CE.NFO,2024-03-04,12:05:00,2024-03-12,2.7,2.7,2.7,2.7,40,0,1
FINNIFTY12MAR2422500CE.NFO,2024-03-04,12:06:00,2024-03-12,2.7,2.7,2.7,2.7,40,0,1
FINNIFTY12MAR2422500CE.NFO,2024-03-04,12:07:00,2024-03-12,2.7,2.7,2.7,2.7,40,0,1
FINNIFTY12MAR2422500CE.NFO,2024-03-04,12:08:00,2024-03-12,2.7,2.7,2.7,2.7,40,0,1
FINNIFTY12MAR2422500CE.NFO,2024-03-04,12:09:00,2024-03-12,2.7,2.7,2.7,2.7,40,0,1
FINNIFTY12MAR2422500CE.NFO,2024-03-04,12:10:00,2024-03-12,2.7,2.7,2.7,2.7,40,0,1
FINNIFTY12MAR2422500CE.NFO,2024-03-04,12:11:00,2024-03-12,2.7,2.7,2.7,2.7,40,0,1
FINNIFTY12MAR2422500CE.NFO,2024-03-04,12:12:00,2024-03-12,2.7,2.7,2.7,2.7,40,0,1
FINNIFTY12MAR2422500CE.NFO,2024-03-04,12:13:00,2024-03-12,2.7,2.7,2.7,2.7,40,0,1
FINNIFTY12MAR2422500CE.NFO,2024-03-04,12:14:00,2024-03-12,2.7,2.7,2.7,2.7,40,0,1
FINNIFTY12MAR2422500CE.NFO,2024-03-04,12:15:00,2024-03-12,2.7,2.7,2.7,2.7,40,0,1
FINNIFTY12MAR2422500CE.NFO,2024-03-04,12:16:00,2024-03-12,2.7,2.7,2.7,2.7,40,0,1
FINNIFTY12MAR2422500CE.NFO,2024-03-04,12:17:00,2024-03-12,2.7,2.7,2.7,2.7,40,0,1
FINNIFTY12MAR2422500CE.NFO,2024-03-04,12:18:00,2024-03-12,2.7,2.7,2.7,2.7,40,0,1
FINNIFTY12MAR2422500CE.NFO,2024-03-04,12:19:00,2024-03-12,2.7,2.7,2.7,2.7,40,0,1
FINNIFTY12MAR2422500CE.NFO,2024-03-04,12:20:00,2024-03-12,2.7,2.7,2.7,2.7,40,0,1
FINNIFTY12MAR2422500CE.NFO,2024-03-04,12:21:00,2024-03-12,2.7,2.7,2.7,2.7,40,0,1
FINNIFTY12MAR2422500CE.NFO,2024-03-04,12:22:00,2024-03-12,2.7,2.7,2.7,2.7,40,0,1
FINNIFTY12MAR2422500CE.NFO,2024-03-04,12:23:00,2024-03-12,2.7,2.7,2.7,2.7,40,0,1
FINNIFTY12MAR2422500CE.NFO,2024-03-04,12:24:00,2024-03-12,2.7,2.7,2.7,2.7,40,0,1
FINNIFTY12MAR2422500CE.NFO,2024-03-04,12:25:00,2024-03-12,2.7,2.7,2.7,2.7,40,0,1
FINNIFTY12MAR2422500CE.NFO,2024-03-04,12:26:00,2024-03-12,2.7,2.7,2.7,2.7,40,0,1
FINNIFTY12MAR2422500CE.NFO,2024-03-04,12:27:00,2024-03-12,2.7,2.7,2.7,2.7,40,0,1
FINNIFTY12MAR2422500CE.NFO,2024-03-04,12:28:00,2024-03-12,2.7,2.7,2.7,2.7,40,0,1
FINNIFTY12MAR2422500CE.NFO,2024-03-04,12:29:00,2024-03-12,2.7,2.7,2.7,2.7,40,0,1
FINNIFTY12MAR2422500CE.NFO,2024-03-04,12:30:00,2024-03-12,2.7,2.7,2.7,2.7,40,0,1
FINNIFTY12MAR2422500CE.NFO,2024-03-04,12:31:00,2024-03-12,2.7,2.7,2.7,2.7,40,0,1
FINNIFTY12MAR2422500CE.NFO,2024-03-04,12:32:00,2024-03-12,2.7,2.7,2.7,2.7,40,0,1
FINNIFTY12MAR2422500CE.NFO,2024-03-04,12:33:00,2024-03-12,2.7,2.7,2.7,2.7,40,0,1
FINNIFTY12MAR2422500CE.NFO,2024-03-04,12:34:00,2024-03-12,2.7,2.7,2.7,2.7,40,0,1
FINNIFTY12MAR2422500CE.NFO,2024-03-04,12:35:00,2024-03-12,2.7,2.7,2.7,2.7,40,0,1
FINNIFTY12MAR2422500CE.NFO,2024-03-04,12:36:00,2024-03-12,2.7,2.7,2.7,2.7,40,0,1
FINNIFTY12MAR2422500CE.NFO,2024-03-04,12:37:00,2024-03-12,2.7,2.7,2.7,2.7,40,0,1
FINNIFTY12MAR2422500CE.NFO,2024-03-04,12:38:00,2024-03-12,2.7,2.7,2.7,2.7,40,0,1
FINNIFTY12MAR2422500CE.NFO,2024-03-04,12:39:00,2024-03-12,2.7,2.7,2.7,2.7,40,0,1
FINNIFTY12MAR2422500CE.NFO,2024-03-04,12:40:00,2024-03-12,2.7,2.7,2.7,2.7,40,0,1
FINNIFTY12MAR2422500CE.NFO,2024-03-04,12:41:00,2024-03-12,2.7,2.7,2.7,2.7,40,0,1
FINNIFTY12MAR2422500CE.NFO,2024-03-04,12:42:00,2024-03-12,2.7,2.7,2.7,2.7,40,0,1
FINNIFTY12MAR2422500CE.NFO,2024-03-04,12:43:00,2024-03-12,2.7,2.7,2.7,2.7,40,0,1
FINNIFTY12MAR2422500CE.NFO,2024-03-04,12:44:00,2024-03-12,2.7,2.7,2.7,2.7,40,0,1
FINNIFTY12MAR2422500CE.NFO,2024-03-04,12:45:00,2024-03-12,2.7,2.7,2.7,2.7,40,0,1
FINNIFTY12MAR2422500CE.NFO,2024-03-04,12:46:00,2024-03-12,2.7,2.7,2.7,2.7,40,0,1
FINNIFTY12MAR2422500CE.NFO,2024-03-04,12:47:00,2024-03-12,2.7,2.7,2.7,2.7,40,0,1
FINNIFTY12MAR2422500CE.NFO,2024-03-04,12:48:00,2024-03-12,2.7,2.7,2.7,2.7,40,0,1
FINNIFTY12MAR2422500CE.NFO,2024-03-04,12:49:00,2024-03-12,2.7,2.7,2.7,2.7,40,0,1
FINNIFTY12MAR2422500CE.NFO,2024-03-04,12:50:00,2024-03-12,2.7,2.7,2.7,2.7,40,0,1
FINNIFTY12MAR2422500CE.NFO,2024-03-04,12:51:00,2024-03-12,2.7,2.7,2.7,2.7,40,0,1
FINNIFTY12MAR2422500CE.NFO,2024-03-04,12:52:00,2024-03-12,2.7,2.7,2.7,2.7,40,0,1
FINNIFTY12MAR2422500CE.NFO,2024-03-04,12:53:00,2024-03-12,2.7,2.7,2.7,2.7,40,0,1
FINNIFTY12MAR2422500CE.NFO,2024-03-04,12:54:00,2024-03-12,2.7,2.7,2.7,2.7,40,0,1
FINNIFTY12MAR2422500CE.NFO,2024-03-04,12:55:00,2024-03-12,2.7,2.7,2.7,2.7,40,0,1
FINNIFTY12MAR2422500CE.NFO,2024-03-04,12:56:00,2024-03-12,2.7,2.7,2.7,2.7,40,0,1
FINNIFTY12MAR2422500CE.NFO,2024-03-04,12:57:00,2024-03-12,2.7,2.7,2.7,2.7,40,0,1
FINNIFTY12MAR2422500CE.NFO,2024-03-04,12:58:00,2024-03-12,2.7,2.7,2.7,2.7,40,0,1
FINNIFTY12MAR2422500CE.NFO,2024-03-04,12:59:00,2024-03-12,2.7,2.7,2.7,2.7,40,0,1
FINNIFTY12MAR2422500CE.NFO,2024-03-04,13:00:00,2024-03-12,2.7,2.7,2.7,2.7,40,0,1
FINNIFTY12MAR2422500CE.NFO,2024-03-04,13:01:00,2024-03-12,2.7,2.7,2.7,2.7,40,0,1
FINNIFTY12MAR2422500CE.NFO,2024-03-04,13:02:00,2024-03-12,2.7,2.7,2.7,2.7,40,0,1
FINNIFTY12MAR2422500CE.NFO,2024-03-04,13:03:00,2024-03-12,2.7,2.7,2.7,2.7,40,0,1
FINNIFTY12MAR2422500CE.NFO,2024-03-04,13:04:00,2024-03-12,2.7,2.7,2.7,2.7,40,0,1
FINNIFTY12MAR2422500CE.NFO,2024-03-04,13:05:00,2024-03-12,2.7,2.7,2.7,2.7,40,0,1
FINNIFTY12MAR2422500CE.NFO,2024-03-04,13:06:00,2024-03-12,2.7,2.7,2.7,2.7,40,0,1
FINNIFTY12MAR2422500CE.NFO,2024-03-04,13:07:00,2024-03-12,2.7,2.7,2.7,2.7,40,0,1
FINNIFTY12MAR2422500CE.NFO,2024-03-04,13:08:00,2024-03-12,2.7,2.7,2.7,2.7,40,0,1
FINNIFTY12MAR2422500CE.NFO,2024-03-04,13:09:00,2024-03-12,2.7,2.7,2.7,2.7,40,0,1
FINNIFTY12MAR2422500CE.NFO,2024-03-04,13:10:00,2024-03-12,2.7,2.7,2.7,2.7,40,0,1
FINNIFTY12MAR2422500CE.NFO,2024-03-04,13:11:00,2024-03-12,2.7,2.7,2.7,2.7,40,0,1
FINNIFTY12MAR2422500CE.NFO,2024-03-04,13:12:00,2024-03-12,2.7,2.7,2.7,2.7,40,0,1
FINNIFTY12MAR2422500CE.NFO,2024-03-04,13:13:00,2024-03-12,2.7,2.7,2.7,2.7,40,0,1
FINNIFTY12MAR2422500CE.NFO,2024-03-04,13:14:00,2024-03-12,2.7,2.7,2.7,2.7,40,0,1
FINNIFTY12MAR2422500CE.NFO,2024-03-04,13:15:00,2024-03-12,2.7,2.7,2.7,2.7,40,0,1
FINNIFTY12MAR2422500CE.NFO,2024-03-04,13:16:00,2024-03-12,2.7,2.7,2.7,2.7,40,0,1
FINNIFTY12MAR2422500CE.NFO,2024-03-04,13:17:00,2024-03-12,2.7,2.7,2.7,2.7,40,0,1
FINNIFTY12MAR2422500CE.NFO,2024-03-04,13:18:00,2024-03-12,2.7,2.7,2.7,2.7,40,0,1
FINNIFTY12MAR2422500CE.NFO,2024-03-04,13:19:00,2024-03-12,2.7,2.7,2.7,2.7,40,0,1
FINNIFTY12MAR2422500CE.NFO,2024-03-04,13:20:00,2024-03-12,2.7,2.7,2.7,2.7,40,0,1
FINNIFTY12MAR2422500CE.NFO,2024-03-04,13:21:00,2024-03-12,2.7,2.7,2.7,2.7,40,0,1
FINNIFTY12MAR2422500CE.NFO,2024-03-04,13:22:00,2024-03-12,2.7,2.7,2.7,2.7,40,0,1
FINNIFTY12MAR2422500CE.NFO,2024-03-04,13:23:00,2024-03-12,2.7,2.7,2.7,2.7,40,0,1
FINNIFTY12MAR2422500CE.NFO,2024-03-04,13:24:00,2024-03-12,2.7,2.7,2.7,2.7,40,0,1
FINNIFTY12MAR2422500CE.NFO,2024-03-04,13:25:00,2024-03-12,2.7,2.7,2.7,2.7,40,0,1
FINNIFTY12MAR2422500CE.NFO,2024-03-04,13:26:00,2024-03-12,2.7,2.7,2.7,2.7,40,0,1
FINNIFTY12MAR2422500CE.NFO,2024-03-04,13:27:00,2024-03-12,2.7,2.7,2.7,2.7,40,0,1
FINNIFTY12MAR2422500CE.NFO,2024-03-04,13:28:00,2024-03-12,2.7,2.7,2.7,2.7,40,0,1
FINNIFTY12MAR2422500CE.NFO,2024-03-04,13:29:00,2024-03-12,2.7,2.7,2.7,2.7,40,0,1
FINNIFTY12MAR2422500CE.NFO,2024-03-04,13:30:00,2024-03-12,3.0,3.0,2.7,2.7,40,0,0
FINNIFTY12MAR2422500CE.NFO,2024-03-04,13:31:00,2024-03-12,2.7,2.7,2.7,2.7,0,0,0
FINNIFTY12MAR2422500CE.NFO,2024-03-04,13:32:00,2024-03-12,2.7,2.7,2.7,2.7,0,0,1
FINNIFTY12MAR2422500CE.NFO,2024-03-04,13:33:00,2024-03-12,2.7,2.7,2.7,2.7,0,0,1
FINNIFTY12MAR2422500CE.NFO,2024-03-04,13:34:00,2024-03-12,2.7,2.7,2.7,2.7,0,0,1
FINNIFTY12MAR2422500CE.NFO,2024-03-04,13:35:00,2024-03-12,2.7,2.7,2.7,2.7,0,0,1
FINNIFTY12MAR2422500CE.NFO,2024-03-04,13:36:00,2024-03-12,2.7,2.7,2.7,2.7,0,0,1
FINNIFTY12MAR2422500CE.NFO,2024-03-04,13:37:00,2024-03-12,2.7,2.7,2.7,2.7,0,0,1
FINNIFTY12MAR2422500CE.NFO,2024-03-04,13:38:00,2024-03-12,2.7,2.7,2.7,2.7,0,0,1
FINNIFTY12MAR2422500CE.NFO,2024-03-04,13:39:00,2024-03-12,2.7,2.7,2.7,2.7,0,0,1
FINNIFTY12MAR2422500CE.NFO,2024-03-04,13:40:00,2024-03-12,2.7,2.7,2.7,2.7,0,0,1
FINNIFTY12MAR2422500CE.NFO,2024-03-04,13:41:00,2024-03-12,2.7,2.7,2.7,2.7,0,0,1
FINNIFTY12MAR2422500CE.NFO,2024-03-04,13:42:00,2024-03-12,2.7,2.7,2.7,2.7,0,0,1
FINNIFTY12MAR2422500CE.NFO,2024-03-04,13:43:00,2024-03-12,2.7,2.7,2.7,2.7,0,0,1
FINNIFTY12MAR2422500CE.NFO,2024-03-04,13:44:00,2024-03-12,2.7,2.7,2.7,2.7,0,0,1
FINNIFTY12MAR2422500CE.NFO,2024-03-04,13:45:00,2024-03-12,2.7,2.7,2.7,2.7,0,0,1
FINNIFTY12MAR2422500CE.NFO,2024-03-04,13:46:00,2024-03-12,2.7,2.7,2.7,2.7,0,0,0
FINNIFTY12MAR2422500CE.NFO,2024-03-04,13:47:00,2024-03-12,2.7,2.7,2.7,2.7,0,0,1
FINNIFTY12MAR2422500CE.NFO,2024-03-04,13:48:00,2024-03-12,2.7,2.7,2.7,2.7,0,0,1
FINNIFTY12MAR2422500CE.NFO,2024-03-04,13:49:00,2024-03-12,2.7,2.7,2.7,2.7,0,0,1
FINNIFTY12MAR2422500CE.NFO,2024-03-04,13:50:00,2024-03-12,2.7,2.7,2.7,2.7,0,0,1
FINNIFTY12MAR2422500CE.NFO,2024-03-04,13:51:00,2024-03-12,2.7,2.7,2.7,2.7,0,0,1
FINNIFTY12MAR2422500CE.NFO,2024-03-04,13:52:00,2024-03-12,2.7,2.7,2.7,2.7,0,0,1
FINNIFTY12MAR2422500CE.NFO,2024-03-04,13:53:00,2024-03-12,2.7,2.7,2.7,2.7,0,0,1
FINNIFTY12MAR2422500CE.NFO,2024-03-04,13:54:00,2024-03-12,2.7,2.7,2.7,2.7,0,0,1
FINNIFTY12MAR2422500CE.NFO,2024-03-04,13:55:00,2024-03-12,2.7,2.7,2.7,2.7,0,0,1
FINNIFTY12MAR2422500CE.NFO,2024-03-04,13:56:00,2024-03-12,2.7,2.7,2.7,2.7,0,0,1
FINNIFTY12MAR2422500CE.NFO,2024-03-04,13:57:00,2024-03-12,2.7,2.7,2.7,2.7,0,0,1
FINNIFTY12MAR2422500CE.NFO,2024-03-04,13:58:00,2024-03-12,2.7,2.7,2.7,2.7,0,0,1
FINNIFTY12MAR2422500CE.NFO,2024-03-04,13:59:00,2024-03-12,2.7,2.7,2.7,2.7,0,0,1
FINNIFTY12MAR2422500CE.NFO,2024-03-04,14:00:00,2024-03-12,2.7,2.7,2.7,2.7,0,0,1
FINNIFTY12MAR2422500CE.NFO,2024-03-04,14:01:00,2024-03-12,2.7,2.7,2.7,2.7,0,0,0
FINNIFTY12MAR2422500CE.NFO,2024-03-04,14:02:00,2024-03-12,2.7,2.7,2.7,2.7,0,0,1
FINNIFTY12MAR2422500CE.NFO,2024-03-04,14:03:00,2024-03-12,2.7,2.7,2.7,2.7,0,0,0
FINNIFTY12MAR2422500CE.NFO,2024-03-04,14:04:00,2024-03-12,2.7,2.7,2.7,2.7,0,0,1
FINNIFTY12MAR2422500CE.NFO,2024-03-04,14:05:00,2024-03-12,2.7,2.7,2.7,2.7,0,0,1
FINNIFTY12MAR2422500CE.NFO,2024-03-04,14:06:00,2024-03-12,2.7,2.7,2.7,2.7,0,0,1
FINNIFTY12MAR2422500CE.NFO,2024-03-04,14:07:00,2024-03-12,2.7,2.7,2.7,2.7,0,0,0
FINNIFTY12MAR2422500CE.NFO,2024-03-04,14:08:00,2024-03-12,2.7,2.7,2.7,2.7,0,0,1
FINNIFTY12MAR2422500CE.NFO,2024-03-04,14:09:00,2024-03-12,2.7,2.7,2.7,2.7,0,0,1
FINNIFTY12MAR2422500CE.NFO,2024-03-04,14:10:00,2024-03-12,2.7,2.7,2.7,2.7,0,0,1
FINNIFTY12MAR2422500CE.NFO,2024-03-04,14:11:00,2024-03-12,2.7,2.7,2.7,2.7,0,0,1
FINNIFTY12MAR2422500CE.NFO,2024-03-04,14:12:00,2024-03-12,2.7,2.7,2.7,2.7,0,0,1
FINNIFTY12MAR2422500CE.NFO,2024-03-04,14:13:00,2024-03-12,2.7,2.7,2.7,2.7,0,0,1
FINNIFTY12MAR2422500CE.NFO,2024-03-04,14:14:00,2024-03-12,2.7,2.7,2.7,2.7,0,0,1
FINNIFTY12MAR2422500CE.NFO,2024-03-04,14:15:00,2024-03-12,2.7,2.7,2.7,2.7,0,0,1
FINNIFTY12MAR2422500CE.NFO,2024-03-04,14:16:00,2024-03-12,2.7,2.7,2.7,2.7,0,0,0
FINNIFTY12MAR2422500CE.NFO,2024-03-04,14:17:00,2024-03-12,2.7,2.7,2.7,2.7,0,0,1
FINNIFTY12MAR2422500CE.NFO,2024-03-04,14:18:00,2024-03-12,2.7,2.7,2.7,2.7,0,0,1
FINNIFTY12MAR2422500CE.NFO,2024-03-04,14:19:00,2024-03-12,2.7,2.7,2.7,2.7,0,0,1
FINNIFTY12MAR2422500CE.NFO,2024-03-04,14:20:00,2024-03-12,2.7,2.7,2.7,2.7,0,0,1
FINNIFTY12MAR2422500CE.NFO,2024-03-04,14:21:00,2024-03-12,2.7,2.7,2.7,2.7,0,0,1
FINNIFTY12MAR2422500CE.NFO,2024-03-04,14:22:00,2024-03-12,2.7,2.7,2.7,2.7,0,0,1
FINNIFTY12MAR2422500CE.NFO,2024-03-04,14:23:00,2024-03-12,2.7,2.7,2.7,2.7,0,0,1
FINNIFTY12MAR2422500CE.NFO,2024-03-04,14:24:00,2024-03-12,2.7,2.7,2.7,2.7,0,0,1
FINNIFTY12MAR2422500CE.NFO,2024-03-04,14:25:00,2024-03-12,2.7,2.7,2.7,2.7,0,0,1
FINNIFTY12MAR2422500CE.NFO,2024-03-04,14:26:00,2024-03-12,2.7,2.7,2.7,2.7,0,0,1
FINNIFTY12MAR2422500CE.NFO,2024-03-04,14:27:00,2024-03-12,2.7,2.7,2.7,2.7,0,0,1
FINNIFTY12MAR2422500CE.NFO,2024-03-04,14:28:00,2024-03-12,2.7,2.7,2.7,2.7,0,0,1
FINNIFTY12MAR2422500CE.NFO,2024-03-04,14:29:00,2024-03-12,2.7,2.7,2.7,2.7,0,0,1
FINNIFTY12MAR2422500CE.NFO,2024-03-04,14:30:00,2024-03-12,2.7,2.7,2.7,2.7,0,0,1
FINNIFTY12MAR2422500CE.NFO,2024-03-04,14:31:00,2024-03-12,2.7,2.7,2.7,2.7,0,0,0
FINNIFTY12MAR2422500CE.NFO,2024-03-04,14:32:00,2024-03-12,2.7,2.7,2.7,2.7,0,0,1
FINNIFTY12MAR2422500CE.NFO,2024-03-04,14:33:00,2024-03-12,2.7,2.7,2.7,2.7,0,0,1
FINNIFTY12MAR2422500CE.NFO,2024-03-04,14:34:00,2024-03-12,2.7,2.7,2.7,2.7,0,0,1
FINNIFTY12MAR2422500CE.NFO,2024-03-04,14:35:00,2024-03-12,2.7,2.7,2.7,2.7,0,0,1
FINNIFTY12MAR2422500CE.NFO,2024-03-04,14:36:00,2024-03-12,2.7,2.7,2.7,2.7,0,0,1
FINNIFTY12MAR2422500CE.NFO,2024-03-04,14:37:00,2024-03-12,2.7,2.7,2.7,2.7,0,0,1
FINNIFTY12MAR2422500CE.NFO,2024-03-04,14:38:00,2024-03-12,2.7,2.7,2.7,2.7,0,0,1
FINNIFTY12MAR2422500CE.NFO,2024-03-04,14:39:00,2024-03-12,2.7,2.7,2.7,2.7,0,0,1
FINNIFTY12MAR2422500CE.NFO,2024-03-04,14:40:00,2024-03-12,2.7,2.7,2.7,2.7,0,0,1
FINNIFTY12MAR2422500CE.NFO,2024-03-04,14:41:00,2024-03-12,2.7,2.7,2.7,2.7,0,0,1
FINNIFTY12MAR2422500CE.NFO,2024-03-04,14:42:00,2024-03-12,2.7,2.7,2.7,2.7,0,0,1
FINNIFTY12MAR2422500CE.NFO,2024-03-04,14:43:00,2024-03-12,2.7,2.7,2.7,2.7,0,0,1
FINNIFTY12MAR2422500CE.NFO,2024-03-04,14:44:00,2024-03-12,2.7,2.7,2.7,2.7,0,0,0
FINNIFTY12MAR2422500CE.NFO,2024-03-04,14:45:00,2024-03-12,2.7,2.7,2.7,2.7,0,0,0
FINNIFTY12MAR2422500CE.NFO,2024-03-04,14:46:00,2024-03-12,2.7,2.7,2.7,2.7,0,0,0
FINNIFTY12MAR2422500CE.NFO,2024-03-04,14:47:00,2024-03-12,2.7,2.7,2.7,2.7,0,0,0
FINNIFTY12MAR2422500CE.NFO,2024-03-04,14:48:00,2024-03-12,2.7,2.7,2.7,2.7,0,0,0
FINNIFTY12MAR2422500CE.NFO,2024-03-04,14:49:00,2024-03-12,2.7,2.7,2.7,2.7,0,0,1
FINNIFTY12MAR2422500CE.NFO,2024-03-04,14:50:00,2024-03-12,2.7,2.7,2.7,2.7,0,0,1
FINNIFTY12MAR2422500CE.NFO,2024-03-04,14:51:00,2024-03-12,2.7,2.7,2.7,2.7,0,0,1
FINNIFTY12MAR2422500CE.NFO,2024-03-04,14:52:00,2024-03-12,2.7,2.7,2.7,2.7,0,0,1
FINNIFTY12MAR2422500CE.NFO,2024-03-04,14:53:00,2024-03-12,2.7,2.7,2.7,2.7,0,0,1
FINNIFTY12MAR2422500CE.NFO,2024-03-04,14:54:00,2024-03-12,2.7,2.7,2.7,2.7,0,0,0
FINNIFTY12MAR2422500CE.NFO,2024-03-04,14:55:00,2024-03-12,2.7,2.7,2.7,2.7,0,0,1
FINNIFTY12MAR2422500CE.NFO,2024-03-04,14:56:00,2024-03-12,2.7,2.7,2.7,2.7,0,0,0
FINNIFTY12MAR2422500CE.NFO,2024-03-04,14:57:00,2024-03-12,2.7,2.7,2.7,2.7,0,0,1
FINNIFTY12MAR2422500CE.NFO,2024-03-04,14:58:00,2024-03-12,2.7,2.7,2.7,2.7,0,0,0
FINNIFTY12MAR2422500CE.NFO,2024-03-04,14:59:00,2024-03-12,2.7,2.7,2.7,2.7,0,0,1
FINNIFTY12MAR2422500CE.NFO,2024-03-04,15:00:00,2024-03-12,2.7,2.7,2.7,2.7,0,0,1
FINNIFTY12MAR2422500CE.NFO,2024-03-04,15:01:00,2024-03-12,2.7,2.7,2.7,2.7,0,0,0
FINNIFTY12MAR2422500CE.NFO,2024-03-04,15:02:00,2024-03-12,2.7,2.7,2.7,2.7,0,0,1
FINNIFTY12MAR2422500CE.NFO,2024-03-04,15:03:00,2024-03-12,2.7,2.7,2.7,2.7,0,0,1
FINNIFTY12MAR2422500CE.NFO,2024-03-04,15:04:00,2024-03-12,2.7,2.7,2.7,2.7,0,0,1
FINNIFTY12MAR2422500CE.NFO,2024-03-04,15:05:00,2024-03-12,2.7,2.7,2.7,2.7,0,0,1
FINNIFTY12MAR2422500CE.NFO,2024-03-04,15:06:00,2024-03-12,2.7,2.7,2.7,2.7,0,0,0
FINNIFTY12MAR2422500CE.NFO,2024-03-04,15:07:00,2024-03-12,2.7,2.7,2.7,2.7,0,0,0
FINNIFTY12MAR2422500CE.NFO,2024-03-04,15:08:00,2024-03-12,2.7,2.7,2.7,2.7,0,0,1
FINNIFTY12MAR2422500CE.NFO,2024-03-04,15:09:00,2024-03-12,2.7,2.7,2.7,2.7,0,0,0
FINNIFTY12MAR2422500CE.NFO,2024-03-04,15:10:00,2024-03-12,2.7,2.7,2.7,2.7,0,0,1
FINNIFTY12MAR2422500CE.NFO,2024-03-04,15:11:00,2024-03-12,2.7,2.7,2.7,2.7,0,0,0
FINNIFTY12MAR2422500CE.NFO,2024-03-04,15:12:00,2024-03-12,2.7,2.7,2.7,2.7,0,0,0
FINNIFTY12MAR2422500CE.NFO,2024-03-04,15:13:00,2024-03-12,2.7,2.7,2.7,2.7,0,0,1
FINNIFTY12MAR2422500CE.NFO,2024-03-04,15:14:00,2024-03-12,2.7,2.7,2.7,2.7,0,0,1
FINNIFTY12MAR2422500CE.NFO,2024-03-04,15:15:00,2024-03-12,2.7,2.7,2.7,2.7,0,0,0
FINNIFTY12MAR2422500CE.NFO,2024-03-04,15:16:00,2024-03-12,2.7,2.7,2.7,2.7,0,0,0
FINNIFTY12MAR2422500CE.NFO,2024-03-04,15:17:00,2024-03-12,2.7,2.7,2.7,2.7,0,0,0
FINNIFTY12MAR2422500CE.NFO,2024-03-04,15:18:00,2024-03-12,2.7,2.7,2.7,2.7,0,0,0
FINNIFTY12MAR2422500CE.NFO,2024-03-04,15:19:00,2024-03-12,2.7,2.7,2.7,2.7,0,0,1
FINNIFTY12MAR2422500CE.NFO,2024-03-04,15:20:00,2024-03-12,2.7,2.7,2.7,2.7,0,0,1
FINNIFTY12MAR2422500CE.NFO,2024-03-04,15:21:00,2024-03-12,2.7,2.7,2.7,2.7,0,0,0
FINNIFTY12MAR2422500CE.NFO,2024-03-04,15:22:00,2024-03-12,2.7,2.7,2.7,2.7,0,0,0
FINNIFTY12MAR2422500CE.NFO,2024-03-04,15:23:00,2024-03-12,2.7,2.75,2.7,2.7,160,80,0
FINNIFTY12MAR2422500CE.NFO,2024-03-04,15:24:00,2024-03-12,2.7,2.7,2.7,2.7,0,80,0
FINNIFTY12MAR2422500CE.NFO,2024-03-04,15:25:00,2024-03-12,2.7,2.7,2.7,2.7,0,80,1
FINNIFTY12MAR2422500CE.NFO,2024-03-04,15:26:00,2024-03-12,2.7,2.7,2.7,2.7,0,80,1
FINNIFTY12MAR2422500CE.NFO,2024-03-04,15:27:00,2024-03-12,2.7,2.7,2.7,2.7,0,80,1
FINNIFTY12MAR2422500CE.NFO,2024-03-04,15:28:00,2024-03-12,2.7,2.7,2.7,2.7,0,80,1
FINNIFTY12MAR2422500CE.NFO,2024-03-04,15:29:00,2024-03-12,2.7,2.7,2.7,2.7,0,80,0
FINNIFTY12MAR2422500CE.NFO,2024-03-04,15:30:00,2024-03-12,2.7,2.7,2.7,2.7,0,80,1
FINNIFTY12MAR2422500CE.NFO,2024-03-05,09:15:00,2024-03-12,2.45,2.45,2.45,2.45,0,240,1
FINNIFTY12MAR2422500CE.NFO,2024-03-05,09:16:00,2024-03-12,2.45,2.45,2.45,2.45,0,240,1
FINNIFTY12MAR2422500CE.NFO,2024-03-05,09:17:00,2024-03-12,2.45,2.45,2.45,2.45,0,240,1
FINNIFTY12MAR2422500CE.NFO,2024-03-05,09:18:00,2024-03-12,2.45,2.45,2.45,2.45,0,240,1
FINNIFTY12MAR2422500CE.NFO,2024-03-05,09:19:00,2024-03-12,2.45,2.45,2.45,2.45,0,240,1
FINNIFTY12MAR2422500CE.NFO,2024-03-05,09:20:00,2024-03-12,2.45,2.45,2.45,2.45,0,240,1
FINNIFTY12MAR2422500CE.NFO,2024-03-05,09:21:00,2024-03-12,2.45,2.45,2.45,2.45,0,240,1
FINNIFTY12MAR2422500CE.NFO,2024-03-05,09:22:00,2024-03-12,2.45,2.45,2.45,2.45,0,240,0
FINNIFTY12MAR2422500CE.NFO,2024-03-05,09:23:00,2024-03-12,2.45,2.45,2.45,2.45,0,240,0
FINNIFTY12MAR2422500CE.NFO,2024-03-05,09:24:00,2024-03-12,2.45,2.45,2.45,2.45,0,240,0
FINNIFTY12MAR2422500CE.NFO,2024-03-05,09:25:00,2024-03-12,2.3,2.3,2.3,2.3,40,280,0
FINNIFTY12MAR2422500CE.NFO,2024-03-05,09:26:00,2024-03-12,2.3,2.3,2.3,2.3,0,280,0
FINNIFTY12MAR2422500CE.NFO,2024-03-05,09:27:00,2024-03-12,2.3,2.3,2.3,2.3,0,280,0
FINNIFTY12MAR2422500CE.NFO,2024-03-05,09:28:00,2024-03-12,2.3,2.3,2.3,2.3,0,280,1
FINNIFTY12MAR2422500CE.NFO,2024-03-05,09:29:00,2024-03-12,2.3,2.3,2.3,2.3,0,280,0
FINNIFTY12MAR2422500CE.NFO,2024-03-05,09:30:00,2024-03-12,2.25,2.25,2.25,2.25,40,320,0
FINNIFTY12MAR2422500CE.NFO,2024-03-05,09:31:00,2024-03-12,2.25,2.25,2.25,2.25,0,320,0
FINNIFTY12MAR2422500CE.NFO,2024-03-05,09:32:00,2024-03-12,2.25,2.25,2.25,2.25,0,320,0
FINNIFTY12MAR2422500CE.NFO,2024-03-05,09:33:00,2024-03-12,2.25,2.25,2.25,2.25,0,320,0
FINNIFTY12MAR2422500CE.NFO,2024-03-05,09:34:00,2024-03-12,2.25,2.25,2.25,2.25,0,320,0
FINNIFTY12MAR2422500CE.NFO,2024-03-05,09:35:00,2024-03-12,2.25,2.25,2.25,2.25,80,320,0
FINNIFTY12MAR2422500CE.NFO,2024-03-05,09:36:00,2024-03-12,2.25,2.25,2.25,2.25,0,320,0
FINNIFTY12MAR2422500CE.NFO,2024-03-05,09:37:00,2024-03-12,2.25,2.25,2.25,2.25,0,320,0
FINNIFTY12MAR2422500CE.NFO,2024-03-05,09:38:00,2024-03-12,2.25,2.25,2.25,2.25,0,320,0
FINNIFTY12MAR2422500CE.NFO,2024-03-05,09:39:00,2024-03-12,2.25,2.25,2.25,2.25,80,400,0
FINNIFTY12MAR2422500CE.NFO,2024-03-05,09:40:00,2024-03-12,2.25,2.25,2.25,2.25,80,400,1
FINNIFTY12MAR2422500CE.NFO,2024-03-05,09:41:00,2024-03-12,2.25,2.25,2.25,2.25,80,400,1
FINNIFTY12MAR2422500CE.NFO,2024-03-05,09:42:00,2024-03-12,2.25,2.25,2.25,2.25,80,400,1
FINNIFTY12MAR2422500CE.NFO,2024-03-05,09:43:00,2024-03-12,2.25,2.25,2.25,2.25,0,400,0
FINNIFTY12MAR2422500CE.NFO,2024-03-05,09:44:00,2024-03-12,2.25,2.25,2.25,2.25,0,400,0
FINNIFTY12MAR2422500CE.NFO,2024-03-05,09:45:00,2024-03-12,2.25,2.25,2.25,2.25,0,400,0
FINNIFTY12MAR2422500CE.NFO,2024-03-05,09:46:00,2024-03-12,2.25,2.25,2.25,2.25,40,480,0
FINNIFTY12MAR2422500CE.NFO,2024-03-05,09:47:00,2024-03-12,2.25,2.25,2.25,2.25,0,480,0
FINNIFTY12MAR2422500CE.NFO,2024-03-05,09:48:00,2024-03-12,2.25,2.25,2.25,2.25,0,480,1
FINNIFTY12MAR2422500CE.NFO,2024-03-05,09:49:00,2024-03-12,2.25,2.25,2.25,2.25,0,480,0
FINNIFTY12MAR2422500CE.NFO,2024-03-05,09:50:00,2024-03-12,2.25,2.25,2.25,2.25,0,480,1
FINNIFTY12MAR2422500CE.NFO,2024-03-05,09:51:00,2024-03-12,2.25,2.25,2.25,2.25,0,480,1
FINNIFTY12MAR2422500CE.NFO,2024-03-05,09:52:00,2024-03-12,2.25,2.25,2.25,2.25,0,480,1
FINNIFTY12MAR2422500CE.NFO,2024-03-05,09:53:00,2024-03-12,2.25,2.25,2.25,2.25,0,480,1
FINNIFTY12MAR2422500CE.NFO,2024-03-05,09:54:00,2024-03-12,2.25,2.25,2.25,2.25,0,480,1
FINNIFTY12MAR2422500CE.NFO,2024-03-05,09:55:00,2024-03-12,2.25,2.25,2.25,2.25,0,480,1
FINNIFTY12MAR2422500CE.NFO,2024-03-05,09:56:00,2024-03-12,2.25,2.25,2.25,2.25,0,480,1
FINNIFTY12MAR2422500CE.NFO,2024-03-05,09:57:00,2024-03-12,2.25,2.25,2.25,2.25,0,480,1
FINNIFTY12MAR2422500CE.NFO,2024-03-05,09:58:00,2024-03-12,2.25,2.25,2.25,2.25,0,480,1
FINNIFTY12MAR2422500CE.NFO,2024-03-05,09:59:00,2024-03-12,2.25,2.25,2.25,2.25,0,480,0
FINNIFTY12MAR2422500CE.NFO,2024-03-05,10:00:00,2024-03-12,2.25,2.25,2.25,2.25,0,480,0
FINNIFTY12MAR2422500CE.NFO,2024-03-05,10:01:00,2024-03-12,2.25,2.25,2.25,2.25,0,480,0
FINNIFTY12MAR2422500CE.NFO,2024-03-05,10:02:00,2024-03-12,2.25,2.25,2.25,2.25,0,480,1
FINNIFTY12MAR2422500CE.NFO,2024-03-05,10:03:00,2024-03-12,2.25,2.25,2.25,2.25,0,480,1
FINNIFTY12MAR2422500CE.NFO,2024-03-05,10:04:00,2024-03-12,2.25,2.25,2.25,2.25,0,480,1
FINNIFTY12MAR2422500CE.NFO,2024-03-05,10:05:00,2024-03-12,2.25,2.25,2.25,2.25,0,480,1
FINNIFTY12MAR2422500CE.NFO,2024-03-05,10:06:00,2024-03-12,2.25,2.25,2.25,2.25,0,480,1
FINNIFTY12MAR2422500CE.NFO,2024-03-05,10:07:00,2024-03-12,2.25,2.25,2.25,2.25,0,480,1
FINNIFTY12MAR2422500CE.NFO,2024-03-05,10:08:00,2024-03-12,2.25,2.25,2.25,2.25,0,480,1
FINNIFTY12MAR2422500CE.NFO,2024-03-05,10:09:00,2024-03-12,2.25,2.25,2.25,2.25,0,480,0
FINNIFTY12MAR2422500CE.NFO,2024-03-05,10:10:00,2024-03-12,2.25,2.25,2.25,2.25,0,480,0
FINNIFTY12MAR2422500CE.NFO,2024-03-05,10:11:00,2024-03-12,2.25,2.25,2.25,2.25,0,480,1
FINNIFTY12MAR2422500CE.NFO,2024-03-05,10:12:00,2024-03-12,2.25,2.25,2.25,2.25,0,480,1
FINNIFTY12MAR2422500CE.NFO,2024-03-05,10:13:00,2024-03-12,2.25,2.25,2.25,2.25,0,480,1
FINNIFTY12MAR2422500CE.NFO,2024-03-05,10:14:00,2024-03-12,2.05,2.05,2.05,2.05,80,520,0
FINNIFTY12MAR2422500CE.NFO,2024-03-05,10:15:00,2024-03-12,2.05,2.1,2.05,2.1,320,840,0
FINNIFTY12MAR2422500CE.NFO,2024-03-05,10:16:00,2024-03-12,2.1,2.1,2.05,2.05,160,840,0
FINNIFTY12MAR2422500CE.NFO,2024-03-05,10:17:00,2024-03-12,2.0,2.0,2.0,2.0,240,840,0
FINNIFTY12MAR2422500CE.NFO,2024-03-05,10:18:00,2024-03-12,2.0,2.0,2.0,2.0,0,840,0
FINNIFTY12MAR2422500CE.NFO,2024-03-05,10:19:00,2024-03-12,2.0,2.0,2.0,2.0,0,840,1
FINNIFTY12MAR2422500CE.NFO,2024-03-05,10:20:00,2024-03-12,2.0,2.0,2.0,2.0,0,840,0
FINNIFTY12MAR2422500CE.NFO,2024-03-05,10:21:00,2024-03-12,2.0,2.0,2.0,2.0,0,840,0
FINNIFTY12MAR2422500CE.NFO,2024-03-05,10:22:00,2024-03-12,2.0,2.0,2.0,2.0,0,840,0
FINNIFTY12MAR2422500CE.NFO,2024-03-05,10:23:00,2024-03-12,2.0,2.0,2.0,2.0,0,840,1
FINNIFTY12MAR2422500CE.NFO,2024-03-05,10:24:00,2024-03-12,2.0,2.0,2.0,2.0,0,840,1
FINNIFTY12MAR2422500CE.NFO,2024-03-05,10:25:00,2024-03-12,2.0,2.0,2.0,2.0,0,840,0
FINNIFTY12MAR2422500CE.NFO,2024-03-05,10:26:00,2024-03-12,2.2,2.2,2.2,2.2,80,1040,0
FINNIFTY12MAR2422500CE.NFO,2024-03-05,10:27:00,2024-03-12,2.2,2.2,2.2,2.2,0,1040,0
FINNIFTY12MAR2422500CE.NFO,2024-03-05,10:28:00,2024-03-12,2.2,2.2,2.2,2.2,0,1040,1
FINNIFTY12MAR2422500CE.NFO,2024-03-05,10:29:00,2024-03-12,2.2,2.2,2.2,2.2,0,1040,1
FINNIFTY12MAR2422500CE.NFO,2024-03-05,10:30:00,2024-03-12,2.2,2.2,2.2,2.2,200,1120,0
FINNIFTY12MAR2422500CE.NFO,2024-03-05,10:31:00,2024-03-12,2.2,2.2,2.2,2.2,200,1120,1
FINNIFTY12MAR2422500CE.NFO,2024-03-05,10:32:00,2024-03-12,2.2,2.2,2.2,2.2,0,1120,0
FINNIFTY12MAR2422500CE.NFO,2024-03-05,10:33:00,2024-03-12,2.2,2.2,2.2,2.2,200,1320,0
FINNIFTY12MAR2422500CE.NFO,2024-03-05,10:34:00,2024-03-12,2.2,2.2,2.2,2.2,200,1320,1
FINNIFTY12MAR2422500CE.NFO,2024-03-05,10:35:00,2024-03-12,2.2,2.2,2.2,2.2,200,1320,1
FINNIFTY12MAR2422500CE.NFO,2024-03-05,10:36:00,2024-03-12,2.2,2.2,2.2,2.2,200,1320,1
FINNIFTY12MAR2422500CE.NFO,2024-03-05,10:37:00,2024-03-12,2.2,2.2,2.2,2.2,200,1320,1
FINNIFTY12MAR2422500CE.NFO,2024-03-05,10:38:00,2024-03-12,2.2,2.2,2.2,2.2,200,1520,0
FINNIFTY12MAR2422500CE.NFO,2024-03-05,10:39:00,2024-03-12,2.2,2.2,2.2,2.2,0,1520,0
FINNIFTY12MAR2422500CE.NFO,2024-03-05,10:40:00,2024-03-12,2.2,2.2,2.2,2.2,0,1520,1
FINNIFTY12MAR2422500CE.NFO,2024-03-05,10:41:00,2024-03-12,2.2,2.2,2.2,2.2,0,1520,1
FINNIFTY12MAR2422500CE.NFO,2024-03-05,10:42:00,2024-03-12,2.2,2.2,2.2,2.2,0,1520,1
FINNIFTY12MAR2422500CE.NFO,2024-03-05,10:43:00,2024-03-12,2.2,2.2,2.2,2.2,80,1720,0
FINNIFTY12MAR2422500CE.NFO,2024-03-05,10:44:00,2024-03-12,2.2,2.2,2.2,2.2,80,1720,1
FINNIFTY12MAR2422500CE.NFO,2024-03-05,10:45:00,2024-03-12,2.2,2.25,2.2,2.25,160,1880,0
FINNIFTY12MAR2422500CE.NFO,2024-03-05,10:46:00,2024-03-12,2.25,2.25,2.25,2.25,80,1880,0
FINNIFTY12MAR2422500CE.NFO,2024-03-05,10:47:00,2024-03-12,2.25,2.25,2.25,2.25,80,1880,0
FINNIFTY12MAR2422500CE.NFO,2024-03-05,10:48:00,2024-03-12,2.25,2.25,2.25,2.25,0,1880,0
FINNIFTY12MAR2422500CE.NFO,2024-03-05,10:49:00,2024-03-12,2.25,2.25,2.25,2.25,0,1880,0
FINNIFTY12MAR2422500CE.NFO,2024-03-05,10:50:00,2024-03-12,2.25,2.25,2.25,2.25,0,1880,0
FINNIFTY12MAR2422500CE.NFO,2024-03-05,10:51:00,2024-03-12,2.25,2.25,2.25,2.25,0,1880,0
FINNIFTY12MAR2422500CE.NFO,2024-03-05,10:52:00,2024-03-12,2.25,2.25,2.25,2.25,0,1880,1
FINNIFTY12MAR2422500CE.NFO,2024-03-05,10:53:00,2024-03-12,2.25,2.25,2.25,2.25,0,1880,1
FINNIFTY12MAR2422500CE.NFO,2024-03-05,10:54:00,2024-03-12,2.25,2.25,2.25,2.25,0,1880,1
FINNIFTY12MAR2422500CE.NFO,2024-03-05,10:55:00,2024-03-12,2.25,2.25,2.25,2.25,0,1880,1
FINNIFTY12MAR2422500CE.NFO,2024-03-05,10:56:00,2024-03-12,2.25,2.25,2.25,2.25,0,1880,0
FINNIFTY12MAR2422500CE.NFO,2024-03-05,10:57:00,2024-03-12,2.25,2.25,2.25,2.25,0,1880,0
FINNIFTY12MAR2422500CE.NFO,2024-03-05,10:58:00,2024-03-12,2.25,2.25,2.25,2.25,0,1880,1
FINNIFTY12MAR2422500CE.NFO,2024-03-05,10:59:00,2024-03-12,2.1,2.1,2.1,2.1,40,2040,0
FINNIFTY12MAR2422500CE.NFO,2024-03-05,11:00:00,2024-03-12,2.1,2.1,2.1,2.1,0,2040,0
FINNIFTY12MAR2422500CE.NFO,2024-03-05,11:01:00,2024-03-12,2.1,2.15,2.1,2.15,200,2080,0
FINNIFTY12MAR2422500CE.NFO,2024-03-05,11:02:00,2024-03-12,2.15,2.15,2.15,2.15,0,2080,0
FINNIFTY12MAR2422500CE.NFO,2024-03-05,11:03:00,2024-03-12,2.15,2.15,2.15,2.15,0,2080,0
FINNIFTY12MAR2422500CE.NFO,2024-03-05,11:04:00,2024-03-12,2.15,2.15,2.15,2.15,0,2080,0
FINNIFTY12MAR2422500CE.NFO,2024-03-05,11:05:00,2024-03-12,2.15,2.15,2.15,2.15,0,2080,0
FINNIFTY12MAR2422500CE.NFO,2024-03-05,11:06:00,2024-03-12,2.15,2.15,2.15,2.15,0,2080,0
FINNIFTY12MAR2422500CE.NFO,2024-03-05,11:07:00,2024-03-12,2.15,2.15,2.15,2.15,0,2080,1
FINNIFTY12MAR2422500CE.NFO,2024-03-05,11:08:00,2024-03-12,1.85,1.85,1.85,1.85,80,2280,0
FINNIFTY12MAR2422500CE.NFO,2024-03-05,11:09:00,2024-03-12,1.85,1.85,1.85,1.85,0,2280,0
FINNIFTY12MAR2422500CE.NFO,2024-03-05,11:10:00,2024-03-12,1.85,1.85,1.85,1.85,0,2280,1
FINNIFTY12MAR2422500CE.NFO,2024-03-05,11:11:00,2024-03-12,1.85,1.85,1.85,1.85,0,2280,0
FINNIFTY12MAR2422500CE.NFO,2024-03-05,11:12:00,2024-03-12,1.85,1.85,1.85,1.85,0,2280,0
FINNIFTY12MAR2422500CE.NFO,2024-03-05,11:13:00,2024-03-12,1.85,1.85,1.65,1.65,400,2360,0
FINNIFTY12MAR2422500CE.NFO,2024-03-05,11:14:00,2024-03-12,1.65,1.8,1.65,1.8,400,2360,0
FINNIFTY12MAR2422500CE.NFO,2024-03-05,11:15:00,2024-03-12,1.8,1.85,1.8,1.85,560,3680,0
FINNIFTY12MAR2422500CE.NFO,2024-03-05,11:16:00,2024-03-12,1.85,1.85,1.85,1.85,0,3680,0
FINNIFTY12MAR2422500CE.NFO,2024-03-05,11:17:00,2024-03-12,1.85,1.85,1.85,1.85,40,3680,0
FINNIFTY12MAR2422500CE.NFO,2024-03-05,11:18:00,2024-03-12,1.85,1.85,1.85,1.85,280,3680,0
FINNIFTY12MAR2422500CE.NFO,2024-03-05,11:19:00,2024-03-12,1.85,1.85,1.85,1.85,280,3680,1
FINNIFTY12MAR2422500CE.NFO,2024-03-05,11:20:00,2024-03-12,2.0,2.0,2.0,2.0,80,3680,0
FINNIFTY12MAR2422500CE.NFO,2024-03-05,11:21:00,2024-03-12,2.0,2.0,2.0,2.0,80,3680,1
FINNIFTY12MAR2422500CE.NFO,2024-03-05,11:22:00,2024-03-12,2.05,2.05,2.05,2.05,1480,3760,0
FINNIFTY12MAR2422500CE.NFO,2024-03-05,11:23:00,2024-03-12,2.05,2.05,2.05,2.05,0,3760,0
FINNIFTY12MAR2422500CE.NFO,2024-03-05,11:24:00,2024-03-12,2.15,2.15,2.15,2.15,320,3760,0
FINNIFTY12MAR2422500CE.NFO,2024-03-05,11:25:00,2024-03-12,2.15,2.15,2.15,2.15,0,3760,0
FINNIFTY12MAR2422500CE.NFO,2024-03-05,11:26:00,2024-03-12,2.15,2.2,2.15,2.2,40,5240,0
FINNIFTY12MAR2422500CE.NFO,2024-03-05,11:27:00,2024-03-12,2.2,2.3,2.2,2.3,840,5760,0
FINNIFTY12MAR2422500CE.NFO,2024-03-05,11:28:00,2024-03-12,2.3,2.3,2.3,2.3,0,5760,0
FINNIFTY12MAR2422500CE.NFO,2024-03-05,11:29:00,2024-03-12,2.25,2.25,2.2,2.2,4880,5760,0
FINNIFTY12MAR2422500CE.NFO,2024-03-05,11:30:00,2024-03-12,2.2,2.25,2.2,2.25,1240,5760,0
FINNIFTY12MAR2422500CE.NFO,2024-03-05,11:31:00,2024-03-12,2.15,2.15,2.0,2.0,1320,11320,0
FINNIFTY12MAR2422500CE.NFO,2024-03-05,11:32:00,2024-03-12,2.0,2.05,1.9,2.05,1120,11320,0
FINNIFTY12MAR2422500CE.NFO,2024-03-05,11:33:00,2024-03-12,2.05,2.05,2.05,2.05,0,11320,0
FINNIFTY12MAR2422500CE.NFO,2024-03-05,11:34:00,2024-03-12,2.05,2.05,2.05,2.05,0,11320,1
FINNIFTY12MAR2422500CE.NFO,2024-03-05,11:35:00,2024-03-12,1.8,2.0,1.8,2.0,360,12320,0
FINNIFTY12MAR2422500CE.NFO,2024-03-05,11:36:00,2024-03-12,2.0,2.0,2.0,2.0,0,12320,0
FINNIFTY12MAR2422500CE.NFO,2024-03-05,11:37:00,2024-03-12,2.0,2.0,2.0,2.0,0,12320,0
FINNIFTY12MAR2422500CE.NFO,2024-03-05,11:38:00,2024-03-12,2.0,2.0,2.0,2.0,0,12320,0
FINNIFTY12MAR2422500CE.NFO,2024-03-05,11:39:00,2024-03-12,2.0,2.0,2.0,2.0,0,12320,0
FINNIFTY12MAR2422500CE.NFO,2024-03-05,11:40:00,2024-03-12,2.0,2.0,2.0,2.0,0,12320,1
FINNIFTY12MAR2422500CE.NFO,2024-03-05,11:41:00,2024-03-12,2.0,2.0,2.0,2.0,0,12320,1
FINNIFTY12MAR2422500CE.NFO,2024-03-05,11:42:00,2024-03-12,2.0,2.0,2.0,2.0,0,12320,0
FINNIFTY12MAR2422500CE.NFO,2024-03-05,11:43:00,2024-03-12,2.0,2.0,2.0,2.0,0,12320,1
FINNIFTY12MAR2422500CE.NFO,2024-03-05,11:44:00,2024-03-12,2.0,2.0,2.0,2.0,0,12320,0
FINNIFTY12MAR2422500CE.NFO,2024-03-05,11:45:00,2024-03-12,2.0,2.0,1.8,1.8,1120,12280,0
FINNIFTY12MAR2422500CE.NFO,2024-03-05,11:46:00,2024-03-12,1.8,1.8,1.8,1.8,0,12280,0
FINNIFTY12MAR2422500CE.NFO,2024-03-05,11:47:00,2024-03-12,1.8,1.85,1.8,1.85,40,13360,0
FINNIFTY12MAR2422500CE.NFO,2024-03-05,11:48:00,2024-03-12,1.85,1.85,1.85,1.85,40,13360,1
FINNIFTY12MAR2422500CE.NFO,2024-03-05,11:49:00,2024-03-12,1.85,1.85,1.85,1.85,0,13360,0
FINNIFTY12MAR2422500CE.NFO,2024-03-05,11:50:00,2024-03-12,1.85,1.85,1.85,1.85,0,13360,0
FINNIFTY12MAR2422500CE.NFO,2024-03-05,11:51:00,2024-03-12,1.85,1.85,1.85,1.85,0,13360,0
FINNIFTY12MAR2422500CE.NFO,2024-03-05,11:52:00,2024-03-12,1.85,1.85,1.75,1.75,800,13320,0
FINNIFTY12MAR2422500CE.NFO,2024-03-05,11:53:00,2024-03-12,1.75,1.75,1.65,1.65,3640,13320,0
FINNIFTY12MAR2422500CE.NFO,2024-03-05,11:54:00,2024-03-12,1.7,1.8,1.65,1.8,4320,13320,0
FINNIFTY12MAR2422500CE.NFO,2024-03-05,11:55:00,2024-03-12,1.8,1.85,1.8,1.85,80,13440,0
FINNIFTY12MAR2422500CE.NFO,2024-03-05,11:56:00,2024-03-12,1.85,1.95,1.85,1.95,1160,13440,0
FINNIFTY12MAR2422500CE.NFO,2024-03-05,11:57:00,2024-03-12,1.95,1.95,1.95,1.95,80,13440,0
FINNIFTY12MAR2422500CE.NFO,2024-03-05,11:58:00,2024-03-12,2.0,2.0,2.0,2.0,40,13040,0
FINNIFTY12MAR2422500CE.NFO,2024-03-05,11:59:00,2024-03-12,2.0,2.0,2.0,2.0,40,13040,1
FINNIFTY12MAR2422500CE.NFO,2024-03-05,12:00:00,2024-03-12,2.0,2.0,2.0,2.0,0,13040,0
FINNIFTY12MAR2422500CE.NFO,2024-03-05,12:01:00,2024-03-12,2.0,2.0,2.0,2.0,0,13040,1
FINNIFTY12MAR2422500CE.NFO,2024-03-05,12:02:00,2024-03-12,2.0,2.0,2.0,2.0,0,13040,0
FINNIFTY12MAR2422500CE.NFO,2024-03-05,12:03:00,2024-03-12,1.9,1.9,1.9,1.9,320,13040,0
FINNIFTY12MAR2422500CE.NFO,2024-03-05,12:04:00,2024-03-12,1.9,1.9,1.9,1.9,320,13040,1
FINNIFTY12MAR2422500CE.NFO,2024-03-05,12:05:00,2024-03-12,1.9,1.9,1.9,1.9,320,13040,1
FINNIFTY12MAR2422500CE.NFO,2024-03-05,12:06:00,2024-03-12,1.9,1.9,1.9,1.9,320,13040,1
FINNIFTY12MAR2422500CE.NFO,2024-03-05,12:07:00,2024-03-12,1.9,1.9,1.9,1.9,0,13040,0
FINNIFTY12MAR2422500CE.NFO,2024-03-05,12:08:00,2024-03-12,1.9,1.9,1.9,1.9,0,13040,0
FINNIFTY12MAR2422500CE.NFO,2024-03-05,12:09:00,2024-03-12,1.9,1.9,1.9,1.9,0,13040,0
FINNIFTY12MAR2422500CE.NFO,2024-03-05,12:10:00,2024-03-12,1.9,1.9,1.9,1.9,0,13040,0
FINNIFTY12MAR2422500CE.NFO,2024-03-05,12:11:00,2024-03-12,1.9,2.0,1.9,2.0,3000,12880,0
FINNIFTY12MAR2422500CE.NFO,2024-03-05,12:12:00,2024-03-12,2.0,2.0,2.0,2.0,1800,12880,0
FINNIFTY12MAR2422500CE.NFO,2024-03-05,12:13:00,2024-03-12,2.0,2.05,2.0,2.05,960,14120,0
FINNIFTY12MAR2422500CE.NFO,2024-03-05,12:14:00,2024-03-12,2.05,2.05,2.0,2.0,2480,14120,0
FINNIFTY12MAR2422500CE.NFO,2024-03-05,12:15:00,2024-03-12,2.0,2.0,2.0,2.0,2480,14120,1
FINNIFTY12MAR2422500CE.NFO,2024-03-05,12:16:00,2024-03-12,2.0,2.0,2.0,2.0,2480,14120,1
FINNIFTY12MAR2422500CE.NFO,2024-03-05,12:17:00,2024-03-12,2.0,2.0,2.0,2.0,0,14120,0
FINNIFTY12MAR2422500CE.NFO,2024-03-05,12:18:00,2024-03-12,2.0,2.0,2.0,2.0,0,14120,1
FINNIFTY12MAR2422500CE.NFO,2024-03-05,12:19:00,2024-03-12,2.0,2.0,2.0,2.0,0,14120,1
FINNIFTY12MAR2422500CE.NFO,2024-03-05,12:20:00,2024-03-12,1.95,2.0,1.95,2.0,200,13960,0
FINNIFTY12MAR2422500CE.NFO,2024-03-05,12:21:00,2024-03-12,2.0,2.0,2.0,2.0,0,13960,0
FINNIFTY12MAR2422500CE.NFO,2024-03-05,12:22:00,2024-03-12,2.0,2.0,2.0,2.0,0,13960,1
FINNIFTY12MAR2422500CE.NFO,2024-03-05,12:23:00,2024-03-12,2.0,2.0,2.0,2.0,0,13960,1
FINNIFTY12MAR2422500CE.NFO,2024-03-05,12:24:00,2024-03-12,2.0,2.0,2.0,2.0,0,13960,1
FINNIFTY12MAR2422500CE.NFO,2024-03-05,12:25:00,2024-03-12,2.0,2.0,2.0,2.0,0,13960,1
FINNIFTY12MAR2422500CE.NFO,2024-03-05,12:26:00,2024-03-12,2.0,2.0,2.0,2.0,0,13960,1
FINNIFTY12MAR2422500CE.NFO,2024-03-05,12:27:00,2024-03-12,2.0,2.0,2.0,2.0,0,13960,1
FINNIFTY12MAR2422500CE.NFO,2024-03-05,12:28:00,2024-03-12,2.0,2.0,2.0,2.0,0,13960,1
FINNIFTY12MAR2422500CE.NFO,2024-03-05,12:29:00,2024-03-12,2.0,2.0,2.0,2.0,0,13960,1
FINNIFTY12MAR2422500CE.NFO,2024-03-05,12:30:00,2024-03-12,2.0,2.0,2.0,2.0,0,13960,1
FINNIFTY12MAR2422500CE.NFO,2024-03-05,12:31:00,2024-03-12,2.0,2.0,2.0,2.0,0,13960,1
FINNIFTY12MAR2422500CE.NFO,2024-03-05,12:32:00,2024-03-12,2.0,2.0,2.0,2.0,0,13960,1
FINNIFTY12MAR2422500CE.NFO,2024-03-05,12:33:00,2024-03-12,2.0,2.0,2.0,2.0,0,13960,1
FINNIFTY12MAR2422500CE.NFO,2024-03-05,12:34:00,2024-03-12,2.0,2.0,2.0,2.0,0,13960,1
FINNIFTY12MAR2422500CE.NFO,2024-03-05,12:35:00,2024-03-12,2.0,2.0,2.0,2.0,0,13960,0
FINNIFTY12MAR2422500CE.NFO,2024-03-05,12:36:00,2024-03-12,2.0,2.0,2.0,2.0,0,13960,1
FINNIFTY12MAR2422500CE.NFO,2024-03-05,12:37:00,2024-03-12,2.0,2.0,2.0,2.0,0,13960,1
FINNIFTY12MAR2422500CE.NFO,2024-03-05,12:38:00,2024-03-12,2.0,2.0,2.0,2.0,0,13960,1
FINNIFTY12MAR2422500CE.NFO,2024-03-05,12:39:00,2024-03-12,1.95,1.95,1.95,1.95,40,13960,0
FINNIFTY12MAR2422500CE.NFO,2024-03-05,12:40:00,2024-03-12,1.95,1.95,1.95,1.95,0,13960,0
FINNIFTY12MAR2422500CE.NFO,2024-03-05,12:41:00,2024-03-12,1.95,1.95,1.95,1.95,0,13960,0
FINNIFTY12MAR2422500CE.NFO,2024-03-05,12:42:00,2024-03-12,1.95,1.95,1.95,1.95,0,13960,0
FINNIFTY12MAR2422500CE.NFO,2024-03-05,12:43:00,2024-03-12,1.95,1.95,1.95,1.95,0,13960,1
FINNIFTY12MAR2422500CE.NFO,2024-03-05,12:44:00,2024-03-12,1.95,1.95,1.95,1.95,0,13960,0
FINNIFTY12MAR2422500CE.NFO,2024-03-05,12:45:00,2024-03-12,1.95,1.95,1.95,1.95,0,13960,1
FINNIFTY12MAR2422500CE.NFO,2024-03-05,12:46:00,2024-03-12,1.95,1.95,1.95,1.95,0,13960,0
FINNIFTY12MAR2422500CE.NFO,2024-03-05,12:47:00,2024-03-12,1.95,1.95,1.95,1.95,0,13960,1
FINNIFTY12MAR2422500CE.NFO,2024-03-05,12:48:00,2024-03-12,1.95,1.95,1.95,1.95,0,13960,1
FINNIFTY12MAR2422500CE.NFO,2024-03-05,12:49:00,2024-03-12,1.95,1.95,1.8,1.9,320,13960,0
FINNIFTY12MAR2422500CE.NFO,2024-03-05,12:50:00,2024-03-12,1.9,1.9,1.9,1.9,320,13960,1
FINNIFTY12MAR2422500CE.NFO,2024-03-05,12:51:00,2024-03-12,1.9,1.9,1.9,1.9,0,13960,0
FINNIFTY12MAR2422500CE.NFO,2024-03-05,12:52:00,2024-03-12,1.9,1.9,1.85,1.85,40,14160,0
FINNIFTY12MAR2422500CE.NFO,2024-03-05,12:53:00,2024-03-12,1.85,1.85,1.85,1.85,0,14160,0
FINNIFTY12MAR2422500CE.NFO,2024-03-05,12:54:00,2024-03-12,1.85,1.85,1.85,1.85,0,14160,0
FINNIFTY12MAR2422500CE.NFO,2024-03-05,12:55:00,2024-03-12,1.85,1.85,1.85,1.85,0,14160,1
FINNIFTY12MAR2422500CE.NFO,2024-03-05,12:56:00,2024-03-12,1.85,1.85,1.85,1.85,0,14160,1
FINNIFTY12MAR2422500CE.NFO,2024-03-05,12:57:00,2024-03-12,1.85,1.85,1.85,1.85,0,14160,0
FINNIFTY12MAR2422500CE.NFO,2024-03-05,12:58:00,2024-03-12,1.85,1.85,1.85,1.85,0,14160,1
FINNIFTY12MAR2422500CE.NFO,2024-03-05,12:59:00,2024-03-12,1.85,1.85,1.85,1.85,0,14160,1
FINNIFTY12MAR2422500CE.NFO,2024-03-05,13:00:00,2024-03-12,1.85,1.85,1.85,1.85,0,14160,0
FINNIFTY12MAR2422500CE.NFO,2024-03-05,13:01:00,2024-03-12,1.85,1.85,1.85,1.85,0,14160,1
FINNIFTY12MAR2422500CE.NFO,2024-03-05,13:02:00,2024-03-12,1.85,1.85,1.85,1.85,0,14160,0
FINNIFTY12MAR2422500CE.NFO,2024-03-05,13:03:00,2024-03-12,1.85,1.85,1.85,1.85,0,14160,1
FINNIFTY12MAR2422500CE.NFO,2024-03-05,13:04:00,2024-03-12,1.85,1.85,1.85,1.85,0,14160,0
FINNIFTY12MAR2422500CE.NFO,2024-03-05,13:05:00,2024-03-12,1.85,1.85,1.85,1.85,0,14160,0
FINNIFTY12MAR2422500CE.NFO,2024-03-05,13:06:00,2024-03-12,1.85,1.85,1.85,1.85,0,14160,1
FINNIFTY12MAR2422500CE.NFO,2024-03-05,13:07:00,2024-03-12,1.9,1.9,1.9,1.9,200,14160,0
FINNIFTY12MAR2422500CE.NFO,2024-03-05,13:08:00,2024-03-12,1.85,1.85,1.85,1.85,200,14160,0
FINNIFTY12MAR2422500CE.NFO,2024-03-05,13:09:00,2024-03-12,1.85,1.85,1.8,1.8,200,14160,0
FINNIFTY12MAR2422500CE.NFO,2024-03-05,13:10:00,2024-03-12,1.8,1.85,1.8,1.85,40,14520,0
FINNIFTY12MAR2422500CE.NFO,2024-03-05,13:11:00,2024-03-12,1.85,1.85,1.85,1.85,0,14520,0
FINNIFTY12MAR2422500CE.NFO,2024-03-05,13:12:00,2024-03-12,1.8,1.8,1.75,1.75,1360,14520,0
FINNIFTY12MAR2422500CE.NFO,2024-03-05,13:13:00,2024-03-12,1.75,1.75,1.75,1.75,0,14520,0
FINNIFTY12MAR2422500CE.NFO,2024-03-05,13:14:00,2024-03-12,1.8,1.8,1.75,1.75,80,14840,0
FINNIFTY12MAR2422500CE.NFO,2024-03-05,13:15:00,2024-03-12,1.75,1.85,1.75,1.85,120,14840,0
FINNIFTY12MAR2422500CE.NFO,2024-03-05,13:16:00,2024-03-12,1.85,1.85,1.85,1.85,120,14840,1
FINNIFTY12MAR2422500CE.NFO,2024-03-05,13:17:00,2024-03-12,1.85,1.85,1.85,1.85,0,14840,0
FINNIFTY12MAR2422500CE.NFO,2024-03-05,13:18:00,2024-03-12,1.85,1.85,1.85,1.85,200,14920,0
FINNIFTY12MAR2422500CE.NFO,2024-03-05,13:19:00,2024-03-12,1.85,1.85,1.85,1.85,200,14920,1
FINNIFTY12MAR2422500CE.NFO,2024-03-05,13:20:00,2024-03-12,1.85,1.85,1.8,1.8,0,14920,0
FINNIFTY12MAR2422500CE.NFO,2024-03-05,13:21:00,2024-03-12,1.8,1.8,1.8,1.8,40,14920,0
FINNIFTY12MAR2422500CE.NFO,2024-03-05,13:22:00,2024-03-12,1.8,1.8,1.8,1.8,40,14920,1
FINNIFTY12MAR2422500CE.NFO,2024-03-05,13:23:00,2024-03-12,1.8,1.8,1.8,1.8,0,14920,0
FINNIFTY12MAR2422500CE.NFO,2024-03-05,13:24:00,2024-03-12,1.8,1.8,1.8,1.8,0,14920,1
FINNIFTY12MAR2422500CE.NFO,2024-03-05,13:25:00,2024-03-12,1.75,1.8,1.75,1.8,80,14960,0
FINNIFTY12MAR2422500CE.NFO,2024-03-05,13:26:00,2024-03-12,1.8,1.8,1.8,1.8,0,14960,0
FINNIFTY12MAR2422500CE.NFO,2024-03-05,13:27:00,2024-03-12,1.8,1.8,1.8,1.8,40,14960,0
FINNIFTY12MAR2422500CE.NFO,2024-03-05,13:28:00,2024-03-12,1.8,1.8,1.8,1.8,40,15040,0
FINNIFTY12MAR2422500CE.NFO,2024-03-05,13:29:00,2024-03-12,1.8,1.8,1.8,1.8,1320,15040,0
FINNIFTY12MAR2422500CE.NFO,2024-03-05,13:30:00,2024-03-12,1.8,1.8,1.8,1.8,1320,15040,1
FINNIFTY12MAR2422500CE.NFO,2024-03-05,13:31:00,2024-03-12,1.8,1.8,1.8,1.8,1320,15040,1
FINNIFTY12MAR2422500CE.NFO,2024-03-05,13:32:00,2024-03-12,1.8,1.8,1.8,1.8,1320,15040,1
FINNIFTY12MAR2422500CE.NFO,2024-03-05,13:33:00,2024-03-12,1.8,1.8,1.8,1.8,0,15040,0
FINNIFTY12MAR2422500CE.NFO,2024-03-05,13:34:00,2024-03-12,1.8,1.8,1.8,1.8,0,15040,1
FINNIFTY12MAR2422500CE.NFO,2024-03-05,13:35:00,2024-03-12,1.9,1.9,1.9,1.9,400,16400,0
FINNIFTY12MAR2422500CE.NFO,2024-03-05,13:36:00,2024-03-12,1.9,1.9,1.9,1.9,400,16400,1
FINNIFTY12MAR2422500CE.NFO,2024-03-05,13:37:00,2024-03-12,1.9,1.9,1.9,1.9,400,16400,1
FINNIFTY12MAR2422500CE.NFO,2024-03-05,13:38:00,2024-03-12,1.9,1.9,1.9,1.9,400,16400,1
FINNIFTY12MAR2422500CE.NFO,2024-03-05,13:39:00,2024-03-12,1.9,1.9,1.9,1.9,400,16400,1
FINNIFTY12MAR2422500CE.NFO,2024-03-05,13:40:00,2024-03-12,1.9,1.9,1.9,1.9,0,16400,0
FINNIFTY12MAR2422500CE.NFO,2024-03-05,13:41:00,2024-03-12,1.9,1.9,1.9,1.9,0,16400,1
FINNIFTY12MAR2422500CE.NFO,2024-03-05,13:42:00,2024-03-12,1.85,1.85,1.85,1.85,40,16800,0
FINNIFTY12MAR2422500CE.NFO,2024-03-05,13:43:00,2024-03-12,1.85,1.85,1.85,1.85,40,16840,0
FINNIFTY12MAR2422500CE.NFO,2024-03-05,13:44:00,2024-03-12,1.85,1.85,1.85,1.85,40,16840,1
FINNIFTY12MAR2422500CE.NFO,2024-03-05,13:45:00,2024-03-12,1.85,1.85,1.85,1.85,0,16840,0
FINNIFTY12MAR2422500CE.NFO,2024-03-05,13:46:00,2024-03-12,1.85,1.85,1.85,1.85,0,16840,0
FINNIFTY12MAR2422500CE.NFO,2024-03-05,13:47:00,2024-03-12,1.85,1.85,1.85,1.85,0,16840,1
FINNIFTY12MAR2422500CE.NFO,2024-03-05,13:48:00,2024-03-12,1.85,1.85,1.8,1.8,200,16880,0
FINNIFTY12MAR2422500CE.NFO,2024-03-05,13:49:00,2024-03-12,1.8,1.8,1.75,1.75,40,17080,0
FINNIFTY12MAR2422500CE.NFO,2024-03-05,13:50:00,2024-03-12,1.75,1.75,1.75,1.75,40,17080,0
FINNIFTY12MAR2422500CE.NFO,2024-03-05,13:51:00,2024-03-12,1.75,1.75,1.75,1.75,0,17080,0
FINNIFTY12MAR2422500CE.NFO,2024-03-05,13:52:00,2024-03-12,1.75,1.75,1.75,1.75,0,17080,0
FINNIFTY12MAR2422500CE.NFO,2024-03-05,13:53:00,2024-03-12,1.75,1.75,1.75,1.75,40,17160,0
FINNIFTY12MAR2422500CE.NFO,2024-03-05,13:54:00,2024-03-12,1.75,1.75,1.75,1.75,280,17160,0
FINNIFTY12MAR2422500CE.NFO,2024-03-05,13:55:00,2024-03-12,1.75,1.75,1.75,1.75,0,17160,0
FINNIFTY12MAR2422500CE.NFO,2024-03-05,13:56:00,2024-03-12,1.75,1.75,1.75,1.75,0,17160,0
FINNIFTY12MAR2422500CE.NFO,2024-03-05,13:57:00,2024-03-12,1.75,1.8,1.75,1.8,80,17120,0
FINNIFTY12MAR2422500CE.NFO,2024-03-05,13:58:00,2024-03-12,1.8,1.8,1.8,1.8,0,17120,0
FINNIFTY12MAR2422500CE.NFO,2024-03-05,13:59:00,2024-03-12,1.8,1.8,1.8,1.8,40,17160,0
FINNIFTY12MAR2422500CE.NFO,2024-03-05,14:00:00,2024-03-12,1.8,1.8,1.8,1.8,40,17160,1
FINNIFTY12MAR2422500CE.NFO,2024-03-05,14:01:00,2024-03-12,1.8,1.8,1.8,1.8,0,17160,0
FINNIFTY12MAR2422500CE.NFO,2024-03-05,14:02:00,2024-03-12,1.8,1.8,1.8,1.8,0,17160,0
FINNIFTY12MAR2422500CE.NFO,2024-03-05,14:03:00,2024-03-12,1.8,1.8,1.8,1.8,0,17160,1
FINNIFTY12MAR2422500CE.NFO,2024-03-05,14:04:00,2024-03-12,1.8,1.8,1.75,1.75,120,17200,0
FINNIFTY12MAR2422500CE.NFO,2024-03-05,14:05:00,2024-03-12,1.75,1.75,1.75,1.75,120,17200,1
FINNIFTY12MAR2422500CE.NFO,2024-03-05,14:06:00,2024-03-12,1.75,1.75,1.75,1.75,120,17200,1
FINNIFTY12MAR2422500CE.NFO,2024-03-05,14:07:00,2024-03-12,1.75,1.75,1.75,1.75,120,17200,1
FINNIFTY12MAR2422500CE.NFO,2024-03-05,14:08:00,2024-03-12,1.75,1.75,1.75,1.75,0,17200,0
FINNIFTY12MAR2422500CE.NFO,2024-03-05,14:09:00,2024-03-12,1.75,1.75,1.75,1.75,0,17200,1
FINNIFTY12MAR2422500CE.NFO,2024-03-05,14:10:00,2024-03-12,1.75,1.75,1.75,1.75,0,17200,0
FINNIFTY12MAR2422500CE.NFO,2024-03-05,14:11:00,2024-03-12,1.75,1.75,1.75,1.75,0,17200,1
FINNIFTY12MAR2422500CE.NFO,2024-03-05,14:12:00,2024-03-12,1.75,1.75,1.75,1.75,0,17200,1
FINNIFTY12MAR2422500CE.NFO,2024-03-05,14:13:00,2024-03-12,1.75,1.75,1.75,1.75,0,17200,1
FINNIFTY12MAR2422500CE.NFO,2024-03-05,14:14:00,2024-03-12,1.75,1.75,1.75,1.75,0,17200,0
FINNIFTY12MAR2422500CE.NFO,2024-03-05,14:15:00,2024-03-12,1.75,1.75,1.75,1.75,0,17200,0
FINNIFTY12MAR2422500CE.NFO,2024-03-05,14:16:00,2024-03-12,1.75,1.75,1.75,1.75,0,17200,0
FINNIFTY12MAR2422500CE.NFO,2024-03-05,14:17:00,2024-03-12,1.75,1.75,1.75,1.75,0,17200,0
FINNIFTY12MAR2422500CE.NFO,2024-03-05,14:18:00,2024-03-12,1.75,1.75,1.75,1.75,0,17200,0
FINNIFTY12MAR2422500CE.NFO,2024-03-05,14:19:00,2024-03-12,1.75,1.75,1.75,1.75,0,17200,0
FINNIFTY12MAR2422500CE.NFO,2024-03-05,14:20:00,2024-03-12,1.75,1.75,1.75,1.75,120,17200,0
FINNIFTY12MAR2422500CE.NFO,2024-03-05,14:21:00,2024-03-12,1.75,1.75,1.75,1.75,120,17200,1
FINNIFTY12MAR2422500CE.NFO,2024-03-05,14:22:00,2024-03-12,1.75,1.75,1.75,1.75,0,17200,0
FINNIFTY12MAR2422500CE.NFO,2024-03-05,14:23:00,2024-03-12,1.75,1.75,1.75,1.75,0,17200,0
FINNIFTY12MAR2422500CE.NFO,2024-03-05,14:24:00,2024-03-12,1.75,1.75,1.75,1.75,0,17200,1
FINNIFTY12MAR2422500CE.NFO,2024-03-05,14:25:00,2024-03-12,1.75,1.75,1.75,1.75,0,17200,0
FINNIFTY12MAR2422500CE.NFO,2024-03-05,14:26:00,2024-03-12,1.75,1.75,1.75,1.75,0,17200,0
FINNIFTY12MAR2422500CE.NFO,2024-03-05,14:27:00,2024-03-12,1.75,1.75,1.75,1.75,0,17200,0
FINNIFTY12MAR2422500CE.NFO,2024-03-05,14:28:00,2024-03-12,1.75,1.75,1.75,1.75,0,17200,0
FINNIFTY12MAR2422500CE.NFO,2024-03-05,14:29:00,2024-03-12,1.75,1.75,1.75,1.75,0,17200,1
FINNIFTY12MAR2422500CE.NFO,2024-03-05,14:30:00,2024-03-12,1.75,1.75,1.75,1.75,0,17200,0
FINNIFTY12MAR2422500CE.NFO,2024-03-05,14:31:00,2024-03-12,1.75,1.75,1.75,1.75,0,17200,0
FINNIFTY12MAR2422500CE.NFO,2024-03-05,14:32:00,2024-03-12,1.75,1.75,1.75,1.75,0,17200,1
FINNIFTY12MAR2422500CE.NFO,2024-03-05,14:33:00,2024-03-12,1.75,1.75,1.75,1.75,0,17200,1
FINNIFTY12MAR2422500CE.NFO,2024-03-05,14:34:00,2024-03-12,1.75,1.75,1.75,1.75,0,17200,0
FINNIFTY12MAR2422500CE.NFO,2024-03-05,14:35:00,2024-03-12,1.75,1.75,1.75,1.75,0,17200,0
FINNIFTY12MAR2422500CE.NFO,2024-03-05,14:36:00,2024-03-12,1.75,1.75,1.75,1.75,0,17200,1
FINNIFTY12MAR2422500CE.NFO,2024-03-05,14:37:00,2024-03-12,1.75,1.75,1.75,1.75,400,17200,0
FINNIFTY12MAR2422500CE.NFO,2024-03-05,14:38:00,2024-03-12,1.75,1.75,1.75,1.75,0,17200,0
FINNIFTY12MAR2422500CE.NFO,2024-03-05,14:39:00,2024-03-12,1.75,1.75,1.75,1.75,0,17200,0
FINNIFTY12MAR2422500CE.NFO,2024-03-05,14:40:00,2024-03-12,1.75,1.75,1.7,1.7,320,17680,0
FINNIFTY12MAR2422500CE.NFO,2024-03-05,14:41:00,2024-03-12,1.7,1.7,1.7,1.7,240,17680,0
FINNIFTY12MAR2422500CE.NFO,2024-03-05,14:42:00,2024-03-12,1.7,1.7,1.7,1.7,240,17680,1
FINNIFTY12MAR2422500CE.NFO,2024-03-05,14:43:00,2024-03-12,1.7,1.7,1.7,1.7,0,17680,0
FINNIFTY12MAR2422500CE.NFO,2024-03-05,14:44:00,2024-03-12,1.7,1.7,1.7,1.7,0,17680,0
FINNIFTY12MAR2422500CE.NFO,2024-03-05,14:45:00,2024-03-12,1.7,1.7,1.65,1.65,80,17840,0
FINNIFTY12MAR2422500CE.NFO,2024-03-05,14:46:00,2024-03-12,1.65,1.65,1.65,1.65,0,17840,0
FINNIFTY12MAR2422500CE.NFO,2024-03-05,14:47:00,2024-03-12,1.65,1.65,1.65,1.65,0,17840,0
FINNIFTY12MAR2422500CE.NFO,2024-03-05,14:48:00,2024-03-12,1.65,1.65,1.65,1.65,0,17840,1
FINNIFTY12MAR2422500CE.NFO,2024-03-05,14:49:00,2024-03-12,1.65,1.65,1.65,1.65,0,17840,1
FINNIFTY12MAR2422500CE.NFO,2024-03-05,14:50:00,2024-03-12,1.7,1.7,1.7,1.7,80,17840,0
FINNIFTY12MAR2422500CE.NFO,2024-03-05,14:51:00,2024-03-12,1.7,1.7,1.7,1.7,0,17840,0
FINNIFTY12MAR2422500CE.NFO,2024-03-05,14:52:00,2024-03-12,1.7,1.7,1.7,1.7,0,17840,1
FINNIFTY12MAR2422500CE.NFO,2024-03-05,14:53:00,2024-03-12,1.7,1.7,1.7,1.7,0,17840,0
FINNIFTY12MAR2422500CE.NFO,2024-03-05,14:54:00,2024-03-12,1.7,1.7,1.7,1.7,0,17840,0
FINNIFTY12MAR2422500CE.NFO,2024-03-05,14:55:00,2024-03-12,1.7,1.7,1.7,1.7,200,17920,0
FINNIFTY12MAR2422500CE.NFO,2024-03-05,14:56:00,2024-03-12,1.7,1.7,1.7,1.7,0,17920,0
FINNIFTY12MAR2422500CE.NFO,2024-03-05,14:57:00,2024-03-12,1.7,1.7,1.7,1.7,0,17920,0
FINNIFTY12MAR2422500CE.NFO,2024-03-05,14:58:00,2024-03-12,1.7,1.7,1.65,1.65,120,17920,0
FINNIFTY12MAR2422500CE.NFO,2024-03-05,14:59:00,2024-03-12,1.65,1.65,1.65,1.65,0,17920,0
FINNIFTY12MAR2422500CE.NFO,2024-03-05,15:00:00,2024-03-12,1.7,1.7,1.7,1.7,320,17840,0
FINNIFTY12MAR2422500CE.NFO,2024-03-05,15:01:00,2024-03-12,1.7,1.7,1.7,1.7,0,17840,0
FINNIFTY12MAR2422500CE.NFO,2024-03-05,15:02:00,2024-03-12,1.65,1.65,1.65,1.65,1400,18160,0
FINNIFTY12MAR2422500CE.NFO,2024-03-05,15:03:00,2024-03-12,1.55,1.55,1.5,1.5,2320,18160,0
FINNIFTY12MAR2422500CE.NFO,2024-03-05,15:04:00,2024-03-12,1.5,1.5,1.5,1.5,0,18160,0
FINNIFTY12MAR2422500CE.NFO,2024-03-05,15:05:00,2024-03-12,1.5,1.5,1.45,1.5,5120,20360,0
FINNIFTY12MAR2422500CE.NFO,2024-03-05,15:06:00,2024-03-12,1.5,1.55,1.5,1.5,1960,20360,0
FINNIFTY12MAR2422500CE.NFO,2024-03-05,15:07:00,2024-03-12,1.5,1.5,1.45,1.5,120,20360,0
FINNIFTY12MAR2422500CE.NFO,2024-03-05,15:08:00,2024-03-12,1.4,1.4,1.4,1.4,1280,26800,0
FINNIFTY12MAR2422500CE.NFO,2024-03-05,15:09:00,2024-03-12,1.4,1.7,1.4,1.7,4480,26800,0
FINNIFTY12MAR2422500CE.NFO,2024-03-05,15:10:00,2024-03-12,1.7,1.7,1.6,1.6,1640,30240,0
FINNIFTY12MAR2422500CE.NFO,2024-03-05,15:11:00,2024-03-12,1.6,1.6,1.5,1.5,40,30240,0
FINNIFTY12MAR2422500CE.NFO,2024-03-05,15:12:00,2024-03-12,1.5,1.5,1.5,1.5,600,30240,0
FINNIFTY12MAR2422500CE.NFO,2024-03-05,15:13:00,2024-03-12,1.5,1.5,1.5,1.5,120,30240,0
FINNIFTY12MAR2422500CE.NFO,2024-03-05,15:14:00,2024-03-12,1.55,1.55,1.55,1.55,40,30320,0
FINNIFTY12MAR2422500CE.NFO,2024-03-05,15:15:00,2024-03-12,1.55,1.55,1.5,1.5,80,30320,0
FINNIFTY12MAR2422500CE.NFO,2024-03-05,15:16:00,2024-03-12,1.5,1.5,1.5,1.5,80,30320,1
FINNIFTY12MAR2422500CE.NFO,2024-03-05,15:17:00,2024-03-12,1.5,1.5,1.5,1.5,400,30320,0
FINNIFTY12MAR2422500CE.NFO,2024-03-05,15:18:00,2024-03-12,1.5,1.5,1.5,1.5,160,30320,0
FINNIFTY12MAR2422500CE.NFO,2024-03-05,15:19:00,2024-03-12,1.5,1.5,1.4,1.4,320,29800,0
FINNIFTY12MAR2422500CE.NFO,2024-03-05,15:20:00,2024-03-12,1.4,1.4,1.4,1.4,160,29800,0
FINNIFTY12MAR2422500CE.NFO,2024-03-05,15:21:00,2024-03-12,1.4,1.45,1.4,1.45,80,29800,0
FINNIFTY12MAR2422500CE.NFO,2024-03-05,15:22:00,2024-03-12,1.45,1.5,1.45,1.5,480,29920,0
FINNIFTY12MAR2422500CE.NFO,2024-03-05,15:23:00,2024-03-12,1.5,1.5,1.5,1.5,640,29920,0
FINNIFTY12MAR2422500CE.NFO,2024-03-05,15:24:00,2024-03-12,1.45,1.5,1.45,1.5,2560,29920,0
FINNIFTY12MAR2422500CE.NFO,2024-03-05,15:25:00,2024-03-12,1.5,1.55,1.45,1.55,3480,34200,0
FINNIFTY12MAR2422500CE.NFO,2024-03-05,15:26:00,2024-03-12,1.55,1.55,1.5,1.5,2240,34200,0
FINNIFTY12MAR2422500CE.NFO,2024-03-05,15:27:00,2024-03-12,1.5,1.5,1.45,1.45,2920,34200,0
FINNIFTY12MAR2422500CE.NFO,2024-03-05,15:28:00,2024-03-12,1.45,1.5,1.4,1.5,3400,41360,0
FINNIFTY12MAR2422500CE.NFO,2024-03-05,15:29:00,2024-03-12,1.5,1.55,1.4,1.4,7560,41360,0
FINNIFTY12MAR2422500CE.NFO,2024-03-05,15:30:00,2024-03-12,1.4,1.4,1.4,1.4,7560,41360,1
FINNIFTY12MAR2422500CE.NFO,2024-03-06,09:15:00,2024-03-12,1.6,1.6,1.5,1.5,1040,52440,0
FINNIFTY12MAR2422500CE.NFO,2024-03-06,09:16:00,2024-03-12,1.5,1.6,1.4,1.5,11000,52440,0
FINNIFTY12MAR2422500CE.NFO,2024-03-06,09:17:00,2024-03-12,1.5,1.5,1.45,1.45,4200,52440,0
FINNIFTY12MAR2422500CE.NFO,2024-03-06,09:18:00,2024-03-12,1.4,1.5,1.4,1.5,2240,52440,0
FINNIFTY12MAR2422500CE.NFO,2024-03-06,09:19:00,2024-03-12,1.5,1.5,1.45,1.45,1520,55240,0
FINNIFTY12MAR2422500CE.NFO,2024-03-06,09:20:00,2024-03-12,1.45,1.65,1.45,1.6,8800,55240,0
FINNIFTY12MAR2422500CE.NFO,2024-03-06,09:21:00,2024-03-12,1.6,1.7,1.55,1.6,4840,51760,0
FINNIFTY12MAR2422500CE.NFO,2024-03-06,09:22:00,2024-03-12,1.6,1.7,1.6,1.6,2400,51760,0
FINNIFTY12MAR2422500CE.NFO,2024-03-06,09:23:00,2024-03-12,1.6,1.65,1.55,1.6,6080,51760,0
FINNIFTY12MAR2422500CE.NFO,2024-03-06,09:24:00,2024-03-12,1.55,1.65,1.55,1.6,1320,49480,0
FINNIFTY12MAR2422500CE.NFO,2024-03-06,09:25:00,2024-03-12,1.6,1.6,1.55,1.6,6880,49480,0
FINNIFTY12MAR2422500CE.NFO,2024-03-06,09:26:00,2024-03-12,1.6,1.6,1.55,1.6,6560,49480,0
FINNIFTY12MAR2422500CE.NFO,2024-03-06,09:27:00,2024-03-12,1.6,1.7,1.6,1.7,5880,39440,0
FINNIFTY12MAR2422500CE.NFO,2024-03-06,09:28:00,2024-03-12,1.65,1.7,1.55,1.55,2720,39440,0
FINNIFTY12MAR2422500CE.NFO,2024-03-06,09:29:00,2024-03-12,1.55,1.65,1.55,1.6,840,39440,0
FINNIFTY12MAR2422500CE.NFO,2024-03-06,09:30:00,2024-03-12,1.65,1.65,1.6,1.65,1040,39440,0
FINNIFTY12MAR2422500CE.NFO,2024-03-06,09:31:00,2024-03-12,1.65,1.65,1.65,1.65,280,42160,0
FINNIFTY12MAR2422500CE.NFO,2024-03-06,09:32:00,2024-03-12,1.6,1.65,1.6,1.6,1200,42160,0
FINNIFTY12MAR2422500CE.NFO,2024-03-06,09:33:00,2024-03-12,1.6,1.6,1.55,1.55,2200,44720,0
FINNIFTY12MAR2422500CE.NFO,2024-03-06,09:34:00,2024-03-12,1.55,1.6,1.55,1.6,280,44720,0
FINNIFTY12MAR2422500CE.NFO,2024-03-06,09:35:00,2024-03-12,1.6,1.65,1.6,1.6,2160,44720,0
FINNIFTY12MAR2422500CE.NFO,2024-03-06,09:36:00,2024-03-12,1.6,1.65,1.6,1.6,280,44720,0
FINNIFTY12MAR2422500CE.NFO,2024-03-06,09:37:00,2024-03-12,1.6,1.7,1.6,1.65,1280,45920,0
FINNIFTY12MAR2422500CE.NFO,2024-03-06,09:38:00,2024-03-12,1.65,1.65,1.6,1.6,1760,45920,0
FINNIFTY12MAR2422500CE.NFO,2024-03-06,09:39:00,2024-03-12,1.6,1.6,1.6,1.6,240,45920,0
FINNIFTY12MAR2422500CE.NFO,2024-03-06,09:40:00,2024-03-12,1.6,1.65,1.6,1.65,240,46920,0
FINNIFTY12MAR2422500CE.NFO,2024-03-06,09:41:00,2024-03-12,1.65,1.7,1.6,1.6,3400,46920,0
FINNIFTY12MAR2422500CE.NFO,2024-03-06,09:42:00,2024-03-12,1.6,1.7,1.6,1.7,1880,47720,0
FINNIFTY12MAR2422500CE.NFO,2024-03-06,09:43:00,2024-03-12,1.7,1.7,1.6,1.6,5120,47720,0
FINNIFTY12MAR2422500CE.NFO,2024-03-06,09:44:00,2024-03-12,1.6,1.7,1.6,1.7,1240,47720,0
FINNIFTY12MAR2422500CE.NFO,2024-03-06,09:45:00,2024-03-12,1.7,1.7,1.65,1.65,40,47720,0
FINNIFTY12MAR2422500CE.NFO,2024-03-06,09:46:00,2024-03-12,1.65,1.65,1.65,1.65,0,47720,0
FINNIFTY12MAR2422500CE.NFO,2024-03-06,09:47:00,2024-03-12,1.65,1.7,1.65,1.7,1400,48720,0
FINNIFTY12MAR2422500CE.NFO,2024-03-06,09:48:00,2024-03-12,1.7,1.7,1.65,1.7,640,48000,0
FINNIFTY12MAR2422500CE.NFO,2024-03-06,09:49:00,2024-03-12,1.7,1.7,1.65,1.65,1360,48000,0
FINNIFTY12MAR2422500CE.NFO,2024-03-06,09:50:00,2024-03-12,1.7,1.7,1.7,1.7,1160,48000,0
FINNIFTY12MAR2422500CE.NFO,2024-03-06,09:51:00,2024-03-12,1.7,1.7,1.65,1.7,2000,46160,0
FINNIFTY12MAR2422500CE.NFO,2024-03-06,09:52:00,2024-03-12,1.7,1.75,1.7,1.7,760,46160,0
FINNIFTY12MAR2422500CE.NFO,2024-03-06,09:53:00,2024-03-12,1.7,1.7,1.65,1.65,1520,46160,0
FINNIFTY12MAR2422500CE.NFO,2024-03-06,09:54:00,2024-03-12,1.65,1.7,1.65,1.7,600,46160,0
FINNIFTY12MAR2422500CE.NFO,2024-03-06,09:55:00,2024-03-12,1.65,1.7,1.5,1.5,6480,45120,0
FINNIFTY12MAR2422500CE.NFO,2024-03-06,09:56:00,2024-03-12,1.5,1.7,1.5,1.6,2400,45120,0
FINNIFTY12MAR2422500CE.NFO,2024-03-06,09:57:00,2024-03-12,1.6,1.6,1.55,1.55,480,42920,0
FINNIFTY12MAR2422500CE.NFO,2024-03-06,09:58:00,2024-03-12,1.55,1.55,1.45,1.45,2280,42920,0
FINNIFTY12MAR2422500CE.NFO,2024-03-06,09:59:00,2024-03-12,1.5,1.5,1.45,1.5,1280,42920,0
FINNIFTY12MAR2422500CE.NFO,2024-03-06,10:00:00,2024-03-12,1.45,1.6,1.45,1.6,5000,41480,0
FINNIFTY12MAR2422500CE.NFO,2024-03-06,10:01:00,2024-03-12,1.6,1.6,1.55,1.6,840,41480,0
FINNIFTY12MAR2422500CE.NFO,2024-03-06,10:02:00,2024-03-12,1.6,1.6,1.55,1.6,1360,41480,0
FINNIFTY12MAR2422500CE.NFO,2024-03-06,10:03:00,2024-03-12,1.6,1.6,1.6,1.6,40,41480,0
FINNIFTY12MAR2422500CE.NFO,2024-03-06,10:04:00,2024-03-12,1.6,1.65,1.6,1.65,320,41400,0
FINNIFTY12MAR2422500CE.NFO,2024-03-06,10:05:00,2024-03-12,1.65,1.7,1.65,1.7,360,41400,0
FINNIFTY12MAR2422500CE.NFO,2024-03-06,10:06:00,2024-03-12,1.7,1.7,1.65,1.65,200,41400,0
FINNIFTY12MAR2422500CE.NFO,2024-03-06,10:07:00,2024-03-12,1.65,1.7,1.65,1.7,1160,41360,0
FINNIFTY12MAR2422500CE.NFO,2024-03-06,10:08:00,2024-03-12,1.7,1.7,1.65,1.7,1440,41360,0
FINNIFTY12MAR2422500CE.NFO,2024-03-06,10:09:00,2024-03-12,1.7,1.7,1.7,1.7,80,41360,0
FINNIFTY12MAR2422500CE.NFO,2024-03-06,10:10:00,2024-03-12,1.65,1.8,1.65,1.65,3080,42280,0
FINNIFTY12MAR2422500CE.NFO,2024-03-06,10:11:00,2024-03-12,1.65,1.7,1.65,1.65,2000,42280,0
FINNIFTY12MAR2422500CE.NFO,2024-03-06,10:12:00,2024-03-12,1.65,1.75,1.65,1.7,3520,44440,0
FINNIFTY12MAR2422500CE.NFO,2024-03-06,10:13:00,2024-03-12,1.7,1.7,1.65,1.7,400,44440,0
FINNIFTY12MAR2422500CE.NFO,2024-03-06,10:14:00,2024-03-12,1.7,1.9,1.7,1.85,5400,44440,0
FINNIFTY12MAR2422500CE.NFO,2024-03-06,10:15:00,2024-03-12,1.85,2.0,1.85,1.95,2640,47560,0
FINNIFTY12MAR2422500CE.NFO,2024-03-06,10:16:00,2024-03-12,1.95,2.0,1.95,2.0,3960,47560,0
FINNIFTY12MAR2422500CE.NFO,2024-03-06,10:17:00,2024-03-12,2.0,2.1,1.9,1.95,2600,47560,0
FINNIFTY12MAR2422500CE.NFO,2024-03-06,10:18:00,2024-03-12,1.95,2.1,1.95,2.05,3200,49280,0
FINNIFTY12MAR2422500CE.NFO,2024-03-06,10:19:00,2024-03-12,2.05,2.15,2.05,2.15,4080,49280,0
FINNIFTY12MAR2422500CE.NFO,2024-03-06,10:20:00,2024-03-12,2.15,2.15,2.05,2.05,1760,49280,0
FINNIFTY12MAR2422500CE.NFO,2024-03-06,10:21:00,2024-03-12,2.05,2.1,2.05,2.1,10160,47840,0
FINNIFTY12MAR2422500CE.NFO,2024-03-06,10:22:00,2024-03-12,2.1,2.1,1.95,2.0,6640,47840,0
FINNIFTY12MAR2422500CE.NFO,2024-03-06,10:23:00,2024-03-12,2.0,2.0,1.95,2.0,1280,47840,0
FINNIFTY12MAR2422500CE.NFO,2024-03-06,10:24:00,2024-03-12,2.0,2.0,1.9,2.0,1280,52000,0
FINNIFTY12MAR2422500CE.NFO,2024-03-06,10:25:00,2024-03-12,2.05,2.1,2.0,2.1,3080,52000,0
FINNIFTY12MAR2422500CE.NFO,2024-03-06,10:26:00,2024-03-12,2.1,2.15,2.05,2.05,7240,52000,0
FINNIFTY12MAR2422500CE.NFO,2024-03-06,10:27:00,2024-03-12,2.05,2.1,1.9,1.9,5840,52000,0
FINNIFTY12MAR2422500CE.NFO,2024-03-06,10:28:00,2024-03-12,1.9,1.9,1.9,1.9,1240,59480,0
FINNIFTY12MAR2422500CE.NFO,2024-03-06,10:29:00,2024-03-12,1.9,1.9,1.9,1.9,1440,59480,0
FINNIFTY12MAR2422500CE.NFO,2024-03-06,10:30:00,2024-03-12,1.9,1.95,1.85,1.85,2040,59480,0
FINNIFTY12MAR2422500CE.NFO,2024-03-06,10:31:00,2024-03-12,1.85,2.0,1.85,1.95,3360,60280,0
FINNIFTY12MAR2422500CE.NFO,2024-03-06,10:32:00,2024-03-12,1.95,2.0,1.9,2.0,520,60280,0
FINNIFTY12MAR2422500CE.NFO,2024-03-06,10:33:00,2024-03-12,2.0,2.0,1.95,1.95,1080,60280,0
FINNIFTY12MAR2422500CE.NFO,2024-03-06,10:34:00,2024-03-12,1.95,2.0,1.95,1.95,560,61000,0
FINNIFTY12MAR2422500CE.NFO,2024-03-06,10:35:00,2024-03-12,1.95,2.0,1.95,2.0,880,61000,0
FINNIFTY12MAR2422500CE.NFO,2024-03-06,10:36:00,2024-03-12,2.0,2.0,1.95,1.95,320,62000,0
FINNIFTY12MAR2422500CE.NFO,2024-03-06,10:37:00,2024-03-12,1.9,1.9,1.9,1.9,40,62000,0
FINNIFTY12MAR2422500CE.NFO,2024-03-06,10:38:00,2024-03-12,1.9,1.95,1.9,1.95,1640,62000,0
FINNIFTY12MAR2422500CE.NFO,2024-03-06,10:39:00,2024-03-12,1.95,1.95,1.9,1.95,1920,62000,0
FINNIFTY12MAR2422500CE.NFO,2024-03-06,10:40:00,2024-03-12,1.95,1.95,1.9,1.9,1680,63920,0
FINNIFTY12MAR2422500CE.NFO,2024-03-06,10:41:00,2024-03-12,1.9,2.0,1.9,1.9,1880,63920,0
FINNIFTY12MAR2422500CE.NFO,2024-03-06,10:42:00,2024-03-12,1.9,1.9,1.9,1.9,200,63920,0
FINNIFTY12MAR2422500CE.NFO,2024-03-06,10:43:00,2024-03-12,1.9,1.9,1.9,1.9,0,63920,0
FINNIFTY12MAR2422500CE.NFO,2024-03-06,10:44:00,2024-03-12,1.9,1.9,1.9,1.9,0,63920,0
FINNIFTY12MAR2422500CE.NFO,2024-03-06,10:45:00,2024-03-12,1.9,1.9,1.9,1.9,320,65040,0
FINNIFTY12MAR2422500CE.NFO,2024-03-06,10:46:00,2024-03-12,1.9,1.9,1.85,1.9,400,64920,0
FINNIFTY12MAR2422500CE.NFO,2024-03-06,10:47:00,2024-03-12,1.9,1.95,1.9,1.95,240,64920,0
FINNIFTY12MAR2422500CE.NFO,2024-03-06,10:48:00,2024-03-12,1.95,2.0,1.9,1.95,1760,65600,0
FINNIFTY12MAR2422500CE.NFO,2024-03-06,10:49:00,2024-03-12,1.95,1.95,1.85,1.85,1640,65600,0
FINNIFTY12MAR2422500CE.NFO,2024-03-06,10:50:00,2024-03-12,1.85,2.0,1.85,1.95,4160,65600,0
FINNIFTY12MAR2422500CE.NFO,2024-03-06,10:51:00,2024-03-12,1.9,2.0,1.9,1.95,1960,65600,0
FINNIFTY12MAR2422500CE.NFO,2024-03-06,10:52:00,2024-03-12,1.95,2.0,1.85,1.95,4680,62400,0
FINNIFTY12MAR2422500CE.NFO,2024-03-06,10:53:00,2024-03-12,2.0,2.05,1.95,1.95,6040,62400,0
FINNIFTY12MAR2422500CE.NFO,2024-03-06,10:54:00,2024-03-12,1.95,2.0,1.95,1.95,640,62400,0
FINNIFTY12MAR2422500CE.NFO,2024-03-06,10:55:00,2024-03-12,1.95,1.95,1.8,1.85,1920,60760,0
FINNIFTY12MAR2422500CE.NFO,2024-03-06,10:56:00,2024-03-12,1.9,2.0,1.85,2.0,2640,60760,0
FINNIFTY12MAR2422500CE.NFO,2024-03-06,10:57:00,2024-03-12,2.0,2.0,1.9,1.95,2280,60760,0
FINNIFTY12MAR2422500CE.NFO,2024-03-06,10:58:00,2024-03-12,1.95,2.0,1.9,1.9,3440,58600,0
FINNIFTY12MAR2422500CE.NFO,2024-03-06,10:59:00,2024-03-12,1.9,1.9,1.9,1.9,840,58600,0
FINNIFTY12MAR2422500CE.NFO,2024-03-06,11:00:00,2024-03-12,1.95,1.95,1.9,1.9,800,58600,0
FINNIFTY12MAR2422500CE.NFO,2024-03-06,11:01:00,2024-03-12,1.9,1.95,1.9,1.95,1280,58480,0
FINNIFTY12MAR2422500CE.NFO,2024-03-06,11:02:00,2024-03-12,1.95,2.15,1.95,2.15,6520,58480,0
FINNIFTY12MAR2422500CE.NFO,2024-03-06,11:03:00,2024-03-12,2.15,2.2,2.15,2.2,1920,58480,0
FINNIFTY12MAR2422500CE.NFO,2024-03-06,11:04:00,2024-03-12,2.2,2.2,2.15,2.15,2000,60400,0
FINNIFTY12MAR2422500CE.NFO,2024-03-06,11:05:00,2024-03-12,2.15,2.15,2.1,2.1,880,60400,0
FINNIFTY12MAR2422500CE.NFO,2024-03-06,11:06:00,2024-03-12,2.1,2.1,1.95,1.95,3160,60400,0
FINNIFTY12MAR2422500CE.NFO,2024-03-06,11:07:00,2024-03-12,1.95,1.95,1.85,1.85,4000,58200,0
FINNIFTY12MAR2422500CE.NFO,2024-03-06,11:08:00,2024-03-12,1.85,1.9,1.8,1.9,840,58200,0
FINNIFTY12MAR2422500CE.NFO,2024-03-06,11:09:00,2024-03-12,1.9,1.9,1.85,1.85,640,58200,0
FINNIFTY12MAR2422500CE.NFO,2024-03-06,11:10:00,2024-03-12,1.85,1.85,1.85,1.85,320,55880,0
FINNIFTY12MAR2422500CE.NFO,2024-03-06,11:11:00,2024-03-12,1.8,1.85,1.8,1.85,80,55880,0
FINNIFTY12MAR2422500CE.NFO,2024-03-06,11:12:00,2024-03-12,1.85,1.85,1.75,1.85,720,55880,0
FINNIFTY12MAR2422500CE.NFO,2024-03-06,11:13:00,2024-03-12,1.85,1.85,1.85,1.85,40,55520,0
FINNIFTY12MAR2422500CE.NFO,2024-03-06,11:14:00,2024-03-12,1.85,1.85,1.85,1.85,120,55520,0
FINNIFTY12MAR2422500CE.NFO,2024-03-06,11:15:00,2024-03-12,1.85,1.85,1.8,1.8,640,55520,0
FINNIFTY12MAR2422500CE.NFO,2024-03-06,11:16:00,2024-03-12,1.8,1.85,1.8,1.85,40,55080,0
FINNIFTY12MAR2422500CE.NFO,2024-03-06,11:17:00,2024-03-12,1.85,1.85,1.75,1.8,880,55080,0
FINNIFTY12MAR2422500CE.NFO,2024-03-06,11:18:00,2024-03-12,1.75,1.75,1.7,1.75,1680,55080,0
FINNIFTY12MAR2422500CE.NFO,2024-03-06,11:19:00,2024-03-12,1.8,1.8,1.75,1.75,400,54480,0
FINNIFTY12MAR2422500CE.NFO,2024-03-06,11:20:00,2024-03-12,1.75,1.8,1.75,1.75,1040,54480,0
FINNIFTY12MAR2422500CE.NFO,2024-03-06,11:21:00,2024-03-12,1.7,1.75,1.7,1.7,3000,54480,0
FINNIFTY12MAR2422500CE.NFO,2024-03-06,11:22:00,2024-03-12,1.7,1.7,1.7,1.7,40,54280,0
FINNIFTY12MAR2422500CE.NFO,2024-03-06,11:23:00,2024-03-12,1.7,1.7,1.7,1.7,600,54280,0
FINNIFTY12MAR2422500CE.NFO,2024-03-06,11:24:00,2024-03-12,1.7,1.7,1.65,1.7,200,54280,0
FINNIFTY12MAR2422500CE.NFO,2024-03-06,11:25:00,2024-03-12,1.7,1.7,1.7,1.7,440,54200,0
FINNIFTY12MAR2422500CE.NFO,2024-03-06,11:26:00,2024-03-12,1.7,1.7,1.7,1.7,200,54200,0
FINNIFTY12MAR2422500CE.NFO,2024-03-06,11:27:00,2024-03-12,1.7,1.7,1.7,1.7,880,54200,0
FINNIFTY12MAR2422500CE.NFO,2024-03-06,11:28:00,2024-03-12,1.75,1.75,1.75,1.75,40,53880,0
FINNIFTY12MAR2422500CE.NFO,2024-03-06,11:29:00,2024-03-12,1.75,1.75,1.7,1.75,640,53880,0
FINNIFTY12MAR2422500CE.NFO,2024-03-06,11:30:00,2024-03-12,1.75,1.75,1.65,1.65,3640,53880,0
FINNIFTY12MAR2422500CE.NFO,2024-03-06,11:31:00,2024-03-12,1.75,1.75,1.75,1.75,1280,53720,0
FINNIFTY12MAR2422500CE.NFO,2024-03-06,11:32:00,2024-03-12,1.75,1.8,1.75,1.8,640,53720,0
FINNIFTY12MAR2422500CE.NFO,2024-03-06,11:33:00,2024-03-12,1.8,1.8,1.75,1.8,160,53720,0
FINNIFTY12MAR2422500CE.NFO,2024-03-06,11:34:00,2024-03-12,1.75,1.8,1.75,1.75,440,54160,0
FINNIFTY12MAR2422500CE.NFO,2024-03-06,11:35:00,2024-03-12,1.7,1.75,1.7,1.7,3160,54160,0
FINNIFTY12MAR2422500CE.NFO,2024-03-06,11:36:00,2024-03-12,1.75,1.75,1.7,1.7,4320,54160,0
FINNIFTY12MAR2422500CE.NFO,2024-03-06,11:37:00,2024-03-12,1.7,1.7,1.6,1.7,2280,58880,0
FINNIFTY12MAR2422500CE.NFO,2024-03-06,11:38:00,2024-03-12,1.7,1.7,1.7,1.7,80,58880,0
FINNIFTY12MAR2422500CE.NFO,2024-03-06,11:39:00,2024-03-12,1.75,1.75,1.75,1.75,40,58880,0
FINNIFTY12MAR2422500CE.NFO,2024-03-06,11:40:00,2024-03-12,1.75,1.75,1.75,1.75,80,59880,0
FINNIFTY12MAR2422500CE.NFO,2024-03-06,11:41:00,2024-03-12,1.75,1.75,1.6,1.6,4600,59880,0
FINNIFTY12MAR2422500CE.NFO,2024-03-06,11:42:00,2024-03-12,1.6,1.7,1.6,1.65,2680,59880,0
FINNIFTY12MAR2422500CE.NFO,2024-03-06,11:43:00,2024-03-12,1.65,1.7,1.65,1.7,160,62560,0
FINNIFTY12MAR2422500CE.NFO,2024-03-06,11:44:00,2024-03-12,1.7,1.7,1.7,1.7,200,62560,0
FINNIFTY12MAR2422500CE.NFO,2024-03-06,11:45:00,2024-03-12,1.7,1.75,1.65,1.7,3240,62560,0
FINNIFTY12MAR2422500CE.NFO,2024-03-06,11:46:00,2024-03-12,1.7,1.7,1.7,1.7,320,62560,0
FINNIFTY12MAR2422500CE.NFO,2024-03-06,11:47:00,2024-03-12,1.7,1.7,1.65,1.65,640,62560,0
FINNIFTY12MAR2422500CE.NFO,2024-03-06,11:48:00,2024-03-12,1.65,1.7,1.65,1.65,2360,62560,0
FINNIFTY12MAR2422500CE.NFO,2024-03-06,11:49:00,2024-03-12,1.65,1.7,1.6,1.6,2480,61760,0
FINNIFTY12MAR2422500CE.NFO,2024-03-06,11:50:00,2024-03-12,1.6,1.65,1.6,1.6,160,61760,0
FINNIFTY12MAR2422500CE.NFO,2024-03-06,11:51:00,2024-03-12,1.6,1.75,1.6,1.75,3680,61760,0
FINNIFTY12MAR2422500CE.NFO,2024-03-06,11:52:00,2024-03-12,1.7,1.8,1.7,1.75,1120,61240,0
FINNIFTY12MAR2422500CE.NFO,2024-03-06,11:53:00,2024-03-12,1.75,1.75,1.75,1.75,0,61240,0
FINNIFTY12MAR2422500CE.NFO,2024-03-06,11:54:00,2024-03-12,1.75,1.8,1.75,1.8,880,61240,0
FINNIFTY12MAR2422500CE.NFO,2024-03-06,11:55:00,2024-03-12,1.8,1.85,1.8,1.85,1520,61240,0
FINNIFTY12MAR2422500CE.NFO,2024-03-06,11:56:00,2024-03-12,1.8,1.8,1.8,1.8,80,61240,0
FINNIFTY12MAR2422500CE.NFO,2024-03-06,11:57:00,2024-03-12,1.8,1.8,1.8,1.8,40,61240,0
FINNIFTY12MAR2422500CE.NFO,2024-03-06,11:58:00,2024-03-12,1.8,1.8,1.8,1.8,40,61600,0
FINNIFTY12MAR2422500CE.NFO,2024-03-06,11:59:00,2024-03-12,1.85,1.85,1.75,1.75,1440,61600,0
FINNIFTY12MAR2422500CE.NFO,2024-03-06,12:00:00,2024-03-12,1.75,1.8,1.75,1.8,1200,61600,0
FINNIFTY12MAR2422500CE.NFO,2024-03-06,12:01:00,2024-03-12,1.8,1.8,1.8,1.8,0,61600,0
FINNIFTY12MAR2422500CE.NFO,2024-03-06,12:02:00,2024-03-12,1.8,1.8,1.8,1.8,4080,60720,0
FINNIFTY12MAR2422500CE.NFO,2024-03-06,12:03:00,2024-03-12,1.8,1.9,1.8,1.9,120,60720,0
FINNIFTY12MAR2422500CE.NFO,2024-03-06,12:04:00,2024-03-12,1.9,1.9,1.85,1.85,2040,63880,0
FINNIFTY12MAR2422500CE.NFO,2024-03-06,12:05:00,2024-03-12,1.85,1.9,1.85,1.9,1480,63880,0
FINNIFTY12MAR2422500CE.NFO,2024-03-06,12:06:00,2024-03-12,1.9,1.9,1.8,1.9,1720,63880,0
FINNIFTY12MAR2422500CE.NFO,2024-03-06,12:07:00,2024-03-12,1.9,1.95,1.9,1.9,520,62000,0
FINNIFTY12MAR2422500CE.NFO,2024-03-06,12:08:00,2024-03-12,1.9,1.95,1.9,1.95,1200,62000,0
FINNIFTY12MAR2422500CE.NFO,2024-03-06,12:09:00,2024-03-12,1.95,1.95,1.95,1.95,0,62000,0
FINNIFTY12MAR2422500CE.NFO,2024-03-06,12:10:00,2024-03-12,1.95,2.0,1.95,1.95,960,63040,0
FINNIFTY12MAR2422500CE.NFO,2024-03-06,12:11:00,2024-03-12,1.95,2.0,1.95,2.0,2560,63040,0
FINNIFTY12MAR2422500CE.NFO,2024-03-06,12:12:00,2024-03-12,2.0,2.0,1.95,2.0,2920,63040,0
FINNIFTY12MAR2422500CE.NFO,2024-03-06,12:13:00,2024-03-12,2.0,2.0,1.95,1.95,600,63480,0
FINNIFTY12MAR2422500CE.NFO,2024-03-06,12:14:00,2024-03-12,1.95,2.0,1.95,2.0,560,63480,0
FINNIFTY12MAR2422500CE.NFO,2024-03-06,12:15:00,2024-03-12,2.0,2.0,2.0,2.0,720,63480,0
FINNIFTY12MAR2422500CE.NFO,2024-03-06,12:16:00,2024-03-12,2.0,2.0,1.95,1.95,200,63480,0
FINNIFTY12MAR2422500CE.NFO,2024-03-06,12:17:00,2024-03-12,1.95,2.0,1.95,2.0,800,63480,0
FINNIFTY12MAR2422500CE.NFO,2024-03-06,12:18:00,2024-03-12,2.0,2.0,2.0,2.0,400,63480,0
FINNIFTY12MAR2422500CE.NFO,2024-03-06,12:19:00,2024-03-12,2.0,2.05,2.0,2.05,280,63240,0
FINNIFTY12MAR2422500CE.NFO,2024-03-06,12:20:00,2024-03-12,2.05,2.05,2.05,2.05,280,63240,0
FINNIFTY12MAR2422500CE.NFO,2024-03-06,12:21:00,2024-03-12,2.05,2.05,2.0,2.05,440,63240,0
FINNIFTY12MAR2422500CE.NFO,2024-03-06,12:22:00,2024-03-12,2.05,2.05,2.0,2.0,600,63640,0
FINNIFTY12MAR2422500CE.NFO,2024-03-06,12:23:00,2024-03-12,2.0,2.0,2.0,2.0,520,63640,0
FINNIFTY12MAR2422500CE.NFO,2024-03-06,12:24:00,2024-03-12,2.0,2.0,1.95,1.95,240,63640,0
FINNIFTY12MAR2422500CE.NFO,2024-03-06,12:25:00,2024-03-12,1.95,2.0,1.95,2.0,440,64240,0
FINNIFTY12MAR2422500CE.NFO,2024-03-06,12:26:00,2024-03-12,2.0,2.05,1.95,1.95,3320,64240,0
FINNIFTY12MAR2422500CE.NFO,2024-03-06,12:27:00,2024-03-12,1.95,2.0,1.9,2.0,2240,64240,0
FINNIFTY12MAR2422500CE.NFO,2024-03-06,12:28:00,2024-03-12,2.0,2.0,1.95,1.95,920,67400,0
FINNIFTY12MAR2422500CE.NFO,2024-03-06,12:29:00,2024-03-12,1.95,2.0,1.95,1.95,360,67400,0
FINNIFTY12MAR2422500CE.NFO,2024-03-06,12:30:00,2024-03-12,1.95,2.0,1.95,1.95,1200,67400,0
FINNIFTY12MAR2422500CE.NFO,2024-03-06,12:31:00,2024-03-12,1.95,1.95,1.95,1.95,40,67400,0
FINNIFTY12MAR2422500CE.NFO,2024-03-06,12:32:00,2024-03-12,2.0,2.0,2.0,2.0,360,68400,0
FINNIFTY12MAR2422500CE.NFO,2024-03-06,12:33:00,2024-03-12,1.95,2.05,1.95,1.95,1760,68400,0
FINNIFTY12MAR2422500CE.NFO,2024-03-06,12:34:00,2024-03-12,1.95,1.95,1.9,1.9,360,69200,0
FINNIFTY12MAR2422500CE.NFO,2024-03-06,12:35:00,2024-03-12,1.9,1.9,1.9,1.9,0,69200,0
FINNIFTY12MAR2422500CE.NFO,2024-03-06,12:36:00,2024-03-12,1.9,1.9,1.9,1.9,240,69200,0
FINNIFTY12MAR2422500CE.NFO,2024-03-06,12:37:00,2024-03-12,1.9,1.95,1.9,1.95,40,69320,0
FINNIFTY12MAR2422500CE.NFO,2024-03-06,12:38:00,2024-03-12,1.9,1.95,1.9,1.9,560,69320,0
FINNIFTY12MAR2422500CE.NFO,2024-03-06,12:39:00,2024-03-12,1.85,1.85,1.85,1.85,840,69320,0
FINNIFTY12MAR2422500CE.NFO,2024-03-06,12:40:00,2024-03-12,1.85,1.9,1.85,1.9,80,69680,0
FINNIFTY12MAR2422500CE.NFO,2024-03-06,12:41:00,2024-03-12,1.9,1.9,1.85,1.85,80,69680,0
FINNIFTY12MAR2422500CE.NFO,2024-03-06,12:42:00,2024-03-12,1.85,1.85,1.8,1.8,2200,69680,0
FINNIFTY12MAR2422500CE.NFO,2024-03-06,12:43:00,2024-03-12,1.8,1.85,1.8,1.85,80,70280,0
FINNIFTY12MAR2422500CE.NFO,2024-03-06,12:44:00,2024-03-12,1.85,1.85,1.85,1.85,0,70280,0
FINNIFTY12MAR2422500CE.NFO,2024-03-06,12:45:00,2024-03-12,1.85,1.9,1.85,1.9,800,70280,0
FINNIFTY12MAR2422500CE.NFO,2024-03-06,12:46:00,2024-03-12,1.9,1.9,1.85,1.85,520,70280,0
FINNIFTY12MAR2422500CE.NFO,2024-03-06,12:47:00,2024-03-12,1.85,1.85,1.85,1.85,40,70360,0
FINNIFTY12MAR2422500CE.NFO,2024-03-06,12:48:00,2024-03-12,1.85,1.85,1.85,1.85,0,70360,0
FINNIFTY12MAR2422500CE.NFO,2024-03-06,12:49:00,2024-03-12,1.9,1.9,1.9,1.9,80,70840,0
FINNIFTY12MAR2422500CE.NFO,2024-03-06,12:50:00,2024-03-12,1.9,1.9,1.9,1.9,80,70840,0
FINNIFTY12MAR2422500CE.NFO,2024-03-06,12:51:00,2024-03-12,1.9,1.9,1.85,1.85,80,70840,0
FINNIFTY12MAR2422500CE.NFO,2024-03-06,12:52:00,2024-03-12,1.85,1.9,1.85,1.85,2880,72000,0
FINNIFTY12MAR2422500CE.NFO,2024-03-06,12:53:00,2024-03-12,1.85,1.85,1.85,1.85,640,72000,0
FINNIFTY12MAR2422500CE.NFO,2024-03-06,12:54:00,2024-03-12,1.85,1.85,1.85,1.85,0,72000,0
FINNIFTY12MAR2422500CE.NFO,2024-03-06,12:55:00,2024-03-12,1.85,1.85,1.85,1.85,80,72880,0
FINNIFTY12MAR2422500CE.NFO,2024-03-06,12:56:00,2024-03-12,1.85,1.85,1.85,1.85,0,72880,0
FINNIFTY12MAR2422500CE.NFO,2024-03-06,12:57:00,2024-03-12,1.85,1.85,1.8,1.8,440,72880,0
FINNIFTY12MAR2422500CE.NFO,2024-03-06,12:58:00,2024-03-12,1.8,1.85,1.75,1.85,640,72880,0
FINNIFTY12MAR2422500CE.NFO,2024-03-06,12:59:00,2024-03-12,1.85,1.85,1.85,1.85,280,72880,0
FINNIFTY12MAR2422500CE.NFO,2024-03-06,13:00:00,2024-03-12,1.85,1.9,1.8,1.85,480,72880,0
FINNIFTY12MAR2422500CE.NFO,2024-03-06,13:01:00,2024-03-12,1.85,1.85,1.8,1.85,1240,72880,0
FINNIFTY12MAR2422500CE.NFO,2024-03-06,13:02:00,2024-03-12,1.85,1.85,1.8,1.8,2040,72880,0
FINNIFTY12MAR2422500CE.NFO,2024-03-06,13:03:00,2024-03-12,1.8,1.8,1.8,1.8,0,72880,0
FINNIFTY12MAR2422500CE.NFO,2024-03-06,13:04:00,2024-03-12,1.9,1.9,1.8,1.85,160,74920,0
FINNIFTY12MAR2422500CE.NFO,2024-03-06,13:05:00,2024-03-12,1.85,1.9,1.8,1.8,280,74920,0
FINNIFTY12MAR2422500CE.NFO,2024-03-06,13:06:00,2024-03-12,1.8,1.8,1.8,1.8,0,74920,0
FINNIFTY12MAR2422500CE.NFO,2024-03-06,13:07:00,2024-03-12,1.85,1.85,1.85,1.85,40,74920,0
FINNIFTY12MAR2422500CE.NFO,2024-03-06,13:08:00,2024-03-12,1.85,1.85,1.85,1.85,560,74960,0
FINNIFTY12MAR2422500CE.NFO,2024-03-06,13:09:00,2024-03-12,1.85,1.85,1.8,1.8,80,74960,0
FINNIFTY12MAR2422500CE.NFO,2024-03-06,13:10:00,2024-03-12,1.8,1.8,1.8,1.8,0,74960,0
FINNIFTY12MAR2422500CE.NFO,2024-03-06,13:11:00,2024-03-12,1.8,1.8,1.8,1.8,40,74920,0
FINNIFTY12MAR2422500CE.NFO,2024-03-06,13:12:00,2024-03-12,1.8,1.8,1.75,1.75,960,74920,0
FINNIFTY12MAR2422500CE.NFO,2024-03-06,13:13:00,2024-03-12,1.75,1.8,1.65,1.65,1760,74640,0
FINNIFTY12MAR2422500CE.NFO,2024-03-06,13:14:00,2024-03-12,1.65,1.65,1.5,1.5,2520,74640,0
FINNIFTY12MAR2422500CE.NFO,2024-03-06,13:15:00,2024-03-12,1.5,1.55,1.5,1.5,560,74640,0
FINNIFTY12MAR2422500CE.NFO,2024-03-06,13:16:00,2024-03-12,1.5,1.55,1.45,1.5,6480,73880,0
FINNIFTY12MAR2422500CE.NFO,2024-03-06,13:17:00,2024-03-12,1.45,1.5,1.45,1.5,5120,73880,0
FINNIFTY12MAR2422500CE.NFO,2024-03-06,13:18:00,2024-03-12,1.5,1.5,1.5,1.5,320,73880,0
FINNIFTY12MAR2422500CE.NFO,2024-03-06,13:19:00,2024-03-12,1.5,1.55,1.45,1.5,2080,69120,0
FINNIFTY12MAR2422500CE.NFO,2024-03-06,13:20:00,2024-03-12,1.5,1.55,1.45,1.55,400,69120,0
FINNIFTY12MAR2422500CE.NFO,2024-03-06,13:21:00,2024-03-12,1.55,1.55,1.55,1.55,0,69120,0
FINNIFTY12MAR2422500CE.NFO,2024-03-06,13:22:00,2024-03-12,1.55,1.6,1.5,1.6,320,68880,0
FINNIFTY12MAR2422500CE.NFO,2024-03-06,13:23:00,2024-03-12,1.6,1.6,1.5,1.5,80,68880,0
FINNIFTY12MAR2422500CE.NFO,2024-03-06,13:24:00,2024-03-12,1.55,1.6,1.55,1.6,600,68880,0
FINNIFTY12MAR2422500CE.NFO,2024-03-06,13:25:00,2024-03-12,1.6,1.7,1.55,1.65,1200,69400,0
FINNIFTY12MAR2422500CE.NFO,2024-03-06,13:26:00,2024-03-12,1.65,1.65,1.65,1.65,160,69400,0
FINNIFTY12MAR2422500CE.NFO,2024-03-06,13:27:00,2024-03-12,1.6,1.7,1.6,1.7,320,69400,0
FINNIFTY12MAR2422500CE.NFO,2024-03-06,13:28:00,2024-03-12,1.7,1.7,1.65,1.65,200,69600,0
FINNIFTY12MAR2422500CE.NFO,2024-03-06,13:29:00,2024-03-12,1.65,1.7,1.65,1.7,640,69600,0
FINNIFTY12MAR2422500CE.NFO,2024-03-06,13:30:00,2024-03-12,1.7,1.75,1.65,1.75,2160,69600,0
FINNIFTY12MAR2422500CE.NFO,2024-03-06,13:31:00,2024-03-12,1.75,1.75,1.75,1.75,1760,69400,0
FINNIFTY12MAR2422500CE.NFO,2024-03-06,13:32:00,2024-03-12,1.75,1.8,1.7,1.8,1640,69400,0
FINNIFTY12MAR2422500CE.NFO,2024-03-06,13:33:00,2024-03-12,1.8,1.8,1.75,1.75,760,69400,0
FINNIFTY12MAR2422500CE.NFO,2024-03-06,13:34:00,2024-03-12,1.75,1.8,1.75,1.8,160,68880,0
FINNIFTY12MAR2422500CE.NFO,2024-03-06,13:35:00,2024-03-12,1.8,1.8,1.8,1.8,240,68880,0
FINNIFTY12MAR2422500CE.NFO,2024-03-06,13:36:00,2024-03-12,1.8,1.8,1.8,1.8,200,68880,0
FINNIFTY12MAR2422500CE.NFO,2024-03-06,13:37:00,2024-03-12,1.75,1.75,1.75,1.75,40,69160,0
FINNIFTY12MAR2422500CE.NFO,2024-03-06,13:38:00,2024-03-12,1.75,1.85,1.75,1.75,880,69160,0
FINNIFTY12MAR2422500CE.NFO,2024-03-06,13:39:00,2024-03-12,1.75,1.85,1.75,1.8,280,69160,0
FINNIFTY12MAR2422500CE.NFO,2024-03-06,13:40:00,2024-03-12,1.8,1.85,1.8,1.85,480,69880,0
FINNIFTY12MAR2422500CE.NFO,2024-03-06,13:41:00,2024-03-12,1.85,1.9,1.8,1.9,3320,69880,0
FINNIFTY12MAR2422500CE.NFO,2024-03-06,13:42:00,2024-03-12,1.9,2.0,1.9,1.95,1560,69880,0
FINNIFTY12MAR2422500CE.NFO,2024-03-06,13:43:00,2024-03-12,1.95,1.95,1.95,1.95,1280,69560,0
FINNIFTY12MAR2422500CE.NFO,2024-03-06,13:44:00,2024-03-12,1.95,1.95,1.9,1.9,1280,69560,0
FINNIFTY12MAR2422500CE.NFO,2024-03-06,13:45:00,2024-03-12,1.9,2.0,1.9,1.9,880,69560,0
FINNIFTY12MAR2422500CE.NFO,2024-03-06,13:46:00,2024-03-12,1.9,1.9,1.9,1.9,0,69560,0
FINNIFTY12MAR2422500CE.NFO,2024-03-06,13:47:00,2024-03-12,1.9,2.0,1.9,2.0,1600,68840,0
FINNIFTY12MAR2422500CE.NFO,2024-03-06,13:48:00,2024-03-12,2.0,2.0,2.0,2.0,120,68840,0
FINNIFTY12MAR2422500CE.NFO,2024-03-06,13:49:00,2024-03-12,2.0,2.0,2.0,2.0,80,68600,0
FINNIFTY12MAR2422500CE.NFO,2024-03-06,13:50:00,2024-03-12,1.95,2.0,1.9,2.0,440,68600,0
FINNIFTY12MAR2422500CE.NFO,2024-03-06,13:51:00,2024-03-12,2.0,2.0,2.0,2.0,0,68600,0
FINNIFTY12MAR2422500CE.NFO,2024-03-06,13:52:00,2024-03-12,1.95,2.0,1.95,1.95,2040,68360,0
FINNIFTY12MAR2422500CE.NFO,2024-03-06,13:53:00,2024-03-12,1.95,1.95,1.95,1.95,320,68360,0
FINNIFTY12MAR2422500CE.NFO,2024-03-06,13:54:00,2024-03-12,1.95,2.0,1.9,1.9,600,68360,0
FINNIFTY12MAR2422500CE.NFO,2024-03-06,13:55:00,2024-03-12,1.9,2.0,1.9,1.95,840,67120,0
FINNIFTY12MAR2422500CE.NFO,2024-03-06,13:56:00,2024-03-12,1.95,1.95,1.9,1.9,1360,67120,0
FINNIFTY12MAR2422500CE.NFO,2024-03-06,13:57:00,2024-03-12,1.9,1.95,1.8,1.8,2240,67120,0
FINNIFTY12MAR2422500CE.NFO,2024-03-06,13:58:00,2024-03-12,1.8,1.85,1.8,1.8,1680,64360,0
FINNIFTY12MAR2422500CE.NFO,2024-03-06,13:59:00,2024-03-12,1.8,1.85,1.8,1.8,920,64360,0
FINNIFTY12MAR2422500CE.NFO,2024-03-06,14:00:00,2024-03-12,1.8,1.85,1.8,1.85,120,64360,0
FINNIFTY12MAR2422500CE.NFO,2024-03-06,14:01:00,2024-03-12,1.8,1.8,1.8,1.8,40,64360,0
FINNIFTY12MAR2422500CE.NFO,2024-03-06,14:02:00,2024-03-12,1.8,1.8,1.8,1.8,800,64560,0
FINNIFTY12MAR2422500CE.NFO,2024-03-06,14:03:00,2024-03-12,1.8,1.8,1.8,1.8,160,64560,0
FINNIFTY12MAR2422500CE.NFO,2024-03-06,14:04:00,2024-03-12,1.8,1.8,1.8,1.8,280,64520,0
FINNIFTY12MAR2422500CE.NFO,2024-03-06,14:05:00,2024-03-12,1.8,1.85,1.8,1.8,1440,64520,0
FINNIFTY12MAR2422500CE.NFO,2024-03-06,14:06:00,2024-03-12,1.8,1.9,1.8,1.9,1160,64520,0
FINNIFTY12MAR2422500CE.NFO,2024-03-06,14:07:00,2024-03-12,1.9,1.95,1.85,1.95,1440,66080,0
FINNIFTY12MAR2422500CE.NFO,2024-03-06,14:08:00,2024-03-12,1.95,2.0,1.95,2.0,680,66080,0
FINNIFTY12MAR2422500CE.NFO,2024-03-06,14:09:00,2024-03-12,2.0,2.0,1.95,1.95,480,66080,0
FINNIFTY12MAR2422500CE.NFO,2024-03-06,14:10:00,2024-03-12,2.0,2.0,2.0,2.0,120,66640,0
FINNIFTY12MAR2422500CE.NFO,2024-03-06,14:11:00,2024-03-12,2.0,2.0,1.95,1.95,200,66640,0
FINNIFTY12MAR2422500CE.NFO,2024-03-06,14:12:00,2024-03-12,1.95,1.95,1.9,1.9,1840,66640,0
FINNIFTY12MAR2422500CE.NFO,2024-03-06,14:13:00,2024-03-12,1.9,1.9,1.85,1.9,2880,70040,0
FINNIFTY12MAR2422500CE.NFO,2024-03-06,14:14:00,2024-03-12,1.85,1.9,1.85,1.9,2160,70040,0
FINNIFTY12MAR2422500CE.NFO,2024-03-06,14:15:00,2024-03-12,1.9,1.9,1.9,1.9,720,70040,0
FINNIFTY12MAR2422500CE.NFO,2024-03-06,14:16:00,2024-03-12,1.85,1.9,1.8,1.8,2800,73840,0
FINNIFTY12MAR2422500CE.NFO,2024-03-06,14:17:00,2024-03-12,1.8,1.8,1.75,1.75,1520,73840,0
FINNIFTY12MAR2422500CE.NFO,2024-03-06,14:18:00,2024-03-12,1.75,1.75,1.7,1.7,2720,73840,0
FINNIFTY12MAR2422500CE.NFO,2024-03-06,14:19:00,2024-03-12,1.7,1.7,1.65,1.65,3120,79000,0
FINNIFTY12MAR2422500CE.NFO,2024-03-06,14:20:00,2024-03-12,1.65,1.7,1.6,1.65,2200,79000,0
FINNIFTY12MAR2422500CE.NFO,2024-03-06,14:21:00,2024-03-12,1.6,1.65,1.55,1.55,3800,79000,0
FINNIFTY12MAR2422500CE.NFO,2024-03-06,14:22:00,2024-03-12,1.6,1.6,1.55,1.55,560,82840,0
FINNIFTY12MAR2422500CE.NFO,2024-03-06,14:23:00,2024-03-12,1.6,1.6,1.55,1.55,1080,82840,0
FINNIFTY12MAR2422500CE.NFO,2024-03-06,14:24:00,2024-03-12,1.55,1.6,1.55,1.6,1440,82840,0
FINNIFTY12MAR2422500CE.NFO,2024-03-06,14:25:00,2024-03-12,1.6,1.6,1.6,1.6,600,82680,0
FINNIFTY12MAR2422500CE.NFO,2024-03-06,14:26:00,2024-03-12,1.6,1.6,1.6,1.6,0,82680,0
FINNIFTY12MAR2422500CE.NFO,2024-03-06,14:27:00,2024-03-12,1.6,1.65,1.6,1.65,440,82680,0
FINNIFTY12MAR2422500CE.NFO,2024-03-06,14:28:00,2024-03-12,1.65,1.65,1.65,1.65,120,82760,0
FINNIFTY12MAR2422500CE.NFO,2024-03-06,14:29:00,2024-03-12,1.65,1.65,1.6,1.6,120,82760,0
FINNIFTY12MAR2422500CE.NFO,2024-03-06,14:30:00,2024-03-12,1.6,1.65,1.6,1.65,360,82760,0
FINNIFTY12MAR2422500CE.NFO,2024-03-06,14:31:00,2024-03-12,1.65,1.75,1.6,1.7,720,83120,0
FINNIFTY12MAR2422500CE.NFO,2024-03-06,14:32:00,2024-03-12,1.7,1.75,1.65,1.65,720,83120,0
FINNIFTY12MAR2422500CE.NFO,2024-03-06,14:33:00,2024-03-12,1.65,1.65,1.65,1.65,280,83120,0
FINNIFTY12MAR2422500CE.NFO,2024-03-06,14:34:00,2024-03-12,1.65,1.7,1.65,1.65,160,83440,0
FINNIFTY12MAR2422500CE.NFO,2024-03-06,14:35:00,2024-03-12,1.65,1.7,1.65,1.7,1400,83440,0
FINNIFTY12MAR2422500CE.NFO,2024-03-06,14:36:00,2024-03-12,1.7,1.7,1.65,1.65,80,83440,0
FINNIFTY12MAR2422500CE.NFO,2024-03-06,14:37:00,2024-03-12,1.7,1.7,1.65,1.65,320,84800,0
FINNIFTY12MAR2422500CE.NFO,2024-03-06,14:38:00,2024-03-12,1.65,1.65,1.65,1.65,0,84800,0
FINNIFTY12MAR2422500CE.NFO,2024-03-06,14:39:00,2024-03-12,1.65,1.7,1.65,1.65,1400,84800,0
FINNIFTY12MAR2422500CE.NFO,2024-03-06,14:40:00,2024-03-12,1.6,1.7,1.6,1.6,1880,85800,0
FINNIFTY12MAR2422500CE.NFO,2024-03-06,14:41:00,2024-03-12,1.6,1.6,1.45,1.5,5880,85800,0
FINNIFTY12MAR2422500CE.NFO,2024-03-06,14:42:00,2024-03-12,1.5,1.5,1.4,1.45,3120,85800,0
FINNIFTY12MAR2422500CE.NFO,2024-03-06,14:43:00,2024-03-12,1.45,1.55,1.45,1.5,1800,85800,0
FINNIFTY12MAR2422500CE.NFO,2024-03-06,14:44:00,2024-03-12,1.5,1.5,1.5,1.5,120,93480,0
FINNIFTY12MAR2422500CE.NFO,2024-03-06,14:45:00,2024-03-12,1.5,1.55,1.5,1.55,440,93480,0
FINNIFTY12MAR2422500CE.NFO,2024-03-06,14:46:00,2024-03-12,1.55,1.55,1.45,1.45,2320,92440,0
FINNIFTY12MAR2422500CE.NFO,2024-03-06,14:47:00,2024-03-12,1.45,1.5,1.45,1.45,1000,92440,0
FINNIFTY12MAR2422500CE.NFO,2024-03-06,14:48:00,2024-03-12,1.45,1.5,1.4,1.5,2040,92440,0
FINNIFTY12MAR2422500CE.NFO,2024-03-06,14:49:00,2024-03-12,1.4,1.45,1.4,1.45,1160,92440,0
FINNIFTY12MAR2422500CE.NFO,2024-03-06,14:50:00,2024-03-12,1.45,1.45,1.4,1.4,800,92440,0
FINNIFTY12MAR2422500CE.NFO,2024-03-06,14:51:00,2024-03-12,1.45,1.45,1.35,1.35,2400,92440,0
FINNIFTY12MAR2422500CE.NFO,2024-03-06,14:52:00,2024-03-12,1.35,1.4,1.3,1.4,4240,94000,0
FINNIFTY12MAR2422500CE.NFO,2024-03-06,14:53:00,2024-03-12,1.4,1.5,1.3,1.5,4600,94000,0
FINNIFTY12MAR2422500CE.NFO,2024-03-06,14:54:00,2024-03-12,1.5,1.5,1.35,1.4,3360,94000,0
FINNIFTY12MAR2422500CE.NFO,2024-03-06,14:55:00,2024-03-12,1.4,1.45,1.35,1.4,3280,84640,0
FINNIFTY12MAR2422500CE.NFO,2024-03-06,14:56:00,2024-03-12,1.4,1.5,1.4,1.5,2040,84640,0
FINNIFTY12MAR2422500CE.NFO,2024-03-06,14:57:00,2024-03-12,1.5,1.5,1.4,1.45,440,84640,0
FINNIFTY12MAR2422500CE.NFO,2024-03-06,14:58:00,2024-03-12,1.5,1.55,1.5,1.5,1280,84640,0
FINNIFTY12MAR2422500CE.NFO,2024-03-06,14:59:00,2024-03-12,1.5,1.5,1.45,1.45,320,83720,0
FINNIFTY12MAR2422500CE.NFO,2024-03-06,15:00:00,2024-03-12,1.45,1.45,1.35,1.35,1720,83720,0
FINNIFTY12MAR2422500CE.NFO,2024-03-06,15:01:00,2024-03-12,1.35,1.4,1.35,1.4,680,83080,0
FINNIFTY12MAR2422500CE.NFO,2024-03-06,15:02:00,2024-03-12,1.4,1.4,1.35,1.4,520,83080,0
FINNIFTY12MAR2422500CE.NFO,2024-03-06,15:03:00,2024-03-12,1.4,1.4,1.4,1.4,640,83080,0
FINNIFTY12MAR2422500CE.NFO,2024-03-06,15:04:00,2024-03-12,1.4,1.4,1.4,1.4,80,83080,0
FINNIFTY12MAR2422500CE.NFO,2024-03-06,15:05:00,2024-03-12,1.4,1.4,1.35,1.35,1280,82160,0
FINNIFTY12MAR2422500CE.NFO,2024-03-06,15:06:00,2024-03-12,1.35,1.5,1.35,1.5,2160,82160,0
FINNIFTY12MAR2422500CE.NFO,2024-03-06,15:07:00,2024-03-12,1.5,1.6,1.45,1.55,6920,82040,0
FINNIFTY12MAR2422500CE.NFO,2024-03-06,15:08:00,2024-03-12,1.55,1.6,1.55,1.55,3000,82040,0
FINNIFTY12MAR2422500CE.NFO,2024-03-06,15:09:00,2024-03-12,1.55,1.55,1.55,1.55,400,82040,0
FINNIFTY12MAR2422500CE.NFO,2024-03-06,15:10:00,2024-03-12,1.55,1.55,1.55,1.55,1000,82280,0
FINNIFTY12MAR2422500CE.NFO,2024-03-06,15:11:00,2024-03-12,1.55,1.55,1.35,1.4,9600,82280,0
FINNIFTY12MAR2422500CE.NFO,2024-03-06,15:12:00,2024-03-12,1.35,1.35,1.3,1.35,2040,82280,0
FINNIFTY12MAR2422500CE.NFO,2024-03-06,15:13:00,2024-03-12,1.35,1.35,1.3,1.3,2240,88680,0
FINNIFTY12MAR2422500CE.NFO,2024-03-06,15:14:00,2024-03-12,1.3,1.35,1.2,1.3,6640,88680,0
FINNIFTY12MAR2422500CE.NFO,2024-03-06,15:15:00,2024-03-12,1.3,1.3,1.1,1.15,12080,88680,0
FINNIFTY12MAR2422500CE.NFO,2024-03-06,15:16:00,2024-03-12,1.15,1.15,1.15,1.15,2720,82120,0
FINNIFTY12MAR2422500CE.NFO,2024-03-06,15:17:00,2024-03-12,1.15,1.2,1.15,1.15,3280,82120,0
FINNIFTY12MAR2422500CE.NFO,2024-03-06,15:18:00,2024-03-12,1.15,1.25,1.15,1.25,5960,82120,0
FINNIFTY12MAR2422500CE.NFO,2024-03-06,15:19:00,2024-03-12,1.25,1.25,1.2,1.25,2360,78240,0
FINNIFTY12MAR2422500CE.NFO,2024-03-06,15:20:00,2024-03-12,1.2,1.3,1.2,1.25,560,78240,0
FINNIFTY12MAR2422500CE.NFO,2024-03-06,15:21:00,2024-03-12,1.25,1.25,1.25,1.25,400,78240,0
FINNIFTY12MAR2422500CE.NFO,2024-03-06,15:22:00,2024-03-12,1.3,1.3,1.2,1.2,3840,77720,0
FINNIFTY12MAR2422500CE.NFO,2024-03-06,15:23:00,2024-03-12,1.2,1.3,1.2,1.3,5480,77720,0
FINNIFTY12MAR2422500CE.NFO,2024-03-06,15:24:00,2024-03-12,1.3,1.3,1.25,1.3,2320,77720,0
FINNIFTY12MAR2422500CE.NFO,2024-03-06,15:25:00,2024-03-12,1.25,1.3,1.2,1.2,5360,84840,0
FINNIFTY12MAR2422500CE.NFO,2024-03-06,15:26:00,2024-03-12,1.2,1.35,1.2,1.3,1360,84840,0
FINNIFTY12MAR2422500CE.NFO,2024-03-06,15:27:00,2024-03-12,1.3,1.3,1.25,1.3,2040,84840,0
FINNIFTY12MAR2422500CE.NFO,2024-03-06,15:28:00,2024-03-12,1.25,1.3,1.05,1.15,8920,84760,0
FINNIFTY12MAR2422500CE.NFO,2024-03-06,15:29:00,2024-03-12,1.15,1.2,1.1,1.2,3160,84760,0
FINNIFTY12MAR2422500CE.NFO,2024-03-06,15:30:00,2024-03-12,1.2,1.2,1.2,1.2,3160,84760,1
FINNIFTY12MAR2422500CE.NFO,2024-03-07,09:15:00,2024-03-12,1.15,1.55,1.0,1.05,840,84960,0
FINNIFTY12MAR2422500CE.NFO,2024-03-07,09:16:00,2024-03-12,1.05,1.05,1.0,1.0,600,84960,0
FINNIFTY12MAR2422500CE.NFO,2024-03-07,09:17:00,2024-03-12,1.0,1.0,0.95,1.0,880,84960,0
FINNIFTY12MAR2422500CE.NFO,2024-03-07,09:18:00,2024-03-12,1.0,1.0,1.0,1.0,360,84960,0
FINNIFTY12MAR2422500CE.NFO,2024-03-07,09:19:00,2024-03-12,1.0,1.0,1.0,1.0,0,84960,0
FINNIFTY12MAR2422500CE.NFO,2024-03-07,09:20:00,2024-03-12,0.95,1.0,0.95,0.95,1280,84960,0
FINNIFTY12MAR2422500CE.NFO,2024-03-07,09:21:00,2024-03-12,0.95,1.0,0.95,1.0,1760,85320,0
FINNIFTY12MAR2422500CE.NFO,2024-03-07,09:22:00,2024-03-12,1.0,1.0,1.0,1.0,520,85320,0
FINNIFTY12MAR2422500CE.NFO,2024-03-07,09:23:00,2024-03-12,0.95,0.95,0.95,0.95,720,85320,0
FINNIFTY12MAR2422500CE.NFO,2024-03-07,09:24:00,2024-03-12,0.95,0.95,0.95,0.95,80,85320,0
FINNIFTY12MAR2422500CE.NFO,2024-03-07,09:25:00,2024-03-12,0.9,0.9,0.85,0.9,1040,86160,0
FINNIFTY12MAR2422500CE.NFO,2024-03-07,09:26:00,2024-03-12,0.9,0.95,0.9,0.95,1280,86160,0
FINNIFTY12MAR2422500CE.NFO,2024-03-07,09:27:00,2024-03-12,0.95,0.95,0.85,0.85,2600,86160,0
FINNIFTY12MAR2422500CE.NFO,2024-03-07,09:28:00,2024-03-12,0.85,0.85,0.85,0.85,2280,86600,0
FINNIFTY12MAR2422500CE.NFO,2024-03-07,09:29:00,2024-03-12,0.85,0.85,0.85,0.85,2920,86600,0
FINNIFTY12MAR2422500CE.NFO,2024-03-07,09:30:00,2024-03-12,0.85,0.85,0.8,0.85,280,86760,0
FINNIFTY12MAR2422500CE.NFO,2024-03-07,09:31:00,2024-03-12,0.85,0.9,0.8,0.85,6600,86760,0
FINNIFTY12MAR2422500CE.NFO,2024-03-07,09:32:00,2024-03-12,0.85,0.85,0.8,0.8,240,86760,0
FINNIFTY12MAR2422500CE.NFO,2024-03-07,09:33:00,2024-03-12,0.8,0.85,0.8,0.85,3920,89160,0
FINNIFTY12MAR2422500CE.NFO,2024-03-07,09:34:00,2024-03-12,0.85,0.9,0.85,0.9,1160,89160,0
FINNIFTY12MAR2422500CE.NFO,2024-03-07,09:35:00,2024-03-12,0.9,0.9,0.9,0.9,80,89160,0
FINNIFTY12MAR2422500CE.NFO,2024-03-07,09:36:00,2024-03-12,0.9,0.9,0.9,0.9,0,89160,0
FINNIFTY12MAR2422500CE.NFO,2024-03-07,09:37:00,2024-03-12,0.9,0.9,0.9,0.9,200,87040,0
FINNIFTY12MAR2422500CE.NFO,2024-03-07,09:38:00,2024-03-12,0.9,0.9,0.9,0.9,80,87040,0
FINNIFTY12MAR2422500CE.NFO,2024-03-07,09:39:00,2024-03-12,0.85,0.9,0.85,0.9,480,87040,0
FINNIFTY12MAR2422500CE.NFO,2024-03-07,09:40:00,2024-03-12,0.9,0.9,0.9,0.9,2800,87040,0
FINNIFTY12MAR2422500CE.NFO,2024-03-07,09:41:00,2024-03-12,0.9,0.9,0.85,0.85,2440,87040,0
FINNIFTY12MAR2422500CE.NFO,2024-03-07,09:42:00,2024-03-12,0.85,0.85,0.85,0.85,920,87520,0
FINNIFTY12MAR2422500CE.NFO,2024-03-07,09:43:00,2024-03-12,0.85,0.85,0.85,0.85,0,87520,0
FINNIFTY12MAR2422500CE.NFO,2024-03-07,09:44:00,2024-03-12,0.85,0.85,0.85,0.85,40,87520,0
FINNIFTY12MAR2422500CE.NFO,2024-03-07,09:45:00,2024-03-12,0.85,0.85,0.85,0.85,800,87520,0
FINNIFTY12MAR2422500CE.NFO,2024-03-07,09:46:00,2024-03-12,0.85,0.85,0.8,0.8,120,87440,0
FINNIFTY12MAR2422500CE.NFO,2024-03-07,09:47:00,2024-03-12,0.8,0.85,0.8,0.85,280,87440,0
FINNIFTY12MAR2422500CE.NFO,2024-03-07,09:48:00,2024-03-12,0.8,0.8,0.8,0.8,280,87440,0
FINNIFTY12MAR2422500CE.NFO,2024-03-07,09:49:00,2024-03-12,0.8,0.8,0.8,0.8,1040,87440,0
FINNIFTY12MAR2422500CE.NFO,2024-03-07,09:50:00,2024-03-12,0.8,0.8,0.8,0.8,1400,87440,0
FINNIFTY12MAR2422500CE.NFO,2024-03-07,09:51:00,2024-03-12,0.8,0.8,0.75,0.75,80,87440,0
FINNIFTY12MAR2422500CE.NFO,2024-03-07,09:52:00,2024-03-12,0.75,0.75,0.75,0.75,920,88200,0
FINNIFTY12MAR2422500CE.NFO,2024-03-07,09:53:00,2024-03-12,0.75,0.75,0.75,0.75,240,88200,0
FINNIFTY12MAR2422500CE.NFO,2024-03-07,09:54:00,2024-03-12,0.75,0.8,0.75,0.8,480,89640,0
FINNIFTY12MAR2422500CE.NFO,2024-03-07,09:55:00,2024-03-12,0.8,0.8,0.8,0.8,80,89640,0
FINNIFTY12MAR2422500CE.NFO,2024-03-07,09:56:00,2024-03-12,0.75,0.75,0.75,0.75,600,89640,0
FINNIFTY12MAR2422500CE.NFO,2024-03-07,09:57:00,2024-03-12,0.8,0.8,0.75,0.75,80,89640,0
FINNIFTY12MAR2422500CE.NFO,2024-03-07,09:58:00,2024-03-12,0.75,0.75,0.75,0.75,0,89640,0
FINNIFTY12MAR2422500CE.NFO,2024-03-07,09:59:00,2024-03-12,0.8,0.8,0.8,0.8,320,90160,0
FINNIFTY12MAR2422500CE.NFO,2024-03-07,10:00:00,2024-03-12,0.8,0.8,0.8,0.8,1960,90160,0
FINNIFTY12MAR2422500CE.NFO,2024-03-07,10:01:00,2024-03-12,0.75,0.8,0.75,0.8,960,90160,0
FINNIFTY12MAR2422500CE.NFO,2024-03-07,10:02:00,2024-03-12,0.8,0.8,0.7,0.7,360,90160,0
FINNIFTY12MAR2422500CE.NFO,2024-03-07,10:03:00,2024-03-12,0.7,0.7,0.7,0.7,320,90120,0
FINNIFTY12MAR2422500CE.NFO,2024-03-07,10:04:00,2024-03-12,0.7,0.8,0.7,0.8,2280,90120,0
FINNIFTY12MAR2422500CE.NFO,2024-03-07,10:05:00,2024-03-12,0.8,0.85,0.8,0.8,3560,90120,0
FINNIFTY12MAR2422500CE.NFO,2024-03-07,10:06:00,2024-03-12,0.8,0.8,0.8,0.8,80,90120,0
FINNIFTY12MAR2422500CE.NFO,2024-03-07,10:07:00,2024-03-12,0.8,0.85,0.8,0.85,1800,92080,0
FINNIFTY12MAR2422500CE.NFO,2024-03-07,10:08:00,2024-03-12,0.85,0.85,0.85,0.85,0,92080,0
FINNIFTY12MAR2422500CE.NFO,2024-03-07,10:09:00,2024-03-12,0.85,0.85,0.85,0.85,0,92080,1
FINNIFTY12MAR2422500CE.NFO,2024-03-07,10:10:00,2024-03-12,0.85,0.85,0.8,0.8,4000,91920,0
FINNIFTY12MAR2422500CE.NFO,2024-03-07,10:11:00,2024-03-12,0.8,0.8,0.8,0.8,1840,91920,0
FINNIFTY12MAR2422500CE.NFO,2024-03-07,10:12:00,2024-03-12,0.8,0.8,0.8,0.8,680,91920,0
FINNIFTY12MAR2422500CE.NFO,2024-03-07,10:13:00,2024-03-12,0.8,0.8,0.8,0.8,200,89960,0
FINNIFTY12MAR2422500CE.NFO,2024-03-07,10:14:00,2024-03-12,0.8,0.8,0.8,0.8,40,89960,0
FINNIFTY12MAR2422500CE.NFO,2024-03-07,10:15:00,2024-03-12,0.8,0.8,0.75,0.8,2280,89920,0
FINNIFTY12MAR2422500CE.NFO,2024-03-07,10:16:00,2024-03-12,0.8,0.8,0.8,0.8,1280,89920,0
FINNIFTY12MAR2422500CE.NFO,2024-03-07,10:17:00,2024-03-12,0.8,0.8,0.8,0.8,80,89920,0
FINNIFTY12MAR2422500CE.NFO,2024-03-07,10:18:00,2024-03-12,0.8,0.8,0.8,0.8,0,89920,0
FINNIFTY12MAR2422500CE.NFO,2024-03-07,10:19:00,2024-03-12,0.8,0.8,0.8,0.8,600,89960,0
FINNIFTY12MAR2422500CE.NFO,2024-03-07,10:20:00,2024-03-12,0.8,0.85,0.8,0.85,80,89960,0
FINNIFTY12MAR2422500CE.NFO,2024-03-07,10:21:00,2024-03-12,0.85,0.85,0.8,0.85,360,89960,0
FINNIFTY12MAR2422500CE.NFO,2024-03-07,10:22:00,2024-03-12,0.8,0.85,0.8,0.85,1600,90200,0
FINNIFTY12MAR2422500CE.NFO,2024-03-07,10:23:00,2024-03-12,0.85,0.85,0.8,0.8,1000,90200,0
FINNIFTY12MAR2422500CE.NFO,2024-03-07,10:24:00,2024-03-12,0.8,0.8,0.8,0.8,0,90200,0
FINNIFTY12MAR2422500CE.NFO,2024-03-07,10:25:00,2024-03-12,0.85,0.85,0.85,0.85,640,91760,0
FINNIFTY12MAR2422500CE.NFO,2024-03-07,10:26:00,2024-03-12,0.85,0.85,0.85,0.85,640,91760,1
FINNIFTY12MAR2422500CE.NFO,2024-03-07,10:27:00,2024-03-12,0.85,0.85,0.85,0.85,680,91760,0
FINNIFTY12MAR2422500CE.NFO,2024-03-07,10:28:00,2024-03-12,0.85,0.85,0.8,0.8,80,91840,0
FINNIFTY12MAR2422500CE.NFO,2024-03-07,10:29:00,2024-03-12,0.8,0.85,0.8,0.8,3720,91840,0
FINNIFTY12MAR2422500CE.NFO,2024-03-07,10:30:00,2024-03-12,0.8,0.85,0.8,0.85,2120,91840,0
FINNIFTY12MAR2422500CE.NFO,2024-03-07,10:31:00,2024-03-12,0.85,0.85,0.85,0.85,40,92400,0
FINNIFTY12MAR2422500CE.NFO,2024-03-07,10:32:00,2024-03-12,0.85,0.85,0.8,0.8,1680,92400,0
FINNIFTY12MAR2422500CE.NFO,2024-03-07,10:33:00,2024-03-12,0.8,0.8,0.8,0.8,280,92400,0
FINNIFTY12MAR2422500CE.NFO,2024-03-07,10:34:00,2024-03-12,0.75,0.8,0.75,0.8,720,92600,0
FINNIFTY12MAR2422500CE.NFO,2024-03-07,10:35:00,2024-03-12,0.8,0.8,0.8,0.8,720,92600,0
FINNIFTY12MAR2422500CE.NFO,2024-03-07,10:36:00,2024-03-12,0.8,0.8,0.8,0.8,520,92600,0
FINNIFTY12MAR2422500CE.NFO,2024-03-07,10:37:00,2024-03-12,0.8,0.85,0.8,0.85,440,93960,0
FINNIFTY12MAR2422500CE.NFO,2024-03-07,10:38:00,2024-03-12,0.85,0.85,0.75,0.8,2760,93960,0
FINNIFTY12MAR2422500CE.NFO,2024-03-07,10:39:00,2024-03-12,0.75,0.75,0.7,0.75,2320,93960,0
FINNIFTY12MAR2422500CE.NFO,2024-03-07,10:40:00,2024-03-12,0.75,0.8,0.75,0.8,1400,94000,0
FINNIFTY12MAR2422500CE.NFO,2024-03-07,10:41:00,2024-03-12,0.7,0.7,0.7,0.7,400,94000,0
FINNIFTY12MAR2422500CE.NFO,2024-03-07,10:42:00,2024-03-12,0.7,0.7,0.7,0.7,0,94000,0
FINNIFTY12MAR2422500CE.NFO,2024-03-07,10:43:00,2024-03-12,0.7,0.7,0.7,0.7,0,94000,0
FINNIFTY12MAR2422500CE.NFO,2024-03-07,10:44:00,2024-03-12,0.8,0.85,0.8,0.8,1440,93960,0
FINNIFTY12MAR2422500CE.NFO,2024-03-07,10:45:00,2024-03-12,0.8,0.8,0.8,0.8,5160,93960,0
FINNIFTY12MAR2422500CE.NFO,2024-03-07,10:46:00,2024-03-12,0.8,0.85,0.8,0.85,2400,94000,0
FINNIFTY12MAR2422500CE.NFO,2024-03-07,10:47:00,2024-03-12,0.85,0.85,0.8,0.8,3480,94000,0
FINNIFTY12MAR2422500CE.NFO,2024-03-07,10:48:00,2024-03-12,0.8,0.9,0.8,0.85,2400,93960,0
FINNIFTY12MAR2422500CE.NFO,2024-03-07,10:49:00,2024-03-12,0.85,0.85,0.85,0.85,1320,93960,0
FINNIFTY12MAR2422500CE.NFO,2024-03-07,10:50:00,2024-03-12,0.85,0.85,0.85,0.85,160,93960,0
FINNIFTY12MAR2422500CE.NFO,2024-03-07,10:51:00,2024-03-12,0.9,0.95,0.9,0.95,840,94280,0
FINNIFTY12MAR2422500CE.NFO,2024-03-07,10:52:00,2024-03-12,0.95,1.0,0.85,0.85,400,94280,0
FINNIFTY12MAR2422500CE.NFO,2024-03-07,10:53:00,2024-03-12,0.85,1.0,0.85,1.0,480,94280,0
FINNIFTY12MAR2422500CE.NFO,2024-03-07,10:54:00,2024-03-12,1.0,1.0,0.9,0.9,600,94280,0
FINNIFTY12MAR2422500CE.NFO,2024-03-07,10:55:00,2024-03-12,0.9,1.0,0.9,0.95,600,94280,0
FINNIFTY12MAR2422500CE.NFO,2024-03-07,10:56:00,2024-03-12,0.95,0.95,0.95,0.95,0,94280,0
FINNIFTY12MAR2422500CE.NFO,2024-03-07,10:57:00,2024-03-12,0.95,0.95,0.95,0.95,560,94280,0
FINNIFTY12MAR2422500CE.NFO,2024-03-07,10:58:00,2024-03-12,0.9,0.95,0.9,0.9,1080,94640,0
FINNIFTY12MAR2422500CE.NFO,2024-03-07,10:59:00,2024-03-12,0.9,0.9,0.9,0.9,0,94640,0
FINNIFTY12MAR2422500CE.NFO,2024-03-07,11:00:00,2024-03-12,0.9,0.9,0.9,0.9,400,94640,0
FINNIFTY12MAR2422500CE.NFO,2024-03-07,11:01:00,2024-03-12,0.9,0.95,0.9,0.95,680,94680,0
FINNIFTY12MAR2422500CE.NFO,2024-03-07,11:02:00,2024-03-12,0.95,0.95,0.85,0.85,40,94680,0
FINNIFTY12MAR2422500CE.NFO,2024-03-07,11:03:00,2024-03-12,0.85,0.9,0.85,0.9,360,94680,0
FINNIFTY12MAR2422500CE.NFO,2024-03-07,11:04:00,2024-03-12,0.9,0.9,0.85,0.9,840,94880,0
FINNIFTY12MAR2422500CE.NFO,2024-03-07,11:05:00,2024-03-12,0.9,0.9,0.9,0.9,520,94880,0
FINNIFTY12MAR2422500CE.NFO,2024-03-07,11:06:00,2024-03-12,0.9,0.9,0.9,0.9,200,94880,0
FINNIFTY12MAR2422500CE.NFO,2024-03-07,11:07:00,2024-03-12,0.9,0.9,0.9,0.9,680,95400,0
FINNIFTY12MAR2422500CE.NFO,2024-03-07,11:08:00,2024-03-12,0.9,0.95,0.9,0.95,3040,95400,0
FINNIFTY12MAR2422500CE.NFO,2024-03-07,11:09:00,2024-03-12,0.95,0.95,0.95,0.95,0,95400,0
FINNIFTY12MAR2422500CE.NFO,2024-03-07,11:10:00,2024-03-12,0.95,1.0,0.95,0.95,2200,97680,0
FINNIFTY12MAR2422500CE.NFO,2024-03-07,11:11:00,2024-03-12,0.95,1.0,0.95,1.0,160,97680,0
FINNIFTY12MAR2422500CE.NFO,2024-03-07,11:12:00,2024-03-12,1.0,1.0,0.95,1.0,640,97680,0
FINNIFTY12MAR2422500CE.NFO,2024-03-07,11:13:00,2024-03-12,1.0,1.0,1.0,1.0,640,97680,1
FINNIFTY12MAR2422500CE.NFO,2024-03-07,11:14:00,2024-03-12,1.0,1.1,1.0,1.1,3080,99280,0
FINNIFTY12MAR2422500CE.NFO,2024-03-07,11:15:00,2024-03-12,1.05,1.15,1.05,1.1,1960,99280,0
FINNIFTY12MAR2422500CE.NFO,2024-03-07,11:16:00,2024-03-12,1.1,1.1,1.05,1.05,480,100480,0
FINNIFTY12MAR2422500CE.NFO,2024-03-07,11:17:00,2024-03-12,1.05,1.15,1.05,1.15,120,100480,0
FINNIFTY12MAR2422500CE.NFO,2024-03-07,11:18:00,2024-03-12,1.15,1.15,1.05,1.05,400,100480,0
FINNIFTY12MAR2422500CE.NFO,2024-03-07,11:19:00,2024-03-12,1.05,1.05,1.05,1.05,0,100480,0
FINNIFTY12MAR2422500CE.NFO,2024-03-07,11:20:00,2024-03-12,1.1,1.1,1.1,1.1,800,100720,0
FINNIFTY12MAR2422500CE.NFO,2024-03-07,11:21:00,2024-03-12,1.1,1.1,1.1,1.1,0,100720,0
FINNIFTY12MAR2422500CE.NFO,2024-03-07,11:22:00,2024-03-12,1.1,1.1,1.1,1.1,80,100760,0
FINNIFTY12MAR2422500CE.NFO,2024-03-07,11:23:00,2024-03-12,1.1,1.15,1.1,1.15,1080,100760,0
FINNIFTY12MAR2422500CE.NFO,2024-03-07,11:24:00,2024-03-12,1.15,1.15,1.15,1.15,240,100760,0
FINNIFTY12MAR2422500CE.NFO,2024-03-07,11:25:00,2024-03-12,1.15,1.2,1.15,1.2,5040,101160,0
FINNIFTY12MAR2422500CE.NFO,2024-03-07,11:26:00,2024-03-12,1.2,1.2,1.2,1.2,3440,101160,0
FINNIFTY12MAR2422500CE.NFO,2024-03-07,11:27:00,2024-03-12,1.2,1.2,1.15,1.15,80,101160,0
FINNIFTY12MAR2422500CE.NFO,2024-03-07,11:28:00,2024-03-12,1.15,1.2,1.15,1.2,8760,101920,0
FINNIFTY12MAR2422500CE.NFO,2024-03-07,11:29:00,2024-03-12,1.2,1.25,1.2,1.2,4760,101920,0
FINNIFTY12MAR2422500CE.NFO,2024-03-07,11:30:00,2024-03-12,1.2,1.2,1.2,1.2,440,101920,0
FINNIFTY12MAR2422500CE.NFO,2024-03-07,11:31:00,2024-03-12,1.2,1.2,1.2,1.2,40,111560,0
FINNIFTY12MAR2422500CE.NFO,2024-03-07,11:32:00,2024-03-12,1.15,1.15,1.15,1.15,1280,111560,0
FINNIFTY12MAR2422500CE.NFO,2024-03-07,11:33:00,2024-03-12,1.15,1.15,1.15,1.15,2120,111560,0
FINNIFTY12MAR2422500CE.NFO,2024-03-07,11:34:00,2024-03-12,1.15,1.15,1.1,1.1,480,114320,0
FINNIFTY12MAR2422500CE.NFO,2024-03-07,11:35:00,2024-03-12,1.15,1.15,1.1,1.15,200,114320,0
FINNIFTY12MAR2422500CE.NFO,2024-03-07,11:36:00,2024-03-12,1.15,1.15,1.15,1.15,0,114320,0
FINNIFTY12MAR2422500CE.NFO,2024-03-07,11:37:00,2024-03-12,1.15,1.15,1.15,1.15,40,114000,0
FINNIFTY12MAR2422500CE.NFO,2024-03-07,11:38:00,2024-03-12,1.15,1.15,1.1,1.1,440,114000,0
FINNIFTY12MAR2422500CE.NFO,2024-03-07,11:39:00,2024-03-12,1.1,1.15,1.1,1.15,120,114000,0
FINNIFTY12MAR2422500CE.NFO,2024-03-07,11:40:00,2024-03-12,1.15,1.15,1.1,1.15,480,113960,0
FINNIFTY12MAR2422500CE.NFO,2024-03-07,11:41:00,2024-03-12,1.15,1.15,1.1,1.15,560,113960,0
FINNIFTY12MAR2422500CE.NFO,2024-03-07,11:42:00,2024-03-12,1.15,1.15,1.1,1.15,760,113960,0
FINNIFTY12MAR2422500CE.NFO,2024-03-07,11:43:00,2024-03-12,1.1,1.1,1.1,1.1,40,114000,0
FINNIFTY12MAR2422500CE.NFO,2024-03-07,11:44:00,2024-03-12,1.1,1.1,1.1,1.1,0,114000,0
FINNIFTY12MAR2422500CE.NFO,2024-03-07,11:45:00,2024-03-12,1.1,1.15,1.1,1.15,0,114000,0
FINNIFTY12MAR2422500CE.NFO,2024-03-07,11:46:00,2024-03-12,1.15,1.15,1.15,1.15,520,114000,0
FINNIFTY12MAR2422500CE.NFO,2024-03-07,11:47:00,2024-03-12,1.15,1.15,1.1,1.15,400,114000,0
FINNIFTY12MAR2422500CE.NFO,2024-03-07,11:48:00,2024-03-12,1.1,1.1,1.1,1.1,1520,114000,0
FINNIFTY12MAR2422500CE.NFO,2024-03-07,11:49:00,2024-03-12,1.1,1.1,1.05,1.05,1440,114160,0
FINNIFTY12MAR2422500CE.NFO,2024-03-07,11:50:00,2024-03-12,1.05,1.1,1.05,1.1,80,114160,0
FINNIFTY12MAR2422500CE.NFO,2024-03-07,11:51:00,2024-03-12,1.1,1.1,1.05,1.05,3120,114160,0
FINNIFTY12MAR2422500CE.NFO,2024-03-07,11:52:00,2024-03-12,1.05,1.05,1.05,1.05,80,112920,0
FINNIFTY12MAR2422500CE.NFO,2024-03-07,11:53:00,2024-03-12,1.05,1.05,1.05,1.05,40,112920,0
FINNIFTY12MAR2422500CE.NFO,2024-03-07,11:54:00,2024-03-12,1.05,1.05,1.0,1.0,1360,112920,0
FINNIFTY12MAR2422500CE.NFO,2024-03-07,11:55:00,2024-03-12,1.0,1.0,1.0,1.0,80,112760,0
FINNIFTY12MAR2422500CE.NFO,2024-03-07,11:56:00,2024-03-12,1.0,1.0,1.0,1.0,280,112760,0
FINNIFTY12MAR2422500CE.NFO,2024-03-07,11:57:00,2024-03-12,1.0,1.0,1.0,1.0,2880,112760,0
FINNIFTY12MAR2422500CE.NFO,2024-03-07,11:58:00,2024-03-12,1.0,1.0,1.0,1.0,1440,113440,0
FINNIFTY12MAR2422500CE.NFO,2024-03-07,11:59:00,2024-03-12,1.0,1.0,1.0,1.0,1920,113440,0
FINNIFTY12MAR2422500CE.NFO,2024-03-07,12:00:00,2024-03-12,1.0,1.0,1.0,1.0,360,113440,0
FINNIFTY12MAR2422500CE.NFO,2024-03-07,12:01:00,2024-03-12,1.0,1.0,1.0,1.0,0,113440,0
FINNIFTY12MAR2422500CE.NFO,2024-03-07,12:02:00,2024-03-12,1.0,1.0,1.0,1.0,0,113440,0
FINNIFTY12MAR2422500CE.NFO,2024-03-07,12:03:00,2024-03-12,1.0,1.0,0.95,0.95,1160,115080,0
FINNIFTY12MAR2422500CE.NFO,2024-03-07,12:04:00,2024-03-12,0.95,1.0,0.95,1.0,200,115040,0
FINNIFTY12MAR2422500CE.NFO,2024-03-07,12:05:00,2024-03-12,1.0,1.0,0.95,0.95,440,115040,0
FINNIFTY12MAR2422500CE.NFO,2024-03-07,12:06:00,2024-03-12,0.95,1.0,0.95,1.0,120,115040,0
FINNIFTY12MAR2422500CE.NFO,2024-03-07,12:07:00,2024-03-12,1.0,1.0,1.0,1.0,0,115040,0
FINNIFTY12MAR2422500CE.NFO,2024-03-07,12:08:00,2024-03-12,1.0,1.0,1.0,1.0,480,115160,0
FINNIFTY12MAR2422500CE.NFO,2024-03-07,12:09:00,2024-03-12,1.0,1.0,1.0,1.0,280,115160,0
FINNIFTY12MAR2422500CE.NFO,2024-03-07,12:10:00,2024-03-12,1.0,1.1,1.0,1.05,2520,115120,0
FINNIFTY12MAR2422500CE.NFO,2024-03-07,12:11:00,2024-03-12,1.05,1.05,1.05,1.05,120,115120,0
FINNIFTY12MAR2422500CE.NFO,2024-03-07,12:12:00,2024-03-12,1.05,1.05,1.05,1.05,80,115120,0
FINNIFTY12MAR2422500CE.NFO,2024-03-07,12:13:00,2024-03-12,1.05,1.05,1.05,1.05,840,117280,0
FINNIFTY12MAR2422500CE.NFO,2024-03-07,12:14:00,2024-03-12,1.05,1.05,1.05,1.05,120,117280,0
FINNIFTY12MAR2422500CE.NFO,2024-03-07,12:15:00,2024-03-12,1.05,1.05,1.0,1.05,1200,117280,0
FINNIFTY12MAR2422500CE.NFO,2024-03-07,12:16:00,2024-03-12,1.1,1.1,1.1,1.1,40,117280,0
FINNIFTY12MAR2422500CE.NFO,2024-03-07,12:17:00,2024-03-12,1.1,1.1,1.1,1.1,640,118960,0
FINNIFTY12MAR2422500CE.NFO,2024-03-07,12:18:00,2024-03-12,1.1,1.1,1.05,1.05,920,118960,0
FINNIFTY12MAR2422500CE.NFO,2024-03-07,12:19:00,2024-03-12,1.05,1.05,1.05,1.05,0,118960,0
FINNIFTY12MAR2422500CE.NFO,2024-03-07,12:20:00,2024-03-12,1.05,1.1,1.05,1.1,40,118720,0
FINNIFTY12MAR2422500CE.NFO,2024-03-07,12:21:00,2024-03-12,1.1,1.1,1.1,1.1,0,118720,0
FINNIFTY12MAR2422500CE.NFO,2024-03-07,12:22:00,2024-03-12,1.1,1.1,1.1,1.1,0,118720,0
FINNIFTY12MAR2422500CE.NFO,2024-03-07,12:23:00,2024-03-12,1.1,1.15,1.1,1.15,120,118760,0
FINNIFTY12MAR2422500CE.NFO,2024-03-07,12:24:00,2024-03-12,1.15,1.15,1.15,1.15,400,118760,0
FINNIFTY12MAR2422500CE.NFO,2024-03-07,12:25:00,2024-03-12,1.2,1.2,1.2,1.2,400,118360,0
FINNIFTY12MAR2422500CE.NFO,2024-03-07,12:26:00,2024-03-12,1.2,1.3,1.15,1.2,2200,118360,0
FINNIFTY12MAR2422500CE.NFO,2024-03-07,12:27:00,2024-03-12,1.2,1.2,1.2,1.2,0,118360,0
FINNIFTY12MAR2422500CE.NFO,2024-03-07,12:28:00,2024-03-12,1.2,1.25,1.2,1.25,680,119560,0
FINNIFTY12MAR2422500CE.NFO,2024-03-07,12:29:00,2024-03-12,1.25,1.25,1.25,1.25,720,119560,0
FINNIFTY12MAR2422500CE.NFO,2024-03-07,12:30:00,2024-03-12,1.25,1.3,1.25,1.25,280,119560,0
FINNIFTY12MAR2422500CE.NFO,2024-03-07,12:31:00,2024-03-12,1.25,1.25,1.2,1.2,560,118840,0
FINNIFTY12MAR2422500CE.NFO,2024-03-07,12:32:00,2024-03-12,1.2,1.2,1.2,1.2,0,118840,0
FINNIFTY12MAR2422500CE.NFO,2024-03-07,12:33:00,2024-03-12,1.2,1.2,1.2,1.2,200,118840,0
FINNIFTY12MAR2422500CE.NFO,2024-03-07,12:34:00,2024-03-12,1.2,1.2,1.2,1.2,0,118840,0
FINNIFTY12MAR2422500CE.NFO,2024-03-07,12:35:00,2024-03-12,1.2,1.2,1.2,1.2,80,118960,0
FINNIFTY12MAR2422500CE.NFO,2024-03-07,12:36:00,2024-03-12,1.2,1.2,1.15,1.15,200,118960,0
FINNIFTY12MAR2422500CE.NFO,2024-03-07,12:37:00,2024-03-12,1.15,1.2,1.15,1.2,80,118840,0
FINNIFTY12MAR2422500CE.NFO,2024-03-07,12:38:00,2024-03-12,1.2,1.2,1.2,1.2,1000,118840,0
FINNIFTY12MAR2422500CE.NFO,2024-03-07,12:39:00,2024-03-12,1.2,1.2,1.2,1.2,0,118840,0
FINNIFTY12MAR2422500CE.NFO,2024-03-07,12:40:00,2024-03-12,1.2,1.25,1.2,1.25,160,118920,0
FINNIFTY12MAR2422500CE.NFO,2024-03-07,12:41:00,2024-03-12,1.25,1.25,1.15,1.15,360,118920,0
FINNIFTY12MAR2422500CE.NFO,2024-03-07,12:42:00,2024-03-12,1.2,1.25,1.1,1.25,1160,118920,0
FINNIFTY12MAR2422500CE.NFO,2024-03-07,12:43:00,2024-03-12,1.25,1.25,1.2,1.2,40,118920,0
FINNIFTY12MAR2422500CE.NFO,2024-03-07,12:44:00,2024-03-12,1.2,1.2,1.2,1.2,0,118920,0
FINNIFTY12MAR2422500CE.NFO,2024-03-07,12:45:00,2024-03-12,1.2,1.2,1.2,1.2,160,118440,0
FINNIFTY12MAR2422500CE.NFO,2024-03-07,12:46:00,2024-03-12,1.2,1.2,1.15,1.15,120,118600,0
FINNIFTY12MAR2422500CE.NFO,2024-03-07,12:47:00,2024-03-12,1.15,1.15,1.15,1.15,120,118600,0
FINNIFTY12MAR2422500CE.NFO,2024-03-07,12:48:00,2024-03-12,1.15,1.2,1.15,1.2,200,118600,0
FINNIFTY12MAR2422500CE.NFO,2024-03-07,12:49:00,2024-03-12,1.2,1.2,1.15,1.15,280,118600,0
FINNIFTY12MAR2422500CE.NFO,2024-03-07,12:50:00,2024-03-12,1.15,1.15,1.15,1.15,0,118600,0
FINNIFTY12MAR2422500CE.NFO,2024-03-07,12:51:00,2024-03-12,1.2,1.2,1.15,1.15,1360,118600,0
FINNIFTY12MAR2422500CE.NFO,2024-03-07,12:52:00,2024-03-12,1.15,1.15,1.15,1.15,680,119800,0
FINNIFTY12MAR2422500CE.NFO,2024-03-07,12:53:00,2024-03-12,1.15,1.15,1.15,1.15,240,119800,0
FINNIFTY12MAR2422500CE.NFO,2024-03-07,12:54:00,2024-03-12,1.1,1.1,1.1,1.1,960,119800,0
FINNIFTY12MAR2422500CE.NFO,2024-03-07,12:55:00,2024-03-12,1.1,1.1,1.1,1.1,360,121200,0
FINNIFTY12MAR2422500CE.NFO,2024-03-07,12:56:00,2024-03-12,1.05,1.05,1.05,1.05,0,121200,0
FINNIFTY12MAR2422500CE.NFO,2024-03-07,12:57:00,2024-03-12,1.05,1.05,1.05,1.05,200,121200,0
FINNIFTY12MAR2422500CE.NFO,2024-03-07,12:58:00,2024-03-12,1.05,1.05,1.05,1.05,0,121200,0
FINNIFTY12MAR2422500CE.NFO,2024-03-07,12:59:00,2024-03-12,1.05,1.1,1.05,1.1,1120,121400,0
FINNIFTY12MAR2422500CE.NFO,2024-03-07,13:00:00,2024-03-12,1.1,1.15,1.1,1.15,1720,121400,0
FINNIFTY12MAR2422500CE.NFO,2024-03-07,13:01:00,2024-03-12,1.15,1.15,1.15,1.15,40,122880,0
FINNIFTY12MAR2422500CE.NFO,2024-03-07,13:02:00,2024-03-12,1.15,1.15,1.1,1.1,40,122880,0
FINNIFTY12MAR2422500CE.NFO,2024-03-07,13:03:00,2024-03-12,1.1,1.1,1.1,1.1,120,122880,0
FINNIFTY12MAR2422500CE.NFO,2024-03-07,13:04:00,2024-03-12,1.1,1.1,1.05,1.05,1280,123120,0
FINNIFTY12MAR2422500CE.NFO,2024-03-07,13:05:00,2024-03-12,1.05,1.1,1.05,1.05,1520,123120,0
FINNIFTY12MAR2422500CE.NFO,2024-03-07,13:06:00,2024-03-12,1.05,1.05,1.05,1.05,800,123120,0
FINNIFTY12MAR2422500CE.NFO,2024-03-07,13:07:00,2024-03-12,1.05,1.1,1.05,1.1,2560,123640,0
FINNIFTY12MAR2422500CE.NFO,2024-03-07,13:08:00,2024-03-12,1.1,1.15,1.1,1.1,280,123640,0
FINNIFTY12MAR2422500CE.NFO,2024-03-07,13:09:00,2024-03-12,1.1,1.1,1.05,1.05,120,123640,0
FINNIFTY12MAR2422500CE.NFO,2024-03-07,13:10:00,2024-03-12,1.05,1.05,1.0,1.0,1320,123920,0
FINNIFTY12MAR2422500CE.NFO,2024-03-07,13:11:00,2024-03-12,1.0,1.0,1.0,1.0,0,123920,0
FINNIFTY12MAR2422500CE.NFO,2024-03-07,13:12:00,2024-03-12,1.0,1.0,0.95,0.95,240,123920,0
FINNIFTY12MAR2422500CE.NFO,2024-03-07,13:13:00,2024-03-12,0.95,1.05,0.95,1.05,40,124280,0
FINNIFTY12MAR2422500CE.NFO,2024-03-07,13:14:00,2024-03-12,1.05,1.05,1.05,1.05,0,124280,0
FINNIFTY12MAR2422500CE.NFO,2024-03-07,13:15:00,2024-03-12,1.05,1.1,1.0,1.05,5000,124280,0
FINNIFTY12MAR2422500CE.NFO,2024-03-07,13:16:00,2024-03-12,1.05,1.05,1.05,1.05,0,124280,0
FINNIFTY12MAR2422500CE.NFO,2024-03-07,13:17:00,2024-03-12,1.05,1.05,1.05,1.05,0,124280,0
FINNIFTY12MAR2422500CE.NFO,2024-03-07,13:18:00,2024-03-12,1.05,1.05,1.05,1.05,400,126080,0
FINNIFTY12MAR2422500CE.NFO,2024-03-07,13:19:00,2024-03-12,1.05,1.05,1.05,1.05,120,126320,0
FINNIFTY12MAR2422500CE.NFO,2024-03-07,13:20:00,2024-03-12,1.05,1.05,1.0,1.0,560,126320,0
FINNIFTY12MAR2422500CE.NFO,2024-03-07,13:21:00,2024-03-12,1.1,1.1,1.0,1.0,960,126320,0
FINNIFTY12MAR2422500CE.NFO,2024-03-07,13:22:00,2024-03-12,1.0,1.0,0.95,1.0,920,126240,0
FINNIFTY12MAR2422500CE.NFO,2024-03-07,13:23:00,2024-03-12,1.0,1.05,0.95,1.05,3120,126240,0
FINNIFTY12MAR2422500CE.NFO,2024-03-07,13:24:00,2024-03-12,0.95,1.0,0.95,1.0,2400,126240,0
FINNIFTY12MAR2422500CE.NFO,2024-03-07,13:25:00,2024-03-12,1.0,1.0,0.9,1.0,2040,124000,0
FINNIFTY12MAR2422500CE.NFO,2024-03-07,13:26:00,2024-03-12,1.0,1.05,0.9,1.05,960,124000,0
FINNIFTY12MAR2422500CE.NFO,2024-03-07,13:27:00,2024-03-12,1.05,1.05,1.0,1.0,520,124000,0
FINNIFTY12MAR2422500CE.NFO,2024-03-07,13:28:00,2024-03-12,1.0,1.0,1.0,1.0,40,124000,0
FINNIFTY12MAR2422500CE.NFO,2024-03-07,13:29:00,2024-03-12,1.0,1.0,1.0,1.0,0,124000,0
FINNIFTY12MAR2422500CE.NFO,2024-03-07,13:30:00,2024-03-12,1.0,1.0,1.0,1.0,640,124880,0
FINNIFTY12MAR2422500CE.NFO,2024-03-07,13:31:00,2024-03-12,1.0,1.0,1.0,1.0,400,124880,0
FINNIFTY12MAR2422500CE.NFO,2024-03-07,13:32:00,2024-03-12,1.0,1.0,1.0,1.0,0,124880,0
FINNIFTY12MAR2422500CE.NFO,2024-03-07,13:33:00,2024-03-12,1.0,1.0,0.95,0.95,1040,125600,0
FINNIFTY12MAR2422500CE.NFO,2024-03-07,13:34:00,2024-03-12,1.0,1.0,1.0,1.0,720,125440,0
FINNIFTY12MAR2422500CE.NFO,2024-03-07,13:35:00,2024-03-12,1.0,1.0,0.95,0.95,520,125440,0
FINNIFTY12MAR2422500CE.NFO,2024-03-07,13:36:00,2024-03-12,0.95,1.0,0.95,0.95,480,125440,0
FINNIFTY12MAR2422500CE.NFO,2024-03-07,13:37:00,2024-03-12,0.95,1.1,0.95,1.05,7680,124960,0
FINNIFTY12MAR2422500CE.NFO,2024-03-07,13:38:00,2024-03-12,1.05,1.05,1.0,1.05,200,124960,0
FINNIFTY12MAR2422500CE.NFO,2024-03-07,13:39:00,2024-03-12,1.05,1.1,1.05,1.05,800,124960,0
FINNIFTY12MAR2422500CE.NFO,2024-03-07,13:40:00,2024-03-12,1.05,1.05,1.05,1.05,1320,127600,0
FINNIFTY12MAR2422500CE.NFO,2024-03-07,13:41:00,2024-03-12,1.05,1.05,1.05,1.05,1920,127600,0
FINNIFTY12MAR2422500CE.NFO,2024-03-07,13:42:00,2024-03-12,1.05,1.05,1.0,1.0,2520,127600,0
FINNIFTY12MAR2422500CE.NFO,2024-03-07,13:43:00,2024-03-12,1.0,1.05,1.0,1.05,1160,127440,0
FINNIFTY12MAR2422500CE.NFO,2024-03-07,13:44:00,2024-03-12,1.05,1.05,1.05,1.05,0,127440,0
FINNIFTY12MAR2422500CE.NFO,2024-03-07,13:45:00,2024-03-12,1.05,1.05,1.05,1.05,120,127440,0
FINNIFTY12MAR2422500CE.NFO,2024-03-07,13:46:00,2024-03-12,1.05,1.05,1.05,1.05,40,127440,0
FINNIFTY12MAR2422500CE.NFO,2024-03-07,13:47:00,2024-03-12,1.05,1.1,1.0,1.0,3280,127920,0
FINNIFTY12MAR2422500CE.NFO,2024-03-07,13:48:00,2024-03-12,1.0,1.0,1.0,1.0,760,127920,0
FINNIFTY12MAR2422500CE.NFO,2024-03-07,13:49:00,2024-03-12,1.0,1.0,1.0,1.0,3240,129000,0
FINNIFTY12MAR2422500CE.NFO,2024-03-07,13:50:00,2024-03-12,1.0,1.0,0.95,1.0,520,129000,0
FINNIFTY12MAR2422500CE.NFO,2024-03-07,13:51:00,2024-03-12,1.0,1.0,0.95,1.0,360,129000,0
FINNIFTY12MAR2422500CE.NFO,2024-03-07,13:52:00,2024-03-12,1.0,1.0,0.95,0.95,40,129160,0
FINNIFTY12MAR2422500CE.NFO,2024-03-07,13:53:00,2024-03-12,0.95,1.0,0.95,0.95,1440,129160,0
FINNIFTY12MAR2422500CE.NFO,2024-03-07,13:54:00,2024-03-12,0.95,1.0,0.95,0.95,1840,129160,0
FINNIFTY12MAR2422500CE.NFO,2024-03-07,13:55:00,2024-03-12,0.95,1.0,0.95,1.0,120,130720,0
FINNIFTY12MAR2422500CE.NFO,2024-03-07,13:56:00,2024-03-12,1.0,1.0,0.95,0.95,840,130720,0
FINNIFTY12MAR2422500CE.NFO,2024-03-07,13:57:00,2024-03-12,0.95,1.0,0.95,1.0,720,130720,0
FINNIFTY12MAR2422500CE.NFO,2024-03-07,13:58:00,2024-03-12,1.0,1.0,1.0,1.0,0,130720,0
FINNIFTY12MAR2422500CE.NFO,2024-03-07,13:59:00,2024-03-12,1.0,1.0,0.95,1.0,320,132320,0
FINNIFTY12MAR2422500CE.NFO,2024-03-07,14:00:00,2024-03-12,1.0,1.0,1.0,1.0,360,132320,0
FINNIFTY12MAR2422500CE.NFO,2024-03-07,14:01:00,2024-03-12,1.0,1.0,0.95,0.95,40,132920,0
FINNIFTY12MAR2422500CE.NFO,2024-03-07,14:02:00,2024-03-12,0.95,0.95,0.95,0.95,440,132920,0
FINNIFTY12MAR2422500CE.NFO,2024-03-07,14:03:00,2024-03-12,0.95,0.95,0.9,0.9,160,132920,0
FINNIFTY12MAR2422500CE.NFO,2024-03-07,14:04:00,2024-03-12,0.9,0.9,0.9,0.9,80,132960,0
FINNIFTY12MAR2422500CE.NFO,2024-03-07,14:05:00,2024-03-12,0.9,0.95,0.9,0.9,120,132960,0
FINNIFTY12MAR2422500CE.NFO,2024-03-07,14:06:00,2024-03-12,0.9,0.95,0.9,0.9,2120,132960,0
FINNIFTY12MAR2422500CE.NFO,2024-03-07,14:07:00,2024-03-12,0.85,0.85,0.8,0.8,1640,132840,0
FINNIFTY12MAR2422500CE.NFO,2024-03-07,14:08:00,2024-03-12,0.85,0.85,0.75,0.8,1600,132840,0
FINNIFTY12MAR2422500CE.NFO,2024-03-07,14:09:00,2024-03-12,0.8,0.8,0.8,0.8,320,132840,0
FINNIFTY12MAR2422500CE.NFO,2024-03-07,14:10:00,2024-03-12,0.8,0.85,0.8,0.85,120,132720,0
FINNIFTY12MAR2422500CE.NFO,2024-03-07,14:11:00,2024-03-12,0.85,0.85,0.8,0.85,280,132720,0
FINNIFTY12MAR2422500CE.NFO,2024-03-07,14:12:00,2024-03-12,0.85,0.85,0.85,0.85,240,132720,0
FINNIFTY12MAR2422500CE.NFO,2024-03-07,14:13:00,2024-03-12,0.85,0.85,0.85,0.85,40,132720,0
FINNIFTY12MAR2422500CE.NFO,2024-03-07,14:14:00,2024-03-12,0.85,0.85,0.85,0.85,440,132720,0
FINNIFTY12MAR2422500CE.NFO,2024-03-07,14:15:00,2024-03-12,0.8,0.85,0.8,0.8,2240,132720,0
FINNIFTY12MAR2422500CE.NFO,2024-03-07,14:16:00,2024-03-12,0.8,0.9,0.8,0.9,120,132680,0
FINNIFTY12MAR2422500CE.NFO,2024-03-07,14:17:00,2024-03-12,0.9,0.9,0.9,0.9,0,132680,0
FINNIFTY12MAR2422500CE.NFO,2024-03-07,14:18:00,2024-03-12,0.9,0.9,0.9,0.9,0,132680,0
FINNIFTY12MAR2422500CE.NFO,2024-03-07,14:19:00,2024-03-12,0.9,0.9,0.9,0.9,560,132720,0
FINNIFTY12MAR2422500CE.NFO,2024-03-07,14:20:00,2024-03-12,0.9,0.9,0.9,0.9,240,132720,0
FINNIFTY12MAR2422500CE.NFO,2024-03-07,14:21:00,2024-03-12,0.9,0.9,0.85,0.85,400,132720,0
FINNIFTY12MAR2422500CE.NFO,2024-03-07,14:22:00,2024-03-12,0.85,0.9,0.85,0.9,360,132720,0
FINNIFTY12MAR2422500CE.NFO,2024-03-07,14:23:00,2024-03-12,0.9,0.9,0.8,0.9,480,133520,0
FINNIFTY12MAR2422500CE.NFO,2024-03-07,14:24:00,2024-03-12,0.8,0.9,0.8,0.8,640,133520,0
FINNIFTY12MAR2422500CE.NFO,2024-03-07,14:25:00,2024-03-12,0.8,0.9,0.8,0.9,760,133760,0
FINNIFTY12MAR2422500CE.NFO,2024-03-07,14:26:00,2024-03-12,0.9,0.95,0.85,0.85,960,133760,0
FINNIFTY12MAR2422500CE.NFO,2024-03-07,14:27:00,2024-03-12,0.85,0.95,0.85,0.95,1200,133760,0
FINNIFTY12MAR2422500CE.NFO,2024-03-07,14:28:00,2024-03-12,0.9,0.9,0.9,0.9,480,133760,0
FINNIFTY12MAR2422500CE.NFO,2024-03-07,14:29:00,2024-03-12,0.9,0.9,0.9,0.9,880,134880,0
FINNIFTY12MAR2422500CE.NFO,2024-03-07,14:30:00,2024-03-12,0.9,0.9,0.9,0.9,40,134880,0
FINNIFTY12MAR2422500CE.NFO,2024-03-07,14:31:00,2024-03-12,0.9,0.9,0.9,0.9,0,134880,0
FINNIFTY12MAR2422500CE.NFO,2024-03-07,14:32:00,2024-03-12,0.9,0.9,0.8,0.85,400,134840,0
FINNIFTY12MAR2422500CE.NFO,2024-03-07,14:33:00,2024-03-12,0.85,0.85,0.85,0.85,40,134840,0
FINNIFTY12MAR2422500CE.NFO,2024-03-07,14:34:00,2024-03-12,0.85,0.85,0.85,0.85,0,134840,0
FINNIFTY12MAR2422500CE.NFO,2024-03-07,14:35:00,2024-03-12,0.85,0.85,0.8,0.85,280,134880,0
FINNIFTY12MAR2422500CE.NFO,2024-03-07,14:36:00,2024-03-12,0.85,0.85,0.85,0.85,80,134880,0
FINNIFTY12MAR2422500CE.NFO,2024-03-07,14:37:00,2024-03-12,0.85,0.85,0.85,0.85,0,134880,0
FINNIFTY12MAR2422500CE.NFO,2024-03-07,14:38:00,2024-03-12,0.85,0.85,0.85,0.85,0,134880,0
FINNIFTY12MAR2422500CE.NFO,2024-03-07,14:39:00,2024-03-12,0.85,0.95,0.85,0.95,3200,135160,0
FINNIFTY12MAR2422500CE.NFO,2024-03-07,14:40:00,2024-03-12,0.95,0.95,0.9,0.9,40,135160,0
FINNIFTY12MAR2422500CE.NFO,2024-03-07,14:41:00,2024-03-12,0.9,0.9,0.85,0.9,80,136680,0
FINNIFTY12MAR2422500CE.NFO,2024-03-07,14:42:00,2024-03-12,0.85,0.85,0.85,0.85,80,136680,0
FINNIFTY12MAR2422500CE.NFO,2024-03-07,14:43:00,2024-03-12,0.85,0.85,0.85,0.85,0,136680,0
FINNIFTY12MAR2422500CE.NFO,2024-03-07,14:44:00,2024-03-12,0.85,0.85,0.8,0.85,360,136680,0
FINNIFTY12MAR2422500CE.NFO,2024-03-07,14:45:00,2024-03-12,0.85,0.9,0.85,0.9,1000,136680,0
FINNIFTY12MAR2422500CE.NFO,2024-03-07,14:46:00,2024-03-12,0.9,0.9,0.85,0.85,40,136680,0
FINNIFTY12MAR2422500CE.NFO,2024-03-07,14:47:00,2024-03-12,0.8,0.8,0.8,0.8,1040,137520,0
FINNIFTY12MAR2422500CE.NFO,2024-03-07,14:48:00,2024-03-12,0.8,0.85,0.8,0.85,400,137520,0
FINNIFTY12MAR2422500CE.NFO,2024-03-07,14:49:00,2024-03-12,0.85,0.85,0.85,0.85,0,137520,0
FINNIFTY12MAR2422500CE.NFO,2024-03-07,14:50:00,2024-03-12,0.85,0.85,0.8,0.85,480,137920,0
FINNIFTY12MAR2422500CE.NFO,2024-03-07,14:51:00,2024-03-12,0.85,0.85,0.85,0.85,40,137920,0
FINNIFTY12MAR2422500CE.NFO,2024-03-07,14:52:00,2024-03-12,0.85,0.85,0.75,0.8,1800,139720,0
FINNIFTY12MAR2422500CE.NFO,2024-03-07,14:53:00,2024-03-12,0.8,0.8,0.75,0.75,2640,139720,0
FINNIFTY12MAR2422500CE.NFO,2024-03-07,14:54:00,2024-03-12,0.7,0.75,0.65,0.7,7440,139720,0
FINNIFTY12MAR2422500CE.NFO,2024-03-07,14:55:00,2024-03-12,0.7,0.7,0.65,0.7,480,139720,0
FINNIFTY12MAR2422500CE.NFO,2024-03-07,14:56:00,2024-03-12,0.7,0.7,0.65,0.65,80,144280,0
FINNIFTY12MAR2422500CE.NFO,2024-03-07,14:57:00,2024-03-12,0.65,0.7,0.65,0.7,80,144280,0
FINNIFTY12MAR2422500CE.NFO,2024-03-07,14:58:00,2024-03-12,0.7,0.7,0.65,0.65,40,144280,0
FINNIFTY12MAR2422500CE.NFO,2024-03-07,14:59:00,2024-03-12,0.65,0.7,0.65,0.7,2040,144280,0
FINNIFTY12MAR2422500CE.NFO,2024-03-07,15:00:00,2024-03-12,0.7,0.7,0.65,0.65,680,144280,0
FINNIFTY12MAR2422500CE.NFO,2024-03-07,15:01:00,2024-03-12,0.65,0.65,0.6,0.65,360,144280,0
FINNIFTY12MAR2422500CE.NFO,2024-03-07,15:02:00,2024-03-12,0.6,0.65,0.55,0.55,8760,146840,0
FINNIFTY12MAR2422500CE.NFO,2024-03-07,15:03:00,2024-03-12,0.55,0.6,0.5,0.5,4680,146840,0
FINNIFTY12MAR2422500CE.NFO,2024-03-07,15:04:00,2024-03-12,0.5,0.6,0.5,0.55,800,137960,0
FINNIFTY12MAR2422500CE.NFO,2024-03-07,15:05:00,2024-03-12,0.55,0.6,0.5,0.55,4560,137960,0
FINNIFTY12MAR2422500CE.NFO,2024-03-07,15:06:00,2024-03-12,0.55,0.6,0.55,0.6,8000,137960,0
FINNIFTY12MAR2422500CE.NFO,2024-03-07,15:07:00,2024-03-12,0.55,0.6,0.55,0.6,4960,134400,0
FINNIFTY12MAR2422500CE.NFO,2024-03-07,15:08:00,2024-03-12,0.55,0.6,0.5,0.55,5280,134400,0
FINNIFTY12MAR2422500CE.NFO,2024-03-07,15:09:00,2024-03-12,0.55,0.55,0.5,0.55,1760,134400,0
FINNIFTY12MAR2422500CE.NFO,2024-03-07,15:10:00,2024-03-12,0.5,0.55,0.5,0.55,3200,134400,0
FINNIFTY12MAR2422500CE.NFO,2024-03-07,15:11:00,2024-03-12,0.55,0.55,0.5,0.55,13800,132000,0
FINNIFTY12MAR2422500CE.NFO,2024-03-07,15:12:00,2024-03-12,0.6,0.6,0.5,0.55,2560,132000,0
FINNIFTY12MAR2422500CE.NFO,2024-03-07,15:13:00,2024-03-12,0.55,0.6,0.55,0.55,4560,134920,0
FINNIFTY12MAR2422500CE.NFO,2024-03-07,15:14:00,2024-03-12,0.55,0.6,0.55,0.6,9200,134920,0
FINNIFTY12MAR2422500CE.NFO,2024-03-07,15:15:00,2024-03-12,0.55,0.6,0.55,0.55,4920,134920,0
FINNIFTY12MAR2422500CE.NFO,2024-03-07,15:16:00,2024-03-12,0.55,0.55,0.5,0.5,1200,130280,0
FINNIFTY12MAR2422500CE.NFO,2024-03-07,15:17:00,2024-03-12,0.5,0.6,0.5,0.5,7920,130280,0
FINNIFTY12MAR2422500CE.NFO,2024-03-07,15:18:00,2024-03-12,0.5,0.6,0.5,0.55,600,130280,0
FINNIFTY12MAR2422500CE.NFO,2024-03-07,15:19:00,2024-03-12,0.55,0.6,0.55,0.55,600,133000,0
FINNIFTY12MAR2422500CE.NFO,2024-03-07,15:20:00,2024-03-12,0.55,0.6,0.45,0.5,13760,133000,0
FINNIFTY12MAR2422500CE.NFO,2024-03-07,15:21:00,2024-03-12,0.5,0.5,0.45,0.5,2880,133000,0
FINNIFTY12MAR2422500CE.NFO,2024-03-07,15:22:00,2024-03-12,0.5,0.55,0.5,0.55,40,133000,0
FINNIFTY12MAR2422500CE.NFO,2024-03-07,15:23:00,2024-03-12,0.55,0.55,0.55,0.55,4280,128480,0
FINNIFTY12MAR2422500CE.NFO,2024-03-07,15:24:00,2024-03-12,0.55,0.55,0.55,0.55,800,128480,0
FINNIFTY12MAR2422500CE.NFO,2024-03-07,15:25:00,2024-03-12,0.5,0.5,0.5,0.5,1120,125280,0
FINNIFTY12MAR2422500CE.NFO,2024-03-07,15:26:00,2024-03-12,0.55,0.55,0.55,0.55,4240,125280,0
FINNIFTY12MAR2422500CE.NFO,2024-03-07,15:27:00,2024-03-12,0.55,0.55,0.55,0.55,0,125280,0
FINNIFTY12MAR2422500CE.NFO,2024-03-07,15:28:00,2024-03-12,0.55,0.55,0.5,0.5,800,125280,0
FINNIFTY12MAR2422500CE.NFO,2024-03-07,15:29:00,2024-03-12,0.5,0.55,0.45,0.5,7800,125840,0
FINNIFTY12MAR2422500CE.NFO,2024-03-07,15:30:00,2024-03-12,0.5,0.5,0.5,0.5,7800,125840,1
FINNIFTY12MAR2422500CE.NFO,2024-03-11,09:15:00,2024-03-12,0.3,1.2,0.3,0.55,12160,131320,0
FINNIFTY12MAR2422500CE.NFO,2024-03-11,09:16:00,2024-03-12,0.55,0.6,0.55,0.6,4800,131320,0
FINNIFTY12MAR2422500CE.NFO,2024-03-11,09:17:00,2024-03-12,0.6,0.6,0.55,0.6,1560,131320,0
FINNIFTY12MAR2422500CE.NFO,2024-03-11,09:18:00,2024-03-12,0.6,0.6,0.55,0.55,5000,133160,0
FINNIFTY12MAR2422500CE.NFO,2024-03-11,09:19:00,2024-03-12,0.55,0.55,0.5,0.5,1760,133160,0
FINNIFTY12MAR2422500CE.NFO,2024-03-11,09:20:00,2024-03-12,0.5,0.55,0.5,0.55,1680,133160,0
FINNIFTY12MAR2422500CE.NFO,2024-03-11,09:21:00,2024-03-12,0.55,0.55,0.45,0.5,12920,136440,0
FINNIFTY12MAR2422500CE.NFO,2024-03-11,09:22:00,2024-03-12,0.5,0.5,0.45,0.45,2080,136440,0
FINNIFTY12MAR2422500CE.NFO,2024-03-11,09:23:00,2024-03-12,0.45,0.5,0.45,0.5,14640,136440,0
FINNIFTY12MAR2422500CE.NFO,2024-03-11,09:24:00,2024-03-12,0.5,0.5,0.45,0.5,1160,151560,0
FINNIFTY12MAR2422500CE.NFO,2024-03-11,09:25:00,2024-03-12,0.5,0.5,0.5,0.5,2080,151560,0
FINNIFTY12MAR2422500CE.NFO,2024-03-11,09:26:00,2024-03-12,0.5,0.5,0.45,0.5,160,151560,0
FINNIFTY12MAR2422500CE.NFO,2024-03-11,09:27:00,2024-03-12,0.5,0.5,0.45,0.45,40000,152880,0
FINNIFTY12MAR2422500CE.NFO,2024-03-11,09:28:00,2024-03-12,0.45,0.45,0.45,0.45,3440,152880,0
FINNIFTY12MAR2422500CE.NFO,2024-03-11,09:29:00,2024-03-12,0.45,0.45,0.4,0.45,3280,152880,0
FINNIFTY12MAR2422500CE.NFO,2024-03-11,09:30:00,2024-03-12,0.45,0.45,0.4,0.45,6760,200760,0
FINNIFTY12MAR2422500CE.NFO,2024-03-11,09:31:00,2024-03-12,0.45,0.45,0.4,0.45,440,200760,0
FINNIFTY12MAR2422500CE.NFO,2024-03-11,09:32:00,2024-03-12,0.45,0.45,0.45,0.45,16520,200760,0
FINNIFTY12MAR2422500CE.NFO,2024-03-11,09:33:00,2024-03-12,0.45,0.45,0.4,0.4,3600,202880,0
FINNIFTY12MAR2422500CE.NFO,2024-03-11,09:34:00,2024-03-12,0.4,0.45,0.4,0.45,4080,202880,0
FINNIFTY12MAR2422500CE.NFO,2024-03-11,09:35:00,2024-03-12,0.45,0.45,0.45,0.45,2720,202880,0
FINNIFTY12MAR2422500CE.NFO,2024-03-11,09:36:00,2024-03-12,0.45,0.45,0.4,0.45,800,205400,0
FINNIFTY12MAR2422500CE.NFO,2024-03-11,09:37:00,2024-03-12,0.45,0.45,0.4,0.45,3160,205400,0
FINNIFTY12MAR2422500CE.NFO,2024-03-11,09:38:00,2024-03-12,0.45,0.45,0.4,0.4,3120,205400,0
FINNIFTY12MAR2422500CE.NFO,2024-03-11,09:39:00,2024-03-12,0.4,0.45,0.4,0.45,2320,205400,0
FINNIFTY12MAR2422500CE.NFO,2024-03-11,09:40:00,2024-03-12,0.4,0.45,0.4,0.45,1440,205400,0
FINNIFTY12MAR2422500CE.NFO,2024-03-11,09:41:00,2024-03-12,0.45,0.45,0.4,0.45,2160,205400,0
FINNIFTY12MAR2422500CE.NFO,2024-03-11,09:42:00,2024-03-12,0.45,0.45,0.4,0.45,600,206880,0
FINNIFTY12MAR2422500CE.NFO,2024-03-11,09:43:00,2024-03-12,0.45,0.45,0.45,0.45,3400,206880,0
FINNIFTY12MAR2422500CE.NFO,2024-03-11,09:44:00,2024-03-12,0.45,0.45,0.4,0.4,2600,206880,0
FINNIFTY12MAR2422500CE.NFO,2024-03-11,09:45:00,2024-03-12,0.4,0.45,0.4,0.4,1160,208040,0
FINNIFTY12MAR2422500CE.NFO,2024-03-11,09:46:00,2024-03-12,0.45,0.45,0.45,0.45,2640,208040,0
FINNIFTY12MAR2422500CE.NFO,2024-03-11,09:47:00,2024-03-12,0.45,0.45,0.45,0.45,40,208040,0
FINNIFTY12MAR2422500CE.NFO,2024-03-11,09:48:00,2024-03-12,0.45,0.45,0.4,0.4,760,206040,0
FINNIFTY12MAR2422500CE.NFO,2024-03-11,09:49:00,2024-03-12,0.4,0.45,0.4,0.4,800,206040,0
FINNIFTY12MAR2422500CE.NFO,2024-03-11,09:50:00,2024-03-12,0.45,0.45,0.45,0.45,1680,206040,0
FINNIFTY12MAR2422500CE.NFO,2024-03-11,09:51:00,2024-03-12,0.45,0.45,0.4,0.4,1040,206040,0
FINNIFTY12MAR2422500CE.NFO,2024-03-11,09:52:00,2024-03-12,0.4,0.4,0.4,0.4,480,205720,0
FINNIFTY12MAR2422500CE.NFO,2024-03-11,09:53:00,2024-03-12,0.4,0.45,0.4,0.45,360,205720,0
FINNIFTY12MAR2422500CE.NFO,2024-03-11,09:54:00,2024-03-12,0.45,0.45,0.4,0.45,400,205160,0
FINNIFTY12MAR2422500CE.NFO,2024-03-11,09:55:00,2024-03-12,0.45,0.45,0.45,0.45,1600,205160,0
FINNIFTY12MAR2422500CE.NFO,2024-03-11,09:56:00,2024-03-12,0.45,0.45,0.4,0.4,200,205160,0
FINNIFTY12MAR2422500CE.NFO,2024-03-11,09:57:00,2024-03-12,0.4,0.45,0.4,0.4,4920,206200,0
FINNIFTY12MAR2422500CE.NFO,2024-03-11,09:58:00,2024-03-12,0.4,0.45,0.4,0.4,14280,206200,0
FINNIFTY12MAR2422500CE.NFO,2024-03-11,09:59:00,2024-03-12,0.4,0.4,0.35,0.4,4160,206200,0
FINNIFTY12MAR2422500CE.NFO,2024-03-11,10:00:00,2024-03-12,0.4,0.4,0.4,0.4,2600,194240,0
FINNIFTY12MAR2422500CE.NFO,2024-03-11,10:01:00,2024-03-12,0.4,0.4,0.4,0.4,240,194240,0
FINNIFTY12MAR2422500CE.NFO,2024-03-11,10:02:00,2024-03-12,0.4,0.4,0.35,0.4,280,194240,0
FINNIFTY12MAR2422500CE.NFO,2024-03-11,10:03:00,2024-03-12,0.4,0.4,0.35,0.4,3920,194520,0
FINNIFTY12MAR2422500CE.NFO,2024-03-11,10:04:00,2024-03-12,0.4,0.4,0.4,0.4,120,194520,0
FINNIFTY12MAR2422500CE.NFO,2024-03-11,10:05:00,2024-03-12,0.4,0.4,0.4,0.4,0,194520,0
FINNIFTY12MAR2422500CE.NFO,2024-03-11,10:06:00,2024-03-12,0.4,0.4,0.4,0.4,320,194520,0
FINNIFTY12MAR2422500CE.NFO,2024-03-11,10:07:00,2024-03-12,0.4,0.4,0.4,0.4,0,194520,0
FINNIFTY12MAR2422500CE.NFO,2024-03-11,10:08:00,2024-03-12,0.4,0.4,0.4,0.4,0,194520,0
FINNIFTY12MAR2422500CE.NFO,2024-03-11,10:09:00,2024-03-12,0.4,0.4,0.35,0.4,960,194520,0
FINNIFTY12MAR2422500CE.NFO,2024-03-11,10:10:00,2024-03-12,0.4,0.4,0.35,0.4,560,194520,0
FINNIFTY12MAR2422500CE.NFO,2024-03-11,10:11:00,2024-03-12,0.4,0.4,0.35,0.4,1080,194520,0
FINNIFTY12MAR2422500CE.NFO,2024-03-11,10:12:00,2024-03-12,0.35,0.35,0.35,0.35,120,194520,0
FINNIFTY12MAR2422500CE.NFO,2024-03-11,10:13:00,2024-03-12,0.35,0.4,0.35,0.35,760,194720,0
FINNIFTY12MAR2422500CE.NFO,2024-03-11,10:14:00,2024-03-12,0.35,0.4,0.35,0.4,2080,194720,0
FINNIFTY12MAR2422500CE.NFO,2024-03-11,10:15:00,2024-03-12,0.4,0.4,0.4,0.4,840,194720,0
FINNIFTY12MAR2422500CE.NFO,2024-03-11,10:16:00,2024-03-12,0.4,0.4,0.35,0.35,520,194720,0
FINNIFTY12MAR2422500CE.NFO,2024-03-11,10:17:00,2024-03-12,0.35,0.4,0.35,0.4,40,194720,0
FINNIFTY12MAR2422500CE.NFO,2024-03-11,10:18:00,2024-03-12,0.4,0.4,0.4,0.4,1320,194720,0
FINNIFTY12MAR2422500CE.NFO,2024-03-11,10:19:00,2024-03-12,0.35,0.4,0.35,0.35,2360,194720,0
FINNIFTY12MAR2422500CE.NFO,2024-03-11,10:20:00,2024-03-12,0.4,0.4,0.4,0.4,920,194720,0
FINNIFTY12MAR2422500CE.NFO,2024-03-11,10:21:00,2024-03-12,0.4,0.4,0.35,0.4,1840,194720,0
FINNIFTY12MAR2422500CE.NFO,2024-03-11,10:22:00,2024-03-12,0.4,0.4,0.35,0.4,1400,194720,0
FINNIFTY12MAR2422500CE.NFO,2024-03-11,10:23:00,2024-03-12,0.4,0.4,0.35,0.35,520,194720,0
FINNIFTY12MAR2422500CE.NFO,2024-03-11,10:24:00,2024-03-12,0.35,0.35,0.35,0.35,880,195000,0
FINNIFTY12MAR2422500CE.NFO,2024-03-11,10:25:00,2024-03-12,0.4,0.4,0.4,0.4,520,195000,0
FINNIFTY12MAR2422500CE.NFO,2024-03-11,10:26:00,2024-03-12,0.4,0.4,0.35,0.35,1320,195000,0
FINNIFTY12MAR2422500CE.NFO,2024-03-11,10:27:00,2024-03-12,0.4,0.4,0.4,0.4,520,195000,0
FINNIFTY12MAR2422500CE.NFO,2024-03-11,10:28:00,2024-03-12,0.4,0.4,0.4,0.4,1240,194800,0
FINNIFTY12MAR2422500CE.NFO,2024-03-11,10:29:00,2024-03-12,0.4,0.4,0.4,0.4,360,194800,0
FINNIFTY12MAR2422500CE.NFO,2024-03-11,10:30:00,2024-03-12,0.4,0.4,0.4,0.4,320,194800,0
FINNIFTY12MAR2422500CE.NFO,2024-03-11,10:31:00,2024-03-12,0.4,0.4,0.35,0.4,160,195440,0
FINNIFTY12MAR2422500CE.NFO,2024-03-11,10:32:00,2024-03-12,0.4,0.4,0.4,0.4,0,195440,0
FINNIFTY12MAR2422500CE.NFO,2024-03-11,10:33:00,2024-03-12,0.4,0.4,0.35,0.35,80,195720,0
FINNIFTY12MAR2422500CE.NFO,2024-03-11,10:34:00,2024-03-12,0.35,0.35,0.35,0.35,200,195720,0
FINNIFTY12MAR2422500CE.NFO,2024-03-11,10:35:00,2024-03-12,0.35,0.35,0.35,0.35,200,195720,1
FINNIFTY12MAR2422500CE.NFO,2024-03-11,10:36:00,2024-03-12,0.35,0.35,0.35,0.35,200,195720,1
FINNIFTY12MAR2422500CE.NFO,2024-03-11,10:37:00,2024-03-12,0.4,0.4,0.35,0.35,3800,195480,0
FINNIFTY12MAR2422500CE.NFO,2024-03-11,10:38:00,2024-03-12,0.35,0.4,0.35,0.4,6480,195480,0
FINNIFTY12MAR2422500CE.NFO,2024-03-11,10:39:00,2024-03-12,0.4,0.4,0.35,0.4,1000,195480,0
FINNIFTY12MAR2422500CE.NFO,2024-03-11,10:40:00,2024-03-12,0.4,0.4,0.4,0.4,560,189720,0
FINNIFTY12MAR2422500CE.NFO,2024-03-11,10:41:00,2024-03-12,0.35,0.4,0.35,0.4,1720,189720,0
FINNIFTY12MAR2422500CE.NFO,2024-03-11,10:42:00,2024-03-12,0.4,0.4,0.35,0.4,2040,191440,0
FINNIFTY12MAR2422500CE.NFO,2024-03-11,10:43:00,2024-03-12,0.4,0.4,0.4,0.4,120,191440,0
FINNIFTY12MAR2422500CE.NFO,2024-03-11,10:44:00,2024-03-12,0.4,0.4,0.4,0.4,360,191440,0
FINNIFTY12MAR2422500CE.NFO,2024-03-11,10:45:00,2024-03-12,0.4,0.4,0.4,0.4,1040,191560,0
FINNIFTY12MAR2422500CE.NFO,2024-03-11,10:46:00,2024-03-12,0.4,0.4,0.35,0.35,160,191560,0
FINNIFTY12MAR2422500CE.NFO,2024-03-11,10:47:00,2024-03-12,0.35,0.35,0.35,0.35,2400,191560,0
FINNIFTY12MAR2422500CE.NFO,2024-03-11,10:48:00,2024-03-12,0.35,0.35,0.35,0.35,3040,194240,0
FINNIFTY12MAR2422500CE.NFO,2024-03-11,10:49:00,2024-03-12,0.35,0.35,0.3,0.3,40,194240,0
FINNIFTY12MAR2422500CE.NFO,2024-03-11,10:50:00,2024-03-12,0.3,0.35,0.3,0.35,1800,194240,0
FINNIFTY12MAR2422500CE.NFO,2024-03-11,10:51:00,2024-03-12,0.35,0.35,0.35,0.35,5040,191840,0
FINNIFTY12MAR2422500CE.NFO,2024-03-11,10:52:00,2024-03-12,0.35,0.35,0.35,0.35,520,191840,0
FINNIFTY12MAR2422500CE.NFO,2024-03-11,10:53:00,2024-03-12,0.35,0.35,0.3,0.3,21240,191840,0
FINNIFTY12MAR2422500CE.NFO,2024-03-11,10:54:00,2024-03-12,0.3,0.3,0.3,0.3,1040,186560,0
FINNIFTY12MAR2422500CE.NFO,2024-03-11,10:55:00,2024-03-12,0.35,0.35,0.35,0.35,2200,186560,0
FINNIFTY12MAR2422500CE.NFO,2024-03-11,10:56:00,2024-03-12,0.35,0.35,0.3,0.3,8600,186560,0
FINNIFTY12MAR2422500CE.NFO,2024-03-11,10:57:00,2024-03-12,0.3,0.3,0.3,0.3,40,186560,0
FINNIFTY12MAR2422500CE.NFO,2024-03-11,10:58:00,2024-03-12,0.3,0.3,0.3,0.3,2000,184760,0
FINNIFTY12MAR2422500CE.NFO,2024-03-11,10:59:00,2024-03-12,0.3,0.3,0.3,0.3,120,184760,0
FINNIFTY12MAR2422500CE.NFO,2024-03-11,11:00:00,2024-03-12,0.3,0.35,0.3,0.35,1000,184720,0
FINNIFTY12MAR2422500CE.NFO,2024-03-11,11:01:00,2024-03-12,0.35,0.35,0.35,0.35,80,184720,0
FINNIFTY12MAR2422500CE.NFO,2024-03-11,11:02:00,2024-03-12,0.3,0.3,0.3,0.3,120,184720,0
FINNIFTY12MAR2422500CE.NFO,2024-03-11,11:03:00,2024-03-12,0.3,0.35,0.3,0.3,240,184720,0
FINNIFTY12MAR2422500CE.NFO,2024-03-11,11:04:00,2024-03-12,0.3,0.3,0.3,0.3,800,184720,0
FINNIFTY12MAR2422500CE.NFO,2024-03-11,11:05:00,2024-03-12,0.3,0.35,0.3,0.35,440,184720,0
FINNIFTY12MAR2422500CE.NFO,2024-03-11,11:06:00,2024-03-12,0.35,0.35,0.35,0.35,0,184720,0
FINNIFTY12MAR2422500CE.NFO,2024-03-11,11:07:00,2024-03-12,0.3,0.35,0.3,0.35,3400,184520,0
FINNIFTY12MAR2422500CE.NFO,2024-03-11,11:08:00,2024-03-12,0.35,0.35,0.35,0.35,0,184520,0
FINNIFTY12MAR2422500CE.NFO,2024-03-11,11:09:00,2024-03-12,0.35,0.35,0.3,0.3,1440,184520,0
FINNIFTY12MAR2422500CE.NFO,2024-03-11,11:10:00,2024-03-12,0.3,0.35,0.3,0.3,1520,184520,0
FINNIFTY12MAR2422500CE.NFO,2024-03-11,11:11:00,2024-03-12,0.3,0.35,0.3,0.35,680,184520,0
FINNIFTY12MAR2422500CE.NFO,2024-03-11,11:12:00,2024-03-12,0.35,0.35,0.3,0.3,1080,184520,0
FINNIFTY12MAR2422500CE.NFO,2024-03-11,11:13:00,2024-03-12,0.35,0.35,0.35,0.35,1000,184200,0
FINNIFTY12MAR2422500CE.NFO,2024-03-11,11:14:00,2024-03-12,0.3,0.35,0.3,0.35,1800,184200,0
FINNIFTY12MAR2422500CE.NFO,2024-03-11,11:15:00,2024-03-12,0.35,0.35,0.35,0.35,1880,185240,0
FINNIFTY12MAR2422500CE.NFO,2024-03-11,11:16:00,2024-03-12,0.35,0.35,0.35,0.35,920,185240,0
FINNIFTY12MAR2422500CE.NFO,2024-03-11,11:17:00,2024-03-12,0.35,0.35,0.3,0.3,1160,185240,0
FINNIFTY12MAR2422500CE.NFO,2024-03-11,11:18:00,2024-03-12,0.3,0.35,0.3,0.35,80,185840,0
FINNIFTY12MAR2422500CE.NFO,2024-03-11,11:19:00,2024-03-12,0.35,0.35,0.35,0.35,0,185840,0
FINNIFTY12MAR2422500CE.NFO,2024-03-11,11:20:00,2024-03-12,0.35,0.35,0.35,0.35,0,185840,0
FINNIFTY12MAR2422500CE.NFO,2024-03-11,11:21:00,2024-03-12,0.35,0.35,0.35,0.35,720,185840,0
FINNIFTY12MAR2422500CE.NFO,2024-03-11,11:22:00,2024-03-12,0.35,0.35,0.35,0.35,0,185840,0
FINNIFTY12MAR2422500CE.NFO,2024-03-11,11:23:00,2024-03-12,0.35,0.35,0.35,0.35,1440,186120,0
FINNIFTY12MAR2422500CE.NFO,2024-03-11,11:24:00,2024-03-12,0.35,0.35,0.3,0.35,6520,186120,0
FINNIFTY12MAR2422500CE.NFO,2024-03-11,11:25:00,2024-03-12,0.35,0.4,0.3,0.35,19120,186120,0
FINNIFTY12MAR2422500CE.NFO,2024-03-11,11:26:00,2024-03-12,0.4,0.4,0.35,0.35,1600,186120,0
FINNIFTY12MAR2422500CE.NFO,2024-03-11,11:27:00,2024-03-12,0.35,0.35,0.35,0.35,2080,189320,0
FINNIFTY12MAR2422500CE.NFO,2024-03-11,11:28:00,2024-03-12,0.35,0.35,0.35,0.35,9000,189320,0
FINNIFTY12MAR2422500CE.NFO,2024-03-11,11:29:00,2024-03-12,0.35,0.35,0.3,0.35,680,189320,0
FINNIFTY12MAR2422500CE.NFO,2024-03-11,11:30:00,2024-03-12,0.35,0.35,0.35,0.35,960,189320,0
FINNIFTY12MAR2422500CE.NFO,2024-03-11,11:31:00,2024-03-12,0.35,0.35,0.35,0.35,1080,183520,0
FINNIFTY12MAR2422500CE.NFO,2024-03-11,11:32:00,2024-03-12,0.35,0.35,0.3,0.3,320,183520,0
FINNIFTY12MAR2422500CE.NFO,2024-03-11,11:33:00,2024-03-12,0.35,0.35,0.35,0.35,80,183280,0
FINNIFTY12MAR2422500CE.NFO,2024-03-11,11:34:00,2024-03-12,0.35,0.35,0.35,0.35,0,183280,0
FINNIFTY12MAR2422500CE.NFO,2024-03-11,11:35:00,2024-03-12,0.3,0.3,0.3,0.3,400,183280,0
FINNIFTY12MAR2422500CE.NFO,2024-03-11,11:36:00,2024-03-12,0.35,0.35,0.35,0.35,80,183280,0
FINNIFTY12MAR2422500CE.NFO,2024-03-11,11:37:00,2024-03-12,0.3,0.3,0.3,0.3,160,183320,0
FINNIFTY12MAR2422500CE.NFO,2024-03-11,11:38:00,2024-03-12,0.35,0.35,0.35,0.35,240,183320,0
FINNIFTY12MAR2422500CE.NFO,2024-03-11,11:39:00,2024-03-12,0.35,0.35,0.35,0.35,0,183320,0
FINNIFTY12MAR2422500CE.NFO,2024-03-11,11:40:00,2024-03-12,0.35,0.35,0.35,0.35,200,183320,0
FINNIFTY12MAR2422500CE.NFO,2024-03-11,11:41:00,2024-03-12,0.35,0.35,0.35,0.35,360,183320,0
FINNIFTY12MAR2422500CE.NFO,2024-03-11,11:42:00,2024-03-12,0.35,0.35,0.35,0.35,2320,183840,0
FINNIFTY12MAR2422500CE.NFO,2024-03-11,11:43:00,2024-03-12,0.35,0.35,0.35,0.35,1240,183840,0
FINNIFTY12MAR2422500CE.NFO,2024-03-11,11:44:00,2024-03-12,0.35,0.35,0.35,0.35,2080,183840,0
FINNIFTY12MAR2422500CE.NFO,2024-03-11,11:45:00,2024-03-12,0.35,0.35,0.35,0.35,3120,183840,0
FINNIFTY12MAR2422500CE.NFO,2024-03-11,11:46:00,2024-03-12,0.35,0.35,0.3,0.35,1360,185160,0
FINNIFTY12MAR2422500CE.NFO,2024-03-11,11:47:00,2024-03-12,0.35,0.35,0.3,0.35,2920,185160,0
FINNIFTY12MAR2422500CE.NFO,2024-03-11,11:48:00,2024-03-12,0.35,0.35,0.35,0.35,400,185160,0
FINNIFTY12MAR2422500CE.NFO,2024-03-11,11:49:00,2024-03-12,0.35,0.35,0.35,0.35,80,183720,0
FINNIFTY12MAR2422500CE.NFO,2024-03-11,11:50:00,2024-03-12,0.3,0.35,0.3,0.3,1560,183720,0
FINNIFTY12MAR2422500CE.NFO,2024-03-11,11:51:00,2024-03-12,0.3,0.35,0.3,0.35,8000,183720,0
FINNIFTY12MAR2422500CE.NFO,2024-03-11,11:52:00,2024-03-12,0.35,0.35,0.35,0.35,400,180680,0
FINNIFTY12MAR2422500CE.NFO,2024-03-11,11:53:00,2024-03-12,0.35,0.35,0.35,0.35,200,180680,0
FINNIFTY12MAR2422500CE.NFO,2024-03-11,11:54:00,2024-03-12,0.35,0.35,0.35,0.35,320,180920,0
FINNIFTY12MAR2422500CE.NFO,2024-03-11,11:55:00,2024-03-12,0.35,0.35,0.35,0.35,10800,180920,0
FINNIFTY12MAR2422500CE.NFO,2024-03-11,11:56:00,2024-03-12,0.35,0.35,0.35,0.35,7040,180920,0
FINNIFTY12MAR2422500CE.NFO,2024-03-11,11:57:00,2024-03-12,0.35,0.35,0.35,0.35,0,180920,0
FINNIFTY12MAR2422500CE.NFO,2024-03-11,11:58:00,2024-03-12,0.4,0.4,0.4,0.4,3920,179720,0
FINNIFTY12MAR2422500CE.NFO,2024-03-11,11:59:00,2024-03-12,0.4,0.4,0.35,0.35,640,179720,0
FINNIFTY12MAR2422500CE.NFO,2024-03-11,12:00:00,2024-03-12,0.35,0.35,0.35,0.35,0,179720,0
FINNIFTY12MAR2422500CE.NFO,2024-03-11,12:01:00,2024-03-12,0.35,0.35,0.35,0.35,0,179720,1
FINNIFTY12MAR2422500CE.NFO,2024-03-11,12:02:00,2024-03-12,0.35,0.35,0.35,0.35,0,179720,1
FINNIFTY12MAR2422500CE.NFO,2024-03-11,12:03:00,2024-03-12,0.35,0.35,0.35,0.35,0,179720,0
FINNIFTY12MAR2422500CE.NFO,2024-03-11,12:04:00,2024-03-12,0.35,0.4,0.35,0.4,1040,182680,0
FINNIFTY12MAR2422500CE.NFO,2024-03-11,12:05:00,2024-03-12,0.4,0.4,0.4,0.4,0,182680,0
FINNIFTY12MAR2422500CE.NFO,2024-03-11,12:06:00,2024-03-12,0.4,0.4,0.35,0.35,120,182880,0
FINNIFTY12MAR2422500CE.NFO,2024-03-11,12:07:00,2024-03-12,0.35,0.35,0.35,0.35,560,182880,0
FINNIFTY12MAR2422500CE.NFO,2024-03-11,12:08:00,2024-03-12,0.35,0.35,0.35,0.35,560,182880,0
FINNIFTY12MAR2422500CE.NFO,2024-03-11,12:09:00,2024-03-12,0.35,0.35,0.35,0.35,40,182880,0
FINNIFTY12MAR2422500CE.NFO,2024-03-11,12:10:00,2024-03-12,0.35,0.35,0.35,0.35,80,182680,0
FINNIFTY12MAR2422500CE.NFO,2024-03-11,12:11:00,2024-03-12,0.35,0.35,0.35,0.35,80,182680,1
FINNIFTY12MAR2422500CE.NFO,2024-03-11,12:12:00,2024-03-12,0.35,0.35,0.35,0.35,3280,182680,0
FINNIFTY12MAR2422500CE.NFO,2024-03-11,12:13:00,2024-03-12,0.35,0.35,0.35,0.35,440,179320,0
FINNIFTY12MAR2422500CE.NFO,2024-03-11,12:14:00,2024-03-12,0.35,0.35,0.35,0.35,1280,179320,0
FINNIFTY12MAR2422500CE.NFO,2024-03-11,12:15:00,2024-03-12,0.35,0.35,0.35,0.35,280,179320,0
FINNIFTY12MAR2422500CE.NFO,2024-03-11,12:16:00,2024-03-12,0.35,0.35,0.35,0.35,280,179320,1
FINNIFTY12MAR2422500CE.NFO,2024-03-11,12:17:00,2024-03-12,0.35,0.35,0.35,0.35,0,179320,0
FINNIFTY12MAR2422500CE.NFO,2024-03-11,12:18:00,2024-03-12,0.35,0.35,0.35,0.35,0,179320,0
FINNIFTY12MAR2422500CE.NFO,2024-03-11,12:19:00,2024-03-12,0.35,0.35,0.35,0.35,0,179320,1
FINNIFTY12MAR2422500CE.NFO,2024-03-11,12:20:00,2024-03-12,0.4,0.4,0.4,0.4,680,177680,0
FINNIFTY12MAR2422500CE.NFO,2024-03-11,12:21:00,2024-03-12,0.4,0.4,0.4,0.4,1080,177680,0
FINNIFTY12MAR2422500CE.NFO,2024-03-11,12:22:00,2024-03-12,0.4,0.4,0.4,0.4,0,177680,0
FINNIFTY12MAR2422500CE.NFO,2024-03-11,12:23:00,2024-03-12,0.4,0.4,0.35,0.35,880,179440,0
FINNIFTY12MAR2422500CE.NFO,2024-03-11,12:24:00,2024-03-12,0.35,0.35,0.35,0.35,6480,179440,0
FINNIFTY12MAR2422500CE.NFO,2024-03-11,12:25:00,2024-03-12,0.35,0.35,0.3,0.35,480,179480,0
FINNIFTY12MAR2422500CE.NFO,2024-03-11,12:26:00,2024-03-12,0.35,0.35,0.35,0.35,0,179480,0
FINNIFTY12MAR2422500CE.NFO,2024-03-11,12:27:00,2024-03-12,0.35,0.35,0.35,0.35,80,179480,0
FINNIFTY12MAR2422500CE.NFO,2024-03-11,12:28:00,2024-03-12,0.35,0.35,0.35,0.35,80,179480,1
FINNIFTY12MAR2422500CE.NFO,2024-03-11,12:29:00,2024-03-12,0.35,0.35,0.3,0.3,0,179720,0
FINNIFTY12MAR2422500CE.NFO,2024-03-11,12:30:00,2024-03-12,0.3,0.3,0.3,0.3,0,179720,0
FINNIFTY12MAR2422500CE.NFO,2024-03-11,12:31:00,2024-03-12,0.3,0.3,0.3,0.3,0,179720,1
FINNIFTY12MAR2422500CE.NFO,2024-03-11,12:32:00,2024-03-12,0.3,0.3,0.3,0.3,120,179720,0
FINNIFTY12MAR2422500CE.NFO,2024-03-11,12:33:00,2024-03-12,0.35,0.35,0.35,0.35,440,179720,0
FINNIFTY12MAR2422500CE.NFO,2024-03-11,12:34:00,2024-03-12,0.35,0.35,0.35,0.35,2360,180160,0
FINNIFTY12MAR2422500CE.NFO,2024-03-11,12:35:00,2024-03-12,0.35,0.35,0.35,0.35,6480,180160,0
FINNIFTY12MAR2422500CE.NFO,2024-03-11,12:36:00,2024-03-12,0.35,0.35,0.35,0.35,2280,180160,0
FINNIFTY12MAR2422500CE.NFO,2024-03-11,12:37:00,2024-03-12,0.3,0.35,0.3,0.35,6200,175760,0
FINNIFTY12MAR2422500CE.NFO,2024-03-11,12:38:00,2024-03-12,0.35,0.35,0.3,0.35,3480,175760,0
FINNIFTY12MAR2422500CE.NFO,2024-03-11,12:39:00,2024-03-12,0.35,0.35,0.35,0.35,8000,181080,0
FINNIFTY12MAR2422500CE.NFO,2024-03-11,12:40:00,2024-03-12,0.35,0.35,0.35,0.35,160,181080,0
FINNIFTY12MAR2422500CE.NFO,2024-03-11,12:41:00,2024-03-12,0.35,0.35,0.35,0.35,640,181080,0
FINNIFTY12MAR2422500CE.NFO,2024-03-11,12:42:00,2024-03-12,0.35,0.35,0.35,0.35,160,181080,0
FINNIFTY12MAR2422500CE.NFO,2024-03-11,12:43:00,2024-03-12,0.35,0.35,0.35,0.35,280,179560,0
FINNIFTY12MAR2422500CE.NFO,2024-03-11,12:44:00,2024-03-12,0.35,0.35,0.35,0.35,200,179560,0
FINNIFTY12MAR2422500CE.NFO,2024-03-11,12:45:00,2024-03-12,0.35,0.35,0.35,0.35,200,179560,1
FINNIFTY12MAR2422500CE.NFO,2024-03-11,12:46:00,2024-03-12,0.35,0.35,0.35,0.35,200,179080,0
FINNIFTY12MAR2422500CE.NFO,2024-03-11,12:47:00,2024-03-12,0.35,0.35,0.35,0.35,1320,179080,0
FINNIFTY12MAR2422500CE.NFO,2024-03-11,12:48:00,2024-03-12,0.35,0.35,0.35,0.35,1480,179080,0
FINNIFTY12MAR2422500CE.NFO,2024-03-11,12:49:00,2024-03-12,0.35,0.35,0.35,0.35,920,176080,0
FINNIFTY12MAR2422500CE.NFO,2024-03-11,12:50:00,2024-03-12,0.35,0.35,0.35,0.35,240,176080,0
FINNIFTY12MAR2422500CE.NFO,2024-03-11,12:51:00,2024-03-12,0.35,0.35,0.35,0.35,360,176000,0
FINNIFTY12MAR2422500CE.NFO,2024-03-11,12:52:00,2024-03-12,0.35,0.35,0.35,0.35,0,176000,0
FINNIFTY12MAR2422500CE.NFO,2024-03-11,12:53:00,2024-03-12,0.35,0.35,0.35,0.35,0,176000,1
FINNIFTY12MAR2422500CE.NFO,2024-03-11,12:54:00,2024-03-12,0.35,0.35,0.35,0.35,0,176000,0
FINNIFTY12MAR2422500CE.NFO,2024-03-11,12:55:00,2024-03-12,0.35,0.35,0.35,0.35,0,176000,0
FINNIFTY12MAR2422500CE.NFO,2024-03-11,12:56:00,2024-03-12,0.4,0.4,0.4,0.4,200,176000,0
FINNIFTY12MAR2422500CE.NFO,2024-03-11,12:57:00,2024-03-12,0.4,0.4,0.4,0.4,0,176000,0
FINNIFTY12MAR2422500CE.NFO,2024-03-11,12:58:00,2024-03-12,0.4,0.4,0.4,0.4,240,176000,0
FINNIFTY12MAR2422500CE.NFO,2024-03-11,12:59:00,2024-03-12,0.4,0.4,0.4,0.4,0,176000,0
FINNIFTY12MAR2422500CE.NFO,2024-03-11,13:00:00,2024-03-12,0.4,0.4,0.4,0.4,0,176000,1
FINNIFTY12MAR2422500CE.NFO,2024-03-11,13:01:00,2024-03-12,0.35,0.35,0.35,0.35,120,176240,0
FINNIFTY12MAR2422500CE.NFO,2024-03-11,13:02:00,2024-03-12,0.35,0.35,0.35,0.35,40,176240,0
FINNIFTY12MAR2422500CE.NFO,2024-03-11,13:03:00,2024-03-12,0.35,0.35,0.35,0.35,40,176240,1
FINNIFTY12MAR2422500CE.NFO,2024-03-11,13:04:00,2024-03-12,0.35,0.35,0.35,0.35,40,176240,1
FINNIFTY12MAR2422500CE.NFO,2024-03-11,13:05:00,2024-03-12,0.4,0.4,0.4,0.4,1480,176240,0
FINNIFTY12MAR2422500CE.NFO,2024-03-11,13:06:00,2024-03-12,0.4,0.4,0.4,0.4,0,176240,0
FINNIFTY12MAR2422500CE.NFO,2024-03-11,13:07:00,2024-03-12,0.4,0.4,0.4,0.4,80,177720,0
FINNIFTY12MAR2422500CE.NFO,2024-03-11,13:08:00,2024-03-12,0.4,0.4,0.35,0.35,240,177720,0
FINNIFTY12MAR2422500CE.NFO,2024-03-11,13:09:00,2024-03-12,0.35,0.35,0.35,0.35,0,177720,0
FINNIFTY12MAR2422500CE.NFO,2024-03-11,13:10:00,2024-03-12,0.35,0.35,0.35,0.35,0,177720,0
FINNIFTY12MAR2422500CE.NFO,2024-03-11,13:11:00,2024-03-12,0.35,0.35,0.35,0.35,0,177720,1
FINNIFTY12MAR2422500CE.NFO,2024-03-11,13:12:00,2024-03-12,0.35,0.4,0.35,0.35,1280,177800,0
FINNIFTY12MAR2422500CE.NFO,2024-03-11,13:13:00,2024-03-12,0.4,0.4,0.4,0.4,720,176880,0
FINNIFTY12MAR2422500CE.NFO,2024-03-11,13:14:00,2024-03-12,0.4,0.4,0.35,0.35,760,176880,0
FINNIFTY12MAR2422500CE.NFO,2024-03-11,13:15:00,2024-03-12,0.35,0.35,0.35,0.35,760,176880,1
FINNIFTY12MAR2422500CE.NFO,2024-03-11,13:16:00,2024-03-12,0.35,0.35,0.35,0.35,0,176880,0
FINNIFTY12MAR2422500CE.NFO,2024-03-11,13:17:00,2024-03-12,0.35,0.35,0.35,0.35,0,176880,0
FINNIFTY12MAR2422500CE.NFO,2024-03-11,13:18:00,2024-03-12,0.35,0.4,0.35,0.4,40,176920,0
FINNIFTY12MAR2422500CE.NFO,2024-03-11,13:19:00,2024-03-12,0.4,0.4,0.4,0.4,0,176920,0
FINNIFTY12MAR2422500CE.NFO,2024-03-11,13:20:00,2024-03-12,0.4,0.4,0.35,0.4,2440,176960,0
FINNIFTY12MAR2422500CE.NFO,2024-03-11,13:21:00,2024-03-12,0.4,0.4,0.4,0.4,2440,176960,1
FINNIFTY12MAR2422500CE.NFO,2024-03-11,13:22:00,2024-03-12,0.4,0.4,0.4,0.4,2440,176960,1
FINNIFTY12MAR2422500CE.NFO,2024-03-11,13:23:00,2024-03-12,0.4,0.4,0.4,0.4,2440,176960,1
FINNIFTY12MAR2422500CE.NFO,2024-03-11,13:24:00,2024-03-12,0.4,0.4,0.4,0.4,0,176960,0
FINNIFTY12MAR2422500CE.NFO,2024-03-11,13:25:00,2024-03-12,0.4,0.4,0.4,0.4,0,176960,0
FINNIFTY12MAR2422500CE.NFO,2024-03-11,13:26:00,2024-03-12,0.4,0.4,0.4,0.4,0,176960,1
FINNIFTY12MAR2422500CE.NFO,2024-03-11,13:27:00,2024-03-12,0.4,0.4,0.4,0.4,0,176960,1
FINNIFTY12MAR2422500CE.NFO,2024-03-11,13:28:00,2024-03-12,0.4,0.4,0.4,0.4,0,176960,1
FINNIFTY12MAR2422500CE.NFO,2024-03-11,13:29:00,2024-03-12,0.4,0.4,0.4,0.4,0,176960,0
FINNIFTY12MAR2422500CE.NFO,2024-03-11,13:30:00,2024-03-12,0.4,0.4,0.4,0.4,1680,178120,0
FINNIFTY12MAR2422500CE.NFO,2024-03-11,13:31:00,2024-03-12,0.4,0.4,0.4,0.4,0,178120,0
FINNIFTY12MAR2422500CE.NFO,2024-03-11,13:32:00,2024-03-12,0.4,0.4,0.4,0.4,0,178120,0
FINNIFTY12MAR2422500CE.NFO,2024-03-11,13:33:00,2024-03-12,0.4,0.4,0.4,0.4,40,176440,0
FINNIFTY12MAR2422500CE.NFO,2024-03-11,13:34:00,2024-03-12,0.35,0.35,0.35,0.35,1680,176440,0
FINNIFTY12MAR2422500CE.NFO,2024-03-11,13:35:00,2024-03-12,0.35,0.35,0.35,0.35,400,176440,0
FINNIFTY12MAR2422500CE.NFO,2024-03-11,13:36:00,2024-03-12,0.35,0.35,0.35,0.35,320,176440,0
FINNIFTY12MAR2422500CE.NFO,2024-03-11,13:37:00,2024-03-12,0.35,0.35,0.35,0.35,320,176440,1
FINNIFTY12MAR2422500CE.NFO,2024-03-11,13:38:00,2024-03-12,0.35,0.35,0.35,0.35,320,176440,1
FINNIFTY12MAR2422500CE.NFO,2024-03-11,13:39:00,2024-03-12,0.35,0.35,0.35,0.35,320,176440,1
FINNIFTY12MAR2422500CE.NFO,2024-03-11,13:40:00,2024-03-12,0.4,0.4,0.4,0.4,80,173880,0
FINNIFTY12MAR2422500CE.NFO,2024-03-11,13:41:00,2024-03-12,0.4,0.4,0.4,0.4,0,173880,0
FINNIFTY12MAR2422500CE.NFO,2024-03-11,13:42:00,2024-03-12,0.4,0.4,0.4,0.4,0,173880,0
FINNIFTY12MAR2422500CE.NFO,2024-03-11,13:43:00,2024-03-12,0.4,0.4,0.4,0.4,1680,173880,0
FINNIFTY12MAR2422500CE.NFO,2024-03-11,13:44:00,2024-03-12,0.4,0.4,0.4,0.4,0,173880,0
FINNIFTY12MAR2422500CE.NFO,2024-03-11,13:45:00,2024-03-12,0.4,0.4,0.4,0.4,0,173880,1
FINNIFTY12MAR2422500CE.NFO,2024-03-11,13:46:00,2024-03-12,0.4,0.4,0.4,0.4,0,173880,1
FINNIFTY12MAR2422500CE.NFO,2024-03-11,13:47:00,2024-03-12,0.4,0.4,0.4,0.4,0,173880,1
FINNIFTY12MAR2422500CE.NFO,2024-03-11,13:48:00,2024-03-12,0.4,0.4,0.4,0.4,0,173880,0
FINNIFTY12MAR2422500CE.NFO,2024-03-11,13:49:00,2024-03-12,0.4,0.4,0.4,0.4,0,173880,1
FINNIFTY12MAR2422500CE.NFO,2024-03-11,13:50:00,2024-03-12,0.4,0.4,0.4,0.4,600,173120,0
FINNIFTY12MAR2422500CE.NFO,2024-03-11,13:51:00,2024-03-12,0.4,0.4,0.4,0.4,280,173120,0
FINNIFTY12MAR2422500CE.NFO,2024-03-11,13:52:00,2024-03-12,0.4,0.4,0.35,0.35,2640,173120,0
FINNIFTY12MAR2422500CE.NFO,2024-03-11,13:53:00,2024-03-12,0.35,0.35,0.35,0.35,0,173120,0
FINNIFTY12MAR2422500CE.NFO,2024-03-11,13:54:00,2024-03-12,0.4,0.4,0.4,0.4,520,173120,0
FINNIFTY12MAR2422500CE.NFO,2024-03-11,13:55:00,2024-03-12,0.35,0.35,0.35,0.35,200,173120,0
FINNIFTY12MAR2422500CE.NFO,2024-03-11,13:56:00,2024-03-12,0.35,0.4,0.35,0.4,1360,173520,0
FINNIFTY12MAR2422500CE.NFO,2024-03-11,13:57:00,2024-03-12,0.4,0.4,0.4,0.4,40,173520,0
FINNIFTY12MAR2422500CE.NFO,2024-03-11,13:58:00,2024-03-12,0.4,0.4,0.4,0.4,0,173520,0
FINNIFTY12MAR2422500CE.NFO,2024-03-11,13:59:00,2024-03-12,0.4,0.4,0.4,0.4,0,173520,1
FINNIFTY12MAR2422500CE.NFO,2024-03-11,14:00:00,2024-03-12,0.4,0.4,0.35,0.35,1360,172320,0
FINNIFTY12MAR2422500CE.NFO,2024-03-11,14:01:00,2024-03-12,0.35,0.4,0.35,0.4,320,172000,0
FINNIFTY12MAR2422500CE.NFO,2024-03-11,14:02:00,2024-03-12,0.4,0.4,0.35,0.35,2120,172000,0
FINNIFTY12MAR2422500CE.NFO,2024-03-11,14:03:00,2024-03-12,0.35,0.4,0.35,0.4,800,172000,0
FINNIFTY12MAR2422500CE.NFO,2024-03-11,14:04:00,2024-03-12,0.4,0.4,0.4,0.4,40,172760,0
FINNIFTY12MAR2422500CE.NFO,2024-03-11,14:05:00,2024-03-12,0.4,0.4,0.4,0.4,1400,172760,0
FINNIFTY12MAR2422500CE.NFO,2024-03-11,14:06:00,2024-03-12,0.4,0.4,0.4,0.4,0,172760,0
FINNIFTY12MAR2422500CE.NFO,2024-03-11,14:07:00,2024-03-12,0.4,0.4,0.4,0.4,1760,173440,0
FINNIFTY12MAR2422500CE.NFO,2024-03-11,14:08:00,2024-03-12,0.4,0.4,0.4,0.4,0,173440,0
FINNIFTY12MAR2422500CE.NFO,2024-03-11,14:09:00,2024-03-12,0.4,0.4,0.4,0.4,0,173440,1
FINNIFTY12MAR2422500CE.NFO,2024-03-11,14:10:00,2024-03-12,0.35,0.35,0.35,0.35,1560,173280,0
FINNIFTY12MAR2422500CE.NFO,2024-03-11,14:11:00,2024-03-12,0.35,0.35,0.35,0.35,1680,173280,0
FINNIFTY12MAR2422500CE.NFO,2024-03-11,14:12:00,2024-03-12,0.35,0.35,0.35,0.35,1480,173280,0
FINNIFTY12MAR2422500CE.NFO,2024-03-11,14:13:00,2024-03-12,0.35,0.35,0.35,0.35,200,169400,0
FINNIFTY12MAR2422500CE.NFO,2024-03-11,14:14:00,2024-03-12,0.35,0.35,0.35,0.35,480,169400,0
FINNIFTY12MAR2422500CE.NFO,2024-03-11,14:15:00,2024-03-12,0.35,0.35,0.35,0.35,320,169400,0
FINNIFTY12MAR2422500CE.NFO,2024-03-11,14:16:00,2024-03-12,0.35,0.35,0.35,0.35,720,168400,0
FINNIFTY12MAR2422500CE.NFO,2024-03-11,14:17:00,2024-03-12,0.35,0.4,0.35,0.4,8120,168400,0
FINNIFTY12MAR2422500CE.NFO,2024-03-11,14:18:00,2024-03-12,0.4,0.4,0.4,0.4,0,168400,0
FINNIFTY12MAR2422500CE.NFO,2024-03-11,14:19:00,2024-03-12,0.4,0.4,0.4,0.4,4640,164960,0
FINNIFTY12MAR2422500CE.NFO,2024-03-11,14:20:00,2024-03-12,0.4,0.4,0.4,0.4,0,164960,0
FINNIFTY12MAR2422500CE.NFO,2024-03-11,14:21:00,2024-03-12,0.4,0.4,0.4,0.4,1360,164960,0
FINNIFTY12MAR2422500CE.NFO,2024-03-11,14:22:00,2024-03-12,0.4,0.4,0.35,0.35,840,163480,0
FINNIFTY12MAR2422500CE.NFO,2024-03-11,14:23:00,2024-03-12,0.35,0.35,0.35,0.35,0,163480,0
FINNIFTY12MAR2422500CE.NFO,2024-03-11,14:24:00,2024-03-12,0.35,0.35,0.35,0.35,0,163480,0
FINNIFTY12MAR2422500CE.NFO,2024-03-11,14:25:00,2024-03-12,0.4,0.4,0.35,0.35,2920,162640,0
FINNIFTY12MAR2422500CE.NFO,2024-03-11,14:26:00,2024-03-12,0.35,0.35,0.35,0.35,1000,162640,0
FINNIFTY12MAR2422500CE.NFO,2024-03-11,14:27:00,2024-03-12,0.35,0.35,0.35,0.35,0,162640,0
FINNIFTY12MAR2422500CE.NFO,2024-03-11,14:28:00,2024-03-12,0.35,0.35,0.35,0.35,0,162640,1
FINNIFTY12MAR2422500CE.NFO,2024-03-11,14:29:00,2024-03-12,0.35,0.35,0.35,0.35,0,162640,0
FINNIFTY12MAR2422500CE.NFO,2024-03-11,14:30:00,2024-03-12,0.35,0.35,0.35,0.35,0,162640,1
FINNIFTY12MAR2422500CE.NFO,2024-03-11,14:31:00,2024-03-12,0.35,0.35,0.35,0.35,0,162640,1
FINNIFTY12MAR2422500CE.NFO,2024-03-11,14:32:00,2024-03-12,0.35,0.35,0.35,0.35,0,162640,0
FINNIFTY12MAR2422500CE.NFO,2024-03-11,14:33:00,2024-03-12,0.35,0.35,0.35,0.35,0,162640,1
FINNIFTY12MAR2422500CE.NFO,2024-03-11,14:34:00,2024-03-12,0.35,0.4,0.35,0.4,40,160120,0
FINNIFTY12MAR2422500CE.NFO,2024-03-11,14:35:00,2024-03-12,0.4,0.4,0.35,0.35,2880,160120,0
FINNIFTY12MAR2422500CE.NFO,2024-03-11,14:36:00,2024-03-12,0.35,0.4,0.35,0.4,400,160120,0
FINNIFTY12MAR2422500CE.NFO,2024-03-11,14:37:00,2024-03-12,0.4,0.4,0.4,0.4,520,160120,0
FINNIFTY12MAR2422500CE.NFO,2024-03-11,14:38:00,2024-03-12,0.35,0.35,0.35,0.35,920,158520,0
FINNIFTY12MAR2422500CE.NFO,2024-03-11,14:39:00,2024-03-12,0.35,0.35,0.35,0.35,0,158520,0
FINNIFTY12MAR2422500CE.NFO,2024-03-11,14:40:00,2024-03-12,0.35,0.35,0.35,0.35,0,158520,0
FINNIFTY12MAR2422500CE.NFO,2024-03-11,14:41:00,2024-03-12,0.35,0.35,0.35,0.35,15600,157600,0
FINNIFTY12MAR2422500CE.NFO,2024-03-11,14:42:00,2024-03-12,0.35,0.35,0.35,0.35,1560,157600,0
FINNIFTY12MAR2422500CE.NFO,2024-03-11,14:43:00,2024-03-12,0.35,0.35,0.3,0.3,280,151720,0
FINNIFTY12MAR2422500CE.NFO,2024-03-11,14:44:00,2024-03-12,0.3,0.35,0.3,0.35,640,151720,0
FINNIFTY12MAR2422500CE.NFO,2024-03-11,14:45:00,2024-03-12,0.35,0.35,0.3,0.3,1360,151720,0
FINNIFTY12MAR2422500CE.NFO,2024-03-11,14:46:00,2024-03-12,0.3,0.35,0.3,0.35,760,153360,0
FINNIFTY12MAR2422500CE.NFO,2024-03-11,14:47:00,2024-03-12,0.35,0.35,0.35,0.35,5720,153360,0
FINNIFTY12MAR2422500CE.NFO,2024-03-11,14:48:00,2024-03-12,0.4,0.4,0.35,0.35,1640,153360,0
FINNIFTY12MAR2422500CE.NFO,2024-03-11,14:49:00,2024-03-12,0.35,0.35,0.35,0.35,0,153360,0
FINNIFTY12MAR2422500CE.NFO,2024-03-11,14:50:00,2024-03-12,0.35,0.4,0.35,0.35,880,155720,0
FINNIFTY12MAR2422500CE.NFO,2024-03-11,14:51:00,2024-03-12,0.35,0.35,0.35,0.35,120,155720,0
FINNIFTY12MAR2422500CE.NFO,2024-03-11,14:52:00,2024-03-12,0.35,0.35,0.35,0.35,0,155720,0
FINNIFTY12MAR2422500CE.NFO,2024-03-11,14:53:00,2024-03-12,0.35,0.35,0.35,0.35,0,155720,1
FINNIFTY12MAR2422500CE.NFO,2024-03-11,14:54:00,2024-03-12,0.35,0.35,0.35,0.35,0,155720,1
FINNIFTY12MAR2422500CE.NFO,2024-03-11,14:55:00,2024-03-12,0.35,0.35,0.35,0.35,0,155720,1
FINNIFTY12MAR2422500CE.NFO,2024-03-11,14:56:00,2024-03-12,0.35,0.35,0.35,0.35,40,155720,0
FINNIFTY12MAR2422500CE.NFO,2024-03-11,14:57:00,2024-03-12,0.35,0.35,0.35,0.35,560,155720,0
FINNIFTY12MAR2422500CE.NFO,2024-03-11,14:58:00,2024-03-12,0.35,0.35,0.35,0.35,200,155600,0
FINNIFTY12MAR2422500CE.NFO,2024-03-11,14:59:00,2024-03-12,0.35,0.35,0.35,0.35,200,155600,1
FINNIFTY12MAR2422500CE.NFO,2024-03-11,15:00:00,2024-03-12,0.35,0.35,0.35,0.35,680,155600,0
FINNIFTY12MAR2422500CE.NFO,2024-03-11,15:01:00,2024-03-12,0.35,0.35,0.35,0.35,320,154520,0
FINNIFTY12MAR2422500CE.NFO,2024-03-11,15:02:00,2024-03-12,0.35,0.35,0.35,0.35,320,154520,1
FINNIFTY12MAR2422500CE.NFO,2024-03-11,15:03:00,2024-03-12,0.35,0.35,0.35,0.35,0,154520,0
FINNIFTY12MAR2422500CE.NFO,2024-03-11,15:04:00,2024-03-12,0.35,0.35,0.35,0.35,0,154520,0
FINNIFTY12MAR2422500CE.NFO,2024-03-11,15:05:00,2024-03-12,0.35,0.35,0.35,0.35,4240,154200,0
FINNIFTY12MAR2422500CE.NFO,2024-03-11,15:06:00,2024-03-12,0.35,0.35,0.35,0.35,0,154200,0
FINNIFTY12MAR2422500CE.NFO,2024-03-11,15:07:00,2024-03-12,0.35,0.35,0.35,0.35,0,154200,1
FINNIFTY12MAR2422500CE.NFO,2024-03-11,15:08:00,2024-03-12,0.35,0.35,0.35,0.35,0,154200,1
FINNIFTY12MAR2422500CE.NFO,2024-03-11,15:09:00,2024-03-12,0.4,0.4,0.4,0.4,400,151960,0
FINNIFTY12MAR2422500CE.NFO,2024-03-11,15:10:00,2024-03-12,0.4,0.4,0.4,0.4,440,152120,0
FINNIFTY12MAR2422500CE.NFO,2024-03-11,15:11:00,2024-03-12,0.4,0.4,0.4,0.4,8240,152120,0
FINNIFTY12MAR2422500CE.NFO,2024-03-11,15:12:00,2024-03-12,0.4,0.4,0.4,0.4,0,152120,0
FINNIFTY12MAR2422500CE.NFO,2024-03-11,15:13:00,2024-03-12,0.35,0.35,0.35,0.35,1800,152120,0
FINNIFTY12MAR2422500CE.NFO,2024-03-11,15:14:00,2024-03-12,0.35,0.35,0.35,0.35,920,145320,0
FINNIFTY12MAR2422500CE.NFO,2024-03-11,15:15:00,2024-03-12,0.35,0.35,0.25,0.25,31560,145320,0
FINNIFTY12MAR2422500CE.NFO,2024-03-11,15:16:00,2024-03-12,0.25,0.3,0.25,0.25,1480,140440,0
FINNIFTY12MAR2422500CE.NFO,2024-03-11,15:17:00,2024-03-12,0.25,0.25,0.25,0.25,240,140440,0
FINNIFTY12MAR2422500CE.NFO,2024-03-11,15:18:00,2024-03-12,0.25,0.3,0.25,0.3,120,140440,0
FINNIFTY12MAR2422500CE.NFO,2024-03-11,15:19:00,2024-03-12,0.3,0.3,0.3,0.3,11720,140520,0
FINNIFTY12MAR2422500CE.NFO,2024-03-11,15:20:00,2024-03-12,0.3,0.3,0.25,0.3,13840,140520,0
FINNIFTY12MAR2422500CE.NFO,2024-03-11,15:21:00,2024-03-12,0.3,0.3,0.25,0.3,1360,140520,0
FINNIFTY12MAR2422500CE.NFO,2024-03-11,15:22:00,2024-03-12,0.3,0.3,0.3,0.3,480,152360,0
FINNIFTY12MAR2422500CE.NFO,2024-03-11,15:23:00,2024-03-12,0.3,0.3,0.3,0.3,280,152360,0
FINNIFTY12MAR2422500CE.NFO,2024-03-11,15:24:00,2024-03-12,0.3,0.3,0.3,0.3,13720,152360,0
FINNIFTY12MAR2422500CE.NFO,2024-03-11,15:25:00,2024-03-12,0.3,0.4,0.25,0.3,31600,154920,0
FINNIFTY12MAR2422500CE.NFO,2024-03-11,15:26:00,2024-03-12,0.3,0.35,0.3,0.3,8960,154920,0
FINNIFTY12MAR2422500CE.NFO,2024-03-11,15:27:00,2024-03-12,0.3,0.3,0.3,0.3,5200,154920,0
FINNIFTY12MAR2422500CE.NFO,2024-03-11,15:28:00,2024-03-12,0.35,0.45,0.35,0.4,19760,152480,0
FINNIFTY12MAR2422500CE.NFO,2024-03-11,15:29:00,2024-03-12,0.4,0.6,0.25,0.35,21840,152480,0
FINNIFTY12MAR2422500CE.NFO,2024-03-11,15:30:00,2024-03-12,0.35,0.35,0.35,0.35,21840,152480,1
FINNIFTY12MAR2422500CE.NFO,2024-03-12,09:15:00,2024-03-12,0.25,0.3,0.25,0.25,16360,145360,0
FINNIFTY12MAR2422500CE.NFO,2024-03-12,09:16:00,2024-03-12,0.25,0.3,0.25,0.25,36680,145360,0
FINNIFTY12MAR2422500CE.NFO,2024-03-12,09:17:00,2024-03-12,0.25,0.3,0.2,0.2,51200,145360,0
FINNIFTY12MAR2422500CE.NFO,2024-03-12,09:18:00,2024-03-12,0.25,0.25,0.2,0.2,9160,219640,0
FINNIFTY12MAR2422500CE.NFO,2024-03-12,09:19:00,2024-03-12,0.2,0.25,0.2,0.2,60720,219640,0
FINNIFTY12MAR2422500CE.NFO,2024-03-12,09:20:00,2024-03-12,0.2,0.25,0.2,0.25,16160,219640,0
FINNIFTY12MAR2422500CE.NFO,2024-03-12,09:21:00,2024-03-12,0.25,0.25,0.2,0.2,22000,274760,0
FINNIFTY12MAR2422500CE.NFO,2024-03-12,09:22:00,2024-03-12,0.2,0.25,0.2,0.25,12480,274760,0
FINNIFTY12MAR2422500CE.NFO,2024-03-12,09:23:00,2024-03-12,0.25,0.25,0.2,0.25,600,274760,0
FINNIFTY12MAR2422500CE.NFO,2024-03-12,09:24:00,2024-03-12,0.25,0.25,0.2,0.2,8240,271400,0
FINNIFTY12MAR2422500CE.NFO,2024-03-12,09:25:00,2024-03-12,0.2,0.2,0.15,0.2,109440,271400,0
FINNIFTY12MAR2422500CE.NFO,2024-03-12,09:26:00,2024-03-12,0.2,0.2,0.15,0.15,9080,271400,0
FINNIFTY12MAR2422500CE.NFO,2024-03-12,09:27:00,2024-03-12,0.15,0.2,0.15,0.2,6880,312800,0
FINNIFTY12MAR2422500CE.NFO,2024-03-12,09:28:00,2024-03-12,0.2,0.2,0.15,0.2,6440,312800,0
FINNIFTY12MAR2422500CE.NFO,2024-03-12,09:29:00,2024-03-12,0.2,0.2,0.2,0.2,1400,312800,0
FINNIFTY12MAR2422500CE.NFO,2024-03-12,09:30:00,2024-03-12,0.2,0.2,0.15,0.15,3320,318200,0
FINNIFTY12MAR2422500CE.NFO,2024-03-12,09:31:00,2024-03-12,0.15,0.2,0.15,0.2,17120,318200,0
FINNIFTY12MAR2422500CE.NFO,2024-03-12,09:32:00,2024-03-12,0.2,0.2,0.15,0.2,960,318200,0
FINNIFTY12MAR2422500CE.NFO,2024-03-12,09:33:00,2024-03-12,0.2,0.2,0.15,0.2,8760,334400,0
FINNIFTY12MAR2422500CE.NFO,2024-03-12,09:34:00,2024-03-12,0.2,0.2,0.15,0.2,9160,334400,0
FINNIFTY12MAR2422500CE.NFO,2024-03-12,09:35:00,2024-03-12,0.2,0.2,0.15,0.2,22560,334400,0
FINNIFTY12MAR2422500CE.NFO,2024-03-12,09:36:00,2024-03-12,0.15,0.2,0.15,0.2,10760,327640,0
FINNIFTY12MAR2422500CE.NFO,2024-03-12,09:37:00,2024-03-12,0.2,0.2,0.15,0.15,2960,327640,0
FINNIFTY12MAR2422500CE.NFO,2024-03-12,09:38:00,2024-03-12,0.2,0.2,0.15,0.2,6360,327640,0
FINNIFTY12MAR2422500CE.NFO,2024-03-12,09:39:00,2024-03-12,0.2,0.2,0.15,0.15,12880,327640,0
FINNIFTY12MAR2422500CE.NFO,2024-03-12,09:40:00,2024-03-12,0.2,0.2,0.15,0.2,6200,327640,0
FINNIFTY12MAR2422500CE.NFO,2024-03-12,09:41:00,2024-03-12,0.2,0.2,0.2,0.2,920,327640,0
FINNIFTY12MAR2422500CE.NFO,2024-03-12,09:42:00,2024-03-12,0.2,0.2,0.15,0.2,1880,327640,0
FINNIFTY12MAR2422500CE.NFO,2024-03-12,09:43:00,2024-03-12,0.2,0.2,0.15,0.2,6600,327640,0
FINNIFTY12MAR2422500CE.NFO,2024-03-12,09:44:00,2024-03-12,0.2,0.2,0.15,0.2,1360,327640,0
FINNIFTY12MAR2422500CE.NFO,2024-03-12,09:45:00,2024-03-12,0.2,0.2,0.15,0.15,3040,327640,0
FINNIFTY12MAR2422500CE.NFO,2024-03-12,09:46:00,2024-03-12,0.2,0.2,0.15,0.15,680,327640,0
FINNIFTY12MAR2422500CE.NFO,2024-03-12,09:47:00,2024-03-12,0.2,0.2,0.2,0.2,2200,327640,0
FINNIFTY12MAR2422500CE.NFO,2024-03-12,09:48:00,2024-03-12,0.2,0.2,0.15,0.15,920,327640,0
FINNIFTY12MAR2422500CE.NFO,2024-03-12,09:49:00,2024-03-12,0.15,0.2,0.15,0.15,2440,327640,0
FINNIFTY12MAR2422500CE.NFO,2024-03-12,09:50:00,2024-03-12,0.15,0.2,0.15,0.2,1040,327640,0
FINNIFTY12MAR2422500CE.NFO,2024-03-12,09:51:00,2024-03-12,0.2,0.2,0.2,0.2,5320,327640,0
FINNIFTY12MAR2422500CE.NFO,2024-03-12,09:52:00,2024-03-12,0.2,0.2,0.15,0.2,4440,327640,0
FINNIFTY12MAR2422500CE.NFO,2024-03-12,09:53:00,2024-03-12,0.2,0.2,0.15,0.2,1080,327640,0
FINNIFTY12MAR2422500CE.NFO,2024-03-12,09:54:00,2024-03-12,0.2,0.2,0.15,0.2,3360,327640,0
FINNIFTY12MAR2422500CE.NFO,2024-03-12,09:55:00,2024-03-12,0.2,0.2,0.15,0.15,6000,327640,0
FINNIFTY12MAR2422500CE.NFO,2024-03-12,09:56:00,2024-03-12,0.15,0.2,0.15,0.15,760,327640,0
FINNIFTY12MAR2422500CE.NFO,2024-03-12,09:57:00,2024-03-12,0.15,0.2,0.15,0.15,11000,328400,0
FINNIFTY12MAR2422500CE.NFO,2024-03-12,09:58:00,2024-03-12,0.15,0.2,0.15,0.2,1680,328400,0
FINNIFTY12MAR2422500CE.NFO,2024-03-12,09:59:00,2024-03-12,0.2,0.2,0.15,0.15,1480,328400,0
FINNIFTY12MAR2422500CE.NFO,2024-03-12,10:00:00,2024-03-12,0.15,0.2,0.15,0.2,3760,328400,0
FINNIFTY12MAR2422500CE.NFO,2024-03-12,10:01:00,2024-03-12,0.15,0.15,0.15,0.15,2440,328400,0
FINNIFTY12MAR2422500CE.NFO,2024-03-12,10:02:00,2024-03-12,0.2,0.2,0.15,0.15,3600,328400,0
FINNIFTY12MAR2422500CE.NFO,2024-03-12,10:03:00,2024-03-12,0.15,0.15,0.15,0.15,1560,328400,0
FINNIFTY12MAR2422500CE.NFO,2024-03-12,10:04:00,2024-03-12,0.2,0.2,0.15,0.15,120,333600,0
FINNIFTY12MAR2422500CE.NFO,2024-03-12,10:05:00,2024-03-12,0.2,0.2,0.2,0.2,1320,333600,0
FINNIFTY12MAR2422500CE.NFO,2024-03-12,10:06:00,2024-03-12,0.2,0.2,0.2,0.2,280,333600,0
FINNIFTY12MAR2422500CE.NFO,2024-03-12,10:07:00,2024-03-12,0.2,0.2,0.2,0.2,80,333600,0
FINNIFTY12MAR2422500CE.NFO,2024-03-12,10:08:00,2024-03-12,0.2,0.2,0.15,0.15,10680,333600,0
FINNIFTY12MAR2422500CE.NFO,2024-03-12,10:09:00,2024-03-12,0.15,0.2,0.15,0.15,320,333600,0
FINNIFTY12MAR2422500CE.NFO,2024-03-12,10:10:00,2024-03-12,0.15,0.2,0.1,0.2,169960,333600,0
FINNIFTY12MAR2422500CE.NFO,2024-03-12,10:11:00,2024-03-12,0.2,0.2,0.15,0.15,5600,333600,0
FINNIFTY12MAR2422500CE.NFO,2024-03-12,10:12:00,2024-03-12,0.15,0.2,0.15,0.2,280,351880,0
FINNIFTY12MAR2422500CE.NFO,2024-03-12,10:13:00,2024-03-12,0.2,0.2,0.15,0.2,4400,351880,0
FINNIFTY12MAR2422500CE.NFO,2024-03-12,10:14:00,2024-03-12,0.2,0.2,0.2,0.2,1000,351880,0
FINNIFTY12MAR2422500CE.NFO,2024-03-12,10:15:00,2024-03-12,0.2,0.2,0.15,0.15,4840,351520,0
FINNIFTY12MAR2422500CE.NFO,2024-03-12,10:16:00,2024-03-12,0.15,0.2,0.15,0.2,18480,351520,0
FINNIFTY12MAR2422500CE.NFO,2024-03-12,10:17:00,2024-03-12,0.2,0.2,0.15,0.2,1200,351520,0
FINNIFTY12MAR2422500CE.NFO,2024-03-12,10:18:00,2024-03-12,0.2,0.2,0.15,0.15,960,340760,0
FINNIFTY12MAR2422500CE.NFO,2024-03-12,10:19:00,2024-03-12,0.2,0.2,0.15,0.2,560,340760,0
FINNIFTY12MAR2422500CE.NFO,2024-03-12,10:20:00,2024-03-12,0.2,0.2,0.2,0.2,1840,340760,0
FINNIFTY12MAR2422500CE.NFO,2024-03-12,10:21:00,2024-03-12,0.15,0.2,0.15,0.2,240,339080,0
FINNIFTY12MAR2422500CE.NFO,2024-03-12,10:22:00,2024-03-12,0.2,0.2,0.2,0.2,0,339080,0
FINNIFTY12MAR2422500CE.NFO,2024-03-12,10:23:00,2024-03-12,0.2,0.2,0.15,0.2,4080,339080,0
FINNIFTY12MAR2422500CE.NFO,2024-03-12,10:24:00,2024-03-12,0.2,0.2,0.2,0.2,400,339080,0
FINNIFTY12MAR2422500CE.NFO,2024-03-12,10:25:00,2024-03-12,0.2,0.2,0.2,0.2,2160,339040,0
FINNIFTY12MAR2422500CE.NFO,2024-03-12,10:26:00,2024-03-12,0.2,0.2,0.2,0.2,0,339040,0
FINNIFTY12MAR2422500CE.NFO,2024-03-12,10:27:00,2024-03-12,0.2,0.2,0.2,0.2,0,339040,0
FINNIFTY12MAR2422500CE.NFO,2024-03-12,10:28:00,2024-03-12,0.2,0.2,0.2,0.2,920,339680,0
FINNIFTY12MAR2422500CE.NFO,2024-03-12,10:29:00,2024-03-12,0.15,0.2,0.15,0.2,2680,339680,0
FINNIFTY12MAR2422500CE.NFO,2024-03-12,10:30:00,2024-03-12,0.2,0.2,0.2,0.2,3640,346080,0
FINNIFTY12MAR2422500CE.NFO,2024-03-12,10:31:00,2024-03-12,0.2,0.2,0.15,0.2,6240,346080,0
FINNIFTY12MAR2422500CE.NFO,2024-03-12,10:32:00,2024-03-12,0.2,0.2,0.15,0.15,4400,346080,0
FINNIFTY12MAR2422500CE.NFO,2024-03-12,10:33:00,2024-03-12,0.15,0.2,0.15,0.15,3880,348120,0
FINNIFTY12MAR2422500CE.NFO,2024-03-12,10:34:00,2024-03-12,0.2,0.2,0.1,0.15,18840,348120,0
FINNIFTY12MAR2422500CE.NFO,2024-03-12,10:35:00,2024-03-12,0.15,0.15,0.1,0.1,10200,348120,0
FINNIFTY12MAR2422500CE.NFO,2024-03-12,10:36:00,2024-03-12,0.1,0.15,0.1,0.1,10480,342880,0
FINNIFTY12MAR2422500CE.NFO,2024-03-12,10:37:00,2024-03-12,0.1,0.15,0.1,0.15,2080,342880,0
FINNIFTY12MAR2422500CE.NFO,2024-03-12,10:38:00,2024-03-12,0.15,0.15,0.15,0.15,2600,342880,0
FINNIFTY12MAR2422500CE.NFO,2024-03-12,10:39:00,2024-03-12,0.1,0.1,0.1,0.1,1280,343600,0
FINNIFTY12MAR2422500CE.NFO,2024-03-12,10:40:00,2024-03-12,0.1,0.15,0.1,0.15,8440,343600,0
FINNIFTY12MAR2422500CE.NFO,2024-03-12,10:41:00,2024-03-12,0.1,0.15,0.1,0.15,8840,343600,0
FINNIFTY12MAR2422500CE.NFO,2024-03-12,10:42:00,2024-03-12,0.1,0.15,0.1,0.15,3000,347200,0
FINNIFTY12MAR2422500CE.NFO,2024-03-12,10:43:00,2024-03-12,0.15,0.15,0.1,0.1,6760,347200,0
FINNIFTY12MAR2422500CE.NFO,2024-03-12,10:44:00,2024-03-12,0.1,0.15,0.1,0.15,840,347200,0
FINNIFTY12MAR2422500CE.NFO,2024-03-12,10:45:00,2024-03-12,0.15,0.15,0.15,0.15,2600,347200,0
FINNIFTY12MAR2422500CE.NFO,2024-03-12,10:46:00,2024-03-12,0.1,0.15,0.1,0.15,8760,351040,0
FINNIFTY12MAR2422500CE.NFO,2024-03-12,10:47:00,2024-03-12,0.15,0.2,0.1,0.2,74280,351040,0
FINNIFTY12MAR2422500CE.NFO,2024-03-12,10:48:00,2024-03-12,0.2,0.2,0.15,0.15,27800,364920,0
FINNIFTY12MAR2422500CE.NFO,2024-03-12,10:49:00,2024-03-12,0.15,0.2,0.15,0.2,8840,364920,0
FINNIFTY12MAR2422500CE.NFO,2024-03-12,10:50:00,2024-03-12,0.2,0.2,0.15,0.15,4720,364920,0
FINNIFTY12MAR2422500CE.NFO,2024-03-12,10:51:00,2024-03-12,0.15,0.2,0.15,0.2,1120,364920,0
FINNIFTY12MAR2422500CE.NFO,2024-03-12,10:52:00,2024-03-12,0.2,0.2,0.15,0.2,8400,368920,0
FINNIFTY12MAR2422500CE.NFO,2024-03-12,10:53:00,2024-03-12,0.2,0.2,0.15,0.2,10520,368920,0
FINNIFTY12MAR2422500CE.NFO,2024-03-12,10:54:00,2024-03-12,0.2,0.2,0.15,0.15,200,368920,0
FINNIFTY12MAR2422500CE.NFO,2024-03-12,10:55:00,2024-03-12,0.15,0.2,0.15,0.15,10720,380680,0
FINNIFTY12MAR2422500CE.NFO,2024-03-12,10:56:00,2024-03-12,0.15,0.2,0.15,0.15,70680,380680,0
FINNIFTY12MAR2422500CE.NFO,2024-03-12,10:57:00,2024-03-12,0.15,0.2,0.15,0.15,3720,389960,0
FINNIFTY12MAR2422500CE.NFO,2024-03-12,10:58:00,2024-03-12,0.15,0.2,0.15,0.15,2120,389960,0
FINNIFTY12MAR2422500CE.NFO,2024-03-12,10:59:00,2024-03-12,0.15,0.2,0.15,0.15,7040,389960,0
FINNIFTY12MAR2422500CE.NFO,2024-03-12,11:00:00,2024-03-12,0.15,0.15,0.15,0.15,0,389960,0
FINNIFTY12MAR2422500CE.NFO,2024-03-12,11:01:00,2024-03-12,0.15,0.15,0.15,0.15,1760,392400,0
FINNIFTY12MAR2422500CE.NFO,2024-03-12,11:02:00,2024-03-12,0.2,0.2,0.2,0.2,6800,392400,0
FINNIFTY12MAR2422500CE.NFO,2024-03-12,11:03:00,2024-03-12,0.2,0.2,0.15,0.15,1640,392400,0
FINNIFTY12MAR2422500CE.NFO,2024-03-12,11:04:00,2024-03-12,0.2,0.2,0.15,0.15,440,399200,0
FINNIFTY12MAR2422500CE.NFO,2024-03-12,11:05:00,2024-03-12,0.15,0.15,0.15,0.15,0,399200,0
FINNIFTY12MAR2422500CE.NFO,2024-03-12,11:06:00,2024-03-12,0.15,0.2,0.15,0.15,1720,399200,0
FINNIFTY12MAR2422500CE.NFO,2024-03-12,11:07:00,2024-03-12,0.15,0.15,0.15,0.15,0,399200,0
FINNIFTY12MAR2422500CE.NFO,2024-03-12,11:08:00,2024-03-12,0.15,0.15,0.15,0.15,30320,401200,0
FINNIFTY12MAR2422500CE.NFO,2024-03-12,11:09:00,2024-03-12,0.15,0.15,0.15,0.15,40,401200,0
FINNIFTY12MAR2422500CE.NFO,2024-03-12,11:10:00,2024-03-12,0.15,0.15,0.15,0.15,0,401200,0
FINNIFTY12MAR2422500CE.NFO,2024-03-12,11:11:00,2024-03-12,0.15,0.15,0.15,0.15,0,401200,0
FINNIFTY12MAR2422500CE.NFO,2024-03-12,11:12:00,2024-03-12,0.15,0.15,0.15,0.15,840,403160,0
FINNIFTY12MAR2422500CE.NFO,2024-03-12,11:13:00,2024-03-12,0.15,0.15,0.1,0.1,160,404000,0
FINNIFTY12MAR2422500CE.NFO,2024-03-12,11:14:00,2024-03-12,0.1,0.1,0.1,0.1,2080,404000,0
FINNIFTY12MAR2422500CE.NFO,2024-03-12,11:15:00,2024-03-12,0.1,0.1,0.1,0.1,0,404000,0
FINNIFTY12MAR2422500CE.NFO,2024-03-12,11:16:00,2024-03-12,0.15,0.15,0.15,0.15,600,404040,0
FINNIFTY12MAR2422500CE.NFO,2024-03-12,11:17:00,2024-03-12,0.15,0.15,0.15,0.15,0,404040,0
FINNIFTY12MAR2422500CE.NFO,2024-03-12,11:18:00,2024-03-12,0.15,0.15,0.15,0.15,0,404040,0
FINNIFTY12MAR2422500CE.NFO,2024-03-12,11:19:00,2024-03-12,0.15,0.15,0.1,0.1,480,404200,0
FINNIFTY12MAR2422500CE.NFO,2024-03-12,11:20:00,2024-03-12,0.1,0.1,0.1,0.1,40,404200,0
FINNIFTY12MAR2422500CE.NFO,2024-03-12,11:21:00,2024-03-12,0.1,0.1,0.1,0.1,0,404200,0
FINNIFTY12MAR2422500CE.NFO,2024-03-12,11:22:00,2024-03-12,0.1,0.15,0.1,0.15,40,404200,0
FINNIFTY12MAR2422500CE.NFO,2024-03-12,11:23:00,2024-03-12,0.15,0.15,0.15,0.15,0,404200,0
FINNIFTY12MAR2422500CE.NFO,2024-03-12,11:24:00,2024-03-12,0.15,0.15,0.15,0.15,0,404200,0
FINNIFTY12MAR2422500CE.NFO,2024-03-12,11:25:00,2024-03-12,0.15,0.15,0.1,0.1,40,404200,0
FINNIFTY12MAR2422500CE.NFO,2024-03-12,11:26:00,2024-03-12,0.1,0.1,0.1,0.1,0,404200,0
FINNIFTY12MAR2422500CE.NFO,2024-03-12,11:27:00,2024-03-12,0.1,0.1,0.1,0.1,120,404200,0
FINNIFTY12MAR2422500CE.NFO,2024-03-12,11:28:00,2024-03-12,0.1,0.1,0.1,0.1,120,404200,0
FINNIFTY12MAR2422500CE.NFO,2024-03-12,11:29:00,2024-03-12,0.1,0.1,0.1,0.1,0,404200,0
FINNIFTY12MAR2422500CE.NFO,2024-03-12,11:30:00,2024-03-12,0.1,0.1,0.1,0.1,320,404200,0
FINNIFTY12MAR2422500CE.NFO,2024-03-12,11:31:00,2024-03-12,0.1,0.15,0.1,0.15,1680,404200,0
FINNIFTY12MAR2422500CE.NFO,2024-03-12,11:32:00,2024-03-12,0.15,0.15,0.15,0.15,0,404200,0
FINNIFTY12MAR2422500CE.NFO,2024-03-12,11:33:00,2024-03-12,0.15,0.15,0.15,0.15,0,404200,0
FINNIFTY12MAR2422500CE.NFO,2024-03-12,11:34:00,2024-03-12,0.1,0.1,0.1,0.1,320,404200,0
FINNIFTY12MAR2422500CE.NFO,2024-03-12,11:35:00,2024-03-12,0.1,0.15,0.1,0.1,2440,404200,0
FINNIFTY12MAR2422500CE.NFO,2024-03-12,11:36:00,2024-03-12,0.1,0.1,0.1,0.1,0,404200,0
FINNIFTY12MAR2422500CE.NFO,2024-03-12,11:37:00,2024-03-12,0.1,0.1,0.1,0.1,0,404200,1
FINNIFTY12MAR2422500CE.NFO,2024-03-12,11:38:00,2024-03-12,0.15,0.15,0.15,0.15,800,404200,0
FINNIFTY12MAR2422500CE.NFO,2024-03-12,11:39:00,2024-03-12,0.15,0.15,0.15,0.15,0,404200,0
FINNIFTY12MAR2422500CE.NFO,2024-03-12,11:40:00,2024-03-12,0.15,0.15,0.15,0.15,0,404200,0
FINNIFTY12MAR2422500CE.NFO,2024-03-12,11:41:00,2024-03-12,0.15,0.15,0.1,0.1,3720,404200,0
FINNIFTY12MAR2422500CE.NFO,2024-03-12,11:42:00,2024-03-12,0.1,0.1,0.1,0.1,200,404200,0
FINNIFTY12MAR2422500CE.NFO,2024-03-12,11:43:00,2024-03-12,0.15,0.15,0.15,0.15,1800,404200,0
FINNIFTY12MAR2422500CE.NFO,2024-03-12,11:44:00,2024-03-12,0.15,0.15,0.15,0.15,0,404200,0
FINNIFTY12MAR2422500CE.NFO,2024-03-12,11:45:00,2024-03-12,0.15,0.15,0.15,0.15,0,404200,0
FINNIFTY12MAR2422500CE.NFO,2024-03-12,11:46:00,2024-03-12,0.15,0.15,0.1,0.1,80,404200,0
FINNIFTY12MAR2422500CE.NFO,2024-03-12,11:47:00,2024-03-12,0.1,0.1,0.1,0.1,80,404200,1
FINNIFTY12MAR2422500CE.NFO,2024-03-12,11:48:00,2024-03-12,0.1,0.1,0.1,0.1,0,404200,0
FINNIFTY12MAR2422500CE.NFO,2024-03-12,11:49:00,2024-03-12,0.15,0.15,0.15,0.15,40,404200,0
FINNIFTY12MAR2422500CE.NFO,2024-03-12,11:50:00,2024-03-12,0.15,0.15,0.15,0.15,0,404200,0
FINNIFTY12MAR2422500CE.NFO,2024-03-12,11:51:00,2024-03-12,0.15,0.15,0.15,0.15,0,404200,0
FINNIFTY12MAR2422500CE.NFO,2024-03-12,11:52:00,2024-03-12,0.15,0.15,0.15,0.15,0,404200,0
FINNIFTY12MAR2422500CE.NFO,2024-03-12,11:53:00,2024-03-12,0.15,0.15,0.15,0.15,0,404200,0
FINNIFTY12MAR2422500CE.NFO,2024-03-12,11:54:00,2024-03-12,0.15,0.15,0.15,0.15,0,404200,0
FINNIFTY12MAR2422500CE.NFO,2024-03-12,11:55:00,2024-03-12,0.15,0.15,0.15,0.15,0,404200,0
FINNIFTY12MAR2422500CE.NFO,2024-03-12,11:56:00,2024-03-12,0.15,0.15,0.15,0.15,0,404200,0
FINNIFTY12MAR2422500CE.NFO,2024-03-12,11:57:00,2024-03-12,0.15,0.15,0.1,0.1,2800,404200,0
FINNIFTY12MAR2422500CE.NFO,2024-03-12,11:58:00,2024-03-12,0.1,0.15,0.1,0.15,5560,404200,0
FINNIFTY12MAR2422500CE.NFO,2024-03-12,11:59:00,2024-03-12,0.15,0.15,0.15,0.15,5560,404200,1
FINNIFTY12MAR2422500CE.NFO,2024-03-12,12:00:00,2024-03-12,0.15,0.15,0.15,0.15,640,405560,0
FINNIFTY12MAR2422500CE.NFO,2024-03-12,12:01:00,2024-03-12,0.15,0.15,0.1,0.15,800,405560,0
FINNIFTY12MAR2422500CE.NFO,2024-03-12,12:02:00,2024-03-12,0.15,0.15,0.15,0.15,0,405560,0
FINNIFTY12MAR2422500CE.NFO,2024-03-12,12:03:00,2024-03-12,0.15,0.15,0.15,0.15,0,405560,0
FINNIFTY12MAR2422500CE.NFO,2024-03-12,12:04:00,2024-03-12,0.15,0.15,0.1,0.1,560,405400,0
FINNIFTY12MAR2422500CE.NFO,2024-03-12,12:05:00,2024-03-12,0.1,0.15,0.1,0.15,1800,405400,0
FINNIFTY12MAR2422500CE.NFO,2024-03-12,12:06:00,2024-03-12,0.15,0.15,0.1,0.1,240,405400,0
FINNIFTY12MAR2422500CE.NFO,2024-03-12,12:07:00,2024-03-12,0.1,0.1,0.1,0.1,400,405400,0
FINNIFTY12MAR2422500CE.NFO,2024-03-12,12:08:00,2024-03-12,0.1,0.15,0.1,0.15,80,405400,0
FINNIFTY12MAR2422500CE.NFO,2024-03-12,12:09:00,2024-03-12,0.15,0.15,0.15,0.15,640,405400,0
FINNIFTY12MAR2422500CE.NFO,2024-03-12,12:10:00,2024-03-12,0.15,0.15,0.1,0.15,5360,405440,0
FINNIFTY12MAR2422500CE.NFO,2024-03-12,12:11:00,2024-03-12,0.15,0.15,0.1,0.1,5080,405440,0
FINNIFTY12MAR2422500CE.NFO,2024-03-12,12:12:00,2024-03-12,0.1,0.15,0.1,0.1,3360,405440,0
FINNIFTY12MAR2422500CE.NFO,2024-03-12,12:13:00,2024-03-12,0.1,0.1,0.1,0.1,1600,407320,0
FINNIFTY12MAR2422500CE.NFO,2024-03-12,12:14:00,2024-03-12,0.1,0.1,0.1,0.1,4000,407320,0
FINNIFTY12MAR2422500CE.NFO,2024-03-12,12:15:00,2024-03-12,0.1,0.1,0.1,0.1,0,407320,0
FINNIFTY12MAR2422500CE.NFO,2024-03-12,12:16:00,2024-03-12,0.1,0.1,0.1,0.1,0,407320,0
FINNIFTY12MAR2422500CE.NFO,2024-03-12,12:17:00,2024-03-12,0.1,0.15,0.1,0.15,40,407320,0
FINNIFTY12MAR2422500CE.NFO,2024-03-12,12:18:00,2024-03-12,0.15,0.15,0.1,0.1,135520,407360,0
FINNIFTY12MAR2422500CE.NFO,2024-03-12,12:19:00,2024-03-12,0.1,0.1,0.1,0.1,1880,407360,0
FINNIFTY12MAR2422500CE.NFO,2024-03-12,12:20:00,2024-03-12,0.1,0.1,0.1,0.1,2920,407360,0
FINNIFTY12MAR2422500CE.NFO,2024-03-12,12:21:00,2024-03-12,0.1,0.1,0.1,0.1,560,407360,0
FINNIFTY12MAR2422500CE.NFO,2024-03-12,12:22:00,2024-03-12,0.1,0.1,0.1,0.1,560,407360,1
FINNIFTY12MAR2422500CE.NFO,2024-03-12,12:23:00,2024-03-12,0.1,0.1,0.1,0.1,0,407360,0
FINNIFTY12MAR2422500CE.NFO,2024-03-12,12:24:00,2024-03-12,0.05,0.1,0.05,0.1,80,404360,0
FINNIFTY12MAR2422500CE.NFO,2024-03-12,12:25:00,2024-03-12,0.1,0.1,0.05,0.05,240,404360,0
FINNIFTY12MAR2422500CE.NFO,2024-03-12,12:26:00,2024-03-12,0.05,0.1,0.05,0.1,0,404360,0
FINNIFTY12MAR2422500CE.NFO,2024-03-12,12:27:00,2024-03-12,0.1,0.1,0.1,0.1,0,404360,0
FINNIFTY12MAR2422500CE.NFO,2024-03-12,12:28:00,2024-03-12,0.1,0.1,0.1,0.1,0,404360,0
FINNIFTY12MAR2422500CE.NFO,2024-03-12,12:29:00,2024-03-12,0.1,0.1,0.1,0.1,0,404360,0
FINNIFTY12MAR2422500CE.NFO,2024-03-12,12:30:00,2024-03-12,0.1,0.1,0.1,0.1,0,404360,0
FINNIFTY12MAR2422500CE.NFO,2024-03-12,12:31:00,2024-03-12,0.1,0.1,0.1,0.1,0,404360,0
FINNIFTY12MAR2422500CE.NFO,2024-03-12,12:32:00,2024-03-12,0.1,0.1,0.1,0.1,0,404360,0
FINNIFTY12MAR2422500CE.NFO,2024-03-12,12:33:00,2024-03-12,0.05,0.05,0.05,0.05,400,404360,0
FINNIFTY12MAR2422500CE.NFO,2024-03-12,12:34:00,2024-03-12,0.05,0.05,0.05,0.05,0,404360,0
FINNIFTY12MAR2422500CE.NFO,2024-03-12,12:35:00,2024-03-12,0.05,0.05,0.05,0.05,400,404360,0
FINNIFTY12MAR2422500CE.NFO,2024-03-12,12:36:00,2024-03-12,0.05,0.05,0.05,0.05,0,404360,0
FINNIFTY12MAR2422500CE.NFO,2024-03-12,12:37:00,2024-03-12,0.05,0.05,0.05,0.05,5000,404360,0
FINNIFTY12MAR2422500CE.NFO,2024-03-12,12:38:00,2024-03-12,0.1,0.1,0.1,0.1,40,404360,0
FINNIFTY12MAR2422500CE.NFO,2024-03-12,12:39:00,2024-03-12,0.1,0.1,0.1,0.1,240,404360,0
FINNIFTY12MAR2422500CE.NFO,2024-03-12,12:40:00,2024-03-12,0.1,0.1,0.1,0.1,0,404360,0
FINNIFTY12MAR2422500CE.NFO,2024-03-12,12:41:00,2024-03-12,0.1,0.1,0.1,0.1,0,404360,0
FINNIFTY12MAR2422500CE.NFO,2024-03-12,12:42:00,2024-03-12,0.1,0.1,0.1,0.1,200,404200,0
FINNIFTY12MAR2422500CE.NFO,2024-03-12,12:43:00,2024-03-12,0.1,0.1,0.05,0.05,40,404200,0
FINNIFTY12MAR2422500CE.NFO,2024-03-12,12:44:00,2024-03-12,0.05,0.05,0.05,0.05,0,404200,0
FINNIFTY12MAR2422500CE.NFO,2024-03-12,12:45:00,2024-03-12,0.05,0.05,0.05,0.05,0,404200,1
FINNIFTY12MAR2422500CE.NFO,2024-03-12,12:46:00,2024-03-12,0.05,0.05,0.05,0.05,0,404200,0
FINNIFTY12MAR2422500CE.NFO,2024-03-12,12:47:00,2024-03-12,0.05,0.05,0.05,0.05,0,404200,0
FINNIFTY12MAR2422500CE.NFO,2024-03-12,12:48:00,2024-03-12,0.05,0.05,0.05,0.05,0,404200,0
FINNIFTY12MAR2422500CE.NFO,2024-03-12,12:49:00,2024-03-12,0.05,0.05,0.05,0.05,0,404200,0
FINNIFTY12MAR2422500CE.NFO,2024-03-12,12:50:00,2024-03-12,0.05,0.1,0.05,0.05,12880,404200,0
FINNIFTY12MAR2422500CE.NFO,2024-03-12,12:51:00,2024-03-12,0.05,0.05,0.05,0.05,5400,404200,0
FINNIFTY12MAR2422500CE.NFO,2024-03-12,12:52:00,2024-03-12,0.05,0.1,0.05,0.05,18360,404200,0
FINNIFTY12MAR2422500CE.NFO,2024-03-12,12:53:00,2024-03-12,0.05,0.1,0.05,0.05,80,404200,0
FINNIFTY12MAR2422500CE.NFO,2024-03-12,12:54:00,2024-03-12,0.05,0.05,0.05,0.05,0,404200,0
FINNIFTY12MAR2422500CE.NFO,2024-03-12,12:55:00,2024-03-12,0.05,0.05,0.05,0.05,0,404200,0
FINNIFTY12MAR2422500CE.NFO,2024-03-12,12:56:00,2024-03-12,0.05,0.05,0.05,0.05,0,404200,0
FINNIFTY12MAR2422500CE.NFO,2024-03-12,12:57:00,2024-03-12,0.05,0.05,0.05,0.05,18000,405400,0
FINNIFTY12MAR2422500CE.NFO,2024-03-12,12:58:00,2024-03-12,0.05,0.05,0.05,0.05,0,405400,0
FINNIFTY12MAR2422500CE.NFO,2024-03-12,12:59:00,2024-03-12,0.1,0.1,0.05,0.05,1840,405400,0
FINNIFTY12MAR2422500CE.NFO,2024-03-12,13:00:00,2024-03-12,0.05,0.05,0.05,0.05,11560,405400,0
FINNIFTY12MAR2422500CE.NFO,2024-03-12,13:01:00,2024-03-12,0.05,0.05,0.05,0.05,1600,414200,0
FINNIFTY12MAR2422500CE.NFO,2024-03-12,13:02:00,2024-03-12,0.05,0.05,0.05,0.05,1800,414200,0
FINNIFTY12MAR2422500CE.NFO,2024-03-12,13:03:00,2024-03-12,0.05,0.05,0.05,0.05,2360,414200,0
FINNIFTY12MAR2422500CE.NFO,2024-03-12,13:04:00,2024-03-12,0.05,0.05,0.05,0.05,41560,414200,0
FINNIFTY12MAR2422500CE.NFO,2024-03-12,13:05:00,2024-03-12,0.05,0.05,0.05,0.05,3600,414200,0
FINNIFTY12MAR2422500CE.NFO,2024-03-12,13:06:00,2024-03-12,0.05,0.05,0.05,0.05,0,414200,0
FINNIFTY12MAR2422500CE.NFO,2024-03-12,13:07:00,2024-03-12,0.05,0.05,0.05,0.05,0,414200,0
FINNIFTY12MAR2422500CE.NFO,2024-03-12,13:08:00,2024-03-12,0.05,0.05,0.05,0.05,200,395120,0
FINNIFTY12MAR2422500CE.NFO,2024-03-12,13:09:00,2024-03-12,0.05,0.05,0.05,0.05,40,395120,0
FINNIFTY12MAR2422500CE.NFO,2024-03-12,13:10:00,2024-03-12,0.05,0.05,0.05,0.05,0,395120,0
FINNIFTY12MAR2422500CE.NFO,2024-03-12,13:11:00,2024-03-12,0.05,0.05,0.05,0.05,0,395120,0
FINNIFTY12MAR2422500CE.NFO,2024-03-12,13:12:00,2024-03-12,0.05,0.05,0.05,0.05,0,395120,0
FINNIFTY12MAR2422500CE.NFO,2024-03-12,13:13:00,2024-03-12,0.05,0.05,0.05,0.05,440,395120,0
FINNIFTY12MAR2422500CE.NFO,2024-03-12,13:14:00,2024-03-12,0.05,0.05,0.05,0.05,0,395120,0
FINNIFTY12MAR2422500CE.NFO,2024-03-12,13:15:00,2024-03-12,0.05,0.05,0.05,0.05,0,395120,0
FINNIFTY12MAR2422500CE.NFO,2024-03-12,13:16:00,2024-03-12,0.05,0.05,0.05,0.05,40,395080,0
FINNIFTY12MAR2422500CE.NFO,2024-03-12,13:17:00,2024-03-12,0.05,0.05,0.05,0.05,800,395080,0
FINNIFTY12MAR2422500CE.NFO,2024-03-12,13:18:00,2024-03-12,0.05,0.05,0.05,0.05,0,395080,0
FINNIFTY12MAR2422500CE.NFO,2024-03-12,13:19:00,2024-03-12,0.05,0.05,0.05,0.05,800,395080,0
FINNIFTY12MAR2422500CE.NFO,2024-03-12,13:20:00,2024-03-12,0.05,0.05,0.05,0.05,0,395080,0
FINNIFTY12MAR2422500CE.NFO,2024-03-12,13:21:00,2024-03-12,0.05,0.05,0.05,0.05,0,395080,0
FINNIFTY12MAR2422500CE.NFO,2024-03-12,13:22:00,2024-03-12,0.05,0.05,0.05,0.05,520,395080,0
FINNIFTY12MAR2422500CE.NFO,2024-03-12,13:23:00,2024-03-12,0.05,0.05,0.05,0.05,0,395080,0
FINNIFTY12MAR2422500CE.NFO,2024-03-12,13:24:00,2024-03-12,0.05,0.05,0.05,0.05,0,395080,0
FINNIFTY12MAR2422500CE.NFO,2024-03-12,13:25:00,2024-03-12,0.05,0.05,0.05,0.05,0,395080,0
FINNIFTY12MAR2422500CE.NFO,2024-03-12,13:26:00,2024-03-12,0.05,0.05,0.05,0.05,7200,395080,0
FINNIFTY12MAR2422500CE.NFO,2024-03-12,13:27:00,2024-03-12,0.05,0.05,0.05,0.05,0,395080,0
FINNIFTY12MAR2422500CE.NFO,2024-03-12,13:28:00,2024-03-12,0.05,0.05,0.05,0.05,0,395080,0
FINNIFTY12MAR2422500CE.NFO,2024-03-12,13:29:00,2024-03-12,0.05,0.05,0.05,0.05,0,395080,0
FINNIFTY12MAR2422500CE.NFO,2024-03-12,13:30:00,2024-03-12,0.05,0.05,0.05,0.05,0,395080,0
FINNIFTY12MAR2422500CE.NFO,2024-03-12,13:31:00,2024-03-12,0.05,0.05,0.05,0.05,0,395080,0
FINNIFTY12MAR2422500CE.NFO,2024-03-12,13:32:00,2024-03-12,0.05,0.05,0.05,0.05,0,395080,0
FINNIFTY12MAR2422500CE.NFO,2024-03-12,13:33:00,2024-03-12,0.05,0.05,0.05,0.05,0,395080,1
FINNIFTY12MAR2422500CE.NFO,2024-03-12,13:34:00,2024-03-12,0.05,0.05,0.05,0.05,0,395080,1
FINNIFTY12MAR2422500CE.NFO,2024-03-12,13:35:00,2024-03-12,0.05,0.05,0.05,0.05,0,395080,0
FINNIFTY12MAR2422500CE.NFO,2024-03-12,13:36:00,2024-03-12,0.05,0.05,0.05,0.05,0,395080,0
FINNIFTY12MAR2422500CE.NFO,2024-03-12,13:37:00,2024-03-12,0.05,0.05,0.05,0.05,0,395080,0
FINNIFTY12MAR2422500CE.NFO,2024-03-12,13:38:00,2024-03-12,0.05,0.05,0.05,0.05,0,395080,1
FINNIFTY12MAR2422500CE.NFO,2024-03-12,13:39:00,2024-03-12,0.05,0.05,0.05,0.05,0,395080,1
FINNIFTY12MAR2422500CE.NFO,2024-03-12,13:40:00,2024-03-12,0.05,0.05,0.05,0.05,1880,395080,0
FINNIFTY12MAR2422500CE.NFO,2024-03-12,13:41:00,2024-03-12,0.05,0.05,0.05,0.05,280,395080,0
FINNIFTY12MAR2422500CE.NFO,2024-03-12,13:42:00,2024-03-12,0.05,0.05,0.05,0.05,280,395080,1
FINNIFTY12MAR2422500CE.NFO,2024-03-12,13:43:00,2024-03-12,0.05,0.05,0.05,0.05,280,395080,1
FINNIFTY12MAR2422500CE.NFO,2024-03-12,13:44:00,2024-03-12,0.05,0.05,0.05,0.05,40,395080,0
FINNIFTY12MAR2422500CE.NFO,2024-03-12,13:45:00,2024-03-12,0.05,0.05,0.05,0.05,40,395080,1
FINNIFTY12MAR2422500CE.NFO,2024-03-12,13:46:00,2024-03-12,0.05,0.05,0.05,0.05,0,395080,0
FINNIFTY12MAR2422500CE.NFO,2024-03-12,13:47:00,2024-03-12,0.05,0.05,0.05,0.05,800,395080,0
FINNIFTY12MAR2422500CE.NFO,2024-03-12,13:48:00,2024-03-12,0.05,0.05,0.05,0.05,0,395080,0
FINNIFTY12MAR2422500CE.NFO,2024-03-12,13:49:00,2024-03-12,0.05,0.05,0.05,0.05,0,395080,1
FINNIFTY12MAR2422500CE.NFO,2024-03-12,13:50:00,2024-03-12,0.05,0.05,0.05,0.05,0,395080,0
FINNIFTY12MAR2422500CE.NFO,2024-03-12,13:51:00,2024-03-12,0.05,0.05,0.05,0.05,0,395080,0
FINNIFTY12MAR2422500CE.NFO,2024-03-12,13:52:00,2024-03-12,0.05,0.05,0.05,0.05,0,395080,0
FINNIFTY12MAR2422500CE.NFO,2024-03-12,13:53:00,2024-03-12,0.05,0.05,0.05,0.05,2800,395080,0
FINNIFTY12MAR2422500CE.NFO,2024-03-12,13:54:00,2024-03-12,0.05,0.05,0.05,0.05,40,395080,0
FINNIFTY12MAR2422500CE.NFO,2024-03-12,13:55:00,2024-03-12,0.05,0.05,0.05,0.05,40,395080,1
FINNIFTY12MAR2422500CE.NFO,2024-03-12,13:56:00,2024-03-12,0.05,0.05,0.05,0.05,0,395080,0
FINNIFTY12MAR2422500CE.NFO,2024-03-12,13:57:00,2024-03-12,0.05,0.05,0.05,0.05,0,395080,0
FINNIFTY12MAR2422500CE.NFO,2024-03-12,13:58:00,2024-03-12,0.05,0.05,0.05,0.05,0,395080,1
FINNIFTY12MAR2422500CE.NFO,2024-03-12,13:59:00,2024-03-12,0.05,0.05,0.05,0.05,0,395080,0
FINNIFTY12MAR2422500CE.NFO,2024-03-12,14:00:00,2024-03-12,0.05,0.05,0.05,0.05,0,395080,1
FINNIFTY12MAR2422500CE.NFO,2024-03-12,14:01:00,2024-03-12,0.05,0.05,0.05,0.05,0,395080,1
FINNIFTY12MAR2422500CE.NFO,2024-03-12,14:02:00,2024-03-12,0.05,0.05,0.05,0.05,0,395080,1
FINNIFTY12MAR2422500CE.NFO,2024-03-12,14:03:00,2024-03-12,0.05,0.05,0.05,0.05,0,395080,0
FINNIFTY12MAR2422500CE.NFO,2024-03-12,14:04:00,2024-03-12,0.05,0.05,0.05,0.05,0,395080,0
FINNIFTY12MAR2422500CE.NFO,2024-03-12,14:05:00,2024-03-12,0.05,0.05,0.05,0.05,0,395080,0
FINNIFTY12MAR2422500CE.NFO,2024-03-12,14:06:00,2024-03-12,0.05,0.05,0.05,0.05,760,392280,0
FINNIFTY12MAR2422500CE.NFO,2024-03-12,14:07:00,2024-03-12,0.05,0.05,0.05,0.05,760,392280,1
FINNIFTY12MAR2422500CE.NFO,2024-03-12,14:08:00,2024-03-12,0.05,0.05,0.05,0.05,0,392280,0
FINNIFTY12MAR2422500CE.NFO,2024-03-12,14:09:00,2024-03-12,0.05,0.05,0.05,0.05,4000,391520,0
FINNIFTY12MAR2422500CE.NFO,2024-03-12,14:10:00,2024-03-12,0.05,0.05,0.05,0.05,3600,391520,0
FINNIFTY12MAR2422500CE.NFO,2024-03-12,14:11:00,2024-03-12,0.05,0.05,0.05,0.05,600,391520,0
FINNIFTY12MAR2422500CE.NFO,2024-03-12,14:12:00,2024-03-12,0.05,0.05,0.05,0.05,0,391520,0
FINNIFTY12MAR2422500CE.NFO,2024-03-12,14:13:00,2024-03-12,0.05,0.05,0.05,0.05,1800,391520,0
FINNIFTY12MAR2422500CE.NFO,2024-03-12,14:14:00,2024-03-12,0.05,0.05,0.05,0.05,0,391520,0
FINNIFTY12MAR2422500CE.NFO,2024-03-12,14:15:00,2024-03-12,0.05,0.05,0.05,0.05,0,391520,0
FINNIFTY12MAR2422500CE.NFO,2024-03-12,14:16:00,2024-03-12,0.05,0.05,0.05,0.05,6320,391520,0
FINNIFTY12MAR2422500CE.NFO,2024-03-12,14:17:00,2024-03-12,0.05,0.05,0.05,0.05,18000,391520,0
FINNIFTY12MAR2422500CE.NFO,2024-03-12,14:18:00,2024-03-12,0.05,0.05,0.05,0.05,10800,391520,0
FINNIFTY12MAR2422500CE.NFO,2024-03-12,14:19:00,2024-03-12,0.05,0.05,0.05,0.05,3000,391520,0
FINNIFTY12MAR2422500CE.NFO,2024-03-12,14:20:00,2024-03-12,0.05,0.05,0.05,0.05,0,391520,0
FINNIFTY12MAR2422500CE.NFO,2024-03-12,14:21:00,2024-03-12,0.05,0.05,0.05,0.05,0,391520,0
FINNIFTY12MAR2422500CE.NFO,2024-03-12,14:22:00,2024-03-12,0.05,0.05,0.05,0.05,0,391520,0
FINNIFTY12MAR2422500CE.NFO,2024-03-12,14:23:00,2024-03-12,0.05,0.05,0.05,0.05,0,391520,0
FINNIFTY12MAR2422500CE.NFO,2024-03-12,14:24:00,2024-03-12,0.05,0.05,0.05,0.05,0,391520,0
FINNIFTY12MAR2422500CE.NFO,2024-03-12,14:25:00,2024-03-12,0.05,0.05,0.05,0.05,3280,391520,0
FINNIFTY12MAR2422500CE.NFO,2024-03-12,14:26:00,2024-03-12,0.05,0.05,0.05,0.05,0,391520,0
FINNIFTY12MAR2422500CE.NFO,2024-03-12,14:27:00,2024-03-12,0.05,0.05,0.05,0.05,0,391520,0
FINNIFTY12MAR2422500CE.NFO,2024-03-12,14:28:00,2024-03-12,0.05,0.05,0.05,0.05,0,391520,0
FINNIFTY12MAR2422500CE.NFO,2024-03-12,14:29:00,2024-03-12,0.05,0.05,0.05,0.05,0,391520,0
FINNIFTY12MAR2422500CE.NFO,2024-03-12,14:30:00,2024-03-12,0.05,0.05,0.05,0.05,0,391520,0
FINNIFTY12MAR2422500CE.NFO,2024-03-12,14:31:00,2024-03-12,0.05,0.05,0.05,0.05,0,391520,0
FINNIFTY12MAR2422500CE.NFO,2024-03-12,14:32:00,2024-03-12,0.05,0.05,0.05,0.05,0,391520,0
FINNIFTY12MAR2422500CE.NFO,2024-03-12,14:33:00,2024-03-12,0.05,0.05,0.05,0.05,400,391520,0
FINNIFTY12MAR2422500CE.NFO,2024-03-12,14:34:00,2024-03-12,0.05,0.05,0.05,0.05,0,391520,0
FINNIFTY12MAR2422500CE.NFO,2024-03-12,14:35:00,2024-03-12,0.05,0.05,0.05,0.05,0,391520,0
FINNIFTY12MAR2422500CE.NFO,2024-03-12,14:36:00,2024-03-12,0.05,0.05,0.05,0.05,0,391520,0
FINNIFTY12MAR2422500CE.NFO,2024-03-12,14:37:00,2024-03-12,0.05,0.05,0.05,0.05,0,391520,0
FINNIFTY12MAR2422500CE.NFO,2024-03-12,14:38:00,2024-03-12,0.05,0.05,0.05,0.05,0,391520,0
FINNIFTY12MAR2422500CE.NFO,2024-03-12,14:39:00,2024-03-12,0.05,0.05,0.05,0.05,0,391520,0
FINNIFTY12MAR2422500CE.NFO,2024-03-12,14:40:00,2024-03-12,0.05,0.05,0.05,0.05,0,391520,0
FINNIFTY12MAR2422500CE.NFO,2024-03-12,14:41:00,2024-03-12,0.05,0.05,0.05,0.05,0,391520,0
FINNIFTY12MAR2422500CE.NFO,2024-03-12,14:42:00,2024-03-12,0.05,0.05,0.05,0.05,0,391520,0
FINNIFTY12MAR2422500CE.NFO,2024-03-12,14:43:00,2024-03-12,0.05,0.05,0.05,0.05,0,391520,0
FINNIFTY12MAR2422500CE.NFO,2024-03-12,14:44:00,2024-03-12,0.05,0.05,0.05,0.05,0,391520,0
FINNIFTY12MAR2422500CE.NFO,2024-03-12,14:45:00,2024-03-12,0.05,0.05,0.05,0.05,0,391520,0
FINNIFTY12MAR2422500CE.NFO,2024-03-12,14:46:00,2024-03-12,0.05,0.05,0.05,0.05,0,391520,0
FINNIFTY12MAR2422500CE.NFO,2024-03-12,14:47:00,2024-03-12,0.05,0.05,0.05,0.05,0,391520,0
FINNIFTY12MAR2422500CE.NFO,2024-03-12,14:48:00,2024-03-12,0.05,0.05,0.05,0.05,0,391520,0
FINNIFTY12MAR2422500CE.NFO,2024-03-12,14:49:00,2024-03-12,0.05,0.05,0.05,0.05,0,391520,0
FINNIFTY12MAR2422500CE.NFO,2024-03-12,14:50:00,2024-03-12,0.05,0.05,0.05,0.05,0,391520,0
FINNIFTY12MAR2422500CE.NFO,2024-03-12,14:51:00,2024-03-12,0.05,0.05,0.05,0.05,0,391520,0
FINNIFTY12MAR2422500CE.NFO,2024-03-12,14:52:00,2024-03-12,0.05,0.05,0.05,0.05,80,391520,0
FINNIFTY12MAR2422500CE.NFO,2024-03-12,14:53:00,2024-03-12,0.05,0.05,0.05,0.05,480,391520,0
FINNIFTY12MAR2422500CE.NFO,2024-03-12,14:54:00,2024-03-12,0.05,0.05,0.05,0.05,0,391520,0
FINNIFTY12MAR2422500CE.NFO,2024-03-12,14:55:00,2024-03-12,0.05,0.05,0.05,0.05,800,391040,0
FINNIFTY12MAR2422500CE.NFO,2024-03-12,14:56:00,2024-03-12,0.05,0.05,0.05,0.05,0,391040,0
FINNIFTY12MAR2422500CE.NFO,2024-03-12,14:57:00,2024-03-12,0.05,0.05,0.05,0.05,0,391040,0
FINNIFTY12MAR2422500CE.NFO,2024-03-12,14:58:00,2024-03-12,0.05,0.05,0.05,0.05,0,391040,0
FINNIFTY12MAR2422500CE.NFO,2024-03-12,14:59:00,2024-03-12,0.05,0.05,0.05,0.05,0,391040,0
FINNIFTY12MAR2422500CE.NFO,2024-03-12,15:00:00,2024-03-12,0.05,0.05,0.05,0.05,0,391040,0
FINNIFTY12MAR2422500CE.NFO,2024-03-12,15:01:00,2024-03-12,0.05,0.05,0.05,0.05,0,391040,0
FINNIFTY12MAR2422500CE.NFO,2024-03-12,15:02:00,2024-03-12,0.05,0.05,0.05,0.05,0,391040,0
FINNIFTY12MAR2422500CE.NFO,2024-03-12,15:03:00,2024-03-12,0.05,0.05,0.05,0.05,0,391040,0
FINNIFTY12MAR2422500CE.NFO,2024-03-12,15:04:00,2024-03-12,0.05,0.05,0.05,0.05,0,391040,0
FINNIFTY12MAR2422500CE.NFO,2024-03-12,15:05:00,2024-03-12,0.05,0.05,0.05,0.05,0,391040,0
FINNIFTY12MAR2422500CE.NFO,2024-03-12,15:06:00,2024-03-12,0.05,0.05,0.05,0.05,0,391040,0
FINNIFTY12MAR2422500CE.NFO,2024-03-12,15:07:00,2024-03-12,0.05,0.05,0.05,0.05,0,391040,0
FINNIFTY12MAR2422500CE.NFO,2024-03-12,15:08:00,2024-03-12,0.05,0.05,0.05,0.05,0,391040,0
FINNIFTY12MAR2422500CE.NFO,2024-03-12,15:09:00,2024-03-12,0.05,0.05,0.05,0.05,0,391040,0
FINNIFTY12MAR2422500CE.NFO,2024-03-12,15:10:00,2024-03-12,0.05,0.05,0.05,0.05,0,391040,0
FINNIFTY12MAR2422500CE.NFO,2024-03-12,15:11:00,2024-03-12,0.05,0.05,0.05,0.05,0,391040,0
FINNIFTY12MAR2422500CE.NFO,2024-03-12,15:12:00,2024-03-12,0.05,0.05,0.05,0.05,0,391040,0
FINNIFTY12MAR2422500CE.NFO,2024-03-12,15:13:00,2024-03-12,0.05,0.05,0.05,0.05,0,391040,0
FINNIFTY12MAR2422500CE.NFO,2024-03-12,15:14:00,2024-03-12,0.05,0.05,0.05,0.05,0,391040,0
FINNIFTY12MAR2422500CE.NFO,2024-03-12,15:15:00,2024-03-12,0.05,0.05,0.05,0.05,0,391040,0
FINNIFTY12MAR2422500CE.NFO,2024-03-12,15:16:00,2024-03-12,0.05,0.05,0.05,0.05,0,391040,0
FINNIFTY12MAR2422500CE.NFO,2024-03-12,15:17:00,2024-03-12,0.05,0.05,0.05,0.05,0,391040,0
FINNIFTY12MAR2422500CE.NFO,2024-03-12,15:18:00,2024-03-12,0.05,0.05,0.05,0.05,0,391040,0
FINNIFTY12MAR2422500CE.NFO,2024-03-12,15:19:00,2024-03-12,0.05,0.05,0.05,0.05,80,391040,0
FINNIFTY12MAR2422500CE.NFO,2024-03-12,15:20:00,2024-03-12,0.05,0.05,0.05,0.05,0,391040,0
FINNIFTY12MAR2422500CE.NFO,2024-03-12,15:21:00,2024-03-12,0.05,0.05,0.05,0.05,0,391040,0
FINNIFTY12MAR2422500CE.NFO,2024-03-12,15:22:00,2024-03-12,0.05,0.05,0.05,0.05,0,391040,0
FINNIFTY12MAR2422500CE.NFO,2024-03-12,15:23:00,2024-03-12,0.05,0.05,0.05,0.05,0,391040,0
FINNIFTY12MAR2422500CE.NFO,2024-03-12,15:24:00,2024-03-12,0.05,0.05,0.05,0.05,760,391040,0
FINNIFTY12MAR2422500CE.NFO,2024-03-12,15:25:00,2024-03-12,0.05,0.05,0.05,0.05,1560,391040,0
FINNIFTY12MAR2422500CE.NFO,2024-03-12,15:26:00,2024-03-12,0.05,0.05,0.05,0.05,0,391040,0
FINNIFTY12MAR2422500CE.NFO,2024-03-12,15:27:00,2024-03-12,0.05,0.05,0.05,0.05,0,391040,0
FINNIFTY12MAR2422500CE.NFO,2024-03-12,15:28:00,2024-03-12,0.05,0.05,0.05,0.05,0,391040,0
FINNIFTY12MAR2422500CE.NFO,2024-03-12,15:29:00,2024-03-12,0.05,0.05,0.05,0.05,16160,389480,0
FINNIFTY12MAR2422500CE.NFO,2024-03-12,15:30:00,2024-03-12,0.05,0.05,0.05,0.05,16160,389480,1
