Ticker,Date,Time,Expiry Date,Open,High,Low,Close,Volume,Open Interest,Padding Flag
FINNIFTY09APR2422550CE.NFO,2024-04-05,09:15:00,2024-04-09,0.85,0.85,0.85,0.85,0,0,0
FINNIFTY09APR2422550CE.NFO,2024-04-05,09:16:00,2024-04-09,0.85,0.85,0.85,0.85,0,0,1
FINNIFTY09APR2422550CE.NFO,2024-04-05,09:17:00,2024-04-09,0.85,0.85,0.85,0.85,0,0,1
FINNIFTY09APR2422550CE.NFO,2024-04-05,09:18:00,2024-04-09,0.85,1.0,0.85,0.9,1480,560,0
FINNIFTY09APR2422550CE.NFO,2024-04-05,09:19:00,2024-04-09,0.9,0.9,0.8,0.85,1600,560,0
FINNIFTY09APR2422550CE.NFO,2024-04-05,09:20:00,2024-04-09,0.85,0.9,0.85,0.9,120,560,0
FINNIFTY09APR2422550CE.NFO,2024-04-05,09:21:00,2024-04-09,0.8,0.8,0.7,0.7,1600,3920,0
FINNIFTY09APR2422550CE.NFO,2024-04-05,09:22:00,2024-04-09,0.7,0.75,0.7,0.75,80,3920,0
FINNIFTY09APR2422550CE.NFO,2024-04-05,09:23:00,2024-04-09,0.75,0.8,0.65,0.8,1400,3920,0
FINNIFTY09APR2422550CE.NFO,2024-04-05,09:24:00,2024-04-09,0.8,0.8,0.8,0.8,0,3920,0
FINNIFTY09APR2422550CE.NFO,2024-04-05,09:25:00,2024-04-09,0.8,0.8,0.8,0.8,0,3920,0
FINNIFTY09APR2422550CE.NFO,2024-04-05,09:26:00,2024-04-09,0.8,0.8,0.75,0.8,520,5040,0
FINNIFTY09APR2422550CE.NFO,2024-04-05,09:27:00,2024-04-09,0.8,0.8,0.8,0.8,0,5040,0
FINNIFTY09APR2422550CE.NFO,2024-04-05,09:28:00,2024-04-09,0.8,0.8,0.75,0.75,280,5320,0
FINNIFTY09APR2422550CE.NFO,2024-04-05,09:29:00,2024-04-09,0.75,0.85,0.75,0.85,13200,5320,0
FINNIFTY09APR2422550CE.NFO,2024-04-05,09:30:00,2024-04-09,0.85,0.85,0.75,0.75,200,5320,0
FINNIFTY09APR2422550CE.NFO,2024-04-05,09:31:00,2024-04-09,0.75,0.8,0.75,0.75,240,17400,0
FINNIFTY09APR2422550CE.NFO,2024-04-05,09:32:00,2024-04-09,0.75,0.8,0.75,0.8,1200,17400,0
FINNIFTY09APR2422550CE.NFO,2024-04-05,09:33:00,2024-04-09,0.8,0.8,0.8,0.8,240,17400,0
FINNIFTY09APR2422550CE.NFO,2024-04-05,09:34:00,2024-04-09,0.8,0.8,0.8,0.8,0,17400,0
FINNIFTY09APR2422550CE.NFO,2024-04-05,09:35:00,2024-04-09,0.8,0.85,0.8,0.8,120,17600,0
FINNIFTY09APR2422550CE.NFO,2024-04-05,09:36:00,2024-04-09,0.8,0.8,0.8,0.8,120,17600,0
FINNIFTY09APR2422550CE.NFO,2024-04-05,09:37:00,2024-04-09,0.8,0.8,0.8,0.8,0,17600,0
FINNIFTY09APR2422550CE.NFO,2024-04-05,09:38:00,2024-04-09,0.8,0.85,0.75,0.8,2160,17440,0
FINNIFTY09APR2422550CE.NFO,2024-04-05,09:39:00,2024-04-09,0.8,0.8,0.75,0.8,120,19080,0
FINNIFTY09APR2422550CE.NFO,2024-04-05,09:40:00,2024-04-09,0.8,0.8,0.8,0.8,0,19080,0
FINNIFTY09APR2422550CE.NFO,2024-04-05,09:41:00,2024-04-09,0.8,0.8,0.8,0.8,0,19080,0
FINNIFTY09APR2422550CE.NFO,2024-04-05,09:42:00,2024-04-09,0.75,0.8,0.75,0.8,320,19040,0
FINNIFTY09APR2422550CE.NFO,2024-04-05,09:43:00,2024-04-09,0.8,0.8,0.8,0.8,0,19040,0
FINNIFTY09APR2422550CE.NFO,2024-04-05,09:44:00,2024-04-09,0.8,0.8,0.8,0.8,280,19040,0
FINNIFTY09APR2422550CE.NFO,2024-04-05,09:45:00,2024-04-09,0.8,0.8,0.8,0.8,1160,19040,0
FINNIFTY09APR2422550CE.NFO,2024-04-05,09:46:00,2024-04-09,0.8,0.8,0.8,0.8,240,19040,0
FINNIFTY09APR2422550CE.NFO,2024-04-05,09:47:00,2024-04-09,0.8,0.8,0.75,0.75,120,19040,0
FINNIFTY09APR2422550CE.NFO,2024-04-05,09:48:00,2024-04-09,0.75,0.85,0.75,0.75,3760,19040,0
FINNIFTY09APR2422550CE.NFO,2024-04-05,09:49:00,2024-04-09,0.75,0.75,0.75,0.75,0,19040,0
FINNIFTY09APR2422550CE.NFO,2024-04-05,09:50:00,2024-04-09,0.75,0.75,0.75,0.75,0,19040,0
FINNIFTY09APR2422550CE.NFO,2024-04-05,09:51:00,2024-04-09,0.75,0.75,0.75,0.75,0,19040,0
FINNIFTY09APR2422550CE.NFO,2024-04-05,09:52:00,2024-04-09,0.75,0.75,0.75,0.75,0,19040,0
FINNIFTY09APR2422550CE.NFO,2024-04-05,09:53:00,2024-04-09,0.75,0.75,0.75,0.75,0,19040,1
FINNIFTY09APR2422550CE.NFO,2024-04-05,09:54:00,2024-04-09,0.75,0.75,0.75,0.75,0,19040,0
FINNIFTY09APR2422550CE.NFO,2024-04-05,09:55:00,2024-04-09,0.75,0.75,0.75,0.75,0,19040,0
FINNIFTY09APR2422550CE.NFO,2024-04-05,09:56:00,2024-04-09,0.75,0.85,0.75,0.8,4280,22360,0
FINNIFTY09APR2422550CE.NFO,2024-04-05,09:57:00,2024-04-09,0.8,0.85,0.8,0.8,4960,22360,0
FINNIFTY09APR2422550CE.NFO,2024-04-05,09:58:00,2024-04-09,0.8,0.85,0.8,0.8,4520,27600,0
FINNIFTY09APR2422550CE.NFO,2024-04-05,09:59:00,2024-04-09,0.8,0.8,0.8,0.8,360,27600,0
FINNIFTY09APR2422550CE.NFO,2024-04-05,10:00:00,2024-04-09,0.85,0.85,0.8,0.85,1080,27600,0
FINNIFTY09APR2422550CE.NFO,2024-04-05,10:01:00,2024-04-09,0.85,0.85,0.8,0.8,160,31680,0
FINNIFTY09APR2422550CE.NFO,2024-04-05,10:02:00,2024-04-09,0.8,0.85,0.8,0.85,800,31680,0
FINNIFTY09APR2422550CE.NFO,2024-04-05,10:03:00,2024-04-09,0.85,0.85,0.75,0.75,2720,31680,0
FINNIFTY09APR2422550CE.NFO,2024-04-05,10:04:00,2024-04-09,0.75,0.75,0.75,0.75,0,31680,0
FINNIFTY09APR2422550CE.NFO,2024-04-05,10:05:00,2024-04-09,0.75,0.85,0.75,0.8,800,31680,0
FINNIFTY09APR2422550CE.NFO,2024-04-05,10:06:00,2024-04-09,0.8,0.8,0.8,0.8,0,31680,0
FINNIFTY09APR2422550CE.NFO,2024-04-05,10:07:00,2024-04-09,0.8,0.8,0.7,0.7,80,31840,0
FINNIFTY09APR2422550CE.NFO,2024-04-05,10:08:00,2024-04-09,0.7,0.75,0.7,0.7,280,31840,0
FINNIFTY09APR2422550CE.NFO,2024-04-05,10:09:00,2024-04-09,0.7,0.7,0.7,0.7,0,31840,0
FINNIFTY09APR2422550CE.NFO,2024-04-05,10:10:00,2024-04-09,0.7,0.7,0.7,0.7,0,31840,0
FINNIFTY09APR2422550CE.NFO,2024-04-05,10:11:00,2024-04-09,0.7,0.7,0.7,0.7,0,31840,0
FINNIFTY09APR2422550CE.NFO,2024-04-05,10:12:00,2024-04-09,0.7,0.7,0.7,0.7,0,31840,0
FINNIFTY09APR2422550CE.NFO,2024-04-05,10:13:00,2024-04-09,0.7,0.7,0.7,0.7,0,31840,0
FINNIFTY09APR2422550CE.NFO,2024-04-05,10:14:00,2024-04-09,0.7,0.7,0.7,0.7,0,31840,0
FINNIFTY09APR2422550CE.NFO,2024-04-05,10:15:00,2024-04-09,0.7,0.7,0.7,0.7,0,31840,0
FINNIFTY09APR2422550CE.NFO,2024-04-05,10:16:00,2024-04-09,0.7,0.7,0.7,0.7,0,31840,0
FINNIFTY09APR2422550CE.NFO,2024-04-05,10:17:00,2024-04-09,0.7,0.7,0.7,0.7,0,31840,0
FINNIFTY09APR2422550CE.NFO,2024-04-05,10:18:00,2024-04-09,0.7,0.7,0.7,0.7,0,31840,0
FINNIFTY09APR2422550CE.NFO,2024-04-05,10:19:00,2024-04-09,0.75,0.75,0.75,0.75,3560,31880,0
FINNIFTY09APR2422550CE.NFO,2024-04-05,10:20:00,2024-04-09,0.75,0.75,0.75,0.75,0,31880,0
FINNIFTY09APR2422550CE.NFO,2024-04-05,10:21:00,2024-04-09,0.75,0.8,0.75,0.8,240,31880,0
FINNIFTY09APR2422550CE.NFO,2024-04-05,10:22:00,2024-04-09,0.8,0.8,0.8,0.8,240,31880,1
FINNIFTY09APR2422550CE.NFO,2024-04-05,10:23:00,2024-04-09,0.8,0.8,0.75,0.8,80,35320,0
FINNIFTY09APR2422550CE.NFO,2024-04-05,10:24:00,2024-04-09,0.8,0.8,0.7,0.7,200,35320,0
FINNIFTY09APR2422550CE.NFO,2024-04-05,10:25:00,2024-04-09,0.7,0.8,0.7,0.75,440,35240,0
FINNIFTY09APR2422550CE.NFO,2024-04-05,10:26:00,2024-04-09,0.75,0.8,0.75,0.8,440,35240,0
FINNIFTY09APR2422550CE.NFO,2024-04-05,10:27:00,2024-04-09,0.8,0.8,0.75,0.75,240,35720,0
FINNIFTY09APR2422550CE.NFO,2024-04-05,10:28:00,2024-04-09,0.75,0.75,0.75,0.75,40,35720,0
FINNIFTY09APR2422550CE.NFO,2024-04-05,10:29:00,2024-04-09,0.75,0.75,0.7,0.7,40,35720,0
FINNIFTY09APR2422550CE.NFO,2024-04-05,10:30:00,2024-04-09,0.7,0.7,0.7,0.7,0,35720,0
FINNIFTY09APR2422550CE.NFO,2024-04-05,10:31:00,2024-04-09,0.7,0.7,0.7,0.7,40,35800,0
FINNIFTY09APR2422550CE.NFO,2024-04-05,10:32:00,2024-04-09,0.7,0.7,0.7,0.7,0,35800,0
FINNIFTY09APR2422550CE.NFO,2024-04-05,10:33:00,2024-04-09,0.7,0.7,0.7,0.7,0,35800,0
FINNIFTY09APR2422550CE.NFO,2024-04-05,10:34:00,2024-04-09,0.7,0.7,0.7,0.7,0,35800,1
FINNIFTY09APR2422550CE.NFO,2024-04-05,10:35:00,2024-04-09,0.7,0.7,0.7,0.7,0,35800,0
FINNIFTY09APR2422550CE.NFO,2024-04-05,10:36:00,2024-04-09,0.7,0.7,0.7,0.7,0,35800,1
FINNIFTY09APR2422550CE.NFO,2024-04-05,10:37:00,2024-04-09,0.7,0.7,0.7,0.7,0,35800,1
FINNIFTY09APR2422550CE.NFO,2024-04-05,10:38:00,2024-04-09,0.7,0.7,0.7,0.7,0,35800,1
FINNIFTY09APR2422550CE.NFO,2024-04-05,10:39:00,2024-04-09,0.7,0.7,0.7,0.7,0,35800,1
FINNIFTY09APR2422550CE.NFO,2024-04-05,10:40:00,2024-04-09,0.7,0.7,0.7,0.7,0,35800,1
FINNIFTY09APR2422550CE.NFO,2024-04-05,10:41:00,2024-04-09,0.7,0.7,0.7,0.7,0,35800,0
FINNIFTY09APR2422550CE.NFO,2024-04-05,10:42:00,2024-04-09,0.7,0.7,0.7,0.7,0,35800,1
FINNIFTY09APR2422550CE.NFO,2024-04-05,10:43:00,2024-04-09,0.7,0.7,0.7,0.7,0,35800,1
FINNIFTY09APR2422550CE.NFO,2024-04-05,10:44:00,2024-04-09,0.7,0.7,0.4,0.7,12960,35800,0
FINNIFTY09APR2422550CE.NFO,2024-04-05,10:45:00,2024-04-09,0.7,0.7,0.65,0.65,8600,31640,0
FINNIFTY09APR2422550CE.NFO,2024-04-05,10:46:00,2024-04-09,0.65,0.7,0.65,0.7,120,31640,0
FINNIFTY09APR2422550CE.NFO,2024-04-05,10:47:00,2024-04-09,0.7,0.7,0.7,0.7,120,31640,1
FINNIFTY09APR2422550CE.NFO,2024-04-05,10:48:00,2024-04-09,0.7,0.7,0.7,0.7,120,31640,1
FINNIFTY09APR2422550CE.NFO,2024-04-05,10:49:00,2024-04-09,0.7,0.7,0.7,0.7,80,25000,0
FINNIFTY09APR2422550CE.NFO,2024-04-05,10:50:00,2024-04-09,0.7,0.7,0.7,0.7,80,25000,1
FINNIFTY09APR2422550CE.NFO,2024-04-05,10:51:00,2024-04-09,0.7,0.7,0.7,0.7,0,25000,0
FINNIFTY09APR2422550CE.NFO,2024-04-05,10:52:00,2024-04-09,0.7,0.7,0.65,0.65,40,25080,0
FINNIFTY09APR2422550CE.NFO,2024-04-05,10:53:00,2024-04-09,0.65,0.65,0.65,0.65,240,25080,0
FINNIFTY09APR2422550CE.NFO,2024-04-05,10:54:00,2024-04-09,0.65,0.65,0.65,0.65,0,25080,0
FINNIFTY09APR2422550CE.NFO,2024-04-05,10:55:00,2024-04-09,0.65,0.65,0.65,0.65,0,25080,1
FINNIFTY09APR2422550CE.NFO,2024-04-05,10:56:00,2024-04-09,0.65,0.65,0.65,0.65,0,25080,0
FINNIFTY09APR2422550CE.NFO,2024-04-05,10:57:00,2024-04-09,0.65,0.65,0.65,0.65,0,25080,0
FINNIFTY09APR2422550CE.NFO,2024-04-05,10:58:00,2024-04-09,0.65,0.65,0.65,0.65,0,25080,0
FINNIFTY09APR2422550CE.NFO,2024-04-05,10:59:00,2024-04-09,0.7,0.7,0.7,0.7,880,24800,0
FINNIFTY09APR2422550CE.NFO,2024-04-05,11:00:00,2024-04-09,0.7,0.75,0.7,0.75,840,24800,0
FINNIFTY09APR2422550CE.NFO,2024-04-05,11:01:00,2024-04-09,0.75,0.75,0.65,0.7,360,26520,0
FINNIFTY09APR2422550CE.NFO,2024-04-05,11:02:00,2024-04-09,0.7,0.7,0.7,0.7,0,26520,0
FINNIFTY09APR2422550CE.NFO,2024-04-05,11:03:00,2024-04-09,0.7,0.7,0.7,0.7,0,26520,1
FINNIFTY09APR2422550CE.NFO,2024-04-05,11:04:00,2024-04-09,0.7,0.7,0.7,0.7,720,26320,0
FINNIFTY09APR2422550CE.NFO,2024-04-05,11:05:00,2024-04-09,0.7,0.7,0.7,0.7,720,26320,1
FINNIFTY09APR2422550CE.NFO,2024-04-05,11:06:00,2024-04-09,0.7,0.7,0.7,0.7,80,26320,0
FINNIFTY09APR2422550CE.NFO,2024-04-05,11:07:00,2024-04-09,0.7,0.7,0.7,0.7,80,26320,1
FINNIFTY09APR2422550CE.NFO,2024-04-05,11:08:00,2024-04-09,0.7,0.7,0.7,0.7,0,26320,0
FINNIFTY09APR2422550CE.NFO,2024-04-05,11:09:00,2024-04-09,0.65,0.65,0.65,0.65,720,26360,0
FINNIFTY09APR2422550CE.NFO,2024-04-05,11:10:00,2024-04-09,0.65,0.65,0.65,0.65,40,26800,0
FINNIFTY09APR2422550CE.NFO,2024-04-05,11:11:00,2024-04-09,0.65,0.65,0.65,0.65,0,26800,0
FINNIFTY09APR2422550CE.NFO,2024-04-05,11:12:00,2024-04-09,0.65,0.75,0.65,0.75,3200,26800,0
FINNIFTY09APR2422550CE.NFO,2024-04-05,11:13:00,2024-04-09,0.75,0.75,0.75,0.75,0,26800,0
FINNIFTY09APR2422550CE.NFO,2024-04-05,11:14:00,2024-04-09,0.75,0.75,0.7,0.7,1200,29960,0
FINNIFTY09APR2422550CE.NFO,2024-04-05,11:15:00,2024-04-09,0.7,0.7,0.7,0.7,0,29960,0
FINNIFTY09APR2422550CE.NFO,2024-04-05,11:16:00,2024-04-09,0.65,0.65,0.65,0.65,40,30800,0
FINNIFTY09APR2422550CE.NFO,2024-04-05,11:17:00,2024-04-09,0.65,0.65,0.65,0.65,40,30800,1
FINNIFTY09APR2422550CE.NFO,2024-04-05,11:18:00,2024-04-09,0.65,0.65,0.65,0.65,0,30800,0
FINNIFTY09APR2422550CE.NFO,2024-04-05,11:19:00,2024-04-09,0.65,0.65,0.65,0.65,0,30800,0
FINNIFTY09APR2422550CE.NFO,2024-04-05,11:20:00,2024-04-09,0.65,0.65,0.65,0.65,120,30760,0
FINNIFTY09APR2422550CE.NFO,2024-04-05,11:21:00,2024-04-09,0.65,0.65,0.65,0.65,680,30760,0
FINNIFTY09APR2422550CE.NFO,2024-04-05,11:22:00,2024-04-09,0.65,0.7,0.65,0.7,3320,29960,0
FINNIFTY09APR2422550CE.NFO,2024-04-05,11:23:00,2024-04-09,0.7,0.7,0.65,0.65,240,29960,0
FINNIFTY09APR2422550CE.NFO,2024-04-05,11:24:00,2024-04-09,0.65,0.7,0.65,0.7,2000,29960,0
FINNIFTY09APR2422550CE.NFO,2024-04-05,11:25:00,2024-04-09,0.7,0.7,0.7,0.7,0,29960,0
FINNIFTY09APR2422550CE.NFO,2024-04-05,11:26:00,2024-04-09,0.7,0.7,0.65,0.65,200,34920,0
FINNIFTY09APR2422550CE.NFO,2024-04-05,11:27:00,2024-04-09,0.65,0.65,0.6,0.6,560,34920,0
FINNIFTY09APR2422550CE.NFO,2024-04-05,11:28:00,2024-04-09,0.6,0.6,0.6,0.6,40,34160,0
FINNIFTY09APR2422550CE.NFO,2024-04-05,11:29:00,2024-04-09,0.6,0.6,0.6,0.6,0,34160,0
FINNIFTY09APR2422550CE.NFO,2024-04-05,11:30:00,2024-04-09,0.6,0.6,0.6,0.6,0,34160,0
FINNIFTY09APR2422550CE.NFO,2024-04-05,11:31:00,2024-04-09,0.6,0.6,0.6,0.6,0,34160,1
FINNIFTY09APR2422550CE.NFO,2024-04-05,11:32:00,2024-04-09,0.6,0.6,0.6,0.6,0,34160,1
FINNIFTY09APR2422550CE.NFO,2024-04-05,11:33:00,2024-04-09,0.6,0.6,0.6,0.6,0,34160,1
FINNIFTY09APR2422550CE.NFO,2024-04-05,11:34:00,2024-04-09,0.6,0.6,0.6,0.6,0,34160,0
FINNIFTY09APR2422550CE.NFO,2024-04-05,11:35:00,2024-04-09,0.6,0.6,0.6,0.6,0,34160,0
FINNIFTY09APR2422550CE.NFO,2024-04-05,11:36:00,2024-04-09,0.6,0.6,0.6,0.6,0,34160,0
FINNIFTY09APR2422550CE.NFO,2024-04-05,11:37:00,2024-04-09,0.6,0.6,0.6,0.6,0,34160,0
FINNIFTY09APR2422550CE.NFO,2024-04-05,11:38:00,2024-04-09,0.6,0.65,0.6,0.6,80,34120,0
FINNIFTY09APR2422550CE.NFO,2024-04-05,11:39:00,2024-04-09,0.6,0.6,0.6,0.6,0,34120,0
FINNIFTY09APR2422550CE.NFO,2024-04-05,11:40:00,2024-04-09,0.6,0.6,0.6,0.6,0,34120,1
FINNIFTY09APR2422550CE.NFO,2024-04-05,11:41:00,2024-04-09,0.6,0.6,0.6,0.6,800,34120,0
FINNIFTY09APR2422550CE.NFO,2024-04-05,11:42:00,2024-04-09,0.6,0.6,0.6,0.6,360,34120,0
FINNIFTY09APR2422550CE.NFO,2024-04-05,11:43:00,2024-04-09,0.6,0.6,0.6,0.6,360,34120,1
FINNIFTY09APR2422550CE.NFO,2024-04-05,11:44:00,2024-04-09,0.6,0.6,0.6,0.6,360,34120,1
FINNIFTY09APR2422550CE.NFO,2024-04-05,11:45:00,2024-04-09,0.6,0.6,0.6,0.6,360,34120,1
FINNIFTY09APR2422550CE.NFO,2024-04-05,11:46:00,2024-04-09,0.6,0.6,0.6,0.6,0,34120,0
FINNIFTY09APR2422550CE.NFO,2024-04-05,11:47:00,2024-04-09,0.6,0.6,0.6,0.6,0,34120,0
FINNIFTY09APR2422550CE.NFO,2024-04-05,11:48:00,2024-04-09,0.6,0.6,0.6,0.6,0,34120,0
FINNIFTY09APR2422550CE.NFO,2024-04-05,11:49:00,2024-04-09,0.6,0.6,0.6,0.6,160,33880,0
FINNIFTY09APR2422550CE.NFO,2024-04-05,11:50:00,2024-04-09,0.6,0.6,0.6,0.6,160,33880,1
FINNIFTY09APR2422550CE.NFO,2024-04-05,11:51:00,2024-04-09,0.6,0.6,0.6,0.6,0,33880,0
FINNIFTY09APR2422550CE.NFO,2024-04-05,11:52:00,2024-04-09,0.6,0.6,0.6,0.6,0,33880,0
FINNIFTY09APR2422550CE.NFO,2024-04-05,11:53:00,2024-04-09,0.6,0.6,0.6,0.6,160,33720,0
FINNIFTY09APR2422550CE.NFO,2024-04-05,11:54:00,2024-04-09,0.6,0.65,0.6,0.65,120,33720,0
FINNIFTY09APR2422550CE.NFO,2024-04-05,11:55:00,2024-04-09,0.65,0.7,0.6,0.65,4160,33680,0
FINNIFTY09APR2422550CE.NFO,2024-04-05,11:56:00,2024-04-09,0.65,0.7,0.65,0.7,200,33680,0
FINNIFTY09APR2422550CE.NFO,2024-04-05,11:57:00,2024-04-09,0.7,0.7,0.6,0.65,2000,33680,0
FINNIFTY09APR2422550CE.NFO,2024-04-05,11:58:00,2024-04-09,0.65,0.65,0.65,0.65,0,33680,0
FINNIFTY09APR2422550CE.NFO,2024-04-05,11:59:00,2024-04-09,0.65,0.65,0.65,0.65,0,33680,0
FINNIFTY09APR2422550CE.NFO,2024-04-05,12:00:00,2024-04-09,0.65,0.65,0.65,0.65,0,33680,0
FINNIFTY09APR2422550CE.NFO,2024-04-05,12:01:00,2024-04-09,0.65,0.65,0.65,0.65,0,33680,0
FINNIFTY09APR2422550CE.NFO,2024-04-05,12:02:00,2024-04-09,0.65,0.65,0.65,0.65,0,33680,0
FINNIFTY09APR2422550CE.NFO,2024-04-05,12:03:00,2024-04-09,0.65,0.65,0.65,0.65,0,33680,1
FINNIFTY09APR2422550CE.NFO,2024-04-05,12:04:00,2024-04-09,0.65,0.65,0.65,0.65,0,33680,1
FINNIFTY09APR2422550CE.NFO,2024-04-05,12:05:00,2024-04-09,0.65,0.65,0.65,0.65,0,33680,1
FINNIFTY09APR2422550CE.NFO,2024-04-05,12:06:00,2024-04-09,0.65,0.65,0.65,0.65,0,33680,1
FINNIFTY09APR2422550CE.NFO,2024-04-05,12:07:00,2024-04-09,0.65,0.65,0.65,0.65,0,33680,0
FINNIFTY09APR2422550CE.NFO,2024-04-05,12:08:00,2024-04-09,0.65,0.65,0.65,0.65,0,33680,0
FINNIFTY09APR2422550CE.NFO,2024-04-05,12:09:00,2024-04-09,0.7,0.7,0.65,0.65,520,34360,0
FINNIFTY09APR2422550CE.NFO,2024-04-05,12:10:00,2024-04-09,0.65,0.65,0.65,0.65,120,34920,0
FINNIFTY09APR2422550CE.NFO,2024-04-05,12:11:00,2024-04-09,0.65,0.65,0.65,0.65,0,34920,0
FINNIFTY09APR2422550CE.NFO,2024-04-05,12:12:00,2024-04-09,0.65,0.65,0.65,0.65,0,34920,0
FINNIFTY09APR2422550CE.NFO,2024-04-05,12:13:00,2024-04-09,0.65,0.65,0.65,0.65,0,34920,0
FINNIFTY09APR2422550CE.NFO,2024-04-05,12:14:00,2024-04-09,0.65,0.65,0.65,0.65,0,34920,0
FINNIFTY09APR2422550CE.NFO,2024-04-05,12:15:00,2024-04-09,0.65,0.75,0.65,0.65,3360,34920,0
FINNIFTY09APR2422550CE.NFO,2024-04-05,12:16:00,2024-04-09,0.65,0.65,0.65,0.65,240,37320,0
FINNIFTY09APR2422550CE.NFO,2024-04-05,12:17:00,2024-04-09,0.65,0.65,0.65,0.65,0,37320,0
FINNIFTY09APR2422550CE.NFO,2024-04-05,12:18:00,2024-04-09,0.65,0.65,0.65,0.65,0,37320,1
FINNIFTY09APR2422550CE.NFO,2024-04-05,12:19:00,2024-04-09,0.65,0.65,0.65,0.65,0,37320,1
FINNIFTY09APR2422550CE.NFO,2024-04-05,12:20:00,2024-04-09,0.65,0.65,0.65,0.65,0,37320,1
FINNIFTY09APR2422550CE.NFO,2024-04-05,12:21:00,2024-04-09,0.65,0.65,0.65,0.65,600,37080,0
FINNIFTY09APR2422550CE.NFO,2024-04-05,12:22:00,2024-04-09,0.65,0.65,0.65,0.65,0,37080,0
FINNIFTY09APR2422550CE.NFO,2024-04-05,12:23:00,2024-04-09,0.65,0.65,0.65,0.65,0,37080,0
FINNIFTY09APR2422550CE.NFO,2024-04-05,12:24:00,2024-04-09,0.65,0.65,0.65,0.65,0,37080,0
FINNIFTY09APR2422550CE.NFO,2024-04-05,12:25:00,2024-04-09,0.65,0.65,0.65,0.65,0,37080,1
FINNIFTY09APR2422550CE.NFO,2024-04-05,12:26:00,2024-04-09,0.65,0.65,0.65,0.65,0,37080,0
FINNIFTY09APR2422550CE.NFO,2024-04-05,12:27:00,2024-04-09,0.65,0.65,0.65,0.65,0,37080,1
FINNIFTY09APR2422550CE.NFO,2024-04-05,12:28:00,2024-04-09,0.65,0.65,0.65,0.65,0,36480,0
FINNIFTY09APR2422550CE.NFO,2024-04-05,12:29:00,2024-04-09,0.65,0.65,0.65,0.65,0,36480,0
FINNIFTY09APR2422550CE.NFO,2024-04-05,12:30:00,2024-04-09,0.65,0.65,0.65,0.65,0,36480,0
FINNIFTY09APR2422550CE.NFO,2024-04-05,12:31:00,2024-04-09,0.65,0.65,0.65,0.65,0,36480,0
FINNIFTY09APR2422550CE.NFO,2024-04-05,12:32:00,2024-04-09,0.65,0.65,0.65,0.65,0,36480,1
FINNIFTY09APR2422550CE.NFO,2024-04-05,12:33:00,2024-04-09,0.65,0.65,0.65,0.65,0,36480,0
FINNIFTY09APR2422550CE.NFO,2024-04-05,12:34:00,2024-04-09,0.65,0.65,0.65,0.65,0,36480,0
FINNIFTY09APR2422550CE.NFO,2024-04-05,12:35:00,2024-04-09,0.65,0.65,0.65,0.65,0,36480,0
FINNIFTY09APR2422550CE.NFO,2024-04-05,12:36:00,2024-04-09,0.65,0.65,0.65,0.65,0,36480,0
FINNIFTY09APR2422550CE.NFO,2024-04-05,12:37:00,2024-04-09,0.65,0.65,0.65,0.65,0,36480,0
FINNIFTY09APR2422550CE.NFO,2024-04-05,12:38:00,2024-04-09,0.65,0.65,0.65,0.65,0,36480,0
FINNIFTY09APR2422550CE.NFO,2024-04-05,12:39:00,2024-04-09,0.65,0.65,0.65,0.65,0,36480,1
FINNIFTY09APR2422550CE.NFO,2024-04-05,12:40:00,2024-04-09,0.65,0.65,0.65,0.65,0,36480,1
FINNIFTY09APR2422550CE.NFO,2024-04-05,12:41:00,2024-04-09,0.65,0.65,0.65,0.65,0,36480,0
FINNIFTY09APR2422550CE.NFO,2024-04-05,12:42:00,2024-04-09,0.65,0.65,0.6,0.65,360,35440,0
FINNIFTY09APR2422550CE.NFO,2024-04-05,12:43:00,2024-04-09,0.65,0.65,0.65,0.65,0,35440,0
FINNIFTY09APR2422550CE.NFO,2024-04-05,12:44:00,2024-04-09,0.65,0.65,0.65,0.65,40,35520,0
FINNIFTY09APR2422550CE.NFO,2024-04-05,12:45:00,2024-04-09,0.6,0.6,0.6,0.6,840,35520,0
FINNIFTY09APR2422550CE.NFO,2024-04-05,12:46:00,2024-04-09,0.6,0.6,0.55,0.55,2080,36080,0
FINNIFTY09APR2422550CE.NFO,2024-04-05,12:47:00,2024-04-09,0.55,0.55,0.55,0.55,0,36080,0
FINNIFTY09APR2422550CE.NFO,2024-04-05,12:48:00,2024-04-09,0.55,0.55,0.55,0.55,0,36080,0
FINNIFTY09APR2422550CE.NFO,2024-04-05,12:49:00,2024-04-09,0.55,0.55,0.55,0.55,1720,37040,0
FINNIFTY09APR2422550CE.NFO,2024-04-05,12:50:00,2024-04-09,0.55,0.55,0.55,0.55,440,37040,0
FINNIFTY09APR2422550CE.NFO,2024-04-05,12:51:00,2024-04-09,0.55,0.55,0.55,0.55,200,37040,0
FINNIFTY09APR2422550CE.NFO,2024-04-05,12:52:00,2024-04-09,0.55,0.55,0.55,0.55,0,37040,0
FINNIFTY09APR2422550CE.NFO,2024-04-05,12:53:00,2024-04-09,0.55,0.55,0.55,0.55,0,37040,0
FINNIFTY09APR2422550CE.NFO,2024-04-05,12:54:00,2024-04-09,0.55,0.55,0.55,0.55,280,37000,0
FINNIFTY09APR2422550CE.NFO,2024-04-05,12:55:00,2024-04-09,0.55,0.55,0.55,0.55,280,37000,1
FINNIFTY09APR2422550CE.NFO,2024-04-05,12:56:00,2024-04-09,0.55,0.55,0.55,0.55,280,37000,1
FINNIFTY09APR2422550CE.NFO,2024-04-05,12:57:00,2024-04-09,0.55,0.55,0.55,0.55,0,37000,0
FINNIFTY09APR2422550CE.NFO,2024-04-05,12:58:00,2024-04-09,0.55,0.55,0.55,0.55,0,37000,0
FINNIFTY09APR2422550CE.NFO,2024-04-05,12:59:00,2024-04-09,0.55,0.55,0.55,0.55,0,37000,0
FINNIFTY09APR2422550CE.NFO,2024-04-05,13:00:00,2024-04-09,0.55,0.55,0.55,0.55,0,37000,0
FINNIFTY09APR2422550CE.NFO,2024-04-05,13:01:00,2024-04-09,0.55,0.55,0.55,0.55,0,37000,0
FINNIFTY09APR2422550CE.NFO,2024-04-05,13:02:00,2024-04-09,0.55,0.55,0.55,0.55,480,37000,0
FINNIFTY09APR2422550CE.NFO,2024-04-05,13:03:00,2024-04-09,0.55,0.55,0.55,0.55,0,37000,0
FINNIFTY09APR2422550CE.NFO,2024-04-05,13:04:00,2024-04-09,0.55,0.55,0.55,0.55,0,37000,1
FINNIFTY09APR2422550CE.NFO,2024-04-05,13:05:00,2024-04-09,0.55,0.55,0.55,0.55,0,37000,1
FINNIFTY09APR2422550CE.NFO,2024-04-05,13:06:00,2024-04-09,0.55,0.55,0.55,0.55,360,37200,0
FINNIFTY09APR2422550CE.NFO,2024-04-05,13:07:00,2024-04-09,0.55,0.55,0.55,0.55,0,37200,0
FINNIFTY09APR2422550CE.NFO,2024-04-05,13:08:00,2024-04-09,0.55,0.55,0.55,0.55,0,37200,0
FINNIFTY09APR2422550CE.NFO,2024-04-05,13:09:00,2024-04-09,0.55,0.55,0.55,0.55,800,37080,0
FINNIFTY09APR2422550CE.NFO,2024-04-05,13:10:00,2024-04-09,0.55,0.55,0.55,0.55,0,37080,0
FINNIFTY09APR2422550CE.NFO,2024-04-05,13:11:00,2024-04-09,0.55,0.55,0.55,0.55,80,37080,0
FINNIFTY09APR2422550CE.NFO,2024-04-05,13:12:00,2024-04-09,0.55,0.55,0.55,0.55,80,37080,0
FINNIFTY09APR2422550CE.NFO,2024-04-05,13:13:00,2024-04-09,0.55,0.55,0.55,0.55,120,37320,0
FINNIFTY09APR2422550CE.NFO,2024-04-05,13:14:00,2024-04-09,0.55,0.55,0.55,0.55,40,37320,0
FINNIFTY09APR2422550CE.NFO,2024-04-05,13:15:00,2024-04-09,0.55,0.55,0.55,0.55,80,37320,0
FINNIFTY09APR2422550CE.NFO,2024-04-05,13:16:00,2024-04-09,0.55,0.55,0.55,0.55,80,37320,1
FINNIFTY09APR2422550CE.NFO,2024-04-05,13:17:00,2024-04-09,0.55,0.55,0.55,0.55,80,37600,0
FINNIFTY09APR2422550CE.NFO,2024-04-05,13:18:00,2024-04-09,0.55,0.55,0.55,0.55,80,37600,1
FINNIFTY09APR2422550CE.NFO,2024-04-05,13:19:00,2024-04-09,0.55,0.55,0.55,0.55,0,37600,0
FINNIFTY09APR2422550CE.NFO,2024-04-05,13:20:00,2024-04-09,0.55,0.6,0.55,0.55,1680,37680,0
FINNIFTY09APR2422550CE.NFO,2024-04-05,13:21:00,2024-04-09,0.55,0.55,0.55,0.55,80,37680,0
FINNIFTY09APR2422550CE.NFO,2024-04-05,13:22:00,2024-04-09,0.55,0.55,0.55,0.55,80,37680,1
FINNIFTY09APR2422550CE.NFO,2024-04-05,13:23:00,2024-04-09,0.55,0.6,0.55,0.6,480,38240,0
FINNIFTY09APR2422550CE.NFO,2024-04-05,13:24:00,2024-04-09,0.6,0.6,0.6,0.6,0,38240,0
FINNIFTY09APR2422550CE.NFO,2024-04-05,13:25:00,2024-04-09,0.6,0.6,0.6,0.6,0,38240,0
FINNIFTY09APR2422550CE.NFO,2024-04-05,13:26:00,2024-04-09,0.6,0.6,0.6,0.6,0,38240,0
FINNIFTY09APR2422550CE.NFO,2024-04-05,13:27:00,2024-04-09,0.6,0.6,0.6,0.6,0,38240,0
FINNIFTY09APR2422550CE.NFO,2024-04-05,13:28:00,2024-04-09,0.6,0.6,0.55,0.6,4880,38240,0
FINNIFTY09APR2422550CE.NFO,2024-04-05,13:29:00,2024-04-09,0.6,0.6,0.55,0.6,12200,38240,0
FINNIFTY09APR2422550CE.NFO,2024-04-05,13:30:00,2024-04-09,0.6,0.6,0.55,0.55,360,38240,0
FINNIFTY09APR2422550CE.NFO,2024-04-05,13:31:00,2024-04-09,0.55,0.6,0.55,0.6,1840,46600,0
FINNIFTY09APR2422550CE.NFO,2024-04-05,13:32:00,2024-04-09,0.6,0.6,0.6,0.6,0,46600,0
FINNIFTY09APR2422550CE.NFO,2024-04-05,13:33:00,2024-04-09,0.6,0.7,0.6,0.6,8240,46600,0
FINNIFTY09APR2422550CE.NFO,2024-04-05,13:34:00,2024-04-09,0.6,0.7,0.6,0.65,4040,50080,0
FINNIFTY09APR2422550CE.NFO,2024-04-05,13:35:00,2024-04-09,0.65,0.65,0.65,0.65,0,50080,0
FINNIFTY09APR2422550CE.NFO,2024-04-05,13:36:00,2024-04-09,0.65,0.65,0.65,0.65,0,50080,0
FINNIFTY09APR2422550CE.NFO,2024-04-05,13:37:00,2024-04-09,0.6,0.65,0.6,0.6,3640,52360,0
FINNIFTY09APR2422550CE.NFO,2024-04-05,13:38:00,2024-04-09,0.6,0.65,0.6,0.6,1120,52360,0
FINNIFTY09APR2422550CE.NFO,2024-04-05,13:39:00,2024-04-09,0.6,0.65,0.6,0.6,960,52360,0
FINNIFTY09APR2422550CE.NFO,2024-04-05,13:40:00,2024-04-09,0.6,0.6,0.6,0.6,120,54960,0
FINNIFTY09APR2422550CE.NFO,2024-04-05,13:41:00,2024-04-09,0.6,0.6,0.6,0.6,160,54960,0
FINNIFTY09APR2422550CE.NFO,2024-04-05,13:42:00,2024-04-09,0.6,0.6,0.6,0.6,0,54960,0
FINNIFTY09APR2422550CE.NFO,2024-04-05,13:43:00,2024-04-09,0.6,0.6,0.6,0.6,200,54960,0
FINNIFTY09APR2422550CE.NFO,2024-04-05,13:44:00,2024-04-09,0.6,0.6,0.6,0.6,0,54960,0
FINNIFTY09APR2422550CE.NFO,2024-04-05,13:45:00,2024-04-09,0.6,0.6,0.55,0.55,2920,55280,0
FINNIFTY09APR2422550CE.NFO,2024-04-05,13:46:00,2024-04-09,0.55,0.65,0.55,0.65,880,55480,0
FINNIFTY09APR2422550CE.NFO,2024-04-05,13:47:00,2024-04-09,0.65,0.65,0.65,0.65,0,55480,0
FINNIFTY09APR2422550CE.NFO,2024-04-05,13:48:00,2024-04-09,0.6,0.6,0.6,0.6,40,55480,0
FINNIFTY09APR2422550CE.NFO,2024-04-05,13:49:00,2024-04-09,0.6,0.65,0.6,0.65,440,56040,0
FINNIFTY09APR2422550CE.NFO,2024-04-05,13:50:00,2024-04-09,0.65,0.65,0.65,0.65,1680,56040,0
FINNIFTY09APR2422550CE.NFO,2024-04-05,13:51:00,2024-04-09,0.65,0.65,0.6,0.6,40,56040,0
FINNIFTY09APR2422550CE.NFO,2024-04-05,13:52:00,2024-04-09,0.6,0.65,0.55,0.65,2680,56840,0
FINNIFTY09APR2422550CE.NFO,2024-04-05,13:53:00,2024-04-09,0.65,0.65,0.65,0.65,280,56840,0
FINNIFTY09APR2422550CE.NFO,2024-04-05,13:54:00,2024-04-09,0.65,0.65,0.65,0.65,0,56840,0
FINNIFTY09APR2422550CE.NFO,2024-04-05,13:55:00,2024-04-09,0.65,0.65,0.65,0.65,0,56840,0
FINNIFTY09APR2422550CE.NFO,2024-04-05,13:56:00,2024-04-09,0.65,0.65,0.6,0.6,2200,58280,0
FINNIFTY09APR2422550CE.NFO,2024-04-05,13:57:00,2024-04-09,0.55,0.65,0.55,0.6,2040,58280,0
FINNIFTY09APR2422550CE.NFO,2024-04-05,13:58:00,2024-04-09,0.6,0.6,0.6,0.6,2040,58280,1
FINNIFTY09APR2422550CE.NFO,2024-04-05,13:59:00,2024-04-09,0.6,0.6,0.6,0.6,0,58280,0
FINNIFTY09APR2422550CE.NFO,2024-04-05,14:00:00,2024-04-09,0.55,0.6,0.55,0.6,8360,60120,0
FINNIFTY09APR2422550CE.NFO,2024-04-05,14:01:00,2024-04-09,0.6,0.6,0.55,0.6,4800,62680,0
FINNIFTY09APR2422550CE.NFO,2024-04-05,14:02:00,2024-04-09,0.6,0.6,0.55,0.6,2240,62680,0
FINNIFTY09APR2422550CE.NFO,2024-04-05,14:03:00,2024-04-09,0.6,0.65,0.5,0.6,9200,62680,0
FINNIFTY09APR2422550CE.NFO,2024-04-05,14:04:00,2024-04-09,0.6,0.7,0.55,0.65,30040,73000,0
FINNIFTY09APR2422550CE.NFO,2024-04-05,14:05:00,2024-04-09,0.65,0.65,0.65,0.65,560,73000,0
FINNIFTY09APR2422550CE.NFO,2024-04-05,14:06:00,2024-04-09,0.65,0.65,0.65,0.65,0,73000,0
FINNIFTY09APR2422550CE.NFO,2024-04-05,14:07:00,2024-04-09,0.65,0.65,0.65,0.65,0,73000,0
FINNIFTY09APR2422550CE.NFO,2024-04-05,14:08:00,2024-04-09,0.65,0.65,0.65,0.65,40,80240,0
FINNIFTY09APR2422550CE.NFO,2024-04-05,14:09:00,2024-04-09,0.65,0.65,0.65,0.65,0,80240,0
FINNIFTY09APR2422550CE.NFO,2024-04-05,14:10:00,2024-04-09,0.7,0.75,0.65,0.65,18880,88840,0
FINNIFTY09APR2422550CE.NFO,2024-04-05,14:11:00,2024-04-09,0.65,0.85,0.65,0.75,32840,88840,0
FINNIFTY09APR2422550CE.NFO,2024-04-05,14:12:00,2024-04-09,0.75,0.8,0.75,0.75,14160,88840,0
FINNIFTY09APR2422550CE.NFO,2024-04-05,14:13:00,2024-04-09,0.75,0.75,0.7,0.7,40,107920,0
FINNIFTY09APR2422550CE.NFO,2024-04-05,14:14:00,2024-04-09,0.7,0.75,0.7,0.7,2560,107920,0
FINNIFTY09APR2422550CE.NFO,2024-04-05,14:15:00,2024-04-09,0.7,0.8,0.7,0.8,21480,107920,0
FINNIFTY09APR2422550CE.NFO,2024-04-05,14:16:00,2024-04-09,0.8,0.8,0.75,0.8,4200,107920,0
FINNIFTY09APR2422550CE.NFO,2024-04-05,14:17:00,2024-04-09,0.8,0.8,0.7,0.75,2600,120880,0
FINNIFTY09APR2422550CE.NFO,2024-04-05,14:18:00,2024-04-09,0.75,0.8,0.7,0.7,21480,120880,0
FINNIFTY09APR2422550CE.NFO,2024-04-05,14:19:00,2024-04-09,0.7,0.75,0.65,0.7,28240,138280,0
FINNIFTY09APR2422550CE.NFO,2024-04-05,14:20:00,2024-04-09,0.7,0.75,0.7,0.7,1640,138280,0
FINNIFTY09APR2422550CE.NFO,2024-04-05,14:21:00,2024-04-09,0.7,0.7,0.7,0.7,160,138280,0
FINNIFTY09APR2422550CE.NFO,2024-04-05,14:22:00,2024-04-09,0.7,0.7,0.7,0.7,80,138280,0
FINNIFTY09APR2422550CE.NFO,2024-04-05,14:23:00,2024-04-09,0.7,0.7,0.7,0.7,0,138280,0
FINNIFTY09APR2422550CE.NFO,2024-04-05,14:24:00,2024-04-09,0.7,0.7,0.7,0.7,0,138280,0
FINNIFTY09APR2422550CE.NFO,2024-04-05,14:25:00,2024-04-09,0.7,0.7,0.7,0.7,760,148120,0
FINNIFTY09APR2422550CE.NFO,2024-04-05,14:26:00,2024-04-09,0.7,0.7,0.65,0.7,4440,148120,0
FINNIFTY09APR2422550CE.NFO,2024-04-05,14:27:00,2024-04-09,0.7,0.7,0.65,0.7,21200,148120,0
FINNIFTY09APR2422550CE.NFO,2024-04-05,14:28:00,2024-04-09,0.7,0.7,0.65,0.7,12120,165440,0
FINNIFTY09APR2422550CE.NFO,2024-04-05,14:29:00,2024-04-09,0.7,0.7,0.7,0.7,200,165440,0
FINNIFTY09APR2422550CE.NFO,2024-04-05,14:30:00,2024-04-09,0.7,0.75,0.65,0.65,11720,165440,0
FINNIFTY09APR2422550CE.NFO,2024-04-05,14:31:00,2024-04-09,0.75,0.8,0.65,0.65,18320,182040,0
FINNIFTY09APR2422550CE.NFO,2024-04-05,14:32:00,2024-04-09,0.65,0.7,0.65,0.7,200,182040,0
FINNIFTY09APR2422550CE.NFO,2024-04-05,14:33:00,2024-04-09,0.7,0.7,0.7,0.7,40,182040,0
FINNIFTY09APR2422550CE.NFO,2024-04-05,14:34:00,2024-04-09,0.7,0.7,0.7,0.7,0,182040,0
FINNIFTY09APR2422550CE.NFO,2024-04-05,14:35:00,2024-04-09,0.7,0.7,0.7,0.7,200,183520,0
FINNIFTY09APR2422550CE.NFO,2024-04-05,14:36:00,2024-04-09,0.7,0.7,0.7,0.7,0,183520,0
FINNIFTY09APR2422550CE.NFO,2024-04-05,14:37:00,2024-04-09,0.7,0.7,0.7,0.7,2240,183720,0
FINNIFTY09APR2422550CE.NFO,2024-04-05,14:38:00,2024-04-09,0.7,0.7,0.7,0.7,0,183720,0
FINNIFTY09APR2422550CE.NFO,2024-04-05,14:39:00,2024-04-09,0.7,0.7,0.7,0.7,680,183720,0
FINNIFTY09APR2422550CE.NFO,2024-04-05,14:40:00,2024-04-09,0.7,0.7,0.65,0.65,1120,185920,0
FINNIFTY09APR2422550CE.NFO,2024-04-05,14:41:00,2024-04-09,0.65,0.7,0.65,0.7,680,185920,0
FINNIFTY09APR2422550CE.NFO,2024-04-05,14:42:00,2024-04-09,0.7,0.7,0.65,0.7,1080,185920,0
FINNIFTY09APR2422550CE.NFO,2024-04-05,14:43:00,2024-04-09,0.7,0.7,0.7,0.7,1720,185920,0
FINNIFTY09APR2422550CE.NFO,2024-04-05,14:44:00,2024-04-09,0.7,0.7,0.7,0.7,0,185920,0
FINNIFTY09APR2422550CE.NFO,2024-04-05,14:45:00,2024-04-09,0.7,0.75,0.65,0.65,32680,187760,0
FINNIFTY09APR2422550CE.NFO,2024-04-05,14:46:00,2024-04-09,0.7,0.7,0.65,0.65,8440,205400,0
FINNIFTY09APR2422550CE.NFO,2024-04-05,14:47:00,2024-04-09,0.65,0.65,0.6,0.65,21280,205400,0
FINNIFTY09APR2422550CE.NFO,2024-04-05,14:48:00,2024-04-09,0.65,0.65,0.65,0.65,680,205400,0
FINNIFTY09APR2422550CE.NFO,2024-04-05,14:49:00,2024-04-09,0.65,0.65,0.6,0.65,4240,221240,0
FINNIFTY09APR2422550CE.NFO,2024-04-05,14:50:00,2024-04-09,0.65,0.65,0.65,0.65,0,221240,0
FINNIFTY09APR2422550CE.NFO,2024-04-05,14:51:00,2024-04-09,0.65,0.65,0.65,0.65,2640,221240,0
FINNIFTY09APR2422550CE.NFO,2024-04-05,14:52:00,2024-04-09,0.65,0.65,0.65,0.65,0,221240,0
FINNIFTY09APR2422550CE.NFO,2024-04-05,14:53:00,2024-04-09,0.65,0.65,0.65,0.65,0,221240,0
FINNIFTY09APR2422550CE.NFO,2024-04-05,14:54:00,2024-04-09,0.65,0.65,0.65,0.65,0,221240,1
FINNIFTY09APR2422550CE.NFO,2024-04-05,14:55:00,2024-04-09,0.65,0.65,0.65,0.65,0,221240,0
FINNIFTY09APR2422550CE.NFO,2024-04-05,14:56:00,2024-04-09,0.65,0.65,0.65,0.65,3920,221680,0
FINNIFTY09APR2422550CE.NFO,2024-04-05,14:57:00,2024-04-09,0.65,0.65,0.65,0.65,280,221680,0
FINNIFTY09APR2422550CE.NFO,2024-04-05,14:58:00,2024-04-09,0.65,0.65,0.65,0.65,0,221680,0
FINNIFTY09APR2422550CE.NFO,2024-04-05,14:59:00,2024-04-09,0.65,0.7,0.65,0.7,5920,222600,0
FINNIFTY09APR2422550CE.NFO,2024-04-05,15:00:00,2024-04-09,0.7,0.8,0.6,0.65,56320,222600,0
FINNIFTY09APR2422550CE.NFO,2024-04-05,15:01:00,2024-04-09,0.65,0.7,0.65,0.65,8320,239720,0
FINNIFTY09APR2422550CE.NFO,2024-04-05,15:02:00,2024-04-09,0.65,0.65,0.65,0.65,2680,239720,0
FINNIFTY09APR2422550CE.NFO,2024-04-05,15:03:00,2024-04-09,0.65,0.65,0.6,0.6,4640,239720,0
FINNIFTY09APR2422550CE.NFO,2024-04-05,15:04:00,2024-04-09,0.6,0.6,0.55,0.55,2920,239720,0
FINNIFTY09APR2422550CE.NFO,2024-04-05,15:05:00,2024-04-09,0.55,0.6,0.55,0.55,240,240280,0
FINNIFTY09APR2422550CE.NFO,2024-04-05,15:06:00,2024-04-09,0.55,0.6,0.55,0.6,3400,240280,0
FINNIFTY09APR2422550CE.NFO,2024-04-05,15:07:00,2024-04-09,0.6,0.6,0.5,0.5,6400,239080,0
FINNIFTY09APR2422550CE.NFO,2024-04-05,15:08:00,2024-04-09,0.5,0.55,0.5,0.55,1800,239080,0
FINNIFTY09APR2422550CE.NFO,2024-04-05,15:09:00,2024-04-09,0.55,0.55,0.45,0.45,4480,239080,0
FINNIFTY09APR2422550CE.NFO,2024-04-05,15:10:00,2024-04-09,0.45,0.5,0.45,0.5,680,235880,0
FINNIFTY09APR2422550CE.NFO,2024-04-05,15:11:00,2024-04-09,0.5,0.5,0.5,0.5,1000,235880,0
FINNIFTY09APR2422550CE.NFO,2024-04-05,15:12:00,2024-04-09,0.5,0.5,0.5,0.5,4480,235880,0
FINNIFTY09APR2422550CE.NFO,2024-04-05,15:13:00,2024-04-09,0.5,0.55,0.5,0.55,4080,235040,0
FINNIFTY09APR2422550CE.NFO,2024-04-05,15:14:00,2024-04-09,0.55,0.55,0.55,0.55,0,235040,0
FINNIFTY09APR2422550CE.NFO,2024-04-05,15:15:00,2024-04-09,0.55,0.55,0.45,0.5,5600,235040,0
FINNIFTY09APR2422550CE.NFO,2024-04-05,15:16:00,2024-04-09,0.5,0.5,0.5,0.5,0,235040,0
FINNIFTY09APR2422550CE.NFO,2024-04-05,15:17:00,2024-04-09,0.5,0.5,0.5,0.5,720,234240,0
FINNIFTY09APR2422550CE.NFO,2024-04-05,15:18:00,2024-04-09,0.5,0.55,0.5,0.5,1760,234240,0
FINNIFTY09APR2422550CE.NFO,2024-04-05,15:19:00,2024-04-09,0.5,0.55,0.45,0.5,20600,236080,0
FINNIFTY09APR2422550CE.NFO,2024-04-05,15:20:00,2024-04-09,0.5,0.5,0.35,0.45,53720,236080,0
FINNIFTY09APR2422550CE.NFO,2024-04-05,15:21:00,2024-04-09,0.45,0.45,0.4,0.4,21240,236080,0
FINNIFTY09APR2422550CE.NFO,2024-04-05,15:22:00,2024-04-09,0.45,0.45,0.45,0.45,600,236080,0
FINNIFTY09APR2422550CE.NFO,2024-04-05,15:23:00,2024-04-09,0.45,0.45,0.4,0.4,1160,253080,0
FINNIFTY09APR2422550CE.NFO,2024-04-05,15:24:00,2024-04-09,0.4,0.5,0.4,0.45,36360,253080,0
FINNIFTY09APR2422550CE.NFO,2024-04-05,15:25:00,2024-04-09,0.45,0.45,0.4,0.45,10880,231880,0
FINNIFTY09APR2422550CE.NFO,2024-04-05,15:26:00,2024-04-09,0.45,0.55,0.45,0.45,10560,231880,0
FINNIFTY09APR2422550CE.NFO,2024-04-05,15:27:00,2024-04-09,0.45,0.45,0.4,0.4,16040,231880,0
FINNIFTY09APR2422550CE.NFO,2024-04-05,15:28:00,2024-04-09,0.4,0.45,0.4,0.45,840,231240,0
FINNIFTY09APR2422550CE.NFO,2024-04-05,15:29:00,2024-04-09,0.45,0.5,0.4,0.45,2840,231240,0
FINNIFTY09APR2422550CE.NFO,2024-04-05,15:30:00,2024-04-09,0.45,0.45,0.45,0.45,2840,231240,1
FINNIFTY09APR2422550CE.NFO,2024-04-08,09:15:00,2024-04-09,0.55,0.7,0.45,0.7,2240,230520,0
FINNIFTY09APR2422550CE.NFO,2024-04-08,09:16:00,2024-04-09,0.7,0.95,0.5,0.6,13360,230520,0
FINNIFTY09APR2422550CE.NFO,2024-04-08,09:17:00,2024-04-09,0.6,0.7,0.6,0.65,36360,230520,0
FINNIFTY09APR2422550CE.NFO,2024-04-08,09:18:00,2024-04-09,0.65,0.7,0.6,0.7,64560,233120,0
FINNIFTY09APR2422550CE.NFO,2024-04-08,09:19:00,2024-04-09,0.7,0.7,0.6,0.6,54400,233120,0
FINNIFTY09APR2422550CE.NFO,2024-04-08,09:20:00,2024-04-09,0.6,0.65,0.6,0.6,3840,233120,0
FINNIFTY09APR2422550CE.NFO,2024-04-08,09:21:00,2024-04-09,0.6,0.65,0.6,0.6,4520,239520,0
FINNIFTY09APR2422550CE.NFO,2024-04-08,09:22:00,2024-04-09,0.6,0.65,0.55,0.55,12160,239520,0
FINNIFTY09APR2422550CE.NFO,2024-04-08,09:23:00,2024-04-09,0.6,0.6,0.55,0.55,7520,239520,0
FINNIFTY09APR2422550CE.NFO,2024-04-08,09:24:00,2024-04-09,0.55,0.6,0.5,0.5,36280,235680,0
FINNIFTY09APR2422550CE.NFO,2024-04-08,09:25:00,2024-04-09,0.5,0.55,0.5,0.55,560,235680,0
FINNIFTY09APR2422550CE.NFO,2024-04-08,09:26:00,2024-04-09,0.55,0.55,0.55,0.55,0,235680,0
FINNIFTY09APR2422550CE.NFO,2024-04-08,09:27:00,2024-04-09,0.55,0.55,0.5,0.5,6160,234440,0
FINNIFTY09APR2422550CE.NFO,2024-04-08,09:28:00,2024-04-09,0.5,0.55,0.5,0.55,3680,234440,0
FINNIFTY09APR2422550CE.NFO,2024-04-08,09:29:00,2024-04-09,0.55,0.55,0.5,0.55,8240,234440,0
FINNIFTY09APR2422550CE.NFO,2024-04-08,09:30:00,2024-04-09,0.5,0.55,0.5,0.55,2240,239840,0
FINNIFTY09APR2422550CE.NFO,2024-04-08,09:31:00,2024-04-09,0.55,0.55,0.5,0.55,8800,239840,0
FINNIFTY09APR2422550CE.NFO,2024-04-08,09:32:00,2024-04-09,0.55,0.6,0.5,0.55,18040,239840,0
FINNIFTY09APR2422550CE.NFO,2024-04-08,09:33:00,2024-04-09,0.55,0.55,0.5,0.55,2920,247640,0
FINNIFTY09APR2422550CE.NFO,2024-04-08,09:34:00,2024-04-09,0.55,0.55,0.5,0.5,6240,247640,0
FINNIFTY09APR2422550CE.NFO,2024-04-08,09:35:00,2024-04-09,0.5,0.55,0.5,0.55,1640,247640,0
FINNIFTY09APR2422550CE.NFO,2024-04-08,09:36:00,2024-04-09,0.5,0.55,0.45,0.5,14440,248880,0
FINNIFTY09APR2422550CE.NFO,2024-04-08,09:37:00,2024-04-09,0.5,0.55,0.5,0.5,11800,248880,0
FINNIFTY09APR2422550CE.NFO,2024-04-08,09:38:00,2024-04-09,0.5,0.55,0.5,0.5,15080,248880,0
FINNIFTY09APR2422550CE.NFO,2024-04-08,09:39:00,2024-04-09,0.5,0.55,0.5,0.5,11120,240520,0
FINNIFTY09APR2422550CE.NFO,2024-04-08,09:40:00,2024-04-09,0.5,0.5,0.5,0.5,360,240520,0
FINNIFTY09APR2422550CE.NFO,2024-04-08,09:41:00,2024-04-09,0.5,0.5,0.5,0.5,480,240520,0
FINNIFTY09APR2422550CE.NFO,2024-04-08,09:42:00,2024-04-09,0.5,0.5,0.5,0.5,40,240520,0
FINNIFTY09APR2422550CE.NFO,2024-04-08,09:43:00,2024-04-09,0.5,0.5,0.5,0.5,160,240920,0
FINNIFTY09APR2422550CE.NFO,2024-04-08,09:44:00,2024-04-09,0.5,0.5,0.5,0.5,1920,240920,0
FINNIFTY09APR2422550CE.NFO,2024-04-08,09:45:00,2024-04-09,0.5,0.5,0.5,0.5,2360,241200,0
FINNIFTY09APR2422550CE.NFO,2024-04-08,09:46:00,2024-04-09,0.5,0.5,0.45,0.45,920,241200,0
FINNIFTY09APR2422550CE.NFO,2024-04-08,09:47:00,2024-04-09,0.45,0.45,0.45,0.45,40,241200,0
FINNIFTY09APR2422550CE.NFO,2024-04-08,09:48:00,2024-04-09,0.45,0.45,0.45,0.45,0,241200,0
FINNIFTY09APR2422550CE.NFO,2024-04-08,09:49:00,2024-04-09,0.45,0.45,0.45,0.45,0,241200,0
FINNIFTY09APR2422550CE.NFO,2024-04-08,09:50:00,2024-04-09,0.45,0.45,0.45,0.45,0,241200,0
FINNIFTY09APR2422550CE.NFO,2024-04-08,09:51:00,2024-04-09,0.45,0.45,0.45,0.45,0,241200,0
FINNIFTY09APR2422550CE.NFO,2024-04-08,09:52:00,2024-04-09,0.5,0.5,0.45,0.5,8120,241880,0
FINNIFTY09APR2422550CE.NFO,2024-04-08,09:53:00,2024-04-09,0.45,0.45,0.45,0.45,200,241880,0
FINNIFTY09APR2422550CE.NFO,2024-04-08,09:54:00,2024-04-09,0.45,0.45,0.45,0.45,0,241880,0
FINNIFTY09APR2422550CE.NFO,2024-04-08,09:55:00,2024-04-09,0.45,0.45,0.45,0.45,40,249960,0
FINNIFTY09APR2422550CE.NFO,2024-04-08,09:56:00,2024-04-09,0.45,0.45,0.45,0.45,0,249960,0
FINNIFTY09APR2422550CE.NFO,2024-04-08,09:57:00,2024-04-09,0.5,0.5,0.45,0.45,520,250040,0
FINNIFTY09APR2422550CE.NFO,2024-04-08,09:58:00,2024-04-09,0.45,0.45,0.45,0.45,0,250040,0
FINNIFTY09APR2422550CE.NFO,2024-04-08,09:59:00,2024-04-09,0.5,0.5,0.45,0.5,960,250040,0
FINNIFTY09APR2422550CE.NFO,2024-04-08,10:00:00,2024-04-09,0.5,0.5,0.45,0.5,400,251080,0
FINNIFTY09APR2422550CE.NFO,2024-04-08,10:01:00,2024-04-09,0.5,0.5,0.5,0.5,600,251080,0
FINNIFTY09APR2422550CE.NFO,2024-04-08,10:02:00,2024-04-09,0.5,0.5,0.45,0.45,2280,251080,0
FINNIFTY09APR2422550CE.NFO,2024-04-08,10:03:00,2024-04-09,0.45,0.5,0.45,0.5,40,252000,0
FINNIFTY09APR2422550CE.NFO,2024-04-08,10:04:00,2024-04-09,0.5,0.5,0.45,0.45,200,252000,0
FINNIFTY09APR2422550CE.NFO,2024-04-08,10:05:00,2024-04-09,0.45,0.5,0.45,0.5,480,252000,0
FINNIFTY09APR2422550CE.NFO,2024-04-08,10:06:00,2024-04-09,0.5,0.5,0.45,0.45,9360,258840,0
FINNIFTY09APR2422550CE.NFO,2024-04-08,10:07:00,2024-04-09,0.5,0.5,0.5,0.5,160,258840,0
FINNIFTY09APR2422550CE.NFO,2024-04-08,10:08:00,2024-04-09,0.5,0.5,0.5,0.5,0,258840,0
FINNIFTY09APR2422550CE.NFO,2024-04-08,10:09:00,2024-04-09,0.5,0.5,0.5,0.5,960,258840,0
FINNIFTY09APR2422550CE.NFO,2024-04-08,10:10:00,2024-04-09,0.5,0.5,0.5,0.5,1080,259440,0
FINNIFTY09APR2422550CE.NFO,2024-04-08,10:11:00,2024-04-09,0.5,0.5,0.5,0.5,0,259440,0
FINNIFTY09APR2422550CE.NFO,2024-04-08,10:12:00,2024-04-09,0.5,0.5,0.45,0.45,1920,260520,0
FINNIFTY09APR2422550CE.NFO,2024-04-08,10:13:00,2024-04-09,0.45,0.45,0.45,0.45,200,260520,0
FINNIFTY09APR2422550CE.NFO,2024-04-08,10:14:00,2024-04-09,0.45,0.45,0.45,0.45,0,260520,0
FINNIFTY09APR2422550CE.NFO,2024-04-08,10:15:00,2024-04-09,0.45,0.45,0.45,0.45,120,260520,0
FINNIFTY09APR2422550CE.NFO,2024-04-08,10:16:00,2024-04-09,0.45,0.45,0.45,0.45,0,260520,0
FINNIFTY09APR2422550CE.NFO,2024-04-08,10:17:00,2024-04-09,0.45,0.45,0.45,0.45,0,260520,0
FINNIFTY09APR2422550CE.NFO,2024-04-08,10:18:00,2024-04-09,0.45,0.5,0.45,0.5,11560,262640,0
FINNIFTY09APR2422550CE.NFO,2024-04-08,10:19:00,2024-04-09,0.5,0.5,0.5,0.5,0,262640,0
FINNIFTY09APR2422550CE.NFO,2024-04-08,10:20:00,2024-04-09,0.5,0.5,0.45,0.45,40,268080,0
FINNIFTY09APR2422550CE.NFO,2024-04-08,10:21:00,2024-04-09,0.45,0.45,0.45,0.45,1120,268080,0
FINNIFTY09APR2422550CE.NFO,2024-04-08,10:22:00,2024-04-09,0.45,0.5,0.45,0.5,80,268080,0
FINNIFTY09APR2422550CE.NFO,2024-04-08,10:23:00,2024-04-09,0.5,0.5,0.5,0.5,0,268080,0
FINNIFTY09APR2422550CE.NFO,2024-04-08,10:24:00,2024-04-09,0.5,0.5,0.5,0.5,0,268080,0
FINNIFTY09APR2422550CE.NFO,2024-04-08,10:25:00,2024-04-09,0.5,0.5,0.5,0.5,0,268080,0
FINNIFTY09APR2422550CE.NFO,2024-04-08,10:26:00,2024-04-09,0.45,0.45,0.45,0.45,280,268080,0
FINNIFTY09APR2422550CE.NFO,2024-04-08,10:27:00,2024-04-09,0.45,0.45,0.45,0.45,280,268080,1
FINNIFTY09APR2422550CE.NFO,2024-04-08,10:28:00,2024-04-09,0.45,0.45,0.45,0.45,0,268080,0
FINNIFTY09APR2422550CE.NFO,2024-04-08,10:29:00,2024-04-09,0.45,0.45,0.45,0.45,0,268080,1
FINNIFTY09APR2422550CE.NFO,2024-04-08,10:30:00,2024-04-09,0.5,0.5,0.5,0.5,440,268080,0
FINNIFTY09APR2422550CE.NFO,2024-04-08,10:31:00,2024-04-09,0.5,0.5,0.5,0.5,40,268200,0
FINNIFTY09APR2422550CE.NFO,2024-04-08,10:32:00,2024-04-09,0.5,0.5,0.5,0.5,200,268200,0
FINNIFTY09APR2422550CE.NFO,2024-04-08,10:33:00,2024-04-09,0.5,0.5,0.5,0.5,0,268200,0
FINNIFTY09APR2422550CE.NFO,2024-04-08,10:34:00,2024-04-09,0.5,0.5,0.5,0.5,0,268200,0
FINNIFTY09APR2422550CE.NFO,2024-04-08,10:35:00,2024-04-09,0.5,0.5,0.5,0.5,0,268200,0
FINNIFTY09APR2422550CE.NFO,2024-04-08,10:36:00,2024-04-09,0.5,0.5,0.5,0.5,9120,268440,0
FINNIFTY09APR2422550CE.NFO,2024-04-08,10:37:00,2024-04-09,0.5,0.5,0.5,0.5,0,268440,0
FINNIFTY09APR2422550CE.NFO,2024-04-08,10:38:00,2024-04-09,0.45,0.45,0.45,0.45,200,274440,0
FINNIFTY09APR2422550CE.NFO,2024-04-08,10:39:00,2024-04-09,0.45,0.45,0.45,0.45,0,274440,0
FINNIFTY09APR2422550CE.NFO,2024-04-08,10:40:00,2024-04-09,0.45,0.45,0.45,0.45,0,274440,0
FINNIFTY09APR2422550CE.NFO,2024-04-08,10:41:00,2024-04-09,0.45,0.45,0.45,0.45,0,274440,0
FINNIFTY09APR2422550CE.NFO,2024-04-08,10:42:00,2024-04-09,0.45,0.45,0.45,0.45,0,274440,0
FINNIFTY09APR2422550CE.NFO,2024-04-08,10:43:00,2024-04-09,0.45,0.45,0.45,0.45,80,274240,0
FINNIFTY09APR2422550CE.NFO,2024-04-08,10:44:00,2024-04-09,0.5,0.5,0.45,0.45,8000,274240,0
FINNIFTY09APR2422550CE.NFO,2024-04-08,10:45:00,2024-04-09,0.5,0.55,0.45,0.45,8360,274240,0
FINNIFTY09APR2422550CE.NFO,2024-04-08,10:46:00,2024-04-09,0.45,0.45,0.45,0.45,40,290080,0
FINNIFTY09APR2422550CE.NFO,2024-04-08,10:47:00,2024-04-09,0.45,0.45,0.45,0.45,0,290080,0
FINNIFTY09APR2422550CE.NFO,2024-04-08,10:48:00,2024-04-09,0.45,0.45,0.45,0.45,0,290080,0
FINNIFTY09APR2422550CE.NFO,2024-04-08,10:49:00,2024-04-09,0.45,0.45,0.45,0.45,0,290080,0
FINNIFTY09APR2422550CE.NFO,2024-04-08,10:50:00,2024-04-09,0.45,0.45,0.45,0.45,12000,290080,0
FINNIFTY09APR2422550CE.NFO,2024-04-08,10:51:00,2024-04-09,0.45,0.5,0.45,0.5,520,298680,0
FINNIFTY09APR2422550CE.NFO,2024-04-08,10:52:00,2024-04-09,0.5,0.5,0.45,0.5,8560,298680,0
FINNIFTY09APR2422550CE.NFO,2024-04-08,10:53:00,2024-04-09,0.5,0.5,0.5,0.5,160,298680,0
FINNIFTY09APR2422550CE.NFO,2024-04-08,10:54:00,2024-04-09,0.5,0.5,0.45,0.45,240,301400,0
FINNIFTY09APR2422550CE.NFO,2024-04-08,10:55:00,2024-04-09,0.45,0.45,0.45,0.45,1120,301400,0
FINNIFTY09APR2422550CE.NFO,2024-04-08,10:56:00,2024-04-09,0.5,0.55,0.5,0.5,7760,301400,0
FINNIFTY09APR2422550CE.NFO,2024-04-08,10:57:00,2024-04-09,0.5,0.5,0.5,0.5,40,301400,0
FINNIFTY09APR2422550CE.NFO,2024-04-08,10:58:00,2024-04-09,0.5,0.5,0.5,0.5,360,304520,0
FINNIFTY09APR2422550CE.NFO,2024-04-08,10:59:00,2024-04-09,0.5,0.5,0.45,0.5,520,304520,0
FINNIFTY09APR2422550CE.NFO,2024-04-08,11:00:00,2024-04-09,0.5,0.5,0.45,0.5,1240,305920,0
FINNIFTY09APR2422550CE.NFO,2024-04-08,11:01:00,2024-04-09,0.5,0.5,0.45,0.5,1360,305920,0
FINNIFTY09APR2422550CE.NFO,2024-04-08,11:02:00,2024-04-09,0.5,0.5,0.45,0.45,160,305920,0
FINNIFTY09APR2422550CE.NFO,2024-04-08,11:03:00,2024-04-09,0.45,0.45,0.45,0.45,0,305920,0
FINNIFTY09APR2422550CE.NFO,2024-04-08,11:04:00,2024-04-09,0.45,0.45,0.45,0.45,0,305920,0
FINNIFTY09APR2422550CE.NFO,2024-04-08,11:05:00,2024-04-09,0.5,0.5,0.5,0.5,160,306040,0
FINNIFTY09APR2422550CE.NFO,2024-04-08,11:06:00,2024-04-09,0.5,0.55,0.45,0.5,12720,313800,0
FINNIFTY09APR2422550CE.NFO,2024-04-08,11:07:00,2024-04-09,0.5,0.5,0.45,0.45,320,313800,0
FINNIFTY09APR2422550CE.NFO,2024-04-08,11:08:00,2024-04-09,0.45,0.45,0.45,0.45,200,313800,0
FINNIFTY09APR2422550CE.NFO,2024-04-08,11:09:00,2024-04-09,0.45,0.45,0.45,0.45,33080,335680,0
FINNIFTY09APR2422550CE.NFO,2024-04-08,11:10:00,2024-04-09,0.4,0.45,0.4,0.45,200,335680,0
FINNIFTY09APR2422550CE.NFO,2024-04-08,11:11:00,2024-04-09,0.4,0.45,0.4,0.45,7600,335680,0
FINNIFTY09APR2422550CE.NFO,2024-04-08,11:12:00,2024-04-09,0.45,0.45,0.45,0.45,0,335680,0
FINNIFTY09APR2422550CE.NFO,2024-04-08,11:13:00,2024-04-09,0.4,0.4,0.4,0.4,200,338280,0
FINNIFTY09APR2422550CE.NFO,2024-04-08,11:14:00,2024-04-09,0.4,0.4,0.4,0.4,0,338280,0
FINNIFTY09APR2422550CE.NFO,2024-04-08,11:15:00,2024-04-09,0.4,0.45,0.4,0.45,880,338280,0
FINNIFTY09APR2422550CE.NFO,2024-04-08,11:16:00,2024-04-09,0.45,0.45,0.45,0.45,120,338080,0
FINNIFTY09APR2422550CE.NFO,2024-04-08,11:17:00,2024-04-09,0.45,0.45,0.45,0.45,120,338080,1
FINNIFTY09APR2422550CE.NFO,2024-04-08,11:18:00,2024-04-09,0.45,0.45,0.45,0.45,7440,338080,0
FINNIFTY09APR2422550CE.NFO,2024-04-08,11:19:00,2024-04-09,0.45,0.45,0.45,0.45,0,338240,0
FINNIFTY09APR2422550CE.NFO,2024-04-08,11:20:00,2024-04-09,0.45,0.45,0.45,0.45,80,338240,0
FINNIFTY09APR2422550CE.NFO,2024-04-08,11:21:00,2024-04-09,0.45,0.45,0.45,0.45,40,338240,0
FINNIFTY09APR2422550CE.NFO,2024-04-08,11:22:00,2024-04-09,0.45,0.45,0.4,0.45,18760,338000,0
FINNIFTY09APR2422550CE.NFO,2024-04-08,11:23:00,2024-04-09,0.45,0.45,0.45,0.45,10760,338000,0
FINNIFTY09APR2422550CE.NFO,2024-04-08,11:24:00,2024-04-09,0.45,0.45,0.45,0.45,440,338000,0
FINNIFTY09APR2422550CE.NFO,2024-04-08,11:25:00,2024-04-09,0.45,0.45,0.45,0.45,440,338000,1
FINNIFTY09APR2422550CE.NFO,2024-04-08,11:26:00,2024-04-09,0.45,0.45,0.45,0.45,0,338000,0
FINNIFTY09APR2422550CE.NFO,2024-04-08,11:27:00,2024-04-09,0.45,0.45,0.45,0.45,0,338000,0
FINNIFTY09APR2422550CE.NFO,2024-04-08,11:28:00,2024-04-09,0.45,0.45,0.45,0.45,0,338000,1
FINNIFTY09APR2422550CE.NFO,2024-04-08,11:29:00,2024-04-09,0.45,0.45,0.45,0.45,1120,340240,0
FINNIFTY09APR2422550CE.NFO,2024-04-08,11:30:00,2024-04-09,0.4,0.4,0.4,0.4,40,340240,0
FINNIFTY09APR2422550CE.NFO,2024-04-08,11:31:00,2024-04-09,0.4,0.4,0.4,0.4,1000,340000,0
FINNIFTY09APR2422550CE.NFO,2024-04-08,11:32:00,2024-04-09,0.45,0.45,0.4,0.4,8200,340000,0
FINNIFTY09APR2422550CE.NFO,2024-04-08,11:33:00,2024-04-09,0.4,0.45,0.4,0.45,200,345920,0
FINNIFTY09APR2422550CE.NFO,2024-04-08,11:34:00,2024-04-09,0.45,0.45,0.45,0.45,1120,345920,0
FINNIFTY09APR2422550CE.NFO,2024-04-08,11:35:00,2024-04-09,0.45,0.45,0.4,0.4,520,345920,0
FINNIFTY09APR2422550CE.NFO,2024-04-08,11:36:00,2024-04-09,0.4,0.45,0.4,0.45,7960,354160,0
FINNIFTY09APR2422550CE.NFO,2024-04-08,11:37:00,2024-04-09,0.45,0.45,0.45,0.45,7960,354160,0
FINNIFTY09APR2422550CE.NFO,2024-04-08,11:38:00,2024-04-09,0.45,0.45,0.45,0.45,80,354160,0
FINNIFTY09APR2422550CE.NFO,2024-04-08,11:39:00,2024-04-09,0.45,0.45,0.45,0.45,5840,355760,0
FINNIFTY09APR2422550CE.NFO,2024-04-08,11:40:00,2024-04-09,0.45,0.45,0.45,0.45,10680,355760,0
FINNIFTY09APR2422550CE.NFO,2024-04-08,11:41:00,2024-04-09,0.45,0.5,0.45,0.45,3960,355760,0
FINNIFTY09APR2422550CE.NFO,2024-04-08,11:42:00,2024-04-09,0.45,0.45,0.4,0.45,360,355760,0
FINNIFTY09APR2422550CE.NFO,2024-04-08,11:43:00,2024-04-09,0.45,0.45,0.45,0.45,360,355760,1
FINNIFTY09APR2422550CE.NFO,2024-04-08,11:44:00,2024-04-09,0.45,0.45,0.4,0.4,1920,357440,0
FINNIFTY09APR2422550CE.NFO,2024-04-08,11:45:00,2024-04-09,0.45,0.5,0.45,0.45,9200,357440,0
FINNIFTY09APR2422550CE.NFO,2024-04-08,11:46:00,2024-04-09,0.45,0.45,0.45,0.45,9200,357440,1
FINNIFTY09APR2422550CE.NFO,2024-04-08,11:47:00,2024-04-09,0.45,0.45,0.45,0.45,8200,364840,0
FINNIFTY09APR2422550CE.NFO,2024-04-08,11:48:00,2024-04-09,0.45,0.5,0.45,0.45,12080,364840,0
FINNIFTY09APR2422550CE.NFO,2024-04-08,11:49:00,2024-04-09,0.45,0.45,0.4,0.4,40,373200,0
FINNIFTY09APR2422550CE.NFO,2024-04-08,11:50:00,2024-04-09,0.4,0.4,0.4,0.4,400,373200,0
FINNIFTY09APR2422550CE.NFO,2024-04-08,11:51:00,2024-04-09,0.4,0.4,0.4,0.4,120,373200,0
FINNIFTY09APR2422550CE.NFO,2024-04-08,11:52:00,2024-04-09,0.4,0.4,0.4,0.4,0,373200,0
FINNIFTY09APR2422550CE.NFO,2024-04-08,11:53:00,2024-04-09,0.4,0.4,0.4,0.4,200,373200,0
FINNIFTY09APR2422550CE.NFO,2024-04-08,11:54:00,2024-04-09,0.4,0.4,0.4,0.4,40,373200,0
FINNIFTY09APR2422550CE.NFO,2024-04-08,11:55:00,2024-04-09,0.4,0.4,0.4,0.4,40,373200,0
FINNIFTY09APR2422550CE.NFO,2024-04-08,11:56:00,2024-04-09,0.45,0.45,0.4,0.4,7520,373200,0
FINNIFTY09APR2422550CE.NFO,2024-04-08,11:57:00,2024-04-09,0.4,0.4,0.4,0.4,40,373200,0
FINNIFTY09APR2422550CE.NFO,2024-04-08,11:58:00,2024-04-09,0.4,0.45,0.4,0.45,600,378280,0
FINNIFTY09APR2422550CE.NFO,2024-04-08,11:59:00,2024-04-09,0.4,0.4,0.4,0.4,440,378280,0
FINNIFTY09APR2422550CE.NFO,2024-04-08,12:00:00,2024-04-09,0.45,0.45,0.45,0.45,7440,378280,0
FINNIFTY09APR2422550CE.NFO,2024-04-08,12:01:00,2024-04-09,0.45,0.45,0.45,0.45,320,385120,0
FINNIFTY09APR2422550CE.NFO,2024-04-08,12:02:00,2024-04-09,0.45,0.45,0.45,0.45,680,385120,0
FINNIFTY09APR2422550CE.NFO,2024-04-08,12:03:00,2024-04-09,0.45,0.45,0.45,0.45,1800,385120,0
FINNIFTY09APR2422550CE.NFO,2024-04-08,12:04:00,2024-04-09,0.45,0.45,0.45,0.45,1800,385120,1
FINNIFTY09APR2422550CE.NFO,2024-04-08,12:05:00,2024-04-09,0.45,0.45,0.45,0.45,1800,385120,1
FINNIFTY09APR2422550CE.NFO,2024-04-08,12:06:00,2024-04-09,0.5,0.5,0.5,0.5,80,384840,0
FINNIFTY09APR2422550CE.NFO,2024-04-08,12:07:00,2024-04-09,0.5,0.5,0.5,0.5,0,384840,0
FINNIFTY09APR2422550CE.NFO,2024-04-08,12:08:00,2024-04-09,0.5,0.5,0.45,0.45,11640,384840,0
FINNIFTY09APR2422550CE.NFO,2024-04-08,12:09:00,2024-04-09,0.45,0.5,0.45,0.5,6160,384840,0
FINNIFTY09APR2422550CE.NFO,2024-04-08,12:10:00,2024-04-09,0.5,0.5,0.5,0.5,0,384840,0
FINNIFTY09APR2422550CE.NFO,2024-04-08,12:11:00,2024-04-09,0.5,0.5,0.5,0.5,0,384840,0
FINNIFTY09APR2422550CE.NFO,2024-04-08,12:12:00,2024-04-09,0.5,0.5,0.45,0.45,0,397320,0
FINNIFTY09APR2422550CE.NFO,2024-04-08,12:13:00,2024-04-09,0.45,0.45,0.4,0.4,2280,397320,0
FINNIFTY09APR2422550CE.NFO,2024-04-08,12:14:00,2024-04-09,0.4,0.45,0.4,0.4,4840,397320,0
FINNIFTY09APR2422550CE.NFO,2024-04-08,12:15:00,2024-04-09,0.4,0.45,0.4,0.45,3520,396920,0
FINNIFTY09APR2422550CE.NFO,2024-04-08,12:16:00,2024-04-09,0.45,0.5,0.45,0.45,15920,396920,0
FINNIFTY09APR2422550CE.NFO,2024-04-08,12:17:00,2024-04-09,0.45,0.5,0.45,0.5,8240,396920,0
FINNIFTY09APR2422550CE.NFO,2024-04-08,12:18:00,2024-04-09,0.5,0.5,0.5,0.5,160,396920,0
FINNIFTY09APR2422550CE.NFO,2024-04-08,12:19:00,2024-04-09,0.5,0.5,0.45,0.45,2080,402480,0
FINNIFTY09APR2422550CE.NFO,2024-04-08,12:20:00,2024-04-09,0.45,0.5,0.45,0.45,8600,402480,0
FINNIFTY09APR2422550CE.NFO,2024-04-08,12:21:00,2024-04-09,0.45,0.45,0.45,0.45,3200,402480,0
FINNIFTY09APR2422550CE.NFO,2024-04-08,12:22:00,2024-04-09,0.45,0.45,0.4,0.45,4440,398320,0
FINNIFTY09APR2422550CE.NFO,2024-04-08,12:23:00,2024-04-09,0.45,0.45,0.4,0.4,1040,398320,0
FINNIFTY09APR2422550CE.NFO,2024-04-08,12:24:00,2024-04-09,0.4,0.4,0.4,0.4,280,398320,0
FINNIFTY09APR2422550CE.NFO,2024-04-08,12:25:00,2024-04-09,0.4,0.45,0.4,0.45,120,398680,0
FINNIFTY09APR2422550CE.NFO,2024-04-08,12:26:00,2024-04-09,0.45,0.45,0.45,0.45,0,398680,0
FINNIFTY09APR2422550CE.NFO,2024-04-08,12:27:00,2024-04-09,0.45,0.45,0.45,0.45,0,398680,0
FINNIFTY09APR2422550CE.NFO,2024-04-08,12:28:00,2024-04-09,0.45,0.45,0.45,0.45,0,398680,0
FINNIFTY09APR2422550CE.NFO,2024-04-08,12:29:00,2024-04-09,0.45,0.45,0.45,0.45,400,398680,0
FINNIFTY09APR2422550CE.NFO,2024-04-08,12:30:00,2024-04-09,0.45,0.45,0.45,0.45,960,399880,0
FINNIFTY09APR2422550CE.NFO,2024-04-08,12:31:00,2024-04-09,0.45,0.45,0.4,0.4,400,399880,0
FINNIFTY09APR2422550CE.NFO,2024-04-08,12:32:00,2024-04-09,0.4,0.45,0.4,0.45,200,399880,0
FINNIFTY09APR2422550CE.NFO,2024-04-08,12:33:00,2024-04-09,0.45,0.45,0.45,0.45,880,399880,0
FINNIFTY09APR2422550CE.NFO,2024-04-08,12:34:00,2024-04-09,0.45,0.45,0.45,0.45,240,400760,0
FINNIFTY09APR2422550CE.NFO,2024-04-08,12:35:00,2024-04-09,0.45,0.45,0.4,0.45,1200,400760,0
FINNIFTY09APR2422550CE.NFO,2024-04-08,12:36:00,2024-04-09,0.45,0.45,0.45,0.45,1520,403640,0
FINNIFTY09APR2422550CE.NFO,2024-04-08,12:37:00,2024-04-09,0.45,0.45,0.45,0.45,1400,403640,0
FINNIFTY09APR2422550CE.NFO,2024-04-08,12:38:00,2024-04-09,0.45,0.45,0.45,0.45,40,403640,0
FINNIFTY09APR2422550CE.NFO,2024-04-08,12:39:00,2024-04-09,0.45,0.45,0.4,0.4,280,405080,0
FINNIFTY09APR2422550CE.NFO,2024-04-08,12:40:00,2024-04-09,0.4,0.4,0.4,0.4,560,405080,0
FINNIFTY09APR2422550CE.NFO,2024-04-08,12:41:00,2024-04-09,0.4,0.4,0.4,0.4,40,405080,0
FINNIFTY09APR2422550CE.NFO,2024-04-08,12:42:00,2024-04-09,0.4,0.4,0.4,0.4,120,405080,0
FINNIFTY09APR2422550CE.NFO,2024-04-08,12:43:00,2024-04-09,0.4,0.4,0.4,0.4,0,405080,0
FINNIFTY09APR2422550CE.NFO,2024-04-08,12:44:00,2024-04-09,0.4,0.4,0.4,0.4,0,405080,1
FINNIFTY09APR2422550CE.NFO,2024-04-08,12:45:00,2024-04-09,0.4,0.4,0.4,0.4,1040,405080,0
FINNIFTY09APR2422550CE.NFO,2024-04-08,12:46:00,2024-04-09,0.4,0.4,0.4,0.4,200,405080,0
FINNIFTY09APR2422550CE.NFO,2024-04-08,12:47:00,2024-04-09,0.4,0.45,0.4,0.45,0,405080,0
FINNIFTY09APR2422550CE.NFO,2024-04-08,12:48:00,2024-04-09,0.45,0.45,0.45,0.45,40,405160,0
FINNIFTY09APR2422550CE.NFO,2024-04-08,12:49:00,2024-04-09,0.45,0.45,0.45,0.45,1400,405160,0
FINNIFTY09APR2422550CE.NFO,2024-04-08,12:50:00,2024-04-09,0.4,0.4,0.4,0.4,14840,405160,0
FINNIFTY09APR2422550CE.NFO,2024-04-08,12:51:00,2024-04-09,0.4,0.4,0.4,0.4,80,410920,0
FINNIFTY09APR2422550CE.NFO,2024-04-08,12:52:00,2024-04-09,0.4,0.4,0.4,0.4,800,410920,0
FINNIFTY09APR2422550CE.NFO,2024-04-08,12:53:00,2024-04-09,0.4,0.4,0.4,0.4,800,410920,1
FINNIFTY09APR2422550CE.NFO,2024-04-08,12:54:00,2024-04-09,0.4,0.4,0.35,0.35,320,410920,0
FINNIFTY09APR2422550CE.NFO,2024-04-08,12:55:00,2024-04-09,0.35,0.4,0.35,0.4,3560,411160,0
FINNIFTY09APR2422550CE.NFO,2024-04-08,12:56:00,2024-04-09,0.4,0.4,0.4,0.4,1160,411160,0
FINNIFTY09APR2422550CE.NFO,2024-04-08,12:57:00,2024-04-09,0.35,0.4,0.35,0.4,880,409360,0
FINNIFTY09APR2422550CE.NFO,2024-04-08,12:58:00,2024-04-09,0.4,0.4,0.4,0.4,40,409360,0
FINNIFTY09APR2422550CE.NFO,2024-04-08,12:59:00,2024-04-09,0.4,0.4,0.4,0.4,0,409360,0
FINNIFTY09APR2422550CE.NFO,2024-04-08,13:00:00,2024-04-09,0.4,0.4,0.4,0.4,0,409320,0
FINNIFTY09APR2422550CE.NFO,2024-04-08,13:01:00,2024-04-09,0.35,0.4,0.35,0.35,1200,409320,0
FINNIFTY09APR2422550CE.NFO,2024-04-08,13:02:00,2024-04-09,0.35,0.4,0.35,0.4,8400,409320,0
FINNIFTY09APR2422550CE.NFO,2024-04-08,13:03:00,2024-04-09,0.35,0.4,0.3,0.35,81840,374640,0
FINNIFTY09APR2422550CE.NFO,2024-04-08,13:04:00,2024-04-09,0.35,0.35,0.25,0.35,162000,374640,0
FINNIFTY09APR2422550CE.NFO,2024-04-08,13:05:00,2024-04-09,0.35,0.35,0.35,0.35,4960,374640,0
FINNIFTY09APR2422550CE.NFO,2024-04-08,13:06:00,2024-04-09,0.35,0.35,0.35,0.35,0,374640,0
FINNIFTY09APR2422550CE.NFO,2024-04-08,13:07:00,2024-04-09,0.35,0.35,0.35,0.35,0,374640,0
FINNIFTY09APR2422550CE.NFO,2024-04-08,13:08:00,2024-04-09,0.35,0.35,0.35,0.35,0,374640,0
FINNIFTY09APR2422550CE.NFO,2024-04-08,13:09:00,2024-04-09,0.35,0.35,0.35,0.35,0,374640,0
FINNIFTY09APR2422550CE.NFO,2024-04-08,13:10:00,2024-04-09,0.35,0.4,0.35,0.4,80,281200,0
FINNIFTY09APR2422550CE.NFO,2024-04-08,13:11:00,2024-04-09,0.4,0.4,0.4,0.4,6640,281200,0
FINNIFTY09APR2422550CE.NFO,2024-04-08,13:12:00,2024-04-09,0.4,0.4,0.4,0.4,0,281200,0
FINNIFTY09APR2422550CE.NFO,2024-04-08,13:13:00,2024-04-09,0.4,0.4,0.4,0.4,0,281200,1
FINNIFTY09APR2422550CE.NFO,2024-04-08,13:14:00,2024-04-09,0.4,0.4,0.4,0.4,0,281200,0
FINNIFTY09APR2422550CE.NFO,2024-04-08,13:15:00,2024-04-09,0.4,0.4,0.4,0.4,0,281200,0
FINNIFTY09APR2422550CE.NFO,2024-04-08,13:16:00,2024-04-09,0.35,0.35,0.35,0.35,40,279520,0
FINNIFTY09APR2422550CE.NFO,2024-04-08,13:17:00,2024-04-09,0.35,0.35,0.35,0.35,200,279520,0
FINNIFTY09APR2422550CE.NFO,2024-04-08,13:18:00,2024-04-09,0.35,0.35,0.35,0.35,0,279520,0
FINNIFTY09APR2422550CE.NFO,2024-04-08,13:19:00,2024-04-09,0.35,0.4,0.35,0.4,40,279280,0
FINNIFTY09APR2422550CE.NFO,2024-04-08,13:20:00,2024-04-09,0.4,0.4,0.4,0.4,0,279280,0
FINNIFTY09APR2422550CE.NFO,2024-04-08,13:21:00,2024-04-09,0.4,0.4,0.4,0.4,0,279280,0
FINNIFTY09APR2422550CE.NFO,2024-04-08,13:22:00,2024-04-09,0.4,0.4,0.4,0.4,0,279280,1
FINNIFTY09APR2422550CE.NFO,2024-04-08,13:23:00,2024-04-09,0.4,0.4,0.4,0.4,0,279280,0
FINNIFTY09APR2422550CE.NFO,2024-04-08,13:24:00,2024-04-09,0.4,0.4,0.4,0.4,2640,279320,0
FINNIFTY09APR2422550CE.NFO,2024-04-08,13:25:00,2024-04-09,0.4,0.4,0.4,0.4,400,279360,0
FINNIFTY09APR2422550CE.NFO,2024-04-08,13:26:00,2024-04-09,0.4,0.4,0.4,0.4,520,279360,0
FINNIFTY09APR2422550CE.NFO,2024-04-08,13:27:00,2024-04-09,0.4,0.4,0.35,0.4,2040,279360,0
FINNIFTY09APR2422550CE.NFO,2024-04-08,13:28:00,2024-04-09,0.4,0.4,0.35,0.4,4320,278960,0
FINNIFTY09APR2422550CE.NFO,2024-04-08,13:29:00,2024-04-09,0.4,0.4,0.35,0.4,440,278960,0
FINNIFTY09APR2422550CE.NFO,2024-04-08,13:30:00,2024-04-09,0.4,0.45,0.4,0.45,15160,278960,0
FINNIFTY09APR2422550CE.NFO,2024-04-08,13:31:00,2024-04-09,0.45,0.45,0.4,0.45,4520,279520,0
FINNIFTY09APR2422550CE.NFO,2024-04-08,13:32:00,2024-04-09,0.4,0.4,0.35,0.35,1080,279520,0
FINNIFTY09APR2422550CE.NFO,2024-04-08,13:33:00,2024-04-09,0.35,0.4,0.35,0.4,960,279520,0
FINNIFTY09APR2422550CE.NFO,2024-04-08,13:34:00,2024-04-09,0.4,0.4,0.4,0.4,240,281480,0
FINNIFTY09APR2422550CE.NFO,2024-04-08,13:35:00,2024-04-09,0.35,0.35,0.35,0.35,480,281480,0
FINNIFTY09APR2422550CE.NFO,2024-04-08,13:36:00,2024-04-09,0.35,0.4,0.35,0.4,880,281480,0
FINNIFTY09APR2422550CE.NFO,2024-04-08,13:37:00,2024-04-09,0.4,0.4,0.4,0.4,720,281640,0
FINNIFTY09APR2422550CE.NFO,2024-04-08,13:38:00,2024-04-09,0.4,0.4,0.4,0.4,240,281640,0
FINNIFTY09APR2422550CE.NFO,2024-04-08,13:39:00,2024-04-09,0.4,0.4,0.35,0.4,1960,281640,0
FINNIFTY09APR2422550CE.NFO,2024-04-08,13:40:00,2024-04-09,0.4,0.4,0.4,0.4,280,283040,0
FINNIFTY09APR2422550CE.NFO,2024-04-08,13:41:00,2024-04-09,0.35,0.4,0.35,0.35,4400,283040,0
FINNIFTY09APR2422550CE.NFO,2024-04-08,13:42:00,2024-04-09,0.35,0.4,0.35,0.35,320,283040,0
FINNIFTY09APR2422550CE.NFO,2024-04-08,13:43:00,2024-04-09,0.35,0.35,0.35,0.35,120,281080,0
FINNIFTY09APR2422550CE.NFO,2024-04-08,13:44:00,2024-04-09,0.35,0.4,0.35,0.4,1800,281080,0
FINNIFTY09APR2422550CE.NFO,2024-04-08,13:45:00,2024-04-09,0.4,0.4,0.4,0.4,0,281080,0
FINNIFTY09APR2422550CE.NFO,2024-04-08,13:46:00,2024-04-09,0.4,0.4,0.35,0.4,80,280160,0
FINNIFTY09APR2422550CE.NFO,2024-04-08,13:47:00,2024-04-09,0.35,0.35,0.35,0.35,40,280160,0
FINNIFTY09APR2422550CE.NFO,2024-04-08,13:48:00,2024-04-09,0.35,0.4,0.35,0.35,2720,280160,0
FINNIFTY09APR2422550CE.NFO,2024-04-08,13:49:00,2024-04-09,0.35,0.4,0.35,0.4,400,278000,0
FINNIFTY09APR2422550CE.NFO,2024-04-08,13:50:00,2024-04-09,0.4,0.4,0.4,0.4,0,278000,0
FINNIFTY09APR2422550CE.NFO,2024-04-08,13:51:00,2024-04-09,0.4,0.4,0.4,0.4,2560,278000,0
FINNIFTY09APR2422550CE.NFO,2024-04-08,13:52:00,2024-04-09,0.4,0.4,0.35,0.35,4480,276600,0
FINNIFTY09APR2422550CE.NFO,2024-04-08,13:53:00,2024-04-09,0.35,0.4,0.35,0.35,1160,276600,0
FINNIFTY09APR2422550CE.NFO,2024-04-08,13:54:00,2024-04-09,0.35,0.35,0.35,0.35,640,276600,0
FINNIFTY09APR2422550CE.NFO,2024-04-08,13:55:00,2024-04-09,0.4,0.4,0.4,0.4,1480,276160,0
FINNIFTY09APR2422550CE.NFO,2024-04-08,13:56:00,2024-04-09,0.4,0.4,0.4,0.4,2000,276160,0
FINNIFTY09APR2422550CE.NFO,2024-04-08,13:57:00,2024-04-09,0.4,0.4,0.4,0.4,3080,276160,0
FINNIFTY09APR2422550CE.NFO,2024-04-08,13:58:00,2024-04-09,0.4,0.4,0.35,0.35,7240,277920,0
FINNIFTY09APR2422550CE.NFO,2024-04-08,13:59:00,2024-04-09,0.35,0.35,0.35,0.35,240,277920,0
FINNIFTY09APR2422550CE.NFO,2024-04-08,14:00:00,2024-04-09,0.35,0.4,0.35,0.4,200,277920,0
FINNIFTY09APR2422550CE.NFO,2024-04-08,14:01:00,2024-04-09,0.4,0.4,0.35,0.35,160,276160,0
FINNIFTY09APR2422550CE.NFO,2024-04-08,14:02:00,2024-04-09,0.35,0.4,0.35,0.4,1200,276160,0
FINNIFTY09APR2422550CE.NFO,2024-04-08,14:03:00,2024-04-09,0.4,0.4,0.35,0.35,2200,276160,0
FINNIFTY09APR2422550CE.NFO,2024-04-08,14:04:00,2024-04-09,0.35,0.4,0.35,0.4,1600,276960,0
FINNIFTY09APR2422550CE.NFO,2024-04-08,14:05:00,2024-04-09,0.4,0.4,0.4,0.4,0,276960,0
FINNIFTY09APR2422550CE.NFO,2024-04-08,14:06:00,2024-04-09,0.4,0.4,0.4,0.4,0,276960,0
FINNIFTY09APR2422550CE.NFO,2024-04-08,14:07:00,2024-04-09,0.4,0.4,0.4,0.4,0,276960,0
FINNIFTY09APR2422550CE.NFO,2024-04-08,14:08:00,2024-04-09,0.35,0.35,0.35,0.35,40,276840,0
FINNIFTY09APR2422550CE.NFO,2024-04-08,14:09:00,2024-04-09,0.35,0.35,0.35,0.35,80,276840,0
FINNIFTY09APR2422550CE.NFO,2024-04-08,14:10:00,2024-04-09,0.35,0.35,0.35,0.35,2920,275800,0
FINNIFTY09APR2422550CE.NFO,2024-04-08,14:11:00,2024-04-09,0.35,0.35,0.35,0.35,0,275800,0
FINNIFTY09APR2422550CE.NFO,2024-04-08,14:12:00,2024-04-09,0.35,0.35,0.35,0.35,0,275800,1
FINNIFTY09APR2422550CE.NFO,2024-04-08,14:13:00,2024-04-09,0.35,0.35,0.35,0.35,240,274920,0
FINNIFTY09APR2422550CE.NFO,2024-04-08,14:14:00,2024-04-09,0.35,0.35,0.35,0.35,240,274920,1
FINNIFTY09APR2422550CE.NFO,2024-04-08,14:15:00,2024-04-09,0.35,0.35,0.35,0.35,0,274920,0
FINNIFTY09APR2422550CE.NFO,2024-04-08,14:16:00,2024-04-09,0.4,0.4,0.4,0.4,160,274920,0
FINNIFTY09APR2422550CE.NFO,2024-04-08,14:17:00,2024-04-09,0.4,0.4,0.35,0.4,2280,274920,0
FINNIFTY09APR2422550CE.NFO,2024-04-08,14:18:00,2024-04-09,0.4,0.4,0.4,0.4,520,274920,0
FINNIFTY09APR2422550CE.NFO,2024-04-08,14:19:00,2024-04-09,0.4,0.4,0.35,0.35,160,276680,0
FINNIFTY09APR2422550CE.NFO,2024-04-08,14:20:00,2024-04-09,0.35,0.35,0.35,0.35,200,276680,0
FINNIFTY09APR2422550CE.NFO,2024-04-08,14:21:00,2024-04-09,0.35,0.4,0.35,0.4,120,276680,0
FINNIFTY09APR2422550CE.NFO,2024-04-08,14:22:00,2024-04-09,0.4,0.4,0.4,0.4,80,276720,0
FINNIFTY09APR2422550CE.NFO,2024-04-08,14:23:00,2024-04-09,0.4,0.4,0.4,0.4,80,276720,1
FINNIFTY09APR2422550CE.NFO,2024-04-08,14:24:00,2024-04-09,0.4,0.4,0.35,0.35,920,276720,0
FINNIFTY09APR2422550CE.NFO,2024-04-08,14:25:00,2024-04-09,0.35,0.35,0.35,0.35,240,275840,0
FINNIFTY09APR2422550CE.NFO,2024-04-08,14:26:00,2024-04-09,0.4,0.4,0.4,0.4,80,275840,0
FINNIFTY09APR2422550CE.NFO,2024-04-08,14:27:00,2024-04-09,0.4,0.4,0.4,0.4,0,275840,0
FINNIFTY09APR2422550CE.NFO,2024-04-08,14:28:00,2024-04-09,0.35,0.35,0.35,0.35,600,275720,0
FINNIFTY09APR2422550CE.NFO,2024-04-08,14:29:00,2024-04-09,0.35,0.4,0.35,0.4,360,275720,0
FINNIFTY09APR2422550CE.NFO,2024-04-08,14:30:00,2024-04-09,0.4,0.4,0.35,0.35,1040,275720,0
FINNIFTY09APR2422550CE.NFO,2024-04-08,14:31:00,2024-04-09,0.35,0.35,0.35,0.35,0,275720,0
FINNIFTY09APR2422550CE.NFO,2024-04-08,14:32:00,2024-04-09,0.35,0.35,0.35,0.35,0,275720,1
FINNIFTY09APR2422550CE.NFO,2024-04-08,14:33:00,2024-04-09,0.35,0.35,0.35,0.35,0,275720,1
FINNIFTY09APR2422550CE.NFO,2024-04-08,14:34:00,2024-04-09,0.35,0.35,0.35,0.35,320,275600,0
FINNIFTY09APR2422550CE.NFO,2024-04-08,14:35:00,2024-04-09,0.4,0.4,0.35,0.35,1080,275600,0
FINNIFTY09APR2422550CE.NFO,2024-04-08,14:36:00,2024-04-09,0.35,0.35,0.35,0.35,400,275600,0
FINNIFTY09APR2422550CE.NFO,2024-04-08,14:37:00,2024-04-09,0.35,0.4,0.35,0.4,2320,275520,0
FINNIFTY09APR2422550CE.NFO,2024-04-08,14:38:00,2024-04-09,0.4,0.4,0.35,0.35,720,275520,0
FINNIFTY09APR2422550CE.NFO,2024-04-08,14:39:00,2024-04-09,0.35,0.35,0.35,0.35,600,275520,0
FINNIFTY09APR2422550CE.NFO,2024-04-08,14:40:00,2024-04-09,0.35,0.35,0.35,0.35,600,275520,1
FINNIFTY09APR2422550CE.NFO,2024-04-08,14:41:00,2024-04-09,0.35,0.35,0.35,0.35,40,272680,0
FINNIFTY09APR2422550CE.NFO,2024-04-08,14:42:00,2024-04-09,0.35,0.35,0.35,0.35,200,272680,0
FINNIFTY09APR2422550CE.NFO,2024-04-08,14:43:00,2024-04-09,0.35,0.35,0.35,0.35,120,272680,0
FINNIFTY09APR2422550CE.NFO,2024-04-08,14:44:00,2024-04-09,0.35,0.35,0.35,0.35,0,272680,0
FINNIFTY09APR2422550CE.NFO,2024-04-08,14:45:00,2024-04-09,0.35,0.35,0.35,0.35,40,272680,0
FINNIFTY09APR2422550CE.NFO,2024-04-08,14:46:00,2024-04-09,0.35,0.35,0.35,0.35,160,272680,0
FINNIFTY09APR2422550CE.NFO,2024-04-08,14:47:00,2024-04-09,0.35,0.35,0.35,0.35,0,272680,0
FINNIFTY09APR2422550CE.NFO,2024-04-08,14:48:00,2024-04-09,0.35,0.35,0.35,0.35,0,272680,0
FINNIFTY09APR2422550CE.NFO,2024-04-08,14:49:00,2024-04-09,0.35,0.35,0.35,0.35,0,272680,0
FINNIFTY09APR2422550CE.NFO,2024-04-08,14:50:00,2024-04-09,0.35,0.35,0.35,0.35,0,272680,0
FINNIFTY09APR2422550CE.NFO,2024-04-08,14:51:00,2024-04-09,0.35,0.35,0.35,0.35,7360,272640,0
FINNIFTY09APR2422550CE.NFO,2024-04-08,14:52:00,2024-04-09,0.35,0.35,0.35,0.35,0,272640,0
FINNIFTY09APR2422550CE.NFO,2024-04-08,14:53:00,2024-04-09,0.35,0.35,0.35,0.35,4640,272640,0
FINNIFTY09APR2422550CE.NFO,2024-04-08,14:54:00,2024-04-09,0.35,0.4,0.3,0.4,5080,272640,0
FINNIFTY09APR2422550CE.NFO,2024-04-08,14:55:00,2024-04-09,0.4,0.4,0.35,0.35,400,272640,0
FINNIFTY09APR2422550CE.NFO,2024-04-08,14:56:00,2024-04-09,0.35,0.35,0.35,0.35,720,270640,0
FINNIFTY09APR2422550CE.NFO,2024-04-08,14:57:00,2024-04-09,0.35,0.35,0.35,0.35,0,270640,0
FINNIFTY09APR2422550CE.NFO,2024-04-08,14:58:00,2024-04-09,0.35,0.35,0.35,0.35,0,270640,0
FINNIFTY09APR2422550CE.NFO,2024-04-08,14:59:00,2024-04-09,0.4,0.4,0.4,0.4,2880,270040,0
FINNIFTY09APR2422550CE.NFO,2024-04-08,15:00:00,2024-04-09,0.4,0.45,0.35,0.4,9960,270040,0
FINNIFTY09APR2422550CE.NFO,2024-04-08,15:01:00,2024-04-09,0.4,0.4,0.3,0.35,22600,271640,0
FINNIFTY09APR2422550CE.NFO,2024-04-08,15:02:00,2024-04-09,0.4,0.4,0.3,0.4,21200,271640,0
FINNIFTY09APR2422550CE.NFO,2024-04-08,15:03:00,2024-04-09,0.4,0.4,0.4,0.4,960,271640,0
FINNIFTY09APR2422550CE.NFO,2024-04-08,15:04:00,2024-04-09,0.4,0.4,0.35,0.4,920,247480,0
FINNIFTY09APR2422550CE.NFO,2024-04-08,15:05:00,2024-04-09,0.35,0.4,0.3,0.35,15000,247480,0
FINNIFTY09APR2422550CE.NFO,2024-04-08,15:06:00,2024-04-09,0.35,0.4,0.35,0.35,4000,247480,0
FINNIFTY09APR2422550CE.NFO,2024-04-08,15:07:00,2024-04-09,0.4,0.4,0.35,0.4,2520,238760,0
FINNIFTY09APR2422550CE.NFO,2024-04-08,15:08:00,2024-04-09,0.4,0.4,0.4,0.4,960,238760,0
FINNIFTY09APR2422550CE.NFO,2024-04-08,15:09:00,2024-04-09,0.4,0.4,0.4,0.4,800,238760,0
FINNIFTY09APR2422550CE.NFO,2024-04-08,15:10:00,2024-04-09,0.4,0.4,0.35,0.35,7120,237280,0
FINNIFTY09APR2422550CE.NFO,2024-04-08,15:11:00,2024-04-09,0.35,0.4,0.35,0.35,760,237280,0
FINNIFTY09APR2422550CE.NFO,2024-04-08,15:12:00,2024-04-09,0.35,0.45,0.35,0.4,60760,237280,0
FINNIFTY09APR2422550CE.NFO,2024-04-08,15:13:00,2024-04-09,0.4,0.45,0.35,0.4,27040,241280,0
FINNIFTY09APR2422550CE.NFO,2024-04-08,15:14:00,2024-04-09,0.4,0.45,0.4,0.4,3720,241280,0
FINNIFTY09APR2422550CE.NFO,2024-04-08,15:15:00,2024-04-09,0.35,0.4,0.35,0.35,16440,241280,0
FINNIFTY09APR2422550CE.NFO,2024-04-08,15:16:00,2024-04-09,0.35,0.4,0.35,0.35,10440,236400,0
FINNIFTY09APR2422550CE.NFO,2024-04-08,15:17:00,2024-04-09,0.35,0.35,0.3,0.3,31040,236400,0
FINNIFTY09APR2422550CE.NFO,2024-04-08,15:18:00,2024-04-09,0.3,0.35,0.25,0.3,80760,236400,0
FINNIFTY09APR2422550CE.NFO,2024-04-08,15:19:00,2024-04-09,0.25,0.3,0.25,0.3,53320,243840,0
FINNIFTY09APR2422550CE.NFO,2024-04-08,15:20:00,2024-04-09,0.3,0.3,0.25,0.3,54880,243840,0
FINNIFTY09APR2422550CE.NFO,2024-04-08,15:21:00,2024-04-09,0.3,0.35,0.25,0.25,33280,243840,0
FINNIFTY09APR2422550CE.NFO,2024-04-08,15:22:00,2024-04-09,0.25,0.3,0.25,0.3,40080,296720,0
FINNIFTY09APR2422550CE.NFO,2024-04-08,15:23:00,2024-04-09,0.3,0.3,0.25,0.25,41640,296720,0
FINNIFTY09APR2422550CE.NFO,2024-04-08,15:24:00,2024-04-09,0.25,0.3,0.25,0.25,40640,296720,0
FINNIFTY09APR2422550CE.NFO,2024-04-08,15:25:00,2024-04-09,0.25,0.3,0.25,0.25,31440,365320,0
FINNIFTY09APR2422550CE.NFO,2024-04-08,15:26:00,2024-04-09,0.25,0.3,0.25,0.25,25720,365320,0
FINNIFTY09APR2422550CE.NFO,2024-04-08,15:27:00,2024-04-09,0.25,0.3,0.25,0.3,7000,365320,0
FINNIFTY09APR2422550CE.NFO,2024-04-08,15:28:00,2024-04-09,0.3,0.3,0.25,0.3,8960,395800,0
FINNIFTY09APR2422550CE.NFO,2024-04-08,15:29:00,2024-04-09,0.3,0.3,0.25,0.25,12560,395800,0
FINNIFTY09APR2422550CE.NFO,2024-04-08,15:30:00,2024-04-09,0.25,0.25,0.25,0.25,12560,395800,1
FINNIFTY09APR2422550CE.NFO,2024-04-09,09:15:00,2024-04-09,0.3,0.45,0.3,0.35,78480,397080,0
FINNIFTY09APR2422550CE.NFO,2024-04-09,09:16:00,2024-04-09,0.35,0.35,0.3,0.35,104680,397080,0
FINNIFTY09APR2422550CE.NFO,2024-04-09,09:17:00,2024-04-09,0.35,0.35,0.3,0.35,24720,397080,0
FINNIFTY09APR2422550CE.NFO,2024-04-09,09:18:00,2024-04-09,0.35,0.35,0.35,0.35,11920,423760,0
FINNIFTY09APR2422550CE.NFO,2024-04-09,09:19:00,2024-04-09,0.35,0.35,0.3,0.35,17920,423760,0
FINNIFTY09APR2422550CE.NFO,2024-04-09,09:20:00,2024-04-09,0.35,0.35,0.3,0.35,8800,423760,0
FINNIFTY09APR2422550CE.NFO,2024-04-09,09:21:00,2024-04-09,0.35,0.35,0.3,0.3,13200,428560,0
FINNIFTY09APR2422550CE.NFO,2024-04-09,09:22:00,2024-04-09,0.3,0.35,0.3,0.35,42120,428560,0
FINNIFTY09APR2422550CE.NFO,2024-04-09,09:23:00,2024-04-09,0.35,0.35,0.3,0.3,37520,428560,0
FINNIFTY09APR2422550CE.NFO,2024-04-09,09:24:00,2024-04-09,0.35,0.35,0.3,0.35,33360,436600,0
FINNIFTY09APR2422550CE.NFO,2024-04-09,09:25:00,2024-04-09,0.35,0.35,0.3,0.35,62720,436600,0
FINNIFTY09APR2422550CE.NFO,2024-04-09,09:26:00,2024-04-09,0.35,0.35,0.3,0.35,24280,436600,0
FINNIFTY09APR2422550CE.NFO,2024-04-09,09:27:00,2024-04-09,0.35,0.35,0.3,0.35,57520,506040,0
FINNIFTY09APR2422550CE.NFO,2024-04-09,09:28:00,2024-04-09,0.35,0.35,0.3,0.35,17600,506040,0
FINNIFTY09APR2422550CE.NFO,2024-04-09,09:29:00,2024-04-09,0.35,0.35,0.3,0.35,34760,506040,0
FINNIFTY09APR2422550CE.NFO,2024-04-09,09:30:00,2024-04-09,0.35,0.35,0.3,0.35,37120,532320,0
FINNIFTY09APR2422550CE.NFO,2024-04-09,09:31:00,2024-04-09,0.35,0.4,0.3,0.35,43960,532320,0
FINNIFTY09APR2422550CE.NFO,2024-04-09,09:32:00,2024-04-09,0.4,0.4,0.35,0.4,174760,532320,0
FINNIFTY09APR2422550CE.NFO,2024-04-09,09:33:00,2024-04-09,0.4,0.4,0.35,0.4,59600,601760,0
FINNIFTY09APR2422550CE.NFO,2024-04-09,09:34:00,2024-04-09,0.35,0.4,0.3,0.3,123440,601760,0
FINNIFTY09APR2422550CE.NFO,2024-04-09,09:35:00,2024-04-09,0.35,0.35,0.3,0.3,4000,601760,0
FINNIFTY09APR2422550CE.NFO,2024-04-09,09:36:00,2024-04-09,0.3,0.35,0.3,0.35,3320,645040,0
FINNIFTY09APR2422550CE.NFO,2024-04-09,09:37:00,2024-04-09,0.35,0.35,0.3,0.35,27560,645040,0
FINNIFTY09APR2422550CE.NFO,2024-04-09,09:38:00,2024-04-09,0.35,0.35,0.3,0.3,27080,645040,0
FINNIFTY09APR2422550CE.NFO,2024-04-09,09:39:00,2024-04-09,0.3,0.35,0.3,0.3,10160,672400,0
FINNIFTY09APR2422550CE.NFO,2024-04-09,09:40:00,2024-04-09,0.3,0.35,0.3,0.35,8960,672400,0
FINNIFTY09APR2422550CE.NFO,2024-04-09,09:41:00,2024-04-09,0.3,0.35,0.3,0.35,15560,672400,0
FINNIFTY09APR2422550CE.NFO,2024-04-09,09:42:00,2024-04-09,0.35,0.35,0.3,0.35,15880,673360,0
FINNIFTY09APR2422550CE.NFO,2024-04-09,09:43:00,2024-04-09,0.35,0.35,0.3,0.3,63840,673360,0
FINNIFTY09APR2422550CE.NFO,2024-04-09,09:44:00,2024-04-09,0.3,0.35,0.3,0.35,37960,673360,0
FINNIFTY09APR2422550CE.NFO,2024-04-09,09:45:00,2024-04-09,0.3,0.35,0.3,0.35,36800,748560,0
FINNIFTY09APR2422550CE.NFO,2024-04-09,09:46:00,2024-04-09,0.35,0.35,0.3,0.35,27200,748560,0
FINNIFTY09APR2422550CE.NFO,2024-04-09,09:47:00,2024-04-09,0.3,0.4,0.3,0.35,391040,748560,0
FINNIFTY09APR2422550CE.NFO,2024-04-09,09:48:00,2024-04-09,0.35,0.4,0.35,0.35,158200,1004320,0
FINNIFTY09APR2422550CE.NFO,2024-04-09,09:49:00,2024-04-09,0.35,0.35,0.3,0.35,8840,1004320,0
FINNIFTY09APR2422550CE.NFO,2024-04-09,09:50:00,2024-04-09,0.35,0.35,0.3,0.35,32200,1004320,0
FINNIFTY09APR2422550CE.NFO,2024-04-09,09:51:00,2024-04-09,0.35,0.35,0.3,0.35,21280,1032360,0
FINNIFTY09APR2422550CE.NFO,2024-04-09,09:52:00,2024-04-09,0.35,0.35,0.3,0.35,11160,1032360,0
FINNIFTY09APR2422550CE.NFO,2024-04-09,09:53:00,2024-04-09,0.35,0.35,0.3,0.3,120,1032360,0
FINNIFTY09APR2422550CE.NFO,2024-04-09,09:54:00,2024-04-09,0.35,0.35,0.35,0.35,2320,1026400,0
FINNIFTY09APR2422550CE.NFO,2024-04-09,09:55:00,2024-04-09,0.35,0.35,0.3,0.3,1360,1026400,0
FINNIFTY09APR2422550CE.NFO,2024-04-09,09:56:00,2024-04-09,0.3,0.35,0.3,0.35,6800,1026400,0
FINNIFTY09APR2422550CE.NFO,2024-04-09,09:57:00,2024-04-09,0.35,0.35,0.3,0.35,880,1020680,0
FINNIFTY09APR2422550CE.NFO,2024-04-09,09:58:00,2024-04-09,0.3,0.35,0.3,0.3,3280,1020680,0
FINNIFTY09APR2422550CE.NFO,2024-04-09,09:59:00,2024-04-09,0.3,0.35,0.3,0.35,1520,1020680,0
FINNIFTY09APR2422550CE.NFO,2024-04-09,10:00:00,2024-04-09,0.35,0.35,0.3,0.3,4720,1019680,0
FINNIFTY09APR2422550CE.NFO,2024-04-09,10:01:00,2024-04-09,0.3,0.35,0.3,0.3,13280,1019680,0
FINNIFTY09APR2422550CE.NFO,2024-04-09,10:02:00,2024-04-09,0.3,0.35,0.3,0.35,9680,1019680,0
FINNIFTY09APR2422550CE.NFO,2024-04-09,10:03:00,2024-04-09,0.35,0.35,0.3,0.3,3720,1031360,0
FINNIFTY09APR2422550CE.NFO,2024-04-09,10:04:00,2024-04-09,0.35,0.35,0.3,0.3,3520,1031360,0
FINNIFTY09APR2422550CE.NFO,2024-04-09,10:05:00,2024-04-09,0.35,0.35,0.3,0.35,7360,1031360,0
FINNIFTY09APR2422550CE.NFO,2024-04-09,10:06:00,2024-04-09,0.35,0.35,0.3,0.3,9800,1037400,0
FINNIFTY09APR2422550CE.NFO,2024-04-09,10:07:00,2024-04-09,0.3,0.35,0.3,0.3,47760,1037400,0
FINNIFTY09APR2422550CE.NFO,2024-04-09,10:08:00,2024-04-09,0.35,0.35,0.3,0.35,75200,1037400,0
FINNIFTY09APR2422550CE.NFO,2024-04-09,10:09:00,2024-04-09,0.35,0.35,0.3,0.3,70760,1164280,0
FINNIFTY09APR2422550CE.NFO,2024-04-09,10:10:00,2024-04-09,0.3,0.35,0.3,0.3,35080,1164280,0
FINNIFTY09APR2422550CE.NFO,2024-04-09,10:11:00,2024-04-09,0.3,0.3,0.3,0.3,65320,1164280,0
FINNIFTY09APR2422550CE.NFO,2024-04-09,10:12:00,2024-04-09,0.3,0.3,0.25,0.25,3080,1222520,0
FINNIFTY09APR2422550CE.NFO,2024-04-09,10:13:00,2024-04-09,0.25,0.3,0.25,0.25,6920,1222520,0
FINNIFTY09APR2422550CE.NFO,2024-04-09,10:14:00,2024-04-09,0.25,0.3,0.25,0.3,3680,1222520,0
FINNIFTY09APR2422550CE.NFO,2024-04-09,10:15:00,2024-04-09,0.3,0.3,0.25,0.3,8360,1221520,0
FINNIFTY09APR2422550CE.NFO,2024-04-09,10:16:00,2024-04-09,0.3,0.3,0.25,0.25,23280,1221520,0
FINNIFTY09APR2422550CE.NFO,2024-04-09,10:17:00,2024-04-09,0.25,0.3,0.25,0.25,13160,1221520,0
FINNIFTY09APR2422550CE.NFO,2024-04-09,10:18:00,2024-04-09,0.25,0.3,0.25,0.3,600,1202920,0
FINNIFTY09APR2422550CE.NFO,2024-04-09,10:19:00,2024-04-09,0.3,0.3,0.25,0.25,1320,1202920,0
FINNIFTY09APR2422550CE.NFO,2024-04-09,10:20:00,2024-04-09,0.25,0.3,0.25,0.3,3240,1202920,0
FINNIFTY09APR2422550CE.NFO,2024-04-09,10:21:00,2024-04-09,0.3,0.3,0.25,0.3,3080,1199360,0
FINNIFTY09APR2422550CE.NFO,2024-04-09,10:22:00,2024-04-09,0.3,0.3,0.3,0.3,6960,1199360,0
FINNIFTY09APR2422550CE.NFO,2024-04-09,10:23:00,2024-04-09,0.3,0.3,0.25,0.25,39640,1199360,0
FINNIFTY09APR2422550CE.NFO,2024-04-09,10:24:00,2024-04-09,0.3,0.3,0.25,0.3,4000,1151920,0
FINNIFTY09APR2422550CE.NFO,2024-04-09,10:25:00,2024-04-09,0.3,0.3,0.3,0.3,8520,1151920,0
FINNIFTY09APR2422550CE.NFO,2024-04-09,10:26:00,2024-04-09,0.3,0.3,0.3,0.3,29440,1151920,0
FINNIFTY09APR2422550CE.NFO,2024-04-09,10:27:00,2024-04-09,0.3,0.3,0.25,0.25,2400,1121920,0
FINNIFTY09APR2422550CE.NFO,2024-04-09,10:28:00,2024-04-09,0.25,0.25,0.25,0.25,1440,1121920,0
FINNIFTY09APR2422550CE.NFO,2024-04-09,10:29:00,2024-04-09,0.25,0.3,0.25,0.3,2080,1121920,0
FINNIFTY09APR2422550CE.NFO,2024-04-09,10:30:00,2024-04-09,0.3,0.3,0.3,0.3,5280,1122720,0
FINNIFTY09APR2422550CE.NFO,2024-04-09,10:31:00,2024-04-09,0.3,0.3,0.25,0.3,5880,1122720,0
FINNIFTY09APR2422550CE.NFO,2024-04-09,10:32:00,2024-04-09,0.3,0.3,0.25,0.25,7480,1122720,0
FINNIFTY09APR2422550CE.NFO,2024-04-09,10:33:00,2024-04-09,0.25,0.25,0.25,0.25,3120,1130920,0
FINNIFTY09APR2422550CE.NFO,2024-04-09,10:34:00,2024-04-09,0.25,0.3,0.25,0.3,13840,1130920,0
FINNIFTY09APR2422550CE.NFO,2024-04-09,10:35:00,2024-04-09,0.3,0.3,0.25,0.25,7640,1130920,0
FINNIFTY09APR2422550CE.NFO,2024-04-09,10:36:00,2024-04-09,0.25,0.3,0.2,0.2,11800,1144760,0
FINNIFTY09APR2422550CE.NFO,2024-04-09,10:37:00,2024-04-09,0.2,0.25,0.2,0.25,3400,1144760,0
FINNIFTY09APR2422550CE.NFO,2024-04-09,10:38:00,2024-04-09,0.25,0.25,0.2,0.2,47080,1144760,0
FINNIFTY09APR2422550CE.NFO,2024-04-09,10:39:00,2024-04-09,0.2,0.25,0.2,0.2,12560,1126200,0
FINNIFTY09APR2422550CE.NFO,2024-04-09,10:40:00,2024-04-09,0.2,0.25,0.2,0.25,8840,1126200,0
FINNIFTY09APR2422550CE.NFO,2024-04-09,10:41:00,2024-04-09,0.25,0.25,0.2,0.2,15040,1126200,0
FINNIFTY09APR2422550CE.NFO,2024-04-09,10:42:00,2024-04-09,0.2,0.25,0.2,0.25,23400,1114600,0
FINNIFTY09APR2422550CE.NFO,2024-04-09,10:43:00,2024-04-09,0.2,0.25,0.2,0.2,11400,1114600,0
FINNIFTY09APR2422550CE.NFO,2024-04-09,10:44:00,2024-04-09,0.2,0.25,0.2,0.25,2600,1114600,0
FINNIFTY09APR2422550CE.NFO,2024-04-09,10:45:00,2024-04-09,0.25,0.25,0.2,0.25,11280,1110360,0
FINNIFTY09APR2422550CE.NFO,2024-04-09,10:46:00,2024-04-09,0.2,0.2,0.2,0.2,2280,1110360,0
FINNIFTY09APR2422550CE.NFO,2024-04-09,10:47:00,2024-04-09,0.2,0.25,0.2,0.25,3600,1110360,0
FINNIFTY09APR2422550CE.NFO,2024-04-09,10:48:00,2024-04-09,0.25,0.25,0.2,0.2,40,1110360,0
FINNIFTY09APR2422550CE.NFO,2024-04-09,10:49:00,2024-04-09,0.2,0.25,0.2,0.2,6840,1110240,0
FINNIFTY09APR2422550CE.NFO,2024-04-09,10:50:00,2024-04-09,0.2,0.25,0.2,0.2,4280,1110240,0
FINNIFTY09APR2422550CE.NFO,2024-04-09,10:51:00,2024-04-09,0.2,0.25,0.2,0.25,8280,1103400,0
FINNIFTY09APR2422550CE.NFO,2024-04-09,10:52:00,2024-04-09,0.25,0.25,0.2,0.25,4960,1103400,0
FINNIFTY09APR2422550CE.NFO,2024-04-09,10:53:00,2024-04-09,0.25,0.25,0.25,0.25,40,1103400,0
FINNIFTY09APR2422550CE.NFO,2024-04-09,10:54:00,2024-04-09,0.25,0.25,0.25,0.25,0,1103400,0
FINNIFTY09APR2422550CE.NFO,2024-04-09,10:55:00,2024-04-09,0.25,0.25,0.25,0.25,440,1099360,0
FINNIFTY09APR2422550CE.NFO,2024-04-09,10:56:00,2024-04-09,0.25,0.25,0.2,0.2,20160,1099360,0
FINNIFTY09APR2422550CE.NFO,2024-04-09,10:57:00,2024-04-09,0.2,0.25,0.15,0.2,51120,1069880,0
FINNIFTY09APR2422550CE.NFO,2024-04-09,10:58:00,2024-04-09,0.2,0.2,0.15,0.2,25280,1069880,0
FINNIFTY09APR2422550CE.NFO,2024-04-09,10:59:00,2024-04-09,0.2,0.25,0.2,0.2,84320,1069880,0
FINNIFTY09APR2422550CE.NFO,2024-04-09,11:00:00,2024-04-09,0.2,0.25,0.2,0.2,1040,1066560,0
FINNIFTY09APR2422550CE.NFO,2024-04-09,11:01:00,2024-04-09,0.2,0.25,0.2,0.25,1200,1066560,0
FINNIFTY09APR2422550CE.NFO,2024-04-09,11:02:00,2024-04-09,0.25,0.25,0.15,0.2,49120,1066560,0
FINNIFTY09APR2422550CE.NFO,2024-04-09,11:03:00,2024-04-09,0.2,0.2,0.15,0.2,11360,1066560,0
FINNIFTY09APR2422550CE.NFO,2024-04-09,11:04:00,2024-04-09,0.2,0.25,0.2,0.25,115320,1045800,0
FINNIFTY09APR2422550CE.NFO,2024-04-09,11:05:00,2024-04-09,0.25,0.25,0.2,0.2,30920,1045800,0
FINNIFTY09APR2422550CE.NFO,2024-04-09,11:06:00,2024-04-09,0.2,0.25,0.2,0.2,11920,1030720,0
FINNIFTY09APR2422550CE.NFO,2024-04-09,11:07:00,2024-04-09,0.2,0.25,0.2,0.2,4800,1030720,0
FINNIFTY09APR2422550CE.NFO,2024-04-09,11:08:00,2024-04-09,0.2,0.2,0.2,0.2,6600,1030720,0
FINNIFTY09APR2422550CE.NFO,2024-04-09,11:09:00,2024-04-09,0.2,0.2,0.2,0.2,80,1030720,0
FINNIFTY09APR2422550CE.NFO,2024-04-09,11:10:00,2024-04-09,0.2,0.2,0.2,0.2,16160,1043640,0
FINNIFTY09APR2422550CE.NFO,2024-04-09,11:11:00,2024-04-09,0.2,0.2,0.2,0.2,27000,1043640,0
FINNIFTY09APR2422550CE.NFO,2024-04-09,11:12:00,2024-04-09,0.2,0.2,0.2,0.2,7560,1038040,0
FINNIFTY09APR2422550CE.NFO,2024-04-09,11:13:00,2024-04-09,0.2,0.2,0.2,0.2,2320,1038040,0
FINNIFTY09APR2422550CE.NFO,2024-04-09,11:14:00,2024-04-09,0.2,0.2,0.15,0.15,8440,1038040,0
FINNIFTY09APR2422550CE.NFO,2024-04-09,11:15:00,2024-04-09,0.2,0.2,0.15,0.15,578960,961280,0
FINNIFTY09APR2422550CE.NFO,2024-04-09,11:16:00,2024-04-09,0.15,0.2,0.15,0.2,329520,961280,0
FINNIFTY09APR2422550CE.NFO,2024-04-09,11:17:00,2024-04-09,0.2,0.2,0.15,0.15,11840,961280,0
FINNIFTY09APR2422550CE.NFO,2024-04-09,11:18:00,2024-04-09,0.15,0.15,0.15,0.15,360,961280,0
FINNIFTY09APR2422550CE.NFO,2024-04-09,11:19:00,2024-04-09,0.15,0.15,0.1,0.15,404520,925760,0
FINNIFTY09APR2422550CE.NFO,2024-04-09,11:20:00,2024-04-09,0.15,0.15,0.15,0.15,16680,925760,0
FINNIFTY09APR2422550CE.NFO,2024-04-09,11:21:00,2024-04-09,0.15,0.15,0.1,0.15,1240,831400,0
FINNIFTY09APR2422550CE.NFO,2024-04-09,11:22:00,2024-04-09,0.15,0.15,0.1,0.15,10880,831400,0
FINNIFTY09APR2422550CE.NFO,2024-04-09,11:23:00,2024-04-09,0.15,0.15,0.15,0.15,200,831400,0
FINNIFTY09APR2422550CE.NFO,2024-04-09,11:24:00,2024-04-09,0.15,0.15,0.15,0.15,800,824720,0
FINNIFTY09APR2422550CE.NFO,2024-04-09,11:25:00,2024-04-09,0.15,0.15,0.15,0.15,6760,824720,0
FINNIFTY09APR2422550CE.NFO,2024-04-09,11:26:00,2024-04-09,0.15,0.15,0.15,0.15,2400,824720,0
FINNIFTY09APR2422550CE.NFO,2024-04-09,11:27:00,2024-04-09,0.15,0.15,0.15,0.15,14960,824720,0
FINNIFTY09APR2422550CE.NFO,2024-04-09,11:28:00,2024-04-09,0.15,0.15,0.15,0.15,600,803120,0
FINNIFTY09APR2422550CE.NFO,2024-04-09,11:29:00,2024-04-09,0.15,0.15,0.1,0.15,9000,803120,0
FINNIFTY09APR2422550CE.NFO,2024-04-09,11:30:00,2024-04-09,0.15,0.15,0.1,0.1,400,803120,0
FINNIFTY09APR2422550CE.NFO,2024-04-09,11:31:00,2024-04-09,0.1,0.15,0.1,0.15,5600,791080,0
FINNIFTY09APR2422550CE.NFO,2024-04-09,11:32:00,2024-04-09,0.15,0.15,0.15,0.15,40,791080,0
FINNIFTY09APR2422550CE.NFO,2024-04-09,11:33:00,2024-04-09,0.15,0.15,0.15,0.15,0,791080,0
FINNIFTY09APR2422550CE.NFO,2024-04-09,11:34:00,2024-04-09,0.15,0.15,0.15,0.15,80,791080,0
FINNIFTY09APR2422550CE.NFO,2024-04-09,11:35:00,2024-04-09,0.15,0.15,0.15,0.15,2840,791080,0
FINNIFTY09APR2422550CE.NFO,2024-04-09,11:36:00,2024-04-09,0.15,0.15,0.1,0.15,21920,785280,0
FINNIFTY09APR2422550CE.NFO,2024-04-09,11:37:00,2024-04-09,0.15,0.15,0.15,0.15,38880,785280,0
FINNIFTY09APR2422550CE.NFO,2024-04-09,11:38:00,2024-04-09,0.1,0.2,0.1,0.15,167240,785280,0
FINNIFTY09APR2422550CE.NFO,2024-04-09,11:39:00,2024-04-09,0.15,0.15,0.1,0.15,362320,785280,0
FINNIFTY09APR2422550CE.NFO,2024-04-09,11:40:00,2024-04-09,0.15,0.15,0.1,0.15,44600,767200,0
FINNIFTY09APR2422550CE.NFO,2024-04-09,11:41:00,2024-04-09,0.15,0.15,0.15,0.15,0,767200,0
FINNIFTY09APR2422550CE.NFO,2024-04-09,11:42:00,2024-04-09,0.15,0.15,0.15,0.15,7400,735200,0
FINNIFTY09APR2422550CE.NFO,2024-04-09,11:43:00,2024-04-09,0.15,0.15,0.15,0.15,3560,735200,0
FINNIFTY09APR2422550CE.NFO,2024-04-09,11:44:00,2024-04-09,0.15,0.15,0.15,0.15,1640,735200,0
FINNIFTY09APR2422550CE.NFO,2024-04-09,11:45:00,2024-04-09,0.15,0.15,0.1,0.15,3960,732200,0
FINNIFTY09APR2422550CE.NFO,2024-04-09,11:46:00,2024-04-09,0.15,0.15,0.1,0.1,4760,732200,0
FINNIFTY09APR2422550CE.NFO,2024-04-09,11:47:00,2024-04-09,0.1,0.15,0.1,0.15,1040,732200,0
FINNIFTY09APR2422550CE.NFO,2024-04-09,11:48:00,2024-04-09,0.15,0.15,0.15,0.15,280,728040,0
FINNIFTY09APR2422550CE.NFO,2024-04-09,11:49:00,2024-04-09,0.15,0.15,0.15,0.15,3120,728040,0
FINNIFTY09APR2422550CE.NFO,2024-04-09,11:50:00,2024-04-09,0.15,0.15,0.15,0.15,4280,728040,0
FINNIFTY09APR2422550CE.NFO,2024-04-09,11:51:00,2024-04-09,0.15,0.15,0.1,0.1,55520,726040,0
FINNIFTY09APR2422550CE.NFO,2024-04-09,11:52:00,2024-04-09,0.1,0.15,0.1,0.15,1480,726040,0
FINNIFTY09APR2422550CE.NFO,2024-04-09,11:53:00,2024-04-09,0.15,0.15,0.1,0.1,2360,726040,0
FINNIFTY09APR2422550CE.NFO,2024-04-09,11:54:00,2024-04-09,0.1,0.1,0.1,0.1,0,726040,0
FINNIFTY09APR2422550CE.NFO,2024-04-09,11:55:00,2024-04-09,0.1,0.15,0.1,0.15,1760,712440,0
FINNIFTY09APR2422550CE.NFO,2024-04-09,11:56:00,2024-04-09,0.15,0.15,0.1,0.15,360,712440,0
FINNIFTY09APR2422550CE.NFO,2024-04-09,11:57:00,2024-04-09,0.15,0.15,0.15,0.15,2280,712080,0
FINNIFTY09APR2422550CE.NFO,2024-04-09,11:58:00,2024-04-09,0.15,0.15,0.1,0.1,5480,712080,0
FINNIFTY09APR2422550CE.NFO,2024-04-09,11:59:00,2024-04-09,0.1,0.15,0.1,0.1,1320,712080,0
FINNIFTY09APR2422550CE.NFO,2024-04-09,12:00:00,2024-04-09,0.15,0.15,0.15,0.15,3880,708440,0
FINNIFTY09APR2422550CE.NFO,2024-04-09,12:01:00,2024-04-09,0.15,0.15,0.15,0.15,840,708440,0
FINNIFTY09APR2422550CE.NFO,2024-04-09,12:02:00,2024-04-09,0.15,0.15,0.1,0.1,1800,708440,0
FINNIFTY09APR2422550CE.NFO,2024-04-09,12:03:00,2024-04-09,0.1,0.15,0.1,0.15,5160,708440,0
FINNIFTY09APR2422550CE.NFO,2024-04-09,12:04:00,2024-04-09,0.15,0.15,0.15,0.15,5240,702840,0
FINNIFTY09APR2422550CE.NFO,2024-04-09,12:05:00,2024-04-09,0.15,0.15,0.1,0.15,8320,702840,0
FINNIFTY09APR2422550CE.NFO,2024-04-09,12:06:00,2024-04-09,0.15,0.15,0.15,0.15,1880,702840,0
FINNIFTY09APR2422550CE.NFO,2024-04-09,12:07:00,2024-04-09,0.15,0.15,0.1,0.1,3400,686440,0
FINNIFTY09APR2422550CE.NFO,2024-04-09,12:08:00,2024-04-09,0.1,0.15,0.1,0.15,640,686440,0
FINNIFTY09APR2422550CE.NFO,2024-04-09,12:09:00,2024-04-09,0.15,0.15,0.15,0.15,2040,681600,0
FINNIFTY09APR2422550CE.NFO,2024-04-09,12:10:00,2024-04-09,0.15,0.15,0.15,0.15,80,681600,0
FINNIFTY09APR2422550CE.NFO,2024-04-09,12:11:00,2024-04-09,0.15,0.15,0.1,0.1,4080,681600,0
FINNIFTY09APR2422550CE.NFO,2024-04-09,12:12:00,2024-04-09,0.1,0.15,0.1,0.15,15320,669600,0
FINNIFTY09APR2422550CE.NFO,2024-04-09,12:13:00,2024-04-09,0.15,0.15,0.1,0.15,5760,669600,0
FINNIFTY09APR2422550CE.NFO,2024-04-09,12:14:00,2024-04-09,0.15,0.15,0.1,0.15,2520,669600,0
FINNIFTY09APR2422550CE.NFO,2024-04-09,12:15:00,2024-04-09,0.15,0.15,0.15,0.15,1200,669600,0
FINNIFTY09APR2422550CE.NFO,2024-04-09,12:16:00,2024-04-09,0.15,0.15,0.15,0.15,3120,668320,0
FINNIFTY09APR2422550CE.NFO,2024-04-09,12:17:00,2024-04-09,0.15,0.15,0.15,0.15,1600,668320,0
FINNIFTY09APR2422550CE.NFO,2024-04-09,12:18:00,2024-04-09,0.15,0.15,0.1,0.1,1160,668320,0
FINNIFTY09APR2422550CE.NFO,2024-04-09,12:19:00,2024-04-09,0.1,0.15,0.1,0.15,8480,665760,0
FINNIFTY09APR2422550CE.NFO,2024-04-09,12:20:00,2024-04-09,0.15,0.15,0.15,0.15,1280,665760,0
FINNIFTY09APR2422550CE.NFO,2024-04-09,12:21:00,2024-04-09,0.15,0.15,0.1,0.1,800,665760,0
FINNIFTY09APR2422550CE.NFO,2024-04-09,12:22:00,2024-04-09,0.1,0.1,0.1,0.1,0,665760,0
FINNIFTY09APR2422550CE.NFO,2024-04-09,12:23:00,2024-04-09,0.1,0.15,0.1,0.15,4120,663360,0
FINNIFTY09APR2422550CE.NFO,2024-04-09,12:24:00,2024-04-09,0.15,0.15,0.15,0.15,0,663360,0
FINNIFTY09APR2422550CE.NFO,2024-04-09,12:25:00,2024-04-09,0.15,0.15,0.15,0.15,1360,660800,0
FINNIFTY09APR2422550CE.NFO,2024-04-09,12:26:00,2024-04-09,0.15,0.15,0.1,0.15,1840,660800,0
FINNIFTY09APR2422550CE.NFO,2024-04-09,12:27:00,2024-04-09,0.15,0.15,0.15,0.15,400,660800,0
FINNIFTY09APR2422550CE.NFO,2024-04-09,12:28:00,2024-04-09,0.15,0.15,0.1,0.1,1160,660800,0
FINNIFTY09APR2422550CE.NFO,2024-04-09,12:29:00,2024-04-09,0.1,0.15,0.1,0.15,1080,660800,0
FINNIFTY09APR2422550CE.NFO,2024-04-09,12:30:00,2024-04-09,0.15,0.15,0.1,0.1,280,660800,0
FINNIFTY09APR2422550CE.NFO,2024-04-09,12:31:00,2024-04-09,0.1,0.15,0.1,0.15,480,660720,0
FINNIFTY09APR2422550CE.NFO,2024-04-09,12:32:00,2024-04-09,0.15,0.15,0.1,0.15,5680,660720,0
FINNIFTY09APR2422550CE.NFO,2024-04-09,12:33:00,2024-04-09,0.1,0.1,0.1,0.1,400,660720,0
FINNIFTY09APR2422550CE.NFO,2024-04-09,12:34:00,2024-04-09,0.15,0.15,0.1,0.15,920,656560,0
FINNIFTY09APR2422550CE.NFO,2024-04-09,12:35:00,2024-04-09,0.1,0.15,0.1,0.15,40680,656560,0
FINNIFTY09APR2422550CE.NFO,2024-04-09,12:36:00,2024-04-09,0.15,0.15,0.1,0.15,3040,626320,0
FINNIFTY09APR2422550CE.NFO,2024-04-09,12:37:00,2024-04-09,0.15,0.15,0.1,0.15,2600,626320,0
FINNIFTY09APR2422550CE.NFO,2024-04-09,12:38:00,2024-04-09,0.15,0.15,0.1,0.15,5640,626320,0
FINNIFTY09APR2422550CE.NFO,2024-04-09,12:39:00,2024-04-09,0.15,0.15,0.1,0.15,7920,626320,0
FINNIFTY09APR2422550CE.NFO,2024-04-09,12:40:00,2024-04-09,0.15,0.15,0.1,0.1,5880,615520,0
FINNIFTY09APR2422550CE.NFO,2024-04-09,12:41:00,2024-04-09,0.1,0.1,0.1,0.1,840,615520,0
FINNIFTY09APR2422550CE.NFO,2024-04-09,12:42:00,2024-04-09,0.1,0.15,0.1,0.1,6000,615520,0
FINNIFTY09APR2422550CE.NFO,2024-04-09,12:43:00,2024-04-09,0.15,0.15,0.1,0.1,1680,614360,0
FINNIFTY09APR2422550CE.NFO,2024-04-09,12:44:00,2024-04-09,0.15,0.15,0.15,0.15,160,614360,0
FINNIFTY09APR2422550CE.NFO,2024-04-09,12:45:00,2024-04-09,0.15,0.15,0.15,0.15,680,614360,0
FINNIFTY09APR2422550CE.NFO,2024-04-09,12:46:00,2024-04-09,0.15,0.15,0.15,0.15,40,614360,0
FINNIFTY09APR2422550CE.NFO,2024-04-09,12:47:00,2024-04-09,0.15,0.15,0.15,0.15,160,614360,0
FINNIFTY09APR2422550CE.NFO,2024-04-09,12:48:00,2024-04-09,0.1,0.15,0.1,0.15,2480,614360,0
FINNIFTY09APR2422550CE.NFO,2024-04-09,12:49:00,2024-04-09,0.15,0.15,0.1,0.15,1200,613200,0
FINNIFTY09APR2422550CE.NFO,2024-04-09,12:50:00,2024-04-09,0.15,0.15,0.15,0.15,880,613200,0
FINNIFTY09APR2422550CE.NFO,2024-04-09,12:51:00,2024-04-09,0.15,0.15,0.1,0.1,2480,613200,0
FINNIFTY09APR2422550CE.NFO,2024-04-09,12:52:00,2024-04-09,0.1,0.15,0.1,0.1,7000,613200,0
FINNIFTY09APR2422550CE.NFO,2024-04-09,12:53:00,2024-04-09,0.1,0.1,0.1,0.1,0,613200,0
FINNIFTY09APR2422550CE.NFO,2024-04-09,12:54:00,2024-04-09,0.1,0.1,0.1,0.1,0,613200,0
FINNIFTY09APR2422550CE.NFO,2024-04-09,12:55:00,2024-04-09,0.1,0.15,0.1,0.15,360,612200,0
FINNIFTY09APR2422550CE.NFO,2024-04-09,12:56:00,2024-04-09,0.15,0.15,0.1,0.1,18000,612200,0
FINNIFTY09APR2422550CE.NFO,2024-04-09,12:57:00,2024-04-09,0.1,0.15,0.1,0.15,9600,612200,0
FINNIFTY09APR2422550CE.NFO,2024-04-09,12:58:00,2024-04-09,0.15,0.15,0.1,0.15,1320,612200,0
FINNIFTY09APR2422550CE.NFO,2024-04-09,12:59:00,2024-04-09,0.15,0.15,0.1,0.1,20120,612200,0
FINNIFTY09APR2422550CE.NFO,2024-04-09,13:00:00,2024-04-09,0.1,0.1,0.1,0.1,23720,612200,0
FINNIFTY09APR2422550CE.NFO,2024-04-09,13:01:00,2024-04-09,0.1,0.1,0.1,0.1,2200,635600,0
FINNIFTY09APR2422550CE.NFO,2024-04-09,13:02:00,2024-04-09,0.1,0.15,0.1,0.1,10040,635600,0
FINNIFTY09APR2422550CE.NFO,2024-04-09,13:03:00,2024-04-09,0.1,0.15,0.1,0.15,2000,635600,0
FINNIFTY09APR2422550CE.NFO,2024-04-09,13:04:00,2024-04-09,0.15,0.15,0.1,0.1,920,635600,0
FINNIFTY09APR2422550CE.NFO,2024-04-09,13:05:00,2024-04-09,0.1,0.15,0.1,0.1,2360,635600,0
FINNIFTY09APR2422550CE.NFO,2024-04-09,13:06:00,2024-04-09,0.1,0.15,0.1,0.15,2280,635600,0
FINNIFTY09APR2422550CE.NFO,2024-04-09,13:07:00,2024-04-09,0.15,0.15,0.1,0.1,1840,635600,0
FINNIFTY09APR2422550CE.NFO,2024-04-09,13:08:00,2024-04-09,0.1,0.15,0.1,0.1,2360,635600,0
FINNIFTY09APR2422550CE.NFO,2024-04-09,13:09:00,2024-04-09,0.1,0.1,0.1,0.1,0,635600,0
FINNIFTY09APR2422550CE.NFO,2024-04-09,13:10:00,2024-04-09,0.1,0.1,0.1,0.1,0,635600,0
FINNIFTY09APR2422550CE.NFO,2024-04-09,13:11:00,2024-04-09,0.1,0.1,0.1,0.1,0,635600,0
FINNIFTY09APR2422550CE.NFO,2024-04-09,13:12:00,2024-04-09,0.1,0.15,0.1,0.15,400,634720,0
FINNIFTY09APR2422550CE.NFO,2024-04-09,13:13:00,2024-04-09,0.15,0.15,0.1,0.1,108880,634720,0
FINNIFTY09APR2422550CE.NFO,2024-04-09,13:14:00,2024-04-09,0.1,0.15,0.1,0.15,2360,634720,0
FINNIFTY09APR2422550CE.NFO,2024-04-09,13:15:00,2024-04-09,0.15,0.15,0.1,0.1,19040,634720,0
FINNIFTY09APR2422550CE.NFO,2024-04-09,13:16:00,2024-04-09,0.1,0.1,0.05,0.1,13120,615040,0
FINNIFTY09APR2422550CE.NFO,2024-04-09,13:17:00,2024-04-09,0.1,0.1,0.1,0.1,0,615040,0
FINNIFTY09APR2422550CE.NFO,2024-04-09,13:18:00,2024-04-09,0.1,0.1,0.1,0.1,0,615040,0
FINNIFTY09APR2422550CE.NFO,2024-04-09,13:19:00,2024-04-09,0.1,0.1,0.05,0.05,400,615040,0
FINNIFTY09APR2422550CE.NFO,2024-04-09,13:20:00,2024-04-09,0.05,0.1,0.05,0.1,1760,615040,0
FINNIFTY09APR2422550CE.NFO,2024-04-09,13:21:00,2024-04-09,0.1,0.1,0.05,0.05,2160,615040,0
FINNIFTY09APR2422550CE.NFO,2024-04-09,13:22:00,2024-04-09,0.1,0.1,0.1,0.1,4600,615160,0
FINNIFTY09APR2422550CE.NFO,2024-04-09,13:23:00,2024-04-09,0.1,0.1,0.05,0.05,5080,615160,0
FINNIFTY09APR2422550CE.NFO,2024-04-09,13:24:00,2024-04-09,0.1,0.1,0.05,0.05,1600,615160,0
FINNIFTY09APR2422550CE.NFO,2024-04-09,13:25:00,2024-04-09,0.05,0.1,0.05,0.1,3320,611040,0
FINNIFTY09APR2422550CE.NFO,2024-04-09,13:26:00,2024-04-09,0.1,0.1,0.05,0.05,1720,611040,0
FINNIFTY09APR2422550CE.NFO,2024-04-09,13:27:00,2024-04-09,0.05,0.1,0.05,0.05,1040,611040,0
FINNIFTY09APR2422550CE.NFO,2024-04-09,13:28:00,2024-04-09,0.05,0.1,0.05,0.05,3280,609880,0
FINNIFTY09APR2422550CE.NFO,2024-04-09,13:29:00,2024-04-09,0.05,0.1,0.05,0.1,2280,609880,0
FINNIFTY09APR2422550CE.NFO,2024-04-09,13:30:00,2024-04-09,0.1,0.1,0.05,0.05,3520,609880,0
FINNIFTY09APR2422550CE.NFO,2024-04-09,13:31:00,2024-04-09,0.05,0.1,0.05,0.1,2760,609840,0
FINNIFTY09APR2422550CE.NFO,2024-04-09,13:32:00,2024-04-09,0.1,0.1,0.05,0.1,3640,609840,0
FINNIFTY09APR2422550CE.NFO,2024-04-09,13:33:00,2024-04-09,0.1,0.1,0.05,0.1,5120,609840,0
FINNIFTY09APR2422550CE.NFO,2024-04-09,13:34:00,2024-04-09,0.1,0.1,0.05,0.1,25160,606440,0
FINNIFTY09APR2422550CE.NFO,2024-04-09,13:35:00,2024-04-09,0.1,0.1,0.05,0.05,1560,606440,0
FINNIFTY09APR2422550CE.NFO,2024-04-09,13:36:00,2024-04-09,0.05,0.1,0.05,0.1,2440,606440,0
FINNIFTY09APR2422550CE.NFO,2024-04-09,13:37:00,2024-04-09,0.1,0.1,0.05,0.05,4720,603480,0
FINNIFTY09APR2422550CE.NFO,2024-04-09,13:38:00,2024-04-09,0.1,0.1,0.05,0.05,5800,603480,0
FINNIFTY09APR2422550CE.NFO,2024-04-09,13:39:00,2024-04-09,0.05,0.1,0.05,0.1,5840,603480,0
FINNIFTY09APR2422550CE.NFO,2024-04-09,13:40:00,2024-04-09,0.05,0.1,0.05,0.05,7400,603480,0
FINNIFTY09APR2422550CE.NFO,2024-04-09,13:41:00,2024-04-09,0.05,0.1,0.05,0.1,9480,603480,0
FINNIFTY09APR2422550CE.NFO,2024-04-09,13:42:00,2024-04-09,0.1,0.1,0.05,0.05,33640,603480,0
FINNIFTY09APR2422550CE.NFO,2024-04-09,13:43:00,2024-04-09,0.05,0.1,0.05,0.05,2400,603480,0
FINNIFTY09APR2422550CE.NFO,2024-04-09,13:44:00,2024-04-09,0.05,0.1,0.05,0.05,4760,603480,0
FINNIFTY09APR2422550CE.NFO,2024-04-09,13:45:00,2024-04-09,0.05,0.1,0.05,0.05,47280,603480,0
FINNIFTY09APR2422550CE.NFO,2024-04-09,13:46:00,2024-04-09,0.05,0.1,0.05,0.1,18000,603480,0
FINNIFTY09APR2422550CE.NFO,2024-04-09,13:47:00,2024-04-09,0.1,0.1,0.05,0.05,5040,603480,0
FINNIFTY09APR2422550CE.NFO,2024-04-09,13:48:00,2024-04-09,0.05,0.1,0.05,0.05,17040,603480,0
FINNIFTY09APR2422550CE.NFO,2024-04-09,13:49:00,2024-04-09,0.1,0.1,0.05,0.05,13360,603480,0
FINNIFTY09APR2422550CE.NFO,2024-04-09,13:50:00,2024-04-09,0.05,0.1,0.05,0.05,21400,603480,0
FINNIFTY09APR2422550CE.NFO,2024-04-09,13:51:00,2024-04-09,0.1,0.1,0.05,0.1,23800,603480,0
FINNIFTY09APR2422550CE.NFO,2024-04-09,13:52:00,2024-04-09,0.1,0.1,0.05,0.05,13200,602920,0
FINNIFTY09APR2422550CE.NFO,2024-04-09,13:53:00,2024-04-09,0.05,0.1,0.05,0.05,37320,602920,0
FINNIFTY09APR2422550CE.NFO,2024-04-09,13:54:00,2024-04-09,0.05,0.1,0.05,0.1,16760,602920,0
FINNIFTY09APR2422550CE.NFO,2024-04-09,13:55:00,2024-04-09,0.05,0.1,0.05,0.05,33480,601320,0
FINNIFTY09APR2422550CE.NFO,2024-04-09,13:56:00,2024-04-09,0.05,0.05,0.05,0.05,67880,601320,0
FINNIFTY09APR2422550CE.NFO,2024-04-09,13:57:00,2024-04-09,0.05,0.05,0.05,0.05,19120,601320,0
FINNIFTY09APR2422550CE.NFO,2024-04-09,13:58:00,2024-04-09,0.05,0.1,0.05,0.05,124720,583480,0
FINNIFTY09APR2422550CE.NFO,2024-04-09,13:59:00,2024-04-09,0.05,0.05,0.05,0.05,72560,583480,0
FINNIFTY09APR2422550CE.NFO,2024-04-09,14:00:00,2024-04-09,0.05,0.1,0.05,0.1,103880,583480,0
FINNIFTY09APR2422550CE.NFO,2024-04-09,14:01:00,2024-04-09,0.1,0.1,0.05,0.05,10200,583480,0
FINNIFTY09APR2422550CE.NFO,2024-04-09,14:02:00,2024-04-09,0.05,0.1,0.05,0.05,20120,583480,0
FINNIFTY09APR2422550CE.NFO,2024-04-09,14:03:00,2024-04-09,0.05,0.1,0.05,0.1,2720,583480,0
FINNIFTY09APR2422550CE.NFO,2024-04-09,14:04:00,2024-04-09,0.1,0.1,0.05,0.1,14440,583240,0
FINNIFTY09APR2422550CE.NFO,2024-04-09,14:05:00,2024-04-09,0.1,0.1,0.05,0.05,1680,583240,0
FINNIFTY09APR2422550CE.NFO,2024-04-09,14:06:00,2024-04-09,0.05,0.1,0.05,0.1,4960,583240,0
FINNIFTY09APR2422550CE.NFO,2024-04-09,14:07:00,2024-04-09,0.05,0.05,0.05,0.05,12520,583040,0
FINNIFTY09APR2422550CE.NFO,2024-04-09,14:08:00,2024-04-09,0.05,0.05,0.05,0.05,8640,583040,0
FINNIFTY09APR2422550CE.NFO,2024-04-09,14:09:00,2024-04-09,0.05,0.05,0.05,0.05,4280,583040,0
FINNIFTY09APR2422550CE.NFO,2024-04-09,14:10:00,2024-04-09,0.05,0.05,0.05,0.05,15240,583040,0
FINNIFTY09APR2422550CE.NFO,2024-04-09,14:11:00,2024-04-09,0.05,0.05,0.05,0.05,0,583040,0
FINNIFTY09APR2422550CE.NFO,2024-04-09,14:12:00,2024-04-09,0.05,0.05,0.05,0.05,120,583040,0
FINNIFTY09APR2422550CE.NFO,2024-04-09,14:13:00,2024-04-09,0.05,0.05,0.05,0.05,3600,583040,0
FINNIFTY09APR2422550CE.NFO,2024-04-09,14:14:00,2024-04-09,0.05,0.05,0.05,0.05,1960,583040,0
FINNIFTY09APR2422550CE.NFO,2024-04-09,14:15:00,2024-04-09,0.05,0.05,0.05,0.05,2280,583040,0
FINNIFTY09APR2422550CE.NFO,2024-04-09,14:16:00,2024-04-09,0.05,0.05,0.05,0.05,6560,582080,0
FINNIFTY09APR2422550CE.NFO,2024-04-09,14:17:00,2024-04-09,0.05,0.05,0.05,0.05,0,582080,0
FINNIFTY09APR2422550CE.NFO,2024-04-09,14:18:00,2024-04-09,0.05,0.05,0.05,0.05,880,582080,0
FINNIFTY09APR2422550CE.NFO,2024-04-09,14:19:00,2024-04-09,0.05,0.05,0.05,0.05,800,582080,0
FINNIFTY09APR2422550CE.NFO,2024-04-09,14:20:00,2024-04-09,0.05,0.05,0.05,0.05,1880,582080,0
FINNIFTY09APR2422550CE.NFO,2024-04-09,14:21:00,2024-04-09,0.05,0.05,0.05,0.05,5720,582080,0
FINNIFTY09APR2422550CE.NFO,2024-04-09,14:22:00,2024-04-09,0.05,0.05,0.05,0.05,1000,580280,0
FINNIFTY09APR2422550CE.NFO,2024-04-09,14:23:00,2024-04-09,0.05,0.05,0.05,0.05,200,580280,0
FINNIFTY09APR2422550CE.NFO,2024-04-09,14:24:00,2024-04-09,0.05,0.05,0.05,0.05,2000,580280,0
FINNIFTY09APR2422550CE.NFO,2024-04-09,14:25:00,2024-04-09,0.05,0.05,0.05,0.05,400,580280,0
FINNIFTY09APR2422550CE.NFO,2024-04-09,14:26:00,2024-04-09,0.05,0.05,0.05,0.05,4240,580280,0
FINNIFTY09APR2422550CE.NFO,2024-04-09,14:27:00,2024-04-09,0.05,0.05,0.05,0.05,160,580280,0
FINNIFTY09APR2422550CE.NFO,2024-04-09,14:28:00,2024-04-09,0.05,0.05,0.05,0.05,1200,580280,0
FINNIFTY09APR2422550CE.NFO,2024-04-09,14:29:00,2024-04-09,0.05,0.05,0.05,0.05,3680,580280,0
FINNIFTY09APR2422550CE.NFO,2024-04-09,14:30:00,2024-04-09,0.05,0.05,0.05,0.05,1120,580280,0
FINNIFTY09APR2422550CE.NFO,2024-04-09,14:31:00,2024-04-09,0.05,0.05,0.05,0.05,1440,580280,0
FINNIFTY09APR2422550CE.NFO,2024-04-09,14:32:00,2024-04-09,0.05,0.05,0.05,0.05,520,580280,0
FINNIFTY09APR2422550CE.NFO,2024-04-09,14:33:00,2024-04-09,0.05,0.05,0.05,0.05,240,580280,0
FINNIFTY09APR2422550CE.NFO,2024-04-09,14:34:00,2024-04-09,0.05,0.05,0.05,0.05,0,580280,0
FINNIFTY09APR2422550CE.NFO,2024-04-09,14:35:00,2024-04-09,0.05,0.05,0.05,0.05,0,580280,0
FINNIFTY09APR2422550CE.NFO,2024-04-09,14:36:00,2024-04-09,0.05,0.05,0.05,0.05,120,580280,0
FINNIFTY09APR2422550CE.NFO,2024-04-09,14:37:00,2024-04-09,0.05,0.05,0.05,0.05,120,580280,0
FINNIFTY09APR2422550CE.NFO,2024-04-09,14:38:00,2024-04-09,0.05,0.05,0.05,0.05,0,580280,0
FINNIFTY09APR2422550CE.NFO,2024-04-09,14:39:00,2024-04-09,0.05,0.05,0.05,0.05,12760,580280,0
FINNIFTY09APR2422550CE.NFO,2024-04-09,14:40:00,2024-04-09,0.05,0.05,0.05,0.05,0,580280,0
FINNIFTY09APR2422550CE.NFO,2024-04-09,14:41:00,2024-04-09,0.05,0.05,0.05,0.05,0,580280,0
FINNIFTY09APR2422550CE.NFO,2024-04-09,14:42:00,2024-04-09,0.05,0.05,0.05,0.05,0,580280,0
FINNIFTY09APR2422550CE.NFO,2024-04-09,14:43:00,2024-04-09,0.05,0.05,0.05,0.05,0,580280,0
FINNIFTY09APR2422550CE.NFO,2024-04-09,14:44:00,2024-04-09,0.05,0.05,0.05,0.05,0,580280,0
FINNIFTY09APR2422550CE.NFO,2024-04-09,14:45:00,2024-04-09,0.05,0.05,0.05,0.05,0,580280,0
FINNIFTY09APR2422550CE.NFO,2024-04-09,14:46:00,2024-04-09,0.05,0.05,0.05,0.05,0,580280,0
FINNIFTY09APR2422550CE.NFO,2024-04-09,14:47:00,2024-04-09,0.05,0.05,0.05,0.05,0,580280,0
FINNIFTY09APR2422550CE.NFO,2024-04-09,14:48:00,2024-04-09,0.05,0.05,0.05,0.05,0,580280,0
FINNIFTY09APR2422550CE.NFO,2024-04-09,14:49:00,2024-04-09,0.05,0.05,0.05,0.05,800,580280,0
FINNIFTY09APR2422550CE.NFO,2024-04-09,14:50:00,2024-04-09,0.05,0.05,0.05,0.05,1800,580280,0
FINNIFTY09APR2422550CE.NFO,2024-04-09,14:51:00,2024-04-09,0.05,0.05,0.05,0.05,2240,580280,0
FINNIFTY09APR2422550CE.NFO,2024-04-09,14:52:00,2024-04-09,0.05,0.05,0.05,0.05,10800,577680,0
FINNIFTY09APR2422550CE.NFO,2024-04-09,14:53:00,2024-04-09,0.05,0.05,0.05,0.05,0,577680,0
FINNIFTY09APR2422550CE.NFO,2024-04-09,14:54:00,2024-04-09,0.05,0.05,0.05,0.05,0,577680,0
FINNIFTY09APR2422550CE.NFO,2024-04-09,14:55:00,2024-04-09,0.05,0.05,0.05,0.05,0,577680,0
FINNIFTY09APR2422550CE.NFO,2024-04-09,14:56:00,2024-04-09,0.05,0.05,0.05,0.05,0,577680,0
FINNIFTY09APR2422550CE.NFO,2024-04-09,14:57:00,2024-04-09,0.05,0.05,0.05,0.05,0,577680,0
FINNIFTY09APR2422550CE.NFO,2024-04-09,14:58:00,2024-04-09,0.05,0.05,0.05,0.05,1480,577680,0
FINNIFTY09APR2422550CE.NFO,2024-04-09,14:59:00,2024-04-09,0.05,0.05,0.05,0.05,0,577680,0
FINNIFTY09APR2422550CE.NFO,2024-04-09,15:00:00,2024-04-09,0.05,0.05,0.05,0.05,80,577680,0
FINNIFTY09APR2422550CE.NFO,2024-04-09,15:01:00,2024-04-09,0.05,0.05,0.05,0.05,0,577680,0
FINNIFTY09APR2422550CE.NFO,2024-04-09,15:02:00,2024-04-09,0.05,0.05,0.05,0.05,40,576400,0
FINNIFTY09APR2422550CE.NFO,2024-04-09,15:03:00,2024-04-09,0.05,0.05,0.05,0.05,80,576400,0
FINNIFTY09APR2422550CE.NFO,2024-04-09,15:04:00,2024-04-09,0.05,0.05,0.05,0.05,0,576400,0
FINNIFTY09APR2422550CE.NFO,2024-04-09,15:05:00,2024-04-09,0.05,0.05,0.05,0.05,80,576400,0
FINNIFTY09APR2422550CE.NFO,2024-04-09,15:06:00,2024-04-09,0.05,0.05,0.05,0.05,0,576400,0
FINNIFTY09APR2422550CE.NFO,2024-04-09,15:07:00,2024-04-09,0.05,0.05,0.05,0.05,0,576400,0
FINNIFTY09APR2422550CE.NFO,2024-04-09,15:08:00,2024-04-09,0.05,0.05,0.05,0.05,0,576400,0
FINNIFTY09APR2422550CE.NFO,2024-04-09,15:09:00,2024-04-09,0.05,0.05,0.05,0.05,640,576400,0
FINNIFTY09APR2422550CE.NFO,2024-04-09,15:10:00,2024-04-09,0.05,0.05,0.05,0.05,920,576400,0
FINNIFTY09APR2422550CE.NFO,2024-04-09,15:11:00,2024-04-09,0.05,0.05,0.05,0.05,0,576400,0
FINNIFTY09APR2422550CE.NFO,2024-04-09,15:12:00,2024-04-09,0.05,0.05,0.05,0.05,3200,576400,0
FINNIFTY09APR2422550CE.NFO,2024-04-09,15:13:00,2024-04-09,0.05,0.05,0.05,0.05,1800,576400,0
FINNIFTY09APR2422550CE.NFO,2024-04-09,15:14:00,2024-04-09,0.05,0.05,0.05,0.05,0,576400,0
FINNIFTY09APR2422550CE.NFO,2024-04-09,15:15:00,2024-04-09,0.05,0.05,0.05,0.05,160,571400,0
FINNIFTY09APR2422550CE.NFO,2024-04-09,15:16:00,2024-04-09,0.05,0.05,0.05,0.05,40,571400,0
FINNIFTY09APR2422550CE.NFO,2024-04-09,15:17:00,2024-04-09,0.05,0.05,0.05,0.05,0,571400,0
FINNIFTY09APR2422550CE.NFO,2024-04-09,15:18:00,2024-04-09,0.05,0.05,0.05,0.05,0,571400,0
FINNIFTY09APR2422550CE.NFO,2024-04-09,15:19:00,2024-04-09,0.05,0.05,0.05,0.05,0,571400,0
FINNIFTY09APR2422550CE.NFO,2024-04-09,15:20:00,2024-04-09,0.05,0.05,0.05,0.05,1880,571400,0
FINNIFTY09APR2422550CE.NFO,2024-04-09,15:21:00,2024-04-09,0.05,0.05,0.05,0.05,0,571400,0
FINNIFTY09APR2422550CE.NFO,2024-04-09,15:22:00,2024-04-09,0.05,0.05,0.05,0.05,0,571400,0
FINNIFTY09APR2422550CE.NFO,2024-04-09,15:23:00,2024-04-09,0.05,0.05,0.05,0.05,0,571400,0
FINNIFTY09APR2422550CE.NFO,2024-04-09,15:24:00,2024-04-09,0.05,0.05,0.05,0.05,0,571400,0
FINNIFTY09APR2422550CE.NFO,2024-04-09,15:25:00,2024-04-09,0.05,0.05,0.05,0.05,40,569520,0
FINNIFTY09APR2422550CE.NFO,2024-04-09,15:26:00,2024-04-09,0.05,0.05,0.05,0.05,0,569520,0
FINNIFTY09APR2422550CE.NFO,2024-04-09,15:27:00,2024-04-09,0.05,0.05,0.05,0.05,0,569520,0
FINNIFTY09APR2422550CE.NFO,2024-04-09,15:28:00,2024-04-09,0.05,0.05,0.05,0.05,0,569520,0
FINNIFTY09APR2422550CE.NFO,2024-04-09,15:29:00,2024-04-09,0.05,0.05,0.05,0.05,2920,569480,0
FINNIFTY09APR2422550CE.NFO,2024-04-09,15:30:00,2024-04-09,0.05,0.05,0.05,0.05,2920,569480,1
