Ticker,Date,Time,Expiry Date,Open,High,Low,Close,Volume,Open Interest,Padding Flag
FINNIFTY31DEC2424250PE.NFO,2024-11-27,09:15:00,2024-12-31,440.05,440.05,440.05,440.05,0,472150,1
FINNIFTY31DEC2424250PE.NFO,2024-11-27,09:16:00,2024-12-31,440.05,440.05,440.05,440.05,0,472150,1
FINNIFTY31DEC2424250PE.NFO,2024-11-27,09:17:00,2024-12-31,440.05,440.05,440.05,440.05,0,472150,1
FINNIFTY31DEC2424250PE.NFO,2024-11-27,09:18:00,2024-12-31,440.05,440.05,440.05,440.05,0,472150,1
FINNIFTY31DEC2424250PE.NFO,2024-11-27,09:19:00,2024-12-31,440.05,440.05,440.05,440.05,0,472150,1
FINNIFTY31DEC2424250PE.NFO,2024-11-27,09:20:00,2024-12-31,440.05,440.05,440.05,440.05,0,472150,1
FINNIFTY31DEC2424250PE.NFO,2024-11-27,09:21:00,2024-12-31,440.05,440.05,440.05,440.05,0,472150,1
FINNIFTY31DEC2424250PE.NFO,2024-11-27,09:22:00,2024-12-31,440.05,440.05,440.05,440.05,0,472150,1
FINNIFTY31DEC2424250PE.NFO,2024-11-27,09:23:00,2024-12-31,440.05,440.05,440.05,440.05,0,472150,1
FINNIFTY31DEC2424250PE.NFO,2024-11-27,09:24:00,2024-12-31,440.05,440.05,440.05,440.05,0,472150,1
FINNIFTY31DEC2424250PE.NFO,2024-11-27,09:25:00,2024-12-31,440.05,440.05,440.05,440.05,0,472150,0
FINNIFTY31DEC2424250PE.NFO,2024-11-27,09:26:00,2024-12-31,440.05,440.05,435.65,435.65,25,472150,0
FINNIFTY31DEC2424250PE.NFO,2024-11-27,09:27:00,2024-12-31,435.65,435.65,435.65,435.65,0,472150,0
FINNIFTY31DEC2424250PE.NFO,2024-11-27,09:28:00,2024-12-31,435.65,453.15,435.65,453.15,50,50,0
FINNIFTY31DEC2424250PE.NFO,2024-11-27,09:29:00,2024-12-31,453.15,453.15,453.15,453.15,0,50,0
FINNIFTY31DEC2424250PE.NFO,2024-11-27,09:30:00,2024-12-31,453.15,453.15,453.15,453.15,0,50,0
FINNIFTY31DEC2424250PE.NFO,2024-11-27,09:31:00,2024-12-31,453.15,453.15,452.85,452.85,50,75,0
FINNIFTY31DEC2424250PE.NFO,2024-11-27,09:32:00,2024-12-31,452.85,452.85,452.85,452.85,0,75,0
FINNIFTY31DEC2424250PE.NFO,2024-11-27,09:33:00,2024-12-31,452.85,452.85,452.55,452.55,50,100,0
FINNIFTY31DEC2424250PE.NFO,2024-11-27,09:34:00,2024-12-31,452.55,452.55,444.45,444.45,525,100,0
FINNIFTY31DEC2424250PE.NFO,2024-11-27,09:35:00,2024-12-31,444.45,444.45,444.45,444.45,0,100,0
FINNIFTY31DEC2424250PE.NFO,2024-11-27,09:36:00,2024-12-31,444.45,465.1,444.45,460.85,50,100,0
FINNIFTY31DEC2424250PE.NFO,2024-11-27,09:37:00,2024-12-31,460.85,460.85,446.55,446.55,25,650,0
FINNIFTY31DEC2424250PE.NFO,2024-11-27,09:38:00,2024-12-31,446.55,446.55,446.55,446.55,0,650,0
FINNIFTY31DEC2424250PE.NFO,2024-11-27,09:39:00,2024-12-31,446.55,446.55,446.55,446.55,0,650,0
FINNIFTY31DEC2424250PE.NFO,2024-11-27,09:40:00,2024-12-31,446.55,446.55,446.55,446.55,0,650,0
FINNIFTY31DEC2424250PE.NFO,2024-11-27,09:41:00,2024-12-31,446.55,446.55,446.55,446.55,0,650,0
FINNIFTY31DEC2424250PE.NFO,2024-11-27,09:42:00,2024-12-31,446.55,446.55,446.55,446.55,0,650,0
FINNIFTY31DEC2424250PE.NFO,2024-11-27,09:43:00,2024-12-31,446.55,460.8,446.55,460.8,100,650,0
FINNIFTY31DEC2424250PE.NFO,2024-11-27,09:44:00,2024-12-31,460.8,460.8,448.8,450.0,125,650,0
FINNIFTY31DEC2424250PE.NFO,2024-11-27,09:45:00,2024-12-31,450.0,450.0,437.85,437.85,1400,650,0
FINNIFTY31DEC2424250PE.NFO,2024-11-27,09:46:00,2024-12-31,437.85,440.15,432.9,436.55,1000,1650,0
FINNIFTY31DEC2424250PE.NFO,2024-11-27,09:47:00,2024-12-31,436.05,439.15,433.5,436.3,2200,1650,0
FINNIFTY31DEC2424250PE.NFO,2024-11-27,09:48:00,2024-12-31,436.3,437.45,433.45,434.85,225,1650,0
FINNIFTY31DEC2424250PE.NFO,2024-11-27,09:49:00,2024-12-31,434.85,435.3,434.75,435.3,200,3800,0
FINNIFTY31DEC2424250PE.NFO,2024-11-27,09:50:00,2024-12-31,435.3,435.3,425.1,425.95,425,3800,0
FINNIFTY31DEC2424250PE.NFO,2024-11-27,09:51:00,2024-12-31,425.95,425.95,419.65,419.65,725,3800,0
FINNIFTY31DEC2424250PE.NFO,2024-11-27,09:52:00,2024-12-31,419.65,420.15,418.45,418.55,350,3450,0
FINNIFTY31DEC2424250PE.NFO,2024-11-27,09:53:00,2024-12-31,418.55,418.55,414.55,414.55,150,3450,0
FINNIFTY31DEC2424250PE.NFO,2024-11-27,09:54:00,2024-12-31,414.55,417.95,414.55,417.9,275,3450,0
FINNIFTY31DEC2424250PE.NFO,2024-11-27,09:55:00,2024-12-31,417.9,422.9,416.85,416.85,50,3150,0
FINNIFTY31DEC2424250PE.NFO,2024-11-27,09:56:00,2024-12-31,416.85,418.9,416.85,418.65,400,3150,0
FINNIFTY31DEC2424250PE.NFO,2024-11-27,09:57:00,2024-12-31,418.65,424.1,418.65,424.1,1650,3950,0
FINNIFTY31DEC2424250PE.NFO,2024-11-27,09:58:00,2024-12-31,424.1,429.35,422.55,429.35,700,3950,0
FINNIFTY31DEC2424250PE.NFO,2024-11-27,09:59:00,2024-12-31,429.35,429.35,427.65,427.65,50,3950,0
FINNIFTY31DEC2424250PE.NFO,2024-11-27,10:00:00,2024-12-31,427.65,433.85,426.65,433.35,1400,3950,0
FINNIFTY31DEC2424250PE.NFO,2024-11-27,10:01:00,2024-12-31,433.35,438.2,433.35,438.2,625,4700,0
FINNIFTY31DEC2424250PE.NFO,2024-11-27,10:02:00,2024-12-31,438.2,438.2,432.25,432.25,550,4700,0
FINNIFTY31DEC2424250PE.NFO,2024-11-27,10:03:00,2024-12-31,432.25,441.9,430.9,438.7,825,4700,0
FINNIFTY31DEC2424250PE.NFO,2024-11-27,10:04:00,2024-12-31,438.7,438.7,431.9,434.0,825,4975,0
FINNIFTY31DEC2424250PE.NFO,2024-11-27,10:05:00,2024-12-31,434.0,441.6,434.0,441.6,375,4975,0
FINNIFTY31DEC2424250PE.NFO,2024-11-27,10:06:00,2024-12-31,441.6,441.6,436.35,436.35,200,4975,0
FINNIFTY31DEC2424250PE.NFO,2024-11-27,10:07:00,2024-12-31,436.35,436.8,434.75,434.75,75,5175,0
FINNIFTY31DEC2424250PE.NFO,2024-11-27,10:08:00,2024-12-31,434.75,434.75,425.0,429.5,450,5175,0
FINNIFTY31DEC2424250PE.NFO,2024-11-27,10:09:00,2024-12-31,429.5,431.4,429.5,431.4,50,5175,0
FINNIFTY31DEC2424250PE.NFO,2024-11-27,10:10:00,2024-12-31,431.4,437.8,431.4,431.7,100,5175,0
FINNIFTY31DEC2424250PE.NFO,2024-11-27,10:11:00,2024-12-31,431.7,432.1,427.9,429.0,600,5175,0
FINNIFTY31DEC2424250PE.NFO,2024-11-27,10:12:00,2024-12-31,429.0,429.0,426.55,429.0,400,5175,0
FINNIFTY31DEC2424250PE.NFO,2024-11-27,10:13:00,2024-12-31,429.0,429.0,425.6,426.4,150,5550,0
FINNIFTY31DEC2424250PE.NFO,2024-11-27,10:14:00,2024-12-31,426.4,426.4,423.9,423.9,50,5550,0
FINNIFTY31DEC2424250PE.NFO,2024-11-27,10:15:00,2024-12-31,423.9,425.5,423.35,423.9,275,5550,0
FINNIFTY31DEC2424250PE.NFO,2024-11-27,10:16:00,2024-12-31,424.55,424.55,422.35,422.35,300,5725,0
FINNIFTY31DEC2424250PE.NFO,2024-11-27,10:17:00,2024-12-31,422.35,424.35,420.65,423.65,300,5725,0
FINNIFTY31DEC2424250PE.NFO,2024-11-27,10:18:00,2024-12-31,423.65,423.65,423.65,423.65,0,5725,0
FINNIFTY31DEC2424250PE.NFO,2024-11-27,10:19:00,2024-12-31,423.65,423.65,423.65,423.65,0,5725,0
FINNIFTY31DEC2424250PE.NFO,2024-11-27,10:20:00,2024-12-31,423.65,430.65,423.65,430.65,25,5650,0
FINNIFTY31DEC2424250PE.NFO,2024-11-27,10:21:00,2024-12-31,430.65,433.85,430.65,432.95,750,5650,0
FINNIFTY31DEC2424250PE.NFO,2024-11-27,10:22:00,2024-12-31,432.95,436.1,432.55,433.65,775,5475,0
FINNIFTY31DEC2424250PE.NFO,2024-11-27,10:23:00,2024-12-31,433.65,437.35,433.65,436.25,375,5475,0
FINNIFTY31DEC2424250PE.NFO,2024-11-27,10:24:00,2024-12-31,436.25,438.7,436.25,438.7,125,5475,0
FINNIFTY31DEC2424250PE.NFO,2024-11-27,10:25:00,2024-12-31,438.7,447.45,438.7,446.8,500,5525,0
FINNIFTY31DEC2424250PE.NFO,2024-11-27,10:26:00,2024-12-31,446.8,446.8,441.0,442.05,500,5525,0
FINNIFTY31DEC2424250PE.NFO,2024-11-27,10:27:00,2024-12-31,442.05,442.05,442.0,442.0,25,5525,0
FINNIFTY31DEC2424250PE.NFO,2024-11-27,10:28:00,2024-12-31,442.0,442.0,437.9,437.9,125,6125,0
FINNIFTY31DEC2424250PE.NFO,2024-11-27,10:29:00,2024-12-31,437.9,439.1,436.0,439.1,50,6125,0
FINNIFTY31DEC2424250PE.NFO,2024-11-27,10:30:00,2024-12-31,439.1,445.4,439.1,441.6,2050,6125,0
FINNIFTY31DEC2424250PE.NFO,2024-11-27,10:31:00,2024-12-31,441.6,443.4,438.85,443.4,875,6450,0
FINNIFTY31DEC2424250PE.NFO,2024-11-27,10:32:00,2024-12-31,443.4,443.6,439.4,440.15,225,6450,0
FINNIFTY31DEC2424250PE.NFO,2024-11-27,10:33:00,2024-12-31,440.15,440.15,433.75,433.75,625,6450,0
FINNIFTY31DEC2424250PE.NFO,2024-11-27,10:34:00,2024-12-31,433.75,445.1,433.75,442.0,375,6175,0
FINNIFTY31DEC2424250PE.NFO,2024-11-27,10:35:00,2024-12-31,442.0,444.45,437.15,438.7,300,6175,0
FINNIFTY31DEC2424250PE.NFO,2024-11-27,10:36:00,2024-12-31,438.7,438.7,436.9,436.9,125,6175,0
FINNIFTY31DEC2424250PE.NFO,2024-11-27,10:37:00,2024-12-31,436.9,436.9,432.45,432.45,250,5900,0
FINNIFTY31DEC2424250PE.NFO,2024-11-27,10:38:00,2024-12-31,432.45,432.45,428.65,430.0,25,5900,0
FINNIFTY31DEC2424250PE.NFO,2024-11-27,10:39:00,2024-12-31,430.0,433.7,430.0,433.7,25,5900,0
FINNIFTY31DEC2424250PE.NFO,2024-11-27,10:40:00,2024-12-31,433.7,436.65,432.05,436.65,225,5750,0
FINNIFTY31DEC2424250PE.NFO,2024-11-27,10:41:00,2024-12-31,436.65,436.65,429.65,432.55,450,5750,0
FINNIFTY31DEC2424250PE.NFO,2024-11-27,10:42:00,2024-12-31,432.55,434.45,429.1,432.3,1025,5750,0
FINNIFTY31DEC2424250PE.NFO,2024-11-27,10:43:00,2024-12-31,432.3,436.25,431.6,436.25,500,6250,0
FINNIFTY31DEC2424250PE.NFO,2024-11-27,10:44:00,2024-12-31,436.25,436.25,434.4,434.4,50,6250,0
FINNIFTY31DEC2424250PE.NFO,2024-11-27,10:45:00,2024-12-31,434.4,434.4,430.95,432.25,1400,6250,0
FINNIFTY31DEC2424250PE.NFO,2024-11-27,10:46:00,2024-12-31,432.25,432.9,431.0,432.3,800,6600,0
FINNIFTY31DEC2424250PE.NFO,2024-11-27,10:47:00,2024-12-31,432.3,435.05,432.3,435.05,25,6600,0
FINNIFTY31DEC2424250PE.NFO,2024-11-27,10:48:00,2024-12-31,435.05,437.85,435.05,437.15,400,6600,0
FINNIFTY31DEC2424250PE.NFO,2024-11-27,10:49:00,2024-12-31,437.15,437.15,436.75,437.0,75,5875,0
FINNIFTY31DEC2424250PE.NFO,2024-11-27,10:50:00,2024-12-31,437.0,437.0,437.0,437.0,0,5875,0
FINNIFTY31DEC2424250PE.NFO,2024-11-27,10:51:00,2024-12-31,437.0,437.0,437.0,437.0,0,5875,0
FINNIFTY31DEC2424250PE.NFO,2024-11-27,10:52:00,2024-12-31,437.0,437.0,437.0,437.0,0,5875,0
FINNIFTY31DEC2424250PE.NFO,2024-11-27,10:53:00,2024-12-31,437.0,441.35,437.0,439.7,125,5925,0
FINNIFTY31DEC2424250PE.NFO,2024-11-27,10:54:00,2024-12-31,439.7,439.7,434.4,434.4,525,5925,0
FINNIFTY31DEC2424250PE.NFO,2024-11-27,10:55:00,2024-12-31,434.4,434.4,434.4,434.4,0,5925,0
FINNIFTY31DEC2424250PE.NFO,2024-11-27,10:56:00,2024-12-31,434.4,434.4,431.45,433.15,275,5675,0
FINNIFTY31DEC2424250PE.NFO,2024-11-27,10:57:00,2024-12-31,433.15,433.15,430.2,430.2,500,5675,0
FINNIFTY31DEC2424250PE.NFO,2024-11-27,10:58:00,2024-12-31,430.2,430.2,427.45,427.9,1150,5850,0
FINNIFTY31DEC2424250PE.NFO,2024-11-27,10:59:00,2024-12-31,427.9,427.9,423.45,426.7,575,5850,0
FINNIFTY31DEC2424250PE.NFO,2024-11-27,11:00:00,2024-12-31,426.7,430.1,426.7,429.3,275,5850,0
FINNIFTY31DEC2424250PE.NFO,2024-11-27,11:01:00,2024-12-31,429.3,429.3,427.85,429.0,325,5525,0
FINNIFTY31DEC2424250PE.NFO,2024-11-27,11:02:00,2024-12-31,429.0,429.0,428.25,428.25,100,5525,0
FINNIFTY31DEC2424250PE.NFO,2024-11-27,11:03:00,2024-12-31,428.25,428.25,428.25,428.25,0,5525,0
FINNIFTY31DEC2424250PE.NFO,2024-11-27,11:04:00,2024-12-31,428.25,428.25,428.25,428.25,0,5525,0
FINNIFTY31DEC2424250PE.NFO,2024-11-27,11:05:00,2024-12-31,428.25,428.25,420.0,420.0,175,5350,0
FINNIFTY31DEC2424250PE.NFO,2024-11-27,11:06:00,2024-12-31,420.0,420.0,420.0,420.0,0,5350,0
FINNIFTY31DEC2424250PE.NFO,2024-11-27,11:07:00,2024-12-31,420.0,422.25,420.0,422.25,125,5475,0
FINNIFTY31DEC2424250PE.NFO,2024-11-27,11:08:00,2024-12-31,422.25,422.25,422.25,422.25,0,5475,0
FINNIFTY31DEC2424250PE.NFO,2024-11-27,11:09:00,2024-12-31,422.25,422.25,413.85,417.55,825,5475,0
FINNIFTY31DEC2424250PE.NFO,2024-11-27,11:10:00,2024-12-31,417.55,419.25,416.85,416.85,375,5150,0
FINNIFTY31DEC2424250PE.NFO,2024-11-27,11:11:00,2024-12-31,416.85,418.8,416.2,418.8,825,5150,0
FINNIFTY31DEC2424250PE.NFO,2024-11-27,11:12:00,2024-12-31,418.8,422.25,418.8,422.25,50,5150,0
FINNIFTY31DEC2424250PE.NFO,2024-11-27,11:13:00,2024-12-31,422.25,423.5,420.25,420.25,275,5075,0
FINNIFTY31DEC2424250PE.NFO,2024-11-27,11:14:00,2024-12-31,420.25,420.25,420.25,420.25,0,5075,0
FINNIFTY31DEC2424250PE.NFO,2024-11-27,11:15:00,2024-12-31,420.25,420.25,420.25,420.25,0,5075,0
FINNIFTY31DEC2424250PE.NFO,2024-11-27,11:16:00,2024-12-31,420.25,420.25,417.1,418.1,50,4975,0
FINNIFTY31DEC2424250PE.NFO,2024-11-27,11:17:00,2024-12-31,418.1,418.1,417.15,417.15,25,4975,0
FINNIFTY31DEC2424250PE.NFO,2024-11-27,11:18:00,2024-12-31,417.15,417.15,417.15,417.15,0,4975,0
FINNIFTY31DEC2424250PE.NFO,2024-11-27,11:19:00,2024-12-31,417.15,417.15,416.8,417.0,175,5000,0
FINNIFTY31DEC2424250PE.NFO,2024-11-27,11:20:00,2024-12-31,417.0,417.9,416.25,416.25,550,5000,0
FINNIFTY31DEC2424250PE.NFO,2024-11-27,11:21:00,2024-12-31,416.25,416.25,412.75,412.75,975,5000,0
FINNIFTY31DEC2424250PE.NFO,2024-11-27,11:22:00,2024-12-31,412.75,415.65,412.75,413.95,725,5575,0
FINNIFTY31DEC2424250PE.NFO,2024-11-27,11:23:00,2024-12-31,413.95,417.35,413.35,417.35,575,5575,0
FINNIFTY31DEC2424250PE.NFO,2024-11-27,11:24:00,2024-12-31,417.35,419.15,415.0,419.15,575,5575,0
FINNIFTY31DEC2424250PE.NFO,2024-11-27,11:25:00,2024-12-31,419.15,420.95,418.05,418.1,700,5475,0
FINNIFTY31DEC2424250PE.NFO,2024-11-27,11:26:00,2024-12-31,418.1,418.1,417.75,417.75,275,5475,0
FINNIFTY31DEC2424250PE.NFO,2024-11-27,11:27:00,2024-12-31,417.75,417.75,413.85,416.25,425,5475,0
FINNIFTY31DEC2424250PE.NFO,2024-11-27,11:28:00,2024-12-31,416.25,419.15,416.25,419.15,50,5725,0
FINNIFTY31DEC2424250PE.NFO,2024-11-27,11:29:00,2024-12-31,418.1,418.1,418.1,418.1,0,5725,0
FINNIFTY31DEC2424250PE.NFO,2024-11-27,11:30:00,2024-12-31,418.1,418.1,413.75,415.05,175,5725,0
FINNIFTY31DEC2424250PE.NFO,2024-11-27,11:31:00,2024-12-31,415.05,417.05,415.05,417.0,150,5725,0
FINNIFTY31DEC2424250PE.NFO,2024-11-27,11:32:00,2024-12-31,417.0,419.05,417.0,418.35,375,5725,0
FINNIFTY31DEC2424250PE.NFO,2024-11-27,11:33:00,2024-12-31,418.35,418.35,416.0,417.3,500,5725,0
FINNIFTY31DEC2424250PE.NFO,2024-11-27,11:34:00,2024-12-31,417.3,417.3,415.15,416.25,325,5950,0
FINNIFTY31DEC2424250PE.NFO,2024-11-27,11:35:00,2024-12-31,416.25,416.25,416.25,416.25,0,5950,0
FINNIFTY31DEC2424250PE.NFO,2024-11-27,11:36:00,2024-12-31,416.25,417.4,416.25,417.4,50,5950,0
FINNIFTY31DEC2424250PE.NFO,2024-11-27,11:37:00,2024-12-31,417.4,417.4,415.0,415.0,25,5950,0
FINNIFTY31DEC2424250PE.NFO,2024-11-27,11:38:00,2024-12-31,415.0,419.0,415.0,418.5,75,5900,0
FINNIFTY31DEC2424250PE.NFO,2024-11-27,11:39:00,2024-12-31,418.5,418.5,414.6,414.6,325,5900,0
FINNIFTY31DEC2424250PE.NFO,2024-11-27,11:40:00,2024-12-31,414.6,415.9,413.0,415.9,325,5800,0
FINNIFTY31DEC2424250PE.NFO,2024-11-27,11:41:00,2024-12-31,415.9,417.75,415.85,416.95,150,5800,0
FINNIFTY31DEC2424250PE.NFO,2024-11-27,11:42:00,2024-12-31,416.95,418.35,416.5,416.5,100,5800,0
FINNIFTY31DEC2424250PE.NFO,2024-11-27,11:43:00,2024-12-31,416.5,416.5,411.05,411.05,1500,5750,0
FINNIFTY31DEC2424250PE.NFO,2024-11-27,11:44:00,2024-12-31,411.05,415.0,409.85,414.25,875,5750,0
FINNIFTY31DEC2424250PE.NFO,2024-11-27,11:45:00,2024-12-31,414.25,417.6,413.9,417.6,100,5750,0
FINNIFTY31DEC2424250PE.NFO,2024-11-27,11:46:00,2024-12-31,417.6,420.45,417.6,417.75,1275,7275,0
FINNIFTY31DEC2424250PE.NFO,2024-11-27,11:47:00,2024-12-31,417.75,420.5,417.75,420.5,700,7275,0
FINNIFTY31DEC2424250PE.NFO,2024-11-27,11:48:00,2024-12-31,420.5,423.9,420.5,422.4,1125,7275,0
FINNIFTY31DEC2424250PE.NFO,2024-11-27,11:49:00,2024-12-31,422.4,422.9,421.65,421.65,1025,8800,0
FINNIFTY31DEC2424250PE.NFO,2024-11-27,11:50:00,2024-12-31,421.65,421.65,419.4,419.4,650,8800,0
FINNIFTY31DEC2424250PE.NFO,2024-11-27,11:51:00,2024-12-31,422.6,427.55,422.6,427.55,50,8800,0
FINNIFTY31DEC2424250PE.NFO,2024-11-27,11:52:00,2024-12-31,427.55,427.55,422.4,422.4,75,10000,0
FINNIFTY31DEC2424250PE.NFO,2024-11-27,11:53:00,2024-12-31,422.4,425.65,422.4,425.65,200,10000,0
FINNIFTY31DEC2424250PE.NFO,2024-11-27,11:54:00,2024-12-31,425.65,425.65,425.65,425.65,0,10000,0
FINNIFTY31DEC2424250PE.NFO,2024-11-27,11:55:00,2024-12-31,425.65,425.65,425.2,425.35,300,10000,0
FINNIFTY31DEC2424250PE.NFO,2024-11-27,11:56:00,2024-12-31,425.35,425.35,422.35,422.35,25,9600,0
FINNIFTY31DEC2424250PE.NFO,2024-11-27,11:57:00,2024-12-31,422.35,422.45,419.35,422.45,525,9600,0
FINNIFTY31DEC2424250PE.NFO,2024-11-27,11:58:00,2024-12-31,422.45,422.45,422.4,422.4,25,9975,0
FINNIFTY31DEC2424250PE.NFO,2024-11-27,11:59:00,2024-12-31,422.4,422.55,410.95,414.1,175,9975,0
FINNIFTY31DEC2424250PE.NFO,2024-11-27,12:00:00,2024-12-31,414.1,414.1,394.35,399.9,2000,9975,0
FINNIFTY31DEC2424250PE.NFO,2024-11-27,12:01:00,2024-12-31,398.5,399.35,390.75,396.5,2250,11500,0
FINNIFTY31DEC2424250PE.NFO,2024-11-27,12:02:00,2024-12-31,394.65,397.7,393.05,396.65,1225,11500,0
FINNIFTY31DEC2424250PE.NFO,2024-11-27,12:03:00,2024-12-31,396.65,409.95,396.65,409.95,2375,11500,0
FINNIFTY31DEC2424250PE.NFO,2024-11-27,12:04:00,2024-12-31,409.95,415.0,407.85,415.0,425,16275,0
FINNIFTY31DEC2424250PE.NFO,2024-11-27,12:05:00,2024-12-31,415.0,416.05,410.0,410.0,175,16275,0
FINNIFTY31DEC2424250PE.NFO,2024-11-27,12:06:00,2024-12-31,410.0,413.4,408.55,412.35,300,16275,0
FINNIFTY31DEC2424250PE.NFO,2024-11-27,12:07:00,2024-12-31,412.35,414.45,412.35,414.15,50,16250,0
FINNIFTY31DEC2424250PE.NFO,2024-11-27,12:08:00,2024-12-31,414.15,414.15,408.6,408.6,200,16250,0
FINNIFTY31DEC2424250PE.NFO,2024-11-27,12:09:00,2024-12-31,408.6,408.6,397.15,397.15,600,16250,0
FINNIFTY31DEC2424250PE.NFO,2024-11-27,12:10:00,2024-12-31,397.15,397.65,391.35,392.7,750,16400,0
FINNIFTY31DEC2424250PE.NFO,2024-11-27,12:11:00,2024-12-31,392.7,398.95,390.55,393.55,525,16400,0
FINNIFTY31DEC2424250PE.NFO,2024-11-27,12:12:00,2024-12-31,393.55,394.75,393.55,394.75,50,16400,0
FINNIFTY31DEC2424250PE.NFO,2024-11-27,12:13:00,2024-12-31,400.5,403.2,399.0,400.8,675,17275,0
FINNIFTY31DEC2424250PE.NFO,2024-11-27,12:14:00,2024-12-31,400.8,403.65,399.75,401.7,500,17275,0
FINNIFTY31DEC2424250PE.NFO,2024-11-27,12:15:00,2024-12-31,401.7,401.7,400.05,400.4,125,17275,0
FINNIFTY31DEC2424250PE.NFO,2024-11-27,12:16:00,2024-12-31,400.4,401.95,393.95,396.35,525,17250,0
FINNIFTY31DEC2424250PE.NFO,2024-11-27,12:17:00,2024-12-31,396.35,396.35,389.1,390.7,275,17250,0
FINNIFTY31DEC2424250PE.NFO,2024-11-27,12:18:00,2024-12-31,390.7,391.15,385.45,388.2,900,17250,0
FINNIFTY31DEC2424250PE.NFO,2024-11-27,12:19:00,2024-12-31,388.2,392.25,388.2,388.2,725,17975,0
FINNIFTY31DEC2424250PE.NFO,2024-11-27,12:20:00,2024-12-31,388.2,389.8,379.35,380.9,500,17975,0
FINNIFTY31DEC2424250PE.NFO,2024-11-27,12:21:00,2024-12-31,381.1,382.8,379.3,381.05,1600,17975,0
FINNIFTY31DEC2424250PE.NFO,2024-11-27,12:22:00,2024-12-31,381.05,382.55,377.7,382.55,1500,20475,0
FINNIFTY31DEC2424250PE.NFO,2024-11-27,12:23:00,2024-12-31,382.55,382.75,379.0,379.0,925,20475,0
FINNIFTY31DEC2424250PE.NFO,2024-11-27,12:24:00,2024-12-31,379.0,385.35,378.35,383.45,800,20475,0
FINNIFTY31DEC2424250PE.NFO,2024-11-27,12:25:00,2024-12-31,383.45,383.45,381.7,381.7,125,22150,0
FINNIFTY31DEC2424250PE.NFO,2024-11-27,12:26:00,2024-12-31,381.7,384.9,378.3,384.9,325,22150,0
FINNIFTY31DEC2424250PE.NFO,2024-11-27,12:27:00,2024-12-31,384.9,387.75,384.9,385.7,250,22150,0
FINNIFTY31DEC2424250PE.NFO,2024-11-27,12:28:00,2024-12-31,385.7,385.7,380.15,381.4,650,22450,0
FINNIFTY31DEC2424250PE.NFO,2024-11-27,12:29:00,2024-12-31,381.4,382.6,380.0,380.0,200,22450,0
FINNIFTY31DEC2424250PE.NFO,2024-11-27,12:30:00,2024-12-31,380.0,380.0,376.45,378.45,300,22450,0
FINNIFTY31DEC2424250PE.NFO,2024-11-27,12:31:00,2024-12-31,378.45,378.45,377.25,377.25,50,22875,0
FINNIFTY31DEC2424250PE.NFO,2024-11-27,12:32:00,2024-12-31,377.25,379.15,377.25,378.15,125,22875,0
FINNIFTY31DEC2424250PE.NFO,2024-11-27,12:33:00,2024-12-31,378.15,378.15,369.3,369.3,400,22875,0
FINNIFTY31DEC2424250PE.NFO,2024-11-27,12:34:00,2024-12-31,369.3,369.3,367.65,368.4,275,23000,0
FINNIFTY31DEC2424250PE.NFO,2024-11-27,12:35:00,2024-12-31,368.4,368.4,368.4,368.4,0,23000,0
FINNIFTY31DEC2424250PE.NFO,2024-11-27,12:36:00,2024-12-31,368.4,372.35,368.4,372.35,225,23000,0
FINNIFTY31DEC2424250PE.NFO,2024-11-27,12:37:00,2024-12-31,372.35,372.35,371.5,371.5,50,23025,0
FINNIFTY31DEC2424250PE.NFO,2024-11-27,12:38:00,2024-12-31,371.5,371.5,371.5,371.5,0,23025,0
FINNIFTY31DEC2424250PE.NFO,2024-11-27,12:39:00,2024-12-31,371.5,371.5,366.4,367.05,75,23025,0
FINNIFTY31DEC2424250PE.NFO,2024-11-27,12:40:00,2024-12-31,367.05,368.75,367.05,368.4,200,23150,0
FINNIFTY31DEC2424250PE.NFO,2024-11-27,12:41:00,2024-12-31,368.4,368.4,368.4,368.4,0,23150,0
FINNIFTY31DEC2424250PE.NFO,2024-11-27,12:42:00,2024-12-31,368.4,369.95,368.4,369.95,50,23150,0
FINNIFTY31DEC2424250PE.NFO,2024-11-27,12:43:00,2024-12-31,369.95,371.8,369.95,371.8,350,23225,0
FINNIFTY31DEC2424250PE.NFO,2024-11-27,12:44:00,2024-12-31,371.8,372.6,369.2,372.6,200,23225,0
FINNIFTY31DEC2424250PE.NFO,2024-11-27,12:45:00,2024-12-31,372.6,373.5,370.65,373.5,225,23225,0
FINNIFTY31DEC2424250PE.NFO,2024-11-27,12:46:00,2024-12-31,373.5,373.5,370.8,371.1,625,23325,0
FINNIFTY31DEC2424250PE.NFO,2024-11-27,12:47:00,2024-12-31,371.1,371.1,369.0,369.0,125,23325,0
FINNIFTY31DEC2424250PE.NFO,2024-11-27,12:48:00,2024-12-31,369.0,369.0,364.9,366.4,100,23325,0
FINNIFTY31DEC2424250PE.NFO,2024-11-27,12:49:00,2024-12-31,366.4,366.4,362.75,362.75,50,23475,0
FINNIFTY31DEC2424250PE.NFO,2024-11-27,12:50:00,2024-12-31,362.75,362.75,360.8,362.65,125,23475,0
FINNIFTY31DEC2424250PE.NFO,2024-11-27,12:51:00,2024-12-31,362.65,368.75,362.65,368.25,75,23475,0
FINNIFTY31DEC2424250PE.NFO,2024-11-27,12:52:00,2024-12-31,368.25,369.15,368.25,369.15,25,23475,0
FINNIFTY31DEC2424250PE.NFO,2024-11-27,12:53:00,2024-12-31,369.15,369.15,368.95,368.95,25,23600,0
FINNIFTY31DEC2424250PE.NFO,2024-11-27,12:54:00,2024-12-31,368.95,368.95,368.95,368.95,0,23600,0
FINNIFTY31DEC2424250PE.NFO,2024-11-27,12:55:00,2024-12-31,368.95,368.95,368.95,368.95,0,23600,0
FINNIFTY31DEC2424250PE.NFO,2024-11-27,12:56:00,2024-12-31,368.95,375.55,368.95,375.1,250,23600,0
FINNIFTY31DEC2424250PE.NFO,2024-11-27,12:57:00,2024-12-31,375.1,375.1,370.7,370.7,175,23600,0
FINNIFTY31DEC2424250PE.NFO,2024-11-27,12:58:00,2024-12-31,370.7,371.1,369.5,371.1,325,23525,0
FINNIFTY31DEC2424250PE.NFO,2024-11-27,12:59:00,2024-12-31,371.1,372.8,371.1,372.25,50,23525,0
FINNIFTY31DEC2424250PE.NFO,2024-11-27,13:00:00,2024-12-31,372.25,372.25,372.25,372.25,0,23525,0
FINNIFTY31DEC2424250PE.NFO,2024-11-27,13:01:00,2024-12-31,372.25,372.25,363.9,366.4,225,23500,0
FINNIFTY31DEC2424250PE.NFO,2024-11-27,13:02:00,2024-12-31,366.4,369.45,366.15,369.45,175,23500,0
FINNIFTY31DEC2424250PE.NFO,2024-11-27,13:03:00,2024-12-31,369.45,370.65,369.45,370.65,50,23500,0
FINNIFTY31DEC2424250PE.NFO,2024-11-27,13:04:00,2024-12-31,370.65,372.65,370.65,372.65,25,23575,0
FINNIFTY31DEC2424250PE.NFO,2024-11-27,13:05:00,2024-12-31,372.65,372.95,369.6,369.6,225,23575,0
FINNIFTY31DEC2424250PE.NFO,2024-11-27,13:06:00,2024-12-31,369.6,369.6,369.6,369.6,0,23575,0
FINNIFTY31DEC2424250PE.NFO,2024-11-27,13:07:00,2024-12-31,369.6,369.6,369.6,369.6,0,23575,0
FINNIFTY31DEC2424250PE.NFO,2024-11-27,13:08:00,2024-12-31,369.6,369.6,369.6,369.6,0,23575,0
FINNIFTY31DEC2424250PE.NFO,2024-11-27,13:09:00,2024-12-31,369.6,369.6,369.6,369.6,0,23575,0
FINNIFTY31DEC2424250PE.NFO,2024-11-27,13:10:00,2024-12-31,369.6,369.6,365.0,365.0,200,23525,0
FINNIFTY31DEC2424250PE.NFO,2024-11-27,13:11:00,2024-12-31,365.0,369.5,365.0,369.5,50,23525,0
FINNIFTY31DEC2424250PE.NFO,2024-11-27,13:12:00,2024-12-31,369.5,369.5,367.95,367.95,125,23525,0
FINNIFTY31DEC2424250PE.NFO,2024-11-27,13:13:00,2024-12-31,367.95,369.55,367.8,369.15,200,23500,0
FINNIFTY31DEC2424250PE.NFO,2024-11-27,13:14:00,2024-12-31,369.15,369.15,367.05,368.05,200,23500,0
FINNIFTY31DEC2424250PE.NFO,2024-11-27,13:15:00,2024-12-31,368.05,368.05,367.65,367.65,50,23500,0
FINNIFTY31DEC2424250PE.NFO,2024-11-27,13:16:00,2024-12-31,367.65,367.65,366.15,366.45,50,23500,0
FINNIFTY31DEC2424250PE.NFO,2024-11-27,13:17:00,2024-12-31,366.45,368.1,366.0,368.1,250,23500,0
FINNIFTY31DEC2424250PE.NFO,2024-11-27,13:18:00,2024-12-31,368.1,368.1,368.1,368.1,0,23500,0
FINNIFTY31DEC2424250PE.NFO,2024-11-27,13:19:00,2024-12-31,368.1,368.1,365.75,365.75,225,23500,0
FINNIFTY31DEC2424250PE.NFO,2024-11-27,13:20:00,2024-12-31,365.75,365.75,365.75,365.75,0,23500,0
FINNIFTY31DEC2424250PE.NFO,2024-11-27,13:21:00,2024-12-31,365.75,365.75,365.75,365.75,0,23500,0
FINNIFTY31DEC2424250PE.NFO,2024-11-27,13:22:00,2024-12-31,365.75,367.0,364.05,367.0,275,23550,0
FINNIFTY31DEC2424250PE.NFO,2024-11-27,13:23:00,2024-12-31,367.0,367.1,365.6,365.6,50,23550,0
FINNIFTY31DEC2424250PE.NFO,2024-11-27,13:24:00,2024-12-31,365.6,366.8,365.6,366.8,75,23550,0
FINNIFTY31DEC2424250PE.NFO,2024-11-27,13:25:00,2024-12-31,366.8,366.8,366.8,366.8,0,23550,0
FINNIFTY31DEC2424250PE.NFO,2024-11-27,13:26:00,2024-12-31,366.8,366.8,361.95,361.95,100,23550,0
FINNIFTY31DEC2424250PE.NFO,2024-11-27,13:27:00,2024-12-31,361.95,363.1,361.6,363.1,150,23550,0
FINNIFTY31DEC2424250PE.NFO,2024-11-27,13:28:00,2024-12-31,363.1,367.05,363.1,365.85,150,23550,0
FINNIFTY31DEC2424250PE.NFO,2024-11-27,13:29:00,2024-12-31,365.85,365.85,365.85,365.85,0,23550,0
FINNIFTY31DEC2424250PE.NFO,2024-11-27,13:30:00,2024-12-31,365.85,365.85,365.85,365.85,0,23550,0
FINNIFTY31DEC2424250PE.NFO,2024-11-27,13:31:00,2024-12-31,365.85,365.85,365.85,365.85,0,23550,0
FINNIFTY31DEC2424250PE.NFO,2024-11-27,13:32:00,2024-12-31,365.85,365.85,365.85,365.85,0,23550,0
FINNIFTY31DEC2424250PE.NFO,2024-11-27,13:33:00,2024-12-31,365.85,365.85,364.6,364.6,125,23575,0
FINNIFTY31DEC2424250PE.NFO,2024-11-27,13:34:00,2024-12-31,364.6,369.25,364.6,369.25,1100,23950,0
FINNIFTY31DEC2424250PE.NFO,2024-11-27,13:35:00,2024-12-31,369.25,369.25,366.15,366.6,475,23950,0
FINNIFTY31DEC2424250PE.NFO,2024-11-27,13:36:00,2024-12-31,366.6,366.6,364.55,364.55,175,23950,0
FINNIFTY31DEC2424250PE.NFO,2024-11-27,13:37:00,2024-12-31,364.55,364.55,362.45,362.45,150,24175,0
FINNIFTY31DEC2424250PE.NFO,2024-11-27,13:38:00,2024-12-31,362.45,362.45,362.2,362.2,25,24175,0
FINNIFTY31DEC2424250PE.NFO,2024-11-27,13:39:00,2024-12-31,362.2,363.25,362.2,363.25,175,24175,0
FINNIFTY31DEC2424250PE.NFO,2024-11-27,13:40:00,2024-12-31,363.25,363.35,363.0,363.35,125,24100,0
FINNIFTY31DEC2424250PE.NFO,2024-11-27,13:41:00,2024-12-31,363.45,363.45,363.35,363.35,125,24100,0
FINNIFTY31DEC2424250PE.NFO,2024-11-27,13:42:00,2024-12-31,363.35,363.35,363.35,363.35,0,24100,0
FINNIFTY31DEC2424250PE.NFO,2024-11-27,13:43:00,2024-12-31,363.35,363.35,361.4,362.5,475,23975,0
FINNIFTY31DEC2424250PE.NFO,2024-11-27,13:44:00,2024-12-31,362.5,363.55,362.5,363.15,275,23975,0
FINNIFTY31DEC2424250PE.NFO,2024-11-27,13:45:00,2024-12-31,363.15,365.15,363.15,365.15,225,23975,0
FINNIFTY31DEC2424250PE.NFO,2024-11-27,13:46:00,2024-12-31,365.15,365.15,363.95,363.95,175,24000,0
FINNIFTY31DEC2424250PE.NFO,2024-11-27,13:47:00,2024-12-31,363.95,363.95,362.35,362.35,225,24000,0
FINNIFTY31DEC2424250PE.NFO,2024-11-27,13:48:00,2024-12-31,362.35,362.35,362.35,362.35,0,24000,0
FINNIFTY31DEC2424250PE.NFO,2024-11-27,13:49:00,2024-12-31,362.35,363.85,362.35,363.45,100,23850,0
FINNIFTY31DEC2424250PE.NFO,2024-11-27,13:50:00,2024-12-31,363.45,363.45,363.15,363.15,100,23850,0
FINNIFTY31DEC2424250PE.NFO,2024-11-27,13:51:00,2024-12-31,363.15,363.15,363.15,363.15,0,23850,0
FINNIFTY31DEC2424250PE.NFO,2024-11-27,13:52:00,2024-12-31,363.15,363.15,361.0,361.9,250,23850,0
FINNIFTY31DEC2424250PE.NFO,2024-11-27,13:53:00,2024-12-31,361.9,363.05,361.9,363.05,50,23850,0
FINNIFTY31DEC2424250PE.NFO,2024-11-27,13:54:00,2024-12-31,363.05,364.35,363.05,364.35,125,23850,0
FINNIFTY31DEC2424250PE.NFO,2024-11-27,13:55:00,2024-12-31,364.35,367.4,362.7,367.4,1150,23750,0
FINNIFTY31DEC2424250PE.NFO,2024-11-27,13:56:00,2024-12-31,367.4,367.4,361.2,361.2,100,23750,0
FINNIFTY31DEC2424250PE.NFO,2024-11-27,13:57:00,2024-12-31,361.2,368.25,361.2,366.35,550,23750,0
FINNIFTY31DEC2424250PE.NFO,2024-11-27,13:58:00,2024-12-31,366.35,366.35,365.3,365.3,25,23750,0
FINNIFTY31DEC2424250PE.NFO,2024-11-27,13:59:00,2024-12-31,365.3,371.85,365.3,371.1,2200,23375,0
FINNIFTY31DEC2424250PE.NFO,2024-11-27,14:00:00,2024-12-31,371.1,371.1,368.3,368.3,100,23375,0
FINNIFTY31DEC2424250PE.NFO,2024-11-27,14:01:00,2024-12-31,368.3,375.7,368.3,372.3,1375,21625,0
FINNIFTY31DEC2424250PE.NFO,2024-11-27,14:02:00,2024-12-31,372.3,372.3,372.0,372.0,25,21625,0
FINNIFTY31DEC2424250PE.NFO,2024-11-27,14:03:00,2024-12-31,372.0,372.0,371.1,371.1,75,21625,0
FINNIFTY31DEC2424250PE.NFO,2024-11-27,14:04:00,2024-12-31,371.1,371.1,368.9,368.9,25,21625,0
FINNIFTY31DEC2424250PE.NFO,2024-11-27,14:05:00,2024-12-31,368.9,369.95,368.9,369.1,175,21975,0
FINNIFTY31DEC2424250PE.NFO,2024-11-27,14:06:00,2024-12-31,369.1,369.7,369.1,369.7,225,21975,0
FINNIFTY31DEC2424250PE.NFO,2024-11-27,14:07:00,2024-12-31,369.7,369.7,368.7,369.0,325,21975,0
FINNIFTY31DEC2424250PE.NFO,2024-11-27,14:08:00,2024-12-31,369.0,369.0,369.0,369.0,0,21975,0
FINNIFTY31DEC2424250PE.NFO,2024-11-27,14:09:00,2024-12-31,369.0,369.0,368.55,368.55,25,22025,0
FINNIFTY31DEC2424250PE.NFO,2024-11-27,14:10:00,2024-12-31,368.55,370.65,368.55,370.65,150,22000,0
FINNIFTY31DEC2424250PE.NFO,2024-11-27,14:11:00,2024-12-31,370.65,370.65,370.65,370.65,0,22000,0
FINNIFTY31DEC2424250PE.NFO,2024-11-27,14:12:00,2024-12-31,370.65,370.95,370.0,370.95,450,22000,0
FINNIFTY31DEC2424250PE.NFO,2024-11-27,14:13:00,2024-12-31,370.95,370.95,369.15,369.15,875,21725,0
FINNIFTY31DEC2424250PE.NFO,2024-11-27,14:14:00,2024-12-31,369.15,372.4,369.15,372.05,150,21725,0
FINNIFTY31DEC2424250PE.NFO,2024-11-27,14:15:00,2024-12-31,372.05,372.4,369.3,370.65,375,21725,0
FINNIFTY31DEC2424250PE.NFO,2024-11-27,14:16:00,2024-12-31,370.65,371.15,370.65,371.15,175,21725,0
FINNIFTY31DEC2424250PE.NFO,2024-11-27,14:17:00,2024-12-31,371.15,371.15,369.55,369.85,250,21975,0
FINNIFTY31DEC2424250PE.NFO,2024-11-27,14:18:00,2024-12-31,369.85,370.4,369.0,370.35,575,21975,0
FINNIFTY31DEC2424250PE.NFO,2024-11-27,14:19:00,2024-12-31,370.35,370.35,370.35,370.35,0,21975,0
FINNIFTY31DEC2424250PE.NFO,2024-11-27,14:20:00,2024-12-31,370.35,370.35,370.35,370.35,0,21975,0
FINNIFTY31DEC2424250PE.NFO,2024-11-27,14:21:00,2024-12-31,370.35,371.8,370.35,371.8,25,21950,0
FINNIFTY31DEC2424250PE.NFO,2024-11-27,14:22:00,2024-12-31,371.8,371.8,371.8,371.8,125,21950,0
FINNIFTY31DEC2424250PE.NFO,2024-11-27,14:23:00,2024-12-31,374.85,374.85,373.05,373.05,75,21950,0
FINNIFTY31DEC2424250PE.NFO,2024-11-27,14:24:00,2024-12-31,373.05,373.05,373.05,373.05,0,21950,0
FINNIFTY31DEC2424250PE.NFO,2024-11-27,14:25:00,2024-12-31,373.05,373.05,373.05,373.05,0,21950,0
FINNIFTY31DEC2424250PE.NFO,2024-11-27,14:26:00,2024-12-31,373.05,373.05,370.2,370.2,25,21950,0
FINNIFTY31DEC2424250PE.NFO,2024-11-27,14:27:00,2024-12-31,370.2,372.2,370.2,371.95,1625,21950,0
FINNIFTY31DEC2424250PE.NFO,2024-11-27,14:28:00,2024-12-31,371.95,371.95,369.45,369.45,125,20475,0
FINNIFTY31DEC2424250PE.NFO,2024-11-27,14:29:00,2024-12-31,369.45,369.45,369.45,369.45,0,20475,0
FINNIFTY31DEC2424250PE.NFO,2024-11-27,14:30:00,2024-12-31,369.45,369.45,369.45,369.45,0,20475,0
FINNIFTY31DEC2424250PE.NFO,2024-11-27,14:31:00,2024-12-31,369.45,369.45,369.45,369.45,0,20475,0
FINNIFTY31DEC2424250PE.NFO,2024-11-27,14:32:00,2024-12-31,369.45,369.45,369.45,369.45,0,20475,0
FINNIFTY31DEC2424250PE.NFO,2024-11-27,14:33:00,2024-12-31,369.45,369.45,368.15,368.15,25,20450,0
FINNIFTY31DEC2424250PE.NFO,2024-11-27,14:34:00,2024-12-31,368.15,368.15,365.95,365.95,175,20625,0
FINNIFTY31DEC2424250PE.NFO,2024-11-27,14:35:00,2024-12-31,365.95,365.95,365.3,365.3,100,20625,0
FINNIFTY31DEC2424250PE.NFO,2024-11-27,14:36:00,2024-12-31,365.3,365.3,365.3,365.3,0,20625,0
FINNIFTY31DEC2424250PE.NFO,2024-11-27,14:37:00,2024-12-31,365.3,368.2,365.3,368.2,50,20500,0
FINNIFTY31DEC2424250PE.NFO,2024-11-27,14:38:00,2024-12-31,368.2,369.25,368.2,369.25,25,20500,0
FINNIFTY31DEC2424250PE.NFO,2024-11-27,14:39:00,2024-12-31,369.25,369.25,367.8,367.8,100,20500,0
FINNIFTY31DEC2424250PE.NFO,2024-11-27,14:40:00,2024-12-31,367.8,368.55,367.8,368.15,75,20500,0
FINNIFTY31DEC2424250PE.NFO,2024-11-27,14:41:00,2024-12-31,368.15,368.15,368.15,368.15,0,20500,0
FINNIFTY31DEC2424250PE.NFO,2024-11-27,14:42:00,2024-12-31,368.15,368.15,368.15,368.15,0,20500,0
FINNIFTY31DEC2424250PE.NFO,2024-11-27,14:43:00,2024-12-31,368.15,371.0,365.4,371.0,125,20500,0
FINNIFTY31DEC2424250PE.NFO,2024-11-27,14:44:00,2024-12-31,371.0,372.15,368.25,368.25,175,20500,0
FINNIFTY31DEC2424250PE.NFO,2024-11-27,14:45:00,2024-12-31,368.25,370.95,368.25,369.15,175,20500,0
FINNIFTY31DEC2424250PE.NFO,2024-11-27,14:46:00,2024-12-31,369.15,369.15,368.5,368.5,25,20500,0
FINNIFTY31DEC2424250PE.NFO,2024-11-27,14:47:00,2024-12-31,368.5,370.45,368.45,370.45,75,20450,0
FINNIFTY31DEC2424250PE.NFO,2024-11-27,14:48:00,2024-12-31,370.45,370.45,369.15,369.85,25,20450,0
FINNIFTY31DEC2424250PE.NFO,2024-11-27,14:49:00,2024-12-31,369.85,371.8,369.85,371.8,100,20450,0
FINNIFTY31DEC2424250PE.NFO,2024-11-27,14:50:00,2024-12-31,371.4,371.7,371.2,371.2,425,20325,0
FINNIFTY31DEC2424250PE.NFO,2024-11-27,14:51:00,2024-12-31,371.2,375.2,371.2,374.9,675,20325,0
FINNIFTY31DEC2424250PE.NFO,2024-11-27,14:52:00,2024-12-31,374.9,374.9,374.9,374.9,0,20325,0
FINNIFTY31DEC2424250PE.NFO,2024-11-27,14:53:00,2024-12-31,374.9,374.9,370.7,370.7,50,19400,0
FINNIFTY31DEC2424250PE.NFO,2024-11-27,14:54:00,2024-12-31,370.7,371.85,370.15,370.8,925,19400,0
FINNIFTY31DEC2424250PE.NFO,2024-11-27,14:55:00,2024-12-31,370.8,370.8,368.0,368.0,100,19400,0
FINNIFTY31DEC2424250PE.NFO,2024-11-27,14:56:00,2024-12-31,368.0,368.0,367.5,367.5,125,19400,0
FINNIFTY31DEC2424250PE.NFO,2024-11-27,14:57:00,2024-12-31,367.5,367.5,367.5,367.5,0,19400,0
FINNIFTY31DEC2424250PE.NFO,2024-11-27,14:58:00,2024-12-31,367.5,370.0,367.5,370.0,125,19400,0
FINNIFTY31DEC2424250PE.NFO,2024-11-27,14:59:00,2024-12-31,370.0,370.0,367.95,367.95,100,19400,0
FINNIFTY31DEC2424250PE.NFO,2024-11-27,15:00:00,2024-12-31,367.95,369.75,367.95,367.95,325,19400,0
FINNIFTY31DEC2424250PE.NFO,2024-11-27,15:01:00,2024-12-31,367.95,369.0,367.95,369.0,75,19400,0
FINNIFTY31DEC2424250PE.NFO,2024-11-27,15:02:00,2024-12-31,369.0,371.8,369.0,371.8,400,19425,0
FINNIFTY31DEC2424250PE.NFO,2024-11-27,15:03:00,2024-12-31,371.8,371.8,369.75,369.75,575,19425,0
FINNIFTY31DEC2424250PE.NFO,2024-11-27,15:04:00,2024-12-31,369.75,372.9,369.75,372.9,225,19025,0
FINNIFTY31DEC2424250PE.NFO,2024-11-27,15:05:00,2024-12-31,372.9,373.8,369.8,369.8,400,19025,0
FINNIFTY31DEC2424250PE.NFO,2024-11-27,15:06:00,2024-12-31,369.8,373.05,368.55,373.05,625,19025,0
FINNIFTY31DEC2424250PE.NFO,2024-11-27,15:07:00,2024-12-31,373.05,376.3,372.45,375.6,2100,19025,0
FINNIFTY31DEC2424250PE.NFO,2024-11-27,15:08:00,2024-12-31,375.6,375.6,374.1,375.05,350,18600,0
FINNIFTY31DEC2424250PE.NFO,2024-11-27,15:09:00,2024-12-31,375.05,376.55,374.4,374.4,1075,18600,0
FINNIFTY31DEC2424250PE.NFO,2024-11-27,15:10:00,2024-12-31,374.4,374.4,370.65,372.05,150,18600,0
FINNIFTY31DEC2424250PE.NFO,2024-11-27,15:11:00,2024-12-31,372.05,372.05,372.05,372.05,0,18600,0
FINNIFTY31DEC2424250PE.NFO,2024-11-27,15:12:00,2024-12-31,372.05,372.05,368.0,371.55,1025,18075,0
FINNIFTY31DEC2424250PE.NFO,2024-11-27,15:13:00,2024-12-31,371.55,371.55,371.55,371.55,0,18075,0
FINNIFTY31DEC2424250PE.NFO,2024-11-27,15:14:00,2024-12-31,371.55,373.05,371.55,373.05,25,18825,0
FINNIFTY31DEC2424250PE.NFO,2024-11-27,15:15:00,2024-12-31,368.35,368.35,367.6,367.6,125,18825,0
FINNIFTY31DEC2424250PE.NFO,2024-11-27,15:16:00,2024-12-31,367.6,369.55,367.6,369.55,300,18700,0
FINNIFTY31DEC2424250PE.NFO,2024-11-27,15:17:00,2024-12-31,369.55,369.55,369.55,369.55,0,18700,0
FINNIFTY31DEC2424250PE.NFO,2024-11-27,15:18:00,2024-12-31,369.55,369.65,368.4,369.35,800,18700,0
FINNIFTY31DEC2424250PE.NFO,2024-11-27,15:19:00,2024-12-31,369.35,369.35,367.55,367.55,175,18600,0
FINNIFTY31DEC2424250PE.NFO,2024-11-27,15:20:00,2024-12-31,367.55,369.85,365.5,366.85,775,18600,0
FINNIFTY31DEC2424250PE.NFO,2024-11-27,15:21:00,2024-12-31,365.8,368.05,365.8,367.5,150,18600,0
FINNIFTY31DEC2424250PE.NFO,2024-11-27,15:22:00,2024-12-31,367.5,367.65,366.0,367.35,1975,16575,0
FINNIFTY31DEC2424250PE.NFO,2024-11-27,15:23:00,2024-12-31,367.35,369.9,367.35,369.9,875,16575,0
FINNIFTY31DEC2424250PE.NFO,2024-11-27,15:24:00,2024-12-31,369.9,370.0,369.6,370.0,150,16575,0
FINNIFTY31DEC2424250PE.NFO,2024-11-27,15:25:00,2024-12-31,370.0,371.8,366.25,366.25,1225,15300,0
FINNIFTY31DEC2424250PE.NFO,2024-11-27,15:26:00,2024-12-31,366.25,367.35,363.85,363.85,325,15300,0
FINNIFTY31DEC2424250PE.NFO,2024-11-27,15:27:00,2024-12-31,363.85,365.5,363.85,365.5,250,15300,0
FINNIFTY31DEC2424250PE.NFO,2024-11-27,15:28:00,2024-12-31,365.5,372.45,365.5,369.45,1400,15300,0
FINNIFTY31DEC2424250PE.NFO,2024-11-27,15:29:00,2024-12-31,369.45,400.0,367.55,400.0,525,15275,0
FINNIFTY31DEC2424250PE.NFO,2024-11-27,15:30:00,2024-12-31,400.0,400.0,400.0,400.0,525,15275,1
FINNIFTY31DEC2424250PE.NFO,2024-11-28,09:15:00,2024-12-31,355.6,355.6,334.0,347.3,600,15000,0
FINNIFTY31DEC2424250PE.NFO,2024-11-28,09:16:00,2024-12-31,347.3,357.25,346.95,357.25,2450,15000,0
FINNIFTY31DEC2424250PE.NFO,2024-11-28,09:17:00,2024-12-31,357.25,359.55,353.15,356.8,1100,15000,0
FINNIFTY31DEC2424250PE.NFO,2024-11-28,09:18:00,2024-12-31,356.8,359.75,344.8,347.5,3400,18625,0
FINNIFTY31DEC2424250PE.NFO,2024-11-28,09:19:00,2024-12-31,347.5,353.0,342.85,350.05,5525,18625,0
FINNIFTY31DEC2424250PE.NFO,2024-11-28,09:20:00,2024-12-31,348.75,352.95,344.0,349.05,6325,18625,0
FINNIFTY31DEC2424250PE.NFO,2024-11-28,09:21:00,2024-12-31,349.7,353.35,338.8,352.5,6875,22350,0
FINNIFTY31DEC2424250PE.NFO,2024-11-28,09:22:00,2024-12-31,353.45,355.5,345.6,352.45,6575,22350,0
FINNIFTY31DEC2424250PE.NFO,2024-11-28,09:23:00,2024-12-31,352.45,360.15,348.95,358.3,4550,22350,0
FINNIFTY31DEC2424250PE.NFO,2024-11-28,09:24:00,2024-12-31,358.3,361.0,355.5,359.15,3925,24250,0
FINNIFTY31DEC2424250PE.NFO,2024-11-28,09:25:00,2024-12-31,359.15,364.6,352.9,353.4,2400,24250,0
FINNIFTY31DEC2424250PE.NFO,2024-11-28,09:26:00,2024-12-31,353.4,356.05,350.45,353.5,2000,24250,0
FINNIFTY31DEC2424250PE.NFO,2024-11-28,09:27:00,2024-12-31,353.5,357.15,351.65,354.65,2075,26450,0
FINNIFTY31DEC2424250PE.NFO,2024-11-28,09:28:00,2024-12-31,354.65,364.0,352.5,362.55,4500,26450,0
FINNIFTY31DEC2424250PE.NFO,2024-11-28,09:29:00,2024-12-31,362.55,362.55,352.35,357.55,1575,26450,0
FINNIFTY31DEC2424250PE.NFO,2024-11-28,09:30:00,2024-12-31,357.55,365.0,357.55,363.9,4725,28325,0
FINNIFTY31DEC2424250PE.NFO,2024-11-28,09:31:00,2024-12-31,363.6,367.9,355.85,359.4,4275,28325,0
FINNIFTY31DEC2424250PE.NFO,2024-11-28,09:32:00,2024-12-31,359.4,361.6,357.2,360.15,1525,28325,0
FINNIFTY31DEC2424250PE.NFO,2024-11-28,09:33:00,2024-12-31,360.15,361.5,358.2,361.5,1375,30025,0
FINNIFTY31DEC2424250PE.NFO,2024-11-28,09:34:00,2024-12-31,361.5,362.6,353.35,353.45,2750,30025,0
FINNIFTY31DEC2424250PE.NFO,2024-11-28,09:35:00,2024-12-31,353.45,355.5,350.65,351.0,2675,30025,0
FINNIFTY31DEC2424250PE.NFO,2024-11-28,09:36:00,2024-12-31,351.0,356.95,346.85,356.5,3675,30250,0
FINNIFTY31DEC2424250PE.NFO,2024-11-28,09:37:00,2024-12-31,356.5,356.55,352.5,354.0,925,30250,0
FINNIFTY31DEC2424250PE.NFO,2024-11-28,09:38:00,2024-12-31,354.0,354.0,350.75,353.8,725,30250,0
FINNIFTY31DEC2424250PE.NFO,2024-11-28,09:39:00,2024-12-31,353.8,354.45,351.0,354.45,700,31100,0
FINNIFTY31DEC2424250PE.NFO,2024-11-28,09:40:00,2024-12-31,354.45,354.45,350.0,353.35,3600,31100,0
FINNIFTY31DEC2424250PE.NFO,2024-11-28,09:41:00,2024-12-31,353.35,355.6,350.1,355.3,875,31100,0
FINNIFTY31DEC2424250PE.NFO,2024-11-28,09:42:00,2024-12-31,355.3,357.6,352.35,355.95,1950,32375,0
FINNIFTY31DEC2424250PE.NFO,2024-11-28,09:43:00,2024-12-31,355.95,362.0,351.95,356.55,3475,32375,0
FINNIFTY31DEC2424250PE.NFO,2024-11-28,09:44:00,2024-12-31,356.55,356.55,351.65,354.9,1100,32375,0
FINNIFTY31DEC2424250PE.NFO,2024-11-28,09:45:00,2024-12-31,353.85,357.3,352.3,356.7,825,32550,0
FINNIFTY31DEC2424250PE.NFO,2024-11-28,09:46:00,2024-12-31,356.7,356.7,349.85,351.05,1925,32550,0
FINNIFTY31DEC2424250PE.NFO,2024-11-28,09:47:00,2024-12-31,351.05,351.35,347.4,347.7,3800,32550,0
FINNIFTY31DEC2424250PE.NFO,2024-11-28,09:48:00,2024-12-31,347.7,351.2,347.2,349.95,2550,33225,0
FINNIFTY31DEC2424250PE.NFO,2024-11-28,09:49:00,2024-12-31,349.95,350.75,348.0,348.0,600,33225,0
FINNIFTY31DEC2424250PE.NFO,2024-11-28,09:50:00,2024-12-31,348.0,350.0,340.0,340.0,7575,33225,0
FINNIFTY31DEC2424250PE.NFO,2024-11-28,09:51:00,2024-12-31,340.0,340.0,326.55,326.55,6800,33575,0
FINNIFTY31DEC2424250PE.NFO,2024-11-28,09:52:00,2024-12-31,326.55,334.0,326.55,334.0,2200,33575,0
FINNIFTY31DEC2424250PE.NFO,2024-11-28,09:53:00,2024-12-31,334.0,335.6,331.4,332.0,2325,33575,0
FINNIFTY31DEC2424250PE.NFO,2024-11-28,09:54:00,2024-12-31,332.0,334.9,331.1,332.45,1250,33325,0
FINNIFTY31DEC2424250PE.NFO,2024-11-28,09:55:00,2024-12-31,332.45,332.45,325.55,327.35,1850,33325,0
FINNIFTY31DEC2424250PE.NFO,2024-11-28,09:56:00,2024-12-31,327.35,327.4,321.55,325.5,2175,33325,0
FINNIFTY31DEC2424250PE.NFO,2024-11-28,09:57:00,2024-12-31,325.5,330.05,325.5,326.6,1950,34025,0
FINNIFTY31DEC2424250PE.NFO,2024-11-28,09:58:00,2024-12-31,326.6,326.6,321.4,324.7,2825,34025,0
FINNIFTY31DEC2424250PE.NFO,2024-11-28,09:59:00,2024-12-31,324.7,326.4,323.0,323.4,900,34025,0
FINNIFTY31DEC2424250PE.NFO,2024-11-28,10:00:00,2024-12-31,323.4,323.4,321.0,322.8,350,34025,0
FINNIFTY31DEC2424250PE.NFO,2024-11-28,10:01:00,2024-12-31,322.8,322.8,315.75,320.0,2300,35475,0
FINNIFTY31DEC2424250PE.NFO,2024-11-28,10:02:00,2024-12-31,320.0,324.55,318.4,320.15,1500,35475,0
FINNIFTY31DEC2424250PE.NFO,2024-11-28,10:03:00,2024-12-31,320.15,320.3,316.55,317.1,1325,34650,0
FINNIFTY31DEC2424250PE.NFO,2024-11-28,10:04:00,2024-12-31,317.1,319.65,316.05,319.55,475,34650,0
FINNIFTY31DEC2424250PE.NFO,2024-11-28,10:05:00,2024-12-31,319.55,320.35,313.85,314.1,1850,34650,0
FINNIFTY31DEC2424250PE.NFO,2024-11-28,10:06:00,2024-12-31,314.1,319.55,313.85,319.55,2075,35175,0
FINNIFTY31DEC2424250PE.NFO,2024-11-28,10:07:00,2024-12-31,319.55,320.5,316.8,316.8,750,35175,0
FINNIFTY31DEC2424250PE.NFO,2024-11-28,10:08:00,2024-12-31,316.8,316.85,314.15,314.9,500,35175,0
FINNIFTY31DEC2424250PE.NFO,2024-11-28,10:09:00,2024-12-31,314.9,316.3,314.9,315.0,75,34775,0
FINNIFTY31DEC2424250PE.NFO,2024-11-28,10:10:00,2024-12-31,315.0,315.6,307.95,308.0,1400,34775,0
FINNIFTY31DEC2424250PE.NFO,2024-11-28,10:11:00,2024-12-31,308.0,310.45,307.75,310.45,850,34775,0
FINNIFTY31DEC2424250PE.NFO,2024-11-28,10:12:00,2024-12-31,310.45,315.25,309.05,315.25,575,34775,0
FINNIFTY31DEC2424250PE.NFO,2024-11-28,10:13:00,2024-12-31,315.25,315.4,312.4,313.5,4625,33950,0
FINNIFTY31DEC2424250PE.NFO,2024-11-28,10:14:00,2024-12-31,313.5,314.0,312.95,313.3,150,33950,0
FINNIFTY31DEC2424250PE.NFO,2024-11-28,10:15:00,2024-12-31,313.3,316.9,312.8,314.95,300,35675,0
FINNIFTY31DEC2424250PE.NFO,2024-11-28,10:16:00,2024-12-31,314.95,322.2,314.95,319.95,725,35675,0
FINNIFTY31DEC2424250PE.NFO,2024-11-28,10:17:00,2024-12-31,319.95,322.8,318.25,320.5,350,35675,0
FINNIFTY31DEC2424250PE.NFO,2024-11-28,10:18:00,2024-12-31,320.5,322.6,318.8,321.55,825,35425,0
FINNIFTY31DEC2424250PE.NFO,2024-11-28,10:19:00,2024-12-31,321.55,324.6,320.4,323.0,475,35425,0
FINNIFTY31DEC2424250PE.NFO,2024-11-28,10:20:00,2024-12-31,323.0,327.5,323.0,325.0,1425,35425,0
FINNIFTY31DEC2424250PE.NFO,2024-11-28,10:21:00,2024-12-31,325.0,325.0,321.9,323.7,525,35425,0
FINNIFTY31DEC2424250PE.NFO,2024-11-28,10:22:00,2024-12-31,323.7,328.8,323.7,328.45,925,36325,0
FINNIFTY31DEC2424250PE.NFO,2024-11-28,10:23:00,2024-12-31,328.45,329.7,326.5,329.7,1800,36325,0
FINNIFTY31DEC2424250PE.NFO,2024-11-28,10:24:00,2024-12-31,329.7,329.7,322.45,323.45,2350,36025,0
FINNIFTY31DEC2424250PE.NFO,2024-11-28,10:25:00,2024-12-31,323.45,329.05,321.3,328.35,2250,36025,0
FINNIFTY31DEC2424250PE.NFO,2024-11-28,10:26:00,2024-12-31,328.35,328.75,327.25,327.25,800,36025,0
FINNIFTY31DEC2424250PE.NFO,2024-11-28,10:27:00,2024-12-31,327.25,329.9,327.05,327.05,425,36025,0
FINNIFTY31DEC2424250PE.NFO,2024-11-28,10:28:00,2024-12-31,327.05,329.8,326.95,329.8,400,34375,0
FINNIFTY31DEC2424250PE.NFO,2024-11-28,10:29:00,2024-12-31,329.8,337.4,329.8,335.55,2725,34375,0
FINNIFTY31DEC2424250PE.NFO,2024-11-28,10:30:00,2024-12-31,335.55,343.0,335.55,337.75,3750,34375,0
FINNIFTY31DEC2424250PE.NFO,2024-11-28,10:31:00,2024-12-31,337.75,342.3,331.9,331.9,2750,35300,0
FINNIFTY31DEC2424250PE.NFO,2024-11-28,10:32:00,2024-12-31,331.9,335.55,331.0,335.35,3950,35300,0
FINNIFTY31DEC2424250PE.NFO,2024-11-28,10:33:00,2024-12-31,336.4,355.65,336.4,354.0,14750,32650,0
FINNIFTY31DEC2424250PE.NFO,2024-11-28,10:34:00,2024-12-31,354.0,358.0,345.6,351.5,5025,32650,0
FINNIFTY31DEC2424250PE.NFO,2024-11-28,10:35:00,2024-12-31,351.5,365.1,350.05,359.35,3700,32650,0
FINNIFTY31DEC2424250PE.NFO,2024-11-28,10:36:00,2024-12-31,359.35,370.0,358.1,370.0,7250,29625,0
FINNIFTY31DEC2424250PE.NFO,2024-11-28,10:37:00,2024-12-31,370.0,384.05,369.1,377.0,5550,29625,0
FINNIFTY31DEC2424250PE.NFO,2024-11-28,10:38:00,2024-12-31,380.0,398.45,376.4,393.0,6725,29625,0
FINNIFTY31DEC2424250PE.NFO,2024-11-28,10:39:00,2024-12-31,393.0,393.0,378.35,387.2,5375,23875,0
FINNIFTY31DEC2424250PE.NFO,2024-11-28,10:40:00,2024-12-31,387.2,403.05,384.4,403.05,5025,23875,0
FINNIFTY31DEC2424250PE.NFO,2024-11-28,10:41:00,2024-12-31,402.75,413.0,399.05,399.05,2625,23875,0
FINNIFTY31DEC2424250PE.NFO,2024-11-28,10:42:00,2024-12-31,399.05,406.15,388.3,389.8,2725,21300,0
FINNIFTY31DEC2424250PE.NFO,2024-11-28,10:43:00,2024-12-31,389.8,401.8,389.75,398.2,950,21300,0
FINNIFTY31DEC2424250PE.NFO,2024-11-28,10:44:00,2024-12-31,398.2,402.0,394.25,394.7,1750,21300,0
FINNIFTY31DEC2424250PE.NFO,2024-11-28,10:45:00,2024-12-31,394.7,400.0,393.8,397.95,2550,21300,0
FINNIFTY31DEC2424250PE.NFO,2024-11-28,10:46:00,2024-12-31,397.95,399.0,393.4,396.6,1275,21625,0
FINNIFTY31DEC2424250PE.NFO,2024-11-28,10:47:00,2024-12-31,396.6,410.0,396.6,403.3,1250,21625,0
FINNIFTY31DEC2424250PE.NFO,2024-11-28,10:48:00,2024-12-31,403.3,416.1,402.6,414.5,2250,20875,0
FINNIFTY31DEC2424250PE.NFO,2024-11-28,10:49:00,2024-12-31,416.0,430.7,413.25,425.0,3325,20875,0
FINNIFTY31DEC2424250PE.NFO,2024-11-28,10:50:00,2024-12-31,425.0,425.0,410.25,412.95,1650,20875,0
FINNIFTY31DEC2424250PE.NFO,2024-11-28,10:51:00,2024-12-31,414.7,422.95,412.5,420.55,1275,20675,0
FINNIFTY31DEC2424250PE.NFO,2024-11-28,10:52:00,2024-12-31,420.55,420.55,404.2,409.75,2725,20675,0
FINNIFTY31DEC2424250PE.NFO,2024-11-28,10:53:00,2024-12-31,409.75,416.9,409.75,416.9,600,20675,0
FINNIFTY31DEC2424250PE.NFO,2024-11-28,10:54:00,2024-12-31,416.9,417.9,412.05,416.65,900,20425,0
FINNIFTY31DEC2424250PE.NFO,2024-11-28,10:55:00,2024-12-31,416.65,420.0,415.75,417.5,525,20425,0
FINNIFTY31DEC2424250PE.NFO,2024-11-28,10:56:00,2024-12-31,417.5,424.2,417.5,422.1,1725,20425,0
FINNIFTY31DEC2424250PE.NFO,2024-11-28,10:57:00,2024-12-31,422.1,422.75,414.9,421.6,300,20425,0
FINNIFTY31DEC2424250PE.NFO,2024-11-28,10:58:00,2024-12-31,421.6,425.1,415.1,415.1,1600,20450,0
FINNIFTY31DEC2424250PE.NFO,2024-11-28,10:59:00,2024-12-31,415.1,419.95,397.25,399.6,1100,20450,0
FINNIFTY31DEC2424250PE.NFO,2024-11-28,11:00:00,2024-12-31,399.6,401.5,391.2,396.05,1900,19875,0
FINNIFTY31DEC2424250PE.NFO,2024-11-28,11:01:00,2024-12-31,396.85,402.45,395.45,396.65,2875,19875,0
FINNIFTY31DEC2424250PE.NFO,2024-11-28,11:02:00,2024-12-31,396.65,398.5,390.25,390.25,1075,19875,0
FINNIFTY31DEC2424250PE.NFO,2024-11-28,11:03:00,2024-12-31,390.25,395.75,389.4,395.75,1500,21875,0
FINNIFTY31DEC2424250PE.NFO,2024-11-28,11:04:00,2024-12-31,395.75,408.25,395.75,406.65,875,21875,0
FINNIFTY31DEC2424250PE.NFO,2024-11-28,11:05:00,2024-12-31,406.65,414.15,405.7,410.0,825,21875,0
FINNIFTY31DEC2424250PE.NFO,2024-11-28,11:06:00,2024-12-31,410.0,413.95,407.45,409.05,450,21875,0
FINNIFTY31DEC2424250PE.NFO,2024-11-28,11:07:00,2024-12-31,409.05,415.0,409.05,409.35,450,21925,0
FINNIFTY31DEC2424250PE.NFO,2024-11-28,11:08:00,2024-12-31,409.35,419.8,409.35,418.6,275,21925,0
FINNIFTY31DEC2424250PE.NFO,2024-11-28,11:09:00,2024-12-31,418.6,420.55,414.6,419.95,800,21800,0
FINNIFTY31DEC2424250PE.NFO,2024-11-28,11:10:00,2024-12-31,419.95,422.5,413.25,415.3,800,21800,0
FINNIFTY31DEC2424250PE.NFO,2024-11-28,11:11:00,2024-12-31,415.3,420.55,414.85,419.9,575,21800,0
FINNIFTY31DEC2424250PE.NFO,2024-11-28,11:12:00,2024-12-31,419.9,424.2,419.8,421.5,850,21800,0
FINNIFTY31DEC2424250PE.NFO,2024-11-28,11:13:00,2024-12-31,421.5,421.5,414.6,416.85,850,21925,0
FINNIFTY31DEC2424250PE.NFO,2024-11-28,11:14:00,2024-12-31,416.85,419.25,416.1,416.5,675,21925,0
FINNIFTY31DEC2424250PE.NFO,2024-11-28,11:15:00,2024-12-31,416.5,422.8,410.45,410.45,1175,21925,0
FINNIFTY31DEC2424250PE.NFO,2024-11-28,11:16:00,2024-12-31,410.45,424.7,410.45,424.7,775,21700,0
FINNIFTY31DEC2424250PE.NFO,2024-11-28,11:17:00,2024-12-31,424.7,439.05,424.1,439.0,500,21700,0
FINNIFTY31DEC2424250PE.NFO,2024-11-28,11:18:00,2024-12-31,438.05,439.1,431.25,436.1,1050,21700,0
FINNIFTY31DEC2424250PE.NFO,2024-11-28,11:19:00,2024-12-31,436.1,449.2,434.7,436.05,2475,21650,0
FINNIFTY31DEC2424250PE.NFO,2024-11-28,11:20:00,2024-12-31,436.05,447.2,436.05,440.0,875,21650,0
FINNIFTY31DEC2424250PE.NFO,2024-11-28,11:21:00,2024-12-31,440.0,443.7,440.0,440.2,900,21650,0
FINNIFTY31DEC2424250PE.NFO,2024-11-28,11:22:00,2024-12-31,440.2,440.2,433.2,433.2,300,20825,0
FINNIFTY31DEC2424250PE.NFO,2024-11-28,11:23:00,2024-12-31,433.2,442.75,431.2,441.8,1725,20825,0
FINNIFTY31DEC2424250PE.NFO,2024-11-28,11:24:00,2024-12-31,441.8,451.0,441.8,449.95,950,20825,0
FINNIFTY31DEC2424250PE.NFO,2024-11-28,11:25:00,2024-12-31,449.95,449.95,437.55,439.95,750,20575,0
FINNIFTY31DEC2424250PE.NFO,2024-11-28,11:26:00,2024-12-31,439.95,441.25,435.85,435.85,575,20575,0
FINNIFTY31DEC2424250PE.NFO,2024-11-28,11:27:00,2024-12-31,435.85,447.35,435.85,446.45,825,20575,0
FINNIFTY31DEC2424250PE.NFO,2024-11-28,11:28:00,2024-12-31,446.45,446.85,440.45,446.85,1425,20675,0
FINNIFTY31DEC2424250PE.NFO,2024-11-28,11:29:00,2024-12-31,441.9,445.5,439.4,439.4,400,20675,0
FINNIFTY31DEC2424250PE.NFO,2024-11-28,11:30:00,2024-12-31,439.4,442.95,439.4,442.95,525,20675,0
FINNIFTY31DEC2424250PE.NFO,2024-11-28,11:31:00,2024-12-31,442.95,442.95,430.0,434.1,900,20800,0
FINNIFTY31DEC2424250PE.NFO,2024-11-28,11:32:00,2024-12-31,434.1,434.1,429.25,430.65,1375,20800,0
FINNIFTY31DEC2424250PE.NFO,2024-11-28,11:33:00,2024-12-31,430.65,440.2,430.65,438.4,1050,20800,0
FINNIFTY31DEC2424250PE.NFO,2024-11-28,11:34:00,2024-12-31,438.4,438.4,430.9,433.8,675,21225,0
FINNIFTY31DEC2424250PE.NFO,2024-11-28,11:35:00,2024-12-31,434.65,443.3,434.65,442.05,800,21225,0
FINNIFTY31DEC2424250PE.NFO,2024-11-28,11:36:00,2024-12-31,442.05,442.05,438.45,440.1,1650,21225,0
FINNIFTY31DEC2424250PE.NFO,2024-11-28,11:37:00,2024-12-31,441.15,441.15,438.2,439.6,650,21500,0
FINNIFTY31DEC2424250PE.NFO,2024-11-28,11:38:00,2024-12-31,439.6,439.6,432.05,432.35,1250,21500,0
FINNIFTY31DEC2424250PE.NFO,2024-11-28,11:39:00,2024-12-31,432.35,436.5,432.35,434.0,425,21500,0
FINNIFTY31DEC2424250PE.NFO,2024-11-28,11:40:00,2024-12-31,434.0,436.5,430.15,430.15,950,21925,0
FINNIFTY31DEC2424250PE.NFO,2024-11-28,11:41:00,2024-12-31,430.15,437.2,430.15,432.0,625,21925,0
FINNIFTY31DEC2424250PE.NFO,2024-11-28,11:42:00,2024-12-31,432.0,432.0,431.85,431.85,475,21925,0
FINNIFTY31DEC2424250PE.NFO,2024-11-28,11:43:00,2024-12-31,431.85,434.45,427.1,428.65,300,22300,0
FINNIFTY31DEC2424250PE.NFO,2024-11-28,11:44:00,2024-12-31,428.65,432.05,425.1,426.1,725,22300,0
FINNIFTY31DEC2424250PE.NFO,2024-11-28,11:45:00,2024-12-31,426.1,427.6,415.05,416.4,375,22300,0
FINNIFTY31DEC2424250PE.NFO,2024-11-28,11:46:00,2024-12-31,416.4,420.7,411.25,411.25,1100,21675,0
FINNIFTY31DEC2424250PE.NFO,2024-11-28,11:47:00,2024-12-31,411.25,411.25,405.4,409.9,2425,21675,0
FINNIFTY31DEC2424250PE.NFO,2024-11-28,11:48:00,2024-12-31,409.9,414.45,409.1,409.1,750,21675,0
FINNIFTY31DEC2424250PE.NFO,2024-11-28,11:49:00,2024-12-31,409.1,410.35,402.05,402.05,475,21225,0
FINNIFTY31DEC2424250PE.NFO,2024-11-28,11:50:00,2024-12-31,402.05,402.05,392.95,397.45,1575,21225,0
FINNIFTY31DEC2424250PE.NFO,2024-11-28,11:51:00,2024-12-31,397.45,406.5,397.45,406.5,575,21225,0
FINNIFTY31DEC2424250PE.NFO,2024-11-28,11:52:00,2024-12-31,406.5,409.5,405.6,408.05,650,21925,0
FINNIFTY31DEC2424250PE.NFO,2024-11-28,11:53:00,2024-12-31,408.05,417.6,408.05,411.7,575,21925,0
FINNIFTY31DEC2424250PE.NFO,2024-11-28,11:54:00,2024-12-31,411.7,420.8,411.7,418.6,725,21925,0
FINNIFTY31DEC2424250PE.NFO,2024-11-28,11:55:00,2024-12-31,418.6,426.75,418.6,426.6,625,21950,0
FINNIFTY31DEC2424250PE.NFO,2024-11-28,11:56:00,2024-12-31,426.6,426.9,424.8,424.8,325,21950,0
FINNIFTY31DEC2424250PE.NFO,2024-11-28,11:57:00,2024-12-31,424.8,424.9,424.25,424.9,50,21950,0
FINNIFTY31DEC2424250PE.NFO,2024-11-28,11:58:00,2024-12-31,424.9,437.75,424.9,434.0,275,21875,0
FINNIFTY31DEC2424250PE.NFO,2024-11-28,11:59:00,2024-12-31,434.0,440.7,434.0,438.95,550,21875,0
FINNIFTY31DEC2424250PE.NFO,2024-11-28,12:00:00,2024-12-31,438.95,441.3,435.45,436.6,250,21875,0
FINNIFTY31DEC2424250PE.NFO,2024-11-28,12:01:00,2024-12-31,436.6,436.65,436.6,436.65,25,21875,0
FINNIFTY31DEC2424250PE.NFO,2024-11-28,12:02:00,2024-12-31,436.65,437.75,429.75,429.75,150,21975,0
FINNIFTY31DEC2424250PE.NFO,2024-11-28,12:03:00,2024-12-31,429.75,429.75,429.75,429.75,0,21975,0
FINNIFTY31DEC2424250PE.NFO,2024-11-28,12:04:00,2024-12-31,429.75,435.0,429.75,432.65,175,22000,0
FINNIFTY31DEC2424250PE.NFO,2024-11-28,12:05:00,2024-12-31,432.65,433.65,430.0,433.65,150,22000,0
FINNIFTY31DEC2424250PE.NFO,2024-11-28,12:06:00,2024-12-31,433.65,433.65,427.9,430.6,175,22000,0
FINNIFTY31DEC2424250PE.NFO,2024-11-28,12:07:00,2024-12-31,430.6,430.6,419.45,419.45,175,21800,0
FINNIFTY31DEC2424250PE.NFO,2024-11-28,12:08:00,2024-12-31,419.45,420.05,416.85,417.55,375,21800,0
FINNIFTY31DEC2424250PE.NFO,2024-11-28,12:09:00,2024-12-31,417.55,420.2,417.55,419.95,400,21800,0
FINNIFTY31DEC2424250PE.NFO,2024-11-28,12:10:00,2024-12-31,419.95,424.8,419.65,424.8,400,22025,0
FINNIFTY31DEC2424250PE.NFO,2024-11-28,12:11:00,2024-12-31,424.8,425.1,420.0,425.1,750,22025,0
FINNIFTY31DEC2424250PE.NFO,2024-11-28,12:12:00,2024-12-31,423.75,430.9,423.75,429.45,650,22025,0
FINNIFTY31DEC2424250PE.NFO,2024-11-28,12:13:00,2024-12-31,429.45,429.85,428.8,428.8,175,21775,0
FINNIFTY31DEC2424250PE.NFO,2024-11-28,12:14:00,2024-12-31,428.8,430.0,422.05,426.1,675,21775,0
FINNIFTY31DEC2424250PE.NFO,2024-11-28,12:15:00,2024-12-31,426.1,428.5,425.5,426.4,100,21775,0
FINNIFTY31DEC2424250PE.NFO,2024-11-28,12:16:00,2024-12-31,426.4,430.0,426.4,428.95,400,21625,0
FINNIFTY31DEC2424250PE.NFO,2024-11-28,12:17:00,2024-12-31,428.95,432.25,428.95,432.25,50,21625,0
FINNIFTY31DEC2424250PE.NFO,2024-11-28,12:18:00,2024-12-31,432.25,432.25,427.0,427.0,425,21625,0
FINNIFTY31DEC2424250PE.NFO,2024-11-28,12:19:00,2024-12-31,427.0,427.7,427.0,427.7,50,21700,0
FINNIFTY31DEC2424250PE.NFO,2024-11-28,12:20:00,2024-12-31,427.7,429.0,422.8,429.0,175,21700,0
FINNIFTY31DEC2424250PE.NFO,2024-11-28,12:21:00,2024-12-31,429.0,429.0,422.6,422.6,250,21700,0
FINNIFTY31DEC2424250PE.NFO,2024-11-28,12:22:00,2024-12-31,422.6,422.6,422.6,422.6,0,21700,0
FINNIFTY31DEC2424250PE.NFO,2024-11-28,12:23:00,2024-12-31,422.6,429.1,421.85,429.1,125,21875,0
FINNIFTY31DEC2424250PE.NFO,2024-11-28,12:24:00,2024-12-31,429.1,429.1,426.4,426.4,25,21875,0
FINNIFTY31DEC2424250PE.NFO,2024-11-28,12:25:00,2024-12-31,426.4,426.4,418.6,418.6,0,21900,0
FINNIFTY31DEC2424250PE.NFO,2024-11-28,12:26:00,2024-12-31,418.6,418.6,410.25,412.3,75,21900,0
FINNIFTY31DEC2424250PE.NFO,2024-11-28,12:27:00,2024-12-31,412.3,413.8,412.25,412.25,650,21900,0
FINNIFTY31DEC2424250PE.NFO,2024-11-28,12:28:00,2024-12-31,412.25,412.25,408.45,408.45,675,22050,0
FINNIFTY31DEC2424250PE.NFO,2024-11-28,12:29:00,2024-12-31,408.45,408.45,406.5,406.5,75,22050,0
FINNIFTY31DEC2424250PE.NFO,2024-11-28,12:30:00,2024-12-31,406.5,409.5,406.5,409.5,600,22050,0
FINNIFTY31DEC2424250PE.NFO,2024-11-28,12:31:00,2024-12-31,409.5,414.45,409.5,414.45,700,22300,0
FINNIFTY31DEC2424250PE.NFO,2024-11-28,12:32:00,2024-12-31,414.45,422.5,414.45,421.25,700,22300,0
FINNIFTY31DEC2424250PE.NFO,2024-11-28,12:33:00,2024-12-31,421.25,431.3,421.25,431.3,275,22300,0
FINNIFTY31DEC2424250PE.NFO,2024-11-28,12:34:00,2024-12-31,431.3,431.3,430.4,430.4,50,22175,0
FINNIFTY31DEC2424250PE.NFO,2024-11-28,12:35:00,2024-12-31,430.4,432.6,429.8,432.6,100,22175,0
FINNIFTY31DEC2424250PE.NFO,2024-11-28,12:36:00,2024-12-31,432.6,438.75,432.6,438.35,200,22175,0
FINNIFTY31DEC2424250PE.NFO,2024-11-28,12:37:00,2024-12-31,438.35,459.2,438.35,457.25,2050,22150,0
FINNIFTY31DEC2424250PE.NFO,2024-11-28,12:38:00,2024-12-31,457.25,459.0,455.0,458.9,825,22150,0
FINNIFTY31DEC2424250PE.NFO,2024-11-28,12:39:00,2024-12-31,458.9,458.95,452.2,453.7,1650,22150,0
FINNIFTY31DEC2424250PE.NFO,2024-11-28,12:40:00,2024-12-31,453.7,453.7,450.1,452.75,350,22400,0
FINNIFTY31DEC2424250PE.NFO,2024-11-28,12:41:00,2024-12-31,452.75,458.25,452.65,458.15,475,22400,0
FINNIFTY31DEC2424250PE.NFO,2024-11-28,12:42:00,2024-12-31,458.15,458.15,449.95,449.95,875,22400,0
FINNIFTY31DEC2424250PE.NFO,2024-11-28,12:43:00,2024-12-31,449.95,449.95,441.85,441.85,900,21625,0
FINNIFTY31DEC2424250PE.NFO,2024-11-28,12:44:00,2024-12-31,441.85,441.85,438.5,438.5,100,21625,0
FINNIFTY31DEC2424250PE.NFO,2024-11-28,12:45:00,2024-12-31,438.5,440.0,435.2,439.45,425,21625,0
FINNIFTY31DEC2424250PE.NFO,2024-11-28,12:46:00,2024-12-31,439.45,440.0,438.2,440.0,100,21925,0
FINNIFTY31DEC2424250PE.NFO,2024-11-28,12:47:00,2024-12-31,440.0,444.4,440.0,443.9,300,21925,0
FINNIFTY31DEC2424250PE.NFO,2024-11-28,12:48:00,2024-12-31,443.9,449.95,443.9,449.95,350,21925,0
FINNIFTY31DEC2424250PE.NFO,2024-11-28,12:49:00,2024-12-31,449.95,449.95,445.0,445.0,25,21875,0
FINNIFTY31DEC2424250PE.NFO,2024-11-28,12:50:00,2024-12-31,450.0,450.0,449.7,449.7,200,21875,0
FINNIFTY31DEC2424250PE.NFO,2024-11-28,12:51:00,2024-12-31,449.7,454.25,448.1,448.1,100,21875,0
FINNIFTY31DEC2424250PE.NFO,2024-11-28,12:52:00,2024-12-31,448.1,455.0,448.1,455.0,475,21825,0
FINNIFTY31DEC2424250PE.NFO,2024-11-28,12:53:00,2024-12-31,455.0,455.0,448.45,450.75,225,21825,0
FINNIFTY31DEC2424250PE.NFO,2024-11-28,12:54:00,2024-12-31,450.75,457.0,450.75,453.7,150,21825,0
FINNIFTY31DEC2424250PE.NFO,2024-11-28,12:55:00,2024-12-31,453.7,453.7,443.85,443.85,675,21875,0
FINNIFTY31DEC2424250PE.NFO,2024-11-28,12:56:00,2024-12-31,443.85,448.5,443.85,446.4,600,21875,0
FINNIFTY31DEC2424250PE.NFO,2024-11-28,12:57:00,2024-12-31,446.4,448.6,443.3,443.3,950,21875,0
FINNIFTY31DEC2424250PE.NFO,2024-11-28,12:58:00,2024-12-31,443.3,443.3,443.3,443.3,0,21875,0
FINNIFTY31DEC2424250PE.NFO,2024-11-28,12:59:00,2024-12-31,443.3,468.2,443.3,463.45,3525,22375,0
FINNIFTY31DEC2424250PE.NFO,2024-11-28,13:00:00,2024-12-31,463.45,471.7,463.45,470.6,375,22375,0
FINNIFTY31DEC2424250PE.NFO,2024-11-28,13:01:00,2024-12-31,470.6,487.75,470.6,486.75,3125,21375,0
FINNIFTY31DEC2424250PE.NFO,2024-11-28,13:02:00,2024-12-31,486.75,486.75,469.15,469.55,800,21375,0
FINNIFTY31DEC2424250PE.NFO,2024-11-28,13:03:00,2024-12-31,469.55,475.8,469.55,475.8,75,21375,0
FINNIFTY31DEC2424250PE.NFO,2024-11-28,13:04:00,2024-12-31,475.8,479.5,475.8,479.5,50,21375,0
FINNIFTY31DEC2424250PE.NFO,2024-11-28,13:05:00,2024-12-31,479.5,479.5,479.5,479.5,0,21375,0
FINNIFTY31DEC2424250PE.NFO,2024-11-28,13:06:00,2024-12-31,479.5,480.65,477.7,480.0,800,21750,0
FINNIFTY31DEC2424250PE.NFO,2024-11-28,13:07:00,2024-12-31,480.0,482.3,480.0,481.05,150,21300,0
FINNIFTY31DEC2424250PE.NFO,2024-11-28,13:08:00,2024-12-31,481.05,491.25,481.05,489.95,1000,21300,0
FINNIFTY31DEC2424250PE.NFO,2024-11-28,13:09:00,2024-12-31,489.95,495.0,487.65,487.65,75,21300,0
FINNIFTY31DEC2424250PE.NFO,2024-11-28,13:10:00,2024-12-31,487.65,487.8,485.7,485.7,50,21275,0
FINNIFTY31DEC2424250PE.NFO,2024-11-28,13:11:00,2024-12-31,485.7,485.7,481.5,481.5,100,21275,0
FINNIFTY31DEC2424250PE.NFO,2024-11-28,13:12:00,2024-12-31,481.5,494.55,481.5,494.55,25,21275,0
FINNIFTY31DEC2424250PE.NFO,2024-11-28,13:13:00,2024-12-31,494.55,494.55,494.55,494.55,0,21275,0
FINNIFTY31DEC2424250PE.NFO,2024-11-28,13:14:00,2024-12-31,494.55,499.0,492.6,492.6,575,21350,0
FINNIFTY31DEC2424250PE.NFO,2024-11-28,13:15:00,2024-12-31,492.6,494.1,489.15,489.15,100,21350,0
FINNIFTY31DEC2424250PE.NFO,2024-11-28,13:16:00,2024-12-31,489.15,508.85,489.15,504.6,1500,21350,0
FINNIFTY31DEC2424250PE.NFO,2024-11-28,13:17:00,2024-12-31,504.6,507.7,504.2,505.65,225,21350,0
FINNIFTY31DEC2424250PE.NFO,2024-11-28,13:18:00,2024-12-31,505.65,505.65,497.15,497.15,50,21350,0
FINNIFTY31DEC2424250PE.NFO,2024-11-28,13:19:00,2024-12-31,497.15,497.15,497.15,497.15,0,21350,0
FINNIFTY31DEC2424250PE.NFO,2024-11-28,13:20:00,2024-12-31,497.15,497.15,497.15,497.15,0,21350,0
FINNIFTY31DEC2424250PE.NFO,2024-11-28,13:21:00,2024-12-31,497.15,497.15,493.3,493.3,825,21350,0
FINNIFTY31DEC2424250PE.NFO,2024-11-28,13:22:00,2024-12-31,493.3,493.3,486.8,486.8,250,21250,0
FINNIFTY31DEC2424250PE.NFO,2024-11-28,13:23:00,2024-12-31,486.8,486.8,480.0,486.5,75,21250,0
FINNIFTY31DEC2424250PE.NFO,2024-11-28,13:24:00,2024-12-31,486.5,489.05,486.5,489.05,50,21250,0
FINNIFTY31DEC2424250PE.NFO,2024-11-28,13:25:00,2024-12-31,489.05,489.05,487.05,487.05,25,21150,0
FINNIFTY31DEC2424250PE.NFO,2024-11-28,13:26:00,2024-12-31,487.05,487.05,478.05,478.05,25,21150,0
FINNIFTY31DEC2424250PE.NFO,2024-11-28,13:27:00,2024-12-31,478.05,478.05,472.25,472.3,225,21150,0
FINNIFTY31DEC2424250PE.NFO,2024-11-28,13:28:00,2024-12-31,472.3,483.1,472.3,483.1,50,21075,0
FINNIFTY31DEC2424250PE.NFO,2024-11-28,13:29:00,2024-12-31,483.1,483.1,464.8,468.3,625,21075,0
FINNIFTY31DEC2424250PE.NFO,2024-11-28,13:30:00,2024-12-31,468.3,468.3,468.3,468.3,0,21075,0
FINNIFTY31DEC2424250PE.NFO,2024-11-28,13:31:00,2024-12-31,468.3,468.3,465.85,468.25,650,20825,0
FINNIFTY31DEC2424250PE.NFO,2024-11-28,13:32:00,2024-12-31,468.25,468.25,459.7,461.35,200,20825,0
FINNIFTY31DEC2424250PE.NFO,2024-11-28,13:33:00,2024-12-31,461.35,461.35,461.35,461.35,0,20825,0
FINNIFTY31DEC2424250PE.NFO,2024-11-28,13:34:00,2024-12-31,461.35,463.7,461.35,463.7,175,20775,0
FINNIFTY31DEC2424250PE.NFO,2024-11-28,13:35:00,2024-12-31,463.7,463.7,463.7,463.7,0,20775,0
FINNIFTY31DEC2424250PE.NFO,2024-11-28,13:36:00,2024-12-31,463.7,463.7,463.7,463.7,0,20775,0
FINNIFTY31DEC2424250PE.NFO,2024-11-28,13:37:00,2024-12-31,463.7,476.1,463.7,476.1,25,20950,0
FINNIFTY31DEC2424250PE.NFO,2024-11-28,13:38:00,2024-12-31,476.1,476.1,476.1,476.1,0,20950,0
FINNIFTY31DEC2424250PE.NFO,2024-11-28,13:39:00,2024-12-31,476.1,476.1,473.8,473.8,25,20950,0
FINNIFTY31DEC2424250PE.NFO,2024-11-28,13:40:00,2024-12-31,473.8,473.8,473.8,473.8,0,20950,0
FINNIFTY31DEC2424250PE.NFO,2024-11-28,13:41:00,2024-12-31,473.8,476.25,473.8,476.25,25,20925,0
FINNIFTY31DEC2424250PE.NFO,2024-11-28,13:42:00,2024-12-31,476.25,480.0,475.05,480.0,50,20925,0
FINNIFTY31DEC2424250PE.NFO,2024-11-28,13:43:00,2024-12-31,480.0,480.0,480.0,480.0,0,20925,0
FINNIFTY31DEC2424250PE.NFO,2024-11-28,13:44:00,2024-12-31,480.0,480.0,480.0,480.0,0,20925,0
FINNIFTY31DEC2424250PE.NFO,2024-11-28,13:45:00,2024-12-31,480.0,488.75,480.0,488.75,25,20950,0
FINNIFTY31DEC2424250PE.NFO,2024-11-28,13:46:00,2024-12-31,488.75,488.75,488.75,488.75,0,20950,0
FINNIFTY31DEC2424250PE.NFO,2024-11-28,13:47:00,2024-12-31,488.75,488.75,488.75,488.75,0,20950,0
FINNIFTY31DEC2424250PE.NFO,2024-11-28,13:48:00,2024-12-31,488.75,494.3,488.75,494.3,50,20950,0
FINNIFTY31DEC2424250PE.NFO,2024-11-28,13:49:00,2024-12-31,494.3,498.55,493.5,493.5,50,20975,0
FINNIFTY31DEC2424250PE.NFO,2024-11-28,13:50:00,2024-12-31,493.5,493.5,493.25,493.25,25,20975,0
FINNIFTY31DEC2424250PE.NFO,2024-11-28,13:51:00,2024-12-31,493.25,495.15,493.25,495.0,50,20975,0
FINNIFTY31DEC2424250PE.NFO,2024-11-28,13:52:00,2024-12-31,495.0,495.0,494.95,494.95,50,20975,0
FINNIFTY31DEC2424250PE.NFO,2024-11-28,13:53:00,2024-12-31,494.95,494.95,494.95,494.95,0,20975,0
FINNIFTY31DEC2424250PE.NFO,2024-11-28,13:54:00,2024-12-31,494.95,494.95,493.4,493.4,50,21025,0
FINNIFTY31DEC2424250PE.NFO,2024-11-28,13:55:00,2024-12-31,493.4,493.4,493.4,493.4,0,21025,0
FINNIFTY31DEC2424250PE.NFO,2024-11-28,13:56:00,2024-12-31,493.4,493.4,471.95,472.75,300,20975,0
FINNIFTY31DEC2424250PE.NFO,2024-11-28,13:57:00,2024-12-31,472.75,472.75,472.75,472.75,0,20975,0
FINNIFTY31DEC2424250PE.NFO,2024-11-28,13:58:00,2024-12-31,472.75,472.75,467.75,467.75,1175,21100,0
FINNIFTY31DEC2424250PE.NFO,2024-11-28,13:59:00,2024-12-31,467.75,467.75,459.8,462.1,1125,21100,0
FINNIFTY31DEC2424250PE.NFO,2024-11-28,14:00:00,2024-12-31,462.1,471.7,462.1,471.7,175,21100,0
FINNIFTY31DEC2424250PE.NFO,2024-11-28,14:01:00,2024-12-31,471.7,474.05,471.7,474.05,25,21100,0
FINNIFTY31DEC2424250PE.NFO,2024-11-28,14:02:00,2024-12-31,474.05,474.05,461.8,461.8,100,21075,0
FINNIFTY31DEC2424250PE.NFO,2024-11-28,14:03:00,2024-12-31,461.8,461.8,461.8,461.8,0,21075,0
FINNIFTY31DEC2424250PE.NFO,2024-11-28,14:04:00,2024-12-31,461.8,461.8,461.8,461.8,0,21075,0
FINNIFTY31DEC2424250PE.NFO,2024-11-28,14:05:00,2024-12-31,461.8,461.8,461.8,461.8,0,21075,0
FINNIFTY31DEC2424250PE.NFO,2024-11-28,14:06:00,2024-12-31,461.8,466.4,453.85,455.25,900,21075,0
FINNIFTY31DEC2424250PE.NFO,2024-11-28,14:07:00,2024-12-31,455.25,455.25,450.25,451.1,650,20775,0
FINNIFTY31DEC2424250PE.NFO,2024-11-28,14:08:00,2024-12-31,451.1,460.85,451.1,460.85,100,20775,0
FINNIFTY31DEC2424250PE.NFO,2024-11-28,14:09:00,2024-12-31,460.85,460.85,460.85,460.85,0,20775,0
FINNIFTY31DEC2424250PE.NFO,2024-11-28,14:10:00,2024-12-31,460.85,479.45,460.85,479.45,225,20775,0
FINNIFTY31DEC2424250PE.NFO,2024-11-28,14:11:00,2024-12-31,479.45,479.45,479.45,479.45,0,20775,0
FINNIFTY31DEC2424250PE.NFO,2024-11-28,14:12:00,2024-12-31,479.45,513.05,479.45,509.0,125,20700,0
FINNIFTY31DEC2424250PE.NFO,2024-11-28,14:13:00,2024-12-31,509.0,525.25,509.0,525.25,425,20700,0
FINNIFTY31DEC2424250PE.NFO,2024-11-28,14:14:00,2024-12-31,525.25,536.7,496.3,497.9,425,20575,0
FINNIFTY31DEC2424250PE.NFO,2024-11-28,14:15:00,2024-12-31,497.9,528.9,497.9,517.5,175,20575,0
FINNIFTY31DEC2424250PE.NFO,2024-11-28,14:16:00,2024-12-31,517.5,531.45,517.5,525.1,75,20725,0
FINNIFTY31DEC2424250PE.NFO,2024-11-28,14:17:00,2024-12-31,525.1,527.7,525.1,527.7,25,20725,0
FINNIFTY31DEC2424250PE.NFO,2024-11-28,14:18:00,2024-12-31,527.7,529.3,523.8,523.8,50,20725,0
FINNIFTY31DEC2424250PE.NFO,2024-11-28,14:19:00,2024-12-31,523.8,523.8,523.8,523.8,0,20725,0
FINNIFTY31DEC2424250PE.NFO,2024-11-28,14:20:00,2024-12-31,523.8,527.4,523.8,527.4,50,20675,0
FINNIFTY31DEC2424250PE.NFO,2024-11-28,14:21:00,2024-12-31,527.4,527.4,521.6,521.6,100,20675,0
FINNIFTY31DEC2424250PE.NFO,2024-11-28,14:22:00,2024-12-31,521.6,526.85,521.6,526.85,25,20600,0
FINNIFTY31DEC2424250PE.NFO,2024-11-28,14:23:00,2024-12-31,526.85,526.85,522.7,522.7,125,20600,0
FINNIFTY31DEC2424250PE.NFO,2024-11-28,14:24:00,2024-12-31,522.7,534.75,522.7,532.5,150,20600,0
FINNIFTY31DEC2424250PE.NFO,2024-11-28,14:25:00,2024-12-31,532.5,532.5,519.45,519.45,25,20600,0
FINNIFTY31DEC2424250PE.NFO,2024-11-28,14:26:00,2024-12-31,519.45,519.45,511.5,511.5,25,20500,0
FINNIFTY31DEC2424250PE.NFO,2024-11-28,14:27:00,2024-12-31,511.5,514.8,511.5,514.55,150,20500,0
FINNIFTY31DEC2424250PE.NFO,2024-11-28,14:28:00,2024-12-31,514.55,514.55,507.75,507.75,25,20350,0
FINNIFTY31DEC2424250PE.NFO,2024-11-28,14:29:00,2024-12-31,507.75,507.75,507.75,507.75,0,20350,0
FINNIFTY31DEC2424250PE.NFO,2024-11-28,14:30:00,2024-12-31,507.75,507.75,490.4,490.4,275,20350,0
FINNIFTY31DEC2424250PE.NFO,2024-11-28,14:31:00,2024-12-31,490.4,490.4,490.4,490.4,0,20350,0
FINNIFTY31DEC2424250PE.NFO,2024-11-28,14:32:00,2024-12-31,490.4,490.4,481.65,481.65,125,20175,0
FINNIFTY31DEC2424250PE.NFO,2024-11-28,14:33:00,2024-12-31,481.65,501.0,481.65,499.45,850,20175,0
FINNIFTY31DEC2424250PE.NFO,2024-11-28,14:34:00,2024-12-31,499.45,499.45,499.45,499.45,0,20175,0
FINNIFTY31DEC2424250PE.NFO,2024-11-28,14:35:00,2024-12-31,499.45,517.5,499.45,517.5,150,19425,0
FINNIFTY31DEC2424250PE.NFO,2024-11-28,14:36:00,2024-12-31,517.5,517.5,517.5,517.5,0,19425,0
FINNIFTY31DEC2424250PE.NFO,2024-11-28,14:37:00,2024-12-31,517.5,517.5,517.5,517.5,0,19425,0
FINNIFTY31DEC2424250PE.NFO,2024-11-28,14:38:00,2024-12-31,517.5,517.5,517.5,517.5,0,19425,0
FINNIFTY31DEC2424250PE.NFO,2024-11-28,14:39:00,2024-12-31,517.5,517.5,517.5,517.5,0,19425,0
FINNIFTY31DEC2424250PE.NFO,2024-11-28,14:40:00,2024-12-31,517.5,517.5,517.5,517.5,0,19425,0
FINNIFTY31DEC2424250PE.NFO,2024-11-28,14:41:00,2024-12-31,517.5,517.5,517.5,517.5,0,19425,0
FINNIFTY31DEC2424250PE.NFO,2024-11-28,14:42:00,2024-12-31,517.5,517.5,517.5,517.5,0,19425,0
FINNIFTY31DEC2424250PE.NFO,2024-11-28,14:43:00,2024-12-31,517.5,517.5,517.5,517.5,0,19425,0
FINNIFTY31DEC2424250PE.NFO,2024-11-28,14:44:00,2024-12-31,517.5,517.5,508.4,513.45,75,19550,0
FINNIFTY31DEC2424250PE.NFO,2024-11-28,14:45:00,2024-12-31,513.45,513.45,507.7,507.7,75,19550,0
FINNIFTY31DEC2424250PE.NFO,2024-11-28,14:46:00,2024-12-31,507.7,517.0,507.7,511.85,1850,19475,0
FINNIFTY31DEC2424250PE.NFO,2024-11-28,14:47:00,2024-12-31,511.85,511.85,504.45,504.45,100,19475,0
FINNIFTY31DEC2424250PE.NFO,2024-11-28,14:48:00,2024-12-31,504.45,504.45,499.5,499.5,300,19475,0
FINNIFTY31DEC2424250PE.NFO,2024-11-28,14:49:00,2024-12-31,499.5,505.05,497.85,497.85,1600,18675,0
FINNIFTY31DEC2424250PE.NFO,2024-11-28,14:50:00,2024-12-31,498.15,498.15,498.15,498.15,50,18675,0
FINNIFTY31DEC2424250PE.NFO,2024-11-28,14:51:00,2024-12-31,498.15,498.15,490.65,490.65,175,18675,0
FINNIFTY31DEC2424250PE.NFO,2024-11-28,14:52:00,2024-12-31,490.65,490.65,482.65,482.65,225,18675,0
FINNIFTY31DEC2424250PE.NFO,2024-11-28,14:53:00,2024-12-31,482.65,482.65,482.65,482.65,0,18675,0
FINNIFTY31DEC2424250PE.NFO,2024-11-28,14:54:00,2024-12-31,482.65,482.65,482.65,482.65,0,18675,0
FINNIFTY31DEC2424250PE.NFO,2024-11-28,14:55:00,2024-12-31,482.65,482.65,482.65,482.65,0,18675,0
FINNIFTY31DEC2424250PE.NFO,2024-11-28,14:56:00,2024-12-31,482.65,482.65,482.65,482.65,0,18675,0
FINNIFTY31DEC2424250PE.NFO,2024-11-28,14:57:00,2024-12-31,482.65,482.65,482.65,482.65,0,18675,0
FINNIFTY31DEC2424250PE.NFO,2024-11-28,14:58:00,2024-12-31,482.65,485.7,482.65,485.7,50,19700,0
FINNIFTY31DEC2424250PE.NFO,2024-11-28,14:59:00,2024-12-31,485.7,496.15,485.7,496.15,50,19700,0
FINNIFTY31DEC2424250PE.NFO,2024-11-28,15:00:00,2024-12-31,496.15,506.0,496.15,504.5,625,19700,0
FINNIFTY31DEC2424250PE.NFO,2024-11-28,15:01:00,2024-12-31,504.5,504.7,502.05,503.6,225,19200,0
FINNIFTY31DEC2424250PE.NFO,2024-11-28,15:02:00,2024-12-31,503.6,505.95,498.7,498.75,1300,19200,0
FINNIFTY31DEC2424250PE.NFO,2024-11-28,15:03:00,2024-12-31,498.75,500.25,493.55,494.95,2650,19200,0
FINNIFTY31DEC2424250PE.NFO,2024-11-28,15:04:00,2024-12-31,494.95,502.9,494.95,502.9,100,18550,0
FINNIFTY31DEC2424250PE.NFO,2024-11-28,15:05:00,2024-12-31,502.9,504.75,502.9,504.75,50,18550,0
FINNIFTY31DEC2424250PE.NFO,2024-11-28,15:06:00,2024-12-31,504.75,512.8,504.75,507.15,775,18550,0
FINNIFTY31DEC2424250PE.NFO,2024-11-28,15:07:00,2024-12-31,507.15,507.15,500.3,500.3,2100,17700,0
FINNIFTY31DEC2424250PE.NFO,2024-11-28,15:08:00,2024-12-31,500.3,502.85,500.3,502.85,275,17700,0
FINNIFTY31DEC2424250PE.NFO,2024-11-28,15:09:00,2024-12-31,502.85,502.85,502.85,502.85,0,17700,0
FINNIFTY31DEC2424250PE.NFO,2024-11-28,15:10:00,2024-12-31,502.85,502.85,488.55,490.4,575,16775,0
FINNIFTY31DEC2424250PE.NFO,2024-11-28,15:11:00,2024-12-31,490.4,500.15,490.4,499.35,100,16775,0
FINNIFTY31DEC2424250PE.NFO,2024-11-28,15:12:00,2024-12-31,499.35,501.2,499.35,499.5,50,16775,0
FINNIFTY31DEC2424250PE.NFO,2024-11-28,15:13:00,2024-12-31,499.5,499.5,499.5,499.5,0,16775,0
FINNIFTY31DEC2424250PE.NFO,2024-11-28,15:14:00,2024-12-31,499.5,499.5,499.5,499.5,0,16775,0
FINNIFTY31DEC2424250PE.NFO,2024-11-28,15:15:00,2024-12-31,491.8,491.95,485.0,489.2,450,16550,0
FINNIFTY31DEC2424250PE.NFO,2024-11-28,15:16:00,2024-12-31,489.2,489.2,486.95,486.95,325,16550,0
FINNIFTY31DEC2424250PE.NFO,2024-11-28,15:17:00,2024-12-31,486.95,487.95,486.95,487.5,350,16525,0
FINNIFTY31DEC2424250PE.NFO,2024-11-28,15:18:00,2024-12-31,487.5,488.75,487.5,488.45,150,16525,0
FINNIFTY31DEC2424250PE.NFO,2024-11-28,15:19:00,2024-12-31,488.45,488.45,488.45,488.45,0,16525,0
FINNIFTY31DEC2424250PE.NFO,2024-11-28,15:20:00,2024-12-31,481.05,489.0,480.05,489.0,700,16625,0
FINNIFTY31DEC2424250PE.NFO,2024-11-28,15:21:00,2024-12-31,489.0,489.0,485.7,485.7,200,16625,0
FINNIFTY31DEC2424250PE.NFO,2024-11-28,15:22:00,2024-12-31,485.7,485.7,485.7,485.7,0,16625,0
FINNIFTY31DEC2424250PE.NFO,2024-11-28,15:23:00,2024-12-31,485.7,485.7,485.7,485.7,0,16625,0
FINNIFTY31DEC2424250PE.NFO,2024-11-28,15:24:00,2024-12-31,485.7,485.7,480.9,480.9,50,16650,0
FINNIFTY31DEC2424250PE.NFO,2024-11-28,15:25:00,2024-12-31,480.9,489.75,480.9,488.7,550,16550,0
FINNIFTY31DEC2424250PE.NFO,2024-11-28,15:26:00,2024-12-31,488.7,488.8,484.95,488.8,425,16550,0
FINNIFTY31DEC2424250PE.NFO,2024-11-28,15:27:00,2024-12-31,488.8,488.8,485.95,485.95,225,16550,0
FINNIFTY31DEC2424250PE.NFO,2024-11-28,15:28:00,2024-12-31,485.95,498.55,485.95,489.95,650,16550,0
FINNIFTY31DEC2424250PE.NFO,2024-11-28,15:29:00,2024-12-31,489.95,490.05,483.55,483.55,50,16025,0
FINNIFTY31DEC2424250PE.NFO,2024-11-28,15:30:00,2024-12-31,483.55,483.55,483.55,483.55,50,16025,1
FINNIFTY31DEC2424250PE.NFO,2024-11-29,09:15:00,2024-12-31,448.2,474.55,448.2,469.55,675,16025,0
FINNIFTY31DEC2424250PE.NFO,2024-11-29,09:16:00,2024-12-31,469.55,483.4,469.55,483.25,150,16025,0
FINNIFTY31DEC2424250PE.NFO,2024-11-29,09:17:00,2024-12-31,483.25,483.25,471.8,483.05,400,16025,0
FINNIFTY31DEC2424250PE.NFO,2024-11-29,09:18:00,2024-12-31,483.05,483.05,483.05,483.05,0,16025,0
FINNIFTY31DEC2424250PE.NFO,2024-11-29,09:19:00,2024-12-31,483.05,495.8,483.05,492.8,175,16300,0
FINNIFTY31DEC2424250PE.NFO,2024-11-29,09:20:00,2024-12-31,492.8,493.75,492.8,493.75,25,16300,0
FINNIFTY31DEC2424250PE.NFO,2024-11-29,09:21:00,2024-12-31,493.75,493.75,490.0,490.0,50,16325,0
FINNIFTY31DEC2424250PE.NFO,2024-11-29,09:22:00,2024-12-31,490.0,490.0,490.0,490.0,0,16325,0
FINNIFTY31DEC2424250PE.NFO,2024-11-29,09:23:00,2024-12-31,494.1,500.2,494.1,500.2,75,16325,0
FINNIFTY31DEC2424250PE.NFO,2024-11-29,09:24:00,2024-12-31,500.2,507.05,500.2,505.45,50,16250,0
FINNIFTY31DEC2424250PE.NFO,2024-11-29,09:25:00,2024-12-31,505.45,512.65,505.45,507.65,625,16250,0
FINNIFTY31DEC2424250PE.NFO,2024-11-29,09:26:00,2024-12-31,507.65,507.65,499.2,500.85,125,16250,0
FINNIFTY31DEC2424250PE.NFO,2024-11-29,09:27:00,2024-12-31,500.85,500.85,500.85,500.85,0,16250,0
FINNIFTY31DEC2424250PE.NFO,2024-11-29,09:28:00,2024-12-31,500.85,500.85,484.2,484.2,25,16375,0
FINNIFTY31DEC2424250PE.NFO,2024-11-29,09:29:00,2024-12-31,484.2,484.2,480.0,480.0,75,16425,0
FINNIFTY31DEC2424250PE.NFO,2024-11-29,09:30:00,2024-12-31,480.0,480.0,473.1,477.05,150,16425,0
FINNIFTY31DEC2424250PE.NFO,2024-11-29,09:31:00,2024-12-31,477.05,482.6,477.05,480.75,100,16425,0
FINNIFTY31DEC2424250PE.NFO,2024-11-29,09:32:00,2024-12-31,480.75,480.75,480.75,480.75,0,16425,0
FINNIFTY31DEC2424250PE.NFO,2024-11-29,09:33:00,2024-12-31,480.75,480.75,480.75,480.75,0,16425,0
FINNIFTY31DEC2424250PE.NFO,2024-11-29,09:34:00,2024-12-31,480.75,480.75,480.75,480.75,0,16425,0
FINNIFTY31DEC2424250PE.NFO,2024-11-29,09:35:00,2024-12-31,480.75,480.75,480.75,480.75,0,16425,0
FINNIFTY31DEC2424250PE.NFO,2024-11-29,09:36:00,2024-12-31,480.75,480.75,480.75,480.75,0,16425,0
FINNIFTY31DEC2424250PE.NFO,2024-11-29,09:37:00,2024-12-31,480.75,480.75,480.75,480.75,0,16425,0
FINNIFTY31DEC2424250PE.NFO,2024-11-29,09:38:00,2024-12-31,480.75,485.65,480.75,485.65,25,16425,0
FINNIFTY31DEC2424250PE.NFO,2024-11-29,09:39:00,2024-12-31,485.65,485.65,485.65,485.65,0,16425,0
FINNIFTY31DEC2424250PE.NFO,2024-11-29,09:40:00,2024-12-31,485.65,487.2,485.65,487.2,50,16425,0
FINNIFTY31DEC2424250PE.NFO,2024-11-29,09:41:00,2024-12-31,487.2,505.95,487.2,505.95,0,16500,0
FINNIFTY31DEC2424250PE.NFO,2024-11-29,09:42:00,2024-12-31,505.95,505.95,505.95,505.95,0,16500,0
FINNIFTY31DEC2424250PE.NFO,2024-11-29,09:43:00,2024-12-31,505.95,505.95,505.95,505.95,0,16500,0
FINNIFTY31DEC2424250PE.NFO,2024-11-29,09:44:00,2024-12-31,505.95,505.95,505.95,505.95,0,16500,0
FINNIFTY31DEC2424250PE.NFO,2024-11-29,09:45:00,2024-12-31,505.95,505.95,505.95,505.95,0,16500,0
FINNIFTY31DEC2424250PE.NFO,2024-11-29,09:46:00,2024-12-31,505.95,505.95,505.95,505.95,0,16500,0
FINNIFTY31DEC2424250PE.NFO,2024-11-29,09:47:00,2024-12-31,505.95,505.95,505.95,505.95,0,16500,0
FINNIFTY31DEC2424250PE.NFO,2024-11-29,09:48:00,2024-12-31,505.95,505.95,505.95,505.95,0,16500,0
FINNIFTY31DEC2424250PE.NFO,2024-11-29,09:49:00,2024-12-31,505.95,505.95,505.95,505.95,0,16500,0
FINNIFTY31DEC2424250PE.NFO,2024-11-29,09:50:00,2024-12-31,505.95,505.95,485.85,485.85,25,16500,0
FINNIFTY31DEC2424250PE.NFO,2024-11-29,09:51:00,2024-12-31,485.85,490.1,485.85,490.1,50,16525,0
FINNIFTY31DEC2424250PE.NFO,2024-11-29,09:52:00,2024-12-31,490.1,490.1,490.1,490.1,0,16525,0
FINNIFTY31DEC2424250PE.NFO,2024-11-29,09:53:00,2024-12-31,490.1,490.1,490.1,490.1,0,16525,0
FINNIFTY31DEC2424250PE.NFO,2024-11-29,09:54:00,2024-12-31,490.1,490.1,490.1,490.1,0,16525,0
FINNIFTY31DEC2424250PE.NFO,2024-11-29,09:55:00,2024-12-31,490.1,490.1,490.1,490.1,0,16525,0
FINNIFTY31DEC2424250PE.NFO,2024-11-29,09:56:00,2024-12-31,490.1,490.1,490.1,490.1,0,16525,0
FINNIFTY31DEC2424250PE.NFO,2024-11-29,09:57:00,2024-12-31,490.1,490.1,490.1,490.1,0,16525,0
FINNIFTY31DEC2424250PE.NFO,2024-11-29,09:58:00,2024-12-31,490.1,490.1,490.1,490.1,0,16525,0
FINNIFTY31DEC2424250PE.NFO,2024-11-29,09:59:00,2024-12-31,490.1,490.1,490.1,490.1,0,16525,0
FINNIFTY31DEC2424250PE.NFO,2024-11-29,10:00:00,2024-12-31,490.1,490.1,490.1,490.1,0,16525,0
FINNIFTY31DEC2424250PE.NFO,2024-11-29,10:01:00,2024-12-31,490.1,497.55,490.1,497.55,25,16525,0
FINNIFTY31DEC2424250PE.NFO,2024-11-29,10:02:00,2024-12-31,497.55,504.1,497.55,504.1,25,16525,0
FINNIFTY31DEC2424250PE.NFO,2024-11-29,10:03:00,2024-12-31,504.1,504.1,504.1,504.1,0,16525,0
FINNIFTY31DEC2424250PE.NFO,2024-11-29,10:04:00,2024-12-31,504.1,504.1,504.1,504.1,0,16525,0
FINNIFTY31DEC2424250PE.NFO,2024-11-29,10:05:00,2024-12-31,504.1,504.1,496.9,496.9,100,16525,0
FINNIFTY31DEC2424250PE.NFO,2024-11-29,10:06:00,2024-12-31,496.9,526.2,496.9,526.05,300,16600,0
FINNIFTY31DEC2424250PE.NFO,2024-11-29,10:07:00,2024-12-31,526.05,528.0,524.35,527.85,175,16600,0
FINNIFTY31DEC2424250PE.NFO,2024-11-29,10:08:00,2024-12-31,527.85,527.85,527.85,527.85,0,16600,0
FINNIFTY31DEC2424250PE.NFO,2024-11-29,10:09:00,2024-12-31,527.85,527.85,527.85,527.85,0,16600,0
FINNIFTY31DEC2424250PE.NFO,2024-11-29,10:10:00,2024-12-31,527.85,527.85,527.85,527.85,0,16600,0
FINNIFTY31DEC2424250PE.NFO,2024-11-29,10:11:00,2024-12-31,527.85,547.65,527.85,547.65,100,16825,0
FINNIFTY31DEC2424250PE.NFO,2024-11-29,10:12:00,2024-12-31,547.65,547.65,547.65,547.65,0,16825,0
FINNIFTY31DEC2424250PE.NFO,2024-11-29,10:13:00,2024-12-31,547.65,561.1,547.65,561.1,200,16725,0
FINNIFTY31DEC2424250PE.NFO,2024-11-29,10:14:00,2024-12-31,561.1,566.3,561.1,566.25,175,16725,0
FINNIFTY31DEC2424250PE.NFO,2024-11-29,10:15:00,2024-12-31,566.25,566.25,563.4,563.4,50,16775,0
FINNIFTY31DEC2424250PE.NFO,2024-11-29,10:16:00,2024-12-31,563.4,563.4,563.4,563.4,0,16775,0
FINNIFTY31DEC2424250PE.NFO,2024-11-29,10:17:00,2024-12-31,563.4,579.6,563.4,579.6,450,16775,0
FINNIFTY31DEC2424250PE.NFO,2024-11-29,10:18:00,2024-12-31,579.6,582.15,579.6,582.15,25,16425,0
FINNIFTY31DEC2424250PE.NFO,2024-11-29,10:19:00,2024-12-31,582.15,582.15,582.15,582.15,0,16425,0
FINNIFTY31DEC2424250PE.NFO,2024-11-29,10:20:00,2024-12-31,582.15,582.15,582.15,582.15,0,16425,0
FINNIFTY31DEC2424250PE.NFO,2024-11-29,10:21:00,2024-12-31,582.15,582.15,566.1,566.1,50,16425,0
FINNIFTY31DEC2424250PE.NFO,2024-11-29,10:22:00,2024-12-31,566.1,566.1,566.1,566.1,0,16425,0
FINNIFTY31DEC2424250PE.NFO,2024-11-29,10:23:00,2024-12-31,566.1,566.1,566.1,566.1,0,16425,0
FINNIFTY31DEC2424250PE.NFO,2024-11-29,10:24:00,2024-12-31,566.1,566.1,566.1,566.1,0,16425,0
FINNIFTY31DEC2424250PE.NFO,2024-11-29,10:25:00,2024-12-31,566.1,566.1,566.1,566.1,0,16425,0
FINNIFTY31DEC2424250PE.NFO,2024-11-29,10:26:00,2024-12-31,566.1,566.1,566.1,566.1,0,16425,0
FINNIFTY31DEC2424250PE.NFO,2024-11-29,10:27:00,2024-12-31,566.1,566.1,566.1,566.1,0,16425,0
FINNIFTY31DEC2424250PE.NFO,2024-11-29,10:28:00,2024-12-31,566.1,566.1,566.1,566.1,0,16425,0
FINNIFTY31DEC2424250PE.NFO,2024-11-29,10:29:00,2024-12-31,566.1,566.1,566.1,566.1,0,16425,0
FINNIFTY31DEC2424250PE.NFO,2024-11-29,10:30:00,2024-12-31,566.1,566.1,566.1,566.1,0,16425,0
FINNIFTY31DEC2424250PE.NFO,2024-11-29,10:31:00,2024-12-31,566.1,566.1,535.5,535.5,50,16425,0
FINNIFTY31DEC2424250PE.NFO,2024-11-29,10:32:00,2024-12-31,535.5,535.5,522.9,522.9,75,16425,0
FINNIFTY31DEC2424250PE.NFO,2024-11-29,10:33:00,2024-12-31,522.9,522.9,516.2,516.2,25,16525,0
FINNIFTY31DEC2424250PE.NFO,2024-11-29,10:34:00,2024-12-31,516.2,516.2,516.2,516.2,0,16525,0
FINNIFTY31DEC2424250PE.NFO,2024-11-29,10:35:00,2024-12-31,516.2,516.2,516.2,516.2,0,16525,0
FINNIFTY31DEC2424250PE.NFO,2024-11-29,10:36:00,2024-12-31,516.2,516.2,516.2,516.2,0,16525,0
FINNIFTY31DEC2424250PE.NFO,2024-11-29,10:37:00,2024-12-31,516.2,516.2,497.55,497.55,50,16525,0
FINNIFTY31DEC2424250PE.NFO,2024-11-29,10:38:00,2024-12-31,497.55,497.55,497.55,497.55,0,16525,0
FINNIFTY31DEC2424250PE.NFO,2024-11-29,10:39:00,2024-12-31,497.55,497.55,497.55,497.55,0,16525,0
FINNIFTY31DEC2424250PE.NFO,2024-11-29,10:40:00,2024-12-31,497.55,498.1,488.3,498.1,125,16525,0
FINNIFTY31DEC2424250PE.NFO,2024-11-29,10:41:00,2024-12-31,498.1,506.65,498.1,506.45,50,16675,0
FINNIFTY31DEC2424250PE.NFO,2024-11-29,10:42:00,2024-12-31,506.45,506.45,501.6,501.6,75,16675,0
FINNIFTY31DEC2424250PE.NFO,2024-11-29,10:43:00,2024-12-31,501.6,501.6,501.6,501.6,0,16675,0
FINNIFTY31DEC2424250PE.NFO,2024-11-29,10:44:00,2024-12-31,501.6,501.6,501.6,501.6,0,16675,0
FINNIFTY31DEC2424250PE.NFO,2024-11-29,10:45:00,2024-12-31,501.6,501.6,501.6,501.6,0,16675,0
FINNIFTY31DEC2424250PE.NFO,2024-11-29,10:46:00,2024-12-31,501.6,501.6,501.6,501.6,0,16675,0
FINNIFTY31DEC2424250PE.NFO,2024-11-29,10:47:00,2024-12-31,501.6,501.6,501.6,501.6,0,16675,0
FINNIFTY31DEC2424250PE.NFO,2024-11-29,10:48:00,2024-12-31,501.6,501.6,501.6,501.6,0,16675,0
FINNIFTY31DEC2424250PE.NFO,2024-11-29,10:49:00,2024-12-31,501.6,501.6,490.5,490.5,50,16650,0
FINNIFTY31DEC2424250PE.NFO,2024-11-29,10:50:00,2024-12-31,490.5,494.65,490.5,494.65,25,16650,0
FINNIFTY31DEC2424250PE.NFO,2024-11-29,10:51:00,2024-12-31,494.65,494.65,494.65,494.65,0,16650,0
FINNIFTY31DEC2424250PE.NFO,2024-11-29,10:52:00,2024-12-31,494.65,494.65,494.65,494.65,0,16650,0
FINNIFTY31DEC2424250PE.NFO,2024-11-29,10:53:00,2024-12-31,494.65,500.15,494.65,500.15,1325,16675,0
FINNIFTY31DEC2424250PE.NFO,2024-11-29,10:54:00,2024-12-31,500.15,513.25,500.15,513.25,50,16125,0
FINNIFTY31DEC2424250PE.NFO,2024-11-29,10:55:00,2024-12-31,513.25,514.8,508.5,514.6,1300,16125,0
FINNIFTY31DEC2424250PE.NFO,2024-11-29,10:56:00,2024-12-31,514.6,514.6,514.6,514.6,0,16125,0
FINNIFTY31DEC2424250PE.NFO,2024-11-29,10:57:00,2024-12-31,514.6,514.6,514.6,514.6,0,16125,0
FINNIFTY31DEC2424250PE.NFO,2024-11-29,10:58:00,2024-12-31,514.6,514.6,501.9,501.9,75,16875,0
FINNIFTY31DEC2424250PE.NFO,2024-11-29,10:59:00,2024-12-31,501.9,501.9,501.9,501.9,0,16875,0
FINNIFTY31DEC2424250PE.NFO,2024-11-29,11:00:00,2024-12-31,501.9,501.9,499.4,499.4,725,16800,0
FINNIFTY31DEC2424250PE.NFO,2024-11-29,11:01:00,2024-12-31,499.4,499.4,499.4,499.4,0,16800,0
FINNIFTY31DEC2424250PE.NFO,2024-11-29,11:02:00,2024-12-31,499.4,499.4,499.4,499.4,0,16800,0
FINNIFTY31DEC2424250PE.NFO,2024-11-29,11:03:00,2024-12-31,499.4,503.55,499.4,503.55,350,16450,0
FINNIFTY31DEC2424250PE.NFO,2024-11-29,11:04:00,2024-12-31,503.55,503.55,503.55,503.55,0,16450,0
FINNIFTY31DEC2424250PE.NFO,2024-11-29,11:05:00,2024-12-31,503.55,503.55,503.55,503.55,0,16450,0
FINNIFTY31DEC2424250PE.NFO,2024-11-29,11:06:00,2024-12-31,503.55,503.55,503.55,503.55,0,16450,0
FINNIFTY31DEC2424250PE.NFO,2024-11-29,11:07:00,2024-12-31,503.55,503.55,503.55,503.55,0,16450,0
FINNIFTY31DEC2424250PE.NFO,2024-11-29,11:08:00,2024-12-31,503.55,503.55,503.55,503.55,0,16450,0
FINNIFTY31DEC2424250PE.NFO,2024-11-29,11:09:00,2024-12-31,503.55,503.55,503.55,503.55,0,16450,0
FINNIFTY31DEC2424250PE.NFO,2024-11-29,11:10:00,2024-12-31,503.55,503.55,503.55,503.55,0,16450,0
FINNIFTY31DEC2424250PE.NFO,2024-11-29,11:11:00,2024-12-31,503.55,503.55,503.55,503.55,0,16450,0
FINNIFTY31DEC2424250PE.NFO,2024-11-29,11:12:00,2024-12-31,503.55,503.55,503.55,503.55,0,16450,0
FINNIFTY31DEC2424250PE.NFO,2024-11-29,11:13:00,2024-12-31,503.55,519.25,503.55,519.25,75,16750,0
FINNIFTY31DEC2424250PE.NFO,2024-11-29,11:14:00,2024-12-31,519.25,519.25,519.25,519.25,0,16750,0
FINNIFTY31DEC2424250PE.NFO,2024-11-29,11:15:00,2024-12-31,519.25,519.25,519.25,519.25,0,16750,0
FINNIFTY31DEC2424250PE.NFO,2024-11-29,11:16:00,2024-12-31,519.25,519.25,519.25,519.25,0,16750,0
FINNIFTY31DEC2424250PE.NFO,2024-11-29,11:17:00,2024-12-31,519.25,519.25,519.25,519.25,0,16750,0
FINNIFTY31DEC2424250PE.NFO,2024-11-29,11:18:00,2024-12-31,519.25,519.25,503.6,503.6,150,16700,0
FINNIFTY31DEC2424250PE.NFO,2024-11-29,11:19:00,2024-12-31,503.6,503.6,503.6,503.6,0,16700,0
FINNIFTY31DEC2424250PE.NFO,2024-11-29,11:20:00,2024-12-31,503.6,503.6,503.6,503.6,0,16700,0
FINNIFTY31DEC2424250PE.NFO,2024-11-29,11:21:00,2024-12-31,503.6,503.6,503.6,503.6,0,16700,0
FINNIFTY31DEC2424250PE.NFO,2024-11-29,11:22:00,2024-12-31,503.6,503.6,503.6,503.6,0,16700,0
FINNIFTY31DEC2424250PE.NFO,2024-11-29,11:23:00,2024-12-31,503.6,503.6,503.6,503.6,0,16700,0
FINNIFTY31DEC2424250PE.NFO,2024-11-29,11:24:00,2024-12-31,503.6,503.6,503.6,503.6,0,16700,0
FINNIFTY31DEC2424250PE.NFO,2024-11-29,11:25:00,2024-12-31,503.6,503.9,503.6,503.9,25,16650,0
FINNIFTY31DEC2424250PE.NFO,2024-11-29,11:26:00,2024-12-31,503.9,503.9,499.25,499.25,75,16650,0
FINNIFTY31DEC2424250PE.NFO,2024-11-29,11:27:00,2024-12-31,499.25,499.25,499.25,499.25,0,16650,0
FINNIFTY31DEC2424250PE.NFO,2024-11-29,11:28:00,2024-12-31,499.25,499.25,499.25,499.25,0,16650,0
FINNIFTY31DEC2424250PE.NFO,2024-11-29,11:29:00,2024-12-31,499.25,499.25,499.25,499.25,0,16650,0
FINNIFTY31DEC2424250PE.NFO,2024-11-29,11:30:00,2024-12-31,504.75,504.75,504.75,504.75,200,16625,0
FINNIFTY31DEC2424250PE.NFO,2024-11-29,11:31:00,2024-12-31,504.75,504.75,504.75,504.75,0,16625,0
FINNIFTY31DEC2424250PE.NFO,2024-11-29,11:32:00,2024-12-31,504.75,504.75,504.75,504.75,0,16625,0
FINNIFTY31DEC2424250PE.NFO,2024-11-29,11:33:00,2024-12-31,504.75,504.75,504.75,504.75,0,16625,0
FINNIFTY31DEC2424250PE.NFO,2024-11-29,11:34:00,2024-12-31,504.75,504.75,504.75,504.75,0,16625,0
FINNIFTY31DEC2424250PE.NFO,2024-11-29,11:35:00,2024-12-31,504.75,517.8,504.75,517.8,25,16425,0
FINNIFTY31DEC2424250PE.NFO,2024-11-29,11:36:00,2024-12-31,517.8,519.95,517.8,519.95,150,16425,0
FINNIFTY31DEC2424250PE.NFO,2024-11-29,11:37:00,2024-12-31,519.95,519.95,519.95,519.95,0,16425,0
FINNIFTY31DEC2424250PE.NFO,2024-11-29,11:38:00,2024-12-31,519.95,519.95,519.95,519.95,0,16425,0
FINNIFTY31DEC2424250PE.NFO,2024-11-29,11:39:00,2024-12-31,519.95,519.95,519.95,519.95,0,16425,0
FINNIFTY31DEC2424250PE.NFO,2024-11-29,11:40:00,2024-12-31,519.95,519.95,519.95,519.95,0,16425,0
FINNIFTY31DEC2424250PE.NFO,2024-11-29,11:41:00,2024-12-31,519.95,519.95,519.95,519.95,0,16425,0
FINNIFTY31DEC2424250PE.NFO,2024-11-29,11:42:00,2024-12-31,519.95,534.25,519.95,534.25,25,16425,0
FINNIFTY31DEC2424250PE.NFO,2024-11-29,11:43:00,2024-12-31,534.25,534.25,531.3,531.3,25,16425,0
FINNIFTY31DEC2424250PE.NFO,2024-11-29,11:44:00,2024-12-31,531.3,531.3,531.3,531.3,0,16425,0
FINNIFTY31DEC2424250PE.NFO,2024-11-29,11:45:00,2024-12-31,531.3,531.3,531.3,531.3,0,16425,0
FINNIFTY31DEC2424250PE.NFO,2024-11-29,11:46:00,2024-12-31,531.3,531.3,531.3,531.3,0,16425,0
FINNIFTY31DEC2424250PE.NFO,2024-11-29,11:47:00,2024-12-31,531.3,531.3,531.3,531.3,0,16425,0
FINNIFTY31DEC2424250PE.NFO,2024-11-29,11:48:00,2024-12-31,531.3,531.3,531.3,531.3,0,16425,0
FINNIFTY31DEC2424250PE.NFO,2024-11-29,11:49:00,2024-12-31,531.3,531.3,531.3,531.3,0,16425,0
FINNIFTY31DEC2424250PE.NFO,2024-11-29,11:50:00,2024-12-31,531.3,542.55,531.3,542.55,100,16425,0
FINNIFTY31DEC2424250PE.NFO,2024-11-29,11:51:00,2024-12-31,542.55,554.9,542.55,554.9,200,16425,0
FINNIFTY31DEC2424250PE.NFO,2024-11-29,11:52:00,2024-12-31,554.9,554.9,554.9,554.9,0,16425,0
FINNIFTY31DEC2424250PE.NFO,2024-11-29,11:53:00,2024-12-31,554.9,554.9,554.9,554.9,0,16425,0
FINNIFTY31DEC2424250PE.NFO,2024-11-29,11:54:00,2024-12-31,544.35,544.35,544.35,544.35,50,16425,0
FINNIFTY31DEC2424250PE.NFO,2024-11-29,11:55:00,2024-12-31,544.35,554.0,544.35,554.0,1400,16425,0
FINNIFTY31DEC2424250PE.NFO,2024-11-29,11:56:00,2024-12-31,554.0,554.0,554.0,554.0,0,16425,0
FINNIFTY31DEC2424250PE.NFO,2024-11-29,11:57:00,2024-12-31,554.0,554.0,554.0,554.0,0,16425,0
FINNIFTY31DEC2424250PE.NFO,2024-11-29,11:58:00,2024-12-31,554.0,554.75,554.0,554.75,25,15275,0
FINNIFTY31DEC2424250PE.NFO,2024-11-29,11:59:00,2024-12-31,554.75,554.75,554.75,554.75,0,15275,0
FINNIFTY31DEC2424250PE.NFO,2024-11-29,12:00:00,2024-12-31,554.75,554.75,540.15,540.15,700,15300,0
FINNIFTY31DEC2424250PE.NFO,2024-11-29,12:01:00,2024-12-31,540.15,544.1,540.15,544.1,50,15300,0
FINNIFTY31DEC2424250PE.NFO,2024-11-29,12:02:00,2024-12-31,544.1,546.35,544.1,546.35,25,15300,0
FINNIFTY31DEC2424250PE.NFO,2024-11-29,12:03:00,2024-12-31,546.35,546.35,546.35,546.35,0,15300,0
FINNIFTY31DEC2424250PE.NFO,2024-11-29,12:04:00,2024-12-31,546.35,546.35,546.35,546.35,0,15300,0
FINNIFTY31DEC2424250PE.NFO,2024-11-29,12:05:00,2024-12-31,546.35,546.35,546.35,546.35,0,15300,0
FINNIFTY31DEC2424250PE.NFO,2024-11-29,12:06:00,2024-12-31,546.35,546.35,546.35,546.35,0,15300,0
FINNIFTY31DEC2424250PE.NFO,2024-11-29,12:07:00,2024-12-31,546.35,546.35,546.35,546.35,0,15300,0
FINNIFTY31DEC2424250PE.NFO,2024-11-29,12:08:00,2024-12-31,546.35,546.35,546.35,546.35,0,15300,0
FINNIFTY31DEC2424250PE.NFO,2024-11-29,12:09:00,2024-12-31,546.35,546.35,546.35,546.35,0,15300,0
FINNIFTY31DEC2424250PE.NFO,2024-11-29,12:10:00,2024-12-31,546.35,546.35,546.35,546.35,0,15300,0
FINNIFTY31DEC2424250PE.NFO,2024-11-29,12:11:00,2024-12-31,546.35,546.35,546.35,546.35,0,15300,0
FINNIFTY31DEC2424250PE.NFO,2024-11-29,12:12:00,2024-12-31,546.35,546.35,546.35,546.35,0,15300,0
FINNIFTY31DEC2424250PE.NFO,2024-11-29,12:13:00,2024-12-31,546.35,546.35,546.35,546.35,0,15300,0
FINNIFTY31DEC2424250PE.NFO,2024-11-29,12:14:00,2024-12-31,546.35,546.35,546.35,546.35,0,15300,0
FINNIFTY31DEC2424250PE.NFO,2024-11-29,12:15:00,2024-12-31,546.35,546.35,546.35,546.35,0,15300,0
FINNIFTY31DEC2424250PE.NFO,2024-11-29,12:16:00,2024-12-31,546.35,546.35,546.35,546.35,0,15300,0
FINNIFTY31DEC2424250PE.NFO,2024-11-29,12:17:00,2024-12-31,546.35,546.35,538.1,538.1,100,15625,0
FINNIFTY31DEC2424250PE.NFO,2024-11-29,12:18:00,2024-12-31,538.1,538.1,538.1,538.1,0,15625,0
FINNIFTY31DEC2424250PE.NFO,2024-11-29,12:19:00,2024-12-31,538.1,538.1,538.1,538.1,0,15625,0
FINNIFTY31DEC2424250PE.NFO,2024-11-29,12:20:00,2024-12-31,538.1,538.1,538.1,538.1,0,15625,0
FINNIFTY31DEC2424250PE.NFO,2024-11-29,12:21:00,2024-12-31,538.1,538.1,538.1,538.1,0,15625,0
FINNIFTY31DEC2424250PE.NFO,2024-11-29,12:22:00,2024-12-31,538.1,538.1,538.1,538.1,0,15625,0
FINNIFTY31DEC2424250PE.NFO,2024-11-29,12:23:00,2024-12-31,538.1,538.1,538.1,538.1,0,15625,0
FINNIFTY31DEC2424250PE.NFO,2024-11-29,12:24:00,2024-12-31,538.1,538.1,538.1,538.1,0,15625,0
FINNIFTY31DEC2424250PE.NFO,2024-11-29,12:25:00,2024-12-31,538.1,538.1,538.1,538.1,0,15625,0
FINNIFTY31DEC2424250PE.NFO,2024-11-29,12:26:00,2024-12-31,538.1,538.1,538.1,538.1,0,15625,0
FINNIFTY31DEC2424250PE.NFO,2024-11-29,12:27:00,2024-12-31,538.1,538.1,538.1,538.1,0,15625,0
FINNIFTY31DEC2424250PE.NFO,2024-11-29,12:28:00,2024-12-31,538.1,538.1,538.1,538.1,0,15625,0
FINNIFTY31DEC2424250PE.NFO,2024-11-29,12:29:00,2024-12-31,538.1,538.1,538.1,538.1,0,15625,0
FINNIFTY31DEC2424250PE.NFO,2024-11-29,12:30:00,2024-12-31,538.1,538.1,538.1,538.1,0,15625,0
FINNIFTY31DEC2424250PE.NFO,2024-11-29,12:31:00,2024-12-31,538.1,538.1,538.1,538.1,0,15625,0
FINNIFTY31DEC2424250PE.NFO,2024-11-29,12:32:00,2024-12-31,538.1,538.1,538.1,538.1,0,15625,0
FINNIFTY31DEC2424250PE.NFO,2024-11-29,12:33:00,2024-12-31,538.1,538.1,538.1,538.1,0,15625,0
FINNIFTY31DEC2424250PE.NFO,2024-11-29,12:34:00,2024-12-31,538.1,538.1,538.1,538.1,0,15625,0
FINNIFTY31DEC2424250PE.NFO,2024-11-29,12:35:00,2024-12-31,538.1,538.1,538.1,538.1,0,15625,0
FINNIFTY31DEC2424250PE.NFO,2024-11-29,12:36:00,2024-12-31,538.1,538.1,538.1,538.1,0,15625,0
FINNIFTY31DEC2424250PE.NFO,2024-11-29,12:37:00,2024-12-31,538.1,538.1,518.9,518.9,25,15675,0
FINNIFTY31DEC2424250PE.NFO,2024-11-29,12:38:00,2024-12-31,518.9,518.9,518.9,518.9,0,15675,0
FINNIFTY31DEC2424250PE.NFO,2024-11-29,12:39:00,2024-12-31,518.9,518.9,518.9,518.9,0,15675,0
FINNIFTY31DEC2424250PE.NFO,2024-11-29,12:40:00,2024-12-31,518.9,518.9,518.9,518.9,0,15675,0
FINNIFTY31DEC2424250PE.NFO,2024-11-29,12:41:00,2024-12-31,518.9,518.9,518.9,518.9,0,15675,0
FINNIFTY31DEC2424250PE.NFO,2024-11-29,12:42:00,2024-12-31,518.9,518.9,518.9,518.9,0,15675,0
FINNIFTY31DEC2424250PE.NFO,2024-11-29,12:43:00,2024-12-31,518.9,518.9,518.9,518.9,0,15675,0
FINNIFTY31DEC2424250PE.NFO,2024-11-29,12:44:00,2024-12-31,518.9,533.75,518.9,532.0,1625,15675,0
FINNIFTY31DEC2424250PE.NFO,2024-11-29,12:45:00,2024-12-31,532.0,532.0,532.0,532.0,0,15675,0
FINNIFTY31DEC2424250PE.NFO,2024-11-29,12:46:00,2024-12-31,532.0,532.0,532.0,532.0,0,15675,0
FINNIFTY31DEC2424250PE.NFO,2024-11-29,12:47:00,2024-12-31,532.0,532.0,532.0,532.0,0,15675,0
FINNIFTY31DEC2424250PE.NFO,2024-11-29,12:48:00,2024-12-31,532.0,532.0,532.0,532.0,0,15675,0
FINNIFTY31DEC2424250PE.NFO,2024-11-29,12:49:00,2024-12-31,532.0,532.0,532.0,532.0,0,15675,0
FINNIFTY31DEC2424250PE.NFO,2024-11-29,12:50:00,2024-12-31,532.0,532.0,532.0,532.0,0,15675,0
FINNIFTY31DEC2424250PE.NFO,2024-11-29,12:51:00,2024-12-31,532.0,532.0,532.0,532.0,0,15675,0
FINNIFTY31DEC2424250PE.NFO,2024-11-29,12:52:00,2024-12-31,532.0,532.0,532.0,532.0,0,15675,0
FINNIFTY31DEC2424250PE.NFO,2024-11-29,12:53:00,2024-12-31,532.0,532.0,532.0,532.0,0,15675,0
FINNIFTY31DEC2424250PE.NFO,2024-11-29,12:54:00,2024-12-31,532.0,532.0,532.0,532.0,0,15675,0
FINNIFTY31DEC2424250PE.NFO,2024-11-29,12:55:00,2024-12-31,532.0,532.0,532.0,532.0,0,15675,0
FINNIFTY31DEC2424250PE.NFO,2024-11-29,12:56:00,2024-12-31,532.0,532.0,532.0,532.0,0,15675,0
FINNIFTY31DEC2424250PE.NFO,2024-11-29,12:57:00,2024-12-31,532.0,532.0,532.0,532.0,0,15675,0
FINNIFTY31DEC2424250PE.NFO,2024-11-29,12:58:00,2024-12-31,532.0,532.0,532.0,532.0,0,15675,0
FINNIFTY31DEC2424250PE.NFO,2024-11-29,12:59:00,2024-12-31,532.0,532.0,532.0,532.0,0,15675,0
FINNIFTY31DEC2424250PE.NFO,2024-11-29,13:00:00,2024-12-31,532.0,532.0,532.0,532.0,0,15675,0
FINNIFTY31DEC2424250PE.NFO,2024-11-29,13:01:00,2024-12-31,532.0,532.0,532.0,532.0,0,15675,0
FINNIFTY31DEC2424250PE.NFO,2024-11-29,13:02:00,2024-12-31,532.0,532.0,532.0,532.0,0,15675,0
FINNIFTY31DEC2424250PE.NFO,2024-11-29,13:03:00,2024-12-31,532.0,532.0,532.0,532.0,0,15675,0
FINNIFTY31DEC2424250PE.NFO,2024-11-29,13:04:00,2024-12-31,532.0,532.0,532.0,532.0,0,15675,0
FINNIFTY31DEC2424250PE.NFO,2024-11-29,13:05:00,2024-12-31,532.0,532.0,532.0,532.0,0,15675,0
FINNIFTY31DEC2424250PE.NFO,2024-11-29,13:06:00,2024-12-31,532.0,532.0,532.0,532.0,0,15675,0
FINNIFTY31DEC2424250PE.NFO,2024-11-29,13:07:00,2024-12-31,532.0,532.0,532.0,532.0,0,15675,0
FINNIFTY31DEC2424250PE.NFO,2024-11-29,13:08:00,2024-12-31,532.0,532.0,532.0,532.0,0,15675,0
FINNIFTY31DEC2424250PE.NFO,2024-11-29,13:09:00,2024-12-31,532.0,532.0,532.0,532.0,0,15675,0
FINNIFTY31DEC2424250PE.NFO,2024-11-29,13:10:00,2024-12-31,532.0,532.0,532.0,532.0,0,15675,0
FINNIFTY31DEC2424250PE.NFO,2024-11-29,13:11:00,2024-12-31,532.0,532.0,532.0,532.0,0,15675,0
FINNIFTY31DEC2424250PE.NFO,2024-11-29,13:12:00,2024-12-31,532.0,532.0,532.0,532.0,0,15675,0
FINNIFTY31DEC2424250PE.NFO,2024-11-29,13:13:00,2024-12-31,532.0,532.0,532.0,532.0,0,15675,0
FINNIFTY31DEC2424250PE.NFO,2024-11-29,13:14:00,2024-12-31,532.0,532.0,532.0,532.0,0,15675,0
FINNIFTY31DEC2424250PE.NFO,2024-11-29,13:15:00,2024-12-31,532.0,532.0,532.0,532.0,0,15675,0
FINNIFTY31DEC2424250PE.NFO,2024-11-29,13:16:00,2024-12-31,532.0,532.0,532.0,532.0,0,15675,0
FINNIFTY31DEC2424250PE.NFO,2024-11-29,13:17:00,2024-12-31,532.0,532.0,522.6,522.6,25,17175,0
FINNIFTY31DEC2424250PE.NFO,2024-11-29,13:18:00,2024-12-31,522.6,522.6,521.25,521.25,75,17200,0
FINNIFTY31DEC2424250PE.NFO,2024-11-29,13:19:00,2024-12-31,521.25,521.25,521.25,521.25,0,17200,0
FINNIFTY31DEC2424250PE.NFO,2024-11-29,13:20:00,2024-12-31,521.25,521.25,521.25,521.25,0,17200,0
FINNIFTY31DEC2424250PE.NFO,2024-11-29,13:21:00,2024-12-31,521.25,521.25,521.25,521.25,0,17200,0
FINNIFTY31DEC2424250PE.NFO,2024-11-29,13:22:00,2024-12-31,521.25,521.25,521.25,521.25,0,17200,0
FINNIFTY31DEC2424250PE.NFO,2024-11-29,13:23:00,2024-12-31,521.25,521.25,521.25,521.25,0,17200,0
FINNIFTY31DEC2424250PE.NFO,2024-11-29,13:24:00,2024-12-31,521.25,521.25,500.0,500.0,25,17175,0
FINNIFTY31DEC2424250PE.NFO,2024-11-29,13:25:00,2024-12-31,500.0,500.0,500.0,500.0,0,17175,0
FINNIFTY31DEC2424250PE.NFO,2024-11-29,13:26:00,2024-12-31,500.0,500.0,498.1,498.1,25,17175,0
FINNIFTY31DEC2424250PE.NFO,2024-11-29,13:27:00,2024-12-31,498.1,498.1,498.1,498.1,0,17175,0
FINNIFTY31DEC2424250PE.NFO,2024-11-29,13:28:00,2024-12-31,498.1,498.1,498.1,498.1,0,17175,0
FINNIFTY31DEC2424250PE.NFO,2024-11-29,13:29:00,2024-12-31,498.1,501.85,498.1,501.85,25,17200,0
FINNIFTY31DEC2424250PE.NFO,2024-11-29,13:30:00,2024-12-31,501.85,501.85,501.85,501.85,0,17200,0
FINNIFTY31DEC2424250PE.NFO,2024-11-29,13:31:00,2024-12-31,501.85,501.85,501.85,501.85,0,17200,0
FINNIFTY31DEC2424250PE.NFO,2024-11-29,13:32:00,2024-12-31,501.85,501.85,501.85,501.85,0,17200,0
FINNIFTY31DEC2424250PE.NFO,2024-11-29,13:33:00,2024-12-31,501.85,501.85,501.85,501.85,0,17200,0
FINNIFTY31DEC2424250PE.NFO,2024-11-29,13:34:00,2024-12-31,501.85,501.85,501.85,501.85,0,17200,0
FINNIFTY31DEC2424250PE.NFO,2024-11-29,13:35:00,2024-12-31,501.85,501.85,501.85,501.85,0,17200,0
FINNIFTY31DEC2424250PE.NFO,2024-11-29,13:36:00,2024-12-31,501.85,501.85,501.85,501.85,0,17200,0
FINNIFTY31DEC2424250PE.NFO,2024-11-29,13:37:00,2024-12-31,501.85,501.85,501.85,501.85,0,17200,0
FINNIFTY31DEC2424250PE.NFO,2024-11-29,13:38:00,2024-12-31,501.85,501.85,501.85,501.85,0,17200,0
FINNIFTY31DEC2424250PE.NFO,2024-11-29,13:39:00,2024-12-31,501.85,501.85,501.85,501.85,0,17200,0
FINNIFTY31DEC2424250PE.NFO,2024-11-29,13:40:00,2024-12-31,501.85,501.85,501.85,501.85,0,17200,0
FINNIFTY31DEC2424250PE.NFO,2024-11-29,13:41:00,2024-12-31,501.85,501.85,501.85,501.85,0,17200,0
FINNIFTY31DEC2424250PE.NFO,2024-11-29,13:42:00,2024-12-31,501.85,501.85,501.85,501.85,0,17200,0
FINNIFTY31DEC2424250PE.NFO,2024-11-29,13:43:00,2024-12-31,501.85,501.85,501.85,501.85,0,17200,0
FINNIFTY31DEC2424250PE.NFO,2024-11-29,13:44:00,2024-12-31,501.85,501.85,501.85,501.85,0,17200,0
FINNIFTY31DEC2424250PE.NFO,2024-11-29,13:45:00,2024-12-31,501.85,501.85,501.85,501.85,0,17200,0
FINNIFTY31DEC2424250PE.NFO,2024-11-29,13:46:00,2024-12-31,501.85,501.85,494.55,494.55,350,17175,0
FINNIFTY31DEC2424250PE.NFO,2024-11-29,13:47:00,2024-12-31,494.55,494.55,494.55,494.55,0,17175,0
FINNIFTY31DEC2424250PE.NFO,2024-11-29,13:48:00,2024-12-31,494.55,494.55,494.55,494.55,0,17175,0
FINNIFTY31DEC2424250PE.NFO,2024-11-29,13:49:00,2024-12-31,494.55,494.55,494.55,494.55,0,17175,0
FINNIFTY31DEC2424250PE.NFO,2024-11-29,13:50:00,2024-12-31,494.55,494.55,494.55,494.55,0,17175,0
FINNIFTY31DEC2424250PE.NFO,2024-11-29,13:51:00,2024-12-31,494.55,494.55,494.55,494.55,0,17175,0
FINNIFTY31DEC2424250PE.NFO,2024-11-29,13:52:00,2024-12-31,494.55,494.55,494.55,494.55,0,17175,0
FINNIFTY31DEC2424250PE.NFO,2024-11-29,13:53:00,2024-12-31,494.55,494.55,494.55,494.55,0,17175,0
FINNIFTY31DEC2424250PE.NFO,2024-11-29,13:54:00,2024-12-31,494.55,494.55,493.9,493.9,25,16850,0
FINNIFTY31DEC2424250PE.NFO,2024-11-29,13:55:00,2024-12-31,493.9,493.9,493.9,493.9,0,16850,0
FINNIFTY31DEC2424250PE.NFO,2024-11-29,13:56:00,2024-12-31,493.9,493.9,477.3,477.3,25,16850,0
FINNIFTY31DEC2424250PE.NFO,2024-11-29,13:57:00,2024-12-31,477.3,477.3,477.3,477.3,0,16850,0
FINNIFTY31DEC2424250PE.NFO,2024-11-29,13:58:00,2024-12-31,477.3,477.3,477.3,477.3,0,16850,0
FINNIFTY31DEC2424250PE.NFO,2024-11-29,13:59:00,2024-12-31,477.3,477.3,465.6,465.6,150,16850,0
FINNIFTY31DEC2424250PE.NFO,2024-11-29,14:00:00,2024-12-31,465.6,465.6,465.6,465.6,0,16850,0
FINNIFTY31DEC2424250PE.NFO,2024-11-29,14:01:00,2024-12-31,465.6,465.6,465.6,465.6,0,16850,0
FINNIFTY31DEC2424250PE.NFO,2024-11-29,14:02:00,2024-12-31,465.6,465.6,465.6,465.6,0,16850,0
FINNIFTY31DEC2424250PE.NFO,2024-11-29,14:03:00,2024-12-31,465.6,465.6,465.6,465.6,0,16850,0
FINNIFTY31DEC2424250PE.NFO,2024-11-29,14:04:00,2024-12-31,465.6,465.6,465.6,465.6,0,16850,0
FINNIFTY31DEC2424250PE.NFO,2024-11-29,14:05:00,2024-12-31,465.6,466.0,465.6,466.0,25,16850,0
FINNIFTY31DEC2424250PE.NFO,2024-11-29,14:06:00,2024-12-31,466.0,466.0,466.0,466.0,0,16850,0
FINNIFTY31DEC2424250PE.NFO,2024-11-29,14:07:00,2024-12-31,466.0,466.0,466.0,466.0,0,16850,0
FINNIFTY31DEC2424250PE.NFO,2024-11-29,14:08:00,2024-12-31,466.0,466.0,466.0,466.0,0,16850,0
FINNIFTY31DEC2424250PE.NFO,2024-11-29,14:09:00,2024-12-31,466.0,466.0,466.0,466.0,0,16850,0
FINNIFTY31DEC2424250PE.NFO,2024-11-29,14:10:00,2024-12-31,466.0,466.0,466.0,466.0,0,16850,0
FINNIFTY31DEC2424250PE.NFO,2024-11-29,14:11:00,2024-12-31,466.0,483.1,466.0,483.1,50,16850,0
FINNIFTY31DEC2424250PE.NFO,2024-11-29,14:12:00,2024-12-31,483.1,483.1,483.1,483.1,0,16850,0
FINNIFTY31DEC2424250PE.NFO,2024-11-29,14:13:00,2024-12-31,483.1,483.1,483.1,483.1,0,16850,0
FINNIFTY31DEC2424250PE.NFO,2024-11-29,14:14:00,2024-12-31,483.1,483.1,483.1,483.1,0,16850,0
FINNIFTY31DEC2424250PE.NFO,2024-11-29,14:15:00,2024-12-31,483.1,492.9,483.1,492.9,375,16900,0
FINNIFTY31DEC2424250PE.NFO,2024-11-29,14:16:00,2024-12-31,492.9,499.15,492.9,499.15,25,16900,0
FINNIFTY31DEC2424250PE.NFO,2024-11-29,14:17:00,2024-12-31,499.15,499.15,499.15,499.15,0,16900,0
FINNIFTY31DEC2424250PE.NFO,2024-11-29,14:18:00,2024-12-31,499.15,499.15,499.15,499.15,0,16900,0
FINNIFTY31DEC2424250PE.NFO,2024-11-29,14:19:00,2024-12-31,499.15,499.15,499.15,499.15,0,16900,0
FINNIFTY31DEC2424250PE.NFO,2024-11-29,14:20:00,2024-12-31,499.15,499.15,499.15,499.15,0,16900,0
FINNIFTY31DEC2424250PE.NFO,2024-11-29,14:21:00,2024-12-31,499.15,499.15,499.15,499.15,0,16900,0
FINNIFTY31DEC2424250PE.NFO,2024-11-29,14:22:00,2024-12-31,499.15,499.15,499.15,499.15,0,16900,0
FINNIFTY31DEC2424250PE.NFO,2024-11-29,14:23:00,2024-12-31,499.15,499.15,490.35,490.35,100,17100,0
FINNIFTY31DEC2424250PE.NFO,2024-11-29,14:24:00,2024-12-31,490.35,490.35,490.35,490.35,0,17100,0
FINNIFTY31DEC2424250PE.NFO,2024-11-29,14:25:00,2024-12-31,490.35,490.35,490.35,490.35,0,17100,0
FINNIFTY31DEC2424250PE.NFO,2024-11-29,14:26:00,2024-12-31,490.35,490.35,490.35,490.35,0,17100,0
FINNIFTY31DEC2424250PE.NFO,2024-11-29,14:27:00,2024-12-31,490.35,490.35,481.2,481.2,25,17125,0
FINNIFTY31DEC2424250PE.NFO,2024-11-29,14:28:00,2024-12-31,481.2,481.2,481.2,481.2,0,17125,0
FINNIFTY31DEC2424250PE.NFO,2024-11-29,14:29:00,2024-12-31,481.2,481.2,481.2,481.2,0,17125,0
FINNIFTY31DEC2424250PE.NFO,2024-11-29,14:30:00,2024-12-31,481.2,481.2,472.8,475.1,175,17250,0
FINNIFTY31DEC2424250PE.NFO,2024-11-29,14:31:00,2024-12-31,475.1,475.1,475.1,475.1,0,17250,0
FINNIFTY31DEC2424250PE.NFO,2024-11-29,14:32:00,2024-12-31,475.1,475.1,475.1,475.1,0,17250,0
FINNIFTY31DEC2424250PE.NFO,2024-11-29,14:33:00,2024-12-31,475.1,475.1,463.65,463.65,50,17225,0
FINNIFTY31DEC2424250PE.NFO,2024-11-29,14:34:00,2024-12-31,463.65,463.65,463.65,463.65,0,17225,0
FINNIFTY31DEC2424250PE.NFO,2024-11-29,14:35:00,2024-12-31,463.65,463.65,463.65,463.65,0,17225,0
FINNIFTY31DEC2424250PE.NFO,2024-11-29,14:36:00,2024-12-31,463.65,463.65,463.65,463.65,0,17225,0
FINNIFTY31DEC2424250PE.NFO,2024-11-29,14:37:00,2024-12-31,463.65,478.05,463.65,478.05,50,17200,0
FINNIFTY31DEC2424250PE.NFO,2024-11-29,14:38:00,2024-12-31,478.05,478.05,478.05,478.05,0,17200,0
FINNIFTY31DEC2424250PE.NFO,2024-11-29,14:39:00,2024-12-31,478.05,478.05,463.05,463.05,50,17200,0
FINNIFTY31DEC2424250PE.NFO,2024-11-29,14:40:00,2024-12-31,463.05,465.25,463.05,465.25,100,17200,0
FINNIFTY31DEC2424250PE.NFO,2024-11-29,14:41:00,2024-12-31,465.25,465.25,465.25,465.25,0,17200,0
FINNIFTY31DEC2424250PE.NFO,2024-11-29,14:42:00,2024-12-31,465.25,465.25,454.45,454.45,25,17250,0
FINNIFTY31DEC2424250PE.NFO,2024-11-29,14:43:00,2024-12-31,454.45,454.45,454.45,454.45,0,17250,0
FINNIFTY31DEC2424250PE.NFO,2024-11-29,14:44:00,2024-12-31,454.45,454.45,454.45,454.45,0,17250,0
FINNIFTY31DEC2424250PE.NFO,2024-11-29,14:45:00,2024-12-31,454.45,454.45,454.45,454.45,0,17250,0
FINNIFTY31DEC2424250PE.NFO,2024-11-29,14:46:00,2024-12-31,454.45,468.45,454.45,468.45,25,17300,0
FINNIFTY31DEC2424250PE.NFO,2024-11-29,14:47:00,2024-12-31,468.45,468.45,468.45,468.45,0,17300,0
FINNIFTY31DEC2424250PE.NFO,2024-11-29,14:48:00,2024-12-31,468.45,468.45,468.45,468.45,0,17300,0
FINNIFTY31DEC2424250PE.NFO,2024-11-29,14:49:00,2024-12-31,468.45,471.55,466.2,466.2,550,17275,0
FINNIFTY31DEC2424250PE.NFO,2024-11-29,14:50:00,2024-12-31,466.2,466.2,466.2,466.2,0,17275,0
FINNIFTY31DEC2424250PE.NFO,2024-11-29,14:51:00,2024-12-31,466.2,466.2,466.2,466.2,0,17275,0
FINNIFTY31DEC2424250PE.NFO,2024-11-29,14:52:00,2024-12-31,466.2,466.2,466.2,466.2,0,17275,0
FINNIFTY31DEC2424250PE.NFO,2024-11-29,14:53:00,2024-12-31,466.2,466.2,466.0,466.0,175,16925,0
FINNIFTY31DEC2424250PE.NFO,2024-11-29,14:54:00,2024-12-31,466.0,466.0,466.0,466.0,0,16925,0
FINNIFTY31DEC2424250PE.NFO,2024-11-29,14:55:00,2024-12-31,466.0,466.0,466.0,466.0,0,16925,0
FINNIFTY31DEC2424250PE.NFO,2024-11-29,14:56:00,2024-12-31,466.0,466.0,466.0,466.0,0,16925,0
FINNIFTY31DEC2424250PE.NFO,2024-11-29,14:57:00,2024-12-31,466.0,466.0,466.0,466.0,0,16925,0
FINNIFTY31DEC2424250PE.NFO,2024-11-29,14:58:00,2024-12-31,466.0,466.0,466.0,466.0,0,16925,0
FINNIFTY31DEC2424250PE.NFO,2024-11-29,14:59:00,2024-12-31,466.0,466.0,466.0,466.0,0,16925,0
FINNIFTY31DEC2424250PE.NFO,2024-11-29,15:00:00,2024-12-31,466.0,466.0,455.15,455.15,0,16750,0
FINNIFTY31DEC2424250PE.NFO,2024-11-29,15:01:00,2024-12-31,455.15,462.95,455.15,459.1,125,16775,0
FINNIFTY31DEC2424250PE.NFO,2024-11-29,15:02:00,2024-12-31,459.1,459.1,459.1,459.1,0,16775,0
FINNIFTY31DEC2424250PE.NFO,2024-11-29,15:03:00,2024-12-31,459.1,459.1,454.55,454.55,50,16775,0
FINNIFTY31DEC2424250PE.NFO,2024-11-29,15:04:00,2024-12-31,454.55,454.55,454.55,454.55,0,16775,0
FINNIFTY31DEC2424250PE.NFO,2024-11-29,15:05:00,2024-12-31,454.55,456.05,454.55,456.05,150,16775,0
FINNIFTY31DEC2424250PE.NFO,2024-11-29,15:06:00,2024-12-31,456.05,456.05,456.05,456.05,0,16775,0
FINNIFTY31DEC2424250PE.NFO,2024-11-29,15:07:00,2024-12-31,456.05,456.05,450.65,450.65,75,16900,0
FINNIFTY31DEC2424250PE.NFO,2024-11-29,15:08:00,2024-12-31,450.65,450.65,450.65,450.65,0,16900,0
FINNIFTY31DEC2424250PE.NFO,2024-11-29,15:09:00,2024-12-31,450.65,451.0,447.9,449.5,775,16700,0
FINNIFTY31DEC2424250PE.NFO,2024-11-29,15:10:00,2024-12-31,449.5,452.8,449.0,452.8,675,16700,0
FINNIFTY31DEC2424250PE.NFO,2024-11-29,15:11:00,2024-12-31,452.8,455.45,452.25,455.15,525,16700,0
FINNIFTY31DEC2424250PE.NFO,2024-11-29,15:12:00,2024-12-31,455.15,455.3,455.15,455.3,50,16700,0
FINNIFTY31DEC2424250PE.NFO,2024-11-29,15:13:00,2024-12-31,455.3,463.35,455.3,463.35,25,15750,0
FINNIFTY31DEC2424250PE.NFO,2024-11-29,15:14:00,2024-12-31,463.35,463.35,463.35,463.35,0,15750,0
FINNIFTY31DEC2424250PE.NFO,2024-11-29,15:15:00,2024-12-31,463.35,463.35,448.0,448.0,50,15750,0
FINNIFTY31DEC2424250PE.NFO,2024-11-29,15:16:00,2024-12-31,448.0,448.0,448.0,448.0,0,15750,0
FINNIFTY31DEC2424250PE.NFO,2024-11-29,15:17:00,2024-12-31,448.0,448.0,448.0,448.0,0,15750,0
FINNIFTY31DEC2424250PE.NFO,2024-11-29,15:18:00,2024-12-31,448.0,450.0,448.0,449.75,25,15700,0
FINNIFTY31DEC2424250PE.NFO,2024-11-29,15:19:00,2024-12-31,449.75,451.0,449.75,451.0,50,15700,0
FINNIFTY31DEC2424250PE.NFO,2024-11-29,15:20:00,2024-12-31,451.0,451.8,451.0,451.0,75,15700,0
FINNIFTY31DEC2424250PE.NFO,2024-11-29,15:21:00,2024-12-31,451.0,451.0,451.0,451.0,0,15700,0
FINNIFTY31DEC2424250PE.NFO,2024-11-29,15:22:00,2024-12-31,451.0,451.0,450.7,450.7,25,15675,0
FINNIFTY31DEC2424250PE.NFO,2024-11-29,15:23:00,2024-12-31,450.7,450.7,450.7,450.7,0,15675,0
FINNIFTY31DEC2424250PE.NFO,2024-11-29,15:24:00,2024-12-31,450.7,452.65,450.7,452.65,25,15675,0
FINNIFTY31DEC2424250PE.NFO,2024-11-29,15:25:00,2024-12-31,452.65,452.65,451.8,451.8,25,15650,0
FINNIFTY31DEC2424250PE.NFO,2024-11-29,15:26:00,2024-12-31,451.8,454.35,446.7,454.35,300,15650,0
FINNIFTY31DEC2424250PE.NFO,2024-11-29,15:27:00,2024-12-31,454.35,454.35,450.75,450.75,150,15650,0
FINNIFTY31DEC2424250PE.NFO,2024-11-29,15:28:00,2024-12-31,450.75,464.95,450.75,457.3,475,15400,0
FINNIFTY31DEC2424250PE.NFO,2024-11-29,15:29:00,2024-12-31,461.7,465.95,451.45,451.45,450,15400,0
FINNIFTY31DEC2424250PE.NFO,2024-11-29,15:30:00,2024-12-31,451.45,451.45,451.45,451.45,450,15400,1
FINNIFTY31DEC2424250PE.NFO,2024-12-02,09:15:00,2024-12-31,421.0,421.0,421.0,421.0,0,15300,0
FINNIFTY31DEC2424250PE.NFO,2024-12-02,09:16:00,2024-12-31,421.0,536.2,421.0,505.5,800,15300,0
FINNIFTY31DEC2424250PE.NFO,2024-12-02,09:17:00,2024-12-31,505.5,505.5,505.5,505.5,0,15300,0
FINNIFTY31DEC2424250PE.NFO,2024-12-02,09:18:00,2024-12-31,505.5,525.0,505.5,524.95,50,15300,0
FINNIFTY31DEC2424250PE.NFO,2024-12-02,09:19:00,2024-12-31,524.95,524.95,513.35,516.2,125,15100,0
FINNIFTY31DEC2424250PE.NFO,2024-12-02,09:20:00,2024-12-31,516.2,517.7,506.7,517.25,550,15100,0
FINNIFTY31DEC2424250PE.NFO,2024-12-02,09:21:00,2024-12-31,517.25,528.05,517.25,523.75,250,15400,0
FINNIFTY31DEC2424250PE.NFO,2024-12-02,09:22:00,2024-12-31,523.75,523.75,523.75,523.75,0,15400,0
FINNIFTY31DEC2424250PE.NFO,2024-12-02,09:23:00,2024-12-31,523.75,523.75,523.75,523.75,0,15400,0
FINNIFTY31DEC2424250PE.NFO,2024-12-02,09:24:00,2024-12-31,523.75,525.0,523.75,525.0,25,15400,0
FINNIFTY31DEC2424250PE.NFO,2024-12-02,09:25:00,2024-12-31,525.0,538.0,525.0,538.0,75,15325,0
FINNIFTY31DEC2424250PE.NFO,2024-12-02,09:26:00,2024-12-31,538.0,538.0,538.0,538.0,0,15325,0
FINNIFTY31DEC2424250PE.NFO,2024-12-02,09:27:00,2024-12-31,538.0,538.0,538.0,538.0,0,15325,0
FINNIFTY31DEC2424250PE.NFO,2024-12-02,09:28:00,2024-12-31,538.0,538.0,538.0,538.0,0,15325,0
FINNIFTY31DEC2424250PE.NFO,2024-12-02,09:29:00,2024-12-31,538.0,538.0,538.0,538.0,0,15325,0
FINNIFTY31DEC2424250PE.NFO,2024-12-02,09:30:00,2024-12-31,538.0,538.0,538.0,538.0,0,15325,0
FINNIFTY31DEC2424250PE.NFO,2024-12-02,09:31:00,2024-12-31,538.0,538.0,538.0,538.0,0,15325,0
FINNIFTY31DEC2424250PE.NFO,2024-12-02,09:32:00,2024-12-31,538.0,538.0,505.8,507.6,100,15275,0
FINNIFTY31DEC2424250PE.NFO,2024-12-02,09:33:00,2024-12-31,507.6,507.6,507.6,507.6,0,15275,0
FINNIFTY31DEC2424250PE.NFO,2024-12-02,09:34:00,2024-12-31,507.6,507.6,507.6,507.6,0,15275,0
FINNIFTY31DEC2424250PE.NFO,2024-12-02,09:35:00,2024-12-31,507.6,507.6,492.4,492.9,100,15375,0
FINNIFTY31DEC2424250PE.NFO,2024-12-02,09:36:00,2024-12-31,492.9,492.9,492.9,492.9,0,15375,0
FINNIFTY31DEC2424250PE.NFO,2024-12-02,09:37:00,2024-12-31,492.9,497.15,492.9,497.15,50,15475,0
FINNIFTY31DEC2424250PE.NFO,2024-12-02,09:38:00,2024-12-31,497.15,497.15,492.2,492.2,25,15475,0
FINNIFTY31DEC2424250PE.NFO,2024-12-02,09:39:00,2024-12-31,480.0,480.0,480.0,480.0,25,15475,0
FINNIFTY31DEC2424250PE.NFO,2024-12-02,09:40:00,2024-12-31,480.0,480.0,480.0,480.0,0,15475,0
FINNIFTY31DEC2424250PE.NFO,2024-12-02,09:41:00,2024-12-31,480.0,480.0,480.0,480.0,0,15475,0
FINNIFTY31DEC2424250PE.NFO,2024-12-02,09:42:00,2024-12-31,480.0,491.85,480.0,491.2,75,15550,0
FINNIFTY31DEC2424250PE.NFO,2024-12-02,09:43:00,2024-12-31,491.2,491.2,491.2,491.2,0,15550,0
FINNIFTY31DEC2424250PE.NFO,2024-12-02,09:44:00,2024-12-31,491.2,491.2,491.2,491.2,0,15550,0
FINNIFTY31DEC2424250PE.NFO,2024-12-02,09:45:00,2024-12-31,491.2,491.2,491.2,491.2,0,15550,0
FINNIFTY31DEC2424250PE.NFO,2024-12-02,09:46:00,2024-12-31,491.2,491.2,491.2,491.2,0,15550,0
FINNIFTY31DEC2424250PE.NFO,2024-12-02,09:47:00,2024-12-31,491.2,494.0,491.2,494.0,75,15600,0
FINNIFTY31DEC2424250PE.NFO,2024-12-02,09:48:00,2024-12-31,494.0,497.5,494.0,497.5,75,15600,0
FINNIFTY31DEC2424250PE.NFO,2024-12-02,09:49:00,2024-12-31,497.5,497.5,497.5,497.5,0,15600,0
FINNIFTY31DEC2424250PE.NFO,2024-12-02,09:50:00,2024-12-31,497.5,497.5,497.5,497.5,0,15600,0
FINNIFTY31DEC2424250PE.NFO,2024-12-02,09:51:00,2024-12-31,497.5,504.15,497.5,503.45,100,15550,0
FINNIFTY31DEC2424250PE.NFO,2024-12-02,09:52:00,2024-12-31,503.45,503.45,503.45,503.45,0,15550,0
FINNIFTY31DEC2424250PE.NFO,2024-12-02,09:53:00,2024-12-31,503.45,503.45,503.45,503.45,0,15550,0
FINNIFTY31DEC2424250PE.NFO,2024-12-02,09:54:00,2024-12-31,503.45,515.5,503.45,515.5,25,15550,0
FINNIFTY31DEC2424250PE.NFO,2024-12-02,09:55:00,2024-12-31,515.5,515.5,515.5,515.5,0,15550,0
FINNIFTY31DEC2424250PE.NFO,2024-12-02,09:56:00,2024-12-31,515.5,515.5,500.25,500.25,50,15575,0
FINNIFTY31DEC2424250PE.NFO,2024-12-02,09:57:00,2024-12-31,500.25,500.25,493.75,493.75,50,15575,0
FINNIFTY31DEC2424250PE.NFO,2024-12-02,09:58:00,2024-12-31,493.75,493.75,493.75,493.75,0,15575,0
FINNIFTY31DEC2424250PE.NFO,2024-12-02,09:59:00,2024-12-31,493.75,493.75,493.75,493.75,0,15575,0
FINNIFTY31DEC2424250PE.NFO,2024-12-02,10:00:00,2024-12-31,493.75,493.75,493.75,493.75,0,15575,0
FINNIFTY31DEC2424250PE.NFO,2024-12-02,10:01:00,2024-12-31,493.75,493.75,493.75,493.75,0,15575,0
FINNIFTY31DEC2424250PE.NFO,2024-12-02,10:02:00,2024-12-31,493.75,493.75,493.75,493.75,0,15575,0
FINNIFTY31DEC2424250PE.NFO,2024-12-02,10:03:00,2024-12-31,493.75,498.75,493.75,498.75,50,15600,0
FINNIFTY31DEC2424250PE.NFO,2024-12-02,10:04:00,2024-12-31,498.75,498.75,494.15,494.15,25,15600,0
FINNIFTY31DEC2424250PE.NFO,2024-12-02,10:05:00,2024-12-31,494.15,494.15,494.15,494.15,0,15600,0
FINNIFTY31DEC2424250PE.NFO,2024-12-02,10:06:00,2024-12-31,494.15,494.15,494.15,494.15,0,15600,0
FINNIFTY31DEC2424250PE.NFO,2024-12-02,10:07:00,2024-12-31,494.15,494.15,494.15,494.15,0,15600,0
FINNIFTY31DEC2424250PE.NFO,2024-12-02,10:08:00,2024-12-31,494.15,494.15,494.15,494.15,0,15600,0
FINNIFTY31DEC2424250PE.NFO,2024-12-02,10:09:00,2024-12-31,494.15,494.15,494.15,494.15,0,15600,0
FINNIFTY31DEC2424250PE.NFO,2024-12-02,10:10:00,2024-12-31,494.15,515.9,494.15,515.9,25,15600,0
FINNIFTY31DEC2424250PE.NFO,2024-12-02,10:11:00,2024-12-31,515.9,516.1,515.9,516.1,75,15600,0
FINNIFTY31DEC2424250PE.NFO,2024-12-02,10:12:00,2024-12-31,516.1,525.0,516.1,525.0,50,15625,0
FINNIFTY31DEC2424250PE.NFO,2024-12-02,10:13:00,2024-12-31,525.0,525.0,525.0,525.0,0,15625,0
FINNIFTY31DEC2424250PE.NFO,2024-12-02,10:14:00,2024-12-31,525.0,525.0,509.55,509.55,50,15625,0
FINNIFTY31DEC2424250PE.NFO,2024-12-02,10:15:00,2024-12-31,509.55,509.55,494.75,494.75,50,15625,0
FINNIFTY31DEC2424250PE.NFO,2024-12-02,10:16:00,2024-12-31,494.75,494.75,485.4,485.4,25,15650,0
FINNIFTY31DEC2424250PE.NFO,2024-12-02,10:17:00,2024-12-31,485.4,485.4,485.4,485.4,0,15650,0
FINNIFTY31DEC2424250PE.NFO,2024-12-02,10:18:00,2024-12-31,485.4,485.4,479.25,479.25,50,15650,0
FINNIFTY31DEC2424250PE.NFO,2024-12-02,10:19:00,2024-12-31,479.25,479.25,479.25,479.25,0,15650,0
FINNIFTY31DEC2424250PE.NFO,2024-12-02,10:20:00,2024-12-31,479.25,490.45,479.25,490.45,25,15725,0
FINNIFTY31DEC2424250PE.NFO,2024-12-02,10:21:00,2024-12-31,490.45,490.45,490.45,490.45,0,15725,0
FINNIFTY31DEC2424250PE.NFO,2024-12-02,10:22:00,2024-12-31,490.45,490.45,490.45,490.45,0,15725,0
FINNIFTY31DEC2424250PE.NFO,2024-12-02,10:23:00,2024-12-31,490.45,490.45,490.45,490.45,0,15725,0
FINNIFTY31DEC2424250PE.NFO,2024-12-02,10:24:00,2024-12-31,490.45,490.45,490.45,490.45,0,15725,0
FINNIFTY31DEC2424250PE.NFO,2024-12-02,10:25:00,2024-12-31,490.45,490.45,490.45,490.45,0,15725,0
FINNIFTY31DEC2424250PE.NFO,2024-12-02,10:26:00,2024-12-31,490.45,490.45,490.45,490.45,0,15725,0
FINNIFTY31DEC2424250PE.NFO,2024-12-02,10:27:00,2024-12-31,490.45,490.45,490.45,490.45,0,15725,0
FINNIFTY31DEC2424250PE.NFO,2024-12-02,10:28:00,2024-12-31,490.45,490.45,490.45,490.45,0,15725,0
FINNIFTY31DEC2424250PE.NFO,2024-12-02,10:29:00,2024-12-31,490.45,490.45,490.45,490.45,0,15725,0
FINNIFTY31DEC2424250PE.NFO,2024-12-02,10:30:00,2024-12-31,490.45,490.45,480.8,483.45,200,15875,0
FINNIFTY31DEC2424250PE.NFO,2024-12-02,10:31:00,2024-12-31,483.45,483.45,483.45,483.45,0,15875,0
FINNIFTY31DEC2424250PE.NFO,2024-12-02,10:32:00,2024-12-31,483.45,483.45,483.45,483.45,0,15875,0
FINNIFTY31DEC2424250PE.NFO,2024-12-02,10:33:00,2024-12-31,483.45,483.45,483.45,483.45,0,15875,0
FINNIFTY31DEC2424250PE.NFO,2024-12-02,10:34:00,2024-12-31,483.45,483.45,483.45,483.45,0,15875,0
FINNIFTY31DEC2424250PE.NFO,2024-12-02,10:35:00,2024-12-31,483.45,483.45,483.45,483.45,0,15875,0
FINNIFTY31DEC2424250PE.NFO,2024-12-02,10:36:00,2024-12-31,483.45,483.45,483.45,483.45,0,15875,0
FINNIFTY31DEC2424250PE.NFO,2024-12-02,10:37:00,2024-12-31,483.45,500.5,483.45,500.5,75,15900,0
FINNIFTY31DEC2424250PE.NFO,2024-12-02,10:38:00,2024-12-31,500.5,500.5,500.5,500.5,0,15900,0
FINNIFTY31DEC2424250PE.NFO,2024-12-02,10:39:00,2024-12-31,500.5,500.5,500.5,500.5,0,15900,0
FINNIFTY31DEC2424250PE.NFO,2024-12-02,10:40:00,2024-12-31,500.5,501.35,500.5,500.7,100,15925,0
FINNIFTY31DEC2424250PE.NFO,2024-12-02,10:41:00,2024-12-31,500.7,500.7,500.7,500.7,0,15925,0
FINNIFTY31DEC2424250PE.NFO,2024-12-02,10:42:00,2024-12-31,500.7,511.5,500.7,511.5,150,15900,0
FINNIFTY31DEC2424250PE.NFO,2024-12-02,10:43:00,2024-12-31,511.5,518.55,511.5,516.35,450,15900,0
FINNIFTY31DEC2424250PE.NFO,2024-12-02,10:44:00,2024-12-31,516.35,516.35,516.35,516.35,0,15900,0
FINNIFTY31DEC2424250PE.NFO,2024-12-02,10:45:00,2024-12-31,516.35,516.35,513.45,513.45,250,15900,0
FINNIFTY31DEC2424250PE.NFO,2024-12-02,10:46:00,2024-12-31,513.45,513.45,506.25,506.25,525,16000,0
FINNIFTY31DEC2424250PE.NFO,2024-12-02,10:47:00,2024-12-31,506.25,506.65,506.25,506.65,300,16000,0
FINNIFTY31DEC2424250PE.NFO,2024-12-02,10:48:00,2024-12-31,506.65,506.65,506.65,506.65,0,16000,0
FINNIFTY31DEC2424250PE.NFO,2024-12-02,10:49:00,2024-12-31,506.65,506.65,505.4,505.4,200,16325,0
FINNIFTY31DEC2424250PE.NFO,2024-12-02,10:50:00,2024-12-31,505.4,505.4,505.4,505.4,0,16325,0
FINNIFTY31DEC2424250PE.NFO,2024-12-02,10:51:00,2024-12-31,505.4,505.4,505.4,505.4,0,16325,0
FINNIFTY31DEC2424250PE.NFO,2024-12-02,10:52:00,2024-12-31,505.4,505.4,505.4,505.4,0,16325,0
FINNIFTY31DEC2424250PE.NFO,2024-12-02,10:53:00,2024-12-31,505.4,505.4,505.4,505.4,0,16325,0
FINNIFTY31DEC2424250PE.NFO,2024-12-02,10:54:00,2024-12-31,505.4,505.4,505.4,505.4,0,16325,0
FINNIFTY31DEC2424250PE.NFO,2024-12-02,10:55:00,2024-12-31,505.4,505.4,505.4,505.4,0,16325,0
FINNIFTY31DEC2424250PE.NFO,2024-12-02,10:56:00,2024-12-31,505.4,513.95,505.4,513.95,25,16375,0
FINNIFTY31DEC2424250PE.NFO,2024-12-02,10:57:00,2024-12-31,513.95,513.95,513.95,513.95,0,16375,0
FINNIFTY31DEC2424250PE.NFO,2024-12-02,10:58:00,2024-12-31,513.95,513.95,513.95,513.95,0,16375,0
FINNIFTY31DEC2424250PE.NFO,2024-12-02,10:59:00,2024-12-31,513.95,513.95,505.5,505.5,275,16350,0
FINNIFTY31DEC2424250PE.NFO,2024-12-02,11:00:00,2024-12-31,505.5,505.5,505.5,505.5,0,16350,0
FINNIFTY31DEC2424250PE.NFO,2024-12-02,11:01:00,2024-12-31,505.5,505.5,505.5,505.5,0,16350,0
FINNIFTY31DEC2424250PE.NFO,2024-12-02,11:02:00,2024-12-31,505.5,505.5,505.5,505.5,0,16350,0
FINNIFTY31DEC2424250PE.NFO,2024-12-02,11:03:00,2024-12-31,505.5,507.3,505.5,507.3,250,16600,0
FINNIFTY31DEC2424250PE.NFO,2024-12-02,11:04:00,2024-12-31,507.3,507.3,506.05,506.05,25,16800,0
FINNIFTY31DEC2424250PE.NFO,2024-12-02,11:05:00,2024-12-31,506.05,506.05,506.05,506.05,0,16800,0
FINNIFTY31DEC2424250PE.NFO,2024-12-02,11:06:00,2024-12-31,506.05,506.05,506.05,506.05,0,16800,0
FINNIFTY31DEC2424250PE.NFO,2024-12-02,11:07:00,2024-12-31,506.05,506.05,506.05,506.05,0,16800,0
FINNIFTY31DEC2424250PE.NFO,2024-12-02,11:08:00,2024-12-31,506.05,506.05,502.1,502.8,750,16775,0
FINNIFTY31DEC2424250PE.NFO,2024-12-02,11:09:00,2024-12-31,502.8,502.8,498.25,498.25,50,16775,0
FINNIFTY31DEC2424250PE.NFO,2024-12-02,11:10:00,2024-12-31,498.25,498.25,498.25,498.25,0,16775,0
FINNIFTY31DEC2424250PE.NFO,2024-12-02,11:11:00,2024-12-31,498.25,498.25,498.25,498.25,0,16775,0
FINNIFTY31DEC2424250PE.NFO,2024-12-02,11:12:00,2024-12-31,498.25,498.25,498.25,498.25,0,16775,0
FINNIFTY31DEC2424250PE.NFO,2024-12-02,11:13:00,2024-12-31,498.25,498.25,498.25,498.25,0,16775,0
FINNIFTY31DEC2424250PE.NFO,2024-12-02,11:14:00,2024-12-31,498.25,498.25,498.25,498.25,0,16775,0
FINNIFTY31DEC2424250PE.NFO,2024-12-02,11:15:00,2024-12-31,498.25,498.25,498.25,498.25,0,16775,0
FINNIFTY31DEC2424250PE.NFO,2024-12-02,11:16:00,2024-12-31,498.25,498.25,498.25,498.25,0,16775,0
FINNIFTY31DEC2424250PE.NFO,2024-12-02,11:17:00,2024-12-31,498.25,498.25,498.25,498.25,0,16775,0
FINNIFTY31DEC2424250PE.NFO,2024-12-02,11:18:00,2024-12-31,498.25,498.25,498.25,498.25,0,16775,0
FINNIFTY31DEC2424250PE.NFO,2024-12-02,11:19:00,2024-12-31,498.25,498.25,498.25,498.25,0,16775,0
FINNIFTY31DEC2424250PE.NFO,2024-12-02,11:20:00,2024-12-31,498.25,498.25,489.2,489.2,25,17300,0
FINNIFTY31DEC2424250PE.NFO,2024-12-02,11:21:00,2024-12-31,489.2,489.2,489.2,489.2,0,17300,0
FINNIFTY31DEC2424250PE.NFO,2024-12-02,11:22:00,2024-12-31,489.2,489.2,489.2,489.2,0,17300,0
FINNIFTY31DEC2424250PE.NFO,2024-12-02,11:23:00,2024-12-31,489.2,489.2,489.2,489.2,0,17300,0
FINNIFTY31DEC2424250PE.NFO,2024-12-02,11:24:00,2024-12-31,489.2,489.2,489.2,489.2,0,17300,0
FINNIFTY31DEC2424250PE.NFO,2024-12-02,11:25:00,2024-12-31,489.2,489.2,489.2,489.2,0,17300,0
FINNIFTY31DEC2424250PE.NFO,2024-12-02,11:26:00,2024-12-31,489.2,489.2,489.2,489.2,0,17300,0
FINNIFTY31DEC2424250PE.NFO,2024-12-02,11:27:00,2024-12-31,489.2,489.2,489.2,489.2,0,17300,0
FINNIFTY31DEC2424250PE.NFO,2024-12-02,11:28:00,2024-12-31,489.2,495.8,489.2,495.8,150,17275,0
FINNIFTY31DEC2424250PE.NFO,2024-12-02,11:29:00,2024-12-31,495.8,495.8,495.8,495.8,0,17275,0
FINNIFTY31DEC2424250PE.NFO,2024-12-02,11:30:00,2024-12-31,495.8,495.8,495.8,495.8,0,17275,0
FINNIFTY31DEC2424250PE.NFO,2024-12-02,11:31:00,2024-12-31,495.8,495.8,495.8,495.8,0,17275,0
FINNIFTY31DEC2424250PE.NFO,2024-12-02,11:32:00,2024-12-31,495.8,495.8,495.8,495.8,0,17275,0
FINNIFTY31DEC2424250PE.NFO,2024-12-02,11:33:00,2024-12-31,495.8,495.8,495.8,495.8,0,17275,0
FINNIFTY31DEC2424250PE.NFO,2024-12-02,11:34:00,2024-12-31,495.8,495.8,495.8,495.8,0,17275,0
FINNIFTY31DEC2424250PE.NFO,2024-12-02,11:35:00,2024-12-31,495.8,495.8,495.8,495.8,0,17275,0
FINNIFTY31DEC2424250PE.NFO,2024-12-02,11:36:00,2024-12-31,495.8,495.8,495.8,495.8,0,17275,0
FINNIFTY31DEC2424250PE.NFO,2024-12-02,11:37:00,2024-12-31,495.8,495.8,495.8,495.8,0,17275,0
FINNIFTY31DEC2424250PE.NFO,2024-12-02,11:38:00,2024-12-31,495.8,495.8,495.8,495.8,0,17275,0
FINNIFTY31DEC2424250PE.NFO,2024-12-02,11:39:00,2024-12-31,495.8,495.8,495.8,495.8,0,17275,0
FINNIFTY31DEC2424250PE.NFO,2024-12-02,11:40:00,2024-12-31,495.8,495.8,495.8,495.8,0,17275,0
FINNIFTY31DEC2424250PE.NFO,2024-12-02,11:41:00,2024-12-31,495.8,495.8,495.8,495.8,0,17275,0
FINNIFTY31DEC2424250PE.NFO,2024-12-02,11:42:00,2024-12-31,495.8,495.8,495.8,495.8,0,17275,0
FINNIFTY31DEC2424250PE.NFO,2024-12-02,11:43:00,2024-12-31,495.8,495.8,495.8,495.8,0,17275,0
FINNIFTY31DEC2424250PE.NFO,2024-12-02,11:44:00,2024-12-31,495.8,495.8,495.8,495.8,0,17275,0
FINNIFTY31DEC2424250PE.NFO,2024-12-02,11:45:00,2024-12-31,495.8,495.8,495.8,495.8,0,17275,0
FINNIFTY31DEC2424250PE.NFO,2024-12-02,11:46:00,2024-12-31,495.8,495.8,495.8,495.8,0,17275,0
FINNIFTY31DEC2424250PE.NFO,2024-12-02,11:47:00,2024-12-31,495.8,495.8,495.8,495.8,0,17275,0
FINNIFTY31DEC2424250PE.NFO,2024-12-02,11:48:00,2024-12-31,495.8,495.8,495.8,495.8,0,17275,0
FINNIFTY31DEC2424250PE.NFO,2024-12-02,11:49:00,2024-12-31,495.8,495.8,495.8,495.8,0,17275,0
FINNIFTY31DEC2424250PE.NFO,2024-12-02,11:50:00,2024-12-31,495.8,495.8,495.8,495.8,0,17275,0
FINNIFTY31DEC2424250PE.NFO,2024-12-02,11:51:00,2024-12-31,495.8,495.8,495.8,495.8,0,17275,0
FINNIFTY31DEC2424250PE.NFO,2024-12-02,11:52:00,2024-12-31,495.8,495.8,495.8,495.8,0,17275,0
FINNIFTY31DEC2424250PE.NFO,2024-12-02,11:53:00,2024-12-31,495.8,495.8,495.8,495.8,0,17275,0
FINNIFTY31DEC2424250PE.NFO,2024-12-02,11:54:00,2024-12-31,495.8,495.8,495.8,495.8,0,17275,0
FINNIFTY31DEC2424250PE.NFO,2024-12-02,11:55:00,2024-12-31,495.8,511.35,495.8,511.35,50,17425,0
FINNIFTY31DEC2424250PE.NFO,2024-12-02,11:56:00,2024-12-31,511.35,511.35,507.65,507.65,250,17425,0
FINNIFTY31DEC2424250PE.NFO,2024-12-02,11:57:00,2024-12-31,507.65,507.65,507.65,507.65,0,17425,0
FINNIFTY31DEC2424250PE.NFO,2024-12-02,11:58:00,2024-12-31,507.65,507.65,507.65,507.65,0,17425,0
FINNIFTY31DEC2424250PE.NFO,2024-12-02,11:59:00,2024-12-31,507.65,507.65,507.65,507.65,0,17425,0
FINNIFTY31DEC2424250PE.NFO,2024-12-02,12:00:00,2024-12-31,507.65,507.65,507.65,507.65,0,17425,0
FINNIFTY31DEC2424250PE.NFO,2024-12-02,12:01:00,2024-12-31,507.65,507.65,507.65,507.65,0,17425,0
FINNIFTY31DEC2424250PE.NFO,2024-12-02,12:02:00,2024-12-31,507.65,507.65,507.65,507.65,0,17425,0
FINNIFTY31DEC2424250PE.NFO,2024-12-02,12:03:00,2024-12-31,507.65,507.65,507.65,507.65,0,17425,0
FINNIFTY31DEC2424250PE.NFO,2024-12-02,12:04:00,2024-12-31,507.65,507.65,507.65,507.65,0,17425,0
FINNIFTY31DEC2424250PE.NFO,2024-12-02,12:05:00,2024-12-31,507.65,516.1,507.65,516.1,50,17600,0
FINNIFTY31DEC2424250PE.NFO,2024-12-02,12:06:00,2024-12-31,516.1,516.1,516.1,516.1,25,17600,0
FINNIFTY31DEC2424250PE.NFO,2024-12-02,12:07:00,2024-12-31,516.1,516.1,516.1,516.1,0,17600,0
FINNIFTY31DEC2424250PE.NFO,2024-12-02,12:08:00,2024-12-31,516.1,516.1,516.1,516.1,0,17600,0
FINNIFTY31DEC2424250PE.NFO,2024-12-02,12:09:00,2024-12-31,516.1,516.1,516.1,516.1,0,17600,0
FINNIFTY31DEC2424250PE.NFO,2024-12-02,12:10:00,2024-12-31,516.1,516.1,516.1,516.1,0,17600,0
FINNIFTY31DEC2424250PE.NFO,2024-12-02,12:11:00,2024-12-31,516.1,516.1,516.1,516.1,0,17600,0
FINNIFTY31DEC2424250PE.NFO,2024-12-02,12:12:00,2024-12-31,516.1,516.1,516.1,516.1,0,17600,0
FINNIFTY31DEC2424250PE.NFO,2024-12-02,12:13:00,2024-12-31,516.1,516.1,516.1,516.1,0,17600,0
FINNIFTY31DEC2424250PE.NFO,2024-12-02,12:14:00,2024-12-31,516.1,516.1,516.1,516.1,0,17600,0
FINNIFTY31DEC2424250PE.NFO,2024-12-02,12:15:00,2024-12-31,516.1,516.1,516.1,516.1,0,17600,0
FINNIFTY31DEC2424250PE.NFO,2024-12-02,12:16:00,2024-12-31,516.1,516.1,516.1,516.1,0,17600,0
FINNIFTY31DEC2424250PE.NFO,2024-12-02,12:17:00,2024-12-31,516.1,516.1,500.95,500.95,275,17625,0
FINNIFTY31DEC2424250PE.NFO,2024-12-02,12:18:00,2024-12-31,500.95,500.95,498.2,498.2,250,17625,0
FINNIFTY31DEC2424250PE.NFO,2024-12-02,12:19:00,2024-12-31,498.2,498.2,498.2,498.2,0,17625,0
FINNIFTY31DEC2424250PE.NFO,2024-12-02,12:20:00,2024-12-31,498.2,498.2,498.2,498.2,0,17625,0
FINNIFTY31DEC2424250PE.NFO,2024-12-02,12:21:00,2024-12-31,498.2,498.2,498.2,498.2,0,17625,0
FINNIFTY31DEC2424250PE.NFO,2024-12-02,12:22:00,2024-12-31,498.2,498.2,498.2,498.2,0,17625,0
FINNIFTY31DEC2424250PE.NFO,2024-12-02,12:23:00,2024-12-31,498.2,498.2,498.2,498.2,0,17625,0
FINNIFTY31DEC2424250PE.NFO,2024-12-02,12:24:00,2024-12-31,498.2,498.2,498.2,498.2,0,17625,0
FINNIFTY31DEC2424250PE.NFO,2024-12-02,12:25:00,2024-12-31,498.2,498.2,498.2,498.2,0,17625,0
FINNIFTY31DEC2424250PE.NFO,2024-12-02,12:26:00,2024-12-31,498.2,498.2,498.2,498.2,0,17625,0
FINNIFTY31DEC2424250PE.NFO,2024-12-02,12:27:00,2024-12-31,498.2,498.2,498.2,498.2,0,17625,0
FINNIFTY31DEC2424250PE.NFO,2024-12-02,12:28:00,2024-12-31,498.2,498.2,498.2,498.2,0,17625,0
FINNIFTY31DEC2424250PE.NFO,2024-12-02,12:29:00,2024-12-31,498.2,498.2,498.2,498.2,0,17625,0
FINNIFTY31DEC2424250PE.NFO,2024-12-02,12:30:00,2024-12-31,498.2,498.2,480.0,480.0,25,17900,0
FINNIFTY31DEC2424250PE.NFO,2024-12-02,12:31:00,2024-12-31,480.0,480.0,480.0,480.0,75,17900,0
FINNIFTY31DEC2424250PE.NFO,2024-12-02,12:32:00,2024-12-31,480.0,480.0,477.1,477.1,225,17900,0
FINNIFTY31DEC2424250PE.NFO,2024-12-02,12:33:00,2024-12-31,477.1,477.1,476.1,476.1,25,17900,0
FINNIFTY31DEC2424250PE.NFO,2024-12-02,12:34:00,2024-12-31,476.1,476.1,476.1,476.1,0,17900,0
FINNIFTY31DEC2424250PE.NFO,2024-12-02,12:35:00,2024-12-31,476.1,476.1,476.1,476.1,0,17900,0
FINNIFTY31DEC2424250PE.NFO,2024-12-02,12:36:00,2024-12-31,476.1,476.1,476.1,476.1,0,17900,0
FINNIFTY31DEC2424250PE.NFO,2024-12-02,12:37:00,2024-12-31,476.1,476.1,476.1,476.1,0,17900,0
FINNIFTY31DEC2424250PE.NFO,2024-12-02,12:38:00,2024-12-31,476.1,476.1,476.1,476.1,0,17900,0
FINNIFTY31DEC2424250PE.NFO,2024-12-02,12:39:00,2024-12-31,476.1,476.1,476.1,476.1,0,17900,0
FINNIFTY31DEC2424250PE.NFO,2024-12-02,12:40:00,2024-12-31,476.1,476.1,476.1,476.1,0,17900,0
FINNIFTY31DEC2424250PE.NFO,2024-12-02,12:41:00,2024-12-31,476.1,476.1,476.1,476.1,0,17900,0
FINNIFTY31DEC2424250PE.NFO,2024-12-02,12:42:00,2024-12-31,476.1,476.1,476.1,476.1,0,17900,0
FINNIFTY31DEC2424250PE.NFO,2024-12-02,12:43:00,2024-12-31,476.1,476.1,476.1,476.1,0,17900,0
FINNIFTY31DEC2424250PE.NFO,2024-12-02,12:44:00,2024-12-31,476.1,476.1,476.1,476.1,0,17900,0
FINNIFTY31DEC2424250PE.NFO,2024-12-02,12:45:00,2024-12-31,476.1,476.1,476.1,476.1,0,17900,0
FINNIFTY31DEC2424250PE.NFO,2024-12-02,12:46:00,2024-12-31,476.1,495.0,476.1,495.0,200,17950,0
FINNIFTY31DEC2424250PE.NFO,2024-12-02,12:47:00,2024-12-31,495.0,495.0,495.0,495.0,0,17950,0
FINNIFTY31DEC2424250PE.NFO,2024-12-02,12:48:00,2024-12-31,495.0,495.0,495.0,495.0,0,17950,0
FINNIFTY31DEC2424250PE.NFO,2024-12-02,12:49:00,2024-12-31,495.0,495.0,495.0,495.0,0,17950,0
FINNIFTY31DEC2424250PE.NFO,2024-12-02,12:50:00,2024-12-31,495.0,495.0,495.0,495.0,0,17950,0
FINNIFTY31DEC2424250PE.NFO,2024-12-02,12:51:00,2024-12-31,495.0,495.0,495.0,495.0,0,17950,0
FINNIFTY31DEC2424250PE.NFO,2024-12-02,12:52:00,2024-12-31,495.0,495.0,495.0,495.0,0,17950,0
FINNIFTY31DEC2424250PE.NFO,2024-12-02,12:53:00,2024-12-31,495.0,495.0,495.0,495.0,0,17950,0
FINNIFTY31DEC2424250PE.NFO,2024-12-02,12:54:00,2024-12-31,495.0,495.0,495.0,495.0,0,17950,0
FINNIFTY31DEC2424250PE.NFO,2024-12-02,12:55:00,2024-12-31,495.0,495.0,495.0,495.0,0,17950,0
FINNIFTY31DEC2424250PE.NFO,2024-12-02,12:56:00,2024-12-31,495.0,495.0,495.0,495.0,0,17950,0
FINNIFTY31DEC2424250PE.NFO,2024-12-02,12:57:00,2024-12-31,495.0,495.0,495.0,495.0,0,17950,0
FINNIFTY31DEC2424250PE.NFO,2024-12-02,12:58:00,2024-12-31,495.0,495.0,495.0,495.0,0,17950,0
FINNIFTY31DEC2424250PE.NFO,2024-12-02,12:59:00,2024-12-31,495.0,495.0,495.0,495.0,0,17950,0
FINNIFTY31DEC2424250PE.NFO,2024-12-02,13:00:00,2024-12-31,495.0,495.0,489.15,489.15,25,17950,0
FINNIFTY31DEC2424250PE.NFO,2024-12-02,13:01:00,2024-12-31,489.15,489.15,489.15,489.15,0,17950,0
FINNIFTY31DEC2424250PE.NFO,2024-12-02,13:02:00,2024-12-31,489.15,489.15,489.15,489.15,0,17950,0
FINNIFTY31DEC2424250PE.NFO,2024-12-02,13:03:00,2024-12-31,489.15,489.15,489.15,489.15,0,17950,0
FINNIFTY31DEC2424250PE.NFO,2024-12-02,13:04:00,2024-12-31,489.15,489.15,489.15,489.15,0,17950,0
FINNIFTY31DEC2424250PE.NFO,2024-12-02,13:05:00,2024-12-31,489.15,489.15,489.15,489.15,0,17950,0
FINNIFTY31DEC2424250PE.NFO,2024-12-02,13:06:00,2024-12-31,489.15,489.15,489.15,489.15,0,17950,0
FINNIFTY31DEC2424250PE.NFO,2024-12-02,13:07:00,2024-12-31,489.15,489.15,482.3,482.3,25,17950,0
FINNIFTY31DEC2424250PE.NFO,2024-12-02,13:08:00,2024-12-31,482.3,482.3,482.3,482.3,0,17950,0
FINNIFTY31DEC2424250PE.NFO,2024-12-02,13:09:00,2024-12-31,482.3,486.3,482.3,486.3,50,17950,0
FINNIFTY31DEC2424250PE.NFO,2024-12-02,13:10:00,2024-12-31,486.3,486.3,486.3,486.3,0,17950,0
FINNIFTY31DEC2424250PE.NFO,2024-12-02,13:11:00,2024-12-31,486.3,486.3,486.3,486.3,0,17950,0
FINNIFTY31DEC2424250PE.NFO,2024-12-02,13:12:00,2024-12-31,486.3,486.3,486.3,486.3,0,17950,0
FINNIFTY31DEC2424250PE.NFO,2024-12-02,13:13:00,2024-12-31,486.3,486.3,486.3,486.3,0,17950,0
FINNIFTY31DEC2424250PE.NFO,2024-12-02,13:14:00,2024-12-31,486.3,486.3,486.3,486.3,0,17950,0
FINNIFTY31DEC2424250PE.NFO,2024-12-02,13:15:00,2024-12-31,486.3,486.3,486.3,486.3,0,17950,0
FINNIFTY31DEC2424250PE.NFO,2024-12-02,13:16:00,2024-12-31,486.3,486.3,486.3,486.3,0,17950,0
FINNIFTY31DEC2424250PE.NFO,2024-12-02,13:17:00,2024-12-31,486.3,486.3,486.3,486.3,0,17950,0
FINNIFTY31DEC2424250PE.NFO,2024-12-02,13:18:00,2024-12-31,486.3,486.3,486.3,486.3,0,17950,0
FINNIFTY31DEC2424250PE.NFO,2024-12-02,13:19:00,2024-12-31,486.3,491.1,486.3,491.1,25,17950,0
FINNIFTY31DEC2424250PE.NFO,2024-12-02,13:20:00,2024-12-31,491.1,491.1,491.1,491.1,0,17950,0
FINNIFTY31DEC2424250PE.NFO,2024-12-02,13:21:00,2024-12-31,491.1,491.1,491.1,491.1,0,17950,0
FINNIFTY31DEC2424250PE.NFO,2024-12-02,13:22:00,2024-12-31,491.1,491.1,491.1,491.1,0,17950,0
FINNIFTY31DEC2424250PE.NFO,2024-12-02,13:23:00,2024-12-31,491.1,491.1,491.1,491.1,0,17950,0
FINNIFTY31DEC2424250PE.NFO,2024-12-02,13:24:00,2024-12-31,491.1,491.1,491.1,491.1,0,17950,0
FINNIFTY31DEC2424250PE.NFO,2024-12-02,13:25:00,2024-12-31,491.1,491.1,491.1,491.1,0,17950,0
FINNIFTY31DEC2424250PE.NFO,2024-12-02,13:26:00,2024-12-31,491.1,491.1,491.1,491.1,0,17950,0
FINNIFTY31DEC2424250PE.NFO,2024-12-02,13:27:00,2024-12-31,491.1,491.1,491.1,491.1,0,17950,0
FINNIFTY31DEC2424250PE.NFO,2024-12-02,13:28:00,2024-12-31,491.1,495.15,491.1,495.15,125,17975,0
FINNIFTY31DEC2424250PE.NFO,2024-12-02,13:29:00,2024-12-31,495.15,495.15,495.15,495.15,0,17975,0
FINNIFTY31DEC2424250PE.NFO,2024-12-02,13:30:00,2024-12-31,495.15,495.15,495.15,495.15,0,17975,0
FINNIFTY31DEC2424250PE.NFO,2024-12-02,13:31:00,2024-12-31,495.15,495.15,495.15,495.15,0,17975,0
FINNIFTY31DEC2424250PE.NFO,2024-12-02,13:32:00,2024-12-31,495.15,495.15,495.15,495.15,0,17975,0
FINNIFTY31DEC2424250PE.NFO,2024-12-02,13:33:00,2024-12-31,495.15,498.15,493.5,498.15,225,17975,0
FINNIFTY31DEC2424250PE.NFO,2024-12-02,13:34:00,2024-12-31,498.15,498.15,498.15,498.15,0,17975,0
FINNIFTY31DEC2424250PE.NFO,2024-12-02,13:35:00,2024-12-31,498.15,498.15,489.75,489.75,150,17800,0
FINNIFTY31DEC2424250PE.NFO,2024-12-02,13:36:00,2024-12-31,489.75,489.75,489.75,489.75,0,17800,0
FINNIFTY31DEC2424250PE.NFO,2024-12-02,13:37:00,2024-12-31,489.75,489.75,489.75,489.75,0,17800,0
FINNIFTY31DEC2424250PE.NFO,2024-12-02,13:38:00,2024-12-31,489.75,489.75,489.75,489.75,0,17800,0
FINNIFTY31DEC2424250PE.NFO,2024-12-02,13:39:00,2024-12-31,489.75,489.75,489.75,489.75,0,17800,0
FINNIFTY31DEC2424250PE.NFO,2024-12-02,13:40:00,2024-12-31,489.75,492.45,489.75,492.45,300,17800,0
FINNIFTY31DEC2424250PE.NFO,2024-12-02,13:41:00,2024-12-31,492.45,492.45,492.1,492.1,25,17800,0
FINNIFTY31DEC2424250PE.NFO,2024-12-02,13:42:00,2024-12-31,492.1,492.1,492.1,492.1,0,17800,0
FINNIFTY31DEC2424250PE.NFO,2024-12-02,13:43:00,2024-12-31,492.1,492.1,492.1,492.1,0,17800,0
FINNIFTY31DEC2424250PE.NFO,2024-12-02,13:44:00,2024-12-31,492.1,492.1,492.1,492.1,0,17800,0
FINNIFTY31DEC2424250PE.NFO,2024-12-02,13:45:00,2024-12-31,492.1,492.1,492.1,492.1,0,17800,0
FINNIFTY31DEC2424250PE.NFO,2024-12-02,13:46:00,2024-12-31,492.1,492.1,492.1,492.1,0,17800,0
FINNIFTY31DEC2424250PE.NFO,2024-12-02,13:47:00,2024-12-31,492.1,494.25,492.1,494.25,25,17525,0
FINNIFTY31DEC2424250PE.NFO,2024-12-02,13:48:00,2024-12-31,494.25,494.25,494.25,494.25,0,17525,0
FINNIFTY31DEC2424250PE.NFO,2024-12-02,13:49:00,2024-12-31,494.25,494.25,494.25,494.25,0,17525,0
FINNIFTY31DEC2424250PE.NFO,2024-12-02,13:50:00,2024-12-31,494.25,494.25,494.25,494.25,0,17525,0
FINNIFTY31DEC2424250PE.NFO,2024-12-02,13:51:00,2024-12-31,494.25,494.25,494.25,494.25,0,17525,0
FINNIFTY31DEC2424250PE.NFO,2024-12-02,13:52:00,2024-12-31,494.25,494.25,494.25,494.25,0,17525,0
FINNIFTY31DEC2424250PE.NFO,2024-12-02,13:53:00,2024-12-31,494.25,494.25,494.25,494.25,0,17525,0
FINNIFTY31DEC2424250PE.NFO,2024-12-02,13:54:00,2024-12-31,494.25,494.25,494.25,494.25,0,17525,0
FINNIFTY31DEC2424250PE.NFO,2024-12-02,13:55:00,2024-12-31,494.25,494.25,494.25,494.25,0,17525,0
FINNIFTY31DEC2424250PE.NFO,2024-12-02,13:56:00,2024-12-31,494.25,494.25,494.25,494.25,0,17525,0
FINNIFTY31DEC2424250PE.NFO,2024-12-02,13:57:00,2024-12-31,494.25,494.25,494.25,494.25,0,17525,0
FINNIFTY31DEC2424250PE.NFO,2024-12-02,13:58:00,2024-12-31,494.25,494.25,468.65,470.55,425,17525,0
FINNIFTY31DEC2424250PE.NFO,2024-12-02,13:59:00,2024-12-31,470.55,470.55,456.65,458.3,125,17525,0
FINNIFTY31DEC2424250PE.NFO,2024-12-02,14:00:00,2024-12-31,458.3,461.85,457.1,457.1,50,17525,0
FINNIFTY31DEC2424250PE.NFO,2024-12-02,14:01:00,2024-12-31,457.1,457.1,449.45,449.45,25,17950,0
FINNIFTY31DEC2424250PE.NFO,2024-12-02,14:02:00,2024-12-31,449.45,449.45,449.45,449.45,0,17950,0
FINNIFTY31DEC2424250PE.NFO,2024-12-02,14:03:00,2024-12-31,449.45,449.45,449.05,449.05,25,17950,0
FINNIFTY31DEC2424250PE.NFO,2024-12-02,14:04:00,2024-12-31,449.05,452.0,449.05,452.0,100,17975,0
FINNIFTY31DEC2424250PE.NFO,2024-12-02,14:05:00,2024-12-31,452.0,452.0,439.85,440.4,350,17975,0
FINNIFTY31DEC2424250PE.NFO,2024-12-02,14:06:00,2024-12-31,440.4,441.75,440.0,440.0,75,17975,0
FINNIFTY31DEC2424250PE.NFO,2024-12-02,14:07:00,2024-12-31,440.0,446.85,440.0,446.85,200,18175,0
FINNIFTY31DEC2424250PE.NFO,2024-12-02,14:08:00,2024-12-31,446.85,446.85,446.85,446.85,0,18175,0
FINNIFTY31DEC2424250PE.NFO,2024-12-02,14:09:00,2024-12-31,446.85,446.85,446.85,446.85,0,18175,0
FINNIFTY31DEC2424250PE.NFO,2024-12-02,14:10:00,2024-12-31,446.85,446.85,446.85,446.85,0,18175,0
FINNIFTY31DEC2424250PE.NFO,2024-12-02,14:11:00,2024-12-31,446.85,446.85,446.85,446.85,0,18175,0
FINNIFTY31DEC2424250PE.NFO,2024-12-02,14:12:00,2024-12-31,446.85,446.85,446.85,446.85,0,18175,0
FINNIFTY31DEC2424250PE.NFO,2024-12-02,14:13:00,2024-12-31,446.85,446.85,446.85,446.85,0,18175,0
FINNIFTY31DEC2424250PE.NFO,2024-12-02,14:14:00,2024-12-31,446.85,446.85,444.0,444.0,25,18375,0
FINNIFTY31DEC2424250PE.NFO,2024-12-02,14:15:00,2024-12-31,444.0,444.0,444.0,444.0,0,18375,0
FINNIFTY31DEC2424250PE.NFO,2024-12-02,14:16:00,2024-12-31,444.0,444.0,444.0,444.0,0,18375,0
FINNIFTY31DEC2424250PE.NFO,2024-12-02,14:17:00,2024-12-31,444.0,444.0,436.7,437.9,325,18375,0
FINNIFTY31DEC2424250PE.NFO,2024-12-02,14:18:00,2024-12-31,437.9,437.9,429.2,430.05,700,18375,0
FINNIFTY31DEC2424250PE.NFO,2024-12-02,14:19:00,2024-12-31,430.05,432.1,429.6,432.1,550,18600,0
FINNIFTY31DEC2424250PE.NFO,2024-12-02,14:20:00,2024-12-31,432.1,437.25,431.0,437.25,650,18600,0
FINNIFTY31DEC2424250PE.NFO,2024-12-02,14:21:00,2024-12-31,437.25,437.25,427.65,427.65,250,18600,0
FINNIFTY31DEC2424250PE.NFO,2024-12-02,14:22:00,2024-12-31,427.65,431.75,427.65,431.75,50,18250,0
FINNIFTY31DEC2424250PE.NFO,2024-12-02,14:23:00,2024-12-31,431.75,433.8,431.75,432.2,50,18250,0
FINNIFTY31DEC2424250PE.NFO,2024-12-02,14:24:00,2024-12-31,432.2,436.6,432.2,433.95,75,18250,0
FINNIFTY31DEC2424250PE.NFO,2024-12-02,14:25:00,2024-12-31,433.95,433.95,425.25,425.25,225,18275,0
FINNIFTY31DEC2424250PE.NFO,2024-12-02,14:26:00,2024-12-31,425.25,435.45,425.25,435.45,400,18275,0
FINNIFTY31DEC2424250PE.NFO,2024-12-02,14:27:00,2024-12-31,435.45,435.45,435.45,435.45,0,18275,0
FINNIFTY31DEC2424250PE.NFO,2024-12-02,14:28:00,2024-12-31,435.45,435.45,435.45,435.45,0,18275,0
FINNIFTY31DEC2424250PE.NFO,2024-12-02,14:29:00,2024-12-31,435.45,435.45,435.45,435.45,0,18275,0
FINNIFTY31DEC2424250PE.NFO,2024-12-02,14:30:00,2024-12-31,435.45,435.45,430.85,430.85,25,18550,0
FINNIFTY31DEC2424250PE.NFO,2024-12-02,14:31:00,2024-12-31,430.85,430.85,430.85,430.85,50,18575,0
FINNIFTY31DEC2424250PE.NFO,2024-12-02,14:32:00,2024-12-31,430.85,430.85,427.05,427.05,100,18575,0
FINNIFTY31DEC2424250PE.NFO,2024-12-02,14:33:00,2024-12-31,427.05,427.05,411.0,412.45,475,18575,0
FINNIFTY31DEC2424250PE.NFO,2024-12-02,14:34:00,2024-12-31,412.45,417.25,412.45,415.0,200,18600,0
FINNIFTY31DEC2424250PE.NFO,2024-12-02,14:35:00,2024-12-31,415.0,418.95,412.9,415.2,1125,18600,0
FINNIFTY31DEC2424250PE.NFO,2024-12-02,14:36:00,2024-12-31,415.2,418.95,415.2,418.95,50,18600,0
FINNIFTY31DEC2424250PE.NFO,2024-12-02,14:37:00,2024-12-31,418.95,418.95,418.95,418.95,0,18600,0
FINNIFTY31DEC2424250PE.NFO,2024-12-02,14:38:00,2024-12-31,418.95,418.95,416.4,418.0,125,19925,0
FINNIFTY31DEC2424250PE.NFO,2024-12-02,14:39:00,2024-12-31,418.0,418.0,418.0,418.0,0,19925,0
FINNIFTY31DEC2424250PE.NFO,2024-12-02,14:40:00,2024-12-31,418.0,419.0,418.0,419.0,100,19925,0
FINNIFTY31DEC2424250PE.NFO,2024-12-02,14:41:00,2024-12-31,419.0,419.0,419.0,419.0,0,19925,0
FINNIFTY31DEC2424250PE.NFO,2024-12-02,14:42:00,2024-12-31,419.0,419.0,419.0,419.0,0,19925,0
FINNIFTY31DEC2424250PE.NFO,2024-12-02,14:43:00,2024-12-31,419.0,419.0,411.6,413.7,325,19975,0
FINNIFTY31DEC2424250PE.NFO,2024-12-02,14:44:00,2024-12-31,413.7,413.7,410.5,410.5,50,19975,0
FINNIFTY31DEC2424250PE.NFO,2024-12-02,14:45:00,2024-12-31,410.5,411.95,410.5,411.95,25,19975,0
FINNIFTY31DEC2424250PE.NFO,2024-12-02,14:46:00,2024-12-31,411.95,411.95,411.65,411.65,200,20050,0
FINNIFTY31DEC2424250PE.NFO,2024-12-02,14:47:00,2024-12-31,411.65,414.0,411.65,414.0,25,20050,0
FINNIFTY31DEC2424250PE.NFO,2024-12-02,14:48:00,2024-12-31,414.0,419.7,414.0,419.4,200,20050,0
FINNIFTY31DEC2424250PE.NFO,2024-12-02,14:49:00,2024-12-31,419.4,419.4,417.6,418.2,300,19925,0
FINNIFTY31DEC2424250PE.NFO,2024-12-02,14:50:00,2024-12-31,418.2,418.2,418.2,418.2,0,19925,0
FINNIFTY31DEC2424250PE.NFO,2024-12-02,14:51:00,2024-12-31,418.2,426.95,418.2,426.95,25,19925,0
FINNIFTY31DEC2424250PE.NFO,2024-12-02,14:52:00,2024-12-31,426.95,426.95,424.2,424.2,450,19900,0
FINNIFTY31DEC2424250PE.NFO,2024-12-02,14:53:00,2024-12-31,424.2,427.9,422.6,427.9,150,19900,0
FINNIFTY31DEC2424250PE.NFO,2024-12-02,14:54:00,2024-12-31,427.9,430.75,427.9,429.95,125,19900,0
FINNIFTY31DEC2424250PE.NFO,2024-12-02,14:55:00,2024-12-31,429.95,431.2,429.6,430.95,175,19875,0
FINNIFTY31DEC2424250PE.NFO,2024-12-02,14:56:00,2024-12-31,430.95,431.1,430.95,431.1,125,19875,0
FINNIFTY31DEC2424250PE.NFO,2024-12-02,14:57:00,2024-12-31,431.1,431.1,427.5,427.5,25,19875,0
FINNIFTY31DEC2424250PE.NFO,2024-12-02,14:58:00,2024-12-31,427.5,427.5,427.5,427.5,0,19875,0
FINNIFTY31DEC2424250PE.NFO,2024-12-02,14:59:00,2024-12-31,427.5,427.5,422.35,422.35,700,19875,0
FINNIFTY31DEC2424250PE.NFO,2024-12-02,15:00:00,2024-12-31,422.35,422.35,417.8,417.8,200,19875,0
FINNIFTY31DEC2424250PE.NFO,2024-12-02,15:01:00,2024-12-31,420.4,420.4,411.25,412.85,425,19450,0
FINNIFTY31DEC2424250PE.NFO,2024-12-02,15:02:00,2024-12-31,412.85,415.95,412.05,413.25,1800,19450,0
FINNIFTY31DEC2424250PE.NFO,2024-12-02,15:03:00,2024-12-31,413.25,413.25,410.95,411.25,1400,19450,0
FINNIFTY31DEC2424250PE.NFO,2024-12-02,15:04:00,2024-12-31,411.25,417.85,410.25,417.45,3950,20275,0
FINNIFTY31DEC2424250PE.NFO,2024-12-02,15:05:00,2024-12-31,417.45,421.6,417.45,421.2,550,20275,0
FINNIFTY31DEC2424250PE.NFO,2024-12-02,15:06:00,2024-12-31,421.2,421.2,416.95,417.95,200,20275,0
FINNIFTY31DEC2424250PE.NFO,2024-12-02,15:07:00,2024-12-31,417.95,421.05,417.95,421.05,125,20275,0
FINNIFTY31DEC2424250PE.NFO,2024-12-02,15:08:00,2024-12-31,421.05,421.05,411.8,411.8,50,20200,0
FINNIFTY31DEC2424250PE.NFO,2024-12-02,15:09:00,2024-12-31,411.8,411.8,411.8,411.8,0,20200,0
FINNIFTY31DEC2424250PE.NFO,2024-12-02,15:10:00,2024-12-31,411.8,411.8,409.8,409.8,125,20150,0
FINNIFTY31DEC2424250PE.NFO,2024-12-02,15:11:00,2024-12-31,409.8,410.7,407.05,410.7,525,20150,0
FINNIFTY31DEC2424250PE.NFO,2024-12-02,15:12:00,2024-12-31,410.7,410.7,410.7,410.7,0,20150,0
FINNIFTY31DEC2424250PE.NFO,2024-12-02,15:13:00,2024-12-31,410.7,410.7,410.7,410.7,0,20150,0
FINNIFTY31DEC2424250PE.NFO,2024-12-02,15:14:00,2024-12-31,410.7,412.0,410.7,412.0,100,19975,0
FINNIFTY31DEC2424250PE.NFO,2024-12-02,15:15:00,2024-12-31,414.1,416.65,411.9,415.45,775,19975,0
FINNIFTY31DEC2424250PE.NFO,2024-12-02,15:16:00,2024-12-31,415.45,417.1,415.0,417.1,150,19975,0
FINNIFTY31DEC2424250PE.NFO,2024-12-02,15:17:00,2024-12-31,417.1,421.45,417.1,417.1,1425,19900,0
FINNIFTY31DEC2424250PE.NFO,2024-12-02,15:18:00,2024-12-31,417.1,426.8,417.1,426.8,600,19900,0
FINNIFTY31DEC2424250PE.NFO,2024-12-02,15:19:00,2024-12-31,426.8,428.45,422.85,428.45,50,20500,0
FINNIFTY31DEC2424250PE.NFO,2024-12-02,15:20:00,2024-12-31,425.9,431.15,425.9,431.15,725,20500,0
FINNIFTY31DEC2424250PE.NFO,2024-12-02,15:21:00,2024-12-31,431.15,436.35,431.15,436.35,300,20500,0
FINNIFTY31DEC2424250PE.NFO,2024-12-02,15:22:00,2024-12-31,436.35,436.35,436.35,436.35,0,20500,0
FINNIFTY31DEC2424250PE.NFO,2024-12-02,15:23:00,2024-12-31,427.7,428.35,427.7,428.35,25,20325,0
FINNIFTY31DEC2424250PE.NFO,2024-12-02,15:24:00,2024-12-31,428.35,428.35,427.45,427.55,200,20325,0
FINNIFTY31DEC2424250PE.NFO,2024-12-02,15:25:00,2024-12-31,427.55,431.2,427.0,427.0,950,19600,0
FINNIFTY31DEC2424250PE.NFO,2024-12-02,15:26:00,2024-12-31,427.0,431.7,427.0,429.8,325,19600,0
FINNIFTY31DEC2424250PE.NFO,2024-12-02,15:27:00,2024-12-31,429.8,429.85,428.95,428.95,125,19600,0
FINNIFTY31DEC2424250PE.NFO,2024-12-02,15:28:00,2024-12-31,428.95,434.8,427.65,427.65,1650,19000,0
FINNIFTY31DEC2424250PE.NFO,2024-12-02,15:29:00,2024-12-31,427.65,428.9,427.65,428.9,25,19000,0
FINNIFTY31DEC2424250PE.NFO,2024-12-02,15:30:00,2024-12-31,428.9,428.9,428.9,428.9,25,19000,1
FINNIFTY31DEC2424250PE.NFO,2024-12-03,09:15:00,2024-12-31,419.2,419.2,381.0,381.0,425,18475,0
FINNIFTY31DEC2424250PE.NFO,2024-12-03,09:16:00,2024-12-31,381.0,381.65,373.0,380.3,1950,18475,0
FINNIFTY31DEC2424250PE.NFO,2024-12-03,09:17:00,2024-12-31,380.3,383.35,375.0,375.0,3725,18475,0
FINNIFTY31DEC2424250PE.NFO,2024-12-03,09:18:00,2024-12-31,375.0,379.3,375.0,379.3,2450,22450,0
FINNIFTY31DEC2424250PE.NFO,2024-12-03,09:19:00,2024-12-31,379.3,381.4,374.6,378.2,1675,22450,0
FINNIFTY31DEC2424250PE.NFO,2024-12-03,09:20:00,2024-12-31,378.2,384.85,375.65,381.2,2275,22450,0
FINNIFTY31DEC2424250PE.NFO,2024-12-03,09:21:00,2024-12-31,381.2,387.3,381.2,385.25,1925,22475,0
FINNIFTY31DEC2424250PE.NFO,2024-12-03,09:22:00,2024-12-31,386.95,393.7,385.1,393.7,1825,22475,0
FINNIFTY31DEC2424250PE.NFO,2024-12-03,09:23:00,2024-12-31,393.7,393.7,384.15,388.2,1200,22475,0
FINNIFTY31DEC2424250PE.NFO,2024-12-03,09:24:00,2024-12-31,388.2,391.65,384.6,384.6,1050,22650,0
FINNIFTY31DEC2424250PE.NFO,2024-12-03,09:25:00,2024-12-31,384.6,388.35,380.0,380.55,1675,22650,0
FINNIFTY31DEC2424250PE.NFO,2024-12-03,09:26:00,2024-12-31,380.5,386.4,377.95,385.55,1250,22650,0
FINNIFTY31DEC2424250PE.NFO,2024-12-03,09:27:00,2024-12-31,385.55,390.75,385.55,389.25,1375,23350,0
FINNIFTY31DEC2424250PE.NFO,2024-12-03,09:28:00,2024-12-31,389.25,393.25,387.0,393.25,2325,23350,0
FINNIFTY31DEC2424250PE.NFO,2024-12-03,09:29:00,2024-12-31,393.25,393.25,380.1,381.6,2775,23350,0
FINNIFTY31DEC2424250PE.NFO,2024-12-03,09:30:00,2024-12-31,381.6,381.6,369.9,374.75,2625,23025,0
FINNIFTY31DEC2424250PE.NFO,2024-12-03,09:31:00,2024-12-31,374.75,379.6,371.85,378.9,3075,23025,0
FINNIFTY31DEC2424250PE.NFO,2024-12-03,09:32:00,2024-12-31,378.9,383.8,378.45,382.3,1825,23025,0
FINNIFTY31DEC2424250PE.NFO,2024-12-03,09:33:00,2024-12-31,382.3,383.2,374.0,374.2,1575,23775,0
FINNIFTY31DEC2424250PE.NFO,2024-12-03,09:34:00,2024-12-31,374.2,374.2,370.1,372.0,1850,23775,0
FINNIFTY31DEC2424250PE.NFO,2024-12-03,09:35:00,2024-12-31,372.0,373.7,369.0,372.9,5100,23775,0
FINNIFTY31DEC2424250PE.NFO,2024-12-03,09:36:00,2024-12-31,372.9,375.0,368.85,372.0,3550,24675,0
FINNIFTY31DEC2424250PE.NFO,2024-12-03,09:37:00,2024-12-31,372.0,375.0,370.7,375.0,2225,24675,0
FINNIFTY31DEC2424250PE.NFO,2024-12-03,09:38:00,2024-12-31,375.0,377.05,375.0,375.35,700,24675,0
FINNIFTY31DEC2424250PE.NFO,2024-12-03,09:39:00,2024-12-31,375.35,375.35,371.0,371.0,2725,25225,0
FINNIFTY31DEC2424250PE.NFO,2024-12-03,09:40:00,2024-12-31,371.0,373.5,367.5,371.05,3175,25225,0
FINNIFTY31DEC2424250PE.NFO,2024-12-03,09:41:00,2024-12-31,371.05,376.35,369.0,375.0,2175,25225,0
FINNIFTY31DEC2424250PE.NFO,2024-12-03,09:42:00,2024-12-31,375.0,376.8,373.05,373.05,4650,24650,0
FINNIFTY31DEC2424250PE.NFO,2024-12-03,09:43:00,2024-12-31,373.05,373.9,368.7,373.9,4100,24650,0
FINNIFTY31DEC2424250PE.NFO,2024-12-03,09:44:00,2024-12-31,373.9,374.15,370.0,373.8,775,24650,0
FINNIFTY31DEC2424250PE.NFO,2024-12-03,09:45:00,2024-12-31,373.8,379.65,372.05,377.45,3575,25450,0
FINNIFTY31DEC2424250PE.NFO,2024-12-03,09:46:00,2024-12-31,377.45,380.0,375.65,376.15,2950,25450,0
FINNIFTY31DEC2424250PE.NFO,2024-12-03,09:47:00,2024-12-31,376.15,377.0,370.5,370.5,2050,25450,0
FINNIFTY31DEC2424250PE.NFO,2024-12-03,09:48:00,2024-12-31,370.5,371.45,367.95,371.0,2550,26525,0
FINNIFTY31DEC2424250PE.NFO,2024-12-03,09:49:00,2024-12-31,371.0,371.0,366.15,366.9,1025,26525,0
FINNIFTY31DEC2424250PE.NFO,2024-12-03,09:50:00,2024-12-31,366.9,372.65,366.9,369.7,1150,26525,0
FINNIFTY31DEC2424250PE.NFO,2024-12-03,09:51:00,2024-12-31,369.7,370.0,360.65,361.2,1925,26300,0
FINNIFTY31DEC2424250PE.NFO,2024-12-03,09:52:00,2024-12-31,361.2,361.2,353.55,358.1,2850,26300,0
FINNIFTY31DEC2424250PE.NFO,2024-12-03,09:53:00,2024-12-31,358.1,365.4,358.0,363.8,1950,26300,0
FINNIFTY31DEC2424250PE.NFO,2024-12-03,09:54:00,2024-12-31,363.8,365.65,362.4,363.8,575,26850,0
FINNIFTY31DEC2424250PE.NFO,2024-12-03,09:55:00,2024-12-31,363.8,364.85,360.85,364.15,1000,26850,0
FINNIFTY31DEC2424250PE.NFO,2024-12-03,09:56:00,2024-12-31,364.15,365.9,362.05,364.85,2050,26850,0
FINNIFTY31DEC2424250PE.NFO,2024-12-03,09:57:00,2024-12-31,364.85,365.2,363.75,363.75,250,27375,0
FINNIFTY31DEC2424250PE.NFO,2024-12-03,09:58:00,2024-12-31,363.75,370.4,363.75,366.55,4000,27375,0
FINNIFTY31DEC2424250PE.NFO,2024-12-03,09:59:00,2024-12-31,366.55,366.55,360.3,360.3,1575,27375,0
FINNIFTY31DEC2424250PE.NFO,2024-12-03,10:00:00,2024-12-31,360.3,362.1,357.8,361.75,2900,27025,0
FINNIFTY31DEC2424250PE.NFO,2024-12-03,10:01:00,2024-12-31,361.75,363.5,359.4,363.5,1000,27025,0
FINNIFTY31DEC2424250PE.NFO,2024-12-03,10:02:00,2024-12-31,363.5,364.4,359.95,364.4,1225,27025,0
FINNIFTY31DEC2424250PE.NFO,2024-12-03,10:03:00,2024-12-31,362.5,366.6,362.5,365.75,1175,27600,0
FINNIFTY31DEC2424250PE.NFO,2024-12-03,10:04:00,2024-12-31,365.75,371.1,365.5,370.5,4525,27600,0
FINNIFTY31DEC2424250PE.NFO,2024-12-03,10:05:00,2024-12-31,370.5,372.6,368.75,369.0,2850,27600,0
FINNIFTY31DEC2424250PE.NFO,2024-12-03,10:06:00,2024-12-31,369.0,376.1,369.0,372.75,2875,26975,0
FINNIFTY31DEC2424250PE.NFO,2024-12-03,10:07:00,2024-12-31,372.75,372.9,367.3,369.15,2000,26975,0
FINNIFTY31DEC2424250PE.NFO,2024-12-03,10:08:00,2024-12-31,369.15,370.2,366.3,369.55,1375,26975,0
FINNIFTY31DEC2424250PE.NFO,2024-12-03,10:09:00,2024-12-31,369.55,371.2,368.7,369.0,1200,27025,0
FINNIFTY31DEC2424250PE.NFO,2024-12-03,10:10:00,2024-12-31,369.0,369.65,367.2,367.3,1500,27025,0
FINNIFTY31DEC2424250PE.NFO,2024-12-03,10:11:00,2024-12-31,367.3,367.3,359.05,360.9,2125,27025,0
FINNIFTY31DEC2424250PE.NFO,2024-12-03,10:12:00,2024-12-31,360.9,364.65,360.75,364.65,350,28000,0
FINNIFTY31DEC2424250PE.NFO,2024-12-03,10:13:00,2024-12-31,364.65,365.0,360.25,361.35,950,28000,0
FINNIFTY31DEC2424250PE.NFO,2024-12-03,10:14:00,2024-12-31,361.35,367.05,361.35,365.3,1200,28000,0
FINNIFTY31DEC2424250PE.NFO,2024-12-03,10:15:00,2024-12-31,365.3,365.9,360.95,365.8,575,28925,0
FINNIFTY31DEC2424250PE.NFO,2024-12-03,10:16:00,2024-12-31,365.8,365.8,357.45,360.0,3075,28925,0
FINNIFTY31DEC2424250PE.NFO,2024-12-03,10:17:00,2024-12-31,360.0,363.75,359.55,363.75,575,28925,0
FINNIFTY31DEC2424250PE.NFO,2024-12-03,10:18:00,2024-12-31,363.75,363.75,350.7,350.7,5450,29475,0
FINNIFTY31DEC2424250PE.NFO,2024-12-03,10:19:00,2024-12-31,350.7,352.0,347.05,350.4,2625,29475,0
FINNIFTY31DEC2424250PE.NFO,2024-12-03,10:20:00,2024-12-31,350.4,350.7,342.8,345.0,7475,29475,0
FINNIFTY31DEC2424250PE.NFO,2024-12-03,10:21:00,2024-12-31,345.0,350.55,344.0,350.1,4600,30575,0
FINNIFTY31DEC2424250PE.NFO,2024-12-03,10:22:00,2024-12-31,349.45,350.25,344.95,346.85,2100,30575,0
FINNIFTY31DEC2424250PE.NFO,2024-12-03,10:23:00,2024-12-31,346.85,352.0,346.65,349.3,1700,30575,0
FINNIFTY31DEC2424250PE.NFO,2024-12-03,10:24:00,2024-12-31,349.3,355.95,349.3,355.95,1875,31250,0
FINNIFTY31DEC2424250PE.NFO,2024-12-03,10:25:00,2024-12-31,355.95,356.15,347.65,347.65,1725,31250,0
FINNIFTY31DEC2424250PE.NFO,2024-12-03,10:26:00,2024-12-31,347.65,354.3,347.65,353.15,950,31250,0
FINNIFTY31DEC2424250PE.NFO,2024-12-03,10:27:00,2024-12-31,353.15,353.4,349.9,351.9,1150,31650,0
FINNIFTY31DEC2424250PE.NFO,2024-12-03,10:28:00,2024-12-31,351.9,351.9,346.8,347.6,975,31650,0
FINNIFTY31DEC2424250PE.NFO,2024-12-03,10:29:00,2024-12-31,347.6,347.6,338.9,340.95,3375,31650,0
FINNIFTY31DEC2424250PE.NFO,2024-12-03,10:30:00,2024-12-31,340.95,341.25,338.7,340.2,1625,31350,0
FINNIFTY31DEC2424250PE.NFO,2024-12-03,10:31:00,2024-12-31,340.2,346.8,340.2,344.4,950,31350,0
FINNIFTY31DEC2424250PE.NFO,2024-12-03,10:32:00,2024-12-31,344.4,344.9,340.2,341.15,1425,31350,0
FINNIFTY31DEC2424250PE.NFO,2024-12-03,10:33:00,2024-12-31,341.15,347.55,340.25,347.45,725,31800,0
FINNIFTY31DEC2424250PE.NFO,2024-12-03,10:34:00,2024-12-31,347.45,349.4,344.6,349.35,425,31800,0
FINNIFTY31DEC2424250PE.NFO,2024-12-03,10:35:00,2024-12-31,349.35,349.35,346.6,347.8,1050,31800,0
FINNIFTY31DEC2424250PE.NFO,2024-12-03,10:36:00,2024-12-31,347.8,347.8,342.95,346.4,725,32025,0
FINNIFTY31DEC2424250PE.NFO,2024-12-03,10:37:00,2024-12-31,346.4,346.4,343.35,343.35,225,32025,0
FINNIFTY31DEC2424250PE.NFO,2024-12-03,10:38:00,2024-12-31,343.35,345.8,342.65,345.6,875,32025,0
FINNIFTY31DEC2424250PE.NFO,2024-12-03,10:39:00,2024-12-31,345.6,347.5,345.6,346.9,575,32325,0
FINNIFTY31DEC2424250PE.NFO,2024-12-03,10:40:00,2024-12-31,346.9,346.9,338.15,339.5,2950,32325,0
FINNIFTY31DEC2424250PE.NFO,2024-12-03,10:41:00,2024-12-31,339.5,340.35,337.2,338.3,600,32325,0
FINNIFTY31DEC2424250PE.NFO,2024-12-03,10:42:00,2024-12-31,338.3,343.5,338.3,340.75,675,32225,0
FINNIFTY31DEC2424250PE.NFO,2024-12-03,10:43:00,2024-12-31,340.75,341.65,340.0,340.5,400,32225,0
FINNIFTY31DEC2424250PE.NFO,2024-12-03,10:44:00,2024-12-31,340.5,343.65,340.4,341.8,425,32225,0
FINNIFTY31DEC2424250PE.NFO,2024-12-03,10:45:00,2024-12-31,341.8,341.8,335.0,335.0,2475,32525,0
FINNIFTY31DEC2424250PE.NFO,2024-12-03,10:46:00,2024-12-31,335.0,337.85,334.25,336.05,575,32525,0
FINNIFTY31DEC2424250PE.NFO,2024-12-03,10:47:00,2024-12-31,336.05,343.5,336.05,342.7,1325,32525,0
FINNIFTY31DEC2424250PE.NFO,2024-12-03,10:48:00,2024-12-31,342.7,344.35,340.15,340.95,1000,32825,0
FINNIFTY31DEC2424250PE.NFO,2024-12-03,10:49:00,2024-12-31,340.95,343.8,340.95,343.35,675,32825,0
FINNIFTY31DEC2424250PE.NFO,2024-12-03,10:50:00,2024-12-31,343.35,343.5,342.0,342.0,300,32825,0
FINNIFTY31DEC2424250PE.NFO,2024-12-03,10:51:00,2024-12-31,342.0,347.8,341.45,345.7,1600,32600,0
FINNIFTY31DEC2424250PE.NFO,2024-12-03,10:52:00,2024-12-31,345.7,349.3,344.3,347.35,1375,32600,0
FINNIFTY31DEC2424250PE.NFO,2024-12-03,10:53:00,2024-12-31,346.3,350.0,346.3,347.5,2925,32600,0
FINNIFTY31DEC2424250PE.NFO,2024-12-03,10:54:00,2024-12-31,347.5,348.75,343.35,343.35,1175,32750,0
FINNIFTY31DEC2424250PE.NFO,2024-12-03,10:55:00,2024-12-31,343.35,346.9,343.35,345.8,950,32750,0
FINNIFTY31DEC2424250PE.NFO,2024-12-03,10:56:00,2024-12-31,345.8,345.8,343.1,344.35,1775,32750,0
FINNIFTY31DEC2424250PE.NFO,2024-12-03,10:57:00,2024-12-31,343.35,344.85,342.0,342.05,625,33500,0
FINNIFTY31DEC2424250PE.NFO,2024-12-03,10:58:00,2024-12-31,342.05,344.8,340.5,344.8,1325,33500,0
FINNIFTY31DEC2424250PE.NFO,2024-12-03,10:59:00,2024-12-31,344.8,346.1,340.45,340.45,1425,33500,0
FINNIFTY31DEC2424250PE.NFO,2024-12-03,11:00:00,2024-12-31,340.45,340.45,335.9,337.35,4250,33800,0
FINNIFTY31DEC2424250PE.NFO,2024-12-03,11:01:00,2024-12-31,337.35,337.9,333.4,337.4,1875,33800,0
FINNIFTY31DEC2424250PE.NFO,2024-12-03,11:02:00,2024-12-31,337.4,337.9,335.55,336.15,425,33800,0
FINNIFTY31DEC2424250PE.NFO,2024-12-03,11:03:00,2024-12-31,336.15,342.0,335.95,340.95,750,33800,0
FINNIFTY31DEC2424250PE.NFO,2024-12-03,11:04:00,2024-12-31,340.95,340.95,335.0,337.0,900,33275,0
FINNIFTY31DEC2424250PE.NFO,2024-12-03,11:05:00,2024-12-31,337.0,337.0,334.4,334.8,650,33275,0
FINNIFTY31DEC2424250PE.NFO,2024-12-03,11:06:00,2024-12-31,334.8,336.3,333.35,336.2,975,33275,0
FINNIFTY31DEC2424250PE.NFO,2024-12-03,11:07:00,2024-12-31,336.2,338.95,332.25,332.25,1900,33700,0
FINNIFTY31DEC2424250PE.NFO,2024-12-03,11:08:00,2024-12-31,332.25,333.2,330.35,331.85,1125,33700,0
FINNIFTY31DEC2424250PE.NFO,2024-12-03,11:09:00,2024-12-31,331.85,335.0,331.15,334.5,525,34650,0
FINNIFTY31DEC2424250PE.NFO,2024-12-03,11:10:00,2024-12-31,334.5,338.5,334.5,338.0,650,34650,0
FINNIFTY31DEC2424250PE.NFO,2024-12-03,11:11:00,2024-12-31,338.0,339.4,337.0,337.75,1075,34650,0
FINNIFTY31DEC2424250PE.NFO,2024-12-03,11:12:00,2024-12-31,337.75,337.75,333.6,336.15,750,34950,0
FINNIFTY31DEC2424250PE.NFO,2024-12-03,11:13:00,2024-12-31,336.15,338.05,335.25,338.05,275,34950,0
FINNIFTY31DEC2424250PE.NFO,2024-12-03,11:14:00,2024-12-31,338.05,338.45,334.95,334.95,350,34950,0
FINNIFTY31DEC2424250PE.NFO,2024-12-03,11:15:00,2024-12-31,334.95,334.95,331.1,333.1,950,35725,0
FINNIFTY31DEC2424250PE.NFO,2024-12-03,11:16:00,2024-12-31,333.1,333.1,327.7,330.8,1800,35725,0
FINNIFTY31DEC2424250PE.NFO,2024-12-03,11:17:00,2024-12-31,330.8,330.8,324.2,327.25,1150,35725,0
FINNIFTY31DEC2424250PE.NFO,2024-12-03,11:18:00,2024-12-31,327.25,328.55,325.9,328.55,400,35125,0
FINNIFTY31DEC2424250PE.NFO,2024-12-03,11:19:00,2024-12-31,328.55,329.05,325.55,325.55,525,35125,0
FINNIFTY31DEC2424250PE.NFO,2024-12-03,11:20:00,2024-12-31,325.55,327.7,325.5,325.5,125,35125,0
FINNIFTY31DEC2424250PE.NFO,2024-12-03,11:21:00,2024-12-31,325.5,329.6,325.5,327.45,425,35125,0
FINNIFTY31DEC2424250PE.NFO,2024-12-03,11:22:00,2024-12-31,327.45,327.45,323.5,324.3,825,35275,0
FINNIFTY31DEC2424250PE.NFO,2024-12-03,11:23:00,2024-12-31,324.3,324.3,321.15,322.85,675,35275,0
FINNIFTY31DEC2424250PE.NFO,2024-12-03,11:24:00,2024-12-31,322.85,325.1,322.85,324.9,325,35275,0
FINNIFTY31DEC2424250PE.NFO,2024-12-03,11:25:00,2024-12-31,324.9,329.7,324.9,329.7,125,35075,0
FINNIFTY31DEC2424250PE.NFO,2024-12-03,11:26:00,2024-12-31,329.7,330.0,327.7,330.0,175,35075,0
FINNIFTY31DEC2424250PE.NFO,2024-12-03,11:27:00,2024-12-31,330.0,333.3,329.55,333.15,625,34850,0
FINNIFTY31DEC2424250PE.NFO,2024-12-03,11:28:00,2024-12-31,333.15,333.15,332.0,332.0,175,34850,0
FINNIFTY31DEC2424250PE.NFO,2024-12-03,11:29:00,2024-12-31,332.0,333.05,329.9,331.3,875,34850,0
FINNIFTY31DEC2424250PE.NFO,2024-12-03,11:30:00,2024-12-31,331.3,331.3,327.55,327.55,1175,35500,0
FINNIFTY31DEC2424250PE.NFO,2024-12-03,11:31:00,2024-12-31,327.55,327.55,325.0,326.0,475,35500,0
FINNIFTY31DEC2424250PE.NFO,2024-12-03,11:32:00,2024-12-31,326.0,329.15,326.0,329.0,125,35500,0
FINNIFTY31DEC2424250PE.NFO,2024-12-03,11:33:00,2024-12-31,329.0,329.0,329.0,329.0,0,35500,0
FINNIFTY31DEC2424250PE.NFO,2024-12-03,11:34:00,2024-12-31,329.0,329.0,329.0,329.0,0,35500,0
FINNIFTY31DEC2424250PE.NFO,2024-12-03,11:35:00,2024-12-31,329.0,332.8,329.0,331.95,125,35200,0
FINNIFTY31DEC2424250PE.NFO,2024-12-03,11:36:00,2024-12-31,331.95,335.1,331.65,334.85,1200,35175,0
FINNIFTY31DEC2424250PE.NFO,2024-12-03,11:37:00,2024-12-31,334.85,338.05,333.35,337.2,2825,35175,0
FINNIFTY31DEC2424250PE.NFO,2024-12-03,11:38:00,2024-12-31,337.2,340.3,335.0,340.0,3425,35175,0
FINNIFTY31DEC2424250PE.NFO,2024-12-03,11:39:00,2024-12-31,340.0,341.95,337.75,339.65,2100,35025,0
FINNIFTY31DEC2424250PE.NFO,2024-12-03,11:40:00,2024-12-31,339.65,342.05,339.05,341.7,1000,35025,0
FINNIFTY31DEC2424250PE.NFO,2024-12-03,11:41:00,2024-12-31,341.7,341.7,339.7,340.45,1475,35025,0
FINNIFTY31DEC2424250PE.NFO,2024-12-03,11:42:00,2024-12-31,340.45,342.0,339.7,341.35,1025,34850,0
FINNIFTY31DEC2424250PE.NFO,2024-12-03,11:43:00,2024-12-31,341.35,341.55,339.95,340.55,1025,34850,0
FINNIFTY31DEC2424250PE.NFO,2024-12-03,11:44:00,2024-12-31,340.55,341.1,335.65,339.65,2675,34850,0
FINNIFTY31DEC2424250PE.NFO,2024-12-03,11:45:00,2024-12-31,339.65,339.85,336.75,336.75,600,35100,0
FINNIFTY31DEC2424250PE.NFO,2024-12-03,11:46:00,2024-12-31,336.75,336.75,332.85,334.45,1375,35100,0
FINNIFTY31DEC2424250PE.NFO,2024-12-03,11:47:00,2024-12-31,334.45,340.65,334.45,339.75,400,35100,0
FINNIFTY31DEC2424250PE.NFO,2024-12-03,11:48:00,2024-12-31,339.75,340.0,338.15,338.25,175,35100,0
FINNIFTY31DEC2424250PE.NFO,2024-12-03,11:49:00,2024-12-31,338.25,343.85,338.25,343.05,1850,34950,0
FINNIFTY31DEC2424250PE.NFO,2024-12-03,11:50:00,2024-12-31,343.05,343.45,341.4,342.85,525,34950,0
FINNIFTY31DEC2424250PE.NFO,2024-12-03,11:51:00,2024-12-31,342.85,347.85,342.85,345.65,4575,35825,0
FINNIFTY31DEC2424250PE.NFO,2024-12-03,11:52:00,2024-12-31,345.65,347.0,341.5,343.05,2225,35825,0
FINNIFTY31DEC2424250PE.NFO,2024-12-03,11:53:00,2024-12-31,343.05,346.45,341.45,346.45,400,35825,0
FINNIFTY31DEC2424250PE.NFO,2024-12-03,11:54:00,2024-12-31,346.45,349.45,345.9,348.75,3425,35325,0
FINNIFTY31DEC2424250PE.NFO,2024-12-03,11:55:00,2024-12-31,348.75,348.9,346.0,348.0,1800,35325,0
FINNIFTY31DEC2424250PE.NFO,2024-12-03,11:56:00,2024-12-31,348.0,348.0,344.55,345.9,1150,35325,0
FINNIFTY31DEC2424250PE.NFO,2024-12-03,11:57:00,2024-12-31,345.9,345.9,338.9,338.9,1875,35475,0
FINNIFTY31DEC2424250PE.NFO,2024-12-03,11:58:00,2024-12-31,338.9,338.9,336.7,337.45,1775,35475,0
FINNIFTY31DEC2424250PE.NFO,2024-12-03,11:59:00,2024-12-31,337.45,340.55,337.45,340.55,775,35475,0
FINNIFTY31DEC2424250PE.NFO,2024-12-03,12:00:00,2024-12-31,340.55,340.95,334.6,336.8,1700,35700,0
FINNIFTY31DEC2424250PE.NFO,2024-12-03,12:01:00,2024-12-31,336.8,339.55,336.8,339.55,400,35700,0
FINNIFTY31DEC2424250PE.NFO,2024-12-03,12:02:00,2024-12-31,339.55,343.0,339.55,343.0,1700,35700,0
FINNIFTY31DEC2424250PE.NFO,2024-12-03,12:03:00,2024-12-31,343.0,343.35,341.0,341.1,1100,35425,0
FINNIFTY31DEC2424250PE.NFO,2024-12-03,12:04:00,2024-12-31,341.1,342.3,340.35,342.0,225,35425,0
FINNIFTY31DEC2424250PE.NFO,2024-12-03,12:05:00,2024-12-31,342.0,345.0,341.8,345.0,1150,35425,0
FINNIFTY31DEC2424250PE.NFO,2024-12-03,12:06:00,2024-12-31,345.0,347.35,342.0,342.0,700,35425,0
FINNIFTY31DEC2424250PE.NFO,2024-12-03,12:07:00,2024-12-31,342.0,346.8,342.0,345.55,1875,35725,0
FINNIFTY31DEC2424250PE.NFO,2024-12-03,12:08:00,2024-12-31,345.55,350.1,345.55,348.25,1275,35725,0
FINNIFTY31DEC2424250PE.NFO,2024-12-03,12:09:00,2024-12-31,348.25,348.3,346.5,347.0,475,35725,0
FINNIFTY31DEC2424250PE.NFO,2024-12-03,12:10:00,2024-12-31,347.0,350.9,346.6,350.0,2075,36225,0
FINNIFTY31DEC2424250PE.NFO,2024-12-03,12:11:00,2024-12-31,350.0,352.45,349.9,350.5,1900,36225,0
FINNIFTY31DEC2424250PE.NFO,2024-12-03,12:12:00,2024-12-31,350.5,352.4,349.15,350.9,1675,36225,0
FINNIFTY31DEC2424250PE.NFO,2024-12-03,12:13:00,2024-12-31,350.9,350.9,345.9,346.35,2375,35800,0
FINNIFTY31DEC2424250PE.NFO,2024-12-03,12:14:00,2024-12-31,345.0,345.0,341.25,344.95,950,35800,0
FINNIFTY31DEC2424250PE.NFO,2024-12-03,12:15:00,2024-12-31,344.95,345.15,340.75,341.4,825,37050,0
FINNIFTY31DEC2424250PE.NFO,2024-12-03,12:16:00,2024-12-31,341.4,345.4,340.9,344.65,1650,37050,0
FINNIFTY31DEC2424250PE.NFO,2024-12-03,12:17:00,2024-12-31,344.65,344.95,343.45,344.95,550,37050,0
FINNIFTY31DEC2424250PE.NFO,2024-12-03,12:18:00,2024-12-31,344.95,349.5,344.2,348.75,2025,37050,0
FINNIFTY31DEC2424250PE.NFO,2024-12-03,12:19:00,2024-12-31,348.75,351.8,346.5,351.0,1900,37050,0
FINNIFTY31DEC2424250PE.NFO,2024-12-03,12:20:00,2024-12-31,351.0,353.75,350.65,351.9,3850,37050,0
FINNIFTY31DEC2424250PE.NFO,2024-12-03,12:21:00,2024-12-31,351.1,355.0,350.6,353.65,2150,37050,0
FINNIFTY31DEC2424250PE.NFO,2024-12-03,12:22:00,2024-12-31,353.65,358.75,352.8,354.15,4125,37300,0
FINNIFTY31DEC2424250PE.NFO,2024-12-03,12:23:00,2024-12-31,354.15,354.7,349.2,350.75,3250,37300,0
FINNIFTY31DEC2424250PE.NFO,2024-12-03,12:24:00,2024-12-31,350.75,355.3,350.15,355.3,1475,37300,0
FINNIFTY31DEC2424250PE.NFO,2024-12-03,12:25:00,2024-12-31,355.3,359.6,353.85,353.85,2825,37400,0
FINNIFTY31DEC2424250PE.NFO,2024-12-03,12:26:00,2024-12-31,353.85,355.65,350.0,350.0,1800,37400,0
FINNIFTY31DEC2424250PE.NFO,2024-12-03,12:27:00,2024-12-31,350.0,351.3,347.75,348.85,1375,37400,0
FINNIFTY31DEC2424250PE.NFO,2024-12-03,12:28:00,2024-12-31,348.85,348.85,345.3,345.35,1450,37300,0
FINNIFTY31DEC2424250PE.NFO,2024-12-03,12:29:00,2024-12-31,345.35,349.1,344.05,346.75,1350,37300,0
FINNIFTY31DEC2424250PE.NFO,2024-12-03,12:30:00,2024-12-31,346.0,346.35,344.0,344.0,1000,38600,0
FINNIFTY31DEC2424250PE.NFO,2024-12-03,12:31:00,2024-12-31,344.0,344.45,342.45,342.75,575,38600,0
FINNIFTY31DEC2424250PE.NFO,2024-12-03,12:32:00,2024-12-31,342.75,342.85,338.2,342.85,2000,38600,0
FINNIFTY31DEC2424250PE.NFO,2024-12-03,12:33:00,2024-12-31,342.85,346.45,342.85,344.7,1400,38600,0
FINNIFTY31DEC2424250PE.NFO,2024-12-03,12:34:00,2024-12-31,344.7,346.75,343.85,343.85,1100,38750,0
FINNIFTY31DEC2424250PE.NFO,2024-12-03,12:35:00,2024-12-31,343.85,343.85,340.55,341.0,1125,38750,0
FINNIFTY31DEC2424250PE.NFO,2024-12-03,12:36:00,2024-12-31,341.0,342.0,339.35,339.35,375,38750,0
FINNIFTY31DEC2424250PE.NFO,2024-12-03,12:37:00,2024-12-31,339.35,340.95,335.4,337.2,1950,38475,0
FINNIFTY31DEC2424250PE.NFO,2024-12-03,12:38:00,2024-12-31,337.2,339.55,336.9,338.35,1575,38475,0
FINNIFTY31DEC2424250PE.NFO,2024-12-03,12:39:00,2024-12-31,338.35,339.0,335.8,338.6,675,38475,0
FINNIFTY31DEC2424250PE.NFO,2024-12-03,12:40:00,2024-12-31,338.6,338.6,333.3,333.3,975,38350,0
FINNIFTY31DEC2424250PE.NFO,2024-12-03,12:41:00,2024-12-31,333.9,335.7,333.2,335.35,2025,38350,0
FINNIFTY31DEC2424250PE.NFO,2024-12-03,12:42:00,2024-12-31,335.35,339.75,335.35,337.85,575,38350,0
FINNIFTY31DEC2424250PE.NFO,2024-12-03,12:43:00,2024-12-31,337.85,340.0,334.0,334.0,1525,38050,0
FINNIFTY31DEC2424250PE.NFO,2024-12-03,12:44:00,2024-12-31,333.5,333.5,328.95,330.2,2850,38050,0
FINNIFTY31DEC2424250PE.NFO,2024-12-03,12:45:00,2024-12-31,330.2,332.95,330.2,332.45,450,38050,0
FINNIFTY31DEC2424250PE.NFO,2024-12-03,12:46:00,2024-12-31,332.45,337.0,332.45,336.9,1175,39450,0
FINNIFTY31DEC2424250PE.NFO,2024-12-03,12:47:00,2024-12-31,336.9,337.95,335.0,337.5,1225,39450,0
FINNIFTY31DEC2424250PE.NFO,2024-12-03,12:48:00,2024-12-31,337.5,338.2,336.0,338.2,175,39450,0
FINNIFTY31DEC2424250PE.NFO,2024-12-03,12:49:00,2024-12-31,338.2,341.0,338.2,339.25,2500,40250,0
FINNIFTY31DEC2424250PE.NFO,2024-12-03,12:50:00,2024-12-31,339.25,339.25,336.2,337.05,350,40250,0
FINNIFTY31DEC2424250PE.NFO,2024-12-03,12:51:00,2024-12-31,337.05,339.75,337.05,339.1,325,40250,0
FINNIFTY31DEC2424250PE.NFO,2024-12-03,12:52:00,2024-12-31,339.1,340.35,337.4,338.25,875,38250,0
FINNIFTY31DEC2424250PE.NFO,2024-12-03,12:53:00,2024-12-31,338.25,338.25,333.5,333.5,825,38250,0
FINNIFTY31DEC2424250PE.NFO,2024-12-03,12:54:00,2024-12-31,333.5,335.3,331.75,332.6,900,38250,0
FINNIFTY31DEC2424250PE.NFO,2024-12-03,12:55:00,2024-12-31,332.6,334.05,330.65,332.8,550,38025,0
FINNIFTY31DEC2424250PE.NFO,2024-12-03,12:56:00,2024-12-31,332.8,336.95,332.8,335.85,375,38025,0
FINNIFTY31DEC2424250PE.NFO,2024-12-03,12:57:00,2024-12-31,335.85,335.85,334.0,334.0,200,38025,0
FINNIFTY31DEC2424250PE.NFO,2024-12-03,12:58:00,2024-12-31,334.0,338.2,334.0,337.5,750,38125,0
FINNIFTY31DEC2424250PE.NFO,2024-12-03,12:59:00,2024-12-31,337.5,337.5,336.35,337.4,225,38125,0
FINNIFTY31DEC2424250PE.NFO,2024-12-03,13:00:00,2024-12-31,337.4,339.15,336.5,337.55,1025,38125,0
FINNIFTY31DEC2424250PE.NFO,2024-12-03,13:01:00,2024-12-31,339.15,340.5,338.25,340.4,775,38200,0
FINNIFTY31DEC2424250PE.NFO,2024-12-03,13:02:00,2024-12-31,340.4,340.9,338.25,338.5,900,38200,0
FINNIFTY31DEC2424250PE.NFO,2024-12-03,13:03:00,2024-12-31,338.5,340.0,338.5,338.95,625,38200,0
FINNIFTY31DEC2424250PE.NFO,2024-12-03,13:04:00,2024-12-31,338.95,339.5,338.55,338.55,175,38075,0
FINNIFTY31DEC2424250PE.NFO,2024-12-03,13:05:00,2024-12-31,338.55,338.55,334.0,334.95,400,38075,0
FINNIFTY31DEC2424250PE.NFO,2024-12-03,13:06:00,2024-12-31,334.95,335.9,332.1,332.1,575,38075,0
FINNIFTY31DEC2424250PE.NFO,2024-12-03,13:07:00,2024-12-31,332.1,334.8,332.1,334.0,75,38350,0
FINNIFTY31DEC2424250PE.NFO,2024-12-03,13:08:00,2024-12-31,334.0,336.1,333.65,334.9,225,38350,0
FINNIFTY31DEC2424250PE.NFO,2024-12-03,13:09:00,2024-12-31,334.9,336.3,334.9,336.3,50,38350,0
FINNIFTY31DEC2424250PE.NFO,2024-12-03,13:10:00,2024-12-31,336.3,338.15,336.3,336.4,200,38350,0
FINNIFTY31DEC2424250PE.NFO,2024-12-03,13:11:00,2024-12-31,336.4,339.65,336.4,339.65,275,38350,0
FINNIFTY31DEC2424250PE.NFO,2024-12-03,13:12:00,2024-12-31,339.65,340.0,337.95,338.35,350,38350,0
FINNIFTY31DEC2424250PE.NFO,2024-12-03,13:13:00,2024-12-31,338.35,339.65,338.15,339.1,300,38350,0
FINNIFTY31DEC2424250PE.NFO,2024-12-03,13:14:00,2024-12-31,339.1,339.95,338.1,339.95,300,38350,0
FINNIFTY31DEC2424250PE.NFO,2024-12-03,13:15:00,2024-12-31,339.95,341.5,339.4,340.55,600,38350,0
FINNIFTY31DEC2424250PE.NFO,2024-12-03,13:16:00,2024-12-31,340.55,344.7,340.55,342.3,1775,38200,0
FINNIFTY31DEC2424250PE.NFO,2024-12-03,13:17:00,2024-12-31,342.3,343.5,340.0,342.6,1350,38200,0
FINNIFTY31DEC2424250PE.NFO,2024-12-03,13:18:00,2024-12-31,342.6,343.2,340.2,343.2,500,38200,0
FINNIFTY31DEC2424250PE.NFO,2024-12-03,13:19:00,2024-12-31,343.2,343.2,335.45,338.6,1600,38275,0
FINNIFTY31DEC2424250PE.NFO,2024-12-03,13:20:00,2024-12-31,338.6,339.05,336.85,338.4,300,38275,0
FINNIFTY31DEC2424250PE.NFO,2024-12-03,13:21:00,2024-12-31,338.4,338.8,336.0,337.75,275,38275,0
FINNIFTY31DEC2424250PE.NFO,2024-12-03,13:22:00,2024-12-31,337.75,338.9,336.0,338.9,275,38075,0
FINNIFTY31DEC2424250PE.NFO,2024-12-03,13:23:00,2024-12-31,338.9,340.0,337.5,338.35,425,38075,0
FINNIFTY31DEC2424250PE.NFO,2024-12-03,13:24:00,2024-12-31,338.35,340.4,337.8,338.5,125,38075,0
FINNIFTY31DEC2424250PE.NFO,2024-12-03,13:25:00,2024-12-31,338.5,340.15,337.8,337.8,450,38175,0
FINNIFTY31DEC2424250PE.NFO,2024-12-03,13:26:00,2024-12-31,337.8,337.8,331.75,333.2,1450,38175,0
FINNIFTY31DEC2424250PE.NFO,2024-12-03,13:27:00,2024-12-31,333.2,334.6,333.2,334.6,75,38175,0
FINNIFTY31DEC2424250PE.NFO,2024-12-03,13:28:00,2024-12-31,334.6,335.55,334.3,334.3,275,38225,0
FINNIFTY31DEC2424250PE.NFO,2024-12-03,13:29:00,2024-12-31,334.3,338.05,334.3,338.05,275,38225,0
FINNIFTY31DEC2424250PE.NFO,2024-12-03,13:30:00,2024-12-31,338.05,340.05,333.85,334.8,525,38225,0
FINNIFTY31DEC2424250PE.NFO,2024-12-03,13:31:00,2024-12-31,334.8,334.8,331.25,332.75,350,38275,0
FINNIFTY31DEC2424250PE.NFO,2024-12-03,13:32:00,2024-12-31,332.75,332.75,327.5,329.4,2100,38275,0
FINNIFTY31DEC2424250PE.NFO,2024-12-03,13:33:00,2024-12-31,329.4,329.4,325.0,327.9,1700,38275,0
FINNIFTY31DEC2424250PE.NFO,2024-12-03,13:34:00,2024-12-31,327.9,329.2,326.4,329.2,525,38750,0
FINNIFTY31DEC2424250PE.NFO,2024-12-03,13:35:00,2024-12-31,329.2,331.4,326.9,331.4,325,38750,0
FINNIFTY31DEC2424250PE.NFO,2024-12-03,13:36:00,2024-12-31,331.4,335.0,330.75,330.75,925,38750,0
FINNIFTY31DEC2424250PE.NFO,2024-12-03,13:37:00,2024-12-31,330.75,332.4,330.0,330.9,575,38550,0
FINNIFTY31DEC2424250PE.NFO,2024-12-03,13:38:00,2024-12-31,330.9,332.9,330.9,332.9,375,38550,0
FINNIFTY31DEC2424250PE.NFO,2024-12-03,13:39:00,2024-12-31,332.9,332.9,330.0,331.2,200,38550,0
FINNIFTY31DEC2424250PE.NFO,2024-12-03,13:40:00,2024-12-31,331.2,332.9,330.75,330.95,125,38600,0
FINNIFTY31DEC2424250PE.NFO,2024-12-03,13:41:00,2024-12-31,330.95,331.0,326.8,331.0,900,38600,0
FINNIFTY31DEC2424250PE.NFO,2024-12-03,13:42:00,2024-12-31,331.0,331.25,329.1,331.25,625,38600,0
FINNIFTY31DEC2424250PE.NFO,2024-12-03,13:43:00,2024-12-31,331.25,333.0,330.05,332.25,500,38025,0
FINNIFTY31DEC2424250PE.NFO,2024-12-03,13:44:00,2024-12-31,332.25,336.35,332.25,335.25,1275,38025,0
FINNIFTY31DEC2424250PE.NFO,2024-12-03,13:45:00,2024-12-31,335.25,337.15,333.0,335.0,1000,38025,0
FINNIFTY31DEC2424250PE.NFO,2024-12-03,13:46:00,2024-12-31,335.0,335.0,331.35,331.35,75,38250,0
FINNIFTY31DEC2424250PE.NFO,2024-12-03,13:47:00,2024-12-31,331.35,334.7,330.05,330.05,1050,38250,0
FINNIFTY31DEC2424250PE.NFO,2024-12-03,13:48:00,2024-12-31,330.05,330.05,326.5,327.1,350,38250,0
FINNIFTY31DEC2424250PE.NFO,2024-12-03,13:49:00,2024-12-31,327.1,327.1,325.4,325.4,475,38300,0
FINNIFTY31DEC2424250PE.NFO,2024-12-03,13:50:00,2024-12-31,325.4,328.15,324.7,324.7,650,38300,0
FINNIFTY31DEC2424250PE.NFO,2024-12-03,13:51:00,2024-12-31,324.7,326.55,324.7,326.55,100,38300,0
FINNIFTY31DEC2424250PE.NFO,2024-12-03,13:52:00,2024-12-31,326.55,327.0,324.55,327.0,600,38475,0
FINNIFTY31DEC2424250PE.NFO,2024-12-03,13:53:00,2024-12-31,327.0,327.0,324.95,325.05,75,38475,0
FINNIFTY31DEC2424250PE.NFO,2024-12-03,13:54:00,2024-12-31,325.05,327.3,324.0,324.0,650,38475,0
FINNIFTY31DEC2424250PE.NFO,2024-12-03,13:55:00,2024-12-31,324.0,324.0,319.3,321.55,2550,38275,0
FINNIFTY31DEC2424250PE.NFO,2024-12-03,13:56:00,2024-12-31,321.55,323.05,321.55,321.85,375,38275,0
FINNIFTY31DEC2424250PE.NFO,2024-12-03,13:57:00,2024-12-31,321.85,323.1,321.3,322.85,1100,38275,0
FINNIFTY31DEC2424250PE.NFO,2024-12-03,13:58:00,2024-12-31,322.85,322.85,321.55,321.55,25,38400,0
FINNIFTY31DEC2424250PE.NFO,2024-12-03,13:59:00,2024-12-31,321.55,324.4,319.3,324.4,1000,38400,0
FINNIFTY31DEC2424250PE.NFO,2024-12-03,14:00:00,2024-12-31,324.4,324.4,318.0,319.0,750,38400,0
FINNIFTY31DEC2424250PE.NFO,2024-12-03,14:01:00,2024-12-31,319.0,319.0,319.0,319.0,75,38400,0
FINNIFTY31DEC2424250PE.NFO,2024-12-03,14:02:00,2024-12-31,319.0,319.0,315.0,315.9,2075,38400,0
FINNIFTY31DEC2424250PE.NFO,2024-12-03,14:03:00,2024-12-31,315.9,317.0,314.4,315.9,1375,38400,0
FINNIFTY31DEC2424250PE.NFO,2024-12-03,14:04:00,2024-12-31,315.9,317.45,315.9,317.2,425,38225,0
FINNIFTY31DEC2424250PE.NFO,2024-12-03,14:05:00,2024-12-31,317.2,319.65,317.2,319.65,325,38225,0
FINNIFTY31DEC2424250PE.NFO,2024-12-03,14:06:00,2024-12-31,319.65,324.9,319.65,323.3,575,38225,0
FINNIFTY31DEC2424250PE.NFO,2024-12-03,14:07:00,2024-12-31,323.3,323.3,321.6,323.3,350,38400,0
FINNIFTY31DEC2424250PE.NFO,2024-12-03,14:08:00,2024-12-31,323.3,323.3,320.0,320.3,800,38400,0
FINNIFTY31DEC2424250PE.NFO,2024-12-03,14:09:00,2024-12-31,320.3,320.3,319.5,319.5,150,38400,0
FINNIFTY31DEC2424250PE.NFO,2024-12-03,14:10:00,2024-12-31,319.5,319.5,315.05,315.9,1100,38700,0
FINNIFTY31DEC2424250PE.NFO,2024-12-03,14:11:00,2024-12-31,315.9,319.1,315.9,317.6,200,38700,0
FINNIFTY31DEC2424250PE.NFO,2024-12-03,14:12:00,2024-12-31,317.6,319.9,317.6,318.4,300,38700,0
FINNIFTY31DEC2424250PE.NFO,2024-12-03,14:13:00,2024-12-31,318.4,320.35,318.4,319.65,200,38450,0
FINNIFTY31DEC2424250PE.NFO,2024-12-03,14:14:00,2024-12-31,319.65,322.0,319.65,321.7,575,38450,0
FINNIFTY31DEC2424250PE.NFO,2024-12-03,14:15:00,2024-12-31,321.7,321.7,318.85,318.85,150,38450,0
FINNIFTY31DEC2424250PE.NFO,2024-12-03,14:16:00,2024-12-31,318.85,319.65,318.4,318.4,125,38100,0
FINNIFTY31DEC2424250PE.NFO,2024-12-03,14:17:00,2024-12-31,318.4,318.4,314.3,316.05,1975,38100,0
FINNIFTY31DEC2424250PE.NFO,2024-12-03,14:18:00,2024-12-31,316.05,316.25,314.7,316.0,175,38100,0
FINNIFTY31DEC2424250PE.NFO,2024-12-03,14:19:00,2024-12-31,316.0,317.85,315.25,315.75,100,37750,0
FINNIFTY31DEC2424250PE.NFO,2024-12-03,14:20:00,2024-12-31,315.75,315.75,315.0,315.0,75,37750,0
FINNIFTY31DEC2424250PE.NFO,2024-12-03,14:21:00,2024-12-31,315.0,315.0,308.7,309.0,1325,37750,0
FINNIFTY31DEC2424250PE.NFO,2024-12-03,14:22:00,2024-12-31,309.0,314.35,309.0,314.35,150,38075,0
FINNIFTY31DEC2424250PE.NFO,2024-12-03,14:23:00,2024-12-31,314.35,314.9,312.8,314.3,525,38075,0
FINNIFTY31DEC2424250PE.NFO,2024-12-03,14:24:00,2024-12-31,314.3,315.85,314.3,314.4,750,38075,0
FINNIFTY31DEC2424250PE.NFO,2024-12-03,14:25:00,2024-12-31,314.4,317.25,314.4,316.0,300,37925,0
FINNIFTY31DEC2424250PE.NFO,2024-12-03,14:26:00,2024-12-31,316.0,316.0,315.0,315.0,300,37925,0
FINNIFTY31DEC2424250PE.NFO,2024-12-03,14:27:00,2024-12-31,315.0,315.0,314.15,314.85,25,37925,0
FINNIFTY31DEC2424250PE.NFO,2024-12-03,14:28:00,2024-12-31,314.85,314.85,314.3,314.3,25,38000,0
FINNIFTY31DEC2424250PE.NFO,2024-12-03,14:29:00,2024-12-31,314.3,314.4,314.0,314.0,250,38000,0
FINNIFTY31DEC2424250PE.NFO,2024-12-03,14:30:00,2024-12-31,314.0,314.95,313.35,313.75,600,38000,0
FINNIFTY31DEC2424250PE.NFO,2024-12-03,14:31:00,2024-12-31,313.75,316.85,313.75,315.45,250,38175,0
FINNIFTY31DEC2424250PE.NFO,2024-12-03,14:32:00,2024-12-31,315.45,317.0,312.8,317.0,925,38175,0
FINNIFTY31DEC2424250PE.NFO,2024-12-03,14:33:00,2024-12-31,317.0,317.0,314.6,314.6,175,38175,0
FINNIFTY31DEC2424250PE.NFO,2024-12-03,14:34:00,2024-12-31,314.6,321.85,314.6,320.5,2700,38425,0
FINNIFTY31DEC2424250PE.NFO,2024-12-03,14:35:00,2024-12-31,320.5,324.2,320.5,321.5,975,38425,0
FINNIFTY31DEC2424250PE.NFO,2024-12-03,14:36:00,2024-12-31,321.5,326.55,321.25,326.55,800,38425,0
FINNIFTY31DEC2424250PE.NFO,2024-12-03,14:37:00,2024-12-31,326.55,326.55,323.2,325.6,325,38600,0
FINNIFTY31DEC2424250PE.NFO,2024-12-03,14:38:00,2024-12-31,325.6,325.6,323.8,325.0,400,38600,0
FINNIFTY31DEC2424250PE.NFO,2024-12-03,14:39:00,2024-12-31,325.0,325.25,325.0,325.25,100,38600,0
FINNIFTY31DEC2424250PE.NFO,2024-12-03,14:40:00,2024-12-31,325.25,325.25,318.65,318.65,700,38800,0
FINNIFTY31DEC2424250PE.NFO,2024-12-03,14:41:00,2024-12-31,318.65,321.3,316.85,320.35,475,38800,0
FINNIFTY31DEC2424250PE.NFO,2024-12-03,14:42:00,2024-12-31,320.35,323.1,319.85,323.1,375,38800,0
FINNIFTY31DEC2424250PE.NFO,2024-12-03,14:43:00,2024-12-31,323.1,324.95,323.0,324.6,300,38600,0
FINNIFTY31DEC2424250PE.NFO,2024-12-03,14:44:00,2024-12-31,324.6,324.6,323.7,323.7,275,38600,0
FINNIFTY31DEC2424250PE.NFO,2024-12-03,14:45:00,2024-12-31,323.7,323.7,322.85,323.1,300,38600,0
FINNIFTY31DEC2424250PE.NFO,2024-12-03,14:46:00,2024-12-31,323.1,323.1,323.1,323.1,0,38600,0
FINNIFTY31DEC2424250PE.NFO,2024-12-03,14:47:00,2024-12-31,323.1,325.8,323.1,324.7,200,38150,0
FINNIFTY31DEC2424250PE.NFO,2024-12-03,14:48:00,2024-12-31,324.7,327.25,324.0,324.35,300,38150,0
FINNIFTY31DEC2424250PE.NFO,2024-12-03,14:49:00,2024-12-31,324.35,324.35,324.0,324.0,100,38150,0
FINNIFTY31DEC2424250PE.NFO,2024-12-03,14:50:00,2024-12-31,324.0,326.65,324.0,326.65,200,38100,0
FINNIFTY31DEC2424250PE.NFO,2024-12-03,14:51:00,2024-12-31,326.65,326.65,322.1,322.1,350,38100,0
FINNIFTY31DEC2424250PE.NFO,2024-12-03,14:52:00,2024-12-31,322.1,324.4,319.65,322.25,550,37625,0
FINNIFTY31DEC2424250PE.NFO,2024-12-03,14:53:00,2024-12-31,322.25,324.7,322.25,324.7,75,37625,0
FINNIFTY31DEC2424250PE.NFO,2024-12-03,14:54:00,2024-12-31,324.7,327.75,324.7,325.9,550,37625,0
FINNIFTY31DEC2424250PE.NFO,2024-12-03,14:55:00,2024-12-31,325.9,328.5,325.9,328.5,225,37625,0
FINNIFTY31DEC2424250PE.NFO,2024-12-03,14:56:00,2024-12-31,328.5,330.0,328.2,328.7,200,37625,0
FINNIFTY31DEC2424250PE.NFO,2024-12-03,14:57:00,2024-12-31,328.7,330.15,328.7,329.0,50,37625,0
FINNIFTY31DEC2424250PE.NFO,2024-12-03,14:58:00,2024-12-31,329.0,330.95,329.0,329.75,925,37575,0
FINNIFTY31DEC2424250PE.NFO,2024-12-03,14:59:00,2024-12-31,329.75,329.75,328.8,329.0,50,37575,0
FINNIFTY31DEC2424250PE.NFO,2024-12-03,15:00:00,2024-12-31,329.0,330.5,327.9,330.5,800,37575,0
FINNIFTY31DEC2424250PE.NFO,2024-12-03,15:01:00,2024-12-31,330.5,331.65,328.65,328.65,525,37125,0
FINNIFTY31DEC2424250PE.NFO,2024-12-03,15:02:00,2024-12-31,328.8,328.85,326.15,328.85,675,37125,0
FINNIFTY31DEC2424250PE.NFO,2024-12-03,15:03:00,2024-12-31,327.8,330.1,327.8,329.65,425,37125,0
FINNIFTY31DEC2424250PE.NFO,2024-12-03,15:04:00,2024-12-31,329.65,333.2,329.45,331.7,375,36775,0
FINNIFTY31DEC2424250PE.NFO,2024-12-03,15:05:00,2024-12-31,333.1,335.65,333.1,334.65,300,36775,0
FINNIFTY31DEC2424250PE.NFO,2024-12-03,15:06:00,2024-12-31,334.65,338.4,333.65,337.75,1500,36775,0
FINNIFTY31DEC2424250PE.NFO,2024-12-03,15:07:00,2024-12-31,337.75,339.85,336.3,339.0,1950,37450,0
FINNIFTY31DEC2424250PE.NFO,2024-12-03,15:08:00,2024-12-31,339.0,339.0,335.2,337.55,2300,37450,0
FINNIFTY31DEC2424250PE.NFO,2024-12-03,15:09:00,2024-12-31,337.55,340.0,337.0,338.8,1625,37450,0
FINNIFTY31DEC2424250PE.NFO,2024-12-03,15:10:00,2024-12-31,338.8,340.6,337.15,340.2,1650,35575,0
FINNIFTY31DEC2424250PE.NFO,2024-12-03,15:11:00,2024-12-31,340.2,341.2,335.0,335.0,2975,35575,0
FINNIFTY31DEC2424250PE.NFO,2024-12-03,15:12:00,2024-12-31,335.0,337.05,331.8,332.35,1175,35575,0
FINNIFTY31DEC2424250PE.NFO,2024-12-03,15:13:00,2024-12-31,332.35,334.7,332.05,334.7,300,34000,0
FINNIFTY31DEC2424250PE.NFO,2024-12-03,15:14:00,2024-12-31,334.7,337.6,334.7,336.95,1400,34000,0
FINNIFTY31DEC2424250PE.NFO,2024-12-03,15:15:00,2024-12-31,336.95,342.8,335.95,342.8,4925,34000,0
FINNIFTY31DEC2424250PE.NFO,2024-12-03,15:16:00,2024-12-31,342.8,342.8,335.8,336.9,2225,32475,0
FINNIFTY31DEC2424250PE.NFO,2024-12-03,15:17:00,2024-12-31,336.9,336.9,334.7,335.35,450,32475,0
FINNIFTY31DEC2424250PE.NFO,2024-12-03,15:18:00,2024-12-31,335.35,335.35,330.75,332.25,1300,32475,0
FINNIFTY31DEC2424250PE.NFO,2024-12-03,15:19:00,2024-12-31,332.25,336.55,332.25,336.55,1650,31500,0
FINNIFTY31DEC2424250PE.NFO,2024-12-03,15:20:00,2024-12-31,336.5,341.1,336.5,339.05,1775,31500,0
FINNIFTY31DEC2424250PE.NFO,2024-12-03,15:21:00,2024-12-31,339.05,339.8,337.4,338.55,475,31500,0
FINNIFTY31DEC2424250PE.NFO,2024-12-03,15:22:00,2024-12-31,338.55,339.15,335.1,335.55,1525,29975,0
FINNIFTY31DEC2424250PE.NFO,2024-12-03,15:23:00,2024-12-31,335.55,337.6,334.55,337.6,650,29975,0
FINNIFTY31DEC2424250PE.NFO,2024-12-03,15:24:00,2024-12-31,337.6,338.3,336.1,338.3,1350,29975,0
FINNIFTY31DEC2424250PE.NFO,2024-12-03,15:25:00,2024-12-31,339.0,339.75,336.75,337.45,625,28325,0
FINNIFTY31DEC2424250PE.NFO,2024-12-03,15:26:00,2024-12-31,337.45,338.7,336.45,337.8,650,28325,0
FINNIFTY31DEC2424250PE.NFO,2024-12-03,15:27:00,2024-12-31,337.8,341.0,337.8,339.05,1125,28325,0
FINNIFTY31DEC2424250PE.NFO,2024-12-03,15:28:00,2024-12-31,339.05,342.0,339.05,341.15,1500,26225,0
FINNIFTY31DEC2424250PE.NFO,2024-12-03,15:29:00,2024-12-31,341.15,341.35,334.85,334.95,2000,26225,0
FINNIFTY31DEC2424250PE.NFO,2024-12-03,15:30:00,2024-12-31,334.95,334.95,334.95,334.95,2000,26225,1
FINNIFTY31DEC2424250PE.NFO,2024-12-04,09:15:00,2024-12-31,327.0,333.45,312.6,333.45,1700,24600,0
FINNIFTY31DEC2424250PE.NFO,2024-12-04,09:16:00,2024-12-31,333.45,333.45,319.0,320.0,2300,24600,0
FINNIFTY31DEC2424250PE.NFO,2024-12-04,09:17:00,2024-12-31,320.0,323.65,320.0,321.85,3300,24600,0
FINNIFTY31DEC2424250PE.NFO,2024-12-04,09:18:00,2024-12-31,321.85,324.9,321.85,324.0,825,26800,0
FINNIFTY31DEC2424250PE.NFO,2024-12-04,09:19:00,2024-12-31,324.0,328.85,324.0,326.5,175,26800,0
FINNIFTY31DEC2424250PE.NFO,2024-12-04,09:20:00,2024-12-31,326.5,336.5,326.5,335.85,2150,26800,0
FINNIFTY31DEC2424250PE.NFO,2024-12-04,09:21:00,2024-12-31,335.85,336.55,329.85,329.85,1700,26450,0
FINNIFTY31DEC2424250PE.NFO,2024-12-04,09:22:00,2024-12-31,329.85,331.0,323.15,323.15,625,26450,0
FINNIFTY31DEC2424250PE.NFO,2024-12-04,09:23:00,2024-12-31,323.15,325.15,323.15,323.6,125,26450,0
FINNIFTY31DEC2424250PE.NFO,2024-12-04,09:24:00,2024-12-31,323.6,326.55,323.6,326.55,200,26450,0
FINNIFTY31DEC2424250PE.NFO,2024-12-04,09:25:00,2024-12-31,326.55,329.85,326.55,329.15,100,26775,0
FINNIFTY31DEC2424250PE.NFO,2024-12-04,09:26:00,2024-12-31,329.15,329.15,322.5,323.1,525,26775,0
FINNIFTY31DEC2424250PE.NFO,2024-12-04,09:27:00,2024-12-31,323.1,324.2,319.65,321.05,325,26950,0
FINNIFTY31DEC2424250PE.NFO,2024-12-04,09:28:00,2024-12-31,321.05,322.45,316.5,316.5,125,26950,0
FINNIFTY31DEC2424250PE.NFO,2024-12-04,09:29:00,2024-12-31,316.5,318.8,316.1,316.1,575,26950,0
FINNIFTY31DEC2424250PE.NFO,2024-12-04,09:30:00,2024-12-31,316.1,319.2,316.1,318.0,250,27075,0
FINNIFTY31DEC2424250PE.NFO,2024-12-04,09:31:00,2024-12-31,318.0,318.0,310.55,311.2,1225,27075,0
FINNIFTY31DEC2424250PE.NFO,2024-12-04,09:32:00,2024-12-31,311.2,311.9,310.5,310.7,225,27075,0
FINNIFTY31DEC2424250PE.NFO,2024-12-04,09:33:00,2024-12-31,310.7,312.4,309.0,309.0,200,26950,0
FINNIFTY31DEC2424250PE.NFO,2024-12-04,09:34:00,2024-12-31,309.0,309.0,301.1,301.25,1750,26950,0
FINNIFTY31DEC2424250PE.NFO,2024-12-04,09:35:00,2024-12-31,301.25,303.6,299.65,303.6,750,26950,0
FINNIFTY31DEC2424250PE.NFO,2024-12-04,09:36:00,2024-12-31,303.6,303.6,299.85,302.0,175,27300,0
FINNIFTY31DEC2424250PE.NFO,2024-12-04,09:37:00,2024-12-31,302.0,302.0,294.7,294.7,725,27300,0
FINNIFTY31DEC2424250PE.NFO,2024-12-04,09:38:00,2024-12-31,294.7,297.0,293.9,297.0,250,27300,0
FINNIFTY31DEC2424250PE.NFO,2024-12-04,09:39:00,2024-12-31,297.0,299.65,297.0,299.65,75,27300,0
FINNIFTY31DEC2424250PE.NFO,2024-12-04,09:40:00,2024-12-31,299.65,300.0,297.5,300.0,225,26925,0
FINNIFTY31DEC2424250PE.NFO,2024-12-04,09:41:00,2024-12-31,300.0,300.0,295.15,296.1,1400,26925,0
FINNIFTY31DEC2424250PE.NFO,2024-12-04,09:42:00,2024-12-31,296.1,298.75,295.55,298.75,550,27350,0
FINNIFTY31DEC2424250PE.NFO,2024-12-04,09:43:00,2024-12-31,298.75,298.75,291.65,292.4,1725,27350,0
FINNIFTY31DEC2424250PE.NFO,2024-12-04,09:44:00,2024-12-31,292.4,292.4,286.1,286.65,425,27350,0
FINNIFTY31DEC2424250PE.NFO,2024-12-04,09:45:00,2024-12-31,286.65,286.65,280.4,282.0,1475,27050,0
FINNIFTY31DEC2424250PE.NFO,2024-12-04,09:46:00,2024-12-31,282.0,282.0,282.0,282.0,0,27050,0
FINNIFTY31DEC2424250PE.NFO,2024-12-04,09:47:00,2024-12-31,282.0,283.55,281.0,281.2,275,27050,0
FINNIFTY31DEC2424250PE.NFO,2024-12-04,09:48:00,2024-12-31,281.2,281.5,281.2,281.5,50,27050,0
FINNIFTY31DEC2424250PE.NFO,2024-12-04,09:49:00,2024-12-31,281.5,281.5,277.95,278.0,1125,27125,0
FINNIFTY31DEC2424250PE.NFO,2024-12-04,09:50:00,2024-12-31,278.0,280.0,274.05,274.3,2025,27125,0
FINNIFTY31DEC2424250PE.NFO,2024-12-04,09:51:00,2024-12-31,274.3,274.8,271.4,272.8,1025,27825,0
FINNIFTY31DEC2424250PE.NFO,2024-12-04,09:52:00,2024-12-31,272.8,276.15,272.8,274.75,50,27825,0
FINNIFTY31DEC2424250PE.NFO,2024-12-04,09:53:00,2024-12-31,274.75,274.75,272.7,272.7,425,27825,0
FINNIFTY31DEC2424250PE.NFO,2024-12-04,09:54:00,2024-12-31,272.7,272.7,269.15,269.15,350,27825,0
FINNIFTY31DEC2424250PE.NFO,2024-12-04,09:55:00,2024-12-31,269.15,274.3,269.15,274.3,400,27850,0
FINNIFTY31DEC2424250PE.NFO,2024-12-04,09:56:00,2024-12-31,274.3,280.35,274.3,280.35,50,27850,0
FINNIFTY31DEC2424250PE.NFO,2024-12-04,09:57:00,2024-12-31,280.35,280.4,278.85,280.0,775,27775,0
FINNIFTY31DEC2424250PE.NFO,2024-12-04,09:58:00,2024-12-31,280.0,280.0,276.35,276.75,375,27775,0
FINNIFTY31DEC2424250PE.NFO,2024-12-04,09:59:00,2024-12-31,276.75,281.45,276.75,281.45,50,27775,0
FINNIFTY31DEC2424250PE.NFO,2024-12-04,10:00:00,2024-12-31,281.45,281.85,279.45,279.45,75,27775,0
FINNIFTY31DEC2424250PE.NFO,2024-12-04,10:01:00,2024-12-31,279.45,279.45,275.1,275.1,325,27625,0
FINNIFTY31DEC2424250PE.NFO,2024-12-04,10:02:00,2024-12-31,275.1,276.75,275.1,276.75,250,27625,0
FINNIFTY31DEC2424250PE.NFO,2024-12-04,10:03:00,2024-12-31,276.75,276.75,275.0,275.0,50,27625,0
FINNIFTY31DEC2424250PE.NFO,2024-12-04,10:04:00,2024-12-31,275.0,275.0,273.95,274.4,75,27500,0
FINNIFTY31DEC2424250PE.NFO,2024-12-04,10:05:00,2024-12-31,274.4,274.6,273.1,273.1,100,27500,0
FINNIFTY31DEC2424250PE.NFO,2024-12-04,10:06:00,2024-12-31,273.1,273.15,267.55,270.05,925,27600,0
FINNIFTY31DEC2424250PE.NFO,2024-12-04,10:07:00,2024-12-31,270.05,271.0,269.55,270.05,250,27600,0
FINNIFTY31DEC2424250PE.NFO,2024-12-04,10:08:00,2024-12-31,270.05,271.25,270.05,271.25,100,27600,0
FINNIFTY31DEC2424250PE.NFO,2024-12-04,10:09:00,2024-12-31,271.25,271.95,270.95,270.95,100,27650,0
FINNIFTY31DEC2424250PE.NFO,2024-12-04,10:10:00,2024-12-31,270.95,270.95,270.1,270.1,100,27650,0
FINNIFTY31DEC2424250PE.NFO,2024-12-04,10:11:00,2024-12-31,270.1,270.1,266.85,266.85,175,27650,0
FINNIFTY31DEC2424250PE.NFO,2024-12-04,10:12:00,2024-12-31,266.85,273.1,266.85,273.1,200,27650,0
FINNIFTY31DEC2424250PE.NFO,2024-12-04,10:13:00,2024-12-31,273.1,276.35,273.1,276.35,25,27575,0
FINNIFTY31DEC2424250PE.NFO,2024-12-04,10:14:00,2024-12-31,276.35,276.35,272.3,272.3,475,27575,0
FINNIFTY31DEC2424250PE.NFO,2024-12-04,10:15:00,2024-12-31,272.3,272.3,272.3,272.3,0,27575,0
FINNIFTY31DEC2424250PE.NFO,2024-12-04,10:16:00,2024-12-31,272.3,275.3,272.3,275.3,200,27250,0
FINNIFTY31DEC2424250PE.NFO,2024-12-04,10:17:00,2024-12-31,275.3,275.3,272.3,274.4,475,27250,0
FINNIFTY31DEC2424250PE.NFO,2024-12-04,10:18:00,2024-12-31,274.4,274.4,271.7,271.7,50,27250,0
FINNIFTY31DEC2424250PE.NFO,2024-12-04,10:19:00,2024-12-31,271.7,271.7,271.7,271.7,0,27250,0
FINNIFTY31DEC2424250PE.NFO,2024-12-04,10:20:00,2024-12-31,271.7,279.45,271.7,278.2,775,27225,0
FINNIFTY31DEC2424250PE.NFO,2024-12-04,10:21:00,2024-12-31,278.2,282.0,278.2,282.0,50,27225,0
FINNIFTY31DEC2424250PE.NFO,2024-12-04,10:22:00,2024-12-31,282.0,289.0,282.0,286.5,150,27075,0
FINNIFTY31DEC2424250PE.NFO,2024-12-04,10:23:00,2024-12-31,286.5,286.5,281.2,281.2,275,27075,0
FINNIFTY31DEC2424250PE.NFO,2024-12-04,10:24:00,2024-12-31,281.2,281.2,278.95,278.95,25,27075,0
FINNIFTY31DEC2424250PE.NFO,2024-12-04,10:25:00,2024-12-31,278.95,278.95,278.95,278.95,0,27075,0
FINNIFTY31DEC2424250PE.NFO,2024-12-04,10:26:00,2024-12-31,278.95,280.55,278.95,280.55,75,27175,0
FINNIFTY31DEC2424250PE.NFO,2024-12-04,10:27:00,2024-12-31,280.55,280.55,278.0,278.0,25,27175,0
FINNIFTY31DEC2424250PE.NFO,2024-12-04,10:28:00,2024-12-31,278.0,278.0,277.9,277.9,50,27200,0
FINNIFTY31DEC2424250PE.NFO,2024-12-04,10:29:00,2024-12-31,277.9,277.9,277.2,277.2,50,27200,0
FINNIFTY31DEC2424250PE.NFO,2024-12-04,10:30:00,2024-12-31,277.2,277.2,273.55,273.55,25,27200,0
FINNIFTY31DEC2424250PE.NFO,2024-12-04,10:31:00,2024-12-31,273.55,278.15,273.55,278.15,125,27150,0
FINNIFTY31DEC2424250PE.NFO,2024-12-04,10:32:00,2024-12-31,278.15,278.15,273.65,273.65,375,27150,0
FINNIFTY31DEC2424250PE.NFO,2024-12-04,10:33:00,2024-12-31,273.65,273.65,271.65,271.65,100,27150,0
FINNIFTY31DEC2424250PE.NFO,2024-12-04,10:34:00,2024-12-31,271.65,272.0,271.65,272.0,25,27175,0
FINNIFTY31DEC2424250PE.NFO,2024-12-04,10:35:00,2024-12-31,272.0,272.0,272.0,272.0,0,27175,0
FINNIFTY31DEC2424250PE.NFO,2024-12-04,10:36:00,2024-12-31,272.0,272.0,272.0,272.0,0,27175,0
FINNIFTY31DEC2424250PE.NFO,2024-12-04,10:37:00,2024-12-31,272.0,272.0,272.0,272.0,0,27175,0
FINNIFTY31DEC2424250PE.NFO,2024-12-04,10:38:00,2024-12-31,272.0,272.0,267.15,267.15,50,27175,0
FINNIFTY31DEC2424250PE.NFO,2024-12-04,10:39:00,2024-12-31,267.15,271.0,267.15,271.0,25,27175,0
FINNIFTY31DEC2424250PE.NFO,2024-12-04,10:40:00,2024-12-31,271.0,271.0,269.75,269.75,75,27175,0
FINNIFTY31DEC2424250PE.NFO,2024-12-04,10:41:00,2024-12-31,269.75,269.75,268.0,268.0,0,27175,0
FINNIFTY31DEC2424250PE.NFO,2024-12-04,10:42:00,2024-12-31,268.0,270.0,268.0,270.0,25,27175,0
FINNIFTY31DEC2424250PE.NFO,2024-12-04,10:43:00,2024-12-31,270.0,270.0,270.0,270.0,0,27175,0
FINNIFTY31DEC2424250PE.NFO,2024-12-04,10:44:00,2024-12-31,270.0,270.0,270.0,270.0,0,27175,0
FINNIFTY31DEC2424250PE.NFO,2024-12-04,10:45:00,2024-12-31,270.0,272.0,270.0,272.0,225,27150,0
FINNIFTY31DEC2424250PE.NFO,2024-12-04,10:46:00,2024-12-31,272.0,272.0,269.5,269.5,325,27100,0
FINNIFTY31DEC2424250PE.NFO,2024-12-04,10:47:00,2024-12-31,269.5,270.05,269.5,270.05,250,27100,0
FINNIFTY31DEC2424250PE.NFO,2024-12-04,10:48:00,2024-12-31,270.05,270.2,270.0,270.2,75,27100,0
FINNIFTY31DEC2424250PE.NFO,2024-12-04,10:49:00,2024-12-31,270.2,270.2,270.2,270.2,0,27100,0
FINNIFTY31DEC2424250PE.NFO,2024-12-04,10:50:00,2024-12-31,270.2,270.2,267.35,267.35,100,27425,0
FINNIFTY31DEC2424250PE.NFO,2024-12-04,10:51:00,2024-12-31,267.35,267.35,263.15,263.15,150,27425,0
FINNIFTY31DEC2424250PE.NFO,2024-12-04,10:52:00,2024-12-31,263.15,263.15,260.0,260.0,150,27525,0
FINNIFTY31DEC2424250PE.NFO,2024-12-04,10:53:00,2024-12-31,260.0,260.0,258.3,258.85,175,27525,0
FINNIFTY31DEC2424250PE.NFO,2024-12-04,10:54:00,2024-12-31,258.85,258.95,258.0,258.0,425,27525,0
FINNIFTY31DEC2424250PE.NFO,2024-12-04,10:55:00,2024-12-31,258.0,258.0,253.35,253.75,2125,27900,0
FINNIFTY31DEC2424250PE.NFO,2024-12-04,10:56:00,2024-12-31,253.75,256.05,253.75,255.0,150,27900,0
FINNIFTY31DEC2424250PE.NFO,2024-12-04,10:57:00,2024-12-31,255.0,255.0,253.25,255.0,300,27900,0
FINNIFTY31DEC2424250PE.NFO,2024-12-04,10:58:00,2024-12-31,255.0,258.95,255.0,258.95,75,28750,0
FINNIFTY31DEC2424250PE.NFO,2024-12-04,10:59:00,2024-12-31,258.95,260.65,257.95,260.65,1150,28750,0
FINNIFTY31DEC2424250PE.NFO,2024-12-04,11:00:00,2024-12-31,260.65,263.0,258.75,260.0,1225,28450,0
FINNIFTY31DEC2424250PE.NFO,2024-12-04,11:01:00,2024-12-31,260.0,260.3,257.75,258.95,400,28450,0
FINNIFTY31DEC2424250PE.NFO,2024-12-04,11:02:00,2024-12-31,258.95,258.95,254.25,254.45,325,28450,0
FINNIFTY31DEC2424250PE.NFO,2024-12-04,11:03:00,2024-12-31,254.45,255.5,254.45,255.3,50,28200,0
FINNIFTY31DEC2424250PE.NFO,2024-12-04,11:04:00,2024-12-31,255.3,255.3,252.85,252.85,4525,28200,0
FINNIFTY31DEC2424250PE.NFO,2024-12-04,11:05:00,2024-12-31,252.85,255.0,252.85,255.0,50,28200,0
FINNIFTY31DEC2424250PE.NFO,2024-12-04,11:06:00,2024-12-31,255.0,256.5,255.0,256.5,150,28200,0
FINNIFTY31DEC2424250PE.NFO,2024-12-04,11:07:00,2024-12-31,256.5,258.15,254.95,258.15,175,32450,0
FINNIFTY31DEC2424250PE.NFO,2024-12-04,11:08:00,2024-12-31,258.15,258.15,256.5,257.9,450,32450,0
FINNIFTY31DEC2424250PE.NFO,2024-12-04,11:09:00,2024-12-31,257.9,257.9,256.6,256.6,200,32450,0
FINNIFTY31DEC2424250PE.NFO,2024-12-04,11:10:00,2024-12-31,256.6,256.6,256.6,256.6,0,32450,0
FINNIFTY31DEC2424250PE.NFO,2024-12-04,11:11:00,2024-12-31,256.6,256.6,254.45,254.45,25,32475,0
FINNIFTY31DEC2424250PE.NFO,2024-12-04,11:12:00,2024-12-31,254.45,255.0,254.45,255.0,25,32475,0
FINNIFTY31DEC2424250PE.NFO,2024-12-04,11:13:00,2024-12-31,255.0,256.1,255.0,256.1,50,32475,0
FINNIFTY31DEC2424250PE.NFO,2024-12-04,11:14:00,2024-12-31,256.1,256.95,256.1,256.95,50,32475,0
FINNIFTY31DEC2424250PE.NFO,2024-12-04,11:15:00,2024-12-31,256.95,256.95,256.95,256.95,0,32475,0
FINNIFTY31DEC2424250PE.NFO,2024-12-04,11:16:00,2024-12-31,256.95,257.3,256.15,257.3,125,32375,0
FINNIFTY31DEC2424250PE.NFO,2024-12-04,11:17:00,2024-12-31,257.3,257.3,257.3,257.3,0,32375,0
FINNIFTY31DEC2424250PE.NFO,2024-12-04,11:18:00,2024-12-31,257.3,259.0,257.3,257.3,275,32375,0
FINNIFTY31DEC2424250PE.NFO,2024-12-04,11:19:00,2024-12-31,257.3,257.3,254.05,254.05,375,32450,0
FINNIFTY31DEC2424250PE.NFO,2024-12-04,11:20:00,2024-12-31,254.05,254.05,252.85,252.85,125,32450,0
FINNIFTY31DEC2424250PE.NFO,2024-12-04,11:21:00,2024-12-31,252.85,254.0,252.85,254.0,25,32450,0
FINNIFTY31DEC2424250PE.NFO,2024-12-04,11:22:00,2024-12-31,254.0,254.0,254.0,254.0,0,32450,0
FINNIFTY31DEC2424250PE.NFO,2024-12-04,11:23:00,2024-12-31,254.0,254.0,252.4,252.4,125,32500,0
FINNIFTY31DEC2424250PE.NFO,2024-12-04,11:24:00,2024-12-31,252.4,252.4,252.4,252.4,0,32500,0
FINNIFTY31DEC2424250PE.NFO,2024-12-04,11:25:00,2024-12-31,252.4,252.4,252.4,252.4,0,32500,0
FINNIFTY31DEC2424250PE.NFO,2024-12-04,11:26:00,2024-12-31,252.4,256.75,252.4,256.75,100,32400,0
FINNIFTY31DEC2424250PE.NFO,2024-12-04,11:27:00,2024-12-31,256.75,256.75,256.75,256.75,0,32400,0
FINNIFTY31DEC2424250PE.NFO,2024-12-04,11:28:00,2024-12-31,256.75,259.0,256.75,258.75,75,32475,0
FINNIFTY31DEC2424250PE.NFO,2024-12-04,11:29:00,2024-12-31,258.75,258.75,258.25,258.25,0,32475,0
FINNIFTY31DEC2424250PE.NFO,2024-12-04,11:30:00,2024-12-31,258.25,258.25,256.25,256.25,25,32475,0
FINNIFTY31DEC2424250PE.NFO,2024-12-04,11:31:00,2024-12-31,256.25,260.0,256.25,259.4,75,32425,0
FINNIFTY31DEC2424250PE.NFO,2024-12-04,11:32:00,2024-12-31,259.4,259.4,259.4,259.4,0,32425,0
FINNIFTY31DEC2424250PE.NFO,2024-12-04,11:33:00,2024-12-31,259.4,259.4,256.0,256.0,25,32425,0
FINNIFTY31DEC2424250PE.NFO,2024-12-04,11:34:00,2024-12-31,256.0,256.0,256.0,256.0,0,32425,0
FINNIFTY31DEC2424250PE.NFO,2024-12-04,11:35:00,2024-12-31,256.0,256.0,252.4,252.4,75,32375,0
FINNIFTY31DEC2424250PE.NFO,2024-12-04,11:36:00,2024-12-31,252.4,253.2,252.4,253.2,25,32375,0
FINNIFTY31DEC2424250PE.NFO,2024-12-04,11:37:00,2024-12-31,253.2,253.2,252.0,252.0,525,32425,0
FINNIFTY31DEC2424250PE.NFO,2024-12-04,11:38:00,2024-12-31,252.0,252.0,252.0,252.0,0,32425,0
FINNIFTY31DEC2424250PE.NFO,2024-12-04,11:39:00,2024-12-31,252.0,253.25,252.0,253.25,25,32425,0
FINNIFTY31DEC2424250PE.NFO,2024-12-04,11:40:00,2024-12-31,253.25,253.25,253.25,253.25,0,32425,0
FINNIFTY31DEC2424250PE.NFO,2024-12-04,11:41:00,2024-12-31,253.25,253.25,253.25,253.25,0,32425,0
FINNIFTY31DEC2424250PE.NFO,2024-12-04,11:42:00,2024-12-31,253.25,253.25,248.2,248.65,325,32950,0
FINNIFTY31DEC2424250PE.NFO,2024-12-04,11:43:00,2024-12-31,248.65,249.9,248.65,249.75,75,32875,0
FINNIFTY31DEC2424250PE.NFO,2024-12-04,11:44:00,2024-12-31,249.75,252.85,249.75,252.85,25,32875,0
FINNIFTY31DEC2424250PE.NFO,2024-12-04,11:45:00,2024-12-31,252.85,252.85,252.85,252.85,0,32875,0
FINNIFTY31DEC2424250PE.NFO,2024-12-04,11:46:00,2024-12-31,252.85,252.85,252.85,252.85,0,32875,0
FINNIFTY31DEC2424250PE.NFO,2024-12-04,11:47:00,2024-12-31,252.85,252.85,252.85,252.85,0,32875,0
FINNIFTY31DEC2424250PE.NFO,2024-12-04,11:48:00,2024-12-31,252.85,252.85,252.85,252.85,0,32875,0
FINNIFTY31DEC2424250PE.NFO,2024-12-04,11:49:00,2024-12-31,252.85,256.25,252.85,253.0,225,32800,0
FINNIFTY31DEC2424250PE.NFO,2024-12-04,11:50:00,2024-12-31,253.0,253.0,253.0,253.0,0,32800,0
FINNIFTY31DEC2424250PE.NFO,2024-12-04,11:51:00,2024-12-31,253.0,253.0,253.0,253.0,0,32800,0
FINNIFTY31DEC2424250PE.NFO,2024-12-04,11:52:00,2024-12-31,253.0,253.0,252.0,252.0,25,32875,0
FINNIFTY31DEC2424250PE.NFO,2024-12-04,11:53:00,2024-12-31,252.0,254.3,252.0,254.3,250,32875,0
FINNIFTY31DEC2424250PE.NFO,2024-12-04,11:54:00,2024-12-31,254.3,256.1,254.3,256.1,25,32875,0
FINNIFTY31DEC2424250PE.NFO,2024-12-04,11:55:00,2024-12-31,256.1,271.2,256.1,271.2,1500,32925,0
FINNIFTY31DEC2424250PE.NFO,2024-12-04,11:56:00,2024-12-31,271.2,280.7,270.0,277.55,1675,32925,0
FINNIFTY31DEC2424250PE.NFO,2024-12-04,11:57:00,2024-12-31,277.55,292.6,275.65,292.6,1275,32925,0
FINNIFTY31DEC2424250PE.NFO,2024-12-04,11:58:00,2024-12-31,292.6,292.9,286.25,287.45,1300,32200,0
FINNIFTY31DEC2424250PE.NFO,2024-12-04,11:59:00,2024-12-31,287.45,287.45,282.3,282.3,175,32200,0
FINNIFTY31DEC2424250PE.NFO,2024-12-04,12:00:00,2024-12-31,282.3,297.8,282.3,294.25,575,32200,0
FINNIFTY31DEC2424250PE.NFO,2024-12-04,12:01:00,2024-12-31,294.25,294.25,288.1,292.0,675,31925,0
FINNIFTY31DEC2424250PE.NFO,2024-12-04,12:02:00,2024-12-31,292.0,293.45,289.5,293.45,125,31925,0
FINNIFTY31DEC2424250PE.NFO,2024-12-04,12:03:00,2024-12-31,293.45,295.0,290.65,290.65,150,31925,0
FINNIFTY31DEC2424250PE.NFO,2024-12-04,12:04:00,2024-12-31,290.65,290.65,284.85,289.55,275,31675,0
FINNIFTY31DEC2424250PE.NFO,2024-12-04,12:05:00,2024-12-31,289.55,290.1,288.9,289.55,125,31675,0
FINNIFTY31DEC2424250PE.NFO,2024-12-04,12:06:00,2024-12-31,289.55,290.3,289.55,290.3,25,31675,0
FINNIFTY31DEC2424250PE.NFO,2024-12-04,12:07:00,2024-12-31,290.3,297.95,289.85,297.1,925,31550,0
FINNIFTY31DEC2424250PE.NFO,2024-12-04,12:08:00,2024-12-31,297.1,297.1,272.55,275.5,1450,31550,0
FINNIFTY31DEC2424250PE.NFO,2024-12-04,12:09:00,2024-12-31,275.5,276.75,275.0,276.75,25,31550,0
FINNIFTY31DEC2424250PE.NFO,2024-12-04,12:10:00,2024-12-31,276.75,288.6,276.75,288.6,200,31500,0
FINNIFTY31DEC2424250PE.NFO,2024-12-04,12:11:00,2024-12-31,288.6,288.6,282.25,282.25,125,31500,0
FINNIFTY31DEC2424250PE.NFO,2024-12-04,12:12:00,2024-12-31,282.25,282.25,278.25,278.25,75,31500,0
FINNIFTY31DEC2424250PE.NFO,2024-12-04,12:13:00,2024-12-31,278.25,278.25,276.05,276.05,75,31300,0
FINNIFTY31DEC2424250PE.NFO,2024-12-04,12:14:00,2024-12-31,276.05,279.05,276.05,279.05,25,31300,0
FINNIFTY31DEC2424250PE.NFO,2024-12-04,12:15:00,2024-12-31,279.05,279.05,279.05,279.05,0,31300,0
FINNIFTY31DEC2424250PE.NFO,2024-12-04,12:16:00,2024-12-31,279.05,279.05,276.2,278.25,650,31300,0
FINNIFTY31DEC2424250PE.NFO,2024-12-04,12:17:00,2024-12-31,278.25,283.8,278.25,283.8,400,31300,0
FINNIFTY31DEC2424250PE.NFO,2024-12-04,12:18:00,2024-12-31,283.8,285.8,283.8,284.5,900,31300,0
FINNIFTY31DEC2424250PE.NFO,2024-12-04,12:19:00,2024-12-31,284.5,284.5,284.0,284.0,75,31250,0
FINNIFTY31DEC2424250PE.NFO,2024-12-04,12:20:00,2024-12-31,284.0,284.0,278.15,278.15,50,31250,0
FINNIFTY31DEC2424250PE.NFO,2024-12-04,12:21:00,2024-12-31,278.15,278.15,272.75,273.95,225,31250,0
FINNIFTY31DEC2424250PE.NFO,2024-12-04,12:22:00,2024-12-31,273.95,274.55,273.9,273.9,50,31150,0
FINNIFTY31DEC2424250PE.NFO,2024-12-04,12:23:00,2024-12-31,273.9,273.9,271.6,271.6,25,31150,0
FINNIFTY31DEC2424250PE.NFO,2024-12-04,12:24:00,2024-12-31,271.6,275.1,271.6,275.1,50,31150,0
FINNIFTY31DEC2424250PE.NFO,2024-12-04,12:25:00,2024-12-31,275.1,275.1,272.9,272.9,50,31150,0
FINNIFTY31DEC2424250PE.NFO,2024-12-04,12:26:00,2024-12-31,272.9,272.9,272.9,272.9,0,31150,0
FINNIFTY31DEC2424250PE.NFO,2024-12-04,12:27:00,2024-12-31,272.9,278.6,272.9,278.6,250,31150,0
FINNIFTY31DEC2424250PE.NFO,2024-12-04,12:28:00,2024-12-31,278.6,278.6,267.25,268.5,225,31150,0
FINNIFTY31DEC2424250PE.NFO,2024-12-04,12:29:00,2024-12-31,268.5,268.5,264.6,264.65,225,31150,0
FINNIFTY31DEC2424250PE.NFO,2024-12-04,12:30:00,2024-12-31,264.65,268.8,264.65,268.8,375,31150,0
FINNIFTY31DEC2424250PE.NFO,2024-12-04,12:31:00,2024-12-31,268.8,269.4,266.9,266.9,75,31050,0
FINNIFTY31DEC2424250PE.NFO,2024-12-04,12:32:00,2024-12-31,266.9,268.4,265.0,265.0,225,31050,0
FINNIFTY31DEC2424250PE.NFO,2024-12-04,12:33:00,2024-12-31,265.0,265.0,264.65,264.65,75,31050,0
FINNIFTY31DEC2424250PE.NFO,2024-12-04,12:34:00,2024-12-31,264.65,264.65,264.65,264.65,0,31050,0
FINNIFTY31DEC2424250PE.NFO,2024-12-04,12:35:00,2024-12-31,264.65,264.65,264.65,264.65,0,31050,0
FINNIFTY31DEC2424250PE.NFO,2024-12-04,12:36:00,2024-12-31,264.65,264.65,264.65,264.65,0,31050,0
FINNIFTY31DEC2424250PE.NFO,2024-12-04,12:37:00,2024-12-31,264.65,264.65,264.65,264.65,0,31050,0
FINNIFTY31DEC2424250PE.NFO,2024-12-04,12:38:00,2024-12-31,264.65,264.65,264.65,264.65,0,31050,0
FINNIFTY31DEC2424250PE.NFO,2024-12-04,12:39:00,2024-12-31,264.65,264.65,264.65,264.65,0,31050,0
FINNIFTY31DEC2424250PE.NFO,2024-12-04,12:40:00,2024-12-31,264.65,264.65,264.65,264.65,0,31050,0
FINNIFTY31DEC2424250PE.NFO,2024-12-04,12:41:00,2024-12-31,264.65,272.65,264.65,272.65,75,31150,0
FINNIFTY31DEC2424250PE.NFO,2024-12-04,12:42:00,2024-12-31,272.65,274.25,272.65,274.25,25,31150,0
FINNIFTY31DEC2424250PE.NFO,2024-12-04,12:43:00,2024-12-31,274.25,275.0,273.0,273.0,75,31125,0
FINNIFTY31DEC2424250PE.NFO,2024-12-04,12:44:00,2024-12-31,273.0,281.0,273.0,279.3,275,31125,0
FINNIFTY31DEC2424250PE.NFO,2024-12-04,12:45:00,2024-12-31,279.3,279.3,276.3,276.3,25,31125,0
FINNIFTY31DEC2424250PE.NFO,2024-12-04,12:46:00,2024-12-31,276.3,279.3,276.3,277.6,200,31000,0
FINNIFTY31DEC2424250PE.NFO,2024-12-04,12:47:00,2024-12-31,277.6,277.6,273.35,273.35,225,31000,0
FINNIFTY31DEC2424250PE.NFO,2024-12-04,12:48:00,2024-12-31,273.35,273.35,270.1,270.1,50,31000,0
FINNIFTY31DEC2424250PE.NFO,2024-12-04,12:49:00,2024-12-31,270.1,270.1,268.8,268.8,225,31025,0
FINNIFTY31DEC2424250PE.NFO,2024-12-04,12:50:00,2024-12-31,268.8,270.8,268.8,270.8,25,31025,0
FINNIFTY31DEC2424250PE.NFO,2024-12-04,12:51:00,2024-12-31,270.8,270.8,270.8,270.8,0,31025,0
FINNIFTY31DEC2424250PE.NFO,2024-12-04,12:52:00,2024-12-31,270.8,270.8,270.8,270.8,0,31025,0
FINNIFTY31DEC2424250PE.NFO,2024-12-04,12:53:00,2024-12-31,270.8,270.8,269.1,269.1,25,31000,0
FINNIFTY31DEC2424250PE.NFO,2024-12-04,12:54:00,2024-12-31,269.1,269.1,269.1,269.1,0,31000,0
FINNIFTY31DEC2424250PE.NFO,2024-12-04,12:55:00,2024-12-31,269.1,269.1,269.1,269.1,0,31000,0
FINNIFTY31DEC2424250PE.NFO,2024-12-04,12:56:00,2024-12-31,269.1,269.1,269.1,269.1,0,31000,0
FINNIFTY31DEC2424250PE.NFO,2024-12-04,12:57:00,2024-12-31,269.1,269.15,269.1,269.15,25,31000,0
FINNIFTY31DEC2424250PE.NFO,2024-12-04,12:58:00,2024-12-31,269.15,269.15,268.0,268.0,150,31000,0
FINNIFTY31DEC2424250PE.NFO,2024-12-04,12:59:00,2024-12-31,268.0,268.6,268.0,268.6,1200,31000,0
FINNIFTY31DEC2424250PE.NFO,2024-12-04,13:00:00,2024-12-31,268.6,268.6,261.1,262.35,150,31000,0
FINNIFTY31DEC2424250PE.NFO,2024-12-04,13:01:00,2024-12-31,262.35,264.7,262.35,264.7,50,32175,0
FINNIFTY31DEC2424250PE.NFO,2024-12-04,13:02:00,2024-12-31,264.7,266.0,264.3,266.0,150,32175,0
FINNIFTY31DEC2424250PE.NFO,2024-12-04,13:03:00,2024-12-31,266.0,266.0,266.0,266.0,0,32175,0
FINNIFTY31DEC2424250PE.NFO,2024-12-04,13:04:00,2024-12-31,266.0,266.0,266.0,266.0,0,32175,0
FINNIFTY31DEC2424250PE.NFO,2024-12-04,13:05:00,2024-12-31,266.0,266.0,266.0,266.0,0,32175,0
FINNIFTY31DEC2424250PE.NFO,2024-12-04,13:06:00,2024-12-31,266.0,266.0,266.0,266.0,0,32175,0
FINNIFTY31DEC2424250PE.NFO,2024-12-04,13:07:00,2024-12-31,266.0,266.0,266.0,266.0,0,32175,0
FINNIFTY31DEC2424250PE.NFO,2024-12-04,13:08:00,2024-12-31,266.0,266.0,266.0,266.0,0,32175,0
FINNIFTY31DEC2424250PE.NFO,2024-12-04,13:09:00,2024-12-31,266.0,274.95,266.0,274.95,25,32050,0
FINNIFTY31DEC2424250PE.NFO,2024-12-04,13:10:00,2024-12-31,274.95,274.95,274.95,274.95,0,32050,0
FINNIFTY31DEC2424250PE.NFO,2024-12-04,13:11:00,2024-12-31,274.95,274.95,266.6,266.6,25,32050,0
FINNIFTY31DEC2424250PE.NFO,2024-12-04,13:12:00,2024-12-31,266.6,266.6,266.6,266.6,0,32050,0
FINNIFTY31DEC2424250PE.NFO,2024-12-04,13:13:00,2024-12-31,266.6,266.6,265.0,265.0,200,32075,0
FINNIFTY31DEC2424250PE.NFO,2024-12-04,13:14:00,2024-12-31,265.0,265.0,265.0,265.0,0,32075,0
FINNIFTY31DEC2424250PE.NFO,2024-12-04,13:15:00,2024-12-31,265.0,265.0,261.0,261.0,50,32075,0
FINNIFTY31DEC2424250PE.NFO,2024-12-04,13:16:00,2024-12-31,261.0,261.75,261.0,261.6,175,32275,0
FINNIFTY31DEC2424250PE.NFO,2024-12-04,13:17:00,2024-12-31,261.6,261.6,261.6,261.6,0,32275,0
FINNIFTY31DEC2424250PE.NFO,2024-12-04,13:18:00,2024-12-31,261.6,261.6,261.6,261.6,0,32275,0
FINNIFTY31DEC2424250PE.NFO,2024-12-04,13:19:00,2024-12-31,261.6,261.6,259.35,259.35,50,32125,0
FINNIFTY31DEC2424250PE.NFO,2024-12-04,13:20:00,2024-12-31,259.35,261.0,259.35,261.0,75,32125,0
FINNIFTY31DEC2424250PE.NFO,2024-12-04,13:21:00,2024-12-31,261.0,261.0,261.0,261.0,0,32125,0
FINNIFTY31DEC2424250PE.NFO,2024-12-04,13:22:00,2024-12-31,261.0,261.0,261.0,261.0,0,32125,0
FINNIFTY31DEC2424250PE.NFO,2024-12-04,13:23:00,2024-12-31,261.0,262.95,261.0,262.95,25,32075,0
FINNIFTY31DEC2424250PE.NFO,2024-12-04,13:24:00,2024-12-31,262.95,262.95,262.95,262.95,0,32075,0
FINNIFTY31DEC2424250PE.NFO,2024-12-04,13:25:00,2024-12-31,262.95,262.95,262.95,262.95,25,32075,0
FINNIFTY31DEC2424250PE.NFO,2024-12-04,13:26:00,2024-12-31,262.95,262.95,262.95,262.95,0,32075,0
FINNIFTY31DEC2424250PE.NFO,2024-12-04,13:27:00,2024-12-31,262.95,262.95,261.4,261.4,50,32050,0
FINNIFTY31DEC2424250PE.NFO,2024-12-04,13:28:00,2024-12-31,261.4,261.4,259.1,259.1,50,32100,0
FINNIFTY31DEC2424250PE.NFO,2024-12-04,13:29:00,2024-12-31,259.1,259.1,259.1,259.1,0,32100,0
FINNIFTY31DEC2424250PE.NFO,2024-12-04,13:30:00,2024-12-31,259.1,261.1,259.1,261.1,175,32100,0
FINNIFTY31DEC2424250PE.NFO,2024-12-04,13:31:00,2024-12-31,261.1,261.1,259.85,259.85,375,32100,0
FINNIFTY31DEC2424250PE.NFO,2024-12-04,13:32:00,2024-12-31,259.85,259.85,248.0,248.0,475,32050,0
FINNIFTY31DEC2424250PE.NFO,2024-12-04,13:33:00,2024-12-31,248.0,250.35,246.9,248.85,775,32050,0
FINNIFTY31DEC2424250PE.NFO,2024-12-04,13:34:00,2024-12-31,248.85,248.85,248.85,248.85,0,32050,0
FINNIFTY31DEC2424250PE.NFO,2024-12-04,13:35:00,2024-12-31,248.85,251.55,248.85,251.55,75,31850,0
FINNIFTY31DEC2424250PE.NFO,2024-12-04,13:36:00,2024-12-31,251.55,251.55,251.55,251.55,0,31850,0
FINNIFTY31DEC2424250PE.NFO,2024-12-04,13:37:00,2024-12-31,251.55,251.55,247.35,247.45,475,31850,0
FINNIFTY31DEC2424250PE.NFO,2024-12-04,13:38:00,2024-12-31,247.45,250.9,247.45,250.9,75,31850,0
FINNIFTY31DEC2424250PE.NFO,2024-12-04,13:39:00,2024-12-31,250.9,250.9,246.0,246.0,250,31850,0
FINNIFTY31DEC2424250PE.NFO,2024-12-04,13:40:00,2024-12-31,246.45,249.45,246.45,249.45,75,31700,0
FINNIFTY31DEC2424250PE.NFO,2024-12-04,13:41:00,2024-12-31,249.45,249.45,248.0,248.0,25,31700,0
FINNIFTY31DEC2424250PE.NFO,2024-12-04,13:42:00,2024-12-31,248.0,248.0,248.0,248.0,0,31700,0
FINNIFTY31DEC2424250PE.NFO,2024-12-04,13:43:00,2024-12-31,248.0,252.2,248.0,251.55,75,31700,0
FINNIFTY31DEC2424250PE.NFO,2024-12-04,13:44:00,2024-12-31,251.55,251.55,248.3,248.3,175,31700,0
FINNIFTY31DEC2424250PE.NFO,2024-12-04,13:45:00,2024-12-31,248.3,251.55,248.3,251.55,25,31700,0
FINNIFTY31DEC2424250PE.NFO,2024-12-04,13:46:00,2024-12-31,251.55,251.55,251.55,251.55,0,31700,0
FINNIFTY31DEC2424250PE.NFO,2024-12-04,13:47:00,2024-12-31,251.55,251.55,251.55,251.55,0,31700,0
FINNIFTY31DEC2424250PE.NFO,2024-12-04,13:48:00,2024-12-31,251.55,251.55,251.55,251.55,0,31700,0
FINNIFTY31DEC2424250PE.NFO,2024-12-04,13:49:00,2024-12-31,251.55,251.55,251.55,251.55,0,31700,0
FINNIFTY31DEC2424250PE.NFO,2024-12-04,13:50:00,2024-12-31,251.55,251.55,248.15,248.15,275,31675,0
FINNIFTY31DEC2424250PE.NFO,2024-12-04,13:51:00,2024-12-31,248.15,248.15,248.15,248.15,0,31675,0
FINNIFTY31DEC2424250PE.NFO,2024-12-04,13:52:00,2024-12-31,248.15,249.45,248.15,249.45,450,31425,0
FINNIFTY31DEC2424250PE.NFO,2024-12-04,13:53:00,2024-12-31,249.45,250.3,248.15,248.15,50,31425,0
FINNIFTY31DEC2424250PE.NFO,2024-12-04,13:54:00,2024-12-31,248.15,248.15,248.15,248.15,0,31425,0
FINNIFTY31DEC2424250PE.NFO,2024-12-04,13:55:00,2024-12-31,248.15,250.9,248.15,250.9,25,31425,0
FINNIFTY31DEC2424250PE.NFO,2024-12-04,13:56:00,2024-12-31,250.9,250.9,249.0,249.0,25,31050,0
FINNIFTY31DEC2424250PE.NFO,2024-12-04,13:57:00,2024-12-31,249.0,250.45,248.95,250.45,75,31050,0
FINNIFTY31DEC2424250PE.NFO,2024-12-04,13:58:00,2024-12-31,250.45,250.45,246.7,246.7,25,31050,0
FINNIFTY31DEC2424250PE.NFO,2024-12-04,13:59:00,2024-12-31,246.7,246.7,242.2,242.2,225,31050,0
FINNIFTY31DEC2424250PE.NFO,2024-12-04,14:00:00,2024-12-31,242.2,242.2,241.05,241.05,100,31050,0
FINNIFTY31DEC2424250PE.NFO,2024-12-04,14:01:00,2024-12-31,241.05,243.75,241.05,243.75,50,31050,0
FINNIFTY31DEC2424250PE.NFO,2024-12-04,14:02:00,2024-12-31,243.75,243.75,243.75,243.75,0,31050,0
FINNIFTY31DEC2424250PE.NFO,2024-12-04,14:03:00,2024-12-31,243.75,243.75,240.45,240.45,600,31025,0
FINNIFTY31DEC2424250PE.NFO,2024-12-04,14:04:00,2024-12-31,240.45,242.7,240.45,241.0,125,31425,0
FINNIFTY31DEC2424250PE.NFO,2024-12-04,14:05:00,2024-12-31,241.0,244.05,241.0,244.05,125,31425,0
FINNIFTY31DEC2424250PE.NFO,2024-12-04,14:06:00,2024-12-31,244.05,244.05,244.0,244.0,375,31425,0
FINNIFTY31DEC2424250PE.NFO,2024-12-04,14:07:00,2024-12-31,244.0,244.0,240.0,240.0,75,31300,0
FINNIFTY31DEC2424250PE.NFO,2024-12-04,14:08:00,2024-12-31,240.0,240.0,240.0,240.0,0,31300,0
FINNIFTY31DEC2424250PE.NFO,2024-12-04,14:09:00,2024-12-31,240.0,240.0,240.0,240.0,0,31300,0
FINNIFTY31DEC2424250PE.NFO,2024-12-04,14:10:00,2024-12-31,240.0,241.0,239.5,239.5,125,31300,0
FINNIFTY31DEC2424250PE.NFO,2024-12-04,14:11:00,2024-12-31,239.5,239.5,239.35,239.35,50,31300,0
FINNIFTY31DEC2424250PE.NFO,2024-12-04,14:12:00,2024-12-31,239.35,239.35,239.35,239.35,0,31300,0
FINNIFTY31DEC2424250PE.NFO,2024-12-04,14:13:00,2024-12-31,239.35,239.35,239.35,239.35,0,31300,0
FINNIFTY31DEC2424250PE.NFO,2024-12-04,14:14:00,2024-12-31,239.35,239.35,239.35,239.35,0,31300,0
FINNIFTY31DEC2424250PE.NFO,2024-12-04,14:15:00,2024-12-31,239.35,239.35,239.35,239.35,0,31300,0
FINNIFTY31DEC2424250PE.NFO,2024-12-04,14:16:00,2024-12-31,239.35,239.35,239.35,239.35,0,31300,0
FINNIFTY31DEC2424250PE.NFO,2024-12-04,14:17:00,2024-12-31,239.35,239.35,238.05,238.05,175,31300,0
FINNIFTY31DEC2424250PE.NFO,2024-12-04,14:18:00,2024-12-31,238.05,238.05,238.05,238.05,0,31300,0
FINNIFTY31DEC2424250PE.NFO,2024-12-04,14:19:00,2024-12-31,238.05,238.05,238.05,238.05,0,31300,0
FINNIFTY31DEC2424250PE.NFO,2024-12-04,14:20:00,2024-12-31,238.05,254.9,238.05,254.9,575,31300,0
FINNIFTY31DEC2424250PE.NFO,2024-12-04,14:21:00,2024-12-31,254.9,254.9,253.05,253.05,25,31300,0
FINNIFTY31DEC2424250PE.NFO,2024-12-04,14:22:00,2024-12-31,253.05,253.05,245.55,246.0,575,31775,0
FINNIFTY31DEC2424250PE.NFO,2024-12-04,14:23:00,2024-12-31,246.0,246.15,243.95,246.05,250,31775,0
FINNIFTY31DEC2424250PE.NFO,2024-12-04,14:24:00,2024-12-31,246.05,246.05,246.05,246.05,0,31775,0
FINNIFTY31DEC2424250PE.NFO,2024-12-04,14:25:00,2024-12-31,246.05,250.4,246.05,250.0,75,31625,0
FINNIFTY31DEC2424250PE.NFO,2024-12-04,14:26:00,2024-12-31,250.0,250.0,248.9,249.3,50,31625,0
FINNIFTY31DEC2424250PE.NFO,2024-12-04,14:27:00,2024-12-31,249.3,249.3,249.3,249.3,0,31625,0
FINNIFTY31DEC2424250PE.NFO,2024-12-04,14:28:00,2024-12-31,249.3,250.9,249.3,250.9,25,31625,0
FINNIFTY31DEC2424250PE.NFO,2024-12-04,14:29:00,2024-12-31,250.9,250.9,248.4,248.4,125,31650,0
FINNIFTY31DEC2424250PE.NFO,2024-12-04,14:30:00,2024-12-31,248.4,248.4,248.4,248.4,0,31650,0
FINNIFTY31DEC2424250PE.NFO,2024-12-04,14:31:00,2024-12-31,248.4,250.7,248.4,250.7,25,31650,0
FINNIFTY31DEC2424250PE.NFO,2024-12-04,14:32:00,2024-12-31,250.7,255.8,250.7,254.1,125,31675,0
FINNIFTY31DEC2424250PE.NFO,2024-12-04,14:33:00,2024-12-31,254.1,255.65,254.1,255.65,25,31675,0
FINNIFTY31DEC2424250PE.NFO,2024-12-04,14:34:00,2024-12-31,255.65,255.65,252.0,252.0,50,31650,0
FINNIFTY31DEC2424250PE.NFO,2024-12-04,14:35:00,2024-12-31,252.0,253.8,252.0,253.8,50,31650,0
FINNIFTY31DEC2424250PE.NFO,2024-12-04,14:36:00,2024-12-31,253.8,253.8,252.95,252.95,25,31650,0
FINNIFTY31DEC2424250PE.NFO,2024-12-04,14:37:00,2024-12-31,252.95,253.05,251.7,253.05,75,31650,0
FINNIFTY31DEC2424250PE.NFO,2024-12-04,14:38:00,2024-12-31,253.05,253.05,253.05,253.05,0,31650,0
FINNIFTY31DEC2424250PE.NFO,2024-12-04,14:39:00,2024-12-31,253.05,253.05,253.05,253.05,0,31650,0
FINNIFTY31DEC2424250PE.NFO,2024-12-04,14:40:00,2024-12-31,253.05,253.05,253.05,253.05,0,31650,0
FINNIFTY31DEC2424250PE.NFO,2024-12-04,14:41:00,2024-12-31,253.05,253.05,253.05,253.05,25,31625,0
FINNIFTY31DEC2424250PE.NFO,2024-12-04,14:42:00,2024-12-31,253.05,253.05,249.2,249.2,50,31625,0
FINNIFTY31DEC2424250PE.NFO,2024-12-04,14:43:00,2024-12-31,249.2,249.2,248.0,248.9,2600,32825,0
FINNIFTY31DEC2424250PE.NFO,2024-12-04,14:44:00,2024-12-31,248.9,248.9,248.9,248.9,0,32825,0
FINNIFTY31DEC2424250PE.NFO,2024-12-04,14:45:00,2024-12-31,248.9,248.9,248.9,248.9,0,32825,0
FINNIFTY31DEC2424250PE.NFO,2024-12-04,14:46:00,2024-12-31,248.9,248.9,246.6,246.85,75,32825,0
FINNIFTY31DEC2424250PE.NFO,2024-12-04,14:47:00,2024-12-31,246.85,247.25,246.85,247.25,50,31550,0
FINNIFTY31DEC2424250PE.NFO,2024-12-04,14:48:00,2024-12-31,247.25,247.25,247.25,247.25,0,31550,0
FINNIFTY31DEC2424250PE.NFO,2024-12-04,14:49:00,2024-12-31,247.25,251.0,247.25,251.0,250,31550,0
FINNIFTY31DEC2424250PE.NFO,2024-12-04,14:50:00,2024-12-31,251.0,251.0,251.0,251.0,0,31550,0
FINNIFTY31DEC2424250PE.NFO,2024-12-04,14:51:00,2024-12-31,251.0,257.0,251.0,257.0,400,31250,0
FINNIFTY31DEC2424250PE.NFO,2024-12-04,14:52:00,2024-12-31,257.0,257.0,254.95,254.95,25,31250,0
FINNIFTY31DEC2424250PE.NFO,2024-12-04,14:53:00,2024-12-31,254.95,254.95,254.95,254.95,0,31250,0
FINNIFTY31DEC2424250PE.NFO,2024-12-04,14:54:00,2024-12-31,254.95,255.0,254.95,255.0,25,31175,0
FINNIFTY31DEC2424250PE.NFO,2024-12-04,14:55:00,2024-12-31,255.0,258.65,255.0,258.65,50,31150,0
FINNIFTY31DEC2424250PE.NFO,2024-12-04,14:56:00,2024-12-31,258.65,260.15,258.65,260.15,725,31150,0
FINNIFTY31DEC2424250PE.NFO,2024-12-04,14:57:00,2024-12-31,260.15,260.15,256.05,257.4,150,31150,0
FINNIFTY31DEC2424250PE.NFO,2024-12-04,14:58:00,2024-12-31,257.4,257.4,257.4,257.4,0,31150,0
FINNIFTY31DEC2424250PE.NFO,2024-12-04,14:59:00,2024-12-31,257.4,257.4,255.55,257.1,600,31275,0
FINNIFTY31DEC2424250PE.NFO,2024-12-04,15:00:00,2024-12-31,257.1,260.45,256.15,257.95,2575,31275,0
FINNIFTY31DEC2424250PE.NFO,2024-12-04,15:01:00,2024-12-31,257.95,258.2,255.15,256.25,1000,28825,0
FINNIFTY31DEC2424250PE.NFO,2024-12-04,15:02:00,2024-12-31,256.25,257.5,255.55,257.45,625,28825,0
FINNIFTY31DEC2424250PE.NFO,2024-12-04,15:03:00,2024-12-31,257.45,259.05,257.05,259.05,400,28825,0
FINNIFTY31DEC2424250PE.NFO,2024-12-04,15:04:00,2024-12-31,259.05,259.05,259.05,259.05,0,28825,0
FINNIFTY31DEC2424250PE.NFO,2024-12-04,15:05:00,2024-12-31,259.05,259.05,255.15,256.05,1375,28225,0
FINNIFTY31DEC2424250PE.NFO,2024-12-04,15:06:00,2024-12-31,256.05,257.95,255.0,257.5,1150,28225,0
FINNIFTY31DEC2424250PE.NFO,2024-12-04,15:07:00,2024-12-31,257.5,259.4,257.5,259.0,325,28950,0
FINNIFTY31DEC2424250PE.NFO,2024-12-04,15:08:00,2024-12-31,259.0,259.0,257.35,257.35,850,28950,0
FINNIFTY31DEC2424250PE.NFO,2024-12-04,15:09:00,2024-12-31,257.35,257.35,256.55,256.55,50,28950,0
FINNIFTY31DEC2424250PE.NFO,2024-12-04,15:10:00,2024-12-31,256.55,256.55,251.4,254.0,750,28050,0
FINNIFTY31DEC2424250PE.NFO,2024-12-04,15:11:00,2024-12-31,253.7,254.05,253.45,253.95,350,28050,0
FINNIFTY31DEC2424250PE.NFO,2024-12-04,15:12:00,2024-12-31,253.95,253.95,249.7,249.7,25,28050,0
FINNIFTY31DEC2424250PE.NFO,2024-12-04,15:13:00,2024-12-31,249.7,251.1,249.7,251.1,50,28050,0
FINNIFTY31DEC2424250PE.NFO,2024-12-04,15:14:00,2024-12-31,251.1,251.1,251.1,251.1,0,28050,0
FINNIFTY31DEC2424250PE.NFO,2024-12-04,15:15:00,2024-12-31,251.1,253.5,251.1,253.2,1425,27600,0
FINNIFTY31DEC2424250PE.NFO,2024-12-04,15:16:00,2024-12-31,253.2,253.45,252.0,252.25,225,27600,0
FINNIFTY31DEC2424250PE.NFO,2024-12-04,15:17:00,2024-12-31,252.25,253.1,252.25,253.1,25,27550,0
FINNIFTY31DEC2424250PE.NFO,2024-12-04,15:18:00,2024-12-31,253.1,253.85,253.1,253.85,50,27550,0
FINNIFTY31DEC2424250PE.NFO,2024-12-04,15:19:00,2024-12-31,253.85,253.85,253.7,253.7,50,27550,0
FINNIFTY31DEC2424250PE.NFO,2024-12-04,15:20:00,2024-12-31,253.7,255.6,253.7,255.1,600,27550,0
FINNIFTY31DEC2424250PE.NFO,2024-12-04,15:21:00,2024-12-31,255.1,255.1,254.5,254.9,75,27550,0
FINNIFTY31DEC2424250PE.NFO,2024-12-04,15:22:00,2024-12-31,254.9,256.5,254.6,256.5,925,27550,0
FINNIFTY31DEC2424250PE.NFO,2024-12-04,15:23:00,2024-12-31,256.5,256.5,256.5,256.5,0,27550,0
FINNIFTY31DEC2424250PE.NFO,2024-12-04,15:24:00,2024-12-31,256.5,256.5,254.35,254.35,25,27400,0
FINNIFTY31DEC2424250PE.NFO,2024-12-04,15:25:00,2024-12-31,253.0,254.1,253.0,254.1,450,27350,0
FINNIFTY31DEC2424250PE.NFO,2024-12-04,15:26:00,2024-12-31,254.1,254.1,252.95,252.95,25,27350,0
FINNIFTY31DEC2424250PE.NFO,2024-12-04,15:27:00,2024-12-31,252.95,253.65,252.45,252.45,100,27350,0
FINNIFTY31DEC2424250PE.NFO,2024-12-04,15:28:00,2024-12-31,252.45,255.85,252.3,253.05,575,27350,0
FINNIFTY31DEC2424250PE.NFO,2024-12-04,15:29:00,2024-12-31,253.05,258.0,253.05,258.0,200,26925,0
FINNIFTY31DEC2424250PE.NFO,2024-12-04,15:30:00,2024-12-31,258.0,258.0,258.0,258.0,200,26925,1
FINNIFTY31DEC2424250PE.NFO,2024-12-05,09:15:00,2024-12-31,250.0,250.0,250.0,250.0,0,0,0
FINNIFTY31DEC2424250PE.NFO,2024-12-05,09:16:00,2024-12-31,250.0,258.0,250.0,257.4,150,26800,0
FINNIFTY31DEC2424250PE.NFO,2024-12-05,09:17:00,2024-12-31,257.4,265.0,257.4,265.0,200,26800,0
FINNIFTY31DEC2424250PE.NFO,2024-12-05,09:18:00,2024-12-31,265.0,265.0,262.5,262.5,250,26800,0
FINNIFTY31DEC2424250PE.NFO,2024-12-05,09:19:00,2024-12-31,262.5,266.15,262.5,266.15,25,26800,0
FINNIFTY31DEC2424250PE.NFO,2024-12-05,09:20:00,2024-12-31,266.15,273.8,264.6,264.6,425,26800,0
FINNIFTY31DEC2424250PE.NFO,2024-12-05,09:21:00,2024-12-31,264.6,264.6,264.6,264.6,50,26725,0
FINNIFTY31DEC2424250PE.NFO,2024-12-05,09:22:00,2024-12-31,264.6,264.6,257.0,257.0,100,26725,0
FINNIFTY31DEC2424250PE.NFO,2024-12-05,09:23:00,2024-12-31,257.0,257.05,257.0,257.05,25,26725,0
FINNIFTY31DEC2424250PE.NFO,2024-12-05,09:24:00,2024-12-31,257.05,262.25,257.05,262.25,100,26725,0
FINNIFTY31DEC2424250PE.NFO,2024-12-05,09:25:00,2024-12-31,262.25,264.5,262.25,264.4,975,26775,0
FINNIFTY31DEC2424250PE.NFO,2024-12-05,09:26:00,2024-12-31,264.4,270.0,264.4,268.05,1350,26775,0
FINNIFTY31DEC2424250PE.NFO,2024-12-05,09:27:00,2024-12-31,268.05,268.05,268.05,268.05,25,27150,0
FINNIFTY31DEC2424250PE.NFO,2024-12-05,09:28:00,2024-12-31,268.05,272.0,266.45,266.45,50,27150,0
FINNIFTY31DEC2424250PE.NFO,2024-12-05,09:29:00,2024-12-31,265.2,265.2,262.95,262.95,25,27150,0
FINNIFTY31DEC2424250PE.NFO,2024-12-05,09:30:00,2024-12-31,262.95,266.6,262.95,266.6,25,27150,0
FINNIFTY31DEC2424250PE.NFO,2024-12-05,09:31:00,2024-12-31,266.6,267.0,266.6,267.0,25,27175,0
FINNIFTY31DEC2424250PE.NFO,2024-12-05,09:32:00,2024-12-31,267.0,267.0,267.0,267.0,0,27175,0
FINNIFTY31DEC2424250PE.NFO,2024-12-05,09:33:00,2024-12-31,267.0,267.85,267.0,267.85,50,27150,0
FINNIFTY31DEC2424250PE.NFO,2024-12-05,09:34:00,2024-12-31,267.85,272.65,267.85,272.15,275,27150,0
FINNIFTY31DEC2424250PE.NFO,2024-12-05,09:35:00,2024-12-31,272.15,274.0,272.1,272.1,3125,27150,0
FINNIFTY31DEC2424250PE.NFO,2024-12-05,09:36:00,2024-12-31,272.1,272.1,263.05,265.35,2700,27225,0
FINNIFTY31DEC2424250PE.NFO,2024-12-05,09:37:00,2024-12-31,265.35,265.35,265.35,265.35,0,27225,0
FINNIFTY31DEC2424250PE.NFO,2024-12-05,09:38:00,2024-12-31,265.35,279.2,262.75,274.65,1200,27225,0
FINNIFTY31DEC2424250PE.NFO,2024-12-05,09:39:00,2024-12-31,274.65,277.5,274.3,274.3,100,27225,0
FINNIFTY31DEC2424250PE.NFO,2024-12-05,09:40:00,2024-12-31,274.3,278.55,274.3,276.35,50,26975,0
FINNIFTY31DEC2424250PE.NFO,2024-12-05,09:41:00,2024-12-31,276.35,278.55,275.0,275.95,350,26975,0
FINNIFTY31DEC2424250PE.NFO,2024-12-05,09:42:00,2024-12-31,275.95,275.95,275.95,275.95,125,26975,0
FINNIFTY31DEC2424250PE.NFO,2024-12-05,09:43:00,2024-12-31,275.95,277.05,275.95,277.05,25,26700,0
FINNIFTY31DEC2424250PE.NFO,2024-12-05,09:44:00,2024-12-31,277.05,280.5,277.05,280.4,100,26700,0
FINNIFTY31DEC2424250PE.NFO,2024-12-05,09:45:00,2024-12-31,280.4,282.5,278.0,278.0,1150,26575,0
FINNIFTY31DEC2424250PE.NFO,2024-12-05,09:46:00,2024-12-31,278.0,286.95,278.0,285.6,600,26575,0
FINNIFTY31DEC2424250PE.NFO,2024-12-05,09:47:00,2024-12-31,285.6,285.6,284.8,284.8,100,26575,0
FINNIFTY31DEC2424250PE.NFO,2024-12-05,09:48:00,2024-12-31,284.8,298.35,284.8,298.25,1200,26150,0
FINNIFTY31DEC2424250PE.NFO,2024-12-05,09:49:00,2024-12-31,298.25,300.0,295.1,296.5,1300,26150,0
FINNIFTY31DEC2424250PE.NFO,2024-12-05,09:50:00,2024-12-31,296.5,300.4,296.5,298.7,1425,26150,0
FINNIFTY31DEC2424250PE.NFO,2024-12-05,09:51:00,2024-12-31,298.7,300.75,293.05,298.9,600,26525,0
FINNIFTY31DEC2424250PE.NFO,2024-12-05,09:52:00,2024-12-31,298.9,298.9,294.65,295.8,125,26525,0
FINNIFTY31DEC2424250PE.NFO,2024-12-05,09:53:00,2024-12-31,295.8,295.8,292.35,292.35,150,26525,0
FINNIFTY31DEC2424250PE.NFO,2024-12-05,09:54:00,2024-12-31,292.35,304.65,292.35,302.3,400,26525,0
FINNIFTY31DEC2424250PE.NFO,2024-12-05,09:55:00,2024-12-31,302.3,302.3,296.15,301.95,350,26175,0
FINNIFTY31DEC2424250PE.NFO,2024-12-05,09:56:00,2024-12-31,301.95,301.95,299.0,299.0,1200,26175,0
FINNIFTY31DEC2424250PE.NFO,2024-12-05,09:57:00,2024-12-31,299.0,299.0,293.3,293.4,1175,25625,0
FINNIFTY31DEC2424250PE.NFO,2024-12-05,09:58:00,2024-12-31,293.4,297.0,293.4,295.0,775,25625,0
FINNIFTY31DEC2424250PE.NFO,2024-12-05,09:59:00,2024-12-31,295.0,295.0,294.9,294.9,50,25625,0
FINNIFTY31DEC2424250PE.NFO,2024-12-05,10:00:00,2024-12-31,294.9,294.9,294.9,294.9,0,25625,0
FINNIFTY31DEC2424250PE.NFO,2024-12-05,10:01:00,2024-12-31,294.9,294.9,283.9,287.2,425,26150,0
FINNIFTY31DEC2424250PE.NFO,2024-12-05,10:02:00,2024-12-31,287.2,287.2,286.6,286.75,75,26150,0
FINNIFTY31DEC2424250PE.NFO,2024-12-05,10:03:00,2024-12-31,286.75,294.35,286.75,294.35,50,26000,0
FINNIFTY31DEC2424250PE.NFO,2024-12-05,10:04:00,2024-12-31,294.35,296.4,294.35,296.4,600,26000,0
FINNIFTY31DEC2424250PE.NFO,2024-12-05,10:05:00,2024-12-31,296.4,296.4,293.85,295.4,50,26000,0
FINNIFTY31DEC2424250PE.NFO,2024-12-05,10:06:00,2024-12-31,295.4,295.4,294.55,294.55,150,26000,0
FINNIFTY31DEC2424250PE.NFO,2024-12-05,10:07:00,2024-12-31,294.55,296.0,293.15,293.15,75,26250,0
FINNIFTY31DEC2424250PE.NFO,2024-12-05,10:08:00,2024-12-31,293.15,296.0,293.15,294.9,350,26250,0
FINNIFTY31DEC2424250PE.NFO,2024-12-05,10:09:00,2024-12-31,294.9,300.0,294.9,298.3,250,26350,0
FINNIFTY31DEC2424250PE.NFO,2024-12-05,10:10:00,2024-12-31,298.3,302.0,297.2,302.0,900,26350,0
FINNIFTY31DEC2424250PE.NFO,2024-12-05,10:11:00,2024-12-31,302.0,302.0,300.6,300.6,175,26350,0
FINNIFTY31DEC2424250PE.NFO,2024-12-05,10:12:00,2024-12-31,300.6,300.85,298.0,300.85,1050,25700,0
FINNIFTY31DEC2424250PE.NFO,2024-12-05,10:13:00,2024-12-31,300.85,304.0,300.3,304.0,500,25700,0
FINNIFTY31DEC2424250PE.NFO,2024-12-05,10:14:00,2024-12-31,304.0,305.0,303.15,305.0,375,25700,0
FINNIFTY31DEC2424250PE.NFO,2024-12-05,10:15:00,2024-12-31,305.0,305.95,298.85,298.85,950,25275,0
FINNIFTY31DEC2424250PE.NFO,2024-12-05,10:16:00,2024-12-31,298.85,298.85,298.85,298.85,0,25275,0
FINNIFTY31DEC2424250PE.NFO,2024-12-05,10:17:00,2024-12-31,298.85,298.85,298.25,298.25,25,25275,0
FINNIFTY31DEC2424250PE.NFO,2024-12-05,10:18:00,2024-12-31,298.25,309.0,298.25,309.0,400,25200,0
FINNIFTY31DEC2424250PE.NFO,2024-12-05,10:19:00,2024-12-31,309.0,309.0,304.55,304.55,125,25200,0
FINNIFTY31DEC2424250PE.NFO,2024-12-05,10:20:00,2024-12-31,304.55,304.55,302.0,302.0,75,25200,0
FINNIFTY31DEC2424250PE.NFO,2024-12-05,10:21:00,2024-12-31,302.0,302.0,294.2,294.5,450,25000,0
FINNIFTY31DEC2424250PE.NFO,2024-12-05,10:22:00,2024-12-31,294.5,294.5,288.35,289.8,575,25000,0
FINNIFTY31DEC2424250PE.NFO,2024-12-05,10:23:00,2024-12-31,289.8,289.8,289.8,289.8,0,25000,0
FINNIFTY31DEC2424250PE.NFO,2024-12-05,10:24:00,2024-12-31,289.8,289.8,289.15,289.6,50,25000,0
FINNIFTY31DEC2424250PE.NFO,2024-12-05,10:25:00,2024-12-31,289.6,292.55,289.6,292.55,50,24900,0
FINNIFTY31DEC2424250PE.NFO,2024-12-05,10:26:00,2024-12-31,292.55,296.3,292.55,296.3,175,24900,0
FINNIFTY31DEC2424250PE.NFO,2024-12-05,10:27:00,2024-12-31,296.3,296.6,296.3,296.6,75,24900,0
FINNIFTY31DEC2424250PE.NFO,2024-12-05,10:28:00,2024-12-31,296.6,302.25,296.6,302.25,200,25100,0
FINNIFTY31DEC2424250PE.NFO,2024-12-05,10:29:00,2024-12-31,302.25,302.25,299.9,299.9,25,25100,0
FINNIFTY31DEC2424250PE.NFO,2024-12-05,10:30:00,2024-12-31,299.9,301.45,299.9,301.45,25,25100,0
FINNIFTY31DEC2424250PE.NFO,2024-12-05,10:31:00,2024-12-31,301.45,301.45,298.4,298.4,300,25275,0
FINNIFTY31DEC2424250PE.NFO,2024-12-05,10:32:00,2024-12-31,298.4,298.4,298.4,298.4,0,25275,0
FINNIFTY31DEC2424250PE.NFO,2024-12-05,10:33:00,2024-12-31,298.4,298.4,298.4,298.4,0,25275,0
FINNIFTY31DEC2424250PE.NFO,2024-12-05,10:34:00,2024-12-31,298.4,305.0,298.4,305.0,25,25025,0
FINNIFTY31DEC2424250PE.NFO,2024-12-05,10:35:00,2024-12-31,305.0,305.0,304.7,304.7,150,25025,0
FINNIFTY31DEC2424250PE.NFO,2024-12-05,10:36:00,2024-12-31,304.7,306.55,304.7,306.55,25,25025,0
FINNIFTY31DEC2424250PE.NFO,2024-12-05,10:37:00,2024-12-31,306.55,311.35,306.55,310.7,1450,24925,0
FINNIFTY31DEC2424250PE.NFO,2024-12-05,10:38:00,2024-12-31,310.7,312.5,310.7,311.95,100,24925,0
FINNIFTY31DEC2424250PE.NFO,2024-12-05,10:39:00,2024-12-31,311.95,311.95,303.15,303.15,525,24925,0
FINNIFTY31DEC2424250PE.NFO,2024-12-05,10:40:00,2024-12-31,303.15,309.6,303.15,309.55,100,24200,0
FINNIFTY31DEC2424250PE.NFO,2024-12-05,10:41:00,2024-12-31,309.55,309.55,306.75,306.75,25,24200,0
FINNIFTY31DEC2424250PE.NFO,2024-12-05,10:42:00,2024-12-31,306.75,306.75,306.75,306.75,0,24200,0
FINNIFTY31DEC2424250PE.NFO,2024-12-05,10:43:00,2024-12-31,306.75,306.75,306.75,306.75,0,24200,0
FINNIFTY31DEC2424250PE.NFO,2024-12-05,10:44:00,2024-12-31,306.75,307.5,303.95,307.5,675,24225,0
FINNIFTY31DEC2424250PE.NFO,2024-12-05,10:45:00,2024-12-31,307.5,312.7,307.5,312.7,25,24375,0
FINNIFTY31DEC2424250PE.NFO,2024-12-05,10:46:00,2024-12-31,312.7,314.7,311.85,314.65,125,24375,0
FINNIFTY31DEC2424250PE.NFO,2024-12-05,10:47:00,2024-12-31,314.65,318.45,314.65,318.3,1200,24375,0
FINNIFTY31DEC2424250PE.NFO,2024-12-05,10:48:00,2024-12-31,318.3,318.3,313.05,314.9,250,23975,0
FINNIFTY31DEC2424250PE.NFO,2024-12-05,10:49:00,2024-12-31,314.9,315.7,313.95,314.1,125,23975,0
FINNIFTY31DEC2424250PE.NFO,2024-12-05,10:50:00,2024-12-31,314.1,314.1,310.05,310.15,200,23975,0
FINNIFTY31DEC2424250PE.NFO,2024-12-05,10:51:00,2024-12-31,310.15,310.15,309.7,309.7,50,23975,0
FINNIFTY31DEC2424250PE.NFO,2024-12-05,10:52:00,2024-12-31,309.7,309.7,299.35,299.35,450,23825,0
FINNIFTY31DEC2424250PE.NFO,2024-12-05,10:53:00,2024-12-31,299.35,299.35,299.35,299.35,0,23825,0
FINNIFTY31DEC2424250PE.NFO,2024-12-05,10:54:00,2024-12-31,299.35,311.5,299.35,310.1,575,23825,0
FINNIFTY31DEC2424250PE.NFO,2024-12-05,10:55:00,2024-12-31,310.1,311.5,310.1,311.5,150,23750,0
FINNIFTY31DEC2424250PE.NFO,2024-12-05,10:56:00,2024-12-31,311.5,311.9,307.95,307.95,150,23750,0
FINNIFTY31DEC2424250PE.NFO,2024-12-05,10:57:00,2024-12-31,307.95,308.65,307.95,308.65,25,23750,0
FINNIFTY31DEC2424250PE.NFO,2024-12-05,10:58:00,2024-12-31,308.65,332.15,308.65,332.15,850,23625,0
FINNIFTY31DEC2424250PE.NFO,2024-12-05,10:59:00,2024-12-31,332.15,337.8,325.75,327.0,1050,23625,0
FINNIFTY31DEC2424250PE.NFO,2024-12-05,11:00:00,2024-12-31,327.0,336.3,327.0,332.0,550,23850,0
FINNIFTY31DEC2424250PE.NFO,2024-12-05,11:01:00,2024-12-31,332.0,332.0,327.0,328.35,375,23850,0
FINNIFTY31DEC2424250PE.NFO,2024-12-05,11:02:00,2024-12-31,328.35,328.35,318.8,318.8,1350,23850,0
FINNIFTY31DEC2424250PE.NFO,2024-12-05,11:03:00,2024-12-31,318.8,318.8,317.85,317.85,50,23850,0
FINNIFTY31DEC2424250PE.NFO,2024-12-05,11:04:00,2024-12-31,317.85,318.0,314.55,318.0,75,23275,0
FINNIFTY31DEC2424250PE.NFO,2024-12-05,11:05:00,2024-12-31,318.0,319.5,317.35,319.5,50,23275,0
FINNIFTY31DEC2424250PE.NFO,2024-12-05,11:06:00,2024-12-31,319.5,323.4,319.5,322.1,225,23275,0
FINNIFTY31DEC2424250PE.NFO,2024-12-05,11:07:00,2024-12-31,322.1,322.1,322.1,322.1,0,23275,0
FINNIFTY31DEC2424250PE.NFO,2024-12-05,11:08:00,2024-12-31,322.1,325.0,322.1,325.0,100,23275,0
FINNIFTY31DEC2424250PE.NFO,2024-12-05,11:09:00,2024-12-31,325.0,325.0,325.0,325.0,0,23275,0
FINNIFTY31DEC2424250PE.NFO,2024-12-05,11:10:00,2024-12-31,325.0,327.3,323.0,327.3,525,23175,0
FINNIFTY31DEC2424250PE.NFO,2024-12-05,11:11:00,2024-12-31,327.3,328.5,326.65,326.65,275,23175,0
FINNIFTY31DEC2424250PE.NFO,2024-12-05,11:12:00,2024-12-31,326.65,326.65,323.5,325.05,75,23175,0
FINNIFTY31DEC2424250PE.NFO,2024-12-05,11:13:00,2024-12-31,325.05,326.55,323.1,323.1,325,23050,0
FINNIFTY31DEC2424250PE.NFO,2024-12-05,11:14:00,2024-12-31,323.1,323.1,323.05,323.05,50,23050,0
FINNIFTY31DEC2424250PE.NFO,2024-12-05,11:15:00,2024-12-31,323.05,328.0,323.05,328.0,75,23050,0
FINNIFTY31DEC2424250PE.NFO,2024-12-05,11:16:00,2024-12-31,328.0,328.0,328.0,328.0,0,23050,0
FINNIFTY31DEC2424250PE.NFO,2024-12-05,11:17:00,2024-12-31,328.0,330.6,328.0,330.6,550,23025,0
FINNIFTY31DEC2424250PE.NFO,2024-12-05,11:18:00,2024-12-31,330.6,330.95,330.55,330.95,50,23025,0
FINNIFTY31DEC2424250PE.NFO,2024-12-05,11:19:00,2024-12-31,330.95,330.95,330.0,330.0,225,22925,0
FINNIFTY31DEC2424250PE.NFO,2024-12-05,11:20:00,2024-12-31,330.0,330.0,330.0,330.0,0,22925,0
FINNIFTY31DEC2424250PE.NFO,2024-12-05,11:21:00,2024-12-31,330.0,330.0,330.0,330.0,0,22925,0
FINNIFTY31DEC2424250PE.NFO,2024-12-05,11:22:00,2024-12-31,330.0,331.0,327.45,331.0,275,22750,0
FINNIFTY31DEC2424250PE.NFO,2024-12-05,11:23:00,2024-12-31,331.0,331.0,331.0,331.0,0,22750,0
FINNIFTY31DEC2424250PE.NFO,2024-12-05,11:24:00,2024-12-31,331.0,331.0,328.65,328.65,100,22750,0
FINNIFTY31DEC2424250PE.NFO,2024-12-05,11:25:00,2024-12-31,328.65,329.25,322.95,322.95,75,22525,0
FINNIFTY31DEC2424250PE.NFO,2024-12-05,11:26:00,2024-12-31,322.95,322.95,322.95,322.95,0,22525,0
FINNIFTY31DEC2424250PE.NFO,2024-12-05,11:27:00,2024-12-31,322.95,326.05,322.95,326.05,25,22525,0
FINNIFTY31DEC2424250PE.NFO,2024-12-05,11:28:00,2024-12-31,326.05,326.4,323.5,323.85,200,22525,0
FINNIFTY31DEC2424250PE.NFO,2024-12-05,11:29:00,2024-12-31,323.85,324.2,321.6,321.6,100,22525,0
FINNIFTY31DEC2424250PE.NFO,2024-12-05,11:30:00,2024-12-31,321.6,326.85,321.6,326.85,75,22525,0
FINNIFTY31DEC2424250PE.NFO,2024-12-05,11:31:00,2024-12-31,326.85,326.85,326.85,326.85,0,22525,0
FINNIFTY31DEC2424250PE.NFO,2024-12-05,11:32:00,2024-12-31,326.85,326.85,326.0,326.0,25,22450,0
FINNIFTY31DEC2424250PE.NFO,2024-12-05,11:33:00,2024-12-31,326.0,326.0,326.0,326.0,0,22450,0
FINNIFTY31DEC2424250PE.NFO,2024-12-05,11:34:00,2024-12-31,326.0,326.4,326.0,326.4,25,22450,0
FINNIFTY31DEC2424250PE.NFO,2024-12-05,11:35:00,2024-12-31,326.4,326.4,326.0,326.0,200,22450,0
FINNIFTY31DEC2424250PE.NFO,2024-12-05,11:36:00,2024-12-31,326.0,326.0,324.0,324.0,425,22450,0
FINNIFTY31DEC2424250PE.NFO,2024-12-05,11:37:00,2024-12-31,324.0,326.4,324.0,326.4,325,22650,0
FINNIFTY31DEC2424250PE.NFO,2024-12-05,11:38:00,2024-12-31,326.4,326.4,326.4,326.4,0,22650,0
FINNIFTY31DEC2424250PE.NFO,2024-12-05,11:39:00,2024-12-31,326.4,326.4,320.65,321.2,200,22650,0
FINNIFTY31DEC2424250PE.NFO,2024-12-05,11:40:00,2024-12-31,321.2,322.5,321.2,322.5,25,22575,0
FINNIFTY31DEC2424250PE.NFO,2024-12-05,11:41:00,2024-12-31,322.5,322.5,322.5,322.5,0,22575,0
FINNIFTY31DEC2424250PE.NFO,2024-12-05,11:42:00,2024-12-31,322.5,325.5,321.95,321.95,550,22575,0
FINNIFTY31DEC2424250PE.NFO,2024-12-05,11:43:00,2024-12-31,321.95,322.05,321.45,321.45,250,22625,0
FINNIFTY31DEC2424250PE.NFO,2024-12-05,11:44:00,2024-12-31,321.45,321.45,319.35,319.35,50,22625,0
FINNIFTY31DEC2424250PE.NFO,2024-12-05,11:45:00,2024-12-31,319.35,319.35,316.6,316.6,25,22625,0
FINNIFTY31DEC2424250PE.NFO,2024-12-05,11:46:00,2024-12-31,316.6,318.0,313.6,314.1,125,22550,0
FINNIFTY31DEC2424250PE.NFO,2024-12-05,11:47:00,2024-12-31,314.1,315.55,313.6,315.55,300,22550,0
FINNIFTY31DEC2424250PE.NFO,2024-12-05,11:48:00,2024-12-31,315.55,320.0,315.55,320.0,100,22550,0
FINNIFTY31DEC2424250PE.NFO,2024-12-05,11:49:00,2024-12-31,320.0,320.0,315.35,315.45,275,22400,0
FINNIFTY31DEC2424250PE.NFO,2024-12-05,11:50:00,2024-12-31,315.45,315.45,315.45,315.45,0,22400,0
FINNIFTY31DEC2424250PE.NFO,2024-12-05,11:51:00,2024-12-31,315.45,315.45,315.45,315.45,0,22400,0
FINNIFTY31DEC2424250PE.NFO,2024-12-05,11:52:00,2024-12-31,315.45,315.45,311.8,312.95,125,22175,0
FINNIFTY31DEC2424250PE.NFO,2024-12-05,11:53:00,2024-12-31,312.95,314.5,312.95,314.5,25,22175,0
FINNIFTY31DEC2424250PE.NFO,2024-12-05,11:54:00,2024-12-31,314.5,315.15,314.5,315.15,25,22175,0
FINNIFTY31DEC2424250PE.NFO,2024-12-05,11:55:00,2024-12-31,315.15,315.15,315.15,315.15,50,22175,0
FINNIFTY31DEC2424250PE.NFO,2024-12-05,11:56:00,2024-12-31,315.15,315.15,315.15,315.15,0,22175,0
FINNIFTY31DEC2424250PE.NFO,2024-12-05,11:57:00,2024-12-31,315.15,316.65,315.15,315.3,100,22175,0
FINNIFTY31DEC2424250PE.NFO,2024-12-05,11:58:00,2024-12-31,315.3,315.3,314.65,314.65,25,22175,0
FINNIFTY31DEC2424250PE.NFO,2024-12-05,11:59:00,2024-12-31,314.65,314.65,309.0,309.0,275,22175,0
FINNIFTY31DEC2424250PE.NFO,2024-12-05,12:00:00,2024-12-31,309.0,309.0,309.0,309.0,0,22175,0
FINNIFTY31DEC2424250PE.NFO,2024-12-05,12:01:00,2024-12-31,309.0,309.0,303.9,304.55,50,21950,0
FINNIFTY31DEC2424250PE.NFO,2024-12-05,12:02:00,2024-12-31,304.55,304.55,304.55,304.55,0,21950,0
FINNIFTY31DEC2424250PE.NFO,2024-12-05,12:03:00,2024-12-31,304.55,304.55,298.3,300.2,75,21950,0
FINNIFTY31DEC2424250PE.NFO,2024-12-05,12:04:00,2024-12-31,300.2,300.2,293.0,293.0,25,21925,0
FINNIFTY31DEC2424250PE.NFO,2024-12-05,12:05:00,2024-12-31,293.0,293.45,280.0,280.0,375,21925,0
FINNIFTY31DEC2424250PE.NFO,2024-12-05,12:06:00,2024-12-31,280.0,280.5,269.6,269.6,975,21925,0
FINNIFTY31DEC2424250PE.NFO,2024-12-05,12:07:00,2024-12-31,269.6,269.6,257.7,258.15,725,22450,0
FINNIFTY31DEC2424250PE.NFO,2024-12-05,12:08:00,2024-12-31,258.15,258.15,250.0,250.0,2600,22450,0
FINNIFTY31DEC2424250PE.NFO,2024-12-05,12:09:00,2024-12-31,250.0,255.75,244.6,250.35,475,22450,0
FINNIFTY31DEC2424250PE.NFO,2024-12-05,12:10:00,2024-12-31,250.35,250.35,241.0,242.4,425,22750,0
FINNIFTY31DEC2424250PE.NFO,2024-12-05,12:11:00,2024-12-31,242.4,242.4,233.9,237.75,300,22750,0
FINNIFTY31DEC2424250PE.NFO,2024-12-05,12:12:00,2024-12-31,237.75,237.75,228.65,228.65,425,22750,0
FINNIFTY31DEC2424250PE.NFO,2024-12-05,12:13:00,2024-12-31,228.65,229.85,227.4,227.4,100,22950,0
FINNIFTY31DEC2424250PE.NFO,2024-12-05,12:14:00,2024-12-31,227.4,228.45,226.9,227.55,350,22950,0
FINNIFTY31DEC2424250PE.NFO,2024-12-05,12:15:00,2024-12-31,227.55,227.55,217.3,218.95,275,22950,0
FINNIFTY31DEC2424250PE.NFO,2024-12-05,12:16:00,2024-12-31,218.95,223.55,215.75,223.3,1050,22575,0
FINNIFTY31DEC2424250PE.NFO,2024-12-05,12:17:00,2024-12-31,223.3,223.3,217.5,218.4,75,22575,0
FINNIFTY31DEC2424250PE.NFO,2024-12-05,12:18:00,2024-12-31,218.4,218.4,218.4,218.4,0,22575,0
FINNIFTY31DEC2424250PE.NFO,2024-12-05,12:19:00,2024-12-31,218.4,218.4,215.0,215.0,75,23300,0
FINNIFTY31DEC2424250PE.NFO,2024-12-05,12:20:00,2024-12-31,215.0,221.0,215.0,220.0,225,23300,0
FINNIFTY31DEC2424250PE.NFO,2024-12-05,12:21:00,2024-12-31,220.0,223.15,220.0,223.15,300,23300,0
FINNIFTY31DEC2424250PE.NFO,2024-12-05,12:22:00,2024-12-31,226.85,231.95,226.85,227.25,400,23050,0
FINNIFTY31DEC2424250PE.NFO,2024-12-05,12:23:00,2024-12-31,227.25,227.25,224.1,227.15,650,23050,0
FINNIFTY31DEC2424250PE.NFO,2024-12-05,12:24:00,2024-12-31,227.15,227.15,224.3,224.3,325,23050,0
FINNIFTY31DEC2424250PE.NFO,2024-12-05,12:25:00,2024-12-31,224.3,226.25,224.3,225.35,625,23100,0
FINNIFTY31DEC2424250PE.NFO,2024-12-05,12:26:00,2024-12-31,225.35,226.45,225.35,226.45,50,23100,0
FINNIFTY31DEC2424250PE.NFO,2024-12-05,12:27:00,2024-12-31,226.45,229.25,226.45,229.25,50,23100,0
FINNIFTY31DEC2424250PE.NFO,2024-12-05,12:28:00,2024-12-31,229.25,229.25,229.25,229.25,0,23100,0
FINNIFTY31DEC2424250PE.NFO,2024-12-05,12:29:00,2024-12-31,229.25,229.25,225.35,226.55,125,23075,0
FINNIFTY31DEC2424250PE.NFO,2024-12-05,12:30:00,2024-12-31,226.55,231.0,226.55,229.45,850,23075,0
FINNIFTY31DEC2424250PE.NFO,2024-12-05,12:31:00,2024-12-31,229.45,229.45,225.35,225.35,75,22850,0
FINNIFTY31DEC2424250PE.NFO,2024-12-05,12:32:00,2024-12-31,225.35,225.35,225.25,225.25,25,22850,0
FINNIFTY31DEC2424250PE.NFO,2024-12-05,12:33:00,2024-12-31,225.25,225.9,225.25,225.5,175,22850,0
FINNIFTY31DEC2424250PE.NFO,2024-12-05,12:34:00,2024-12-31,225.5,225.5,225.5,225.5,0,22850,0
FINNIFTY31DEC2424250PE.NFO,2024-12-05,12:35:00,2024-12-31,225.5,225.5,225.5,225.5,0,22850,0
FINNIFTY31DEC2424250PE.NFO,2024-12-05,12:36:00,2024-12-31,225.5,230.35,225.5,230.35,50,22750,0
FINNIFTY31DEC2424250PE.NFO,2024-12-05,12:37:00,2024-12-31,230.35,230.35,229.8,229.8,25,22750,0
FINNIFTY31DEC2424250PE.NFO,2024-12-05,12:38:00,2024-12-31,229.8,229.8,229.8,229.8,0,22750,0
FINNIFTY31DEC2424250PE.NFO,2024-12-05,12:39:00,2024-12-31,229.8,234.85,229.8,234.85,50,22750,0
FINNIFTY31DEC2424250PE.NFO,2024-12-05,12:40:00,2024-12-31,234.85,234.85,229.8,229.8,100,22750,0
FINNIFTY31DEC2424250PE.NFO,2024-12-05,12:41:00,2024-12-31,229.8,229.8,229.8,229.8,0,22750,0
FINNIFTY31DEC2424250PE.NFO,2024-12-05,12:42:00,2024-12-31,229.8,229.8,229.8,229.8,0,22750,0
FINNIFTY31DEC2424250PE.NFO,2024-12-05,12:43:00,2024-12-31,229.8,235.95,229.8,234.45,200,22750,0
FINNIFTY31DEC2424250PE.NFO,2024-12-05,12:44:00,2024-12-31,234.45,234.45,233.8,233.8,25,22750,0
FINNIFTY31DEC2424250PE.NFO,2024-12-05,12:45:00,2024-12-31,233.8,233.8,233.8,233.8,0,22750,0
FINNIFTY31DEC2424250PE.NFO,2024-12-05,12:46:00,2024-12-31,233.8,233.8,233.8,233.8,0,22750,0
FINNIFTY31DEC2424250PE.NFO,2024-12-05,12:47:00,2024-12-31,233.8,233.8,233.8,233.8,0,22750,0
FINNIFTY31DEC2424250PE.NFO,2024-12-05,12:48:00,2024-12-31,233.8,238.7,233.8,238.7,325,22750,0
FINNIFTY31DEC2424250PE.NFO,2024-12-05,12:49:00,2024-12-31,238.7,238.7,234.2,234.2,25,22700,0
FINNIFTY31DEC2424250PE.NFO,2024-12-05,12:50:00,2024-12-31,234.2,234.85,234.0,234.85,75,22700,0
FINNIFTY31DEC2424250PE.NFO,2024-12-05,12:51:00,2024-12-31,234.85,239.45,234.85,237.4,100,22700,0
FINNIFTY31DEC2424250PE.NFO,2024-12-05,12:52:00,2024-12-31,237.4,240.0,234.0,234.0,75,22675,0
FINNIFTY31DEC2424250PE.NFO,2024-12-05,12:53:00,2024-12-31,234.0,234.0,234.0,234.0,0,22675,0
FINNIFTY31DEC2424250PE.NFO,2024-12-05,12:54:00,2024-12-31,234.0,234.0,234.0,234.0,0,22675,0
FINNIFTY31DEC2424250PE.NFO,2024-12-05,12:55:00,2024-12-31,234.0,234.0,234.0,234.0,0,22675,0
FINNIFTY31DEC2424250PE.NFO,2024-12-05,12:56:00,2024-12-31,234.0,234.0,234.0,234.0,0,22675,0
FINNIFTY31DEC2424250PE.NFO,2024-12-05,12:57:00,2024-12-31,234.0,234.0,234.0,234.0,0,22675,0
FINNIFTY31DEC2424250PE.NFO,2024-12-05,12:58:00,2024-12-31,234.0,234.0,230.0,230.0,250,22675,0
FINNIFTY31DEC2424250PE.NFO,2024-12-05,12:59:00,2024-12-31,230.0,232.0,230.0,232.0,550,22675,0
FINNIFTY31DEC2424250PE.NFO,2024-12-05,13:00:00,2024-12-31,232.0,232.0,230.25,230.25,50,22675,0
FINNIFTY31DEC2424250PE.NFO,2024-12-05,13:01:00,2024-12-31,230.25,231.5,230.25,231.5,100,22500,0
FINNIFTY31DEC2424250PE.NFO,2024-12-05,13:02:00,2024-12-31,231.5,231.5,231.5,231.5,0,22500,0
FINNIFTY31DEC2424250PE.NFO,2024-12-05,13:03:00,2024-12-31,231.5,231.5,231.5,231.5,0,22500,0
FINNIFTY31DEC2424250PE.NFO,2024-12-05,13:04:00,2024-12-31,231.5,231.5,227.4,227.4,25,22600,0
FINNIFTY31DEC2424250PE.NFO,2024-12-05,13:05:00,2024-12-31,227.4,227.4,227.2,227.2,25,22600,0
FINNIFTY31DEC2424250PE.NFO,2024-12-05,13:06:00,2024-12-31,227.2,227.2,227.2,227.2,0,22600,0
FINNIFTY31DEC2424250PE.NFO,2024-12-05,13:07:00,2024-12-31,227.2,227.2,227.2,227.2,0,22600,0
FINNIFTY31DEC2424250PE.NFO,2024-12-05,13:08:00,2024-12-31,227.2,227.2,227.2,227.2,0,22600,0
FINNIFTY31DEC2424250PE.NFO,2024-12-05,13:09:00,2024-12-31,227.2,227.2,225.0,225.0,50,22600,0
FINNIFTY31DEC2424250PE.NFO,2024-12-05,13:10:00,2024-12-31,225.0,226.0,225.0,226.0,0,22600,0
FINNIFTY31DEC2424250PE.NFO,2024-12-05,13:11:00,2024-12-31,226.0,227.05,226.0,227.05,25,22575,0
FINNIFTY31DEC2424250PE.NFO,2024-12-05,13:12:00,2024-12-31,227.05,227.05,227.05,227.05,0,22575,0
FINNIFTY31DEC2424250PE.NFO,2024-12-05,13:13:00,2024-12-31,227.05,227.05,220.0,220.3,125,22550,0
FINNIFTY31DEC2424250PE.NFO,2024-12-05,13:14:00,2024-12-31,220.3,220.95,220.3,220.95,25,22550,0
FINNIFTY31DEC2424250PE.NFO,2024-12-05,13:15:00,2024-12-31,220.95,220.95,216.0,216.0,325,22550,0
FINNIFTY31DEC2424250PE.NFO,2024-12-05,13:16:00,2024-12-31,216.0,216.0,216.0,216.0,0,22550,0
FINNIFTY31DEC2424250PE.NFO,2024-12-05,13:17:00,2024-12-31,216.0,221.75,216.0,221.05,100,22825,0
FINNIFTY31DEC2424250PE.NFO,2024-12-05,13:18:00,2024-12-31,221.05,222.8,220.75,221.25,175,22825,0
FINNIFTY31DEC2424250PE.NFO,2024-12-05,13:19:00,2024-12-31,221.25,221.8,221.25,221.8,50,22950,0
FINNIFTY31DEC2424250PE.NFO,2024-12-05,13:20:00,2024-12-31,221.8,224.25,221.8,224.25,100,22950,0
FINNIFTY31DEC2424250PE.NFO,2024-12-05,13:21:00,2024-12-31,224.25,226.8,224.25,226.2,175,22950,0
FINNIFTY31DEC2424250PE.NFO,2024-12-05,13:22:00,2024-12-31,226.2,228.3,226.2,227.7,250,23025,0
FINNIFTY31DEC2424250PE.NFO,2024-12-05,13:23:00,2024-12-31,227.7,228.75,225.9,225.9,325,23025,0
FINNIFTY31DEC2424250PE.NFO,2024-12-05,13:24:00,2024-12-31,225.9,225.9,225.9,225.9,0,23025,0
FINNIFTY31DEC2424250PE.NFO,2024-12-05,13:25:00,2024-12-31,225.9,228.55,225.9,228.55,50,22850,0
FINNIFTY31DEC2424250PE.NFO,2024-12-05,13:26:00,2024-12-31,228.55,230.0,228.55,230.0,125,22850,0
FINNIFTY31DEC2424250PE.NFO,2024-12-05,13:27:00,2024-12-31,230.0,235.15,230.0,234.9,350,22850,0
FINNIFTY31DEC2424250PE.NFO,2024-12-05,13:28:00,2024-12-31,234.9,234.9,230.1,230.1,100,23025,0
FINNIFTY31DEC2424250PE.NFO,2024-12-05,13:29:00,2024-12-31,230.1,233.3,230.1,232.35,100,23025,0
FINNIFTY31DEC2424250PE.NFO,2024-12-05,13:30:00,2024-12-31,232.35,233.85,229.5,229.5,50,23025,0
FINNIFTY31DEC2424250PE.NFO,2024-12-05,13:31:00,2024-12-31,231.4,232.7,231.4,231.8,150,23025,0
FINNIFTY31DEC2424250PE.NFO,2024-12-05,13:32:00,2024-12-31,231.8,232.0,231.8,232.0,50,23025,0
FINNIFTY31DEC2424250PE.NFO,2024-12-05,13:33:00,2024-12-31,232.0,232.0,228.5,228.55,225,23025,0
FINNIFTY31DEC2424250PE.NFO,2024-12-05,13:34:00,2024-12-31,228.55,228.55,228.0,228.0,25,23250,0
FINNIFTY31DEC2424250PE.NFO,2024-12-05,13:35:00,2024-12-31,228.0,230.4,228.0,230.4,125,23250,0
FINNIFTY31DEC2424250PE.NFO,2024-12-05,13:36:00,2024-12-31,230.4,230.4,230.4,230.4,0,23250,0
FINNIFTY31DEC2424250PE.NFO,2024-12-05,13:37:00,2024-12-31,230.4,230.4,229.7,229.7,25,23250,0
FINNIFTY31DEC2424250PE.NFO,2024-12-05,13:38:00,2024-12-31,229.7,229.7,226.2,226.2,150,23250,0
FINNIFTY31DEC2424250PE.NFO,2024-12-05,13:39:00,2024-12-31,226.2,226.2,226.2,226.2,0,23250,0
FINNIFTY31DEC2424250PE.NFO,2024-12-05,13:40:00,2024-12-31,226.2,226.2,226.2,226.2,0,23250,0
FINNIFTY31DEC2424250PE.NFO,2024-12-05,13:41:00,2024-12-31,226.2,226.2,223.6,223.6,75,23250,0
FINNIFTY31DEC2424250PE.NFO,2024-12-05,13:42:00,2024-12-31,223.6,223.6,220.95,221.4,250,23250,0
FINNIFTY31DEC2424250PE.NFO,2024-12-05,13:43:00,2024-12-31,221.4,221.4,220.0,220.0,125,23175,0
FINNIFTY31DEC2424250PE.NFO,2024-12-05,13:44:00,2024-12-31,220.0,223.85,220.0,223.85,25,23175,0
FINNIFTY31DEC2424250PE.NFO,2024-12-05,13:45:00,2024-12-31,223.85,224.55,223.85,224.55,25,23175,0
FINNIFTY31DEC2424250PE.NFO,2024-12-05,13:46:00,2024-12-31,224.55,224.55,219.4,219.4,75,23150,0
FINNIFTY31DEC2424250PE.NFO,2024-12-05,13:47:00,2024-12-31,219.4,223.15,219.4,223.15,50,23150,0
FINNIFTY31DEC2424250PE.NFO,2024-12-05,13:48:00,2024-12-31,223.15,223.15,221.95,221.95,100,23150,0
FINNIFTY31DEC2424250PE.NFO,2024-12-05,13:49:00,2024-12-31,221.95,223.05,221.0,223.05,50,23250,0
FINNIFTY31DEC2424250PE.NFO,2024-12-05,13:50:00,2024-12-31,223.05,223.05,221.15,221.15,25,23250,0
FINNIFTY31DEC2424250PE.NFO,2024-12-05,13:51:00,2024-12-31,221.15,221.15,221.15,221.15,0,23250,0
FINNIFTY31DEC2424250PE.NFO,2024-12-05,13:52:00,2024-12-31,221.15,221.15,221.15,221.15,0,23250,0
FINNIFTY31DEC2424250PE.NFO,2024-12-05,13:53:00,2024-12-31,221.15,224.75,221.15,224.75,25,23275,0
FINNIFTY31DEC2424250PE.NFO,2024-12-05,13:54:00,2024-12-31,224.75,224.75,224.75,224.75,0,23275,0
FINNIFTY31DEC2424250PE.NFO,2024-12-05,13:55:00,2024-12-31,224.75,224.75,224.75,224.75,0,23275,0
FINNIFTY31DEC2424250PE.NFO,2024-12-05,13:56:00,2024-12-31,224.75,224.75,224.75,224.75,0,23275,0
FINNIFTY31DEC2424250PE.NFO,2024-12-05,13:57:00,2024-12-31,224.75,224.75,219.6,219.6,900,23300,0
FINNIFTY31DEC2424250PE.NFO,2024-12-05,13:58:00,2024-12-31,219.6,219.6,217.55,217.55,75,23025,0
FINNIFTY31DEC2424250PE.NFO,2024-12-05,13:59:00,2024-12-31,217.55,221.25,217.55,221.25,150,23025,0
FINNIFTY31DEC2424250PE.NFO,2024-12-05,14:00:00,2024-12-31,221.25,221.25,221.25,221.25,0,23025,0
FINNIFTY31DEC2424250PE.NFO,2024-12-05,14:01:00,2024-12-31,221.25,224.8,221.25,224.8,75,22925,0
FINNIFTY31DEC2424250PE.NFO,2024-12-05,14:02:00,2024-12-31,224.8,224.8,223.55,223.55,50,22925,0
FINNIFTY31DEC2424250PE.NFO,2024-12-05,14:03:00,2024-12-31,223.55,225.55,223.55,225.55,25,22925,0
FINNIFTY31DEC2424250PE.NFO,2024-12-05,14:04:00,2024-12-31,224.75,226.6,224.75,226.6,125,22925,0
FINNIFTY31DEC2424250PE.NFO,2024-12-05,14:05:00,2024-12-31,226.6,226.6,226.6,226.6,0,22925,0
FINNIFTY31DEC2424250PE.NFO,2024-12-05,14:06:00,2024-12-31,226.6,226.6,226.6,226.6,0,22925,0
FINNIFTY31DEC2424250PE.NFO,2024-12-05,14:07:00,2024-12-31,226.6,226.6,226.6,226.6,0,22925,0
FINNIFTY31DEC2424250PE.NFO,2024-12-05,14:08:00,2024-12-31,226.6,226.6,226.6,226.6,0,22925,0
FINNIFTY31DEC2424250PE.NFO,2024-12-05,14:09:00,2024-12-31,226.6,226.6,225.9,225.9,25,23050,0
FINNIFTY31DEC2424250PE.NFO,2024-12-05,14:10:00,2024-12-31,225.9,225.9,224.45,224.45,725,23075,0
FINNIFTY31DEC2424250PE.NFO,2024-12-05,14:11:00,2024-12-31,224.45,224.45,221.35,221.35,625,23075,0
FINNIFTY31DEC2424250PE.NFO,2024-12-05,14:12:00,2024-12-31,221.35,221.35,206.7,206.7,825,23075,0
FINNIFTY31DEC2424250PE.NFO,2024-12-05,14:13:00,2024-12-31,206.7,208.4,202.8,202.8,250,23175,0
FINNIFTY31DEC2424250PE.NFO,2024-12-05,14:14:00,2024-12-31,202.8,204.35,202.4,203.45,50,23175,0
FINNIFTY31DEC2424250PE.NFO,2024-12-05,14:15:00,2024-12-31,203.45,203.9,199.25,203.9,325,23175,0
FINNIFTY31DEC2424250PE.NFO,2024-12-05,14:16:00,2024-12-31,203.9,204.25,203.9,204.25,100,23150,0
FINNIFTY31DEC2424250PE.NFO,2024-12-05,14:17:00,2024-12-31,204.25,204.25,202.65,202.65,50,23150,0
FINNIFTY31DEC2424250PE.NFO,2024-12-05,14:18:00,2024-12-31,202.65,203.15,202.65,203.15,25,23150,0
FINNIFTY31DEC2424250PE.NFO,2024-12-05,14:19:00,2024-12-31,203.15,203.35,201.5,201.5,50,23125,0
FINNIFTY31DEC2424250PE.NFO,2024-12-05,14:20:00,2024-12-31,201.5,202.85,201.2,202.4,375,23125,0
FINNIFTY31DEC2424250PE.NFO,2024-12-05,14:21:00,2024-12-31,202.4,205.15,201.95,202.05,225,23125,0
FINNIFTY31DEC2424250PE.NFO,2024-12-05,14:22:00,2024-12-31,202.05,202.05,202.05,202.05,0,23125,0
FINNIFTY31DEC2424250PE.NFO,2024-12-05,14:23:00,2024-12-31,202.05,202.05,202.05,202.05,0,23125,0
FINNIFTY31DEC2424250PE.NFO,2024-12-05,14:24:00,2024-12-31,202.05,202.05,202.05,202.05,0,23125,0
FINNIFTY31DEC2424250PE.NFO,2024-12-05,14:25:00,2024-12-31,202.05,204.0,202.05,204.0,0,23050,0
FINNIFTY31DEC2424250PE.NFO,2024-12-05,14:26:00,2024-12-31,204.0,204.0,203.5,203.5,75,23050,0
FINNIFTY31DEC2424250PE.NFO,2024-12-05,14:27:00,2024-12-31,203.5,203.5,203.5,203.5,0,23050,0
FINNIFTY31DEC2424250PE.NFO,2024-12-05,14:28:00,2024-12-31,203.5,203.5,194.5,194.5,500,22825,0
FINNIFTY31DEC2424250PE.NFO,2024-12-05,14:29:00,2024-12-31,194.5,194.5,188.8,189.7,350,22825,0
FINNIFTY31DEC2424250PE.NFO,2024-12-05,14:30:00,2024-12-31,189.7,193.1,189.7,193.1,575,22825,0
FINNIFTY31DEC2424250PE.NFO,2024-12-05,14:31:00,2024-12-31,193.1,193.1,190.95,190.95,75,22750,0
FINNIFTY31DEC2424250PE.NFO,2024-12-05,14:32:00,2024-12-31,190.95,191.15,190.95,191.15,0,22750,0
FINNIFTY31DEC2424250PE.NFO,2024-12-05,14:33:00,2024-12-31,191.15,191.15,189.0,189.0,100,22750,0
FINNIFTY31DEC2424250PE.NFO,2024-12-05,14:34:00,2024-12-31,189.0,189.0,189.0,189.0,0,22750,0
FINNIFTY31DEC2424250PE.NFO,2024-12-05,14:35:00,2024-12-31,189.0,191.1,189.0,190.65,100,22775,0
FINNIFTY31DEC2424250PE.NFO,2024-12-05,14:36:00,2024-12-31,190.65,190.65,189.2,189.2,225,22775,0
FINNIFTY31DEC2424250PE.NFO,2024-12-05,14:37:00,2024-12-31,189.2,189.55,189.2,189.55,25,22775,0
FINNIFTY31DEC2424250PE.NFO,2024-12-05,14:38:00,2024-12-31,189.55,194.0,189.55,194.0,25,22875,0
FINNIFTY31DEC2424250PE.NFO,2024-12-05,14:39:00,2024-12-31,194.0,198.5,194.0,198.5,150,22875,0
FINNIFTY31DEC2424250PE.NFO,2024-12-05,14:40:00,2024-12-31,198.5,201.6,198.5,201.6,100,22875,0
FINNIFTY31DEC2424250PE.NFO,2024-12-05,14:41:00,2024-12-31,201.6,203.5,201.4,201.4,825,22800,0
FINNIFTY31DEC2424250PE.NFO,2024-12-05,14:42:00,2024-12-31,201.4,201.4,201.4,201.4,0,22800,0
FINNIFTY31DEC2424250PE.NFO,2024-12-05,14:43:00,2024-12-31,201.4,201.4,195.0,195.0,25,23400,0
FINNIFTY31DEC2424250PE.NFO,2024-12-05,14:44:00,2024-12-31,195.0,195.0,193.8,193.8,25,23400,0
FINNIFTY31DEC2424250PE.NFO,2024-12-05,14:45:00,2024-12-31,193.8,193.8,193.8,193.8,0,23400,0
FINNIFTY31DEC2424250PE.NFO,2024-12-05,14:46:00,2024-12-31,193.8,193.8,193.5,193.5,175,23350,0
FINNIFTY31DEC2424250PE.NFO,2024-12-05,14:47:00,2024-12-31,193.5,194.8,193.5,194.8,800,23350,0
FINNIFTY31DEC2424250PE.NFO,2024-12-05,14:48:00,2024-12-31,194.8,194.8,194.8,194.8,0,23350,0
FINNIFTY31DEC2424250PE.NFO,2024-12-05,14:49:00,2024-12-31,194.8,198.55,194.8,198.55,25,22675,0
FINNIFTY31DEC2424250PE.NFO,2024-12-05,14:50:00,2024-12-31,198.55,205.15,198.55,205.15,75,22675,0
FINNIFTY31DEC2424250PE.NFO,2024-12-05,14:51:00,2024-12-31,205.15,213.35,205.15,210.3,925,22675,0
FINNIFTY31DEC2424250PE.NFO,2024-12-05,14:52:00,2024-12-31,210.3,216.45,208.7,209.55,725,22650,0
FINNIFTY31DEC2424250PE.NFO,2024-12-05,14:53:00,2024-12-31,209.55,215.0,209.55,215.0,25,22650,0
FINNIFTY31DEC2424250PE.NFO,2024-12-05,14:54:00,2024-12-31,215.0,221.85,215.0,218.4,1025,22650,0
FINNIFTY31DEC2424250PE.NFO,2024-12-05,14:55:00,2024-12-31,218.4,221.25,215.7,215.9,1150,22525,0
FINNIFTY31DEC2424250PE.NFO,2024-12-05,14:56:00,2024-12-31,215.9,229.8,215.9,229.8,1050,22525,0
FINNIFTY31DEC2424250PE.NFO,2024-12-05,14:57:00,2024-12-31,229.8,235.0,229.6,234.4,1050,22525,0
FINNIFTY31DEC2424250PE.NFO,2024-12-05,14:58:00,2024-12-31,234.4,234.4,226.9,229.8,300,22075,0
FINNIFTY31DEC2424250PE.NFO,2024-12-05,14:59:00,2024-12-31,229.8,229.8,219.7,228.95,725,22075,0
FINNIFTY31DEC2424250PE.NFO,2024-12-05,15:00:00,2024-12-31,228.95,235.0,226.4,231.3,325,22075,0
FINNIFTY31DEC2424250PE.NFO,2024-12-05,15:01:00,2024-12-31,231.3,231.3,223.8,223.8,500,22250,0
FINNIFTY31DEC2424250PE.NFO,2024-12-05,15:02:00,2024-12-31,223.8,225.0,219.8,220.5,425,22250,0
FINNIFTY31DEC2424250PE.NFO,2024-12-05,15:03:00,2024-12-31,220.5,220.5,216.45,218.05,125,22250,0
FINNIFTY31DEC2424250PE.NFO,2024-12-05,15:04:00,2024-12-31,218.05,218.05,214.7,214.7,175,22250,0
FINNIFTY31DEC2424250PE.NFO,2024-12-05,15:05:00,2024-12-31,214.7,214.7,209.05,209.05,100,22075,0
FINNIFTY31DEC2424250PE.NFO,2024-12-05,15:06:00,2024-12-31,209.05,212.4,207.7,211.35,725,22075,0
FINNIFTY31DEC2424250PE.NFO,2024-12-05,15:07:00,2024-12-31,211.35,211.35,211.35,211.35,0,22075,0
FINNIFTY31DEC2424250PE.NFO,2024-12-05,15:08:00,2024-12-31,211.35,211.35,205.55,205.55,525,21550,0
FINNIFTY31DEC2424250PE.NFO,2024-12-05,15:09:00,2024-12-31,205.55,205.55,202.85,202.85,400,21550,0
FINNIFTY31DEC2424250PE.NFO,2024-12-05,15:10:00,2024-12-31,202.85,205.7,202.85,205.35,200,21425,0
FINNIFTY31DEC2424250PE.NFO,2024-12-05,15:11:00,2024-12-31,205.35,205.35,203.95,203.95,100,21425,0
FINNIFTY31DEC2424250PE.NFO,2024-12-05,15:12:00,2024-12-31,203.95,203.95,203.95,203.95,0,21425,0
FINNIFTY31DEC2424250PE.NFO,2024-12-05,15:13:00,2024-12-31,203.95,203.95,203.95,203.95,0,21425,0
FINNIFTY31DEC2424250PE.NFO,2024-12-05,15:14:00,2024-12-31,203.95,203.95,203.95,203.95,25,21525,0
FINNIFTY31DEC2424250PE.NFO,2024-12-05,15:15:00,2024-12-31,203.95,206.3,203.95,206.3,100,21525,0
FINNIFTY31DEC2424250PE.NFO,2024-12-05,15:16:00,2024-12-31,206.3,206.3,204.25,204.25,100,21525,0
FINNIFTY31DEC2424250PE.NFO,2024-12-05,15:17:00,2024-12-31,204.25,204.25,201.65,201.65,100,21600,0
FINNIFTY31DEC2424250PE.NFO,2024-12-05,15:18:00,2024-12-31,201.65,203.45,201.65,203.45,50,21600,0
FINNIFTY31DEC2424250PE.NFO,2024-12-05,15:19:00,2024-12-31,203.45,205.4,203.45,205.4,25,21600,0
FINNIFTY31DEC2424250PE.NFO,2024-12-05,15:20:00,2024-12-31,205.4,205.4,203.5,203.5,75,21625,0
FINNIFTY31DEC2424250PE.NFO,2024-12-05,15:21:00,2024-12-31,203.5,203.5,203.5,203.5,0,21625,0
FINNIFTY31DEC2424250PE.NFO,2024-12-05,15:22:00,2024-12-31,203.5,205.2,203.5,204.9,375,21850,0
FINNIFTY31DEC2424250PE.NFO,2024-12-05,15:23:00,2024-12-31,204.9,206.5,204.9,206.45,200,21850,0
FINNIFTY31DEC2424250PE.NFO,2024-12-05,15:24:00,2024-12-31,206.45,206.45,205.45,205.45,25,21850,0
FINNIFTY31DEC2424250PE.NFO,2024-12-05,15:25:00,2024-12-31,205.45,205.65,204.95,205.65,125,21750,0
FINNIFTY31DEC2424250PE.NFO,2024-12-05,15:26:00,2024-12-31,205.65,206.4,202.55,202.55,150,21750,0
FINNIFTY31DEC2424250PE.NFO,2024-12-05,15:27:00,2024-12-31,202.55,205.9,202.55,203.55,425,21750,0
FINNIFTY31DEC2424250PE.NFO,2024-12-05,15:28:00,2024-12-31,203.55,207.3,203.55,207.3,1025,21275,0
FINNIFTY31DEC2424250PE.NFO,2024-12-05,15:29:00,2024-12-31,207.3,210.75,203.0,210.75,150,21275,0
FINNIFTY31DEC2424250PE.NFO,2024-12-05,15:30:00,2024-12-31,210.75,210.75,210.75,210.75,150,21275,1
FINNIFTY31DEC2424250PE.NFO,2024-12-06,09:15:00,2024-12-31,214.0,215.0,208.2,215.0,275,20825,0
FINNIFTY31DEC2424250PE.NFO,2024-12-06,09:16:00,2024-12-31,215.0,215.0,211.4,211.4,175,20825,0
FINNIFTY31DEC2424250PE.NFO,2024-12-06,09:17:00,2024-12-31,211.4,217.0,211.4,217.0,725,20825,0
FINNIFTY31DEC2424250PE.NFO,2024-12-06,09:18:00,2024-12-31,217.0,219.0,216.5,216.5,600,21000,0
FINNIFTY31DEC2424250PE.NFO,2024-12-06,09:19:00,2024-12-31,216.5,221.0,213.0,221.0,350,21000,0
FINNIFTY31DEC2424250PE.NFO,2024-12-06,09:20:00,2024-12-31,221.0,221.35,215.95,215.95,550,21000,0
FINNIFTY31DEC2424250PE.NFO,2024-12-06,09:21:00,2024-12-31,215.95,221.0,215.95,217.3,150,20475,0
FINNIFTY31DEC2424250PE.NFO,2024-12-06,09:22:00,2024-12-31,217.3,217.3,214.15,214.15,100,20475,0
FINNIFTY31DEC2424250PE.NFO,2024-12-06,09:23:00,2024-12-31,214.15,215.7,212.05,215.7,125,20475,0
FINNIFTY31DEC2424250PE.NFO,2024-12-06,09:24:00,2024-12-31,215.7,219.95,215.7,219.95,100,20375,0
FINNIFTY31DEC2424250PE.NFO,2024-12-06,09:25:00,2024-12-31,219.95,223.0,219.95,222.4,425,20375,0
FINNIFTY31DEC2424250PE.NFO,2024-12-06,09:26:00,2024-12-31,222.4,223.85,222.4,223.85,25,20375,0
FINNIFTY31DEC2424250PE.NFO,2024-12-06,09:27:00,2024-12-31,223.85,223.85,218.4,220.5,25,20375,0
FINNIFTY31DEC2424250PE.NFO,2024-12-06,09:28:00,2024-12-31,220.5,220.5,213.55,214.85,75,20650,0
FINNIFTY31DEC2424250PE.NFO,2024-12-06,09:29:00,2024-12-31,214.85,218.8,214.85,218.8,50,20650,0
FINNIFTY31DEC2424250PE.NFO,2024-12-06,09:30:00,2024-12-31,218.8,223.5,218.8,223.5,800,20725,0
FINNIFTY31DEC2424250PE.NFO,2024-12-06,09:31:00,2024-12-31,223.5,223.5,215.6,215.6,150,20725,0
FINNIFTY31DEC2424250PE.NFO,2024-12-06,09:32:00,2024-12-31,215.6,224.95,215.6,224.95,550,20725,0
FINNIFTY31DEC2424250PE.NFO,2024-12-06,09:33:00,2024-12-31,224.95,229.95,223.85,225.0,400,21100,0
FINNIFTY31DEC2424250PE.NFO,2024-12-06,09:34:00,2024-12-31,225.0,225.0,225.0,225.0,0,21100,0
FINNIFTY31DEC2424250PE.NFO,2024-12-06,09:35:00,2024-12-31,225.0,227.35,225.0,227.0,150,21100,0
FINNIFTY31DEC2424250PE.NFO,2024-12-06,09:36:00,2024-12-31,227.0,230.0,227.0,228.5,125,20925,0
FINNIFTY31DEC2424250PE.NFO,2024-12-06,09:37:00,2024-12-31,228.5,229.75,226.1,229.75,600,20925,0
FINNIFTY31DEC2424250PE.NFO,2024-12-06,09:38:00,2024-12-31,229.75,229.75,228.65,228.65,650,20925,0
FINNIFTY31DEC2424250PE.NFO,2024-12-06,09:39:00,2024-12-31,228.65,228.65,224.8,227.2,100,20925,0
FINNIFTY31DEC2424250PE.NFO,2024-12-06,09:40:00,2024-12-31,227.2,227.2,219.1,219.1,125,21825,0
FINNIFTY31DEC2424250PE.NFO,2024-12-06,09:41:00,2024-12-31,219.1,221.15,218.85,218.85,125,21825,0
FINNIFTY31DEC2424250PE.NFO,2024-12-06,09:42:00,2024-12-31,218.85,218.85,217.75,217.75,0,21900,0
FINNIFTY31DEC2424250PE.NFO,2024-12-06,09:43:00,2024-12-31,217.75,217.75,215.9,215.9,75,21900,0
FINNIFTY31DEC2424250PE.NFO,2024-12-06,09:44:00,2024-12-31,215.9,215.9,213.0,213.0,25,21900,0
FINNIFTY31DEC2424250PE.NFO,2024-12-06,09:45:00,2024-12-31,213.0,213.6,213.0,213.6,50,21925,0
FINNIFTY31DEC2424250PE.NFO,2024-12-06,09:46:00,2024-12-31,213.6,213.6,213.6,213.6,0,21925,0
FINNIFTY31DEC2424250PE.NFO,2024-12-06,09:47:00,2024-12-31,213.6,213.6,213.6,213.6,0,21925,0
FINNIFTY31DEC2424250PE.NFO,2024-12-06,09:48:00,2024-12-31,213.6,213.6,213.6,213.6,0,21925,0
FINNIFTY31DEC2424250PE.NFO,2024-12-06,09:49:00,2024-12-31,213.6,213.6,203.7,204.0,800,21950,0
FINNIFTY31DEC2424250PE.NFO,2024-12-06,09:50:00,2024-12-31,205.5,205.5,205.5,205.5,150,21950,0
FINNIFTY31DEC2424250PE.NFO,2024-12-06,09:51:00,2024-12-31,205.5,212.15,205.5,212.15,250,21825,0
FINNIFTY31DEC2424250PE.NFO,2024-12-06,09:52:00,2024-12-31,212.15,212.15,212.15,212.15,0,21825,0
FINNIFTY31DEC2424250PE.NFO,2024-12-06,09:53:00,2024-12-31,212.15,212.15,209.05,209.05,25,21825,0
FINNIFTY31DEC2424250PE.NFO,2024-12-06,09:54:00,2024-12-31,209.05,209.2,209.05,209.2,50,21825,0
FINNIFTY31DEC2424250PE.NFO,2024-12-06,09:55:00,2024-12-31,209.2,210.1,209.2,210.1,100,21800,0
FINNIFTY31DEC2424250PE.NFO,2024-12-06,09:56:00,2024-12-31,210.1,210.1,210.1,210.1,0,21800,0
FINNIFTY31DEC2424250PE.NFO,2024-12-06,09:57:00,2024-12-31,210.1,210.1,210.1,210.1,0,21800,0
FINNIFTY31DEC2424250PE.NFO,2024-12-06,09:58:00,2024-12-31,210.1,210.1,210.1,210.1,0,21800,0
FINNIFTY31DEC2424250PE.NFO,2024-12-06,09:59:00,2024-12-31,210.1,218.2,210.1,218.2,75,21800,0
FINNIFTY31DEC2424250PE.NFO,2024-12-06,10:00:00,2024-12-31,218.2,221.85,218.2,221.85,75,21800,0
FINNIFTY31DEC2424250PE.NFO,2024-12-06,10:01:00,2024-12-31,221.85,221.85,221.85,221.85,0,21800,0
FINNIFTY31DEC2424250PE.NFO,2024-12-06,10:02:00,2024-12-31,221.85,221.85,221.85,221.85,0,21800,0
FINNIFTY31DEC2424250PE.NFO,2024-12-06,10:03:00,2024-12-31,221.85,221.85,205.0,210.0,150,21825,0
FINNIFTY31DEC2424250PE.NFO,2024-12-06,10:04:00,2024-12-31,210.0,210.0,210.0,210.0,0,21825,0
FINNIFTY31DEC2424250PE.NFO,2024-12-06,10:05:00,2024-12-31,210.0,210.0,207.5,207.5,50,21825,0
FINNIFTY31DEC2424250PE.NFO,2024-12-06,10:06:00,2024-12-31,207.5,207.5,207.5,207.5,0,21825,0
FINNIFTY31DEC2424250PE.NFO,2024-12-06,10:07:00,2024-12-31,207.5,240.0,207.5,240.0,375,21850,0
FINNIFTY31DEC2424250PE.NFO,2024-12-06,10:08:00,2024-12-31,240.0,264.0,240.0,257.9,1250,21850,0
FINNIFTY31DEC2424250PE.NFO,2024-12-06,10:09:00,2024-12-31,257.9,257.9,245.5,250.4,600,21350,0
FINNIFTY31DEC2424250PE.NFO,2024-12-06,10:10:00,2024-12-31,250.4,250.4,225.6,238.8,2025,21350,0
FINNIFTY31DEC2424250PE.NFO,2024-12-06,10:11:00,2024-12-31,238.8,238.95,238.8,238.95,125,21350,0
FINNIFTY31DEC2424250PE.NFO,2024-12-06,10:12:00,2024-12-31,238.95,238.95,235.0,235.0,25,22675,0
FINNIFTY31DEC2424250PE.NFO,2024-12-06,10:13:00,2024-12-31,235.0,235.0,226.3,229.35,1700,22675,0
FINNIFTY31DEC2424250PE.NFO,2024-12-06,10:14:00,2024-12-31,229.35,239.0,229.35,239.0,150,22675,0
FINNIFTY31DEC2424250PE.NFO,2024-12-06,10:15:00,2024-12-31,239.0,239.0,235.55,235.55,125,21400,0
FINNIFTY31DEC2424250PE.NFO,2024-12-06,10:16:00,2024-12-31,235.55,247.9,235.55,247.65,325,21400,0
FINNIFTY31DEC2424250PE.NFO,2024-12-06,10:17:00,2024-12-31,247.65,247.65,244.4,244.4,125,21400,0
FINNIFTY31DEC2424250PE.NFO,2024-12-06,10:18:00,2024-12-31,244.4,250.45,243.1,250.45,125,21425,0
FINNIFTY31DEC2424250PE.NFO,2024-12-06,10:19:00,2024-12-31,250.45,251.0,246.2,251.0,225,21425,0
FINNIFTY31DEC2424250PE.NFO,2024-12-06,10:20:00,2024-12-31,251.0,252.35,238.4,240.2,225,21425,0
FINNIFTY31DEC2424250PE.NFO,2024-12-06,10:21:00,2024-12-31,240.2,240.2,236.9,236.9,175,21375,0
FINNIFTY31DEC2424250PE.NFO,2024-12-06,10:22:00,2024-12-31,236.9,236.9,188.5,188.7,625,21375,0
FINNIFTY31DEC2424250PE.NFO,2024-12-06,10:23:00,2024-12-31,188.7,190.4,178.45,185.4,900,21375,0
FINNIFTY31DEC2424250PE.NFO,2024-12-06,10:24:00,2024-12-31,185.4,185.5,177.4,185.5,75,21375,0
FINNIFTY31DEC2424250PE.NFO,2024-12-06,10:25:00,2024-12-31,185.5,192.3,185.5,192.3,125,21350,0
FINNIFTY31DEC2424250PE.NFO,2024-12-06,10:26:00,2024-12-31,192.3,192.3,192.3,192.3,0,21350,0
FINNIFTY31DEC2424250PE.NFO,2024-12-06,10:27:00,2024-12-31,192.3,192.3,187.5,187.5,75,21350,0
FINNIFTY31DEC2424250PE.NFO,2024-12-06,10:28:00,2024-12-31,187.5,187.5,184.5,184.5,25,21425,0
FINNIFTY31DEC2424250PE.NFO,2024-12-06,10:29:00,2024-12-31,184.5,184.5,181.95,181.95,25,21425,0
FINNIFTY31DEC2424250PE.NFO,2024-12-06,10:30:00,2024-12-31,180.5,192.9,180.5,192.9,425,21750,0
FINNIFTY31DEC2424250PE.NFO,2024-12-06,10:31:00,2024-12-31,192.9,192.9,187.05,192.45,375,21750,0
FINNIFTY31DEC2424250PE.NFO,2024-12-06,10:32:00,2024-12-31,192.45,192.45,186.1,186.1,125,21750,0
FINNIFTY31DEC2424250PE.NFO,2024-12-06,10:33:00,2024-12-31,186.1,191.95,186.1,191.95,75,21750,0
FINNIFTY31DEC2424250PE.NFO,2024-12-06,10:34:00,2024-12-31,191.95,191.95,191.95,191.95,0,21750,0
FINNIFTY31DEC2424250PE.NFO,2024-12-06,10:35:00,2024-12-31,191.95,191.95,191.95,191.95,150,21975,0
FINNIFTY31DEC2424250PE.NFO,2024-12-06,10:36:00,2024-12-31,191.95,193.0,189.85,193.0,175,21750,0
FINNIFTY31DEC2424250PE.NFO,2024-12-06,10:37:00,2024-12-31,193.0,195.0,193.0,195.0,50,21750,0
FINNIFTY31DEC2424250PE.NFO,2024-12-06,10:38:00,2024-12-31,198.0,198.8,198.0,198.8,150,21750,0
FINNIFTY31DEC2424250PE.NFO,2024-12-06,10:39:00,2024-12-31,198.8,198.85,195.55,196.2,150,21600,0
FINNIFTY31DEC2424250PE.NFO,2024-12-06,10:40:00,2024-12-31,196.2,196.2,196.2,196.2,0,21600,0
FINNIFTY31DEC2424250PE.NFO,2024-12-06,10:41:00,2024-12-31,196.2,196.2,190.9,190.9,275,21600,0
FINNIFTY31DEC2424250PE.NFO,2024-12-06,10:42:00,2024-12-31,184.0,184.15,181.25,181.25,350,22025,0
FINNIFTY31DEC2424250PE.NFO,2024-12-06,10:43:00,2024-12-31,181.25,181.25,181.25,181.25,0,22025,0
FINNIFTY31DEC2424250PE.NFO,2024-12-06,10:44:00,2024-12-31,181.25,181.25,175.75,177.5,250,22025,0
FINNIFTY31DEC2424250PE.NFO,2024-12-06,10:45:00,2024-12-31,177.5,181.65,177.5,181.4,225,21825,0
FINNIFTY31DEC2424250PE.NFO,2024-12-06,10:46:00,2024-12-31,181.4,185.0,181.4,184.0,225,21825,0
FINNIFTY31DEC2424250PE.NFO,2024-12-06,10:47:00,2024-12-31,184.0,186.0,184.0,186.0,50,21825,0
FINNIFTY31DEC2424250PE.NFO,2024-12-06,10:48:00,2024-12-31,186.0,186.0,183.9,183.9,50,21825,0
FINNIFTY31DEC2424250PE.NFO,2024-12-06,10:49:00,2024-12-31,183.9,183.9,183.9,183.9,0,21825,0
FINNIFTY31DEC2424250PE.NFO,2024-12-06,10:50:00,2024-12-31,183.9,186.95,183.9,183.95,725,21725,0
FINNIFTY31DEC2424250PE.NFO,2024-12-06,10:51:00,2024-12-31,183.95,183.95,183.95,183.95,0,21725,0
FINNIFTY31DEC2424250PE.NFO,2024-12-06,10:52:00,2024-12-31,183.95,183.95,183.95,183.95,0,21725,0
FINNIFTY31DEC2424250PE.NFO,2024-12-06,10:53:00,2024-12-31,183.95,188.6,183.95,187.05,175,22350,0
FINNIFTY31DEC2424250PE.NFO,2024-12-06,10:54:00,2024-12-31,187.05,189.45,187.05,189.45,250,22350,0
FINNIFTY31DEC2424250PE.NFO,2024-12-06,10:55:00,2024-12-31,189.45,189.45,189.45,189.45,0,22350,0
FINNIFTY31DEC2424250PE.NFO,2024-12-06,10:56:00,2024-12-31,189.45,189.45,183.1,183.3,150,22300,0
FINNIFTY31DEC2424250PE.NFO,2024-12-06,10:57:00,2024-12-31,183.3,185.95,182.55,185.95,375,22300,0
FINNIFTY31DEC2424250PE.NFO,2024-12-06,10:58:00,2024-12-31,185.95,185.95,185.95,185.95,0,22300,0
FINNIFTY31DEC2424250PE.NFO,2024-12-06,10:59:00,2024-12-31,185.95,185.95,185.95,185.95,0,22300,0
FINNIFTY31DEC2424250PE.NFO,2024-12-06,11:00:00,2024-12-31,185.95,185.95,181.85,181.85,50,22225,0
FINNIFTY31DEC2424250PE.NFO,2024-12-06,11:01:00,2024-12-31,181.85,181.85,181.85,181.85,0,22225,0
FINNIFTY31DEC2424250PE.NFO,2024-12-06,11:02:00,2024-12-31,181.85,181.85,181.85,181.85,0,22225,0
FINNIFTY31DEC2424250PE.NFO,2024-12-06,11:03:00,2024-12-31,181.85,181.85,181.85,181.85,0,22225,0
FINNIFTY31DEC2424250PE.NFO,2024-12-06,11:04:00,2024-12-31,181.85,181.85,179.55,179.55,25,22150,0
FINNIFTY31DEC2424250PE.NFO,2024-12-06,11:05:00,2024-12-31,179.55,179.55,179.55,179.55,0,22150,0
FINNIFTY31DEC2424250PE.NFO,2024-12-06,11:06:00,2024-12-31,179.55,180.5,179.55,180.5,50,22150,0
FINNIFTY31DEC2424250PE.NFO,2024-12-06,11:07:00,2024-12-31,180.5,180.5,178.9,178.9,25,22150,0
FINNIFTY31DEC2424250PE.NFO,2024-12-06,11:08:00,2024-12-31,178.9,181.35,178.9,181.35,175,22150,0
FINNIFTY31DEC2424250PE.NFO,2024-12-06,11:09:00,2024-12-31,181.35,181.35,178.95,178.95,25,22050,0
FINNIFTY31DEC2424250PE.NFO,2024-12-06,11:10:00,2024-12-31,178.95,178.95,178.95,178.95,0,22050,0
FINNIFTY31DEC2424250PE.NFO,2024-12-06,11:11:00,2024-12-31,178.95,178.95,178.95,178.95,0,22050,0
FINNIFTY31DEC2424250PE.NFO,2024-12-06,11:12:00,2024-12-31,178.95,185.7,178.95,185.7,75,22050,0
FINNIFTY31DEC2424250PE.NFO,2024-12-06,11:13:00,2024-12-31,185.7,185.7,185.7,185.7,0,22050,0
FINNIFTY31DEC2424250PE.NFO,2024-12-06,11:14:00,2024-12-31,185.7,192.5,185.7,190.75,575,22050,0
FINNIFTY31DEC2424250PE.NFO,2024-12-06,11:15:00,2024-12-31,190.75,197.05,190.75,197.05,100,21525,0
FINNIFTY31DEC2424250PE.NFO,2024-12-06,11:16:00,2024-12-31,197.05,197.05,196.85,196.85,50,21525,0
FINNIFTY31DEC2424250PE.NFO,2024-12-06,11:17:00,2024-12-31,196.85,196.85,194.5,194.5,200,21525,0
FINNIFTY31DEC2424250PE.NFO,2024-12-06,11:18:00,2024-12-31,194.5,195.7,194.5,195.7,100,21450,0
FINNIFTY31DEC2424250PE.NFO,2024-12-06,11:19:00,2024-12-31,195.7,196.8,193.05,193.05,250,21450,0
FINNIFTY31DEC2424250PE.NFO,2024-12-06,11:20:00,2024-12-31,193.05,193.05,193.05,193.05,0,21450,0
FINNIFTY31DEC2424250PE.NFO,2024-12-06,11:21:00,2024-12-31,193.05,196.8,193.05,196.8,100,21450,0
FINNIFTY31DEC2424250PE.NFO,2024-12-06,11:22:00,2024-12-31,196.8,196.8,196.8,196.8,0,21450,0
FINNIFTY31DEC2424250PE.NFO,2024-12-06,11:23:00,2024-12-31,196.8,196.8,195.45,195.45,75,21300,0
FINNIFTY31DEC2424250PE.NFO,2024-12-06,11:24:00,2024-12-31,195.45,195.45,193.55,193.55,25,21300,0
FINNIFTY31DEC2424250PE.NFO,2024-12-06,11:25:00,2024-12-31,193.55,193.55,193.55,193.55,0,21300,0
FINNIFTY31DEC2424250PE.NFO,2024-12-06,11:26:00,2024-12-31,193.55,202.5,193.55,202.5,175,21325,0
FINNIFTY31DEC2424250PE.NFO,2024-12-06,11:27:00,2024-12-31,202.5,202.5,202.5,202.5,0,21325,0
FINNIFTY31DEC2424250PE.NFO,2024-12-06,11:28:00,2024-12-31,202.5,202.95,202.45,202.95,125,21300,0
FINNIFTY31DEC2424250PE.NFO,2024-12-06,11:29:00,2024-12-31,202.95,202.95,196.15,199.5,275,21300,0
FINNIFTY31DEC2424250PE.NFO,2024-12-06,11:30:00,2024-12-31,199.5,202.15,199.5,202.15,25,21500,0
FINNIFTY31DEC2424250PE.NFO,2024-12-06,11:31:00,2024-12-31,202.15,202.15,197.25,197.25,75,21500,0
FINNIFTY31DEC2424250PE.NFO,2024-12-06,11:32:00,2024-12-31,197.25,197.25,197.25,197.25,0,21500,0
FINNIFTY31DEC2424250PE.NFO,2024-12-06,11:33:00,2024-12-31,197.25,197.25,197.25,197.25,0,21500,0
FINNIFTY31DEC2424250PE.NFO,2024-12-06,11:34:00,2024-12-31,197.25,197.25,197.25,197.25,0,21500,0
FINNIFTY31DEC2424250PE.NFO,2024-12-06,11:35:00,2024-12-31,197.25,197.25,197.25,197.25,0,21500,0
FINNIFTY31DEC2424250PE.NFO,2024-12-06,11:36:00,2024-12-31,197.25,197.25,190.0,190.0,100,21425,0
FINNIFTY31DEC2424250PE.NFO,2024-12-06,11:37:00,2024-12-31,190.0,190.0,190.0,190.0,0,21425,0
FINNIFTY31DEC2424250PE.NFO,2024-12-06,11:38:00,2024-12-31,190.0,194.9,190.0,194.9,50,21425,0
FINNIFTY31DEC2424250PE.NFO,2024-12-06,11:39:00,2024-12-31,194.9,194.9,194.9,194.9,0,21425,0
FINNIFTY31DEC2424250PE.NFO,2024-12-06,11:40:00,2024-12-31,194.9,194.9,194.9,194.9,0,21425,0
FINNIFTY31DEC2424250PE.NFO,2024-12-06,11:41:00,2024-12-31,194.9,194.9,194.9,194.9,0,21425,0
FINNIFTY31DEC2424250PE.NFO,2024-12-06,11:42:00,2024-12-31,194.9,194.9,194.9,194.9,0,21425,0
FINNIFTY31DEC2424250PE.NFO,2024-12-06,11:43:00,2024-12-31,194.9,194.9,190.5,190.5,700,21400,0
FINNIFTY31DEC2424250PE.NFO,2024-12-06,11:44:00,2024-12-31,190.5,190.5,190.5,190.5,0,21400,0
FINNIFTY31DEC2424250PE.NFO,2024-12-06,11:45:00,2024-12-31,190.5,194.8,190.5,194.8,25,20900,0
FINNIFTY31DEC2424250PE.NFO,2024-12-06,11:46:00,2024-12-31,194.8,195.95,194.8,195.95,75,20900,0
FINNIFTY31DEC2424250PE.NFO,2024-12-06,11:47:00,2024-12-31,195.95,198.85,195.95,198.85,25,20900,0
FINNIFTY31DEC2424250PE.NFO,2024-12-06,11:48:00,2024-12-31,198.85,200.0,198.85,200.0,75,20900,0
FINNIFTY31DEC2424250PE.NFO,2024-12-06,11:49:00,2024-12-31,200.0,200.95,199.15,199.15,225,20900,0
FINNIFTY31DEC2424250PE.NFO,2024-12-06,11:50:00,2024-12-31,199.15,199.15,198.2,198.2,25,20900,0
FINNIFTY31DEC2424250PE.NFO,2024-12-06,11:51:00,2024-12-31,198.2,198.2,198.2,198.2,0,20900,0
FINNIFTY31DEC2424250PE.NFO,2024-12-06,11:52:00,2024-12-31,198.2,198.2,198.2,198.2,0,20900,0
FINNIFTY31DEC2424250PE.NFO,2024-12-06,11:53:00,2024-12-31,198.2,198.2,197.0,197.0,75,20825,0
FINNIFTY31DEC2424250PE.NFO,2024-12-06,11:54:00,2024-12-31,197.0,197.0,197.0,197.0,0,20825,0
FINNIFTY31DEC2424250PE.NFO,2024-12-06,11:55:00,2024-12-31,197.0,197.0,190.6,190.6,50,20825,0
FINNIFTY31DEC2424250PE.NFO,2024-12-06,11:56:00,2024-12-31,190.6,190.6,185.6,185.6,50,20825,0
FINNIFTY31DEC2424250PE.NFO,2024-12-06,11:57:00,2024-12-31,185.6,185.6,185.6,185.6,0,20825,0
FINNIFTY31DEC2424250PE.NFO,2024-12-06,11:58:00,2024-12-31,185.6,185.6,185.05,185.05,25,20800,0
FINNIFTY31DEC2424250PE.NFO,2024-12-06,11:59:00,2024-12-31,185.05,185.05,185.05,185.05,0,20800,0
FINNIFTY31DEC2424250PE.NFO,2024-12-06,12:00:00,2024-12-31,185.05,187.0,185.05,187.0,100,20800,0
FINNIFTY31DEC2424250PE.NFO,2024-12-06,12:01:00,2024-12-31,187.0,188.0,187.0,188.0,75,20825,0
FINNIFTY31DEC2424250PE.NFO,2024-12-06,12:02:00,2024-12-31,188.0,188.0,187.45,187.45,25,20825,0
FINNIFTY31DEC2424250PE.NFO,2024-12-06,12:03:00,2024-12-31,187.45,187.45,187.45,187.45,0,20825,0
FINNIFTY31DEC2424250PE.NFO,2024-12-06,12:04:00,2024-12-31,187.45,187.45,187.45,187.45,0,20825,0
FINNIFTY31DEC2424250PE.NFO,2024-12-06,12:05:00,2024-12-31,187.45,191.75,187.45,191.75,250,20825,0
FINNIFTY31DEC2424250PE.NFO,2024-12-06,12:06:00,2024-12-31,191.75,191.75,191.75,191.75,0,20825,0
FINNIFTY31DEC2424250PE.NFO,2024-12-06,12:07:00,2024-12-31,191.75,194.7,191.75,194.7,25,20750,0
FINNIFTY31DEC2424250PE.NFO,2024-12-06,12:08:00,2024-12-31,194.7,194.7,194.35,194.35,75,20750,0
FINNIFTY31DEC2424250PE.NFO,2024-12-06,12:09:00,2024-12-31,194.35,194.4,193.9,194.4,150,20750,0
FINNIFTY31DEC2424250PE.NFO,2024-12-06,12:10:00,2024-12-31,194.4,194.4,192.6,192.6,25,20825,0
FINNIFTY31DEC2424250PE.NFO,2024-12-06,12:11:00,2024-12-31,192.6,192.6,192.6,192.6,0,20825,0
FINNIFTY31DEC2424250PE.NFO,2024-12-06,12:12:00,2024-12-31,192.6,192.6,188.15,188.15,75,20825,0
FINNIFTY31DEC2424250PE.NFO,2024-12-06,12:13:00,2024-12-31,188.15,188.15,188.15,188.15,0,20825,0
FINNIFTY31DEC2424250PE.NFO,2024-12-06,12:14:00,2024-12-31,188.15,188.15,188.15,188.15,0,20825,0
FINNIFTY31DEC2424250PE.NFO,2024-12-06,12:15:00,2024-12-31,188.15,188.15,188.15,188.15,0,20825,0
FINNIFTY31DEC2424250PE.NFO,2024-12-06,12:16:00,2024-12-31,188.15,190.8,188.15,190.8,25,20825,0
FINNIFTY31DEC2424250PE.NFO,2024-12-06,12:17:00,2024-12-31,190.8,190.8,190.8,190.8,0,20825,0
FINNIFTY31DEC2424250PE.NFO,2024-12-06,12:18:00,2024-12-31,190.8,190.8,190.8,190.8,0,20825,0
FINNIFTY31DEC2424250PE.NFO,2024-12-06,12:19:00,2024-12-31,190.8,190.8,189.15,189.15,25,20825,0
FINNIFTY31DEC2424250PE.NFO,2024-12-06,12:20:00,2024-12-31,189.15,189.15,189.15,189.15,0,20825,0
FINNIFTY31DEC2424250PE.NFO,2024-12-06,12:21:00,2024-12-31,189.15,189.15,185.5,185.5,575,20825,0
FINNIFTY31DEC2424250PE.NFO,2024-12-06,12:22:00,2024-12-31,185.5,185.5,182.6,182.6,300,20800,0
FINNIFTY31DEC2424250PE.NFO,2024-12-06,12:23:00,2024-12-31,182.6,182.6,182.6,182.6,0,20800,0
FINNIFTY31DEC2424250PE.NFO,2024-12-06,12:24:00,2024-12-31,182.6,182.6,182.6,182.6,0,20800,0
FINNIFTY31DEC2424250PE.NFO,2024-12-06,12:25:00,2024-12-31,182.6,182.6,178.0,178.35,200,20825,0
FINNIFTY31DEC2424250PE.NFO,2024-12-06,12:26:00,2024-12-31,178.35,179.35,176.65,176.65,150,20825,0
FINNIFTY31DEC2424250PE.NFO,2024-12-06,12:27:00,2024-12-31,176.65,182.45,176.65,182.45,50,20775,0
FINNIFTY31DEC2424250PE.NFO,2024-12-06,12:28:00,2024-12-31,182.45,182.45,182.45,182.45,0,20775,0
FINNIFTY31DEC2424250PE.NFO,2024-12-06,12:29:00,2024-12-31,182.45,182.45,182.45,182.45,0,20775,0
FINNIFTY31DEC2424250PE.NFO,2024-12-06,12:30:00,2024-12-31,182.45,182.45,182.45,182.45,0,20775,0
FINNIFTY31DEC2424250PE.NFO,2024-12-06,12:31:00,2024-12-31,182.45,185.15,182.45,185.15,25,20750,0
FINNIFTY31DEC2424250PE.NFO,2024-12-06,12:32:00,2024-12-31,185.15,185.15,185.15,185.15,0,20750,0
FINNIFTY31DEC2424250PE.NFO,2024-12-06,12:33:00,2024-12-31,185.15,185.15,185.15,185.15,0,20750,0
FINNIFTY31DEC2424250PE.NFO,2024-12-06,12:34:00,2024-12-31,185.15,185.15,184.65,184.65,75,20725,0
FINNIFTY31DEC2424250PE.NFO,2024-12-06,12:35:00,2024-12-31,184.65,184.95,184.65,184.95,25,20725,0
FINNIFTY31DEC2424250PE.NFO,2024-12-06,12:36:00,2024-12-31,184.95,184.95,184.95,184.95,0,20725,0
FINNIFTY31DEC2424250PE.NFO,2024-12-06,12:37:00,2024-12-31,184.95,187.5,184.95,187.5,75,20700,0
FINNIFTY31DEC2424250PE.NFO,2024-12-06,12:38:00,2024-12-31,187.5,187.5,187.5,187.5,0,20700,0
FINNIFTY31DEC2424250PE.NFO,2024-12-06,12:39:00,2024-12-31,187.5,187.5,185.2,185.2,25,20700,0
FINNIFTY31DEC2424250PE.NFO,2024-12-06,12:40:00,2024-12-31,185.2,185.2,185.2,185.2,0,20700,0
FINNIFTY31DEC2424250PE.NFO,2024-12-06,12:41:00,2024-12-31,185.2,185.2,185.2,185.2,0,20700,0
FINNIFTY31DEC2424250PE.NFO,2024-12-06,12:42:00,2024-12-31,185.2,185.2,185.2,185.2,0,20700,0
FINNIFTY31DEC2424250PE.NFO,2024-12-06,12:43:00,2024-12-31,185.2,185.2,181.45,181.45,25,20725,0
FINNIFTY31DEC2424250PE.NFO,2024-12-06,12:44:00,2024-12-31,181.45,181.45,181.45,181.45,0,20725,0
FINNIFTY31DEC2424250PE.NFO,2024-12-06,12:45:00,2024-12-31,181.45,181.45,181.45,181.45,0,20725,0
FINNIFTY31DEC2424250PE.NFO,2024-12-06,12:46:00,2024-12-31,181.45,183.9,181.45,183.9,25,20700,0
FINNIFTY31DEC2424250PE.NFO,2024-12-06,12:47:00,2024-12-31,183.9,183.9,183.9,183.9,0,20700,0
FINNIFTY31DEC2424250PE.NFO,2024-12-06,12:48:00,2024-12-31,183.9,183.9,183.9,183.9,0,20700,0
FINNIFTY31DEC2424250PE.NFO,2024-12-06,12:49:00,2024-12-31,183.9,183.9,183.9,183.9,0,20700,0
FINNIFTY31DEC2424250PE.NFO,2024-12-06,12:50:00,2024-12-31,183.9,183.9,177.0,177.0,25,20700,0
FINNIFTY31DEC2424250PE.NFO,2024-12-06,12:51:00,2024-12-31,177.0,177.0,177.0,177.0,0,20700,0
FINNIFTY31DEC2424250PE.NFO,2024-12-06,12:52:00,2024-12-31,177.0,177.0,177.0,177.0,0,20700,0
FINNIFTY31DEC2424250PE.NFO,2024-12-06,12:53:00,2024-12-31,177.0,179.05,177.0,179.05,50,20700,0
FINNIFTY31DEC2424250PE.NFO,2024-12-06,12:54:00,2024-12-31,179.05,179.05,179.05,179.05,0,20700,0
FINNIFTY31DEC2424250PE.NFO,2024-12-06,12:55:00,2024-12-31,179.05,179.05,179.05,179.05,0,20700,0
FINNIFTY31DEC2424250PE.NFO,2024-12-06,12:56:00,2024-12-31,179.05,179.05,179.05,179.05,0,20700,0
FINNIFTY31DEC2424250PE.NFO,2024-12-06,12:57:00,2024-12-31,179.05,179.05,179.05,179.05,0,20700,0
FINNIFTY31DEC2424250PE.NFO,2024-12-06,12:58:00,2024-12-31,179.05,182.65,179.05,182.65,25,20700,0
FINNIFTY31DEC2424250PE.NFO,2024-12-06,12:59:00,2024-12-31,182.65,182.65,182.25,182.25,25,20700,0
FINNIFTY31DEC2424250PE.NFO,2024-12-06,13:00:00,2024-12-31,182.25,182.25,182.25,182.25,0,20700,0
FINNIFTY31DEC2424250PE.NFO,2024-12-06,13:01:00,2024-12-31,182.25,182.25,182.25,182.25,0,20700,0
FINNIFTY31DEC2424250PE.NFO,2024-12-06,13:02:00,2024-12-31,182.25,182.25,182.25,182.25,0,20700,0
FINNIFTY31DEC2424250PE.NFO,2024-12-06,13:03:00,2024-12-31,182.25,182.95,182.25,182.95,50,20750,0
FINNIFTY31DEC2424250PE.NFO,2024-12-06,13:04:00,2024-12-31,182.95,182.95,182.95,182.95,0,20750,0
FINNIFTY31DEC2424250PE.NFO,2024-12-06,13:05:00,2024-12-31,182.95,182.95,182.95,182.95,0,20750,0
FINNIFTY31DEC2424250PE.NFO,2024-12-06,13:06:00,2024-12-31,182.95,182.95,182.95,182.95,0,20750,0
FINNIFTY31DEC2424250PE.NFO,2024-12-06,13:07:00,2024-12-31,182.95,182.95,182.95,182.95,0,20750,0
FINNIFTY31DEC2424250PE.NFO,2024-12-06,13:08:00,2024-12-31,182.95,182.95,182.95,182.95,0,20750,0
FINNIFTY31DEC2424250PE.NFO,2024-12-06,13:09:00,2024-12-31,182.95,182.95,179.65,179.65,25,20700,0
FINNIFTY31DEC2424250PE.NFO,2024-12-06,13:10:00,2024-12-31,179.65,179.65,179.65,179.65,0,20700,0
FINNIFTY31DEC2424250PE.NFO,2024-12-06,13:11:00,2024-12-31,179.65,179.65,179.65,179.65,0,20700,0
FINNIFTY31DEC2424250PE.NFO,2024-12-06,13:12:00,2024-12-31,179.65,179.65,179.65,179.65,0,20700,0
FINNIFTY31DEC2424250PE.NFO,2024-12-06,13:13:00,2024-12-31,179.65,179.65,179.65,179.65,0,20700,0
FINNIFTY31DEC2424250PE.NFO,2024-12-06,13:14:00,2024-12-31,179.65,179.65,179.65,179.65,0,20700,0
FINNIFTY31DEC2424250PE.NFO,2024-12-06,13:15:00,2024-12-31,179.65,179.65,179.65,179.65,0,20700,0
FINNIFTY31DEC2424250PE.NFO,2024-12-06,13:16:00,2024-12-31,179.65,179.9,179.65,179.9,400,20675,0
FINNIFTY31DEC2424250PE.NFO,2024-12-06,13:17:00,2024-12-31,179.9,179.9,179.9,179.9,0,20675,0
FINNIFTY31DEC2424250PE.NFO,2024-12-06,13:18:00,2024-12-31,179.9,179.9,179.9,179.9,0,20675,0
FINNIFTY31DEC2424250PE.NFO,2024-12-06,13:19:00,2024-12-31,179.9,179.9,179.9,179.9,0,20675,0
FINNIFTY31DEC2424250PE.NFO,2024-12-06,13:20:00,2024-12-31,179.9,179.9,179.9,179.9,0,20675,0
FINNIFTY31DEC2424250PE.NFO,2024-12-06,13:21:00,2024-12-31,179.9,179.9,179.9,179.9,0,20675,0
FINNIFTY31DEC2424250PE.NFO,2024-12-06,13:22:00,2024-12-31,179.9,186.0,179.9,186.0,150,20500,0
FINNIFTY31DEC2424250PE.NFO,2024-12-06,13:23:00,2024-12-31,186.0,186.0,185.0,185.0,50,20500,0
FINNIFTY31DEC2424250PE.NFO,2024-12-06,13:24:00,2024-12-31,185.0,185.0,185.0,185.0,0,20500,0
FINNIFTY31DEC2424250PE.NFO,2024-12-06,13:25:00,2024-12-31,185.0,185.0,182.05,182.05,75,20350,0
FINNIFTY31DEC2424250PE.NFO,2024-12-06,13:26:00,2024-12-31,182.05,183.85,182.05,183.85,25,20350,0
FINNIFTY31DEC2424250PE.NFO,2024-12-06,13:27:00,2024-12-31,183.85,183.85,183.85,183.85,0,20350,0
FINNIFTY31DEC2424250PE.NFO,2024-12-06,13:28:00,2024-12-31,183.85,183.85,183.85,183.85,0,20350,0
FINNIFTY31DEC2424250PE.NFO,2024-12-06,13:29:00,2024-12-31,183.85,183.85,183.85,183.85,0,20350,0
FINNIFTY31DEC2424250PE.NFO,2024-12-06,13:30:00,2024-12-31,183.85,183.85,182.9,182.9,25,20300,0
FINNIFTY31DEC2424250PE.NFO,2024-12-06,13:31:00,2024-12-31,182.9,182.9,180.25,180.45,400,20275,0
FINNIFTY31DEC2424250PE.NFO,2024-12-06,13:32:00,2024-12-31,180.45,181.25,180.45,181.2,100,20275,0
FINNIFTY31DEC2424250PE.NFO,2024-12-06,13:33:00,2024-12-31,181.2,181.2,181.05,181.15,50,20275,0
FINNIFTY31DEC2424250PE.NFO,2024-12-06,13:34:00,2024-12-31,181.15,181.15,181.15,181.15,0,20275,0
FINNIFTY31DEC2424250PE.NFO,2024-12-06,13:35:00,2024-12-31,181.15,181.15,181.15,181.15,0,20275,0
FINNIFTY31DEC2424250PE.NFO,2024-12-06,13:36:00,2024-12-31,181.15,181.5,181.15,181.5,25,20200,0
FINNIFTY31DEC2424250PE.NFO,2024-12-06,13:37:00,2024-12-31,184.65,185.2,183.0,183.8,625,20200,0
FINNIFTY31DEC2424250PE.NFO,2024-12-06,13:38:00,2024-12-31,183.8,183.8,183.8,183.8,0,20200,0
FINNIFTY31DEC2424250PE.NFO,2024-12-06,13:39:00,2024-12-31,183.8,185.8,183.8,185.8,25,20200,0
FINNIFTY31DEC2424250PE.NFO,2024-12-06,13:40:00,2024-12-31,185.8,185.8,183.5,183.5,275,20100,0
FINNIFTY31DEC2424250PE.NFO,2024-12-06,13:41:00,2024-12-31,183.5,183.5,183.5,183.5,0,20100,0
FINNIFTY31DEC2424250PE.NFO,2024-12-06,13:42:00,2024-12-31,183.5,183.5,183.5,183.5,0,20100,0
FINNIFTY31DEC2424250PE.NFO,2024-12-06,13:43:00,2024-12-31,183.5,183.5,183.5,183.5,0,20100,0
FINNIFTY31DEC2424250PE.NFO,2024-12-06,13:44:00,2024-12-31,183.5,183.5,183.5,183.5,0,20100,0
FINNIFTY31DEC2424250PE.NFO,2024-12-06,13:45:00,2024-12-31,183.5,183.5,183.5,183.5,0,20100,0
FINNIFTY31DEC2424250PE.NFO,2024-12-06,13:46:00,2024-12-31,183.5,183.5,183.5,183.5,0,20100,0
FINNIFTY31DEC2424250PE.NFO,2024-12-06,13:47:00,2024-12-31,183.5,183.5,183.5,183.5,0,20100,0
FINNIFTY31DEC2424250PE.NFO,2024-12-06,13:48:00,2024-12-31,183.5,183.5,183.5,183.5,0,20100,0
FINNIFTY31DEC2424250PE.NFO,2024-12-06,13:49:00,2024-12-31,183.5,183.5,183.5,183.5,0,20100,0
FINNIFTY31DEC2424250PE.NFO,2024-12-06,13:50:00,2024-12-31,183.5,183.5,183.5,183.5,0,20100,0
FINNIFTY31DEC2424250PE.NFO,2024-12-06,13:51:00,2024-12-31,183.5,183.5,183.5,183.5,0,20100,0
FINNIFTY31DEC2424250PE.NFO,2024-12-06,13:52:00,2024-12-31,183.5,183.5,183.5,183.5,0,20100,0
FINNIFTY31DEC2424250PE.NFO,2024-12-06,13:53:00,2024-12-31,183.5,183.5,183.5,183.5,0,20100,0
FINNIFTY31DEC2424250PE.NFO,2024-12-06,13:54:00,2024-12-31,183.5,185.1,183.05,184.25,2750,19900,0
FINNIFTY31DEC2424250PE.NFO,2024-12-06,13:55:00,2024-12-31,184.25,184.25,181.05,181.05,275,21850,0
FINNIFTY31DEC2424250PE.NFO,2024-12-06,13:56:00,2024-12-31,181.05,181.05,181.05,181.05,0,21850,0
FINNIFTY31DEC2424250PE.NFO,2024-12-06,13:57:00,2024-12-31,181.05,181.05,181.05,181.05,0,21850,0
FINNIFTY31DEC2424250PE.NFO,2024-12-06,13:58:00,2024-12-31,181.05,181.05,181.05,181.05,0,21850,0
FINNIFTY31DEC2424250PE.NFO,2024-12-06,13:59:00,2024-12-31,181.05,181.05,181.05,181.05,0,21850,0
FINNIFTY31DEC2424250PE.NFO,2024-12-06,14:00:00,2024-12-31,181.05,184.3,181.05,184.3,25,21775,0
FINNIFTY31DEC2424250PE.NFO,2024-12-06,14:01:00,2024-12-31,184.3,184.3,184.3,184.3,0,21775,0
FINNIFTY31DEC2424250PE.NFO,2024-12-06,14:02:00,2024-12-31,184.3,184.3,179.6,180.45,1550,21775,0
FINNIFTY31DEC2424250PE.NFO,2024-12-06,14:03:00,2024-12-31,180.45,181.15,180.45,181.0,525,21775,0
FINNIFTY31DEC2424250PE.NFO,2024-12-06,14:04:00,2024-12-31,181.0,181.0,179.15,179.15,150,23525,0
FINNIFTY31DEC2424250PE.NFO,2024-12-06,14:05:00,2024-12-31,179.15,179.15,179.15,179.15,0,23525,0
FINNIFTY31DEC2424250PE.NFO,2024-12-06,14:06:00,2024-12-31,179.15,179.15,179.15,179.15,0,23525,0
FINNIFTY31DEC2424250PE.NFO,2024-12-06,14:07:00,2024-12-31,179.15,180.5,179.15,180.5,50,23450,0
FINNIFTY31DEC2424250PE.NFO,2024-12-06,14:08:00,2024-12-31,180.5,180.5,180.5,180.5,0,23450,0
FINNIFTY31DEC2424250PE.NFO,2024-12-06,14:09:00,2024-12-31,180.5,180.5,178.25,178.4,200,23450,0
FINNIFTY31DEC2424250PE.NFO,2024-12-06,14:10:00,2024-12-31,178.4,181.05,178.4,181.05,0,23350,0
FINNIFTY31DEC2424250PE.NFO,2024-12-06,14:11:00,2024-12-31,181.05,181.05,181.05,181.05,0,23350,0
FINNIFTY31DEC2424250PE.NFO,2024-12-06,14:12:00,2024-12-31,181.05,181.05,181.05,181.05,0,23350,0
FINNIFTY31DEC2424250PE.NFO,2024-12-06,14:13:00,2024-12-31,181.05,181.05,181.05,181.05,0,23350,0
FINNIFTY31DEC2424250PE.NFO,2024-12-06,14:14:00,2024-12-31,181.05,181.05,179.7,179.7,25,23350,0
FINNIFTY31DEC2424250PE.NFO,2024-12-06,14:15:00,2024-12-31,179.7,179.7,179.7,179.7,0,23350,0
FINNIFTY31DEC2424250PE.NFO,2024-12-06,14:16:00,2024-12-31,179.7,179.7,179.7,179.7,0,23350,0
FINNIFTY31DEC2424250PE.NFO,2024-12-06,14:17:00,2024-12-31,179.7,179.7,179.7,179.7,0,23350,0
FINNIFTY31DEC2424250PE.NFO,2024-12-06,14:18:00,2024-12-31,179.7,181.25,179.7,181.25,25,23350,0
FINNIFTY31DEC2424250PE.NFO,2024-12-06,14:19:00,2024-12-31,181.25,181.25,179.95,180.0,75,23375,0
FINNIFTY31DEC2424250PE.NFO,2024-12-06,14:20:00,2024-12-31,180.0,180.0,180.0,180.0,25,23375,0
FINNIFTY31DEC2424250PE.NFO,2024-12-06,14:21:00,2024-12-31,180.0,180.0,180.0,180.0,0,23375,0
FINNIFTY31DEC2424250PE.NFO,2024-12-06,14:22:00,2024-12-31,180.0,180.0,180.0,180.0,0,23375,0
FINNIFTY31DEC2424250PE.NFO,2024-12-06,14:23:00,2024-12-31,180.0,180.0,180.0,180.0,0,23375,0
FINNIFTY31DEC2424250PE.NFO,2024-12-06,14:24:00,2024-12-31,180.0,180.0,180.0,180.0,0,23375,0
FINNIFTY31DEC2424250PE.NFO,2024-12-06,14:25:00,2024-12-31,180.0,180.0,180.0,180.0,0,23375,0
FINNIFTY31DEC2424250PE.NFO,2024-12-06,14:26:00,2024-12-31,180.0,180.0,180.0,180.0,0,23375,0
FINNIFTY31DEC2424250PE.NFO,2024-12-06,14:27:00,2024-12-31,180.0,180.0,180.0,180.0,0,23375,0
FINNIFTY31DEC2424250PE.NFO,2024-12-06,14:28:00,2024-12-31,180.0,180.0,180.0,180.0,0,23375,0
FINNIFTY31DEC2424250PE.NFO,2024-12-06,14:29:00,2024-12-31,180.0,186.3,180.0,185.05,75,23375,0
FINNIFTY31DEC2424250PE.NFO,2024-12-06,14:30:00,2024-12-31,185.05,185.05,185.05,185.05,0,23375,0
FINNIFTY31DEC2424250PE.NFO,2024-12-06,14:31:00,2024-12-31,185.05,187.1,185.05,187.1,25,23375,0
FINNIFTY31DEC2424250PE.NFO,2024-12-06,14:32:00,2024-12-31,187.1,189.0,187.1,187.95,50,23375,0
FINNIFTY31DEC2424250PE.NFO,2024-12-06,14:33:00,2024-12-31,187.95,190.45,187.95,188.5,250,23375,0
FINNIFTY31DEC2424250PE.NFO,2024-12-06,14:34:00,2024-12-31,188.5,188.5,188.5,188.5,0,23375,0
FINNIFTY31DEC2424250PE.NFO,2024-12-06,14:35:00,2024-12-31,188.5,191.2,188.5,191.2,825,23300,0
FINNIFTY31DEC2424250PE.NFO,2024-12-06,14:36:00,2024-12-31,191.2,191.2,190.45,190.45,25,23300,0
FINNIFTY31DEC2424250PE.NFO,2024-12-06,14:37:00,2024-12-31,190.45,194.0,190.45,194.0,25,23175,0
FINNIFTY31DEC2424250PE.NFO,2024-12-06,14:38:00,2024-12-31,194.0,194.0,194.0,194.0,0,23175,0
FINNIFTY31DEC2424250PE.NFO,2024-12-06,14:39:00,2024-12-31,194.0,194.0,188.75,188.75,50,23175,0
FINNIFTY31DEC2424250PE.NFO,2024-12-06,14:40:00,2024-12-31,188.75,188.75,188.75,188.75,0,23175,0
FINNIFTY31DEC2424250PE.NFO,2024-12-06,14:41:00,2024-12-31,188.75,188.75,188.75,188.75,0,23175,0
FINNIFTY31DEC2424250PE.NFO,2024-12-06,14:42:00,2024-12-31,188.75,188.75,188.75,188.75,0,23175,0
FINNIFTY31DEC2424250PE.NFO,2024-12-06,14:43:00,2024-12-31,188.75,188.75,188.75,188.75,0,23175,0
FINNIFTY31DEC2424250PE.NFO,2024-12-06,14:44:00,2024-12-31,188.75,190.25,188.75,190.25,50,23175,0
FINNIFTY31DEC2424250PE.NFO,2024-12-06,14:45:00,2024-12-31,190.25,190.25,186.85,186.85,100,23175,0
FINNIFTY31DEC2424250PE.NFO,2024-12-06,14:46:00,2024-12-31,186.85,186.85,186.05,186.05,50,23175,0
FINNIFTY31DEC2424250PE.NFO,2024-12-06,14:47:00,2024-12-31,186.05,186.05,186.05,186.05,0,23175,0
FINNIFTY31DEC2424250PE.NFO,2024-12-06,14:48:00,2024-12-31,186.05,186.05,186.05,186.05,0,23175,0
FINNIFTY31DEC2424250PE.NFO,2024-12-06,14:49:00,2024-12-31,186.05,187.45,186.05,187.45,75,23175,0
FINNIFTY31DEC2424250PE.NFO,2024-12-06,14:50:00,2024-12-31,187.45,187.45,187.45,187.45,0,23175,0
FINNIFTY31DEC2424250PE.NFO,2024-12-06,14:51:00,2024-12-31,187.45,187.45,187.45,187.45,0,23175,0
FINNIFTY31DEC2424250PE.NFO,2024-12-06,14:52:00,2024-12-31,187.45,187.45,187.45,187.45,0,23175,0
FINNIFTY31DEC2424250PE.NFO,2024-12-06,14:53:00,2024-12-31,187.45,187.45,187.45,187.45,0,23175,0
FINNIFTY31DEC2424250PE.NFO,2024-12-06,14:54:00,2024-12-31,187.45,187.45,187.45,187.45,0,23175,0
FINNIFTY31DEC2424250PE.NFO,2024-12-06,14:55:00,2024-12-31,187.45,187.45,187.45,187.45,0,23175,0
FINNIFTY31DEC2424250PE.NFO,2024-12-06,14:56:00,2024-12-31,187.45,187.45,187.45,187.45,0,23175,0
FINNIFTY31DEC2424250PE.NFO,2024-12-06,14:57:00,2024-12-31,187.45,187.45,187.45,187.45,0,23175,0
FINNIFTY31DEC2424250PE.NFO,2024-12-06,14:58:00,2024-12-31,187.45,187.45,187.45,187.45,0,23175,0
FINNIFTY31DEC2424250PE.NFO,2024-12-06,14:59:00,2024-12-31,187.45,187.45,186.9,186.9,25,23100,0
FINNIFTY31DEC2424250PE.NFO,2024-12-06,15:00:00,2024-12-31,186.9,186.9,186.9,186.9,0,23100,0
FINNIFTY31DEC2424250PE.NFO,2024-12-06,15:01:00,2024-12-31,186.9,186.9,186.9,186.9,0,23100,0
FINNIFTY31DEC2424250PE.NFO,2024-12-06,15:02:00,2024-12-31,186.9,193.45,186.9,193.45,50,23100,0
FINNIFTY31DEC2424250PE.NFO,2024-12-06,15:03:00,2024-12-31,193.45,193.45,193.45,193.45,0,23100,0
FINNIFTY31DEC2424250PE.NFO,2024-12-06,15:04:00,2024-12-31,193.45,193.45,189.2,189.2,25,23100,0
FINNIFTY31DEC2424250PE.NFO,2024-12-06,15:05:00,2024-12-31,189.2,190.0,186.9,187.15,2850,23100,0
FINNIFTY31DEC2424250PE.NFO,2024-12-06,15:06:00,2024-12-31,187.15,187.15,187.15,187.15,0,23100,0
FINNIFTY31DEC2424250PE.NFO,2024-12-06,15:07:00,2024-12-31,187.15,187.15,187.15,187.15,0,23100,0
FINNIFTY31DEC2424250PE.NFO,2024-12-06,15:08:00,2024-12-31,187.15,187.45,186.65,186.9,1500,24275,0
FINNIFTY31DEC2424250PE.NFO,2024-12-06,15:09:00,2024-12-31,186.9,189.2,186.9,189.2,125,24275,0
FINNIFTY31DEC2424250PE.NFO,2024-12-06,15:10:00,2024-12-31,189.2,189.2,186.85,186.9,100,23300,0
FINNIFTY31DEC2424250PE.NFO,2024-12-06,15:11:00,2024-12-31,186.9,186.9,186.45,186.45,100,23300,0
FINNIFTY31DEC2424250PE.NFO,2024-12-06,15:12:00,2024-12-31,186.45,187.25,186.45,187.25,75,23300,0
FINNIFTY31DEC2424250PE.NFO,2024-12-06,15:13:00,2024-12-31,187.25,187.25,187.25,187.25,75,23300,0
FINNIFTY31DEC2424250PE.NFO,2024-12-06,15:14:00,2024-12-31,187.25,187.25,187.25,187.25,0,23300,0
FINNIFTY31DEC2424250PE.NFO,2024-12-06,15:15:00,2024-12-31,187.25,187.25,180.0,180.0,125,23250,0
FINNIFTY31DEC2424250PE.NFO,2024-12-06,15:16:00,2024-12-31,180.0,180.85,180.0,180.65,100,23225,0
FINNIFTY31DEC2424250PE.NFO,2024-12-06,15:17:00,2024-12-31,180.65,182.95,180.65,182.95,25,23225,0
FINNIFTY31DEC2424250PE.NFO,2024-12-06,15:18:00,2024-12-31,182.95,182.95,182.95,182.95,0,23225,0
FINNIFTY31DEC2424250PE.NFO,2024-12-06,15:19:00,2024-12-31,182.95,182.95,182.95,182.95,0,23225,0
FINNIFTY31DEC2424250PE.NFO,2024-12-06,15:20:00,2024-12-31,182.95,182.95,182.95,182.95,0,23225,0
FINNIFTY31DEC2424250PE.NFO,2024-12-06,15:21:00,2024-12-31,182.95,188.0,182.95,185.55,275,23275,0
FINNIFTY31DEC2424250PE.NFO,2024-12-06,15:22:00,2024-12-31,185.55,187.6,185.55,187.6,225,23200,0
FINNIFTY31DEC2424250PE.NFO,2024-12-06,15:23:00,2024-12-31,187.6,188.35,187.2,188.0,250,23200,0
FINNIFTY31DEC2424250PE.NFO,2024-12-06,15:24:00,2024-12-31,188.0,188.0,188.0,188.0,0,23200,0
FINNIFTY31DEC2424250PE.NFO,2024-12-06,15:25:00,2024-12-31,188.0,188.0,186.15,187.65,125,23100,0
FINNIFTY31DEC2424250PE.NFO,2024-12-06,15:26:00,2024-12-31,187.65,187.65,186.0,186.0,25,23100,0
FINNIFTY31DEC2424250PE.NFO,2024-12-06,15:27:00,2024-12-31,186.0,186.0,186.0,186.0,0,23100,0
FINNIFTY31DEC2424250PE.NFO,2024-12-06,15:28:00,2024-12-31,186.0,188.25,185.2,185.2,150,23125,0
FINNIFTY31DEC2424250PE.NFO,2024-12-06,15:29:00,2024-12-31,185.2,190.35,185.2,190.35,200,23125,0
FINNIFTY31DEC2424250PE.NFO,2024-12-06,15:30:00,2024-12-31,190.35,190.35,190.35,190.35,200,23125,1
FINNIFTY31DEC2424250PE.NFO,2024-12-09,09:15:00,2024-12-31,173.2,205.8,173.2,191.85,200,23150,0
FINNIFTY31DEC2424250PE.NFO,2024-12-09,09:16:00,2024-12-31,191.85,192.25,187.3,189.2,300,23150,0
FINNIFTY31DEC2424250PE.NFO,2024-12-09,09:17:00,2024-12-31,189.2,189.2,189.2,189.2,0,23150,0
FINNIFTY31DEC2424250PE.NFO,2024-12-09,09:18:00,2024-12-31,189.2,191.8,189.2,191.8,100,23050,0
FINNIFTY31DEC2424250PE.NFO,2024-12-09,09:19:00,2024-12-31,189.2,189.55,186.25,186.25,650,23050,0
FINNIFTY31DEC2424250PE.NFO,2024-12-09,09:20:00,2024-12-31,186.25,186.25,186.25,186.25,0,23050,0
FINNIFTY31DEC2424250PE.NFO,2024-12-09,09:21:00,2024-12-31,186.25,195.65,186.25,191.6,200,22900,0
FINNIFTY31DEC2424250PE.NFO,2024-12-09,09:22:00,2024-12-31,191.6,191.6,191.6,191.6,0,22900,0
FINNIFTY31DEC2424250PE.NFO,2024-12-09,09:23:00,2024-12-31,191.6,191.6,188.7,188.7,25,22900,0
FINNIFTY31DEC2424250PE.NFO,2024-12-09,09:24:00,2024-12-31,188.7,188.7,188.7,188.7,0,22900,0
FINNIFTY31DEC2424250PE.NFO,2024-12-09,09:25:00,2024-12-31,188.7,188.7,188.7,188.7,0,22900,0
FINNIFTY31DEC2424250PE.NFO,2024-12-09,09:26:00,2024-12-31,188.7,188.7,185.2,185.2,25,22850,0
FINNIFTY31DEC2424250PE.NFO,2024-12-09,09:27:00,2024-12-31,185.2,185.2,181.35,181.35,25,22850,0
FINNIFTY31DEC2424250PE.NFO,2024-12-09,09:28:00,2024-12-31,181.35,187.6,181.35,187.6,25,22875,0
FINNIFTY31DEC2424250PE.NFO,2024-12-09,09:29:00,2024-12-31,187.6,187.6,187.6,187.6,0,22875,0
FINNIFTY31DEC2424250PE.NFO,2024-12-09,09:30:00,2024-12-31,187.6,187.6,187.6,187.6,0,22875,0
FINNIFTY31DEC2424250PE.NFO,2024-12-09,09:31:00,2024-12-31,187.6,187.6,187.6,187.6,0,22875,0
FINNIFTY31DEC2424250PE.NFO,2024-12-09,09:32:00,2024-12-31,187.6,194.35,187.6,194.35,50,22850,0
FINNIFTY31DEC2424250PE.NFO,2024-12-09,09:33:00,2024-12-31,194.35,196.7,194.35,196.7,125,22875,0
FINNIFTY31DEC2424250PE.NFO,2024-12-09,09:34:00,2024-12-31,196.7,196.7,196.7,196.7,0,22875,0
FINNIFTY31DEC2424250PE.NFO,2024-12-09,09:35:00,2024-12-31,196.7,197.35,196.7,197.35,25,22875,0
FINNIFTY31DEC2424250PE.NFO,2024-12-09,09:36:00,2024-12-31,197.35,197.35,192.5,193.9,100,22875,0
FINNIFTY31DEC2424250PE.NFO,2024-12-09,09:37:00,2024-12-31,193.9,197.35,193.9,197.35,300,22825,0
FINNIFTY31DEC2424250PE.NFO,2024-12-09,09:38:00,2024-12-31,197.35,201.2,197.35,198.05,475,22825,0
FINNIFTY31DEC2424250PE.NFO,2024-12-09,09:39:00,2024-12-31,198.05,199.7,198.05,199.7,25,22825,0
FINNIFTY31DEC2424250PE.NFO,2024-12-09,09:40:00,2024-12-31,199.7,199.7,199.7,199.7,0,22825,0
FINNIFTY31DEC2424250PE.NFO,2024-12-09,09:41:00,2024-12-31,199.7,199.7,199.7,199.7,0,22825,0
FINNIFTY31DEC2424250PE.NFO,2024-12-09,09:42:00,2024-12-31,199.7,199.7,195.9,199.2,425,22750,0
FINNIFTY31DEC2424250PE.NFO,2024-12-09,09:43:00,2024-12-31,199.2,201.0,199.2,201.0,75,22750,0
FINNIFTY31DEC2424250PE.NFO,2024-12-09,09:44:00,2024-12-31,201.0,201.0,199.6,199.6,25,22750,0
FINNIFTY31DEC2424250PE.NFO,2024-12-09,09:45:00,2024-12-31,199.6,201.8,199.2,199.2,275,22925,0
FINNIFTY31DEC2424250PE.NFO,2024-12-09,09:46:00,2024-12-31,199.2,199.2,193.55,193.55,600,22925,0
FINNIFTY31DEC2424250PE.NFO,2024-12-09,09:47:00,2024-12-31,193.55,195.1,193.55,195.1,25,22925,0
FINNIFTY31DEC2424250PE.NFO,2024-12-09,09:48:00,2024-12-31,193.3,195.85,193.3,195.8,75,22900,0
FINNIFTY31DEC2424250PE.NFO,2024-12-09,09:49:00,2024-12-31,195.8,195.8,193.05,195.75,125,22900,0
FINNIFTY31DEC2424250PE.NFO,2024-12-09,09:50:00,2024-12-31,195.75,196.7,195.75,196.15,50,22900,0
FINNIFTY31DEC2424250PE.NFO,2024-12-09,09:51:00,2024-12-31,196.15,196.15,196.15,196.15,0,22900,0
FINNIFTY31DEC2424250PE.NFO,2024-12-09,09:52:00,2024-12-31,196.15,204.35,196.15,204.35,600,22900,0
FINNIFTY31DEC2424250PE.NFO,2024-12-09,09:53:00,2024-12-31,204.35,204.35,200.65,200.65,250,22900,0
FINNIFTY31DEC2424250PE.NFO,2024-12-09,09:54:00,2024-12-31,200.65,203.95,200.65,203.95,25,22825,0
FINNIFTY31DEC2424250PE.NFO,2024-12-09,09:55:00,2024-12-31,203.95,205.35,203.95,205.35,25,22825,0
FINNIFTY31DEC2424250PE.NFO,2024-12-09,09:56:00,2024-12-31,205.35,205.35,199.75,199.75,475,22825,0
FINNIFTY31DEC2424250PE.NFO,2024-12-09,09:57:00,2024-12-31,199.75,199.75,199.75,199.75,0,22825,0
FINNIFTY31DEC2424250PE.NFO,2024-12-09,09:58:00,2024-12-31,199.75,200.65,199.75,200.65,25,23000,0
FINNIFTY31DEC2424250PE.NFO,2024-12-09,09:59:00,2024-12-31,200.65,200.65,200.65,200.65,0,23000,0
FINNIFTY31DEC2424250PE.NFO,2024-12-09,10:00:00,2024-12-31,200.45,200.45,200.45,200.45,25,23000,0
FINNIFTY31DEC2424250PE.NFO,2024-12-09,10:01:00,2024-12-31,200.45,200.45,200.45,200.45,25,23000,0
FINNIFTY31DEC2424250PE.NFO,2024-12-09,10:02:00,2024-12-31,200.45,200.45,200.45,200.45,0,23000,0
FINNIFTY31DEC2424250PE.NFO,2024-12-09,10:03:00,2024-12-31,200.45,210.0,200.45,205.5,175,23000,0
FINNIFTY31DEC2424250PE.NFO,2024-12-09,10:04:00,2024-12-31,205.5,205.5,201.45,204.95,150,23000,0
FINNIFTY31DEC2424250PE.NFO,2024-12-09,10:05:00,2024-12-31,204.95,206.65,204.95,206.65,50,23000,0
FINNIFTY31DEC2424250PE.NFO,2024-12-09,10:06:00,2024-12-31,206.65,206.65,204.1,204.1,700,22800,0
FINNIFTY31DEC2424250PE.NFO,2024-12-09,10:07:00,2024-12-31,204.1,204.25,204.05,204.25,75,22800,0
FINNIFTY31DEC2424250PE.NFO,2024-12-09,10:08:00,2024-12-31,204.25,207.0,204.25,206.35,250,22800,0
FINNIFTY31DEC2424250PE.NFO,2024-12-09,10:09:00,2024-12-31,206.35,207.0,206.0,206.0,125,22950,0
FINNIFTY31DEC2424250PE.NFO,2024-12-09,10:10:00,2024-12-31,206.0,206.0,206.0,206.0,0,22950,0
FINNIFTY31DEC2424250PE.NFO,2024-12-09,10:11:00,2024-12-31,206.0,206.8,205.1,206.8,150,22950,0
FINNIFTY31DEC2424250PE.NFO,2024-12-09,10:12:00,2024-12-31,206.8,206.8,206.8,206.8,0,22950,0
FINNIFTY31DEC2424250PE.NFO,2024-12-09,10:13:00,2024-12-31,206.8,206.8,205.9,205.9,50,23100,0
FINNIFTY31DEC2424250PE.NFO,2024-12-09,10:14:00,2024-12-31,205.9,205.9,204.65,204.65,50,23100,0
FINNIFTY31DEC2424250PE.NFO,2024-12-09,10:15:00,2024-12-31,204.65,207.0,204.5,204.5,125,22975,0
FINNIFTY31DEC2424250PE.NFO,2024-12-09,10:16:00,2024-12-31,204.5,204.5,197.0,198.0,225,22975,0
FINNIFTY31DEC2424250PE.NFO,2024-12-09,10:17:00,2024-12-31,198.0,198.0,194.85,194.85,100,22975,0
FINNIFTY31DEC2424250PE.NFO,2024-12-09,10:18:00,2024-12-31,194.85,194.85,194.85,194.85,0,22975,0
FINNIFTY31DEC2424250PE.NFO,2024-12-09,10:19:00,2024-12-31,194.85,194.85,194.85,194.85,0,22975,0
FINNIFTY31DEC2424250PE.NFO,2024-12-09,10:20:00,2024-12-31,194.85,200.0,194.85,200.0,25,23200,0
FINNIFTY31DEC2424250PE.NFO,2024-12-09,10:21:00,2024-12-31,200.0,200.0,200.0,200.0,0,23200,0
FINNIFTY31DEC2424250PE.NFO,2024-12-09,10:22:00,2024-12-31,200.0,200.0,200.0,200.0,0,23200,0
FINNIFTY31DEC2424250PE.NFO,2024-12-09,10:23:00,2024-12-31,200.0,200.0,194.0,195.65,50,23125,0
FINNIFTY31DEC2424250PE.NFO,2024-12-09,10:24:00,2024-12-31,195.65,195.65,195.65,195.65,0,23125,0
FINNIFTY31DEC2424250PE.NFO,2024-12-09,10:25:00,2024-12-31,195.65,195.65,193.05,193.05,50,23050,0
FINNIFTY31DEC2424250PE.NFO,2024-12-09,10:26:00,2024-12-31,193.05,193.65,186.15,186.15,75,23050,0
FINNIFTY31DEC2424250PE.NFO,2024-12-09,10:27:00,2024-12-31,186.15,186.15,186.15,186.15,0,23050,0
FINNIFTY31DEC2424250PE.NFO,2024-12-09,10:28:00,2024-12-31,186.15,186.15,186.15,186.15,0,23050,0
FINNIFTY31DEC2424250PE.NFO,2024-12-09,10:29:00,2024-12-31,186.15,186.15,185.55,185.55,150,23025,0
FINNIFTY31DEC2424250PE.NFO,2024-12-09,10:30:00,2024-12-31,185.55,185.55,185.05,185.05,450,23025,0
FINNIFTY31DEC2424250PE.NFO,2024-12-09,10:31:00,2024-12-31,185.05,185.05,185.05,185.05,0,23025,0
FINNIFTY31DEC2424250PE.NFO,2024-12-09,10:32:00,2024-12-31,185.05,185.05,185.05,185.05,0,23025,0
FINNIFTY31DEC2424250PE.NFO,2024-12-09,10:33:00,2024-12-31,185.05,185.05,185.05,185.05,0,23025,0
FINNIFTY31DEC2424250PE.NFO,2024-12-09,10:34:00,2024-12-31,185.05,185.05,185.05,185.05,0,23025,0
FINNIFTY31DEC2424250PE.NFO,2024-12-09,10:35:00,2024-12-31,185.05,185.05,185.05,185.05,0,23025,0
FINNIFTY31DEC2424250PE.NFO,2024-12-09,10:36:00,2024-12-31,185.05,191.9,185.05,191.9,25,23625,0
FINNIFTY31DEC2424250PE.NFO,2024-12-09,10:37:00,2024-12-31,191.9,191.9,191.9,191.9,0,23625,0
FINNIFTY31DEC2424250PE.NFO,2024-12-09,10:38:00,2024-12-31,191.9,191.9,191.9,191.9,0,23625,0
FINNIFTY31DEC2424250PE.NFO,2024-12-09,10:39:00,2024-12-31,191.9,191.9,191.0,191.0,50,23600,0
FINNIFTY31DEC2424250PE.NFO,2024-12-09,10:40:00,2024-12-31,191.0,191.0,189.0,189.0,25,23600,0
FINNIFTY31DEC2424250PE.NFO,2024-12-09,10:41:00,2024-12-31,189.0,189.0,186.7,186.7,125,23600,0
FINNIFTY31DEC2424250PE.NFO,2024-12-09,10:42:00,2024-12-31,186.7,186.7,186.7,186.7,0,23600,0
FINNIFTY31DEC2424250PE.NFO,2024-12-09,10:43:00,2024-12-31,186.7,186.7,186.45,186.45,50,23600,0
FINNIFTY31DEC2424250PE.NFO,2024-12-09,10:44:00,2024-12-31,186.45,186.45,186.45,186.45,0,23600,0
FINNIFTY31DEC2424250PE.NFO,2024-12-09,10:45:00,2024-12-31,186.45,186.45,186.45,186.45,0,23600,0
FINNIFTY31DEC2424250PE.NFO,2024-12-09,10:46:00,2024-12-31,186.45,186.45,181.65,181.65,150,23575,0
FINNIFTY31DEC2424250PE.NFO,2024-12-09,10:47:00,2024-12-31,181.65,184.8,180.0,180.0,300,23575,0
FINNIFTY31DEC2424250PE.NFO,2024-12-09,10:48:00,2024-12-31,180.0,180.0,177.45,180.0,225,23675,0
FINNIFTY31DEC2424250PE.NFO,2024-12-09,10:49:00,2024-12-31,180.0,180.0,180.0,180.0,0,23675,0
FINNIFTY31DEC2424250PE.NFO,2024-12-09,10:50:00,2024-12-31,180.0,183.5,179.7,183.5,100,23675,0
FINNIFTY31DEC2424250PE.NFO,2024-12-09,10:51:00,2024-12-31,183.5,183.5,183.5,183.5,0,23675,0
FINNIFTY31DEC2424250PE.NFO,2024-12-09,10:52:00,2024-12-31,183.5,183.5,183.5,183.5,0,23675,0
FINNIFTY31DEC2424250PE.NFO,2024-12-09,10:53:00,2024-12-31,183.5,185.1,183.5,185.1,100,23750,0
FINNIFTY31DEC2424250PE.NFO,2024-12-09,10:54:00,2024-12-31,185.1,185.1,185.1,185.1,0,23750,0
FINNIFTY31DEC2424250PE.NFO,2024-12-09,10:55:00,2024-12-31,185.1,185.1,185.1,185.1,0,23750,0
FINNIFTY31DEC2424250PE.NFO,2024-12-09,10:56:00,2024-12-31,185.1,185.1,185.1,185.1,0,23750,0
FINNIFTY31DEC2424250PE.NFO,2024-12-09,10:57:00,2024-12-31,185.1,187.5,185.1,187.5,100,23800,0
FINNIFTY31DEC2424250PE.NFO,2024-12-09,10:58:00,2024-12-31,187.5,187.5,187.15,187.15,50,23800,0
FINNIFTY31DEC2424250PE.NFO,2024-12-09,10:59:00,2024-12-31,187.15,187.15,187.15,187.15,0,23800,0
FINNIFTY31DEC2424250PE.NFO,2024-12-09,11:00:00,2024-12-31,187.15,187.15,187.15,187.15,0,23800,0
FINNIFTY31DEC2424250PE.NFO,2024-12-09,11:01:00,2024-12-31,187.15,187.15,186.6,186.6,25,23825,0
FINNIFTY31DEC2424250PE.NFO,2024-12-09,11:02:00,2024-12-31,186.6,186.6,185.0,185.0,50,23825,0
FINNIFTY31DEC2424250PE.NFO,2024-12-09,11:03:00,2024-12-31,185.0,185.0,185.0,185.0,0,23825,0
FINNIFTY31DEC2424250PE.NFO,2024-12-09,11:04:00,2024-12-31,185.0,185.0,184.75,184.75,25,23850,0
FINNIFTY31DEC2424250PE.NFO,2024-12-09,11:05:00,2024-12-31,184.75,184.75,182.7,182.7,75,23850,0
FINNIFTY31DEC2424250PE.NFO,2024-12-09,11:06:00,2024-12-31,182.7,182.7,182.0,182.0,25,23850,0
FINNIFTY31DEC2424250PE.NFO,2024-12-09,11:07:00,2024-12-31,182.0,182.0,182.0,182.0,0,23850,0
FINNIFTY31DEC2424250PE.NFO,2024-12-09,11:08:00,2024-12-31,182.0,182.0,182.0,182.0,0,23850,0
FINNIFTY31DEC2424250PE.NFO,2024-12-09,11:09:00,2024-12-31,182.0,182.0,182.0,182.0,0,23850,0
FINNIFTY31DEC2424250PE.NFO,2024-12-09,11:10:00,2024-12-31,182.0,182.0,182.0,182.0,0,23850,0
FINNIFTY31DEC2424250PE.NFO,2024-12-09,11:11:00,2024-12-31,182.0,182.0,182.0,182.0,0,23850,0
FINNIFTY31DEC2424250PE.NFO,2024-12-09,11:12:00,2024-12-31,182.0,182.0,182.0,182.0,0,23850,0
FINNIFTY31DEC2424250PE.NFO,2024-12-09,11:13:00,2024-12-31,182.0,182.0,182.0,182.0,0,23850,0
FINNIFTY31DEC2424250PE.NFO,2024-12-09,11:14:00,2024-12-31,182.0,182.0,175.05,175.05,25,23950,0
FINNIFTY31DEC2424250PE.NFO,2024-12-09,11:15:00,2024-12-31,175.05,175.05,175.05,175.05,0,23950,0
FINNIFTY31DEC2424250PE.NFO,2024-12-09,11:16:00,2024-12-31,175.05,175.05,174.0,174.0,25,23975,0
FINNIFTY31DEC2424250PE.NFO,2024-12-09,11:17:00,2024-12-31,174.0,174.0,169.1,171.75,1975,23975,0
FINNIFTY31DEC2424250PE.NFO,2024-12-09,11:18:00,2024-12-31,171.75,172.5,171.75,172.5,50,23975,0
FINNIFTY31DEC2424250PE.NFO,2024-12-09,11:19:00,2024-12-31,172.5,172.5,171.5,171.5,25,22600,0
FINNIFTY31DEC2424250PE.NFO,2024-12-09,11:20:00,2024-12-31,171.5,171.5,171.5,171.5,0,22600,0
FINNIFTY31DEC2424250PE.NFO,2024-12-09,11:21:00,2024-12-31,171.5,171.5,165.05,167.6,225,22600,0
FINNIFTY31DEC2424250PE.NFO,2024-12-09,11:22:00,2024-12-31,167.6,167.6,167.6,167.6,0,22600,0
FINNIFTY31DEC2424250PE.NFO,2024-12-09,11:23:00,2024-12-31,167.6,167.6,167.6,167.6,0,22600,0
FINNIFTY31DEC2424250PE.NFO,2024-12-09,11:24:00,2024-12-31,167.6,167.6,167.6,167.6,0,22600,0
FINNIFTY31DEC2424250PE.NFO,2024-12-09,11:25:00,2024-12-31,167.6,167.6,167.6,167.6,0,22600,0
FINNIFTY31DEC2424250PE.NFO,2024-12-09,11:26:00,2024-12-31,167.6,167.6,163.75,163.75,350,22725,0
FINNIFTY31DEC2424250PE.NFO,2024-12-09,11:27:00,2024-12-31,163.75,163.75,163.3,163.3,175,23075,0
FINNIFTY31DEC2424250PE.NFO,2024-12-09,11:28:00,2024-12-31,163.3,163.3,159.6,160.35,825,23075,0
FINNIFTY31DEC2424250PE.NFO,2024-12-09,11:29:00,2024-12-31,160.35,160.45,160.3,160.45,375,23075,0
FINNIFTY31DEC2424250PE.NFO,2024-12-09,11:30:00,2024-12-31,160.45,160.45,160.45,160.45,0,23075,0
FINNIFTY31DEC2424250PE.NFO,2024-12-09,11:31:00,2024-12-31,160.45,163.3,160.45,162.65,400,23975,0
FINNIFTY31DEC2424250PE.NFO,2024-12-09,11:32:00,2024-12-31,162.65,165.85,162.65,165.85,25,23975,0
FINNIFTY31DEC2424250PE.NFO,2024-12-09,11:33:00,2024-12-31,165.85,165.85,165.85,165.85,0,23975,0
FINNIFTY31DEC2424250PE.NFO,2024-12-09,11:34:00,2024-12-31,165.85,165.85,165.85,165.85,0,23975,0
FINNIFTY31DEC2424250PE.NFO,2024-12-09,11:35:00,2024-12-31,165.85,167.6,165.85,167.55,50,24025,0
FINNIFTY31DEC2424250PE.NFO,2024-12-09,11:36:00,2024-12-31,167.55,167.55,165.05,165.05,25,24025,0
FINNIFTY31DEC2424250PE.NFO,2024-12-09,11:37:00,2024-12-31,165.05,165.05,165.05,165.05,0,24025,0
FINNIFTY31DEC2424250PE.NFO,2024-12-09,11:38:00,2024-12-31,165.05,165.05,165.05,165.05,0,24025,0
FINNIFTY31DEC2424250PE.NFO,2024-12-09,11:39:00,2024-12-31,165.05,165.05,165.0,165.0,325,23975,0
FINNIFTY31DEC2424250PE.NFO,2024-12-09,11:40:00,2024-12-31,165.0,165.0,165.0,165.0,0,23975,0
FINNIFTY31DEC2424250PE.NFO,2024-12-09,11:41:00,2024-12-31,165.0,165.0,165.0,165.0,0,23975,0
FINNIFTY31DEC2424250PE.NFO,2024-12-09,11:42:00,2024-12-31,165.0,165.0,165.0,165.0,0,23975,0
FINNIFTY31DEC2424250PE.NFO,2024-12-09,11:43:00,2024-12-31,165.0,165.0,165.0,165.0,25,24175,0
FINNIFTY31DEC2424250PE.NFO,2024-12-09,11:44:00,2024-12-31,165.0,165.0,160.0,160.0,200,24175,0
FINNIFTY31DEC2424250PE.NFO,2024-12-09,11:45:00,2024-12-31,160.0,160.0,160.0,160.0,0,24175,0
FINNIFTY31DEC2424250PE.NFO,2024-12-09,11:46:00,2024-12-31,160.0,160.0,160.0,160.0,0,24175,0
FINNIFTY31DEC2424250PE.NFO,2024-12-09,11:47:00,2024-12-31,160.0,160.0,160.0,160.0,0,24175,0
FINNIFTY31DEC2424250PE.NFO,2024-12-09,11:48:00,2024-12-31,160.0,163.75,160.0,163.75,75,24225,0
FINNIFTY31DEC2424250PE.NFO,2024-12-09,11:49:00,2024-12-31,163.75,163.75,162.1,162.1,75,24225,0
FINNIFTY31DEC2424250PE.NFO,2024-12-09,11:50:00,2024-12-31,162.1,162.1,162.1,162.1,0,24225,0
FINNIFTY31DEC2424250PE.NFO,2024-12-09,11:51:00,2024-12-31,162.1,162.1,162.1,162.1,0,24225,0
FINNIFTY31DEC2424250PE.NFO,2024-12-09,11:52:00,2024-12-31,162.1,163.0,162.1,163.0,25,24225,0
FINNIFTY31DEC2424250PE.NFO,2024-12-09,11:53:00,2024-12-31,163.0,165.55,163.0,165.55,75,24225,0
FINNIFTY31DEC2424250PE.NFO,2024-12-09,11:54:00,2024-12-31,165.55,165.8,165.55,165.8,500,24225,0
FINNIFTY31DEC2424250PE.NFO,2024-12-09,11:55:00,2024-12-31,165.8,165.8,165.8,165.8,0,24225,0
FINNIFTY31DEC2424250PE.NFO,2024-12-09,11:56:00,2024-12-31,165.8,165.8,164.1,165.0,525,24475,0
FINNIFTY31DEC2424250PE.NFO,2024-12-09,11:57:00,2024-12-31,165.0,165.0,165.0,165.0,0,24475,0
FINNIFTY31DEC2424250PE.NFO,2024-12-09,11:58:00,2024-12-31,165.0,165.0,162.55,163.35,125,24225,0
FINNIFTY31DEC2424250PE.NFO,2024-12-09,11:59:00,2024-12-31,163.35,163.35,163.0,163.0,25,24225,0
FINNIFTY31DEC2424250PE.NFO,2024-12-09,12:00:00,2024-12-31,163.0,165.95,163.0,165.95,75,24225,0
FINNIFTY31DEC2424250PE.NFO,2024-12-09,12:01:00,2024-12-31,165.95,166.1,164.8,166.1,100,24250,0
FINNIFTY31DEC2424250PE.NFO,2024-12-09,12:02:00,2024-12-31,166.1,166.1,166.1,166.1,0,24250,0
FINNIFTY31DEC2424250PE.NFO,2024-12-09,12:03:00,2024-12-31,166.1,166.1,166.1,166.1,0,24250,0
FINNIFTY31DEC2424250PE.NFO,2024-12-09,12:04:00,2024-12-31,166.1,166.2,164.7,166.2,150,24225,0
FINNIFTY31DEC2424250PE.NFO,2024-12-09,12:05:00,2024-12-31,166.2,166.2,166.2,166.2,0,24225,0
FINNIFTY31DEC2424250PE.NFO,2024-12-09,12:06:00,2024-12-31,166.2,167.3,166.1,167.3,1000,24225,0
FINNIFTY31DEC2424250PE.NFO,2024-12-09,12:07:00,2024-12-31,167.3,168.65,167.3,168.65,175,24375,0
FINNIFTY31DEC2424250PE.NFO,2024-12-09,12:08:00,2024-12-31,168.65,168.65,167.35,167.35,75,24375,0
FINNIFTY31DEC2424250PE.NFO,2024-12-09,12:09:00,2024-12-31,167.35,167.35,167.35,167.35,0,24375,0
FINNIFTY31DEC2424250PE.NFO,2024-12-09,12:10:00,2024-12-31,167.35,167.35,164.9,164.9,125,24325,0
FINNIFTY31DEC2424250PE.NFO,2024-12-09,12:11:00,2024-12-31,164.9,164.9,164.9,164.9,0,24325,0
FINNIFTY31DEC2424250PE.NFO,2024-12-09,12:12:00,2024-12-31,164.9,164.9,164.9,164.9,0,24325,0
FINNIFTY31DEC2424250PE.NFO,2024-12-09,12:13:00,2024-12-31,164.9,164.9,164.9,164.9,0,24325,0
FINNIFTY31DEC2424250PE.NFO,2024-12-09,12:14:00,2024-12-31,164.9,164.9,164.9,164.9,0,24325,0
FINNIFTY31DEC2424250PE.NFO,2024-12-09,12:15:00,2024-12-31,164.9,164.9,164.9,164.9,0,24325,0
FINNIFTY31DEC2424250PE.NFO,2024-12-09,12:16:00,2024-12-31,164.9,164.9,164.9,164.9,0,24325,0
FINNIFTY31DEC2424250PE.NFO,2024-12-09,12:17:00,2024-12-31,164.9,164.9,164.9,164.9,0,24325,0
FINNIFTY31DEC2424250PE.NFO,2024-12-09,12:18:00,2024-12-31,164.9,164.9,164.9,164.9,0,24325,0
FINNIFTY31DEC2424250PE.NFO,2024-12-09,12:19:00,2024-12-31,164.9,165.5,164.9,165.5,100,24300,0
FINNIFTY31DEC2424250PE.NFO,2024-12-09,12:20:00,2024-12-31,165.5,165.5,165.5,165.5,0,24300,0
FINNIFTY31DEC2424250PE.NFO,2024-12-09,12:21:00,2024-12-31,165.5,165.5,165.5,165.5,0,24300,0
FINNIFTY31DEC2424250PE.NFO,2024-12-09,12:22:00,2024-12-31,165.5,165.5,165.5,165.5,0,24300,0
FINNIFTY31DEC2424250PE.NFO,2024-12-09,12:23:00,2024-12-31,165.5,165.5,165.5,165.5,0,24300,0
FINNIFTY31DEC2424250PE.NFO,2024-12-09,12:24:00,2024-12-31,165.5,165.5,165.5,165.5,0,24300,0
FINNIFTY31DEC2424250PE.NFO,2024-12-09,12:25:00,2024-12-31,165.5,170.0,165.5,170.0,225,24325,0
FINNIFTY31DEC2424250PE.NFO,2024-12-09,12:26:00,2024-12-31,170.0,170.0,169.7,169.7,25,24325,0
FINNIFTY31DEC2424250PE.NFO,2024-12-09,12:27:00,2024-12-31,169.7,169.7,169.7,169.7,0,24325,0
FINNIFTY31DEC2424250PE.NFO,2024-12-09,12:28:00,2024-12-31,169.7,169.7,166.9,166.9,50,24400,0
FINNIFTY31DEC2424250PE.NFO,2024-12-09,12:29:00,2024-12-31,166.9,166.9,164.85,164.85,25,24400,0
FINNIFTY31DEC2424250PE.NFO,2024-12-09,12:30:00,2024-12-31,164.85,168.8,164.85,168.8,25,24400,0
FINNIFTY31DEC2424250PE.NFO,2024-12-09,12:31:00,2024-12-31,168.8,170.9,168.8,170.9,75,24325,0
FINNIFTY31DEC2424250PE.NFO,2024-12-09,12:32:00,2024-12-31,170.9,170.9,170.4,170.4,25,24325,0
FINNIFTY31DEC2424250PE.NFO,2024-12-09,12:33:00,2024-12-31,170.4,170.4,170.4,170.4,0,24325,0
FINNIFTY31DEC2424250PE.NFO,2024-12-09,12:34:00,2024-12-31,170.4,170.4,170.4,170.4,0,24325,0
FINNIFTY31DEC2424250PE.NFO,2024-12-09,12:35:00,2024-12-31,170.4,170.4,170.4,170.4,0,24325,0
FINNIFTY31DEC2424250PE.NFO,2024-12-09,12:36:00,2024-12-31,170.4,173.5,170.4,173.5,200,24275,0
FINNIFTY31DEC2424250PE.NFO,2024-12-09,12:37:00,2024-12-31,173.5,173.5,173.5,173.5,0,24275,0
FINNIFTY31DEC2424250PE.NFO,2024-12-09,12:38:00,2024-12-31,173.5,173.5,171.4,172.0,50,24450,0
FINNIFTY31DEC2424250PE.NFO,2024-12-09,12:39:00,2024-12-31,172.0,174.25,172.0,174.25,50,24450,0
FINNIFTY31DEC2424250PE.NFO,2024-12-09,12:40:00,2024-12-31,174.25,174.25,172.85,172.85,50,24425,0
FINNIFTY31DEC2424250PE.NFO,2024-12-09,12:41:00,2024-12-31,172.85,172.85,172.85,172.85,25,24425,0
FINNIFTY31DEC2424250PE.NFO,2024-12-09,12:42:00,2024-12-31,172.85,172.85,171.0,171.0,25,24425,0
FINNIFTY31DEC2424250PE.NFO,2024-12-09,12:43:00,2024-12-31,171.0,171.0,171.0,171.0,0,24425,0
FINNIFTY31DEC2424250PE.NFO,2024-12-09,12:44:00,2024-12-31,171.0,171.0,168.05,168.05,200,24425,0
FINNIFTY31DEC2424250PE.NFO,2024-12-09,12:45:00,2024-12-31,168.05,168.05,168.0,168.0,25,24425,0
FINNIFTY31DEC2424250PE.NFO,2024-12-09,12:46:00,2024-12-31,168.0,168.0,168.0,168.0,0,24425,0
FINNIFTY31DEC2424250PE.NFO,2024-12-09,12:47:00,2024-12-31,168.0,168.0,168.0,168.0,0,24425,0
FINNIFTY31DEC2424250PE.NFO,2024-12-09,12:48:00,2024-12-31,168.0,168.0,168.0,168.0,0,24425,0
FINNIFTY31DEC2424250PE.NFO,2024-12-09,12:49:00,2024-12-31,168.0,168.0,168.0,168.0,0,24425,0
FINNIFTY31DEC2424250PE.NFO,2024-12-09,12:50:00,2024-12-31,168.0,168.0,168.0,168.0,0,24425,0
FINNIFTY31DEC2424250PE.NFO,2024-12-09,12:51:00,2024-12-31,168.0,168.0,168.0,168.0,0,24425,0
FINNIFTY31DEC2424250PE.NFO,2024-12-09,12:52:00,2024-12-31,168.0,168.0,168.0,168.0,0,24425,0
FINNIFTY31DEC2424250PE.NFO,2024-12-09,12:53:00,2024-12-31,168.0,168.0,168.0,168.0,0,24425,0
FINNIFTY31DEC2424250PE.NFO,2024-12-09,12:54:00,2024-12-31,168.0,168.25,168.0,168.25,25,24425,0
FINNIFTY31DEC2424250PE.NFO,2024-12-09,12:55:00,2024-12-31,168.25,168.25,168.25,168.25,0,24425,0
FINNIFTY31DEC2424250PE.NFO,2024-12-09,12:56:00,2024-12-31,168.25,168.25,168.25,168.25,0,24425,0
FINNIFTY31DEC2424250PE.NFO,2024-12-09,12:57:00,2024-12-31,168.25,168.25,168.25,168.25,0,24425,0
FINNIFTY31DEC2424250PE.NFO,2024-12-09,12:58:00,2024-12-31,168.25,168.25,168.25,168.25,0,24425,0
FINNIFTY31DEC2424250PE.NFO,2024-12-09,12:59:00,2024-12-31,168.25,168.25,168.25,168.25,0,24425,0
FINNIFTY31DEC2424250PE.NFO,2024-12-09,13:00:00,2024-12-31,168.25,168.25,168.25,168.25,0,24425,0
FINNIFTY31DEC2424250PE.NFO,2024-12-09,13:01:00,2024-12-31,168.25,168.25,164.35,164.55,50,24425,0
FINNIFTY31DEC2424250PE.NFO,2024-12-09,13:02:00,2024-12-31,164.55,164.55,164.55,164.55,0,24425,0
FINNIFTY31DEC2424250PE.NFO,2024-12-09,13:03:00,2024-12-31,164.55,164.55,164.55,164.55,0,24425,0
FINNIFTY31DEC2424250PE.NFO,2024-12-09,13:04:00,2024-12-31,164.55,169.65,164.55,169.65,25,24425,0
FINNIFTY31DEC2424250PE.NFO,2024-12-09,13:05:00,2024-12-31,169.65,169.65,168.1,168.1,25,24425,0
FINNIFTY31DEC2424250PE.NFO,2024-12-09,13:06:00,2024-12-31,168.1,168.2,168.1,168.2,175,24425,0
FINNIFTY31DEC2424250PE.NFO,2024-12-09,13:07:00,2024-12-31,168.2,168.2,168.2,168.2,0,24425,0
FINNIFTY31DEC2424250PE.NFO,2024-12-09,13:08:00,2024-12-31,168.2,168.2,166.5,166.5,250,24425,0
FINNIFTY31DEC2424250PE.NFO,2024-12-09,13:09:00,2024-12-31,166.5,166.5,166.5,166.5,0,24425,0
FINNIFTY31DEC2424250PE.NFO,2024-12-09,13:10:00,2024-12-31,166.5,166.5,164.1,164.65,425,24425,0
FINNIFTY31DEC2424250PE.NFO,2024-12-09,13:11:00,2024-12-31,164.65,164.65,162.95,162.95,25,24425,0
FINNIFTY31DEC2424250PE.NFO,2024-12-09,13:12:00,2024-12-31,162.95,163.15,162.95,163.15,25,24425,0
FINNIFTY31DEC2424250PE.NFO,2024-12-09,13:13:00,2024-12-31,163.15,163.15,163.15,163.15,0,24425,0
FINNIFTY31DEC2424250PE.NFO,2024-12-09,13:14:00,2024-12-31,163.15,163.15,163.15,163.15,0,24425,0
FINNIFTY31DEC2424250PE.NFO,2024-12-09,13:15:00,2024-12-31,163.15,163.15,163.15,163.15,0,24425,0
FINNIFTY31DEC2424250PE.NFO,2024-12-09,13:16:00,2024-12-31,163.15,163.15,163.15,163.15,0,24425,0
FINNIFTY31DEC2424250PE.NFO,2024-12-09,13:17:00,2024-12-31,163.15,163.15,163.15,163.15,0,24425,0
FINNIFTY31DEC2424250PE.NFO,2024-12-09,13:18:00,2024-12-31,163.15,163.15,163.15,163.15,0,24425,0
FINNIFTY31DEC2424250PE.NFO,2024-12-09,13:19:00,2024-12-31,163.15,163.15,163.15,163.15,0,24425,0
FINNIFTY31DEC2424250PE.NFO,2024-12-09,13:20:00,2024-12-31,163.15,165.1,163.15,165.1,75,24275,0
FINNIFTY31DEC2424250PE.NFO,2024-12-09,13:21:00,2024-12-31,165.1,165.1,165.1,165.1,0,24275,0
FINNIFTY31DEC2424250PE.NFO,2024-12-09,13:22:00,2024-12-31,165.1,165.1,165.1,165.1,0,24275,0
FINNIFTY31DEC2424250PE.NFO,2024-12-09,13:23:00,2024-12-31,165.1,165.1,165.1,165.1,0,24275,0
FINNIFTY31DEC2424250PE.NFO,2024-12-09,13:24:00,2024-12-31,165.1,165.1,165.1,165.1,0,24275,0
FINNIFTY31DEC2424250PE.NFO,2024-12-09,13:25:00,2024-12-31,165.1,165.1,165.1,165.1,0,24275,0
FINNIFTY31DEC2424250PE.NFO,2024-12-09,13:26:00,2024-12-31,165.1,165.1,165.1,165.1,0,24275,0
FINNIFTY31DEC2424250PE.NFO,2024-12-09,13:27:00,2024-12-31,165.1,165.1,165.1,165.1,0,24275,0
FINNIFTY31DEC2424250PE.NFO,2024-12-09,13:28:00,2024-12-31,165.1,165.1,165.1,165.1,0,24275,0
FINNIFTY31DEC2424250PE.NFO,2024-12-09,13:29:00,2024-12-31,165.1,165.1,165.1,165.1,0,24275,0
FINNIFTY31DEC2424250PE.NFO,2024-12-09,13:30:00,2024-12-31,165.1,165.1,165.1,165.1,0,24275,0
FINNIFTY31DEC2424250PE.NFO,2024-12-09,13:31:00,2024-12-31,165.1,165.1,165.1,165.1,0,24275,0
FINNIFTY31DEC2424250PE.NFO,2024-12-09,13:32:00,2024-12-31,165.1,165.1,165.1,165.1,0,24275,0
FINNIFTY31DEC2424250PE.NFO,2024-12-09,13:33:00,2024-12-31,165.1,165.1,165.1,165.1,0,24275,0
FINNIFTY31DEC2424250PE.NFO,2024-12-09,13:34:00,2024-12-31,165.1,165.1,165.1,165.1,0,24275,0
FINNIFTY31DEC2424250PE.NFO,2024-12-09,13:35:00,2024-12-31,165.1,165.1,165.1,165.1,0,24275,0
FINNIFTY31DEC2424250PE.NFO,2024-12-09,13:36:00,2024-12-31,165.1,165.1,165.1,165.1,0,24275,0
FINNIFTY31DEC2424250PE.NFO,2024-12-09,13:37:00,2024-12-31,165.1,165.1,165.1,165.1,0,24275,0
FINNIFTY31DEC2424250PE.NFO,2024-12-09,13:38:00,2024-12-31,165.1,165.1,165.1,165.1,0,24275,0
FINNIFTY31DEC2424250PE.NFO,2024-12-09,13:39:00,2024-12-31,165.1,165.1,165.1,165.1,0,24275,0
FINNIFTY31DEC2424250PE.NFO,2024-12-09,13:40:00,2024-12-31,165.1,165.1,165.1,165.1,0,24275,0
FINNIFTY31DEC2424250PE.NFO,2024-12-09,13:41:00,2024-12-31,165.1,165.1,165.1,165.1,0,24275,0
FINNIFTY31DEC2424250PE.NFO,2024-12-09,13:42:00,2024-12-31,165.1,165.1,165.1,165.1,0,24275,0
FINNIFTY31DEC2424250PE.NFO,2024-12-09,13:43:00,2024-12-31,165.1,171.35,165.1,171.35,25,24125,0
FINNIFTY31DEC2424250PE.NFO,2024-12-09,13:44:00,2024-12-31,171.35,171.35,171.35,171.35,0,24125,0
FINNIFTY31DEC2424250PE.NFO,2024-12-09,13:45:00,2024-12-31,171.35,171.35,171.35,171.35,0,24125,0
FINNIFTY31DEC2424250PE.NFO,2024-12-09,13:46:00,2024-12-31,171.35,171.35,167.15,167.15,25,24125,0
FINNIFTY31DEC2424250PE.NFO,2024-12-09,13:47:00,2024-12-31,167.15,167.15,167.15,167.15,0,24125,0
FINNIFTY31DEC2424250PE.NFO,2024-12-09,13:48:00,2024-12-31,167.15,171.4,167.15,171.35,200,24125,0
FINNIFTY31DEC2424250PE.NFO,2024-12-09,13:49:00,2024-12-31,171.35,171.35,171.35,171.35,0,24125,0
FINNIFTY31DEC2424250PE.NFO,2024-12-09,13:50:00,2024-12-31,171.35,174.45,171.35,174.45,25,24175,0
FINNIFTY31DEC2424250PE.NFO,2024-12-09,13:51:00,2024-12-31,174.45,174.45,174.45,174.45,0,24175,0
FINNIFTY31DEC2424250PE.NFO,2024-12-09,13:52:00,2024-12-31,174.45,175.15,174.45,175.15,450,24175,0
FINNIFTY31DEC2424250PE.NFO,2024-12-09,13:53:00,2024-12-31,175.15,175.15,172.65,172.65,25,24175,0
FINNIFTY31DEC2424250PE.NFO,2024-12-09,13:54:00,2024-12-31,172.65,172.65,172.65,172.65,0,24175,0
FINNIFTY31DEC2424250PE.NFO,2024-12-09,13:55:00,2024-12-31,172.65,172.65,172.65,172.65,0,24175,0
FINNIFTY31DEC2424250PE.NFO,2024-12-09,13:56:00,2024-12-31,172.65,172.65,172.65,172.65,0,24175,0
FINNIFTY31DEC2424250PE.NFO,2024-12-09,13:57:00,2024-12-31,172.65,172.65,172.65,172.65,0,24175,0
FINNIFTY31DEC2424250PE.NFO,2024-12-09,13:58:00,2024-12-31,172.65,172.65,172.65,172.65,0,24175,0
FINNIFTY31DEC2424250PE.NFO,2024-12-09,13:59:00,2024-12-31,172.65,172.65,172.65,172.65,0,24175,0
FINNIFTY31DEC2424250PE.NFO,2024-12-09,14:00:00,2024-12-31,172.65,172.65,172.65,172.65,0,24175,0
FINNIFTY31DEC2424250PE.NFO,2024-12-09,14:01:00,2024-12-31,172.65,172.65,172.65,172.65,0,24175,0
FINNIFTY31DEC2424250PE.NFO,2024-12-09,14:02:00,2024-12-31,172.65,172.65,172.65,172.65,0,24175,0
FINNIFTY31DEC2424250PE.NFO,2024-12-09,14:03:00,2024-12-31,172.65,172.65,172.65,172.65,0,24175,0
FINNIFTY31DEC2424250PE.NFO,2024-12-09,14:04:00,2024-12-31,172.65,179.8,172.65,179.8,50,23750,0
FINNIFTY31DEC2424250PE.NFO,2024-12-09,14:05:00,2024-12-31,179.8,180.25,178.7,178.7,775,23750,0
FINNIFTY31DEC2424250PE.NFO,2024-12-09,14:06:00,2024-12-31,178.7,184.5,178.7,184.5,600,23750,0
FINNIFTY31DEC2424250PE.NFO,2024-12-09,14:07:00,2024-12-31,184.5,184.5,184.5,184.5,0,23750,0
FINNIFTY31DEC2424250PE.NFO,2024-12-09,14:08:00,2024-12-31,184.5,184.5,175.65,175.65,25,23975,0
FINNIFTY31DEC2424250PE.NFO,2024-12-09,14:09:00,2024-12-31,175.65,175.65,175.65,175.65,0,23975,0
FINNIFTY31DEC2424250PE.NFO,2024-12-09,14:10:00,2024-12-31,175.65,177.9,175.65,177.9,75,23975,0
FINNIFTY31DEC2424250PE.NFO,2024-12-09,14:11:00,2024-12-31,177.9,177.9,177.9,177.9,0,23975,0
FINNIFTY31DEC2424250PE.NFO,2024-12-09,14:12:00,2024-12-31,177.9,177.9,177.9,177.9,0,23975,0
FINNIFTY31DEC2424250PE.NFO,2024-12-09,14:13:00,2024-12-31,177.9,177.9,177.9,177.9,0,23975,0
FINNIFTY31DEC2424250PE.NFO,2024-12-09,14:14:00,2024-12-31,177.9,177.9,177.9,177.9,0,23975,0
FINNIFTY31DEC2424250PE.NFO,2024-12-09,14:15:00,2024-12-31,177.9,180.5,177.9,180.5,50,23975,0
FINNIFTY31DEC2424250PE.NFO,2024-12-09,14:16:00,2024-12-31,180.5,180.5,178.2,178.2,325,24000,0
FINNIFTY31DEC2424250PE.NFO,2024-12-09,14:17:00,2024-12-31,178.2,178.2,178.2,178.2,25,24000,0
FINNIFTY31DEC2424250PE.NFO,2024-12-09,14:18:00,2024-12-31,178.2,178.2,178.2,178.2,0,24000,0
FINNIFTY31DEC2424250PE.NFO,2024-12-09,14:19:00,2024-12-31,178.2,178.2,178.2,178.2,0,24000,0
FINNIFTY31DEC2424250PE.NFO,2024-12-09,14:20:00,2024-12-31,178.2,178.2,178.2,178.2,0,24000,0
FINNIFTY31DEC2424250PE.NFO,2024-12-09,14:21:00,2024-12-31,178.2,181.25,178.2,181.25,25,23700,0
FINNIFTY31DEC2424250PE.NFO,2024-12-09,14:22:00,2024-12-31,181.25,181.25,181.25,181.25,0,23675,0
FINNIFTY31DEC2424250PE.NFO,2024-12-09,14:23:00,2024-12-31,181.25,181.25,181.25,181.25,0,23675,0
FINNIFTY31DEC2424250PE.NFO,2024-12-09,14:24:00,2024-12-31,181.25,181.25,181.25,181.25,0,23675,0
FINNIFTY31DEC2424250PE.NFO,2024-12-09,14:25:00,2024-12-31,181.25,183.75,181.25,183.75,25,23650,0
FINNIFTY31DEC2424250PE.NFO,2024-12-09,14:26:00,2024-12-31,183.75,183.75,183.75,183.75,0,23650,0
FINNIFTY31DEC2424250PE.NFO,2024-12-09,14:27:00,2024-12-31,183.75,183.75,183.75,183.75,0,23650,0
FINNIFTY31DEC2424250PE.NFO,2024-12-09,14:28:00,2024-12-31,183.5,185.0,183.5,185.0,775,24100,0
FINNIFTY31DEC2424250PE.NFO,2024-12-09,14:29:00,2024-12-31,185.0,185.0,185.0,185.0,0,24100,0
FINNIFTY31DEC2424250PE.NFO,2024-12-09,14:30:00,2024-12-31,185.0,185.0,185.0,185.0,0,24100,0
FINNIFTY31DEC2424250PE.NFO,2024-12-09,14:31:00,2024-12-31,185.0,185.0,185.0,185.0,0,24100,0
FINNIFTY31DEC2424250PE.NFO,2024-12-09,14:32:00,2024-12-31,185.0,185.0,185.0,185.0,0,24100,0
FINNIFTY31DEC2424250PE.NFO,2024-12-09,14:33:00,2024-12-31,185.0,186.9,184.4,184.65,125,24075,0
FINNIFTY31DEC2424250PE.NFO,2024-12-09,14:34:00,2024-12-31,184.65,184.65,178.95,178.95,350,24075,0
FINNIFTY31DEC2424250PE.NFO,2024-12-09,14:35:00,2024-12-31,178.95,178.95,178.95,178.95,0,24075,0
FINNIFTY31DEC2424250PE.NFO,2024-12-09,14:36:00,2024-12-31,178.95,181.25,178.95,180.5,325,24075,0
FINNIFTY31DEC2424250PE.NFO,2024-12-09,14:37:00,2024-12-31,180.5,180.5,180.5,180.5,0,24075,0
FINNIFTY31DEC2424250PE.NFO,2024-12-09,14:38:00,2024-12-31,180.5,180.5,180.5,180.5,0,24075,0
FINNIFTY31DEC2424250PE.NFO,2024-12-09,14:39:00,2024-12-31,180.5,180.5,179.25,179.25,25,23825,0
FINNIFTY31DEC2424250PE.NFO,2024-12-09,14:40:00,2024-12-31,179.25,179.25,179.25,179.25,0,23825,0
FINNIFTY31DEC2424250PE.NFO,2024-12-09,14:41:00,2024-12-31,179.25,179.25,179.25,179.25,0,23825,0
FINNIFTY31DEC2424250PE.NFO,2024-12-09,14:42:00,2024-12-31,179.25,179.25,178.05,178.05,75,23750,0
FINNIFTY31DEC2424250PE.NFO,2024-12-09,14:43:00,2024-12-31,178.05,178.35,178.05,178.35,25,23750,0
FINNIFTY31DEC2424250PE.NFO,2024-12-09,14:44:00,2024-12-31,178.35,179.9,178.35,179.9,100,23750,0
FINNIFTY31DEC2424250PE.NFO,2024-12-09,14:45:00,2024-12-31,179.9,179.9,179.9,179.9,0,23750,0
FINNIFTY31DEC2424250PE.NFO,2024-12-09,14:46:00,2024-12-31,179.9,180.7,177.35,179.7,625,23700,0
FINNIFTY31DEC2424250PE.NFO,2024-12-09,14:47:00,2024-12-31,179.7,179.7,179.7,179.7,0,23700,0
FINNIFTY31DEC2424250PE.NFO,2024-12-09,14:48:00,2024-12-31,179.7,179.7,179.7,179.7,0,23700,0
FINNIFTY31DEC2424250PE.NFO,2024-12-09,14:49:00,2024-12-31,179.7,179.7,179.7,179.7,0,23700,0
FINNIFTY31DEC2424250PE.NFO,2024-12-09,14:50:00,2024-12-31,179.7,179.7,179.7,179.7,0,23700,0
FINNIFTY31DEC2424250PE.NFO,2024-12-09,14:51:00,2024-12-31,179.7,179.7,179.7,179.7,0,23700,0
FINNIFTY31DEC2424250PE.NFO,2024-12-09,14:52:00,2024-12-31,179.7,180.1,179.7,180.1,225,23650,0
FINNIFTY31DEC2424250PE.NFO,2024-12-09,14:53:00,2024-12-31,180.1,180.1,180.1,180.1,0,23650,0
FINNIFTY31DEC2424250PE.NFO,2024-12-09,14:54:00,2024-12-31,180.1,180.1,180.1,180.1,0,23650,0
FINNIFTY31DEC2424250PE.NFO,2024-12-09,14:55:00,2024-12-31,180.1,180.1,180.1,180.1,0,23650,0
FINNIFTY31DEC2424250PE.NFO,2024-12-09,14:56:00,2024-12-31,180.1,180.1,180.1,180.1,0,23650,0
FINNIFTY31DEC2424250PE.NFO,2024-12-09,14:57:00,2024-12-31,180.1,180.1,180.1,180.1,0,23650,0
FINNIFTY31DEC2424250PE.NFO,2024-12-09,14:58:00,2024-12-31,180.1,180.1,180.1,180.1,0,23650,0
FINNIFTY31DEC2424250PE.NFO,2024-12-09,14:59:00,2024-12-31,180.1,180.1,176.25,176.25,100,23850,0
FINNIFTY31DEC2424250PE.NFO,2024-12-09,15:00:00,2024-12-31,176.25,178.45,176.25,178.45,25,23850,0
FINNIFTY31DEC2424250PE.NFO,2024-12-09,15:01:00,2024-12-31,178.45,178.45,178.45,178.45,0,23850,0
FINNIFTY31DEC2424250PE.NFO,2024-12-09,15:02:00,2024-12-31,178.45,188.2,178.45,188.2,50,23825,0
FINNIFTY31DEC2424250PE.NFO,2024-12-09,15:03:00,2024-12-31,188.2,188.4,186.95,186.95,75,23825,0
FINNIFTY31DEC2424250PE.NFO,2024-12-09,15:04:00,2024-12-31,186.95,189.0,185.7,185.7,1150,23750,0
FINNIFTY31DEC2424250PE.NFO,2024-12-09,15:05:00,2024-12-31,185.7,185.7,184.15,184.15,50,23750,0
FINNIFTY31DEC2424250PE.NFO,2024-12-09,15:06:00,2024-12-31,184.15,184.15,184.15,184.15,0,23750,0
FINNIFTY31DEC2424250PE.NFO,2024-12-09,15:07:00,2024-12-31,184.15,188.4,184.15,188.4,50,23575,0
FINNIFTY31DEC2424250PE.NFO,2024-12-09,15:08:00,2024-12-31,188.4,188.4,187.1,187.1,100,23575,0
FINNIFTY31DEC2424250PE.NFO,2024-12-09,15:09:00,2024-12-31,187.1,187.1,184.8,184.8,25,23575,0
FINNIFTY31DEC2424250PE.NFO,2024-12-09,15:10:00,2024-12-31,184.8,184.8,183.0,184.45,750,23100,0
FINNIFTY31DEC2424250PE.NFO,2024-12-09,15:11:00,2024-12-31,184.45,184.45,184.45,184.45,0,23100,0
FINNIFTY31DEC2424250PE.NFO,2024-12-09,15:12:00,2024-12-31,184.45,187.45,184.45,187.45,25,23100,0
FINNIFTY31DEC2424250PE.NFO,2024-12-09,15:13:00,2024-12-31,187.45,189.0,187.45,189.0,175,23100,0
FINNIFTY31DEC2424250PE.NFO,2024-12-09,15:14:00,2024-12-31,189.0,190.0,189.0,190.0,25,22975,0
FINNIFTY31DEC2424250PE.NFO,2024-12-09,15:15:00,2024-12-31,190.0,190.0,187.05,187.05,50,22975,0
FINNIFTY31DEC2424250PE.NFO,2024-12-09,15:16:00,2024-12-31,187.05,187.05,187.05,187.05,0,22975,0
FINNIFTY31DEC2424250PE.NFO,2024-12-09,15:17:00,2024-12-31,187.05,187.05,187.05,187.05,0,22975,0
FINNIFTY31DEC2424250PE.NFO,2024-12-09,15:18:00,2024-12-31,187.05,187.05,187.05,187.05,0,22975,0
FINNIFTY31DEC2424250PE.NFO,2024-12-09,15:19:00,2024-12-31,187.05,187.05,185.1,185.2,500,22975,0
FINNIFTY31DEC2424250PE.NFO,2024-12-09,15:20:00,2024-12-31,185.2,185.2,185.2,185.2,0,22975,0
FINNIFTY31DEC2424250PE.NFO,2024-12-09,15:21:00,2024-12-31,185.2,185.2,185.2,185.2,0,22975,0
FINNIFTY31DEC2424250PE.NFO,2024-12-09,15:22:00,2024-12-31,185.2,185.2,181.7,181.7,125,22975,0
FINNIFTY31DEC2424250PE.NFO,2024-12-09,15:23:00,2024-12-31,181.7,181.7,181.7,181.7,0,22975,0
FINNIFTY31DEC2424250PE.NFO,2024-12-09,15:24:00,2024-12-31,181.7,184.3,181.7,184.3,225,23025,0
FINNIFTY31DEC2424250PE.NFO,2024-12-09,15:25:00,2024-12-31,184.3,184.3,183.35,184.15,175,23025,0
FINNIFTY31DEC2424250PE.NFO,2024-12-09,15:26:00,2024-12-31,184.15,184.15,184.15,184.15,0,23025,0
FINNIFTY31DEC2424250PE.NFO,2024-12-09,15:27:00,2024-12-31,184.15,184.15,184.15,184.15,50,22725,0
FINNIFTY31DEC2424250PE.NFO,2024-12-09,15:28:00,2024-12-31,184.15,185.45,184.15,185.45,75,22725,0
FINNIFTY31DEC2424250PE.NFO,2024-12-09,15:29:00,2024-12-31,185.45,185.45,182.55,182.65,150,22750,0
FINNIFTY31DEC2424250PE.NFO,2024-12-09,15:30:00,2024-12-31,182.65,182.65,182.65,182.65,150,22750,1
FINNIFTY31DEC2424250PE.NFO,2024-12-10,09:15:00,2024-12-31,175.95,175.95,175.95,175.95,0,0,0
FINNIFTY31DEC2424250PE.NFO,2024-12-10,09:16:00,2024-12-31,180.05,180.05,175.95,180.05,0,22775,0
FINNIFTY31DEC2424250PE.NFO,2024-12-10,09:17:00,2024-12-31,180.05,182.3,177.9,182.3,150,22775,0
FINNIFTY31DEC2424250PE.NFO,2024-12-10,09:18:00,2024-12-31,182.3,182.3,178.25,178.25,200,22775,0
FINNIFTY31DEC2424250PE.NFO,2024-12-10,09:19:00,2024-12-31,178.25,179.1,178.25,179.1,25,22900,0
FINNIFTY31DEC2424250PE.NFO,2024-12-10,09:20:00,2024-12-31,179.1,182.0,179.1,182.0,400,22900,0
FINNIFTY31DEC2424250PE.NFO,2024-12-10,09:21:00,2024-12-31,182.0,182.0,182.0,182.0,0,22900,0
FINNIFTY31DEC2424250PE.NFO,2024-12-10,09:22:00,2024-12-31,182.0,182.0,173.25,173.25,50,22825,0
FINNIFTY31DEC2424250PE.NFO,2024-12-10,09:23:00,2024-12-31,173.25,176.0,173.25,176.0,25,22825,0
FINNIFTY31DEC2424250PE.NFO,2024-12-10,09:24:00,2024-12-31,176.0,176.0,173.9,173.9,75,22825,0
FINNIFTY31DEC2424250PE.NFO,2024-12-10,09:25:00,2024-12-31,173.9,175.0,173.9,175.0,25,22825,0
FINNIFTY31DEC2424250PE.NFO,2024-12-10,09:26:00,2024-12-31,175.0,179.45,175.0,179.45,25,22825,0
FINNIFTY31DEC2424250PE.NFO,2024-12-10,09:27:00,2024-12-31,179.45,179.45,178.95,178.95,25,22825,0
FINNIFTY31DEC2424250PE.NFO,2024-12-10,09:28:00,2024-12-31,178.95,180.95,175.4,175.4,25,22775,0
FINNIFTY31DEC2424250PE.NFO,2024-12-10,09:29:00,2024-12-31,175.4,175.4,175.4,175.4,0,22775,0
FINNIFTY31DEC2424250PE.NFO,2024-12-10,09:30:00,2024-12-31,175.4,177.9,175.4,177.9,25,22775,0
FINNIFTY31DEC2424250PE.NFO,2024-12-10,09:31:00,2024-12-31,177.9,177.9,172.0,172.0,275,22775,0
FINNIFTY31DEC2424250PE.NFO,2024-12-10,09:32:00,2024-12-31,172.0,172.0,171.35,171.85,150,22775,0
FINNIFTY31DEC2424250PE.NFO,2024-12-10,09:33:00,2024-12-31,171.85,171.85,164.55,164.55,900,23175,0
FINNIFTY31DEC2424250PE.NFO,2024-12-10,09:34:00,2024-12-31,164.55,166.75,164.55,166.75,100,23175,0
FINNIFTY31DEC2424250PE.NFO,2024-12-10,09:35:00,2024-12-31,166.75,168.95,166.75,168.5,175,23175,0
FINNIFTY31DEC2424250PE.NFO,2024-12-10,09:36:00,2024-12-31,168.5,168.5,168.5,168.5,0,23175,0
FINNIFTY31DEC2424250PE.NFO,2024-12-10,09:37:00,2024-12-31,168.5,168.5,161.95,164.6,75,23200,0
FINNIFTY31DEC2424250PE.NFO,2024-12-10,09:38:00,2024-12-31,164.6,165.5,164.6,165.5,25,23200,0
FINNIFTY31DEC2424250PE.NFO,2024-12-10,09:39:00,2024-12-31,165.5,165.5,165.5,165.5,0,23200,0
FINNIFTY31DEC2424250PE.NFO,2024-12-10,09:40:00,2024-12-31,165.5,165.5,163.9,163.9,25,23150,0
FINNIFTY31DEC2424250PE.NFO,2024-12-10,09:41:00,2024-12-31,163.9,163.9,163.9,163.9,0,23150,0
FINNIFTY31DEC2424250PE.NFO,2024-12-10,09:42:00,2024-12-31,163.9,163.9,163.9,163.9,0,23150,0
FINNIFTY31DEC2424250PE.NFO,2024-12-10,09:43:00,2024-12-31,163.9,163.9,163.9,163.9,25,23175,0
FINNIFTY31DEC2424250PE.NFO,2024-12-10,09:44:00,2024-12-31,163.9,163.9,163.9,163.9,0,23175,0
FINNIFTY31DEC2424250PE.NFO,2024-12-10,09:45:00,2024-12-31,163.9,163.9,160.95,161.0,675,23175,0
FINNIFTY31DEC2424250PE.NFO,2024-12-10,09:46:00,2024-12-31,161.0,161.0,161.0,161.0,0,23175,0
FINNIFTY31DEC2424250PE.NFO,2024-12-10,09:47:00,2024-12-31,161.0,161.0,161.0,161.0,0,23175,0
FINNIFTY31DEC2424250PE.NFO,2024-12-10,09:48:00,2024-12-31,161.0,164.15,161.0,164.15,25,23150,0
FINNIFTY31DEC2424250PE.NFO,2024-12-10,09:49:00,2024-12-31,164.15,164.15,164.15,164.15,0,23150,0
FINNIFTY31DEC2424250PE.NFO,2024-12-10,09:50:00,2024-12-31,164.15,164.15,163.5,163.5,150,23125,0
FINNIFTY31DEC2424250PE.NFO,2024-12-10,09:51:00,2024-12-31,163.5,163.5,161.35,161.35,75,23125,0
FINNIFTY31DEC2424250PE.NFO,2024-12-10,09:52:00,2024-12-31,161.35,161.35,161.35,161.35,0,23125,0
FINNIFTY31DEC2424250PE.NFO,2024-12-10,09:53:00,2024-12-31,161.35,161.35,161.35,161.35,0,23125,0
FINNIFTY31DEC2424250PE.NFO,2024-12-10,09:54:00,2024-12-31,161.35,161.35,160.8,160.8,25,23275,0
FINNIFTY31DEC2424250PE.NFO,2024-12-10,09:55:00,2024-12-31,160.8,160.8,159.1,159.1,25,23275,0
FINNIFTY31DEC2424250PE.NFO,2024-12-10,09:56:00,2024-12-31,159.1,159.1,159.1,159.1,0,23275,0
FINNIFTY31DEC2424250PE.NFO,2024-12-10,09:57:00,2024-12-31,159.1,159.1,159.1,159.1,0,23275,0
FINNIFTY31DEC2424250PE.NFO,2024-12-10,09:58:00,2024-12-31,159.1,159.1,158.0,158.0,250,23275,0
FINNIFTY31DEC2424250PE.NFO,2024-12-10,09:59:00,2024-12-31,158.0,158.0,158.0,158.0,0,23275,0
FINNIFTY31DEC2424250PE.NFO,2024-12-10,10:00:00,2024-12-31,158.0,158.0,158.0,158.0,0,23275,0
FINNIFTY31DEC2424250PE.NFO,2024-12-10,10:01:00,2024-12-31,158.0,158.0,158.0,158.0,0,23275,0
FINNIFTY31DEC2424250PE.NFO,2024-12-10,10:02:00,2024-12-31,158.0,158.0,155.05,155.75,50,23100,0
FINNIFTY31DEC2424250PE.NFO,2024-12-10,10:03:00,2024-12-31,155.75,155.75,155.75,155.75,0,23100,0
FINNIFTY31DEC2424250PE.NFO,2024-12-10,10:04:00,2024-12-31,155.75,155.75,155.75,155.75,0,23100,0
FINNIFTY31DEC2424250PE.NFO,2024-12-10,10:05:00,2024-12-31,155.75,155.75,155.75,155.75,0,23100,0
FINNIFTY31DEC2424250PE.NFO,2024-12-10,10:06:00,2024-12-31,155.75,155.75,155.75,155.75,0,23100,0
FINNIFTY31DEC2424250PE.NFO,2024-12-10,10:07:00,2024-12-31,155.75,155.75,155.75,155.75,0,23100,0
FINNIFTY31DEC2424250PE.NFO,2024-12-10,10:08:00,2024-12-31,155.75,155.75,155.75,155.75,0,23100,0
FINNIFTY31DEC2424250PE.NFO,2024-12-10,10:09:00,2024-12-31,155.75,155.75,155.75,155.75,0,23100,0
FINNIFTY31DEC2424250PE.NFO,2024-12-10,10:10:00,2024-12-31,155.75,164.6,155.75,164.6,50,23075,0
FINNIFTY31DEC2424250PE.NFO,2024-12-10,10:11:00,2024-12-31,164.6,164.6,159.2,159.2,150,23075,0
FINNIFTY31DEC2424250PE.NFO,2024-12-10,10:12:00,2024-12-31,159.2,159.2,159.2,159.2,0,23075,0
FINNIFTY31DEC2424250PE.NFO,2024-12-10,10:13:00,2024-12-31,159.2,159.2,159.2,159.2,0,23075,0
FINNIFTY31DEC2424250PE.NFO,2024-12-10,10:14:00,2024-12-31,159.2,159.2,159.2,159.2,0,23075,0
FINNIFTY31DEC2424250PE.NFO,2024-12-10,10:15:00,2024-12-31,159.2,159.2,159.2,159.2,0,23075,0
FINNIFTY31DEC2424250PE.NFO,2024-12-10,10:16:00,2024-12-31,159.2,159.2,159.2,159.2,0,23075,0
FINNIFTY31DEC2424250PE.NFO,2024-12-10,10:17:00,2024-12-31,159.2,159.2,159.2,159.2,0,23075,0
FINNIFTY31DEC2424250PE.NFO,2024-12-10,10:18:00,2024-12-31,159.2,159.2,159.2,159.2,0,23075,0
FINNIFTY31DEC2424250PE.NFO,2024-12-10,10:19:00,2024-12-31,159.2,159.2,159.2,159.2,0,23075,0
FINNIFTY31DEC2424250PE.NFO,2024-12-10,10:20:00,2024-12-31,159.2,159.2,159.2,159.2,0,23075,0
FINNIFTY31DEC2424250PE.NFO,2024-12-10,10:21:00,2024-12-31,159.2,159.2,159.2,159.2,0,23075,0
FINNIFTY31DEC2424250PE.NFO,2024-12-10,10:22:00,2024-12-31,159.2,159.2,159.2,159.2,0,23075,0
FINNIFTY31DEC2424250PE.NFO,2024-12-10,10:23:00,2024-12-31,159.2,159.2,159.2,159.2,0,23075,0
FINNIFTY31DEC2424250PE.NFO,2024-12-10,10:24:00,2024-12-31,159.2,159.2,159.2,159.2,0,23075,0
FINNIFTY31DEC2424250PE.NFO,2024-12-10,10:25:00,2024-12-31,159.2,159.2,159.2,159.2,0,23075,0
FINNIFTY31DEC2424250PE.NFO,2024-12-10,10:26:00,2024-12-31,159.2,159.2,159.2,159.2,0,23075,0
FINNIFTY31DEC2424250PE.NFO,2024-12-10,10:27:00,2024-12-31,159.2,159.2,159.2,159.2,0,23075,0
FINNIFTY31DEC2424250PE.NFO,2024-12-10,10:28:00,2024-12-31,159.2,159.2,159.2,159.2,0,23075,0
FINNIFTY31DEC2424250PE.NFO,2024-12-10,10:29:00,2024-12-31,159.2,159.2,159.2,159.2,0,23075,0
FINNIFTY31DEC2424250PE.NFO,2024-12-10,10:30:00,2024-12-31,159.2,159.2,159.2,159.2,0,23075,0
FINNIFTY31DEC2424250PE.NFO,2024-12-10,10:31:00,2024-12-31,159.2,159.2,159.2,159.2,0,23075,0
FINNIFTY31DEC2424250PE.NFO,2024-12-10,10:32:00,2024-12-31,159.2,161.0,159.2,161.0,25,23050,0
FINNIFTY31DEC2424250PE.NFO,2024-12-10,10:33:00,2024-12-31,161.0,161.0,158.75,158.75,25,23050,0
FINNIFTY31DEC2424250PE.NFO,2024-12-10,10:34:00,2024-12-31,158.75,158.75,158.75,158.75,0,23050,0
FINNIFTY31DEC2424250PE.NFO,2024-12-10,10:35:00,2024-12-31,158.75,158.75,158.75,158.75,0,23050,0
FINNIFTY31DEC2424250PE.NFO,2024-12-10,10:36:00,2024-12-31,158.75,158.75,158.75,158.75,0,23050,0
FINNIFTY31DEC2424250PE.NFO,2024-12-10,10:37:00,2024-12-31,158.75,158.75,158.75,158.75,0,23050,0
FINNIFTY31DEC2424250PE.NFO,2024-12-10,10:38:00,2024-12-31,158.75,158.75,158.75,158.75,0,23050,0
FINNIFTY31DEC2424250PE.NFO,2024-12-10,10:39:00,2024-12-31,158.75,158.75,158.75,158.75,0,23050,0
FINNIFTY31DEC2424250PE.NFO,2024-12-10,10:40:00,2024-12-31,158.75,158.75,158.75,158.75,0,23050,0
FINNIFTY31DEC2424250PE.NFO,2024-12-10,10:41:00,2024-12-31,158.75,158.75,158.75,158.75,0,23050,0
FINNIFTY31DEC2424250PE.NFO,2024-12-10,10:42:00,2024-12-31,158.75,158.75,158.75,158.75,0,23050,0
FINNIFTY31DEC2424250PE.NFO,2024-12-10,10:43:00,2024-12-31,158.75,158.75,158.75,158.75,0,23050,0
FINNIFTY31DEC2424250PE.NFO,2024-12-10,10:44:00,2024-12-31,158.75,158.75,158.75,158.75,0,23050,0
FINNIFTY31DEC2424250PE.NFO,2024-12-10,10:45:00,2024-12-31,158.75,158.75,158.75,158.75,0,23050,0
FINNIFTY31DEC2424250PE.NFO,2024-12-10,10:46:00,2024-12-31,158.75,158.75,158.75,158.75,0,23050,0
FINNIFTY31DEC2424250PE.NFO,2024-12-10,10:47:00,2024-12-31,158.75,158.75,158.75,158.75,0,23050,0
FINNIFTY31DEC2424250PE.NFO,2024-12-10,10:48:00,2024-12-31,158.75,158.75,158.75,158.75,0,23050,0
FINNIFTY31DEC2424250PE.NFO,2024-12-10,10:49:00,2024-12-31,158.75,158.75,158.75,158.75,0,23050,0
FINNIFTY31DEC2424250PE.NFO,2024-12-10,10:50:00,2024-12-31,158.75,158.75,158.75,158.75,0,23050,0
FINNIFTY31DEC2424250PE.NFO,2024-12-10,10:51:00,2024-12-31,158.75,158.75,158.75,158.75,0,23050,0
FINNIFTY31DEC2424250PE.NFO,2024-12-10,10:52:00,2024-12-31,158.75,158.75,157.65,157.65,50,23050,0
FINNIFTY31DEC2424250PE.NFO,2024-12-10,10:53:00,2024-12-31,157.65,157.65,157.65,157.65,0,23050,0
FINNIFTY31DEC2424250PE.NFO,2024-12-10,10:54:00,2024-12-31,157.65,159.8,157.65,159.8,25,23050,0
FINNIFTY31DEC2424250PE.NFO,2024-12-10,10:55:00,2024-12-31,159.8,159.8,159.8,159.8,0,23050,0
FINNIFTY31DEC2424250PE.NFO,2024-12-10,10:56:00,2024-12-31,159.8,159.8,159.8,159.8,0,23050,0
FINNIFTY31DEC2424250PE.NFO,2024-12-10,10:57:00,2024-12-31,159.8,159.8,159.8,159.8,0,23050,0
FINNIFTY31DEC2424250PE.NFO,2024-12-10,10:58:00,2024-12-31,159.8,159.8,158.25,158.25,25,23050,0
FINNIFTY31DEC2424250PE.NFO,2024-12-10,10:59:00,2024-12-31,158.25,158.25,158.25,158.25,0,23050,0
FINNIFTY31DEC2424250PE.NFO,2024-12-10,11:00:00,2024-12-31,158.25,158.25,156.0,156.0,25,23050,0
FINNIFTY31DEC2424250PE.NFO,2024-12-10,11:01:00,2024-12-31,156.0,156.15,156.0,156.15,25,23075,0
FINNIFTY31DEC2424250PE.NFO,2024-12-10,11:02:00,2024-12-31,156.15,156.15,156.15,156.15,0,23075,0
FINNIFTY31DEC2424250PE.NFO,2024-12-10,11:03:00,2024-12-31,156.15,156.15,156.15,156.15,0,23075,0
FINNIFTY31DEC2424250PE.NFO,2024-12-10,11:04:00,2024-12-31,156.15,156.15,156.15,156.15,0,23075,0
FINNIFTY31DEC2424250PE.NFO,2024-12-10,11:05:00,2024-12-31,156.15,156.15,156.15,156.15,0,23075,0
FINNIFTY31DEC2424250PE.NFO,2024-12-10,11:06:00,2024-12-31,156.15,156.15,156.15,156.15,0,23075,0
FINNIFTY31DEC2424250PE.NFO,2024-12-10,11:07:00,2024-12-31,156.15,156.15,156.15,156.15,0,23075,0
FINNIFTY31DEC2424250PE.NFO,2024-12-10,11:08:00,2024-12-31,156.15,156.15,156.15,156.15,0,23075,0
FINNIFTY31DEC2424250PE.NFO,2024-12-10,11:09:00,2024-12-31,156.15,156.15,156.15,156.15,0,23075,0
FINNIFTY31DEC2424250PE.NFO,2024-12-10,11:10:00,2024-12-31,156.15,156.15,156.15,156.15,0,23075,0
FINNIFTY31DEC2424250PE.NFO,2024-12-10,11:11:00,2024-12-31,156.15,156.15,156.15,156.15,0,23075,0
FINNIFTY31DEC2424250PE.NFO,2024-12-10,11:12:00,2024-12-31,156.15,156.15,156.15,156.15,0,23075,0
FINNIFTY31DEC2424250PE.NFO,2024-12-10,11:13:00,2024-12-31,156.15,156.15,156.15,156.15,0,23075,0
FINNIFTY31DEC2424250PE.NFO,2024-12-10,11:14:00,2024-12-31,156.15,156.15,155.25,155.25,50,23075,0
FINNIFTY31DEC2424250PE.NFO,2024-12-10,11:15:00,2024-12-31,155.25,155.25,155.25,155.25,0,23075,0
FINNIFTY31DEC2424250PE.NFO,2024-12-10,11:16:00,2024-12-31,155.25,155.25,155.25,155.25,0,23075,0
FINNIFTY31DEC2424250PE.NFO,2024-12-10,11:17:00,2024-12-31,155.25,155.25,155.0,155.0,100,23125,0
FINNIFTY31DEC2424250PE.NFO,2024-12-10,11:18:00,2024-12-31,155.0,155.0,155.0,155.0,0,23125,0
FINNIFTY31DEC2424250PE.NFO,2024-12-10,11:19:00,2024-12-31,155.0,155.0,153.3,153.3,100,23125,0
FINNIFTY31DEC2424250PE.NFO,2024-12-10,11:20:00,2024-12-31,153.3,153.3,153.3,153.3,0,23125,0
FINNIFTY31DEC2424250PE.NFO,2024-12-10,11:21:00,2024-12-31,153.3,153.3,153.3,153.3,0,23125,0
FINNIFTY31DEC2424250PE.NFO,2024-12-10,11:22:00,2024-12-31,153.3,153.3,153.3,153.3,0,23125,0
FINNIFTY31DEC2424250PE.NFO,2024-12-10,11:23:00,2024-12-31,153.3,153.3,153.3,153.3,0,23125,0
FINNIFTY31DEC2424250PE.NFO,2024-12-10,11:24:00,2024-12-31,153.3,153.3,153.3,153.3,0,23125,0
FINNIFTY31DEC2424250PE.NFO,2024-12-10,11:25:00,2024-12-31,153.3,153.3,153.3,153.3,0,23125,0
FINNIFTY31DEC2424250PE.NFO,2024-12-10,11:26:00,2024-12-31,153.3,153.3,153.3,153.3,0,23125,0
FINNIFTY31DEC2424250PE.NFO,2024-12-10,11:27:00,2024-12-31,153.3,153.3,153.3,153.3,0,23125,0
FINNIFTY31DEC2424250PE.NFO,2024-12-10,11:28:00,2024-12-31,153.3,153.3,153.3,153.3,0,23125,0
FINNIFTY31DEC2424250PE.NFO,2024-12-10,11:29:00,2024-12-31,153.3,153.3,153.3,153.3,0,23125,0
FINNIFTY31DEC2424250PE.NFO,2024-12-10,11:30:00,2024-12-31,153.3,153.3,153.3,153.3,0,23125,0
FINNIFTY31DEC2424250PE.NFO,2024-12-10,11:31:00,2024-12-31,153.3,153.3,153.3,153.3,0,23125,0
FINNIFTY31DEC2424250PE.NFO,2024-12-10,11:32:00,2024-12-31,153.3,153.3,152.45,152.45,25,23125,0
FINNIFTY31DEC2424250PE.NFO,2024-12-10,11:33:00,2024-12-31,152.45,152.45,152.45,152.45,0,23125,0
FINNIFTY31DEC2424250PE.NFO,2024-12-10,11:34:00,2024-12-31,152.45,152.45,152.45,152.45,0,23125,0
FINNIFTY31DEC2424250PE.NFO,2024-12-10,11:35:00,2024-12-31,152.45,152.45,152.45,152.45,0,23125,0
FINNIFTY31DEC2424250PE.NFO,2024-12-10,11:36:00,2024-12-31,152.45,152.45,152.45,152.45,0,23125,0
FINNIFTY31DEC2424250PE.NFO,2024-12-10,11:37:00,2024-12-31,152.45,152.45,152.45,152.45,0,23125,0
FINNIFTY31DEC2424250PE.NFO,2024-12-10,11:38:00,2024-12-31,152.45,152.45,152.45,152.45,0,23125,0
FINNIFTY31DEC2424250PE.NFO,2024-12-10,11:39:00,2024-12-31,152.45,152.45,152.45,152.45,0,23125,0
FINNIFTY31DEC2424250PE.NFO,2024-12-10,11:40:00,2024-12-31,152.45,156.0,152.45,156.0,150,23125,0
FINNIFTY31DEC2424250PE.NFO,2024-12-10,11:41:00,2024-12-31,156.0,156.0,156.0,156.0,0,23125,0
FINNIFTY31DEC2424250PE.NFO,2024-12-10,11:42:00,2024-12-31,156.0,156.0,156.0,156.0,0,23125,0
FINNIFTY31DEC2424250PE.NFO,2024-12-10,11:43:00,2024-12-31,156.0,156.0,155.5,155.5,50,23125,0
FINNIFTY31DEC2424250PE.NFO,2024-12-10,11:44:00,2024-12-31,155.5,155.5,155.5,155.5,0,23125,0
FINNIFTY31DEC2424250PE.NFO,2024-12-10,11:45:00,2024-12-31,155.5,155.5,155.5,155.5,0,23125,0
FINNIFTY31DEC2424250PE.NFO,2024-12-10,11:46:00,2024-12-31,155.5,155.5,155.5,155.5,0,23125,0
FINNIFTY31DEC2424250PE.NFO,2024-12-10,11:47:00,2024-12-31,155.5,155.5,155.5,155.5,0,23125,0
FINNIFTY31DEC2424250PE.NFO,2024-12-10,11:48:00,2024-12-31,155.5,155.5,155.5,155.5,0,23125,0
FINNIFTY31DEC2424250PE.NFO,2024-12-10,11:49:00,2024-12-31,155.5,157.05,155.5,157.05,25,23125,0
FINNIFTY31DEC2424250PE.NFO,2024-12-10,11:50:00,2024-12-31,157.05,157.05,157.05,157.05,0,23125,0
FINNIFTY31DEC2424250PE.NFO,2024-12-10,11:51:00,2024-12-31,157.05,157.05,157.05,157.05,0,23125,0
FINNIFTY31DEC2424250PE.NFO,2024-12-10,11:52:00,2024-12-31,157.05,157.05,157.05,157.05,0,23125,0
FINNIFTY31DEC2424250PE.NFO,2024-12-10,11:53:00,2024-12-31,157.05,157.05,155.55,155.55,25,23125,0
FINNIFTY31DEC2424250PE.NFO,2024-12-10,11:54:00,2024-12-31,155.55,155.55,155.55,155.55,0,23125,0
FINNIFTY31DEC2424250PE.NFO,2024-12-10,11:55:00,2024-12-31,155.55,155.55,155.55,155.55,0,23125,0
FINNIFTY31DEC2424250PE.NFO,2024-12-10,11:56:00,2024-12-31,155.55,155.55,155.55,155.55,0,23125,0
FINNIFTY31DEC2424250PE.NFO,2024-12-10,11:57:00,2024-12-31,155.55,155.55,155.55,155.55,0,23125,0
FINNIFTY31DEC2424250PE.NFO,2024-12-10,11:58:00,2024-12-31,155.55,155.55,155.55,155.55,0,23125,0
FINNIFTY31DEC2424250PE.NFO,2024-12-10,11:59:00,2024-12-31,155.55,155.55,155.55,155.55,0,23125,0
FINNIFTY31DEC2424250PE.NFO,2024-12-10,12:00:00,2024-12-31,155.55,155.55,155.55,155.55,0,23125,0
FINNIFTY31DEC2424250PE.NFO,2024-12-10,12:01:00,2024-12-31,155.55,155.55,155.55,155.55,0,23125,0
FINNIFTY31DEC2424250PE.NFO,2024-12-10,12:02:00,2024-12-31,155.55,155.55,155.55,155.55,0,23125,0
FINNIFTY31DEC2424250PE.NFO,2024-12-10,12:03:00,2024-12-31,155.55,155.55,155.55,155.55,0,23125,0
FINNIFTY31DEC2424250PE.NFO,2024-12-10,12:04:00,2024-12-31,155.55,155.55,155.55,155.55,0,23125,0
FINNIFTY31DEC2424250PE.NFO,2024-12-10,12:05:00,2024-12-31,155.55,155.55,155.55,155.55,0,23125,0
FINNIFTY31DEC2424250PE.NFO,2024-12-10,12:06:00,2024-12-31,155.55,155.55,155.55,155.55,0,23125,0
FINNIFTY31DEC2424250PE.NFO,2024-12-10,12:07:00,2024-12-31,155.55,155.55,155.55,155.55,0,23125,0
FINNIFTY31DEC2424250PE.NFO,2024-12-10,12:08:00,2024-12-31,155.55,155.55,155.55,155.55,0,23125,0
FINNIFTY31DEC2424250PE.NFO,2024-12-10,12:09:00,2024-12-31,155.55,155.55,155.55,155.55,0,23125,0
FINNIFTY31DEC2424250PE.NFO,2024-12-10,12:10:00,2024-12-31,155.55,156.0,155.5,156.0,300,23275,0
FINNIFTY31DEC2424250PE.NFO,2024-12-10,12:11:00,2024-12-31,156.0,156.0,156.0,156.0,0,23275,0
FINNIFTY31DEC2424250PE.NFO,2024-12-10,12:12:00,2024-12-31,156.0,156.0,156.0,156.0,0,23275,0
FINNIFTY31DEC2424250PE.NFO,2024-12-10,12:13:00,2024-12-31,156.0,156.0,156.0,156.0,0,23275,0
FINNIFTY31DEC2424250PE.NFO,2024-12-10,12:14:00,2024-12-31,156.0,156.0,156.0,156.0,0,23275,0
FINNIFTY31DEC2424250PE.NFO,2024-12-10,12:15:00,2024-12-31,156.0,156.0,156.0,156.0,0,23275,0
FINNIFTY31DEC2424250PE.NFO,2024-12-10,12:16:00,2024-12-31,156.0,156.0,156.0,156.0,0,23275,0
FINNIFTY31DEC2424250PE.NFO,2024-12-10,12:17:00,2024-12-31,156.0,156.0,156.0,156.0,0,23275,0
FINNIFTY31DEC2424250PE.NFO,2024-12-10,12:18:00,2024-12-31,156.0,156.0,156.0,156.0,0,23275,0
FINNIFTY31DEC2424250PE.NFO,2024-12-10,12:19:00,2024-12-31,156.0,165.9,156.0,165.9,75,23275,0
FINNIFTY31DEC2424250PE.NFO,2024-12-10,12:20:00,2024-12-31,165.9,165.9,165.9,165.9,0,23275,0
FINNIFTY31DEC2424250PE.NFO,2024-12-10,12:21:00,2024-12-31,165.9,165.9,165.9,165.9,0,23275,0
FINNIFTY31DEC2424250PE.NFO,2024-12-10,12:22:00,2024-12-31,165.9,165.9,165.65,165.65,250,23200,0
FINNIFTY31DEC2424250PE.NFO,2024-12-10,12:23:00,2024-12-31,165.65,165.65,165.65,165.65,0,23200,0
FINNIFTY31DEC2424250PE.NFO,2024-12-10,12:24:00,2024-12-31,165.65,165.8,165.65,165.8,75,23200,0
FINNIFTY31DEC2424250PE.NFO,2024-12-10,12:25:00,2024-12-31,165.8,165.8,163.25,163.25,25,23200,0
FINNIFTY31DEC2424250PE.NFO,2024-12-10,12:26:00,2024-12-31,163.25,163.25,162.65,162.65,75,23200,0
FINNIFTY31DEC2424250PE.NFO,2024-12-10,12:27:00,2024-12-31,162.65,162.65,162.65,162.65,0,23200,0
FINNIFTY31DEC2424250PE.NFO,2024-12-10,12:28:00,2024-12-31,162.65,162.65,162.65,162.65,0,23200,0
FINNIFTY31DEC2424250PE.NFO,2024-12-10,12:29:00,2024-12-31,162.65,162.65,162.65,162.65,0,23200,0
FINNIFTY31DEC2424250PE.NFO,2024-12-10,12:30:00,2024-12-31,162.65,162.65,162.65,162.65,0,23200,0
FINNIFTY31DEC2424250PE.NFO,2024-12-10,12:31:00,2024-12-31,162.65,162.65,162.65,162.65,0,23200,0
FINNIFTY31DEC2424250PE.NFO,2024-12-10,12:32:00,2024-12-31,162.65,162.65,162.65,162.65,0,23200,0
FINNIFTY31DEC2424250PE.NFO,2024-12-10,12:33:00,2024-12-31,162.65,170.3,162.65,170.3,25,23125,0
FINNIFTY31DEC2424250PE.NFO,2024-12-10,12:34:00,2024-12-31,170.3,170.3,169.9,169.9,75,23125,0
FINNIFTY31DEC2424250PE.NFO,2024-12-10,12:35:00,2024-12-31,169.9,181.95,169.9,181.95,550,23150,0
FINNIFTY31DEC2424250PE.NFO,2024-12-10,12:36:00,2024-12-31,181.95,181.95,181.0,181.0,75,23150,0
FINNIFTY31DEC2424250PE.NFO,2024-12-10,12:37:00,2024-12-31,181.0,181.0,180.65,181.0,25,23225,0
FINNIFTY31DEC2424250PE.NFO,2024-12-10,12:38:00,2024-12-31,181.0,181.0,181.0,181.0,25,23225,0
FINNIFTY31DEC2424250PE.NFO,2024-12-10,12:39:00,2024-12-31,181.0,181.0,175.35,175.35,425,23225,0
FINNIFTY31DEC2424250PE.NFO,2024-12-10,12:40:00,2024-12-31,175.35,175.35,175.35,175.35,0,23225,0
FINNIFTY31DEC2424250PE.NFO,2024-12-10,12:41:00,2024-12-31,175.35,183.15,175.35,181.8,775,23125,0
FINNIFTY31DEC2424250PE.NFO,2024-12-10,12:42:00,2024-12-31,181.8,181.8,181.8,181.8,0,23125,0
FINNIFTY31DEC2424250PE.NFO,2024-12-10,12:43:00,2024-12-31,181.8,181.8,181.8,181.8,0,23125,0
FINNIFTY31DEC2424250PE.NFO,2024-12-10,12:44:00,2024-12-31,181.8,181.8,181.8,181.8,0,23125,0
FINNIFTY31DEC2424250PE.NFO,2024-12-10,12:45:00,2024-12-31,181.8,181.8,178.3,178.3,25,22500,0
FINNIFTY31DEC2424250PE.NFO,2024-12-10,12:46:00,2024-12-31,178.3,178.3,175.35,175.35,225,22500,0
FINNIFTY31DEC2424250PE.NFO,2024-12-10,12:47:00,2024-12-31,175.35,175.35,172.4,175.35,1100,22500,0
FINNIFTY31DEC2424250PE.NFO,2024-12-10,12:48:00,2024-12-31,175.35,175.35,175.35,175.35,0,22500,0
FINNIFTY31DEC2424250PE.NFO,2024-12-10,12:49:00,2024-12-31,175.35,175.35,175.35,175.35,0,22500,0
FINNIFTY31DEC2424250PE.NFO,2024-12-10,12:50:00,2024-12-31,175.35,175.35,175.35,175.35,0,22500,0
FINNIFTY31DEC2424250PE.NFO,2024-12-10,12:51:00,2024-12-31,175.35,175.35,175.35,175.35,0,22500,0
FINNIFTY31DEC2424250PE.NFO,2024-12-10,12:52:00,2024-12-31,175.35,175.35,175.35,175.35,0,22500,0
FINNIFTY31DEC2424250PE.NFO,2024-12-10,12:53:00,2024-12-31,175.35,175.35,175.35,175.35,0,22500,0
FINNIFTY31DEC2424250PE.NFO,2024-12-10,12:54:00,2024-12-31,175.35,175.35,175.35,175.35,0,22500,0
FINNIFTY31DEC2424250PE.NFO,2024-12-10,12:55:00,2024-12-31,175.35,175.35,175.05,175.05,25,23700,0
FINNIFTY31DEC2424250PE.NFO,2024-12-10,12:56:00,2024-12-31,175.05,175.05,175.05,175.05,0,23700,0
FINNIFTY31DEC2424250PE.NFO,2024-12-10,12:57:00,2024-12-31,175.05,175.05,175.05,175.05,0,23700,0
FINNIFTY31DEC2424250PE.NFO,2024-12-10,12:58:00,2024-12-31,175.05,175.05,175.05,175.05,0,23700,0
FINNIFTY31DEC2424250PE.NFO,2024-12-10,12:59:00,2024-12-31,175.05,175.05,170.55,170.7,50,23675,0
FINNIFTY31DEC2424250PE.NFO,2024-12-10,13:00:00,2024-12-31,170.7,174.65,170.7,174.65,100,23675,0
FINNIFTY31DEC2424250PE.NFO,2024-12-10,13:01:00,2024-12-31,174.65,175.05,174.65,175.05,125,23675,0
FINNIFTY31DEC2424250PE.NFO,2024-12-10,13:02:00,2024-12-31,175.05,175.05,167.75,167.75,275,23675,0
FINNIFTY31DEC2424250PE.NFO,2024-12-10,13:03:00,2024-12-31,167.75,167.75,167.75,167.75,0,23675,0
FINNIFTY31DEC2424250PE.NFO,2024-12-10,13:04:00,2024-12-31,167.75,167.75,167.75,167.75,0,23675,0
FINNIFTY31DEC2424250PE.NFO,2024-12-10,13:05:00,2024-12-31,167.75,167.75,167.75,167.75,0,23675,0
FINNIFTY31DEC2424250PE.NFO,2024-12-10,13:06:00,2024-12-31,167.75,167.75,167.75,167.75,0,23675,0
FINNIFTY31DEC2424250PE.NFO,2024-12-10,13:07:00,2024-12-31,167.75,167.75,167.75,167.75,0,23675,0
FINNIFTY31DEC2424250PE.NFO,2024-12-10,13:08:00,2024-12-31,167.75,167.75,167.75,167.75,0,23675,0
FINNIFTY31DEC2424250PE.NFO,2024-12-10,13:09:00,2024-12-31,167.75,167.75,167.75,167.75,0,23675,0
FINNIFTY31DEC2424250PE.NFO,2024-12-10,13:10:00,2024-12-31,167.75,172.3,167.75,172.3,250,23500,0
FINNIFTY31DEC2424250PE.NFO,2024-12-10,13:11:00,2024-12-31,172.3,172.65,172.3,172.65,50,23250,0
FINNIFTY31DEC2424250PE.NFO,2024-12-10,13:12:00,2024-12-31,172.65,172.65,172.65,172.65,0,23250,0
FINNIFTY31DEC2424250PE.NFO,2024-12-10,13:13:00,2024-12-31,172.65,172.65,172.65,172.65,0,23250,0
FINNIFTY31DEC2424250PE.NFO,2024-12-10,13:14:00,2024-12-31,172.65,172.65,172.65,172.65,0,23250,0
FINNIFTY31DEC2424250PE.NFO,2024-12-10,13:15:00,2024-12-31,172.65,172.65,172.65,172.65,0,23250,0
FINNIFTY31DEC2424250PE.NFO,2024-12-10,13:16:00,2024-12-31,172.65,172.65,172.65,172.65,0,23250,0
FINNIFTY31DEC2424250PE.NFO,2024-12-10,13:17:00,2024-12-31,172.65,172.65,172.65,172.65,0,23250,0
FINNIFTY31DEC2424250PE.NFO,2024-12-10,13:18:00,2024-12-31,172.65,172.65,172.65,172.65,0,23250,0
FINNIFTY31DEC2424250PE.NFO,2024-12-10,13:19:00,2024-12-31,172.65,176.5,172.65,176.5,25,23250,0
FINNIFTY31DEC2424250PE.NFO,2024-12-10,13:20:00,2024-12-31,176.5,176.75,176.5,176.75,25,23250,0
FINNIFTY31DEC2424250PE.NFO,2024-12-10,13:21:00,2024-12-31,176.75,176.75,176.75,176.75,0,23250,0
FINNIFTY31DEC2424250PE.NFO,2024-12-10,13:22:00,2024-12-31,176.75,176.75,176.75,176.75,0,23250,0
FINNIFTY31DEC2424250PE.NFO,2024-12-10,13:23:00,2024-12-31,176.75,176.75,176.75,176.75,0,23250,0
FINNIFTY31DEC2424250PE.NFO,2024-12-10,13:24:00,2024-12-31,176.75,176.75,176.75,176.75,0,23250,0
FINNIFTY31DEC2424250PE.NFO,2024-12-10,13:25:00,2024-12-31,176.75,176.75,176.75,176.75,0,23250,0
FINNIFTY31DEC2424250PE.NFO,2024-12-10,13:26:00,2024-12-31,176.75,176.75,176.75,176.75,0,23250,0
FINNIFTY31DEC2424250PE.NFO,2024-12-10,13:27:00,2024-12-31,176.75,176.75,176.75,176.75,0,23250,0
FINNIFTY31DEC2424250PE.NFO,2024-12-10,13:28:00,2024-12-31,176.75,176.75,176.75,176.75,0,23250,0
FINNIFTY31DEC2424250PE.NFO,2024-12-10,13:29:00,2024-12-31,176.75,176.75,176.75,176.75,0,23250,0
FINNIFTY31DEC2424250PE.NFO,2024-12-10,13:30:00,2024-12-31,176.75,176.75,176.75,176.75,0,23250,0
FINNIFTY31DEC2424250PE.NFO,2024-12-10,13:31:00,2024-12-31,176.75,176.75,176.75,176.75,0,23250,0
FINNIFTY31DEC2424250PE.NFO,2024-12-10,13:32:00,2024-12-31,176.75,176.75,176.75,176.75,0,23250,0
FINNIFTY31DEC2424250PE.NFO,2024-12-10,13:33:00,2024-12-31,176.75,176.75,166.85,166.85,75,23275,0
FINNIFTY31DEC2424250PE.NFO,2024-12-10,13:34:00,2024-12-31,166.85,166.85,166.85,166.85,0,23275,0
FINNIFTY31DEC2424250PE.NFO,2024-12-10,13:35:00,2024-12-31,166.85,166.85,166.85,166.85,0,23275,0
FINNIFTY31DEC2424250PE.NFO,2024-12-10,13:36:00,2024-12-31,166.85,166.85,166.85,166.85,0,23275,0
FINNIFTY31DEC2424250PE.NFO,2024-12-10,13:37:00,2024-12-31,166.85,166.85,166.85,166.85,0,23275,0
FINNIFTY31DEC2424250PE.NFO,2024-12-10,13:38:00,2024-12-31,166.85,166.85,166.85,166.85,0,23275,0
FINNIFTY31DEC2424250PE.NFO,2024-12-10,13:39:00,2024-12-31,166.85,166.85,166.85,166.85,0,23275,0
FINNIFTY31DEC2424250PE.NFO,2024-12-10,13:40:00,2024-12-31,166.85,166.85,166.85,166.85,0,23275,0
FINNIFTY31DEC2424250PE.NFO,2024-12-10,13:41:00,2024-12-31,166.85,166.85,166.85,166.85,0,23275,0
FINNIFTY31DEC2424250PE.NFO,2024-12-10,13:42:00,2024-12-31,166.85,166.85,166.85,166.85,0,23275,0
FINNIFTY31DEC2424250PE.NFO,2024-12-10,13:43:00,2024-12-31,166.85,166.85,166.85,166.85,0,23275,0
FINNIFTY31DEC2424250PE.NFO,2024-12-10,13:44:00,2024-12-31,166.85,166.85,166.85,166.85,0,23275,0
FINNIFTY31DEC2424250PE.NFO,2024-12-10,13:45:00,2024-12-31,166.85,175.0,166.85,175.0,25,23200,0
FINNIFTY31DEC2424250PE.NFO,2024-12-10,13:46:00,2024-12-31,175.0,175.0,175.0,175.0,0,23200,0
FINNIFTY31DEC2424250PE.NFO,2024-12-10,13:47:00,2024-12-31,175.0,175.0,175.0,175.0,0,23200,0
FINNIFTY31DEC2424250PE.NFO,2024-12-10,13:48:00,2024-12-31,175.0,182.0,175.0,182.0,175,23225,0
FINNIFTY31DEC2424250PE.NFO,2024-12-10,13:49:00,2024-12-31,182.0,182.0,181.9,181.9,25,23225,0
FINNIFTY31DEC2424250PE.NFO,2024-12-10,13:50:00,2024-12-31,181.9,181.9,180.0,180.0,175,23225,0
FINNIFTY31DEC2424250PE.NFO,2024-12-10,13:51:00,2024-12-31,180.0,180.0,180.0,180.0,0,23225,0
FINNIFTY31DEC2424250PE.NFO,2024-12-10,13:52:00,2024-12-31,180.0,180.0,178.2,178.2,125,23225,0
FINNIFTY31DEC2424250PE.NFO,2024-12-10,13:53:00,2024-12-31,178.2,178.2,178.2,178.2,0,23225,0
FINNIFTY31DEC2424250PE.NFO,2024-12-10,13:54:00,2024-12-31,178.2,178.2,178.2,178.2,0,23225,0
FINNIFTY31DEC2424250PE.NFO,2024-12-10,13:55:00,2024-12-31,178.2,178.2,178.2,178.2,0,23225,0
FINNIFTY31DEC2424250PE.NFO,2024-12-10,13:56:00,2024-12-31,178.2,178.2,178.2,178.2,0,23225,0
FINNIFTY31DEC2424250PE.NFO,2024-12-10,13:57:00,2024-12-31,178.2,178.2,178.2,178.2,0,23225,0
FINNIFTY31DEC2424250PE.NFO,2024-12-10,13:58:00,2024-12-31,178.2,178.2,178.2,178.2,0,23225,0
FINNIFTY31DEC2424250PE.NFO,2024-12-10,13:59:00,2024-12-31,174.6,174.6,174.2,174.3,100,23125,0
FINNIFTY31DEC2424250PE.NFO,2024-12-10,14:00:00,2024-12-31,174.3,174.3,174.3,174.3,0,23125,0
FINNIFTY31DEC2424250PE.NFO,2024-12-10,14:01:00,2024-12-31,174.3,174.3,174.3,174.3,0,23125,0
FINNIFTY31DEC2424250PE.NFO,2024-12-10,14:02:00,2024-12-31,174.3,174.3,174.3,174.3,0,23125,0
FINNIFTY31DEC2424250PE.NFO,2024-12-10,14:03:00,2024-12-31,174.3,174.3,174.3,174.3,0,23125,0
FINNIFTY31DEC2424250PE.NFO,2024-12-10,14:04:00,2024-12-31,174.3,174.3,171.55,171.55,25,23125,0
FINNIFTY31DEC2424250PE.NFO,2024-12-10,14:05:00,2024-12-31,171.55,171.85,171.55,171.85,125,23125,0
FINNIFTY31DEC2424250PE.NFO,2024-12-10,14:06:00,2024-12-31,171.85,171.85,171.85,171.85,0,23125,0
FINNIFTY31DEC2424250PE.NFO,2024-12-10,14:07:00,2024-12-31,171.85,171.85,171.85,171.85,0,23125,0
FINNIFTY31DEC2424250PE.NFO,2024-12-10,14:08:00,2024-12-31,171.85,171.85,171.85,171.85,0,23125,0
FINNIFTY31DEC2424250PE.NFO,2024-12-10,14:09:00,2024-12-31,171.85,171.85,171.85,171.85,0,23125,0
FINNIFTY31DEC2424250PE.NFO,2024-12-10,14:10:00,2024-12-31,171.85,171.85,171.85,171.85,0,23125,0
FINNIFTY31DEC2424250PE.NFO,2024-12-10,14:11:00,2024-12-31,171.85,171.85,171.85,171.85,0,23125,0
FINNIFTY31DEC2424250PE.NFO,2024-12-10,14:12:00,2024-12-31,171.85,171.85,165.5,165.5,50,23125,0
FINNIFTY31DEC2424250PE.NFO,2024-12-10,14:13:00,2024-12-31,165.5,165.5,165.5,165.5,0,23125,0
FINNIFTY31DEC2424250PE.NFO,2024-12-10,14:14:00,2024-12-31,165.5,166.85,165.5,166.85,25,23125,0
FINNIFTY31DEC2424250PE.NFO,2024-12-10,14:15:00,2024-12-31,166.85,169.2,166.85,167.0,75,23125,0
FINNIFTY31DEC2424250PE.NFO,2024-12-10,14:16:00,2024-12-31,167.0,167.0,167.0,167.0,0,23125,0
FINNIFTY31DEC2424250PE.NFO,2024-12-10,14:17:00,2024-12-31,167.0,167.0,167.0,167.0,0,23125,0
FINNIFTY31DEC2424250PE.NFO,2024-12-10,14:18:00,2024-12-31,167.0,169.15,167.0,169.15,25,23125,0
FINNIFTY31DEC2424250PE.NFO,2024-12-10,14:19:00,2024-12-31,169.15,169.15,169.15,169.15,0,23125,0
FINNIFTY31DEC2424250PE.NFO,2024-12-10,14:20:00,2024-12-31,169.15,169.15,168.8,168.8,25,23125,0
FINNIFTY31DEC2424250PE.NFO,2024-12-10,14:21:00,2024-12-31,168.8,168.8,168.8,168.8,0,23125,0
FINNIFTY31DEC2424250PE.NFO,2024-12-10,14:22:00,2024-12-31,168.8,170.0,168.8,170.0,25,23125,0
FINNIFTY31DEC2424250PE.NFO,2024-12-10,14:23:00,2024-12-31,170.0,170.0,170.0,170.0,0,23125,0
FINNIFTY31DEC2424250PE.NFO,2024-12-10,14:24:00,2024-12-31,170.0,170.0,170.0,170.0,0,23125,0
FINNIFTY31DEC2424250PE.NFO,2024-12-10,14:25:00,2024-12-31,170.0,170.0,170.0,170.0,0,23125,0
FINNIFTY31DEC2424250PE.NFO,2024-12-10,14:26:00,2024-12-31,170.0,170.0,170.0,170.0,0,23125,0
FINNIFTY31DEC2424250PE.NFO,2024-12-10,14:27:00,2024-12-31,170.0,170.0,167.0,167.0,25,23125,0
FINNIFTY31DEC2424250PE.NFO,2024-12-10,14:28:00,2024-12-31,167.0,167.0,167.0,167.0,0,23125,0
FINNIFTY31DEC2424250PE.NFO,2024-12-10,14:29:00,2024-12-31,167.0,167.0,160.65,160.65,75,23125,0
FINNIFTY31DEC2424250PE.NFO,2024-12-10,14:30:00,2024-12-31,160.65,160.65,159.75,159.75,1750,23125,0
FINNIFTY31DEC2424250PE.NFO,2024-12-10,14:31:00,2024-12-31,159.75,159.75,159.75,159.75,0,23125,0
FINNIFTY31DEC2424250PE.NFO,2024-12-10,14:32:00,2024-12-31,159.75,159.75,159.75,159.75,0,23125,0
FINNIFTY31DEC2424250PE.NFO,2024-12-10,14:33:00,2024-12-31,159.75,165.25,159.75,165.25,25,24325,0
FINNIFTY31DEC2424250PE.NFO,2024-12-10,14:34:00,2024-12-31,165.25,165.25,165.25,165.25,0,24325,0
FINNIFTY31DEC2424250PE.NFO,2024-12-10,14:35:00,2024-12-31,165.25,165.25,165.25,165.25,0,24325,0
FINNIFTY31DEC2424250PE.NFO,2024-12-10,14:36:00,2024-12-31,165.25,165.25,165.25,165.25,0,24325,0
FINNIFTY31DEC2424250PE.NFO,2024-12-10,14:37:00,2024-12-31,165.25,165.25,165.25,165.25,0,24325,0
FINNIFTY31DEC2424250PE.NFO,2024-12-10,14:38:00,2024-12-31,165.25,165.25,165.25,165.25,0,24325,0
FINNIFTY31DEC2424250PE.NFO,2024-12-10,14:39:00,2024-12-31,165.25,165.25,164.15,164.15,50,24325,0
FINNIFTY31DEC2424250PE.NFO,2024-12-10,14:40:00,2024-12-31,164.15,164.15,164.15,164.15,0,24325,0
FINNIFTY31DEC2424250PE.NFO,2024-12-10,14:41:00,2024-12-31,164.15,164.15,164.15,164.15,0,24325,0
FINNIFTY31DEC2424250PE.NFO,2024-12-10,14:42:00,2024-12-31,164.15,164.15,164.15,164.15,0,24325,0
FINNIFTY31DEC2424250PE.NFO,2024-12-10,14:43:00,2024-12-31,164.15,164.15,164.15,164.15,0,24325,0
FINNIFTY31DEC2424250PE.NFO,2024-12-10,14:44:00,2024-12-31,164.15,164.15,164.15,164.15,0,24325,0
FINNIFTY31DEC2424250PE.NFO,2024-12-10,14:45:00,2024-12-31,164.15,164.15,164.15,164.15,0,24325,0
FINNIFTY31DEC2424250PE.NFO,2024-12-10,14:46:00,2024-12-31,164.15,164.15,164.15,164.15,0,24325,0
FINNIFTY31DEC2424250PE.NFO,2024-12-10,14:47:00,2024-12-31,164.15,164.15,164.15,164.15,0,24325,0
FINNIFTY31DEC2424250PE.NFO,2024-12-10,14:48:00,2024-12-31,164.15,164.15,163.45,163.45,25,24325,0
FINNIFTY31DEC2424250PE.NFO,2024-12-10,14:49:00,2024-12-31,163.45,163.45,163.45,163.45,0,24325,0
FINNIFTY31DEC2424250PE.NFO,2024-12-10,14:50:00,2024-12-31,163.45,163.45,163.45,163.45,0,24325,0
FINNIFTY31DEC2424250PE.NFO,2024-12-10,14:51:00,2024-12-31,163.45,163.45,163.45,163.45,0,24325,0
FINNIFTY31DEC2424250PE.NFO,2024-12-10,14:52:00,2024-12-31,163.45,163.45,152.65,154.4,2250,24350,0
FINNIFTY31DEC2424250PE.NFO,2024-12-10,14:53:00,2024-12-31,154.4,154.4,154.4,154.4,0,24350,0
FINNIFTY31DEC2424250PE.NFO,2024-12-10,14:54:00,2024-12-31,154.4,154.4,154.4,154.4,0,24350,0
FINNIFTY31DEC2424250PE.NFO,2024-12-10,14:55:00,2024-12-31,154.4,154.4,154.4,154.4,0,24350,0
FINNIFTY31DEC2424250PE.NFO,2024-12-10,14:56:00,2024-12-31,154.4,154.4,154.4,154.4,0,24350,0
FINNIFTY31DEC2424250PE.NFO,2024-12-10,14:57:00,2024-12-31,154.4,154.4,154.4,154.4,0,24350,0
FINNIFTY31DEC2424250PE.NFO,2024-12-10,14:58:00,2024-12-31,154.4,154.4,154.4,154.4,0,24350,0
FINNIFTY31DEC2424250PE.NFO,2024-12-10,14:59:00,2024-12-31,154.4,154.4,154.4,154.4,0,24350,0
FINNIFTY31DEC2424250PE.NFO,2024-12-10,15:00:00,2024-12-31,154.4,154.4,149.25,149.25,575,23025,0
FINNIFTY31DEC2424250PE.NFO,2024-12-10,15:01:00,2024-12-31,149.25,149.25,149.25,149.25,0,23025,0
FINNIFTY31DEC2424250PE.NFO,2024-12-10,15:02:00,2024-12-31,149.25,149.25,149.25,149.25,0,23025,0
FINNIFTY31DEC2424250PE.NFO,2024-12-10,15:03:00,2024-12-31,149.25,149.25,149.1,149.15,650,23525,0
FINNIFTY31DEC2424250PE.NFO,2024-12-10,15:04:00,2024-12-31,149.15,150.0,147.95,150.0,250,23525,0
FINNIFTY31DEC2424250PE.NFO,2024-12-10,15:05:00,2024-12-31,150.0,150.0,150.0,150.0,0,23525,0
FINNIFTY31DEC2424250PE.NFO,2024-12-10,15:06:00,2024-12-31,150.0,150.0,150.0,150.0,0,23525,0
FINNIFTY31DEC2424250PE.NFO,2024-12-10,15:07:00,2024-12-31,150.0,150.0,147.4,147.6,700,22950,0
FINNIFTY31DEC2424250PE.NFO,2024-12-10,15:08:00,2024-12-31,147.6,147.6,147.6,147.6,0,22950,0
FINNIFTY31DEC2424250PE.NFO,2024-12-10,15:09:00,2024-12-31,147.6,147.6,147.6,147.6,325,24100,0
FINNIFTY31DEC2424250PE.NFO,2024-12-10,15:10:00,2024-12-31,147.6,147.6,147.6,147.6,0,24100,0
FINNIFTY31DEC2424250PE.NFO,2024-12-10,15:11:00,2024-12-31,147.6,150.5,147.6,150.5,25,24075,0
FINNIFTY31DEC2424250PE.NFO,2024-12-10,15:12:00,2024-12-31,150.5,150.5,150.5,150.5,25,24075,0
FINNIFTY31DEC2424250PE.NFO,2024-12-10,15:13:00,2024-12-31,150.5,150.5,150.5,150.5,0,24075,0
FINNIFTY31DEC2424250PE.NFO,2024-12-10,15:14:00,2024-12-31,150.5,150.5,150.5,150.5,0,24075,0
FINNIFTY31DEC2424250PE.NFO,2024-12-10,15:15:00,2024-12-31,150.5,150.5,150.5,150.5,0,24075,0
FINNIFTY31DEC2424250PE.NFO,2024-12-10,15:16:00,2024-12-31,150.5,150.75,150.05,150.3,450,24150,0
FINNIFTY31DEC2424250PE.NFO,2024-12-10,15:17:00,2024-12-31,150.3,150.3,150.3,150.3,0,24150,0
FINNIFTY31DEC2424250PE.NFO,2024-12-10,15:18:00,2024-12-31,150.3,150.3,150.3,150.3,0,24150,0
FINNIFTY31DEC2424250PE.NFO,2024-12-10,15:19:00,2024-12-31,150.3,150.3,150.3,150.3,0,24150,0
FINNIFTY31DEC2424250PE.NFO,2024-12-10,15:20:00,2024-12-31,150.3,150.3,148.05,150.3,150,24150,0
FINNIFTY31DEC2424250PE.NFO,2024-12-10,15:21:00,2024-12-31,150.3,150.3,150.3,150.3,0,24150,0
FINNIFTY31DEC2424250PE.NFO,2024-12-10,15:22:00,2024-12-31,150.3,150.3,150.3,150.3,0,24150,0
FINNIFTY31DEC2424250PE.NFO,2024-12-10,15:23:00,2024-12-31,150.3,150.3,150.2,150.2,125,24225,0
FINNIFTY31DEC2424250PE.NFO,2024-12-10,15:24:00,2024-12-31,150.2,150.2,150.2,150.2,0,24225,0
FINNIFTY31DEC2424250PE.NFO,2024-12-10,15:25:00,2024-12-31,150.2,151.0,150.2,150.5,100,24225,0
FINNIFTY31DEC2424250PE.NFO,2024-12-10,15:26:00,2024-12-31,150.5,150.5,150.5,150.5,0,24225,0
FINNIFTY31DEC2424250PE.NFO,2024-12-10,15:27:00,2024-12-31,150.5,150.5,150.15,150.15,50,24375,0
FINNIFTY31DEC2424250PE.NFO,2024-12-10,15:28:00,2024-12-31,150.15,150.15,148.9,148.9,25,24375,0
FINNIFTY31DEC2424250PE.NFO,2024-12-10,15:29:00,2024-12-31,148.9,148.9,148.7,148.7,175,24325,0
FINNIFTY31DEC2424250PE.NFO,2024-12-10,15:30:00,2024-12-31,148.7,148.7,148.7,148.7,175,24325,1
FINNIFTY31DEC2424250PE.NFO,2024-12-11,09:15:00,2024-12-31,160.9,160.9,160.9,160.9,0,0,0
FINNIFTY31DEC2424250PE.NFO,2024-12-11,09:16:00,2024-12-31,160.9,163.0,157.5,159.45,875,24150,0
FINNIFTY31DEC2424250PE.NFO,2024-12-11,09:17:00,2024-12-31,159.45,159.45,153.35,153.55,50,24150,0
FINNIFTY31DEC2424250PE.NFO,2024-12-11,09:18:00,2024-12-31,153.55,153.55,153.0,153.0,100,24325,0
FINNIFTY31DEC2424250PE.NFO,2024-12-11,09:19:00,2024-12-31,153.0,155.45,153.0,153.0,250,24325,0
FINNIFTY31DEC2424250PE.NFO,2024-12-11,09:20:00,2024-12-31,153.0,153.0,149.75,149.75,100,24325,0
FINNIFTY31DEC2424250PE.NFO,2024-12-11,09:21:00,2024-12-31,149.75,150.75,149.65,149.65,175,24325,0
FINNIFTY31DEC2424250PE.NFO,2024-12-11,09:22:00,2024-12-31,149.65,149.65,149.65,149.65,0,24325,0
FINNIFTY31DEC2424250PE.NFO,2024-12-11,09:23:00,2024-12-31,149.65,155.7,149.65,155.7,125,24425,0
FINNIFTY31DEC2424250PE.NFO,2024-12-11,09:24:00,2024-12-31,155.7,155.7,155.25,155.25,25,24425,0
FINNIFTY31DEC2424250PE.NFO,2024-12-11,09:25:00,2024-12-31,155.25,159.5,155.25,158.0,50,24350,0
FINNIFTY31DEC2424250PE.NFO,2024-12-11,09:26:00,2024-12-31,158.0,158.0,158.0,158.0,0,24350,0
FINNIFTY31DEC2424250PE.NFO,2024-12-11,09:27:00,2024-12-31,158.0,158.0,152.2,152.2,700,24350,0
FINNIFTY31DEC2424250PE.NFO,2024-12-11,09:28:00,2024-12-31,152.2,152.2,152.2,152.2,0,24350,0
FINNIFTY31DEC2424250PE.NFO,2024-12-11,09:29:00,2024-12-31,152.2,152.2,152.2,152.2,0,24350,0
FINNIFTY31DEC2424250PE.NFO,2024-12-11,09:30:00,2024-12-31,152.2,155.65,152.2,155.65,25,24050,0
FINNIFTY31DEC2424250PE.NFO,2024-12-11,09:31:00,2024-12-31,155.65,156.1,154.0,154.0,25,24050,0
FINNIFTY31DEC2424250PE.NFO,2024-12-11,09:32:00,2024-12-31,154.0,154.0,151.35,151.35,50,24050,0
FINNIFTY31DEC2424250PE.NFO,2024-12-11,09:33:00,2024-12-31,151.35,151.35,151.35,151.35,0,24050,0
FINNIFTY31DEC2424250PE.NFO,2024-12-11,09:34:00,2024-12-31,151.35,151.35,151.35,151.35,0,24050,0
FINNIFTY31DEC2424250PE.NFO,2024-12-11,09:35:00,2024-12-31,151.35,151.35,151.35,151.35,0,24050,0
FINNIFTY31DEC2424250PE.NFO,2024-12-11,09:36:00,2024-12-31,151.35,151.35,151.35,151.35,0,24050,0
FINNIFTY31DEC2424250PE.NFO,2024-12-11,09:37:00,2024-12-31,151.35,151.35,151.35,151.35,0,24050,0
FINNIFTY31DEC2424250PE.NFO,2024-12-11,09:38:00,2024-12-31,151.35,151.35,151.35,151.35,0,24050,0
FINNIFTY31DEC2424250PE.NFO,2024-12-11,09:39:00,2024-12-31,151.35,151.35,151.35,151.35,0,24050,0
FINNIFTY31DEC2424250PE.NFO,2024-12-11,09:40:00,2024-12-31,151.35,151.35,148.05,148.05,125,24100,0
FINNIFTY31DEC2424250PE.NFO,2024-12-11,09:41:00,2024-12-31,148.05,152.65,148.05,151.6,375,24100,0
FINNIFTY31DEC2424250PE.NFO,2024-12-11,09:42:00,2024-12-31,151.6,152.15,151.6,152.15,25,24100,0
FINNIFTY31DEC2424250PE.NFO,2024-12-11,09:43:00,2024-12-31,152.15,152.15,152.15,152.15,25,24400,0
FINNIFTY31DEC2424250PE.NFO,2024-12-11,09:44:00,2024-12-31,152.15,152.15,152.15,152.15,0,24400,0
FINNIFTY31DEC2424250PE.NFO,2024-12-11,09:45:00,2024-12-31,152.15,152.15,152.15,152.15,25,24400,0
FINNIFTY31DEC2424250PE.NFO,2024-12-11,09:46:00,2024-12-31,152.15,154.0,152.15,154.0,125,24400,0
FINNIFTY31DEC2424250PE.NFO,2024-12-11,09:47:00,2024-12-31,154.0,154.0,154.0,154.0,0,24400,0
FINNIFTY31DEC2424250PE.NFO,2024-12-11,09:48:00,2024-12-31,154.0,154.0,153.75,153.75,25,24400,0
FINNIFTY31DEC2424250PE.NFO,2024-12-11,09:49:00,2024-12-31,153.75,153.75,153.75,153.75,0,24400,0
FINNIFTY31DEC2424250PE.NFO,2024-12-11,09:50:00,2024-12-31,153.75,163.4,153.75,163.05,700,24300,0
FINNIFTY31DEC2424250PE.NFO,2024-12-11,09:51:00,2024-12-31,163.05,163.05,159.3,159.3,25,24300,0
FINNIFTY31DEC2424250PE.NFO,2024-12-11,09:52:00,2024-12-31,159.3,159.3,159.3,159.3,0,24300,0
FINNIFTY31DEC2424250PE.NFO,2024-12-11,09:53:00,2024-12-31,159.3,159.3,158.2,158.85,575,24800,0
FINNIFTY31DEC2424250PE.NFO,2024-12-11,09:54:00,2024-12-31,158.85,158.85,155.9,155.9,25,24800,0
FINNIFTY31DEC2424250PE.NFO,2024-12-11,09:55:00,2024-12-31,155.9,155.9,152.85,152.85,475,24875,0
FINNIFTY31DEC2424250PE.NFO,2024-12-11,09:56:00,2024-12-31,152.85,152.85,152.85,152.85,25,24875,0
FINNIFTY31DEC2424250PE.NFO,2024-12-11,09:57:00,2024-12-31,152.85,155.2,152.85,155.2,25,24875,0
FINNIFTY31DEC2424250PE.NFO,2024-12-11,09:58:00,2024-12-31,155.2,155.2,155.2,155.2,0,24875,0
FINNIFTY31DEC2424250PE.NFO,2024-12-11,09:59:00,2024-12-31,155.2,155.2,150.0,150.0,75,24875,0
FINNIFTY31DEC2424250PE.NFO,2024-12-11,10:00:00,2024-12-31,150.0,150.0,150.0,150.0,0,24875,0
FINNIFTY31DEC2424250PE.NFO,2024-12-11,10:01:00,2024-12-31,150.0,150.0,150.0,150.0,0,24875,0
FINNIFTY31DEC2424250PE.NFO,2024-12-11,10:02:00,2024-12-31,150.0,153.45,150.0,153.45,50,24900,0
FINNIFTY31DEC2424250PE.NFO,2024-12-11,10:03:00,2024-12-31,153.45,153.45,153.45,153.45,0,24900,0
FINNIFTY31DEC2424250PE.NFO,2024-12-11,10:04:00,2024-12-31,153.45,153.45,153.45,153.45,0,24900,0
FINNIFTY31DEC2424250PE.NFO,2024-12-11,10:05:00,2024-12-31,153.45,153.45,152.7,152.7,25,24900,0
FINNIFTY31DEC2424250PE.NFO,2024-12-11,10:06:00,2024-12-31,152.7,152.7,149.65,149.65,50,24900,0
FINNIFTY31DEC2424250PE.NFO,2024-12-11,10:07:00,2024-12-31,149.65,149.65,149.65,149.65,0,24900,0
FINNIFTY31DEC2424250PE.NFO,2024-12-11,10:08:00,2024-12-31,149.65,149.65,149.65,149.65,0,24900,0
FINNIFTY31DEC2424250PE.NFO,2024-12-11,10:09:00,2024-12-31,149.65,149.65,149.65,149.65,0,24900,0
FINNIFTY31DEC2424250PE.NFO,2024-12-11,10:10:00,2024-12-31,149.65,154.25,149.65,154.25,50,24900,0
FINNIFTY31DEC2424250PE.NFO,2024-12-11,10:11:00,2024-12-31,154.25,154.25,153.0,154.0,50,24900,0
FINNIFTY31DEC2424250PE.NFO,2024-12-11,10:12:00,2024-12-31,154.0,154.0,154.0,154.0,0,24900,0
FINNIFTY31DEC2424250PE.NFO,2024-12-11,10:13:00,2024-12-31,154.0,154.0,153.5,153.5,50,24875,0
FINNIFTY31DEC2424250PE.NFO,2024-12-11,10:14:00,2024-12-31,153.5,153.5,153.5,153.5,0,24875,0
FINNIFTY31DEC2424250PE.NFO,2024-12-11,10:15:00,2024-12-31,153.5,153.5,153.5,153.5,0,24875,0
FINNIFTY31DEC2424250PE.NFO,2024-12-11,10:16:00,2024-12-31,153.5,153.5,153.5,153.5,0,24875,0
FINNIFTY31DEC2424250PE.NFO,2024-12-11,10:17:00,2024-12-31,153.5,153.5,153.5,153.5,0,24875,0
FINNIFTY31DEC2424250PE.NFO,2024-12-11,10:18:00,2024-12-31,153.5,153.5,153.5,153.5,0,24875,0
FINNIFTY31DEC2424250PE.NFO,2024-12-11,10:19:00,2024-12-31,153.5,153.5,153.5,153.5,0,24875,0
FINNIFTY31DEC2424250PE.NFO,2024-12-11,10:20:00,2024-12-31,153.5,162.85,153.5,158.15,50,24875,0
FINNIFTY31DEC2424250PE.NFO,2024-12-11,10:21:00,2024-12-31,158.15,158.15,158.15,158.15,0,24875,0
FINNIFTY31DEC2424250PE.NFO,2024-12-11,10:22:00,2024-12-31,158.15,158.15,154.55,154.55,25,24900,0
FINNIFTY31DEC2424250PE.NFO,2024-12-11,10:23:00,2024-12-31,154.55,154.55,154.55,154.55,0,24900,0
FINNIFTY31DEC2424250PE.NFO,2024-12-11,10:24:00,2024-12-31,154.55,154.55,152.05,152.05,25,24900,0
FINNIFTY31DEC2424250PE.NFO,2024-12-11,10:25:00,2024-12-31,152.05,152.05,147.0,147.0,800,24850,0
FINNIFTY31DEC2424250PE.NFO,2024-12-11,10:26:00,2024-12-31,147.0,147.0,144.0,145.0,225,24850,0
FINNIFTY31DEC2424250PE.NFO,2024-12-11,10:27:00,2024-12-31,145.0,145.0,142.2,144.75,1100,24850,0
FINNIFTY31DEC2424250PE.NFO,2024-12-11,10:28:00,2024-12-31,144.75,144.75,144.75,144.75,0,24850,0
FINNIFTY31DEC2424250PE.NFO,2024-12-11,10:29:00,2024-12-31,144.75,144.75,144.75,144.75,0,24850,0
FINNIFTY31DEC2424250PE.NFO,2024-12-11,10:30:00,2024-12-31,144.75,150.35,144.75,145.4,1850,24300,0
FINNIFTY31DEC2424250PE.NFO,2024-12-11,10:31:00,2024-12-31,145.4,145.4,145.4,145.4,0,24300,0
FINNIFTY31DEC2424250PE.NFO,2024-12-11,10:32:00,2024-12-31,145.4,148.35,145.4,148.35,25,25725,0
FINNIFTY31DEC2424250PE.NFO,2024-12-11,10:33:00,2024-12-31,148.35,148.35,148.35,148.35,0,25725,0
FINNIFTY31DEC2424250PE.NFO,2024-12-11,10:34:00,2024-12-31,148.35,148.35,139.75,143.2,2000,25750,0
FINNIFTY31DEC2424250PE.NFO,2024-12-11,10:35:00,2024-12-31,143.2,143.2,143.2,143.2,0,25750,0
FINNIFTY31DEC2424250PE.NFO,2024-12-11,10:36:00,2024-12-31,143.2,143.2,143.2,143.2,0,25750,0
FINNIFTY31DEC2424250PE.NFO,2024-12-11,10:37:00,2024-12-31,143.2,143.2,143.2,143.2,150,24350,0
FINNIFTY31DEC2424250PE.NFO,2024-12-11,10:38:00,2024-12-31,143.2,143.2,141.25,141.25,50,24350,0
FINNIFTY31DEC2424250PE.NFO,2024-12-11,10:39:00,2024-12-31,141.25,141.25,141.25,141.25,0,24350,0
FINNIFTY31DEC2424250PE.NFO,2024-12-11,10:40:00,2024-12-31,141.25,141.25,141.25,141.25,0,24350,0
FINNIFTY31DEC2424250PE.NFO,2024-12-11,10:41:00,2024-12-31,141.25,141.25,141.25,141.25,0,24350,0
FINNIFTY31DEC2424250PE.NFO,2024-12-11,10:42:00,2024-12-31,141.25,141.25,141.25,141.25,0,24350,0
FINNIFTY31DEC2424250PE.NFO,2024-12-11,10:43:00,2024-12-31,141.25,141.25,141.25,141.25,0,24350,0
FINNIFTY31DEC2424250PE.NFO,2024-12-11,10:44:00,2024-12-31,141.25,141.25,141.25,141.25,0,24350,0
FINNIFTY31DEC2424250PE.NFO,2024-12-11,10:45:00,2024-12-31,141.25,141.25,141.25,141.25,0,24350,0
FINNIFTY31DEC2424250PE.NFO,2024-12-11,10:46:00,2024-12-31,141.25,141.25,141.25,141.25,0,24350,0
FINNIFTY31DEC2424250PE.NFO,2024-12-11,10:47:00,2024-12-31,141.25,141.25,141.25,141.25,0,24350,0
FINNIFTY31DEC2424250PE.NFO,2024-12-11,10:48:00,2024-12-31,141.25,141.25,141.25,141.25,0,24350,0
FINNIFTY31DEC2424250PE.NFO,2024-12-11,10:49:00,2024-12-31,141.25,141.25,141.25,141.25,0,24350,0
FINNIFTY31DEC2424250PE.NFO,2024-12-11,10:50:00,2024-12-31,141.25,141.25,141.25,141.25,0,24350,0
FINNIFTY31DEC2424250PE.NFO,2024-12-11,10:51:00,2024-12-31,141.25,141.25,135.25,138.35,125,24325,0
FINNIFTY31DEC2424250PE.NFO,2024-12-11,10:52:00,2024-12-31,138.35,138.35,138.35,138.35,0,24325,0
FINNIFTY31DEC2424250PE.NFO,2024-12-11,10:53:00,2024-12-31,138.35,138.35,135.1,135.1,50,24375,0
FINNIFTY31DEC2424250PE.NFO,2024-12-11,10:54:00,2024-12-31,135.1,135.1,135.1,135.1,50,24375,0
FINNIFTY31DEC2424250PE.NFO,2024-12-11,10:55:00,2024-12-31,135.1,135.55,135.1,135.55,25,24375,0
FINNIFTY31DEC2424250PE.NFO,2024-12-11,10:56:00,2024-12-31,135.55,136.0,135.55,136.0,50,24375,0
FINNIFTY31DEC2424250PE.NFO,2024-12-11,10:57:00,2024-12-31,136.0,136.0,136.0,136.0,0,24375,0
FINNIFTY31DEC2424250PE.NFO,2024-12-11,10:58:00,2024-12-31,136.0,136.0,135.1,135.1,100,24375,0
FINNIFTY31DEC2424250PE.NFO,2024-12-11,10:59:00,2024-12-31,135.1,135.1,135.1,135.1,0,24375,0
FINNIFTY31DEC2424250PE.NFO,2024-12-11,11:00:00,2024-12-31,135.1,135.1,135.1,135.1,0,24375,0
FINNIFTY31DEC2424250PE.NFO,2024-12-11,11:01:00,2024-12-31,135.1,135.1,135.1,135.1,0,24375,0
FINNIFTY31DEC2424250PE.NFO,2024-12-11,11:02:00,2024-12-31,135.1,135.1,135.1,135.1,0,24375,0
FINNIFTY31DEC2424250PE.NFO,2024-12-11,11:03:00,2024-12-31,135.1,135.1,131.0,131.0,50,24425,0
FINNIFTY31DEC2424250PE.NFO,2024-12-11,11:04:00,2024-12-31,131.0,131.0,131.0,131.0,0,24425,0
FINNIFTY31DEC2424250PE.NFO,2024-12-11,11:05:00,2024-12-31,131.0,133.0,131.0,133.0,25,24475,0
FINNIFTY31DEC2424250PE.NFO,2024-12-11,11:06:00,2024-12-31,133.0,133.0,133.0,133.0,0,24475,0
FINNIFTY31DEC2424250PE.NFO,2024-12-11,11:07:00,2024-12-31,133.0,133.0,133.0,133.0,0,24475,0
FINNIFTY31DEC2424250PE.NFO,2024-12-11,11:08:00,2024-12-31,133.0,133.0,133.0,133.0,0,24475,0
FINNIFTY31DEC2424250PE.NFO,2024-12-11,11:09:00,2024-12-31,133.0,133.0,133.0,133.0,0,24475,0
FINNIFTY31DEC2424250PE.NFO,2024-12-11,11:10:00,2024-12-31,133.0,133.0,133.0,133.0,0,24475,0
FINNIFTY31DEC2424250PE.NFO,2024-12-11,11:11:00,2024-12-31,133.0,133.0,133.0,133.0,0,24475,0
FINNIFTY31DEC2424250PE.NFO,2024-12-11,11:12:00,2024-12-31,133.0,133.0,133.0,133.0,0,24475,0
FINNIFTY31DEC2424250PE.NFO,2024-12-11,11:13:00,2024-12-31,133.0,133.0,133.0,133.0,0,24475,0
FINNIFTY31DEC2424250PE.NFO,2024-12-11,11:14:00,2024-12-31,133.0,133.0,133.0,133.0,0,24475,0
FINNIFTY31DEC2424250PE.NFO,2024-12-11,11:15:00,2024-12-31,133.0,133.0,133.0,133.0,0,24475,0
FINNIFTY31DEC2424250PE.NFO,2024-12-11,11:16:00,2024-12-31,133.0,133.0,133.0,133.0,0,24475,0
FINNIFTY31DEC2424250PE.NFO,2024-12-11,11:17:00,2024-12-31,133.0,134.2,133.0,134.2,25,24475,0
FINNIFTY31DEC2424250PE.NFO,2024-12-11,11:18:00,2024-12-31,134.2,134.2,134.2,134.2,0,24475,0
FINNIFTY31DEC2424250PE.NFO,2024-12-11,11:19:00,2024-12-31,134.2,134.2,134.2,134.2,0,24475,0
FINNIFTY31DEC2424250PE.NFO,2024-12-11,11:20:00,2024-12-31,134.2,134.2,134.2,134.2,0,24475,0
FINNIFTY31DEC2424250PE.NFO,2024-12-11,11:21:00,2024-12-31,134.2,134.2,130.95,130.95,25,24475,0
FINNIFTY31DEC2424250PE.NFO,2024-12-11,11:22:00,2024-12-31,130.95,131.95,130.95,131.9,150,24475,0
FINNIFTY31DEC2424250PE.NFO,2024-12-11,11:23:00,2024-12-31,131.9,131.9,128.45,128.45,425,24475,0
FINNIFTY31DEC2424250PE.NFO,2024-12-11,11:24:00,2024-12-31,128.45,131.0,128.45,131.0,150,24475,0
FINNIFTY31DEC2424250PE.NFO,2024-12-11,11:25:00,2024-12-31,131.0,131.0,131.0,131.0,0,24475,0
FINNIFTY31DEC2424250PE.NFO,2024-12-11,11:26:00,2024-12-31,131.0,131.0,131.0,131.0,0,24475,0
FINNIFTY31DEC2424250PE.NFO,2024-12-11,11:27:00,2024-12-31,131.0,131.0,131.0,131.0,0,24475,0
FINNIFTY31DEC2424250PE.NFO,2024-12-11,11:28:00,2024-12-31,131.0,131.0,131.0,131.0,0,24475,0
FINNIFTY31DEC2424250PE.NFO,2024-12-11,11:29:00,2024-12-31,131.0,131.0,131.0,131.0,0,24475,0
FINNIFTY31DEC2424250PE.NFO,2024-12-11,11:30:00,2024-12-31,131.0,131.0,131.0,131.0,0,24475,0
FINNIFTY31DEC2424250PE.NFO,2024-12-11,11:31:00,2024-12-31,131.0,131.0,130.6,130.6,25,24000,0
FINNIFTY31DEC2424250PE.NFO,2024-12-11,11:32:00,2024-12-31,130.6,130.6,130.15,130.45,100,24000,0
FINNIFTY31DEC2424250PE.NFO,2024-12-11,11:33:00,2024-12-31,130.45,130.45,125.5,126.3,1575,24000,0
FINNIFTY31DEC2424250PE.NFO,2024-12-11,11:34:00,2024-12-31,126.3,126.3,126.3,126.3,0,24000,0
FINNIFTY31DEC2424250PE.NFO,2024-12-11,11:35:00,2024-12-31,126.3,126.3,125.55,125.65,200,24950,0
FINNIFTY31DEC2424250PE.NFO,2024-12-11,11:36:00,2024-12-31,125.65,126.85,125.65,126.85,100,24950,0
FINNIFTY31DEC2424250PE.NFO,2024-12-11,11:37:00,2024-12-31,126.85,126.85,120.75,120.75,650,24875,0
FINNIFTY31DEC2424250PE.NFO,2024-12-11,11:38:00,2024-12-31,120.75,124.85,120.75,123.8,275,24875,0
FINNIFTY31DEC2424250PE.NFO,2024-12-11,11:39:00,2024-12-31,123.8,125.1,123.8,124.05,175,24875,0
FINNIFTY31DEC2424250PE.NFO,2024-12-11,11:40:00,2024-12-31,124.05,124.05,124.05,124.05,0,24875,0
FINNIFTY31DEC2424250PE.NFO,2024-12-11,11:41:00,2024-12-31,124.05,124.7,124.05,124.7,25,24725,0
FINNIFTY31DEC2424250PE.NFO,2024-12-11,11:42:00,2024-12-31,124.7,126.0,124.7,126.0,75,24725,0
FINNIFTY31DEC2424250PE.NFO,2024-12-11,11:43:00,2024-12-31,126.0,126.0,126.0,126.0,0,24725,0
FINNIFTY31DEC2424250PE.NFO,2024-12-11,11:44:00,2024-12-31,126.0,126.0,123.6,124.7,100,24650,0
FINNIFTY31DEC2424250PE.NFO,2024-12-11,11:45:00,2024-12-31,124.7,124.7,124.7,124.7,25,24650,0
FINNIFTY31DEC2424250PE.NFO,2024-12-11,11:46:00,2024-12-31,124.7,124.7,124.7,124.7,0,24650,0
FINNIFTY31DEC2424250PE.NFO,2024-12-11,11:47:00,2024-12-31,124.7,124.7,124.7,124.7,0,24650,0
FINNIFTY31DEC2424250PE.NFO,2024-12-11,11:48:00,2024-12-31,124.7,124.7,124.7,124.7,0,24650,0
FINNIFTY31DEC2424250PE.NFO,2024-12-11,11:49:00,2024-12-31,124.7,126.0,124.7,126.0,50,24600,0
FINNIFTY31DEC2424250PE.NFO,2024-12-11,11:50:00,2024-12-31,126.0,126.0,126.0,126.0,0,24600,0
FINNIFTY31DEC2424250PE.NFO,2024-12-11,11:51:00,2024-12-31,126.0,126.0,126.0,126.0,0,24600,0
FINNIFTY31DEC2424250PE.NFO,2024-12-11,11:52:00,2024-12-31,126.0,126.0,126.0,126.0,0,24600,0
FINNIFTY31DEC2424250PE.NFO,2024-12-11,11:53:00,2024-12-31,126.0,126.0,126.0,126.0,0,24600,0
FINNIFTY31DEC2424250PE.NFO,2024-12-11,11:54:00,2024-12-31,126.0,126.0,124.55,125.2,1375,24625,0
FINNIFTY31DEC2424250PE.NFO,2024-12-11,11:55:00,2024-12-31,125.2,125.25,124.45,124.45,75,25675,0
FINNIFTY31DEC2424250PE.NFO,2024-12-11,11:56:00,2024-12-31,124.45,124.45,124.2,124.2,50,25675,0
FINNIFTY31DEC2424250PE.NFO,2024-12-11,11:57:00,2024-12-31,124.2,125.2,124.2,125.2,50,25675,0
FINNIFTY31DEC2424250PE.NFO,2024-12-11,11:58:00,2024-12-31,125.2,125.45,125.2,125.35,75,25700,0
FINNIFTY31DEC2424250PE.NFO,2024-12-11,11:59:00,2024-12-31,125.35,127.0,125.35,127.0,100,25700,0
FINNIFTY31DEC2424250PE.NFO,2024-12-11,12:00:00,2024-12-31,127.0,127.0,124.6,124.6,100,25700,0
FINNIFTY31DEC2424250PE.NFO,2024-12-11,12:01:00,2024-12-31,124.6,124.6,124.15,124.15,125,25800,0
FINNIFTY31DEC2424250PE.NFO,2024-12-11,12:02:00,2024-12-31,124.15,124.15,124.15,124.15,0,25800,0
FINNIFTY31DEC2424250PE.NFO,2024-12-11,12:03:00,2024-12-31,124.15,126.65,124.15,126.65,75,25800,0
FINNIFTY31DEC2424250PE.NFO,2024-12-11,12:04:00,2024-12-31,126.65,126.65,126.65,126.65,0,25800,0
FINNIFTY31DEC2424250PE.NFO,2024-12-11,12:05:00,2024-12-31,126.65,126.65,126.65,126.65,0,25800,0
FINNIFTY31DEC2424250PE.NFO,2024-12-11,12:06:00,2024-12-31,126.65,126.65,126.65,126.65,0,25800,0
FINNIFTY31DEC2424250PE.NFO,2024-12-11,12:07:00,2024-12-31,126.65,126.65,126.65,126.65,0,25800,0
FINNIFTY31DEC2424250PE.NFO,2024-12-11,12:08:00,2024-12-31,126.65,126.65,124.1,124.1,25,25825,0
FINNIFTY31DEC2424250PE.NFO,2024-12-11,12:09:00,2024-12-31,124.1,124.1,124.1,124.1,0,25825,0
FINNIFTY31DEC2424250PE.NFO,2024-12-11,12:10:00,2024-12-31,124.1,124.1,124.1,124.1,0,25825,0
FINNIFTY31DEC2424250PE.NFO,2024-12-11,12:11:00,2024-12-31,124.1,124.1,124.1,124.1,0,25825,0
FINNIFTY31DEC2424250PE.NFO,2024-12-11,12:12:00,2024-12-31,124.1,127.0,124.1,126.55,200,25800,0
FINNIFTY31DEC2424250PE.NFO,2024-12-11,12:13:00,2024-12-31,126.55,126.55,126.55,126.55,0,25800,0
FINNIFTY31DEC2424250PE.NFO,2024-12-11,12:14:00,2024-12-31,126.55,126.55,126.55,126.55,0,25800,0
FINNIFTY31DEC2424250PE.NFO,2024-12-11,12:15:00,2024-12-31,126.55,126.55,126.55,126.55,0,25800,0
FINNIFTY31DEC2424250PE.NFO,2024-12-11,12:16:00,2024-12-31,126.55,129.5,126.55,129.5,100,25925,0
FINNIFTY31DEC2424250PE.NFO,2024-12-11,12:17:00,2024-12-31,129.5,129.5,129.5,129.5,0,25925,0
FINNIFTY31DEC2424250PE.NFO,2024-12-11,12:18:00,2024-12-31,129.5,130.25,129.5,130.25,25,25925,0
FINNIFTY31DEC2424250PE.NFO,2024-12-11,12:19:00,2024-12-31,130.25,130.25,128.95,128.95,325,26000,0
FINNIFTY31DEC2424250PE.NFO,2024-12-11,12:20:00,2024-12-31,128.95,128.95,128.95,128.95,0,26000,0
FINNIFTY31DEC2424250PE.NFO,2024-12-11,12:21:00,2024-12-31,128.95,128.95,124.6,124.6,25,26000,0
FINNIFTY31DEC2424250PE.NFO,2024-12-11,12:22:00,2024-12-31,124.6,124.6,124.6,124.6,0,26000,0
FINNIFTY31DEC2424250PE.NFO,2024-12-11,12:23:00,2024-12-31,124.6,124.6,124.6,124.6,0,26000,0
FINNIFTY31DEC2424250PE.NFO,2024-12-11,12:24:00,2024-12-31,124.6,124.6,124.6,124.6,0,26000,0
FINNIFTY31DEC2424250PE.NFO,2024-12-11,12:25:00,2024-12-31,124.6,124.6,124.6,124.6,0,26000,0
FINNIFTY31DEC2424250PE.NFO,2024-12-11,12:26:00,2024-12-31,124.6,124.6,124.6,124.6,0,26000,0
FINNIFTY31DEC2424250PE.NFO,2024-12-11,12:27:00,2024-12-31,124.6,124.6,124.6,124.6,0,26000,0
FINNIFTY31DEC2424250PE.NFO,2024-12-11,12:28:00,2024-12-31,124.6,129.25,124.6,129.25,25,26000,0
FINNIFTY31DEC2424250PE.NFO,2024-12-11,12:29:00,2024-12-31,129.25,129.25,128.15,128.15,750,26000,0
FINNIFTY31DEC2424250PE.NFO,2024-12-11,12:30:00,2024-12-31,128.15,128.15,128.15,128.15,25,26000,0
FINNIFTY31DEC2424250PE.NFO,2024-12-11,12:31:00,2024-12-31,128.15,128.15,128.15,128.15,0,26000,0
FINNIFTY31DEC2424250PE.NFO,2024-12-11,12:32:00,2024-12-31,128.15,128.15,128.15,128.15,0,26000,0
FINNIFTY31DEC2424250PE.NFO,2024-12-11,12:33:00,2024-12-31,128.15,128.15,128.15,128.15,0,26000,0
FINNIFTY31DEC2424250PE.NFO,2024-12-11,12:34:00,2024-12-31,128.15,128.15,128.15,128.15,0,26000,0
FINNIFTY31DEC2424250PE.NFO,2024-12-11,12:35:00,2024-12-31,128.15,128.15,128.15,128.15,0,26000,0
FINNIFTY31DEC2424250PE.NFO,2024-12-11,12:36:00,2024-12-31,128.15,128.15,128.15,128.15,0,26000,0
FINNIFTY31DEC2424250PE.NFO,2024-12-11,12:37:00,2024-12-31,128.15,129.9,128.15,129.9,0,25875,0
FINNIFTY31DEC2424250PE.NFO,2024-12-11,12:38:00,2024-12-31,129.9,131.95,129.9,131.1,600,25875,0
FINNIFTY31DEC2424250PE.NFO,2024-12-11,12:39:00,2024-12-31,131.1,135.2,131.1,135.2,2475,25875,0
FINNIFTY31DEC2424250PE.NFO,2024-12-11,12:40:00,2024-12-31,135.2,137.35,135.2,137.35,1250,25225,0
FINNIFTY31DEC2424250PE.NFO,2024-12-11,12:41:00,2024-12-31,137.35,138.95,135.0,136.05,675,25225,0
FINNIFTY31DEC2424250PE.NFO,2024-12-11,12:42:00,2024-12-31,136.05,136.05,132.3,134.15,1100,25225,0
FINNIFTY31DEC2424250PE.NFO,2024-12-11,12:43:00,2024-12-31,134.15,134.15,130.55,131.0,350,26975,0
FINNIFTY31DEC2424250PE.NFO,2024-12-11,12:44:00,2024-12-31,129.65,132.45,129.65,132.45,1150,26975,0
FINNIFTY31DEC2424250PE.NFO,2024-12-11,12:45:00,2024-12-31,132.45,135.2,132.45,133.75,175,26975,0
FINNIFTY31DEC2424250PE.NFO,2024-12-11,12:46:00,2024-12-31,133.75,134.05,133.45,133.45,50,27225,0
FINNIFTY31DEC2424250PE.NFO,2024-12-11,12:47:00,2024-12-31,133.45,133.45,128.9,130.65,175,27225,0
FINNIFTY31DEC2424250PE.NFO,2024-12-11,12:48:00,2024-12-31,130.65,130.65,130.65,130.65,0,27225,0
FINNIFTY31DEC2424250PE.NFO,2024-12-11,12:49:00,2024-12-31,130.65,130.65,128.15,130.65,300,27225,0
FINNIFTY31DEC2424250PE.NFO,2024-12-11,12:50:00,2024-12-31,130.65,130.7,128.85,130.7,200,27225,0
FINNIFTY31DEC2424250PE.NFO,2024-12-11,12:51:00,2024-12-31,130.7,130.7,130.7,130.7,0,27225,0
FINNIFTY31DEC2424250PE.NFO,2024-12-11,12:52:00,2024-12-31,130.7,130.7,130.7,130.7,0,27225,0
FINNIFTY31DEC2424250PE.NFO,2024-12-11,12:53:00,2024-12-31,130.7,130.7,130.7,130.7,0,27225,0
FINNIFTY31DEC2424250PE.NFO,2024-12-11,12:54:00,2024-12-31,130.7,130.7,130.7,130.7,0,27225,0
FINNIFTY31DEC2424250PE.NFO,2024-12-11,12:55:00,2024-12-31,130.7,130.95,129.3,130.95,250,27225,0
FINNIFTY31DEC2424250PE.NFO,2024-12-11,12:56:00,2024-12-31,130.95,130.95,130.95,130.95,0,27225,0
FINNIFTY31DEC2424250PE.NFO,2024-12-11,12:57:00,2024-12-31,130.95,133.7,130.95,131.05,750,27225,0
FINNIFTY31DEC2424250PE.NFO,2024-12-11,12:58:00,2024-12-31,131.05,131.05,130.35,130.35,250,27275,0
FINNIFTY31DEC2424250PE.NFO,2024-12-11,12:59:00,2024-12-31,130.35,130.35,130.35,130.35,0,27275,0
FINNIFTY31DEC2424250PE.NFO,2024-12-11,13:00:00,2024-12-31,130.35,133.2,130.35,133.2,25,27275,0
FINNIFTY31DEC2424250PE.NFO,2024-12-11,13:01:00,2024-12-31,132.95,132.95,132.95,132.95,0,27275,0
FINNIFTY31DEC2424250PE.NFO,2024-12-11,13:02:00,2024-12-31,132.95,132.95,128.75,128.75,25,27275,0
FINNIFTY31DEC2424250PE.NFO,2024-12-11,13:03:00,2024-12-31,128.75,130.95,128.75,130.95,25,27275,0
FINNIFTY31DEC2424250PE.NFO,2024-12-11,13:04:00,2024-12-31,130.95,131.45,130.0,130.0,50,27300,0
FINNIFTY31DEC2424250PE.NFO,2024-12-11,13:05:00,2024-12-31,130.0,130.0,125.85,125.85,250,27300,0
FINNIFTY31DEC2424250PE.NFO,2024-12-11,13:06:00,2024-12-31,125.85,128.75,125.85,128.75,375,27300,0
FINNIFTY31DEC2424250PE.NFO,2024-12-11,13:07:00,2024-12-31,128.75,128.75,128.75,128.75,0,27300,0
FINNIFTY31DEC2424250PE.NFO,2024-12-11,13:08:00,2024-12-31,128.75,128.75,128.75,128.75,0,27300,0
FINNIFTY31DEC2424250PE.NFO,2024-12-11,13:09:00,2024-12-31,128.75,130.6,128.75,128.75,300,27350,0
FINNIFTY31DEC2424250PE.NFO,2024-12-11,13:10:00,2024-12-31,128.75,130.45,128.75,130.45,250,27350,0
FINNIFTY31DEC2424250PE.NFO,2024-12-11,13:11:00,2024-12-31,130.45,130.45,130.45,130.45,0,27350,0
FINNIFTY31DEC2424250PE.NFO,2024-12-11,13:12:00,2024-12-31,130.45,130.45,130.45,130.45,0,27350,0
FINNIFTY31DEC2424250PE.NFO,2024-12-11,13:13:00,2024-12-31,130.45,130.45,130.45,130.45,0,27350,0
FINNIFTY31DEC2424250PE.NFO,2024-12-11,13:14:00,2024-12-31,130.45,130.45,130.45,130.45,0,27350,0
FINNIFTY31DEC2424250PE.NFO,2024-12-11,13:15:00,2024-12-31,130.45,130.45,124.9,124.9,0,27475,0
FINNIFTY31DEC2424250PE.NFO,2024-12-11,13:16:00,2024-12-31,124.9,128.4,124.9,128.4,450,27350,0
FINNIFTY31DEC2424250PE.NFO,2024-12-11,13:17:00,2024-12-31,128.4,128.4,127.0,127.0,25,27350,0
FINNIFTY31DEC2424250PE.NFO,2024-12-11,13:18:00,2024-12-31,127.0,127.0,124.5,124.5,150,27350,0
FINNIFTY31DEC2424250PE.NFO,2024-12-11,13:19:00,2024-12-31,124.5,126.5,124.5,126.5,150,27650,0
FINNIFTY31DEC2424250PE.NFO,2024-12-11,13:20:00,2024-12-31,126.5,126.5,125.5,125.5,50,27650,0
FINNIFTY31DEC2424250PE.NFO,2024-12-11,13:21:00,2024-12-31,125.5,125.5,125.5,125.5,0,27650,0
FINNIFTY31DEC2424250PE.NFO,2024-12-11,13:22:00,2024-12-31,125.5,125.5,125.5,125.5,0,27650,0
FINNIFTY31DEC2424250PE.NFO,2024-12-11,13:23:00,2024-12-31,125.5,127.0,125.5,127.0,250,27550,0
FINNIFTY31DEC2424250PE.NFO,2024-12-11,13:24:00,2024-12-31,127.0,127.0,127.0,127.0,0,27550,0
FINNIFTY31DEC2424250PE.NFO,2024-12-11,13:25:00,2024-12-31,127.0,127.0,127.0,127.0,0,27550,0
FINNIFTY31DEC2424250PE.NFO,2024-12-11,13:26:00,2024-12-31,127.0,127.0,124.55,124.55,200,27325,0
FINNIFTY31DEC2424250PE.NFO,2024-12-11,13:27:00,2024-12-31,124.55,124.55,124.55,124.55,0,27325,0
FINNIFTY31DEC2424250PE.NFO,2024-12-11,13:28:00,2024-12-31,124.55,124.55,124.55,124.55,0,27325,0
FINNIFTY31DEC2424250PE.NFO,2024-12-11,13:29:00,2024-12-31,124.55,124.55,124.55,124.55,25,27450,0
FINNIFTY31DEC2424250PE.NFO,2024-12-11,13:30:00,2024-12-31,124.55,124.55,124.55,124.55,0,27450,0
FINNIFTY31DEC2424250PE.NFO,2024-12-11,13:31:00,2024-12-31,124.55,125.75,124.55,125.75,75,27450,0
FINNIFTY31DEC2424250PE.NFO,2024-12-11,13:32:00,2024-12-31,125.75,125.75,125.75,125.75,0,27450,0
FINNIFTY31DEC2424250PE.NFO,2024-12-11,13:33:00,2024-12-31,125.75,125.75,125.75,125.75,0,27450,0
FINNIFTY31DEC2424250PE.NFO,2024-12-11,13:34:00,2024-12-31,125.75,125.75,125.75,125.75,0,27450,0
FINNIFTY31DEC2424250PE.NFO,2024-12-11,13:35:00,2024-12-31,125.75,125.75,125.75,125.75,0,27450,0
FINNIFTY31DEC2424250PE.NFO,2024-12-11,13:36:00,2024-12-31,125.75,125.75,125.75,125.75,0,27450,0
FINNIFTY31DEC2424250PE.NFO,2024-12-11,13:37:00,2024-12-31,125.75,125.75,125.75,125.75,0,27450,0
FINNIFTY31DEC2424250PE.NFO,2024-12-11,13:38:00,2024-12-31,125.75,125.75,122.05,122.2,75,27425,0
FINNIFTY31DEC2424250PE.NFO,2024-12-11,13:39:00,2024-12-31,122.2,123.0,121.6,121.6,725,27425,0
FINNIFTY31DEC2424250PE.NFO,2024-12-11,13:40:00,2024-12-31,121.6,121.6,121.6,121.6,0,27425,0
FINNIFTY31DEC2424250PE.NFO,2024-12-11,13:41:00,2024-12-31,121.6,121.6,121.6,121.6,0,27425,0
FINNIFTY31DEC2424250PE.NFO,2024-12-11,13:42:00,2024-12-31,121.6,121.6,121.6,121.6,0,27425,0
FINNIFTY31DEC2424250PE.NFO,2024-12-11,13:43:00,2024-12-31,121.6,121.6,121.6,121.6,0,27425,0
FINNIFTY31DEC2424250PE.NFO,2024-12-11,13:44:00,2024-12-31,121.6,121.6,121.6,121.6,0,27425,0
FINNIFTY31DEC2424250PE.NFO,2024-12-11,13:45:00,2024-12-31,121.6,122.65,121.6,122.65,25,27150,0
FINNIFTY31DEC2424250PE.NFO,2024-12-11,13:46:00,2024-12-31,122.65,124.45,122.65,124.45,25,27150,0
FINNIFTY31DEC2424250PE.NFO,2024-12-11,13:47:00,2024-12-31,124.45,124.45,123.3,123.3,50,27150,0
FINNIFTY31DEC2424250PE.NFO,2024-12-11,13:48:00,2024-12-31,123.3,123.3,122.7,122.7,175,27150,0
FINNIFTY31DEC2424250PE.NFO,2024-12-11,13:49:00,2024-12-31,122.7,122.7,120.65,120.65,100,27150,0
FINNIFTY31DEC2424250PE.NFO,2024-12-11,13:50:00,2024-12-31,120.65,120.65,119.8,119.9,225,27425,0
FINNIFTY31DEC2424250PE.NFO,2024-12-11,13:51:00,2024-12-31,119.9,119.9,119.9,119.9,0,27425,0
FINNIFTY31DEC2424250PE.NFO,2024-12-11,13:52:00,2024-12-31,119.9,119.9,119.9,119.9,0,27425,0
FINNIFTY31DEC2424250PE.NFO,2024-12-11,13:53:00,2024-12-31,119.9,119.9,119.9,119.9,0,27425,0
FINNIFTY31DEC2424250PE.NFO,2024-12-11,13:54:00,2024-12-31,119.9,119.9,119.9,119.9,0,27425,0
FINNIFTY31DEC2424250PE.NFO,2024-12-11,13:55:00,2024-12-31,119.9,119.9,119.9,119.9,0,27425,0
FINNIFTY31DEC2424250PE.NFO,2024-12-11,13:56:00,2024-12-31,119.9,119.9,119.9,119.9,0,27425,0
FINNIFTY31DEC2424250PE.NFO,2024-12-11,13:57:00,2024-12-31,119.9,119.9,119.9,119.9,0,27425,0
FINNIFTY31DEC2424250PE.NFO,2024-12-11,13:58:00,2024-12-31,119.9,119.9,119.9,119.9,0,27425,0
FINNIFTY31DEC2424250PE.NFO,2024-12-11,13:59:00,2024-12-31,119.9,119.9,119.9,119.9,0,27425,0
FINNIFTY31DEC2424250PE.NFO,2024-12-11,14:00:00,2024-12-31,119.9,119.9,119.9,119.9,0,27425,0
FINNIFTY31DEC2424250PE.NFO,2024-12-11,14:01:00,2024-12-31,119.9,119.9,119.9,119.9,0,27425,0
FINNIFTY31DEC2424250PE.NFO,2024-12-11,14:02:00,2024-12-31,119.9,119.9,119.9,119.9,0,27425,0
FINNIFTY31DEC2424250PE.NFO,2024-12-11,14:03:00,2024-12-31,119.9,119.9,119.9,119.9,0,27425,0
FINNIFTY31DEC2424250PE.NFO,2024-12-11,14:04:00,2024-12-31,119.9,119.9,119.5,119.5,25,27250,0
FINNIFTY31DEC2424250PE.NFO,2024-12-11,14:05:00,2024-12-31,119.5,120.0,119.5,120.0,300,27250,0
FINNIFTY31DEC2424250PE.NFO,2024-12-11,14:06:00,2024-12-31,120.0,120.1,120.0,120.1,75,27250,0
FINNIFTY31DEC2424250PE.NFO,2024-12-11,14:07:00,2024-12-31,120.1,120.1,120.1,120.1,0,27250,0
FINNIFTY31DEC2424250PE.NFO,2024-12-11,14:08:00,2024-12-31,120.1,120.1,118.5,118.5,200,27350,0
FINNIFTY31DEC2424250PE.NFO,2024-12-11,14:09:00,2024-12-31,118.5,118.5,118.5,118.5,0,27350,0
FINNIFTY31DEC2424250PE.NFO,2024-12-11,14:10:00,2024-12-31,118.5,118.5,115.45,115.9,250,27525,0
FINNIFTY31DEC2424250PE.NFO,2024-12-11,14:11:00,2024-12-31,115.9,116.2,115.9,116.2,50,27525,0
FINNIFTY31DEC2424250PE.NFO,2024-12-11,14:12:00,2024-12-31,116.2,116.2,116.2,116.2,0,27525,0
FINNIFTY31DEC2424250PE.NFO,2024-12-11,14:13:00,2024-12-31,116.2,116.2,116.2,116.2,0,27525,0
FINNIFTY31DEC2424250PE.NFO,2024-12-11,14:14:00,2024-12-31,116.2,119.65,116.2,119.65,25,27450,0
FINNIFTY31DEC2424250PE.NFO,2024-12-11,14:15:00,2024-12-31,119.65,119.65,119.65,119.65,0,27450,0
FINNIFTY31DEC2424250PE.NFO,2024-12-11,14:16:00,2024-12-31,119.65,119.65,119.65,119.65,0,27450,0
FINNIFTY31DEC2424250PE.NFO,2024-12-11,14:17:00,2024-12-31,119.65,123.25,119.65,123.25,2975,27450,0
FINNIFTY31DEC2424250PE.NFO,2024-12-11,14:18:00,2024-12-31,123.25,123.25,121.55,121.55,125,27450,0
FINNIFTY31DEC2424250PE.NFO,2024-12-11,14:19:00,2024-12-31,121.55,123.75,121.55,123.75,150,26525,0
FINNIFTY31DEC2424250PE.NFO,2024-12-11,14:20:00,2024-12-31,123.75,123.75,123.75,123.75,0,26525,0
FINNIFTY31DEC2424250PE.NFO,2024-12-11,14:21:00,2024-12-31,123.75,128.7,123.75,128.7,175,26525,0
FINNIFTY31DEC2424250PE.NFO,2024-12-11,14:22:00,2024-12-31,128.7,128.7,124.1,124.1,175,26675,0
FINNIFTY31DEC2424250PE.NFO,2024-12-11,14:23:00,2024-12-31,124.1,127.2,124.1,127.2,25,26675,0
FINNIFTY31DEC2424250PE.NFO,2024-12-11,14:24:00,2024-12-31,127.2,127.2,127.2,127.2,0,26675,0
FINNIFTY31DEC2424250PE.NFO,2024-12-11,14:25:00,2024-12-31,127.2,127.2,127.2,127.2,0,26675,0
FINNIFTY31DEC2424250PE.NFO,2024-12-11,14:26:00,2024-12-31,127.2,129.8,126.3,129.05,2700,26650,0
FINNIFTY31DEC2424250PE.NFO,2024-12-11,14:27:00,2024-12-31,129.05,129.05,124.6,126.2,500,26650,0
FINNIFTY31DEC2424250PE.NFO,2024-12-11,14:28:00,2024-12-31,126.2,126.5,126.2,126.5,50,26650,0
FINNIFTY31DEC2424250PE.NFO,2024-12-11,14:29:00,2024-12-31,126.5,126.5,126.5,126.5,0,26650,0
FINNIFTY31DEC2424250PE.NFO,2024-12-11,14:30:00,2024-12-31,126.5,126.5,126.5,126.5,0,26650,0
FINNIFTY31DEC2424250PE.NFO,2024-12-11,14:31:00,2024-12-31,126.5,128.95,126.5,128.95,75,27700,0
FINNIFTY31DEC2424250PE.NFO,2024-12-11,14:32:00,2024-12-31,128.95,128.95,128.95,128.95,0,27700,0
FINNIFTY31DEC2424250PE.NFO,2024-12-11,14:33:00,2024-12-31,128.95,128.95,125.2,125.35,50,27750,0
FINNIFTY31DEC2424250PE.NFO,2024-12-11,14:34:00,2024-12-31,125.35,125.35,125.35,125.35,0,27750,0
FINNIFTY31DEC2424250PE.NFO,2024-12-11,14:35:00,2024-12-31,125.35,125.35,123.85,123.85,1250,27700,0
FINNIFTY31DEC2424250PE.NFO,2024-12-11,14:36:00,2024-12-31,123.85,125.25,123.85,125.25,75,27700,0
FINNIFTY31DEC2424250PE.NFO,2024-12-11,14:37:00,2024-12-31,125.25,125.25,123.05,123.05,75,27525,0
FINNIFTY31DEC2424250PE.NFO,2024-12-11,14:38:00,2024-12-31,123.05,123.05,122.85,122.85,275,27525,0
FINNIFTY31DEC2424250PE.NFO,2024-12-11,14:39:00,2024-12-31,122.85,123.55,122.85,123.55,75,27525,0
FINNIFTY31DEC2424250PE.NFO,2024-12-11,14:40:00,2024-12-31,123.55,124.85,123.55,124.3,275,27475,0
FINNIFTY31DEC2424250PE.NFO,2024-12-11,14:41:00,2024-12-31,124.3,124.3,124.3,124.3,0,27475,0
FINNIFTY31DEC2424250PE.NFO,2024-12-11,14:42:00,2024-12-31,124.3,124.3,124.3,124.3,0,27475,0
FINNIFTY31DEC2424250PE.NFO,2024-12-11,14:43:00,2024-12-31,124.3,124.3,124.3,124.3,0,27475,0
FINNIFTY31DEC2424250PE.NFO,2024-12-11,14:44:00,2024-12-31,124.3,127.0,124.3,127.0,150,27750,0
FINNIFTY31DEC2424250PE.NFO,2024-12-11,14:45:00,2024-12-31,127.0,133.3,127.0,133.3,1100,27750,0
FINNIFTY31DEC2424250PE.NFO,2024-12-11,14:46:00,2024-12-31,133.3,133.3,130.1,132.3,300,27750,0
FINNIFTY31DEC2424250PE.NFO,2024-12-11,14:47:00,2024-12-31,132.3,132.3,126.9,129.8,175,27425,0
FINNIFTY31DEC2424250PE.NFO,2024-12-11,14:48:00,2024-12-31,129.8,131.9,129.8,131.9,50,27425,0
FINNIFTY31DEC2424250PE.NFO,2024-12-11,14:49:00,2024-12-31,131.9,131.9,131.9,131.9,0,27425,0
FINNIFTY31DEC2424250PE.NFO,2024-12-11,14:50:00,2024-12-31,131.9,133.65,131.0,131.0,75,27350,0
FINNIFTY31DEC2424250PE.NFO,2024-12-11,14:51:00,2024-12-31,131.0,134.0,131.0,134.0,25,27350,0
FINNIFTY31DEC2424250PE.NFO,2024-12-11,14:52:00,2024-12-31,134.0,135.75,134.0,135.75,75,27300,0
FINNIFTY31DEC2424250PE.NFO,2024-12-11,14:53:00,2024-12-31,135.75,135.75,134.9,135.45,425,27300,0
FINNIFTY31DEC2424250PE.NFO,2024-12-11,14:54:00,2024-12-31,135.45,135.45,131.45,131.45,825,27300,0
FINNIFTY31DEC2424250PE.NFO,2024-12-11,14:55:00,2024-12-31,131.45,134.0,131.45,134.0,50,27025,0
FINNIFTY31DEC2424250PE.NFO,2024-12-11,14:56:00,2024-12-31,134.0,134.0,132.1,132.1,50,27025,0
FINNIFTY31DEC2424250PE.NFO,2024-12-11,14:57:00,2024-12-31,132.1,132.1,132.1,132.1,0,27025,0
FINNIFTY31DEC2424250PE.NFO,2024-12-11,14:58:00,2024-12-31,132.1,132.1,132.1,132.1,0,27025,0
FINNIFTY31DEC2424250PE.NFO,2024-12-11,14:59:00,2024-12-31,132.1,132.1,129.0,129.0,50,27050,0
FINNIFTY31DEC2424250PE.NFO,2024-12-11,15:00:00,2024-12-31,129.0,133.0,129.0,133.0,25,27050,0
FINNIFTY31DEC2424250PE.NFO,2024-12-11,15:01:00,2024-12-31,133.0,133.0,133.0,133.0,0,27050,0
FINNIFTY31DEC2424250PE.NFO,2024-12-11,15:02:00,2024-12-31,133.0,136.0,133.0,136.0,100,26975,0
FINNIFTY31DEC2424250PE.NFO,2024-12-11,15:03:00,2024-12-31,136.0,136.0,133.1,133.8,175,26975,0
FINNIFTY31DEC2424250PE.NFO,2024-12-11,15:04:00,2024-12-31,133.8,133.8,133.8,133.8,0,26975,0
FINNIFTY31DEC2424250PE.NFO,2024-12-11,15:05:00,2024-12-31,133.8,133.8,133.8,133.8,0,26975,0
FINNIFTY31DEC2424250PE.NFO,2024-12-11,15:06:00,2024-12-31,133.8,133.8,133.8,133.8,0,26975,0
FINNIFTY31DEC2424250PE.NFO,2024-12-11,15:07:00,2024-12-31,133.8,133.8,133.8,133.8,0,26975,0
FINNIFTY31DEC2424250PE.NFO,2024-12-11,15:08:00,2024-12-31,133.8,133.8,133.8,133.8,0,26975,0
FINNIFTY31DEC2424250PE.NFO,2024-12-11,15:09:00,2024-12-31,133.8,133.8,130.9,132.0,425,26700,0
FINNIFTY31DEC2424250PE.NFO,2024-12-11,15:10:00,2024-12-31,132.0,132.0,132.0,132.0,0,26700,0
FINNIFTY31DEC2424250PE.NFO,2024-12-11,15:11:00,2024-12-31,132.0,132.0,132.0,132.0,0,26700,0
FINNIFTY31DEC2424250PE.NFO,2024-12-11,15:12:00,2024-12-31,132.0,132.0,129.8,129.8,25,26425,0
FINNIFTY31DEC2424250PE.NFO,2024-12-11,15:13:00,2024-12-31,129.8,129.8,127.8,127.8,75,26425,0
FINNIFTY31DEC2424250PE.NFO,2024-12-11,15:14:00,2024-12-31,127.8,127.8,127.8,127.8,0,26425,0
FINNIFTY31DEC2424250PE.NFO,2024-12-11,15:15:00,2024-12-31,127.8,127.8,127.15,127.8,850,26400,0
FINNIFTY31DEC2424250PE.NFO,2024-12-11,15:16:00,2024-12-31,127.8,127.8,127.8,127.8,0,26400,0
FINNIFTY31DEC2424250PE.NFO,2024-12-11,15:17:00,2024-12-31,127.8,127.8,127.8,127.8,0,26400,0
FINNIFTY31DEC2424250PE.NFO,2024-12-11,15:18:00,2024-12-31,127.8,127.8,127.05,127.05,25,26575,0
FINNIFTY31DEC2424250PE.NFO,2024-12-11,15:19:00,2024-12-31,127.05,127.05,127.05,127.05,0,26575,0
FINNIFTY31DEC2424250PE.NFO,2024-12-11,15:20:00,2024-12-31,127.05,129.1,127.05,129.05,375,26575,0
FINNIFTY31DEC2424250PE.NFO,2024-12-11,15:21:00,2024-12-31,129.05,129.05,126.7,126.7,50,26575,0
FINNIFTY31DEC2424250PE.NFO,2024-12-11,15:22:00,2024-12-31,126.7,126.7,126.7,126.7,0,26575,0
FINNIFTY31DEC2424250PE.NFO,2024-12-11,15:23:00,2024-12-31,126.7,126.7,126.3,126.3,25,26400,0
FINNIFTY31DEC2424250PE.NFO,2024-12-11,15:24:00,2024-12-31,126.3,126.3,126.3,126.3,0,26400,0
FINNIFTY31DEC2424250PE.NFO,2024-12-11,15:25:00,2024-12-31,126.3,126.3,125.85,125.85,150,26400,0
FINNIFTY31DEC2424250PE.NFO,2024-12-11,15:26:00,2024-12-31,125.85,127.7,125.85,127.25,175,26400,0
FINNIFTY31DEC2424250PE.NFO,2024-12-11,15:27:00,2024-12-31,127.25,128.2,127.25,127.8,125,26400,0
FINNIFTY31DEC2424250PE.NFO,2024-12-11,15:28:00,2024-12-31,127.8,129.95,127.8,129.95,300,26600,0
FINNIFTY31DEC2424250PE.NFO,2024-12-11,15:29:00,2024-12-31,129.95,130.4,127.65,130.4,200,26600,0
FINNIFTY31DEC2424250PE.NFO,2024-12-11,15:30:00,2024-12-31,130.4,130.4,130.4,130.4,200,26600,1
FINNIFTY31DEC2424250PE.NFO,2024-12-12,09:15:00,2024-12-31,130.0,133.6,129.05,131.6,250,26675,0
FINNIFTY31DEC2424250PE.NFO,2024-12-12,09:16:00,2024-12-31,131.6,131.6,127.0,127.0,125,26675,0
FINNIFTY31DEC2424250PE.NFO,2024-12-12,09:17:00,2024-12-31,127.0,127.05,122.1,123.1,600,26675,0
FINNIFTY31DEC2424250PE.NFO,2024-12-12,09:18:00,2024-12-31,123.1,123.15,123.1,123.15,125,26675,0
FINNIFTY31DEC2424250PE.NFO,2024-12-12,09:19:00,2024-12-31,123.15,125.0,121.5,121.5,250,26750,0
FINNIFTY31DEC2424250PE.NFO,2024-12-12,09:20:00,2024-12-31,121.5,124.45,121.5,124.45,25,26750,0
FINNIFTY31DEC2424250PE.NFO,2024-12-12,09:21:00,2024-12-31,124.45,124.45,117.0,117.75,200,26750,0
FINNIFTY31DEC2424250PE.NFO,2024-12-12,09:22:00,2024-12-31,117.75,119.2,117.75,118.9,50,26725,0
FINNIFTY31DEC2424250PE.NFO,2024-12-12,09:23:00,2024-12-31,118.9,118.9,117.25,117.25,225,26725,0
FINNIFTY31DEC2424250PE.NFO,2024-12-12,09:24:00,2024-12-31,117.25,117.25,117.25,117.25,150,26725,0
FINNIFTY31DEC2424250PE.NFO,2024-12-12,09:25:00,2024-12-31,117.25,117.25,117.2,117.2,50,27000,0
FINNIFTY31DEC2424250PE.NFO,2024-12-12,09:26:00,2024-12-31,117.2,117.2,117.2,117.2,0,27000,0
FINNIFTY31DEC2424250PE.NFO,2024-12-12,09:27:00,2024-12-31,117.2,117.2,117.2,117.2,0,27000,0
FINNIFTY31DEC2424250PE.NFO,2024-12-12,09:28:00,2024-12-31,117.2,117.2,117.2,117.2,25,26950,0
FINNIFTY31DEC2424250PE.NFO,2024-12-12,09:29:00,2024-12-31,117.2,117.2,117.2,117.2,0,26950,0
FINNIFTY31DEC2424250PE.NFO,2024-12-12,09:30:00,2024-12-31,117.2,117.2,117.2,117.2,0,26950,0
FINNIFTY31DEC2424250PE.NFO,2024-12-12,09:31:00,2024-12-31,117.2,117.2,117.2,117.2,0,26950,0
FINNIFTY31DEC2424250PE.NFO,2024-12-12,09:32:00,2024-12-31,117.2,117.2,114.65,115.05,225,26950,0
FINNIFTY31DEC2424250PE.NFO,2024-12-12,09:33:00,2024-12-31,115.05,115.05,115.05,115.05,0,26950,0
FINNIFTY31DEC2424250PE.NFO,2024-12-12,09:34:00,2024-12-31,115.05,115.05,113.0,113.45,50,26875,0
FINNIFTY31DEC2424250PE.NFO,2024-12-12,09:35:00,2024-12-31,113.45,113.7,113.3,113.3,200,26875,0
FINNIFTY31DEC2424250PE.NFO,2024-12-12,09:36:00,2024-12-31,113.3,113.3,112.35,112.35,25,26825,0
FINNIFTY31DEC2424250PE.NFO,2024-12-12,09:37:00,2024-12-31,112.35,112.35,112.35,112.35,0,26825,0
FINNIFTY31DEC2424250PE.NFO,2024-12-12,09:38:00,2024-12-31,112.35,112.35,112.35,112.35,0,26825,0
FINNIFTY31DEC2424250PE.NFO,2024-12-12,09:39:00,2024-12-31,112.35,112.35,112.35,112.35,0,26825,0
FINNIFTY31DEC2424250PE.NFO,2024-12-12,09:40:00,2024-12-31,112.35,112.35,112.35,112.35,0,26825,0
FINNIFTY31DEC2424250PE.NFO,2024-12-12,09:41:00,2024-12-31,112.35,112.35,112.35,112.35,0,26825,0
FINNIFTY31DEC2424250PE.NFO,2024-12-12,09:42:00,2024-12-31,112.35,112.35,112.35,112.35,0,26825,0
FINNIFTY31DEC2424250PE.NFO,2024-12-12,09:43:00,2024-12-31,112.35,112.35,112.35,112.35,0,26825,0
FINNIFTY31DEC2424250PE.NFO,2024-12-12,09:44:00,2024-12-31,116.4,117.15,116.4,117.15,50,26800,0
FINNIFTY31DEC2424250PE.NFO,2024-12-12,09:45:00,2024-12-31,117.15,117.15,117.15,117.15,0,26800,0
FINNIFTY31DEC2424250PE.NFO,2024-12-12,09:46:00,2024-12-31,117.15,121.25,117.15,121.25,50,26775,0
FINNIFTY31DEC2424250PE.NFO,2024-12-12,09:47:00,2024-12-31,121.25,121.25,121.25,121.25,0,26775,0
FINNIFTY31DEC2424250PE.NFO,2024-12-12,09:48:00,2024-12-31,121.25,121.25,121.25,121.25,0,26775,0
FINNIFTY31DEC2424250PE.NFO,2024-12-12,09:49:00,2024-12-31,121.25,122.0,118.85,118.85,50,26725,0
FINNIFTY31DEC2424250PE.NFO,2024-12-12,09:50:00,2024-12-31,118.85,118.85,118.85,118.85,0,26725,0
FINNIFTY31DEC2424250PE.NFO,2024-12-12,09:51:00,2024-12-31,118.85,118.85,118.85,118.85,0,26725,0
FINNIFTY31DEC2424250PE.NFO,2024-12-12,09:52:00,2024-12-31,118.85,119.65,118.3,118.65,175,26725,0
FINNIFTY31DEC2424250PE.NFO,2024-12-12,09:53:00,2024-12-31,118.65,118.65,118.65,118.65,0,26725,0
FINNIFTY31DEC2424250PE.NFO,2024-12-12,09:54:00,2024-12-31,118.65,118.65,118.65,118.65,0,26725,0
FINNIFTY31DEC2424250PE.NFO,2024-12-12,09:55:00,2024-12-31,118.65,118.65,118.65,118.65,0,26725,0
FINNIFTY31DEC2424250PE.NFO,2024-12-12,09:56:00,2024-12-31,118.65,118.65,118.65,118.65,0,26725,0
FINNIFTY31DEC2424250PE.NFO,2024-12-12,09:57:00,2024-12-31,118.65,120.7,118.65,120.7,25,26850,0
FINNIFTY31DEC2424250PE.NFO,2024-12-12,09:58:00,2024-12-31,120.7,120.7,120.7,120.7,0,26850,0
FINNIFTY31DEC2424250PE.NFO,2024-12-12,09:59:00,2024-12-31,120.7,120.7,120.7,120.7,0,26850,0
FINNIFTY31DEC2424250PE.NFO,2024-12-12,10:00:00,2024-12-31,120.7,120.7,120.7,120.7,0,26850,0
FINNIFTY31DEC2424250PE.NFO,2024-12-12,10:01:00,2024-12-31,120.7,120.7,120.7,120.7,0,26850,0
FINNIFTY31DEC2424250PE.NFO,2024-12-12,10:02:00,2024-12-31,120.7,120.7,116.65,116.65,25,26850,0
FINNIFTY31DEC2424250PE.NFO,2024-12-12,10:03:00,2024-12-31,116.65,116.65,116.65,116.65,0,26850,0
FINNIFTY31DEC2424250PE.NFO,2024-12-12,10:04:00,2024-12-31,116.65,116.65,116.65,116.65,0,26850,0
FINNIFTY31DEC2424250PE.NFO,2024-12-12,10:05:00,2024-12-31,116.65,116.65,116.65,116.65,0,26850,0
FINNIFTY31DEC2424250PE.NFO,2024-12-12,10:06:00,2024-12-31,116.65,116.65,116.65,116.65,0,26850,0
FINNIFTY31DEC2424250PE.NFO,2024-12-12,10:07:00,2024-12-31,116.65,116.65,116.65,116.65,0,26850,0
FINNIFTY31DEC2424250PE.NFO,2024-12-12,10:08:00,2024-12-31,116.65,124.05,116.65,124.05,150,26850,0
FINNIFTY31DEC2424250PE.NFO,2024-12-12,10:09:00,2024-12-31,124.05,124.05,123.55,123.55,25,26850,0
FINNIFTY31DEC2424250PE.NFO,2024-12-12,10:10:00,2024-12-31,123.55,123.55,121.55,121.55,50,26925,0
FINNIFTY31DEC2424250PE.NFO,2024-12-12,10:11:00,2024-12-31,121.55,121.55,121.55,121.55,0,26925,0
FINNIFTY31DEC2424250PE.NFO,2024-12-12,10:12:00,2024-12-31,121.55,121.55,121.55,121.55,0,26925,0
FINNIFTY31DEC2424250PE.NFO,2024-12-12,10:13:00,2024-12-31,121.55,121.55,121.55,121.55,0,26925,0
FINNIFTY31DEC2424250PE.NFO,2024-12-12,10:14:00,2024-12-31,121.55,121.55,121.55,121.55,0,26925,0
FINNIFTY31DEC2424250PE.NFO,2024-12-12,10:15:00,2024-12-31,121.55,122.25,121.55,122.25,200,26950,0
FINNIFTY31DEC2424250PE.NFO,2024-12-12,10:16:00,2024-12-31,122.25,122.25,122.25,122.25,0,26950,0
FINNIFTY31DEC2424250PE.NFO,2024-12-12,10:17:00,2024-12-31,122.25,122.25,122.25,122.25,0,26950,0
FINNIFTY31DEC2424250PE.NFO,2024-12-12,10:18:00,2024-12-31,122.25,122.25,122.15,122.15,200,27150,0
FINNIFTY31DEC2424250PE.NFO,2024-12-12,10:19:00,2024-12-31,122.15,122.15,122.15,122.15,0,27150,0
FINNIFTY31DEC2424250PE.NFO,2024-12-12,10:20:00,2024-12-31,122.15,122.15,120.55,120.55,25,27350,0
FINNIFTY31DEC2424250PE.NFO,2024-12-12,10:21:00,2024-12-31,120.55,120.55,120.55,120.55,0,27350,0
FINNIFTY31DEC2424250PE.NFO,2024-12-12,10:22:00,2024-12-31,120.55,120.55,120.55,120.55,0,27350,0
FINNIFTY31DEC2424250PE.NFO,2024-12-12,10:23:00,2024-12-31,120.55,120.55,120.55,120.55,0,27350,0
FINNIFTY31DEC2424250PE.NFO,2024-12-12,10:24:00,2024-12-31,120.55,120.55,120.55,120.55,0,27350,0
FINNIFTY31DEC2424250PE.NFO,2024-12-12,10:25:00,2024-12-31,120.55,120.55,120.55,120.55,25,27350,0
FINNIFTY31DEC2424250PE.NFO,2024-12-12,10:26:00,2024-12-31,120.55,121.95,120.55,121.95,25,27350,0
FINNIFTY31DEC2424250PE.NFO,2024-12-12,10:27:00,2024-12-31,121.95,121.95,121.95,121.95,0,27350,0
FINNIFTY31DEC2424250PE.NFO,2024-12-12,10:28:00,2024-12-31,121.95,121.95,121.95,121.95,0,27350,0
FINNIFTY31DEC2424250PE.NFO,2024-12-12,10:29:00,2024-12-31,121.95,121.95,121.05,121.05,50,27300,0
FINNIFTY31DEC2424250PE.NFO,2024-12-12,10:30:00,2024-12-31,121.05,121.05,121.05,121.05,0,27300,0
FINNIFTY31DEC2424250PE.NFO,2024-12-12,10:31:00,2024-12-31,121.05,121.05,121.05,121.05,0,27300,0
FINNIFTY31DEC2424250PE.NFO,2024-12-12,10:32:00,2024-12-31,121.05,123.9,121.05,123.9,150,27250,0
FINNIFTY31DEC2424250PE.NFO,2024-12-12,10:33:00,2024-12-31,123.9,123.9,123.9,123.9,0,27250,0
FINNIFTY31DEC2424250PE.NFO,2024-12-12,10:34:00,2024-12-31,123.9,123.9,121.8,121.8,25,27250,0
FINNIFTY31DEC2424250PE.NFO,2024-12-12,10:35:00,2024-12-31,121.8,122.55,121.05,121.05,200,27250,0
FINNIFTY31DEC2424250PE.NFO,2024-12-12,10:36:00,2024-12-31,121.05,121.05,119.3,119.3,375,27250,0
FINNIFTY31DEC2424250PE.NFO,2024-12-12,10:37:00,2024-12-31,119.3,119.3,118.9,118.9,200,26850,0
FINNIFTY31DEC2424250PE.NFO,2024-12-12,10:38:00,2024-12-31,118.9,118.9,117.95,117.95,275,26850,0
FINNIFTY31DEC2424250PE.NFO,2024-12-12,10:39:00,2024-12-31,117.95,119.0,117.95,119.0,175,26850,0
FINNIFTY31DEC2424250PE.NFO,2024-12-12,10:40:00,2024-12-31,119.0,119.0,119.0,119.0,25,26475,0
FINNIFTY31DEC2424250PE.NFO,2024-12-12,10:41:00,2024-12-31,119.0,119.0,119.0,119.0,0,26475,0
FINNIFTY31DEC2424250PE.NFO,2024-12-12,10:42:00,2024-12-31,119.0,119.0,118.6,118.6,200,26475,0
FINNIFTY31DEC2424250PE.NFO,2024-12-12,10:43:00,2024-12-31,118.6,118.6,118.6,118.6,0,26475,0
FINNIFTY31DEC2424250PE.NFO,2024-12-12,10:44:00,2024-12-31,118.6,119.3,118.2,118.2,50,26275,0
FINNIFTY31DEC2424250PE.NFO,2024-12-12,10:45:00,2024-12-31,118.2,118.2,118.2,118.2,0,26275,0
FINNIFTY31DEC2424250PE.NFO,2024-12-12,10:46:00,2024-12-31,118.2,118.2,118.2,118.2,0,26275,0
FINNIFTY31DEC2424250PE.NFO,2024-12-12,10:47:00,2024-12-31,118.2,118.2,118.2,118.2,0,26275,0
FINNIFTY31DEC2424250PE.NFO,2024-12-12,10:48:00,2024-12-31,118.2,118.2,118.2,118.2,0,26275,0
FINNIFTY31DEC2424250PE.NFO,2024-12-12,10:49:00,2024-12-31,118.2,118.2,118.2,118.2,0,26275,0
FINNIFTY31DEC2424250PE.NFO,2024-12-12,10:50:00,2024-12-31,118.2,118.2,116.75,116.75,50,26275,0
FINNIFTY31DEC2424250PE.NFO,2024-12-12,10:51:00,2024-12-31,116.75,117.0,116.75,117.0,25,26275,0
FINNIFTY31DEC2424250PE.NFO,2024-12-12,10:52:00,2024-12-31,117.0,117.0,117.0,117.0,0,26275,0
FINNIFTY31DEC2424250PE.NFO,2024-12-12,10:53:00,2024-12-31,117.0,117.0,114.9,114.9,125,26300,0
FINNIFTY31DEC2424250PE.NFO,2024-12-12,10:54:00,2024-12-31,114.9,114.9,114.9,114.9,0,26300,0
FINNIFTY31DEC2424250PE.NFO,2024-12-12,10:55:00,2024-12-31,114.9,114.9,114.9,114.9,0,26300,0
FINNIFTY31DEC2424250PE.NFO,2024-12-12,10:56:00,2024-12-31,114.9,114.9,114.9,114.9,0,26300,0
FINNIFTY31DEC2424250PE.NFO,2024-12-12,10:57:00,2024-12-31,114.9,114.9,114.9,114.9,0,26300,0
FINNIFTY31DEC2424250PE.NFO,2024-12-12,10:58:00,2024-12-31,114.9,114.9,114.9,114.9,0,26300,0
FINNIFTY31DEC2424250PE.NFO,2024-12-12,10:59:00,2024-12-31,114.9,117.45,114.9,117.45,25,26400,0
FINNIFTY31DEC2424250PE.NFO,2024-12-12,11:00:00,2024-12-31,117.45,119.9,117.45,119.9,25,26400,0
FINNIFTY31DEC2424250PE.NFO,2024-12-12,11:01:00,2024-12-31,119.9,119.9,119.9,119.9,0,26400,0
FINNIFTY31DEC2424250PE.NFO,2024-12-12,11:02:00,2024-12-31,119.9,119.9,118.4,118.5,750,26375,0
FINNIFTY31DEC2424250PE.NFO,2024-12-12,11:03:00,2024-12-31,118.5,118.5,118.5,118.5,0,26375,0
FINNIFTY31DEC2424250PE.NFO,2024-12-12,11:04:00,2024-12-31,118.5,118.5,118.5,118.5,0,26375,0
FINNIFTY31DEC2424250PE.NFO,2024-12-12,11:05:00,2024-12-31,118.5,120.7,118.5,120.7,25,25650,0
FINNIFTY31DEC2424250PE.NFO,2024-12-12,11:06:00,2024-12-31,120.7,120.7,119.35,119.65,250,25650,0
FINNIFTY31DEC2424250PE.NFO,2024-12-12,11:07:00,2024-12-31,119.65,119.65,119.65,119.65,0,25650,0
FINNIFTY31DEC2424250PE.NFO,2024-12-12,11:08:00,2024-12-31,119.65,121.4,119.65,120.75,550,25725,0
FINNIFTY31DEC2424250PE.NFO,2024-12-12,11:09:00,2024-12-31,120.75,122.55,120.75,121.45,1225,25725,0
FINNIFTY31DEC2424250PE.NFO,2024-12-12,11:10:00,2024-12-31,121.45,121.45,119.9,119.9,200,26450,0
FINNIFTY31DEC2424250PE.NFO,2024-12-12,11:11:00,2024-12-31,119.9,119.9,118.5,118.5,1125,26450,0
FINNIFTY31DEC2424250PE.NFO,2024-12-12,11:12:00,2024-12-31,118.5,121.9,118.5,121.9,450,26450,0
FINNIFTY31DEC2424250PE.NFO,2024-12-12,11:13:00,2024-12-31,121.9,121.9,121.9,121.9,0,26450,0
FINNIFTY31DEC2424250PE.NFO,2024-12-12,11:14:00,2024-12-31,121.9,121.9,121.9,121.9,0,26450,0
FINNIFTY31DEC2424250PE.NFO,2024-12-12,11:15:00,2024-12-31,121.9,121.9,119.4,119.4,250,26600,0
FINNIFTY31DEC2424250PE.NFO,2024-12-12,11:16:00,2024-12-31,119.4,119.4,119.4,119.4,0,26600,0
FINNIFTY31DEC2424250PE.NFO,2024-12-12,11:17:00,2024-12-31,119.4,121.3,119.4,121.3,50,26725,0
FINNIFTY31DEC2424250PE.NFO,2024-12-12,11:18:00,2024-12-31,121.3,121.3,120.1,120.1,25,26725,0
FINNIFTY31DEC2424250PE.NFO,2024-12-12,11:19:00,2024-12-31,120.1,120.1,120.1,120.1,0,26725,0
FINNIFTY31DEC2424250PE.NFO,2024-12-12,11:20:00,2024-12-31,120.1,120.1,120.1,120.1,0,26725,0
FINNIFTY31DEC2424250PE.NFO,2024-12-12,11:21:00,2024-12-31,120.1,122.6,120.1,121.0,50,26725,0
FINNIFTY31DEC2424250PE.NFO,2024-12-12,11:22:00,2024-12-31,121.0,121.0,121.0,121.0,0,26725,0
FINNIFTY31DEC2424250PE.NFO,2024-12-12,11:23:00,2024-12-31,121.0,121.0,121.0,121.0,0,26725,0
FINNIFTY31DEC2424250PE.NFO,2024-12-12,11:24:00,2024-12-31,121.0,121.0,120.95,120.95,100,26725,0
FINNIFTY31DEC2424250PE.NFO,2024-12-12,11:25:00,2024-12-31,120.95,120.95,120.95,120.95,0,26725,0
FINNIFTY31DEC2424250PE.NFO,2024-12-12,11:26:00,2024-12-31,120.95,120.95,120.95,120.95,0,26725,0
FINNIFTY31DEC2424250PE.NFO,2024-12-12,11:27:00,2024-12-31,120.95,120.95,120.95,120.95,0,26725,0
FINNIFTY31DEC2424250PE.NFO,2024-12-12,11:28:00,2024-12-31,120.95,120.95,120.95,120.95,0,26725,0
FINNIFTY31DEC2424250PE.NFO,2024-12-12,11:29:00,2024-12-31,120.95,120.95,120.5,120.5,500,26625,0
FINNIFTY31DEC2424250PE.NFO,2024-12-12,11:30:00,2024-12-31,120.5,120.5,119.05,119.05,625,26625,0
FINNIFTY31DEC2424250PE.NFO,2024-12-12,11:31:00,2024-12-31,119.05,119.05,118.4,118.55,150,26725,0
FINNIFTY31DEC2424250PE.NFO,2024-12-12,11:32:00,2024-12-31,118.55,119.5,118.55,119.5,25,26725,0
FINNIFTY31DEC2424250PE.NFO,2024-12-12,11:33:00,2024-12-31,119.5,119.5,119.5,119.5,0,26725,0
FINNIFTY31DEC2424250PE.NFO,2024-12-12,11:34:00,2024-12-31,119.5,119.5,119.5,119.5,0,26725,0
FINNIFTY31DEC2424250PE.NFO,2024-12-12,11:35:00,2024-12-31,119.5,119.5,119.5,119.5,125,26625,0
FINNIFTY31DEC2424250PE.NFO,2024-12-12,11:36:00,2024-12-31,119.5,119.5,119.5,119.5,0,26625,0
FINNIFTY31DEC2424250PE.NFO,2024-12-12,11:37:00,2024-12-31,119.5,119.5,119.5,119.5,0,26625,0
FINNIFTY31DEC2424250PE.NFO,2024-12-12,11:38:00,2024-12-31,119.5,119.5,119.5,119.5,0,26625,0
FINNIFTY31DEC2424250PE.NFO,2024-12-12,11:39:00,2024-12-31,119.5,121.85,119.5,121.85,900,26675,0
FINNIFTY31DEC2424250PE.NFO,2024-12-12,11:40:00,2024-12-31,121.85,121.85,121.85,121.85,0,26675,0
FINNIFTY31DEC2424250PE.NFO,2024-12-12,11:41:00,2024-12-31,121.85,121.85,121.85,121.85,0,26675,0
FINNIFTY31DEC2424250PE.NFO,2024-12-12,11:42:00,2024-12-31,121.85,121.85,121.15,121.15,25,26900,0
FINNIFTY31DEC2424250PE.NFO,2024-12-12,11:43:00,2024-12-31,121.15,121.15,120.05,120.05,75,26925,0
FINNIFTY31DEC2424250PE.NFO,2024-12-12,11:44:00,2024-12-31,120.05,120.05,120.05,120.05,0,26925,0
FINNIFTY31DEC2424250PE.NFO,2024-12-12,11:45:00,2024-12-31,120.05,120.05,120.05,120.05,0,26925,0
FINNIFTY31DEC2424250PE.NFO,2024-12-12,11:46:00,2024-12-31,120.05,120.05,120.05,120.05,0,26925,0
FINNIFTY31DEC2424250PE.NFO,2024-12-12,11:47:00,2024-12-31,120.05,120.05,120.05,120.05,0,26925,0
FINNIFTY31DEC2424250PE.NFO,2024-12-12,11:48:00,2024-12-31,120.05,120.05,120.05,120.05,0,26925,0
FINNIFTY31DEC2424250PE.NFO,2024-12-12,11:49:00,2024-12-31,120.05,120.7,120.05,120.7,25,26975,0
FINNIFTY31DEC2424250PE.NFO,2024-12-12,11:50:00,2024-12-31,120.7,120.7,120.5,120.5,950,26975,0
FINNIFTY31DEC2424250PE.NFO,2024-12-12,11:51:00,2024-12-31,120.5,120.5,120.5,120.5,0,26975,0
FINNIFTY31DEC2424250PE.NFO,2024-12-12,11:52:00,2024-12-31,120.5,124.0,120.5,124.0,25,26975,0
FINNIFTY31DEC2424250PE.NFO,2024-12-12,11:53:00,2024-12-31,124.0,124.0,121.95,121.95,200,26275,0
FINNIFTY31DEC2424250PE.NFO,2024-12-12,11:54:00,2024-12-31,121.95,121.95,121.95,121.95,0,26275,0
FINNIFTY31DEC2424250PE.NFO,2024-12-12,11:55:00,2024-12-31,121.95,121.95,121.95,121.95,0,26275,0
FINNIFTY31DEC2424250PE.NFO,2024-12-12,11:56:00,2024-12-31,121.95,121.95,121.95,121.95,0,26275,0
FINNIFTY31DEC2424250PE.NFO,2024-12-12,11:57:00,2024-12-31,121.95,121.95,121.95,121.95,0,26275,0
FINNIFTY31DEC2424250PE.NFO,2024-12-12,11:58:00,2024-12-31,121.95,121.95,121.95,121.95,0,26275,0
FINNIFTY31DEC2424250PE.NFO,2024-12-12,11:59:00,2024-12-31,121.95,121.95,121.95,121.95,0,26275,0
FINNIFTY31DEC2424250PE.NFO,2024-12-12,12:00:00,2024-12-31,121.95,121.95,121.95,121.95,0,26275,0
FINNIFTY31DEC2424250PE.NFO,2024-12-12,12:01:00,2024-12-31,121.95,121.95,121.95,121.95,0,26275,0
FINNIFTY31DEC2424250PE.NFO,2024-12-12,12:02:00,2024-12-31,121.95,129.0,121.95,126.55,625,26275,0
FINNIFTY31DEC2424250PE.NFO,2024-12-12,12:03:00,2024-12-31,126.55,126.55,126.0,126.55,75,26275,0
FINNIFTY31DEC2424250PE.NFO,2024-12-12,12:04:00,2024-12-31,126.55,126.55,126.55,126.55,0,26275,0
FINNIFTY31DEC2424250PE.NFO,2024-12-12,12:05:00,2024-12-31,126.55,126.55,126.15,126.15,25,26075,0
FINNIFTY31DEC2424250PE.NFO,2024-12-12,12:06:00,2024-12-31,126.15,131.85,126.15,131.25,600,26075,0
FINNIFTY31DEC2424250PE.NFO,2024-12-12,12:07:00,2024-12-31,131.25,131.25,127.8,127.8,75,25500,0
FINNIFTY31DEC2424250PE.NFO,2024-12-12,12:08:00,2024-12-31,127.8,127.9,127.1,127.15,100,25500,0
FINNIFTY31DEC2424250PE.NFO,2024-12-12,12:09:00,2024-12-31,127.15,127.15,125.9,125.9,450,25500,0
FINNIFTY31DEC2424250PE.NFO,2024-12-12,12:10:00,2024-12-31,125.9,129.0,125.9,129.0,150,25150,0
FINNIFTY31DEC2424250PE.NFO,2024-12-12,12:11:00,2024-12-31,129.0,130.0,129.0,129.2,475,25150,0
FINNIFTY31DEC2424250PE.NFO,2024-12-12,12:12:00,2024-12-31,129.2,131.7,129.2,131.7,400,25150,0
FINNIFTY31DEC2424250PE.NFO,2024-12-12,12:13:00,2024-12-31,131.7,135.0,131.7,133.35,225,25125,0
FINNIFTY31DEC2424250PE.NFO,2024-12-12,12:14:00,2024-12-31,133.35,133.35,132.75,133.2,425,25125,0
FINNIFTY31DEC2424250PE.NFO,2024-12-12,12:15:00,2024-12-31,133.2,133.2,131.0,131.0,325,25125,0
FINNIFTY31DEC2424250PE.NFO,2024-12-12,12:16:00,2024-12-31,131.0,131.85,130.1,131.85,125,24775,0
FINNIFTY31DEC2424250PE.NFO,2024-12-12,12:17:00,2024-12-31,131.85,134.05,131.35,134.05,200,24775,0
FINNIFTY31DEC2424250PE.NFO,2024-12-12,12:18:00,2024-12-31,134.05,134.05,132.95,132.95,125,24775,0
FINNIFTY31DEC2424250PE.NFO,2024-12-12,12:19:00,2024-12-31,132.95,132.95,131.25,131.25,50,24725,0
FINNIFTY31DEC2424250PE.NFO,2024-12-12,12:20:00,2024-12-31,131.25,131.25,131.25,131.25,0,24725,0
FINNIFTY31DEC2424250PE.NFO,2024-12-12,12:21:00,2024-12-31,131.25,131.45,131.25,131.45,25,24725,0
FINNIFTY31DEC2424250PE.NFO,2024-12-12,12:22:00,2024-12-31,131.45,131.45,131.45,131.45,0,24725,0
FINNIFTY31DEC2424250PE.NFO,2024-12-12,12:23:00,2024-12-31,131.45,131.45,131.45,131.45,25,24700,0
FINNIFTY31DEC2424250PE.NFO,2024-12-12,12:24:00,2024-12-31,131.45,131.45,131.45,131.45,0,24700,0
FINNIFTY31DEC2424250PE.NFO,2024-12-12,12:25:00,2024-12-31,131.45,131.45,130.9,130.9,125,24700,0
FINNIFTY31DEC2424250PE.NFO,2024-12-12,12:26:00,2024-12-31,130.9,130.9,128.6,128.6,325,24700,0
FINNIFTY31DEC2424250PE.NFO,2024-12-12,12:27:00,2024-12-31,128.6,128.6,128.6,128.6,0,24700,0
FINNIFTY31DEC2424250PE.NFO,2024-12-12,12:28:00,2024-12-31,128.6,128.6,128.6,128.6,0,24700,0
FINNIFTY31DEC2424250PE.NFO,2024-12-12,12:29:00,2024-12-31,128.6,128.6,128.6,128.6,0,24700,0
FINNIFTY31DEC2424250PE.NFO,2024-12-12,12:30:00,2024-12-31,128.6,128.6,125.1,125.1,150,24500,0
FINNIFTY31DEC2424250PE.NFO,2024-12-12,12:31:00,2024-12-31,125.1,125.1,125.1,125.1,0,24500,0
FINNIFTY31DEC2424250PE.NFO,2024-12-12,12:32:00,2024-12-31,125.1,128.3,125.1,128.3,450,24450,0
FINNIFTY31DEC2424250PE.NFO,2024-12-12,12:33:00,2024-12-31,128.3,128.3,128.3,128.3,0,24450,0
FINNIFTY31DEC2424250PE.NFO,2024-12-12,12:34:00,2024-12-31,128.3,128.3,128.3,128.3,0,24450,0
FINNIFTY31DEC2424250PE.NFO,2024-12-12,12:35:00,2024-12-31,128.3,128.3,128.3,128.3,0,24450,0
FINNIFTY31DEC2424250PE.NFO,2024-12-12,12:36:00,2024-12-31,128.3,128.3,128.3,128.3,25,24725,0
FINNIFTY31DEC2424250PE.NFO,2024-12-12,12:37:00,2024-12-31,128.3,128.3,128.3,128.3,0,24725,0
FINNIFTY31DEC2424250PE.NFO,2024-12-12,12:38:00,2024-12-31,128.3,128.3,128.3,128.3,0,24725,0
FINNIFTY31DEC2424250PE.NFO,2024-12-12,12:39:00,2024-12-31,128.3,128.3,127.25,127.25,150,24725,0
FINNIFTY31DEC2424250PE.NFO,2024-12-12,12:40:00,2024-12-31,127.25,129.6,127.25,129.6,25,24725,0
FINNIFTY31DEC2424250PE.NFO,2024-12-12,12:41:00,2024-12-31,129.6,129.85,129.6,129.85,25,24725,0
FINNIFTY31DEC2424250PE.NFO,2024-12-12,12:42:00,2024-12-31,129.85,129.85,129.85,129.85,0,24725,0
FINNIFTY31DEC2424250PE.NFO,2024-12-12,12:43:00,2024-12-31,129.85,129.85,129.85,129.85,25,24725,0
FINNIFTY31DEC2424250PE.NFO,2024-12-12,12:44:00,2024-12-31,129.85,129.85,128.7,128.7,175,24725,0
FINNIFTY31DEC2424250PE.NFO,2024-12-12,12:45:00,2024-12-31,128.7,128.7,128.7,128.7,0,24725,0
FINNIFTY31DEC2424250PE.NFO,2024-12-12,12:46:00,2024-12-31,128.7,128.7,128.7,128.7,0,24725,0
FINNIFTY31DEC2424250PE.NFO,2024-12-12,12:47:00,2024-12-31,128.7,128.7,128.7,128.7,0,24725,0
FINNIFTY31DEC2424250PE.NFO,2024-12-12,12:48:00,2024-12-31,128.7,134.1,128.7,134.1,225,24775,0
FINNIFTY31DEC2424250PE.NFO,2024-12-12,12:49:00,2024-12-31,134.1,134.1,134.1,134.1,0,24775,0
FINNIFTY31DEC2424250PE.NFO,2024-12-12,12:50:00,2024-12-31,134.1,134.1,134.1,134.1,0,24775,0
FINNIFTY31DEC2424250PE.NFO,2024-12-12,12:51:00,2024-12-31,134.1,134.1,134.1,134.1,0,24775,0
FINNIFTY31DEC2424250PE.NFO,2024-12-12,12:52:00,2024-12-31,134.1,134.1,134.1,134.1,0,24775,0
FINNIFTY31DEC2424250PE.NFO,2024-12-12,12:53:00,2024-12-31,134.1,134.1,127.65,127.65,50,24675,0
FINNIFTY31DEC2424250PE.NFO,2024-12-12,12:54:00,2024-12-31,127.65,127.65,127.65,127.65,0,24675,0
FINNIFTY31DEC2424250PE.NFO,2024-12-12,12:55:00,2024-12-31,127.65,127.65,127.65,127.65,0,24675,0
FINNIFTY31DEC2424250PE.NFO,2024-12-12,12:56:00,2024-12-31,127.65,127.65,127.65,127.65,0,24675,0
FINNIFTY31DEC2424250PE.NFO,2024-12-12,12:57:00,2024-12-31,127.65,127.65,127.65,127.65,0,24675,0
FINNIFTY31DEC2424250PE.NFO,2024-12-12,12:58:00,2024-12-31,127.65,128.2,127.65,128.2,75,24725,0
FINNIFTY31DEC2424250PE.NFO,2024-12-12,12:59:00,2024-12-31,128.2,128.2,128.2,128.2,0,24725,0
FINNIFTY31DEC2424250PE.NFO,2024-12-12,13:00:00,2024-12-31,128.2,128.2,128.2,128.2,0,24725,0
FINNIFTY31DEC2424250PE.NFO,2024-12-12,13:01:00,2024-12-31,128.2,128.2,128.2,128.2,0,24725,0
FINNIFTY31DEC2424250PE.NFO,2024-12-12,13:02:00,2024-12-31,128.2,128.2,128.2,128.2,0,24725,0
FINNIFTY31DEC2424250PE.NFO,2024-12-12,13:03:00,2024-12-31,128.2,128.2,128.2,128.2,0,24725,0
FINNIFTY31DEC2424250PE.NFO,2024-12-12,13:04:00,2024-12-31,128.2,128.2,128.2,128.2,0,24725,0
FINNIFTY31DEC2424250PE.NFO,2024-12-12,13:05:00,2024-12-31,128.2,128.2,128.2,128.2,0,24725,0
FINNIFTY31DEC2424250PE.NFO,2024-12-12,13:06:00,2024-12-31,128.2,128.2,128.1,128.1,100,24725,0
FINNIFTY31DEC2424250PE.NFO,2024-12-12,13:07:00,2024-12-31,128.1,128.1,127.65,127.65,75,24725,0
FINNIFTY31DEC2424250PE.NFO,2024-12-12,13:08:00,2024-12-31,127.65,127.65,127.65,127.65,0,24725,0
FINNIFTY31DEC2424250PE.NFO,2024-12-12,13:09:00,2024-12-31,127.65,129.1,127.65,129.1,325,24725,0
FINNIFTY31DEC2424250PE.NFO,2024-12-12,13:10:00,2024-12-31,129.1,129.1,129.1,129.1,0,24725,0
FINNIFTY31DEC2424250PE.NFO,2024-12-12,13:11:00,2024-12-31,129.1,132.3,129.1,132.3,25,24725,0
FINNIFTY31DEC2424250PE.NFO,2024-12-12,13:12:00,2024-12-31,132.3,132.3,132.3,132.3,0,24725,0
FINNIFTY31DEC2424250PE.NFO,2024-12-12,13:13:00,2024-12-31,132.3,132.3,131.3,131.3,375,24725,0
FINNIFTY31DEC2424250PE.NFO,2024-12-12,13:14:00,2024-12-31,131.3,133.2,131.3,133.2,50,24725,0
FINNIFTY31DEC2424250PE.NFO,2024-12-12,13:15:00,2024-12-31,133.2,134.1,132.5,132.5,100,24725,0
FINNIFTY31DEC2424250PE.NFO,2024-12-12,13:16:00,2024-12-31,132.5,140.2,132.5,140.2,700,24725,0
FINNIFTY31DEC2424250PE.NFO,2024-12-12,13:17:00,2024-12-31,140.2,140.2,137.1,137.1,300,24725,0
FINNIFTY31DEC2424250PE.NFO,2024-12-12,13:18:00,2024-12-31,137.1,137.1,135.85,135.85,25,24725,0
FINNIFTY31DEC2424250PE.NFO,2024-12-12,13:19:00,2024-12-31,135.85,135.85,135.85,135.85,0,24725,0
FINNIFTY31DEC2424250PE.NFO,2024-12-12,13:20:00,2024-12-31,135.85,135.85,135.85,135.85,0,24725,0
FINNIFTY31DEC2424250PE.NFO,2024-12-12,13:21:00,2024-12-31,135.85,135.85,135.85,135.85,0,24725,0
FINNIFTY31DEC2424250PE.NFO,2024-12-12,13:22:00,2024-12-31,135.85,135.85,135.85,135.85,0,24725,0
FINNIFTY31DEC2424250PE.NFO,2024-12-12,13:23:00,2024-12-31,135.85,135.85,135.85,135.85,0,24725,0
FINNIFTY31DEC2424250PE.NFO,2024-12-12,13:24:00,2024-12-31,135.85,135.85,133.05,133.05,125,24700,0
FINNIFTY31DEC2424250PE.NFO,2024-12-12,13:25:00,2024-12-31,133.05,133.05,133.05,133.05,0,24700,0
FINNIFTY31DEC2424250PE.NFO,2024-12-12,13:26:00,2024-12-31,133.05,135.55,133.05,135.55,250,24700,0
FINNIFTY31DEC2424250PE.NFO,2024-12-12,13:27:00,2024-12-31,135.55,135.55,135.55,135.55,0,24700,0
FINNIFTY31DEC2424250PE.NFO,2024-12-12,13:28:00,2024-12-31,135.55,135.55,135.55,135.55,0,24700,0
FINNIFTY31DEC2424250PE.NFO,2024-12-12,13:29:00,2024-12-31,135.55,135.55,131.7,131.7,125,24775,0
FINNIFTY31DEC2424250PE.NFO,2024-12-12,13:30:00,2024-12-31,131.7,131.7,131.7,131.7,0,24775,0
FINNIFTY31DEC2424250PE.NFO,2024-12-12,13:31:00,2024-12-31,131.7,131.7,131.7,131.7,0,24775,0
FINNIFTY31DEC2424250PE.NFO,2024-12-12,13:32:00,2024-12-31,131.7,131.7,131.7,131.7,0,24775,0
FINNIFTY31DEC2424250PE.NFO,2024-12-12,13:33:00,2024-12-31,131.7,131.7,130.05,130.05,100,24825,0
FINNIFTY31DEC2424250PE.NFO,2024-12-12,13:34:00,2024-12-31,130.05,130.05,130.05,130.05,0,24825,0
FINNIFTY31DEC2424250PE.NFO,2024-12-12,13:35:00,2024-12-31,130.05,130.05,130.05,130.05,0,24825,0
FINNIFTY31DEC2424250PE.NFO,2024-12-12,13:36:00,2024-12-31,130.05,131.2,130.05,131.2,175,24775,0
FINNIFTY31DEC2424250PE.NFO,2024-12-12,13:37:00,2024-12-31,131.2,131.2,129.1,129.1,25,24800,0
FINNIFTY31DEC2424250PE.NFO,2024-12-12,13:38:00,2024-12-31,129.1,129.1,129.1,129.1,125,24800,0
FINNIFTY31DEC2424250PE.NFO,2024-12-12,13:39:00,2024-12-31,129.1,129.1,129.1,129.1,25,24800,0
FINNIFTY31DEC2424250PE.NFO,2024-12-12,13:40:00,2024-12-31,129.1,129.1,129.1,129.1,0,24800,0
FINNIFTY31DEC2424250PE.NFO,2024-12-12,13:41:00,2024-12-31,129.1,129.2,129.1,129.2,25,24925,0
FINNIFTY31DEC2424250PE.NFO,2024-12-12,13:42:00,2024-12-31,129.3,129.3,128.5,128.5,225,24925,0
FINNIFTY31DEC2424250PE.NFO,2024-12-12,13:43:00,2024-12-31,128.5,128.5,128.5,128.5,0,24925,0
FINNIFTY31DEC2424250PE.NFO,2024-12-12,13:44:00,2024-12-31,128.5,128.5,128.2,128.2,125,24950,0
FINNIFTY31DEC2424250PE.NFO,2024-12-12,13:45:00,2024-12-31,128.2,128.2,128.2,128.2,0,24950,0
FINNIFTY31DEC2424250PE.NFO,2024-12-12,13:46:00,2024-12-31,128.2,128.2,128.2,128.2,0,24950,0
FINNIFTY31DEC2424250PE.NFO,2024-12-12,13:47:00,2024-12-31,128.2,132.45,128.2,132.45,225,24875,0
FINNIFTY31DEC2424250PE.NFO,2024-12-12,13:48:00,2024-12-31,132.45,132.45,132.45,132.45,0,24875,0
FINNIFTY31DEC2424250PE.NFO,2024-12-12,13:49:00,2024-12-31,132.45,132.45,132.45,132.45,0,24875,0
FINNIFTY31DEC2424250PE.NFO,2024-12-12,13:50:00,2024-12-31,132.45,132.45,132.45,132.45,0,24875,0
FINNIFTY31DEC2424250PE.NFO,2024-12-12,13:51:00,2024-12-31,132.45,141.05,132.45,141.05,3150,24975,0
FINNIFTY31DEC2424250PE.NFO,2024-12-12,13:52:00,2024-12-31,143.0,143.5,137.8,140.0,475,23925,0
FINNIFTY31DEC2424250PE.NFO,2024-12-12,13:53:00,2024-12-31,140.0,140.0,137.25,137.25,50,23925,0
FINNIFTY31DEC2424250PE.NFO,2024-12-12,13:54:00,2024-12-31,137.25,137.25,135.95,135.95,25,23925,0
FINNIFTY31DEC2424250PE.NFO,2024-12-12,13:55:00,2024-12-31,135.95,135.95,135.95,135.95,0,23925,0
FINNIFTY31DEC2424250PE.NFO,2024-12-12,13:56:00,2024-12-31,135.95,135.95,135.95,135.95,0,23925,0
FINNIFTY31DEC2424250PE.NFO,2024-12-12,13:57:00,2024-12-31,135.95,135.95,135.95,135.95,0,23925,0
FINNIFTY31DEC2424250PE.NFO,2024-12-12,13:58:00,2024-12-31,135.95,138.4,135.95,138.0,100,23850,0
FINNIFTY31DEC2424250PE.NFO,2024-12-12,13:59:00,2024-12-31,138.0,140.95,138.0,140.85,750,23875,0
FINNIFTY31DEC2424250PE.NFO,2024-12-12,14:00:00,2024-12-31,140.85,140.85,140.85,140.85,0,23875,0
FINNIFTY31DEC2424250PE.NFO,2024-12-12,14:01:00,2024-12-31,140.85,140.85,140.0,140.0,100,23875,0
FINNIFTY31DEC2424250PE.NFO,2024-12-12,14:02:00,2024-12-31,140.0,140.0,139.05,139.05,50,23775,0
FINNIFTY31DEC2424250PE.NFO,2024-12-12,14:03:00,2024-12-31,139.05,139.05,139.05,139.05,0,23775,0
FINNIFTY31DEC2424250PE.NFO,2024-12-12,14:04:00,2024-12-31,139.05,139.05,136.2,137.2,50,23775,0
FINNIFTY31DEC2424250PE.NFO,2024-12-12,14:05:00,2024-12-31,137.2,137.2,136.05,136.05,100,23700,0
FINNIFTY31DEC2424250PE.NFO,2024-12-12,14:06:00,2024-12-31,136.05,136.05,136.05,136.05,0,23700,0
FINNIFTY31DEC2424250PE.NFO,2024-12-12,14:07:00,2024-12-31,136.05,136.05,136.05,136.05,0,23700,0
FINNIFTY31DEC2424250PE.NFO,2024-12-12,14:08:00,2024-12-31,136.05,136.05,132.15,133.45,225,23600,0
FINNIFTY31DEC2424250PE.NFO,2024-12-12,14:09:00,2024-12-31,133.45,133.45,133.45,133.45,0,23600,0
FINNIFTY31DEC2424250PE.NFO,2024-12-12,14:10:00,2024-12-31,133.45,133.45,133.45,133.45,0,23600,0
FINNIFTY31DEC2424250PE.NFO,2024-12-12,14:11:00,2024-12-31,133.45,133.45,133.45,133.45,0,23600,0
FINNIFTY31DEC2424250PE.NFO,2024-12-12,14:12:00,2024-12-31,133.45,133.45,133.45,133.45,0,23600,0
FINNIFTY31DEC2424250PE.NFO,2024-12-12,14:13:00,2024-12-31,133.45,133.55,133.45,133.55,25,23675,0
FINNIFTY31DEC2424250PE.NFO,2024-12-12,14:14:00,2024-12-31,133.55,133.55,133.55,133.55,0,23675,0
FINNIFTY31DEC2424250PE.NFO,2024-12-12,14:15:00,2024-12-31,133.55,133.55,131.55,131.55,25,23650,0
FINNIFTY31DEC2424250PE.NFO,2024-12-12,14:16:00,2024-12-31,131.55,131.55,131.55,131.55,0,23650,0
FINNIFTY31DEC2424250PE.NFO,2024-12-12,14:17:00,2024-12-31,131.55,131.55,129.8,129.8,25,23675,0
FINNIFTY31DEC2424250PE.NFO,2024-12-12,14:18:00,2024-12-31,129.8,129.8,129.8,129.8,25,23675,0
FINNIFTY31DEC2424250PE.NFO,2024-12-12,14:19:00,2024-12-31,129.8,129.8,129.55,129.55,75,23650,0
FINNIFTY31DEC2424250PE.NFO,2024-12-12,14:20:00,2024-12-31,129.55,129.55,129.1,129.2,100,23650,0
FINNIFTY31DEC2424250PE.NFO,2024-12-12,14:21:00,2024-12-31,129.2,129.5,128.95,129.5,0,23650,0
FINNIFTY31DEC2424250PE.NFO,2024-12-12,14:22:00,2024-12-31,129.5,129.5,129.5,129.5,0,23650,0
FINNIFTY31DEC2424250PE.NFO,2024-12-12,14:23:00,2024-12-31,129.5,129.5,129.5,129.5,0,23650,0
FINNIFTY31DEC2424250PE.NFO,2024-12-12,14:24:00,2024-12-31,129.5,129.5,129.5,129.5,0,23650,0
FINNIFTY31DEC2424250PE.NFO,2024-12-12,14:25:00,2024-12-31,129.5,129.5,129.5,129.5,0,23650,0
FINNIFTY31DEC2424250PE.NFO,2024-12-12,14:26:00,2024-12-31,129.5,129.5,129.5,129.5,0,23650,0
FINNIFTY31DEC2424250PE.NFO,2024-12-12,14:27:00,2024-12-31,129.5,129.5,129.5,129.5,0,23650,0
FINNIFTY31DEC2424250PE.NFO,2024-12-12,14:28:00,2024-12-31,129.5,129.5,129.5,129.5,0,23650,0
FINNIFTY31DEC2424250PE.NFO,2024-12-12,14:29:00,2024-12-31,129.5,129.5,129.5,129.5,0,23650,0
FINNIFTY31DEC2424250PE.NFO,2024-12-12,14:30:00,2024-12-31,129.5,130.0,129.5,130.0,25,23875,0
FINNIFTY31DEC2424250PE.NFO,2024-12-12,14:31:00,2024-12-31,130.0,130.0,129.45,129.45,25,23875,0
FINNIFTY31DEC2424250PE.NFO,2024-12-12,14:32:00,2024-12-31,129.45,129.45,129.45,129.45,0,23875,0
FINNIFTY31DEC2424250PE.NFO,2024-12-12,14:33:00,2024-12-31,129.45,129.45,129.45,129.45,0,23875,0
FINNIFTY31DEC2424250PE.NFO,2024-12-12,14:34:00,2024-12-31,129.45,129.45,129.45,129.45,0,23875,0
FINNIFTY31DEC2424250PE.NFO,2024-12-12,14:35:00,2024-12-31,129.45,131.45,129.45,131.45,250,23850,0
FINNIFTY31DEC2424250PE.NFO,2024-12-12,14:36:00,2024-12-31,131.45,131.45,131.45,131.45,0,23850,0
FINNIFTY31DEC2424250PE.NFO,2024-12-12,14:37:00,2024-12-31,131.45,131.45,131.45,131.45,0,23850,0
FINNIFTY31DEC2424250PE.NFO,2024-12-12,14:38:00,2024-12-31,131.45,131.45,131.45,131.45,0,23850,0
FINNIFTY31DEC2424250PE.NFO,2024-12-12,14:39:00,2024-12-31,131.45,131.45,131.45,131.45,0,23850,0
FINNIFTY31DEC2424250PE.NFO,2024-12-12,14:40:00,2024-12-31,131.45,131.45,128.85,128.85,50,23850,0
FINNIFTY31DEC2424250PE.NFO,2024-12-12,14:41:00,2024-12-31,128.85,129.9,128.85,129.9,250,23850,0
FINNIFTY31DEC2424250PE.NFO,2024-12-12,14:42:00,2024-12-31,129.9,129.9,129.9,129.9,25,23850,0
FINNIFTY31DEC2424250PE.NFO,2024-12-12,14:43:00,2024-12-31,129.9,129.9,129.9,129.9,0,23850,0
FINNIFTY31DEC2424250PE.NFO,2024-12-12,14:44:00,2024-12-31,129.9,131.6,129.9,131.25,75,23775,0
FINNIFTY31DEC2424250PE.NFO,2024-12-12,14:45:00,2024-12-31,131.25,131.25,128.75,128.75,25,23775,0
FINNIFTY31DEC2424250PE.NFO,2024-12-12,14:46:00,2024-12-31,128.75,130.85,128.75,130.85,50,23775,0
FINNIFTY31DEC2424250PE.NFO,2024-12-12,14:47:00,2024-12-31,130.85,130.85,130.85,130.85,0,23775,0
FINNIFTY31DEC2424250PE.NFO,2024-12-12,14:48:00,2024-12-31,130.85,130.85,130.1,130.1,25,23775,0
FINNIFTY31DEC2424250PE.NFO,2024-12-12,14:49:00,2024-12-31,130.1,130.1,130.1,130.1,0,23775,0
FINNIFTY31DEC2424250PE.NFO,2024-12-12,14:50:00,2024-12-31,130.1,130.1,130.1,130.1,0,23775,0
FINNIFTY31DEC2424250PE.NFO,2024-12-12,14:51:00,2024-12-31,130.1,130.1,130.1,130.1,0,23775,0
FINNIFTY31DEC2424250PE.NFO,2024-12-12,14:52:00,2024-12-31,130.1,130.1,130.1,130.1,0,23775,0
FINNIFTY31DEC2424250PE.NFO,2024-12-12,14:53:00,2024-12-31,130.1,130.1,130.1,130.1,0,23775,0
FINNIFTY31DEC2424250PE.NFO,2024-12-12,14:54:00,2024-12-31,130.1,131.45,130.1,131.45,50,23775,0
FINNIFTY31DEC2424250PE.NFO,2024-12-12,14:55:00,2024-12-31,131.45,131.45,130.0,130.0,0,23775,0
FINNIFTY31DEC2424250PE.NFO,2024-12-12,14:56:00,2024-12-31,130.0,130.0,130.0,130.0,0,23775,0
FINNIFTY31DEC2424250PE.NFO,2024-12-12,14:57:00,2024-12-31,130.0,130.0,130.0,130.0,0,23775,0
FINNIFTY31DEC2424250PE.NFO,2024-12-12,14:58:00,2024-12-31,130.0,130.0,130.0,130.0,0,23775,0
FINNIFTY31DEC2424250PE.NFO,2024-12-12,14:59:00,2024-12-31,130.0,130.0,130.0,130.0,0,23775,0
FINNIFTY31DEC2424250PE.NFO,2024-12-12,15:00:00,2024-12-31,130.0,132.8,130.0,132.25,75,23750,0
FINNIFTY31DEC2424250PE.NFO,2024-12-12,15:01:00,2024-12-31,132.25,133.05,131.8,132.8,175,23650,0
FINNIFTY31DEC2424250PE.NFO,2024-12-12,15:02:00,2024-12-31,132.8,133.85,132.5,133.7,175,23650,0
FINNIFTY31DEC2424250PE.NFO,2024-12-12,15:03:00,2024-12-31,133.7,133.7,131.35,131.7,225,23650,0
FINNIFTY31DEC2424250PE.NFO,2024-12-12,15:04:00,2024-12-31,131.7,131.7,128.7,129.35,225,23175,0
FINNIFTY31DEC2424250PE.NFO,2024-12-12,15:05:00,2024-12-31,129.4,129.85,129.4,129.7,75,23175,0
FINNIFTY31DEC2424250PE.NFO,2024-12-12,15:06:00,2024-12-31,129.7,129.7,129.05,129.05,50,23175,0
FINNIFTY31DEC2424250PE.NFO,2024-12-12,15:07:00,2024-12-31,129.05,129.05,129.05,129.05,0,23175,0
FINNIFTY31DEC2424250PE.NFO,2024-12-12,15:08:00,2024-12-31,129.05,129.05,129.05,129.05,0,23175,0
FINNIFTY31DEC2424250PE.NFO,2024-12-12,15:09:00,2024-12-31,129.05,130.6,129.05,130.6,25,23025,0
FINNIFTY31DEC2424250PE.NFO,2024-12-12,15:10:00,2024-12-31,130.6,130.6,130.6,130.6,0,23025,0
FINNIFTY31DEC2424250PE.NFO,2024-12-12,15:11:00,2024-12-31,130.6,130.6,130.6,130.6,0,23025,0
FINNIFTY31DEC2424250PE.NFO,2024-12-12,15:12:00,2024-12-31,130.6,130.6,129.05,129.05,125,23000,0
FINNIFTY31DEC2424250PE.NFO,2024-12-12,15:13:00,2024-12-31,129.05,129.05,129.05,129.05,0,23000,0
FINNIFTY31DEC2424250PE.NFO,2024-12-12,15:14:00,2024-12-31,129.05,129.75,129.05,129.75,25,23000,0
FINNIFTY31DEC2424250PE.NFO,2024-12-12,15:15:00,2024-12-31,129.75,129.75,125.0,125.0,425,23000,0
FINNIFTY31DEC2424250PE.NFO,2024-12-12,15:16:00,2024-12-31,125.0,125.0,125.0,125.0,0,23000,0
FINNIFTY31DEC2424250PE.NFO,2024-12-12,15:17:00,2024-12-31,125.0,125.0,125.0,125.0,0,23000,0
FINNIFTY31DEC2424250PE.NFO,2024-12-12,15:18:00,2024-12-31,125.0,125.0,125.0,125.0,0,23000,0
FINNIFTY31DEC2424250PE.NFO,2024-12-12,15:19:00,2024-12-31,125.0,125.0,125.0,125.0,0,23000,0
FINNIFTY31DEC2424250PE.NFO,2024-12-12,15:20:00,2024-12-31,125.0,125.0,125.0,125.0,0,23000,0
FINNIFTY31DEC2424250PE.NFO,2024-12-12,15:21:00,2024-12-31,125.0,125.0,123.85,123.85,50,23350,0
FINNIFTY31DEC2424250PE.NFO,2024-12-12,15:22:00,2024-12-31,123.85,123.85,123.85,123.85,25,23350,0
FINNIFTY31DEC2424250PE.NFO,2024-12-12,15:23:00,2024-12-31,123.85,123.85,123.85,123.85,0,23350,0
FINNIFTY31DEC2424250PE.NFO,2024-12-12,15:24:00,2024-12-31,123.85,123.85,123.85,123.85,0,23350,0
FINNIFTY31DEC2424250PE.NFO,2024-12-12,15:25:00,2024-12-31,123.85,126.5,123.85,126.5,50,23325,0
FINNIFTY31DEC2424250PE.NFO,2024-12-12,15:26:00,2024-12-31,126.5,126.5,126.5,126.5,0,23325,0
FINNIFTY31DEC2424250PE.NFO,2024-12-12,15:27:00,2024-12-31,126.5,126.5,126.5,126.5,0,23325,0
FINNIFTY31DEC2424250PE.NFO,2024-12-12,15:28:00,2024-12-31,126.5,126.5,125.2,125.2,25,23375,0
FINNIFTY31DEC2424250PE.NFO,2024-12-12,15:29:00,2024-12-31,125.2,125.2,124.85,124.85,125,23375,0
FINNIFTY31DEC2424250PE.NFO,2024-12-12,15:30:00,2024-12-31,124.85,124.85,124.85,124.85,125,23375,1
FINNIFTY31DEC2424250PE.NFO,2024-12-13,09:15:00,2024-12-31,136.6,136.6,134.9,136.25,125,23175,0
FINNIFTY31DEC2424250PE.NFO,2024-12-13,09:16:00,2024-12-31,136.25,148.4,136.25,146.6,875,23175,0
FINNIFTY31DEC2424250PE.NFO,2024-12-13,09:17:00,2024-12-31,146.6,146.6,146.0,146.2,200,23175,0
FINNIFTY31DEC2424250PE.NFO,2024-12-13,09:18:00,2024-12-31,146.2,146.85,144.4,144.65,400,23175,0
FINNIFTY31DEC2424250PE.NFO,2024-12-13,09:19:00,2024-12-31,144.65,147.35,144.35,144.35,125,22875,0
FINNIFTY31DEC2424250PE.NFO,2024-12-13,09:20:00,2024-12-31,144.35,145.7,144.35,145.7,50,22875,0
FINNIFTY31DEC2424250PE.NFO,2024-12-13,09:21:00,2024-12-31,145.7,145.7,145.7,145.7,0,22875,0
FINNIFTY31DEC2424250PE.NFO,2024-12-13,09:22:00,2024-12-31,145.7,157.9,145.7,155.55,325,22875,0
FINNIFTY31DEC2424250PE.NFO,2024-12-13,09:23:00,2024-12-31,155.55,166.95,155.55,165.0,1350,22875,0
FINNIFTY31DEC2424250PE.NFO,2024-12-13,09:24:00,2024-12-31,165.0,169.4,164.7,168.6,800,22475,0
FINNIFTY31DEC2424250PE.NFO,2024-12-13,09:25:00,2024-12-31,168.6,173.7,167.05,173.7,2225,22475,0
FINNIFTY31DEC2424250PE.NFO,2024-12-13,09:26:00,2024-12-31,173.7,173.85,169.3,171.55,2400,22475,0
FINNIFTY31DEC2424250PE.NFO,2024-12-13,09:27:00,2024-12-31,171.55,179.9,171.55,177.1,1500,23650,0
FINNIFTY31DEC2424250PE.NFO,2024-12-13,09:28:00,2024-12-31,177.1,182.6,177.1,181.05,1100,23650,0
FINNIFTY31DEC2424250PE.NFO,2024-12-13,09:29:00,2024-12-31,181.05,181.05,175.6,175.6,600,23650,0
FINNIFTY31DEC2424250PE.NFO,2024-12-13,09:30:00,2024-12-31,175.6,184.7,175.6,181.75,2100,23750,0
FINNIFTY31DEC2424250PE.NFO,2024-12-13,09:31:00,2024-12-31,181.75,188.75,181.75,188.75,400,23750,0
FINNIFTY31DEC2424250PE.NFO,2024-12-13,09:32:00,2024-12-31,188.75,188.75,185.0,185.85,1125,23750,0
FINNIFTY31DEC2424250PE.NFO,2024-12-13,09:33:00,2024-12-31,185.85,188.6,185.0,187.8,325,23100,0
FINNIFTY31DEC2424250PE.NFO,2024-12-13,09:34:00,2024-12-31,187.8,189.8,187.8,187.8,225,23100,0
FINNIFTY31DEC2424250PE.NFO,2024-12-13,09:35:00,2024-12-31,187.8,189.85,183.8,184.4,775,23100,0
FINNIFTY31DEC2424250PE.NFO,2024-12-13,09:36:00,2024-12-31,184.4,184.4,177.4,178.75,575,22725,0
FINNIFTY31DEC2424250PE.NFO,2024-12-13,09:37:00,2024-12-31,178.75,190.65,178.75,188.8,475,22725,0
FINNIFTY31DEC2424250PE.NFO,2024-12-13,09:38:00,2024-12-31,188.8,189.55,187.4,187.4,400,22725,0
FINNIFTY31DEC2424250PE.NFO,2024-12-13,09:39:00,2024-12-31,187.4,187.4,185.2,187.25,300,22725,0
FINNIFTY31DEC2424250PE.NFO,2024-12-13,09:40:00,2024-12-31,187.25,190.25,186.3,190.25,475,23000,0
FINNIFTY31DEC2424250PE.NFO,2024-12-13,09:41:00,2024-12-31,190.25,190.25,186.6,186.6,225,23000,0
FINNIFTY31DEC2424250PE.NFO,2024-12-13,09:42:00,2024-12-31,186.6,187.1,184.85,187.1,50,22825,0
FINNIFTY31DEC2424250PE.NFO,2024-12-13,09:43:00,2024-12-31,187.1,187.1,185.0,186.7,100,22825,0
FINNIFTY31DEC2424250PE.NFO,2024-12-13,09:44:00,2024-12-31,186.7,188.5,186.7,188.5,25,22825,0
FINNIFTY31DEC2424250PE.NFO,2024-12-13,09:45:00,2024-12-31,188.5,188.65,188.5,188.65,25,22825,0
FINNIFTY31DEC2424250PE.NFO,2024-12-13,09:46:00,2024-12-31,188.65,198.45,188.65,197.65,1050,22625,0
FINNIFTY31DEC2424250PE.NFO,2024-12-13,09:47:00,2024-12-31,197.65,197.65,197.45,197.45,25,22625,0
FINNIFTY31DEC2424250PE.NFO,2024-12-13,09:48:00,2024-12-31,197.45,197.45,195.7,196.45,100,22800,0
FINNIFTY31DEC2424250PE.NFO,2024-12-13,09:49:00,2024-12-31,196.45,196.45,196.45,196.45,25,22800,0
FINNIFTY31DEC2424250PE.NFO,2024-12-13,09:50:00,2024-12-31,196.45,196.95,196.3,196.95,75,22800,0
FINNIFTY31DEC2424250PE.NFO,2024-12-13,09:51:00,2024-12-31,196.95,219.85,194.35,197.6,2775,22750,0
FINNIFTY31DEC2424250PE.NFO,2024-12-13,09:52:00,2024-12-31,198.4,198.4,187.9,188.1,175,22750,0
FINNIFTY31DEC2424250PE.NFO,2024-12-13,09:53:00,2024-12-31,188.1,190.0,188.1,188.9,500,22750,0
FINNIFTY31DEC2424250PE.NFO,2024-12-13,09:54:00,2024-12-31,188.9,188.9,188.1,188.2,75,22750,0
FINNIFTY31DEC2424250PE.NFO,2024-12-13,09:55:00,2024-12-31,188.2,189.5,184.0,187.15,825,22750,0
FINNIFTY31DEC2424250PE.NFO,2024-12-13,09:56:00,2024-12-31,187.15,187.15,183.8,184.8,325,22750,0
FINNIFTY31DEC2424250PE.NFO,2024-12-13,09:57:00,2024-12-31,184.8,185.55,184.8,185.55,250,22750,0
FINNIFTY31DEC2424250PE.NFO,2024-12-13,09:58:00,2024-12-31,185.55,185.55,180.85,182.5,375,23250,0
FINNIFTY31DEC2424250PE.NFO,2024-12-13,09:59:00,2024-12-31,182.5,186.3,181.7,186.3,275,23250,0
FINNIFTY31DEC2424250PE.NFO,2024-12-13,10:00:00,2024-12-31,186.3,190.55,186.3,190.55,75,23325,0
FINNIFTY31DEC2424250PE.NFO,2024-12-13,10:01:00,2024-12-31,190.55,190.55,189.7,189.7,100,23325,0
FINNIFTY31DEC2424250PE.NFO,2024-12-13,10:02:00,2024-12-31,189.7,189.7,187.1,187.1,150,23325,0
FINNIFTY31DEC2424250PE.NFO,2024-12-13,10:03:00,2024-12-31,187.1,187.1,179.4,179.4,125,23525,0
FINNIFTY31DEC2424250PE.NFO,2024-12-13,10:04:00,2024-12-31,179.4,179.5,177.65,177.65,300,23525,0
FINNIFTY31DEC2424250PE.NFO,2024-12-13,10:05:00,2024-12-31,177.65,181.35,177.65,181.35,125,23525,0
FINNIFTY31DEC2424250PE.NFO,2024-12-13,10:06:00,2024-12-31,181.35,181.35,179.35,179.35,75,23525,0
FINNIFTY31DEC2424250PE.NFO,2024-12-13,10:07:00,2024-12-31,179.35,179.35,178.4,178.4,50,23425,0
FINNIFTY31DEC2424250PE.NFO,2024-12-13,10:08:00,2024-12-31,178.4,186.45,178.4,186.45,25,23425,0
FINNIFTY31DEC2424250PE.NFO,2024-12-13,10:09:00,2024-12-31,186.45,197.5,186.45,197.5,1425,23400,0
FINNIFTY31DEC2424250PE.NFO,2024-12-13,10:10:00,2024-12-31,197.5,206.1,197.5,205.25,1825,23400,0
FINNIFTY31DEC2424250PE.NFO,2024-12-13,10:11:00,2024-12-31,205.25,207.25,199.35,199.35,350,23400,0
FINNIFTY31DEC2424250PE.NFO,2024-12-13,10:12:00,2024-12-31,199.35,199.35,197.3,197.85,175,23400,0
FINNIFTY31DEC2424250PE.NFO,2024-12-13,10:13:00,2024-12-31,197.85,201.55,197.85,201.55,50,23000,0
FINNIFTY31DEC2424250PE.NFO,2024-12-13,10:14:00,2024-12-31,201.55,201.55,201.55,201.55,50,23000,0
FINNIFTY31DEC2424250PE.NFO,2024-12-13,10:15:00,2024-12-31,201.55,224.4,201.15,224.15,6300,21975,0
FINNIFTY31DEC2424250PE.NFO,2024-12-13,10:16:00,2024-12-31,224.15,226.8,216.25,219.0,2300,21975,0
FINNIFTY31DEC2424250PE.NFO,2024-12-13,10:17:00,2024-12-31,219.0,219.7,219.0,219.7,75,21975,0
FINNIFTY31DEC2424250PE.NFO,2024-12-13,10:18:00,2024-12-31,214.65,219.7,214.65,219.7,375,21975,0
FINNIFTY31DEC2424250PE.NFO,2024-12-13,10:19:00,2024-12-31,219.7,220.45,215.3,220.45,150,22150,0
FINNIFTY31DEC2424250PE.NFO,2024-12-13,10:20:00,2024-12-31,220.45,226.25,220.45,226.25,250,22150,0
FINNIFTY31DEC2424250PE.NFO,2024-12-13,10:21:00,2024-12-31,226.25,233.1,226.25,233.1,175,22150,0
FINNIFTY31DEC2424250PE.NFO,2024-12-13,10:22:00,2024-12-31,233.1,240.0,233.1,236.35,325,21850,0
FINNIFTY31DEC2424250PE.NFO,2024-12-13,10:23:00,2024-12-31,236.35,236.8,233.3,234.1,275,21850,0
FINNIFTY31DEC2424250PE.NFO,2024-12-13,10:24:00,2024-12-31,234.1,238.35,234.1,235.0,150,21750,0
FINNIFTY31DEC2424250PE.NFO,2024-12-13,10:25:00,2024-12-31,235.0,239.4,235.0,239.4,150,21750,0
FINNIFTY31DEC2424250PE.NFO,2024-12-13,10:26:00,2024-12-31,239.4,239.4,234.35,234.35,150,21750,0
FINNIFTY31DEC2424250PE.NFO,2024-12-13,10:27:00,2024-12-31,234.35,236.25,234.35,234.95,225,21750,0
FINNIFTY31DEC2424250PE.NFO,2024-12-13,10:28:00,2024-12-31,234.95,241.75,234.95,240.0,300,21650,0
FINNIFTY31DEC2424250PE.NFO,2024-12-13,10:29:00,2024-12-31,240.0,240.0,235.85,238.1,75,21650,0
FINNIFTY31DEC2424250PE.NFO,2024-12-13,10:30:00,2024-12-31,238.1,249.25,238.1,249.25,1350,21650,0
FINNIFTY31DEC2424250PE.NFO,2024-12-13,10:31:00,2024-12-31,249.25,260.85,249.25,259.0,2925,21100,0
FINNIFTY31DEC2424250PE.NFO,2024-12-13,10:32:00,2024-12-31,259.0,276.6,259.0,273.35,1450,21100,0
FINNIFTY31DEC2424250PE.NFO,2024-12-13,10:33:00,2024-12-31,273.35,290.25,273.35,281.65,4800,20600,0
FINNIFTY31DEC2424250PE.NFO,2024-12-13,10:34:00,2024-12-31,281.65,282.7,271.4,282.7,625,20600,0
FINNIFTY31DEC2424250PE.NFO,2024-12-13,10:35:00,2024-12-31,282.7,288.6,274.5,277.35,2500,20600,0
FINNIFTY31DEC2424250PE.NFO,2024-12-13,10:36:00,2024-12-31,277.35,279.6,268.55,270.8,575,20600,0
FINNIFTY31DEC2424250PE.NFO,2024-12-13,10:37:00,2024-12-31,270.8,271.6,265.95,271.6,1050,20575,0
FINNIFTY31DEC2424250PE.NFO,2024-12-13,10:38:00,2024-12-31,271.6,285.65,271.6,282.7,1175,20575,0
FINNIFTY31DEC2424250PE.NFO,2024-12-13,10:39:00,2024-12-31,282.7,288.3,282.4,286.65,1075,20575,0
FINNIFTY31DEC2424250PE.NFO,2024-12-13,10:40:00,2024-12-31,286.65,294.3,285.2,293.4,950,21050,0
FINNIFTY31DEC2424250PE.NFO,2024-12-13,10:41:00,2024-12-31,293.4,296.55,284.6,284.6,1975,21050,0
FINNIFTY31DEC2424250PE.NFO,2024-12-13,10:42:00,2024-12-31,284.6,286.2,275.65,277.0,1000,21050,0
FINNIFTY31DEC2424250PE.NFO,2024-12-13,10:43:00,2024-12-31,277.0,280.0,274.7,280.0,125,21275,0
FINNIFTY31DEC2424250PE.NFO,2024-12-13,10:44:00,2024-12-31,280.0,280.0,273.0,273.0,325,21275,0
FINNIFTY31DEC2424250PE.NFO,2024-12-13,10:45:00,2024-12-31,273.0,283.65,273.0,279.9,700,21525,0
FINNIFTY31DEC2424250PE.NFO,2024-12-13,10:46:00,2024-12-31,279.9,301.75,279.9,297.6,2200,21525,0
FINNIFTY31DEC2424250PE.NFO,2024-12-13,10:47:00,2024-12-31,297.3,297.45,282.5,284.55,1825,21525,0
FINNIFTY31DEC2424250PE.NFO,2024-12-13,10:48:00,2024-12-31,284.55,297.1,284.55,293.65,1200,21525,0
FINNIFTY31DEC2424250PE.NFO,2024-12-13,10:49:00,2024-12-31,293.65,293.65,288.0,288.0,200,20625,0
FINNIFTY31DEC2424250PE.NFO,2024-12-13,10:50:00,2024-12-31,288.0,288.0,278.85,282.2,850,20625,0
FINNIFTY31DEC2424250PE.NFO,2024-12-13,10:51:00,2024-12-31,282.2,282.2,266.4,266.8,2050,20625,0
FINNIFTY31DEC2424250PE.NFO,2024-12-13,10:52:00,2024-12-31,266.8,280.25,266.8,280.25,1275,21250,0
FINNIFTY31DEC2424250PE.NFO,2024-12-13,10:53:00,2024-12-31,280.25,280.25,276.6,277.9,500,21250,0
FINNIFTY31DEC2424250PE.NFO,2024-12-13,10:54:00,2024-12-31,277.9,280.75,275.5,280.75,300,21250,0
FINNIFTY31DEC2424250PE.NFO,2024-12-13,10:55:00,2024-12-31,280.75,283.75,277.3,277.3,675,21975,0
FINNIFTY31DEC2424250PE.NFO,2024-12-13,10:56:00,2024-12-31,274.65,275.5,267.0,267.0,650,21975,0
FINNIFTY31DEC2424250PE.NFO,2024-12-13,10:57:00,2024-12-31,267.0,267.0,264.9,266.6,575,22050,0
FINNIFTY31DEC2424250PE.NFO,2024-12-13,10:58:00,2024-12-31,266.6,268.65,256.35,257.4,1400,22050,0
FINNIFTY31DEC2424250PE.NFO,2024-12-13,10:59:00,2024-12-31,257.4,258.05,253.65,255.5,475,22050,0
FINNIFTY31DEC2424250PE.NFO,2024-12-13,11:00:00,2024-12-31,255.5,265.25,255.3,256.2,875,22050,0
FINNIFTY31DEC2424250PE.NFO,2024-12-13,11:01:00,2024-12-31,256.2,258.9,251.15,254.75,425,22300,0
FINNIFTY31DEC2424250PE.NFO,2024-12-13,11:02:00,2024-12-31,254.75,254.75,250.15,252.65,600,22300,0
FINNIFTY31DEC2424250PE.NFO,2024-12-13,11:03:00,2024-12-31,252.65,252.65,249.35,249.75,150,22300,0
FINNIFTY31DEC2424250PE.NFO,2024-12-13,11:04:00,2024-12-31,249.75,254.65,249.75,254.65,100,22550,0
FINNIFTY31DEC2424250PE.NFO,2024-12-13,11:05:00,2024-12-31,254.65,256.55,254.65,256.55,225,22550,0
FINNIFTY31DEC2424250PE.NFO,2024-12-13,11:06:00,2024-12-31,256.55,262.95,256.55,262.95,475,22550,0
FINNIFTY31DEC2424250PE.NFO,2024-12-13,11:07:00,2024-12-31,262.95,263.2,260.0,260.0,225,22175,0
FINNIFTY31DEC2424250PE.NFO,2024-12-13,11:08:00,2024-12-31,260.0,260.0,255.2,255.2,425,22175,0
FINNIFTY31DEC2424250PE.NFO,2024-12-13,11:09:00,2024-12-31,255.2,257.0,251.75,251.75,300,22175,0
FINNIFTY31DEC2424250PE.NFO,2024-12-13,11:10:00,2024-12-31,251.75,251.75,248.4,248.4,225,21725,0
FINNIFTY31DEC2424250PE.NFO,2024-12-13,11:11:00,2024-12-31,248.4,252.8,248.4,252.8,25,21725,0
FINNIFTY31DEC2424250PE.NFO,2024-12-13,11:12:00,2024-12-31,252.8,254.55,227.4,231.45,2150,21825,0
FINNIFTY31DEC2424250PE.NFO,2024-12-13,11:13:00,2024-12-31,231.45,233.05,220.85,233.05,1400,21825,0
FINNIFTY31DEC2424250PE.NFO,2024-12-13,11:14:00,2024-12-31,233.05,242.35,233.05,240.8,1000,21825,0
FINNIFTY31DEC2424250PE.NFO,2024-12-13,11:15:00,2024-12-31,240.8,250.8,240.6,250.8,175,21825,0
FINNIFTY31DEC2424250PE.NFO,2024-12-13,11:16:00,2024-12-31,250.8,250.8,244.35,244.35,800,22550,0
FINNIFTY31DEC2424250PE.NFO,2024-12-13,11:17:00,2024-12-31,244.35,244.35,236.4,236.4,100,22550,0
FINNIFTY31DEC2424250PE.NFO,2024-12-13,11:18:00,2024-12-31,236.4,237.0,230.0,230.0,775,22550,0
FINNIFTY31DEC2424250PE.NFO,2024-12-13,11:19:00,2024-12-31,230.0,231.0,226.25,228.9,450,22400,0
FINNIFTY31DEC2424250PE.NFO,2024-12-13,11:20:00,2024-12-31,228.9,232.55,226.7,229.0,200,22400,0
FINNIFTY31DEC2424250PE.NFO,2024-12-13,11:21:00,2024-12-31,232.7,236.75,231.0,232.65,2100,22400,0
FINNIFTY31DEC2424250PE.NFO,2024-12-13,11:22:00,2024-12-31,232.65,236.8,228.1,228.1,425,21900,0
FINNIFTY31DEC2424250PE.NFO,2024-12-13,11:23:00,2024-12-31,228.1,228.1,228.1,228.1,0,21900,0
FINNIFTY31DEC2424250PE.NFO,2024-12-13,11:24:00,2024-12-31,228.1,235.05,228.1,235.05,400,21900,0
FINNIFTY31DEC2424250PE.NFO,2024-12-13,11:25:00,2024-12-31,235.05,237.6,223.1,227.15,450,21725,0
FINNIFTY31DEC2424250PE.NFO,2024-12-13,11:26:00,2024-12-31,227.15,228.55,226.55,228.55,75,21725,0
FINNIFTY31DEC2424250PE.NFO,2024-12-13,11:27:00,2024-12-31,228.55,230.25,228.55,230.25,150,21725,0
FINNIFTY31DEC2424250PE.NFO,2024-12-13,11:28:00,2024-12-31,230.25,230.25,225.9,225.9,25,21750,0
FINNIFTY31DEC2424250PE.NFO,2024-12-13,11:29:00,2024-12-31,231.45,237.0,231.45,236.15,550,21750,0
FINNIFTY31DEC2424250PE.NFO,2024-12-13,11:30:00,2024-12-31,236.15,238.0,234.65,236.5,450,21750,0
FINNIFTY31DEC2424250PE.NFO,2024-12-13,11:31:00,2024-12-31,236.5,236.5,230.8,231.4,725,21775,0
FINNIFTY31DEC2424250PE.NFO,2024-12-13,11:32:00,2024-12-31,231.4,231.4,225.55,225.55,100,21775,0
FINNIFTY31DEC2424250PE.NFO,2024-12-13,11:33:00,2024-12-31,225.55,227.6,223.6,227.6,775,21775,0
FINNIFTY31DEC2424250PE.NFO,2024-12-13,11:34:00,2024-12-31,227.6,227.6,219.7,220.75,150,21875,0
FINNIFTY31DEC2424250PE.NFO,2024-12-13,11:35:00,2024-12-31,220.75,220.75,212.45,219.35,750,21875,0
FINNIFTY31DEC2424250PE.NFO,2024-12-13,11:36:00,2024-12-31,219.35,219.35,215.05,215.05,50,21875,0
FINNIFTY31DEC2424250PE.NFO,2024-12-13,11:37:00,2024-12-31,215.05,223.05,215.05,223.05,100,21750,0
FINNIFTY31DEC2424250PE.NFO,2024-12-13,11:38:00,2024-12-31,223.05,227.6,223.05,226.6,100,21750,0
FINNIFTY31DEC2424250PE.NFO,2024-12-13,11:39:00,2024-12-31,226.6,226.65,223.3,225.0,375,21750,0
FINNIFTY31DEC2424250PE.NFO,2024-12-13,11:40:00,2024-12-31,225.0,228.35,223.5,223.5,50,21875,0
FINNIFTY31DEC2424250PE.NFO,2024-12-13,11:41:00,2024-12-31,223.5,223.5,223.5,223.5,0,21875,0
FINNIFTY31DEC2424250PE.NFO,2024-12-13,11:42:00,2024-12-31,223.5,228.15,219.65,219.65,125,21875,0
FINNIFTY31DEC2424250PE.NFO,2024-12-13,11:43:00,2024-12-31,219.65,219.7,213.85,213.85,425,21750,0
FINNIFTY31DEC2424250PE.NFO,2024-12-13,11:44:00,2024-12-31,213.85,213.85,213.85,213.85,0,21750,0
FINNIFTY31DEC2424250PE.NFO,2024-12-13,11:45:00,2024-12-31,213.85,216.85,213.85,216.85,350,21750,0
FINNIFTY31DEC2424250PE.NFO,2024-12-13,11:46:00,2024-12-31,216.85,218.1,214.8,214.8,275,22050,0
FINNIFTY31DEC2424250PE.NFO,2024-12-13,11:47:00,2024-12-31,214.8,214.8,209.7,209.9,350,22050,0
FINNIFTY31DEC2424250PE.NFO,2024-12-13,11:48:00,2024-12-31,209.9,209.9,209.9,209.9,0,22050,0
FINNIFTY31DEC2424250PE.NFO,2024-12-13,11:49:00,2024-12-31,209.9,213.1,209.9,213.1,100,21850,0
FINNIFTY31DEC2424250PE.NFO,2024-12-13,11:50:00,2024-12-31,213.1,213.1,207.3,207.3,50,21850,0
FINNIFTY31DEC2424250PE.NFO,2024-12-13,11:51:00,2024-12-31,207.3,207.3,200.0,200.9,125,21850,0
FINNIFTY31DEC2424250PE.NFO,2024-12-13,11:52:00,2024-12-31,200.9,200.9,198.9,200.05,475,21775,0
FINNIFTY31DEC2424250PE.NFO,2024-12-13,11:53:00,2024-12-31,200.05,202.2,198.8,202.2,675,21775,0
FINNIFTY31DEC2424250PE.NFO,2024-12-13,11:54:00,2024-12-31,202.2,202.9,202.2,202.9,200,21775,0
FINNIFTY31DEC2424250PE.NFO,2024-12-13,11:55:00,2024-12-31,202.9,202.9,188.1,188.1,1600,21450,0
FINNIFTY31DEC2424250PE.NFO,2024-12-13,11:56:00,2024-12-31,188.1,188.1,178.75,183.9,950,21450,0
FINNIFTY31DEC2424250PE.NFO,2024-12-13,11:57:00,2024-12-31,185.4,187.0,182.4,184.25,1100,21450,0
FINNIFTY31DEC2424250PE.NFO,2024-12-13,11:58:00,2024-12-31,184.25,184.25,164.25,164.25,500,21150,0
FINNIFTY31DEC2424250PE.NFO,2024-12-13,11:59:00,2024-12-31,164.25,164.9,153.55,156.65,1600,21150,0
FINNIFTY31DEC2424250PE.NFO,2024-12-13,12:00:00,2024-12-31,156.65,156.65,144.35,150.05,2150,21150,0
FINNIFTY31DEC2424250PE.NFO,2024-12-13,12:01:00,2024-12-31,150.05,150.05,150.05,150.05,0,21150,0
FINNIFTY31DEC2424250PE.NFO,2024-12-13,12:02:00,2024-12-31,150.05,164.95,150.05,164.0,1000,22400,0
FINNIFTY31DEC2424250PE.NFO,2024-12-13,12:03:00,2024-12-31,164.0,167.2,160.0,163.25,750,22400,0
FINNIFTY31DEC2424250PE.NFO,2024-12-13,12:04:00,2024-12-31,163.25,163.25,159.15,159.15,50,22125,0
FINNIFTY31DEC2424250PE.NFO,2024-12-13,12:05:00,2024-12-31,159.15,166.15,159.15,165.6,100,22125,0
FINNIFTY31DEC2424250PE.NFO,2024-12-13,12:06:00,2024-12-31,165.6,168.8,163.85,163.85,1425,22125,0
FINNIFTY31DEC2424250PE.NFO,2024-12-13,12:07:00,2024-12-31,163.85,163.85,163.85,163.85,0,22125,0
FINNIFTY31DEC2424250PE.NFO,2024-12-13,12:08:00,2024-12-31,163.85,165.45,163.85,165.45,50,21775,0
FINNIFTY31DEC2424250PE.NFO,2024-12-13,12:09:00,2024-12-31,165.45,165.45,163.25,163.5,100,21775,0
FINNIFTY31DEC2424250PE.NFO,2024-12-13,12:10:00,2024-12-31,163.5,163.5,159.9,163.5,150,21825,0
FINNIFTY31DEC2424250PE.NFO,2024-12-13,12:11:00,2024-12-31,163.5,166.3,163.5,165.65,375,21825,0
FINNIFTY31DEC2424250PE.NFO,2024-12-13,12:12:00,2024-12-31,165.65,165.65,165.65,165.65,0,21825,0
FINNIFTY31DEC2424250PE.NFO,2024-12-13,12:13:00,2024-12-31,165.65,166.85,161.35,161.35,100,21275,0
FINNIFTY31DEC2424250PE.NFO,2024-12-13,12:14:00,2024-12-31,161.35,161.35,155.6,156.05,225,21275,0
FINNIFTY31DEC2424250PE.NFO,2024-12-13,12:15:00,2024-12-31,156.05,158.15,155.65,155.65,50,21275,0
FINNIFTY31DEC2424250PE.NFO,2024-12-13,12:16:00,2024-12-31,155.65,158.75,155.65,158.75,25,21150,0
FINNIFTY31DEC2424250PE.NFO,2024-12-13,12:17:00,2024-12-31,158.75,158.75,158.75,158.75,0,21150,0
FINNIFTY31DEC2424250PE.NFO,2024-12-13,12:18:00,2024-12-31,158.75,158.75,150.1,150.1,150,21150,0
FINNIFTY31DEC2424250PE.NFO,2024-12-13,12:19:00,2024-12-31,150.1,151.95,150.1,151.95,25,21125,0
FINNIFTY31DEC2424250PE.NFO,2024-12-13,12:20:00,2024-12-31,151.95,151.95,148.55,151.2,400,21125,0
FINNIFTY31DEC2424250PE.NFO,2024-12-13,12:21:00,2024-12-31,150.85,155.85,150.65,155.85,475,21125,0
FINNIFTY31DEC2424250PE.NFO,2024-12-13,12:22:00,2024-12-31,155.85,156.0,155.85,156.0,100,21000,0
FINNIFTY31DEC2424250PE.NFO,2024-12-13,12:23:00,2024-12-31,156.0,156.0,153.2,153.2,25,21000,0
FINNIFTY31DEC2424250PE.NFO,2024-12-13,12:24:00,2024-12-31,153.2,155.2,153.2,153.2,75,21000,0
FINNIFTY31DEC2424250PE.NFO,2024-12-13,12:25:00,2024-12-31,153.2,154.85,153.2,154.85,25,21075,0
FINNIFTY31DEC2424250PE.NFO,2024-12-13,12:26:00,2024-12-31,154.85,154.85,142.45,142.45,250,21075,0
FINNIFTY31DEC2424250PE.NFO,2024-12-13,12:27:00,2024-12-31,142.45,142.45,141.15,141.15,25,21075,0
FINNIFTY31DEC2424250PE.NFO,2024-12-13,12:28:00,2024-12-31,141.15,147.0,141.15,147.0,25,20950,0
FINNIFTY31DEC2424250PE.NFO,2024-12-13,12:29:00,2024-12-31,147.0,152.5,147.0,149.15,125,20950,0
FINNIFTY31DEC2424250PE.NFO,2024-12-13,12:30:00,2024-12-31,149.15,149.15,149.15,149.15,0,20950,0
FINNIFTY31DEC2424250PE.NFO,2024-12-13,12:31:00,2024-12-31,149.15,153.7,149.15,153.1,750,20675,0
FINNIFTY31DEC2424250PE.NFO,2024-12-13,12:32:00,2024-12-31,153.1,155.8,152.8,155.8,125,20675,0
FINNIFTY31DEC2424250PE.NFO,2024-12-13,12:33:00,2024-12-31,155.8,162.95,155.8,160.25,575,20675,0
FINNIFTY31DEC2424250PE.NFO,2024-12-13,12:34:00,2024-12-31,160.25,160.25,160.0,160.0,50,20600,0
FINNIFTY31DEC2424250PE.NFO,2024-12-13,12:35:00,2024-12-31,160.0,160.0,160.0,160.0,0,20600,0
FINNIFTY31DEC2424250PE.NFO,2024-12-13,12:36:00,2024-12-31,160.0,163.9,160.0,163.9,25,20600,0
FINNIFTY31DEC2424250PE.NFO,2024-12-13,12:37:00,2024-12-31,163.9,165.05,163.8,165.05,50,20600,0
FINNIFTY31DEC2424250PE.NFO,2024-12-13,12:38:00,2024-12-31,165.05,165.05,157.8,159.75,75,20600,0
FINNIFTY31DEC2424250PE.NFO,2024-12-13,12:39:00,2024-12-31,159.75,159.75,157.75,157.75,25,20600,0
FINNIFTY31DEC2424250PE.NFO,2024-12-13,12:40:00,2024-12-31,157.75,158.85,157.75,158.85,25,20625,0
FINNIFTY31DEC2424250PE.NFO,2024-12-13,12:41:00,2024-12-31,158.85,162.7,158.85,159.9,200,20625,0
FINNIFTY31DEC2424250PE.NFO,2024-12-13,12:42:00,2024-12-31,159.9,159.9,159.9,159.9,0,20625,0
FINNIFTY31DEC2424250PE.NFO,2024-12-13,12:43:00,2024-12-31,159.9,160.35,157.45,157.45,50,20525,0
FINNIFTY31DEC2424250PE.NFO,2024-12-13,12:44:00,2024-12-31,157.45,157.45,157.45,157.45,0,20525,0
FINNIFTY31DEC2424250PE.NFO,2024-12-13,12:45:00,2024-12-31,157.45,169.5,157.45,168.0,1050,20525,0
FINNIFTY31DEC2424250PE.NFO,2024-12-13,12:46:00,2024-12-31,168.0,168.0,162.0,162.0,75,20500,0
FINNIFTY31DEC2424250PE.NFO,2024-12-13,12:47:00,2024-12-31,162.0,162.0,160.0,160.0,25,20500,0
FINNIFTY31DEC2424250PE.NFO,2024-12-13,12:48:00,2024-12-31,160.0,160.0,160.0,160.0,0,20500,0
FINNIFTY31DEC2424250PE.NFO,2024-12-13,12:49:00,2024-12-31,160.0,160.0,152.6,153.55,325,20575,0
FINNIFTY31DEC2424250PE.NFO,2024-12-13,12:50:00,2024-12-31,153.55,153.55,153.55,153.55,0,20575,0
FINNIFTY31DEC2424250PE.NFO,2024-12-13,12:51:00,2024-12-31,153.55,153.55,153.55,153.55,0,20575,0
FINNIFTY31DEC2424250PE.NFO,2024-12-13,12:52:00,2024-12-31,153.55,153.55,153.55,153.55,0,20575,0
FINNIFTY31DEC2424250PE.NFO,2024-12-13,12:53:00,2024-12-31,153.55,153.55,150.4,150.4,125,20250,0
FINNIFTY31DEC2424250PE.NFO,2024-12-13,12:54:00,2024-12-31,150.4,151.95,150.4,151.2,250,20250,0
FINNIFTY31DEC2424250PE.NFO,2024-12-13,12:55:00,2024-12-31,151.2,151.2,149.5,150.35,125,20300,0
FINNIFTY31DEC2424250PE.NFO,2024-12-13,12:56:00,2024-12-31,150.35,152.3,150.35,152.3,25,20300,0
FINNIFTY31DEC2424250PE.NFO,2024-12-13,12:57:00,2024-12-31,152.3,152.3,148.4,148.4,50,20300,0
FINNIFTY31DEC2424250PE.NFO,2024-12-13,12:58:00,2024-12-31,148.4,149.1,147.7,147.7,400,20075,0
FINNIFTY31DEC2424250PE.NFO,2024-12-13,12:59:00,2024-12-31,147.7,147.7,136.05,136.05,500,20075,0
FINNIFTY31DEC2424250PE.NFO,2024-12-13,13:00:00,2024-12-31,134.65,134.65,127.75,129.0,750,20075,0
FINNIFTY31DEC2424250PE.NFO,2024-12-13,13:01:00,2024-12-31,129.0,131.35,126.25,131.15,400,19900,0
FINNIFTY31DEC2424250PE.NFO,2024-12-13,13:02:00,2024-12-31,131.15,131.95,131.15,131.95,25,19900,0
FINNIFTY31DEC2424250PE.NFO,2024-12-13,13:03:00,2024-12-31,131.95,135.0,131.95,135.0,150,19900,0
FINNIFTY31DEC2424250PE.NFO,2024-12-13,13:04:00,2024-12-31,135.0,135.0,135.0,135.0,0,19900,0
FINNIFTY31DEC2424250PE.NFO,2024-12-13,13:05:00,2024-12-31,135.0,135.0,135.0,135.0,0,19900,0
FINNIFTY31DEC2424250PE.NFO,2024-12-13,13:06:00,2024-12-31,135.0,136.3,134.2,136.3,1225,20150,0
FINNIFTY31DEC2424250PE.NFO,2024-12-13,13:07:00,2024-12-31,136.3,138.75,133.7,136.85,800,20025,0
FINNIFTY31DEC2424250PE.NFO,2024-12-13,13:08:00,2024-12-31,136.85,136.85,133.9,133.9,25,20025,0
FINNIFTY31DEC2424250PE.NFO,2024-12-13,13:09:00,2024-12-31,133.9,136.65,133.9,135.6,525,20025,0
FINNIFTY31DEC2424250PE.NFO,2024-12-13,13:10:00,2024-12-31,135.6,135.6,133.4,133.4,150,19725,0
FINNIFTY31DEC2424250PE.NFO,2024-12-13,13:11:00,2024-12-31,133.4,138.9,133.4,137.75,375,19725,0
FINNIFTY31DEC2424250PE.NFO,2024-12-13,13:12:00,2024-12-31,137.75,139.95,137.75,139.95,100,19725,0
FINNIFTY31DEC2424250PE.NFO,2024-12-13,13:13:00,2024-12-31,139.95,139.95,138.4,139.7,175,19400,0
FINNIFTY31DEC2424250PE.NFO,2024-12-13,13:14:00,2024-12-31,139.7,139.7,139.7,139.7,0,19400,0
FINNIFTY31DEC2424250PE.NFO,2024-12-13,13:15:00,2024-12-31,139.7,139.7,135.55,135.55,50,19400,0
FINNIFTY31DEC2424250PE.NFO,2024-12-13,13:16:00,2024-12-31,135.55,137.9,135.55,137.9,25,19075,0
FINNIFTY31DEC2424250PE.NFO,2024-12-13,13:17:00,2024-12-31,137.9,142.0,137.9,141.7,1025,19075,0
FINNIFTY31DEC2424250PE.NFO,2024-12-13,13:18:00,2024-12-31,141.7,141.7,141.7,141.7,0,19075,0
FINNIFTY31DEC2424250PE.NFO,2024-12-13,13:19:00,2024-12-31,141.7,141.7,141.7,141.7,0,19075,0
FINNIFTY31DEC2424250PE.NFO,2024-12-13,13:20:00,2024-12-31,141.7,146.4,141.7,146.0,325,18775,0
FINNIFTY31DEC2424250PE.NFO,2024-12-13,13:21:00,2024-12-31,146.0,154.7,146.0,151.15,300,18775,0
FINNIFTY31DEC2424250PE.NFO,2024-12-13,13:22:00,2024-12-31,151.15,151.15,144.85,144.85,100,18425,0
FINNIFTY31DEC2424250PE.NFO,2024-12-13,13:23:00,2024-12-31,144.85,144.85,144.85,144.85,0,18425,0
FINNIFTY31DEC2424250PE.NFO,2024-12-13,13:24:00,2024-12-31,144.85,144.85,134.05,134.05,25,18425,0
FINNIFTY31DEC2424250PE.NFO,2024-12-13,13:25:00,2024-12-31,134.05,134.05,134.05,134.05,0,18425,0
FINNIFTY31DEC2424250PE.NFO,2024-12-13,13:26:00,2024-12-31,134.05,134.05,134.05,134.05,0,18425,0
FINNIFTY31DEC2424250PE.NFO,2024-12-13,13:27:00,2024-12-31,134.05,134.05,134.05,134.05,0,18425,0
FINNIFTY31DEC2424250PE.NFO,2024-12-13,13:28:00,2024-12-31,134.05,139.85,134.05,138.5,150,18425,0
FINNIFTY31DEC2424250PE.NFO,2024-12-13,13:29:00,2024-12-31,138.5,138.5,137.15,137.15,25,18425,0
FINNIFTY31DEC2424250PE.NFO,2024-12-13,13:30:00,2024-12-31,137.15,140.1,137.15,138.8,650,18425,0
FINNIFTY31DEC2424250PE.NFO,2024-12-13,13:31:00,2024-12-31,138.8,143.6,138.8,143.6,75,19000,0
FINNIFTY31DEC2424250PE.NFO,2024-12-13,13:32:00,2024-12-31,143.6,143.6,143.6,143.6,0,19000,0
FINNIFTY31DEC2424250PE.NFO,2024-12-13,13:33:00,2024-12-31,143.6,143.6,143.6,143.6,0,19000,0
FINNIFTY31DEC2424250PE.NFO,2024-12-13,13:34:00,2024-12-31,143.6,143.6,143.6,143.6,0,19000,0
FINNIFTY31DEC2424250PE.NFO,2024-12-13,13:35:00,2024-12-31,143.6,143.6,132.65,132.65,275,19075,0
FINNIFTY31DEC2424250PE.NFO,2024-12-13,13:36:00,2024-12-31,132.65,132.65,130.0,130.0,150,19075,0
FINNIFTY31DEC2424250PE.NFO,2024-12-13,13:37:00,2024-12-31,130.0,130.0,127.55,129.3,175,19050,0
FINNIFTY31DEC2424250PE.NFO,2024-12-13,13:38:00,2024-12-31,129.3,129.3,125.0,125.0,50,19050,0
FINNIFTY31DEC2424250PE.NFO,2024-12-13,13:39:00,2024-12-31,125.0,125.0,125.0,125.0,0,19050,0
FINNIFTY31DEC2424250PE.NFO,2024-12-13,13:40:00,2024-12-31,125.0,125.0,123.15,123.15,75,19050,0
FINNIFTY31DEC2424250PE.NFO,2024-12-13,13:41:00,2024-12-31,123.15,126.2,123.15,124.0,50,19075,0
FINNIFTY31DEC2424250PE.NFO,2024-12-13,13:42:00,2024-12-31,124.0,124.0,118.0,118.0,200,19075,0
FINNIFTY31DEC2424250PE.NFO,2024-12-13,13:43:00,2024-12-31,118.0,119.2,118.0,119.2,50,19125,0
FINNIFTY31DEC2424250PE.NFO,2024-12-13,13:44:00,2024-12-31,119.2,119.2,119.2,119.2,0,19125,0
FINNIFTY31DEC2424250PE.NFO,2024-12-13,13:45:00,2024-12-31,119.2,119.2,115.1,115.1,125,19125,0
FINNIFTY31DEC2424250PE.NFO,2024-12-13,13:46:00,2024-12-31,115.1,117.25,113.5,113.5,200,19300,0
FINNIFTY31DEC2424250PE.NFO,2024-12-13,13:47:00,2024-12-31,113.5,115.9,112.95,115.0,325,19300,0
FINNIFTY31DEC2424250PE.NFO,2024-12-13,13:48:00,2024-12-31,115.0,115.45,114.5,114.5,300,19300,0
FINNIFTY31DEC2424250PE.NFO,2024-12-13,13:49:00,2024-12-31,114.5,115.45,114.1,115.45,350,19550,0
FINNIFTY31DEC2424250PE.NFO,2024-12-13,13:50:00,2024-12-31,115.45,115.45,115.45,115.45,0,19550,0
FINNIFTY31DEC2424250PE.NFO,2024-12-13,13:51:00,2024-12-31,115.45,117.2,113.8,113.8,625,19550,0
FINNIFTY31DEC2424250PE.NFO,2024-12-13,13:52:00,2024-12-31,113.8,115.2,111.1,111.15,225,19725,0
FINNIFTY31DEC2424250PE.NFO,2024-12-13,13:53:00,2024-12-31,111.15,112.95,111.15,112.95,75,19725,0
FINNIFTY31DEC2424250PE.NFO,2024-12-13,13:54:00,2024-12-31,112.95,115.2,112.95,114.65,175,19725,0
FINNIFTY31DEC2424250PE.NFO,2024-12-13,13:55:00,2024-12-31,114.65,118.35,114.65,118.35,25,19675,0
FINNIFTY31DEC2424250PE.NFO,2024-12-13,13:56:00,2024-12-31,118.35,118.35,118.35,118.35,0,19675,0
FINNIFTY31DEC2424250PE.NFO,2024-12-13,13:57:00,2024-12-31,118.35,118.35,118.35,118.35,0,19675,0
FINNIFTY31DEC2424250PE.NFO,2024-12-13,13:58:00,2024-12-31,118.35,118.35,118.35,118.35,0,19675,0
FINNIFTY31DEC2424250PE.NFO,2024-12-13,13:59:00,2024-12-31,118.35,118.35,118.35,118.35,0,19675,0
FINNIFTY31DEC2424250PE.NFO,2024-12-13,14:00:00,2024-12-31,118.35,118.35,112.0,112.0,50,19650,0
FINNIFTY31DEC2424250PE.NFO,2024-12-13,14:01:00,2024-12-31,112.0,112.0,112.0,112.0,0,19650,0
FINNIFTY31DEC2424250PE.NFO,2024-12-13,14:02:00,2024-12-31,112.0,112.45,109.6,109.6,450,19675,0
FINNIFTY31DEC2424250PE.NFO,2024-12-13,14:03:00,2024-12-31,109.6,114.45,109.6,114.45,100,19675,0
FINNIFTY31DEC2424250PE.NFO,2024-12-13,14:04:00,2024-12-31,114.45,114.45,114.45,114.45,0,19675,0
FINNIFTY31DEC2424250PE.NFO,2024-12-13,14:05:00,2024-12-31,114.45,114.45,114.45,114.45,0,19675,0
FINNIFTY31DEC2424250PE.NFO,2024-12-13,14:06:00,2024-12-31,114.45,118.6,114.45,118.6,125,19625,0
FINNIFTY31DEC2424250PE.NFO,2024-12-13,14:07:00,2024-12-31,118.6,119.55,118.5,119.55,50,19625,0
FINNIFTY31DEC2424250PE.NFO,2024-12-13,14:08:00,2024-12-31,119.55,119.55,119.35,119.35,350,19625,0
FINNIFTY31DEC2424250PE.NFO,2024-12-13,14:09:00,2024-12-31,119.35,119.35,116.15,116.15,200,19625,0
FINNIFTY31DEC2424250PE.NFO,2024-12-13,14:10:00,2024-12-31,116.15,116.15,113.4,113.4,50,19925,0
FINNIFTY31DEC2424250PE.NFO,2024-12-13,14:11:00,2024-12-31,113.4,114.2,113.4,114.2,100,19925,0
FINNIFTY31DEC2424250PE.NFO,2024-12-13,14:12:00,2024-12-31,114.2,114.2,114.2,114.2,0,19925,0
FINNIFTY31DEC2424250PE.NFO,2024-12-13,14:13:00,2024-12-31,114.2,114.2,114.2,114.2,0,19925,0
FINNIFTY31DEC2424250PE.NFO,2024-12-13,14:14:00,2024-12-31,114.2,114.2,114.2,114.2,0,19925,0
FINNIFTY31DEC2424250PE.NFO,2024-12-13,14:15:00,2024-12-31,114.2,117.15,114.2,117.15,125,19975,0
FINNIFTY31DEC2424250PE.NFO,2024-12-13,14:16:00,2024-12-31,117.15,117.15,117.15,117.15,0,19975,0
FINNIFTY31DEC2424250PE.NFO,2024-12-13,14:17:00,2024-12-31,117.15,117.15,110.9,110.9,350,20100,0
FINNIFTY31DEC2424250PE.NFO,2024-12-13,14:18:00,2024-12-31,110.9,110.9,109.7,109.7,25,20100,0
FINNIFTY31DEC2424250PE.NFO,2024-12-13,14:19:00,2024-12-31,109.7,112.25,109.25,109.25,75,20350,0
FINNIFTY31DEC2424250PE.NFO,2024-12-13,14:20:00,2024-12-31,109.25,109.25,109.25,109.25,0,20350,0
FINNIFTY31DEC2424250PE.NFO,2024-12-13,14:21:00,2024-12-31,109.25,109.25,107.1,107.1,25,20350,0
FINNIFTY31DEC2424250PE.NFO,2024-12-13,14:22:00,2024-12-31,107.1,107.1,107.1,107.1,0,20350,0
FINNIFTY31DEC2424250PE.NFO,2024-12-13,14:23:00,2024-12-31,107.1,107.1,107.1,107.1,0,20350,0
FINNIFTY31DEC2424250PE.NFO,2024-12-13,14:24:00,2024-12-31,107.1,107.1,106.15,106.2,150,20400,0
FINNIFTY31DEC2424250PE.NFO,2024-12-13,14:25:00,2024-12-31,106.2,106.2,105.75,105.75,25,20400,0
FINNIFTY31DEC2424250PE.NFO,2024-12-13,14:26:00,2024-12-31,105.75,106.95,105.75,106.95,300,20400,0
FINNIFTY31DEC2424250PE.NFO,2024-12-13,14:27:00,2024-12-31,106.95,106.95,100.55,101.3,525,20400,0
FINNIFTY31DEC2424250PE.NFO,2024-12-13,14:28:00,2024-12-31,101.3,101.3,101.3,101.3,0,20400,0
FINNIFTY31DEC2424250PE.NFO,2024-12-13,14:29:00,2024-12-31,101.3,101.3,101.3,101.3,0,20400,0
FINNIFTY31DEC2424250PE.NFO,2024-12-13,14:30:00,2024-12-31,101.3,102.5,101.3,102.5,25,20075,0
FINNIFTY31DEC2424250PE.NFO,2024-12-13,14:31:00,2024-12-31,102.5,102.5,100.05,100.05,150,20075,0
FINNIFTY31DEC2424250PE.NFO,2024-12-13,14:32:00,2024-12-31,100.05,100.05,100.05,100.05,0,20075,0
FINNIFTY31DEC2424250PE.NFO,2024-12-13,14:33:00,2024-12-31,100.05,102.35,100.05,102.35,275,20100,0
FINNIFTY31DEC2424250PE.NFO,2024-12-13,14:34:00,2024-12-31,102.35,102.35,102.35,102.35,0,20100,0
FINNIFTY31DEC2424250PE.NFO,2024-12-13,14:35:00,2024-12-31,102.35,102.35,102.35,102.35,0,20100,0
FINNIFTY31DEC2424250PE.NFO,2024-12-13,14:36:00,2024-12-31,102.35,102.35,102.35,102.35,0,20100,0
FINNIFTY31DEC2424250PE.NFO,2024-12-13,14:37:00,2024-12-31,102.35,102.35,101.3,101.3,25,19975,0
FINNIFTY31DEC2424250PE.NFO,2024-12-13,14:38:00,2024-12-31,101.3,103.5,101.3,103.5,25,20000,0
FINNIFTY31DEC2424250PE.NFO,2024-12-13,14:39:00,2024-12-31,103.5,104.7,103.5,104.7,25,20000,0
FINNIFTY31DEC2424250PE.NFO,2024-12-13,14:40:00,2024-12-31,104.7,104.7,104.7,104.7,0,20000,0
FINNIFTY31DEC2424250PE.NFO,2024-12-13,14:41:00,2024-12-31,104.7,107.25,104.7,107.25,50,19950,0
FINNIFTY31DEC2424250PE.NFO,2024-12-13,14:42:00,2024-12-31,107.25,107.25,107.25,107.25,0,19950,0
FINNIFTY31DEC2424250PE.NFO,2024-12-13,14:43:00,2024-12-31,107.25,107.25,107.25,107.25,0,19950,0
FINNIFTY31DEC2424250PE.NFO,2024-12-13,14:44:00,2024-12-31,107.25,107.25,107.25,107.25,0,19950,0
FINNIFTY31DEC2424250PE.NFO,2024-12-13,14:45:00,2024-12-31,107.25,107.25,107.25,107.25,0,19950,0
FINNIFTY31DEC2424250PE.NFO,2024-12-13,14:46:00,2024-12-31,107.25,107.25,107.25,107.25,0,19950,0
FINNIFTY31DEC2424250PE.NFO,2024-12-13,14:47:00,2024-12-31,107.25,107.25,107.25,107.25,0,19950,0
FINNIFTY31DEC2424250PE.NFO,2024-12-13,14:48:00,2024-12-31,104.8,105.3,104.8,105.0,475,19875,0
FINNIFTY31DEC2424250PE.NFO,2024-12-13,14:49:00,2024-12-31,105.0,107.05,105.0,107.05,250,19875,0
FINNIFTY31DEC2424250PE.NFO,2024-12-13,14:50:00,2024-12-31,107.05,107.05,106.4,107.05,375,19650,0
FINNIFTY31DEC2424250PE.NFO,2024-12-13,14:51:00,2024-12-31,107.05,107.85,107.0,107.0,75,19650,0
FINNIFTY31DEC2424250PE.NFO,2024-12-13,14:52:00,2024-12-31,107.0,107.0,107.0,107.0,125,19650,0
FINNIFTY31DEC2424250PE.NFO,2024-12-13,14:53:00,2024-12-31,107.0,107.0,106.0,106.0,25,19650,0
FINNIFTY31DEC2424250PE.NFO,2024-12-13,14:54:00,2024-12-31,106.0,106.0,104.45,104.45,50,19650,0
FINNIFTY31DEC2424250PE.NFO,2024-12-13,14:55:00,2024-12-31,104.45,104.45,102.25,102.25,50,19625,0
FINNIFTY31DEC2424250PE.NFO,2024-12-13,14:56:00,2024-12-31,102.25,102.25,101.15,101.15,75,19625,0
FINNIFTY31DEC2424250PE.NFO,2024-12-13,14:57:00,2024-12-31,101.15,101.15,100.9,100.9,25,19625,0
FINNIFTY31DEC2424250PE.NFO,2024-12-13,14:58:00,2024-12-31,100.9,100.9,100.9,100.9,0,19625,0
FINNIFTY31DEC2424250PE.NFO,2024-12-13,14:59:00,2024-12-31,100.9,101.85,100.9,101.85,25,19600,0
FINNIFTY31DEC2424250PE.NFO,2024-12-13,15:00:00,2024-12-31,101.85,101.85,99.0,100.4,300,19600,0
FINNIFTY31DEC2424250PE.NFO,2024-12-13,15:01:00,2024-12-31,100.4,101.1,98.0,98.05,200,19575,0
FINNIFTY31DEC2424250PE.NFO,2024-12-13,15:02:00,2024-12-31,98.05,98.05,98.05,98.05,0,19575,0
FINNIFTY31DEC2424250PE.NFO,2024-12-13,15:03:00,2024-12-31,98.05,98.05,98.05,98.05,0,19575,0
FINNIFTY31DEC2424250PE.NFO,2024-12-13,15:04:00,2024-12-31,98.05,98.05,96.95,96.95,300,19575,0
FINNIFTY31DEC2424250PE.NFO,2024-12-13,15:05:00,2024-12-31,96.95,96.95,96.95,96.95,0,19575,0
FINNIFTY31DEC2424250PE.NFO,2024-12-13,15:06:00,2024-12-31,96.95,96.95,93.45,94.25,150,19550,0
FINNIFTY31DEC2424250PE.NFO,2024-12-13,15:07:00,2024-12-31,94.25,94.25,92.5,92.5,100,19675,0
FINNIFTY31DEC2424250PE.NFO,2024-12-13,15:08:00,2024-12-31,92.5,92.5,92.5,92.5,0,19675,0
FINNIFTY31DEC2424250PE.NFO,2024-12-13,15:09:00,2024-12-31,92.5,92.5,89.0,89.0,200,19675,0
FINNIFTY31DEC2424250PE.NFO,2024-12-13,15:10:00,2024-12-31,89.0,90.05,89.0,90.05,450,19700,0
FINNIFTY31DEC2424250PE.NFO,2024-12-13,15:11:00,2024-12-31,90.05,92.3,90.05,92.3,75,19700,0
FINNIFTY31DEC2424250PE.NFO,2024-12-13,15:12:00,2024-12-31,92.3,93.2,92.3,92.85,375,19700,0
FINNIFTY31DEC2424250PE.NFO,2024-12-13,15:13:00,2024-12-31,92.85,92.85,92.2,92.5,1400,19150,0
FINNIFTY31DEC2424250PE.NFO,2024-12-13,15:14:00,2024-12-31,92.5,93.35,92.5,93.35,150,19150,0
FINNIFTY31DEC2424250PE.NFO,2024-12-13,15:15:00,2024-12-31,93.35,94.35,92.4,94.35,225,19150,0
FINNIFTY31DEC2424250PE.NFO,2024-12-13,15:16:00,2024-12-31,94.35,95.35,94.0,95.35,175,19475,0
FINNIFTY31DEC2424250PE.NFO,2024-12-13,15:17:00,2024-12-31,95.35,95.35,94.8,94.8,50,19475,0
FINNIFTY31DEC2424250PE.NFO,2024-12-13,15:18:00,2024-12-31,94.8,94.8,93.2,93.4,750,19475,0
FINNIFTY31DEC2424250PE.NFO,2024-12-13,15:19:00,2024-12-31,93.4,94.6,93.4,93.95,925,19550,0
FINNIFTY31DEC2424250PE.NFO,2024-12-13,15:20:00,2024-12-31,93.95,95.45,93.95,94.35,825,19550,0
FINNIFTY31DEC2424250PE.NFO,2024-12-13,15:21:00,2024-12-31,94.35,94.35,93.25,93.95,1025,19550,0
FINNIFTY31DEC2424250PE.NFO,2024-12-13,15:22:00,2024-12-31,93.95,93.95,91.25,91.25,825,19550,0
FINNIFTY31DEC2424250PE.NFO,2024-12-13,15:23:00,2024-12-31,91.25,91.25,88.75,88.75,125,20225,0
FINNIFTY31DEC2424250PE.NFO,2024-12-13,15:24:00,2024-12-31,88.75,88.75,88.2,88.3,850,20225,0
FINNIFTY31DEC2424250PE.NFO,2024-12-13,15:25:00,2024-12-31,88.3,88.65,88.25,88.65,300,20225,0
FINNIFTY31DEC2424250PE.NFO,2024-12-13,15:26:00,2024-12-31,88.65,89.45,88.05,88.05,600,20225,0
FINNIFTY31DEC2424250PE.NFO,2024-12-13,15:27:00,2024-12-31,88.05,88.1,88.05,88.1,175,20225,0
FINNIFTY31DEC2424250PE.NFO,2024-12-13,15:28:00,2024-12-31,88.1,91.4,88.1,90.75,925,20225,0
FINNIFTY31DEC2424250PE.NFO,2024-12-13,15:29:00,2024-12-31,90.75,90.9,87.8,87.8,1400,20225,0
FINNIFTY31DEC2424250PE.NFO,2024-12-13,15:30:00,2024-12-31,87.8,87.8,87.8,87.8,1400,20225,1
FINNIFTY31DEC2424250PE.NFO,2024-12-16,09:15:00,2024-12-31,95.7,95.95,95.7,95.95,0,19725,0
FINNIFTY31DEC2424250PE.NFO,2024-12-16,09:16:00,2024-12-31,95.95,99.6,95.95,99.6,125,19725,0
FINNIFTY31DEC2424250PE.NFO,2024-12-16,09:17:00,2024-12-31,99.6,100.25,97.75,98.95,125,19725,0
FINNIFTY31DEC2424250PE.NFO,2024-12-16,09:18:00,2024-12-31,98.95,99.3,97.95,98.05,150,19725,0
FINNIFTY31DEC2424250PE.NFO,2024-12-16,09:19:00,2024-12-31,98.05,98.05,97.0,97.95,100,20025,0
FINNIFTY31DEC2424250PE.NFO,2024-12-16,09:20:00,2024-12-31,97.95,97.95,97.95,97.95,0,20025,0
FINNIFTY31DEC2424250PE.NFO,2024-12-16,09:21:00,2024-12-31,97.95,104.85,97.95,104.8,150,20025,0
FINNIFTY31DEC2424250PE.NFO,2024-12-16,09:22:00,2024-12-31,104.8,104.8,104.8,104.8,0,20025,0
FINNIFTY31DEC2424250PE.NFO,2024-12-16,09:23:00,2024-12-31,104.8,104.8,104.8,104.8,0,20025,0
FINNIFTY31DEC2424250PE.NFO,2024-12-16,09:24:00,2024-12-31,104.8,107.8,104.8,107.8,50,20100,0
FINNIFTY31DEC2424250PE.NFO,2024-12-16,09:25:00,2024-12-31,107.8,107.8,107.8,107.8,0,20100,0
FINNIFTY31DEC2424250PE.NFO,2024-12-16,09:26:00,2024-12-31,107.8,107.8,107.8,107.8,0,20100,0
FINNIFTY31DEC2424250PE.NFO,2024-12-16,09:27:00,2024-12-31,107.8,107.8,98.75,99.1,75,20100,0
FINNIFTY31DEC2424250PE.NFO,2024-12-16,09:28:00,2024-12-31,99.1,99.85,99.1,99.85,525,20125,0
FINNIFTY31DEC2424250PE.NFO,2024-12-16,09:29:00,2024-12-31,99.85,101.75,99.85,101.75,100,20125,0
FINNIFTY31DEC2424250PE.NFO,2024-12-16,09:30:00,2024-12-31,101.75,102.1,101.75,102.1,25,20500,0
FINNIFTY31DEC2424250PE.NFO,2024-12-16,09:31:00,2024-12-31,102.1,104.0,102.1,103.5,400,20500,0
FINNIFTY31DEC2424250PE.NFO,2024-12-16,09:32:00,2024-12-31,103.5,103.5,99.9,99.9,1200,20500,0
FINNIFTY31DEC2424250PE.NFO,2024-12-16,09:33:00,2024-12-31,99.9,103.35,99.9,103.35,100,20500,0
FINNIFTY31DEC2424250PE.NFO,2024-12-16,09:34:00,2024-12-31,103.35,105.3,102.25,102.25,900,20600,0
FINNIFTY31DEC2424250PE.NFO,2024-12-16,09:35:00,2024-12-31,102.25,102.25,102.25,102.25,0,20600,0
FINNIFTY31DEC2424250PE.NFO,2024-12-16,09:36:00,2024-12-31,102.25,105.2,102.25,104.85,50,20600,0
FINNIFTY31DEC2424250PE.NFO,2024-12-16,09:37:00,2024-12-31,104.85,104.85,99.5,99.5,225,21175,0
FINNIFTY31DEC2424250PE.NFO,2024-12-16,09:38:00,2024-12-31,99.5,103.15,99.5,103.15,275,21175,0
FINNIFTY31DEC2424250PE.NFO,2024-12-16,09:39:00,2024-12-31,103.15,103.15,103.05,103.05,175,21175,0
FINNIFTY31DEC2424250PE.NFO,2024-12-16,09:40:00,2024-12-31,103.05,103.05,101.65,101.65,75,21200,0
FINNIFTY31DEC2424250PE.NFO,2024-12-16,09:41:00,2024-12-31,101.65,101.65,100.45,100.45,175,21200,0
FINNIFTY31DEC2424250PE.NFO,2024-12-16,09:42:00,2024-12-31,100.45,100.45,94.95,94.95,100,21200,0
FINNIFTY31DEC2424250PE.NFO,2024-12-16,09:43:00,2024-12-31,94.95,94.95,92.05,92.05,75,21250,0
FINNIFTY31DEC2424250PE.NFO,2024-12-16,09:44:00,2024-12-31,92.05,92.05,89.1,89.4,150,21250,0
FINNIFTY31DEC2424250PE.NFO,2024-12-16,09:45:00,2024-12-31,89.4,93.15,89.4,93.15,100,21250,0
FINNIFTY31DEC2424250PE.NFO,2024-12-16,09:46:00,2024-12-31,93.15,93.45,93.15,93.45,25,21300,0
FINNIFTY31DEC2424250PE.NFO,2024-12-16,09:47:00,2024-12-31,93.45,95.9,93.45,95.9,25,21300,0
FINNIFTY31DEC2424250PE.NFO,2024-12-16,09:48:00,2024-12-31,95.9,95.9,95.9,95.9,0,21300,0
FINNIFTY31DEC2424250PE.NFO,2024-12-16,09:49:00,2024-12-31,95.9,95.9,95.9,95.9,0,21300,0
FINNIFTY31DEC2424250PE.NFO,2024-12-16,09:50:00,2024-12-31,95.9,95.9,95.9,95.9,0,21300,0
FINNIFTY31DEC2424250PE.NFO,2024-12-16,09:51:00,2024-12-31,95.9,95.9,92.4,92.4,25,21350,0
FINNIFTY31DEC2424250PE.NFO,2024-12-16,09:52:00,2024-12-31,92.4,92.4,90.0,90.0,125,21375,0
FINNIFTY31DEC2424250PE.NFO,2024-12-16,09:53:00,2024-12-31,90.0,90.0,89.8,89.8,25,21375,0
FINNIFTY31DEC2424250PE.NFO,2024-12-16,09:54:00,2024-12-31,89.8,90.0,89.8,90.0,25,21375,0
FINNIFTY31DEC2424250PE.NFO,2024-12-16,09:55:00,2024-12-31,90.0,90.0,90.0,90.0,0,21375,0
FINNIFTY31DEC2424250PE.NFO,2024-12-16,09:56:00,2024-12-31,90.0,90.0,87.35,89.95,525,21525,0
FINNIFTY31DEC2424250PE.NFO,2024-12-16,09:57:00,2024-12-31,89.95,89.95,89.9,89.9,25,21525,0
FINNIFTY31DEC2424250PE.NFO,2024-12-16,09:58:00,2024-12-31,89.9,93.55,89.9,92.95,25,22000,0
FINNIFTY31DEC2424250PE.NFO,2024-12-16,09:59:00,2024-12-31,92.95,93.55,92.95,93.55,275,22000,0
FINNIFTY31DEC2424250PE.NFO,2024-12-16,10:00:00,2024-12-31,93.55,93.55,90.25,90.25,1450,22250,0
FINNIFTY31DEC2424250PE.NFO,2024-12-16,10:01:00,2024-12-31,90.25,91.4,90.25,91.4,50,22250,0
FINNIFTY31DEC2424250PE.NFO,2024-12-16,10:02:00,2024-12-31,91.4,91.4,91.4,91.4,0,22250,0
FINNIFTY31DEC2424250PE.NFO,2024-12-16,10:03:00,2024-12-31,91.4,95.25,91.4,95.25,25,22250,0
FINNIFTY31DEC2424250PE.NFO,2024-12-16,10:04:00,2024-12-31,95.25,95.25,93.1,93.1,75,22200,0
FINNIFTY31DEC2424250PE.NFO,2024-12-16,10:05:00,2024-12-31,93.1,93.2,93.1,93.2,25,22200,0
FINNIFTY31DEC2424250PE.NFO,2024-12-16,10:06:00,2024-12-31,93.2,94.05,92.75,92.75,325,22250,0
FINNIFTY31DEC2424250PE.NFO,2024-12-16,10:07:00,2024-12-31,92.75,92.75,92.75,92.75,0,22250,0
FINNIFTY31DEC2424250PE.NFO,2024-12-16,10:08:00,2024-12-31,92.75,92.75,89.3,89.85,325,22250,0
FINNIFTY31DEC2424250PE.NFO,2024-12-16,10:09:00,2024-12-31,89.85,89.85,89.0,89.0,25,22250,0
FINNIFTY31DEC2424250PE.NFO,2024-12-16,10:10:00,2024-12-31,89.0,89.15,89.0,89.15,25,22000,0
FINNIFTY31DEC2424250PE.NFO,2024-12-16,10:11:00,2024-12-31,89.15,92.95,89.15,92.15,125,22000,0
FINNIFTY31DEC2424250PE.NFO,2024-12-16,10:12:00,2024-12-31,92.15,92.15,92.15,92.15,0,22000,0
FINNIFTY31DEC2424250PE.NFO,2024-12-16,10:13:00,2024-12-31,92.15,94.3,92.15,94.3,50,22050,0
FINNIFTY31DEC2424250PE.NFO,2024-12-16,10:14:00,2024-12-31,94.3,95.2,93.3,95.2,200,22050,0
FINNIFTY31DEC2424250PE.NFO,2024-12-16,10:15:00,2024-12-31,95.2,99.1,94.2,99.1,350,22050,0
FINNIFTY31DEC2424250PE.NFO,2024-12-16,10:16:00,2024-12-31,99.1,99.1,99.1,99.1,0,22050,0
FINNIFTY31DEC2424250PE.NFO,2024-12-16,10:17:00,2024-12-31,99.1,101.4,99.1,101.4,175,22100,0
FINNIFTY31DEC2424250PE.NFO,2024-12-16,10:18:00,2024-12-31,101.4,103.35,101.4,103.35,225,22175,0
FINNIFTY31DEC2424250PE.NFO,2024-12-16,10:19:00,2024-12-31,103.35,103.35,101.05,102.85,350,22175,0
FINNIFTY31DEC2424250PE.NFO,2024-12-16,10:20:00,2024-12-31,102.85,102.85,102.85,102.85,0,22175,0
FINNIFTY31DEC2424250PE.NFO,2024-12-16,10:21:00,2024-12-31,102.85,102.85,100.9,100.9,25,22175,0
FINNIFTY31DEC2424250PE.NFO,2024-12-16,10:22:00,2024-12-31,100.9,100.9,100.9,100.9,0,22175,0
FINNIFTY31DEC2424250PE.NFO,2024-12-16,10:23:00,2024-12-31,100.9,100.9,100.9,100.9,0,22175,0
FINNIFTY31DEC2424250PE.NFO,2024-12-16,10:24:00,2024-12-31,100.9,100.9,100.9,100.9,0,22175,0
FINNIFTY31DEC2424250PE.NFO,2024-12-16,10:25:00,2024-12-31,100.9,105.8,100.9,103.65,1875,22200,0
FINNIFTY31DEC2424250PE.NFO,2024-12-16,10:26:00,2024-12-31,103.65,103.9,103.25,103.25,225,22200,0
FINNIFTY31DEC2424250PE.NFO,2024-12-16,10:27:00,2024-12-31,103.25,104.05,103.25,104.05,25,22200,0
FINNIFTY31DEC2424250PE.NFO,2024-12-16,10:28:00,2024-12-31,104.05,108.9,104.05,105.75,2825,23300,0
FINNIFTY31DEC2424250PE.NFO,2024-12-16,10:29:00,2024-12-31,105.75,105.75,105.75,105.75,25,23300,0
FINNIFTY31DEC2424250PE.NFO,2024-12-16,10:30:00,2024-12-31,105.75,110.9,105.75,109.9,125,23300,0
FINNIFTY31DEC2424250PE.NFO,2024-12-16,10:31:00,2024-12-31,109.9,109.9,109.9,109.9,0,23300,0
FINNIFTY31DEC2424250PE.NFO,2024-12-16,10:32:00,2024-12-31,109.9,109.9,109.9,109.9,0,23300,0
FINNIFTY31DEC2424250PE.NFO,2024-12-16,10:33:00,2024-12-31,109.9,109.9,106.95,106.95,100,21375,0
FINNIFTY31DEC2424250PE.NFO,2024-12-16,10:34:00,2024-12-31,106.95,106.95,105.25,106.5,350,21375,0
FINNIFTY31DEC2424250PE.NFO,2024-12-16,10:35:00,2024-12-31,106.5,106.5,106.5,106.5,0,21375,0
FINNIFTY31DEC2424250PE.NFO,2024-12-16,10:36:00,2024-12-31,106.5,106.5,106.5,106.5,0,21375,0
FINNIFTY31DEC2424250PE.NFO,2024-12-16,10:37:00,2024-12-31,106.5,106.5,102.1,102.1,75,21600,0
FINNIFTY31DEC2424250PE.NFO,2024-12-16,10:38:00,2024-12-31,102.1,102.7,102.1,102.7,100,21600,0
FINNIFTY31DEC2424250PE.NFO,2024-12-16,10:39:00,2024-12-31,102.7,102.7,100.85,100.85,100,21600,0
FINNIFTY31DEC2424250PE.NFO,2024-12-16,10:40:00,2024-12-31,100.85,102.05,100.85,100.95,2350,21450,0
FINNIFTY31DEC2424250PE.NFO,2024-12-16,10:41:00,2024-12-31,100.95,100.95,100.95,100.95,0,21450,0
FINNIFTY31DEC2424250PE.NFO,2024-12-16,10:42:00,2024-12-31,100.95,100.95,100.95,100.95,0,21450,0
FINNIFTY31DEC2424250PE.NFO,2024-12-16,10:43:00,2024-12-31,100.95,100.95,100.95,100.95,0,21450,0
FINNIFTY31DEC2424250PE.NFO,2024-12-16,10:44:00,2024-12-31,100.95,105.85,100.95,105.85,25,22225,0
FINNIFTY31DEC2424250PE.NFO,2024-12-16,10:45:00,2024-12-31,105.85,105.85,105.6,105.6,75,22225,0
FINNIFTY31DEC2424250PE.NFO,2024-12-16,10:46:00,2024-12-31,105.6,105.6,105.6,105.6,0,22225,0
FINNIFTY31DEC2424250PE.NFO,2024-12-16,10:47:00,2024-12-31,105.6,105.6,105.6,105.6,0,22225,0
FINNIFTY31DEC2424250PE.NFO,2024-12-16,10:48:00,2024-12-31,105.6,106.35,105.6,106.35,50,22250,0
FINNIFTY31DEC2424250PE.NFO,2024-12-16,10:49:00,2024-12-31,106.35,106.35,104.85,104.85,2300,22250,0
FINNIFTY31DEC2424250PE.NFO,2024-12-16,10:50:00,2024-12-31,104.85,104.85,104.85,104.85,0,22250,0
FINNIFTY31DEC2424250PE.NFO,2024-12-16,10:51:00,2024-12-31,104.85,104.85,102.6,102.6,75,22250,0
FINNIFTY31DEC2424250PE.NFO,2024-12-16,10:52:00,2024-12-31,102.6,105.25,102.6,105.25,50,21400,0
FINNIFTY31DEC2424250PE.NFO,2024-12-16,10:53:00,2024-12-31,105.25,106.95,105.25,106.95,25,21400,0
FINNIFTY31DEC2424250PE.NFO,2024-12-16,10:54:00,2024-12-31,106.95,106.95,106.95,106.95,0,21400,0
FINNIFTY31DEC2424250PE.NFO,2024-12-16,10:55:00,2024-12-31,106.95,108.2,106.95,108.2,25,21475,0
FINNIFTY31DEC2424250PE.NFO,2024-12-16,10:56:00,2024-12-31,108.2,108.2,108.2,108.2,0,21475,0
FINNIFTY31DEC2424250PE.NFO,2024-12-16,10:57:00,2024-12-31,108.2,108.75,108.2,108.75,25,21475,0
FINNIFTY31DEC2424250PE.NFO,2024-12-16,10:58:00,2024-12-31,108.75,110.05,108.75,110.05,25,21475,0
FINNIFTY31DEC2424250PE.NFO,2024-12-16,10:59:00,2024-12-31,110.05,112.35,110.05,110.4,2150,21475,0
FINNIFTY31DEC2424250PE.NFO,2024-12-16,11:00:00,2024-12-31,110.4,110.4,109.0,109.0,25,21475,0
FINNIFTY31DEC2424250PE.NFO,2024-12-16,11:01:00,2024-12-31,109.0,109.0,109.0,109.0,0,21475,0
FINNIFTY31DEC2424250PE.NFO,2024-12-16,11:02:00,2024-12-31,109.0,109.05,109.0,109.0,1150,22675,0
FINNIFTY31DEC2424250PE.NFO,2024-12-16,11:03:00,2024-12-31,109.0,111.95,108.3,108.3,75,22675,0
FINNIFTY31DEC2424250PE.NFO,2024-12-16,11:04:00,2024-12-31,108.3,108.3,108.3,108.3,0,22675,0
FINNIFTY31DEC2424250PE.NFO,2024-12-16,11:05:00,2024-12-31,108.3,108.3,108.3,108.3,0,22675,0
FINNIFTY31DEC2424250PE.NFO,2024-12-16,11:06:00,2024-12-31,108.3,108.5,108.3,108.5,25,22950,0
FINNIFTY31DEC2424250PE.NFO,2024-12-16,11:07:00,2024-12-31,108.5,109.5,108.5,109.5,25,22975,0
FINNIFTY31DEC2424250PE.NFO,2024-12-16,11:08:00,2024-12-31,109.5,109.5,109.5,109.5,0,22975,0
FINNIFTY31DEC2424250PE.NFO,2024-12-16,11:09:00,2024-12-31,109.5,109.5,109.5,109.5,0,22975,0
FINNIFTY31DEC2424250PE.NFO,2024-12-16,11:10:00,2024-12-31,109.5,109.5,103.9,103.9,200,22950,0
FINNIFTY31DEC2424250PE.NFO,2024-12-16,11:11:00,2024-12-31,103.9,103.9,103.9,103.9,0,22950,0
FINNIFTY31DEC2424250PE.NFO,2024-12-16,11:12:00,2024-12-31,103.9,103.9,103.9,103.9,0,22950,0
FINNIFTY31DEC2424250PE.NFO,2024-12-16,11:13:00,2024-12-31,103.9,103.9,103.9,103.9,0,22950,0
FINNIFTY31DEC2424250PE.NFO,2024-12-16,11:14:00,2024-12-31,103.9,109.3,103.9,109.3,1000,22925,0
FINNIFTY31DEC2424250PE.NFO,2024-12-16,11:15:00,2024-12-31,109.3,122.0,109.3,120.0,750,22925,0
FINNIFTY31DEC2424250PE.NFO,2024-12-16,11:16:00,2024-12-31,120.0,120.0,116.0,117.5,75,21350,0
FINNIFTY31DEC2424250PE.NFO,2024-12-16,11:17:00,2024-12-31,117.5,117.5,116.8,116.8,50,21350,0
FINNIFTY31DEC2424250PE.NFO,2024-12-16,11:18:00,2024-12-31,116.8,116.8,115.65,115.65,25,21350,0
FINNIFTY31DEC2424250PE.NFO,2024-12-16,11:19:00,2024-12-31,115.65,115.65,115.65,115.65,0,21350,0
FINNIFTY31DEC2424250PE.NFO,2024-12-16,11:20:00,2024-12-31,115.65,115.65,115.65,115.65,0,21350,0
FINNIFTY31DEC2424250PE.NFO,2024-12-16,11:21:00,2024-12-31,115.65,115.65,115.65,115.65,0,21350,0
FINNIFTY31DEC2424250PE.NFO,2024-12-16,11:22:00,2024-12-31,115.65,115.65,115.65,115.65,0,21350,0
FINNIFTY31DEC2424250PE.NFO,2024-12-16,11:23:00,2024-12-31,115.65,115.65,114.0,115.65,125,21075,0
FINNIFTY31DEC2424250PE.NFO,2024-12-16,11:24:00,2024-12-31,115.65,115.65,111.6,111.6,25,21075,0
FINNIFTY31DEC2424250PE.NFO,2024-12-16,11:25:00,2024-12-31,111.6,114.35,111.0,114.35,2075,21000,0
FINNIFTY31DEC2424250PE.NFO,2024-12-16,11:26:00,2024-12-31,114.35,115.05,112.75,112.75,250,21000,0
FINNIFTY31DEC2424250PE.NFO,2024-12-16,11:27:00,2024-12-31,112.75,112.75,112.75,112.75,0,21000,0
FINNIFTY31DEC2424250PE.NFO,2024-12-16,11:28:00,2024-12-31,113.7,113.7,113.7,113.7,100,19050,0
FINNIFTY31DEC2424250PE.NFO,2024-12-16,11:29:00,2024-12-31,113.7,115.9,113.7,115.9,1100,19050,0
FINNIFTY31DEC2424250PE.NFO,2024-12-16,11:30:00,2024-12-31,115.9,115.9,115.9,115.9,0,19050,0
FINNIFTY31DEC2424250PE.NFO,2024-12-16,11:31:00,2024-12-31,115.9,115.9,115.9,115.9,0,19050,0
FINNIFTY31DEC2424250PE.NFO,2024-12-16,11:32:00,2024-12-31,115.9,115.9,115.9,115.9,0,19050,0
FINNIFTY31DEC2424250PE.NFO,2024-12-16,11:33:00,2024-12-31,115.9,115.9,113.1,113.15,25,18850,0
FINNIFTY31DEC2424250PE.NFO,2024-12-16,11:34:00,2024-12-31,113.15,113.75,113.15,113.75,50,18850,0
FINNIFTY31DEC2424250PE.NFO,2024-12-16,11:35:00,2024-12-31,113.75,114.75,113.75,114.75,25,18850,0
FINNIFTY31DEC2424250PE.NFO,2024-12-16,11:36:00,2024-12-31,114.75,114.75,114.75,114.75,0,18850,0
FINNIFTY31DEC2424250PE.NFO,2024-12-16,11:37:00,2024-12-31,114.75,114.75,109.65,109.65,100,18825,0
FINNIFTY31DEC2424250PE.NFO,2024-12-16,11:38:00,2024-12-31,109.65,109.65,109.65,109.65,0,18825,0
FINNIFTY31DEC2424250PE.NFO,2024-12-16,11:39:00,2024-12-31,109.65,109.65,109.65,109.65,0,18825,0
FINNIFTY31DEC2424250PE.NFO,2024-12-16,11:40:00,2024-12-31,109.65,112.35,109.65,111.8,50,18825,0
FINNIFTY31DEC2424250PE.NFO,2024-12-16,11:41:00,2024-12-31,111.8,111.8,111.8,111.8,0,18825,0
FINNIFTY31DEC2424250PE.NFO,2024-12-16,11:42:00,2024-12-31,111.8,111.8,111.8,111.8,0,18825,0
FINNIFTY31DEC2424250PE.NFO,2024-12-16,11:43:00,2024-12-31,111.8,113.85,111.8,113.85,25,18800,0
FINNIFTY31DEC2424250PE.NFO,2024-12-16,11:44:00,2024-12-31,113.85,113.85,113.85,113.85,0,18800,0
FINNIFTY31DEC2424250PE.NFO,2024-12-16,11:45:00,2024-12-31,113.85,116.85,113.85,116.85,25,18800,0
FINNIFTY31DEC2424250PE.NFO,2024-12-16,11:46:00,2024-12-31,116.85,116.85,116.85,116.85,0,18800,0
FINNIFTY31DEC2424250PE.NFO,2024-12-16,11:47:00,2024-12-31,116.85,116.85,116.85,116.85,0,18800,0
FINNIFTY31DEC2424250PE.NFO,2024-12-16,11:48:00,2024-12-31,116.85,116.85,116.85,116.85,0,18800,0
FINNIFTY31DEC2424250PE.NFO,2024-12-16,11:49:00,2024-12-31,116.85,116.85,116.85,116.85,0,18800,0
FINNIFTY31DEC2424250PE.NFO,2024-12-16,11:50:00,2024-12-31,116.85,116.85,112.5,112.5,300,18825,0
FINNIFTY31DEC2424250PE.NFO,2024-12-16,11:51:00,2024-12-31,112.5,112.5,112.5,112.5,0,18825,0
FINNIFTY31DEC2424250PE.NFO,2024-12-16,11:52:00,2024-12-31,112.5,112.5,112.5,112.5,0,18825,0
FINNIFTY31DEC2424250PE.NFO,2024-12-16,11:53:00,2024-12-31,112.5,112.5,108.85,108.85,75,19125,0
FINNIFTY31DEC2424250PE.NFO,2024-12-16,11:54:00,2024-12-31,108.85,112.8,108.85,112.8,75,19125,0
FINNIFTY31DEC2424250PE.NFO,2024-12-16,11:55:00,2024-12-31,112.8,112.8,112.8,112.8,0,19125,0
FINNIFTY31DEC2424250PE.NFO,2024-12-16,11:56:00,2024-12-31,112.8,112.8,112.8,112.8,0,19125,0
FINNIFTY31DEC2424250PE.NFO,2024-12-16,11:57:00,2024-12-31,112.8,112.8,112.8,112.8,0,19125,0
FINNIFTY31DEC2424250PE.NFO,2024-12-16,11:58:00,2024-12-31,112.8,112.8,112.8,112.8,0,19125,0
FINNIFTY31DEC2424250PE.NFO,2024-12-16,11:59:00,2024-12-31,112.8,112.8,112.8,112.8,0,19125,0
FINNIFTY31DEC2424250PE.NFO,2024-12-16,12:00:00,2024-12-31,112.8,112.8,112.8,112.8,0,19125,0
FINNIFTY31DEC2424250PE.NFO,2024-12-16,12:01:00,2024-12-31,112.8,118.0,112.8,118.0,300,19000,0
FINNIFTY31DEC2424250PE.NFO,2024-12-16,12:02:00,2024-12-31,117.65,117.65,117.3,117.3,1600,19000,0
FINNIFTY31DEC2424250PE.NFO,2024-12-16,12:03:00,2024-12-31,117.3,117.3,117.3,117.3,0,19000,0
FINNIFTY31DEC2424250PE.NFO,2024-12-16,12:04:00,2024-12-31,117.3,118.65,116.45,116.45,850,19400,0
FINNIFTY31DEC2424250PE.NFO,2024-12-16,12:05:00,2024-12-31,116.45,118.45,116.15,116.15,275,19400,0
FINNIFTY31DEC2424250PE.NFO,2024-12-16,12:06:00,2024-12-31,116.15,116.15,116.15,116.15,0,19400,0
FINNIFTY31DEC2424250PE.NFO,2024-12-16,12:07:00,2024-12-31,116.15,118.6,116.15,118.6,75,19400,0
FINNIFTY31DEC2424250PE.NFO,2024-12-16,12:08:00,2024-12-31,118.6,120.7,118.6,120.0,500,19325,0
FINNIFTY31DEC2424250PE.NFO,2024-12-16,12:09:00,2024-12-31,120.0,120.0,120.0,120.0,0,19325,0
FINNIFTY31DEC2424250PE.NFO,2024-12-16,12:10:00,2024-12-31,120.0,121.8,120.0,121.7,525,19125,0
FINNIFTY31DEC2424250PE.NFO,2024-12-16,12:11:00,2024-12-31,121.7,121.7,118.05,118.05,25,19125,0
FINNIFTY31DEC2424250PE.NFO,2024-12-16,12:12:00,2024-12-31,118.05,118.65,118.05,118.65,25,19125,0
FINNIFTY31DEC2424250PE.NFO,2024-12-16,12:13:00,2024-12-31,118.65,118.65,118.65,118.65,0,19125,0
FINNIFTY31DEC2424250PE.NFO,2024-12-16,12:14:00,2024-12-31,118.65,120.95,118.65,120.95,25,18700,0
FINNIFTY31DEC2424250PE.NFO,2024-12-16,12:15:00,2024-12-31,120.95,120.95,120.25,120.25,25,18700,0
FINNIFTY31DEC2424250PE.NFO,2024-12-16,12:16:00,2024-12-31,120.25,120.25,120.25,120.25,0,18700,0
FINNIFTY31DEC2424250PE.NFO,2024-12-16,12:17:00,2024-12-31,120.25,120.25,118.0,118.0,25,18700,0
FINNIFTY31DEC2424250PE.NFO,2024-12-16,12:18:00,2024-12-31,118.0,118.0,118.0,118.0,0,18700,0
FINNIFTY31DEC2424250PE.NFO,2024-12-16,12:19:00,2024-12-31,118.0,118.0,118.0,118.0,0,18700,0
FINNIFTY31DEC2424250PE.NFO,2024-12-16,12:20:00,2024-12-31,118.0,118.0,118.0,118.0,0,18700,0
FINNIFTY31DEC2424250PE.NFO,2024-12-16,12:21:00,2024-12-31,118.0,118.0,118.0,118.0,0,18700,0
FINNIFTY31DEC2424250PE.NFO,2024-12-16,12:22:00,2024-12-31,118.0,118.0,118.0,118.0,0,18700,0
FINNIFTY31DEC2424250PE.NFO,2024-12-16,12:23:00,2024-12-31,118.0,118.0,118.0,118.0,0,18700,0
FINNIFTY31DEC2424250PE.NFO,2024-12-16,12:24:00,2024-12-31,118.0,118.0,118.0,118.0,0,18700,0
FINNIFTY31DEC2424250PE.NFO,2024-12-16,12:25:00,2024-12-31,118.0,118.0,118.0,118.0,0,18700,0
FINNIFTY31DEC2424250PE.NFO,2024-12-16,12:26:00,2024-12-31,118.0,118.0,118.0,118.0,0,18700,0
FINNIFTY31DEC2424250PE.NFO,2024-12-16,12:27:00,2024-12-31,118.0,118.0,114.55,114.55,25,18700,0
FINNIFTY31DEC2424250PE.NFO,2024-12-16,12:28:00,2024-12-31,114.55,114.55,114.55,114.55,0,18700,0
FINNIFTY31DEC2424250PE.NFO,2024-12-16,12:29:00,2024-12-31,114.55,114.55,114.55,114.55,0,18700,0
FINNIFTY31DEC2424250PE.NFO,2024-12-16,12:30:00,2024-12-31,114.55,114.55,114.55,114.55,0,18700,0
FINNIFTY31DEC2424250PE.NFO,2024-12-16,12:31:00,2024-12-31,114.55,114.55,114.55,114.55,0,18700,0
FINNIFTY31DEC2424250PE.NFO,2024-12-16,12:32:00,2024-12-31,114.55,114.55,114.55,114.55,0,18700,0
FINNIFTY31DEC2424250PE.NFO,2024-12-16,12:33:00,2024-12-31,114.55,114.55,114.55,114.55,0,18700,0
FINNIFTY31DEC2424250PE.NFO,2024-12-16,12:34:00,2024-12-31,114.55,114.55,114.55,114.55,0,18700,0
FINNIFTY31DEC2424250PE.NFO,2024-12-16,12:35:00,2024-12-31,114.55,114.55,114.55,114.55,0,18700,0
FINNIFTY31DEC2424250PE.NFO,2024-12-16,12:36:00,2024-12-31,114.55,114.55,114.55,114.55,0,18700,0
FINNIFTY31DEC2424250PE.NFO,2024-12-16,12:37:00,2024-12-31,114.55,114.55,114.55,114.55,0,18700,0
FINNIFTY31DEC2424250PE.NFO,2024-12-16,12:38:00,2024-12-31,114.55,114.55,114.55,114.55,0,18700,0
FINNIFTY31DEC2424250PE.NFO,2024-12-16,12:39:00,2024-12-31,114.55,114.55,114.55,114.55,0,18700,0
FINNIFTY31DEC2424250PE.NFO,2024-12-16,12:40:00,2024-12-31,114.55,114.55,114.55,114.55,0,18700,0
FINNIFTY31DEC2424250PE.NFO,2024-12-16,12:41:00,2024-12-31,114.55,114.55,114.55,114.55,0,18700,0
FINNIFTY31DEC2424250PE.NFO,2024-12-16,12:42:00,2024-12-31,114.55,114.55,113.2,113.2,100,18700,0
FINNIFTY31DEC2424250PE.NFO,2024-12-16,12:43:00,2024-12-31,113.2,113.2,113.2,113.2,0,18700,0
FINNIFTY31DEC2424250PE.NFO,2024-12-16,12:44:00,2024-12-31,113.2,113.2,113.2,113.2,0,18700,0
FINNIFTY31DEC2424250PE.NFO,2024-12-16,12:45:00,2024-12-31,113.2,113.2,109.9,110.7,300,18775,0
FINNIFTY31DEC2424250PE.NFO,2024-12-16,12:46:00,2024-12-31,110.7,110.7,110.7,110.7,0,18775,0
FINNIFTY31DEC2424250PE.NFO,2024-12-16,12:47:00,2024-12-31,110.7,110.7,110.7,110.7,0,18775,0
FINNIFTY31DEC2424250PE.NFO,2024-12-16,12:48:00,2024-12-31,110.7,110.7,110.7,110.7,0,18775,0
FINNIFTY31DEC2424250PE.NFO,2024-12-16,12:49:00,2024-12-31,110.7,110.7,110.7,110.7,0,18775,0
FINNIFTY31DEC2424250PE.NFO,2024-12-16,12:50:00,2024-12-31,110.7,110.7,110.7,110.7,0,18775,0
FINNIFTY31DEC2424250PE.NFO,2024-12-16,12:51:00,2024-12-31,110.7,110.7,110.7,110.7,0,18775,0
FINNIFTY31DEC2424250PE.NFO,2024-12-16,12:52:00,2024-12-31,110.7,110.7,110.7,110.7,0,18775,0
FINNIFTY31DEC2424250PE.NFO,2024-12-16,12:53:00,2024-12-31,110.7,110.7,110.7,110.7,0,18775,0
FINNIFTY31DEC2424250PE.NFO,2024-12-16,12:54:00,2024-12-31,110.7,110.7,110.7,110.7,0,18775,0
FINNIFTY31DEC2424250PE.NFO,2024-12-16,12:55:00,2024-12-31,110.7,110.7,110.7,110.7,0,18775,0
FINNIFTY31DEC2424250PE.NFO,2024-12-16,12:56:00,2024-12-31,110.7,110.7,110.7,110.7,0,18775,0
FINNIFTY31DEC2424250PE.NFO,2024-12-16,12:57:00,2024-12-31,110.7,110.7,110.7,110.7,0,18775,0
FINNIFTY31DEC2424250PE.NFO,2024-12-16,12:58:00,2024-12-31,110.7,110.7,110.7,110.7,0,18775,0
FINNIFTY31DEC2424250PE.NFO,2024-12-16,12:59:00,2024-12-31,110.7,110.7,110.7,110.7,0,18775,0
FINNIFTY31DEC2424250PE.NFO,2024-12-16,13:00:00,2024-12-31,110.7,110.7,108.0,108.0,25,18500,0
FINNIFTY31DEC2424250PE.NFO,2024-12-16,13:01:00,2024-12-31,108.0,108.0,108.0,108.0,0,18500,0
FINNIFTY31DEC2424250PE.NFO,2024-12-16,13:02:00,2024-12-31,108.0,108.0,108.0,108.0,0,18500,0
FINNIFTY31DEC2424250PE.NFO,2024-12-16,13:03:00,2024-12-31,108.0,108.0,104.3,105.9,550,18525,0
FINNIFTY31DEC2424250PE.NFO,2024-12-16,13:04:00,2024-12-31,105.9,105.9,105.9,105.9,0,18525,0
FINNIFTY31DEC2424250PE.NFO,2024-12-16,13:05:00,2024-12-31,105.9,105.9,99.9,99.9,575,18825,0
FINNIFTY31DEC2424250PE.NFO,2024-12-16,13:06:00,2024-12-31,99.9,103.4,99.9,102.1,100,18825,0
FINNIFTY31DEC2424250PE.NFO,2024-12-16,13:07:00,2024-12-31,102.1,102.1,102.1,102.1,0,18825,0
FINNIFTY31DEC2424250PE.NFO,2024-12-16,13:08:00,2024-12-31,102.1,102.1,102.1,102.1,0,18825,0
FINNIFTY31DEC2424250PE.NFO,2024-12-16,13:09:00,2024-12-31,102.1,102.1,102.1,102.1,0,18825,0
FINNIFTY31DEC2424250PE.NFO,2024-12-16,13:10:00,2024-12-31,102.1,102.1,102.1,102.1,0,18825,0
FINNIFTY31DEC2424250PE.NFO,2024-12-16,13:11:00,2024-12-31,102.1,102.1,102.1,102.1,0,18825,0
FINNIFTY31DEC2424250PE.NFO,2024-12-16,13:12:00,2024-12-31,102.1,102.1,102.1,102.1,0,18825,0
FINNIFTY31DEC2424250PE.NFO,2024-12-16,13:13:00,2024-12-31,102.1,102.1,102.1,102.1,0,18825,0
FINNIFTY31DEC2424250PE.NFO,2024-12-16,13:14:00,2024-12-31,102.1,102.1,102.1,102.1,0,18825,0
FINNIFTY31DEC2424250PE.NFO,2024-12-16,13:15:00,2024-12-31,102.1,102.1,101.8,101.8,25,18425,0
FINNIFTY31DEC2424250PE.NFO,2024-12-16,13:16:00,2024-12-31,101.8,101.85,101.8,101.85,175,18425,0
FINNIFTY31DEC2424250PE.NFO,2024-12-16,13:17:00,2024-12-31,101.85,101.85,99.0,99.0,100,18425,0
FINNIFTY31DEC2424250PE.NFO,2024-12-16,13:18:00,2024-12-31,99.0,99.0,99.0,99.0,0,18425,0
FINNIFTY31DEC2424250PE.NFO,2024-12-16,13:19:00,2024-12-31,99.0,99.0,99.0,99.0,0,18425,0
FINNIFTY31DEC2424250PE.NFO,2024-12-16,13:20:00,2024-12-31,99.0,99.0,99.0,99.0,0,18425,0
FINNIFTY31DEC2424250PE.NFO,2024-12-16,13:21:00,2024-12-31,99.0,99.0,95.0,95.0,50,18675,0
FINNIFTY31DEC2424250PE.NFO,2024-12-16,13:22:00,2024-12-31,95.0,95.0,94.4,94.4,200,18675,0
FINNIFTY31DEC2424250PE.NFO,2024-12-16,13:23:00,2024-12-31,94.4,95.6,94.4,95.6,25,18600,0
FINNIFTY31DEC2424250PE.NFO,2024-12-16,13:24:00,2024-12-31,95.6,95.6,95.6,95.6,0,18600,0
FINNIFTY31DEC2424250PE.NFO,2024-12-16,13:25:00,2024-12-31,95.6,95.6,95.6,95.6,0,18600,0
FINNIFTY31DEC2424250PE.NFO,2024-12-16,13:26:00,2024-12-31,95.6,95.6,95.6,95.6,0,18600,0
FINNIFTY31DEC2424250PE.NFO,2024-12-16,13:27:00,2024-12-31,95.6,99.7,95.6,99.7,50,18625,0
FINNIFTY31DEC2424250PE.NFO,2024-12-16,13:28:00,2024-12-31,99.7,99.7,99.7,99.7,0,18625,0
FINNIFTY31DEC2424250PE.NFO,2024-12-16,13:29:00,2024-12-31,99.7,99.7,99.7,99.7,0,18625,0
FINNIFTY31DEC2424250PE.NFO,2024-12-16,13:30:00,2024-12-31,99.7,99.7,99.7,99.7,0,18625,0
FINNIFTY31DEC2424250PE.NFO,2024-12-16,13:31:00,2024-12-31,99.7,99.7,99.7,99.7,0,18625,0
FINNIFTY31DEC2424250PE.NFO,2024-12-16,13:32:00,2024-12-31,99.7,99.7,99.7,99.7,0,18625,0
FINNIFTY31DEC2424250PE.NFO,2024-12-16,13:33:00,2024-12-31,99.7,99.7,98.05,98.05,25,18625,0
FINNIFTY31DEC2424250PE.NFO,2024-12-16,13:34:00,2024-12-31,98.05,98.05,98.05,98.05,0,18625,0
FINNIFTY31DEC2424250PE.NFO,2024-12-16,13:35:00,2024-12-31,98.05,98.05,96.65,96.65,275,18650,0
FINNIFTY31DEC2424250PE.NFO,2024-12-16,13:36:00,2024-12-31,96.65,96.65,96.65,96.65,0,18650,0
FINNIFTY31DEC2424250PE.NFO,2024-12-16,13:37:00,2024-12-31,96.65,96.65,96.65,96.65,0,18650,0
FINNIFTY31DEC2424250PE.NFO,2024-12-16,13:38:00,2024-12-31,96.65,96.65,96.65,96.65,0,18650,0
FINNIFTY31DEC2424250PE.NFO,2024-12-16,13:39:00,2024-12-31,96.65,96.65,96.65,96.65,0,18650,0
FINNIFTY31DEC2424250PE.NFO,2024-12-16,13:40:00,2024-12-31,96.65,96.65,92.0,92.05,600,18950,0
FINNIFTY31DEC2424250PE.NFO,2024-12-16,13:41:00,2024-12-31,92.05,92.95,92.0,92.0,575,18950,0
FINNIFTY31DEC2424250PE.NFO,2024-12-16,13:42:00,2024-12-31,92.0,92.15,92.0,92.15,25,18950,0
FINNIFTY31DEC2424250PE.NFO,2024-12-16,13:43:00,2024-12-31,92.15,92.15,92.15,92.15,0,18950,0
FINNIFTY31DEC2424250PE.NFO,2024-12-16,13:44:00,2024-12-31,92.15,92.15,92.15,92.15,0,18950,0
FINNIFTY31DEC2424250PE.NFO,2024-12-16,13:45:00,2024-12-31,92.15,92.15,92.15,92.15,0,18950,0
FINNIFTY31DEC2424250PE.NFO,2024-12-16,13:46:00,2024-12-31,92.15,92.15,92.15,92.15,0,18950,0
FINNIFTY31DEC2424250PE.NFO,2024-12-16,13:47:00,2024-12-31,92.15,94.25,92.15,94.25,750,19875,0
FINNIFTY31DEC2424250PE.NFO,2024-12-16,13:48:00,2024-12-31,94.25,97.4,94.25,97.4,1675,19875,0
FINNIFTY31DEC2424250PE.NFO,2024-12-16,13:49:00,2024-12-31,97.4,97.4,96.5,97.0,75,20200,0
FINNIFTY31DEC2424250PE.NFO,2024-12-16,13:50:00,2024-12-31,97.0,97.0,95.05,95.05,50,20200,0
FINNIFTY31DEC2424250PE.NFO,2024-12-16,13:51:00,2024-12-31,95.05,95.05,95.05,95.05,0,20200,0
FINNIFTY31DEC2424250PE.NFO,2024-12-16,13:52:00,2024-12-31,95.05,95.65,95.05,95.65,25,20175,0
FINNIFTY31DEC2424250PE.NFO,2024-12-16,13:53:00,2024-12-31,95.65,95.65,93.3,94.6,50,20175,0
FINNIFTY31DEC2424250PE.NFO,2024-12-16,13:54:00,2024-12-31,94.6,94.6,93.35,93.35,25,20175,0
FINNIFTY31DEC2424250PE.NFO,2024-12-16,13:55:00,2024-12-31,93.35,93.35,93.35,93.35,0,20175,0
FINNIFTY31DEC2424250PE.NFO,2024-12-16,13:56:00,2024-12-31,93.35,93.35,93.35,93.35,0,20175,0
FINNIFTY31DEC2424250PE.NFO,2024-12-16,13:57:00,2024-12-31,93.35,93.35,93.35,93.35,0,20175,0
FINNIFTY31DEC2424250PE.NFO,2024-12-16,13:58:00,2024-12-31,93.35,93.35,93.35,93.35,0,20175,0
FINNIFTY31DEC2424250PE.NFO,2024-12-16,13:59:00,2024-12-31,93.35,96.3,93.35,93.65,550,20150,0
FINNIFTY31DEC2424250PE.NFO,2024-12-16,14:00:00,2024-12-31,93.65,93.65,93.65,93.65,0,20150,0
FINNIFTY31DEC2424250PE.NFO,2024-12-16,14:01:00,2024-12-31,93.65,93.65,92.2,92.2,200,20150,0
FINNIFTY31DEC2424250PE.NFO,2024-12-16,14:02:00,2024-12-31,92.2,92.2,89.55,89.55,175,19875,0
FINNIFTY31DEC2424250PE.NFO,2024-12-16,14:03:00,2024-12-31,89.55,89.55,89.55,89.55,0,19875,0
FINNIFTY31DEC2424250PE.NFO,2024-12-16,14:04:00,2024-12-31,89.55,90.7,89.45,89.45,50,19925,0
FINNIFTY31DEC2424250PE.NFO,2024-12-16,14:05:00,2024-12-31,89.45,89.45,89.45,89.45,0,19925,0
FINNIFTY31DEC2424250PE.NFO,2024-12-16,14:06:00,2024-12-31,89.45,89.45,89.45,89.45,0,19925,0
FINNIFTY31DEC2424250PE.NFO,2024-12-16,14:07:00,2024-12-31,89.45,90.75,89.45,90.75,25,19925,0
FINNIFTY31DEC2424250PE.NFO,2024-12-16,14:08:00,2024-12-31,90.75,90.75,90.75,90.75,0,19925,0
FINNIFTY31DEC2424250PE.NFO,2024-12-16,14:09:00,2024-12-31,90.75,90.75,90.75,90.75,0,19925,0
FINNIFTY31DEC2424250PE.NFO,2024-12-16,14:10:00,2024-12-31,90.75,90.75,89.0,89.0,75,19975,0
FINNIFTY31DEC2424250PE.NFO,2024-12-16,14:11:00,2024-12-31,89.0,90.6,89.0,90.6,175,19975,0
FINNIFTY31DEC2424250PE.NFO,2024-12-16,14:12:00,2024-12-31,90.6,90.6,90.6,90.6,0,19975,0
FINNIFTY31DEC2424250PE.NFO,2024-12-16,14:13:00,2024-12-31,90.6,95.25,90.6,95.25,325,20200,0
FINNIFTY31DEC2424250PE.NFO,2024-12-16,14:14:00,2024-12-31,95.25,95.25,93.65,93.65,475,20200,0
FINNIFTY31DEC2424250PE.NFO,2024-12-16,14:15:00,2024-12-31,93.65,93.65,92.65,92.65,25,20200,0
FINNIFTY31DEC2424250PE.NFO,2024-12-16,14:16:00,2024-12-31,92.65,93.3,92.65,93.3,50,20575,0
FINNIFTY31DEC2424250PE.NFO,2024-12-16,14:17:00,2024-12-31,93.3,93.3,93.3,93.3,0,20575,0
FINNIFTY31DEC2424250PE.NFO,2024-12-16,14:18:00,2024-12-31,93.3,93.3,93.3,93.3,0,20575,0
FINNIFTY31DEC2424250PE.NFO,2024-12-16,14:19:00,2024-12-31,93.3,93.3,93.3,93.3,0,20575,0
FINNIFTY31DEC2424250PE.NFO,2024-12-16,14:20:00,2024-12-31,93.3,93.3,93.3,93.3,0,20575,0
FINNIFTY31DEC2424250PE.NFO,2024-12-16,14:21:00,2024-12-31,93.3,93.45,92.2,93.45,175,20525,0
FINNIFTY31DEC2424250PE.NFO,2024-12-16,14:22:00,2024-12-31,93.45,93.9,93.45,93.9,25,20550,0
FINNIFTY31DEC2424250PE.NFO,2024-12-16,14:23:00,2024-12-31,93.9,93.9,93.9,93.9,0,20550,0
FINNIFTY31DEC2424250PE.NFO,2024-12-16,14:24:00,2024-12-31,93.9,93.9,93.9,93.9,0,20550,0
FINNIFTY31DEC2424250PE.NFO,2024-12-16,14:25:00,2024-12-31,93.9,93.9,93.9,93.9,0,20550,0
FINNIFTY31DEC2424250PE.NFO,2024-12-16,14:26:00,2024-12-31,93.9,93.9,93.9,93.9,0,20550,0
FINNIFTY31DEC2424250PE.NFO,2024-12-16,14:27:00,2024-12-31,93.9,93.9,93.9,93.9,0,20550,0
FINNIFTY31DEC2424250PE.NFO,2024-12-16,14:28:00,2024-12-31,93.9,93.9,93.9,93.9,0,20550,0
FINNIFTY31DEC2424250PE.NFO,2024-12-16,14:29:00,2024-12-31,93.9,93.9,93.9,93.9,0,20550,0
FINNIFTY31DEC2424250PE.NFO,2024-12-16,14:30:00,2024-12-31,93.9,93.9,93.9,93.9,0,20550,0
FINNIFTY31DEC2424250PE.NFO,2024-12-16,14:31:00,2024-12-31,93.9,93.9,93.9,93.9,0,20550,0
FINNIFTY31DEC2424250PE.NFO,2024-12-16,14:32:00,2024-12-31,93.9,93.9,93.9,93.9,0,20550,0
FINNIFTY31DEC2424250PE.NFO,2024-12-16,14:33:00,2024-12-31,93.9,93.9,93.9,93.9,0,20550,0
FINNIFTY31DEC2424250PE.NFO,2024-12-16,14:34:00,2024-12-31,93.9,93.9,93.1,93.15,375,20550,0
FINNIFTY31DEC2424250PE.NFO,2024-12-16,14:35:00,2024-12-31,93.15,93.15,93.15,93.15,0,20550,0
FINNIFTY31DEC2424250PE.NFO,2024-12-16,14:36:00,2024-12-31,93.15,93.15,91.05,91.25,75,20550,0
FINNIFTY31DEC2424250PE.NFO,2024-12-16,14:37:00,2024-12-31,91.25,91.25,89.6,89.6,50,20550,0
FINNIFTY31DEC2424250PE.NFO,2024-12-16,14:38:00,2024-12-31,89.6,89.6,89.6,89.6,0,20550,0
FINNIFTY31DEC2424250PE.NFO,2024-12-16,14:39:00,2024-12-31,89.6,90.7,89.6,89.6,100,20600,0
FINNIFTY31DEC2424250PE.NFO,2024-12-16,14:40:00,2024-12-31,89.6,89.95,89.6,89.95,25,20600,0
FINNIFTY31DEC2424250PE.NFO,2024-12-16,14:41:00,2024-12-31,89.95,89.95,89.95,89.95,0,20600,0
FINNIFTY31DEC2424250PE.NFO,2024-12-16,14:42:00,2024-12-31,89.95,89.95,89.95,89.95,0,20600,0
FINNIFTY31DEC2424250PE.NFO,2024-12-16,14:43:00,2024-12-31,89.95,89.95,86.55,87.05,225,20550,0
FINNIFTY31DEC2424250PE.NFO,2024-12-16,14:44:00,2024-12-31,87.05,87.05,87.05,87.05,0,20550,0
FINNIFTY31DEC2424250PE.NFO,2024-12-16,14:45:00,2024-12-31,87.05,87.05,85.55,85.55,75,20550,0
FINNIFTY31DEC2424250PE.NFO,2024-12-16,14:46:00,2024-12-31,85.55,85.55,85.55,85.55,0,20550,0
FINNIFTY31DEC2424250PE.NFO,2024-12-16,14:47:00,2024-12-31,85.55,85.55,85.55,85.55,0,20550,0
FINNIFTY31DEC2424250PE.NFO,2024-12-16,14:48:00,2024-12-31,85.55,85.55,85.55,85.55,0,20550,0
FINNIFTY31DEC2424250PE.NFO,2024-12-16,14:49:00,2024-12-31,85.55,85.55,85.55,85.55,0,20550,0
FINNIFTY31DEC2424250PE.NFO,2024-12-16,14:50:00,2024-12-31,85.55,85.55,85.55,85.55,0,20550,0
FINNIFTY31DEC2424250PE.NFO,2024-12-16,14:51:00,2024-12-31,85.55,85.55,85.55,85.55,0,20550,0
FINNIFTY31DEC2424250PE.NFO,2024-12-16,14:52:00,2024-12-31,85.55,85.55,85.55,85.55,0,20550,0
FINNIFTY31DEC2424250PE.NFO,2024-12-16,14:53:00,2024-12-31,85.55,85.55,85.55,85.55,0,20550,0
FINNIFTY31DEC2424250PE.NFO,2024-12-16,14:54:00,2024-12-31,85.55,90.0,85.55,90.0,75,20300,0
FINNIFTY31DEC2424250PE.NFO,2024-12-16,14:55:00,2024-12-31,90.0,90.0,87.9,87.9,250,20300,0
FINNIFTY31DEC2424250PE.NFO,2024-12-16,14:56:00,2024-12-31,87.9,87.9,87.9,87.9,0,20300,0
FINNIFTY31DEC2424250PE.NFO,2024-12-16,14:57:00,2024-12-31,87.9,87.9,87.9,87.9,0,20300,0
FINNIFTY31DEC2424250PE.NFO,2024-12-16,14:58:00,2024-12-31,87.9,87.9,87.9,87.9,0,20300,0
FINNIFTY31DEC2424250PE.NFO,2024-12-16,14:59:00,2024-12-31,87.9,87.9,87.8,87.8,75,20100,0
FINNIFTY31DEC2424250PE.NFO,2024-12-16,15:00:00,2024-12-31,87.8,87.8,85.55,85.55,25,20100,0
FINNIFTY31DEC2424250PE.NFO,2024-12-16,15:01:00,2024-12-31,85.55,85.55,85.55,85.55,0,20100,0
FINNIFTY31DEC2424250PE.NFO,2024-12-16,15:02:00,2024-12-31,85.55,85.55,85.55,85.55,0,20100,0
FINNIFTY31DEC2424250PE.NFO,2024-12-16,15:03:00,2024-12-31,85.55,85.55,85.55,85.55,0,20100,0
FINNIFTY31DEC2424250PE.NFO,2024-12-16,15:04:00,2024-12-31,85.55,85.55,85.55,85.55,0,20100,0
FINNIFTY31DEC2424250PE.NFO,2024-12-16,15:05:00,2024-12-31,85.55,85.55,85.55,85.55,0,20100,0
FINNIFTY31DEC2424250PE.NFO,2024-12-16,15:06:00,2024-12-31,85.55,85.55,85.55,85.55,0,20100,0
FINNIFTY31DEC2424250PE.NFO,2024-12-16,15:07:00,2024-12-31,85.55,88.05,85.55,88.05,25,20175,0
FINNIFTY31DEC2424250PE.NFO,2024-12-16,15:08:00,2024-12-31,88.05,91.2,88.05,91.2,175,20175,0
FINNIFTY31DEC2424250PE.NFO,2024-12-16,15:09:00,2024-12-31,91.2,91.2,91.05,91.05,25,20175,0
FINNIFTY31DEC2424250PE.NFO,2024-12-16,15:10:00,2024-12-31,91.05,91.05,91.05,91.05,0,20175,0
FINNIFTY31DEC2424250PE.NFO,2024-12-16,15:11:00,2024-12-31,91.05,91.05,91.05,91.05,0,20175,0
FINNIFTY31DEC2424250PE.NFO,2024-12-16,15:12:00,2024-12-31,91.05,92.5,91.05,92.5,25,20325,0
FINNIFTY31DEC2424250PE.NFO,2024-12-16,15:13:00,2024-12-31,92.5,92.5,91.45,91.45,25,20325,0
FINNIFTY31DEC2424250PE.NFO,2024-12-16,15:14:00,2024-12-31,91.45,91.45,91.45,91.45,0,20325,0
FINNIFTY31DEC2424250PE.NFO,2024-12-16,15:15:00,2024-12-31,91.45,91.45,91.45,91.45,0,20325,0
FINNIFTY31DEC2424250PE.NFO,2024-12-16,15:16:00,2024-12-31,91.45,91.45,90.8,90.8,100,20300,0
FINNIFTY31DEC2424250PE.NFO,2024-12-16,15:17:00,2024-12-31,90.8,90.8,89.45,89.45,25,20225,0
FINNIFTY31DEC2424250PE.NFO,2024-12-16,15:18:00,2024-12-31,89.45,89.45,89.45,89.45,0,20225,0
FINNIFTY31DEC2424250PE.NFO,2024-12-16,15:19:00,2024-12-31,89.45,90.8,89.45,90.8,25,20225,0
FINNIFTY31DEC2424250PE.NFO,2024-12-16,15:20:00,2024-12-31,90.8,90.8,90.8,90.8,0,20225,0
FINNIFTY31DEC2424250PE.NFO,2024-12-16,15:21:00,2024-12-31,90.8,90.8,90.8,90.8,0,20225,0
FINNIFTY31DEC2424250PE.NFO,2024-12-16,15:22:00,2024-12-31,90.8,90.8,90.8,90.8,0,20225,0
FINNIFTY31DEC2424250PE.NFO,2024-12-16,15:23:00,2024-12-31,90.8,90.8,90.8,90.8,0,20225,0
FINNIFTY31DEC2424250PE.NFO,2024-12-16,15:24:00,2024-12-31,90.8,93.6,90.8,93.6,125,20200,0
FINNIFTY31DEC2424250PE.NFO,2024-12-16,15:25:00,2024-12-31,93.6,94.4,92.65,94.4,300,20200,0
FINNIFTY31DEC2424250PE.NFO,2024-12-16,15:26:00,2024-12-31,94.4,94.4,93.25,93.25,25,20200,0
FINNIFTY31DEC2424250PE.NFO,2024-12-16,15:27:00,2024-12-31,93.25,93.25,93.25,93.25,0,20200,0
FINNIFTY31DEC2424250PE.NFO,2024-12-16,15:28:00,2024-12-31,93.25,94.1,93.25,94.1,25,20200,0
FINNIFTY31DEC2424250PE.NFO,2024-12-16,15:29:00,2024-12-31,94.1,94.75,94.1,94.35,400,20175,0
FINNIFTY31DEC2424250PE.NFO,2024-12-16,15:30:00,2024-12-31,94.35,94.35,94.35,94.35,400,20175,1
FINNIFTY31DEC2424250PE.NFO,2024-12-17,09:15:00,2024-12-31,103.05,103.05,103.05,103.05,0,0,0
FINNIFTY31DEC2424250PE.NFO,2024-12-17,09:16:00,2024-12-31,102.8,103.35,102.8,103.35,25,19575,0
FINNIFTY31DEC2424250PE.NFO,2024-12-17,09:17:00,2024-12-31,103.35,108.0,103.35,108.0,325,19575,0
FINNIFTY31DEC2424250PE.NFO,2024-12-17,09:18:00,2024-12-31,108.0,110.8,106.9,106.9,150,19600,0
FINNIFTY31DEC2424250PE.NFO,2024-12-17,09:19:00,2024-12-31,106.9,106.9,106.9,106.9,0,19600,0
FINNIFTY31DEC2424250PE.NFO,2024-12-17,09:20:00,2024-12-31,106.9,107.4,106.9,107.4,25,19600,0
FINNIFTY31DEC2424250PE.NFO,2024-12-17,09:21:00,2024-12-31,107.4,107.4,107.4,107.4,0,19600,0
FINNIFTY31DEC2424250PE.NFO,2024-12-17,09:22:00,2024-12-31,107.4,112.75,107.4,112.75,75,19550,0
FINNIFTY31DEC2424250PE.NFO,2024-12-17,09:23:00,2024-12-31,112.75,113.5,110.25,110.25,150,19550,0
FINNIFTY31DEC2424250PE.NFO,2024-12-17,09:24:00,2024-12-31,110.25,110.25,110.25,110.25,0,19550,0
FINNIFTY31DEC2424250PE.NFO,2024-12-17,09:25:00,2024-12-31,110.25,110.25,110.25,110.25,0,19550,0
FINNIFTY31DEC2424250PE.NFO,2024-12-17,09:26:00,2024-12-31,110.25,110.25,109.95,109.95,50,19625,0
FINNIFTY31DEC2424250PE.NFO,2024-12-17,09:27:00,2024-12-31,109.95,112.4,109.95,112.4,25,19625,0
FINNIFTY31DEC2424250PE.NFO,2024-12-17,09:28:00,2024-12-31,112.4,112.4,112.4,112.4,0,19625,0
FINNIFTY31DEC2424250PE.NFO,2024-12-17,09:29:00,2024-12-31,112.4,113.0,112.0,113.0,50,19700,0
FINNIFTY31DEC2424250PE.NFO,2024-12-17,09:30:00,2024-12-31,113.0,113.0,113.0,113.0,0,19700,0
FINNIFTY31DEC2424250PE.NFO,2024-12-17,09:31:00,2024-12-31,113.0,113.1,113.0,113.1,25,19675,0
FINNIFTY31DEC2424250PE.NFO,2024-12-17,09:32:00,2024-12-31,113.1,113.5,113.1,113.5,25,19675,0
FINNIFTY31DEC2424250PE.NFO,2024-12-17,09:33:00,2024-12-31,113.5,113.5,113.5,113.5,0,19675,0
FINNIFTY31DEC2424250PE.NFO,2024-12-17,09:34:00,2024-12-31,113.5,114.5,113.5,114.5,75,19700,0
FINNIFTY31DEC2424250PE.NFO,2024-12-17,09:35:00,2024-12-31,114.5,114.5,114.5,114.5,0,19700,0
FINNIFTY31DEC2424250PE.NFO,2024-12-17,09:36:00,2024-12-31,114.5,122.1,114.5,119.55,125,19725,0
FINNIFTY31DEC2424250PE.NFO,2024-12-17,09:37:00,2024-12-31,119.55,122.5,119.55,120.75,325,19725,0
FINNIFTY31DEC2424250PE.NFO,2024-12-17,09:38:00,2024-12-31,120.75,120.9,120.75,120.9,100,19725,0
FINNIFTY31DEC2424250PE.NFO,2024-12-17,09:39:00,2024-12-31,120.9,121.7,120.9,121.0,500,19725,0
FINNIFTY31DEC2424250PE.NFO,2024-12-17,09:40:00,2024-12-31,121.0,123.95,121.0,123.95,25,19850,0
FINNIFTY31DEC2424250PE.NFO,2024-12-17,09:41:00,2024-12-31,123.95,123.95,119.0,120.0,50,19850,0
FINNIFTY31DEC2424250PE.NFO,2024-12-17,09:42:00,2024-12-31,120.0,120.0,120.0,120.0,0,19850,0
FINNIFTY31DEC2424250PE.NFO,2024-12-17,09:43:00,2024-12-31,120.0,126.0,120.0,126.0,75,19875,0
FINNIFTY31DEC2424250PE.NFO,2024-12-17,09:44:00,2024-12-31,126.0,126.0,120.5,120.8,775,19875,0
FINNIFTY31DEC2424250PE.NFO,2024-12-17,09:45:00,2024-12-31,120.8,126.45,120.8,126.45,225,19725,0
FINNIFTY31DEC2424250PE.NFO,2024-12-17,09:46:00,2024-12-31,126.45,129.0,125.95,127.8,900,19725,0
FINNIFTY31DEC2424250PE.NFO,2024-12-17,09:47:00,2024-12-31,127.8,127.8,127.8,127.8,0,19725,0
FINNIFTY31DEC2424250PE.NFO,2024-12-17,09:48:00,2024-12-31,127.8,130.0,124.05,129.75,400,19725,0
FINNIFTY31DEC2424250PE.NFO,2024-12-17,09:49:00,2024-12-31,129.75,139.75,129.75,135.55,1825,19675,0
FINNIFTY31DEC2424250PE.NFO,2024-12-17,09:50:00,2024-12-31,135.55,142.9,135.55,141.05,100,19675,0
FINNIFTY31DEC2424250PE.NFO,2024-12-17,09:51:00,2024-12-31,141.05,141.05,137.55,138.95,50,19675,0
FINNIFTY31DEC2424250PE.NFO,2024-12-17,09:52:00,2024-12-31,138.95,141.05,138.95,141.05,125,19875,0
FINNIFTY31DEC2424250PE.NFO,2024-12-17,09:53:00,2024-12-31,141.05,141.05,136.2,136.2,700,19875,0
FINNIFTY31DEC2424250PE.NFO,2024-12-17,09:54:00,2024-12-31,136.2,136.2,136.1,136.1,25,19875,0
FINNIFTY31DEC2424250PE.NFO,2024-12-17,09:55:00,2024-12-31,136.1,136.1,132.05,132.05,25,19600,0
FINNIFTY31DEC2424250PE.NFO,2024-12-17,09:56:00,2024-12-31,132.05,138.95,132.05,138.95,150,19600,0
FINNIFTY31DEC2424250PE.NFO,2024-12-17,09:57:00,2024-12-31,138.95,138.95,132.05,132.05,25,19600,0
FINNIFTY31DEC2424250PE.NFO,2024-12-17,09:58:00,2024-12-31,132.05,137.85,132.05,135.0,275,19425,0
FINNIFTY31DEC2424250PE.NFO,2024-12-17,09:59:00,2024-12-31,135.0,137.05,135.0,137.05,25,19425,0
FINNIFTY31DEC2424250PE.NFO,2024-12-17,10:00:00,2024-12-31,137.05,141.75,137.05,139.55,275,19425,0
FINNIFTY31DEC2424250PE.NFO,2024-12-17,10:01:00,2024-12-31,139.55,143.05,139.55,141.9,450,19650,0
FINNIFTY31DEC2424250PE.NFO,2024-12-17,10:02:00,2024-12-31,141.9,143.0,141.0,141.0,50,19650,0
FINNIFTY31DEC2424250PE.NFO,2024-12-17,10:03:00,2024-12-31,141.0,144.5,141.0,142.65,450,19650,0
FINNIFTY31DEC2424250PE.NFO,2024-12-17,10:04:00,2024-12-31,142.65,142.65,142.65,142.65,0,19650,0
FINNIFTY31DEC2424250PE.NFO,2024-12-17,10:05:00,2024-12-31,142.65,143.9,142.65,143.9,50,19925,0
FINNIFTY31DEC2424250PE.NFO,2024-12-17,10:06:00,2024-12-31,143.9,143.9,138.65,139.2,125,19825,0
FINNIFTY31DEC2424250PE.NFO,2024-12-17,10:07:00,2024-12-31,139.2,143.75,139.2,143.2,475,19825,0
FINNIFTY31DEC2424250PE.NFO,2024-12-17,10:08:00,2024-12-31,143.2,143.35,140.55,140.55,375,19825,0
FINNIFTY31DEC2424250PE.NFO,2024-12-17,10:09:00,2024-12-31,140.55,142.15,140.55,142.15,100,19825,0
FINNIFTY31DEC2424250PE.NFO,2024-12-17,10:10:00,2024-12-31,142.15,142.15,138.9,138.9,25,19975,0
FINNIFTY31DEC2424250PE.NFO,2024-12-17,10:11:00,2024-12-31,138.9,138.9,138.9,138.9,0,19975,0
FINNIFTY31DEC2424250PE.NFO,2024-12-17,10:12:00,2024-12-31,138.9,139.75,138.9,139.75,25,19975,0
FINNIFTY31DEC2424250PE.NFO,2024-12-17,10:13:00,2024-12-31,139.75,139.75,139.75,139.75,0,19975,0
FINNIFTY31DEC2424250PE.NFO,2024-12-17,10:14:00,2024-12-31,139.75,139.75,139.75,139.75,0,19975,0
FINNIFTY31DEC2424250PE.NFO,2024-12-17,10:15:00,2024-12-31,139.75,142.5,139.75,142.5,75,19950,0
FINNIFTY31DEC2424250PE.NFO,2024-12-17,10:16:00,2024-12-31,142.5,142.5,142.5,142.5,0,19950,0
FINNIFTY31DEC2424250PE.NFO,2024-12-17,10:17:00,2024-12-31,142.5,142.5,142.5,142.5,0,19950,0
FINNIFTY31DEC2424250PE.NFO,2024-12-17,10:18:00,2024-12-31,142.5,142.5,142.5,142.5,0,19950,0
FINNIFTY31DEC2424250PE.NFO,2024-12-17,10:19:00,2024-12-31,142.5,142.5,142.5,142.5,0,19950,0
FINNIFTY31DEC2424250PE.NFO,2024-12-17,10:20:00,2024-12-31,142.5,155.0,140.5,155.0,700,19950,0
FINNIFTY31DEC2424250PE.NFO,2024-12-17,10:21:00,2024-12-31,155.0,161.3,151.35,161.3,450,19350,0
FINNIFTY31DEC2424250PE.NFO,2024-12-17,10:22:00,2024-12-31,161.3,163.95,158.5,160.55,275,19350,0
FINNIFTY31DEC2424250PE.NFO,2024-12-17,10:23:00,2024-12-31,160.55,163.75,160.5,163.05,350,19350,0
FINNIFTY31DEC2424250PE.NFO,2024-12-17,10:24:00,2024-12-31,163.05,172.8,163.05,172.5,400,19350,0
FINNIFTY31DEC2424250PE.NFO,2024-12-17,10:25:00,2024-12-31,172.5,173.9,166.6,167.4,3375,19300,0
FINNIFTY31DEC2424250PE.NFO,2024-12-17,10:26:00,2024-12-31,167.4,172.2,166.2,171.25,325,19300,0
FINNIFTY31DEC2424250PE.NFO,2024-12-17,10:27:00,2024-12-31,171.25,171.25,168.5,169.0,100,19225,0
FINNIFTY31DEC2424250PE.NFO,2024-12-17,10:28:00,2024-12-31,169.0,169.6,165.1,165.1,75,19225,0
FINNIFTY31DEC2424250PE.NFO,2024-12-17,10:29:00,2024-12-31,165.1,165.8,165.1,165.2,50,19225,0
FINNIFTY31DEC2424250PE.NFO,2024-12-17,10:30:00,2024-12-31,165.2,171.5,165.2,171.5,75,19225,0
FINNIFTY31DEC2424250PE.NFO,2024-12-17,10:31:00,2024-12-31,171.5,178.4,171.3,177.05,350,19200,0
FINNIFTY31DEC2424250PE.NFO,2024-12-17,10:32:00,2024-12-31,177.05,179.4,172.45,172.85,2775,19200,0
FINNIFTY31DEC2424250PE.NFO,2024-12-17,10:33:00,2024-12-31,172.85,176.4,172.85,176.4,1275,19200,0
FINNIFTY31DEC2424250PE.NFO,2024-12-17,10:34:00,2024-12-31,176.4,176.4,172.6,172.6,50,20225,0
FINNIFTY31DEC2424250PE.NFO,2024-12-17,10:35:00,2024-12-31,172.6,173.7,172.4,172.4,50,20225,0
FINNIFTY31DEC2424250PE.NFO,2024-12-17,10:36:00,2024-12-31,172.4,172.4,163.85,164.3,25,20225,0
FINNIFTY31DEC2424250PE.NFO,2024-12-17,10:37:00,2024-12-31,164.3,166.25,163.75,163.75,600,20175,0
FINNIFTY31DEC2424250PE.NFO,2024-12-17,10:38:00,2024-12-31,163.75,167.6,163.75,167.6,100,20175,0
FINNIFTY31DEC2424250PE.NFO,2024-12-17,10:39:00,2024-12-31,167.6,167.6,166.15,166.15,25,20175,0
FINNIFTY31DEC2424250PE.NFO,2024-12-17,10:40:00,2024-12-31,166.15,180.25,166.15,178.0,450,20650,0
FINNIFTY31DEC2424250PE.NFO,2024-12-17,10:41:00,2024-12-31,178.0,178.0,171.0,172.65,225,20650,0
FINNIFTY31DEC2424250PE.NFO,2024-12-17,10:42:00,2024-12-31,172.65,172.65,164.9,164.9,50,20650,0
FINNIFTY31DEC2424250PE.NFO,2024-12-17,10:43:00,2024-12-31,164.9,165.5,164.9,165.5,25,20525,0
FINNIFTY31DEC2424250PE.NFO,2024-12-17,10:44:00,2024-12-31,165.5,165.5,157.9,157.9,150,20525,0
FINNIFTY31DEC2424250PE.NFO,2024-12-17,10:45:00,2024-12-31,157.9,162.5,157.9,162.5,100,20525,0
FINNIFTY31DEC2424250PE.NFO,2024-12-17,10:46:00,2024-12-31,162.5,162.5,162.5,162.5,0,20525,0
FINNIFTY31DEC2424250PE.NFO,2024-12-17,10:47:00,2024-12-31,162.5,162.5,157.55,157.55,25,20425,0
FINNIFTY31DEC2424250PE.NFO,2024-12-17,10:48:00,2024-12-31,157.55,157.55,153.3,153.3,450,20425,0
FINNIFTY31DEC2424250PE.NFO,2024-12-17,10:49:00,2024-12-31,153.3,153.3,149.5,151.0,75,20300,0
FINNIFTY31DEC2424250PE.NFO,2024-12-17,10:50:00,2024-12-31,151.0,154.0,151.0,154.0,100,20300,0
FINNIFTY31DEC2424250PE.NFO,2024-12-17,10:51:00,2024-12-31,154.0,154.0,146.95,150.1,350,20300,0
FINNIFTY31DEC2424250PE.NFO,2024-12-17,10:52:00,2024-12-31,150.1,150.1,146.7,148.6,1550,20200,0
FINNIFTY31DEC2424250PE.NFO,2024-12-17,10:53:00,2024-12-31,148.6,150.1,148.6,150.1,125,20200,0
FINNIFTY31DEC2424250PE.NFO,2024-12-17,10:54:00,2024-12-31,150.1,150.1,150.1,150.1,0,20200,0
FINNIFTY31DEC2424250PE.NFO,2024-12-17,10:55:00,2024-12-31,150.1,154.55,150.1,154.55,150,19950,0
FINNIFTY31DEC2424250PE.NFO,2024-12-17,10:56:00,2024-12-31,154.55,154.55,145.0,145.0,625,19950,0
FINNIFTY31DEC2424250PE.NFO,2024-12-17,10:57:00,2024-12-31,145.0,145.0,145.0,145.0,0,19950,0
FINNIFTY31DEC2424250PE.NFO,2024-12-17,10:58:00,2024-12-31,145.0,145.0,132.85,132.85,900,20575,0
FINNIFTY31DEC2424250PE.NFO,2024-12-17,10:59:00,2024-12-31,132.85,132.85,131.65,131.65,25,20575,0
FINNIFTY31DEC2424250PE.NFO,2024-12-17,11:00:00,2024-12-31,131.65,131.65,122.0,124.3,275,20575,0
FINNIFTY31DEC2424250PE.NFO,2024-12-17,11:01:00,2024-12-31,124.3,124.3,124.3,124.3,0,20575,0
FINNIFTY31DEC2424250PE.NFO,2024-12-17,11:02:00,2024-12-31,124.3,124.3,124.3,124.3,0,20575,0
FINNIFTY31DEC2424250PE.NFO,2024-12-17,11:03:00,2024-12-31,124.3,137.65,124.3,137.65,25,21725,0
FINNIFTY31DEC2424250PE.NFO,2024-12-17,11:04:00,2024-12-31,137.65,137.65,137.65,137.65,25,21725,0
FINNIFTY31DEC2424250PE.NFO,2024-12-17,11:05:00,2024-12-31,137.65,137.65,132.1,132.1,25,21725,0
FINNIFTY31DEC2424250PE.NFO,2024-12-17,11:06:00,2024-12-31,132.1,132.1,132.1,132.1,0,21725,0
FINNIFTY31DEC2424250PE.NFO,2024-12-17,11:07:00,2024-12-31,132.1,132.1,132.1,132.1,0,21725,0
FINNIFTY31DEC2424250PE.NFO,2024-12-17,11:08:00,2024-12-31,132.1,132.1,132.1,132.1,0,21725,0
FINNIFTY31DEC2424250PE.NFO,2024-12-17,11:09:00,2024-12-31,132.1,132.1,131.65,131.65,50,21700,0
FINNIFTY31DEC2424250PE.NFO,2024-12-17,11:10:00,2024-12-31,131.65,131.65,128.8,129.8,175,21700,0
FINNIFTY31DEC2424250PE.NFO,2024-12-17,11:11:00,2024-12-31,129.8,129.8,129.8,129.8,0,21700,0
FINNIFTY31DEC2424250PE.NFO,2024-12-17,11:12:00,2024-12-31,129.8,129.8,129.8,129.8,0,21700,0
FINNIFTY31DEC2424250PE.NFO,2024-12-17,11:13:00,2024-12-31,129.8,129.8,129.8,129.8,0,21700,0
FINNIFTY31DEC2424250PE.NFO,2024-12-17,11:14:00,2024-12-31,129.8,129.8,129.8,129.8,0,21700,0
FINNIFTY31DEC2424250PE.NFO,2024-12-17,11:15:00,2024-12-31,129.8,129.8,129.8,129.8,0,21700,0
FINNIFTY31DEC2424250PE.NFO,2024-12-17,11:16:00,2024-12-31,129.8,129.8,129.8,129.8,0,21700,0
FINNIFTY31DEC2424250PE.NFO,2024-12-17,11:17:00,2024-12-31,129.8,129.8,129.8,129.8,0,21700,0
FINNIFTY31DEC2424250PE.NFO,2024-12-17,11:18:00,2024-12-31,129.8,129.8,129.8,129.8,0,21700,0
FINNIFTY31DEC2424250PE.NFO,2024-12-17,11:19:00,2024-12-31,129.8,140.5,129.8,140.5,25,21625,0
FINNIFTY31DEC2424250PE.NFO,2024-12-17,11:20:00,2024-12-31,140.5,141.0,140.5,141.0,150,21625,0
FINNIFTY31DEC2424250PE.NFO,2024-12-17,11:21:00,2024-12-31,141.0,141.0,138.5,140.7,75,21625,0
FINNIFTY31DEC2424250PE.NFO,2024-12-17,11:22:00,2024-12-31,140.7,140.7,140.7,140.7,0,21625,0
FINNIFTY31DEC2424250PE.NFO,2024-12-17,11:23:00,2024-12-31,140.7,140.7,139.05,139.05,25,21625,0
FINNIFTY31DEC2424250PE.NFO,2024-12-17,11:24:00,2024-12-31,139.05,142.9,139.05,142.9,50,21625,0
FINNIFTY31DEC2424250PE.NFO,2024-12-17,11:25:00,2024-12-31,142.9,145.0,142.9,143.3,100,21625,0
FINNIFTY31DEC2424250PE.NFO,2024-12-17,11:26:00,2024-12-31,143.3,149.2,143.3,148.5,300,21625,0
FINNIFTY31DEC2424250PE.NFO,2024-12-17,11:27:00,2024-12-31,148.5,149.0,148.5,149.0,25,21625,0
FINNIFTY31DEC2424250PE.NFO,2024-12-17,11:28:00,2024-12-31,149.0,166.5,149.0,166.5,175,21275,0
FINNIFTY31DEC2424250PE.NFO,2024-12-17,11:29:00,2024-12-31,166.5,166.75,163.55,163.6,225,21275,0
FINNIFTY31DEC2424250PE.NFO,2024-12-17,11:30:00,2024-12-31,163.6,163.6,160.4,162.9,250,21275,0
FINNIFTY31DEC2424250PE.NFO,2024-12-17,11:31:00,2024-12-31,162.9,162.9,159.2,160.0,225,21225,0
FINNIFTY31DEC2424250PE.NFO,2024-12-17,11:32:00,2024-12-31,160.0,163.0,159.0,160.7,325,21225,0
FINNIFTY31DEC2424250PE.NFO,2024-12-17,11:33:00,2024-12-31,160.7,160.7,157.05,157.05,75,21225,0
FINNIFTY31DEC2424250PE.NFO,2024-12-17,11:34:00,2024-12-31,157.05,159.4,157.0,159.4,75,21200,0
FINNIFTY31DEC2424250PE.NFO,2024-12-17,11:35:00,2024-12-31,159.4,160.5,159.4,160.5,25,21200,0
FINNIFTY31DEC2424250PE.NFO,2024-12-17,11:36:00,2024-12-31,160.5,160.5,160.5,160.5,0,21200,0
FINNIFTY31DEC2424250PE.NFO,2024-12-17,11:37:00,2024-12-31,160.5,160.5,160.5,160.5,0,21200,0
FINNIFTY31DEC2424250PE.NFO,2024-12-17,11:38:00,2024-12-31,160.5,160.5,154.55,154.55,50,21250,0
FINNIFTY31DEC2424250PE.NFO,2024-12-17,11:39:00,2024-12-31,154.55,158.2,154.55,158.2,25,21250,0
FINNIFTY31DEC2424250PE.NFO,2024-12-17,11:40:00,2024-12-31,158.2,159.3,156.9,159.3,50,21275,0
FINNIFTY31DEC2424250PE.NFO,2024-12-17,11:41:00,2024-12-31,159.3,175.2,159.3,172.3,925,21275,0
FINNIFTY31DEC2424250PE.NFO,2024-12-17,11:42:00,2024-12-31,172.3,180.35,172.3,176.15,1000,21275,0
FINNIFTY31DEC2424250PE.NFO,2024-12-17,11:43:00,2024-12-31,176.15,177.3,174.1,174.1,475,21950,0
FINNIFTY31DEC2424250PE.NFO,2024-12-17,11:44:00,2024-12-31,174.1,175.75,172.1,175.75,25,21950,0
FINNIFTY31DEC2424250PE.NFO,2024-12-17,11:45:00,2024-12-31,175.75,175.85,174.7,174.7,25,21950,0
FINNIFTY31DEC2424250PE.NFO,2024-12-17,11:46:00,2024-12-31,174.7,174.7,171.75,171.8,525,21700,0
FINNIFTY31DEC2424250PE.NFO,2024-12-17,11:47:00,2024-12-31,171.8,174.75,171.8,174.75,125,21700,0
FINNIFTY31DEC2424250PE.NFO,2024-12-17,11:48:00,2024-12-31,173.2,176.5,173.2,176.5,25,21700,0
FINNIFTY31DEC2424250PE.NFO,2024-12-17,11:49:00,2024-12-31,176.5,179.3,175.65,177.7,1100,22150,0
FINNIFTY31DEC2424250PE.NFO,2024-12-17,11:50:00,2024-12-31,177.7,180.8,177.0,177.0,425,22150,0
FINNIFTY31DEC2424250PE.NFO,2024-12-17,11:51:00,2024-12-31,177.0,183.0,177.0,181.1,725,22150,0
FINNIFTY31DEC2424250PE.NFO,2024-12-17,11:52:00,2024-12-31,181.1,187.5,180.5,185.55,5775,22300,0
FINNIFTY31DEC2424250PE.NFO,2024-12-17,11:53:00,2024-12-31,185.55,186.4,179.7,179.7,250,22300,0
FINNIFTY31DEC2424250PE.NFO,2024-12-17,11:54:00,2024-12-31,179.1,179.1,175.4,175.4,325,22300,0
FINNIFTY31DEC2424250PE.NFO,2024-12-17,11:55:00,2024-12-31,175.4,178.5,175.4,178.5,100,27125,0
FINNIFTY31DEC2424250PE.NFO,2024-12-17,11:56:00,2024-12-31,178.5,178.5,178.5,178.5,0,27125,0
FINNIFTY31DEC2424250PE.NFO,2024-12-17,11:57:00,2024-12-31,178.5,178.5,173.05,174.15,1975,27125,0
FINNIFTY31DEC2424250PE.NFO,2024-12-17,11:58:00,2024-12-31,174.15,178.65,173.8,178.65,400,28750,0
FINNIFTY31DEC2424250PE.NFO,2024-12-17,11:59:00,2024-12-31,178.65,182.8,178.65,182.8,50,28750,0
FINNIFTY31DEC2424250PE.NFO,2024-12-17,12:00:00,2024-12-31,182.8,182.8,182.8,182.8,50,28750,0
FINNIFTY31DEC2424250PE.NFO,2024-12-17,12:01:00,2024-12-31,182.8,191.5,182.8,188.8,350,29150,0
FINNIFTY31DEC2424250PE.NFO,2024-12-17,12:02:00,2024-12-31,188.8,188.8,183.9,183.9,100,29150,0
FINNIFTY31DEC2424250PE.NFO,2024-12-17,12:03:00,2024-12-31,183.9,183.9,179.7,179.7,200,29150,0
FINNIFTY31DEC2424250PE.NFO,2024-12-17,12:04:00,2024-12-31,179.7,179.7,177.1,178.6,325,28975,0
FINNIFTY31DEC2424250PE.NFO,2024-12-17,12:05:00,2024-12-31,178.6,178.6,174.45,174.45,125,28975,0
FINNIFTY31DEC2424250PE.NFO,2024-12-17,12:06:00,2024-12-31,174.45,180.25,174.45,180.25,225,28975,0
FINNIFTY31DEC2424250PE.NFO,2024-12-17,12:07:00,2024-12-31,180.25,183.2,180.25,182.3,75,29300,0
FINNIFTY31DEC2424250PE.NFO,2024-12-17,12:08:00,2024-12-31,182.3,184.95,182.3,184.65,125,29300,0
FINNIFTY31DEC2424250PE.NFO,2024-12-17,12:09:00,2024-12-31,184.65,185.8,182.1,184.05,250,29300,0
FINNIFTY31DEC2424250PE.NFO,2024-12-17,12:10:00,2024-12-31,184.05,185.5,180.25,180.25,850,29300,0
FINNIFTY31DEC2424250PE.NFO,2024-12-17,12:11:00,2024-12-31,180.25,180.25,180.25,180.25,0,29300,0
FINNIFTY31DEC2424250PE.NFO,2024-12-17,12:12:00,2024-12-31,180.25,180.25,180.25,180.25,0,29300,0
FINNIFTY31DEC2424250PE.NFO,2024-12-17,12:13:00,2024-12-31,180.25,180.25,179.3,179.3,75,29775,0
FINNIFTY31DEC2424250PE.NFO,2024-12-17,12:14:00,2024-12-31,179.3,183.95,179.3,183.95,6200,29775,0
FINNIFTY31DEC2424250PE.NFO,2024-12-17,12:15:00,2024-12-31,183.95,183.95,183.95,183.95,0,29775,0
FINNIFTY31DEC2424250PE.NFO,2024-12-17,12:16:00,2024-12-31,183.95,183.95,180.0,180.0,250,25400,0
FINNIFTY31DEC2424250PE.NFO,2024-12-17,12:17:00,2024-12-31,180.0,181.7,180.0,181.7,75,25400,0
FINNIFTY31DEC2424250PE.NFO,2024-12-17,12:18:00,2024-12-31,181.7,184.95,181.7,184.85,150,25400,0
FINNIFTY31DEC2424250PE.NFO,2024-12-17,12:19:00,2024-12-31,184.85,188.15,184.85,186.25,950,25575,0
FINNIFTY31DEC2424250PE.NFO,2024-12-17,12:20:00,2024-12-31,186.25,188.25,186.25,186.85,250,25575,0
FINNIFTY31DEC2424250PE.NFO,2024-12-17,12:21:00,2024-12-31,186.85,190.0,186.85,188.65,150,25575,0
FINNIFTY31DEC2424250PE.NFO,2024-12-17,12:22:00,2024-12-31,188.65,188.65,186.4,188.0,125,25825,0
FINNIFTY31DEC2424250PE.NFO,2024-12-17,12:23:00,2024-12-31,188.0,190.0,187.7,188.6,350,25825,0
FINNIFTY31DEC2424250PE.NFO,2024-12-17,12:24:00,2024-12-31,188.6,189.3,187.5,187.5,50,25825,0
FINNIFTY31DEC2424250PE.NFO,2024-12-17,12:25:00,2024-12-31,187.5,187.5,181.4,183.0,975,26175,0
FINNIFTY31DEC2424250PE.NFO,2024-12-17,12:26:00,2024-12-31,183.0,183.0,168.7,170.05,2300,26175,0
FINNIFTY31DEC2424250PE.NFO,2024-12-17,12:27:00,2024-12-31,169.9,172.15,168.85,169.6,1400,26175,0
FINNIFTY31DEC2424250PE.NFO,2024-12-17,12:28:00,2024-12-31,169.6,173.9,169.6,173.9,125,27575,0
FINNIFTY31DEC2424250PE.NFO,2024-12-17,12:29:00,2024-12-31,172.55,172.8,159.95,161.8,375,27575,0
FINNIFTY31DEC2424250PE.NFO,2024-12-17,12:30:00,2024-12-31,161.8,164.9,157.65,164.9,325,27575,0
FINNIFTY31DEC2424250PE.NFO,2024-12-17,12:31:00,2024-12-31,164.9,164.9,162.85,164.9,50,27650,0
FINNIFTY31DEC2424250PE.NFO,2024-12-17,12:32:00,2024-12-31,164.9,164.9,160.1,160.1,50,27650,0
FINNIFTY31DEC2424250PE.NFO,2024-12-17,12:33:00,2024-12-31,160.1,163.05,160.1,163.05,75,27650,0
FINNIFTY31DEC2424250PE.NFO,2024-12-17,12:34:00,2024-12-31,163.05,163.05,155.85,155.85,100,27550,0
FINNIFTY31DEC2424250PE.NFO,2024-12-17,12:35:00,2024-12-31,155.85,163.5,155.3,163.5,325,27550,0
FINNIFTY31DEC2424250PE.NFO,2024-12-17,12:36:00,2024-12-31,163.5,168.15,162.75,168.15,500,27550,0
FINNIFTY31DEC2424250PE.NFO,2024-12-17,12:37:00,2024-12-31,168.15,169.7,160.85,160.85,3675,27050,0
FINNIFTY31DEC2424250PE.NFO,2024-12-17,12:38:00,2024-12-31,160.85,164.4,160.85,164.4,475,27050,0
FINNIFTY31DEC2424250PE.NFO,2024-12-17,12:39:00,2024-12-31,164.4,164.4,163.4,163.4,50,27050,0
FINNIFTY31DEC2424250PE.NFO,2024-12-17,12:40:00,2024-12-31,163.4,163.4,163.4,163.4,0,27050,0
FINNIFTY31DEC2424250PE.NFO,2024-12-17,12:41:00,2024-12-31,163.4,165.75,163.4,165.3,125,29175,0
FINNIFTY31DEC2424250PE.NFO,2024-12-17,12:42:00,2024-12-31,165.3,167.6,165.3,167.6,25,29175,0
FINNIFTY31DEC2424250PE.NFO,2024-12-17,12:43:00,2024-12-31,167.6,167.6,164.3,164.4,75,29075,0
FINNIFTY31DEC2424250PE.NFO,2024-12-17,12:44:00,2024-12-31,164.4,166.2,164.3,166.2,150,29075,0
FINNIFTY31DEC2424250PE.NFO,2024-12-17,12:45:00,2024-12-31,166.2,169.5,166.2,169.1,350,29075,0
FINNIFTY31DEC2424250PE.NFO,2024-12-17,12:46:00,2024-12-31,169.1,169.1,169.1,169.1,0,29075,0
FINNIFTY31DEC2424250PE.NFO,2024-12-17,12:47:00,2024-12-31,169.1,173.15,169.1,173.15,50,29175,0
FINNIFTY31DEC2424250PE.NFO,2024-12-17,12:48:00,2024-12-31,173.15,173.15,168.1,168.1,25,29175,0
FINNIFTY31DEC2424250PE.NFO,2024-12-17,12:49:00,2024-12-31,168.1,168.1,165.0,165.0,25,29175,0
FINNIFTY31DEC2424250PE.NFO,2024-12-17,12:50:00,2024-12-31,165.0,165.0,165.0,165.0,0,29175,0
FINNIFTY31DEC2424250PE.NFO,2024-12-17,12:51:00,2024-12-31,165.0,165.0,162.5,162.5,25,29175,0
FINNIFTY31DEC2424250PE.NFO,2024-12-17,12:52:00,2024-12-31,162.5,165.6,162.3,165.6,325,29225,0
FINNIFTY31DEC2424250PE.NFO,2024-12-17,12:53:00,2024-12-31,165.6,165.6,165.6,165.6,0,29225,0
FINNIFTY31DEC2424250PE.NFO,2024-12-17,12:54:00,2024-12-31,165.6,165.6,153.9,154.7,425,29225,0
FINNIFTY31DEC2424250PE.NFO,2024-12-17,12:55:00,2024-12-31,154.7,157.1,154.7,157.1,100,29200,0
FINNIFTY31DEC2424250PE.NFO,2024-12-17,12:56:00,2024-12-31,157.1,157.1,150.3,152.8,550,29200,0
FINNIFTY31DEC2424250PE.NFO,2024-12-17,12:57:00,2024-12-31,152.8,152.8,151.9,151.9,0,29200,0
FINNIFTY31DEC2424250PE.NFO,2024-12-17,12:58:00,2024-12-31,151.9,156.6,151.9,154.7,125,28875,0
FINNIFTY31DEC2424250PE.NFO,2024-12-17,12:59:00,2024-12-31,154.7,154.7,151.05,151.05,25,28875,0
FINNIFTY31DEC2424250PE.NFO,2024-12-17,13:00:00,2024-12-31,151.05,151.05,149.0,149.7,100,28875,0
FINNIFTY31DEC2424250PE.NFO,2024-12-17,13:01:00,2024-12-31,149.7,158.0,149.7,158.0,25,28950,0
FINNIFTY31DEC2424250PE.NFO,2024-12-17,13:02:00,2024-12-31,158.0,160.35,158.0,160.35,25,28950,0
FINNIFTY31DEC2424250PE.NFO,2024-12-17,13:03:00,2024-12-31,160.35,160.35,160.35,160.35,0,28950,0
FINNIFTY31DEC2424250PE.NFO,2024-12-17,13:04:00,2024-12-31,160.35,161.2,160.35,161.2,25,28975,0
FINNIFTY31DEC2424250PE.NFO,2024-12-17,13:05:00,2024-12-31,161.2,162.55,161.2,162.55,75,28975,0
FINNIFTY31DEC2424250PE.NFO,2024-12-17,13:06:00,2024-12-31,162.55,162.55,161.75,161.75,75,28975,0
FINNIFTY31DEC2424250PE.NFO,2024-12-17,13:07:00,2024-12-31,161.75,161.75,161.75,161.75,0,28975,0
FINNIFTY31DEC2424250PE.NFO,2024-12-17,13:08:00,2024-12-31,161.75,161.75,161.75,161.75,0,28975,0
FINNIFTY31DEC2424250PE.NFO,2024-12-17,13:09:00,2024-12-31,161.75,163.05,161.75,163.05,25,29000,0
FINNIFTY31DEC2424250PE.NFO,2024-12-17,13:10:00,2024-12-31,163.05,163.05,159.75,159.75,25,29000,0
FINNIFTY31DEC2424250PE.NFO,2024-12-17,13:11:00,2024-12-31,159.75,159.75,159.75,159.75,0,29000,0
FINNIFTY31DEC2424250PE.NFO,2024-12-17,13:12:00,2024-12-31,159.75,167.55,159.75,167.55,150,28975,0
FINNIFTY31DEC2424250PE.NFO,2024-12-17,13:13:00,2024-12-31,167.55,171.0,167.55,169.6,300,29050,0
FINNIFTY31DEC2424250PE.NFO,2024-12-17,13:14:00,2024-12-31,169.6,174.4,167.45,174.4,200,29050,0
FINNIFTY31DEC2424250PE.NFO,2024-12-17,13:15:00,2024-12-31,174.4,174.4,172.05,172.05,125,29050,0
FINNIFTY31DEC2424250PE.NFO,2024-12-17,13:16:00,2024-12-31,172.05,180.0,171.2,178.55,225,29125,0
FINNIFTY31DEC2424250PE.NFO,2024-12-17,13:17:00,2024-12-31,178.55,185.5,178.55,180.25,450,29125,0
FINNIFTY31DEC2424250PE.NFO,2024-12-17,13:18:00,2024-12-31,180.25,180.25,178.2,178.2,50,29125,0
FINNIFTY31DEC2424250PE.NFO,2024-12-17,13:19:00,2024-12-31,178.2,179.15,177.7,179.15,50,29350,0
FINNIFTY31DEC2424250PE.NFO,2024-12-17,13:20:00,2024-12-31,179.15,181.9,179.15,179.8,50,29350,0
FINNIFTY31DEC2424250PE.NFO,2024-12-17,13:21:00,2024-12-31,179.8,179.8,175.4,175.55,25,29350,0
FINNIFTY31DEC2424250PE.NFO,2024-12-17,13:22:00,2024-12-31,175.55,177.0,175.55,177.0,250,29350,0
FINNIFTY31DEC2424250PE.NFO,2024-12-17,13:23:00,2024-12-31,177.0,177.0,170.2,170.3,850,29350,0
FINNIFTY31DEC2424250PE.NFO,2024-12-17,13:24:00,2024-12-31,170.3,170.3,168.15,168.15,750,29350,0
FINNIFTY31DEC2424250PE.NFO,2024-12-17,13:25:00,2024-12-31,168.15,169.9,168.15,169.9,25,29350,0
FINNIFTY31DEC2424250PE.NFO,2024-12-17,13:26:00,2024-12-31,169.9,169.9,169.8,169.8,25,29875,0
FINNIFTY31DEC2424250PE.NFO,2024-12-17,13:27:00,2024-12-31,169.8,175.05,169.8,175.05,75,29875,0
FINNIFTY31DEC2424250PE.NFO,2024-12-17,13:28:00,2024-12-31,175.05,180.65,175.05,179.0,100,29725,0
FINNIFTY31DEC2424250PE.NFO,2024-12-17,13:29:00,2024-12-31,179.0,180.2,179.0,180.2,25,29725,0
FINNIFTY31DEC2424250PE.NFO,2024-12-17,13:30:00,2024-12-31,180.2,184.5,180.2,184.5,150,29725,0
FINNIFTY31DEC2424250PE.NFO,2024-12-17,13:31:00,2024-12-31,184.5,194.5,184.5,194.5,200,29800,0
FINNIFTY31DEC2424250PE.NFO,2024-12-17,13:32:00,2024-12-31,194.5,194.5,192.05,193.1,175,29800,0
FINNIFTY31DEC2424250PE.NFO,2024-12-17,13:33:00,2024-12-31,193.1,193.1,193.1,193.1,0,29800,0
FINNIFTY31DEC2424250PE.NFO,2024-12-17,13:34:00,2024-12-31,193.1,193.1,182.25,183.3,225,29900,0
FINNIFTY31DEC2424250PE.NFO,2024-12-17,13:35:00,2024-12-31,183.3,183.3,182.0,182.0,175,29900,0
FINNIFTY31DEC2424250PE.NFO,2024-12-17,13:36:00,2024-12-31,182.0,182.0,175.3,175.3,125,29900,0
FINNIFTY31DEC2424250PE.NFO,2024-12-17,13:37:00,2024-12-31,175.3,175.3,170.05,170.05,100,29800,0
FINNIFTY31DEC2424250PE.NFO,2024-12-17,13:38:00,2024-12-31,170.05,170.05,170.05,170.05,0,29800,0
FINNIFTY31DEC2424250PE.NFO,2024-12-17,13:39:00,2024-12-31,170.05,174.7,170.05,174.35,75,29800,0
FINNIFTY31DEC2424250PE.NFO,2024-12-17,13:40:00,2024-12-31,174.35,174.35,172.25,172.25,75,29800,0
FINNIFTY31DEC2424250PE.NFO,2024-12-17,13:41:00,2024-12-31,172.25,175.1,172.25,175.1,25,29850,0
FINNIFTY31DEC2424250PE.NFO,2024-12-17,13:42:00,2024-12-31,175.1,175.1,175.1,175.1,0,29850,0
FINNIFTY31DEC2424250PE.NFO,2024-12-17,13:43:00,2024-12-31,175.1,175.1,175.1,175.1,0,29850,0
FINNIFTY31DEC2424250PE.NFO,2024-12-17,13:44:00,2024-12-31,175.1,175.1,175.1,175.1,0,29850,0
FINNIFTY31DEC2424250PE.NFO,2024-12-17,13:45:00,2024-12-31,175.1,178.0,175.1,176.05,475,29875,0
FINNIFTY31DEC2424250PE.NFO,2024-12-17,13:46:00,2024-12-31,176.05,176.05,167.2,167.2,1925,30275,0
FINNIFTY31DEC2424250PE.NFO,2024-12-17,13:47:00,2024-12-31,167.2,167.2,166.45,166.45,100,30275,0
FINNIFTY31DEC2424250PE.NFO,2024-12-17,13:48:00,2024-12-31,166.45,168.15,166.45,167.5,125,30275,0
FINNIFTY31DEC2424250PE.NFO,2024-12-17,13:49:00,2024-12-31,167.5,167.5,167.35,167.35,25,30275,0
FINNIFTY31DEC2424250PE.NFO,2024-12-17,13:50:00,2024-12-31,167.35,172.0,167.35,168.55,25,30325,0
FINNIFTY31DEC2424250PE.NFO,2024-12-17,13:51:00,2024-12-31,168.55,168.55,168.55,168.55,0,30325,0
FINNIFTY31DEC2424250PE.NFO,2024-12-17,13:52:00,2024-12-31,168.55,168.55,160.0,160.4,150,30300,0
FINNIFTY31DEC2424250PE.NFO,2024-12-17,13:53:00,2024-12-31,160.4,165.45,160.4,165.45,25,30300,0
FINNIFTY31DEC2424250PE.NFO,2024-12-17,13:54:00,2024-12-31,165.45,165.45,165.45,165.45,25,30300,0
FINNIFTY31DEC2424250PE.NFO,2024-12-17,13:55:00,2024-12-31,165.45,167.9,165.3,166.35,200,30325,0
FINNIFTY31DEC2424250PE.NFO,2024-12-17,13:56:00,2024-12-31,166.35,166.35,159.8,162.55,675,30325,0
FINNIFTY31DEC2424250PE.NFO,2024-12-17,13:57:00,2024-12-31,162.55,166.5,162.55,166.5,25,30325,0
FINNIFTY31DEC2424250PE.NFO,2024-12-17,13:58:00,2024-12-31,166.5,166.5,165.35,165.35,75,30750,0
FINNIFTY31DEC2424250PE.NFO,2024-12-17,13:59:00,2024-12-31,165.35,165.35,165.35,165.35,0,30750,0
FINNIFTY31DEC2424250PE.NFO,2024-12-17,14:00:00,2024-12-31,165.35,165.35,156.7,156.7,575,30750,0
FINNIFTY31DEC2424250PE.NFO,2024-12-17,14:01:00,2024-12-31,156.7,156.7,156.7,156.7,25,30750,0
FINNIFTY31DEC2424250PE.NFO,2024-12-17,14:02:00,2024-12-31,156.7,160.1,156.45,160.1,600,30725,0
FINNIFTY31DEC2424250PE.NFO,2024-12-17,14:03:00,2024-12-31,160.1,163.0,160.1,162.5,125,30725,0
FINNIFTY31DEC2424250PE.NFO,2024-12-17,14:04:00,2024-12-31,162.5,163.25,159.5,163.25,75,30725,0
FINNIFTY31DEC2424250PE.NFO,2024-12-17,14:05:00,2024-12-31,163.25,163.25,163.25,163.25,0,30725,0
FINNIFTY31DEC2424250PE.NFO,2024-12-17,14:06:00,2024-12-31,163.25,165.75,163.25,164.45,150,30625,0
FINNIFTY31DEC2424250PE.NFO,2024-12-17,14:07:00,2024-12-31,164.45,165.4,162.65,162.65,75,30600,0
FINNIFTY31DEC2424250PE.NFO,2024-12-17,14:08:00,2024-12-31,162.65,168.8,160.85,168.8,550,30600,0
FINNIFTY31DEC2424250PE.NFO,2024-12-17,14:09:00,2024-12-31,168.8,170.3,168.8,170.3,1375,30600,0
FINNIFTY31DEC2424250PE.NFO,2024-12-17,14:10:00,2024-12-31,170.3,170.3,169.3,170.25,200,30775,0
FINNIFTY31DEC2424250PE.NFO,2024-12-17,14:11:00,2024-12-31,170.25,172.0,170.25,171.45,175,30775,0
FINNIFTY31DEC2424250PE.NFO,2024-12-17,14:12:00,2024-12-31,171.45,176.0,171.45,176.0,125,30775,0
FINNIFTY31DEC2424250PE.NFO,2024-12-17,14:13:00,2024-12-31,176.0,177.65,174.35,177.65,175,30750,0
FINNIFTY31DEC2424250PE.NFO,2024-12-17,14:14:00,2024-12-31,177.65,178.35,174.8,176.8,400,30750,0
FINNIFTY31DEC2424250PE.NFO,2024-12-17,14:15:00,2024-12-31,176.8,176.8,176.6,176.6,125,30750,0
FINNIFTY31DEC2424250PE.NFO,2024-12-17,14:16:00,2024-12-31,176.6,176.6,176.6,176.6,0,30750,0
FINNIFTY31DEC2424250PE.NFO,2024-12-17,14:17:00,2024-12-31,176.6,176.6,171.9,174.15,375,30825,0
FINNIFTY31DEC2424250PE.NFO,2024-12-17,14:18:00,2024-12-31,174.15,174.15,173.8,173.8,125,30825,0
FINNIFTY31DEC2424250PE.NFO,2024-12-17,14:19:00,2024-12-31,173.8,173.8,170.45,170.55,75,30950,0
FINNIFTY31DEC2424250PE.NFO,2024-12-17,14:20:00,2024-12-31,170.55,170.55,170.55,170.55,0,30950,0
FINNIFTY31DEC2424250PE.NFO,2024-12-17,14:21:00,2024-12-31,170.55,174.8,170.55,173.5,350,30950,0
FINNIFTY31DEC2424250PE.NFO,2024-12-17,14:22:00,2024-12-31,173.5,181.9,173.5,181.9,0,31075,0
FINNIFTY31DEC2424250PE.NFO,2024-12-17,14:23:00,2024-12-31,181.9,181.9,181.3,181.5,350,31075,0
FINNIFTY31DEC2424250PE.NFO,2024-12-17,14:24:00,2024-12-31,181.5,181.5,181.5,181.5,0,31075,0
FINNIFTY31DEC2424250PE.NFO,2024-12-17,14:25:00,2024-12-31,181.5,182.55,181.5,182.55,25,31100,0
FINNIFTY31DEC2424250PE.NFO,2024-12-17,14:26:00,2024-12-31,182.55,183.55,182.55,183.55,25,31100,0
FINNIFTY31DEC2424250PE.NFO,2024-12-17,14:27:00,2024-12-31,183.55,183.55,183.55,183.55,0,31100,0
FINNIFTY31DEC2424250PE.NFO,2024-12-17,14:28:00,2024-12-31,183.55,190.65,183.55,190.65,800,30725,0
FINNIFTY31DEC2424250PE.NFO,2024-12-17,14:29:00,2024-12-31,187.95,191.55,186.0,188.7,600,30725,0
FINNIFTY31DEC2424250PE.NFO,2024-12-17,14:30:00,2024-12-31,188.7,189.4,187.6,189.0,175,30725,0
FINNIFTY31DEC2424250PE.NFO,2024-12-17,14:31:00,2024-12-31,189.0,189.0,184.3,184.85,250,30725,0
FINNIFTY31DEC2424250PE.NFO,2024-12-17,14:32:00,2024-12-31,184.85,184.85,183.25,183.55,375,30850,0
FINNIFTY31DEC2424250PE.NFO,2024-12-17,14:33:00,2024-12-31,184.7,186.6,184.7,185.0,475,30850,0
FINNIFTY31DEC2424250PE.NFO,2024-12-17,14:34:00,2024-12-31,185.0,185.0,184.9,184.9,75,30850,0
FINNIFTY31DEC2424250PE.NFO,2024-12-17,14:35:00,2024-12-31,186.5,186.5,186.0,186.0,75,31325,0
FINNIFTY31DEC2424250PE.NFO,2024-12-17,14:36:00,2024-12-31,186.0,186.1,183.55,183.55,125,31325,0
FINNIFTY31DEC2424250PE.NFO,2024-12-17,14:37:00,2024-12-31,181.95,182.5,180.0,182.5,425,31325,0
FINNIFTY31DEC2424250PE.NFO,2024-12-17,14:38:00,2024-12-31,183.8,185.5,183.8,185.5,100,31225,0
FINNIFTY31DEC2424250PE.NFO,2024-12-17,14:39:00,2024-12-31,185.5,185.5,185.5,185.5,0,31225,0
FINNIFTY31DEC2424250PE.NFO,2024-12-17,14:40:00,2024-12-31,183.35,183.35,180.4,180.65,275,31175,0
FINNIFTY31DEC2424250PE.NFO,2024-12-17,14:41:00,2024-12-31,180.65,182.8,180.4,180.4,100,31175,0
FINNIFTY31DEC2424250PE.NFO,2024-12-17,14:42:00,2024-12-31,180.4,180.4,180.4,180.4,0,31175,0
FINNIFTY31DEC2424250PE.NFO,2024-12-17,14:43:00,2024-12-31,180.4,184.9,180.4,184.2,525,30825,0
FINNIFTY31DEC2424250PE.NFO,2024-12-17,14:44:00,2024-12-31,184.2,184.8,183.45,183.45,100,30825,0
FINNIFTY31DEC2424250PE.NFO,2024-12-17,14:45:00,2024-12-31,183.45,183.45,182.2,182.2,75,30825,0
FINNIFTY31DEC2424250PE.NFO,2024-12-17,14:46:00,2024-12-31,182.2,182.2,172.55,172.55,350,30975,0
FINNIFTY31DEC2424250PE.NFO,2024-12-17,14:47:00,2024-12-31,172.55,172.55,166.05,166.05,175,30975,0
FINNIFTY31DEC2424250PE.NFO,2024-12-17,14:48:00,2024-12-31,166.05,167.9,164.65,167.2,225,30975,0
FINNIFTY31DEC2424250PE.NFO,2024-12-17,14:49:00,2024-12-31,167.2,171.45,167.2,171.45,100,30975,0
FINNIFTY31DEC2424250PE.NFO,2024-12-17,14:50:00,2024-12-31,171.45,171.45,165.2,165.2,50,30925,0
FINNIFTY31DEC2424250PE.NFO,2024-12-17,14:51:00,2024-12-31,165.2,172.0,165.2,170.3,100,30925,0
FINNIFTY31DEC2424250PE.NFO,2024-12-17,14:52:00,2024-12-31,170.3,171.3,170.3,170.9,75,30925,0
FINNIFTY31DEC2424250PE.NFO,2024-12-17,14:53:00,2024-12-31,170.9,173.25,170.9,173.2,225,30900,0
FINNIFTY31DEC2424250PE.NFO,2024-12-17,14:54:00,2024-12-31,173.2,173.2,173.2,173.2,0,30900,0
FINNIFTY31DEC2424250PE.NFO,2024-12-17,14:55:00,2024-12-31,173.2,174.45,173.2,174.45,125,30900,0
FINNIFTY31DEC2424250PE.NFO,2024-12-17,14:56:00,2024-12-31,174.45,174.45,173.9,173.9,75,31000,0
FINNIFTY31DEC2424250PE.NFO,2024-12-17,14:57:00,2024-12-31,173.9,173.9,169.5,169.6,100,31000,0
FINNIFTY31DEC2424250PE.NFO,2024-12-17,14:58:00,2024-12-31,169.6,169.6,167.0,167.7,50,30950,0
FINNIFTY31DEC2424250PE.NFO,2024-12-17,14:59:00,2024-12-31,167.7,168.05,162.4,164.75,300,30950,0
FINNIFTY31DEC2424250PE.NFO,2024-12-17,15:00:00,2024-12-31,164.75,164.75,154.85,159.95,2500,30950,0
FINNIFTY31DEC2424250PE.NFO,2024-12-17,15:01:00,2024-12-31,160.1,163.7,159.6,162.6,1600,32425,0
FINNIFTY31DEC2424250PE.NFO,2024-12-17,15:02:00,2024-12-31,162.6,166.2,162.55,165.45,4450,32425,0
FINNIFTY31DEC2424250PE.NFO,2024-12-17,15:03:00,2024-12-31,165.45,166.5,162.05,162.5,1750,32425,0
FINNIFTY31DEC2424250PE.NFO,2024-12-17,15:04:00,2024-12-31,162.5,164.4,160.0,162.0,1600,35725,0
FINNIFTY31DEC2424250PE.NFO,2024-12-17,15:05:00,2024-12-31,162.0,163.45,161.0,162.6,375,35725,0
FINNIFTY31DEC2424250PE.NFO,2024-12-17,15:06:00,2024-12-31,162.6,164.55,161.0,161.45,2175,35725,0
FINNIFTY31DEC2424250PE.NFO,2024-12-17,15:07:00,2024-12-31,161.45,161.45,157.3,157.5,1375,35225,0
FINNIFTY31DEC2424250PE.NFO,2024-12-17,15:08:00,2024-12-31,157.5,161.05,154.05,161.05,2050,35225,0
FINNIFTY31DEC2424250PE.NFO,2024-12-17,15:09:00,2024-12-31,161.05,161.85,160.35,160.5,150,35225,0
FINNIFTY31DEC2424250PE.NFO,2024-12-17,15:10:00,2024-12-31,160.5,160.5,158.65,158.75,500,35225,0
FINNIFTY31DEC2424250PE.NFO,2024-12-17,15:11:00,2024-12-31,158.75,162.5,158.75,162.5,50,34700,0
FINNIFTY31DEC2424250PE.NFO,2024-12-17,15:12:00,2024-12-31,162.5,162.5,160.1,160.1,175,34700,0
FINNIFTY31DEC2424250PE.NFO,2024-12-17,15:13:00,2024-12-31,160.1,164.4,160.1,164.4,900,34750,0
FINNIFTY31DEC2424250PE.NFO,2024-12-17,15:14:00,2024-12-31,164.4,165.0,162.75,165.0,475,34750,0
FINNIFTY31DEC2424250PE.NFO,2024-12-17,15:15:00,2024-12-31,165.0,165.0,158.25,159.85,550,34750,0
FINNIFTY31DEC2424250PE.NFO,2024-12-17,15:16:00,2024-12-31,159.85,161.5,158.6,161.5,375,34750,0
FINNIFTY31DEC2424250PE.NFO,2024-12-17,15:17:00,2024-12-31,161.5,161.5,158.8,161.25,100,34450,0
FINNIFTY31DEC2424250PE.NFO,2024-12-17,15:18:00,2024-12-31,161.25,162.45,161.25,161.4,150,34450,0
FINNIFTY31DEC2424250PE.NFO,2024-12-17,15:19:00,2024-12-31,161.5,161.5,161.5,161.5,25,34450,0
FINNIFTY31DEC2424250PE.NFO,2024-12-17,15:20:00,2024-12-31,161.5,161.5,157.3,158.95,725,34475,0
FINNIFTY31DEC2424250PE.NFO,2024-12-17,15:21:00,2024-12-31,158.95,160.4,158.95,160.4,275,34475,0
FINNIFTY31DEC2424250PE.NFO,2024-12-17,15:22:00,2024-12-31,160.4,161.5,160.4,161.5,475,34475,0
FINNIFTY31DEC2424250PE.NFO,2024-12-17,15:23:00,2024-12-31,161.5,165.0,161.2,165.0,75,35125,0
FINNIFTY31DEC2424250PE.NFO,2024-12-17,15:24:00,2024-12-31,165.0,165.0,163.1,163.9,300,35125,0
FINNIFTY31DEC2424250PE.NFO,2024-12-17,15:25:00,2024-12-31,163.9,165.1,163.0,165.1,550,34800,0
FINNIFTY31DEC2424250PE.NFO,2024-12-17,15:26:00,2024-12-31,165.1,165.5,164.0,165.5,725,34800,0
FINNIFTY31DEC2424250PE.NFO,2024-12-17,15:27:00,2024-12-31,165.5,167.95,165.5,167.1,425,34800,0
FINNIFTY31DEC2424250PE.NFO,2024-12-17,15:28:00,2024-12-31,167.1,171.15,166.15,167.55,800,34300,0
FINNIFTY31DEC2424250PE.NFO,2024-12-17,15:29:00,2024-12-31,167.55,174.2,160.9,174.2,600,34300,0
FINNIFTY31DEC2424250PE.NFO,2024-12-17,15:30:00,2024-12-31,174.2,174.2,174.2,174.2,600,34300,1
FINNIFTY31DEC2424250PE.NFO,2024-12-18,09:15:00,2024-12-31,182.0,197.85,182.0,194.95,900,33875,0
FINNIFTY31DEC2424250PE.NFO,2024-12-18,09:16:00,2024-12-31,194.95,206.15,191.95,202.9,500,33600,0
FINNIFTY31DEC2424250PE.NFO,2024-12-18,09:17:00,2024-12-31,202.9,205.45,197.45,198.6,2350,33600,0
FINNIFTY31DEC2424250PE.NFO,2024-12-18,09:18:00,2024-12-31,198.6,202.2,196.6,201.45,550,34300,0
FINNIFTY31DEC2424250PE.NFO,2024-12-18,09:19:00,2024-12-31,201.45,201.45,194.05,195.6,650,34300,0
FINNIFTY31DEC2424250PE.NFO,2024-12-18,09:20:00,2024-12-31,195.6,195.6,181.4,184.65,3625,34300,0
FINNIFTY31DEC2424250PE.NFO,2024-12-18,09:21:00,2024-12-31,184.65,191.35,184.65,190.05,1550,36025,0
FINNIFTY31DEC2424250PE.NFO,2024-12-18,09:22:00,2024-12-31,190.05,206.05,190.05,202.2,1900,36025,0
FINNIFTY31DEC2424250PE.NFO,2024-12-18,09:23:00,2024-12-31,202.2,207.15,202.2,205.45,400,36025,0
FINNIFTY31DEC2424250PE.NFO,2024-12-18,09:24:00,2024-12-31,205.45,213.45,201.15,213.45,1125,36325,0
FINNIFTY31DEC2424250PE.NFO,2024-12-18,09:25:00,2024-12-31,213.05,222.75,210.0,222.75,1000,36325,0
FINNIFTY31DEC2424250PE.NFO,2024-12-18,09:26:00,2024-12-31,222.75,230.1,221.4,229.9,1650,36325,0
FINNIFTY31DEC2424250PE.NFO,2024-12-18,09:27:00,2024-12-31,229.9,230.1,223.0,227.55,1225,36325,0
FINNIFTY31DEC2424250PE.NFO,2024-12-18,09:28:00,2024-12-31,227.55,232.95,227.0,227.0,1200,36300,0
FINNIFTY31DEC2424250PE.NFO,2024-12-18,09:29:00,2024-12-31,227.0,227.0,222.4,222.4,700,36300,0
FINNIFTY31DEC2424250PE.NFO,2024-12-18,09:30:00,2024-12-31,222.4,223.8,214.7,214.7,900,36050,0
FINNIFTY31DEC2424250PE.NFO,2024-12-18,09:31:00,2024-12-31,214.7,217.25,213.15,217.25,275,36050,0
FINNIFTY31DEC2424250PE.NFO,2024-12-18,09:32:00,2024-12-31,217.25,218.0,204.95,208.3,850,36050,0
FINNIFTY31DEC2424250PE.NFO,2024-12-18,09:33:00,2024-12-31,208.3,215.2,204.2,215.2,200,35925,0
FINNIFTY31DEC2424250PE.NFO,2024-12-18,09:34:00,2024-12-31,215.2,215.2,212.05,212.05,175,35925,0
FINNIFTY31DEC2424250PE.NFO,2024-12-18,09:35:00,2024-12-31,212.05,218.9,212.05,218.9,150,35925,0
FINNIFTY31DEC2424250PE.NFO,2024-12-18,09:36:00,2024-12-31,218.9,219.35,214.35,215.95,275,36000,0
FINNIFTY31DEC2424250PE.NFO,2024-12-18,09:37:00,2024-12-31,215.95,215.95,204.05,205.5,1400,36000,0
FINNIFTY31DEC2424250PE.NFO,2024-12-18,09:38:00,2024-12-31,205.5,205.5,202.15,202.15,400,36000,0
FINNIFTY31DEC2424250PE.NFO,2024-12-18,09:39:00,2024-12-31,202.15,202.15,194.8,200.0,850,35025,0
FINNIFTY31DEC2424250PE.NFO,2024-12-18,09:40:00,2024-12-31,200.0,202.1,193.95,193.95,450,35025,0
FINNIFTY31DEC2424250PE.NFO,2024-12-18,09:41:00,2024-12-31,193.95,194.0,188.35,190.1,1150,35025,0
FINNIFTY31DEC2424250PE.NFO,2024-12-18,09:42:00,2024-12-31,190.1,192.8,185.55,190.0,1550,34500,0
FINNIFTY31DEC2424250PE.NFO,2024-12-18,09:43:00,2024-12-31,190.0,192.6,184.8,184.85,275,34500,0
FINNIFTY31DEC2424250PE.NFO,2024-12-18,09:44:00,2024-12-31,184.85,184.85,177.15,178.0,450,34500,0
FINNIFTY31DEC2424250PE.NFO,2024-12-18,09:45:00,2024-12-31,178.0,188.1,177.2,187.15,800,34500,0
FINNIFTY31DEC2424250PE.NFO,2024-12-18,09:46:00,2024-12-31,187.15,193.15,187.15,191.5,250,34450,0
FINNIFTY31DEC2424250PE.NFO,2024-12-18,09:47:00,2024-12-31,191.5,191.5,191.15,191.5,50,34450,0
FINNIFTY31DEC2424250PE.NFO,2024-12-18,09:48:00,2024-12-31,191.5,194.0,188.15,188.15,1250,34450,0
FINNIFTY31DEC2424250PE.NFO,2024-12-18,09:49:00,2024-12-31,188.15,188.15,187.55,187.7,50,34050,0
FINNIFTY31DEC2424250PE.NFO,2024-12-18,09:50:00,2024-12-31,187.7,193.85,187.7,193.15,325,34050,0
FINNIFTY31DEC2424250PE.NFO,2024-12-18,09:51:00,2024-12-31,193.15,209.25,193.15,208.2,575,34050,0
FINNIFTY31DEC2424250PE.NFO,2024-12-18,09:52:00,2024-12-31,208.2,219.4,208.1,218.0,1000,34050,0
FINNIFTY31DEC2424250PE.NFO,2024-12-18,09:53:00,2024-12-31,218.0,218.0,210.0,211.85,1450,34050,0
FINNIFTY31DEC2424250PE.NFO,2024-12-18,09:54:00,2024-12-31,211.85,211.85,209.4,211.0,125,34050,0
FINNIFTY31DEC2424250PE.NFO,2024-12-18,09:55:00,2024-12-31,211.0,214.8,211.0,211.6,775,35150,0
FINNIFTY31DEC2424250PE.NFO,2024-12-18,09:56:00,2024-12-31,211.6,224.25,211.6,224.25,525,35150,0
FINNIFTY31DEC2424250PE.NFO,2024-12-18,09:57:00,2024-12-31,224.25,241.0,224.25,235.2,625,35150,0
FINNIFTY31DEC2424250PE.NFO,2024-12-18,09:58:00,2024-12-31,235.2,251.8,235.2,248.3,3200,34600,0
FINNIFTY31DEC2424250PE.NFO,2024-12-18,09:59:00,2024-12-31,248.3,251.15,240.65,246.35,650,34600,0
FINNIFTY31DEC2424250PE.NFO,2024-12-18,10:00:00,2024-12-31,246.35,259.15,241.2,259.15,1825,34950,0
FINNIFTY31DEC2424250PE.NFO,2024-12-18,10:01:00,2024-12-31,259.15,261.95,256.0,257.2,1900,34950,0
FINNIFTY31DEC2424250PE.NFO,2024-12-18,10:02:00,2024-12-31,257.2,260.0,244.45,246.05,1850,34950,0
FINNIFTY31DEC2424250PE.NFO,2024-12-18,10:03:00,2024-12-31,246.05,258.3,246.05,258.3,1350,35925,0
FINNIFTY31DEC2424250PE.NFO,2024-12-18,10:04:00,2024-12-31,258.3,260.2,249.8,254.15,875,35925,0
FINNIFTY31DEC2424250PE.NFO,2024-12-18,10:05:00,2024-12-31,256.9,258.35,255.85,255.85,1825,35925,0
FINNIFTY31DEC2424250PE.NFO,2024-12-18,10:06:00,2024-12-31,255.85,255.85,244.5,247.2,900,34725,0
FINNIFTY31DEC2424250PE.NFO,2024-12-18,10:07:00,2024-12-31,247.2,247.65,238.2,245.6,475,34725,0
FINNIFTY31DEC2424250PE.NFO,2024-12-18,10:08:00,2024-12-31,245.6,260.0,245.6,259.9,375,34725,0
FINNIFTY31DEC2424250PE.NFO,2024-12-18,10:09:00,2024-12-31,259.9,268.5,258.85,262.4,1900,34850,0
FINNIFTY31DEC2424250PE.NFO,2024-12-18,10:10:00,2024-12-31,262.4,269.6,260.0,263.9,1975,34850,0
FINNIFTY31DEC2424250PE.NFO,2024-12-18,10:11:00,2024-12-31,263.9,267.9,259.8,267.9,1850,34850,0
FINNIFTY31DEC2424250PE.NFO,2024-12-18,10:12:00,2024-12-31,267.9,269.15,265.0,265.75,1625,34850,0
FINNIFTY31DEC2424250PE.NFO,2024-12-18,10:13:00,2024-12-31,265.75,266.75,255.25,258.45,1500,35900,0
FINNIFTY31DEC2424250PE.NFO,2024-12-18,10:14:00,2024-12-31,258.45,265.9,255.25,264.5,1425,35900,0
FINNIFTY31DEC2424250PE.NFO,2024-12-18,10:15:00,2024-12-31,264.5,267.15,260.55,260.55,300,36150,0
FINNIFTY31DEC2424250PE.NFO,2024-12-18,10:16:00,2024-12-31,259.5,259.85,246.3,253.9,1475,36150,0
FINNIFTY31DEC2424250PE.NFO,2024-12-18,10:17:00,2024-12-31,253.9,258.1,251.7,251.7,350,36150,0
FINNIFTY31DEC2424250PE.NFO,2024-12-18,10:18:00,2024-12-31,251.7,261.4,251.7,261.4,375,36150,0
FINNIFTY31DEC2424250PE.NFO,2024-12-18,10:19:00,2024-12-31,261.4,265.0,261.4,265.0,900,36350,0
FINNIFTY31DEC2424250PE.NFO,2024-12-18,10:20:00,2024-12-31,265.0,265.0,254.6,257.2,3900,36350,0
FINNIFTY31DEC2424250PE.NFO,2024-12-18,10:21:00,2024-12-31,257.2,261.9,257.2,260.8,300,36350,0
FINNIFTY31DEC2424250PE.NFO,2024-12-18,10:22:00,2024-12-31,260.8,263.8,257.0,260.55,375,37750,0
FINNIFTY31DEC2424250PE.NFO,2024-12-18,10:23:00,2024-12-31,260.55,261.2,257.25,259.95,375,37750,0
FINNIFTY31DEC2424250PE.NFO,2024-12-18,10:24:00,2024-12-31,259.95,262.4,256.2,256.2,1500,37750,0
FINNIFTY31DEC2424250PE.NFO,2024-12-18,10:25:00,2024-12-31,256.2,258.85,253.25,255.85,450,37150,0
FINNIFTY31DEC2424250PE.NFO,2024-12-18,10:26:00,2024-12-31,255.85,259.55,255.85,259.55,900,37150,0
FINNIFTY31DEC2424250PE.NFO,2024-12-18,10:27:00,2024-12-31,259.55,267.95,259.55,267.95,1450,37150,0
FINNIFTY31DEC2424250PE.NFO,2024-12-18,10:28:00,2024-12-31,267.95,270.0,264.0,266.45,3350,35950,0
FINNIFTY31DEC2424250PE.NFO,2024-12-18,10:29:00,2024-12-31,266.45,271.0,264.35,267.25,675,35950,0
FINNIFTY31DEC2424250PE.NFO,2024-12-18,10:30:00,2024-12-31,267.25,268.25,263.15,263.15,550,35950,0
FINNIFTY31DEC2424250PE.NFO,2024-12-18,10:31:00,2024-12-31,263.15,263.15,244.95,244.95,2475,36625,0
FINNIFTY31DEC2424250PE.NFO,2024-12-18,10:32:00,2024-12-31,244.95,252.35,244.45,252.35,2125,36625,0
FINNIFTY31DEC2424250PE.NFO,2024-12-18,10:33:00,2024-12-31,252.35,252.8,242.75,242.75,75,36625,0
FINNIFTY31DEC2424250PE.NFO,2024-12-18,10:34:00,2024-12-31,242.75,243.7,238.2,242.55,975,35875,0
FINNIFTY31DEC2424250PE.NFO,2024-12-18,10:35:00,2024-12-31,242.55,246.95,242.55,246.8,575,35875,0
FINNIFTY31DEC2424250PE.NFO,2024-12-18,10:36:00,2024-12-31,246.8,248.0,246.8,247.4,175,35875,0
FINNIFTY31DEC2424250PE.NFO,2024-12-18,10:37:00,2024-12-31,247.4,247.4,235.0,235.0,325,35950,0
FINNIFTY31DEC2424250PE.NFO,2024-12-18,10:38:00,2024-12-31,235.0,237.65,232.7,235.5,975,35950,0
FINNIFTY31DEC2424250PE.NFO,2024-12-18,10:39:00,2024-12-31,235.5,235.5,227.0,233.75,650,35950,0
FINNIFTY31DEC2424250PE.NFO,2024-12-18,10:40:00,2024-12-31,233.75,236.0,232.15,232.15,2125,36225,0
FINNIFTY31DEC2424250PE.NFO,2024-12-18,10:41:00,2024-12-31,232.15,240.7,232.15,240.45,600,36225,0
FINNIFTY31DEC2424250PE.NFO,2024-12-18,10:42:00,2024-12-31,240.45,240.45,237.35,237.45,75,36225,0
FINNIFTY31DEC2424250PE.NFO,2024-12-18,10:43:00,2024-12-31,237.45,237.45,229.05,229.05,100,37475,0
FINNIFTY31DEC2424250PE.NFO,2024-12-18,10:44:00,2024-12-31,229.05,235.15,229.05,235.15,400,37475,0
FINNIFTY31DEC2424250PE.NFO,2024-12-18,10:45:00,2024-12-31,235.15,237.05,228.75,229.1,2025,37475,0
FINNIFTY31DEC2424250PE.NFO,2024-12-18,10:46:00,2024-12-31,229.1,235.3,229.1,235.3,600,38800,0
FINNIFTY31DEC2424250PE.NFO,2024-12-18,10:47:00,2024-12-31,235.3,236.15,234.05,236.15,425,38800,0
FINNIFTY31DEC2424250PE.NFO,2024-12-18,10:48:00,2024-12-31,236.15,242.45,236.15,242.45,1375,38800,0
FINNIFTY31DEC2424250PE.NFO,2024-12-18,10:49:00,2024-12-31,242.45,246.25,242.45,244.3,125,37025,0
FINNIFTY31DEC2424250PE.NFO,2024-12-18,10:50:00,2024-12-31,244.3,249.1,242.75,242.75,575,37025,0
FINNIFTY31DEC2424250PE.NFO,2024-12-18,10:51:00,2024-12-31,242.75,242.75,240.9,242.45,500,37025,0
FINNIFTY31DEC2424250PE.NFO,2024-12-18,10:52:00,2024-12-31,242.45,242.45,239.9,239.9,375,37325,0
FINNIFTY31DEC2424250PE.NFO,2024-12-18,10:53:00,2024-12-31,239.9,253.7,239.9,253.7,1000,37325,0
FINNIFTY31DEC2424250PE.NFO,2024-12-18,10:54:00,2024-12-31,253.7,260.0,253.7,260.0,1050,37325,0
FINNIFTY31DEC2424250PE.NFO,2024-12-18,10:55:00,2024-12-31,260.0,264.0,258.95,263.4,4625,37325,0
FINNIFTY31DEC2424250PE.NFO,2024-12-18,10:56:00,2024-12-31,263.4,272.15,260.8,270.0,3825,37325,0
FINNIFTY31DEC2424250PE.NFO,2024-12-18,10:57:00,2024-12-31,270.0,278.15,268.85,274.35,5125,37325,0
FINNIFTY31DEC2424250PE.NFO,2024-12-18,10:58:00,2024-12-31,274.35,276.95,268.9,274.35,4300,37425,0
FINNIFTY31DEC2424250PE.NFO,2024-12-18,10:59:00,2024-12-31,274.35,279.0,269.0,276.0,2075,37425,0
FINNIFTY31DEC2424250PE.NFO,2024-12-18,11:00:00,2024-12-31,276.0,277.9,273.4,275.55,2275,37425,0
FINNIFTY31DEC2424250PE.NFO,2024-12-18,11:01:00,2024-12-31,275.55,283.0,275.0,282.95,3175,38875,0
FINNIFTY31DEC2424250PE.NFO,2024-12-18,11:02:00,2024-12-31,282.95,287.7,277.0,281.0,2075,38875,0
FINNIFTY31DEC2424250PE.NFO,2024-12-18,11:03:00,2024-12-31,281.0,281.85,272.15,273.35,1275,38875,0
FINNIFTY31DEC2424250PE.NFO,2024-12-18,11:04:00,2024-12-31,273.35,274.4,268.8,274.4,825,37975,0
FINNIFTY31DEC2424250PE.NFO,2024-12-18,11:05:00,2024-12-31,274.4,277.0,271.75,271.75,1325,37975,0
FINNIFTY31DEC2424250PE.NFO,2024-12-18,11:06:00,2024-12-31,271.75,279.15,271.75,279.15,600,37975,0
FINNIFTY31DEC2424250PE.NFO,2024-12-18,11:07:00,2024-12-31,279.15,287.25,278.7,279.9,1800,39475,0
FINNIFTY31DEC2424250PE.NFO,2024-12-18,11:08:00,2024-12-31,279.9,282.3,278.65,280.35,1575,39475,0
FINNIFTY31DEC2424250PE.NFO,2024-12-18,11:09:00,2024-12-31,280.35,281.55,277.3,278.15,1350,39475,0
FINNIFTY31DEC2424250PE.NFO,2024-12-18,11:10:00,2024-12-31,278.15,280.05,274.0,276.4,1975,40775,0
FINNIFTY31DEC2424250PE.NFO,2024-12-18,11:11:00,2024-12-31,276.4,277.9,270.95,272.9,750,40775,0
FINNIFTY31DEC2424250PE.NFO,2024-12-18,11:12:00,2024-12-31,272.9,272.9,264.85,267.0,975,40775,0
FINNIFTY31DEC2424250PE.NFO,2024-12-18,11:13:00,2024-12-31,267.0,269.5,260.4,260.4,1375,40900,0
FINNIFTY31DEC2424250PE.NFO,2024-12-18,11:14:00,2024-12-31,260.4,268.85,260.4,268.45,825,40900,0
FINNIFTY31DEC2424250PE.NFO,2024-12-18,11:15:00,2024-12-31,268.45,276.0,267.1,275.2,1425,40900,0
FINNIFTY31DEC2424250PE.NFO,2024-12-18,11:16:00,2024-12-31,275.2,279.7,274.45,275.0,1500,41025,0
FINNIFTY31DEC2424250PE.NFO,2024-12-18,11:17:00,2024-12-31,275.0,275.25,270.0,274.8,1175,41025,0
FINNIFTY31DEC2424250PE.NFO,2024-12-18,11:18:00,2024-12-31,274.8,275.5,271.15,271.15,375,41025,0
FINNIFTY31DEC2424250PE.NFO,2024-12-18,11:19:00,2024-12-31,271.15,273.45,269.0,273.45,575,41050,0
FINNIFTY31DEC2424250PE.NFO,2024-12-18,11:20:00,2024-12-31,273.45,275.75,272.6,272.6,750,41050,0
FINNIFTY31DEC2424250PE.NFO,2024-12-18,11:21:00,2024-12-31,272.6,274.15,270.6,271.6,1000,41050,0
FINNIFTY31DEC2424250PE.NFO,2024-12-18,11:22:00,2024-12-31,271.6,276.35,271.6,272.0,275,42025,0
FINNIFTY31DEC2424250PE.NFO,2024-12-18,11:23:00,2024-12-31,272.0,272.05,270.0,270.0,1250,42025,0
FINNIFTY31DEC2424250PE.NFO,2024-12-18,11:24:00,2024-12-31,270.0,287.2,268.8,285.0,4600,42025,0
FINNIFTY31DEC2424250PE.NFO,2024-12-18,11:25:00,2024-12-31,285.0,306.75,285.0,294.65,6100,40350,0
FINNIFTY31DEC2424250PE.NFO,2024-12-18,11:26:00,2024-12-31,293.0,293.0,274.8,274.85,5125,40350,0
FINNIFTY31DEC2424250PE.NFO,2024-12-18,11:27:00,2024-12-31,274.85,275.8,272.0,272.0,5775,40350,0
FINNIFTY31DEC2424250PE.NFO,2024-12-18,11:28:00,2024-12-31,272.0,273.85,267.2,270.6,2050,44175,0
FINNIFTY31DEC2424250PE.NFO,2024-12-18,11:29:00,2024-12-31,270.6,270.6,265.9,269.7,850,44175,0
FINNIFTY31DEC2424250PE.NFO,2024-12-18,11:30:00,2024-12-31,267.8,271.35,264.2,270.6,950,44175,0
FINNIFTY31DEC2424250PE.NFO,2024-12-18,11:31:00,2024-12-31,270.6,279.45,270.6,277.25,11525,45600,0
FINNIFTY31DEC2424250PE.NFO,2024-12-18,11:32:00,2024-12-31,277.25,280.7,276.8,278.25,3525,45600,0
FINNIFTY31DEC2424250PE.NFO,2024-12-18,11:33:00,2024-12-31,278.25,285.45,278.0,281.1,1150,45600,0
FINNIFTY31DEC2424250PE.NFO,2024-12-18,11:34:00,2024-12-31,281.1,281.1,274.65,277.25,650,38400,0
FINNIFTY31DEC2424250PE.NFO,2024-12-18,11:35:00,2024-12-31,277.25,277.25,272.0,272.0,825,38400,0
FINNIFTY31DEC2424250PE.NFO,2024-12-18,11:36:00,2024-12-31,272.0,272.0,265.45,268.2,725,38400,0
FINNIFTY31DEC2424250PE.NFO,2024-12-18,11:37:00,2024-12-31,268.2,272.2,268.1,269.65,1775,39275,0
FINNIFTY31DEC2424250PE.NFO,2024-12-18,11:38:00,2024-12-31,269.65,271.15,267.5,267.5,425,39275,0
FINNIFTY31DEC2424250PE.NFO,2024-12-18,11:39:00,2024-12-31,267.5,275.2,267.5,275.2,200,39275,0
FINNIFTY31DEC2424250PE.NFO,2024-12-18,11:40:00,2024-12-31,275.2,280.5,275.2,276.6,1950,38675,0
FINNIFTY31DEC2424250PE.NFO,2024-12-18,11:41:00,2024-12-31,276.6,281.6,276.25,276.25,1675,38675,0
FINNIFTY31DEC2424250PE.NFO,2024-12-18,11:42:00,2024-12-31,276.25,276.85,274.5,275.2,625,38675,0
FINNIFTY31DEC2424250PE.NFO,2024-12-18,11:43:00,2024-12-31,275.2,280.65,275.2,278.05,550,39850,0
FINNIFTY31DEC2424250PE.NFO,2024-12-18,11:44:00,2024-12-31,278.05,280.25,276.45,279.35,1050,39850,0
FINNIFTY31DEC2424250PE.NFO,2024-12-18,11:45:00,2024-12-31,279.35,283.65,276.55,276.55,1425,39850,0
FINNIFTY31DEC2424250PE.NFO,2024-12-18,11:46:00,2024-12-31,276.55,276.55,271.7,273.9,850,39425,0
FINNIFTY31DEC2424250PE.NFO,2024-12-18,11:47:00,2024-12-31,273.9,277.5,273.9,277.5,250,39425,0
FINNIFTY31DEC2424250PE.NFO,2024-12-18,11:48:00,2024-12-31,277.5,277.5,272.7,275.0,775,39425,0
FINNIFTY31DEC2424250PE.NFO,2024-12-18,11:49:00,2024-12-31,275.0,279.0,275.0,279.0,500,39075,0
FINNIFTY31DEC2424250PE.NFO,2024-12-18,11:50:00,2024-12-31,279.0,283.95,279.0,282.65,1425,39075,0
FINNIFTY31DEC2424250PE.NFO,2024-12-18,11:51:00,2024-12-31,282.65,285.0,281.95,285.0,800,39075,0
FINNIFTY31DEC2424250PE.NFO,2024-12-18,11:52:00,2024-12-31,285.0,285.95,281.45,281.45,925,38200,0
FINNIFTY31DEC2424250PE.NFO,2024-12-18,11:53:00,2024-12-31,281.45,282.2,280.0,281.8,400,38200,0
FINNIFTY31DEC2424250PE.NFO,2024-12-18,11:54:00,2024-12-31,281.8,281.8,281.8,281.8,0,38200,0
FINNIFTY31DEC2424250PE.NFO,2024-12-18,11:55:00,2024-12-31,281.8,286.85,278.75,285.9,1275,37900,0
FINNIFTY31DEC2424250PE.NFO,2024-12-18,11:56:00,2024-12-31,285.9,285.9,276.25,281.7,925,37900,0
FINNIFTY31DEC2424250PE.NFO,2024-12-18,11:57:00,2024-12-31,281.7,281.7,280.55,280.55,25,37900,0
FINNIFTY31DEC2424250PE.NFO,2024-12-18,11:58:00,2024-12-31,280.55,280.55,275.0,275.0,850,37625,0
FINNIFTY31DEC2424250PE.NFO,2024-12-18,11:59:00,2024-12-31,275.0,275.0,269.0,274.7,675,37625,0
FINNIFTY31DEC2424250PE.NFO,2024-12-18,12:00:00,2024-12-31,274.7,274.7,268.2,268.2,1500,37625,0
FINNIFTY31DEC2424250PE.NFO,2024-12-18,12:01:00,2024-12-31,268.2,273.75,267.5,273.75,1950,36825,0
FINNIFTY31DEC2424250PE.NFO,2024-12-18,12:02:00,2024-12-31,273.75,274.15,266.65,267.55,600,36825,0
FINNIFTY31DEC2424250PE.NFO,2024-12-18,12:03:00,2024-12-31,267.55,269.35,266.45,268.0,425,36825,0
FINNIFTY31DEC2424250PE.NFO,2024-12-18,12:04:00,2024-12-31,268.0,268.0,266.3,267.15,450,36800,0
FINNIFTY31DEC2424250PE.NFO,2024-12-18,12:05:00,2024-12-31,269.85,274.7,269.85,273.0,2800,36800,0
FINNIFTY31DEC2424250PE.NFO,2024-12-18,12:06:00,2024-12-31,273.0,277.9,273.0,277.4,600,36800,0
FINNIFTY31DEC2424250PE.NFO,2024-12-18,12:07:00,2024-12-31,277.4,286.35,277.35,283.6,3325,37325,0
FINNIFTY31DEC2424250PE.NFO,2024-12-18,12:08:00,2024-12-31,283.6,283.6,275.0,275.1,1875,37325,0
FINNIFTY31DEC2424250PE.NFO,2024-12-18,12:09:00,2024-12-31,275.1,276.6,273.4,274.4,1275,37325,0
FINNIFTY31DEC2424250PE.NFO,2024-12-18,12:10:00,2024-12-31,274.4,274.4,273.35,274.35,375,40550,0
FINNIFTY31DEC2424250PE.NFO,2024-12-18,12:11:00,2024-12-31,274.35,276.55,274.35,276.25,300,40550,0
FINNIFTY31DEC2424250PE.NFO,2024-12-18,12:12:00,2024-12-31,276.25,276.75,272.25,273.0,625,40550,0
FINNIFTY31DEC2424250PE.NFO,2024-12-18,12:13:00,2024-12-31,273.0,278.65,273.0,278.1,725,39950,0
FINNIFTY31DEC2424250PE.NFO,2024-12-18,12:14:00,2024-12-31,278.1,281.2,277.1,278.9,800,39950,0
FINNIFTY31DEC2424250PE.NFO,2024-12-18,12:15:00,2024-12-31,278.9,280.9,276.8,279.6,1375,39950,0
FINNIFTY31DEC2424250PE.NFO,2024-12-18,12:16:00,2024-12-31,279.6,279.6,271.0,271.0,725,40025,0
FINNIFTY31DEC2424250PE.NFO,2024-12-18,12:17:00,2024-12-31,271.0,272.35,270.35,271.5,150,40025,0
FINNIFTY31DEC2424250PE.NFO,2024-12-18,12:18:00,2024-12-31,271.5,277.9,271.5,276.45,450,40025,0
FINNIFTY31DEC2424250PE.NFO,2024-12-18,12:19:00,2024-12-31,276.45,283.55,276.45,283.1,1025,40325,0
FINNIFTY31DEC2424250PE.NFO,2024-12-18,12:20:00,2024-12-31,283.1,283.7,281.5,283.65,925,40325,0
FINNIFTY31DEC2424250PE.NFO,2024-12-18,12:21:00,2024-12-31,283.65,283.65,278.0,278.3,775,40325,0
FINNIFTY31DEC2424250PE.NFO,2024-12-18,12:22:00,2024-12-31,278.3,279.25,278.1,279.25,425,40225,0
FINNIFTY31DEC2424250PE.NFO,2024-12-18,12:23:00,2024-12-31,279.25,282.95,278.35,278.35,100,40225,0
FINNIFTY31DEC2424250PE.NFO,2024-12-18,12:24:00,2024-12-31,278.35,282.0,278.35,281.45,450,40225,0
FINNIFTY31DEC2424250PE.NFO,2024-12-18,12:25:00,2024-12-31,281.45,283.4,276.0,276.6,500,39900,0
FINNIFTY31DEC2424250PE.NFO,2024-12-18,12:26:00,2024-12-31,276.6,278.0,276.2,276.2,125,39900,0
FINNIFTY31DEC2424250PE.NFO,2024-12-18,12:27:00,2024-12-31,276.2,283.9,276.2,283.9,900,39900,0
FINNIFTY31DEC2424250PE.NFO,2024-12-18,12:28:00,2024-12-31,283.9,283.9,275.0,277.05,825,38950,0
FINNIFTY31DEC2424250PE.NFO,2024-12-18,12:29:00,2024-12-31,277.05,278.55,276.8,276.8,400,38950,0
FINNIFTY31DEC2424250PE.NFO,2024-12-18,12:30:00,2024-12-31,276.8,280.6,276.8,280.6,100,38950,0
FINNIFTY31DEC2424250PE.NFO,2024-12-18,12:31:00,2024-12-31,280.6,280.6,278.7,278.7,200,39650,0
FINNIFTY31DEC2424250PE.NFO,2024-12-18,12:32:00,2024-12-31,278.7,278.7,276.2,277.3,200,39650,0
FINNIFTY31DEC2424250PE.NFO,2024-12-18,12:33:00,2024-12-31,277.3,277.3,274.0,274.85,775,39650,0
FINNIFTY31DEC2424250PE.NFO,2024-12-18,12:34:00,2024-12-31,274.85,280.85,274.85,278.8,750,39650,0
FINNIFTY31DEC2424250PE.NFO,2024-12-18,12:35:00,2024-12-31,278.8,282.0,278.8,281.55,275,39650,0
FINNIFTY31DEC2424250PE.NFO,2024-12-18,12:36:00,2024-12-31,281.55,298.3,281.55,298.0,6500,39650,0
FINNIFTY31DEC2424250PE.NFO,2024-12-18,12:37:00,2024-12-31,298.0,303.9,297.65,300.4,2300,40050,0
FINNIFTY31DEC2424250PE.NFO,2024-12-18,12:38:00,2024-12-31,300.4,301.75,293.35,297.65,1425,40050,0
FINNIFTY31DEC2424250PE.NFO,2024-12-18,12:39:00,2024-12-31,297.65,302.0,297.65,299.0,1375,40050,0
FINNIFTY31DEC2424250PE.NFO,2024-12-18,12:40:00,2024-12-31,299.0,299.85,294.15,297.9,600,38275,0
FINNIFTY31DEC2424250PE.NFO,2024-12-18,12:41:00,2024-12-31,297.9,297.9,293.8,297.2,275,38275,0
FINNIFTY31DEC2424250PE.NFO,2024-12-18,12:42:00,2024-12-31,297.2,302.8,297.2,299.45,1100,38275,0
FINNIFTY31DEC2424250PE.NFO,2024-12-18,12:43:00,2024-12-31,299.45,301.65,296.65,298.55,800,37275,0
FINNIFTY31DEC2424250PE.NFO,2024-12-18,12:44:00,2024-12-31,298.55,298.55,294.4,296.0,75,37275,0
FINNIFTY31DEC2424250PE.NFO,2024-12-18,12:45:00,2024-12-31,296.0,301.4,296.0,300.3,2875,37275,0
FINNIFTY31DEC2424250PE.NFO,2024-12-18,12:46:00,2024-12-31,300.3,302.0,299.35,299.35,300,34950,0
FINNIFTY31DEC2424250PE.NFO,2024-12-18,12:47:00,2024-12-31,299.35,299.35,296.95,296.95,425,34950,0
FINNIFTY31DEC2424250PE.NFO,2024-12-18,12:48:00,2024-12-31,296.95,301.95,296.95,300.0,625,34950,0
FINNIFTY31DEC2424250PE.NFO,2024-12-18,12:49:00,2024-12-31,300.0,300.0,296.6,296.6,50,35025,0
FINNIFTY31DEC2424250PE.NFO,2024-12-18,12:50:00,2024-12-31,296.6,300.0,296.6,297.3,150,35025,0
FINNIFTY31DEC2424250PE.NFO,2024-12-18,12:51:00,2024-12-31,297.3,305.15,297.3,301.65,1000,35025,0
FINNIFTY31DEC2424250PE.NFO,2024-12-18,12:52:00,2024-12-31,301.65,304.3,301.0,303.95,175,34650,0
FINNIFTY31DEC2424250PE.NFO,2024-12-18,12:53:00,2024-12-31,303.95,303.95,300.55,300.55,350,34650,0
FINNIFTY31DEC2424250PE.NFO,2024-12-18,12:54:00,2024-12-31,300.55,301.65,298.9,298.9,1025,34650,0
FINNIFTY31DEC2424250PE.NFO,2024-12-18,12:55:00,2024-12-31,298.9,302.6,298.9,300.9,250,34750,0
FINNIFTY31DEC2424250PE.NFO,2024-12-18,12:56:00,2024-12-31,300.9,300.9,288.2,292.2,1300,34750,0
FINNIFTY31DEC2424250PE.NFO,2024-12-18,12:57:00,2024-12-31,292.2,296.95,292.2,296.95,100,34750,0
FINNIFTY31DEC2424250PE.NFO,2024-12-18,12:58:00,2024-12-31,296.95,303.4,296.95,299.6,550,34725,0
FINNIFTY31DEC2424250PE.NFO,2024-12-18,12:59:00,2024-12-31,299.6,299.6,294.8,294.8,550,34725,0
FINNIFTY31DEC2424250PE.NFO,2024-12-18,13:00:00,2024-12-31,294.8,299.5,293.3,297.65,475,34725,0
FINNIFTY31DEC2424250PE.NFO,2024-12-18,13:01:00,2024-12-31,297.65,297.65,291.0,292.5,425,34450,0
FINNIFTY31DEC2424250PE.NFO,2024-12-18,13:02:00,2024-12-31,292.5,292.5,288.4,289.2,375,34450,0
FINNIFTY31DEC2424250PE.NFO,2024-12-18,13:03:00,2024-12-31,289.2,290.4,280.0,280.0,1175,34450,0
FINNIFTY31DEC2424250PE.NFO,2024-12-18,13:04:00,2024-12-31,280.0,280.9,277.15,280.0,1275,34925,0
FINNIFTY31DEC2424250PE.NFO,2024-12-18,13:05:00,2024-12-31,280.0,283.4,274.35,283.4,900,34925,0
FINNIFTY31DEC2424250PE.NFO,2024-12-18,13:06:00,2024-12-31,283.4,284.45,280.45,284.45,600,34925,0
FINNIFTY31DEC2424250PE.NFO,2024-12-18,13:07:00,2024-12-31,284.45,284.45,264.95,265.6,2350,34950,0
FINNIFTY31DEC2424250PE.NFO,2024-12-18,13:08:00,2024-12-31,265.6,271.0,261.55,265.9,1400,34950,0
FINNIFTY31DEC2424250PE.NFO,2024-12-18,13:09:00,2024-12-31,265.9,271.35,265.9,271.35,700,34950,0
FINNIFTY31DEC2424250PE.NFO,2024-12-18,13:10:00,2024-12-31,271.35,273.55,269.3,269.3,225,34075,0
FINNIFTY31DEC2424250PE.NFO,2024-12-18,13:11:00,2024-12-31,269.3,273.8,269.3,273.8,550,34075,0
FINNIFTY31DEC2424250PE.NFO,2024-12-18,13:12:00,2024-12-31,273.8,274.55,270.45,272.15,1075,34075,0
FINNIFTY31DEC2424250PE.NFO,2024-12-18,13:13:00,2024-12-31,272.15,272.15,264.35,264.35,1825,34375,0
FINNIFTY31DEC2424250PE.NFO,2024-12-18,13:14:00,2024-12-31,264.35,270.25,264.35,267.0,2900,34375,0
FINNIFTY31DEC2424250PE.NFO,2024-12-18,13:15:00,2024-12-31,267.0,270.0,260.85,269.25,1550,34375,0
FINNIFTY31DEC2424250PE.NFO,2024-12-18,13:16:00,2024-12-31,269.25,272.95,269.0,269.0,600,37525,0
FINNIFTY31DEC2424250PE.NFO,2024-12-18,13:17:00,2024-12-31,269.0,269.0,264.35,264.35,800,37525,0
FINNIFTY31DEC2424250PE.NFO,2024-12-18,13:18:00,2024-12-31,264.35,264.95,262.0,262.0,375,37525,0
FINNIFTY31DEC2424250PE.NFO,2024-12-18,13:19:00,2024-12-31,262.0,265.35,261.3,264.25,525,37175,0
FINNIFTY31DEC2424250PE.NFO,2024-12-18,13:20:00,2024-12-31,264.25,269.2,264.25,266.15,1375,37175,0
FINNIFTY31DEC2424250PE.NFO,2024-12-18,13:21:00,2024-12-31,266.15,266.15,257.8,258.8,2000,37175,0
FINNIFTY31DEC2424250PE.NFO,2024-12-18,13:22:00,2024-12-31,258.8,268.5,258.8,268.3,525,37175,0
FINNIFTY31DEC2424250PE.NFO,2024-12-18,13:23:00,2024-12-31,268.3,268.3,266.0,266.0,125,37175,0
FINNIFTY31DEC2424250PE.NFO,2024-12-18,13:24:00,2024-12-31,266.0,266.0,261.45,261.45,350,37175,0
FINNIFTY31DEC2424250PE.NFO,2024-12-18,13:25:00,2024-12-31,261.45,262.45,260.9,261.05,150,36975,0
FINNIFTY31DEC2424250PE.NFO,2024-12-18,13:26:00,2024-12-31,261.05,266.0,260.3,265.9,900,36975,0
FINNIFTY31DEC2424250PE.NFO,2024-12-18,13:27:00,2024-12-31,265.9,267.55,260.85,267.55,375,36975,0
FINNIFTY31DEC2424250PE.NFO,2024-12-18,13:28:00,2024-12-31,267.55,268.3,255.35,260.2,4125,36700,0
FINNIFTY31DEC2424250PE.NFO,2024-12-18,13:29:00,2024-12-31,260.2,265.15,258.5,263.05,375,36700,0
FINNIFTY31DEC2424250PE.NFO,2024-12-18,13:30:00,2024-12-31,263.05,263.65,262.25,263.05,600,36700,0
FINNIFTY31DEC2424250PE.NFO,2024-12-18,13:31:00,2024-12-31,263.05,265.6,263.05,265.6,75,34400,0
FINNIFTY31DEC2424250PE.NFO,2024-12-18,13:32:00,2024-12-31,265.6,272.85,265.6,272.05,925,34400,0
FINNIFTY31DEC2424250PE.NFO,2024-12-18,13:33:00,2024-12-31,272.05,275.0,270.95,271.35,1050,34400,0
FINNIFTY31DEC2424250PE.NFO,2024-12-18,13:34:00,2024-12-31,271.35,276.45,270.0,276.45,950,35350,0
FINNIFTY31DEC2424250PE.NFO,2024-12-18,13:35:00,2024-12-31,276.45,279.85,274.75,279.3,1025,35350,0
FINNIFTY31DEC2424250PE.NFO,2024-12-18,13:36:00,2024-12-31,279.3,279.3,273.6,274.05,400,35350,0
FINNIFTY31DEC2424250PE.NFO,2024-12-18,13:37:00,2024-12-31,274.05,279.0,274.05,275.55,350,35750,0
FINNIFTY31DEC2424250PE.NFO,2024-12-18,13:38:00,2024-12-31,275.55,276.2,274.35,275.25,175,35750,0
FINNIFTY31DEC2424250PE.NFO,2024-12-18,13:39:00,2024-12-31,275.25,282.25,275.25,282.25,975,35750,0
FINNIFTY31DEC2424250PE.NFO,2024-12-18,13:40:00,2024-12-31,282.25,282.25,281.0,282.1,375,35625,0
FINNIFTY31DEC2424250PE.NFO,2024-12-18,13:41:00,2024-12-31,282.1,288.7,282.1,285.25,1100,35625,0
FINNIFTY31DEC2424250PE.NFO,2024-12-18,13:42:00,2024-12-31,285.25,289.4,283.95,285.95,675,35625,0
FINNIFTY31DEC2424250PE.NFO,2024-12-18,13:43:00,2024-12-31,285.95,287.3,285.45,287.3,800,35675,0
FINNIFTY31DEC2424250PE.NFO,2024-12-18,13:44:00,2024-12-31,287.3,289.0,286.05,287.75,600,35675,0
FINNIFTY31DEC2424250PE.NFO,2024-12-18,13:45:00,2024-12-31,287.75,288.9,287.45,288.9,375,35675,0
FINNIFTY31DEC2424250PE.NFO,2024-12-18,13:46:00,2024-12-31,288.9,288.9,279.7,282.35,1275,34650,0
FINNIFTY31DEC2424250PE.NFO,2024-12-18,13:47:00,2024-12-31,282.35,286.15,282.35,286.15,25,34650,0
FINNIFTY31DEC2424250PE.NFO,2024-12-18,13:48:00,2024-12-31,286.15,290.7,286.15,289.95,375,34650,0
FINNIFTY31DEC2424250PE.NFO,2024-12-18,13:49:00,2024-12-31,289.95,290.55,288.55,288.9,525,34650,0
FINNIFTY31DEC2424250PE.NFO,2024-12-18,13:50:00,2024-12-31,288.9,293.6,288.9,292.4,1150,34375,0
FINNIFTY31DEC2424250PE.NFO,2024-12-18,13:51:00,2024-12-31,292.4,300.65,292.4,298.4,5775,34375,0
FINNIFTY31DEC2424250PE.NFO,2024-12-18,13:52:00,2024-12-31,298.4,298.4,295.6,295.6,200,38475,0
FINNIFTY31DEC2424250PE.NFO,2024-12-18,13:53:00,2024-12-31,295.6,295.6,290.85,292.9,675,38475,0
FINNIFTY31DEC2424250PE.NFO,2024-12-18,13:54:00,2024-12-31,292.9,296.45,292.9,294.65,675,38475,0
FINNIFTY31DEC2424250PE.NFO,2024-12-18,13:55:00,2024-12-31,294.65,295.8,281.35,282.15,2550,38525,0
FINNIFTY31DEC2424250PE.NFO,2024-12-18,13:56:00,2024-12-31,282.15,289.05,282.15,287.9,325,38525,0
FINNIFTY31DEC2424250PE.NFO,2024-12-18,13:57:00,2024-12-31,287.9,293.4,287.9,289.45,850,38525,0
FINNIFTY31DEC2424250PE.NFO,2024-12-18,13:58:00,2024-12-31,289.45,290.0,288.0,290.0,200,36300,0
FINNIFTY31DEC2424250PE.NFO,2024-12-18,13:59:00,2024-12-31,290.0,290.0,284.75,286.75,375,36300,0
FINNIFTY31DEC2424250PE.NFO,2024-12-18,14:00:00,2024-12-31,286.75,294.05,286.5,294.05,1225,36300,0
FINNIFTY31DEC2424250PE.NFO,2024-12-18,14:01:00,2024-12-31,294.05,295.0,290.65,293.1,1325,36250,0
FINNIFTY31DEC2424250PE.NFO,2024-12-18,14:02:00,2024-12-31,293.1,293.1,288.0,288.0,975,36250,0
FINNIFTY31DEC2424250PE.NFO,2024-12-18,14:03:00,2024-12-31,288.0,290.55,286.65,290.3,575,36250,0
FINNIFTY31DEC2424250PE.NFO,2024-12-18,14:04:00,2024-12-31,290.3,292.45,287.0,287.0,375,35925,0
FINNIFTY31DEC2424250PE.NFO,2024-12-18,14:05:00,2024-12-31,287.0,287.35,287.0,287.35,50,35925,0
FINNIFTY31DEC2424250PE.NFO,2024-12-18,14:06:00,2024-12-31,287.35,299.0,287.35,299.0,1475,35925,0
FINNIFTY31DEC2424250PE.NFO,2024-12-18,14:07:00,2024-12-31,299.0,299.75,296.35,297.15,375,36025,0
FINNIFTY31DEC2424250PE.NFO,2024-12-18,14:08:00,2024-12-31,297.15,310.5,296.4,304.1,2000,36025,0
FINNIFTY31DEC2424250PE.NFO,2024-12-18,14:09:00,2024-12-31,304.1,306.65,303.95,305.15,1425,36025,0
FINNIFTY31DEC2424250PE.NFO,2024-12-18,14:10:00,2024-12-31,305.15,309.25,302.1,309.25,750,36625,0
FINNIFTY31DEC2424250PE.NFO,2024-12-18,14:11:00,2024-12-31,309.25,311.25,304.6,304.6,575,36625,0
FINNIFTY31DEC2424250PE.NFO,2024-12-18,14:12:00,2024-12-31,304.6,306.15,303.0,305.5,400,36625,0
FINNIFTY31DEC2424250PE.NFO,2024-12-18,14:13:00,2024-12-31,305.5,305.6,304.95,304.95,275,36475,0
FINNIFTY31DEC2424250PE.NFO,2024-12-18,14:14:00,2024-12-31,304.95,304.95,304.95,304.95,100,36475,0
FINNIFTY31DEC2424250PE.NFO,2024-12-18,14:15:00,2024-12-31,303.45,303.45,299.8,301.85,1450,36475,0
FINNIFTY31DEC2424250PE.NFO,2024-12-18,14:16:00,2024-12-31,301.85,311.45,301.85,310.4,1350,36325,0
FINNIFTY31DEC2424250PE.NFO,2024-12-18,14:17:00,2024-12-31,310.0,312.25,307.0,309.6,575,36325,0
FINNIFTY31DEC2424250PE.NFO,2024-12-18,14:18:00,2024-12-31,309.6,309.6,304.0,304.0,1000,36325,0
FINNIFTY31DEC2424250PE.NFO,2024-12-18,14:19:00,2024-12-31,304.0,312.15,301.5,312.15,950,35825,0
FINNIFTY31DEC2424250PE.NFO,2024-12-18,14:20:00,2024-12-31,312.15,321.1,312.15,317.6,3025,35825,0
FINNIFTY31DEC2424250PE.NFO,2024-12-18,14:21:00,2024-12-31,317.6,317.6,314.0,314.35,375,35825,0
FINNIFTY31DEC2424250PE.NFO,2024-12-18,14:22:00,2024-12-31,314.35,314.35,311.5,313.35,975,37475,0
FINNIFTY31DEC2424250PE.NFO,2024-12-18,14:23:00,2024-12-31,313.35,319.85,313.35,318.95,1225,37475,0
FINNIFTY31DEC2424250PE.NFO,2024-12-18,14:24:00,2024-12-31,318.95,320.0,312.5,316.0,800,37475,0
FINNIFTY31DEC2424250PE.NFO,2024-12-18,14:25:00,2024-12-31,316.0,320.65,313.7,320.65,725,38000,0
FINNIFTY31DEC2424250PE.NFO,2024-12-18,14:26:00,2024-12-31,320.65,325.25,320.65,322.35,1400,38000,0
FINNIFTY31DEC2424250PE.NFO,2024-12-18,14:27:00,2024-12-31,322.35,324.25,321.35,322.5,650,38000,0
FINNIFTY31DEC2424250PE.NFO,2024-12-18,14:28:00,2024-12-31,323.55,326.35,322.5,324.4,1300,37725,0
FINNIFTY31DEC2424250PE.NFO,2024-12-18,14:29:00,2024-12-31,324.4,328.0,324.4,327.45,1025,37725,0
FINNIFTY31DEC2424250PE.NFO,2024-12-18,14:30:00,2024-12-31,327.45,327.45,321.0,322.3,275,37725,0
FINNIFTY31DEC2424250PE.NFO,2024-12-18,14:31:00,2024-12-31,322.3,327.15,322.3,324.2,375,37425,0
FINNIFTY31DEC2424250PE.NFO,2024-12-18,14:32:00,2024-12-31,324.2,326.8,323.25,323.55,1250,37425,0
FINNIFTY31DEC2424250PE.NFO,2024-12-18,14:33:00,2024-12-31,323.55,326.7,323.05,323.6,475,37425,0
FINNIFTY31DEC2424250PE.NFO,2024-12-18,14:34:00,2024-12-31,323.6,323.6,318.5,321.0,475,37275,0
FINNIFTY31DEC2424250PE.NFO,2024-12-18,14:35:00,2024-12-31,321.0,324.1,318.55,318.55,75,37275,0
FINNIFTY31DEC2424250PE.NFO,2024-12-18,14:36:00,2024-12-31,318.55,322.65,314.9,315.45,1300,37275,0
FINNIFTY31DEC2424250PE.NFO,2024-12-18,14:37:00,2024-12-31,315.45,322.05,315.45,319.55,100,37275,0
FINNIFTY31DEC2424250PE.NFO,2024-12-18,14:38:00,2024-12-31,319.55,319.55,319.55,319.55,0,37275,0
FINNIFTY31DEC2424250PE.NFO,2024-12-18,14:39:00,2024-12-31,319.55,319.55,319.55,319.55,0,37275,0
FINNIFTY31DEC2424250PE.NFO,2024-12-18,14:40:00,2024-12-31,319.55,322.25,317.6,318.05,350,37350,0
FINNIFTY31DEC2424250PE.NFO,2024-12-18,14:41:00,2024-12-31,318.05,319.1,315.2,315.2,425,37350,0
FINNIFTY31DEC2424250PE.NFO,2024-12-18,14:42:00,2024-12-31,315.2,316.1,310.45,311.0,1575,37350,0
FINNIFTY31DEC2424250PE.NFO,2024-12-18,14:43:00,2024-12-31,311.0,312.9,306.35,306.35,350,36975,0
FINNIFTY31DEC2424250PE.NFO,2024-12-18,14:44:00,2024-12-31,306.35,307.85,303.9,303.9,100,36975,0
FINNIFTY31DEC2424250PE.NFO,2024-12-18,14:45:00,2024-12-31,303.0,308.0,301.65,307.35,325,36975,0
FINNIFTY31DEC2424250PE.NFO,2024-12-18,14:46:00,2024-12-31,308.5,308.8,306.7,308.8,125,36525,0
FINNIFTY31DEC2424250PE.NFO,2024-12-18,14:47:00,2024-12-31,308.8,308.8,304.1,304.1,75,36525,0
FINNIFTY31DEC2424250PE.NFO,2024-12-18,14:48:00,2024-12-31,304.1,304.1,291.6,294.5,625,36525,0
FINNIFTY31DEC2424250PE.NFO,2024-12-18,14:49:00,2024-12-31,294.5,298.8,290.0,298.8,2000,35075,0
FINNIFTY31DEC2424250PE.NFO,2024-12-18,14:50:00,2024-12-31,298.8,298.8,290.7,290.7,175,35075,0
FINNIFTY31DEC2424250PE.NFO,2024-12-18,14:51:00,2024-12-31,290.7,295.05,290.0,295.05,550,35075,0
FINNIFTY31DEC2424250PE.NFO,2024-12-18,14:52:00,2024-12-31,295.05,296.0,293.9,296.0,75,35075,0
FINNIFTY31DEC2424250PE.NFO,2024-12-18,14:53:00,2024-12-31,296.0,298.05,295.35,298.05,100,35275,0
FINNIFTY31DEC2424250PE.NFO,2024-12-18,14:54:00,2024-12-31,298.05,298.05,293.4,293.4,500,35275,0
FINNIFTY31DEC2424250PE.NFO,2024-12-18,14:55:00,2024-12-31,293.4,293.4,293.4,293.4,0,35275,0
FINNIFTY31DEC2424250PE.NFO,2024-12-18,14:56:00,2024-12-31,293.4,297.5,293.4,297.5,50,35175,0
FINNIFTY31DEC2424250PE.NFO,2024-12-18,14:57:00,2024-12-31,297.5,304.0,297.5,304.0,250,35175,0
FINNIFTY31DEC2424250PE.NFO,2024-12-18,14:58:00,2024-12-31,304.0,304.0,304.0,304.0,0,35175,0
FINNIFTY31DEC2424250PE.NFO,2024-12-18,14:59:00,2024-12-31,304.0,309.45,304.0,307.2,575,35250,0
FINNIFTY31DEC2424250PE.NFO,2024-12-18,15:00:00,2024-12-31,307.2,307.2,297.25,300.35,150,35250,0
FINNIFTY31DEC2424250PE.NFO,2024-12-18,15:01:00,2024-12-31,300.35,302.8,300.35,302.7,200,35400,0
FINNIFTY31DEC2424250PE.NFO,2024-12-18,15:02:00,2024-12-31,302.7,302.7,293.45,294.4,675,35400,0
FINNIFTY31DEC2424250PE.NFO,2024-12-18,15:03:00,2024-12-31,294.4,296.95,292.6,292.95,825,35400,0
FINNIFTY31DEC2424250PE.NFO,2024-12-18,15:04:00,2024-12-31,292.95,292.95,285.7,287.25,1325,36375,0
FINNIFTY31DEC2424250PE.NFO,2024-12-18,15:05:00,2024-12-31,287.25,289.45,284.95,287.65,900,36375,0
FINNIFTY31DEC2424250PE.NFO,2024-12-18,15:06:00,2024-12-31,287.65,288.6,286.0,286.25,1500,36375,0
FINNIFTY31DEC2424250PE.NFO,2024-12-18,15:07:00,2024-12-31,286.25,292.0,286.25,292.0,475,36500,0
FINNIFTY31DEC2424250PE.NFO,2024-12-18,15:08:00,2024-12-31,292.0,296.95,290.6,295.5,975,36500,0
FINNIFTY31DEC2424250PE.NFO,2024-12-18,15:09:00,2024-12-31,295.5,299.7,295.5,298.75,1050,36500,0
FINNIFTY31DEC2424250PE.NFO,2024-12-18,15:10:00,2024-12-31,298.75,298.75,294.6,294.6,1050,39000,0
FINNIFTY31DEC2424250PE.NFO,2024-12-18,15:11:00,2024-12-31,294.6,298.55,294.6,298.55,75,39000,0
FINNIFTY31DEC2424250PE.NFO,2024-12-18,15:12:00,2024-12-31,298.55,299.4,297.2,299.4,825,39000,0
FINNIFTY31DEC2424250PE.NFO,2024-12-18,15:13:00,2024-12-31,299.4,299.75,298.45,298.45,750,39000,0
FINNIFTY31DEC2424250PE.NFO,2024-12-18,15:14:00,2024-12-31,298.45,299.0,298.35,298.35,125,38875,0
FINNIFTY31DEC2424250PE.NFO,2024-12-18,15:15:00,2024-12-31,298.35,299.95,286.35,288.0,950,38875,0
FINNIFTY31DEC2424250PE.NFO,2024-12-18,15:16:00,2024-12-31,288.0,288.0,281.25,282.3,2725,38850,0
FINNIFTY31DEC2424250PE.NFO,2024-12-18,15:17:00,2024-12-31,282.3,284.1,278.35,281.15,2425,38850,0
FINNIFTY31DEC2424250PE.NFO,2024-12-18,15:18:00,2024-12-31,281.15,281.35,278.35,280.2,225,38850,0
FINNIFTY31DEC2424250PE.NFO,2024-12-18,15:19:00,2024-12-31,280.2,280.85,277.85,278.8,1850,38425,0
FINNIFTY31DEC2424250PE.NFO,2024-12-18,15:20:00,2024-12-31,278.8,279.05,270.0,273.0,2925,38425,0
FINNIFTY31DEC2424250PE.NFO,2024-12-18,15:21:00,2024-12-31,273.0,274.85,272.4,273.9,150,38425,0
FINNIFTY31DEC2424250PE.NFO,2024-12-18,15:22:00,2024-12-31,273.9,278.8,273.9,278.8,225,38125,0
FINNIFTY31DEC2424250PE.NFO,2024-12-18,15:23:00,2024-12-31,278.8,278.8,277.45,277.45,25,38125,0
FINNIFTY31DEC2424250PE.NFO,2024-12-18,15:24:00,2024-12-31,277.45,283.95,277.45,281.4,1000,38125,0
FINNIFTY31DEC2424250PE.NFO,2024-12-18,15:25:00,2024-12-31,281.4,283.2,278.8,283.2,3425,37750,0
FINNIFTY31DEC2424250PE.NFO,2024-12-18,15:26:00,2024-12-31,283.2,283.55,275.95,277.55,875,37750,0
FINNIFTY31DEC2424250PE.NFO,2024-12-18,15:27:00,2024-12-31,277.55,277.75,276.0,277.4,2300,37750,0
FINNIFTY31DEC2424250PE.NFO,2024-12-18,15:28:00,2024-12-31,277.4,283.9,276.05,276.05,4550,38425,0
FINNIFTY31DEC2424250PE.NFO,2024-12-18,15:29:00,2024-12-31,276.05,291.25,276.05,291.25,575,38425,0
FINNIFTY31DEC2424250PE.NFO,2024-12-18,15:30:00,2024-12-31,291.25,291.25,291.25,291.25,575,38425,1
FINNIFTY31DEC2424250PE.NFO,2024-12-19,09:15:00,2024-12-31,347.0,483.45,347.0,478.35,3200,38050,0
FINNIFTY31DEC2424250PE.NFO,2024-12-19,09:16:00,2024-12-31,478.35,529.0,478.35,526.0,1650,38050,0
FINNIFTY31DEC2424250PE.NFO,2024-12-19,09:17:00,2024-12-31,526.0,555.0,526.0,554.3,325,38050,0
FINNIFTY31DEC2424250PE.NFO,2024-12-19,09:18:00,2024-12-31,554.3,554.3,530.85,530.85,500,38050,0
FINNIFTY31DEC2424250PE.NFO,2024-12-19,09:19:00,2024-12-31,530.85,530.85,520.85,520.85,275,35725,0
FINNIFTY31DEC2424250PE.NFO,2024-12-19,09:20:00,2024-12-31,520.85,531.3,520.85,531.3,625,35725,0
FINNIFTY31DEC2424250PE.NFO,2024-12-19,09:21:00,2024-12-31,531.3,533.0,528.2,532.35,250,35725,0
FINNIFTY31DEC2424250PE.NFO,2024-12-19,09:22:00,2024-12-31,532.35,539.0,522.5,539.0,300,34725,0
FINNIFTY31DEC2424250PE.NFO,2024-12-19,09:23:00,2024-12-31,539.0,540.6,521.95,524.35,650,34725,0
FINNIFTY31DEC2424250PE.NFO,2024-12-19,09:24:00,2024-12-31,524.35,524.35,492.05,511.25,925,34400,0
FINNIFTY31DEC2424250PE.NFO,2024-12-19,09:25:00,2024-12-31,511.25,514.05,490.35,503.7,1075,34400,0
FINNIFTY31DEC2424250PE.NFO,2024-12-19,09:26:00,2024-12-31,503.7,507.65,495.0,502.2,175,34400,0
FINNIFTY31DEC2424250PE.NFO,2024-12-19,09:27:00,2024-12-31,502.2,502.2,496.0,501.1,100,34400,0
FINNIFTY31DEC2424250PE.NFO,2024-12-19,09:28:00,2024-12-31,501.1,513.9,501.1,513.9,675,33575,0
FINNIFTY31DEC2424250PE.NFO,2024-12-19,09:29:00,2024-12-31,513.9,519.6,513.9,519.6,100,33575,0
FINNIFTY31DEC2424250PE.NFO,2024-12-19,09:30:00,2024-12-31,519.6,522.5,516.25,522.2,1250,34625,0
FINNIFTY31DEC2424250PE.NFO,2024-12-19,09:31:00,2024-12-31,522.2,527.45,522.2,527.45,25,34625,0
FINNIFTY31DEC2424250PE.NFO,2024-12-19,09:32:00,2024-12-31,527.45,531.0,525.5,525.5,50,34625,0
FINNIFTY31DEC2424250PE.NFO,2024-12-19,09:33:00,2024-12-31,525.5,525.5,522.6,522.85,300,33925,0
FINNIFTY31DEC2424250PE.NFO,2024-12-19,09:34:00,2024-12-31,522.85,526.5,522.85,523.8,75,33925,0
FINNIFTY31DEC2424250PE.NFO,2024-12-19,09:35:00,2024-12-31,527.0,531.3,524.0,525.7,125,33925,0
FINNIFTY31DEC2424250PE.NFO,2024-12-19,09:36:00,2024-12-31,525.7,525.7,522.0,523.0,75,33925,0
FINNIFTY31DEC2424250PE.NFO,2024-12-19,09:37:00,2024-12-31,523.0,523.0,510.0,510.0,125,33775,0
FINNIFTY31DEC2424250PE.NFO,2024-12-19,09:38:00,2024-12-31,510.0,515.2,510.0,515.2,25,33775,0
FINNIFTY31DEC2424250PE.NFO,2024-12-19,09:39:00,2024-12-31,515.2,515.2,493.2,494.15,125,33775,0
FINNIFTY31DEC2424250PE.NFO,2024-12-19,09:40:00,2024-12-31,494.15,494.15,481.35,481.35,125,33575,0
FINNIFTY31DEC2424250PE.NFO,2024-12-19,09:41:00,2024-12-31,481.35,485.1,481.35,485.1,250,33575,0
FINNIFTY31DEC2424250PE.NFO,2024-12-19,09:42:00,2024-12-31,485.1,485.1,485.1,485.1,0,33575,0
FINNIFTY31DEC2424250PE.NFO,2024-12-19,09:43:00,2024-12-31,485.1,485.1,462.6,462.6,25,33525,0
FINNIFTY31DEC2424250PE.NFO,2024-12-19,09:44:00,2024-12-31,462.6,462.6,439.25,439.25,225,33525,0
FINNIFTY31DEC2424250PE.NFO,2024-12-19,09:45:00,2024-12-31,439.25,461.95,439.25,461.95,100,33525,0
FINNIFTY31DEC2424250PE.NFO,2024-12-19,09:46:00,2024-12-31,461.95,462.05,461.95,462.05,50,33525,0
FINNIFTY31DEC2424250PE.NFO,2024-12-19,09:47:00,2024-12-31,462.05,468.4,462.05,468.4,25,33525,0
FINNIFTY31DEC2424250PE.NFO,2024-12-19,09:48:00,2024-12-31,468.4,468.4,467.95,467.95,25,33525,0
FINNIFTY31DEC2424250PE.NFO,2024-12-19,09:49:00,2024-12-31,467.95,467.95,467.95,467.95,0,33525,0
FINNIFTY31DEC2424250PE.NFO,2024-12-19,09:50:00,2024-12-31,467.95,467.95,467.95,467.95,0,33525,0
FINNIFTY31DEC2424250PE.NFO,2024-12-19,09:51:00,2024-12-31,467.95,467.95,467.95,467.95,0,33525,0
FINNIFTY31DEC2424250PE.NFO,2024-12-19,09:52:00,2024-12-31,467.95,467.95,467.95,467.95,0,33525,0
FINNIFTY31DEC2424250PE.NFO,2024-12-19,09:53:00,2024-12-31,467.95,467.95,467.95,467.95,0,33525,0
FINNIFTY31DEC2424250PE.NFO,2024-12-19,09:54:00,2024-12-31,467.95,467.95,444.75,447.15,650,33475,0
FINNIFTY31DEC2424250PE.NFO,2024-12-19,09:55:00,2024-12-31,447.15,447.15,428.3,428.3,100,33475,0
FINNIFTY31DEC2424250PE.NFO,2024-12-19,09:56:00,2024-12-31,428.3,428.3,428.3,428.3,0,33475,0
FINNIFTY31DEC2424250PE.NFO,2024-12-19,09:57:00,2024-12-31,428.3,428.3,428.3,428.3,0,33475,0
FINNIFTY31DEC2424250PE.NFO,2024-12-19,09:58:00,2024-12-31,428.3,428.3,428.3,428.3,0,33475,0
FINNIFTY31DEC2424250PE.NFO,2024-12-19,09:59:00,2024-12-31,428.3,428.3,428.3,428.3,0,33475,0
FINNIFTY31DEC2424250PE.NFO,2024-12-19,10:00:00,2024-12-31,428.3,457.55,428.3,457.55,25,33475,0
FINNIFTY31DEC2424250PE.NFO,2024-12-19,10:01:00,2024-12-31,457.55,461.85,457.05,461.85,125,33450,0
FINNIFTY31DEC2424250PE.NFO,2024-12-19,10:02:00,2024-12-31,461.85,461.85,461.85,461.85,0,33450,0
FINNIFTY31DEC2424250PE.NFO,2024-12-19,10:03:00,2024-12-31,461.85,461.85,446.7,449.55,150,33450,0
FINNIFTY31DEC2424250PE.NFO,2024-12-19,10:04:00,2024-12-31,449.55,451.4,449.55,451.4,125,33450,0
FINNIFTY31DEC2424250PE.NFO,2024-12-19,10:05:00,2024-12-31,451.4,451.4,451.4,451.4,0,33450,0
FINNIFTY31DEC2424250PE.NFO,2024-12-19,10:06:00,2024-12-31,451.4,451.4,451.4,451.4,0,33450,0
FINNIFTY31DEC2424250PE.NFO,2024-12-19,10:07:00,2024-12-31,451.4,451.4,451.4,451.4,0,33450,0
FINNIFTY31DEC2424250PE.NFO,2024-12-19,10:08:00,2024-12-31,451.4,451.4,451.4,451.4,0,33450,0
FINNIFTY31DEC2424250PE.NFO,2024-12-19,10:09:00,2024-12-31,451.4,451.4,451.4,451.4,0,33450,0
FINNIFTY31DEC2424250PE.NFO,2024-12-19,10:10:00,2024-12-31,451.4,478.2,451.4,478.2,25,33425,0
FINNIFTY31DEC2424250PE.NFO,2024-12-19,10:11:00,2024-12-31,478.2,478.2,478.2,478.2,0,33425,0
FINNIFTY31DEC2424250PE.NFO,2024-12-19,10:12:00,2024-12-31,478.2,478.2,478.2,478.2,0,33425,0
FINNIFTY31DEC2424250PE.NFO,2024-12-19,10:13:00,2024-12-31,478.2,493.4,478.2,493.4,25,33425,0
FINNIFTY31DEC2424250PE.NFO,2024-12-19,10:14:00,2024-12-31,493.4,496.95,493.4,496.95,125,33425,0
FINNIFTY31DEC2424250PE.NFO,2024-12-19,10:15:00,2024-12-31,496.95,496.95,496.95,496.95,0,33425,0
FINNIFTY31DEC2424250PE.NFO,2024-12-19,10:16:00,2024-12-31,496.95,496.95,496.95,496.95,0,33425,0
FINNIFTY31DEC2424250PE.NFO,2024-12-19,10:17:00,2024-12-31,496.95,496.95,496.95,496.95,0,33425,0
FINNIFTY31DEC2424250PE.NFO,2024-12-19,10:18:00,2024-12-31,496.95,498.65,496.95,498.65,125,33550,0
FINNIFTY31DEC2424250PE.NFO,2024-12-19,10:19:00,2024-12-31,498.65,507.25,498.65,507.25,50,33425,0
FINNIFTY31DEC2424250PE.NFO,2024-12-19,10:20:00,2024-12-31,507.25,507.25,503.2,503.2,25,33425,0
FINNIFTY31DEC2424250PE.NFO,2024-12-19,10:21:00,2024-12-31,503.2,503.2,490.15,490.15,25,33425,0
FINNIFTY31DEC2424250PE.NFO,2024-12-19,10:22:00,2024-12-31,490.15,490.15,490.15,490.15,0,33425,0
FINNIFTY31DEC2424250PE.NFO,2024-12-19,10:23:00,2024-12-31,490.15,490.15,490.15,490.15,0,33425,0
FINNIFTY31DEC2424250PE.NFO,2024-12-19,10:24:00,2024-12-31,490.15,490.15,490.15,490.15,0,33425,0
FINNIFTY31DEC2424250PE.NFO,2024-12-19,10:25:00,2024-12-31,490.15,490.15,490.15,490.15,0,33425,0
FINNIFTY31DEC2424250PE.NFO,2024-12-19,10:26:00,2024-12-31,490.15,490.15,490.15,490.15,0,33425,0
FINNIFTY31DEC2424250PE.NFO,2024-12-19,10:27:00,2024-12-31,490.15,490.15,490.15,490.15,0,33425,0
FINNIFTY31DEC2424250PE.NFO,2024-12-19,10:28:00,2024-12-31,490.15,490.15,490.15,490.15,0,33425,0
FINNIFTY31DEC2424250PE.NFO,2024-12-19,10:29:00,2024-12-31,490.15,490.15,490.15,490.15,0,33425,0
FINNIFTY31DEC2424250PE.NFO,2024-12-19,10:30:00,2024-12-31,490.15,490.15,490.15,490.15,0,33425,0
FINNIFTY31DEC2424250PE.NFO,2024-12-19,10:31:00,2024-12-31,490.15,490.15,490.15,490.15,0,33425,0
FINNIFTY31DEC2424250PE.NFO,2024-12-19,10:32:00,2024-12-31,490.15,490.15,457.5,457.5,125,33450,0
FINNIFTY31DEC2424250PE.NFO,2024-12-19,10:33:00,2024-12-31,457.5,457.5,457.5,457.5,0,33450,0
FINNIFTY31DEC2424250PE.NFO,2024-12-19,10:34:00,2024-12-31,457.5,457.5,457.5,457.5,0,33450,0
FINNIFTY31DEC2424250PE.NFO,2024-12-19,10:35:00,2024-12-31,457.5,461.2,457.5,461.2,50,33375,0
FINNIFTY31DEC2424250PE.NFO,2024-12-19,10:36:00,2024-12-31,461.2,461.2,461.2,461.2,0,33375,0
FINNIFTY31DEC2424250PE.NFO,2024-12-19,10:37:00,2024-12-31,461.2,461.2,461.2,461.2,0,33375,0
FINNIFTY31DEC2424250PE.NFO,2024-12-19,10:38:00,2024-12-31,461.2,461.2,461.2,461.2,0,33375,0
FINNIFTY31DEC2424250PE.NFO,2024-12-19,10:39:00,2024-12-31,461.2,461.2,461.2,461.2,0,33375,0
FINNIFTY31DEC2424250PE.NFO,2024-12-19,10:40:00,2024-12-31,461.2,461.2,461.2,461.2,0,33375,0
FINNIFTY31DEC2424250PE.NFO,2024-12-19,10:41:00,2024-12-31,461.2,467.55,461.2,467.55,25,33425,0
FINNIFTY31DEC2424250PE.NFO,2024-12-19,10:42:00,2024-12-31,467.55,467.55,467.55,467.55,0,33425,0
FINNIFTY31DEC2424250PE.NFO,2024-12-19,10:43:00,2024-12-31,467.55,467.55,467.55,467.55,0,33425,0
FINNIFTY31DEC2424250PE.NFO,2024-12-19,10:44:00,2024-12-31,467.55,467.55,467.55,467.55,0,33425,0
FINNIFTY31DEC2424250PE.NFO,2024-12-19,10:45:00,2024-12-31,467.55,475.85,467.55,472.75,175,33425,0
FINNIFTY31DEC2424250PE.NFO,2024-12-19,10:46:00,2024-12-31,472.75,472.75,472.75,472.75,0,33425,0
FINNIFTY31DEC2424250PE.NFO,2024-12-19,10:47:00,2024-12-31,472.75,472.75,472.75,472.75,0,33425,0
FINNIFTY31DEC2424250PE.NFO,2024-12-19,10:48:00,2024-12-31,472.75,485.8,472.75,485.8,50,33350,0
FINNIFTY31DEC2424250PE.NFO,2024-12-19,10:49:00,2024-12-31,485.8,496.6,485.8,496.6,25,33350,0
FINNIFTY31DEC2424250PE.NFO,2024-12-19,10:50:00,2024-12-31,496.6,496.6,496.6,496.6,0,33350,0
FINNIFTY31DEC2424250PE.NFO,2024-12-19,10:51:00,2024-12-31,496.6,496.6,496.6,496.6,0,33350,0
FINNIFTY31DEC2424250PE.NFO,2024-12-19,10:52:00,2024-12-31,496.6,496.6,496.4,496.4,150,33350,0
FINNIFTY31DEC2424250PE.NFO,2024-12-19,10:53:00,2024-12-31,496.4,496.4,496.4,496.4,0,33350,0
FINNIFTY31DEC2424250PE.NFO,2024-12-19,10:54:00,2024-12-31,496.4,496.4,496.4,496.4,0,33350,0
FINNIFTY31DEC2424250PE.NFO,2024-12-19,10:55:00,2024-12-31,496.4,496.4,496.4,496.4,0,33350,0
FINNIFTY31DEC2424250PE.NFO,2024-12-19,10:56:00,2024-12-31,496.4,496.4,496.4,496.4,0,33350,0
FINNIFTY31DEC2424250PE.NFO,2024-12-19,10:57:00,2024-12-31,496.4,496.4,496.4,496.4,0,33350,0
FINNIFTY31DEC2424250PE.NFO,2024-12-19,10:58:00,2024-12-31,496.4,496.4,496.4,496.4,0,33350,0
FINNIFTY31DEC2424250PE.NFO,2024-12-19,10:59:00,2024-12-31,496.4,496.4,496.4,496.4,0,33350,0
FINNIFTY31DEC2424250PE.NFO,2024-12-19,11:00:00,2024-12-31,496.4,496.4,496.4,496.4,0,33350,0
FINNIFTY31DEC2424250PE.NFO,2024-12-19,11:01:00,2024-12-31,496.4,496.4,496.4,496.4,0,33350,0
FINNIFTY31DEC2424250PE.NFO,2024-12-19,11:02:00,2024-12-31,496.4,496.4,496.4,496.4,0,33350,0
FINNIFTY31DEC2424250PE.NFO,2024-12-19,11:03:00,2024-12-31,496.4,496.4,496.4,496.4,0,33350,0
FINNIFTY31DEC2424250PE.NFO,2024-12-19,11:04:00,2024-12-31,496.4,496.4,496.4,496.4,0,33350,0
FINNIFTY31DEC2424250PE.NFO,2024-12-19,11:05:00,2024-12-31,496.4,496.4,481.5,481.8,100,33200,0
FINNIFTY31DEC2424250PE.NFO,2024-12-19,11:06:00,2024-12-31,481.8,481.8,481.8,481.8,0,33200,0
FINNIFTY31DEC2424250PE.NFO,2024-12-19,11:07:00,2024-12-31,481.8,481.8,476.75,476.75,50,33275,0
FINNIFTY31DEC2424250PE.NFO,2024-12-19,11:08:00,2024-12-31,476.75,476.75,476.75,476.75,0,33275,0
FINNIFTY31DEC2424250PE.NFO,2024-12-19,11:09:00,2024-12-31,476.75,476.75,476.75,476.75,0,33275,0
FINNIFTY31DEC2424250PE.NFO,2024-12-19,11:10:00,2024-12-31,476.75,482.2,476.75,482.2,75,33225,0
FINNIFTY31DEC2424250PE.NFO,2024-12-19,11:11:00,2024-12-31,482.2,482.2,482.2,482.2,0,33225,0
FINNIFTY31DEC2424250PE.NFO,2024-12-19,11:12:00,2024-12-31,482.2,482.2,482.2,482.2,0,33225,0
FINNIFTY31DEC2424250PE.NFO,2024-12-19,11:13:00,2024-12-31,482.2,482.2,476.5,478.65,150,33300,0
FINNIFTY31DEC2424250PE.NFO,2024-12-19,11:14:00,2024-12-31,478.65,478.65,478.65,478.65,0,33300,0
FINNIFTY31DEC2424250PE.NFO,2024-12-19,11:15:00,2024-12-31,478.65,478.65,478.65,478.65,0,33300,0
FINNIFTY31DEC2424250PE.NFO,2024-12-19,11:16:00,2024-12-31,478.65,478.65,466.9,466.9,25,33300,0
FINNIFTY31DEC2424250PE.NFO,2024-12-19,11:17:00,2024-12-31,466.9,466.9,466.9,466.9,0,33300,0
FINNIFTY31DEC2424250PE.NFO,2024-12-19,11:18:00,2024-12-31,466.9,466.9,466.9,466.9,0,33300,0
FINNIFTY31DEC2424250PE.NFO,2024-12-19,11:19:00,2024-12-31,466.9,466.9,466.9,466.9,0,33300,0
FINNIFTY31DEC2424250PE.NFO,2024-12-19,11:20:00,2024-12-31,466.9,466.9,466.55,466.55,25,33375,0
FINNIFTY31DEC2424250PE.NFO,2024-12-19,11:21:00,2024-12-31,466.55,466.55,466.55,466.55,0,33375,0
FINNIFTY31DEC2424250PE.NFO,2024-12-19,11:22:00,2024-12-31,466.55,466.55,466.55,466.55,0,33375,0
FINNIFTY31DEC2424250PE.NFO,2024-12-19,11:23:00,2024-12-31,466.55,466.55,466.55,466.55,0,33375,0
FINNIFTY31DEC2424250PE.NFO,2024-12-19,11:24:00,2024-12-31,466.55,466.55,466.55,466.55,0,33375,0
FINNIFTY31DEC2424250PE.NFO,2024-12-19,11:25:00,2024-12-31,466.55,466.55,466.55,466.55,0,33375,0
FINNIFTY31DEC2424250PE.NFO,2024-12-19,11:26:00,2024-12-31,466.55,466.55,466.55,466.55,0,33375,0
FINNIFTY31DEC2424250PE.NFO,2024-12-19,11:27:00,2024-12-31,466.55,466.55,445.6,447.25,125,33400,0
FINNIFTY31DEC2424250PE.NFO,2024-12-19,11:28:00,2024-12-31,447.25,447.25,447.25,447.25,0,33400,0
FINNIFTY31DEC2424250PE.NFO,2024-12-19,11:29:00,2024-12-31,447.25,447.25,447.25,447.25,0,33400,0
FINNIFTY31DEC2424250PE.NFO,2024-12-19,11:30:00,2024-12-31,447.25,447.25,447.25,447.25,0,33400,0
FINNIFTY31DEC2424250PE.NFO,2024-12-19,11:31:00,2024-12-31,447.25,447.25,442.25,442.25,25,33450,0
FINNIFTY31DEC2424250PE.NFO,2024-12-19,11:32:00,2024-12-31,442.25,447.9,442.25,447.9,575,33450,0
FINNIFTY31DEC2424250PE.NFO,2024-12-19,11:33:00,2024-12-31,447.9,447.9,447.9,447.9,0,33450,0
FINNIFTY31DEC2424250PE.NFO,2024-12-19,11:34:00,2024-12-31,447.9,457.75,447.9,457.75,25,33450,0
FINNIFTY31DEC2424250PE.NFO,2024-12-19,11:35:00,2024-12-31,457.75,457.75,457.75,457.75,0,33450,0
FINNIFTY31DEC2424250PE.NFO,2024-12-19,11:36:00,2024-12-31,457.75,457.75,457.75,457.75,0,33450,0
FINNIFTY31DEC2424250PE.NFO,2024-12-19,11:37:00,2024-12-31,457.75,457.75,457.75,457.75,0,33450,0
FINNIFTY31DEC2424250PE.NFO,2024-12-19,11:38:00,2024-12-31,457.75,457.75,411.4,411.4,625,33775,0
FINNIFTY31DEC2424250PE.NFO,2024-12-19,11:39:00,2024-12-31,411.4,411.4,399.7,401.1,1025,33775,0
FINNIFTY31DEC2424250PE.NFO,2024-12-19,11:40:00,2024-12-31,401.1,401.1,401.1,401.1,0,33775,0
FINNIFTY31DEC2424250PE.NFO,2024-12-19,11:41:00,2024-12-31,413.4,415.8,413.4,413.5,375,34725,0
FINNIFTY31DEC2424250PE.NFO,2024-12-19,11:42:00,2024-12-31,413.5,413.5,413.5,413.5,0,34725,0
FINNIFTY31DEC2424250PE.NFO,2024-12-19,11:43:00,2024-12-31,413.5,422.9,413.5,422.9,100,34725,0
FINNIFTY31DEC2424250PE.NFO,2024-12-19,11:44:00,2024-12-31,422.9,422.9,422.9,422.9,0,34725,0
FINNIFTY31DEC2424250PE.NFO,2024-12-19,11:45:00,2024-12-31,422.9,436.95,422.9,436.95,400,34975,0
FINNIFTY31DEC2424250PE.NFO,2024-12-19,11:46:00,2024-12-31,436.95,436.95,427.95,427.95,125,35100,0
FINNIFTY31DEC2424250PE.NFO,2024-12-19,11:47:00,2024-12-31,427.8,427.8,425.45,425.45,50,35100,0
FINNIFTY31DEC2424250PE.NFO,2024-12-19,11:48:00,2024-12-31,425.45,425.45,422.35,422.35,425,35100,0
FINNIFTY31DEC2424250PE.NFO,2024-12-19,11:49:00,2024-12-31,422.35,422.35,421.3,421.3,250,35050,0
FINNIFTY31DEC2424250PE.NFO,2024-12-19,11:50:00,2024-12-31,421.3,421.3,421.3,421.3,0,35050,0
FINNIFTY31DEC2424250PE.NFO,2024-12-19,11:51:00,2024-12-31,421.3,421.3,421.3,421.3,50,35050,0
FINNIFTY31DEC2424250PE.NFO,2024-12-19,11:52:00,2024-12-31,421.3,427.2,421.3,427.2,250,35050,0
FINNIFTY31DEC2424250PE.NFO,2024-12-19,11:53:00,2024-12-31,427.2,427.2,427.2,427.2,0,35050,0
FINNIFTY31DEC2424250PE.NFO,2024-12-19,11:54:00,2024-12-31,427.2,427.2,427.2,427.2,0,35050,0
FINNIFTY31DEC2424250PE.NFO,2024-12-19,11:55:00,2024-12-31,427.2,427.2,427.2,427.2,0,35050,0
FINNIFTY31DEC2424250PE.NFO,2024-12-19,11:56:00,2024-12-31,427.2,427.2,427.2,427.2,0,35050,0
FINNIFTY31DEC2424250PE.NFO,2024-12-19,11:57:00,2024-12-31,427.2,427.2,427.2,427.2,0,35050,0
FINNIFTY31DEC2424250PE.NFO,2024-12-19,11:58:00,2024-12-31,427.2,427.2,427.2,427.2,0,35050,0
FINNIFTY31DEC2424250PE.NFO,2024-12-19,11:59:00,2024-12-31,427.2,427.2,427.2,427.2,0,35050,0
FINNIFTY31DEC2424250PE.NFO,2024-12-19,12:00:00,2024-12-31,427.2,427.2,427.2,427.2,0,35050,0
FINNIFTY31DEC2424250PE.NFO,2024-12-19,12:01:00,2024-12-31,427.2,427.2,427.2,427.2,0,35050,0
FINNIFTY31DEC2424250PE.NFO,2024-12-19,12:02:00,2024-12-31,427.2,427.2,427.2,427.2,0,35050,0
FINNIFTY31DEC2424250PE.NFO,2024-12-19,12:03:00,2024-12-31,427.2,427.2,427.2,427.2,0,35050,0
FINNIFTY31DEC2424250PE.NFO,2024-12-19,12:04:00,2024-12-31,427.2,427.2,427.2,427.2,0,35050,0
FINNIFTY31DEC2424250PE.NFO,2024-12-19,12:05:00,2024-12-31,427.2,427.2,427.2,427.2,0,35050,0
FINNIFTY31DEC2424250PE.NFO,2024-12-19,12:06:00,2024-12-31,427.2,427.2,427.2,427.2,0,35050,0
FINNIFTY31DEC2424250PE.NFO,2024-12-19,12:07:00,2024-12-31,427.2,427.2,427.2,427.2,0,35050,0
FINNIFTY31DEC2424250PE.NFO,2024-12-19,12:08:00,2024-12-31,427.2,427.2,427.2,427.2,0,35050,0
FINNIFTY31DEC2424250PE.NFO,2024-12-19,12:09:00,2024-12-31,427.2,427.2,427.2,427.2,0,35050,0
FINNIFTY31DEC2424250PE.NFO,2024-12-19,12:10:00,2024-12-31,427.2,427.2,427.2,427.2,0,35050,0
FINNIFTY31DEC2424250PE.NFO,2024-12-19,12:11:00,2024-12-31,427.2,427.2,427.2,427.2,0,35050,0
FINNIFTY31DEC2424250PE.NFO,2024-12-19,12:12:00,2024-12-31,427.2,427.2,427.2,427.2,0,35050,0
FINNIFTY31DEC2424250PE.NFO,2024-12-19,12:13:00,2024-12-31,427.2,427.2,427.2,427.2,0,35050,0
FINNIFTY31DEC2424250PE.NFO,2024-12-19,12:14:00,2024-12-31,427.2,427.2,427.2,427.2,0,35050,0
FINNIFTY31DEC2424250PE.NFO,2024-12-19,12:15:00,2024-12-31,427.2,427.2,427.2,427.2,0,35050,0
FINNIFTY31DEC2424250PE.NFO,2024-12-19,12:16:00,2024-12-31,427.2,427.2,427.2,427.2,0,35050,0
FINNIFTY31DEC2424250PE.NFO,2024-12-19,12:17:00,2024-12-31,427.2,427.2,427.2,427.2,0,35050,0
FINNIFTY31DEC2424250PE.NFO,2024-12-19,12:18:00,2024-12-31,427.2,427.2,427.2,427.2,0,35050,0
FINNIFTY31DEC2424250PE.NFO,2024-12-19,12:19:00,2024-12-31,427.2,427.2,427.2,427.2,0,35050,0
FINNIFTY31DEC2424250PE.NFO,2024-12-19,12:20:00,2024-12-31,427.2,427.2,427.2,427.2,0,35050,0
FINNIFTY31DEC2424250PE.NFO,2024-12-19,12:21:00,2024-12-31,427.2,427.2,427.2,427.2,0,35050,0
FINNIFTY31DEC2424250PE.NFO,2024-12-19,12:22:00,2024-12-31,427.2,427.2,427.2,427.2,0,35050,0
FINNIFTY31DEC2424250PE.NFO,2024-12-19,12:23:00,2024-12-31,427.2,427.2,427.2,427.2,0,35050,0
FINNIFTY31DEC2424250PE.NFO,2024-12-19,12:24:00,2024-12-31,427.2,427.2,427.2,427.2,0,35050,0
FINNIFTY31DEC2424250PE.NFO,2024-12-19,12:25:00,2024-12-31,427.2,427.2,427.2,427.2,0,35050,0
FINNIFTY31DEC2424250PE.NFO,2024-12-19,12:26:00,2024-12-31,427.2,427.2,427.2,427.2,0,35050,0
FINNIFTY31DEC2424250PE.NFO,2024-12-19,12:27:00,2024-12-31,427.2,430.45,427.2,430.45,25,34875,0
FINNIFTY31DEC2424250PE.NFO,2024-12-19,12:28:00,2024-12-31,430.45,430.45,430.45,430.45,0,34875,0
FINNIFTY31DEC2424250PE.NFO,2024-12-19,12:29:00,2024-12-31,430.45,430.45,430.45,430.45,0,34875,0
FINNIFTY31DEC2424250PE.NFO,2024-12-19,12:30:00,2024-12-31,430.45,430.45,430.45,430.45,0,34875,0
FINNIFTY31DEC2424250PE.NFO,2024-12-19,12:31:00,2024-12-31,430.45,430.45,430.45,430.45,0,34875,0
FINNIFTY31DEC2424250PE.NFO,2024-12-19,12:32:00,2024-12-31,430.45,430.45,430.45,430.45,0,34875,0
FINNIFTY31DEC2424250PE.NFO,2024-12-19,12:33:00,2024-12-31,430.45,430.45,430.45,430.45,0,34875,0
FINNIFTY31DEC2424250PE.NFO,2024-12-19,12:34:00,2024-12-31,430.45,430.45,430.45,430.45,0,34875,0
FINNIFTY31DEC2424250PE.NFO,2024-12-19,12:35:00,2024-12-31,430.45,430.45,430.45,430.45,0,34875,0
FINNIFTY31DEC2424250PE.NFO,2024-12-19,12:36:00,2024-12-31,430.45,438.65,430.45,438.65,50,34875,0
FINNIFTY31DEC2424250PE.NFO,2024-12-19,12:37:00,2024-12-31,438.65,438.65,438.65,438.65,0,34875,0
FINNIFTY31DEC2424250PE.NFO,2024-12-19,12:38:00,2024-12-31,438.65,438.65,438.65,438.65,0,34875,0
FINNIFTY31DEC2424250PE.NFO,2024-12-19,12:39:00,2024-12-31,438.65,438.65,438.65,438.65,0,34875,0
FINNIFTY31DEC2424250PE.NFO,2024-12-19,12:40:00,2024-12-31,438.65,438.65,432.3,432.3,250,34875,0
FINNIFTY31DEC2424250PE.NFO,2024-12-19,12:41:00,2024-12-31,432.3,432.3,426.2,426.2,25,35125,0
FINNIFTY31DEC2424250PE.NFO,2024-12-19,12:42:00,2024-12-31,426.2,426.2,426.05,426.05,250,35125,0
FINNIFTY31DEC2424250PE.NFO,2024-12-19,12:43:00,2024-12-31,426.05,426.05,426.05,426.05,0,35125,0
FINNIFTY31DEC2424250PE.NFO,2024-12-19,12:44:00,2024-12-31,426.05,426.05,426.05,426.05,0,35125,0
FINNIFTY31DEC2424250PE.NFO,2024-12-19,12:45:00,2024-12-31,426.05,426.05,426.05,426.05,0,35125,0
FINNIFTY31DEC2424250PE.NFO,2024-12-19,12:46:00,2024-12-31,426.05,426.05,426.05,426.05,0,35125,0
FINNIFTY31DEC2424250PE.NFO,2024-12-19,12:47:00,2024-12-31,426.05,426.05,426.05,426.05,0,35125,0
FINNIFTY31DEC2424250PE.NFO,2024-12-19,12:48:00,2024-12-31,426.05,426.05,426.05,426.05,0,35125,0
FINNIFTY31DEC2424250PE.NFO,2024-12-19,12:49:00,2024-12-31,426.05,426.05,426.05,426.05,0,35125,0
FINNIFTY31DEC2424250PE.NFO,2024-12-19,12:50:00,2024-12-31,426.05,442.7,426.05,442.7,250,34875,0
FINNIFTY31DEC2424250PE.NFO,2024-12-19,12:51:00,2024-12-31,442.7,442.7,442.7,442.7,0,34875,0
FINNIFTY31DEC2424250PE.NFO,2024-12-19,12:52:00,2024-12-31,442.7,442.7,442.7,442.7,0,34875,0
FINNIFTY31DEC2424250PE.NFO,2024-12-19,12:53:00,2024-12-31,442.7,442.7,442.7,442.7,0,34875,0
FINNIFTY31DEC2424250PE.NFO,2024-12-19,12:54:00,2024-12-31,442.7,442.7,442.7,442.7,0,34875,0
FINNIFTY31DEC2424250PE.NFO,2024-12-19,12:55:00,2024-12-31,442.7,442.7,442.7,442.7,0,34875,0
FINNIFTY31DEC2424250PE.NFO,2024-12-19,12:56:00,2024-12-31,442.7,442.7,442.7,442.7,0,34875,0
FINNIFTY31DEC2424250PE.NFO,2024-12-19,12:57:00,2024-12-31,442.7,442.7,442.7,442.7,0,34875,0
FINNIFTY31DEC2424250PE.NFO,2024-12-19,12:58:00,2024-12-31,442.7,442.7,442.7,442.7,0,34875,0
FINNIFTY31DEC2424250PE.NFO,2024-12-19,12:59:00,2024-12-31,442.7,442.7,442.7,442.7,0,34875,0
FINNIFTY31DEC2424250PE.NFO,2024-12-19,13:00:00,2024-12-31,442.7,442.7,442.7,442.7,0,34875,0
FINNIFTY31DEC2424250PE.NFO,2024-12-19,13:01:00,2024-12-31,442.7,442.7,442.7,442.7,0,34875,0
FINNIFTY31DEC2424250PE.NFO,2024-12-19,13:02:00,2024-12-31,442.7,442.7,442.7,442.7,0,34875,0
FINNIFTY31DEC2424250PE.NFO,2024-12-19,13:03:00,2024-12-31,442.7,442.7,442.7,442.7,0,34875,0
FINNIFTY31DEC2424250PE.NFO,2024-12-19,13:04:00,2024-12-31,442.7,442.7,442.7,442.7,0,34875,0
FINNIFTY31DEC2424250PE.NFO,2024-12-19,13:05:00,2024-12-31,442.7,442.7,442.7,442.7,0,34875,0
FINNIFTY31DEC2424250PE.NFO,2024-12-19,13:06:00,2024-12-31,442.7,442.7,442.7,442.7,0,34875,0
FINNIFTY31DEC2424250PE.NFO,2024-12-19,13:07:00,2024-12-31,442.7,442.7,442.7,442.7,0,34875,0
FINNIFTY31DEC2424250PE.NFO,2024-12-19,13:08:00,2024-12-31,442.7,442.7,442.7,442.7,0,34875,0
FINNIFTY31DEC2424250PE.NFO,2024-12-19,13:09:00,2024-12-31,442.7,442.7,442.7,442.7,0,34875,0
FINNIFTY31DEC2424250PE.NFO,2024-12-19,13:10:00,2024-12-31,442.7,442.7,442.7,442.7,0,34875,0
FINNIFTY31DEC2424250PE.NFO,2024-12-19,13:11:00,2024-12-31,442.7,442.7,442.7,442.7,0,34875,0
FINNIFTY31DEC2424250PE.NFO,2024-12-19,13:12:00,2024-12-31,442.7,444.2,442.7,444.2,50,34875,0
FINNIFTY31DEC2424250PE.NFO,2024-12-19,13:13:00,2024-12-31,444.2,444.2,444.2,444.2,0,34875,0
FINNIFTY31DEC2424250PE.NFO,2024-12-19,13:14:00,2024-12-31,444.2,444.2,444.2,444.2,0,34875,0
FINNIFTY31DEC2424250PE.NFO,2024-12-19,13:15:00,2024-12-31,444.2,444.2,444.2,444.2,0,34875,0
FINNIFTY31DEC2424250PE.NFO,2024-12-19,13:16:00,2024-12-31,444.2,444.2,444.2,444.2,0,34875,0
FINNIFTY31DEC2424250PE.NFO,2024-12-19,13:17:00,2024-12-31,444.2,453.85,444.2,453.1,325,34825,0
FINNIFTY31DEC2424250PE.NFO,2024-12-19,13:18:00,2024-12-31,453.1,457.35,453.1,457.35,400,34825,0
FINNIFTY31DEC2424250PE.NFO,2024-12-19,13:19:00,2024-12-31,457.35,457.35,457.35,457.35,0,34825,0
FINNIFTY31DEC2424250PE.NFO,2024-12-19,13:20:00,2024-12-31,457.35,457.35,457.35,457.35,0,34825,0
FINNIFTY31DEC2424250PE.NFO,2024-12-19,13:21:00,2024-12-31,457.35,457.35,457.35,457.35,0,34825,0
FINNIFTY31DEC2424250PE.NFO,2024-12-19,13:22:00,2024-12-31,457.35,457.35,457.35,457.35,0,34825,0
FINNIFTY31DEC2424250PE.NFO,2024-12-19,13:23:00,2024-12-31,457.35,457.35,457.35,457.35,0,34825,0
FINNIFTY31DEC2424250PE.NFO,2024-12-19,13:24:00,2024-12-31,457.35,457.35,457.35,457.35,0,34825,0
FINNIFTY31DEC2424250PE.NFO,2024-12-19,13:25:00,2024-12-31,457.35,457.35,457.35,457.35,0,34825,0
FINNIFTY31DEC2424250PE.NFO,2024-12-19,13:26:00,2024-12-31,457.35,457.35,457.35,457.35,0,34825,0
FINNIFTY31DEC2424250PE.NFO,2024-12-19,13:27:00,2024-12-31,457.35,457.35,457.35,457.35,0,34825,0
FINNIFTY31DEC2424250PE.NFO,2024-12-19,13:28:00,2024-12-31,457.35,457.35,457.35,457.35,0,34825,0
FINNIFTY31DEC2424250PE.NFO,2024-12-19,13:29:00,2024-12-31,457.35,466.8,457.35,466.8,575,35225,0
FINNIFTY31DEC2424250PE.NFO,2024-12-19,13:30:00,2024-12-31,466.8,466.8,466.8,466.8,0,35225,0
FINNIFTY31DEC2424250PE.NFO,2024-12-19,13:31:00,2024-12-31,466.8,466.8,466.8,466.8,0,35225,0
FINNIFTY31DEC2424250PE.NFO,2024-12-19,13:32:00,2024-12-31,466.8,466.8,460.0,460.0,275,35750,0
FINNIFTY31DEC2424250PE.NFO,2024-12-19,13:33:00,2024-12-31,460.0,460.0,458.35,458.35,275,35750,0
FINNIFTY31DEC2424250PE.NFO,2024-12-19,13:34:00,2024-12-31,458.35,458.35,458.35,458.35,0,35750,0
FINNIFTY31DEC2424250PE.NFO,2024-12-19,13:35:00,2024-12-31,458.35,458.35,458.35,458.35,0,35750,0
FINNIFTY31DEC2424250PE.NFO,2024-12-19,13:36:00,2024-12-31,458.35,458.35,458.35,458.35,0,35750,0
FINNIFTY31DEC2424250PE.NFO,2024-12-19,13:37:00,2024-12-31,458.35,458.35,458.35,458.35,0,35750,0
FINNIFTY31DEC2424250PE.NFO,2024-12-19,13:38:00,2024-12-31,458.35,458.35,458.35,458.35,0,35750,0
FINNIFTY31DEC2424250PE.NFO,2024-12-19,13:39:00,2024-12-31,458.35,458.35,458.35,458.35,0,35750,0
FINNIFTY31DEC2424250PE.NFO,2024-12-19,13:40:00,2024-12-31,458.35,458.35,458.35,458.35,0,35750,0
FINNIFTY31DEC2424250PE.NFO,2024-12-19,13:41:00,2024-12-31,458.35,458.35,458.35,458.35,0,35750,0
FINNIFTY31DEC2424250PE.NFO,2024-12-19,13:42:00,2024-12-31,458.35,458.35,458.35,458.35,0,35750,0
FINNIFTY31DEC2424250PE.NFO,2024-12-19,13:43:00,2024-12-31,458.35,458.35,458.35,458.35,0,35750,0
FINNIFTY31DEC2424250PE.NFO,2024-12-19,13:44:00,2024-12-31,458.35,467.85,458.35,467.85,475,35200,0
FINNIFTY31DEC2424250PE.NFO,2024-12-19,13:45:00,2024-12-31,467.85,467.85,467.85,467.85,0,35200,0
FINNIFTY31DEC2424250PE.NFO,2024-12-19,13:46:00,2024-12-31,467.85,475.25,467.85,474.1,50,34725,0
FINNIFTY31DEC2424250PE.NFO,2024-12-19,13:47:00,2024-12-31,474.1,474.1,474.1,474.1,0,34725,0
FINNIFTY31DEC2424250PE.NFO,2024-12-19,13:48:00,2024-12-31,474.1,474.1,474.1,474.1,0,34725,0
FINNIFTY31DEC2424250PE.NFO,2024-12-19,13:49:00,2024-12-31,474.1,474.1,474.1,474.1,0,34725,0
FINNIFTY31DEC2424250PE.NFO,2024-12-19,13:50:00,2024-12-31,474.1,474.1,474.1,474.1,0,34725,0
FINNIFTY31DEC2424250PE.NFO,2024-12-19,13:51:00,2024-12-31,474.1,474.1,474.1,474.1,0,34725,0
FINNIFTY31DEC2424250PE.NFO,2024-12-19,13:52:00,2024-12-31,474.1,474.1,474.1,474.1,0,34725,0
FINNIFTY31DEC2424250PE.NFO,2024-12-19,13:53:00,2024-12-31,474.1,474.1,474.1,474.1,0,34725,0
FINNIFTY31DEC2424250PE.NFO,2024-12-19,13:54:00,2024-12-31,474.1,474.1,474.1,474.1,0,34725,0
FINNIFTY31DEC2424250PE.NFO,2024-12-19,13:55:00,2024-12-31,474.1,474.1,474.1,474.1,0,34725,0
FINNIFTY31DEC2424250PE.NFO,2024-12-19,13:56:00,2024-12-31,474.1,474.1,474.1,474.1,0,34725,0
FINNIFTY31DEC2424250PE.NFO,2024-12-19,13:57:00,2024-12-31,474.1,474.1,474.1,474.1,0,34725,0
FINNIFTY31DEC2424250PE.NFO,2024-12-19,13:58:00,2024-12-31,474.1,474.1,474.1,474.1,0,34725,0
FINNIFTY31DEC2424250PE.NFO,2024-12-19,13:59:00,2024-12-31,474.1,474.1,474.1,474.1,0,34725,0
FINNIFTY31DEC2424250PE.NFO,2024-12-19,14:00:00,2024-12-31,474.1,474.1,474.1,474.1,0,34725,0
FINNIFTY31DEC2424250PE.NFO,2024-12-19,14:01:00,2024-12-31,474.1,474.1,474.1,474.1,0,34725,0
FINNIFTY31DEC2424250PE.NFO,2024-12-19,14:02:00,2024-12-31,474.1,474.1,456.2,457.25,275,34700,0
FINNIFTY31DEC2424250PE.NFO,2024-12-19,14:03:00,2024-12-31,457.25,457.25,457.25,457.25,0,34700,0
FINNIFTY31DEC2424250PE.NFO,2024-12-19,14:04:00,2024-12-31,457.25,457.25,457.25,457.25,0,34700,0
FINNIFTY31DEC2424250PE.NFO,2024-12-19,14:05:00,2024-12-31,457.25,457.25,457.25,457.25,0,34700,0
FINNIFTY31DEC2424250PE.NFO,2024-12-19,14:06:00,2024-12-31,457.25,457.25,457.25,457.25,0,34700,0
FINNIFTY31DEC2424250PE.NFO,2024-12-19,14:07:00,2024-12-31,457.25,457.25,457.25,457.25,0,34700,0
FINNIFTY31DEC2424250PE.NFO,2024-12-19,14:08:00,2024-12-31,457.25,463.6,457.25,463.6,275,34525,0
FINNIFTY31DEC2424250PE.NFO,2024-12-19,14:09:00,2024-12-31,463.6,463.6,463.6,463.6,0,34525,0
FINNIFTY31DEC2424250PE.NFO,2024-12-19,14:10:00,2024-12-31,463.6,463.6,463.6,463.6,0,34525,0
FINNIFTY31DEC2424250PE.NFO,2024-12-19,14:11:00,2024-12-31,463.6,463.6,463.6,463.6,0,34525,0
FINNIFTY31DEC2424250PE.NFO,2024-12-19,14:12:00,2024-12-31,463.6,463.6,463.6,463.6,0,34525,0
FINNIFTY31DEC2424250PE.NFO,2024-12-19,14:13:00,2024-12-31,463.6,463.6,463.6,463.6,0,34525,0
FINNIFTY31DEC2424250PE.NFO,2024-12-19,14:14:00,2024-12-31,463.6,463.6,460.35,460.35,25,34700,0
FINNIFTY31DEC2424250PE.NFO,2024-12-19,14:15:00,2024-12-31,460.35,460.35,460.35,460.35,0,34700,0
FINNIFTY31DEC2424250PE.NFO,2024-12-19,14:16:00,2024-12-31,460.35,460.35,450.0,450.0,100,34700,0
FINNIFTY31DEC2424250PE.NFO,2024-12-19,14:17:00,2024-12-31,450.0,450.0,450.0,450.0,0,34700,0
FINNIFTY31DEC2424250PE.NFO,2024-12-19,14:18:00,2024-12-31,450.0,450.0,450.0,450.0,0,34700,0
FINNIFTY31DEC2424250PE.NFO,2024-12-19,14:19:00,2024-12-31,450.0,450.0,450.0,450.0,0,34700,0
FINNIFTY31DEC2424250PE.NFO,2024-12-19,14:20:00,2024-12-31,450.0,450.0,450.0,450.0,0,34700,0
FINNIFTY31DEC2424250PE.NFO,2024-12-19,14:21:00,2024-12-31,450.0,450.0,450.0,450.0,0,34700,0
FINNIFTY31DEC2424250PE.NFO,2024-12-19,14:22:00,2024-12-31,450.0,450.0,450.0,450.0,0,34700,0
FINNIFTY31DEC2424250PE.NFO,2024-12-19,14:23:00,2024-12-31,450.0,450.0,450.0,450.0,0,34700,0
FINNIFTY31DEC2424250PE.NFO,2024-12-19,14:24:00,2024-12-31,450.0,450.0,450.0,450.0,0,34700,0
FINNIFTY31DEC2424250PE.NFO,2024-12-19,14:25:00,2024-12-31,450.0,450.0,450.0,450.0,0,34700,0
FINNIFTY31DEC2424250PE.NFO,2024-12-19,14:26:00,2024-12-31,450.0,450.0,450.0,450.0,0,34700,0
FINNIFTY31DEC2424250PE.NFO,2024-12-19,14:27:00,2024-12-31,450.0,450.0,450.0,450.0,0,34700,0
FINNIFTY31DEC2424250PE.NFO,2024-12-19,14:28:00,2024-12-31,450.0,450.0,450.0,450.0,0,34700,0
FINNIFTY31DEC2424250PE.NFO,2024-12-19,14:29:00,2024-12-31,450.0,450.0,450.0,450.0,0,34700,0
FINNIFTY31DEC2424250PE.NFO,2024-12-19,14:30:00,2024-12-31,450.0,450.0,450.0,450.0,0,34700,0
FINNIFTY31DEC2424250PE.NFO,2024-12-19,14:31:00,2024-12-31,450.0,454.45,450.0,454.45,50,34600,0
FINNIFTY31DEC2424250PE.NFO,2024-12-19,14:32:00,2024-12-31,454.45,454.45,454.45,454.45,0,34600,0
FINNIFTY31DEC2424250PE.NFO,2024-12-19,14:33:00,2024-12-31,454.45,454.45,454.45,454.45,0,34600,0
FINNIFTY31DEC2424250PE.NFO,2024-12-19,14:34:00,2024-12-31,454.45,454.45,454.45,454.45,0,34600,0
FINNIFTY31DEC2424250PE.NFO,2024-12-19,14:35:00,2024-12-31,454.45,454.45,454.45,454.45,0,34600,0
FINNIFTY31DEC2424250PE.NFO,2024-12-19,14:36:00,2024-12-31,454.45,454.45,454.45,454.45,0,34600,0
FINNIFTY31DEC2424250PE.NFO,2024-12-19,14:37:00,2024-12-31,454.45,454.45,454.45,454.45,0,34600,0
FINNIFTY31DEC2424250PE.NFO,2024-12-19,14:38:00,2024-12-31,454.45,454.45,454.45,454.45,0,34600,0
FINNIFTY31DEC2424250PE.NFO,2024-12-19,14:39:00,2024-12-31,454.45,454.45,454.45,454.45,0,34600,0
FINNIFTY31DEC2424250PE.NFO,2024-12-19,14:40:00,2024-12-31,454.45,454.45,454.45,454.45,0,34600,0
FINNIFTY31DEC2424250PE.NFO,2024-12-19,14:41:00,2024-12-31,454.45,454.45,454.45,454.45,0,34600,0
FINNIFTY31DEC2424250PE.NFO,2024-12-19,14:42:00,2024-12-31,454.45,464.95,454.45,464.95,50,34600,0
FINNIFTY31DEC2424250PE.NFO,2024-12-19,14:43:00,2024-12-31,464.95,465.65,464.95,465.65,100,34600,0
FINNIFTY31DEC2424250PE.NFO,2024-12-19,14:44:00,2024-12-31,465.65,465.65,465.65,465.65,0,34600,0
FINNIFTY31DEC2424250PE.NFO,2024-12-19,14:45:00,2024-12-31,465.65,465.65,465.65,465.65,0,34600,0
FINNIFTY31DEC2424250PE.NFO,2024-12-19,14:46:00,2024-12-31,465.65,465.65,465.65,465.65,0,34600,0
FINNIFTY31DEC2424250PE.NFO,2024-12-19,14:47:00,2024-12-31,465.65,465.65,465.65,465.65,0,34600,0
FINNIFTY31DEC2424250PE.NFO,2024-12-19,14:48:00,2024-12-31,465.65,465.65,465.65,465.65,0,34600,0
FINNIFTY31DEC2424250PE.NFO,2024-12-19,14:49:00,2024-12-31,465.65,465.65,465.65,465.65,0,34600,0
FINNIFTY31DEC2424250PE.NFO,2024-12-19,14:50:00,2024-12-31,465.65,465.65,465.65,465.65,0,34600,0
FINNIFTY31DEC2424250PE.NFO,2024-12-19,14:51:00,2024-12-31,465.65,465.65,465.65,465.65,0,34600,0
FINNIFTY31DEC2424250PE.NFO,2024-12-19,14:52:00,2024-12-31,465.65,465.65,465.65,465.65,0,34600,0
FINNIFTY31DEC2424250PE.NFO,2024-12-19,14:53:00,2024-12-31,465.65,465.65,465.65,465.65,0,34600,0
FINNIFTY31DEC2424250PE.NFO,2024-12-19,14:54:00,2024-12-31,465.65,465.65,465.65,465.65,0,34600,0
FINNIFTY31DEC2424250PE.NFO,2024-12-19,14:55:00,2024-12-31,465.65,465.65,465.65,465.65,0,34600,0
FINNIFTY31DEC2424250PE.NFO,2024-12-19,14:56:00,2024-12-31,465.65,465.65,452.85,452.85,750,34550,0
FINNIFTY31DEC2424250PE.NFO,2024-12-19,14:57:00,2024-12-31,452.85,456.9,452.85,456.9,250,34550,0
FINNIFTY31DEC2424250PE.NFO,2024-12-19,14:58:00,2024-12-31,456.9,456.9,456.9,456.9,0,34550,0
FINNIFTY31DEC2424250PE.NFO,2024-12-19,14:59:00,2024-12-31,456.9,456.9,456.9,456.9,0,34550,0
FINNIFTY31DEC2424250PE.NFO,2024-12-19,15:00:00,2024-12-31,456.9,456.9,451.3,454.8,600,35225,0
FINNIFTY31DEC2424250PE.NFO,2024-12-19,15:01:00,2024-12-31,454.8,455.75,454.05,454.05,100,35225,0
FINNIFTY31DEC2424250PE.NFO,2024-12-19,15:02:00,2024-12-31,454.05,454.05,448.4,448.4,125,34600,0
FINNIFTY31DEC2424250PE.NFO,2024-12-19,15:03:00,2024-12-31,448.4,449.75,447.05,449.75,150,34600,0
FINNIFTY31DEC2424250PE.NFO,2024-12-19,15:04:00,2024-12-31,449.75,449.75,449.75,449.75,0,34600,0
FINNIFTY31DEC2424250PE.NFO,2024-12-19,15:05:00,2024-12-31,449.75,449.75,430.8,430.8,150,34450,0
FINNIFTY31DEC2424250PE.NFO,2024-12-19,15:06:00,2024-12-31,430.8,440.0,430.8,440.0,50,34450,0
FINNIFTY31DEC2424250PE.NFO,2024-12-19,15:07:00,2024-12-31,440.0,440.0,440.0,440.0,0,34450,0
FINNIFTY31DEC2424250PE.NFO,2024-12-19,15:08:00,2024-12-31,440.0,440.75,440.0,440.75,25,34325,0
FINNIFTY31DEC2424250PE.NFO,2024-12-19,15:09:00,2024-12-31,440.75,445.35,440.75,444.2,425,34325,0
FINNIFTY31DEC2424250PE.NFO,2024-12-19,15:10:00,2024-12-31,444.2,449.35,444.2,449.35,25,34325,0
FINNIFTY31DEC2424250PE.NFO,2024-12-19,15:11:00,2024-12-31,449.35,449.35,449.35,449.35,0,34325,0
FINNIFTY31DEC2424250PE.NFO,2024-12-19,15:12:00,2024-12-31,449.35,449.35,449.35,449.35,0,34325,0
FINNIFTY31DEC2424250PE.NFO,2024-12-19,15:13:00,2024-12-31,449.35,449.35,448.25,449.05,900,34300,0
FINNIFTY31DEC2424250PE.NFO,2024-12-19,15:14:00,2024-12-31,449.05,449.05,447.6,447.6,250,34375,0
FINNIFTY31DEC2424250PE.NFO,2024-12-19,15:15:00,2024-12-31,447.6,447.6,442.4,442.4,100,34375,0
FINNIFTY31DEC2424250PE.NFO,2024-12-19,15:16:00,2024-12-31,441.35,441.65,441.35,441.65,875,34375,0
FINNIFTY31DEC2424250PE.NFO,2024-12-19,15:17:00,2024-12-31,441.65,441.65,441.65,441.65,0,34375,0
FINNIFTY31DEC2424250PE.NFO,2024-12-19,15:18:00,2024-12-31,441.65,441.65,441.65,441.65,0,34375,0
FINNIFTY31DEC2424250PE.NFO,2024-12-19,15:19:00,2024-12-31,441.65,441.65,441.65,441.65,0,34375,0
FINNIFTY31DEC2424250PE.NFO,2024-12-19,15:20:00,2024-12-31,441.65,448.1,441.65,448.1,150,34975,0
FINNIFTY31DEC2424250PE.NFO,2024-12-19,15:21:00,2024-12-31,448.1,448.1,448.1,448.1,0,34975,0
FINNIFTY31DEC2424250PE.NFO,2024-12-19,15:22:00,2024-12-31,448.1,448.1,448.1,448.1,0,34975,0
FINNIFTY31DEC2424250PE.NFO,2024-12-19,15:23:00,2024-12-31,448.1,448.1,448.0,448.0,50,34825,0
FINNIFTY31DEC2424250PE.NFO,2024-12-19,15:24:00,2024-12-31,448.0,448.0,448.0,448.0,0,34825,0
FINNIFTY31DEC2424250PE.NFO,2024-12-19,15:25:00,2024-12-31,440.55,443.4,440.55,443.4,300,34650,0
FINNIFTY31DEC2424250PE.NFO,2024-12-19,15:26:00,2024-12-31,443.4,443.4,443.4,443.4,0,34650,0
FINNIFTY31DEC2424250PE.NFO,2024-12-19,15:27:00,2024-12-31,443.4,443.4,443.4,443.4,0,34650,0
FINNIFTY31DEC2424250PE.NFO,2024-12-19,15:28:00,2024-12-31,443.4,444.9,443.4,444.9,50,34650,0
FINNIFTY31DEC2424250PE.NFO,2024-12-19,15:29:00,2024-12-31,444.9,444.9,439.1,439.1,0,34700,0
FINNIFTY31DEC2424250PE.NFO,2024-12-19,15:30:00,2024-12-31,439.1,439.1,439.1,439.1,0,34700,1
FINNIFTY31DEC2424250PE.NFO,2024-12-20,09:15:00,2024-12-31,477.55,477.55,477.55,477.55,0,34550,0
FINNIFTY31DEC2424250PE.NFO,2024-12-20,09:16:00,2024-12-31,477.55,523.5,477.55,523.5,725,34625,0
FINNIFTY31DEC2424250PE.NFO,2024-12-20,09:17:00,2024-12-31,523.5,523.5,515.5,515.65,25,34625,0
FINNIFTY31DEC2424250PE.NFO,2024-12-20,09:18:00,2024-12-31,515.65,517.6,500.8,500.8,200,34475,0
FINNIFTY31DEC2424250PE.NFO,2024-12-20,09:19:00,2024-12-31,500.8,506.85,494.95,494.95,275,34475,0
FINNIFTY31DEC2424250PE.NFO,2024-12-20,09:20:00,2024-12-31,494.95,498.4,486.3,489.95,425,34475,0
FINNIFTY31DEC2424250PE.NFO,2024-12-20,09:21:00,2024-12-31,489.95,504.35,489.95,504.35,75,34475,0
FINNIFTY31DEC2424250PE.NFO,2024-12-20,09:22:00,2024-12-31,504.35,521.85,504.35,521.85,0,34525,0
FINNIFTY31DEC2424250PE.NFO,2024-12-20,09:23:00,2024-12-31,521.85,521.85,505.8,505.8,150,34525,0
FINNIFTY31DEC2424250PE.NFO,2024-12-20,09:24:00,2024-12-31,505.8,529.55,505.8,529.55,125,34450,0
FINNIFTY31DEC2424250PE.NFO,2024-12-20,09:25:00,2024-12-31,529.55,535.4,521.55,521.55,175,34450,0
FINNIFTY31DEC2424250PE.NFO,2024-12-20,09:26:00,2024-12-31,521.55,530.7,517.9,517.9,450,34450,0
FINNIFTY31DEC2424250PE.NFO,2024-12-20,09:27:00,2024-12-31,517.9,517.9,517.9,517.9,0,34450,0
FINNIFTY31DEC2424250PE.NFO,2024-12-20,09:28:00,2024-12-31,517.9,517.9,517.9,517.9,0,34450,0
FINNIFTY31DEC2424250PE.NFO,2024-12-20,09:29:00,2024-12-31,517.9,517.9,506.55,506.55,25,34325,0
FINNIFTY31DEC2424250PE.NFO,2024-12-20,09:30:00,2024-12-31,506.55,506.55,506.55,506.55,0,34325,0
FINNIFTY31DEC2424250PE.NFO,2024-12-20,09:31:00,2024-12-31,506.55,506.55,505.2,505.2,25,34325,0
FINNIFTY31DEC2424250PE.NFO,2024-12-20,09:32:00,2024-12-31,505.2,505.2,483.95,483.95,25,34325,0
FINNIFTY31DEC2424250PE.NFO,2024-12-20,09:33:00,2024-12-31,483.95,499.3,483.95,499.3,25,34325,0
FINNIFTY31DEC2424250PE.NFO,2024-12-20,09:34:00,2024-12-31,499.3,507.15,497.75,497.75,100,34325,0
FINNIFTY31DEC2424250PE.NFO,2024-12-20,09:35:00,2024-12-31,497.75,499.5,497.75,498.35,175,34325,0
FINNIFTY31DEC2424250PE.NFO,2024-12-20,09:36:00,2024-12-31,498.35,498.35,470.45,470.45,300,34400,0
FINNIFTY31DEC2424250PE.NFO,2024-12-20,09:37:00,2024-12-31,470.45,471.55,454.0,454.0,200,34400,0
FINNIFTY31DEC2424250PE.NFO,2024-12-20,09:38:00,2024-12-31,454.0,462.65,454.0,456.55,400,34400,0
FINNIFTY31DEC2424250PE.NFO,2024-12-20,09:39:00,2024-12-31,456.55,456.55,445.45,449.45,75,34600,0
FINNIFTY31DEC2424250PE.NFO,2024-12-20,09:40:00,2024-12-31,449.45,449.45,432.7,432.7,100,34600,0
FINNIFTY31DEC2424250PE.NFO,2024-12-20,09:41:00,2024-12-31,432.7,447.75,430.5,447.75,75,34600,0
FINNIFTY31DEC2424250PE.NFO,2024-12-20,09:42:00,2024-12-31,447.75,451.8,446.65,446.65,125,34425,0
FINNIFTY31DEC2424250PE.NFO,2024-12-20,09:43:00,2024-12-31,446.65,446.65,437.8,437.8,50,34425,0
FINNIFTY31DEC2424250PE.NFO,2024-12-20,09:44:00,2024-12-31,437.8,451.25,437.8,447.95,125,34425,0
FINNIFTY31DEC2424250PE.NFO,2024-12-20,09:45:00,2024-12-31,447.95,447.95,439.35,439.35,225,34425,0
FINNIFTY31DEC2424250PE.NFO,2024-12-20,09:46:00,2024-12-31,439.35,463.0,439.35,454.7,375,34425,0
FINNIFTY31DEC2424250PE.NFO,2024-12-20,09:47:00,2024-12-31,454.7,524.15,454.7,505.0,675,34425,0
FINNIFTY31DEC2424250PE.NFO,2024-12-20,09:48:00,2024-12-31,505.0,521.35,505.0,521.35,500,34750,0
FINNIFTY31DEC2424250PE.NFO,2024-12-20,09:49:00,2024-12-31,521.35,556.45,514.65,556.45,950,34750,0
FINNIFTY31DEC2424250PE.NFO,2024-12-20,09:50:00,2024-12-31,556.45,576.25,534.3,534.3,1950,34750,0
FINNIFTY31DEC2424250PE.NFO,2024-12-20,09:51:00,2024-12-31,534.3,552.6,534.3,549.85,850,34400,0
FINNIFTY31DEC2424250PE.NFO,2024-12-20,09:52:00,2024-12-31,549.85,558.2,543.7,557.6,925,34400,0
FINNIFTY31DEC2424250PE.NFO,2024-12-20,09:53:00,2024-12-31,557.6,559.65,547.45,547.45,575,34400,0
FINNIFTY31DEC2424250PE.NFO,2024-12-20,09:54:00,2024-12-31,547.45,560.0,543.5,558.3,200,34275,0
FINNIFTY31DEC2424250PE.NFO,2024-12-20,09:55:00,2024-12-31,558.3,561.95,544.95,547.45,425,34275,0
FINNIFTY31DEC2424250PE.NFO,2024-12-20,09:56:00,2024-12-31,547.45,554.0,543.3,547.85,325,34275,0
FINNIFTY31DEC2424250PE.NFO,2024-12-20,09:57:00,2024-12-31,547.85,576.0,547.85,576.0,525,34275,0
FINNIFTY31DEC2424250PE.NFO,2024-12-20,09:58:00,2024-12-31,576.0,576.0,563.2,566.9,325,34600,0
FINNIFTY31DEC2424250PE.NFO,2024-12-20,09:59:00,2024-12-31,566.9,580.0,562.0,577.15,300,34600,0
FINNIFTY31DEC2424250PE.NFO,2024-12-20,10:00:00,2024-12-31,577.15,591.55,577.15,579.7,1125,34275,0
FINNIFTY31DEC2424250PE.NFO,2024-12-20,10:01:00,2024-12-31,579.7,585.95,577.35,577.35,425,34275,0
FINNIFTY31DEC2424250PE.NFO,2024-12-20,10:02:00,2024-12-31,577.35,580.05,565.75,568.8,150,34275,0
FINNIFTY31DEC2424250PE.NFO,2024-12-20,10:03:00,2024-12-31,568.8,571.55,568.8,571.55,25,34325,0
FINNIFTY31DEC2424250PE.NFO,2024-12-20,10:04:00,2024-12-31,571.55,587.55,571.55,585.25,75,34325,0
FINNIFTY31DEC2424250PE.NFO,2024-12-20,10:05:00,2024-12-31,585.25,585.25,585.25,585.25,0,34325,0
FINNIFTY31DEC2424250PE.NFO,2024-12-20,10:06:00,2024-12-31,585.25,585.25,582.6,582.6,25,34325,0
FINNIFTY31DEC2424250PE.NFO,2024-12-20,10:07:00,2024-12-31,582.6,583.55,579.0,580.65,200,34250,0
FINNIFTY31DEC2424250PE.NFO,2024-12-20,10:08:00,2024-12-31,580.65,588.6,580.65,588.6,25,34250,0
FINNIFTY31DEC2424250PE.NFO,2024-12-20,10:09:00,2024-12-31,588.6,597.45,588.6,593.0,125,34250,0
FINNIFTY31DEC2424250PE.NFO,2024-12-20,10:10:00,2024-12-31,593.0,601.95,593.0,599.45,75,34225,0
FINNIFTY31DEC2424250PE.NFO,2024-12-20,10:11:00,2024-12-31,599.45,599.45,594.05,594.05,25,34225,0
FINNIFTY31DEC2424250PE.NFO,2024-12-20,10:12:00,2024-12-31,594.05,594.05,587.05,587.05,25,34175,0
FINNIFTY31DEC2424250PE.NFO,2024-12-20,10:13:00,2024-12-31,587.05,589.3,572.75,589.3,325,34175,0
FINNIFTY31DEC2424250PE.NFO,2024-12-20,10:14:00,2024-12-31,589.3,589.3,576.85,576.85,25,34175,0
FINNIFTY31DEC2424250PE.NFO,2024-12-20,10:15:00,2024-12-31,576.85,585.25,571.55,575.5,75,34250,0
FINNIFTY31DEC2424250PE.NFO,2024-12-20,10:16:00,2024-12-31,575.5,580.8,575.5,580.8,50,34250,0
FINNIFTY31DEC2424250PE.NFO,2024-12-20,10:17:00,2024-12-31,580.8,580.8,551.45,553.65,175,34250,0
FINNIFTY31DEC2424250PE.NFO,2024-12-20,10:18:00,2024-12-31,553.65,553.65,536.4,542.0,325,34450,0
FINNIFTY31DEC2424250PE.NFO,2024-12-20,10:19:00,2024-12-31,542.0,542.0,520.55,523.8,225,34450,0
FINNIFTY31DEC2424250PE.NFO,2024-12-20,10:20:00,2024-12-31,523.8,555.0,523.8,546.25,225,34450,0
FINNIFTY31DEC2424250PE.NFO,2024-12-20,10:21:00,2024-12-31,546.25,553.2,531.3,533.5,250,34175,0
FINNIFTY31DEC2424250PE.NFO,2024-12-20,10:22:00,2024-12-31,533.5,546.25,526.65,546.25,375,34175,0
FINNIFTY31DEC2424250PE.NFO,2024-12-20,10:23:00,2024-12-31,546.25,559.95,546.25,559.95,100,34175,0
FINNIFTY31DEC2424250PE.NFO,2024-12-20,10:24:00,2024-12-31,559.95,573.45,559.95,573.45,50,34350,0
FINNIFTY31DEC2424250PE.NFO,2024-12-20,10:25:00,2024-12-31,573.45,578.25,561.45,561.45,375,34350,0
FINNIFTY31DEC2424250PE.NFO,2024-12-20,10:26:00,2024-12-31,561.45,575.85,561.45,575.85,50,34350,0
FINNIFTY31DEC2424250PE.NFO,2024-12-20,10:27:00,2024-12-31,575.85,575.85,559.15,559.15,25,34350,0
FINNIFTY31DEC2424250PE.NFO,2024-12-20,10:28:00,2024-12-31,559.15,559.15,545.55,546.2,75,34475,0
FINNIFTY31DEC2424250PE.NFO,2024-12-20,10:29:00,2024-12-31,546.2,546.2,546.2,546.2,0,34475,0
FINNIFTY31DEC2424250PE.NFO,2024-12-20,10:30:00,2024-12-31,546.2,546.2,532.5,534.0,100,34475,0
FINNIFTY31DEC2424250PE.NFO,2024-12-20,10:31:00,2024-12-31,534.0,534.0,516.2,516.2,75,34350,0
FINNIFTY31DEC2424250PE.NFO,2024-12-20,10:32:00,2024-12-31,516.2,516.2,516.2,516.2,0,34350,0
FINNIFTY31DEC2424250PE.NFO,2024-12-20,10:33:00,2024-12-31,516.2,516.2,516.2,516.2,0,34350,0
FINNIFTY31DEC2424250PE.NFO,2024-12-20,10:34:00,2024-12-31,516.2,516.2,516.2,516.2,0,34350,0
FINNIFTY31DEC2424250PE.NFO,2024-12-20,10:35:00,2024-12-31,516.2,526.75,516.2,526.75,25,34400,0
FINNIFTY31DEC2424250PE.NFO,2024-12-20,10:36:00,2024-12-31,526.75,526.75,513.75,513.75,100,34425,0
FINNIFTY31DEC2424250PE.NFO,2024-12-20,10:37:00,2024-12-31,513.75,521.9,513.75,520.15,75,34425,0
FINNIFTY31DEC2424250PE.NFO,2024-12-20,10:38:00,2024-12-31,520.15,520.15,507.55,511.75,75,34425,0
FINNIFTY31DEC2424250PE.NFO,2024-12-20,10:39:00,2024-12-31,511.75,511.75,507.9,507.9,25,34425,0
FINNIFTY31DEC2424250PE.NFO,2024-12-20,10:40:00,2024-12-31,507.9,507.9,507.9,507.9,0,34425,0
FINNIFTY31DEC2424250PE.NFO,2024-12-20,10:41:00,2024-12-31,507.9,519.4,507.9,519.4,25,34525,0
FINNIFTY31DEC2424250PE.NFO,2024-12-20,10:42:00,2024-12-31,519.4,519.4,502.8,502.8,50,34475,0
FINNIFTY31DEC2424250PE.NFO,2024-12-20,10:43:00,2024-12-31,502.8,502.8,495.9,498.15,75,34475,0
FINNIFTY31DEC2424250PE.NFO,2024-12-20,10:44:00,2024-12-31,498.15,498.15,498.15,498.15,0,34475,0
FINNIFTY31DEC2424250PE.NFO,2024-12-20,10:45:00,2024-12-31,498.15,506.0,498.15,506.0,25,34475,0
FINNIFTY31DEC2424250PE.NFO,2024-12-20,10:46:00,2024-12-31,506.0,527.5,506.0,526.3,250,34400,0
FINNIFTY31DEC2424250PE.NFO,2024-12-20,10:47:00,2024-12-31,526.3,527.1,518.6,518.6,50,34400,0
FINNIFTY31DEC2424250PE.NFO,2024-12-20,10:48:00,2024-12-31,518.6,518.6,518.6,518.6,0,34400,0
FINNIFTY31DEC2424250PE.NFO,2024-12-20,10:49:00,2024-12-31,518.6,533.8,518.6,531.3,725,34300,0
FINNIFTY31DEC2424250PE.NFO,2024-12-20,10:50:00,2024-12-31,531.3,531.3,510.15,510.15,25,34300,0
FINNIFTY31DEC2424250PE.NFO,2024-12-20,10:51:00,2024-12-31,510.15,510.15,501.15,501.15,50,34300,0
FINNIFTY31DEC2424250PE.NFO,2024-12-20,10:52:00,2024-12-31,501.15,508.6,501.15,508.6,50,34325,0
FINNIFTY31DEC2424250PE.NFO,2024-12-20,10:53:00,2024-12-31,508.6,508.6,467.9,477.6,375,34325,0
FINNIFTY31DEC2424250PE.NFO,2024-12-20,10:54:00,2024-12-31,477.6,477.6,477.6,477.6,0,34325,0
FINNIFTY31DEC2424250PE.NFO,2024-12-20,10:55:00,2024-12-31,477.6,486.75,477.6,486.75,75,34350,0
FINNIFTY31DEC2424250PE.NFO,2024-12-20,10:56:00,2024-12-31,486.75,488.25,486.75,488.25,25,34350,0
FINNIFTY31DEC2424250PE.NFO,2024-12-20,10:57:00,2024-12-31,488.25,488.25,478.65,478.65,75,34350,0
FINNIFTY31DEC2424250PE.NFO,2024-12-20,10:58:00,2024-12-31,478.65,478.65,478.65,478.65,0,34350,0
FINNIFTY31DEC2424250PE.NFO,2024-12-20,10:59:00,2024-12-31,478.65,478.65,478.65,478.65,0,34350,0
FINNIFTY31DEC2424250PE.NFO,2024-12-20,11:00:00,2024-12-31,478.65,478.65,478.65,478.65,0,34350,0
FINNIFTY31DEC2424250PE.NFO,2024-12-20,11:01:00,2024-12-31,478.65,478.65,478.65,478.65,0,34350,0
FINNIFTY31DEC2424250PE.NFO,2024-12-20,11:02:00,2024-12-31,478.65,478.65,478.65,478.65,0,34350,0
FINNIFTY31DEC2424250PE.NFO,2024-12-20,11:03:00,2024-12-31,478.65,478.65,478.65,478.65,0,34350,0
FINNIFTY31DEC2424250PE.NFO,2024-12-20,11:04:00,2024-12-31,478.65,478.65,478.65,478.65,0,34350,0
FINNIFTY31DEC2424250PE.NFO,2024-12-20,11:05:00,2024-12-31,478.65,478.65,478.65,478.65,0,34350,0
FINNIFTY31DEC2424250PE.NFO,2024-12-20,11:06:00,2024-12-31,478.65,478.65,478.65,478.65,0,34350,0
FINNIFTY31DEC2424250PE.NFO,2024-12-20,11:07:00,2024-12-31,478.65,478.65,478.65,478.65,0,34350,0
FINNIFTY31DEC2424250PE.NFO,2024-12-20,11:08:00,2024-12-31,478.65,478.65,478.65,478.65,0,34350,0
FINNIFTY31DEC2424250PE.NFO,2024-12-20,11:09:00,2024-12-31,478.65,478.65,478.65,478.65,0,34350,0
FINNIFTY31DEC2424250PE.NFO,2024-12-20,11:10:00,2024-12-31,478.65,478.65,478.65,478.65,0,34350,0
FINNIFTY31DEC2424250PE.NFO,2024-12-20,11:11:00,2024-12-31,478.65,478.65,478.65,478.65,0,34350,0
FINNIFTY31DEC2424250PE.NFO,2024-12-20,11:12:00,2024-12-31,478.65,478.65,464.5,464.5,50,34300,0
FINNIFTY31DEC2424250PE.NFO,2024-12-20,11:13:00,2024-12-31,464.5,464.5,464.5,464.5,0,34300,0
FINNIFTY31DEC2424250PE.NFO,2024-12-20,11:14:00,2024-12-31,464.5,464.5,464.5,464.5,0,34300,0
FINNIFTY31DEC2424250PE.NFO,2024-12-20,11:15:00,2024-12-31,464.5,464.5,464.5,464.5,0,34300,0
FINNIFTY31DEC2424250PE.NFO,2024-12-20,11:16:00,2024-12-31,464.5,498.05,464.5,487.95,475,34325,0
FINNIFTY31DEC2424250PE.NFO,2024-12-20,11:17:00,2024-12-31,487.95,495.9,487.95,495.9,25,34325,0
FINNIFTY31DEC2424250PE.NFO,2024-12-20,11:18:00,2024-12-31,495.9,495.9,495.9,495.9,0,34325,0
FINNIFTY31DEC2424250PE.NFO,2024-12-20,11:19:00,2024-12-31,495.9,506.75,495.9,506.75,100,34550,0
FINNIFTY31DEC2424250PE.NFO,2024-12-20,11:20:00,2024-12-31,506.75,506.75,500.7,500.7,125,34550,0
FINNIFTY31DEC2424250PE.NFO,2024-12-20,11:21:00,2024-12-31,500.7,500.7,494.9,494.9,25,34550,0
FINNIFTY31DEC2424250PE.NFO,2024-12-20,11:22:00,2024-12-31,494.9,494.9,494.9,494.9,0,34550,0
FINNIFTY31DEC2424250PE.NFO,2024-12-20,11:23:00,2024-12-31,494.9,494.9,494.9,494.9,0,34550,0
FINNIFTY31DEC2424250PE.NFO,2024-12-20,11:24:00,2024-12-31,494.9,494.9,494.9,494.9,0,34550,0
FINNIFTY31DEC2424250PE.NFO,2024-12-20,11:25:00,2024-12-31,494.9,494.9,494.9,494.9,0,34550,0
FINNIFTY31DEC2424250PE.NFO,2024-12-20,11:26:00,2024-12-31,494.9,494.9,484.9,484.9,100,34325,0
FINNIFTY31DEC2424250PE.NFO,2024-12-20,11:27:00,2024-12-31,484.9,490.0,484.9,490.0,200,34325,0
FINNIFTY31DEC2424250PE.NFO,2024-12-20,11:28:00,2024-12-31,490.0,490.0,485.5,485.5,125,34525,0
FINNIFTY31DEC2424250PE.NFO,2024-12-20,11:29:00,2024-12-31,485.5,485.5,485.5,485.5,0,34525,0
FINNIFTY31DEC2424250PE.NFO,2024-12-20,11:30:00,2024-12-31,485.5,485.5,485.5,485.5,0,34525,0
FINNIFTY31DEC2424250PE.NFO,2024-12-20,11:31:00,2024-12-31,485.5,501.8,485.5,501.8,200,34425,0
FINNIFTY31DEC2424250PE.NFO,2024-12-20,11:32:00,2024-12-31,501.8,506.35,501.8,506.35,175,34425,0
FINNIFTY31DEC2424250PE.NFO,2024-12-20,11:33:00,2024-12-31,506.35,508.75,506.35,508.75,25,34425,0
FINNIFTY31DEC2424250PE.NFO,2024-12-20,11:34:00,2024-12-31,508.75,508.75,504.1,504.1,25,34375,0
FINNIFTY31DEC2424250PE.NFO,2024-12-20,11:35:00,2024-12-31,504.1,504.1,504.1,504.1,0,34375,0
FINNIFTY31DEC2424250PE.NFO,2024-12-20,11:36:00,2024-12-31,504.1,504.1,504.1,504.1,0,34375,0
FINNIFTY31DEC2424250PE.NFO,2024-12-20,11:37:00,2024-12-31,504.1,504.1,504.1,504.1,0,34375,0
FINNIFTY31DEC2424250PE.NFO,2024-12-20,11:38:00,2024-12-31,504.1,504.1,504.1,504.1,0,34375,0
FINNIFTY31DEC2424250PE.NFO,2024-12-20,11:39:00,2024-12-31,504.1,504.1,504.1,504.1,0,34375,0
FINNIFTY31DEC2424250PE.NFO,2024-12-20,11:40:00,2024-12-31,504.1,504.1,504.1,504.1,0,34375,0
FINNIFTY31DEC2424250PE.NFO,2024-12-20,11:41:00,2024-12-31,504.1,504.1,504.1,504.1,0,34375,0
FINNIFTY31DEC2424250PE.NFO,2024-12-20,11:42:00,2024-12-31,504.1,504.1,504.1,504.1,0,34375,0
FINNIFTY31DEC2424250PE.NFO,2024-12-20,11:43:00,2024-12-31,504.1,504.1,504.1,504.1,0,34375,0
FINNIFTY31DEC2424250PE.NFO,2024-12-20,11:44:00,2024-12-31,504.1,504.1,504.1,504.1,0,34375,0
FINNIFTY31DEC2424250PE.NFO,2024-12-20,11:45:00,2024-12-31,504.1,504.1,504.1,504.1,0,34375,0
FINNIFTY31DEC2424250PE.NFO,2024-12-20,11:46:00,2024-12-31,504.1,504.1,504.1,504.1,0,34375,0
FINNIFTY31DEC2424250PE.NFO,2024-12-20,11:47:00,2024-12-31,504.1,504.1,504.1,504.1,0,34375,0
FINNIFTY31DEC2424250PE.NFO,2024-12-20,11:48:00,2024-12-31,504.1,504.1,504.1,504.1,0,34375,0
FINNIFTY31DEC2424250PE.NFO,2024-12-20,11:49:00,2024-12-31,504.1,504.1,504.1,504.1,0,34375,0
FINNIFTY31DEC2424250PE.NFO,2024-12-20,11:50:00,2024-12-31,504.1,504.1,504.1,504.1,0,34375,0
FINNIFTY31DEC2424250PE.NFO,2024-12-20,11:51:00,2024-12-31,504.1,504.1,504.1,504.1,0,34375,0
FINNIFTY31DEC2424250PE.NFO,2024-12-20,11:52:00,2024-12-31,504.1,504.1,504.1,504.1,0,34375,0
FINNIFTY31DEC2424250PE.NFO,2024-12-20,11:53:00,2024-12-31,504.1,504.1,504.1,504.1,0,34375,0
FINNIFTY31DEC2424250PE.NFO,2024-12-20,11:54:00,2024-12-31,504.1,504.1,504.1,504.1,0,34375,0
FINNIFTY31DEC2424250PE.NFO,2024-12-20,11:55:00,2024-12-31,504.1,504.1,504.1,504.1,0,34375,0
FINNIFTY31DEC2424250PE.NFO,2024-12-20,11:56:00,2024-12-31,504.1,504.1,504.1,504.1,0,34375,0
FINNIFTY31DEC2424250PE.NFO,2024-12-20,11:57:00,2024-12-31,504.1,504.1,504.1,504.1,0,34375,0
FINNIFTY31DEC2424250PE.NFO,2024-12-20,11:58:00,2024-12-31,504.1,504.1,504.1,504.1,0,34375,0
FINNIFTY31DEC2424250PE.NFO,2024-12-20,11:59:00,2024-12-31,504.1,504.1,458.95,458.95,25,34350,0
FINNIFTY31DEC2424250PE.NFO,2024-12-20,12:00:00,2024-12-31,458.95,458.95,456.95,456.95,225,34350,0
FINNIFTY31DEC2424250PE.NFO,2024-12-20,12:01:00,2024-12-31,456.95,456.95,456.95,456.95,0,34350,0
FINNIFTY31DEC2424250PE.NFO,2024-12-20,12:02:00,2024-12-31,456.95,456.95,456.95,456.95,0,34350,0
FINNIFTY31DEC2424250PE.NFO,2024-12-20,12:03:00,2024-12-31,456.95,456.95,456.95,456.95,0,34350,0
FINNIFTY31DEC2424250PE.NFO,2024-12-20,12:04:00,2024-12-31,456.95,456.95,456.95,456.95,0,34350,0
FINNIFTY31DEC2424250PE.NFO,2024-12-20,12:05:00,2024-12-31,456.95,456.95,456.95,456.95,0,34350,0
FINNIFTY31DEC2424250PE.NFO,2024-12-20,12:06:00,2024-12-31,456.95,456.95,456.95,456.95,0,34350,0
FINNIFTY31DEC2424250PE.NFO,2024-12-20,12:07:00,2024-12-31,456.95,456.95,456.95,456.95,0,34350,0
FINNIFTY31DEC2424250PE.NFO,2024-12-20,12:08:00,2024-12-31,456.95,456.95,456.95,456.95,0,34350,0
FINNIFTY31DEC2424250PE.NFO,2024-12-20,12:09:00,2024-12-31,456.95,456.95,456.95,456.95,0,34350,0
FINNIFTY31DEC2424250PE.NFO,2024-12-20,12:10:00,2024-12-31,456.95,456.95,456.95,456.95,0,34350,0
FINNIFTY31DEC2424250PE.NFO,2024-12-20,12:11:00,2024-12-31,456.95,456.95,456.95,456.95,0,34350,0
FINNIFTY31DEC2424250PE.NFO,2024-12-20,12:12:00,2024-12-31,456.95,456.95,456.95,456.95,0,34350,0
FINNIFTY31DEC2424250PE.NFO,2024-12-20,12:13:00,2024-12-31,456.95,456.95,456.95,456.95,0,34350,0
FINNIFTY31DEC2424250PE.NFO,2024-12-20,12:14:00,2024-12-31,456.95,456.95,456.95,456.95,0,34350,0
FINNIFTY31DEC2424250PE.NFO,2024-12-20,12:15:00,2024-12-31,494.15,534.05,494.15,534.05,300,34325,0
FINNIFTY31DEC2424250PE.NFO,2024-12-20,12:16:00,2024-12-31,534.05,536.6,534.05,536.6,100,34250,0
FINNIFTY31DEC2424250PE.NFO,2024-12-20,12:17:00,2024-12-31,536.6,536.6,522.4,522.4,25,34250,0
FINNIFTY31DEC2424250PE.NFO,2024-12-20,12:18:00,2024-12-31,522.4,522.4,522.4,522.4,0,34250,0
FINNIFTY31DEC2424250PE.NFO,2024-12-20,12:19:00,2024-12-31,522.4,522.4,522.4,522.4,0,34250,0
FINNIFTY31DEC2424250PE.NFO,2024-12-20,12:20:00,2024-12-31,522.4,522.4,522.4,522.4,0,34250,0
FINNIFTY31DEC2424250PE.NFO,2024-12-20,12:21:00,2024-12-31,522.4,522.4,522.4,522.4,50,34225,0
FINNIFTY31DEC2424250PE.NFO,2024-12-20,12:22:00,2024-12-31,522.4,542.5,522.4,542.5,75,34225,0
FINNIFTY31DEC2424250PE.NFO,2024-12-20,12:23:00,2024-12-31,542.5,542.5,519.95,519.95,75,34225,0
FINNIFTY31DEC2424250PE.NFO,2024-12-20,12:24:00,2024-12-31,519.95,519.95,519.95,519.95,0,34225,0
FINNIFTY31DEC2424250PE.NFO,2024-12-20,12:25:00,2024-12-31,519.95,519.95,519.95,519.95,0,34225,0
FINNIFTY31DEC2424250PE.NFO,2024-12-20,12:26:00,2024-12-31,519.95,519.95,519.95,519.95,0,34225,0
FINNIFTY31DEC2424250PE.NFO,2024-12-20,12:27:00,2024-12-31,519.95,519.95,512.05,512.05,25,34175,0
FINNIFTY31DEC2424250PE.NFO,2024-12-20,12:28:00,2024-12-31,512.05,512.05,512.05,512.05,0,34175,0
FINNIFTY31DEC2424250PE.NFO,2024-12-20,12:29:00,2024-12-31,512.05,512.05,512.05,512.05,0,34175,0
FINNIFTY31DEC2424250PE.NFO,2024-12-20,12:30:00,2024-12-31,512.05,512.05,512.05,512.05,0,34175,0
FINNIFTY31DEC2424250PE.NFO,2024-12-20,12:31:00,2024-12-31,512.05,512.05,512.05,512.05,0,34175,0
FINNIFTY31DEC2424250PE.NFO,2024-12-20,12:32:00,2024-12-31,512.05,512.05,512.05,512.05,0,34175,0
FINNIFTY31DEC2424250PE.NFO,2024-12-20,12:33:00,2024-12-31,512.05,514.55,512.05,514.55,25,34175,0
FINNIFTY31DEC2424250PE.NFO,2024-12-20,12:34:00,2024-12-31,514.55,514.55,514.55,514.55,0,34175,0
FINNIFTY31DEC2424250PE.NFO,2024-12-20,12:35:00,2024-12-31,514.55,514.55,514.55,514.55,0,34175,0
FINNIFTY31DEC2424250PE.NFO,2024-12-20,12:36:00,2024-12-31,514.55,514.55,514.55,514.55,0,34175,0
FINNIFTY31DEC2424250PE.NFO,2024-12-20,12:37:00,2024-12-31,514.55,514.55,514.55,514.55,0,34175,0
FINNIFTY31DEC2424250PE.NFO,2024-12-20,12:38:00,2024-12-31,514.55,514.55,514.55,514.55,0,34175,0
FINNIFTY31DEC2424250PE.NFO,2024-12-20,12:39:00,2024-12-31,514.55,514.55,514.55,514.55,0,34175,0
FINNIFTY31DEC2424250PE.NFO,2024-12-20,12:40:00,2024-12-31,514.55,514.55,514.55,514.55,0,34175,0
FINNIFTY31DEC2424250PE.NFO,2024-12-20,12:41:00,2024-12-31,514.55,514.55,514.55,514.55,0,34175,0
FINNIFTY31DEC2424250PE.NFO,2024-12-20,12:42:00,2024-12-31,514.55,514.55,514.55,514.55,0,34175,0
FINNIFTY31DEC2424250PE.NFO,2024-12-20,12:43:00,2024-12-31,514.55,514.55,514.55,514.55,0,34175,0
FINNIFTY31DEC2424250PE.NFO,2024-12-20,12:44:00,2024-12-31,514.55,544.0,514.55,544.0,75,34150,0
FINNIFTY31DEC2424250PE.NFO,2024-12-20,12:45:00,2024-12-31,544.0,544.0,544.0,544.0,0,34150,0
FINNIFTY31DEC2424250PE.NFO,2024-12-20,12:46:00,2024-12-31,544.0,562.1,544.0,562.1,25,34150,0
FINNIFTY31DEC2424250PE.NFO,2024-12-20,12:47:00,2024-12-31,562.1,562.1,562.1,562.1,0,34150,0
FINNIFTY31DEC2424250PE.NFO,2024-12-20,12:48:00,2024-12-31,562.1,566.45,558.7,558.7,100,34175,0
FINNIFTY31DEC2424250PE.NFO,2024-12-20,12:49:00,2024-12-31,558.7,576.75,558.7,572.65,300,34150,0
FINNIFTY31DEC2424250PE.NFO,2024-12-20,12:50:00,2024-12-31,572.65,580.8,570.45,579.0,125,34150,0
FINNIFTY31DEC2424250PE.NFO,2024-12-20,12:51:00,2024-12-31,579.0,580.5,569.8,576.65,275,34150,0
FINNIFTY31DEC2424250PE.NFO,2024-12-20,12:52:00,2024-12-31,576.65,576.7,560.65,560.65,525,34175,0
FINNIFTY31DEC2424250PE.NFO,2024-12-20,12:53:00,2024-12-31,560.65,567.95,558.2,558.2,175,34175,0
FINNIFTY31DEC2424250PE.NFO,2024-12-20,12:54:00,2024-12-31,558.2,571.4,558.2,571.4,25,34175,0
FINNIFTY31DEC2424250PE.NFO,2024-12-20,12:55:00,2024-12-31,571.4,575.65,571.4,575.65,50,34125,0
FINNIFTY31DEC2424250PE.NFO,2024-12-20,12:56:00,2024-12-31,575.65,575.65,575.65,575.65,0,34125,0
FINNIFTY31DEC2424250PE.NFO,2024-12-20,12:57:00,2024-12-31,575.65,575.65,575.65,575.65,0,34125,0
FINNIFTY31DEC2424250PE.NFO,2024-12-20,12:58:00,2024-12-31,575.65,575.65,574.45,574.45,375,34125,0
FINNIFTY31DEC2424250PE.NFO,2024-12-20,12:59:00,2024-12-31,574.45,578.05,574.45,578.05,125,34300,0
FINNIFTY31DEC2424250PE.NFO,2024-12-20,13:00:00,2024-12-31,578.05,578.05,572.5,572.5,150,34300,0
FINNIFTY31DEC2424250PE.NFO,2024-12-20,13:01:00,2024-12-31,572.5,572.5,560.8,560.8,25,33950,0
FINNIFTY31DEC2424250PE.NFO,2024-12-20,13:02:00,2024-12-31,560.8,567.95,560.8,567.95,25,33950,0
FINNIFTY31DEC2424250PE.NFO,2024-12-20,13:03:00,2024-12-31,567.95,582.1,567.95,582.1,125,33950,0
FINNIFTY31DEC2424250PE.NFO,2024-12-20,13:04:00,2024-12-31,582.1,585.0,582.1,585.0,25,33950,0
FINNIFTY31DEC2424250PE.NFO,2024-12-20,13:05:00,2024-12-31,585.0,585.0,577.5,577.5,100,33950,0
FINNIFTY31DEC2424250PE.NFO,2024-12-20,13:06:00,2024-12-31,577.5,577.5,577.5,577.5,0,33950,0
FINNIFTY31DEC2424250PE.NFO,2024-12-20,13:07:00,2024-12-31,577.5,577.5,564.1,564.1,25,33950,0
FINNIFTY31DEC2424250PE.NFO,2024-12-20,13:08:00,2024-12-31,564.1,564.1,564.1,564.1,0,33950,0
FINNIFTY31DEC2424250PE.NFO,2024-12-20,13:09:00,2024-12-31,564.1,564.1,564.1,564.1,0,33950,0
FINNIFTY31DEC2424250PE.NFO,2024-12-20,13:10:00,2024-12-31,564.1,580.0,564.1,580.0,25,33925,0
FINNIFTY31DEC2424250PE.NFO,2024-12-20,13:11:00,2024-12-31,580.0,580.0,580.0,580.0,0,33925,0
FINNIFTY31DEC2424250PE.NFO,2024-12-20,13:12:00,2024-12-31,580.0,580.0,580.0,580.0,0,33925,0
FINNIFTY31DEC2424250PE.NFO,2024-12-20,13:13:00,2024-12-31,580.0,580.0,580.0,580.0,0,33925,0
FINNIFTY31DEC2424250PE.NFO,2024-12-20,13:14:00,2024-12-31,580.0,580.0,573.0,573.0,25,33900,0
FINNIFTY31DEC2424250PE.NFO,2024-12-20,13:15:00,2024-12-31,573.0,573.0,566.95,566.95,125,33900,0
FINNIFTY31DEC2424250PE.NFO,2024-12-20,13:16:00,2024-12-31,566.95,566.95,566.95,566.95,0,33900,0
FINNIFTY31DEC2424250PE.NFO,2024-12-20,13:17:00,2024-12-31,566.95,566.95,566.95,566.95,0,33900,0
FINNIFTY31DEC2424250PE.NFO,2024-12-20,13:18:00,2024-12-31,566.95,566.95,566.95,566.95,0,33900,0
FINNIFTY31DEC2424250PE.NFO,2024-12-20,13:19:00,2024-12-31,566.95,566.95,566.95,566.95,0,33900,0
FINNIFTY31DEC2424250PE.NFO,2024-12-20,13:20:00,2024-12-31,566.95,566.95,566.95,566.95,0,33900,0
FINNIFTY31DEC2424250PE.NFO,2024-12-20,13:21:00,2024-12-31,566.95,571.15,566.95,571.15,50,33825,0
FINNIFTY31DEC2424250PE.NFO,2024-12-20,13:22:00,2024-12-31,571.15,571.15,571.15,571.15,0,33825,0
FINNIFTY31DEC2424250PE.NFO,2024-12-20,13:23:00,2024-12-31,571.15,571.15,571.15,571.15,0,33825,0
FINNIFTY31DEC2424250PE.NFO,2024-12-20,13:24:00,2024-12-31,571.15,571.15,571.15,571.15,0,33825,0
FINNIFTY31DEC2424250PE.NFO,2024-12-20,13:25:00,2024-12-31,571.15,571.15,557.5,557.5,25,33875,0
FINNIFTY31DEC2424250PE.NFO,2024-12-20,13:26:00,2024-12-31,557.5,557.5,557.5,557.5,0,33875,0
FINNIFTY31DEC2424250PE.NFO,2024-12-20,13:27:00,2024-12-31,557.5,557.5,557.5,557.5,0,33875,0
FINNIFTY31DEC2424250PE.NFO,2024-12-20,13:28:00,2024-12-31,557.5,557.5,546.7,546.7,25,33875,0
FINNIFTY31DEC2424250PE.NFO,2024-12-20,13:29:00,2024-12-31,546.7,546.7,546.7,546.7,0,33875,0
FINNIFTY31DEC2424250PE.NFO,2024-12-20,13:30:00,2024-12-31,546.7,546.7,546.7,546.7,0,33875,0
FINNIFTY31DEC2424250PE.NFO,2024-12-20,13:31:00,2024-12-31,546.7,546.7,540.3,540.3,50,33875,0
FINNIFTY31DEC2424250PE.NFO,2024-12-20,13:32:00,2024-12-31,540.3,540.3,534.15,535.7,1050,33875,0
FINNIFTY31DEC2424250PE.NFO,2024-12-20,13:33:00,2024-12-31,535.7,535.7,535.7,535.7,0,33875,0
FINNIFTY31DEC2424250PE.NFO,2024-12-20,13:34:00,2024-12-31,535.7,542.15,535.7,542.15,25,34075,0
FINNIFTY31DEC2424250PE.NFO,2024-12-20,13:35:00,2024-12-31,542.15,542.15,542.15,542.15,0,34075,0
FINNIFTY31DEC2424250PE.NFO,2024-12-20,13:36:00,2024-12-31,542.15,542.15,542.15,542.15,0,34075,0
FINNIFTY31DEC2424250PE.NFO,2024-12-20,13:37:00,2024-12-31,542.15,559.0,542.15,559.0,25,34075,0
FINNIFTY31DEC2424250PE.NFO,2024-12-20,13:38:00,2024-12-31,559.0,565.7,559.0,565.7,200,34025,0
FINNIFTY31DEC2424250PE.NFO,2024-12-20,13:39:00,2024-12-31,565.7,568.55,565.7,568.55,0,34025,0
FINNIFTY31DEC2424250PE.NFO,2024-12-20,13:40:00,2024-12-31,568.55,574.05,568.55,574.05,175,34025,0
FINNIFTY31DEC2424250PE.NFO,2024-12-20,13:41:00,2024-12-31,574.05,606.5,574.05,606.45,75,33850,0
FINNIFTY31DEC2424250PE.NFO,2024-12-20,13:42:00,2024-12-31,606.45,623.7,605.2,605.2,600,33850,0
FINNIFTY31DEC2424250PE.NFO,2024-12-20,13:43:00,2024-12-31,607.8,618.85,607.8,615.5,175,33800,0
FINNIFTY31DEC2424250PE.NFO,2024-12-20,13:44:00,2024-12-31,615.5,615.5,598.5,598.5,350,33800,0
FINNIFTY31DEC2424250PE.NFO,2024-12-20,13:45:00,2024-12-31,598.5,598.5,598.5,598.5,0,33800,0
FINNIFTY31DEC2424250PE.NFO,2024-12-20,13:46:00,2024-12-31,598.5,598.5,582.15,582.15,50,33800,0
FINNIFTY31DEC2424250PE.NFO,2024-12-20,13:47:00,2024-12-31,582.15,606.95,582.15,606.95,100,33900,0
FINNIFTY31DEC2424250PE.NFO,2024-12-20,13:48:00,2024-12-31,606.95,623.3,606.95,623.3,25,33900,0
FINNIFTY31DEC2424250PE.NFO,2024-12-20,13:49:00,2024-12-31,623.3,637.6,623.3,637.6,25,33875,0
FINNIFTY31DEC2424250PE.NFO,2024-12-20,13:50:00,2024-12-31,637.6,637.6,618.55,618.55,25,33875,0
FINNIFTY31DEC2424250PE.NFO,2024-12-20,13:51:00,2024-12-31,618.55,622.75,618.55,621.8,125,33875,0
FINNIFTY31DEC2424250PE.NFO,2024-12-20,13:52:00,2024-12-31,621.8,621.8,621.8,621.8,0,33875,0
FINNIFTY31DEC2424250PE.NFO,2024-12-20,13:53:00,2024-12-31,621.8,621.8,621.8,621.8,0,33875,0
FINNIFTY31DEC2424250PE.NFO,2024-12-20,13:54:00,2024-12-31,621.8,621.8,621.8,621.8,0,33875,0
FINNIFTY31DEC2424250PE.NFO,2024-12-20,13:55:00,2024-12-31,621.8,621.8,621.8,621.8,0,33875,0
FINNIFTY31DEC2424250PE.NFO,2024-12-20,13:56:00,2024-12-31,621.8,621.8,621.8,621.8,0,33875,0
FINNIFTY31DEC2424250PE.NFO,2024-12-20,13:57:00,2024-12-31,621.8,621.8,621.8,621.8,0,33875,0
FINNIFTY31DEC2424250PE.NFO,2024-12-20,13:58:00,2024-12-31,621.8,621.8,600.55,600.55,0,33825,0
FINNIFTY31DEC2424250PE.NFO,2024-12-20,13:59:00,2024-12-31,600.55,600.55,600.55,600.55,0,33825,0
FINNIFTY31DEC2424250PE.NFO,2024-12-20,14:00:00,2024-12-31,600.55,615.95,600.55,614.15,25,33875,0
FINNIFTY31DEC2424250PE.NFO,2024-12-20,14:01:00,2024-12-31,614.15,614.15,614.15,614.15,25,33875,0
FINNIFTY31DEC2424250PE.NFO,2024-12-20,14:02:00,2024-12-31,614.15,614.15,614.15,614.15,0,33875,0
FINNIFTY31DEC2424250PE.NFO,2024-12-20,14:03:00,2024-12-31,614.15,614.15,614.15,614.15,0,33875,0
FINNIFTY31DEC2424250PE.NFO,2024-12-20,14:04:00,2024-12-31,614.15,614.15,614.15,614.15,0,33875,0
FINNIFTY31DEC2424250PE.NFO,2024-12-20,14:05:00,2024-12-31,614.15,614.15,614.15,614.15,0,33875,0
FINNIFTY31DEC2424250PE.NFO,2024-12-20,14:06:00,2024-12-31,614.15,614.15,614.15,614.15,0,33875,0
FINNIFTY31DEC2424250PE.NFO,2024-12-20,14:07:00,2024-12-31,614.15,614.15,614.15,614.15,0,33875,0
FINNIFTY31DEC2424250PE.NFO,2024-12-20,14:08:00,2024-12-31,614.15,614.15,614.15,614.15,0,33875,0
FINNIFTY31DEC2424250PE.NFO,2024-12-20,14:09:00,2024-12-31,614.15,614.15,614.15,614.15,0,33875,0
FINNIFTY31DEC2424250PE.NFO,2024-12-20,14:10:00,2024-12-31,614.15,614.15,614.15,614.15,0,33875,0
FINNIFTY31DEC2424250PE.NFO,2024-12-20,14:11:00,2024-12-31,614.15,652.35,614.15,652.35,25,33900,0
FINNIFTY31DEC2424250PE.NFO,2024-12-20,14:12:00,2024-12-31,652.35,652.35,652.35,652.35,0,33900,0
FINNIFTY31DEC2424250PE.NFO,2024-12-20,14:13:00,2024-12-31,652.35,652.35,652.35,652.35,0,33900,0
FINNIFTY31DEC2424250PE.NFO,2024-12-20,14:14:00,2024-12-31,652.35,652.35,652.35,652.35,0,33900,0
FINNIFTY31DEC2424250PE.NFO,2024-12-20,14:15:00,2024-12-31,652.35,653.8,649.65,649.65,125,33875,0
FINNIFTY31DEC2424250PE.NFO,2024-12-20,14:16:00,2024-12-31,649.65,649.65,649.65,649.65,0,33875,0
FINNIFTY31DEC2424250PE.NFO,2024-12-20,14:17:00,2024-12-31,649.65,649.65,649.65,649.65,0,33875,0
FINNIFTY31DEC2424250PE.NFO,2024-12-20,14:18:00,2024-12-31,649.65,649.65,639.4,639.55,75,33900,0
FINNIFTY31DEC2424250PE.NFO,2024-12-20,14:19:00,2024-12-31,639.55,639.55,639.55,639.55,0,33900,0
FINNIFTY31DEC2424250PE.NFO,2024-12-20,14:20:00,2024-12-31,639.55,639.55,639.55,639.55,0,33900,0
FINNIFTY31DEC2424250PE.NFO,2024-12-20,14:21:00,2024-12-31,639.55,639.55,639.55,639.55,0,33900,0
FINNIFTY31DEC2424250PE.NFO,2024-12-20,14:22:00,2024-12-31,639.55,639.55,639.55,639.55,0,33900,0
FINNIFTY31DEC2424250PE.NFO,2024-12-20,14:23:00,2024-12-31,639.55,639.55,639.55,639.55,0,33900,0
FINNIFTY31DEC2424250PE.NFO,2024-12-20,14:24:00,2024-12-31,639.55,639.55,639.55,639.55,0,33900,0
FINNIFTY31DEC2424250PE.NFO,2024-12-20,14:25:00,2024-12-31,639.55,639.55,610.9,610.9,175,33925,0
FINNIFTY31DEC2424250PE.NFO,2024-12-20,14:26:00,2024-12-31,610.9,610.9,610.9,610.9,0,33925,0
FINNIFTY31DEC2424250PE.NFO,2024-12-20,14:27:00,2024-12-31,610.9,610.9,610.9,610.9,0,33925,0
FINNIFTY31DEC2424250PE.NFO,2024-12-20,14:28:00,2024-12-31,610.9,610.9,610.9,610.9,0,33925,0
FINNIFTY31DEC2424250PE.NFO,2024-12-20,14:29:00,2024-12-31,610.9,610.9,610.9,610.9,0,33925,0
FINNIFTY31DEC2424250PE.NFO,2024-12-20,14:30:00,2024-12-31,610.9,610.9,610.9,610.9,0,33925,0
FINNIFTY31DEC2424250PE.NFO,2024-12-20,14:31:00,2024-12-31,610.9,610.9,610.9,610.9,0,33925,0
FINNIFTY31DEC2424250PE.NFO,2024-12-20,14:32:00,2024-12-31,610.9,610.9,610.9,610.9,0,33925,0
FINNIFTY31DEC2424250PE.NFO,2024-12-20,14:33:00,2024-12-31,610.9,652.95,610.9,652.95,25,34025,0
FINNIFTY31DEC2424250PE.NFO,2024-12-20,14:34:00,2024-12-31,652.95,664.8,652.95,664.8,50,34025,0
FINNIFTY31DEC2424250PE.NFO,2024-12-20,14:35:00,2024-12-31,664.8,670.8,664.8,670.8,25,33950,0
FINNIFTY31DEC2424250PE.NFO,2024-12-20,14:36:00,2024-12-31,670.8,675.85,670.8,675.85,100,33950,0
FINNIFTY31DEC2424250PE.NFO,2024-12-20,14:37:00,2024-12-31,675.85,675.85,675.85,675.85,0,33950,0
FINNIFTY31DEC2424250PE.NFO,2024-12-20,14:38:00,2024-12-31,675.85,706.45,675.85,697.85,450,33900,0
FINNIFTY31DEC2424250PE.NFO,2024-12-20,14:39:00,2024-12-31,697.85,697.85,697.0,697.0,125,33900,0
FINNIFTY31DEC2424250PE.NFO,2024-12-20,14:40:00,2024-12-31,697.0,697.0,688.5,688.5,25,34050,0
FINNIFTY31DEC2424250PE.NFO,2024-12-20,14:41:00,2024-12-31,688.5,688.5,688.5,688.5,0,34050,0
FINNIFTY31DEC2424250PE.NFO,2024-12-20,14:42:00,2024-12-31,688.5,690.75,688.5,690.75,25,34050,0
FINNIFTY31DEC2424250PE.NFO,2024-12-20,14:43:00,2024-12-31,690.75,690.75,679.85,679.85,25,34050,0
FINNIFTY31DEC2424250PE.NFO,2024-12-20,14:44:00,2024-12-31,679.85,679.85,679.85,679.85,0,34050,0
FINNIFTY31DEC2424250PE.NFO,2024-12-20,14:45:00,2024-12-31,679.85,690.95,679.85,690.95,50,34050,0
FINNIFTY31DEC2424250PE.NFO,2024-12-20,14:46:00,2024-12-31,690.95,690.95,690.95,690.95,0,34050,0
FINNIFTY31DEC2424250PE.NFO,2024-12-20,14:47:00,2024-12-31,690.95,690.95,690.95,690.95,0,34050,0
FINNIFTY31DEC2424250PE.NFO,2024-12-20,14:48:00,2024-12-31,690.95,690.95,690.95,690.95,0,34050,0
FINNIFTY31DEC2424250PE.NFO,2024-12-20,14:49:00,2024-12-31,690.95,690.95,690.95,690.95,0,34050,0
FINNIFTY31DEC2424250PE.NFO,2024-12-20,14:50:00,2024-12-31,690.95,690.95,690.95,690.95,0,34050,0
FINNIFTY31DEC2424250PE.NFO,2024-12-20,14:51:00,2024-12-31,690.95,713.85,690.95,713.85,25,34000,0
FINNIFTY31DEC2424250PE.NFO,2024-12-20,14:52:00,2024-12-31,713.85,713.85,709.25,709.25,50,34000,0
FINNIFTY31DEC2424250PE.NFO,2024-12-20,14:53:00,2024-12-31,709.25,709.25,707.6,707.6,25,34050,0
FINNIFTY31DEC2424250PE.NFO,2024-12-20,14:54:00,2024-12-31,707.6,729.05,707.6,722.0,625,34050,0
FINNIFTY31DEC2424250PE.NFO,2024-12-20,14:55:00,2024-12-31,722.0,722.0,711.0,720.55,100,34000,0
FINNIFTY31DEC2424250PE.NFO,2024-12-20,14:56:00,2024-12-31,720.55,720.55,713.7,713.7,250,34000,0
FINNIFTY31DEC2424250PE.NFO,2024-12-20,14:57:00,2024-12-31,713.7,713.7,713.7,713.7,0,34000,0
FINNIFTY31DEC2424250PE.NFO,2024-12-20,14:58:00,2024-12-31,713.7,713.7,712.65,713.7,100,34000,0
FINNIFTY31DEC2424250PE.NFO,2024-12-20,14:59:00,2024-12-31,713.7,735.95,713.7,733.4,100,34100,0
FINNIFTY31DEC2424250PE.NFO,2024-12-20,15:00:00,2024-12-31,733.4,753.85,733.4,735.15,450,34100,0
FINNIFTY31DEC2424250PE.NFO,2024-12-20,15:01:00,2024-12-31,735.15,737.7,714.4,714.4,825,34100,0
FINNIFTY31DEC2424250PE.NFO,2024-12-20,15:02:00,2024-12-31,714.4,717.25,711.8,712.4,525,34100,0
FINNIFTY31DEC2424250PE.NFO,2024-12-20,15:03:00,2024-12-31,701.75,706.5,691.0,697.1,1525,34100,0
FINNIFTY31DEC2424250PE.NFO,2024-12-20,15:04:00,2024-12-31,697.1,700.55,697.1,697.75,550,34100,0
FINNIFTY31DEC2424250PE.NFO,2024-12-20,15:05:00,2024-12-31,697.75,705.95,697.75,705.0,275,34175,0
FINNIFTY31DEC2424250PE.NFO,2024-12-20,15:06:00,2024-12-31,705.0,714.75,705.0,713.45,450,34175,0
FINNIFTY31DEC2424250PE.NFO,2024-12-20,15:07:00,2024-12-31,713.45,716.15,710.65,710.65,125,34000,0
FINNIFTY31DEC2424250PE.NFO,2024-12-20,15:08:00,2024-12-31,710.65,713.3,706.75,713.3,275,34000,0
FINNIFTY31DEC2424250PE.NFO,2024-12-20,15:09:00,2024-12-31,713.3,713.3,709.0,709.0,125,34000,0
FINNIFTY31DEC2424250PE.NFO,2024-12-20,15:10:00,2024-12-31,707.35,712.25,707.35,712.25,50,34200,0
FINNIFTY31DEC2424250PE.NFO,2024-12-20,15:11:00,2024-12-31,712.25,712.25,702.25,702.25,25,34200,0
FINNIFTY31DEC2424250PE.NFO,2024-12-20,15:12:00,2024-12-31,702.25,705.15,702.25,704.0,75,34200,0
FINNIFTY31DEC2424250PE.NFO,2024-12-20,15:13:00,2024-12-31,704.0,711.85,704.0,711.85,50,34175,0
FINNIFTY31DEC2424250PE.NFO,2024-12-20,15:14:00,2024-12-31,711.85,719.8,705.0,719.8,175,34175,0
FINNIFTY31DEC2424250PE.NFO,2024-12-20,15:15:00,2024-12-31,719.8,725.65,715.85,715.95,150,34175,0
FINNIFTY31DEC2424250PE.NFO,2024-12-20,15:16:00,2024-12-31,715.95,715.95,704.5,704.5,175,34175,0
FINNIFTY31DEC2424250PE.NFO,2024-12-20,15:17:00,2024-12-31,704.5,711.4,704.5,711.4,25,34075,0
FINNIFTY31DEC2424250PE.NFO,2024-12-20,15:18:00,2024-12-31,711.4,711.4,703.85,703.85,50,34075,0
FINNIFTY31DEC2424250PE.NFO,2024-12-20,15:19:00,2024-12-31,703.85,703.85,696.45,699.25,175,34050,0
FINNIFTY31DEC2424250PE.NFO,2024-12-20,15:20:00,2024-12-31,699.25,699.25,685.3,685.3,125,34050,0
FINNIFTY31DEC2424250PE.NFO,2024-12-20,15:21:00,2024-12-31,685.3,685.3,679.2,679.2,125,34050,0
FINNIFTY31DEC2424250PE.NFO,2024-12-20,15:22:00,2024-12-31,679.2,687.0,679.2,687.0,25,33875,0
FINNIFTY31DEC2424250PE.NFO,2024-12-20,15:23:00,2024-12-31,687.0,687.0,676.0,676.0,50,33875,0
FINNIFTY31DEC2424250PE.NFO,2024-12-20,15:24:00,2024-12-31,676.0,676.0,676.0,676.0,0,33875,0
FINNIFTY31DEC2424250PE.NFO,2024-12-20,15:25:00,2024-12-31,676.0,681.4,676.0,681.4,50,33875,0
FINNIFTY31DEC2424250PE.NFO,2024-12-20,15:26:00,2024-12-31,681.4,681.4,681.4,681.4,0,33875,0
FINNIFTY31DEC2424250PE.NFO,2024-12-20,15:27:00,2024-12-31,681.4,681.4,681.4,681.4,0,33875,0
FINNIFTY31DEC2424250PE.NFO,2024-12-20,15:28:00,2024-12-31,681.4,681.4,677.65,677.65,50,33850,0
FINNIFTY31DEC2424250PE.NFO,2024-12-20,15:29:00,2024-12-31,677.65,691.7,677.65,691.7,25,33850,0
FINNIFTY31DEC2424250PE.NFO,2024-12-20,15:30:00,2024-12-31,691.7,691.7,691.7,691.7,25,33850,1
FINNIFTY31DEC2424250PE.NFO,2024-12-23,09:15:00,2024-12-31,596.6,615.55,588.05,588.05,225,33850,0
FINNIFTY31DEC2424250PE.NFO,2024-12-23,09:16:00,2024-12-31,588.05,588.05,588.05,588.05,0,33850,0
FINNIFTY31DEC2424250PE.NFO,2024-12-23,09:17:00,2024-12-31,588.05,588.05,556.6,559.35,175,33925,0
FINNIFTY31DEC2424250PE.NFO,2024-12-23,09:18:00,2024-12-31,559.35,559.35,559.35,559.35,0,33925,0
FINNIFTY31DEC2424250PE.NFO,2024-12-23,09:19:00,2024-12-31,559.35,559.35,559.35,559.35,0,33925,0
FINNIFTY31DEC2424250PE.NFO,2024-12-23,09:20:00,2024-12-31,559.35,559.35,526.4,535.3,75,33850,0
FINNIFTY31DEC2424250PE.NFO,2024-12-23,09:21:00,2024-12-31,535.3,536.15,534.1,536.15,75,33850,0
FINNIFTY31DEC2424250PE.NFO,2024-12-23,09:22:00,2024-12-31,536.15,536.15,536.15,536.15,0,33850,0
FINNIFTY31DEC2424250PE.NFO,2024-12-23,09:23:00,2024-12-31,536.15,536.15,536.15,536.15,0,33850,0
FINNIFTY31DEC2424250PE.NFO,2024-12-23,09:24:00,2024-12-31,536.15,536.15,536.15,536.15,0,33850,0
FINNIFTY31DEC2424250PE.NFO,2024-12-23,09:25:00,2024-12-31,536.15,536.15,536.15,536.15,0,33850,0
FINNIFTY31DEC2424250PE.NFO,2024-12-23,09:26:00,2024-12-31,536.15,536.15,507.0,507.0,125,33850,0
FINNIFTY31DEC2424250PE.NFO,2024-12-23,09:27:00,2024-12-31,507.0,507.0,507.0,507.0,0,33850,0
FINNIFTY31DEC2424250PE.NFO,2024-12-23,09:28:00,2024-12-31,507.0,507.0,507.0,507.0,0,33850,0
FINNIFTY31DEC2424250PE.NFO,2024-12-23,09:29:00,2024-12-31,507.0,507.0,507.0,507.0,0,33850,0
FINNIFTY31DEC2424250PE.NFO,2024-12-23,09:30:00,2024-12-31,507.0,507.0,507.0,507.0,0,33850,0
FINNIFTY31DEC2424250PE.NFO,2024-12-23,09:31:00,2024-12-31,507.0,507.0,507.0,507.0,0,33850,0
FINNIFTY31DEC2424250PE.NFO,2024-12-23,09:32:00,2024-12-31,507.0,507.0,507.0,507.0,0,33850,0
FINNIFTY31DEC2424250PE.NFO,2024-12-23,09:33:00,2024-12-31,507.0,507.0,466.6,466.6,25,33850,0
FINNIFTY31DEC2424250PE.NFO,2024-12-23,09:34:00,2024-12-31,466.6,466.6,466.6,466.6,0,33850,0
FINNIFTY31DEC2424250PE.NFO,2024-12-23,09:35:00,2024-12-31,466.6,473.6,466.6,473.6,50,33850,0
FINNIFTY31DEC2424250PE.NFO,2024-12-23,09:36:00,2024-12-31,473.6,473.6,473.6,473.6,0,33850,0
FINNIFTY31DEC2424250PE.NFO,2024-12-23,09:37:00,2024-12-31,473.6,473.6,473.6,473.6,0,33850,0
FINNIFTY31DEC2424250PE.NFO,2024-12-23,09:38:00,2024-12-31,473.6,473.6,473.6,473.6,0,33850,0
FINNIFTY31DEC2424250PE.NFO,2024-12-23,09:39:00,2024-12-31,473.6,473.6,473.6,473.6,0,33850,0
FINNIFTY31DEC2424250PE.NFO,2024-12-23,09:40:00,2024-12-31,473.6,473.6,473.6,473.6,0,33850,0
FINNIFTY31DEC2424250PE.NFO,2024-12-23,09:41:00,2024-12-31,495.05,495.05,495.05,495.05,25,33825,0
FINNIFTY31DEC2424250PE.NFO,2024-12-23,09:42:00,2024-12-31,495.05,495.05,495.05,495.05,0,33825,0
FINNIFTY31DEC2424250PE.NFO,2024-12-23,09:43:00,2024-12-31,495.05,495.05,467.3,467.3,25,33800,0
FINNIFTY31DEC2424250PE.NFO,2024-12-23,09:44:00,2024-12-31,467.3,467.3,467.3,467.3,0,33800,0
FINNIFTY31DEC2424250PE.NFO,2024-12-23,09:45:00,2024-12-31,467.3,467.3,467.3,467.3,0,33800,0
FINNIFTY31DEC2424250PE.NFO,2024-12-23,09:46:00,2024-12-31,467.3,467.3,467.3,467.3,0,33800,0
FINNIFTY31DEC2424250PE.NFO,2024-12-23,09:47:00,2024-12-31,467.3,467.3,467.3,467.3,0,33800,0
FINNIFTY31DEC2424250PE.NFO,2024-12-23,09:48:00,2024-12-31,467.3,467.3,467.3,467.3,0,33800,0
FINNIFTY31DEC2424250PE.NFO,2024-12-23,09:49:00,2024-12-31,467.3,467.3,467.3,467.3,0,33800,0
FINNIFTY31DEC2424250PE.NFO,2024-12-23,09:50:00,2024-12-31,467.3,467.3,467.3,467.3,0,33800,0
FINNIFTY31DEC2424250PE.NFO,2024-12-23,09:51:00,2024-12-31,467.3,467.3,467.3,467.3,0,33800,0
FINNIFTY31DEC2424250PE.NFO,2024-12-23,09:52:00,2024-12-31,467.3,467.3,467.3,467.3,0,33800,0
FINNIFTY31DEC2424250PE.NFO,2024-12-23,09:53:00,2024-12-31,467.3,467.3,467.3,467.3,0,33800,0
FINNIFTY31DEC2424250PE.NFO,2024-12-23,09:54:00,2024-12-31,467.3,467.3,467.3,467.3,0,33800,0
FINNIFTY31DEC2424250PE.NFO,2024-12-23,09:55:00,2024-12-31,467.3,467.3,467.3,467.3,0,33800,0
FINNIFTY31DEC2424250PE.NFO,2024-12-23,09:56:00,2024-12-31,467.3,511.05,467.3,511.05,100,33825,0
FINNIFTY31DEC2424250PE.NFO,2024-12-23,09:57:00,2024-12-31,511.05,511.05,511.05,511.05,0,33825,0
FINNIFTY31DEC2424250PE.NFO,2024-12-23,09:58:00,2024-12-31,511.05,511.05,511.05,511.05,0,33825,0
FINNIFTY31DEC2424250PE.NFO,2024-12-23,09:59:00,2024-12-31,511.05,511.05,511.05,511.05,0,33825,0
FINNIFTY31DEC2424250PE.NFO,2024-12-23,10:00:00,2024-12-31,511.05,511.05,511.05,511.05,0,33825,0
FINNIFTY31DEC2424250PE.NFO,2024-12-23,10:01:00,2024-12-31,511.05,511.05,511.05,511.05,0,33825,0
FINNIFTY31DEC2424250PE.NFO,2024-12-23,10:02:00,2024-12-31,511.05,511.05,511.05,511.05,0,33825,0
FINNIFTY31DEC2424250PE.NFO,2024-12-23,10:03:00,2024-12-31,511.05,511.05,511.05,511.05,0,33825,0
FINNIFTY31DEC2424250PE.NFO,2024-12-23,10:04:00,2024-12-31,511.05,511.05,511.05,511.05,0,33825,0
FINNIFTY31DEC2424250PE.NFO,2024-12-23,10:05:00,2024-12-31,511.05,511.05,511.05,511.05,0,33825,0
FINNIFTY31DEC2424250PE.NFO,2024-12-23,10:06:00,2024-12-31,511.05,511.05,430.0,430.0,750,33725,0
FINNIFTY31DEC2424250PE.NFO,2024-12-23,10:07:00,2024-12-31,430.0,430.0,430.0,430.0,0,33725,0
FINNIFTY31DEC2424250PE.NFO,2024-12-23,10:08:00,2024-12-31,430.0,430.0,430.0,430.0,0,33725,0
FINNIFTY31DEC2424250PE.NFO,2024-12-23,10:09:00,2024-12-31,430.0,430.0,430.0,430.0,0,33725,0
FINNIFTY31DEC2424250PE.NFO,2024-12-23,10:10:00,2024-12-31,430.0,430.0,416.5,416.5,250,33725,0
FINNIFTY31DEC2424250PE.NFO,2024-12-23,10:11:00,2024-12-31,416.5,416.5,416.5,416.5,0,33725,0
FINNIFTY31DEC2424250PE.NFO,2024-12-23,10:12:00,2024-12-31,416.5,430.45,416.5,430.45,25,33725,0
FINNIFTY31DEC2424250PE.NFO,2024-12-23,10:13:00,2024-12-31,430.45,430.45,430.45,430.45,0,33725,0
FINNIFTY31DEC2424250PE.NFO,2024-12-23,10:14:00,2024-12-31,430.45,430.45,430.45,430.45,0,33725,0
FINNIFTY31DEC2424250PE.NFO,2024-12-23,10:15:00,2024-12-31,430.45,430.45,430.45,430.45,0,33725,0
FINNIFTY31DEC2424250PE.NFO,2024-12-23,10:16:00,2024-12-31,430.45,430.45,430.45,430.45,0,33725,0
FINNIFTY31DEC2424250PE.NFO,2024-12-23,10:17:00,2024-12-31,430.45,430.45,425.5,425.5,500,33725,0
FINNIFTY31DEC2424250PE.NFO,2024-12-23,10:18:00,2024-12-31,425.5,425.5,425.5,425.5,0,33725,0
FINNIFTY31DEC2424250PE.NFO,2024-12-23,10:19:00,2024-12-31,425.5,425.5,425.5,425.5,0,33725,0
FINNIFTY31DEC2424250PE.NFO,2024-12-23,10:20:00,2024-12-31,425.5,425.5,425.5,425.5,0,33725,0
FINNIFTY31DEC2424250PE.NFO,2024-12-23,10:21:00,2024-12-31,425.5,425.5,425.5,425.5,0,33725,0
FINNIFTY31DEC2424250PE.NFO,2024-12-23,10:22:00,2024-12-31,425.5,425.5,425.5,425.5,0,33725,0
FINNIFTY31DEC2424250PE.NFO,2024-12-23,10:23:00,2024-12-31,425.5,425.5,425.5,425.5,0,33725,0
FINNIFTY31DEC2424250PE.NFO,2024-12-23,10:24:00,2024-12-31,425.5,425.5,425.5,425.5,0,33725,0
FINNIFTY31DEC2424250PE.NFO,2024-12-23,10:25:00,2024-12-31,425.5,425.5,425.5,425.5,0,33725,0
FINNIFTY31DEC2424250PE.NFO,2024-12-23,10:26:00,2024-12-31,425.5,425.5,425.5,425.5,0,33725,0
FINNIFTY31DEC2424250PE.NFO,2024-12-23,10:27:00,2024-12-31,425.5,425.5,425.5,425.5,0,33725,0
FINNIFTY31DEC2424250PE.NFO,2024-12-23,10:28:00,2024-12-31,425.5,425.5,425.5,425.5,0,33725,0
FINNIFTY31DEC2424250PE.NFO,2024-12-23,10:29:00,2024-12-31,425.5,425.5,424.65,424.65,200,33750,0
FINNIFTY31DEC2424250PE.NFO,2024-12-23,10:30:00,2024-12-31,424.65,428.3,424.65,428.3,50,33750,0
FINNIFTY31DEC2424250PE.NFO,2024-12-23,10:31:00,2024-12-31,428.3,428.3,428.3,428.3,0,33750,0
FINNIFTY31DEC2424250PE.NFO,2024-12-23,10:32:00,2024-12-31,428.3,435.65,428.3,435.65,50,33725,0
FINNIFTY31DEC2424250PE.NFO,2024-12-23,10:33:00,2024-12-31,435.65,435.65,435.65,435.65,0,33725,0
FINNIFTY31DEC2424250PE.NFO,2024-12-23,10:34:00,2024-12-31,435.65,435.65,435.65,435.65,0,33725,0
FINNIFTY31DEC2424250PE.NFO,2024-12-23,10:35:00,2024-12-31,435.65,435.65,435.65,435.65,0,33725,0
FINNIFTY31DEC2424250PE.NFO,2024-12-23,10:36:00,2024-12-31,435.65,435.65,435.65,435.65,0,33725,0
FINNIFTY31DEC2424250PE.NFO,2024-12-23,10:37:00,2024-12-31,435.65,435.65,435.65,435.65,0,33725,0
FINNIFTY31DEC2424250PE.NFO,2024-12-23,10:38:00,2024-12-31,435.65,435.65,435.65,435.65,0,33725,0
FINNIFTY31DEC2424250PE.NFO,2024-12-23,10:39:00,2024-12-31,435.65,435.65,435.65,435.65,0,33725,0
FINNIFTY31DEC2424250PE.NFO,2024-12-23,10:40:00,2024-12-31,435.65,435.65,435.65,435.65,0,33725,0
FINNIFTY31DEC2424250PE.NFO,2024-12-23,10:41:00,2024-12-31,435.65,435.65,435.65,435.65,0,33725,0
FINNIFTY31DEC2424250PE.NFO,2024-12-23,10:42:00,2024-12-31,435.65,435.65,435.65,435.65,0,33725,0
FINNIFTY31DEC2424250PE.NFO,2024-12-23,10:43:00,2024-12-31,435.65,435.65,435.65,435.65,0,33725,0
FINNIFTY31DEC2424250PE.NFO,2024-12-23,10:44:00,2024-12-31,435.65,435.65,435.65,435.65,0,33725,0
FINNIFTY31DEC2424250PE.NFO,2024-12-23,10:45:00,2024-12-31,435.65,435.65,435.65,435.65,0,33725,0
FINNIFTY31DEC2424250PE.NFO,2024-12-23,10:46:00,2024-12-31,435.65,435.65,435.65,435.65,0,33725,0
FINNIFTY31DEC2424250PE.NFO,2024-12-23,10:47:00,2024-12-31,435.65,435.65,435.65,435.65,0,33725,0
FINNIFTY31DEC2424250PE.NFO,2024-12-23,10:48:00,2024-12-31,435.65,435.65,435.65,435.65,0,33725,0
FINNIFTY31DEC2424250PE.NFO,2024-12-23,10:49:00,2024-12-31,435.65,441.05,435.65,441.05,25,33650,0
FINNIFTY31DEC2424250PE.NFO,2024-12-23,10:50:00,2024-12-31,441.05,441.05,441.05,441.05,0,33650,0
FINNIFTY31DEC2424250PE.NFO,2024-12-23,10:51:00,2024-12-31,441.05,441.05,441.05,441.05,0,33650,0
FINNIFTY31DEC2424250PE.NFO,2024-12-23,10:52:00,2024-12-31,441.05,441.05,441.05,441.05,0,33650,0
FINNIFTY31DEC2424250PE.NFO,2024-12-23,10:53:00,2024-12-31,441.05,441.05,441.05,441.05,0,33650,0
FINNIFTY31DEC2424250PE.NFO,2024-12-23,10:54:00,2024-12-31,441.05,441.05,441.05,441.05,0,33650,0
FINNIFTY31DEC2424250PE.NFO,2024-12-23,10:55:00,2024-12-31,441.05,441.05,441.05,441.05,0,33650,0
FINNIFTY31DEC2424250PE.NFO,2024-12-23,10:56:00,2024-12-31,441.05,441.05,441.05,441.05,0,33650,0
FINNIFTY31DEC2424250PE.NFO,2024-12-23,10:57:00,2024-12-31,441.05,441.05,441.05,441.05,0,33650,0
FINNIFTY31DEC2424250PE.NFO,2024-12-23,10:58:00,2024-12-31,441.05,441.05,441.05,441.05,0,33650,0
FINNIFTY31DEC2424250PE.NFO,2024-12-23,10:59:00,2024-12-31,441.05,441.05,441.05,441.05,0,33650,0
FINNIFTY31DEC2424250PE.NFO,2024-12-23,11:00:00,2024-12-31,441.05,441.05,441.05,441.05,0,33650,0
FINNIFTY31DEC2424250PE.NFO,2024-12-23,11:01:00,2024-12-31,441.05,441.05,441.05,441.05,0,33650,0
FINNIFTY31DEC2424250PE.NFO,2024-12-23,11:02:00,2024-12-31,441.05,441.05,441.05,441.05,0,33650,0
FINNIFTY31DEC2424250PE.NFO,2024-12-23,11:03:00,2024-12-31,441.05,441.05,441.05,441.05,0,33650,0
FINNIFTY31DEC2424250PE.NFO,2024-12-23,11:04:00,2024-12-31,441.05,441.05,441.05,441.05,0,33650,0
FINNIFTY31DEC2424250PE.NFO,2024-12-23,11:05:00,2024-12-31,441.05,441.05,441.05,441.05,0,33650,0
FINNIFTY31DEC2424250PE.NFO,2024-12-23,11:06:00,2024-12-31,441.05,441.05,441.05,441.05,0,33650,0
FINNIFTY31DEC2424250PE.NFO,2024-12-23,11:07:00,2024-12-31,441.05,441.05,441.05,441.05,0,33650,0
FINNIFTY31DEC2424250PE.NFO,2024-12-23,11:08:00,2024-12-31,441.05,441.05,441.05,441.05,0,33650,0
FINNIFTY31DEC2424250PE.NFO,2024-12-23,11:09:00,2024-12-31,441.05,441.05,441.05,441.05,0,33650,0
FINNIFTY31DEC2424250PE.NFO,2024-12-23,11:10:00,2024-12-31,441.05,441.05,412.95,414.1,100,33675,0
FINNIFTY31DEC2424250PE.NFO,2024-12-23,11:11:00,2024-12-31,414.1,414.1,414.1,414.1,0,33675,0
FINNIFTY31DEC2424250PE.NFO,2024-12-23,11:12:00,2024-12-31,414.1,414.1,414.1,414.1,0,33675,0
FINNIFTY31DEC2424250PE.NFO,2024-12-23,11:13:00,2024-12-31,414.1,414.1,414.1,414.1,0,33675,0
FINNIFTY31DEC2424250PE.NFO,2024-12-23,11:14:00,2024-12-31,414.1,414.1,414.1,414.1,0,33675,0
FINNIFTY31DEC2424250PE.NFO,2024-12-23,11:15:00,2024-12-31,414.1,414.1,414.1,414.1,0,33675,0
FINNIFTY31DEC2424250PE.NFO,2024-12-23,11:16:00,2024-12-31,414.1,414.1,414.1,414.1,0,33675,0
FINNIFTY31DEC2424250PE.NFO,2024-12-23,11:17:00,2024-12-31,414.1,414.1,414.1,414.1,0,33675,0
FINNIFTY31DEC2424250PE.NFO,2024-12-23,11:18:00,2024-12-31,414.1,414.1,414.1,414.1,0,33675,0
FINNIFTY31DEC2424250PE.NFO,2024-12-23,11:19:00,2024-12-31,414.1,414.1,414.1,414.1,0,33675,0
FINNIFTY31DEC2424250PE.NFO,2024-12-23,11:20:00,2024-12-31,414.1,414.1,414.1,414.1,0,33675,0
FINNIFTY31DEC2424250PE.NFO,2024-12-23,11:21:00,2024-12-31,414.1,414.1,414.1,414.1,0,33675,0
FINNIFTY31DEC2424250PE.NFO,2024-12-23,11:22:00,2024-12-31,414.1,414.1,414.1,414.1,0,33675,0
FINNIFTY31DEC2424250PE.NFO,2024-12-23,11:23:00,2024-12-31,414.1,414.1,414.1,414.1,0,33675,0
FINNIFTY31DEC2424250PE.NFO,2024-12-23,11:24:00,2024-12-31,414.1,414.1,414.1,414.1,0,33675,0
FINNIFTY31DEC2424250PE.NFO,2024-12-23,11:25:00,2024-12-31,414.1,414.1,414.1,414.1,0,33675,0
FINNIFTY31DEC2424250PE.NFO,2024-12-23,11:26:00,2024-12-31,414.1,414.1,414.1,414.1,0,33675,0
FINNIFTY31DEC2424250PE.NFO,2024-12-23,11:27:00,2024-12-31,414.1,414.1,414.1,414.1,0,33675,0
FINNIFTY31DEC2424250PE.NFO,2024-12-23,11:28:00,2024-12-31,414.1,414.1,414.1,414.1,0,33675,0
FINNIFTY31DEC2424250PE.NFO,2024-12-23,11:29:00,2024-12-31,414.1,414.1,414.1,414.1,0,33675,0
FINNIFTY31DEC2424250PE.NFO,2024-12-23,11:30:00,2024-12-31,414.1,414.1,414.1,414.1,0,33675,0
FINNIFTY31DEC2424250PE.NFO,2024-12-23,11:31:00,2024-12-31,414.1,414.1,414.1,414.1,0,33675,0
FINNIFTY31DEC2424250PE.NFO,2024-12-23,11:32:00,2024-12-31,414.1,414.1,414.1,414.1,0,33675,0
FINNIFTY31DEC2424250PE.NFO,2024-12-23,11:33:00,2024-12-31,414.1,431.65,414.1,431.55,75,33650,0
FINNIFTY31DEC2424250PE.NFO,2024-12-23,11:34:00,2024-12-31,431.55,431.55,431.55,431.55,0,33650,0
FINNIFTY31DEC2424250PE.NFO,2024-12-23,11:35:00,2024-12-31,431.55,431.55,431.55,431.55,0,33650,0
FINNIFTY31DEC2424250PE.NFO,2024-12-23,11:36:00,2024-12-31,431.55,431.55,431.55,431.55,0,33650,0
FINNIFTY31DEC2424250PE.NFO,2024-12-23,11:37:00,2024-12-31,431.55,431.55,431.55,431.55,0,33650,0
FINNIFTY31DEC2424250PE.NFO,2024-12-23,11:38:00,2024-12-31,431.55,431.55,431.55,431.55,0,33650,0
FINNIFTY31DEC2424250PE.NFO,2024-12-23,11:39:00,2024-12-31,431.55,431.55,431.55,431.55,0,33650,0
FINNIFTY31DEC2424250PE.NFO,2024-12-23,11:40:00,2024-12-31,431.55,431.55,431.55,431.55,0,33650,0
FINNIFTY31DEC2424250PE.NFO,2024-12-23,11:41:00,2024-12-31,431.55,431.55,431.55,431.55,0,33650,0
FINNIFTY31DEC2424250PE.NFO,2024-12-23,11:42:00,2024-12-31,431.55,431.55,431.55,431.55,0,33650,0
FINNIFTY31DEC2424250PE.NFO,2024-12-23,11:43:00,2024-12-31,431.55,431.55,431.55,431.55,0,33650,0
FINNIFTY31DEC2424250PE.NFO,2024-12-23,11:44:00,2024-12-31,431.55,431.55,431.55,431.55,0,33650,0
FINNIFTY31DEC2424250PE.NFO,2024-12-23,11:45:00,2024-12-31,431.55,431.55,431.55,431.55,0,33650,0
FINNIFTY31DEC2424250PE.NFO,2024-12-23,11:46:00,2024-12-31,431.55,431.55,420.15,420.15,25,33600,0
FINNIFTY31DEC2424250PE.NFO,2024-12-23,11:47:00,2024-12-31,420.15,420.15,420.15,420.15,0,33600,0
FINNIFTY31DEC2424250PE.NFO,2024-12-23,11:48:00,2024-12-31,420.15,420.15,420.15,420.15,0,33600,0
FINNIFTY31DEC2424250PE.NFO,2024-12-23,11:49:00,2024-12-31,420.15,420.15,420.15,420.15,0,33600,0
FINNIFTY31DEC2424250PE.NFO,2024-12-23,11:50:00,2024-12-31,420.15,420.15,420.15,420.15,0,33600,0
FINNIFTY31DEC2424250PE.NFO,2024-12-23,11:51:00,2024-12-31,420.15,420.15,420.15,420.15,0,33600,0
FINNIFTY31DEC2424250PE.NFO,2024-12-23,11:52:00,2024-12-31,420.15,420.15,420.15,420.15,0,33600,0
FINNIFTY31DEC2424250PE.NFO,2024-12-23,11:53:00,2024-12-31,420.15,420.15,420.15,420.15,0,33600,0
FINNIFTY31DEC2424250PE.NFO,2024-12-23,11:54:00,2024-12-31,420.15,420.15,420.15,420.15,0,33600,0
FINNIFTY31DEC2424250PE.NFO,2024-12-23,11:55:00,2024-12-31,420.15,434.65,420.15,432.45,350,33600,0
FINNIFTY31DEC2424250PE.NFO,2024-12-23,11:56:00,2024-12-31,432.45,432.45,432.45,432.45,0,33600,0
FINNIFTY31DEC2424250PE.NFO,2024-12-23,11:57:00,2024-12-31,432.45,432.45,432.45,432.45,0,33600,0
FINNIFTY31DEC2424250PE.NFO,2024-12-23,11:58:00,2024-12-31,432.45,449.45,432.45,449.05,125,33575,0
FINNIFTY31DEC2424250PE.NFO,2024-12-23,11:59:00,2024-12-31,449.05,449.05,449.05,449.05,0,33575,0
FINNIFTY31DEC2424250PE.NFO,2024-12-23,12:00:00,2024-12-31,449.05,449.05,449.05,449.05,0,33575,0
FINNIFTY31DEC2424250PE.NFO,2024-12-23,12:01:00,2024-12-31,449.05,449.05,449.05,449.05,0,33575,0
FINNIFTY31DEC2424250PE.NFO,2024-12-23,12:02:00,2024-12-31,449.05,449.05,449.05,449.05,0,33575,0
FINNIFTY31DEC2424250PE.NFO,2024-12-23,12:03:00,2024-12-31,449.05,449.05,449.05,449.05,0,33575,0
FINNIFTY31DEC2424250PE.NFO,2024-12-23,12:04:00,2024-12-31,449.05,449.05,449.05,449.05,0,33575,0
FINNIFTY31DEC2424250PE.NFO,2024-12-23,12:05:00,2024-12-31,449.05,449.05,449.05,449.05,0,33575,0
FINNIFTY31DEC2424250PE.NFO,2024-12-23,12:06:00,2024-12-31,449.05,474.5,449.05,474.5,100,33575,0
FINNIFTY31DEC2424250PE.NFO,2024-12-23,12:07:00,2024-12-31,474.5,474.7,474.5,474.7,100,33675,0
FINNIFTY31DEC2424250PE.NFO,2024-12-23,12:08:00,2024-12-31,474.7,474.7,474.7,474.7,0,33675,0
FINNIFTY31DEC2424250PE.NFO,2024-12-23,12:09:00,2024-12-31,474.7,474.7,474.7,474.7,0,33675,0
FINNIFTY31DEC2424250PE.NFO,2024-12-23,12:10:00,2024-12-31,474.7,477.0,474.7,477.0,100,33650,0
FINNIFTY31DEC2424250PE.NFO,2024-12-23,12:11:00,2024-12-31,477.0,477.0,477.0,477.0,0,33650,0
FINNIFTY31DEC2424250PE.NFO,2024-12-23,12:12:00,2024-12-31,477.0,477.0,477.0,477.0,100,33650,0
FINNIFTY31DEC2424250PE.NFO,2024-12-23,12:13:00,2024-12-31,477.0,477.0,477.0,477.0,0,33650,0
FINNIFTY31DEC2424250PE.NFO,2024-12-23,12:14:00,2024-12-31,477.0,477.0,463.2,463.2,100,33650,0
FINNIFTY31DEC2424250PE.NFO,2024-12-23,12:15:00,2024-12-31,463.2,463.2,463.2,463.2,0,33650,0
FINNIFTY31DEC2424250PE.NFO,2024-12-23,12:16:00,2024-12-31,463.2,463.2,463.2,463.2,0,33650,0
FINNIFTY31DEC2424250PE.NFO,2024-12-23,12:17:00,2024-12-31,463.2,463.2,463.2,463.2,0,33650,0
FINNIFTY31DEC2424250PE.NFO,2024-12-23,12:18:00,2024-12-31,463.2,463.2,463.2,463.2,0,33650,0
FINNIFTY31DEC2424250PE.NFO,2024-12-23,12:19:00,2024-12-31,463.2,463.2,463.2,463.2,0,33650,0
FINNIFTY31DEC2424250PE.NFO,2024-12-23,12:20:00,2024-12-31,463.2,463.2,463.2,463.2,0,33650,0
FINNIFTY31DEC2424250PE.NFO,2024-12-23,12:21:00,2024-12-31,463.2,463.2,463.2,463.2,0,33650,0
FINNIFTY31DEC2424250PE.NFO,2024-12-23,12:22:00,2024-12-31,463.2,463.2,463.2,463.2,0,33650,0
FINNIFTY31DEC2424250PE.NFO,2024-12-23,12:23:00,2024-12-31,463.2,463.2,463.2,463.2,0,33650,0
FINNIFTY31DEC2424250PE.NFO,2024-12-23,12:24:00,2024-12-31,463.2,463.2,463.2,463.2,0,33650,0
FINNIFTY31DEC2424250PE.NFO,2024-12-23,12:25:00,2024-12-31,463.2,463.2,463.2,463.2,0,33650,0
FINNIFTY31DEC2424250PE.NFO,2024-12-23,12:26:00,2024-12-31,463.2,463.2,463.2,463.2,0,33650,0
FINNIFTY31DEC2424250PE.NFO,2024-12-23,12:27:00,2024-12-31,463.2,463.2,463.2,463.2,0,33650,0
FINNIFTY31DEC2424250PE.NFO,2024-12-23,12:28:00,2024-12-31,463.2,463.2,463.2,463.2,0,33650,0
FINNIFTY31DEC2424250PE.NFO,2024-12-23,12:29:00,2024-12-31,463.2,463.2,463.2,463.2,0,33650,0
FINNIFTY31DEC2424250PE.NFO,2024-12-23,12:30:00,2024-12-31,463.2,463.2,463.2,463.2,0,33650,0
FINNIFTY31DEC2424250PE.NFO,2024-12-23,12:31:00,2024-12-31,463.2,463.2,463.2,463.2,0,33650,0
FINNIFTY31DEC2424250PE.NFO,2024-12-23,12:32:00,2024-12-31,463.2,463.2,463.2,463.2,0,33650,0
FINNIFTY31DEC2424250PE.NFO,2024-12-23,12:33:00,2024-12-31,463.2,463.2,463.2,463.2,0,33650,0
FINNIFTY31DEC2424250PE.NFO,2024-12-23,12:34:00,2024-12-31,463.2,463.2,463.2,463.2,0,33650,0
FINNIFTY31DEC2424250PE.NFO,2024-12-23,12:35:00,2024-12-31,463.2,463.2,463.2,463.2,0,33650,0
FINNIFTY31DEC2424250PE.NFO,2024-12-23,12:36:00,2024-12-31,463.2,463.2,463.2,463.2,0,33650,0
FINNIFTY31DEC2424250PE.NFO,2024-12-23,12:37:00,2024-12-31,463.2,463.2,463.2,463.2,0,33650,0
FINNIFTY31DEC2424250PE.NFO,2024-12-23,12:38:00,2024-12-31,463.2,463.2,463.2,463.2,0,33650,0
FINNIFTY31DEC2424250PE.NFO,2024-12-23,12:39:00,2024-12-31,463.2,463.2,463.2,463.2,0,33650,0
FINNIFTY31DEC2424250PE.NFO,2024-12-23,12:40:00,2024-12-31,463.2,463.2,463.2,463.2,0,33650,0
FINNIFTY31DEC2424250PE.NFO,2024-12-23,12:41:00,2024-12-31,463.2,463.2,463.2,463.2,0,33650,0
FINNIFTY31DEC2424250PE.NFO,2024-12-23,12:42:00,2024-12-31,463.2,463.2,463.2,463.2,0,33650,0
FINNIFTY31DEC2424250PE.NFO,2024-12-23,12:43:00,2024-12-31,463.2,463.2,463.2,463.2,0,33650,0
FINNIFTY31DEC2424250PE.NFO,2024-12-23,12:44:00,2024-12-31,463.2,484.05,463.2,484.05,50,33725,0
FINNIFTY31DEC2424250PE.NFO,2024-12-23,12:45:00,2024-12-31,484.05,484.05,484.05,484.05,0,33725,0
FINNIFTY31DEC2424250PE.NFO,2024-12-23,12:46:00,2024-12-31,484.05,484.05,484.05,484.05,0,33725,0
FINNIFTY31DEC2424250PE.NFO,2024-12-23,12:47:00,2024-12-31,484.05,484.05,484.05,484.05,0,33725,0
FINNIFTY31DEC2424250PE.NFO,2024-12-23,12:48:00,2024-12-31,484.05,501.0,484.05,501.0,25,33725,0
FINNIFTY31DEC2424250PE.NFO,2024-12-23,12:49:00,2024-12-31,501.0,501.0,501.0,501.0,0,33725,0
FINNIFTY31DEC2424250PE.NFO,2024-12-23,12:50:00,2024-12-31,501.0,501.0,501.0,501.0,0,33725,0
FINNIFTY31DEC2424250PE.NFO,2024-12-23,12:51:00,2024-12-31,501.0,501.0,501.0,501.0,0,33725,0
FINNIFTY31DEC2424250PE.NFO,2024-12-23,12:52:00,2024-12-31,501.0,501.0,501.0,501.0,0,33725,0
FINNIFTY31DEC2424250PE.NFO,2024-12-23,12:53:00,2024-12-31,501.0,501.0,501.0,501.0,0,33725,0
FINNIFTY31DEC2424250PE.NFO,2024-12-23,12:54:00,2024-12-31,501.0,501.0,501.0,501.0,0,33725,0
FINNIFTY31DEC2424250PE.NFO,2024-12-23,12:55:00,2024-12-31,501.0,501.0,501.0,501.0,0,33725,0
FINNIFTY31DEC2424250PE.NFO,2024-12-23,12:56:00,2024-12-31,501.0,501.0,501.0,501.0,0,33725,0
FINNIFTY31DEC2424250PE.NFO,2024-12-23,12:57:00,2024-12-31,501.0,501.0,501.0,501.0,0,33725,0
FINNIFTY31DEC2424250PE.NFO,2024-12-23,12:58:00,2024-12-31,501.0,501.0,501.0,501.0,0,33725,0
FINNIFTY31DEC2424250PE.NFO,2024-12-23,12:59:00,2024-12-31,501.0,501.0,501.0,501.0,0,33725,0
FINNIFTY31DEC2424250PE.NFO,2024-12-23,13:00:00,2024-12-31,501.0,501.0,501.0,501.0,0,33725,0
FINNIFTY31DEC2424250PE.NFO,2024-12-23,13:01:00,2024-12-31,501.0,501.0,501.0,501.0,0,33725,0
FINNIFTY31DEC2424250PE.NFO,2024-12-23,13:02:00,2024-12-31,501.0,501.0,501.0,501.0,0,33725,0
FINNIFTY31DEC2424250PE.NFO,2024-12-23,13:03:00,2024-12-31,501.0,501.0,501.0,501.0,0,33725,0
FINNIFTY31DEC2424250PE.NFO,2024-12-23,13:04:00,2024-12-31,501.0,501.0,501.0,501.0,0,33725,0
FINNIFTY31DEC2424250PE.NFO,2024-12-23,13:05:00,2024-12-31,501.0,501.0,501.0,501.0,0,33725,0
FINNIFTY31DEC2424250PE.NFO,2024-12-23,13:06:00,2024-12-31,501.0,501.0,501.0,501.0,0,33725,0
FINNIFTY31DEC2424250PE.NFO,2024-12-23,13:07:00,2024-12-31,501.0,501.0,501.0,501.0,0,33725,0
FINNIFTY31DEC2424250PE.NFO,2024-12-23,13:08:00,2024-12-31,501.0,501.0,501.0,501.0,0,33725,0
FINNIFTY31DEC2424250PE.NFO,2024-12-23,13:09:00,2024-12-31,501.0,501.0,501.0,501.0,0,33725,0
FINNIFTY31DEC2424250PE.NFO,2024-12-23,13:10:00,2024-12-31,501.0,501.0,501.0,501.0,0,33725,0
FINNIFTY31DEC2424250PE.NFO,2024-12-23,13:11:00,2024-12-31,501.0,501.0,501.0,501.0,0,33725,0
FINNIFTY31DEC2424250PE.NFO,2024-12-23,13:12:00,2024-12-31,501.0,501.0,501.0,501.0,0,33725,0
FINNIFTY31DEC2424250PE.NFO,2024-12-23,13:13:00,2024-12-31,501.0,501.0,501.0,501.0,0,33725,0
FINNIFTY31DEC2424250PE.NFO,2024-12-23,13:14:00,2024-12-31,501.0,501.0,501.0,501.0,0,33725,0
FINNIFTY31DEC2424250PE.NFO,2024-12-23,13:15:00,2024-12-31,501.0,518.85,501.0,518.85,25,33700,0
FINNIFTY31DEC2424250PE.NFO,2024-12-23,13:16:00,2024-12-31,518.85,518.85,518.85,518.85,0,33700,0
FINNIFTY31DEC2424250PE.NFO,2024-12-23,13:17:00,2024-12-31,518.85,518.85,518.85,518.85,0,33700,0
FINNIFTY31DEC2424250PE.NFO,2024-12-23,13:18:00,2024-12-31,518.85,518.85,518.85,518.85,0,33700,0
FINNIFTY31DEC2424250PE.NFO,2024-12-23,13:19:00,2024-12-31,518.85,518.85,518.85,518.85,0,33700,0
FINNIFTY31DEC2424250PE.NFO,2024-12-23,13:20:00,2024-12-31,518.85,518.85,518.85,518.85,0,33700,0
FINNIFTY31DEC2424250PE.NFO,2024-12-23,13:21:00,2024-12-31,518.85,518.85,518.85,518.85,0,33700,0
FINNIFTY31DEC2424250PE.NFO,2024-12-23,13:22:00,2024-12-31,518.85,518.85,518.85,518.85,0,33700,0
FINNIFTY31DEC2424250PE.NFO,2024-12-23,13:23:00,2024-12-31,518.85,518.85,518.85,518.85,0,33700,0
FINNIFTY31DEC2424250PE.NFO,2024-12-23,13:24:00,2024-12-31,518.85,518.85,518.85,518.85,0,33700,0
FINNIFTY31DEC2424250PE.NFO,2024-12-23,13:25:00,2024-12-31,518.85,520.6,518.85,520.6,1250,33700,0
FINNIFTY31DEC2424250PE.NFO,2024-12-23,13:26:00,2024-12-31,520.6,529.95,520.6,528.6,625,33700,0
FINNIFTY31DEC2424250PE.NFO,2024-12-23,13:27:00,2024-12-31,528.6,528.6,528.6,528.6,0,33700,0
FINNIFTY31DEC2424250PE.NFO,2024-12-23,13:28:00,2024-12-31,528.6,528.6,528.6,528.6,0,33700,0
FINNIFTY31DEC2424250PE.NFO,2024-12-23,13:29:00,2024-12-31,528.6,528.6,528.6,528.6,0,33700,0
FINNIFTY31DEC2424250PE.NFO,2024-12-23,13:30:00,2024-12-31,528.6,528.6,528.6,528.6,0,33700,0
FINNIFTY31DEC2424250PE.NFO,2024-12-23,13:31:00,2024-12-31,528.6,528.6,528.6,528.6,0,33700,0
FINNIFTY31DEC2424250PE.NFO,2024-12-23,13:32:00,2024-12-31,528.6,547.4,528.6,547.4,50,32050,0
FINNIFTY31DEC2424250PE.NFO,2024-12-23,13:33:00,2024-12-31,547.4,547.4,536.0,536.0,300,32050,0
FINNIFTY31DEC2424250PE.NFO,2024-12-23,13:34:00,2024-12-31,536.0,536.0,536.0,536.0,0,32050,0
FINNIFTY31DEC2424250PE.NFO,2024-12-23,13:35:00,2024-12-31,536.0,536.0,536.0,536.0,0,32050,0
FINNIFTY31DEC2424250PE.NFO,2024-12-23,13:36:00,2024-12-31,536.0,536.0,536.0,536.0,0,32050,0
FINNIFTY31DEC2424250PE.NFO,2024-12-23,13:37:00,2024-12-31,536.0,536.0,536.0,536.0,0,32050,0
FINNIFTY31DEC2424250PE.NFO,2024-12-23,13:38:00,2024-12-31,536.0,536.0,536.0,536.0,0,32050,0
FINNIFTY31DEC2424250PE.NFO,2024-12-23,13:39:00,2024-12-31,536.0,536.0,536.0,536.0,0,32050,0
FINNIFTY31DEC2424250PE.NFO,2024-12-23,13:40:00,2024-12-31,536.0,536.0,536.0,536.0,0,32050,0
FINNIFTY31DEC2424250PE.NFO,2024-12-23,13:41:00,2024-12-31,536.0,536.0,536.0,536.0,0,32050,0
FINNIFTY31DEC2424250PE.NFO,2024-12-23,13:42:00,2024-12-31,536.0,536.0,536.0,536.0,0,32050,0
FINNIFTY31DEC2424250PE.NFO,2024-12-23,13:43:00,2024-12-31,536.0,536.0,536.0,536.0,0,32050,0
FINNIFTY31DEC2424250PE.NFO,2024-12-23,13:44:00,2024-12-31,536.0,536.0,536.0,536.0,0,32050,0
FINNIFTY31DEC2424250PE.NFO,2024-12-23,13:45:00,2024-12-31,536.0,536.0,536.0,536.0,0,32050,0
FINNIFTY31DEC2424250PE.NFO,2024-12-23,13:46:00,2024-12-31,536.0,536.0,536.0,536.0,0,32050,0
FINNIFTY31DEC2424250PE.NFO,2024-12-23,13:47:00,2024-12-31,536.0,536.0,536.0,536.0,0,32050,0
FINNIFTY31DEC2424250PE.NFO,2024-12-23,13:48:00,2024-12-31,536.0,536.0,536.0,536.0,0,32050,0
FINNIFTY31DEC2424250PE.NFO,2024-12-23,13:49:00,2024-12-31,536.0,536.0,536.0,536.0,0,32050,0
FINNIFTY31DEC2424250PE.NFO,2024-12-23,13:50:00,2024-12-31,536.0,536.0,536.0,536.0,0,32050,0
FINNIFTY31DEC2424250PE.NFO,2024-12-23,13:51:00,2024-12-31,536.0,536.0,536.0,536.0,0,32050,0
FINNIFTY31DEC2424250PE.NFO,2024-12-23,13:52:00,2024-12-31,536.0,536.0,536.0,536.0,0,32050,0
FINNIFTY31DEC2424250PE.NFO,2024-12-23,13:53:00,2024-12-31,536.0,536.0,536.0,536.0,0,32050,0
FINNIFTY31DEC2424250PE.NFO,2024-12-23,13:54:00,2024-12-31,536.0,536.0,536.0,536.0,0,32050,0
FINNIFTY31DEC2424250PE.NFO,2024-12-23,13:55:00,2024-12-31,536.0,536.0,536.0,536.0,0,32050,0
FINNIFTY31DEC2424250PE.NFO,2024-12-23,13:56:00,2024-12-31,536.0,536.0,536.0,536.0,0,32050,0
FINNIFTY31DEC2424250PE.NFO,2024-12-23,13:57:00,2024-12-31,536.0,536.0,536.0,536.0,0,32050,0
FINNIFTY31DEC2424250PE.NFO,2024-12-23,13:58:00,2024-12-31,536.0,536.0,536.0,536.0,0,32050,0
FINNIFTY31DEC2424250PE.NFO,2024-12-23,13:59:00,2024-12-31,536.0,536.0,536.0,536.0,0,32050,0
FINNIFTY31DEC2424250PE.NFO,2024-12-23,14:00:00,2024-12-31,536.0,536.0,536.0,536.0,0,32050,0
FINNIFTY31DEC2424250PE.NFO,2024-12-23,14:01:00,2024-12-31,536.0,536.0,536.0,536.0,0,32050,0
FINNIFTY31DEC2424250PE.NFO,2024-12-23,14:02:00,2024-12-31,536.0,536.0,536.0,536.0,0,32050,0
FINNIFTY31DEC2424250PE.NFO,2024-12-23,14:03:00,2024-12-31,536.0,536.0,536.0,536.0,0,32050,0
FINNIFTY31DEC2424250PE.NFO,2024-12-23,14:04:00,2024-12-31,536.0,536.0,536.0,536.0,0,32050,0
FINNIFTY31DEC2424250PE.NFO,2024-12-23,14:05:00,2024-12-31,536.0,536.0,536.0,536.0,0,32050,0
FINNIFTY31DEC2424250PE.NFO,2024-12-23,14:06:00,2024-12-31,536.0,536.0,536.0,536.0,0,32050,0
FINNIFTY31DEC2424250PE.NFO,2024-12-23,14:07:00,2024-12-31,536.0,536.0,536.0,536.0,0,32050,0
FINNIFTY31DEC2424250PE.NFO,2024-12-23,14:08:00,2024-12-31,536.0,536.0,536.0,536.0,0,32050,0
FINNIFTY31DEC2424250PE.NFO,2024-12-23,14:09:00,2024-12-31,536.0,536.0,536.0,536.0,0,32050,0
FINNIFTY31DEC2424250PE.NFO,2024-12-23,14:10:00,2024-12-31,536.0,536.0,536.0,536.0,0,32050,0
FINNIFTY31DEC2424250PE.NFO,2024-12-23,14:11:00,2024-12-31,536.0,536.0,536.0,536.0,0,32050,0
FINNIFTY31DEC2424250PE.NFO,2024-12-23,14:12:00,2024-12-31,536.0,536.0,536.0,536.0,0,32050,0
FINNIFTY31DEC2424250PE.NFO,2024-12-23,14:13:00,2024-12-31,536.0,536.0,536.0,536.0,0,32050,0
FINNIFTY31DEC2424250PE.NFO,2024-12-23,14:14:00,2024-12-31,536.0,536.0,536.0,536.0,0,32050,0
FINNIFTY31DEC2424250PE.NFO,2024-12-23,14:15:00,2024-12-31,536.0,536.0,536.0,536.0,0,32050,0
FINNIFTY31DEC2424250PE.NFO,2024-12-23,14:16:00,2024-12-31,536.0,536.0,536.0,536.0,0,32050,0
FINNIFTY31DEC2424250PE.NFO,2024-12-23,14:17:00,2024-12-31,536.0,536.0,536.0,536.0,0,32050,0
FINNIFTY31DEC2424250PE.NFO,2024-12-23,14:18:00,2024-12-31,536.0,536.0,536.0,536.0,0,32050,0
FINNIFTY31DEC2424250PE.NFO,2024-12-23,14:19:00,2024-12-31,536.0,536.0,536.0,536.0,0,32050,0
FINNIFTY31DEC2424250PE.NFO,2024-12-23,14:20:00,2024-12-31,536.0,536.0,536.0,536.0,0,32050,0
FINNIFTY31DEC2424250PE.NFO,2024-12-23,14:21:00,2024-12-31,536.0,536.0,536.0,536.0,0,32050,0
FINNIFTY31DEC2424250PE.NFO,2024-12-23,14:22:00,2024-12-31,536.0,536.0,536.0,536.0,0,32050,0
FINNIFTY31DEC2424250PE.NFO,2024-12-23,14:23:00,2024-12-31,536.0,536.0,536.0,536.0,0,32050,0
FINNIFTY31DEC2424250PE.NFO,2024-12-23,14:24:00,2024-12-31,536.0,536.0,536.0,536.0,0,32050,0
FINNIFTY31DEC2424250PE.NFO,2024-12-23,14:25:00,2024-12-31,536.0,536.0,536.0,536.0,0,32050,0
FINNIFTY31DEC2424250PE.NFO,2024-12-23,14:26:00,2024-12-31,536.0,536.0,536.0,536.0,0,32050,0
FINNIFTY31DEC2424250PE.NFO,2024-12-23,14:27:00,2024-12-31,536.0,536.0,536.0,536.0,0,32050,0
FINNIFTY31DEC2424250PE.NFO,2024-12-23,14:28:00,2024-12-31,536.0,536.0,536.0,536.0,0,32050,0
FINNIFTY31DEC2424250PE.NFO,2024-12-23,14:29:00,2024-12-31,536.0,536.0,536.0,536.0,0,32050,0
FINNIFTY31DEC2424250PE.NFO,2024-12-23,14:30:00,2024-12-31,536.0,536.0,536.0,536.0,0,32050,0
FINNIFTY31DEC2424250PE.NFO,2024-12-23,14:31:00,2024-12-31,536.0,536.0,536.0,536.0,0,32050,0
FINNIFTY31DEC2424250PE.NFO,2024-12-23,14:32:00,2024-12-31,536.0,536.0,536.0,536.0,0,32050,0
FINNIFTY31DEC2424250PE.NFO,2024-12-23,14:33:00,2024-12-31,536.0,536.0,536.0,536.0,0,32050,0
FINNIFTY31DEC2424250PE.NFO,2024-12-23,14:34:00,2024-12-31,536.0,536.0,536.0,536.0,0,32050,0
FINNIFTY31DEC2424250PE.NFO,2024-12-23,14:35:00,2024-12-31,536.0,536.0,536.0,536.0,0,32050,0
FINNIFTY31DEC2424250PE.NFO,2024-12-23,14:36:00,2024-12-31,536.0,536.0,536.0,536.0,0,32050,0
FINNIFTY31DEC2424250PE.NFO,2024-12-23,14:37:00,2024-12-31,536.0,536.0,536.0,536.0,0,32050,0
FINNIFTY31DEC2424250PE.NFO,2024-12-23,14:38:00,2024-12-31,536.0,536.0,536.0,536.0,0,32050,0
FINNIFTY31DEC2424250PE.NFO,2024-12-23,14:39:00,2024-12-31,536.0,536.0,536.0,536.0,0,32050,0
FINNIFTY31DEC2424250PE.NFO,2024-12-23,14:40:00,2024-12-31,536.0,536.0,536.0,536.0,0,32050,0
FINNIFTY31DEC2424250PE.NFO,2024-12-23,14:41:00,2024-12-31,536.0,536.0,536.0,536.0,0,32050,0
FINNIFTY31DEC2424250PE.NFO,2024-12-23,14:42:00,2024-12-31,536.0,536.0,536.0,536.0,0,32050,0
FINNIFTY31DEC2424250PE.NFO,2024-12-23,14:43:00,2024-12-31,536.0,536.0,536.0,536.0,0,32050,0
FINNIFTY31DEC2424250PE.NFO,2024-12-23,14:44:00,2024-12-31,536.0,536.0,536.0,536.0,0,32050,0
FINNIFTY31DEC2424250PE.NFO,2024-12-23,14:45:00,2024-12-31,536.0,536.0,536.0,536.0,0,32050,0
FINNIFTY31DEC2424250PE.NFO,2024-12-23,14:46:00,2024-12-31,536.0,536.0,536.0,536.0,0,32050,0
FINNIFTY31DEC2424250PE.NFO,2024-12-23,14:47:00,2024-12-31,536.0,536.0,536.0,536.0,0,32050,0
FINNIFTY31DEC2424250PE.NFO,2024-12-23,14:48:00,2024-12-31,536.0,536.0,536.0,536.0,0,32050,0
FINNIFTY31DEC2424250PE.NFO,2024-12-23,14:49:00,2024-12-31,536.0,536.0,536.0,536.0,0,32050,0
FINNIFTY31DEC2424250PE.NFO,2024-12-23,14:50:00,2024-12-31,536.0,536.0,536.0,536.0,0,32050,0
FINNIFTY31DEC2424250PE.NFO,2024-12-23,14:51:00,2024-12-31,536.0,536.0,536.0,536.0,0,32050,0
FINNIFTY31DEC2424250PE.NFO,2024-12-23,14:52:00,2024-12-31,536.0,536.0,536.0,536.0,0,32050,0
FINNIFTY31DEC2424250PE.NFO,2024-12-23,14:53:00,2024-12-31,536.0,536.0,536.0,536.0,0,32050,0
FINNIFTY31DEC2424250PE.NFO,2024-12-23,14:54:00,2024-12-31,536.0,536.0,536.0,536.0,0,32050,0
FINNIFTY31DEC2424250PE.NFO,2024-12-23,14:55:00,2024-12-31,536.0,536.0,536.0,536.0,0,32050,0
FINNIFTY31DEC2424250PE.NFO,2024-12-23,14:56:00,2024-12-31,536.0,536.0,536.0,536.0,0,32050,0
FINNIFTY31DEC2424250PE.NFO,2024-12-23,14:57:00,2024-12-31,536.0,536.0,536.0,536.0,0,32050,0
FINNIFTY31DEC2424250PE.NFO,2024-12-23,14:58:00,2024-12-31,536.0,536.0,536.0,536.0,0,32050,0
FINNIFTY31DEC2424250PE.NFO,2024-12-23,14:59:00,2024-12-31,536.0,536.0,536.0,536.0,0,32050,0
FINNIFTY31DEC2424250PE.NFO,2024-12-23,15:00:00,2024-12-31,536.0,536.0,487.85,487.85,50,32250,0
FINNIFTY31DEC2424250PE.NFO,2024-12-23,15:01:00,2024-12-31,487.85,487.85,487.85,487.85,0,32250,0
FINNIFTY31DEC2424250PE.NFO,2024-12-23,15:02:00,2024-12-31,487.85,487.85,487.85,487.85,0,32250,0
FINNIFTY31DEC2424250PE.NFO,2024-12-23,15:03:00,2024-12-31,487.85,487.85,487.85,487.85,0,32250,0
FINNIFTY31DEC2424250PE.NFO,2024-12-23,15:04:00,2024-12-31,487.85,487.85,487.85,487.85,0,32250,0
FINNIFTY31DEC2424250PE.NFO,2024-12-23,15:05:00,2024-12-31,487.85,487.85,487.85,487.85,0,32250,0
FINNIFTY31DEC2424250PE.NFO,2024-12-23,15:06:00,2024-12-31,487.85,487.85,487.85,487.85,0,32250,0
FINNIFTY31DEC2424250PE.NFO,2024-12-23,15:07:00,2024-12-31,487.85,487.85,487.85,487.85,0,32250,0
FINNIFTY31DEC2424250PE.NFO,2024-12-23,15:08:00,2024-12-31,487.85,487.85,487.85,487.85,0,32250,0
FINNIFTY31DEC2424250PE.NFO,2024-12-23,15:09:00,2024-12-31,487.85,487.85,487.85,487.85,0,32250,0
FINNIFTY31DEC2424250PE.NFO,2024-12-23,15:10:00,2024-12-31,487.85,487.85,487.85,487.85,0,32250,0
FINNIFTY31DEC2424250PE.NFO,2024-12-23,15:11:00,2024-12-31,487.85,487.85,487.85,487.85,0,32250,0
FINNIFTY31DEC2424250PE.NFO,2024-12-23,15:12:00,2024-12-31,487.85,487.85,487.85,487.85,0,32250,0
FINNIFTY31DEC2424250PE.NFO,2024-12-23,15:13:00,2024-12-31,487.85,487.85,487.85,487.85,0,32250,0
FINNIFTY31DEC2424250PE.NFO,2024-12-23,15:14:00,2024-12-31,487.85,487.85,487.85,487.85,0,32250,0
FINNIFTY31DEC2424250PE.NFO,2024-12-23,15:15:00,2024-12-31,487.85,487.85,475.9,476.85,100,32225,0
FINNIFTY31DEC2424250PE.NFO,2024-12-23,15:16:00,2024-12-31,476.85,476.85,476.85,476.85,0,32225,0
FINNIFTY31DEC2424250PE.NFO,2024-12-23,15:17:00,2024-12-31,476.85,476.85,476.85,476.85,0,32225,0
FINNIFTY31DEC2424250PE.NFO,2024-12-23,15:18:00,2024-12-31,476.85,476.85,476.85,476.85,0,32225,0
FINNIFTY31DEC2424250PE.NFO,2024-12-23,15:19:00,2024-12-31,476.85,476.85,476.85,476.85,0,32225,0
FINNIFTY31DEC2424250PE.NFO,2024-12-23,15:20:00,2024-12-31,476.85,476.85,476.85,476.85,0,32225,0
FINNIFTY31DEC2424250PE.NFO,2024-12-23,15:21:00,2024-12-31,476.85,476.85,476.85,476.85,0,32225,0
FINNIFTY31DEC2424250PE.NFO,2024-12-23,15:22:00,2024-12-31,476.85,476.85,470.4,470.4,75,32250,0
FINNIFTY31DEC2424250PE.NFO,2024-12-23,15:23:00,2024-12-31,470.4,470.4,470.4,470.4,0,32250,0
FINNIFTY31DEC2424250PE.NFO,2024-12-23,15:24:00,2024-12-31,470.4,471.5,470.4,471.5,150,32175,0
FINNIFTY31DEC2424250PE.NFO,2024-12-23,15:25:00,2024-12-31,471.5,472.95,471.5,472.95,100,32175,0
FINNIFTY31DEC2424250PE.NFO,2024-12-23,15:26:00,2024-12-31,472.95,472.95,472.95,472.95,0,32175,0
FINNIFTY31DEC2424250PE.NFO,2024-12-23,15:27:00,2024-12-31,472.95,472.95,472.95,472.95,0,32175,0
FINNIFTY31DEC2424250PE.NFO,2024-12-23,15:28:00,2024-12-31,472.95,472.95,472.95,472.95,0,32175,0
FINNIFTY31DEC2424250PE.NFO,2024-12-23,15:29:00,2024-12-31,472.95,472.95,469.3,472.9,25,32025,0
FINNIFTY31DEC2424250PE.NFO,2024-12-23,15:30:00,2024-12-31,472.9,472.9,472.9,472.9,25,32025,1
FINNIFTY31DEC2424250PE.NFO,2024-12-24,09:15:00,2024-12-31,471.1,471.1,471.1,471.1,0,0,0
FINNIFTY31DEC2424250PE.NFO,2024-12-24,09:16:00,2024-12-31,471.1,471.1,471.1,471.1,0,0,1
FINNIFTY31DEC2424250PE.NFO,2024-12-24,09:17:00,2024-12-31,471.1,471.1,470.05,470.05,25,32025,0
FINNIFTY31DEC2424250PE.NFO,2024-12-24,09:18:00,2024-12-31,470.05,470.05,470.05,470.05,0,32025,0
FINNIFTY31DEC2424250PE.NFO,2024-12-24,09:19:00,2024-12-31,465.45,465.45,464.65,465.45,150,32025,0
FINNIFTY31DEC2424250PE.NFO,2024-12-24,09:20:00,2024-12-31,465.45,465.45,465.45,465.45,0,32025,0
FINNIFTY31DEC2424250PE.NFO,2024-12-24,09:21:00,2024-12-31,465.45,465.45,465.45,465.45,0,32025,0
FINNIFTY31DEC2424250PE.NFO,2024-12-24,09:22:00,2024-12-31,465.45,465.45,465.45,465.45,0,32025,0
FINNIFTY31DEC2424250PE.NFO,2024-12-24,09:23:00,2024-12-31,465.45,465.45,465.45,465.45,0,32025,0
FINNIFTY31DEC2424250PE.NFO,2024-12-24,09:24:00,2024-12-31,465.45,465.45,465.45,465.45,0,32025,0
FINNIFTY31DEC2424250PE.NFO,2024-12-24,09:25:00,2024-12-31,465.45,465.45,465.45,465.45,0,32025,0
FINNIFTY31DEC2424250PE.NFO,2024-12-24,09:26:00,2024-12-31,465.45,465.45,465.45,465.45,0,32025,0
FINNIFTY31DEC2424250PE.NFO,2024-12-24,09:27:00,2024-12-31,465.45,507.05,465.45,507.05,100,31975,0
FINNIFTY31DEC2424250PE.NFO,2024-12-24,09:28:00,2024-12-31,507.05,507.05,507.05,507.05,0,31975,0
FINNIFTY31DEC2424250PE.NFO,2024-12-24,09:29:00,2024-12-31,507.05,507.05,507.05,507.05,0,31975,0
FINNIFTY31DEC2424250PE.NFO,2024-12-24,09:30:00,2024-12-31,507.05,507.05,507.05,507.05,0,31975,0
FINNIFTY31DEC2424250PE.NFO,2024-12-24,09:31:00,2024-12-31,507.05,507.05,507.05,507.05,0,31975,0
FINNIFTY31DEC2424250PE.NFO,2024-12-24,09:32:00,2024-12-31,507.05,507.05,507.05,507.05,0,31975,0
FINNIFTY31DEC2424250PE.NFO,2024-12-24,09:33:00,2024-12-31,507.05,507.05,507.05,507.05,0,31975,0
FINNIFTY31DEC2424250PE.NFO,2024-12-24,09:34:00,2024-12-31,507.05,507.05,507.05,507.05,0,31975,0
FINNIFTY31DEC2424250PE.NFO,2024-12-24,09:35:00,2024-12-31,507.05,507.05,507.05,507.05,0,31975,0
FINNIFTY31DEC2424250PE.NFO,2024-12-24,09:36:00,2024-12-31,507.05,543.2,507.05,543.2,75,32000,0
FINNIFTY31DEC2424250PE.NFO,2024-12-24,09:37:00,2024-12-31,543.2,543.2,543.2,543.2,0,32000,0
FINNIFTY31DEC2424250PE.NFO,2024-12-24,09:38:00,2024-12-31,543.2,543.2,543.2,543.2,0,32000,0
FINNIFTY31DEC2424250PE.NFO,2024-12-24,09:39:00,2024-12-31,543.2,543.2,543.2,543.2,0,32000,0
FINNIFTY31DEC2424250PE.NFO,2024-12-24,09:40:00,2024-12-31,543.2,543.2,543.2,543.2,0,32000,0
FINNIFTY31DEC2424250PE.NFO,2024-12-24,09:41:00,2024-12-31,543.2,543.2,543.2,543.2,0,32000,0
FINNIFTY31DEC2424250PE.NFO,2024-12-24,09:42:00,2024-12-31,543.2,543.2,543.2,543.2,0,32000,0
FINNIFTY31DEC2424250PE.NFO,2024-12-24,09:43:00,2024-12-31,543.2,543.2,543.2,543.2,0,32000,0
FINNIFTY31DEC2424250PE.NFO,2024-12-24,09:44:00,2024-12-31,543.2,543.2,543.2,543.2,0,32000,0
FINNIFTY31DEC2424250PE.NFO,2024-12-24,09:45:00,2024-12-31,543.2,543.2,515.1,515.1,75,31925,0
FINNIFTY31DEC2424250PE.NFO,2024-12-24,09:46:00,2024-12-31,515.1,521.25,515.1,521.25,175,31925,0
FINNIFTY31DEC2424250PE.NFO,2024-12-24,09:47:00,2024-12-31,521.25,521.25,521.25,521.25,0,31925,0
FINNIFTY31DEC2424250PE.NFO,2024-12-24,09:48:00,2024-12-31,521.25,521.25,521.25,521.25,0,31925,0
FINNIFTY31DEC2424250PE.NFO,2024-12-24,09:49:00,2024-12-31,521.25,521.25,521.25,521.25,0,31925,0
FINNIFTY31DEC2424250PE.NFO,2024-12-24,09:50:00,2024-12-31,521.25,521.25,503.75,503.75,25,31925,0
FINNIFTY31DEC2424250PE.NFO,2024-12-24,09:51:00,2024-12-31,503.75,503.75,503.75,503.75,0,31925,0
FINNIFTY31DEC2424250PE.NFO,2024-12-24,09:52:00,2024-12-31,503.75,503.75,503.75,503.75,0,31925,0
FINNIFTY31DEC2424250PE.NFO,2024-12-24,09:53:00,2024-12-31,503.75,503.75,492.35,493.5,50,31900,0
FINNIFTY31DEC2424250PE.NFO,2024-12-24,09:54:00,2024-12-31,493.5,494.65,493.5,494.65,25,31900,0
FINNIFTY31DEC2424250PE.NFO,2024-12-24,09:55:00,2024-12-31,494.65,508.9,494.65,508.9,25,31850,0
FINNIFTY31DEC2424250PE.NFO,2024-12-24,09:56:00,2024-12-31,508.9,508.9,508.9,508.9,0,31850,0
FINNIFTY31DEC2424250PE.NFO,2024-12-24,09:57:00,2024-12-31,508.9,508.9,508.9,508.9,0,31850,0
FINNIFTY31DEC2424250PE.NFO,2024-12-24,09:58:00,2024-12-31,508.9,508.9,508.9,508.9,0,31850,0
FINNIFTY31DEC2424250PE.NFO,2024-12-24,09:59:00,2024-12-31,508.9,508.9,508.9,508.9,0,31850,0
FINNIFTY31DEC2424250PE.NFO,2024-12-24,10:00:00,2024-12-31,508.9,508.9,508.9,508.9,0,31850,0
FINNIFTY31DEC2424250PE.NFO,2024-12-24,10:01:00,2024-12-31,508.9,508.9,508.9,508.9,0,31850,0
FINNIFTY31DEC2424250PE.NFO,2024-12-24,10:02:00,2024-12-31,508.9,508.9,508.9,508.9,0,31850,0
FINNIFTY31DEC2424250PE.NFO,2024-12-24,10:03:00,2024-12-31,508.9,508.9,508.9,508.9,0,31850,0
FINNIFTY31DEC2424250PE.NFO,2024-12-24,10:04:00,2024-12-31,508.9,508.9,508.9,508.9,0,31850,0
FINNIFTY31DEC2424250PE.NFO,2024-12-24,10:05:00,2024-12-31,508.9,508.9,508.9,508.9,0,31850,0
FINNIFTY31DEC2424250PE.NFO,2024-12-24,10:06:00,2024-12-31,508.9,508.9,508.9,508.9,0,31850,0
FINNIFTY31DEC2424250PE.NFO,2024-12-24,10:07:00,2024-12-31,508.9,508.9,475.3,475.3,25,31875,0
FINNIFTY31DEC2424250PE.NFO,2024-12-24,10:08:00,2024-12-31,475.3,475.3,475.3,475.3,0,31875,0
FINNIFTY31DEC2424250PE.NFO,2024-12-24,10:09:00,2024-12-31,475.3,475.3,475.3,475.3,0,31875,0
FINNIFTY31DEC2424250PE.NFO,2024-12-24,10:10:00,2024-12-31,475.3,475.3,475.3,475.3,0,31875,0
FINNIFTY31DEC2424250PE.NFO,2024-12-24,10:11:00,2024-12-31,475.3,475.3,475.3,475.3,0,31875,0
FINNIFTY31DEC2424250PE.NFO,2024-12-24,10:12:00,2024-12-31,475.3,475.3,475.3,475.3,0,31875,0
FINNIFTY31DEC2424250PE.NFO,2024-12-24,10:13:00,2024-12-31,475.3,475.3,475.3,475.3,0,31875,0
FINNIFTY31DEC2424250PE.NFO,2024-12-24,10:14:00,2024-12-31,475.3,475.3,475.3,475.3,0,31875,0
FINNIFTY31DEC2424250PE.NFO,2024-12-24,10:15:00,2024-12-31,475.3,475.3,475.3,475.3,0,31875,0
FINNIFTY31DEC2424250PE.NFO,2024-12-24,10:16:00,2024-12-31,475.3,475.3,475.3,475.3,0,31875,0
FINNIFTY31DEC2424250PE.NFO,2024-12-24,10:17:00,2024-12-31,475.3,475.3,475.3,475.3,0,31875,0
FINNIFTY31DEC2424250PE.NFO,2024-12-24,10:18:00,2024-12-31,475.3,475.3,475.3,475.3,0,31875,0
FINNIFTY31DEC2424250PE.NFO,2024-12-24,10:19:00,2024-12-31,475.3,475.3,475.3,475.3,0,31875,0
FINNIFTY31DEC2424250PE.NFO,2024-12-24,10:20:00,2024-12-31,475.3,475.3,475.3,475.3,0,31875,0
FINNIFTY31DEC2424250PE.NFO,2024-12-24,10:21:00,2024-12-31,475.3,475.3,475.3,475.3,0,31875,0
FINNIFTY31DEC2424250PE.NFO,2024-12-24,10:22:00,2024-12-31,475.3,475.3,475.3,475.3,0,31875,0
FINNIFTY31DEC2424250PE.NFO,2024-12-24,10:23:00,2024-12-31,475.3,475.3,475.3,475.3,0,31875,0
FINNIFTY31DEC2424250PE.NFO,2024-12-24,10:24:00,2024-12-31,475.3,475.3,475.3,475.3,0,31875,0
FINNIFTY31DEC2424250PE.NFO,2024-12-24,10:25:00,2024-12-31,475.3,475.3,475.3,475.3,0,31875,0
FINNIFTY31DEC2424250PE.NFO,2024-12-24,10:26:00,2024-12-31,475.3,475.3,475.3,475.3,0,31875,0
FINNIFTY31DEC2424250PE.NFO,2024-12-24,10:27:00,2024-12-31,475.3,475.3,475.3,475.3,0,31875,0
FINNIFTY31DEC2424250PE.NFO,2024-12-24,10:28:00,2024-12-31,475.3,475.3,475.3,475.3,0,31875,0
FINNIFTY31DEC2424250PE.NFO,2024-12-24,10:29:00,2024-12-31,475.3,475.3,475.3,475.3,0,31875,0
FINNIFTY31DEC2424250PE.NFO,2024-12-24,10:30:00,2024-12-31,475.3,475.3,475.3,475.3,0,31875,0
FINNIFTY31DEC2424250PE.NFO,2024-12-24,10:31:00,2024-12-31,475.3,475.3,475.3,475.3,0,31875,0
FINNIFTY31DEC2424250PE.NFO,2024-12-24,10:32:00,2024-12-31,475.3,475.3,475.3,475.3,0,31875,0
FINNIFTY31DEC2424250PE.NFO,2024-12-24,10:33:00,2024-12-31,475.3,475.3,475.3,475.3,0,31875,0
FINNIFTY31DEC2424250PE.NFO,2024-12-24,10:34:00,2024-12-31,475.3,475.3,475.3,475.3,0,31875,0
FINNIFTY31DEC2424250PE.NFO,2024-12-24,10:35:00,2024-12-31,475.3,475.3,475.3,475.3,0,31875,0
FINNIFTY31DEC2424250PE.NFO,2024-12-24,10:36:00,2024-12-31,475.3,475.3,475.3,475.3,0,31875,0
FINNIFTY31DEC2424250PE.NFO,2024-12-24,10:37:00,2024-12-31,475.3,475.3,475.3,475.3,0,31875,0
FINNIFTY31DEC2424250PE.NFO,2024-12-24,10:38:00,2024-12-31,475.3,475.3,475.3,475.3,0,31875,0
FINNIFTY31DEC2424250PE.NFO,2024-12-24,10:39:00,2024-12-31,475.3,475.3,475.3,475.3,0,31875,0
FINNIFTY31DEC2424250PE.NFO,2024-12-24,10:40:00,2024-12-31,475.3,475.3,475.3,475.3,0,31875,0
FINNIFTY31DEC2424250PE.NFO,2024-12-24,10:41:00,2024-12-31,475.3,475.3,475.3,475.3,0,31875,0
FINNIFTY31DEC2424250PE.NFO,2024-12-24,10:42:00,2024-12-31,475.3,475.3,475.3,475.3,0,31875,0
FINNIFTY31DEC2424250PE.NFO,2024-12-24,10:43:00,2024-12-31,475.3,475.3,475.3,475.3,0,31875,0
FINNIFTY31DEC2424250PE.NFO,2024-12-24,10:44:00,2024-12-31,475.3,475.3,475.3,475.3,0,31875,0
FINNIFTY31DEC2424250PE.NFO,2024-12-24,10:45:00,2024-12-31,475.3,475.3,475.3,475.3,0,31875,0
FINNIFTY31DEC2424250PE.NFO,2024-12-24,10:46:00,2024-12-31,475.3,475.3,475.3,475.3,0,31875,0
FINNIFTY31DEC2424250PE.NFO,2024-12-24,10:47:00,2024-12-31,475.3,475.3,475.3,475.3,0,31875,0
FINNIFTY31DEC2424250PE.NFO,2024-12-24,10:48:00,2024-12-31,475.3,475.3,475.3,475.3,0,31875,0
FINNIFTY31DEC2424250PE.NFO,2024-12-24,10:49:00,2024-12-31,475.3,475.3,475.3,475.3,0,31875,0
FINNIFTY31DEC2424250PE.NFO,2024-12-24,10:50:00,2024-12-31,475.3,475.3,475.3,475.3,0,31875,0
FINNIFTY31DEC2424250PE.NFO,2024-12-24,10:51:00,2024-12-31,475.3,475.3,475.3,475.3,0,31875,0
FINNIFTY31DEC2424250PE.NFO,2024-12-24,10:52:00,2024-12-31,475.3,475.3,475.3,475.3,0,31875,0
FINNIFTY31DEC2424250PE.NFO,2024-12-24,10:53:00,2024-12-31,475.3,475.3,475.3,475.3,0,31875,0
FINNIFTY31DEC2424250PE.NFO,2024-12-24,10:54:00,2024-12-31,475.3,475.3,475.3,475.3,0,31875,0
FINNIFTY31DEC2424250PE.NFO,2024-12-24,10:55:00,2024-12-31,475.3,475.3,475.3,475.3,0,31875,0
FINNIFTY31DEC2424250PE.NFO,2024-12-24,10:56:00,2024-12-31,475.3,475.3,475.3,475.3,0,31875,0
FINNIFTY31DEC2424250PE.NFO,2024-12-24,10:57:00,2024-12-31,475.3,475.3,475.3,475.3,0,31875,0
FINNIFTY31DEC2424250PE.NFO,2024-12-24,10:58:00,2024-12-31,475.3,475.3,475.3,475.3,0,31875,0
FINNIFTY31DEC2424250PE.NFO,2024-12-24,10:59:00,2024-12-31,475.3,475.3,475.3,475.3,0,31875,0
FINNIFTY31DEC2424250PE.NFO,2024-12-24,11:00:00,2024-12-31,475.3,475.3,475.3,475.3,0,31875,0
FINNIFTY31DEC2424250PE.NFO,2024-12-24,11:01:00,2024-12-31,475.3,475.3,475.3,475.3,0,31875,0
FINNIFTY31DEC2424250PE.NFO,2024-12-24,11:02:00,2024-12-31,475.3,475.3,475.3,475.3,0,31875,0
FINNIFTY31DEC2424250PE.NFO,2024-12-24,11:03:00,2024-12-31,475.3,475.3,475.3,475.3,0,31875,0
FINNIFTY31DEC2424250PE.NFO,2024-12-24,11:04:00,2024-12-31,475.3,475.3,475.3,475.3,0,31875,0
FINNIFTY31DEC2424250PE.NFO,2024-12-24,11:05:00,2024-12-31,475.3,475.3,475.3,475.3,0,31875,0
FINNIFTY31DEC2424250PE.NFO,2024-12-24,11:06:00,2024-12-31,475.3,475.3,475.3,475.3,0,31875,0
FINNIFTY31DEC2424250PE.NFO,2024-12-24,11:07:00,2024-12-31,475.3,475.3,475.3,475.3,0,31875,0
FINNIFTY31DEC2424250PE.NFO,2024-12-24,11:08:00,2024-12-31,475.3,475.3,475.3,475.3,0,31875,0
FINNIFTY31DEC2424250PE.NFO,2024-12-24,11:09:00,2024-12-31,475.3,475.3,475.3,475.3,0,31875,0
FINNIFTY31DEC2424250PE.NFO,2024-12-24,11:10:00,2024-12-31,475.3,475.3,475.3,475.3,0,31875,0
FINNIFTY31DEC2424250PE.NFO,2024-12-24,11:11:00,2024-12-31,475.3,475.3,475.3,475.3,0,31875,0
FINNIFTY31DEC2424250PE.NFO,2024-12-24,11:12:00,2024-12-31,475.3,475.3,475.3,475.3,0,31875,0
FINNIFTY31DEC2424250PE.NFO,2024-12-24,11:13:00,2024-12-31,475.3,475.3,475.3,475.3,0,31875,0
FINNIFTY31DEC2424250PE.NFO,2024-12-24,11:14:00,2024-12-31,475.3,475.3,475.3,475.3,0,31875,0
FINNIFTY31DEC2424250PE.NFO,2024-12-24,11:15:00,2024-12-31,475.3,475.3,475.3,475.3,0,31875,0
FINNIFTY31DEC2424250PE.NFO,2024-12-24,11:16:00,2024-12-31,475.3,475.3,475.3,475.3,0,31875,0
FINNIFTY31DEC2424250PE.NFO,2024-12-24,11:17:00,2024-12-31,475.3,475.3,475.3,475.3,0,31875,0
FINNIFTY31DEC2424250PE.NFO,2024-12-24,11:18:00,2024-12-31,475.3,475.3,475.3,475.3,0,31875,0
FINNIFTY31DEC2424250PE.NFO,2024-12-24,11:19:00,2024-12-31,475.3,475.3,475.3,475.3,0,31875,0
FINNIFTY31DEC2424250PE.NFO,2024-12-24,11:20:00,2024-12-31,475.3,475.3,475.3,475.3,0,31875,0
FINNIFTY31DEC2424250PE.NFO,2024-12-24,11:21:00,2024-12-31,475.3,475.3,475.3,475.3,0,31875,0
FINNIFTY31DEC2424250PE.NFO,2024-12-24,11:22:00,2024-12-31,475.3,475.3,475.3,475.3,0,31875,0
FINNIFTY31DEC2424250PE.NFO,2024-12-24,11:23:00,2024-12-31,475.3,475.3,475.3,475.3,0,31875,0
FINNIFTY31DEC2424250PE.NFO,2024-12-24,11:24:00,2024-12-31,475.3,475.3,475.3,475.3,0,31875,0
FINNIFTY31DEC2424250PE.NFO,2024-12-24,11:25:00,2024-12-31,475.3,475.3,475.3,475.3,0,31875,0
FINNIFTY31DEC2424250PE.NFO,2024-12-24,11:26:00,2024-12-31,475.3,475.3,475.3,475.3,0,31875,0
FINNIFTY31DEC2424250PE.NFO,2024-12-24,11:27:00,2024-12-31,475.3,475.3,475.3,475.3,0,31875,0
FINNIFTY31DEC2424250PE.NFO,2024-12-24,11:28:00,2024-12-31,475.3,475.3,475.3,475.3,0,31875,0
FINNIFTY31DEC2424250PE.NFO,2024-12-24,11:29:00,2024-12-31,475.3,475.3,475.3,475.3,0,31875,0
FINNIFTY31DEC2424250PE.NFO,2024-12-24,11:30:00,2024-12-31,475.3,475.3,475.3,475.3,0,31875,0
FINNIFTY31DEC2424250PE.NFO,2024-12-24,11:31:00,2024-12-31,475.3,475.3,475.3,475.3,0,31875,0
FINNIFTY31DEC2424250PE.NFO,2024-12-24,11:32:00,2024-12-31,475.3,475.3,475.3,475.3,0,31875,0
FINNIFTY31DEC2424250PE.NFO,2024-12-24,11:33:00,2024-12-31,475.3,475.3,475.3,475.3,0,31875,0
FINNIFTY31DEC2424250PE.NFO,2024-12-24,11:34:00,2024-12-31,475.3,475.3,475.3,475.3,0,31875,0
FINNIFTY31DEC2424250PE.NFO,2024-12-24,11:35:00,2024-12-31,475.3,475.3,475.3,475.3,0,31875,0
FINNIFTY31DEC2424250PE.NFO,2024-12-24,11:36:00,2024-12-31,475.3,475.3,475.3,475.3,0,31875,0
FINNIFTY31DEC2424250PE.NFO,2024-12-24,11:37:00,2024-12-31,475.3,475.3,475.3,475.3,0,31875,0
FINNIFTY31DEC2424250PE.NFO,2024-12-24,11:38:00,2024-12-31,475.3,475.3,475.3,475.3,0,31875,0
FINNIFTY31DEC2424250PE.NFO,2024-12-24,11:39:00,2024-12-31,475.3,475.3,475.3,475.3,0,31875,0
FINNIFTY31DEC2424250PE.NFO,2024-12-24,11:40:00,2024-12-31,475.3,475.3,475.3,475.3,0,31875,0
FINNIFTY31DEC2424250PE.NFO,2024-12-24,11:41:00,2024-12-31,475.3,475.3,475.3,475.3,0,31875,0
FINNIFTY31DEC2424250PE.NFO,2024-12-24,11:42:00,2024-12-31,475.3,475.3,475.3,475.3,0,31875,0
FINNIFTY31DEC2424250PE.NFO,2024-12-24,11:43:00,2024-12-31,475.3,475.3,475.3,475.3,0,31875,0
FINNIFTY31DEC2424250PE.NFO,2024-12-24,11:44:00,2024-12-31,475.3,475.3,475.3,475.3,0,31875,0
FINNIFTY31DEC2424250PE.NFO,2024-12-24,11:45:00,2024-12-31,475.3,475.3,475.3,475.3,0,31875,0
FINNIFTY31DEC2424250PE.NFO,2024-12-24,11:46:00,2024-12-31,475.3,475.3,475.3,475.3,0,31875,0
FINNIFTY31DEC2424250PE.NFO,2024-12-24,11:47:00,2024-12-31,475.3,475.3,475.3,475.3,0,31875,0
FINNIFTY31DEC2424250PE.NFO,2024-12-24,11:48:00,2024-12-31,475.3,475.3,475.3,475.3,0,31875,0
FINNIFTY31DEC2424250PE.NFO,2024-12-24,11:49:00,2024-12-31,475.3,475.3,475.3,475.3,0,31875,0
FINNIFTY31DEC2424250PE.NFO,2024-12-24,11:50:00,2024-12-31,475.3,475.3,475.3,475.3,0,31875,0
FINNIFTY31DEC2424250PE.NFO,2024-12-24,11:51:00,2024-12-31,475.3,475.3,475.3,475.3,0,31875,0
FINNIFTY31DEC2424250PE.NFO,2024-12-24,11:52:00,2024-12-31,475.3,475.3,475.3,475.3,0,31875,0
FINNIFTY31DEC2424250PE.NFO,2024-12-24,11:53:00,2024-12-31,475.3,475.3,475.3,475.3,0,31875,0
FINNIFTY31DEC2424250PE.NFO,2024-12-24,11:54:00,2024-12-31,475.3,475.3,475.3,475.3,0,31875,0
FINNIFTY31DEC2424250PE.NFO,2024-12-24,11:55:00,2024-12-31,475.3,475.3,475.3,475.3,0,31875,0
FINNIFTY31DEC2424250PE.NFO,2024-12-24,11:56:00,2024-12-31,475.3,475.3,475.3,475.3,0,31875,0
FINNIFTY31DEC2424250PE.NFO,2024-12-24,11:57:00,2024-12-31,475.3,475.3,475.3,475.3,0,31875,0
FINNIFTY31DEC2424250PE.NFO,2024-12-24,11:58:00,2024-12-31,475.3,475.3,475.3,475.3,0,31875,0
FINNIFTY31DEC2424250PE.NFO,2024-12-24,11:59:00,2024-12-31,475.3,475.3,475.3,475.3,0,31875,0
FINNIFTY31DEC2424250PE.NFO,2024-12-24,12:00:00,2024-12-31,475.3,475.3,475.3,475.3,0,31875,0
FINNIFTY31DEC2424250PE.NFO,2024-12-24,12:01:00,2024-12-31,475.3,475.3,475.3,475.3,0,31875,0
FINNIFTY31DEC2424250PE.NFO,2024-12-24,12:02:00,2024-12-31,475.3,475.3,475.3,475.3,0,31875,0
FINNIFTY31DEC2424250PE.NFO,2024-12-24,12:03:00,2024-12-31,475.3,475.3,475.3,475.3,0,31875,0
FINNIFTY31DEC2424250PE.NFO,2024-12-24,12:04:00,2024-12-31,475.3,475.3,475.3,475.3,0,31875,0
FINNIFTY31DEC2424250PE.NFO,2024-12-24,12:05:00,2024-12-31,475.3,475.3,475.3,475.3,0,31875,0
FINNIFTY31DEC2424250PE.NFO,2024-12-24,12:06:00,2024-12-31,475.3,475.3,475.3,475.3,0,31875,0
FINNIFTY31DEC2424250PE.NFO,2024-12-24,12:07:00,2024-12-31,475.3,475.3,475.3,475.3,0,31875,0
FINNIFTY31DEC2424250PE.NFO,2024-12-24,12:08:00,2024-12-31,475.3,475.3,475.3,475.3,0,31875,0
FINNIFTY31DEC2424250PE.NFO,2024-12-24,12:09:00,2024-12-31,475.3,475.3,475.3,475.3,0,31875,0
FINNIFTY31DEC2424250PE.NFO,2024-12-24,12:10:00,2024-12-31,475.3,475.3,475.3,475.3,0,31875,0
FINNIFTY31DEC2424250PE.NFO,2024-12-24,12:11:00,2024-12-31,475.3,475.3,475.3,475.3,0,31875,0
FINNIFTY31DEC2424250PE.NFO,2024-12-24,12:12:00,2024-12-31,475.3,475.3,475.3,475.3,0,31875,0
FINNIFTY31DEC2424250PE.NFO,2024-12-24,12:13:00,2024-12-31,475.3,475.3,475.3,475.3,0,31875,0
FINNIFTY31DEC2424250PE.NFO,2024-12-24,12:14:00,2024-12-31,475.3,475.3,475.3,475.3,0,31875,0
FINNIFTY31DEC2424250PE.NFO,2024-12-24,12:15:00,2024-12-31,475.3,475.3,475.3,475.3,0,31875,0
FINNIFTY31DEC2424250PE.NFO,2024-12-24,12:16:00,2024-12-31,475.3,475.3,475.3,475.3,0,31875,0
FINNIFTY31DEC2424250PE.NFO,2024-12-24,12:17:00,2024-12-31,475.3,475.3,475.3,475.3,0,31875,0
FINNIFTY31DEC2424250PE.NFO,2024-12-24,12:18:00,2024-12-31,475.3,475.3,475.3,475.3,0,31875,0
FINNIFTY31DEC2424250PE.NFO,2024-12-24,12:19:00,2024-12-31,475.3,475.3,475.3,475.3,0,31875,0
FINNIFTY31DEC2424250PE.NFO,2024-12-24,12:20:00,2024-12-31,475.3,475.3,475.3,475.3,0,31875,0
FINNIFTY31DEC2424250PE.NFO,2024-12-24,12:21:00,2024-12-31,475.3,475.3,475.3,475.3,0,31875,0
FINNIFTY31DEC2424250PE.NFO,2024-12-24,12:22:00,2024-12-31,475.3,475.3,475.3,475.3,0,31875,0
FINNIFTY31DEC2424250PE.NFO,2024-12-24,12:23:00,2024-12-31,475.3,475.3,475.3,475.3,0,31875,0
FINNIFTY31DEC2424250PE.NFO,2024-12-24,12:24:00,2024-12-31,475.3,475.3,475.3,475.3,0,31875,0
FINNIFTY31DEC2424250PE.NFO,2024-12-24,12:25:00,2024-12-31,475.3,475.3,475.3,475.3,0,31875,0
FINNIFTY31DEC2424250PE.NFO,2024-12-24,12:26:00,2024-12-31,475.3,475.3,475.3,475.3,0,31875,0
FINNIFTY31DEC2424250PE.NFO,2024-12-24,12:27:00,2024-12-31,475.3,475.3,475.3,475.3,0,31875,0
FINNIFTY31DEC2424250PE.NFO,2024-12-24,12:28:00,2024-12-31,475.3,475.3,475.3,475.3,0,31875,0
FINNIFTY31DEC2424250PE.NFO,2024-12-24,12:29:00,2024-12-31,475.3,475.3,460.15,460.15,100,31850,0
FINNIFTY31DEC2424250PE.NFO,2024-12-24,12:30:00,2024-12-31,460.15,460.15,460.15,460.15,0,31850,0
FINNIFTY31DEC2424250PE.NFO,2024-12-24,12:31:00,2024-12-31,460.15,460.15,460.15,460.15,0,31850,0
FINNIFTY31DEC2424250PE.NFO,2024-12-24,12:32:00,2024-12-31,460.15,460.15,460.15,460.15,0,31850,0
FINNIFTY31DEC2424250PE.NFO,2024-12-24,12:33:00,2024-12-31,460.15,460.15,460.15,460.15,0,31850,0
FINNIFTY31DEC2424250PE.NFO,2024-12-24,12:34:00,2024-12-31,460.15,460.15,460.15,460.15,0,31850,0
FINNIFTY31DEC2424250PE.NFO,2024-12-24,12:35:00,2024-12-31,460.15,460.15,460.15,460.15,0,31850,0
FINNIFTY31DEC2424250PE.NFO,2024-12-24,12:36:00,2024-12-31,460.15,460.15,460.15,460.15,0,31850,0
FINNIFTY31DEC2424250PE.NFO,2024-12-24,12:37:00,2024-12-31,460.15,460.15,460.15,460.15,0,31850,0
FINNIFTY31DEC2424250PE.NFO,2024-12-24,12:38:00,2024-12-31,460.15,460.15,460.15,460.15,0,31850,0
FINNIFTY31DEC2424250PE.NFO,2024-12-24,12:39:00,2024-12-31,460.15,460.15,438.1,438.1,75,31925,0
FINNIFTY31DEC2424250PE.NFO,2024-12-24,12:40:00,2024-12-31,438.1,438.1,438.1,438.1,0,31925,0
FINNIFTY31DEC2424250PE.NFO,2024-12-24,12:41:00,2024-12-31,438.1,438.1,438.1,438.1,0,31925,0
FINNIFTY31DEC2424250PE.NFO,2024-12-24,12:42:00,2024-12-31,438.1,438.1,438.1,438.1,0,31925,0
FINNIFTY31DEC2424250PE.NFO,2024-12-24,12:43:00,2024-12-31,438.1,438.1,438.1,438.1,0,31925,0
FINNIFTY31DEC2424250PE.NFO,2024-12-24,12:44:00,2024-12-31,438.1,438.1,438.1,438.1,0,31925,0
FINNIFTY31DEC2424250PE.NFO,2024-12-24,12:45:00,2024-12-31,438.1,438.1,438.1,438.1,0,31925,0
FINNIFTY31DEC2424250PE.NFO,2024-12-24,12:46:00,2024-12-31,438.1,438.1,430.7,430.7,75,31925,0
FINNIFTY31DEC2424250PE.NFO,2024-12-24,12:47:00,2024-12-31,430.7,430.7,430.7,430.7,0,31925,0
FINNIFTY31DEC2424250PE.NFO,2024-12-24,12:48:00,2024-12-31,430.7,430.7,430.7,430.7,0,31925,0
FINNIFTY31DEC2424250PE.NFO,2024-12-24,12:49:00,2024-12-31,430.7,430.7,430.7,430.7,0,31925,0
FINNIFTY31DEC2424250PE.NFO,2024-12-24,12:50:00,2024-12-31,430.7,430.7,430.7,430.7,0,31925,0
FINNIFTY31DEC2424250PE.NFO,2024-12-24,12:51:00,2024-12-31,430.7,430.7,430.7,430.7,0,31925,0
FINNIFTY31DEC2424250PE.NFO,2024-12-24,12:52:00,2024-12-31,430.7,430.7,430.7,430.7,0,31925,0
FINNIFTY31DEC2424250PE.NFO,2024-12-24,12:53:00,2024-12-31,430.7,430.7,430.7,430.7,0,31925,0
FINNIFTY31DEC2424250PE.NFO,2024-12-24,12:54:00,2024-12-31,430.7,453.85,430.7,453.85,100,31925,0
FINNIFTY31DEC2424250PE.NFO,2024-12-24,12:55:00,2024-12-31,453.85,453.85,453.85,453.85,0,31925,0
FINNIFTY31DEC2424250PE.NFO,2024-12-24,12:56:00,2024-12-31,453.85,453.85,453.85,453.85,0,31925,0
FINNIFTY31DEC2424250PE.NFO,2024-12-24,12:57:00,2024-12-31,453.85,453.85,453.85,453.85,0,31925,0
FINNIFTY31DEC2424250PE.NFO,2024-12-24,12:58:00,2024-12-31,453.85,453.85,453.85,453.85,0,31925,0
FINNIFTY31DEC2424250PE.NFO,2024-12-24,12:59:00,2024-12-31,453.85,453.85,453.85,453.85,0,31925,0
FINNIFTY31DEC2424250PE.NFO,2024-12-24,13:00:00,2024-12-31,453.85,453.85,453.85,453.85,0,31925,0
FINNIFTY31DEC2424250PE.NFO,2024-12-24,13:01:00,2024-12-31,453.85,453.85,453.85,453.85,0,31925,0
FINNIFTY31DEC2424250PE.NFO,2024-12-24,13:02:00,2024-12-31,453.85,453.85,453.85,453.85,0,31925,0
FINNIFTY31DEC2424250PE.NFO,2024-12-24,13:03:00,2024-12-31,453.85,453.85,453.85,453.85,0,31925,0
FINNIFTY31DEC2424250PE.NFO,2024-12-24,13:04:00,2024-12-31,453.85,453.85,453.85,453.85,0,31925,0
FINNIFTY31DEC2424250PE.NFO,2024-12-24,13:05:00,2024-12-31,453.85,453.85,453.85,453.85,0,31925,0
FINNIFTY31DEC2424250PE.NFO,2024-12-24,13:06:00,2024-12-31,453.85,453.85,453.85,453.85,0,31925,0
FINNIFTY31DEC2424250PE.NFO,2024-12-24,13:07:00,2024-12-31,453.85,453.85,453.85,453.85,0,31925,0
FINNIFTY31DEC2424250PE.NFO,2024-12-24,13:08:00,2024-12-31,453.85,466.0,453.85,466.0,50,31925,0
FINNIFTY31DEC2424250PE.NFO,2024-12-24,13:09:00,2024-12-31,466.0,466.0,454.35,454.35,500,31925,0
FINNIFTY31DEC2424250PE.NFO,2024-12-24,13:10:00,2024-12-31,454.35,461.55,454.35,457.4,225,32325,0
FINNIFTY31DEC2424250PE.NFO,2024-12-24,13:11:00,2024-12-31,457.4,457.4,457.4,457.4,0,32325,0
FINNIFTY31DEC2424250PE.NFO,2024-12-24,13:12:00,2024-12-31,457.4,457.4,457.4,457.4,0,32325,0
FINNIFTY31DEC2424250PE.NFO,2024-12-24,13:13:00,2024-12-31,457.4,457.4,457.4,457.4,0,32325,0
FINNIFTY31DEC2424250PE.NFO,2024-12-24,13:14:00,2024-12-31,457.4,457.4,457.4,457.4,0,32325,0
FINNIFTY31DEC2424250PE.NFO,2024-12-24,13:15:00,2024-12-31,457.4,457.4,457.4,457.4,0,32325,0
FINNIFTY31DEC2424250PE.NFO,2024-12-24,13:16:00,2024-12-31,457.4,457.4,457.4,457.4,0,32325,0
FINNIFTY31DEC2424250PE.NFO,2024-12-24,13:17:00,2024-12-31,457.4,457.4,449.2,449.2,75,32325,0
FINNIFTY31DEC2424250PE.NFO,2024-12-24,13:18:00,2024-12-31,449.2,449.2,449.2,449.2,0,32325,0
FINNIFTY31DEC2424250PE.NFO,2024-12-24,13:19:00,2024-12-31,449.2,449.2,449.2,449.2,0,32325,0
FINNIFTY31DEC2424250PE.NFO,2024-12-24,13:20:00,2024-12-31,449.2,449.2,449.2,449.2,0,32325,0
FINNIFTY31DEC2424250PE.NFO,2024-12-24,13:21:00,2024-12-31,449.2,449.2,449.2,449.2,0,32325,0
FINNIFTY31DEC2424250PE.NFO,2024-12-24,13:22:00,2024-12-31,449.2,449.2,449.2,449.2,0,32325,0
FINNIFTY31DEC2424250PE.NFO,2024-12-24,13:23:00,2024-12-31,449.2,449.2,449.2,449.2,0,32325,0
FINNIFTY31DEC2424250PE.NFO,2024-12-24,13:24:00,2024-12-31,449.2,449.2,449.2,449.2,0,32325,0
FINNIFTY31DEC2424250PE.NFO,2024-12-24,13:25:00,2024-12-31,449.2,449.2,449.2,449.2,0,32325,0
FINNIFTY31DEC2424250PE.NFO,2024-12-24,13:26:00,2024-12-31,449.2,449.2,449.2,449.2,0,32325,0
FINNIFTY31DEC2424250PE.NFO,2024-12-24,13:27:00,2024-12-31,449.2,449.2,449.2,449.2,0,32325,0
FINNIFTY31DEC2424250PE.NFO,2024-12-24,13:28:00,2024-12-31,449.2,449.2,449.2,449.2,0,32325,0
FINNIFTY31DEC2424250PE.NFO,2024-12-24,13:29:00,2024-12-31,449.2,449.2,449.2,449.2,0,32325,0
FINNIFTY31DEC2424250PE.NFO,2024-12-24,13:30:00,2024-12-31,449.2,449.2,449.2,449.2,0,32325,0
FINNIFTY31DEC2424250PE.NFO,2024-12-24,13:31:00,2024-12-31,449.2,449.2,449.2,449.2,0,32325,0
FINNIFTY31DEC2424250PE.NFO,2024-12-24,13:32:00,2024-12-31,449.2,449.2,449.2,449.2,0,32325,0
FINNIFTY31DEC2424250PE.NFO,2024-12-24,13:33:00,2024-12-31,449.2,449.2,449.2,449.2,0,32325,0
FINNIFTY31DEC2424250PE.NFO,2024-12-24,13:34:00,2024-12-31,449.2,449.2,449.2,449.2,0,32325,0
FINNIFTY31DEC2424250PE.NFO,2024-12-24,13:35:00,2024-12-31,449.2,449.2,449.2,449.2,0,32325,0
FINNIFTY31DEC2424250PE.NFO,2024-12-24,13:36:00,2024-12-31,449.2,449.2,449.2,449.2,0,32325,0
FINNIFTY31DEC2424250PE.NFO,2024-12-24,13:37:00,2024-12-31,449.2,449.2,449.2,449.2,0,32325,0
FINNIFTY31DEC2424250PE.NFO,2024-12-24,13:38:00,2024-12-31,449.2,449.2,449.2,449.2,0,32325,0
FINNIFTY31DEC2424250PE.NFO,2024-12-24,13:39:00,2024-12-31,449.2,449.2,449.2,449.2,0,32325,0
FINNIFTY31DEC2424250PE.NFO,2024-12-24,13:40:00,2024-12-31,449.2,449.2,449.2,449.2,0,32325,0
FINNIFTY31DEC2424250PE.NFO,2024-12-24,13:41:00,2024-12-31,449.2,449.2,449.2,449.2,0,32325,0
FINNIFTY31DEC2424250PE.NFO,2024-12-24,13:42:00,2024-12-31,449.2,449.2,449.2,449.2,0,32325,0
FINNIFTY31DEC2424250PE.NFO,2024-12-24,13:43:00,2024-12-31,449.2,449.2,449.2,449.2,0,32325,0
FINNIFTY31DEC2424250PE.NFO,2024-12-24,13:44:00,2024-12-31,449.2,449.2,449.2,449.2,0,32325,0
FINNIFTY31DEC2424250PE.NFO,2024-12-24,13:45:00,2024-12-31,449.2,449.2,449.2,449.2,0,32325,0
FINNIFTY31DEC2424250PE.NFO,2024-12-24,13:46:00,2024-12-31,449.2,449.2,449.2,449.2,0,32325,0
FINNIFTY31DEC2424250PE.NFO,2024-12-24,13:47:00,2024-12-31,449.2,496.05,449.2,496.05,75,32250,0
FINNIFTY31DEC2424250PE.NFO,2024-12-24,13:48:00,2024-12-31,496.05,496.05,496.05,496.05,0,32250,0
FINNIFTY31DEC2424250PE.NFO,2024-12-24,13:49:00,2024-12-31,496.05,496.05,496.05,496.05,0,32250,0
FINNIFTY31DEC2424250PE.NFO,2024-12-24,13:50:00,2024-12-31,496.05,496.05,496.05,496.05,0,32250,0
FINNIFTY31DEC2424250PE.NFO,2024-12-24,13:51:00,2024-12-31,496.05,496.05,496.05,496.05,0,32250,0
FINNIFTY31DEC2424250PE.NFO,2024-12-24,13:52:00,2024-12-31,496.05,496.05,496.05,496.05,0,32250,0
FINNIFTY31DEC2424250PE.NFO,2024-12-24,13:53:00,2024-12-31,496.05,496.05,496.05,496.05,0,32250,0
FINNIFTY31DEC2424250PE.NFO,2024-12-24,13:54:00,2024-12-31,496.05,496.05,483.4,483.4,50,32175,0
FINNIFTY31DEC2424250PE.NFO,2024-12-24,13:55:00,2024-12-31,483.4,483.4,483.4,483.4,0,32175,0
FINNIFTY31DEC2424250PE.NFO,2024-12-24,13:56:00,2024-12-31,483.4,483.4,483.4,483.4,0,32175,0
FINNIFTY31DEC2424250PE.NFO,2024-12-24,13:57:00,2024-12-31,483.4,483.4,483.4,483.4,0,32175,0
FINNIFTY31DEC2424250PE.NFO,2024-12-24,13:58:00,2024-12-31,483.4,483.4,483.4,483.4,0,32175,0
FINNIFTY31DEC2424250PE.NFO,2024-12-24,13:59:00,2024-12-31,483.4,483.4,483.4,483.4,0,32175,0
FINNIFTY31DEC2424250PE.NFO,2024-12-24,14:00:00,2024-12-31,483.4,483.4,483.4,483.4,0,32175,0
FINNIFTY31DEC2424250PE.NFO,2024-12-24,14:01:00,2024-12-31,483.4,483.4,482.3,482.3,50,32200,0
FINNIFTY31DEC2424250PE.NFO,2024-12-24,14:02:00,2024-12-31,482.3,482.3,482.3,482.3,0,32200,0
FINNIFTY31DEC2424250PE.NFO,2024-12-24,14:03:00,2024-12-31,482.3,482.3,482.3,482.3,0,32200,0
FINNIFTY31DEC2424250PE.NFO,2024-12-24,14:04:00,2024-12-31,482.3,482.3,482.3,482.3,0,32200,0
FINNIFTY31DEC2424250PE.NFO,2024-12-24,14:05:00,2024-12-31,482.3,482.3,482.3,482.3,0,32200,0
FINNIFTY31DEC2424250PE.NFO,2024-12-24,14:06:00,2024-12-31,482.3,482.3,482.3,482.3,0,32200,0
FINNIFTY31DEC2424250PE.NFO,2024-12-24,14:07:00,2024-12-31,482.3,482.3,482.3,482.3,0,32200,0
FINNIFTY31DEC2424250PE.NFO,2024-12-24,14:08:00,2024-12-31,482.3,482.3,482.3,482.3,0,32200,0
FINNIFTY31DEC2424250PE.NFO,2024-12-24,14:09:00,2024-12-31,482.3,482.3,482.3,482.3,0,32200,0
FINNIFTY31DEC2424250PE.NFO,2024-12-24,14:10:00,2024-12-31,482.3,482.3,482.3,482.3,0,32200,0
FINNIFTY31DEC2424250PE.NFO,2024-12-24,14:11:00,2024-12-31,482.3,482.3,482.3,482.3,0,32200,0
FINNIFTY31DEC2424250PE.NFO,2024-12-24,14:12:00,2024-12-31,482.3,482.3,482.3,482.3,0,32200,0
FINNIFTY31DEC2424250PE.NFO,2024-12-24,14:13:00,2024-12-31,482.3,482.3,482.3,482.3,0,32200,0
FINNIFTY31DEC2424250PE.NFO,2024-12-24,14:14:00,2024-12-31,482.3,482.3,482.3,482.3,0,32200,0
FINNIFTY31DEC2424250PE.NFO,2024-12-24,14:15:00,2024-12-31,482.3,482.3,482.3,482.3,0,32200,0
FINNIFTY31DEC2424250PE.NFO,2024-12-24,14:16:00,2024-12-31,482.3,482.3,482.3,482.3,0,32200,0
FINNIFTY31DEC2424250PE.NFO,2024-12-24,14:17:00,2024-12-31,482.3,482.3,482.3,482.3,0,32200,0
FINNIFTY31DEC2424250PE.NFO,2024-12-24,14:18:00,2024-12-31,482.3,482.3,482.3,482.3,0,32200,0
FINNIFTY31DEC2424250PE.NFO,2024-12-24,14:19:00,2024-12-31,482.3,482.3,482.3,482.3,0,32200,0
FINNIFTY31DEC2424250PE.NFO,2024-12-24,14:20:00,2024-12-31,482.3,482.3,482.3,482.3,0,32200,0
FINNIFTY31DEC2424250PE.NFO,2024-12-24,14:21:00,2024-12-31,482.3,482.3,482.3,482.3,0,32200,0
FINNIFTY31DEC2424250PE.NFO,2024-12-24,14:22:00,2024-12-31,482.3,482.3,482.3,482.3,0,32200,0
FINNIFTY31DEC2424250PE.NFO,2024-12-24,14:23:00,2024-12-31,482.3,482.3,482.3,482.3,0,32200,0
FINNIFTY31DEC2424250PE.NFO,2024-12-24,14:24:00,2024-12-31,482.3,482.3,482.3,482.3,0,32200,0
FINNIFTY31DEC2424250PE.NFO,2024-12-24,14:25:00,2024-12-31,482.3,482.3,482.3,482.3,0,32200,0
FINNIFTY31DEC2424250PE.NFO,2024-12-24,14:26:00,2024-12-31,482.3,482.3,482.3,482.3,0,32200,0
FINNIFTY31DEC2424250PE.NFO,2024-12-24,14:27:00,2024-12-31,482.3,482.3,482.3,482.3,0,32200,0
FINNIFTY31DEC2424250PE.NFO,2024-12-24,14:28:00,2024-12-31,482.3,482.3,482.3,482.3,0,32200,0
FINNIFTY31DEC2424250PE.NFO,2024-12-24,14:29:00,2024-12-31,482.3,482.3,482.3,482.3,0,32200,0
FINNIFTY31DEC2424250PE.NFO,2024-12-24,14:30:00,2024-12-31,482.3,482.3,482.3,482.3,0,32200,0
FINNIFTY31DEC2424250PE.NFO,2024-12-24,14:31:00,2024-12-31,482.3,482.3,482.3,482.3,0,32200,0
FINNIFTY31DEC2424250PE.NFO,2024-12-24,14:32:00,2024-12-31,482.3,482.3,482.3,482.3,0,32200,0
FINNIFTY31DEC2424250PE.NFO,2024-12-24,14:33:00,2024-12-31,482.3,482.3,482.3,482.3,0,32200,0
FINNIFTY31DEC2424250PE.NFO,2024-12-24,14:34:00,2024-12-31,482.3,482.3,482.3,482.3,0,32200,0
FINNIFTY31DEC2424250PE.NFO,2024-12-24,14:35:00,2024-12-31,482.3,482.3,482.3,482.3,0,32200,0
FINNIFTY31DEC2424250PE.NFO,2024-12-24,14:36:00,2024-12-31,482.3,482.3,482.3,482.3,0,32200,0
FINNIFTY31DEC2424250PE.NFO,2024-12-24,14:37:00,2024-12-31,482.3,482.3,482.3,482.3,0,32200,0
FINNIFTY31DEC2424250PE.NFO,2024-12-24,14:38:00,2024-12-31,482.3,485.65,482.3,485.65,50,32150,0
FINNIFTY31DEC2424250PE.NFO,2024-12-24,14:39:00,2024-12-31,485.65,485.65,485.65,485.65,0,32150,0
FINNIFTY31DEC2424250PE.NFO,2024-12-24,14:40:00,2024-12-31,485.65,485.65,485.65,485.65,0,32150,0
FINNIFTY31DEC2424250PE.NFO,2024-12-24,14:41:00,2024-12-31,485.65,485.65,485.65,485.65,0,32150,0
FINNIFTY31DEC2424250PE.NFO,2024-12-24,14:42:00,2024-12-31,485.65,485.65,485.65,485.65,0,32150,0
FINNIFTY31DEC2424250PE.NFO,2024-12-24,14:43:00,2024-12-31,485.65,485.65,485.65,485.65,0,32150,0
FINNIFTY31DEC2424250PE.NFO,2024-12-24,14:44:00,2024-12-31,485.65,485.65,485.65,485.65,0,32150,0
FINNIFTY31DEC2424250PE.NFO,2024-12-24,14:45:00,2024-12-31,485.65,485.65,485.65,485.65,0,32150,0
FINNIFTY31DEC2424250PE.NFO,2024-12-24,14:46:00,2024-12-31,485.65,491.3,485.65,491.3,25,32150,0
FINNIFTY31DEC2424250PE.NFO,2024-12-24,14:47:00,2024-12-31,491.3,491.3,491.3,491.3,0,32150,0
FINNIFTY31DEC2424250PE.NFO,2024-12-24,14:48:00,2024-12-31,491.3,491.3,491.3,491.3,0,32150,0
FINNIFTY31DEC2424250PE.NFO,2024-12-24,14:49:00,2024-12-31,491.3,491.3,491.3,491.3,0,32150,0
FINNIFTY31DEC2424250PE.NFO,2024-12-24,14:50:00,2024-12-31,491.3,491.3,491.3,491.3,0,32150,0
FINNIFTY31DEC2424250PE.NFO,2024-12-24,14:51:00,2024-12-31,491.3,491.3,491.3,491.3,0,32150,0
FINNIFTY31DEC2424250PE.NFO,2024-12-24,14:52:00,2024-12-31,491.3,491.3,491.3,491.3,0,32150,0
FINNIFTY31DEC2424250PE.NFO,2024-12-24,14:53:00,2024-12-31,491.3,491.3,491.3,491.3,0,32150,0
FINNIFTY31DEC2424250PE.NFO,2024-12-24,14:54:00,2024-12-31,491.3,491.3,491.3,491.3,0,32150,0
FINNIFTY31DEC2424250PE.NFO,2024-12-24,14:55:00,2024-12-31,491.3,491.3,491.3,491.3,0,32150,0
FINNIFTY31DEC2424250PE.NFO,2024-12-24,14:56:00,2024-12-31,491.3,491.3,491.3,491.3,0,32150,0
FINNIFTY31DEC2424250PE.NFO,2024-12-24,14:57:00,2024-12-31,491.3,491.3,491.3,491.3,0,32150,0
FINNIFTY31DEC2424250PE.NFO,2024-12-24,14:58:00,2024-12-31,491.3,491.3,491.3,491.3,0,32150,0
FINNIFTY31DEC2424250PE.NFO,2024-12-24,14:59:00,2024-12-31,491.3,491.3,491.3,491.3,0,32150,0
FINNIFTY31DEC2424250PE.NFO,2024-12-24,15:00:00,2024-12-31,491.3,491.3,480.7,480.7,50,32150,0
FINNIFTY31DEC2424250PE.NFO,2024-12-24,15:01:00,2024-12-31,480.7,480.7,480.7,480.7,0,32150,0
FINNIFTY31DEC2424250PE.NFO,2024-12-24,15:02:00,2024-12-31,480.7,480.7,480.7,480.7,0,32150,0
FINNIFTY31DEC2424250PE.NFO,2024-12-24,15:03:00,2024-12-31,480.7,480.7,480.7,480.7,0,32150,0
FINNIFTY31DEC2424250PE.NFO,2024-12-24,15:04:00,2024-12-31,480.7,480.7,480.7,480.7,0,32150,0
FINNIFTY31DEC2424250PE.NFO,2024-12-24,15:05:00,2024-12-31,480.7,480.7,480.7,480.7,0,32150,0
FINNIFTY31DEC2424250PE.NFO,2024-12-24,15:06:00,2024-12-31,480.7,480.7,480.7,480.7,0,32150,0
FINNIFTY31DEC2424250PE.NFO,2024-12-24,15:07:00,2024-12-31,480.7,480.7,480.7,480.7,0,32150,0
FINNIFTY31DEC2424250PE.NFO,2024-12-24,15:08:00,2024-12-31,480.7,480.7,480.7,480.7,0,32150,0
FINNIFTY31DEC2424250PE.NFO,2024-12-24,15:09:00,2024-12-31,480.7,480.7,480.7,480.7,0,32150,0
FINNIFTY31DEC2424250PE.NFO,2024-12-24,15:10:00,2024-12-31,480.7,480.7,480.7,480.7,0,32150,0
FINNIFTY31DEC2424250PE.NFO,2024-12-24,15:11:00,2024-12-31,480.7,480.7,480.7,480.7,0,32150,0
FINNIFTY31DEC2424250PE.NFO,2024-12-24,15:12:00,2024-12-31,480.7,480.7,480.7,480.7,0,32150,0
FINNIFTY31DEC2424250PE.NFO,2024-12-24,15:13:00,2024-12-31,480.7,480.7,480.7,480.7,0,32150,0
FINNIFTY31DEC2424250PE.NFO,2024-12-24,15:14:00,2024-12-31,480.7,480.7,480.7,480.7,0,32150,0
FINNIFTY31DEC2424250PE.NFO,2024-12-24,15:15:00,2024-12-31,480.7,480.7,480.7,480.7,0,32150,0
FINNIFTY31DEC2424250PE.NFO,2024-12-24,15:16:00,2024-12-31,480.7,480.7,480.7,480.7,0,32150,0
FINNIFTY31DEC2424250PE.NFO,2024-12-24,15:17:00,2024-12-31,480.7,480.7,480.7,480.7,0,32150,0
FINNIFTY31DEC2424250PE.NFO,2024-12-24,15:18:00,2024-12-31,480.7,480.7,480.7,480.7,0,32150,0
FINNIFTY31DEC2424250PE.NFO,2024-12-24,15:19:00,2024-12-31,480.7,480.7,480.7,480.7,0,32150,0
FINNIFTY31DEC2424250PE.NFO,2024-12-24,15:20:00,2024-12-31,480.7,480.7,480.7,480.7,0,32150,0
FINNIFTY31DEC2424250PE.NFO,2024-12-24,15:21:00,2024-12-31,480.7,480.7,480.7,480.7,0,32150,0
FINNIFTY31DEC2424250PE.NFO,2024-12-24,15:22:00,2024-12-31,480.7,480.7,480.7,480.7,0,32150,0
FINNIFTY31DEC2424250PE.NFO,2024-12-24,15:23:00,2024-12-31,480.7,480.7,480.7,480.7,0,32150,0
FINNIFTY31DEC2424250PE.NFO,2024-12-24,15:24:00,2024-12-31,480.7,480.7,480.7,480.7,0,32150,0
FINNIFTY31DEC2424250PE.NFO,2024-12-24,15:25:00,2024-12-31,480.7,480.7,480.7,480.7,0,32150,0
FINNIFTY31DEC2424250PE.NFO,2024-12-24,15:26:00,2024-12-31,480.7,480.7,480.7,480.7,0,32150,0
FINNIFTY31DEC2424250PE.NFO,2024-12-24,15:27:00,2024-12-31,480.7,480.7,480.7,480.7,0,32150,0
FINNIFTY31DEC2424250PE.NFO,2024-12-24,15:28:00,2024-12-31,480.7,480.7,457.95,457.95,50,32150,0
FINNIFTY31DEC2424250PE.NFO,2024-12-24,15:29:00,2024-12-31,457.95,462.85,457.95,461.3,50,32100,0
FINNIFTY31DEC2424250PE.NFO,2024-12-24,15:30:00,2024-12-31,461.3,461.3,461.3,461.3,50,32100,1
FINNIFTY31DEC2424250PE.NFO,2024-12-26,09:15:00,2024-12-31,415.3,415.8,335.15,335.15,450,32075,0
FINNIFTY31DEC2424250PE.NFO,2024-12-26,09:16:00,2024-12-31,335.15,350.0,335.15,350.0,25,32075,0
FINNIFTY31DEC2424250PE.NFO,2024-12-26,09:17:00,2024-12-31,350.0,350.0,326.3,326.3,50,32075,0
FINNIFTY31DEC2424250PE.NFO,2024-12-26,09:18:00,2024-12-31,326.3,333.9,326.3,328.85,175,32075,0
FINNIFTY31DEC2424250PE.NFO,2024-12-26,09:19:00,2024-12-31,328.85,346.45,328.85,335.95,400,32075,0
FINNIFTY31DEC2424250PE.NFO,2024-12-26,09:20:00,2024-12-31,335.95,335.95,320.0,320.0,25,32075,0
FINNIFTY31DEC2424250PE.NFO,2024-12-26,09:21:00,2024-12-31,320.0,324.15,315.25,315.25,25,32575,0
FINNIFTY31DEC2424250PE.NFO,2024-12-26,09:22:00,2024-12-31,315.25,330.0,315.25,330.0,25,32575,0
FINNIFTY31DEC2424250PE.NFO,2024-12-26,09:23:00,2024-12-31,330.0,330.0,330.0,330.0,0,32575,0
FINNIFTY31DEC2424250PE.NFO,2024-12-26,09:24:00,2024-12-31,330.0,330.0,330.0,330.0,0,32575,0
FINNIFTY31DEC2424250PE.NFO,2024-12-26,09:25:00,2024-12-31,330.0,330.0,330.0,330.0,0,32575,0
FINNIFTY31DEC2424250PE.NFO,2024-12-26,09:26:00,2024-12-31,330.0,330.0,328.3,328.3,25,32550,0
FINNIFTY31DEC2424250PE.NFO,2024-12-26,09:27:00,2024-12-31,328.3,328.3,323.55,323.55,25,32575,0
FINNIFTY31DEC2424250PE.NFO,2024-12-26,09:28:00,2024-12-31,323.55,334.55,323.55,334.55,25,32575,0
FINNIFTY31DEC2424250PE.NFO,2024-12-26,09:29:00,2024-12-31,334.55,350.0,334.55,350.0,0,32575,0
FINNIFTY31DEC2424250PE.NFO,2024-12-26,09:30:00,2024-12-31,350.0,350.0,347.8,347.8,100,32600,0
FINNIFTY31DEC2424250PE.NFO,2024-12-26,09:31:00,2024-12-31,347.8,347.8,334.55,334.55,25,32600,0
FINNIFTY31DEC2424250PE.NFO,2024-12-26,09:32:00,2024-12-31,334.55,338.7,334.55,337.2,100,32600,0
FINNIFTY31DEC2424250PE.NFO,2024-12-26,09:33:00,2024-12-31,337.2,350.35,337.2,348.15,300,32625,0
FINNIFTY31DEC2424250PE.NFO,2024-12-26,09:34:00,2024-12-31,348.15,348.15,348.15,348.15,0,32625,0
FINNIFTY31DEC2424250PE.NFO,2024-12-26,09:35:00,2024-12-31,348.15,351.45,348.15,351.45,25,32625,0
FINNIFTY31DEC2424250PE.NFO,2024-12-26,09:36:00,2024-12-31,351.45,351.45,351.45,351.45,0,32625,0
FINNIFTY31DEC2424250PE.NFO,2024-12-26,09:37:00,2024-12-31,351.45,354.8,351.45,354.8,0,32800,0
FINNIFTY31DEC2424250PE.NFO,2024-12-26,09:38:00,2024-12-31,354.8,354.8,354.8,354.8,25,32800,0
FINNIFTY31DEC2424250PE.NFO,2024-12-26,09:39:00,2024-12-31,354.8,357.85,354.8,357.85,25,32775,0
FINNIFTY31DEC2424250PE.NFO,2024-12-26,09:40:00,2024-12-31,357.85,357.85,357.85,357.85,50,32775,0
FINNIFTY31DEC2424250PE.NFO,2024-12-26,09:41:00,2024-12-31,357.85,357.85,357.85,357.85,0,32775,0
FINNIFTY31DEC2424250PE.NFO,2024-12-26,09:42:00,2024-12-31,357.85,357.85,357.85,357.85,0,32775,0
FINNIFTY31DEC2424250PE.NFO,2024-12-26,09:43:00,2024-12-31,357.85,357.85,357.85,357.85,0,32775,0
FINNIFTY31DEC2424250PE.NFO,2024-12-26,09:44:00,2024-12-31,357.85,357.85,357.85,357.85,0,32775,0
FINNIFTY31DEC2424250PE.NFO,2024-12-26,09:45:00,2024-12-31,357.85,357.85,357.85,357.85,0,32775,0
FINNIFTY31DEC2424250PE.NFO,2024-12-26,09:46:00,2024-12-31,357.85,357.85,357.85,357.85,0,32775,0
FINNIFTY31DEC2424250PE.NFO,2024-12-26,09:47:00,2024-12-31,357.85,364.4,357.85,364.4,25,32800,0
FINNIFTY31DEC2424250PE.NFO,2024-12-26,09:48:00,2024-12-31,364.4,364.4,364.4,364.4,0,32800,0
FINNIFTY31DEC2424250PE.NFO,2024-12-26,09:49:00,2024-12-31,364.4,364.4,364.4,364.4,0,32800,0
FINNIFTY31DEC2424250PE.NFO,2024-12-26,09:50:00,2024-12-31,364.4,364.4,364.4,364.4,0,32800,0
FINNIFTY31DEC2424250PE.NFO,2024-12-26,09:51:00,2024-12-31,364.4,368.35,364.4,368.35,475,32750,0
FINNIFTY31DEC2424250PE.NFO,2024-12-26,09:52:00,2024-12-31,368.35,368.35,368.35,368.35,0,32750,0
FINNIFTY31DEC2424250PE.NFO,2024-12-26,09:53:00,2024-12-31,368.35,368.35,368.35,368.35,0,32750,0
FINNIFTY31DEC2424250PE.NFO,2024-12-26,09:54:00,2024-12-31,368.35,368.35,368.35,368.35,0,32750,0
FINNIFTY31DEC2424250PE.NFO,2024-12-26,09:55:00,2024-12-31,368.35,368.35,368.35,368.35,0,32750,0
FINNIFTY31DEC2424250PE.NFO,2024-12-26,09:56:00,2024-12-31,368.35,368.35,368.35,368.35,200,33125,0
FINNIFTY31DEC2424250PE.NFO,2024-12-26,09:57:00,2024-12-31,368.35,368.35,368.35,368.35,0,33125,0
FINNIFTY31DEC2424250PE.NFO,2024-12-26,09:58:00,2024-12-31,368.35,368.35,368.35,368.35,0,33125,0
FINNIFTY31DEC2424250PE.NFO,2024-12-26,09:59:00,2024-12-31,368.35,368.35,368.35,368.35,0,33125,0
FINNIFTY31DEC2424250PE.NFO,2024-12-26,10:00:00,2024-12-31,368.35,368.35,368.35,368.35,0,33125,0
FINNIFTY31DEC2424250PE.NFO,2024-12-26,10:01:00,2024-12-31,368.35,368.35,368.35,368.35,0,33125,0
FINNIFTY31DEC2424250PE.NFO,2024-12-26,10:02:00,2024-12-31,368.35,368.35,368.35,368.35,0,33125,0
FINNIFTY31DEC2424250PE.NFO,2024-12-26,10:03:00,2024-12-31,368.35,368.35,368.35,368.35,0,33125,0
FINNIFTY31DEC2424250PE.NFO,2024-12-26,10:04:00,2024-12-31,368.35,368.35,368.35,368.35,0,33125,0
FINNIFTY31DEC2424250PE.NFO,2024-12-26,10:05:00,2024-12-31,368.35,368.35,368.35,368.35,0,33125,0
FINNIFTY31DEC2424250PE.NFO,2024-12-26,10:06:00,2024-12-31,368.35,368.35,368.35,368.35,0,33125,0
FINNIFTY31DEC2424250PE.NFO,2024-12-26,10:07:00,2024-12-31,368.35,368.35,368.35,368.35,0,33125,0
FINNIFTY31DEC2424250PE.NFO,2024-12-26,10:08:00,2024-12-31,368.35,368.35,368.35,368.35,0,33125,0
FINNIFTY31DEC2424250PE.NFO,2024-12-26,10:09:00,2024-12-31,368.35,427.2,368.35,427.2,25,33125,0
FINNIFTY31DEC2424250PE.NFO,2024-12-26,10:10:00,2024-12-31,427.2,436.15,427.2,436.15,175,33125,0
FINNIFTY31DEC2424250PE.NFO,2024-12-26,10:11:00,2024-12-31,436.15,437.1,435.05,435.05,825,33125,0
FINNIFTY31DEC2424250PE.NFO,2024-12-26,10:12:00,2024-12-31,435.05,435.05,435.05,435.05,0,33125,0
FINNIFTY31DEC2424250PE.NFO,2024-12-26,10:13:00,2024-12-31,435.05,435.05,435.05,435.05,0,33125,0
FINNIFTY31DEC2424250PE.NFO,2024-12-26,10:14:00,2024-12-31,435.05,435.05,435.05,435.05,0,33125,0
FINNIFTY31DEC2424250PE.NFO,2024-12-26,10:15:00,2024-12-31,435.05,435.05,435.05,435.05,0,33125,0
FINNIFTY31DEC2424250PE.NFO,2024-12-26,10:16:00,2024-12-31,435.05,435.05,429.25,429.25,225,32525,0
FINNIFTY31DEC2424250PE.NFO,2024-12-26,10:17:00,2024-12-31,429.25,429.25,429.25,429.25,0,32525,0
FINNIFTY31DEC2424250PE.NFO,2024-12-26,10:18:00,2024-12-31,429.25,429.25,429.25,429.25,0,32525,0
FINNIFTY31DEC2424250PE.NFO,2024-12-26,10:19:00,2024-12-31,429.25,442.85,429.25,442.85,25,32325,0
FINNIFTY31DEC2424250PE.NFO,2024-12-26,10:20:00,2024-12-31,442.85,442.85,442.85,442.85,0,32325,0
FINNIFTY31DEC2424250PE.NFO,2024-12-26,10:21:00,2024-12-31,442.85,442.85,442.85,442.85,0,32325,0
FINNIFTY31DEC2424250PE.NFO,2024-12-26,10:22:00,2024-12-31,442.85,442.85,442.85,442.85,0,32325,0
FINNIFTY31DEC2424250PE.NFO,2024-12-26,10:23:00,2024-12-31,442.85,442.85,442.85,442.85,0,32325,0
FINNIFTY31DEC2424250PE.NFO,2024-12-26,10:24:00,2024-12-31,442.85,442.85,442.85,442.85,0,32325,0
FINNIFTY31DEC2424250PE.NFO,2024-12-26,10:25:00,2024-12-31,442.85,442.85,442.85,442.85,0,32325,0
FINNIFTY31DEC2424250PE.NFO,2024-12-26,10:26:00,2024-12-31,442.85,442.85,442.85,442.85,0,32325,0
FINNIFTY31DEC2424250PE.NFO,2024-12-26,10:27:00,2024-12-31,442.85,442.85,442.85,442.85,0,32325,0
FINNIFTY31DEC2424250PE.NFO,2024-12-26,10:28:00,2024-12-31,442.85,442.85,442.85,442.85,0,32325,0
FINNIFTY31DEC2424250PE.NFO,2024-12-26,10:29:00,2024-12-31,442.85,442.85,442.85,442.85,0,32325,0
FINNIFTY31DEC2424250PE.NFO,2024-12-26,10:30:00,2024-12-31,442.85,442.85,442.85,442.85,0,32325,0
FINNIFTY31DEC2424250PE.NFO,2024-12-26,10:31:00,2024-12-31,442.85,464.65,442.85,464.65,25,32325,0
FINNIFTY31DEC2424250PE.NFO,2024-12-26,10:32:00,2024-12-31,464.65,464.65,464.65,464.65,0,32325,0
FINNIFTY31DEC2424250PE.NFO,2024-12-26,10:33:00,2024-12-31,464.65,464.65,464.65,464.65,0,32325,0
FINNIFTY31DEC2424250PE.NFO,2024-12-26,10:34:00,2024-12-31,464.65,464.65,464.65,464.65,0,32325,0
FINNIFTY31DEC2424250PE.NFO,2024-12-26,10:35:00,2024-12-31,464.65,464.65,464.65,464.65,0,32325,0
FINNIFTY31DEC2424250PE.NFO,2024-12-26,10:36:00,2024-12-31,464.65,464.65,464.65,464.65,0,32325,0
FINNIFTY31DEC2424250PE.NFO,2024-12-26,10:37:00,2024-12-31,464.65,464.65,464.65,464.65,0,32325,0
FINNIFTY31DEC2424250PE.NFO,2024-12-26,10:38:00,2024-12-31,464.65,464.65,464.65,464.65,0,32325,0
FINNIFTY31DEC2424250PE.NFO,2024-12-26,10:39:00,2024-12-31,464.65,464.65,464.65,464.65,0,32325,0
FINNIFTY31DEC2424250PE.NFO,2024-12-26,10:40:00,2024-12-31,464.65,464.65,464.65,464.65,0,32325,0
FINNIFTY31DEC2424250PE.NFO,2024-12-26,10:41:00,2024-12-31,464.65,464.65,464.65,464.65,0,32325,0
FINNIFTY31DEC2424250PE.NFO,2024-12-26,10:42:00,2024-12-31,464.65,464.65,455.3,458.35,150,32300,0
FINNIFTY31DEC2424250PE.NFO,2024-12-26,10:43:00,2024-12-31,458.35,458.35,458.35,458.35,0,32300,0
FINNIFTY31DEC2424250PE.NFO,2024-12-26,10:44:00,2024-12-31,458.35,458.35,458.35,458.35,0,32300,0
FINNIFTY31DEC2424250PE.NFO,2024-12-26,10:45:00,2024-12-31,458.35,486.8,458.35,486.8,25,32250,0
FINNIFTY31DEC2424250PE.NFO,2024-12-26,10:46:00,2024-12-31,486.8,486.8,486.8,486.8,0,32250,0
FINNIFTY31DEC2424250PE.NFO,2024-12-26,10:47:00,2024-12-31,486.8,486.8,486.8,486.8,0,32250,0
FINNIFTY31DEC2424250PE.NFO,2024-12-26,10:48:00,2024-12-31,486.8,486.8,486.8,486.8,0,32250,0
FINNIFTY31DEC2424250PE.NFO,2024-12-26,10:49:00,2024-12-31,486.8,486.8,486.8,486.8,0,32250,0
FINNIFTY31DEC2424250PE.NFO,2024-12-26,10:50:00,2024-12-31,486.8,523.8,486.8,523.8,600,32275,0
FINNIFTY31DEC2424250PE.NFO,2024-12-26,10:51:00,2024-12-31,523.8,538.5,523.8,536.95,675,32275,0
FINNIFTY31DEC2424250PE.NFO,2024-12-26,10:52:00,2024-12-31,536.95,556.1,536.0,544.75,1525,32900,0
FINNIFTY31DEC2424250PE.NFO,2024-12-26,10:53:00,2024-12-31,544.75,544.75,526.9,526.9,250,32900,0
FINNIFTY31DEC2424250PE.NFO,2024-12-26,10:54:00,2024-12-31,526.9,530.0,526.9,530.0,1000,32900,0
FINNIFTY31DEC2424250PE.NFO,2024-12-26,10:55:00,2024-12-31,530.0,530.0,530.0,530.0,0,32900,0
FINNIFTY31DEC2424250PE.NFO,2024-12-26,10:56:00,2024-12-31,530.0,530.0,523.05,523.05,25,32950,0
FINNIFTY31DEC2424250PE.NFO,2024-12-26,10:57:00,2024-12-31,523.05,527.95,523.05,525.05,750,32950,0
FINNIFTY31DEC2424250PE.NFO,2024-12-26,10:58:00,2024-12-31,525.05,525.05,525.05,525.05,0,32950,0
FINNIFTY31DEC2424250PE.NFO,2024-12-26,10:59:00,2024-12-31,525.05,525.05,525.05,525.05,0,32950,0
FINNIFTY31DEC2424250PE.NFO,2024-12-26,11:00:00,2024-12-31,525.05,525.05,525.05,525.05,0,32950,0
FINNIFTY31DEC2424250PE.NFO,2024-12-26,11:01:00,2024-12-31,525.05,525.05,525.05,525.05,0,32950,0
FINNIFTY31DEC2424250PE.NFO,2024-12-26,11:02:00,2024-12-31,525.05,525.05,525.05,525.05,0,32950,0
FINNIFTY31DEC2424250PE.NFO,2024-12-26,11:03:00,2024-12-31,525.05,525.05,525.05,525.05,0,32950,0
FINNIFTY31DEC2424250PE.NFO,2024-12-26,11:04:00,2024-12-31,525.05,525.05,525.05,525.05,0,32950,0
FINNIFTY31DEC2424250PE.NFO,2024-12-26,11:05:00,2024-12-31,525.05,525.05,525.05,525.05,0,32950,0
FINNIFTY31DEC2424250PE.NFO,2024-12-26,11:06:00,2024-12-31,525.05,525.05,525.05,525.05,0,32950,0
FINNIFTY31DEC2424250PE.NFO,2024-12-26,11:07:00,2024-12-31,525.05,525.05,525.05,525.05,0,32950,0
FINNIFTY31DEC2424250PE.NFO,2024-12-26,11:08:00,2024-12-31,525.05,525.05,525.05,525.05,0,32950,0
FINNIFTY31DEC2424250PE.NFO,2024-12-26,11:09:00,2024-12-31,525.05,525.05,525.05,525.05,0,32950,0
FINNIFTY31DEC2424250PE.NFO,2024-12-26,11:10:00,2024-12-31,525.05,525.05,525.05,525.05,0,32950,0
FINNIFTY31DEC2424250PE.NFO,2024-12-26,11:11:00,2024-12-31,525.05,525.05,525.05,525.05,0,32950,0
FINNIFTY31DEC2424250PE.NFO,2024-12-26,11:12:00,2024-12-31,525.05,525.05,525.05,525.05,0,32950,0
FINNIFTY31DEC2424250PE.NFO,2024-12-26,11:13:00,2024-12-31,525.05,525.05,525.05,525.05,0,32950,0
FINNIFTY31DEC2424250PE.NFO,2024-12-26,11:14:00,2024-12-31,525.05,525.05,525.05,525.05,0,32950,0
FINNIFTY31DEC2424250PE.NFO,2024-12-26,11:15:00,2024-12-31,525.05,525.05,457.75,457.75,25,32675,0
FINNIFTY31DEC2424250PE.NFO,2024-12-26,11:16:00,2024-12-31,457.75,457.75,457.75,457.75,0,32675,0
FINNIFTY31DEC2424250PE.NFO,2024-12-26,11:17:00,2024-12-31,457.75,457.75,457.75,457.75,0,32675,0
FINNIFTY31DEC2424250PE.NFO,2024-12-26,11:18:00,2024-12-31,457.75,457.75,457.75,457.75,0,32675,0
FINNIFTY31DEC2424250PE.NFO,2024-12-26,11:19:00,2024-12-31,457.75,457.75,457.75,457.75,0,32675,0
FINNIFTY31DEC2424250PE.NFO,2024-12-26,11:20:00,2024-12-31,457.75,457.75,457.75,457.75,0,32675,0
FINNIFTY31DEC2424250PE.NFO,2024-12-26,11:21:00,2024-12-31,457.75,457.75,457.75,457.75,0,32675,0
FINNIFTY31DEC2424250PE.NFO,2024-12-26,11:22:00,2024-12-31,457.75,457.75,457.75,457.75,0,32675,0
FINNIFTY31DEC2424250PE.NFO,2024-12-26,11:23:00,2024-12-31,457.75,457.75,457.75,457.75,0,32675,0
FINNIFTY31DEC2424250PE.NFO,2024-12-26,11:24:00,2024-12-31,457.75,457.75,457.75,457.75,0,32675,0
FINNIFTY31DEC2424250PE.NFO,2024-12-26,11:25:00,2024-12-31,457.75,457.75,457.75,457.75,0,32675,0
FINNIFTY31DEC2424250PE.NFO,2024-12-26,11:26:00,2024-12-31,457.75,457.75,457.75,457.75,0,32675,0
FINNIFTY31DEC2424250PE.NFO,2024-12-26,11:27:00,2024-12-31,457.75,457.75,457.75,457.75,0,32675,0
FINNIFTY31DEC2424250PE.NFO,2024-12-26,11:28:00,2024-12-31,457.75,457.75,457.75,457.75,0,32675,0
FINNIFTY31DEC2424250PE.NFO,2024-12-26,11:29:00,2024-12-31,457.75,457.75,457.75,457.75,0,32675,0
FINNIFTY31DEC2424250PE.NFO,2024-12-26,11:30:00,2024-12-31,457.75,457.75,457.75,457.75,0,32675,0
FINNIFTY31DEC2424250PE.NFO,2024-12-26,11:31:00,2024-12-31,457.75,457.75,457.75,457.75,0,32675,0
FINNIFTY31DEC2424250PE.NFO,2024-12-26,11:32:00,2024-12-31,457.75,457.75,457.75,457.75,0,32675,0
FINNIFTY31DEC2424250PE.NFO,2024-12-26,11:33:00,2024-12-31,457.75,457.75,457.75,457.75,0,32675,0
FINNIFTY31DEC2424250PE.NFO,2024-12-26,11:34:00,2024-12-31,457.75,457.75,457.75,457.75,0,32675,0
FINNIFTY31DEC2424250PE.NFO,2024-12-26,11:35:00,2024-12-31,457.75,457.75,457.75,457.75,0,32675,0
FINNIFTY31DEC2424250PE.NFO,2024-12-26,11:36:00,2024-12-31,457.75,457.75,457.75,457.75,0,32675,0
FINNIFTY31DEC2424250PE.NFO,2024-12-26,11:37:00,2024-12-31,457.75,457.75,457.75,457.75,0,32675,0
FINNIFTY31DEC2424250PE.NFO,2024-12-26,11:38:00,2024-12-31,457.75,457.75,457.75,457.75,0,32675,0
FINNIFTY31DEC2424250PE.NFO,2024-12-26,11:39:00,2024-12-31,457.75,457.75,457.75,457.75,0,32675,0
FINNIFTY31DEC2424250PE.NFO,2024-12-26,11:40:00,2024-12-31,457.75,457.75,457.75,457.75,0,32675,0
FINNIFTY31DEC2424250PE.NFO,2024-12-26,11:41:00,2024-12-31,457.75,457.75,457.75,457.75,0,32675,0
FINNIFTY31DEC2424250PE.NFO,2024-12-26,11:42:00,2024-12-31,457.75,457.75,457.75,457.75,0,32675,0
FINNIFTY31DEC2424250PE.NFO,2024-12-26,11:43:00,2024-12-31,457.75,457.75,457.75,457.75,0,32675,0
FINNIFTY31DEC2424250PE.NFO,2024-12-26,11:44:00,2024-12-31,457.75,457.75,457.75,457.75,0,32675,0
FINNIFTY31DEC2424250PE.NFO,2024-12-26,11:45:00,2024-12-31,457.75,457.75,457.75,457.75,0,32675,0
FINNIFTY31DEC2424250PE.NFO,2024-12-26,11:46:00,2024-12-31,457.75,457.75,457.75,457.75,0,32675,0
FINNIFTY31DEC2424250PE.NFO,2024-12-26,11:47:00,2024-12-31,457.75,457.75,457.75,457.75,0,32675,0
FINNIFTY31DEC2424250PE.NFO,2024-12-26,11:48:00,2024-12-31,457.75,457.75,457.75,457.75,0,32675,0
FINNIFTY31DEC2424250PE.NFO,2024-12-26,11:49:00,2024-12-31,457.75,457.75,457.75,457.75,0,32675,0
FINNIFTY31DEC2424250PE.NFO,2024-12-26,11:50:00,2024-12-31,457.75,457.75,457.75,457.75,0,32675,0
FINNIFTY31DEC2424250PE.NFO,2024-12-26,11:51:00,2024-12-31,457.75,498.3,457.75,498.3,1625,32675,0
FINNIFTY31DEC2424250PE.NFO,2024-12-26,11:52:00,2024-12-31,498.3,498.3,485.0,485.0,75,32675,0
FINNIFTY31DEC2424250PE.NFO,2024-12-26,11:53:00,2024-12-31,485.0,485.0,485.0,485.0,0,32675,0
FINNIFTY31DEC2424250PE.NFO,2024-12-26,11:54:00,2024-12-31,485.0,485.0,485.0,485.0,0,32675,0
FINNIFTY31DEC2424250PE.NFO,2024-12-26,11:55:00,2024-12-31,485.0,485.0,485.0,485.0,0,32675,0
FINNIFTY31DEC2424250PE.NFO,2024-12-26,11:56:00,2024-12-31,485.0,485.0,485.0,485.0,0,32675,0
FINNIFTY31DEC2424250PE.NFO,2024-12-26,11:57:00,2024-12-31,485.0,485.0,485.0,485.0,0,32675,0
FINNIFTY31DEC2424250PE.NFO,2024-12-26,11:58:00,2024-12-31,485.0,485.0,485.0,485.0,0,32675,0
FINNIFTY31DEC2424250PE.NFO,2024-12-26,11:59:00,2024-12-31,485.0,485.0,485.0,485.0,0,32675,0
FINNIFTY31DEC2424250PE.NFO,2024-12-26,12:00:00,2024-12-31,485.0,485.0,485.0,485.0,0,32675,0
FINNIFTY31DEC2424250PE.NFO,2024-12-26,12:01:00,2024-12-31,485.0,485.0,485.0,485.0,0,32675,0
FINNIFTY31DEC2424250PE.NFO,2024-12-26,12:02:00,2024-12-31,485.0,485.0,485.0,485.0,0,32675,0
FINNIFTY31DEC2424250PE.NFO,2024-12-26,12:03:00,2024-12-31,485.0,485.0,485.0,485.0,0,32675,0
FINNIFTY31DEC2424250PE.NFO,2024-12-26,12:04:00,2024-12-31,485.0,485.0,485.0,485.0,0,32675,0
FINNIFTY31DEC2424250PE.NFO,2024-12-26,12:05:00,2024-12-31,485.0,485.0,485.0,485.0,0,32675,0
FINNIFTY31DEC2424250PE.NFO,2024-12-26,12:06:00,2024-12-31,485.0,485.0,485.0,485.0,0,32675,0
FINNIFTY31DEC2424250PE.NFO,2024-12-26,12:07:00,2024-12-31,485.0,485.0,485.0,485.0,0,32675,0
FINNIFTY31DEC2424250PE.NFO,2024-12-26,12:08:00,2024-12-31,485.0,485.0,485.0,485.0,0,32675,0
FINNIFTY31DEC2424250PE.NFO,2024-12-26,12:09:00,2024-12-31,485.0,485.0,485.0,485.0,0,32675,0
FINNIFTY31DEC2424250PE.NFO,2024-12-26,12:10:00,2024-12-31,485.0,503.05,485.0,503.05,100,32825,0
FINNIFTY31DEC2424250PE.NFO,2024-12-26,12:11:00,2024-12-31,503.05,503.05,503.05,503.05,0,32825,0
FINNIFTY31DEC2424250PE.NFO,2024-12-26,12:12:00,2024-12-31,503.05,503.05,503.05,503.05,0,32825,0
FINNIFTY31DEC2424250PE.NFO,2024-12-26,12:13:00,2024-12-31,503.05,503.05,503.05,503.05,0,32825,0
FINNIFTY31DEC2424250PE.NFO,2024-12-26,12:14:00,2024-12-31,503.05,503.05,503.05,503.05,0,32825,0
FINNIFTY31DEC2424250PE.NFO,2024-12-26,12:15:00,2024-12-31,503.05,503.05,503.05,503.05,0,32825,0
FINNIFTY31DEC2424250PE.NFO,2024-12-26,12:16:00,2024-12-31,503.05,503.05,503.05,503.05,0,32825,0
FINNIFTY31DEC2424250PE.NFO,2024-12-26,12:17:00,2024-12-31,503.05,518.55,503.05,518.55,25,32900,0
FINNIFTY31DEC2424250PE.NFO,2024-12-26,12:18:00,2024-12-31,518.55,518.6,518.55,518.6,175,32900,0
FINNIFTY31DEC2424250PE.NFO,2024-12-26,12:19:00,2024-12-31,518.6,518.6,518.6,518.6,0,32900,0
FINNIFTY31DEC2424250PE.NFO,2024-12-26,12:20:00,2024-12-31,518.6,518.6,518.6,518.6,0,32900,0
FINNIFTY31DEC2424250PE.NFO,2024-12-26,12:21:00,2024-12-31,518.6,518.6,518.6,518.6,0,32900,0
FINNIFTY31DEC2424250PE.NFO,2024-12-26,12:22:00,2024-12-31,518.6,518.6,518.6,518.6,0,32900,0
FINNIFTY31DEC2424250PE.NFO,2024-12-26,12:23:00,2024-12-31,518.6,518.6,518.6,518.6,0,32900,0
FINNIFTY31DEC2424250PE.NFO,2024-12-26,12:24:00,2024-12-31,518.6,518.6,518.6,518.6,0,32900,0
FINNIFTY31DEC2424250PE.NFO,2024-12-26,12:25:00,2024-12-31,518.6,518.6,518.6,518.6,0,32900,0
FINNIFTY31DEC2424250PE.NFO,2024-12-26,12:26:00,2024-12-31,518.6,518.6,518.6,518.6,0,32900,0
FINNIFTY31DEC2424250PE.NFO,2024-12-26,12:27:00,2024-12-31,518.6,532.9,518.6,532.9,25,32775,0
FINNIFTY31DEC2424250PE.NFO,2024-12-26,12:28:00,2024-12-31,532.9,533.75,532.9,533.75,25,32750,0
FINNIFTY31DEC2424250PE.NFO,2024-12-26,12:29:00,2024-12-31,533.75,533.75,533.75,533.75,0,32750,0
FINNIFTY31DEC2424250PE.NFO,2024-12-26,12:30:00,2024-12-31,533.75,533.75,533.75,533.75,0,32750,0
FINNIFTY31DEC2424250PE.NFO,2024-12-26,12:31:00,2024-12-31,533.75,533.75,519.9,519.9,25,32750,0
FINNIFTY31DEC2424250PE.NFO,2024-12-26,12:32:00,2024-12-31,519.9,519.9,519.9,519.9,0,32750,0
FINNIFTY31DEC2424250PE.NFO,2024-12-26,12:33:00,2024-12-31,519.9,529.0,519.9,529.0,25,32725,0
FINNIFTY31DEC2424250PE.NFO,2024-12-26,12:34:00,2024-12-31,529.0,529.0,529.0,529.0,0,32725,0
FINNIFTY31DEC2424250PE.NFO,2024-12-26,12:35:00,2024-12-31,529.0,529.0,529.0,529.0,0,32725,0
FINNIFTY31DEC2424250PE.NFO,2024-12-26,12:36:00,2024-12-31,529.0,529.0,529.0,529.0,0,32725,0
FINNIFTY31DEC2424250PE.NFO,2024-12-26,12:37:00,2024-12-31,529.0,529.0,529.0,529.0,0,32725,0
FINNIFTY31DEC2424250PE.NFO,2024-12-26,12:38:00,2024-12-31,529.0,529.0,529.0,529.0,0,32725,0
FINNIFTY31DEC2424250PE.NFO,2024-12-26,12:39:00,2024-12-31,529.0,529.0,529.0,529.0,0,32725,0
FINNIFTY31DEC2424250PE.NFO,2024-12-26,12:40:00,2024-12-31,529.0,529.0,529.0,529.0,0,32725,0
FINNIFTY31DEC2424250PE.NFO,2024-12-26,12:41:00,2024-12-31,529.0,529.0,529.0,529.0,0,32725,0
FINNIFTY31DEC2424250PE.NFO,2024-12-26,12:42:00,2024-12-31,529.0,529.0,529.0,529.0,0,32725,0
FINNIFTY31DEC2424250PE.NFO,2024-12-26,12:43:00,2024-12-31,529.0,529.0,529.0,529.0,0,32725,0
FINNIFTY31DEC2424250PE.NFO,2024-12-26,12:44:00,2024-12-31,529.0,529.0,529.0,529.0,0,32725,0
FINNIFTY31DEC2424250PE.NFO,2024-12-26,12:45:00,2024-12-31,529.0,529.0,529.0,529.0,0,32725,0
FINNIFTY31DEC2424250PE.NFO,2024-12-26,12:46:00,2024-12-31,529.0,529.0,529.0,529.0,0,32725,0
FINNIFTY31DEC2424250PE.NFO,2024-12-26,12:47:00,2024-12-31,529.0,529.0,529.0,529.0,0,32725,0
FINNIFTY31DEC2424250PE.NFO,2024-12-26,12:48:00,2024-12-31,529.0,529.0,529.0,529.0,0,32725,0
FINNIFTY31DEC2424250PE.NFO,2024-12-26,12:49:00,2024-12-31,529.0,529.0,529.0,529.0,0,32725,0
FINNIFTY31DEC2424250PE.NFO,2024-12-26,12:50:00,2024-12-31,529.0,529.0,529.0,529.0,0,32725,0
FINNIFTY31DEC2424250PE.NFO,2024-12-26,12:51:00,2024-12-31,529.0,529.0,529.0,529.0,0,32725,0
FINNIFTY31DEC2424250PE.NFO,2024-12-26,12:52:00,2024-12-31,529.0,529.0,529.0,529.0,0,32725,0
FINNIFTY31DEC2424250PE.NFO,2024-12-26,12:53:00,2024-12-31,529.0,529.0,529.0,529.0,0,32725,0
FINNIFTY31DEC2424250PE.NFO,2024-12-26,12:54:00,2024-12-31,529.0,529.0,529.0,529.0,0,32725,0
FINNIFTY31DEC2424250PE.NFO,2024-12-26,12:55:00,2024-12-31,529.0,529.0,529.0,529.0,0,32725,0
FINNIFTY31DEC2424250PE.NFO,2024-12-26,12:56:00,2024-12-31,529.0,529.0,529.0,529.0,0,32725,0
FINNIFTY31DEC2424250PE.NFO,2024-12-26,12:57:00,2024-12-31,529.0,529.0,529.0,529.0,0,32725,0
FINNIFTY31DEC2424250PE.NFO,2024-12-26,12:58:00,2024-12-31,529.0,529.0,529.0,529.0,0,32725,0
FINNIFTY31DEC2424250PE.NFO,2024-12-26,12:59:00,2024-12-31,529.0,529.0,529.0,529.0,0,32725,0
FINNIFTY31DEC2424250PE.NFO,2024-12-26,13:00:00,2024-12-31,529.0,529.0,529.0,529.0,0,32725,0
FINNIFTY31DEC2424250PE.NFO,2024-12-26,13:01:00,2024-12-31,529.0,529.0,515.4,515.4,25,32750,0
FINNIFTY31DEC2424250PE.NFO,2024-12-26,13:02:00,2024-12-31,515.4,515.4,515.4,515.4,0,32750,0
FINNIFTY31DEC2424250PE.NFO,2024-12-26,13:03:00,2024-12-31,515.4,515.4,515.4,515.4,0,32750,0
FINNIFTY31DEC2424250PE.NFO,2024-12-26,13:04:00,2024-12-31,515.4,515.4,515.4,515.4,0,32750,0
FINNIFTY31DEC2424250PE.NFO,2024-12-26,13:05:00,2024-12-31,515.4,515.4,504.15,504.15,25,32775,0
FINNIFTY31DEC2424250PE.NFO,2024-12-26,13:06:00,2024-12-31,504.15,504.15,504.15,504.15,0,32775,0
FINNIFTY31DEC2424250PE.NFO,2024-12-26,13:07:00,2024-12-31,504.15,504.15,504.15,504.15,0,32775,0
FINNIFTY31DEC2424250PE.NFO,2024-12-26,13:08:00,2024-12-31,504.15,504.15,504.15,504.15,0,32775,0
FINNIFTY31DEC2424250PE.NFO,2024-12-26,13:09:00,2024-12-31,504.15,504.15,504.15,504.15,0,32775,0
FINNIFTY31DEC2424250PE.NFO,2024-12-26,13:10:00,2024-12-31,504.15,504.15,504.15,504.15,0,32775,0
FINNIFTY31DEC2424250PE.NFO,2024-12-26,13:11:00,2024-12-31,504.15,504.15,504.15,504.15,0,32775,0
FINNIFTY31DEC2424250PE.NFO,2024-12-26,13:12:00,2024-12-31,504.15,504.15,504.15,504.15,0,32775,0
FINNIFTY31DEC2424250PE.NFO,2024-12-26,13:13:00,2024-12-31,504.15,504.15,504.15,504.15,0,32775,0
FINNIFTY31DEC2424250PE.NFO,2024-12-26,13:14:00,2024-12-31,504.15,504.15,504.15,504.15,0,32775,0
FINNIFTY31DEC2424250PE.NFO,2024-12-26,13:15:00,2024-12-31,504.15,504.15,504.15,504.15,0,32775,0
FINNIFTY31DEC2424250PE.NFO,2024-12-26,13:16:00,2024-12-31,504.15,504.15,504.15,504.15,0,32775,0
FINNIFTY31DEC2424250PE.NFO,2024-12-26,13:17:00,2024-12-31,504.15,504.15,504.15,504.15,0,32775,0
FINNIFTY31DEC2424250PE.NFO,2024-12-26,13:18:00,2024-12-31,504.15,504.15,504.15,504.15,0,32775,0
FINNIFTY31DEC2424250PE.NFO,2024-12-26,13:19:00,2024-12-31,504.15,504.15,504.15,504.15,0,32775,0
FINNIFTY31DEC2424250PE.NFO,2024-12-26,13:20:00,2024-12-31,504.15,504.15,504.15,504.15,0,32775,0
FINNIFTY31DEC2424250PE.NFO,2024-12-26,13:21:00,2024-12-31,504.15,504.15,504.15,504.15,0,32775,0
FINNIFTY31DEC2424250PE.NFO,2024-12-26,13:22:00,2024-12-31,504.15,504.15,504.15,504.15,0,32775,0
FINNIFTY31DEC2424250PE.NFO,2024-12-26,13:23:00,2024-12-31,504.15,515.0,504.15,515.0,50,32800,0
FINNIFTY31DEC2424250PE.NFO,2024-12-26,13:24:00,2024-12-31,515.0,515.0,515.0,515.0,0,32800,0
FINNIFTY31DEC2424250PE.NFO,2024-12-26,13:25:00,2024-12-31,515.0,515.0,515.0,515.0,0,32800,0
FINNIFTY31DEC2424250PE.NFO,2024-12-26,13:26:00,2024-12-31,515.0,515.0,515.0,515.0,0,32800,0
FINNIFTY31DEC2424250PE.NFO,2024-12-26,13:27:00,2024-12-31,515.0,515.0,515.0,515.0,0,32800,0
FINNIFTY31DEC2424250PE.NFO,2024-12-26,13:28:00,2024-12-31,515.0,515.0,515.0,515.0,0,32800,0
FINNIFTY31DEC2424250PE.NFO,2024-12-26,13:29:00,2024-12-31,515.0,515.0,515.0,515.0,0,32800,0
FINNIFTY31DEC2424250PE.NFO,2024-12-26,13:30:00,2024-12-31,515.0,515.0,515.0,515.0,0,32800,0
FINNIFTY31DEC2424250PE.NFO,2024-12-26,13:31:00,2024-12-31,515.0,515.0,515.0,515.0,0,32800,0
FINNIFTY31DEC2424250PE.NFO,2024-12-26,13:32:00,2024-12-31,515.0,515.0,515.0,515.0,0,32800,0
FINNIFTY31DEC2424250PE.NFO,2024-12-26,13:33:00,2024-12-31,515.0,515.0,515.0,515.0,0,32800,0
FINNIFTY31DEC2424250PE.NFO,2024-12-26,13:34:00,2024-12-31,515.0,535.65,515.0,535.65,50,32775,0
FINNIFTY31DEC2424250PE.NFO,2024-12-26,13:35:00,2024-12-31,535.65,535.65,535.65,535.65,0,32775,0
FINNIFTY31DEC2424250PE.NFO,2024-12-26,13:36:00,2024-12-31,535.65,535.65,535.65,535.65,0,32775,0
FINNIFTY31DEC2424250PE.NFO,2024-12-26,13:37:00,2024-12-31,535.65,535.65,535.65,535.65,0,32775,0
FINNIFTY31DEC2424250PE.NFO,2024-12-26,13:38:00,2024-12-31,535.65,535.65,535.65,535.65,0,32775,0
FINNIFTY31DEC2424250PE.NFO,2024-12-26,13:39:00,2024-12-31,535.65,535.65,535.65,535.65,0,32775,0
FINNIFTY31DEC2424250PE.NFO,2024-12-26,13:40:00,2024-12-31,535.65,535.65,535.65,535.65,0,32775,0
FINNIFTY31DEC2424250PE.NFO,2024-12-26,13:41:00,2024-12-31,535.65,535.65,535.65,535.65,0,32775,0
FINNIFTY31DEC2424250PE.NFO,2024-12-26,13:42:00,2024-12-31,535.65,535.65,535.65,535.65,0,32775,0
FINNIFTY31DEC2424250PE.NFO,2024-12-26,13:43:00,2024-12-31,535.65,535.65,535.65,535.65,0,32775,0
FINNIFTY31DEC2424250PE.NFO,2024-12-26,13:44:00,2024-12-31,535.65,535.65,535.65,535.65,0,32775,0
FINNIFTY31DEC2424250PE.NFO,2024-12-26,13:45:00,2024-12-31,535.65,535.65,535.65,535.65,0,32775,0
FINNIFTY31DEC2424250PE.NFO,2024-12-26,13:46:00,2024-12-31,535.65,535.65,535.65,535.65,0,32775,0
FINNIFTY31DEC2424250PE.NFO,2024-12-26,13:47:00,2024-12-31,535.65,535.65,535.65,535.65,0,32775,0
FINNIFTY31DEC2424250PE.NFO,2024-12-26,13:48:00,2024-12-31,535.65,535.65,535.65,535.65,0,32775,0
FINNIFTY31DEC2424250PE.NFO,2024-12-26,13:49:00,2024-12-31,535.65,535.65,535.65,535.65,0,32775,0
FINNIFTY31DEC2424250PE.NFO,2024-12-26,13:50:00,2024-12-31,535.65,535.65,521.55,521.55,250,32800,0
FINNIFTY31DEC2424250PE.NFO,2024-12-26,13:51:00,2024-12-31,521.55,533.8,521.55,533.8,500,32800,0
FINNIFTY31DEC2424250PE.NFO,2024-12-26,13:52:00,2024-12-31,533.8,538.55,533.8,538.55,250,32325,0
FINNIFTY31DEC2424250PE.NFO,2024-12-26,13:53:00,2024-12-31,538.55,538.55,538.55,538.55,0,32325,0
FINNIFTY31DEC2424250PE.NFO,2024-12-26,13:54:00,2024-12-31,538.55,538.55,538.55,538.55,0,32325,0
FINNIFTY31DEC2424250PE.NFO,2024-12-26,13:55:00,2024-12-31,538.55,538.55,528.3,528.3,25,32325,0
FINNIFTY31DEC2424250PE.NFO,2024-12-26,13:56:00,2024-12-31,528.3,528.3,521.45,521.45,25,32075,0
FINNIFTY31DEC2424250PE.NFO,2024-12-26,13:57:00,2024-12-31,521.45,521.45,521.45,521.45,0,32075,0
FINNIFTY31DEC2424250PE.NFO,2024-12-26,13:58:00,2024-12-31,521.45,521.45,521.45,521.45,0,32075,0
FINNIFTY31DEC2424250PE.NFO,2024-12-26,13:59:00,2024-12-31,521.45,521.45,521.45,521.45,0,32075,0
FINNIFTY31DEC2424250PE.NFO,2024-12-26,14:00:00,2024-12-31,521.45,521.45,521.45,521.45,0,32075,0
FINNIFTY31DEC2424250PE.NFO,2024-12-26,14:01:00,2024-12-31,521.45,521.45,521.45,521.45,0,32075,0
FINNIFTY31DEC2424250PE.NFO,2024-12-26,14:02:00,2024-12-31,521.45,521.45,521.45,521.45,0,32075,0
FINNIFTY31DEC2424250PE.NFO,2024-12-26,14:03:00,2024-12-31,521.45,521.45,521.45,521.45,0,32075,0
FINNIFTY31DEC2424250PE.NFO,2024-12-26,14:04:00,2024-12-31,521.45,521.45,521.45,521.45,0,32075,0
FINNIFTY31DEC2424250PE.NFO,2024-12-26,14:05:00,2024-12-31,521.45,521.45,521.45,521.45,0,32075,0
FINNIFTY31DEC2424250PE.NFO,2024-12-26,14:06:00,2024-12-31,521.45,521.45,521.45,521.45,0,32075,0
FINNIFTY31DEC2424250PE.NFO,2024-12-26,14:07:00,2024-12-31,521.45,521.45,521.45,521.45,0,32075,0
FINNIFTY31DEC2424250PE.NFO,2024-12-26,14:08:00,2024-12-31,521.45,521.45,521.45,521.45,0,32075,0
FINNIFTY31DEC2424250PE.NFO,2024-12-26,14:09:00,2024-12-31,521.45,521.45,521.45,521.45,0,32075,0
FINNIFTY31DEC2424250PE.NFO,2024-12-26,14:10:00,2024-12-31,521.45,521.45,521.45,521.45,0,32075,0
FINNIFTY31DEC2424250PE.NFO,2024-12-26,14:11:00,2024-12-31,521.45,521.45,521.45,521.45,0,32075,0
FINNIFTY31DEC2424250PE.NFO,2024-12-26,14:12:00,2024-12-31,521.45,521.45,521.45,521.45,0,32075,0
FINNIFTY31DEC2424250PE.NFO,2024-12-26,14:13:00,2024-12-31,521.45,521.45,521.45,521.45,0,32075,0
FINNIFTY31DEC2424250PE.NFO,2024-12-26,14:14:00,2024-12-31,521.45,521.45,521.45,521.45,0,32075,0
FINNIFTY31DEC2424250PE.NFO,2024-12-26,14:15:00,2024-12-31,521.45,521.45,521.45,521.45,0,32075,0
FINNIFTY31DEC2424250PE.NFO,2024-12-26,14:16:00,2024-12-31,521.45,521.45,521.45,521.45,0,32075,0
FINNIFTY31DEC2424250PE.NFO,2024-12-26,14:17:00,2024-12-31,521.45,521.45,521.45,521.45,0,32075,0
FINNIFTY31DEC2424250PE.NFO,2024-12-26,14:18:00,2024-12-31,521.45,521.45,521.45,521.45,0,32075,0
FINNIFTY31DEC2424250PE.NFO,2024-12-26,14:19:00,2024-12-31,521.45,521.45,521.45,521.45,0,32075,0
FINNIFTY31DEC2424250PE.NFO,2024-12-26,14:20:00,2024-12-31,521.45,521.45,504.5,504.5,25,32050,0
FINNIFTY31DEC2424250PE.NFO,2024-12-26,14:21:00,2024-12-31,504.5,504.5,504.5,504.5,0,32050,0
FINNIFTY31DEC2424250PE.NFO,2024-12-26,14:22:00,2024-12-31,504.5,504.5,504.5,504.5,0,32050,0
FINNIFTY31DEC2424250PE.NFO,2024-12-26,14:23:00,2024-12-31,504.5,504.5,504.5,504.5,0,32050,0
FINNIFTY31DEC2424250PE.NFO,2024-12-26,14:24:00,2024-12-31,504.5,504.5,504.5,504.5,0,32050,0
FINNIFTY31DEC2424250PE.NFO,2024-12-26,14:25:00,2024-12-31,504.5,504.5,504.5,504.5,0,32050,0
FINNIFTY31DEC2424250PE.NFO,2024-12-26,14:26:00,2024-12-31,504.5,504.5,504.5,504.5,0,32050,0
FINNIFTY31DEC2424250PE.NFO,2024-12-26,14:27:00,2024-12-31,504.5,504.5,504.5,504.5,0,32050,0
FINNIFTY31DEC2424250PE.NFO,2024-12-26,14:28:00,2024-12-31,504.5,504.5,504.5,504.5,0,32050,0
FINNIFTY31DEC2424250PE.NFO,2024-12-26,14:29:00,2024-12-31,504.5,504.5,504.5,504.5,0,32050,0
FINNIFTY31DEC2424250PE.NFO,2024-12-26,14:30:00,2024-12-31,504.5,504.5,504.5,504.5,0,32050,0
FINNIFTY31DEC2424250PE.NFO,2024-12-26,14:31:00,2024-12-31,504.5,504.5,504.5,504.5,0,32050,0
FINNIFTY31DEC2424250PE.NFO,2024-12-26,14:32:00,2024-12-31,504.5,504.5,504.5,504.5,0,32050,0
FINNIFTY31DEC2424250PE.NFO,2024-12-26,14:33:00,2024-12-31,504.5,504.5,504.5,504.5,0,32050,0
FINNIFTY31DEC2424250PE.NFO,2024-12-26,14:34:00,2024-12-31,504.5,504.5,504.5,504.5,0,32050,0
FINNIFTY31DEC2424250PE.NFO,2024-12-26,14:35:00,2024-12-31,504.5,504.5,504.5,504.5,0,32050,0
FINNIFTY31DEC2424250PE.NFO,2024-12-26,14:36:00,2024-12-31,504.5,504.5,504.5,504.5,0,32050,0
FINNIFTY31DEC2424250PE.NFO,2024-12-26,14:37:00,2024-12-31,504.5,504.5,504.5,504.5,0,32050,0
FINNIFTY31DEC2424250PE.NFO,2024-12-26,14:38:00,2024-12-31,504.5,504.5,504.5,504.5,0,32050,0
FINNIFTY31DEC2424250PE.NFO,2024-12-26,14:39:00,2024-12-31,504.5,504.5,504.5,504.5,0,32050,0
FINNIFTY31DEC2424250PE.NFO,2024-12-26,14:40:00,2024-12-31,504.5,504.5,504.5,504.5,0,32050,0
FINNIFTY31DEC2424250PE.NFO,2024-12-26,14:41:00,2024-12-31,504.5,504.5,504.5,504.5,0,32050,0
FINNIFTY31DEC2424250PE.NFO,2024-12-26,14:42:00,2024-12-31,504.5,504.5,504.5,504.5,0,32050,0
FINNIFTY31DEC2424250PE.NFO,2024-12-26,14:43:00,2024-12-31,504.5,504.5,504.5,504.5,0,32050,0
FINNIFTY31DEC2424250PE.NFO,2024-12-26,14:44:00,2024-12-31,504.5,504.5,504.5,504.5,0,32050,0
FINNIFTY31DEC2424250PE.NFO,2024-12-26,14:45:00,2024-12-31,504.5,504.5,504.5,504.5,0,32050,0
FINNIFTY31DEC2424250PE.NFO,2024-12-26,14:46:00,2024-12-31,504.5,504.5,504.5,504.5,0,32050,0
FINNIFTY31DEC2424250PE.NFO,2024-12-26,14:47:00,2024-12-31,504.5,504.5,503.35,503.35,25,32050,0
FINNIFTY31DEC2424250PE.NFO,2024-12-26,14:48:00,2024-12-31,503.35,503.35,503.35,503.35,0,32050,0
FINNIFTY31DEC2424250PE.NFO,2024-12-26,14:49:00,2024-12-31,503.35,503.35,503.35,503.35,0,32050,0
FINNIFTY31DEC2424250PE.NFO,2024-12-26,14:50:00,2024-12-31,503.35,503.35,503.35,503.35,0,32050,0
FINNIFTY31DEC2424250PE.NFO,2024-12-26,14:51:00,2024-12-31,503.35,503.35,503.35,503.35,0,32050,0
FINNIFTY31DEC2424250PE.NFO,2024-12-26,14:52:00,2024-12-31,503.35,503.35,503.35,503.35,0,32050,0
FINNIFTY31DEC2424250PE.NFO,2024-12-26,14:53:00,2024-12-31,503.35,503.35,503.35,503.35,0,32050,0
FINNIFTY31DEC2424250PE.NFO,2024-12-26,14:54:00,2024-12-31,503.35,503.35,503.35,503.35,0,32050,0
FINNIFTY31DEC2424250PE.NFO,2024-12-26,14:55:00,2024-12-31,503.35,503.35,503.35,503.35,0,32050,0
FINNIFTY31DEC2424250PE.NFO,2024-12-26,14:56:00,2024-12-31,503.35,503.35,503.35,503.35,0,32050,0
FINNIFTY31DEC2424250PE.NFO,2024-12-26,14:57:00,2024-12-31,503.35,503.35,503.35,503.35,0,32050,0
FINNIFTY31DEC2424250PE.NFO,2024-12-26,14:58:00,2024-12-31,503.35,503.35,503.35,503.35,0,32050,0
FINNIFTY31DEC2424250PE.NFO,2024-12-26,14:59:00,2024-12-31,503.35,503.35,503.35,503.35,0,32050,0
FINNIFTY31DEC2424250PE.NFO,2024-12-26,15:00:00,2024-12-31,503.35,503.35,498.75,498.75,25,32025,0
FINNIFTY31DEC2424250PE.NFO,2024-12-26,15:01:00,2024-12-31,498.75,498.75,498.75,498.75,0,32025,0
FINNIFTY31DEC2424250PE.NFO,2024-12-26,15:02:00,2024-12-31,498.75,498.75,498.75,498.75,0,32025,0
FINNIFTY31DEC2424250PE.NFO,2024-12-26,15:03:00,2024-12-31,498.75,498.75,498.75,498.75,0,32025,0
FINNIFTY31DEC2424250PE.NFO,2024-12-26,15:04:00,2024-12-31,498.75,498.75,498.75,498.75,0,32025,0
FINNIFTY31DEC2424250PE.NFO,2024-12-26,15:05:00,2024-12-31,498.75,498.75,498.75,498.75,0,32025,0
FINNIFTY31DEC2424250PE.NFO,2024-12-26,15:06:00,2024-12-31,498.75,498.75,498.75,498.75,0,32025,0
FINNIFTY31DEC2424250PE.NFO,2024-12-26,15:07:00,2024-12-31,498.75,498.75,498.75,498.75,0,32025,0
FINNIFTY31DEC2424250PE.NFO,2024-12-26,15:08:00,2024-12-31,498.75,498.75,498.75,498.75,0,32025,0
FINNIFTY31DEC2424250PE.NFO,2024-12-26,15:09:00,2024-12-31,498.75,498.75,498.75,498.75,0,32025,0
FINNIFTY31DEC2424250PE.NFO,2024-12-26,15:10:00,2024-12-31,498.75,498.75,479.65,479.65,50,32000,0
FINNIFTY31DEC2424250PE.NFO,2024-12-26,15:11:00,2024-12-31,479.65,479.65,479.65,479.65,0,32000,0
FINNIFTY31DEC2424250PE.NFO,2024-12-26,15:12:00,2024-12-31,479.65,479.65,479.65,479.65,0,32000,0
FINNIFTY31DEC2424250PE.NFO,2024-12-26,15:13:00,2024-12-31,479.65,479.65,479.65,479.65,0,32000,0
FINNIFTY31DEC2424250PE.NFO,2024-12-26,15:14:00,2024-12-31,479.65,479.65,479.65,479.65,0,32000,0
FINNIFTY31DEC2424250PE.NFO,2024-12-26,15:15:00,2024-12-31,479.65,479.65,479.65,479.65,0,32000,0
FINNIFTY31DEC2424250PE.NFO,2024-12-26,15:16:00,2024-12-31,479.65,479.65,479.65,479.65,0,32000,0
FINNIFTY31DEC2424250PE.NFO,2024-12-26,15:17:00,2024-12-31,479.65,479.65,479.65,479.65,0,32000,0
FINNIFTY31DEC2424250PE.NFO,2024-12-26,15:18:00,2024-12-31,479.65,479.65,479.65,479.65,0,32000,0
FINNIFTY31DEC2424250PE.NFO,2024-12-26,15:19:00,2024-12-31,479.65,479.65,479.65,479.65,0,32000,0
FINNIFTY31DEC2424250PE.NFO,2024-12-26,15:20:00,2024-12-31,479.65,479.65,479.65,479.65,0,32000,0
FINNIFTY31DEC2424250PE.NFO,2024-12-26,15:21:00,2024-12-31,479.65,479.65,479.65,479.65,0,32000,0
FINNIFTY31DEC2424250PE.NFO,2024-12-26,15:22:00,2024-12-31,479.65,479.65,479.65,479.65,0,32000,0
FINNIFTY31DEC2424250PE.NFO,2024-12-26,15:23:00,2024-12-31,479.65,479.65,479.65,479.65,0,32000,0
FINNIFTY31DEC2424250PE.NFO,2024-12-26,15:24:00,2024-12-31,479.65,479.65,479.65,479.65,0,32000,0
FINNIFTY31DEC2424250PE.NFO,2024-12-26,15:25:00,2024-12-31,479.65,479.65,460.25,460.25,125,32000,0
FINNIFTY31DEC2424250PE.NFO,2024-12-26,15:26:00,2024-12-31,460.25,460.25,459.55,459.55,25,32000,0
FINNIFTY31DEC2424250PE.NFO,2024-12-26,15:27:00,2024-12-31,459.55,459.55,459.55,459.55,0,32000,0
FINNIFTY31DEC2424250PE.NFO,2024-12-26,15:28:00,2024-12-31,459.55,459.55,459.55,459.55,0,32000,0
FINNIFTY31DEC2424250PE.NFO,2024-12-26,15:29:00,2024-12-31,459.55,459.55,459.55,459.55,0,32000,0
FINNIFTY31DEC2424250PE.NFO,2024-12-26,15:30:00,2024-12-31,459.55,459.55,459.55,459.55,0,32000,1
FINNIFTY31DEC2424250PE.NFO,2024-12-27,09:15:00,2024-12-31,421.6,421.6,421.6,421.6,0,0,0
FINNIFTY31DEC2424250PE.NFO,2024-12-27,09:16:00,2024-12-31,421.6,421.6,421.6,421.6,0,0,1
FINNIFTY31DEC2424250PE.NFO,2024-12-27,09:17:00,2024-12-31,421.6,421.6,421.6,421.6,0,0,1
FINNIFTY31DEC2424250PE.NFO,2024-12-27,09:18:00,2024-12-31,421.6,421.6,421.6,421.6,0,0,1
FINNIFTY31DEC2424250PE.NFO,2024-12-27,09:19:00,2024-12-31,421.65,428.65,421.6,421.65,25,31975,0
FINNIFTY31DEC2424250PE.NFO,2024-12-27,09:20:00,2024-12-31,421.65,421.65,421.65,421.65,0,31975,0
FINNIFTY31DEC2424250PE.NFO,2024-12-27,09:21:00,2024-12-31,421.65,421.65,421.65,421.65,0,31975,0
FINNIFTY31DEC2424250PE.NFO,2024-12-27,09:22:00,2024-12-31,421.65,421.65,421.65,421.65,0,31975,0
FINNIFTY31DEC2424250PE.NFO,2024-12-27,09:23:00,2024-12-31,421.65,424.75,421.65,424.75,25,32075,0
FINNIFTY31DEC2424250PE.NFO,2024-12-27,09:24:00,2024-12-31,424.75,424.75,424.75,424.75,0,32075,0
FINNIFTY31DEC2424250PE.NFO,2024-12-27,09:25:00,2024-12-31,424.75,424.75,404.9,404.9,25,32075,0
FINNIFTY31DEC2424250PE.NFO,2024-12-27,09:26:00,2024-12-31,404.9,419.3,404.9,419.3,25,32075,0
FINNIFTY31DEC2424250PE.NFO,2024-12-27,09:27:00,2024-12-31,419.3,430.1,419.3,430.1,25,32050,0
FINNIFTY31DEC2424250PE.NFO,2024-12-27,09:28:00,2024-12-31,430.1,430.1,430.1,430.1,0,32050,0
FINNIFTY31DEC2424250PE.NFO,2024-12-27,09:29:00,2024-12-31,430.1,430.1,430.1,430.1,0,32050,0
FINNIFTY31DEC2424250PE.NFO,2024-12-27,09:30:00,2024-12-31,430.1,430.1,430.1,430.1,0,32050,0
FINNIFTY31DEC2424250PE.NFO,2024-12-27,09:31:00,2024-12-31,430.1,430.1,430.1,430.1,0,32050,0
FINNIFTY31DEC2424250PE.NFO,2024-12-27,09:32:00,2024-12-31,430.1,430.1,430.1,430.1,0,32050,0
FINNIFTY31DEC2424250PE.NFO,2024-12-27,09:33:00,2024-12-31,430.1,430.1,430.1,430.1,0,32050,0
FINNIFTY31DEC2424250PE.NFO,2024-12-27,09:34:00,2024-12-31,430.1,430.1,430.1,430.1,0,32050,0
FINNIFTY31DEC2424250PE.NFO,2024-12-27,09:35:00,2024-12-31,430.1,430.1,430.1,430.1,0,32050,0
FINNIFTY31DEC2424250PE.NFO,2024-12-27,09:36:00,2024-12-31,430.1,430.1,430.1,430.1,0,32050,0
FINNIFTY31DEC2424250PE.NFO,2024-12-27,09:37:00,2024-12-31,430.1,430.1,430.1,430.1,0,32050,0
FINNIFTY31DEC2424250PE.NFO,2024-12-27,09:38:00,2024-12-31,430.1,430.1,430.1,430.1,0,32050,0
FINNIFTY31DEC2424250PE.NFO,2024-12-27,09:39:00,2024-12-31,430.1,430.1,430.1,430.1,0,32050,0
FINNIFTY31DEC2424250PE.NFO,2024-12-27,09:40:00,2024-12-31,430.1,430.1,430.1,430.1,0,32050,0
FINNIFTY31DEC2424250PE.NFO,2024-12-27,09:41:00,2024-12-31,430.1,430.1,430.1,430.1,0,32050,0
FINNIFTY31DEC2424250PE.NFO,2024-12-27,09:42:00,2024-12-31,430.1,430.1,430.1,430.1,0,32050,0
FINNIFTY31DEC2424250PE.NFO,2024-12-27,09:43:00,2024-12-31,430.1,430.1,410.0,410.0,25,32025,0
FINNIFTY31DEC2424250PE.NFO,2024-12-27,09:44:00,2024-12-31,410.0,410.0,410.0,410.0,0,32025,0
FINNIFTY31DEC2424250PE.NFO,2024-12-27,09:45:00,2024-12-31,410.0,410.0,388.25,388.25,50,32050,0
FINNIFTY31DEC2424250PE.NFO,2024-12-27,09:46:00,2024-12-31,388.25,388.25,388.25,388.25,0,32050,0
FINNIFTY31DEC2424250PE.NFO,2024-12-27,09:47:00,2024-12-31,388.25,388.25,375.0,375.0,25,32050,0
FINNIFTY31DEC2424250PE.NFO,2024-12-27,09:48:00,2024-12-31,375.0,375.0,375.0,375.0,0,32050,0
FINNIFTY31DEC2424250PE.NFO,2024-12-27,09:49:00,2024-12-31,375.0,375.0,375.0,375.0,0,32050,0
FINNIFTY31DEC2424250PE.NFO,2024-12-27,09:50:00,2024-12-31,375.0,375.0,375.0,375.0,0,32050,0
FINNIFTY31DEC2424250PE.NFO,2024-12-27,09:51:00,2024-12-31,375.0,375.0,375.0,375.0,0,32050,0
FINNIFTY31DEC2424250PE.NFO,2024-12-27,09:52:00,2024-12-31,375.0,375.0,375.0,375.0,25,32075,0
FINNIFTY31DEC2424250PE.NFO,2024-12-27,09:53:00,2024-12-31,375.0,375.0,375.0,375.0,0,32075,0
FINNIFTY31DEC2424250PE.NFO,2024-12-27,09:54:00,2024-12-31,375.0,375.0,375.0,375.0,0,32075,0
FINNIFTY31DEC2424250PE.NFO,2024-12-27,09:55:00,2024-12-31,375.0,375.0,368.55,368.55,25,32075,0
FINNIFTY31DEC2424250PE.NFO,2024-12-27,09:56:00,2024-12-31,368.55,369.0,362.8,368.6,825,32075,0
FINNIFTY31DEC2424250PE.NFO,2024-12-27,09:57:00,2024-12-31,368.6,368.6,368.6,368.6,0,32075,0
FINNIFTY31DEC2424250PE.NFO,2024-12-27,09:58:00,2024-12-31,368.6,368.6,368.6,368.6,0,32075,0
FINNIFTY31DEC2424250PE.NFO,2024-12-27,09:59:00,2024-12-31,368.6,368.6,368.6,368.6,0,32075,0
FINNIFTY31DEC2424250PE.NFO,2024-12-27,10:00:00,2024-12-31,368.6,368.6,368.6,368.6,0,32075,0
FINNIFTY31DEC2424250PE.NFO,2024-12-27,10:01:00,2024-12-31,368.6,368.6,368.6,368.6,0,32075,0
FINNIFTY31DEC2424250PE.NFO,2024-12-27,10:02:00,2024-12-31,368.6,368.6,368.6,368.6,0,32075,0
FINNIFTY31DEC2424250PE.NFO,2024-12-27,10:03:00,2024-12-31,368.6,368.6,360.3,360.3,25,31350,0
FINNIFTY31DEC2424250PE.NFO,2024-12-27,10:04:00,2024-12-31,360.3,360.3,360.3,360.3,0,31350,0
FINNIFTY31DEC2424250PE.NFO,2024-12-27,10:05:00,2024-12-31,360.3,360.3,360.3,360.3,0,31350,0
FINNIFTY31DEC2424250PE.NFO,2024-12-27,10:06:00,2024-12-31,360.3,360.3,360.3,360.3,0,31350,0
FINNIFTY31DEC2424250PE.NFO,2024-12-27,10:07:00,2024-12-31,360.3,363.3,360.3,363.3,25,31350,0
FINNIFTY31DEC2424250PE.NFO,2024-12-27,10:08:00,2024-12-31,363.3,363.3,352.5,352.5,250,31350,0
FINNIFTY31DEC2424250PE.NFO,2024-12-27,10:09:00,2024-12-31,352.5,356.5,352.5,356.5,25,31575,0
FINNIFTY31DEC2424250PE.NFO,2024-12-27,10:10:00,2024-12-31,356.5,356.5,343.55,343.55,0,31575,0
FINNIFTY31DEC2424250PE.NFO,2024-12-27,10:11:00,2024-12-31,343.55,343.55,333.1,333.4,275,31575,0
FINNIFTY31DEC2424250PE.NFO,2024-12-27,10:12:00,2024-12-31,333.4,341.45,333.4,341.45,25,31425,0
FINNIFTY31DEC2424250PE.NFO,2024-12-27,10:13:00,2024-12-31,341.45,341.45,341.45,341.45,0,31425,0
FINNIFTY31DEC2424250PE.NFO,2024-12-27,10:14:00,2024-12-31,341.45,341.45,335.7,335.7,25,31425,0
FINNIFTY31DEC2424250PE.NFO,2024-12-27,10:15:00,2024-12-31,335.7,340.0,333.65,340.0,50,31425,0
FINNIFTY31DEC2424250PE.NFO,2024-12-27,10:16:00,2024-12-31,340.0,340.0,340.0,340.0,0,31425,0
FINNIFTY31DEC2424250PE.NFO,2024-12-27,10:17:00,2024-12-31,340.0,340.0,340.0,340.0,0,31425,0
FINNIFTY31DEC2424250PE.NFO,2024-12-27,10:18:00,2024-12-31,340.0,340.0,340.0,340.0,0,31425,0
FINNIFTY31DEC2424250PE.NFO,2024-12-27,10:19:00,2024-12-31,340.0,341.25,340.0,341.25,25,31450,0
FINNIFTY31DEC2424250PE.NFO,2024-12-27,10:20:00,2024-12-31,341.25,341.25,341.25,341.25,0,31450,0
FINNIFTY31DEC2424250PE.NFO,2024-12-27,10:21:00,2024-12-31,341.25,351.95,341.25,351.95,75,31450,0
FINNIFTY31DEC2424250PE.NFO,2024-12-27,10:22:00,2024-12-31,351.95,351.95,351.95,351.95,0,31450,0
FINNIFTY31DEC2424250PE.NFO,2024-12-27,10:23:00,2024-12-31,351.95,351.95,351.95,351.95,0,31450,0
FINNIFTY31DEC2424250PE.NFO,2024-12-27,10:24:00,2024-12-31,351.95,351.95,351.95,351.95,0,31450,0
FINNIFTY31DEC2424250PE.NFO,2024-12-27,10:25:00,2024-12-31,351.95,355.8,351.95,355.8,75,31475,0
FINNIFTY31DEC2424250PE.NFO,2024-12-27,10:26:00,2024-12-31,355.8,355.8,355.8,355.8,0,31475,0
FINNIFTY31DEC2424250PE.NFO,2024-12-27,10:27:00,2024-12-31,355.8,366.4,355.8,366.4,75,31525,0
FINNIFTY31DEC2424250PE.NFO,2024-12-27,10:28:00,2024-12-31,366.4,366.4,362.55,362.55,25,31525,0
FINNIFTY31DEC2424250PE.NFO,2024-12-27,10:29:00,2024-12-31,362.55,362.55,362.55,362.55,0,31525,0
FINNIFTY31DEC2424250PE.NFO,2024-12-27,10:30:00,2024-12-31,362.55,362.55,362.55,362.55,0,31525,0
FINNIFTY31DEC2424250PE.NFO,2024-12-27,10:31:00,2024-12-31,362.55,362.55,362.55,362.55,0,31525,0
FINNIFTY31DEC2424250PE.NFO,2024-12-27,10:32:00,2024-12-31,362.55,362.55,349.15,349.15,25,31550,0
FINNIFTY31DEC2424250PE.NFO,2024-12-27,10:33:00,2024-12-31,349.15,349.15,349.15,349.15,0,31550,0
FINNIFTY31DEC2424250PE.NFO,2024-12-27,10:34:00,2024-12-31,349.15,349.15,338.5,338.5,25,31550,0
FINNIFTY31DEC2424250PE.NFO,2024-12-27,10:35:00,2024-12-31,338.5,338.5,338.5,338.5,25,31550,0
FINNIFTY31DEC2424250PE.NFO,2024-12-27,10:36:00,2024-12-31,338.5,338.5,338.5,338.5,0,31550,0
FINNIFTY31DEC2424250PE.NFO,2024-12-27,10:37:00,2024-12-31,338.5,338.5,338.0,338.0,25,31550,0
FINNIFTY31DEC2424250PE.NFO,2024-12-27,10:38:00,2024-12-31,338.0,338.0,338.0,338.0,0,31550,0
FINNIFTY31DEC2424250PE.NFO,2024-12-27,10:39:00,2024-12-31,338.0,338.0,338.0,338.0,0,31550,0
FINNIFTY31DEC2424250PE.NFO,2024-12-27,10:40:00,2024-12-31,338.0,338.0,338.0,338.0,0,31550,0
FINNIFTY31DEC2424250PE.NFO,2024-12-27,10:41:00,2024-12-31,338.0,338.0,338.0,338.0,0,31550,0
FINNIFTY31DEC2424250PE.NFO,2024-12-27,10:42:00,2024-12-31,338.0,338.0,338.0,338.0,0,31550,0
FINNIFTY31DEC2424250PE.NFO,2024-12-27,10:43:00,2024-12-31,338.0,338.0,338.0,338.0,0,31550,0
FINNIFTY31DEC2424250PE.NFO,2024-12-27,10:44:00,2024-12-31,338.0,338.0,338.0,338.0,0,31550,0
FINNIFTY31DEC2424250PE.NFO,2024-12-27,10:45:00,2024-12-31,338.0,364.65,338.0,361.35,50,31525,0
FINNIFTY31DEC2424250PE.NFO,2024-12-27,10:46:00,2024-12-31,361.35,361.35,361.35,361.35,0,31525,0
FINNIFTY31DEC2424250PE.NFO,2024-12-27,10:47:00,2024-12-31,361.35,361.35,361.35,361.35,0,31525,0
FINNIFTY31DEC2424250PE.NFO,2024-12-27,10:48:00,2024-12-31,361.35,379.7,361.35,374.8,75,31525,0
FINNIFTY31DEC2424250PE.NFO,2024-12-27,10:49:00,2024-12-31,374.8,374.8,374.8,374.8,0,31525,0
FINNIFTY31DEC2424250PE.NFO,2024-12-27,10:50:00,2024-12-31,374.8,376.05,374.8,376.05,25,31525,0
FINNIFTY31DEC2424250PE.NFO,2024-12-27,10:51:00,2024-12-31,376.05,376.05,369.7,369.7,50,31525,0
FINNIFTY31DEC2424250PE.NFO,2024-12-27,10:52:00,2024-12-31,369.7,369.7,369.7,369.7,0,31525,0
FINNIFTY31DEC2424250PE.NFO,2024-12-27,10:53:00,2024-12-31,369.7,369.7,369.7,369.7,0,31525,0
FINNIFTY31DEC2424250PE.NFO,2024-12-27,10:54:00,2024-12-31,369.7,371.8,369.7,371.8,25,31525,0
FINNIFTY31DEC2424250PE.NFO,2024-12-27,10:55:00,2024-12-31,371.8,371.8,371.8,371.8,0,31525,0
FINNIFTY31DEC2424250PE.NFO,2024-12-27,10:56:00,2024-12-31,371.8,371.8,371.8,371.8,0,31525,0
FINNIFTY31DEC2424250PE.NFO,2024-12-27,10:57:00,2024-12-31,371.8,371.8,371.8,371.8,0,31525,0
FINNIFTY31DEC2424250PE.NFO,2024-12-27,10:58:00,2024-12-31,371.8,371.8,355.0,360.15,125,31525,0
FINNIFTY31DEC2424250PE.NFO,2024-12-27,10:59:00,2024-12-31,360.15,360.15,360.15,360.15,0,31525,0
FINNIFTY31DEC2424250PE.NFO,2024-12-27,11:00:00,2024-12-31,360.15,360.15,360.15,360.15,0,31525,0
FINNIFTY31DEC2424250PE.NFO,2024-12-27,11:01:00,2024-12-31,360.15,368.5,360.15,368.5,25,31525,0
FINNIFTY31DEC2424250PE.NFO,2024-12-27,11:02:00,2024-12-31,368.5,370.0,368.5,370.0,100,31525,0
FINNIFTY31DEC2424250PE.NFO,2024-12-27,11:03:00,2024-12-31,370.0,377.95,370.0,377.95,25,31450,0
FINNIFTY31DEC2424250PE.NFO,2024-12-27,11:04:00,2024-12-31,377.95,377.95,377.95,377.95,0,31450,0
FINNIFTY31DEC2424250PE.NFO,2024-12-27,11:05:00,2024-12-31,377.95,377.95,377.95,377.95,0,31450,0
FINNIFTY31DEC2424250PE.NFO,2024-12-27,11:06:00,2024-12-31,377.95,382.15,377.95,382.15,0,31450,0
FINNIFTY31DEC2424250PE.NFO,2024-12-27,11:07:00,2024-12-31,382.15,382.15,382.15,382.15,0,31450,0
FINNIFTY31DEC2424250PE.NFO,2024-12-27,11:08:00,2024-12-31,382.15,382.15,382.15,382.15,0,31450,0
FINNIFTY31DEC2424250PE.NFO,2024-12-27,11:09:00,2024-12-31,382.15,382.15,382.15,382.15,0,31450,0
FINNIFTY31DEC2424250PE.NFO,2024-12-27,11:10:00,2024-12-31,375.2,375.2,375.2,375.2,25,31425,0
FINNIFTY31DEC2424250PE.NFO,2024-12-27,11:11:00,2024-12-31,375.2,375.2,375.2,375.2,0,31425,0
FINNIFTY31DEC2424250PE.NFO,2024-12-27,11:12:00,2024-12-31,375.2,375.2,362.5,362.5,25,31425,0
FINNIFTY31DEC2424250PE.NFO,2024-12-27,11:13:00,2024-12-31,362.5,362.5,362.5,362.5,0,31425,0
FINNIFTY31DEC2424250PE.NFO,2024-12-27,11:14:00,2024-12-31,362.5,362.5,362.5,362.5,0,31425,0
FINNIFTY31DEC2424250PE.NFO,2024-12-27,11:15:00,2024-12-31,362.5,362.5,362.5,362.5,0,31425,0
FINNIFTY31DEC2424250PE.NFO,2024-12-27,11:16:00,2024-12-31,362.5,362.5,362.5,362.5,0,31425,0
FINNIFTY31DEC2424250PE.NFO,2024-12-27,11:17:00,2024-12-31,362.5,362.5,362.5,362.5,0,31425,0
FINNIFTY31DEC2424250PE.NFO,2024-12-27,11:18:00,2024-12-31,362.5,362.5,362.5,362.5,0,31425,0
FINNIFTY31DEC2424250PE.NFO,2024-12-27,11:19:00,2024-12-31,362.5,362.5,362.5,362.5,0,31425,0
FINNIFTY31DEC2424250PE.NFO,2024-12-27,11:20:00,2024-12-31,362.5,362.5,362.5,362.5,0,31425,0
FINNIFTY31DEC2424250PE.NFO,2024-12-27,11:21:00,2024-12-31,362.5,362.5,362.5,362.5,0,31425,0
FINNIFTY31DEC2424250PE.NFO,2024-12-27,11:22:00,2024-12-31,362.5,362.5,362.5,362.5,0,31425,0
FINNIFTY31DEC2424250PE.NFO,2024-12-27,11:23:00,2024-12-31,362.5,399.15,362.5,397.65,1500,31425,0
FINNIFTY31DEC2424250PE.NFO,2024-12-27,11:24:00,2024-12-31,397.65,407.95,397.65,407.95,150,31575,0
FINNIFTY31DEC2424250PE.NFO,2024-12-27,11:25:00,2024-12-31,407.95,413.6,407.95,413.6,425,31575,0
FINNIFTY31DEC2424250PE.NFO,2024-12-27,11:26:00,2024-12-31,413.6,413.6,413.6,413.6,0,31575,0
FINNIFTY31DEC2424250PE.NFO,2024-12-27,11:27:00,2024-12-31,413.6,413.6,405.55,405.55,150,31575,0
FINNIFTY31DEC2424250PE.NFO,2024-12-27,11:28:00,2024-12-31,405.55,405.55,405.55,405.55,0,31575,0
FINNIFTY31DEC2424250PE.NFO,2024-12-27,11:29:00,2024-12-31,405.55,405.55,405.55,405.55,0,31575,0
FINNIFTY31DEC2424250PE.NFO,2024-12-27,11:30:00,2024-12-31,405.55,405.55,405.55,405.55,0,31575,0
FINNIFTY31DEC2424250PE.NFO,2024-12-27,11:31:00,2024-12-31,405.55,405.55,405.55,405.55,0,31575,0
FINNIFTY31DEC2424250PE.NFO,2024-12-27,11:32:00,2024-12-31,405.55,405.55,405.55,405.55,0,31575,0
FINNIFTY31DEC2424250PE.NFO,2024-12-27,11:33:00,2024-12-31,405.55,405.55,405.55,405.55,0,31575,0
FINNIFTY31DEC2424250PE.NFO,2024-12-27,11:34:00,2024-12-31,405.55,405.55,405.55,405.55,0,31575,0
FINNIFTY31DEC2424250PE.NFO,2024-12-27,11:35:00,2024-12-31,405.55,426.05,405.55,426.05,50,31225,0
FINNIFTY31DEC2424250PE.NFO,2024-12-27,11:36:00,2024-12-31,426.05,426.05,426.05,426.05,0,31225,0
FINNIFTY31DEC2424250PE.NFO,2024-12-27,11:37:00,2024-12-31,426.05,426.05,426.05,426.05,0,31225,0
FINNIFTY31DEC2424250PE.NFO,2024-12-27,11:38:00,2024-12-31,426.05,426.05,426.05,426.05,0,31225,0
FINNIFTY31DEC2424250PE.NFO,2024-12-27,11:39:00,2024-12-31,426.05,426.05,426.05,426.05,0,31225,0
FINNIFTY31DEC2424250PE.NFO,2024-12-27,11:40:00,2024-12-31,426.05,426.05,426.05,426.05,0,31225,0
FINNIFTY31DEC2424250PE.NFO,2024-12-27,11:41:00,2024-12-31,426.05,426.05,426.05,426.05,0,31225,0
FINNIFTY31DEC2424250PE.NFO,2024-12-27,11:42:00,2024-12-31,426.05,426.05,426.05,426.05,0,31225,0
FINNIFTY31DEC2424250PE.NFO,2024-12-27,11:43:00,2024-12-31,426.05,426.05,426.05,426.05,0,31225,0
FINNIFTY31DEC2424250PE.NFO,2024-12-27,11:44:00,2024-12-31,426.05,426.05,426.05,426.05,0,31225,0
FINNIFTY31DEC2424250PE.NFO,2024-12-27,11:45:00,2024-12-31,426.05,426.05,411.25,411.25,25,31200,0
FINNIFTY31DEC2424250PE.NFO,2024-12-27,11:46:00,2024-12-31,411.25,411.25,411.25,411.25,0,31200,0
FINNIFTY31DEC2424250PE.NFO,2024-12-27,11:47:00,2024-12-31,411.25,411.25,411.25,411.25,0,31200,0
FINNIFTY31DEC2424250PE.NFO,2024-12-27,11:48:00,2024-12-31,411.25,411.25,411.25,411.25,0,31200,0
FINNIFTY31DEC2424250PE.NFO,2024-12-27,11:49:00,2024-12-31,411.25,411.25,411.25,411.25,0,31200,0
FINNIFTY31DEC2424250PE.NFO,2024-12-27,11:50:00,2024-12-31,411.25,411.25,411.25,411.25,0,31200,0
FINNIFTY31DEC2424250PE.NFO,2024-12-27,11:51:00,2024-12-31,411.25,411.25,411.25,411.25,0,31200,0
FINNIFTY31DEC2424250PE.NFO,2024-12-27,11:52:00,2024-12-31,411.25,415.2,411.25,415.2,25,31200,0
FINNIFTY31DEC2424250PE.NFO,2024-12-27,11:53:00,2024-12-31,415.2,415.2,415.2,415.2,0,31200,0
FINNIFTY31DEC2424250PE.NFO,2024-12-27,11:54:00,2024-12-31,415.2,415.2,415.2,415.2,0,31200,0
FINNIFTY31DEC2424250PE.NFO,2024-12-27,11:55:00,2024-12-31,415.2,415.2,415.2,415.2,0,31200,0
FINNIFTY31DEC2424250PE.NFO,2024-12-27,11:56:00,2024-12-31,415.2,415.2,415.2,415.2,0,31200,0
FINNIFTY31DEC2424250PE.NFO,2024-12-27,11:57:00,2024-12-31,415.2,415.2,415.2,415.2,0,31200,0
FINNIFTY31DEC2424250PE.NFO,2024-12-27,11:58:00,2024-12-31,415.2,415.2,415.2,415.2,0,31200,0
FINNIFTY31DEC2424250PE.NFO,2024-12-27,11:59:00,2024-12-31,415.2,415.2,415.2,415.2,0,31200,0
FINNIFTY31DEC2424250PE.NFO,2024-12-27,12:00:00,2024-12-31,415.2,415.2,415.2,415.2,0,31200,0
FINNIFTY31DEC2424250PE.NFO,2024-12-27,12:01:00,2024-12-31,415.2,415.2,415.2,415.2,0,31200,0
FINNIFTY31DEC2424250PE.NFO,2024-12-27,12:02:00,2024-12-31,415.2,415.2,415.2,415.2,0,31200,0
FINNIFTY31DEC2424250PE.NFO,2024-12-27,12:03:00,2024-12-31,415.2,415.2,415.2,415.2,0,31200,0
FINNIFTY31DEC2424250PE.NFO,2024-12-27,12:04:00,2024-12-31,415.2,415.2,415.2,415.2,0,31200,0
FINNIFTY31DEC2424250PE.NFO,2024-12-27,12:05:00,2024-12-31,415.2,415.2,415.2,415.2,0,31200,0
FINNIFTY31DEC2424250PE.NFO,2024-12-27,12:06:00,2024-12-31,415.2,415.2,415.2,415.2,0,31200,0
FINNIFTY31DEC2424250PE.NFO,2024-12-27,12:07:00,2024-12-31,415.2,415.2,415.2,415.2,0,31200,0
FINNIFTY31DEC2424250PE.NFO,2024-12-27,12:08:00,2024-12-31,415.2,415.2,415.2,415.2,0,31200,0
FINNIFTY31DEC2424250PE.NFO,2024-12-27,12:09:00,2024-12-31,415.2,415.2,415.2,415.2,0,31200,0
FINNIFTY31DEC2424250PE.NFO,2024-12-27,12:10:00,2024-12-31,415.2,415.2,415.2,415.2,0,31200,0
FINNIFTY31DEC2424250PE.NFO,2024-12-27,12:11:00,2024-12-31,415.2,415.2,415.2,415.2,0,31200,0
FINNIFTY31DEC2424250PE.NFO,2024-12-27,12:12:00,2024-12-31,415.2,443.45,415.2,443.45,75,31175,0
FINNIFTY31DEC2424250PE.NFO,2024-12-27,12:13:00,2024-12-31,443.45,443.45,443.45,443.45,0,31175,0
FINNIFTY31DEC2424250PE.NFO,2024-12-27,12:14:00,2024-12-31,443.45,443.45,443.45,443.45,0,31175,0
FINNIFTY31DEC2424250PE.NFO,2024-12-27,12:15:00,2024-12-31,443.45,443.45,443.45,443.45,0,31175,0
FINNIFTY31DEC2424250PE.NFO,2024-12-27,12:16:00,2024-12-31,443.45,456.55,443.45,456.55,75,31200,0
FINNIFTY31DEC2424250PE.NFO,2024-12-27,12:17:00,2024-12-31,456.55,456.55,456.55,456.55,0,31200,0
FINNIFTY31DEC2424250PE.NFO,2024-12-27,12:18:00,2024-12-31,456.55,456.55,456.55,456.55,0,31200,0
FINNIFTY31DEC2424250PE.NFO,2024-12-27,12:19:00,2024-12-31,456.55,456.55,456.55,456.55,0,31200,0
FINNIFTY31DEC2424250PE.NFO,2024-12-27,12:20:00,2024-12-31,456.55,456.55,456.55,456.55,0,31200,0
FINNIFTY31DEC2424250PE.NFO,2024-12-27,12:21:00,2024-12-31,456.55,456.55,456.55,456.55,0,31200,0
FINNIFTY31DEC2424250PE.NFO,2024-12-27,12:22:00,2024-12-31,456.55,456.55,456.55,456.55,0,31200,0
FINNIFTY31DEC2424250PE.NFO,2024-12-27,12:23:00,2024-12-31,456.55,456.55,456.55,456.55,0,31200,0
FINNIFTY31DEC2424250PE.NFO,2024-12-27,12:24:00,2024-12-31,456.55,456.55,456.55,456.55,0,31200,0
FINNIFTY31DEC2424250PE.NFO,2024-12-27,12:25:00,2024-12-31,456.55,456.55,456.55,456.55,0,31200,0
FINNIFTY31DEC2424250PE.NFO,2024-12-27,12:26:00,2024-12-31,456.55,456.55,456.55,456.55,0,31200,0
FINNIFTY31DEC2424250PE.NFO,2024-12-27,12:27:00,2024-12-31,456.55,456.55,456.55,456.55,0,31200,0
FINNIFTY31DEC2424250PE.NFO,2024-12-27,12:28:00,2024-12-31,456.55,456.55,456.55,456.55,0,31200,0
FINNIFTY31DEC2424250PE.NFO,2024-12-27,12:29:00,2024-12-31,456.55,456.55,450.5,450.5,100,31125,0
FINNIFTY31DEC2424250PE.NFO,2024-12-27,12:30:00,2024-12-31,450.5,458.7,450.5,458.35,75,30975,0
FINNIFTY31DEC2424250PE.NFO,2024-12-27,12:31:00,2024-12-31,458.25,461.65,451.3,451.3,200,30975,0
FINNIFTY31DEC2424250PE.NFO,2024-12-27,12:32:00,2024-12-31,451.3,451.3,447.85,448.5,150,30975,0
FINNIFTY31DEC2424250PE.NFO,2024-12-27,12:33:00,2024-12-31,448.5,448.8,444.4,448.5,175,30875,0
FINNIFTY31DEC2424250PE.NFO,2024-12-27,12:34:00,2024-12-31,448.5,450.0,448.5,450.0,25,30875,0
FINNIFTY31DEC2424250PE.NFO,2024-12-27,12:35:00,2024-12-31,450.0,450.0,450.0,450.0,0,30875,0
FINNIFTY31DEC2424250PE.NFO,2024-12-27,12:36:00,2024-12-31,450.0,450.0,450.0,450.0,0,30875,0
FINNIFTY31DEC2424250PE.NFO,2024-12-27,12:37:00,2024-12-31,450.0,450.0,450.0,450.0,0,30875,0
FINNIFTY31DEC2424250PE.NFO,2024-12-27,12:38:00,2024-12-31,450.0,450.0,450.0,450.0,0,30875,0
FINNIFTY31DEC2424250PE.NFO,2024-12-27,12:39:00,2024-12-31,450.0,450.0,450.0,450.0,0,30875,0
FINNIFTY31DEC2424250PE.NFO,2024-12-27,12:40:00,2024-12-31,450.0,450.0,450.0,450.0,0,30875,0
FINNIFTY31DEC2424250PE.NFO,2024-12-27,12:41:00,2024-12-31,450.0,450.0,450.0,450.0,0,30875,0
FINNIFTY31DEC2424250PE.NFO,2024-12-27,12:42:00,2024-12-31,450.0,465.2,450.0,465.2,25,30875,0
FINNIFTY31DEC2424250PE.NFO,2024-12-27,12:43:00,2024-12-31,465.2,465.2,465.2,465.2,0,30875,0
FINNIFTY31DEC2424250PE.NFO,2024-12-27,12:44:00,2024-12-31,465.2,465.2,465.2,465.2,0,30875,0
FINNIFTY31DEC2424250PE.NFO,2024-12-27,12:45:00,2024-12-31,465.2,465.2,465.2,465.2,0,30875,0
FINNIFTY31DEC2424250PE.NFO,2024-12-27,12:46:00,2024-12-31,465.2,465.2,465.2,465.2,0,30875,0
FINNIFTY31DEC2424250PE.NFO,2024-12-27,12:47:00,2024-12-31,465.2,465.2,465.2,465.2,0,30875,0
FINNIFTY31DEC2424250PE.NFO,2024-12-27,12:48:00,2024-12-31,465.2,465.2,465.2,465.2,0,30875,0
FINNIFTY31DEC2424250PE.NFO,2024-12-27,12:49:00,2024-12-31,465.2,465.2,465.2,465.2,0,30875,0
FINNIFTY31DEC2424250PE.NFO,2024-12-27,12:50:00,2024-12-31,465.2,465.2,465.2,465.2,0,30875,0
FINNIFTY31DEC2424250PE.NFO,2024-12-27,12:51:00,2024-12-31,465.2,465.2,465.2,465.2,0,30875,0
FINNIFTY31DEC2424250PE.NFO,2024-12-27,12:52:00,2024-12-31,465.2,465.2,465.2,465.2,0,30875,0
FINNIFTY31DEC2424250PE.NFO,2024-12-27,12:53:00,2024-12-31,465.2,465.2,465.2,465.2,0,30875,0
FINNIFTY31DEC2424250PE.NFO,2024-12-27,12:54:00,2024-12-31,465.2,465.2,465.2,465.2,0,30875,0
FINNIFTY31DEC2424250PE.NFO,2024-12-27,12:55:00,2024-12-31,465.2,465.2,465.2,465.2,0,30875,0
FINNIFTY31DEC2424250PE.NFO,2024-12-27,12:56:00,2024-12-31,465.2,466.8,465.2,466.8,25,30875,0
FINNIFTY31DEC2424250PE.NFO,2024-12-27,12:57:00,2024-12-31,466.8,466.8,466.8,466.8,0,30875,0
FINNIFTY31DEC2424250PE.NFO,2024-12-27,12:58:00,2024-12-31,466.8,466.8,466.8,466.8,0,30875,0
FINNIFTY31DEC2424250PE.NFO,2024-12-27,12:59:00,2024-12-31,466.8,471.7,466.8,471.7,25,30875,0
FINNIFTY31DEC2424250PE.NFO,2024-12-27,13:00:00,2024-12-31,471.7,471.7,471.7,471.7,0,30875,0
FINNIFTY31DEC2424250PE.NFO,2024-12-27,13:01:00,2024-12-31,471.7,471.7,471.7,471.7,0,30875,0
FINNIFTY31DEC2424250PE.NFO,2024-12-27,13:02:00,2024-12-31,471.7,471.7,471.7,471.7,0,30875,0
FINNIFTY31DEC2424250PE.NFO,2024-12-27,13:03:00,2024-12-31,471.7,471.7,471.7,471.7,0,30875,0
FINNIFTY31DEC2424250PE.NFO,2024-12-27,13:04:00,2024-12-31,471.7,471.7,471.7,471.7,0,30875,0
FINNIFTY31DEC2424250PE.NFO,2024-12-27,13:05:00,2024-12-31,471.7,471.7,471.7,471.7,0,30875,0
FINNIFTY31DEC2424250PE.NFO,2024-12-27,13:06:00,2024-12-31,471.7,471.7,471.7,471.7,0,30875,0
FINNIFTY31DEC2424250PE.NFO,2024-12-27,13:07:00,2024-12-31,471.7,471.7,471.7,471.7,0,30875,0
FINNIFTY31DEC2424250PE.NFO,2024-12-27,13:08:00,2024-12-31,471.7,471.7,456.55,457.15,300,30875,0
FINNIFTY31DEC2424250PE.NFO,2024-12-27,13:09:00,2024-12-31,457.15,457.15,449.1,449.1,75,30750,0
FINNIFTY31DEC2424250PE.NFO,2024-12-27,13:10:00,2024-12-31,449.1,449.1,445.9,445.9,50,30750,0
FINNIFTY31DEC2424250PE.NFO,2024-12-27,13:11:00,2024-12-31,445.9,445.9,445.9,445.9,0,30750,0
FINNIFTY31DEC2424250PE.NFO,2024-12-27,13:12:00,2024-12-31,445.9,445.9,445.9,445.9,0,30750,0
FINNIFTY31DEC2424250PE.NFO,2024-12-27,13:13:00,2024-12-31,445.9,445.9,445.9,445.9,0,30750,0
FINNIFTY31DEC2424250PE.NFO,2024-12-27,13:14:00,2024-12-31,445.9,445.9,445.9,445.9,0,30750,0
FINNIFTY31DEC2424250PE.NFO,2024-12-27,13:15:00,2024-12-31,445.9,445.9,445.9,445.9,0,30750,0
FINNIFTY31DEC2424250PE.NFO,2024-12-27,13:16:00,2024-12-31,445.9,459.3,445.9,454.3,50,30700,0
FINNIFTY31DEC2424250PE.NFO,2024-12-27,13:17:00,2024-12-31,454.3,454.3,454.3,454.3,0,30700,0
FINNIFTY31DEC2424250PE.NFO,2024-12-27,13:18:00,2024-12-31,454.3,454.3,449.9,449.9,25,30700,0
FINNIFTY31DEC2424250PE.NFO,2024-12-27,13:19:00,2024-12-31,449.9,449.9,449.9,449.9,0,30700,0
FINNIFTY31DEC2424250PE.NFO,2024-12-27,13:20:00,2024-12-31,449.9,449.9,441.05,441.05,100,30700,0
FINNIFTY31DEC2424250PE.NFO,2024-12-27,13:21:00,2024-12-31,441.05,441.05,441.05,441.05,0,30700,0
FINNIFTY31DEC2424250PE.NFO,2024-12-27,13:22:00,2024-12-31,441.05,441.05,441.05,441.05,0,30700,0
FINNIFTY31DEC2424250PE.NFO,2024-12-27,13:23:00,2024-12-31,441.05,441.05,441.05,441.05,0,30700,0
FINNIFTY31DEC2424250PE.NFO,2024-12-27,13:24:00,2024-12-31,441.05,441.05,441.05,441.05,0,30700,0
FINNIFTY31DEC2424250PE.NFO,2024-12-27,13:25:00,2024-12-31,441.05,441.05,441.05,441.05,0,30700,0
FINNIFTY31DEC2424250PE.NFO,2024-12-27,13:26:00,2024-12-31,441.05,441.05,441.05,441.05,0,30700,0
FINNIFTY31DEC2424250PE.NFO,2024-12-27,13:27:00,2024-12-31,441.05,441.05,441.05,441.05,0,30700,0
FINNIFTY31DEC2424250PE.NFO,2024-12-27,13:28:00,2024-12-31,441.05,441.05,441.05,441.05,0,30700,0
FINNIFTY31DEC2424250PE.NFO,2024-12-27,13:29:00,2024-12-31,441.05,441.05,441.05,441.05,0,30700,0
FINNIFTY31DEC2424250PE.NFO,2024-12-27,13:30:00,2024-12-31,441.05,441.05,441.05,441.05,0,30700,0
FINNIFTY31DEC2424250PE.NFO,2024-12-27,13:31:00,2024-12-31,441.05,441.05,441.05,441.05,0,30700,0
FINNIFTY31DEC2424250PE.NFO,2024-12-27,13:32:00,2024-12-31,441.05,441.05,441.05,441.05,0,30700,0
FINNIFTY31DEC2424250PE.NFO,2024-12-27,13:33:00,2024-12-31,441.05,441.05,441.05,441.05,0,30700,0
FINNIFTY31DEC2424250PE.NFO,2024-12-27,13:34:00,2024-12-31,441.05,441.05,441.05,441.05,0,30700,0
FINNIFTY31DEC2424250PE.NFO,2024-12-27,13:35:00,2024-12-31,441.05,441.05,441.05,441.05,0,30700,0
FINNIFTY31DEC2424250PE.NFO,2024-12-27,13:36:00,2024-12-31,441.05,441.05,441.05,441.05,0,30700,0
FINNIFTY31DEC2424250PE.NFO,2024-12-27,13:37:00,2024-12-31,441.05,441.05,441.05,441.05,0,30700,0
FINNIFTY31DEC2424250PE.NFO,2024-12-27,13:38:00,2024-12-31,441.05,441.05,441.05,441.05,0,30700,0
FINNIFTY31DEC2424250PE.NFO,2024-12-27,13:39:00,2024-12-31,441.05,441.05,441.05,441.05,0,30700,0
FINNIFTY31DEC2424250PE.NFO,2024-12-27,13:40:00,2024-12-31,441.05,441.05,441.05,441.05,0,30700,0
FINNIFTY31DEC2424250PE.NFO,2024-12-27,13:41:00,2024-12-31,441.05,441.05,441.05,441.05,0,30700,0
FINNIFTY31DEC2424250PE.NFO,2024-12-27,13:42:00,2024-12-31,441.05,441.05,441.05,441.05,0,30700,0
FINNIFTY31DEC2424250PE.NFO,2024-12-27,13:43:00,2024-12-31,441.05,441.05,441.05,441.05,0,30700,0
FINNIFTY31DEC2424250PE.NFO,2024-12-27,13:44:00,2024-12-31,441.05,441.05,441.05,441.05,0,30700,0
FINNIFTY31DEC2424250PE.NFO,2024-12-27,13:45:00,2024-12-31,441.05,441.05,441.05,441.05,0,30700,0
FINNIFTY31DEC2424250PE.NFO,2024-12-27,13:46:00,2024-12-31,441.05,441.05,441.05,441.05,0,30700,0
FINNIFTY31DEC2424250PE.NFO,2024-12-27,13:47:00,2024-12-31,441.05,441.05,441.05,441.05,0,30700,0
FINNIFTY31DEC2424250PE.NFO,2024-12-27,13:48:00,2024-12-31,441.05,441.05,441.05,441.05,0,30700,0
FINNIFTY31DEC2424250PE.NFO,2024-12-27,13:49:00,2024-12-31,441.05,441.05,441.05,441.05,0,30700,0
FINNIFTY31DEC2424250PE.NFO,2024-12-27,13:50:00,2024-12-31,441.05,441.05,441.05,441.05,0,30700,0
FINNIFTY31DEC2424250PE.NFO,2024-12-27,13:51:00,2024-12-31,441.05,441.05,441.05,441.05,0,30700,0
FINNIFTY31DEC2424250PE.NFO,2024-12-27,13:52:00,2024-12-31,441.05,441.05,441.05,441.05,0,30700,0
FINNIFTY31DEC2424250PE.NFO,2024-12-27,13:53:00,2024-12-31,441.05,441.05,441.05,441.05,0,30700,0
FINNIFTY31DEC2424250PE.NFO,2024-12-27,13:54:00,2024-12-31,441.05,441.05,441.05,441.05,0,30700,0
FINNIFTY31DEC2424250PE.NFO,2024-12-27,13:55:00,2024-12-31,441.05,441.05,441.05,441.05,0,30700,0
FINNIFTY31DEC2424250PE.NFO,2024-12-27,13:56:00,2024-12-31,441.05,441.05,441.05,441.05,0,30700,0
FINNIFTY31DEC2424250PE.NFO,2024-12-27,13:57:00,2024-12-31,441.05,441.05,441.05,441.05,0,30700,0
FINNIFTY31DEC2424250PE.NFO,2024-12-27,13:58:00,2024-12-31,441.05,441.05,441.05,441.05,0,30700,0
FINNIFTY31DEC2424250PE.NFO,2024-12-27,13:59:00,2024-12-31,441.05,441.05,441.05,441.05,0,30700,0
FINNIFTY31DEC2424250PE.NFO,2024-12-27,14:00:00,2024-12-31,441.05,441.05,417.55,417.55,1625,30650,0
FINNIFTY31DEC2424250PE.NFO,2024-12-27,14:01:00,2024-12-31,417.55,417.55,417.55,417.55,0,30650,0
FINNIFTY31DEC2424250PE.NFO,2024-12-27,14:02:00,2024-12-31,417.55,417.55,417.55,417.55,0,30650,0
FINNIFTY31DEC2424250PE.NFO,2024-12-27,14:03:00,2024-12-31,417.55,417.55,417.55,417.55,0,30650,0
FINNIFTY31DEC2424250PE.NFO,2024-12-27,14:04:00,2024-12-31,417.55,417.55,417.55,417.55,0,30650,0
FINNIFTY31DEC2424250PE.NFO,2024-12-27,14:05:00,2024-12-31,417.55,417.55,417.55,417.55,0,30650,0
FINNIFTY31DEC2424250PE.NFO,2024-12-27,14:06:00,2024-12-31,417.55,437.7,417.55,435.45,75,30925,0
FINNIFTY31DEC2424250PE.NFO,2024-12-27,14:07:00,2024-12-31,435.45,435.45,435.45,435.45,0,30925,0
FINNIFTY31DEC2424250PE.NFO,2024-12-27,14:08:00,2024-12-31,435.45,435.45,435.45,435.45,0,30925,0
FINNIFTY31DEC2424250PE.NFO,2024-12-27,14:09:00,2024-12-31,435.45,435.45,435.45,435.45,0,30925,0
FINNIFTY31DEC2424250PE.NFO,2024-12-27,14:10:00,2024-12-31,435.45,435.45,435.45,435.45,0,30925,0
FINNIFTY31DEC2424250PE.NFO,2024-12-27,14:11:00,2024-12-31,435.45,435.45,435.45,435.45,0,30925,0
FINNIFTY31DEC2424250PE.NFO,2024-12-27,14:12:00,2024-12-31,435.45,435.45,435.45,435.45,0,30925,0
FINNIFTY31DEC2424250PE.NFO,2024-12-27,14:13:00,2024-12-31,435.45,435.45,435.45,435.45,0,30925,0
FINNIFTY31DEC2424250PE.NFO,2024-12-27,14:14:00,2024-12-31,435.45,435.45,435.45,435.45,0,30925,0
FINNIFTY31DEC2424250PE.NFO,2024-12-27,14:15:00,2024-12-31,435.45,435.45,435.45,435.45,0,30925,0
FINNIFTY31DEC2424250PE.NFO,2024-12-27,14:16:00,2024-12-31,435.45,435.45,435.45,435.45,0,30925,0
FINNIFTY31DEC2424250PE.NFO,2024-12-27,14:17:00,2024-12-31,435.45,435.45,435.45,435.45,0,30925,0
FINNIFTY31DEC2424250PE.NFO,2024-12-27,14:18:00,2024-12-31,435.45,435.45,435.45,435.45,0,30925,0
FINNIFTY31DEC2424250PE.NFO,2024-12-27,14:19:00,2024-12-31,435.45,435.45,435.45,435.45,0,30925,0
FINNIFTY31DEC2424250PE.NFO,2024-12-27,14:20:00,2024-12-31,435.45,435.45,435.45,435.45,0,30925,0
FINNIFTY31DEC2424250PE.NFO,2024-12-27,14:21:00,2024-12-31,435.45,435.45,435.45,435.45,0,30925,0
FINNIFTY31DEC2424250PE.NFO,2024-12-27,14:22:00,2024-12-31,435.45,435.45,435.45,435.45,0,30925,0
FINNIFTY31DEC2424250PE.NFO,2024-12-27,14:23:00,2024-12-31,435.45,435.45,435.45,435.45,0,30925,0
FINNIFTY31DEC2424250PE.NFO,2024-12-27,14:24:00,2024-12-31,435.45,435.45,435.45,435.45,0,30925,0
FINNIFTY31DEC2424250PE.NFO,2024-12-27,14:25:00,2024-12-31,435.45,435.45,435.45,435.45,0,30925,0
FINNIFTY31DEC2424250PE.NFO,2024-12-27,14:26:00,2024-12-31,435.45,435.45,435.45,435.45,0,30925,0
FINNIFTY31DEC2424250PE.NFO,2024-12-27,14:27:00,2024-12-31,435.45,435.45,435.45,435.45,0,30925,0
FINNIFTY31DEC2424250PE.NFO,2024-12-27,14:28:00,2024-12-31,435.45,435.45,435.45,435.45,0,30925,0
FINNIFTY31DEC2424250PE.NFO,2024-12-27,14:29:00,2024-12-31,435.45,435.45,435.45,435.45,0,30925,0
FINNIFTY31DEC2424250PE.NFO,2024-12-27,14:30:00,2024-12-31,435.45,440.95,435.45,440.95,25,30925,0
FINNIFTY31DEC2424250PE.NFO,2024-12-27,14:31:00,2024-12-31,440.95,440.95,440.95,440.95,0,30925,0
FINNIFTY31DEC2424250PE.NFO,2024-12-27,14:32:00,2024-12-31,440.95,440.95,440.95,440.95,0,30925,0
FINNIFTY31DEC2424250PE.NFO,2024-12-27,14:33:00,2024-12-31,440.95,440.95,440.95,440.95,50,30925,0
FINNIFTY31DEC2424250PE.NFO,2024-12-27,14:34:00,2024-12-31,440.95,440.95,440.95,440.95,0,30925,0
FINNIFTY31DEC2424250PE.NFO,2024-12-27,14:35:00,2024-12-31,440.95,440.95,440.95,440.95,0,30925,0
FINNIFTY31DEC2424250PE.NFO,2024-12-27,14:36:00,2024-12-31,440.95,440.95,440.95,440.95,0,30925,0
FINNIFTY31DEC2424250PE.NFO,2024-12-27,14:37:00,2024-12-31,440.95,440.95,440.95,440.95,0,30925,0
FINNIFTY31DEC2424250PE.NFO,2024-12-27,14:38:00,2024-12-31,440.95,440.95,435.8,435.8,25,30875,0
FINNIFTY31DEC2424250PE.NFO,2024-12-27,14:39:00,2024-12-31,435.8,435.8,435.8,435.8,0,30875,0
FINNIFTY31DEC2424250PE.NFO,2024-12-27,14:40:00,2024-12-31,435.8,435.8,435.8,435.8,0,30875,0
FINNIFTY31DEC2424250PE.NFO,2024-12-27,14:41:00,2024-12-31,435.8,435.8,435.8,435.8,0,30875,0
FINNIFTY31DEC2424250PE.NFO,2024-12-27,14:42:00,2024-12-31,435.8,435.8,435.8,435.8,0,30875,0
FINNIFTY31DEC2424250PE.NFO,2024-12-27,14:43:00,2024-12-31,435.8,435.8,435.05,435.05,200,30850,0
FINNIFTY31DEC2424250PE.NFO,2024-12-27,14:44:00,2024-12-31,435.05,435.05,435.05,435.05,0,30850,0
FINNIFTY31DEC2424250PE.NFO,2024-12-27,14:45:00,2024-12-31,435.05,435.05,432.7,432.7,25,30850,0
FINNIFTY31DEC2424250PE.NFO,2024-12-27,14:46:00,2024-12-31,432.7,432.7,432.7,432.7,0,30850,0
FINNIFTY31DEC2424250PE.NFO,2024-12-27,14:47:00,2024-12-31,432.7,432.7,432.7,432.7,0,30850,0
FINNIFTY31DEC2424250PE.NFO,2024-12-27,14:48:00,2024-12-31,432.7,432.7,432.7,432.7,0,30850,0
FINNIFTY31DEC2424250PE.NFO,2024-12-27,14:49:00,2024-12-31,432.7,432.7,432.7,432.7,0,30850,0
FINNIFTY31DEC2424250PE.NFO,2024-12-27,14:50:00,2024-12-31,432.7,447.85,432.7,447.85,50,30775,0
FINNIFTY31DEC2424250PE.NFO,2024-12-27,14:51:00,2024-12-31,447.85,447.85,447.85,447.85,0,30775,0
FINNIFTY31DEC2424250PE.NFO,2024-12-27,14:52:00,2024-12-31,447.85,447.85,447.85,447.85,0,30775,0
FINNIFTY31DEC2424250PE.NFO,2024-12-27,14:53:00,2024-12-31,447.85,447.85,447.85,447.85,0,30775,0
FINNIFTY31DEC2424250PE.NFO,2024-12-27,14:54:00,2024-12-31,447.85,447.85,447.85,447.85,0,30775,0
FINNIFTY31DEC2424250PE.NFO,2024-12-27,14:55:00,2024-12-31,447.85,447.85,447.85,447.85,0,30775,0
FINNIFTY31DEC2424250PE.NFO,2024-12-27,14:56:00,2024-12-31,447.85,447.85,447.85,447.85,0,30775,0
FINNIFTY31DEC2424250PE.NFO,2024-12-27,14:57:00,2024-12-31,447.85,447.85,447.85,447.85,0,30775,0
FINNIFTY31DEC2424250PE.NFO,2024-12-27,14:58:00,2024-12-31,447.85,447.85,447.85,447.85,0,30775,0
FINNIFTY31DEC2424250PE.NFO,2024-12-27,14:59:00,2024-12-31,447.85,447.85,447.85,447.85,0,30775,0
FINNIFTY31DEC2424250PE.NFO,2024-12-27,15:00:00,2024-12-31,462.3,462.3,462.3,462.3,25,30700,0
FINNIFTY31DEC2424250PE.NFO,2024-12-27,15:01:00,2024-12-31,462.3,462.3,457.0,457.0,25,30675,0
FINNIFTY31DEC2424250PE.NFO,2024-12-27,15:02:00,2024-12-31,457.0,457.0,457.0,457.0,0,30675,0
FINNIFTY31DEC2424250PE.NFO,2024-12-27,15:03:00,2024-12-31,457.0,457.0,457.0,457.0,0,30675,0
FINNIFTY31DEC2424250PE.NFO,2024-12-27,15:04:00,2024-12-31,457.0,457.0,443.55,443.55,125,30675,0
FINNIFTY31DEC2424250PE.NFO,2024-12-27,15:05:00,2024-12-31,443.55,443.55,443.55,443.55,0,30675,0
FINNIFTY31DEC2424250PE.NFO,2024-12-27,15:06:00,2024-12-31,443.55,443.55,443.55,443.55,0,30675,0
FINNIFTY31DEC2424250PE.NFO,2024-12-27,15:07:00,2024-12-31,443.55,443.55,443.55,443.55,0,30675,0
FINNIFTY31DEC2424250PE.NFO,2024-12-27,15:08:00,2024-12-31,443.55,443.55,443.55,443.55,0,30675,0
FINNIFTY31DEC2424250PE.NFO,2024-12-27,15:09:00,2024-12-31,443.55,443.55,443.55,443.55,0,30675,0
FINNIFTY31DEC2424250PE.NFO,2024-12-27,15:10:00,2024-12-31,443.55,443.55,443.55,443.55,0,30675,0
FINNIFTY31DEC2424250PE.NFO,2024-12-27,15:11:00,2024-12-31,443.55,443.55,443.55,443.55,0,30675,0
FINNIFTY31DEC2424250PE.NFO,2024-12-27,15:12:00,2024-12-31,443.55,443.55,443.55,443.55,0,30675,0
FINNIFTY31DEC2424250PE.NFO,2024-12-27,15:13:00,2024-12-31,443.55,446.1,443.55,446.1,25,30675,0
FINNIFTY31DEC2424250PE.NFO,2024-12-27,15:14:00,2024-12-31,446.1,446.1,446.1,446.1,0,30675,0
FINNIFTY31DEC2424250PE.NFO,2024-12-27,15:15:00,2024-12-31,446.1,446.1,446.1,446.1,0,30675,0
FINNIFTY31DEC2424250PE.NFO,2024-12-27,15:16:00,2024-12-31,446.1,446.1,446.1,446.1,0,30675,0
FINNIFTY31DEC2424250PE.NFO,2024-12-27,15:17:00,2024-12-31,446.1,446.1,446.1,446.1,0,30675,0
FINNIFTY31DEC2424250PE.NFO,2024-12-27,15:18:00,2024-12-31,446.1,446.1,446.1,446.1,0,30675,0
FINNIFTY31DEC2424250PE.NFO,2024-12-27,15:19:00,2024-12-31,446.1,446.1,437.2,437.2,175,30650,0
FINNIFTY31DEC2424250PE.NFO,2024-12-27,15:20:00,2024-12-31,437.2,439.8,437.0,438.85,150,30650,0
FINNIFTY31DEC2424250PE.NFO,2024-12-27,15:21:00,2024-12-31,438.85,440.45,435.25,435.25,350,30650,0
FINNIFTY31DEC2424250PE.NFO,2024-12-27,15:22:00,2024-12-31,435.25,442.2,435.25,442.2,75,30400,0
FINNIFTY31DEC2424250PE.NFO,2024-12-27,15:23:00,2024-12-31,442.2,442.2,439.35,439.35,50,30400,0
FINNIFTY31DEC2424250PE.NFO,2024-12-27,15:24:00,2024-12-31,439.35,439.35,439.35,439.35,0,30400,0
FINNIFTY31DEC2424250PE.NFO,2024-12-27,15:25:00,2024-12-31,439.35,439.35,428.9,430.2,200,30350,0
FINNIFTY31DEC2424250PE.NFO,2024-12-27,15:26:00,2024-12-31,430.2,430.2,428.0,428.0,175,30350,0
FINNIFTY31DEC2424250PE.NFO,2024-12-27,15:27:00,2024-12-31,428.0,428.0,428.0,428.0,0,30350,0
FINNIFTY31DEC2424250PE.NFO,2024-12-27,15:28:00,2024-12-31,428.0,428.0,428.0,428.0,0,30350,0
FINNIFTY31DEC2424250PE.NFO,2024-12-27,15:29:00,2024-12-31,428.0,428.2,425.7,425.7,150,30300,0
FINNIFTY31DEC2424250PE.NFO,2024-12-27,15:30:00,2024-12-31,425.7,425.7,425.7,425.7,150,30300,1
FINNIFTY31DEC2424250PE.NFO,2024-12-30,09:15:00,2024-12-31,406.15,406.15,406.15,406.15,0,30325,1
FINNIFTY31DEC2424250PE.NFO,2024-12-30,09:16:00,2024-12-31,406.15,406.15,406.15,406.15,0,30325,1
FINNIFTY31DEC2424250PE.NFO,2024-12-30,09:17:00,2024-12-31,406.15,406.15,406.15,406.15,0,30325,1
FINNIFTY31DEC2424250PE.NFO,2024-12-30,09:18:00,2024-12-31,406.15,406.15,406.15,406.15,0,30325,1
FINNIFTY31DEC2424250PE.NFO,2024-12-30,09:19:00,2024-12-31,406.15,406.15,406.15,406.15,0,30325,1
FINNIFTY31DEC2424250PE.NFO,2024-12-30,09:20:00,2024-12-31,406.15,406.15,406.15,406.15,0,30325,1
FINNIFTY31DEC2424250PE.NFO,2024-12-30,09:21:00,2024-12-31,406.15,406.15,406.15,406.15,0,30325,1
FINNIFTY31DEC2424250PE.NFO,2024-12-30,09:22:00,2024-12-31,406.15,406.15,406.15,406.15,0,30325,1
FINNIFTY31DEC2424250PE.NFO,2024-12-30,09:23:00,2024-12-31,406.15,406.15,406.15,406.15,0,30325,1
FINNIFTY31DEC2424250PE.NFO,2024-12-30,09:24:00,2024-12-31,406.15,406.15,406.15,406.15,0,30325,1
FINNIFTY31DEC2424250PE.NFO,2024-12-30,09:25:00,2024-12-31,406.15,406.15,406.15,406.15,0,30325,1
FINNIFTY31DEC2424250PE.NFO,2024-12-30,09:26:00,2024-12-31,406.15,406.15,406.15,406.15,0,30325,1
FINNIFTY31DEC2424250PE.NFO,2024-12-30,09:27:00,2024-12-31,406.15,406.15,406.15,406.15,0,30325,1
FINNIFTY31DEC2424250PE.NFO,2024-12-30,09:28:00,2024-12-31,406.15,406.15,406.15,406.15,0,30325,1
FINNIFTY31DEC2424250PE.NFO,2024-12-30,09:29:00,2024-12-31,406.15,406.15,406.15,406.15,0,30325,1
FINNIFTY31DEC2424250PE.NFO,2024-12-30,09:30:00,2024-12-31,406.15,406.15,406.15,406.15,0,30325,1
FINNIFTY31DEC2424250PE.NFO,2024-12-30,09:31:00,2024-12-31,406.15,406.15,406.15,406.15,0,30325,1
FINNIFTY31DEC2424250PE.NFO,2024-12-30,09:32:00,2024-12-31,406.15,406.15,406.15,406.15,0,30325,1
FINNIFTY31DEC2424250PE.NFO,2024-12-30,09:33:00,2024-12-31,406.15,406.15,406.15,406.15,0,30325,1
FINNIFTY31DEC2424250PE.NFO,2024-12-30,09:34:00,2024-12-31,406.15,406.15,406.15,406.15,0,30325,1
FINNIFTY31DEC2424250PE.NFO,2024-12-30,09:35:00,2024-12-31,406.15,406.15,406.15,406.15,0,30325,1
FINNIFTY31DEC2424250PE.NFO,2024-12-30,09:36:00,2024-12-31,406.15,406.15,406.15,406.15,0,30325,1
FINNIFTY31DEC2424250PE.NFO,2024-12-30,09:37:00,2024-12-31,406.15,406.15,406.15,406.15,0,30325,1
FINNIFTY31DEC2424250PE.NFO,2024-12-30,09:38:00,2024-12-31,406.15,406.15,406.15,406.15,0,30325,1
FINNIFTY31DEC2424250PE.NFO,2024-12-30,09:39:00,2024-12-31,406.15,406.15,406.15,406.15,0,30325,1
FINNIFTY31DEC2424250PE.NFO,2024-12-30,09:40:00,2024-12-31,406.15,406.15,406.15,406.15,0,30325,1
FINNIFTY31DEC2424250PE.NFO,2024-12-30,09:41:00,2024-12-31,406.15,406.15,406.15,406.15,0,30325,1
FINNIFTY31DEC2424250PE.NFO,2024-12-30,09:42:00,2024-12-31,406.15,406.15,406.15,406.15,0,30325,1
FINNIFTY31DEC2424250PE.NFO,2024-12-30,09:43:00,2024-12-31,406.15,406.15,406.15,406.15,0,30325,1
FINNIFTY31DEC2424250PE.NFO,2024-12-30,09:44:00,2024-12-31,406.15,406.15,406.15,406.15,0,30325,1
FINNIFTY31DEC2424250PE.NFO,2024-12-30,09:45:00,2024-12-31,406.15,406.15,406.15,406.15,0,30325,1
FINNIFTY31DEC2424250PE.NFO,2024-12-30,09:46:00,2024-12-31,406.15,406.15,406.15,406.15,0,30325,1
FINNIFTY31DEC2424250PE.NFO,2024-12-30,09:47:00,2024-12-31,406.15,406.15,406.15,406.15,0,30325,1
FINNIFTY31DEC2424250PE.NFO,2024-12-30,09:48:00,2024-12-31,406.15,406.15,406.15,406.15,0,30325,1
FINNIFTY31DEC2424250PE.NFO,2024-12-30,09:49:00,2024-12-31,406.15,406.15,406.15,406.15,0,30325,1
FINNIFTY31DEC2424250PE.NFO,2024-12-30,09:50:00,2024-12-31,406.15,406.15,406.15,406.15,0,30325,1
FINNIFTY31DEC2424250PE.NFO,2024-12-30,09:51:00,2024-12-31,406.15,406.15,406.15,406.15,0,30325,1
FINNIFTY31DEC2424250PE.NFO,2024-12-30,09:52:00,2024-12-31,406.15,406.15,406.15,406.15,0,30325,1
FINNIFTY31DEC2424250PE.NFO,2024-12-30,09:53:00,2024-12-31,406.15,406.15,406.15,406.15,0,30325,1
FINNIFTY31DEC2424250PE.NFO,2024-12-30,09:54:00,2024-12-31,406.15,406.15,406.15,406.15,0,30325,1
FINNIFTY31DEC2424250PE.NFO,2024-12-30,09:55:00,2024-12-31,406.15,406.15,406.15,406.15,0,30325,1
FINNIFTY31DEC2424250PE.NFO,2024-12-30,09:56:00,2024-12-31,406.15,406.15,406.15,406.15,0,30325,1
FINNIFTY31DEC2424250PE.NFO,2024-12-30,09:57:00,2024-12-31,406.15,406.15,406.15,406.15,0,30325,1
FINNIFTY31DEC2424250PE.NFO,2024-12-30,09:58:00,2024-12-31,406.15,406.15,406.15,406.15,0,30325,1
FINNIFTY31DEC2424250PE.NFO,2024-12-30,09:59:00,2024-12-31,406.15,406.15,406.15,406.15,0,30325,1
FINNIFTY31DEC2424250PE.NFO,2024-12-30,10:00:00,2024-12-31,406.15,406.15,406.15,406.15,0,30325,1
FINNIFTY31DEC2424250PE.NFO,2024-12-30,10:01:00,2024-12-31,406.15,406.15,406.15,406.15,0,30325,1
FINNIFTY31DEC2424250PE.NFO,2024-12-30,10:02:00,2024-12-31,406.15,406.15,406.15,406.15,0,30325,1
FINNIFTY31DEC2424250PE.NFO,2024-12-30,10:03:00,2024-12-31,406.15,406.15,406.15,406.15,0,30325,1
FINNIFTY31DEC2424250PE.NFO,2024-12-30,10:04:00,2024-12-31,406.15,406.15,406.15,406.15,0,30325,1
FINNIFTY31DEC2424250PE.NFO,2024-12-30,10:05:00,2024-12-31,406.15,406.15,406.15,406.15,0,30325,1
FINNIFTY31DEC2424250PE.NFO,2024-12-30,10:06:00,2024-12-31,406.15,406.15,406.15,406.15,0,30325,1
FINNIFTY31DEC2424250PE.NFO,2024-12-30,10:07:00,2024-12-31,406.15,406.15,406.15,406.15,0,30325,1
FINNIFTY31DEC2424250PE.NFO,2024-12-30,10:08:00,2024-12-31,406.15,406.15,406.15,406.15,0,30325,1
FINNIFTY31DEC2424250PE.NFO,2024-12-30,10:09:00,2024-12-31,406.15,406.15,406.15,406.15,0,30325,1
FINNIFTY31DEC2424250PE.NFO,2024-12-30,10:10:00,2024-12-31,406.15,406.15,406.15,406.15,0,30325,1
FINNIFTY31DEC2424250PE.NFO,2024-12-30,10:11:00,2024-12-31,406.15,406.15,406.15,406.15,0,30325,1
FINNIFTY31DEC2424250PE.NFO,2024-12-30,10:12:00,2024-12-31,406.15,406.15,406.15,406.15,0,30325,1
FINNIFTY31DEC2424250PE.NFO,2024-12-30,10:13:00,2024-12-31,406.15,406.15,406.15,406.15,0,30325,1
FINNIFTY31DEC2424250PE.NFO,2024-12-30,10:14:00,2024-12-31,406.15,406.15,406.15,406.15,0,30325,1
FINNIFTY31DEC2424250PE.NFO,2024-12-30,10:15:00,2024-12-31,406.15,406.15,406.15,406.15,0,30325,1
FINNIFTY31DEC2424250PE.NFO,2024-12-30,10:16:00,2024-12-31,406.15,406.15,406.15,406.15,0,30325,1
FINNIFTY31DEC2424250PE.NFO,2024-12-30,10:17:00,2024-12-31,406.15,406.15,406.15,406.15,0,30325,1
FINNIFTY31DEC2424250PE.NFO,2024-12-30,10:18:00,2024-12-31,406.15,406.15,406.15,406.15,0,30325,1
FINNIFTY31DEC2424250PE.NFO,2024-12-30,10:19:00,2024-12-31,406.15,406.15,406.15,406.15,0,30325,1
FINNIFTY31DEC2424250PE.NFO,2024-12-30,10:20:00,2024-12-31,406.15,406.15,406.15,406.15,0,30325,1
FINNIFTY31DEC2424250PE.NFO,2024-12-30,10:21:00,2024-12-31,406.15,406.15,406.15,406.15,0,30325,1
FINNIFTY31DEC2424250PE.NFO,2024-12-30,10:22:00,2024-12-31,406.15,406.15,406.15,406.15,0,30325,1
FINNIFTY31DEC2424250PE.NFO,2024-12-30,10:23:00,2024-12-31,406.15,406.15,406.15,406.15,0,30325,1
FINNIFTY31DEC2424250PE.NFO,2024-12-30,10:24:00,2024-12-31,406.15,406.15,406.15,406.15,0,30325,1
FINNIFTY31DEC2424250PE.NFO,2024-12-30,10:25:00,2024-12-31,406.15,406.15,406.15,406.15,0,30325,1
FINNIFTY31DEC2424250PE.NFO,2024-12-30,10:26:00,2024-12-31,406.15,406.15,406.15,406.15,0,30325,1
FINNIFTY31DEC2424250PE.NFO,2024-12-30,10:27:00,2024-12-31,406.15,406.15,406.15,406.15,0,30325,1
FINNIFTY31DEC2424250PE.NFO,2024-12-30,10:28:00,2024-12-31,406.15,406.15,406.15,406.15,0,30325,1
FINNIFTY31DEC2424250PE.NFO,2024-12-30,10:29:00,2024-12-31,406.15,406.15,406.15,406.15,0,30325,1
FINNIFTY31DEC2424250PE.NFO,2024-12-30,10:30:00,2024-12-31,406.15,406.15,406.15,406.15,0,30325,1
FINNIFTY31DEC2424250PE.NFO,2024-12-30,10:31:00,2024-12-31,406.15,406.15,406.15,406.15,0,30325,1
FINNIFTY31DEC2424250PE.NFO,2024-12-30,10:32:00,2024-12-31,406.15,406.15,406.15,406.15,0,30325,1
FINNIFTY31DEC2424250PE.NFO,2024-12-30,10:33:00,2024-12-31,406.15,406.15,406.15,406.15,0,30325,1
FINNIFTY31DEC2424250PE.NFO,2024-12-30,10:34:00,2024-12-31,406.15,406.15,406.15,406.15,0,30325,1
FINNIFTY31DEC2424250PE.NFO,2024-12-30,10:35:00,2024-12-31,406.15,406.15,406.15,406.15,0,30325,1
FINNIFTY31DEC2424250PE.NFO,2024-12-30,10:36:00,2024-12-31,406.15,406.15,406.15,406.15,0,30325,1
FINNIFTY31DEC2424250PE.NFO,2024-12-30,10:37:00,2024-12-31,406.15,406.15,406.15,406.15,0,30325,1
FINNIFTY31DEC2424250PE.NFO,2024-12-30,10:38:00,2024-12-31,406.15,406.15,406.15,406.15,0,30325,1
FINNIFTY31DEC2424250PE.NFO,2024-12-30,10:39:00,2024-12-31,406.15,406.15,406.15,406.15,0,30325,1
FINNIFTY31DEC2424250PE.NFO,2024-12-30,10:40:00,2024-12-31,406.15,406.15,406.15,406.15,0,30325,1
FINNIFTY31DEC2424250PE.NFO,2024-12-30,10:41:00,2024-12-31,406.15,406.15,406.15,406.15,0,30325,1
FINNIFTY31DEC2424250PE.NFO,2024-12-30,10:42:00,2024-12-31,406.15,406.15,406.15,406.15,0,30325,1
FINNIFTY31DEC2424250PE.NFO,2024-12-30,10:43:00,2024-12-31,406.15,406.15,406.15,406.15,0,30325,1
FINNIFTY31DEC2424250PE.NFO,2024-12-30,10:44:00,2024-12-31,406.15,406.15,406.15,406.15,0,30325,1
FINNIFTY31DEC2424250PE.NFO,2024-12-30,10:45:00,2024-12-31,406.15,406.15,406.15,406.15,0,30325,1
FINNIFTY31DEC2424250PE.NFO,2024-12-30,10:46:00,2024-12-31,406.15,406.15,406.15,406.15,0,30325,1
FINNIFTY31DEC2424250PE.NFO,2024-12-30,10:47:00,2024-12-31,406.15,406.15,406.15,406.15,0,30325,1
FINNIFTY31DEC2424250PE.NFO,2024-12-30,10:48:00,2024-12-31,406.15,406.15,406.15,406.15,0,30325,1
FINNIFTY31DEC2424250PE.NFO,2024-12-30,10:49:00,2024-12-31,406.15,406.15,406.15,406.15,0,30325,0
FINNIFTY31DEC2424250PE.NFO,2024-12-30,10:50:00,2024-12-31,406.15,409.95,406.15,409.95,75,30325,0
FINNIFTY31DEC2424250PE.NFO,2024-12-30,10:51:00,2024-12-31,409.95,409.95,409.95,409.95,0,30325,0
FINNIFTY31DEC2424250PE.NFO,2024-12-30,10:52:00,2024-12-31,409.95,409.95,409.95,409.95,0,30325,0
FINNIFTY31DEC2424250PE.NFO,2024-12-30,10:53:00,2024-12-31,409.95,409.95,409.95,409.95,0,30325,0
FINNIFTY31DEC2424250PE.NFO,2024-12-30,10:54:00,2024-12-31,409.95,409.95,409.95,409.95,0,30325,0
FINNIFTY31DEC2424250PE.NFO,2024-12-30,10:55:00,2024-12-31,409.95,409.95,409.95,409.95,0,30325,0
FINNIFTY31DEC2424250PE.NFO,2024-12-30,10:56:00,2024-12-31,409.95,421.95,409.95,421.95,25,30200,0
FINNIFTY31DEC2424250PE.NFO,2024-12-30,10:57:00,2024-12-31,421.95,421.95,421.95,421.95,0,30200,0
FINNIFTY31DEC2424250PE.NFO,2024-12-30,10:58:00,2024-12-31,421.95,421.95,421.95,421.95,0,30200,0
FINNIFTY31DEC2424250PE.NFO,2024-12-30,10:59:00,2024-12-31,421.95,421.95,421.95,421.95,0,30200,0
FINNIFTY31DEC2424250PE.NFO,2024-12-30,11:00:00,2024-12-31,421.95,436.7,421.95,436.7,25,30200,0
FINNIFTY31DEC2424250PE.NFO,2024-12-30,11:01:00,2024-12-31,436.7,439.3,436.7,439.3,50,30175,0
FINNIFTY31DEC2424250PE.NFO,2024-12-30,11:02:00,2024-12-31,439.3,439.3,439.3,439.3,0,30175,0
FINNIFTY31DEC2424250PE.NFO,2024-12-30,11:03:00,2024-12-31,439.3,439.3,439.3,439.3,0,30175,0
FINNIFTY31DEC2424250PE.NFO,2024-12-30,11:04:00,2024-12-31,439.3,439.3,439.3,439.3,0,30175,0
FINNIFTY31DEC2424250PE.NFO,2024-12-30,11:05:00,2024-12-31,439.3,439.3,439.3,439.3,0,30175,0
FINNIFTY31DEC2424250PE.NFO,2024-12-30,11:06:00,2024-12-31,439.3,439.3,439.3,439.3,0,30175,0
FINNIFTY31DEC2424250PE.NFO,2024-12-30,11:07:00,2024-12-31,439.3,439.3,439.3,439.3,0,30175,0
FINNIFTY31DEC2424250PE.NFO,2024-12-30,11:08:00,2024-12-31,439.3,439.3,439.3,439.3,0,30175,0
FINNIFTY31DEC2424250PE.NFO,2024-12-30,11:09:00,2024-12-31,439.3,439.3,439.3,439.3,0,30175,0
FINNIFTY31DEC2424250PE.NFO,2024-12-30,11:10:00,2024-12-31,439.3,439.3,439.3,439.3,0,30175,0
FINNIFTY31DEC2424250PE.NFO,2024-12-30,11:11:00,2024-12-31,439.3,439.3,439.3,439.3,0,30175,0
FINNIFTY31DEC2424250PE.NFO,2024-12-30,11:12:00,2024-12-31,439.3,439.3,439.3,439.3,0,30175,0
FINNIFTY31DEC2424250PE.NFO,2024-12-30,11:13:00,2024-12-31,439.3,439.3,439.3,439.3,0,30175,0
FINNIFTY31DEC2424250PE.NFO,2024-12-30,11:14:00,2024-12-31,439.3,439.3,439.3,439.3,0,30175,0
FINNIFTY31DEC2424250PE.NFO,2024-12-30,11:15:00,2024-12-31,439.3,439.3,439.3,439.3,0,30175,0
FINNIFTY31DEC2424250PE.NFO,2024-12-30,11:16:00,2024-12-31,439.3,439.3,439.3,439.3,0,30175,0
FINNIFTY31DEC2424250PE.NFO,2024-12-30,11:17:00,2024-12-31,439.3,439.3,439.3,439.3,0,30175,0
FINNIFTY31DEC2424250PE.NFO,2024-12-30,11:18:00,2024-12-31,439.3,439.3,439.3,439.3,0,30175,0
FINNIFTY31DEC2424250PE.NFO,2024-12-30,11:19:00,2024-12-31,439.3,439.3,439.3,439.3,0,30175,0
FINNIFTY31DEC2424250PE.NFO,2024-12-30,11:20:00,2024-12-31,439.3,439.3,439.3,439.3,0,30175,0
FINNIFTY31DEC2424250PE.NFO,2024-12-30,11:21:00,2024-12-31,439.3,439.3,439.3,439.3,0,30175,0
FINNIFTY31DEC2424250PE.NFO,2024-12-30,11:22:00,2024-12-31,439.3,439.3,439.3,439.3,0,30175,0
FINNIFTY31DEC2424250PE.NFO,2024-12-30,11:23:00,2024-12-31,439.3,439.3,439.3,439.3,0,30175,0
FINNIFTY31DEC2424250PE.NFO,2024-12-30,11:24:00,2024-12-31,439.3,439.3,439.3,439.3,0,30175,0
FINNIFTY31DEC2424250PE.NFO,2024-12-30,11:25:00,2024-12-31,439.3,439.3,439.3,439.3,0,30175,0
FINNIFTY31DEC2424250PE.NFO,2024-12-30,11:26:00,2024-12-31,439.3,439.3,398.15,402.15,125,30125,0
FINNIFTY31DEC2424250PE.NFO,2024-12-30,11:27:00,2024-12-31,402.15,402.15,402.15,402.15,0,30125,0
FINNIFTY31DEC2424250PE.NFO,2024-12-30,11:28:00,2024-12-31,402.15,402.15,402.15,402.15,0,30125,0
FINNIFTY31DEC2424250PE.NFO,2024-12-30,11:29:00,2024-12-31,402.15,402.15,402.15,402.15,0,30125,0
FINNIFTY31DEC2424250PE.NFO,2024-12-30,11:30:00,2024-12-31,402.15,402.15,402.15,402.15,0,30125,0
FINNIFTY31DEC2424250PE.NFO,2024-12-30,11:31:00,2024-12-31,402.15,402.15,402.15,402.15,0,30125,0
FINNIFTY31DEC2424250PE.NFO,2024-12-30,11:32:00,2024-12-31,402.15,402.15,402.15,402.15,0,30125,0
FINNIFTY31DEC2424250PE.NFO,2024-12-30,11:33:00,2024-12-31,402.15,402.15,402.15,402.15,0,30125,0
FINNIFTY31DEC2424250PE.NFO,2024-12-30,11:34:00,2024-12-31,402.15,402.15,402.15,402.15,0,30125,0
FINNIFTY31DEC2424250PE.NFO,2024-12-30,11:35:00,2024-12-31,402.15,402.15,402.15,402.15,0,30125,0
FINNIFTY31DEC2424250PE.NFO,2024-12-30,11:36:00,2024-12-31,402.15,402.15,347.95,347.95,25,30000,0
FINNIFTY31DEC2424250PE.NFO,2024-12-30,11:37:00,2024-12-31,347.95,347.95,347.95,347.95,0,30000,0
FINNIFTY31DEC2424250PE.NFO,2024-12-30,11:38:00,2024-12-31,347.95,347.95,347.95,347.95,0,30000,0
FINNIFTY31DEC2424250PE.NFO,2024-12-30,11:39:00,2024-12-31,347.95,347.95,347.95,347.95,0,30000,0
FINNIFTY31DEC2424250PE.NFO,2024-12-30,11:40:00,2024-12-31,347.95,347.95,347.95,347.95,0,30000,0
FINNIFTY31DEC2424250PE.NFO,2024-12-30,11:41:00,2024-12-31,347.95,347.95,347.95,347.95,0,30000,0
FINNIFTY31DEC2424250PE.NFO,2024-12-30,11:42:00,2024-12-31,347.95,347.95,347.95,347.95,0,30000,0
FINNIFTY31DEC2424250PE.NFO,2024-12-30,11:43:00,2024-12-31,347.95,347.95,297.1,298.15,2675,30025,0
FINNIFTY31DEC2424250PE.NFO,2024-12-30,11:44:00,2024-12-31,298.15,304.5,285.1,287.25,475,30025,0
FINNIFTY31DEC2424250PE.NFO,2024-12-30,11:45:00,2024-12-31,287.25,299.7,287.25,299.7,375,30025,0
FINNIFTY31DEC2424250PE.NFO,2024-12-30,11:46:00,2024-12-31,299.7,299.7,299.7,299.7,0,30025,0
FINNIFTY31DEC2424250PE.NFO,2024-12-30,11:47:00,2024-12-31,299.7,299.7,276.85,276.85,0,32075,0
FINNIFTY31DEC2424250PE.NFO,2024-12-30,11:48:00,2024-12-31,276.85,283.5,274.75,276.45,650,32375,0
FINNIFTY31DEC2424250PE.NFO,2024-12-30,11:49:00,2024-12-31,276.45,276.45,269.5,269.5,50,32375,0
FINNIFTY31DEC2424250PE.NFO,2024-12-30,11:50:00,2024-12-31,269.5,269.5,251.0,253.4,1750,32375,0
FINNIFTY31DEC2424250PE.NFO,2024-12-30,11:51:00,2024-12-31,253.4,253.4,238.25,245.45,2125,33650,0
FINNIFTY31DEC2424250PE.NFO,2024-12-30,11:52:00,2024-12-31,245.45,250.15,244.35,246.05,2425,33650,0
FINNIFTY31DEC2424250PE.NFO,2024-12-30,11:53:00,2024-12-31,246.05,249.0,246.05,249.0,50,33650,0
FINNIFTY31DEC2424250PE.NFO,2024-12-30,11:54:00,2024-12-31,249.0,252.25,245.0,245.0,200,33875,0
FINNIFTY31DEC2424250PE.NFO,2024-12-30,11:55:00,2024-12-31,245.0,250.15,244.45,248.3,325,33875,0
FINNIFTY31DEC2424250PE.NFO,2024-12-30,11:56:00,2024-12-31,248.3,249.8,239.5,240.05,400,33875,0
FINNIFTY31DEC2424250PE.NFO,2024-12-30,11:57:00,2024-12-31,240.05,258.3,240.05,258.3,2425,33875,0
FINNIFTY31DEC2424250PE.NFO,2024-12-30,11:58:00,2024-12-31,258.3,258.3,251.6,251.6,350,33925,0
FINNIFTY31DEC2424250PE.NFO,2024-12-30,11:59:00,2024-12-31,251.6,251.6,251.6,251.6,0,33925,0
FINNIFTY31DEC2424250PE.NFO,2024-12-30,12:00:00,2024-12-31,251.6,253.55,243.25,253.55,150,34025,0
FINNIFTY31DEC2424250PE.NFO,2024-12-30,12:01:00,2024-12-31,253.55,259.8,253.55,258.65,100,34025,0
FINNIFTY31DEC2424250PE.NFO,2024-12-30,12:02:00,2024-12-31,258.65,262.0,254.9,259.45,250,34025,0
FINNIFTY31DEC2424250PE.NFO,2024-12-30,12:03:00,2024-12-31,259.45,259.45,258.95,258.95,25,34025,0
FINNIFTY31DEC2424250PE.NFO,2024-12-30,12:04:00,2024-12-31,258.95,258.95,251.95,251.95,50,33975,0
FINNIFTY31DEC2424250PE.NFO,2024-12-30,12:05:00,2024-12-31,251.95,263.05,251.95,263.05,50,33975,0
FINNIFTY31DEC2424250PE.NFO,2024-12-30,12:06:00,2024-12-31,263.05,277.3,263.0,271.6,2000,32525,0
FINNIFTY31DEC2424250PE.NFO,2024-12-30,12:07:00,2024-12-31,271.6,276.45,271.45,271.45,125,32525,0
FINNIFTY31DEC2424250PE.NFO,2024-12-30,12:08:00,2024-12-31,271.45,277.1,271.45,277.1,100,32525,0
FINNIFTY31DEC2424250PE.NFO,2024-12-30,12:09:00,2024-12-31,277.1,277.1,272.1,272.1,75,32525,0
FINNIFTY31DEC2424250PE.NFO,2024-12-30,12:10:00,2024-12-31,272.1,272.1,272.1,272.1,0,32525,0
FINNIFTY31DEC2424250PE.NFO,2024-12-30,12:11:00,2024-12-31,272.1,272.9,272.1,272.9,75,32325,0
FINNIFTY31DEC2424250PE.NFO,2024-12-30,12:12:00,2024-12-31,272.9,272.9,261.3,261.3,50,32325,0
FINNIFTY31DEC2424250PE.NFO,2024-12-30,12:13:00,2024-12-31,261.3,261.3,248.0,249.15,300,32300,0
FINNIFTY31DEC2424250PE.NFO,2024-12-30,12:14:00,2024-12-31,249.15,256.45,249.15,256.45,25,32300,0
FINNIFTY31DEC2424250PE.NFO,2024-12-30,12:15:00,2024-12-31,256.45,266.4,256.45,266.4,225,32500,0
FINNIFTY31DEC2424250PE.NFO,2024-12-30,12:16:00,2024-12-31,266.4,266.4,262.0,264.05,425,32500,0
FINNIFTY31DEC2424250PE.NFO,2024-12-30,12:17:00,2024-12-31,264.05,276.5,262.45,276.5,350,32500,0
FINNIFTY31DEC2424250PE.NFO,2024-12-30,12:18:00,2024-12-31,276.5,276.5,274.3,274.3,25,32500,0
FINNIFTY31DEC2424250PE.NFO,2024-12-30,12:19:00,2024-12-31,274.3,285.0,274.3,285.0,25,32675,0
FINNIFTY31DEC2424250PE.NFO,2024-12-30,12:20:00,2024-12-31,285.0,285.0,279.3,285.0,275,32675,0
FINNIFTY31DEC2424250PE.NFO,2024-12-30,12:21:00,2024-12-31,285.0,290.0,285.0,290.0,225,32200,0
FINNIFTY31DEC2424250PE.NFO,2024-12-30,12:22:00,2024-12-31,290.0,290.0,290.0,290.0,0,32200,0
FINNIFTY31DEC2424250PE.NFO,2024-12-30,12:23:00,2024-12-31,290.0,295.35,290.0,294.4,50,32200,0
FINNIFTY31DEC2424250PE.NFO,2024-12-30,12:24:00,2024-12-31,294.4,317.35,294.4,308.3,175,32200,0
FINNIFTY31DEC2424250PE.NFO,2024-12-30,12:25:00,2024-12-31,308.3,313.15,308.3,313.15,25,32025,0
FINNIFTY31DEC2424250PE.NFO,2024-12-30,12:26:00,2024-12-31,313.15,333.4,313.15,333.4,150,32025,0
FINNIFTY31DEC2424250PE.NFO,2024-12-30,12:27:00,2024-12-31,333.4,353.75,333.4,351.0,475,32025,0
FINNIFTY31DEC2424250PE.NFO,2024-12-30,12:28:00,2024-12-31,351.0,376.35,351.0,376.35,250,31900,0
FINNIFTY31DEC2424250PE.NFO,2024-12-30,12:29:00,2024-12-31,400.0,425.25,400.0,423.75,600,31900,0
FINNIFTY31DEC2424250PE.NFO,2024-12-30,12:30:00,2024-12-31,423.75,468.4,423.65,468.4,675,31725,0
FINNIFTY31DEC2424250PE.NFO,2024-12-30,12:31:00,2024-12-31,468.4,468.4,468.4,468.4,25,31725,0
FINNIFTY31DEC2424250PE.NFO,2024-12-30,12:32:00,2024-12-31,468.4,468.4,468.4,468.4,0,31725,0
FINNIFTY31DEC2424250PE.NFO,2024-12-30,12:33:00,2024-12-31,468.4,468.4,411.05,411.05,100,31725,0
FINNIFTY31DEC2424250PE.NFO,2024-12-30,12:34:00,2024-12-31,411.05,411.05,411.05,411.05,0,31725,0
FINNIFTY31DEC2424250PE.NFO,2024-12-30,12:35:00,2024-12-31,411.05,461.0,411.05,461.0,100,31725,0
FINNIFTY31DEC2424250PE.NFO,2024-12-30,12:36:00,2024-12-31,461.0,468.6,448.5,468.6,75,31725,0
FINNIFTY31DEC2424250PE.NFO,2024-12-30,12:37:00,2024-12-31,468.6,468.6,468.6,468.6,0,31725,0
FINNIFTY31DEC2424250PE.NFO,2024-12-30,12:38:00,2024-12-31,468.6,468.6,468.6,468.6,0,31725,0
FINNIFTY31DEC2424250PE.NFO,2024-12-30,12:39:00,2024-12-31,468.6,468.6,468.6,468.6,0,31725,0
FINNIFTY31DEC2424250PE.NFO,2024-12-30,12:40:00,2024-12-31,468.6,468.6,459.1,459.1,100,31625,0
FINNIFTY31DEC2424250PE.NFO,2024-12-30,12:41:00,2024-12-31,459.1,459.1,459.1,459.1,0,31625,0
FINNIFTY31DEC2424250PE.NFO,2024-12-30,12:42:00,2024-12-31,459.1,459.1,459.1,459.1,0,31625,0
FINNIFTY31DEC2424250PE.NFO,2024-12-30,12:43:00,2024-12-31,459.1,459.1,459.1,459.1,0,31625,0
FINNIFTY31DEC2424250PE.NFO,2024-12-30,12:44:00,2024-12-31,459.1,459.1,459.1,459.1,0,31625,0
FINNIFTY31DEC2424250PE.NFO,2024-12-30,12:45:00,2024-12-31,459.1,459.1,459.1,459.1,0,31625,0
FINNIFTY31DEC2424250PE.NFO,2024-12-30,12:46:00,2024-12-31,459.1,459.1,432.1,432.1,100,31550,0
FINNIFTY31DEC2424250PE.NFO,2024-12-30,12:47:00,2024-12-31,432.1,432.1,432.1,432.1,0,31550,0
FINNIFTY31DEC2424250PE.NFO,2024-12-30,12:48:00,2024-12-31,432.1,432.1,432.1,432.1,0,31550,0
FINNIFTY31DEC2424250PE.NFO,2024-12-30,12:49:00,2024-12-31,432.1,432.1,432.1,432.1,0,31550,0
FINNIFTY31DEC2424250PE.NFO,2024-12-30,12:50:00,2024-12-31,432.1,457.2,432.1,457.2,25,31625,0
FINNIFTY31DEC2424250PE.NFO,2024-12-30,12:51:00,2024-12-31,457.2,457.2,457.2,457.2,0,31625,0
FINNIFTY31DEC2424250PE.NFO,2024-12-30,12:52:00,2024-12-31,457.2,457.2,457.2,457.2,0,31625,0
FINNIFTY31DEC2424250PE.NFO,2024-12-30,12:53:00,2024-12-31,457.2,465.2,457.2,465.2,1350,31625,0
FINNIFTY31DEC2424250PE.NFO,2024-12-30,12:54:00,2024-12-31,465.2,465.2,465.2,465.2,0,31625,0
FINNIFTY31DEC2424250PE.NFO,2024-12-30,12:55:00,2024-12-31,465.2,465.2,465.2,465.2,0,31625,0
FINNIFTY31DEC2424250PE.NFO,2024-12-30,12:56:00,2024-12-31,465.2,465.2,465.2,465.2,0,31625,0
FINNIFTY31DEC2424250PE.NFO,2024-12-30,12:57:00,2024-12-31,465.2,465.2,465.2,465.2,0,31625,0
FINNIFTY31DEC2424250PE.NFO,2024-12-30,12:58:00,2024-12-31,465.2,465.2,465.2,465.2,0,31625,0
FINNIFTY31DEC2424250PE.NFO,2024-12-30,12:59:00,2024-12-31,465.2,465.2,450.45,452.15,75,30700,0
FINNIFTY31DEC2424250PE.NFO,2024-12-30,13:00:00,2024-12-31,452.15,481.75,452.15,481.75,1450,30700,0
FINNIFTY31DEC2424250PE.NFO,2024-12-30,13:01:00,2024-12-31,481.75,481.75,481.75,481.75,0,30700,0
FINNIFTY31DEC2424250PE.NFO,2024-12-30,13:02:00,2024-12-31,492.9,492.9,492.9,492.9,250,29750,0
FINNIFTY31DEC2424250PE.NFO,2024-12-30,13:03:00,2024-12-31,492.9,492.9,492.9,492.9,0,29750,0
FINNIFTY31DEC2424250PE.NFO,2024-12-30,13:04:00,2024-12-31,492.9,492.9,492.9,492.9,0,29750,0
FINNIFTY31DEC2424250PE.NFO,2024-12-30,13:05:00,2024-12-31,492.9,492.9,492.9,492.9,0,29750,0
FINNIFTY31DEC2424250PE.NFO,2024-12-30,13:06:00,2024-12-31,492.9,492.9,484.5,484.5,250,29775,0
FINNIFTY31DEC2424250PE.NFO,2024-12-30,13:07:00,2024-12-31,484.5,484.5,484.5,484.5,0,29775,0
FINNIFTY31DEC2424250PE.NFO,2024-12-30,13:08:00,2024-12-31,484.5,484.5,484.5,484.5,0,29775,0
FINNIFTY31DEC2424250PE.NFO,2024-12-30,13:09:00,2024-12-31,484.5,484.5,484.5,484.5,0,29775,0
FINNIFTY31DEC2424250PE.NFO,2024-12-30,13:10:00,2024-12-31,484.5,484.8,484.5,484.8,125,29550,0
FINNIFTY31DEC2424250PE.NFO,2024-12-30,13:11:00,2024-12-31,484.8,485.15,484.8,485.15,25,29550,0
FINNIFTY31DEC2424250PE.NFO,2024-12-30,13:12:00,2024-12-31,485.15,486.85,485.15,486.85,75,29550,0
FINNIFTY31DEC2424250PE.NFO,2024-12-30,13:13:00,2024-12-31,486.85,486.85,486.85,486.85,0,29550,0
FINNIFTY31DEC2424250PE.NFO,2024-12-30,13:14:00,2024-12-31,486.85,486.85,486.85,486.85,0,29550,0
FINNIFTY31DEC2424250PE.NFO,2024-12-30,13:15:00,2024-12-31,486.85,486.85,485.65,485.65,25,29450,0
FINNIFTY31DEC2424250PE.NFO,2024-12-30,13:16:00,2024-12-31,485.65,485.65,485.65,485.65,0,29450,0
FINNIFTY31DEC2424250PE.NFO,2024-12-30,13:17:00,2024-12-31,485.65,485.65,485.65,485.65,0,29450,0
FINNIFTY31DEC2424250PE.NFO,2024-12-30,13:18:00,2024-12-31,485.65,485.65,473.25,473.25,25,29425,0
FINNIFTY31DEC2424250PE.NFO,2024-12-30,13:19:00,2024-12-31,473.25,473.25,473.25,473.25,0,29425,0
FINNIFTY31DEC2424250PE.NFO,2024-12-30,13:20:00,2024-12-31,473.25,473.25,473.25,473.25,0,29425,0
FINNIFTY31DEC2424250PE.NFO,2024-12-30,13:21:00,2024-12-31,473.25,473.25,473.25,473.25,0,29425,0
FINNIFTY31DEC2424250PE.NFO,2024-12-30,13:22:00,2024-12-31,473.25,473.25,473.25,473.25,0,29425,0
FINNIFTY31DEC2424250PE.NFO,2024-12-30,13:23:00,2024-12-31,473.25,473.25,473.25,473.25,0,29425,0
FINNIFTY31DEC2424250PE.NFO,2024-12-30,13:24:00,2024-12-31,473.25,473.25,473.25,473.25,0,29425,0
FINNIFTY31DEC2424250PE.NFO,2024-12-30,13:25:00,2024-12-31,473.25,499.6,473.25,499.6,25,29450,0
FINNIFTY31DEC2424250PE.NFO,2024-12-30,13:26:00,2024-12-31,499.6,499.6,499.6,499.6,0,29450,0
FINNIFTY31DEC2424250PE.NFO,2024-12-30,13:27:00,2024-12-31,499.6,575.35,499.6,568.45,300,29450,0
FINNIFTY31DEC2424250PE.NFO,2024-12-30,13:28:00,2024-12-31,568.45,568.45,568.45,568.45,0,29450,0
FINNIFTY31DEC2424250PE.NFO,2024-12-30,13:29:00,2024-12-31,568.45,585.35,559.55,585.35,275,29550,0
FINNIFTY31DEC2424250PE.NFO,2024-12-30,13:30:00,2024-12-31,585.35,589.65,585.35,589.65,25,29550,0
FINNIFTY31DEC2424250PE.NFO,2024-12-30,13:31:00,2024-12-31,589.65,608.5,589.65,608.5,25,29475,0
FINNIFTY31DEC2424250PE.NFO,2024-12-30,13:32:00,2024-12-31,608.5,613.35,608.5,613.35,750,29475,0
FINNIFTY31DEC2424250PE.NFO,2024-12-30,13:33:00,2024-12-31,613.35,632.85,613.35,632.85,50,29475,0
FINNIFTY31DEC2424250PE.NFO,2024-12-30,13:34:00,2024-12-31,632.85,632.85,632.85,632.85,0,29475,0
FINNIFTY31DEC2424250PE.NFO,2024-12-30,13:35:00,2024-12-31,632.85,632.85,632.85,632.85,0,29475,0
FINNIFTY31DEC2424250PE.NFO,2024-12-30,13:36:00,2024-12-31,632.85,632.85,632.85,632.85,0,29475,0
FINNIFTY31DEC2424250PE.NFO,2024-12-30,13:37:00,2024-12-31,632.85,634.4,632.85,634.4,50,29575,0
FINNIFTY31DEC2424250PE.NFO,2024-12-30,13:38:00,2024-12-31,634.4,634.4,634.4,634.4,0,29575,0
FINNIFTY31DEC2424250PE.NFO,2024-12-30,13:39:00,2024-12-31,634.4,634.4,601.8,604.4,150,29575,0
FINNIFTY31DEC2424250PE.NFO,2024-12-30,13:40:00,2024-12-31,604.4,613.85,604.4,613.85,25,29425,0
FINNIFTY31DEC2424250PE.NFO,2024-12-30,13:41:00,2024-12-31,613.85,627.05,613.85,616.05,150,29425,0
FINNIFTY31DEC2424250PE.NFO,2024-12-30,13:42:00,2024-12-31,616.05,619.95,616.05,619.9,75,29425,0
FINNIFTY31DEC2424250PE.NFO,2024-12-30,13:43:00,2024-12-31,619.9,619.9,619.9,619.9,0,29425,0
FINNIFTY31DEC2424250PE.NFO,2024-12-30,13:44:00,2024-12-31,619.9,619.9,619.9,619.9,0,29425,0
FINNIFTY31DEC2424250PE.NFO,2024-12-30,13:45:00,2024-12-31,619.9,619.9,619.9,619.9,0,29425,0
FINNIFTY31DEC2424250PE.NFO,2024-12-30,13:46:00,2024-12-31,619.9,619.9,619.9,619.9,0,29425,0
FINNIFTY31DEC2424250PE.NFO,2024-12-30,13:47:00,2024-12-31,619.9,619.9,619.9,619.9,0,29425,0
FINNIFTY31DEC2424250PE.NFO,2024-12-30,13:48:00,2024-12-31,619.9,619.9,619.9,619.9,0,29425,0
FINNIFTY31DEC2424250PE.NFO,2024-12-30,13:49:00,2024-12-31,619.9,619.9,619.9,619.9,0,29425,0
FINNIFTY31DEC2424250PE.NFO,2024-12-30,13:50:00,2024-12-31,619.9,619.9,619.9,619.9,0,29425,0
FINNIFTY31DEC2424250PE.NFO,2024-12-30,13:51:00,2024-12-31,619.9,619.9,619.9,619.9,0,29425,0
FINNIFTY31DEC2424250PE.NFO,2024-12-30,13:52:00,2024-12-31,619.9,619.9,619.9,619.9,0,29425,0
FINNIFTY31DEC2424250PE.NFO,2024-12-30,13:53:00,2024-12-31,619.9,619.9,619.9,619.9,0,29425,0
FINNIFTY31DEC2424250PE.NFO,2024-12-30,13:54:00,2024-12-31,619.9,619.9,619.9,619.9,0,29425,0
FINNIFTY31DEC2424250PE.NFO,2024-12-30,13:55:00,2024-12-31,619.9,683.6,619.9,683.6,25,29250,0
FINNIFTY31DEC2424250PE.NFO,2024-12-30,13:56:00,2024-12-31,683.6,683.6,683.6,683.6,25,29250,0
FINNIFTY31DEC2424250PE.NFO,2024-12-30,13:57:00,2024-12-31,683.6,683.6,683.6,683.6,0,29250,0
FINNIFTY31DEC2424250PE.NFO,2024-12-30,13:58:00,2024-12-31,683.6,683.6,673.25,673.25,50,29225,0
FINNIFTY31DEC2424250PE.NFO,2024-12-30,13:59:00,2024-12-31,673.25,673.25,673.25,673.25,0,29225,0
FINNIFTY31DEC2424250PE.NFO,2024-12-30,14:00:00,2024-12-31,673.25,673.25,673.25,673.25,0,29225,0
FINNIFTY31DEC2424250PE.NFO,2024-12-30,14:01:00,2024-12-31,673.25,673.25,673.25,673.25,0,29225,0
FINNIFTY31DEC2424250PE.NFO,2024-12-30,14:02:00,2024-12-31,673.25,673.25,673.25,673.25,0,29225,0
FINNIFTY31DEC2424250PE.NFO,2024-12-30,14:03:00,2024-12-31,673.25,673.25,673.25,673.25,0,29225,0
FINNIFTY31DEC2424250PE.NFO,2024-12-30,14:04:00,2024-12-31,673.25,673.25,673.25,673.25,0,29225,0
FINNIFTY31DEC2424250PE.NFO,2024-12-30,14:05:00,2024-12-31,673.25,673.25,673.25,673.25,0,29225,0
FINNIFTY31DEC2424250PE.NFO,2024-12-30,14:06:00,2024-12-31,673.25,673.25,673.25,673.25,0,29225,0
FINNIFTY31DEC2424250PE.NFO,2024-12-30,14:07:00,2024-12-31,673.25,673.25,673.25,673.25,0,29225,0
FINNIFTY31DEC2424250PE.NFO,2024-12-30,14:08:00,2024-12-31,673.25,673.25,673.25,673.25,0,29225,0
FINNIFTY31DEC2424250PE.NFO,2024-12-30,14:09:00,2024-12-31,673.25,673.25,673.25,673.25,0,29225,0
FINNIFTY31DEC2424250PE.NFO,2024-12-30,14:10:00,2024-12-31,673.25,705.75,673.25,705.75,100,29175,0
FINNIFTY31DEC2424250PE.NFO,2024-12-30,14:11:00,2024-12-31,705.75,705.75,705.75,705.75,0,29175,0
FINNIFTY31DEC2424250PE.NFO,2024-12-30,14:12:00,2024-12-31,705.75,705.75,705.75,705.75,0,29175,0
FINNIFTY31DEC2424250PE.NFO,2024-12-30,14:13:00,2024-12-31,705.75,705.75,705.75,705.75,0,29175,0
FINNIFTY31DEC2424250PE.NFO,2024-12-30,14:14:00,2024-12-31,705.75,705.75,705.75,705.75,0,29175,0
FINNIFTY31DEC2424250PE.NFO,2024-12-30,14:15:00,2024-12-31,705.75,705.75,705.75,705.75,0,29175,0
FINNIFTY31DEC2424250PE.NFO,2024-12-30,14:16:00,2024-12-31,705.75,705.75,705.75,705.75,0,29175,0
FINNIFTY31DEC2424250PE.NFO,2024-12-30,14:17:00,2024-12-31,705.75,705.75,705.75,705.75,0,29175,0
FINNIFTY31DEC2424250PE.NFO,2024-12-30,14:18:00,2024-12-31,705.75,705.75,694.0,694.0,25,29100,0
FINNIFTY31DEC2424250PE.NFO,2024-12-30,14:19:00,2024-12-31,694.0,694.0,694.0,694.0,0,29100,0
FINNIFTY31DEC2424250PE.NFO,2024-12-30,14:20:00,2024-12-31,694.0,694.0,694.0,694.0,0,29100,0
FINNIFTY31DEC2424250PE.NFO,2024-12-30,14:21:00,2024-12-31,694.0,711.8,694.0,711.8,50,29100,0
FINNIFTY31DEC2424250PE.NFO,2024-12-30,14:22:00,2024-12-31,711.8,711.8,711.8,711.8,0,29100,0
FINNIFTY31DEC2424250PE.NFO,2024-12-30,14:23:00,2024-12-31,711.8,711.8,711.8,711.8,0,29100,0
FINNIFTY31DEC2424250PE.NFO,2024-12-30,14:24:00,2024-12-31,711.8,711.8,711.8,711.8,0,29100,0
FINNIFTY31DEC2424250PE.NFO,2024-12-30,14:25:00,2024-12-31,711.8,711.8,697.9,697.9,25,29100,0
FINNIFTY31DEC2424250PE.NFO,2024-12-30,14:26:00,2024-12-31,697.9,697.9,697.9,697.9,0,29100,0
FINNIFTY31DEC2424250PE.NFO,2024-12-30,14:27:00,2024-12-31,697.9,697.9,697.9,697.9,0,29100,0
FINNIFTY31DEC2424250PE.NFO,2024-12-30,14:28:00,2024-12-31,697.9,697.9,697.9,697.9,0,29100,0
FINNIFTY31DEC2424250PE.NFO,2024-12-30,14:29:00,2024-12-31,697.9,697.9,697.9,697.9,0,29100,0
FINNIFTY31DEC2424250PE.NFO,2024-12-30,14:30:00,2024-12-31,697.9,697.9,697.9,697.9,0,29100,0
FINNIFTY31DEC2424250PE.NFO,2024-12-30,14:31:00,2024-12-31,697.9,697.9,697.9,697.9,0,29100,0
FINNIFTY31DEC2424250PE.NFO,2024-12-30,14:32:00,2024-12-31,697.9,697.9,697.9,697.9,0,29100,0
FINNIFTY31DEC2424250PE.NFO,2024-12-30,14:33:00,2024-12-31,697.9,697.9,697.9,697.9,0,29100,0
FINNIFTY31DEC2424250PE.NFO,2024-12-30,14:34:00,2024-12-31,697.9,697.9,697.9,697.9,0,29100,0
FINNIFTY31DEC2424250PE.NFO,2024-12-30,14:35:00,2024-12-31,697.9,697.9,697.9,697.9,0,29100,0
FINNIFTY31DEC2424250PE.NFO,2024-12-30,14:36:00,2024-12-31,697.9,697.9,697.9,697.9,0,29100,0
FINNIFTY31DEC2424250PE.NFO,2024-12-30,14:37:00,2024-12-31,697.9,697.9,697.9,697.9,0,29100,0
FINNIFTY31DEC2424250PE.NFO,2024-12-30,14:38:00,2024-12-31,697.9,697.9,697.9,697.9,0,29100,0
FINNIFTY31DEC2424250PE.NFO,2024-12-30,14:39:00,2024-12-31,697.9,697.9,697.9,697.9,0,29100,0
FINNIFTY31DEC2424250PE.NFO,2024-12-30,14:40:00,2024-12-31,697.9,697.9,697.9,697.9,0,29100,0
FINNIFTY31DEC2424250PE.NFO,2024-12-30,14:41:00,2024-12-31,697.9,697.9,697.9,697.9,0,29100,0
FINNIFTY31DEC2424250PE.NFO,2024-12-30,14:42:00,2024-12-31,697.9,697.9,697.9,697.9,0,29100,0
FINNIFTY31DEC2424250PE.NFO,2024-12-30,14:43:00,2024-12-31,697.9,697.9,697.9,697.9,0,29100,0
FINNIFTY31DEC2424250PE.NFO,2024-12-30,14:44:00,2024-12-31,697.9,697.9,697.9,697.9,0,29100,0
FINNIFTY31DEC2424250PE.NFO,2024-12-30,14:45:00,2024-12-31,697.9,697.9,697.9,697.9,0,29100,0
FINNIFTY31DEC2424250PE.NFO,2024-12-30,14:46:00,2024-12-31,697.9,697.9,697.9,697.9,0,29100,0
FINNIFTY31DEC2424250PE.NFO,2024-12-30,14:47:00,2024-12-31,697.9,697.9,697.9,697.9,0,29100,0
FINNIFTY31DEC2424250PE.NFO,2024-12-30,14:48:00,2024-12-31,697.9,697.9,697.9,697.9,0,29100,0
FINNIFTY31DEC2424250PE.NFO,2024-12-30,14:49:00,2024-12-31,697.9,697.9,697.9,697.9,0,29100,0
FINNIFTY31DEC2424250PE.NFO,2024-12-30,14:50:00,2024-12-31,697.9,697.9,697.9,697.9,0,29100,0
FINNIFTY31DEC2424250PE.NFO,2024-12-30,14:51:00,2024-12-31,697.9,697.9,697.9,697.9,0,29100,0
FINNIFTY31DEC2424250PE.NFO,2024-12-30,14:52:00,2024-12-31,697.9,697.9,697.9,697.9,0,29100,0
FINNIFTY31DEC2424250PE.NFO,2024-12-30,14:53:00,2024-12-31,697.9,697.9,697.9,697.9,0,29100,0
FINNIFTY31DEC2424250PE.NFO,2024-12-30,14:54:00,2024-12-31,697.9,697.9,697.9,697.9,0,29100,0
FINNIFTY31DEC2424250PE.NFO,2024-12-30,14:55:00,2024-12-31,697.9,697.9,697.9,697.9,0,29100,0
FINNIFTY31DEC2424250PE.NFO,2024-12-30,14:56:00,2024-12-31,697.9,697.9,697.9,697.9,0,29100,0
FINNIFTY31DEC2424250PE.NFO,2024-12-30,14:57:00,2024-12-31,697.9,697.9,697.9,697.9,0,29100,0
FINNIFTY31DEC2424250PE.NFO,2024-12-30,14:58:00,2024-12-31,697.9,697.9,697.9,697.9,0,29100,0
FINNIFTY31DEC2424250PE.NFO,2024-12-30,14:59:00,2024-12-31,697.9,697.9,623.55,623.55,75,29075,0
FINNIFTY31DEC2424250PE.NFO,2024-12-30,15:00:00,2024-12-31,623.55,623.55,622.85,622.85,150,29075,0
FINNIFTY31DEC2424250PE.NFO,2024-12-30,15:01:00,2024-12-31,622.85,670.4,622.85,670.4,75,28975,0
FINNIFTY31DEC2424250PE.NFO,2024-12-30,15:02:00,2024-12-31,670.4,670.4,670.4,670.4,0,28975,0
FINNIFTY31DEC2424250PE.NFO,2024-12-30,15:03:00,2024-12-31,670.4,670.4,670.4,670.4,0,28975,0
FINNIFTY31DEC2424250PE.NFO,2024-12-30,15:04:00,2024-12-31,670.4,670.4,670.4,670.4,0,28975,0
FINNIFTY31DEC2424250PE.NFO,2024-12-30,15:05:00,2024-12-31,670.4,670.4,670.4,670.4,0,28975,0
FINNIFTY31DEC2424250PE.NFO,2024-12-30,15:06:00,2024-12-31,670.4,670.4,670.4,670.4,0,28975,0
FINNIFTY31DEC2424250PE.NFO,2024-12-30,15:07:00,2024-12-31,670.4,670.4,670.4,670.4,0,28975,0
FINNIFTY31DEC2424250PE.NFO,2024-12-30,15:08:00,2024-12-31,670.4,670.4,670.4,670.4,0,28975,0
FINNIFTY31DEC2424250PE.NFO,2024-12-30,15:09:00,2024-12-31,670.4,670.4,670.4,670.4,0,28975,0
FINNIFTY31DEC2424250PE.NFO,2024-12-30,15:10:00,2024-12-31,670.4,670.4,670.4,670.4,0,28975,0
FINNIFTY31DEC2424250PE.NFO,2024-12-30,15:11:00,2024-12-31,670.4,670.4,670.4,670.4,0,28975,0
FINNIFTY31DEC2424250PE.NFO,2024-12-30,15:12:00,2024-12-31,670.4,670.4,670.4,670.4,0,28975,0
FINNIFTY31DEC2424250PE.NFO,2024-12-30,15:13:00,2024-12-31,670.4,670.4,670.4,670.4,0,28975,0
FINNIFTY31DEC2424250PE.NFO,2024-12-30,15:14:00,2024-12-31,670.4,670.4,663.8,663.8,25,28900,0
FINNIFTY31DEC2424250PE.NFO,2024-12-30,15:15:00,2024-12-31,663.8,663.8,663.8,663.8,0,28900,0
FINNIFTY31DEC2424250PE.NFO,2024-12-30,15:16:00,2024-12-31,663.8,663.8,663.8,663.8,0,28900,0
FINNIFTY31DEC2424250PE.NFO,2024-12-30,15:17:00,2024-12-31,663.8,663.8,663.8,663.8,0,28900,0
FINNIFTY31DEC2424250PE.NFO,2024-12-30,15:18:00,2024-12-31,663.8,663.8,663.8,663.8,0,28900,0
FINNIFTY31DEC2424250PE.NFO,2024-12-30,15:19:00,2024-12-31,663.8,663.8,663.8,663.8,0,28900,0
FINNIFTY31DEC2424250PE.NFO,2024-12-30,15:20:00,2024-12-31,663.8,663.8,663.8,663.8,0,28900,0
FINNIFTY31DEC2424250PE.NFO,2024-12-30,15:21:00,2024-12-31,663.8,663.8,663.8,663.8,0,28900,0
FINNIFTY31DEC2424250PE.NFO,2024-12-30,15:22:00,2024-12-31,663.8,663.8,663.8,663.8,0,28900,0
FINNIFTY31DEC2424250PE.NFO,2024-12-30,15:23:00,2024-12-31,663.8,663.8,663.8,663.8,0,28900,0
FINNIFTY31DEC2424250PE.NFO,2024-12-30,15:24:00,2024-12-31,663.8,663.8,663.8,663.8,0,28900,0
FINNIFTY31DEC2424250PE.NFO,2024-12-30,15:25:00,2024-12-31,663.8,663.8,623.05,624.25,150,28925,0
FINNIFTY31DEC2424250PE.NFO,2024-12-30,15:26:00,2024-12-31,624.25,624.25,624.25,624.25,0,28925,0
FINNIFTY31DEC2424250PE.NFO,2024-12-30,15:27:00,2024-12-31,624.25,624.25,624.25,624.25,0,28925,0
FINNIFTY31DEC2424250PE.NFO,2024-12-30,15:28:00,2024-12-31,624.25,624.25,624.25,624.25,0,28925,0
FINNIFTY31DEC2424250PE.NFO,2024-12-30,15:29:00,2024-12-31,624.25,624.25,613.6,613.6,75,28825,0
FINNIFTY31DEC2424250PE.NFO,2024-12-30,15:30:00,2024-12-31,613.6,613.6,613.6,613.6,75,28825,1
FINNIFTY31DEC2424250PE.NFO,2024-12-31,09:15:00,2024-12-31,722.2,722.2,722.2,722.2,0,0,0
FINNIFTY31DEC2424250PE.NFO,2024-12-31,09:16:00,2024-12-31,722.2,722.2,722.2,722.2,0,0,1
FINNIFTY31DEC2424250PE.NFO,2024-12-31,09:17:00,2024-12-31,722.2,722.2,722.2,722.2,0,0,1
FINNIFTY31DEC2424250PE.NFO,2024-12-31,09:18:00,2024-12-31,722.15,722.2,722.15,722.15,0,28750,0
FINNIFTY31DEC2424250PE.NFO,2024-12-31,09:19:00,2024-12-31,722.15,722.15,722.15,722.15,0,28750,0
FINNIFTY31DEC2424250PE.NFO,2024-12-31,09:20:00,2024-12-31,722.15,722.15,722.15,722.15,0,28750,0
FINNIFTY31DEC2424250PE.NFO,2024-12-31,09:21:00,2024-12-31,722.15,722.15,722.15,722.15,0,28750,0
FINNIFTY31DEC2424250PE.NFO,2024-12-31,09:22:00,2024-12-31,722.15,722.15,722.15,722.15,0,28750,0
FINNIFTY31DEC2424250PE.NFO,2024-12-31,09:23:00,2024-12-31,722.15,722.15,722.15,722.15,0,28750,0
FINNIFTY31DEC2424250PE.NFO,2024-12-31,09:24:00,2024-12-31,722.15,722.15,722.15,722.15,0,28750,0
FINNIFTY31DEC2424250PE.NFO,2024-12-31,09:25:00,2024-12-31,722.15,722.15,722.15,722.15,0,28750,0
FINNIFTY31DEC2424250PE.NFO,2024-12-31,09:26:00,2024-12-31,722.15,722.15,722.15,722.15,0,28750,0
FINNIFTY31DEC2424250PE.NFO,2024-12-31,09:27:00,2024-12-31,722.15,722.15,722.15,722.15,0,28750,0
FINNIFTY31DEC2424250PE.NFO,2024-12-31,09:28:00,2024-12-31,722.15,722.15,722.15,722.15,0,28750,0
FINNIFTY31DEC2424250PE.NFO,2024-12-31,09:29:00,2024-12-31,722.15,722.15,722.15,722.15,0,28750,0
FINNIFTY31DEC2424250PE.NFO,2024-12-31,09:30:00,2024-12-31,722.15,722.15,722.15,722.15,0,28750,0
FINNIFTY31DEC2424250PE.NFO,2024-12-31,09:31:00,2024-12-31,722.15,722.15,722.15,722.15,0,28750,0
FINNIFTY31DEC2424250PE.NFO,2024-12-31,09:32:00,2024-12-31,722.15,722.15,722.15,722.15,0,28750,0
FINNIFTY31DEC2424250PE.NFO,2024-12-31,09:33:00,2024-12-31,722.15,722.15,722.15,722.15,0,28750,0
FINNIFTY31DEC2424250PE.NFO,2024-12-31,09:34:00,2024-12-31,722.15,722.15,722.15,722.15,0,28750,0
FINNIFTY31DEC2424250PE.NFO,2024-12-31,09:35:00,2024-12-31,722.15,722.15,722.15,722.15,0,28750,0
FINNIFTY31DEC2424250PE.NFO,2024-12-31,09:36:00,2024-12-31,722.15,722.15,722.15,722.15,0,28750,0
FINNIFTY31DEC2424250PE.NFO,2024-12-31,09:37:00,2024-12-31,722.15,722.15,722.15,722.15,0,28750,0
FINNIFTY31DEC2424250PE.NFO,2024-12-31,09:38:00,2024-12-31,722.15,722.15,722.15,722.15,0,28750,0
FINNIFTY31DEC2424250PE.NFO,2024-12-31,09:39:00,2024-12-31,722.15,722.15,700.0,700.0,25,29000,0
FINNIFTY31DEC2424250PE.NFO,2024-12-31,09:40:00,2024-12-31,700.0,700.0,700.0,700.0,0,29000,0
FINNIFTY31DEC2424250PE.NFO,2024-12-31,09:41:00,2024-12-31,700.0,715.0,700.0,715.0,25,28975,0
FINNIFTY31DEC2424250PE.NFO,2024-12-31,09:42:00,2024-12-31,715.0,715.0,715.0,715.0,0,28975,0
FINNIFTY31DEC2424250PE.NFO,2024-12-31,09:43:00,2024-12-31,715.0,715.0,715.0,715.0,0,28975,0
FINNIFTY31DEC2424250PE.NFO,2024-12-31,09:44:00,2024-12-31,715.0,715.0,715.0,715.0,0,28975,0
FINNIFTY31DEC2424250PE.NFO,2024-12-31,09:45:00,2024-12-31,715.0,715.0,715.0,715.0,0,28975,0
FINNIFTY31DEC2424250PE.NFO,2024-12-31,09:46:00,2024-12-31,715.0,715.0,715.0,715.0,0,28975,0
FINNIFTY31DEC2424250PE.NFO,2024-12-31,09:47:00,2024-12-31,715.0,715.0,715.0,715.0,0,28975,0
FINNIFTY31DEC2424250PE.NFO,2024-12-31,09:48:00,2024-12-31,715.0,715.0,715.0,715.0,0,28975,0
FINNIFTY31DEC2424250PE.NFO,2024-12-31,09:49:00,2024-12-31,715.0,715.0,715.0,715.0,0,28975,0
FINNIFTY31DEC2424250PE.NFO,2024-12-31,09:50:00,2024-12-31,715.0,715.0,715.0,715.0,0,28975,0
FINNIFTY31DEC2424250PE.NFO,2024-12-31,09:51:00,2024-12-31,715.0,715.0,715.0,715.0,0,28975,0
FINNIFTY31DEC2424250PE.NFO,2024-12-31,09:52:00,2024-12-31,715.0,715.0,715.0,715.0,0,28975,0
FINNIFTY31DEC2424250PE.NFO,2024-12-31,09:53:00,2024-12-31,715.0,715.0,715.0,715.0,0,28975,0
FINNIFTY31DEC2424250PE.NFO,2024-12-31,09:54:00,2024-12-31,715.0,715.0,715.0,715.0,0,28975,0
FINNIFTY31DEC2424250PE.NFO,2024-12-31,09:55:00,2024-12-31,715.0,715.0,715.0,715.0,0,28975,0
FINNIFTY31DEC2424250PE.NFO,2024-12-31,09:56:00,2024-12-31,715.0,715.0,715.0,715.0,0,28975,0
FINNIFTY31DEC2424250PE.NFO,2024-12-31,09:57:00,2024-12-31,715.0,715.0,715.0,715.0,0,28975,0
FINNIFTY31DEC2424250PE.NFO,2024-12-31,09:58:00,2024-12-31,715.0,715.0,715.0,715.0,0,28975,0
FINNIFTY31DEC2424250PE.NFO,2024-12-31,09:59:00,2024-12-31,715.0,715.0,715.0,715.0,0,28975,0
FINNIFTY31DEC2424250PE.NFO,2024-12-31,10:00:00,2024-12-31,715.0,715.0,715.0,715.0,0,28975,0
FINNIFTY31DEC2424250PE.NFO,2024-12-31,10:01:00,2024-12-31,715.0,715.0,715.0,715.0,0,28975,0
FINNIFTY31DEC2424250PE.NFO,2024-12-31,10:02:00,2024-12-31,715.0,715.0,715.0,715.0,0,28975,0
FINNIFTY31DEC2424250PE.NFO,2024-12-31,10:03:00,2024-12-31,715.0,715.0,715.0,715.0,0,28975,0
FINNIFTY31DEC2424250PE.NFO,2024-12-31,10:04:00,2024-12-31,715.0,715.0,715.0,715.0,0,28975,0
FINNIFTY31DEC2424250PE.NFO,2024-12-31,10:05:00,2024-12-31,715.0,715.0,715.0,715.0,0,28975,0
FINNIFTY31DEC2424250PE.NFO,2024-12-31,10:06:00,2024-12-31,715.0,715.0,715.0,715.0,0,28975,0
FINNIFTY31DEC2424250PE.NFO,2024-12-31,10:07:00,2024-12-31,715.0,715.0,715.0,715.0,0,28975,0
FINNIFTY31DEC2424250PE.NFO,2024-12-31,10:08:00,2024-12-31,715.0,715.0,715.0,715.0,0,28975,0
FINNIFTY31DEC2424250PE.NFO,2024-12-31,10:09:00,2024-12-31,715.0,715.0,715.0,715.0,0,28975,0
FINNIFTY31DEC2424250PE.NFO,2024-12-31,10:10:00,2024-12-31,715.0,715.0,715.0,715.0,0,28975,0
FINNIFTY31DEC2424250PE.NFO,2024-12-31,10:11:00,2024-12-31,715.0,715.0,715.0,715.0,0,28975,0
FINNIFTY31DEC2424250PE.NFO,2024-12-31,10:12:00,2024-12-31,715.0,715.0,715.0,715.0,0,28975,0
FINNIFTY31DEC2424250PE.NFO,2024-12-31,10:13:00,2024-12-31,715.0,715.0,715.0,715.0,0,28975,0
FINNIFTY31DEC2424250PE.NFO,2024-12-31,10:14:00,2024-12-31,715.0,715.0,715.0,715.0,0,28975,0
FINNIFTY31DEC2424250PE.NFO,2024-12-31,10:15:00,2024-12-31,715.0,715.0,715.0,715.0,0,28975,0
FINNIFTY31DEC2424250PE.NFO,2024-12-31,10:16:00,2024-12-31,715.0,715.0,715.0,715.0,0,28975,0
FINNIFTY31DEC2424250PE.NFO,2024-12-31,10:17:00,2024-12-31,715.0,715.0,715.0,715.0,0,28975,0
FINNIFTY31DEC2424250PE.NFO,2024-12-31,10:18:00,2024-12-31,715.0,715.0,715.0,715.0,0,28975,0
FINNIFTY31DEC2424250PE.NFO,2024-12-31,10:19:00,2024-12-31,715.0,715.0,715.0,715.0,0,28975,0
FINNIFTY31DEC2424250PE.NFO,2024-12-31,10:20:00,2024-12-31,715.0,715.0,715.0,715.0,0,28975,0
FINNIFTY31DEC2424250PE.NFO,2024-12-31,10:21:00,2024-12-31,715.0,715.0,715.0,715.0,0,28975,0
FINNIFTY31DEC2424250PE.NFO,2024-12-31,10:22:00,2024-12-31,715.0,715.0,715.0,715.0,0,28975,0
FINNIFTY31DEC2424250PE.NFO,2024-12-31,10:23:00,2024-12-31,715.0,715.0,715.0,715.0,0,28975,0
FINNIFTY31DEC2424250PE.NFO,2024-12-31,10:24:00,2024-12-31,715.0,715.0,715.0,715.0,0,28975,0
FINNIFTY31DEC2424250PE.NFO,2024-12-31,10:25:00,2024-12-31,715.0,715.0,715.0,715.0,0,28975,0
FINNIFTY31DEC2424250PE.NFO,2024-12-31,10:26:00,2024-12-31,715.0,715.0,715.0,715.0,0,28975,0
FINNIFTY31DEC2424250PE.NFO,2024-12-31,10:27:00,2024-12-31,715.0,715.0,715.0,715.0,0,28975,0
FINNIFTY31DEC2424250PE.NFO,2024-12-31,10:28:00,2024-12-31,715.0,715.0,715.0,715.0,0,28975,0
FINNIFTY31DEC2424250PE.NFO,2024-12-31,10:29:00,2024-12-31,715.0,715.0,715.0,715.0,0,28975,0
FINNIFTY31DEC2424250PE.NFO,2024-12-31,10:30:00,2024-12-31,715.0,715.0,715.0,715.0,0,28975,0
FINNIFTY31DEC2424250PE.NFO,2024-12-31,10:31:00,2024-12-31,715.0,715.0,715.0,715.0,0,28975,0
FINNIFTY31DEC2424250PE.NFO,2024-12-31,10:32:00,2024-12-31,715.0,715.0,715.0,715.0,0,28975,0
FINNIFTY31DEC2424250PE.NFO,2024-12-31,10:33:00,2024-12-31,715.0,715.0,715.0,715.0,0,28975,0
FINNIFTY31DEC2424250PE.NFO,2024-12-31,10:34:00,2024-12-31,715.0,715.0,715.0,715.0,0,28975,0
FINNIFTY31DEC2424250PE.NFO,2024-12-31,10:35:00,2024-12-31,715.0,715.0,715.0,715.0,0,28975,0
FINNIFTY31DEC2424250PE.NFO,2024-12-31,10:36:00,2024-12-31,715.0,715.0,715.0,715.0,0,28975,0
FINNIFTY31DEC2424250PE.NFO,2024-12-31,10:37:00,2024-12-31,715.0,715.0,715.0,715.0,0,28975,0
FINNIFTY31DEC2424250PE.NFO,2024-12-31,10:38:00,2024-12-31,715.0,715.0,715.0,715.0,0,28975,0
FINNIFTY31DEC2424250PE.NFO,2024-12-31,10:39:00,2024-12-31,715.0,715.0,715.0,715.0,0,28975,0
FINNIFTY31DEC2424250PE.NFO,2024-12-31,10:40:00,2024-12-31,715.0,715.0,715.0,715.0,0,28975,0
FINNIFTY31DEC2424250PE.NFO,2024-12-31,10:41:00,2024-12-31,715.0,715.0,715.0,715.0,0,28975,0
FINNIFTY31DEC2424250PE.NFO,2024-12-31,10:42:00,2024-12-31,715.0,715.0,715.0,715.0,0,28975,0
FINNIFTY31DEC2424250PE.NFO,2024-12-31,10:43:00,2024-12-31,715.0,715.0,715.0,715.0,0,28975,0
FINNIFTY31DEC2424250PE.NFO,2024-12-31,10:44:00,2024-12-31,715.0,715.0,715.0,715.0,0,28975,0
FINNIFTY31DEC2424250PE.NFO,2024-12-31,10:45:00,2024-12-31,715.0,715.0,715.0,715.0,0,28975,0
FINNIFTY31DEC2424250PE.NFO,2024-12-31,10:46:00,2024-12-31,715.0,715.0,715.0,715.0,0,28975,0
FINNIFTY31DEC2424250PE.NFO,2024-12-31,10:47:00,2024-12-31,715.0,715.0,715.0,715.0,0,28975,0
FINNIFTY31DEC2424250PE.NFO,2024-12-31,10:48:00,2024-12-31,715.0,715.0,715.0,715.0,0,28975,0
FINNIFTY31DEC2424250PE.NFO,2024-12-31,10:49:00,2024-12-31,715.0,715.0,715.0,715.0,0,28975,0
FINNIFTY31DEC2424250PE.NFO,2024-12-31,10:50:00,2024-12-31,715.0,715.0,715.0,715.0,0,28975,0
FINNIFTY31DEC2424250PE.NFO,2024-12-31,10:51:00,2024-12-31,715.0,715.0,715.0,715.0,0,28975,0
FINNIFTY31DEC2424250PE.NFO,2024-12-31,10:52:00,2024-12-31,715.0,715.0,715.0,715.0,0,28975,0
FINNIFTY31DEC2424250PE.NFO,2024-12-31,10:53:00,2024-12-31,715.0,715.0,715.0,715.0,0,28975,0
FINNIFTY31DEC2424250PE.NFO,2024-12-31,10:54:00,2024-12-31,715.0,715.0,715.0,715.0,0,28975,0
FINNIFTY31DEC2424250PE.NFO,2024-12-31,10:55:00,2024-12-31,715.0,715.0,715.0,715.0,0,28975,0
FINNIFTY31DEC2424250PE.NFO,2024-12-31,10:56:00,2024-12-31,715.0,715.0,715.0,715.0,0,28975,0
FINNIFTY31DEC2424250PE.NFO,2024-12-31,10:57:00,2024-12-31,715.0,715.0,715.0,715.0,0,28975,0
FINNIFTY31DEC2424250PE.NFO,2024-12-31,10:58:00,2024-12-31,715.0,715.0,715.0,715.0,0,28975,0
FINNIFTY31DEC2424250PE.NFO,2024-12-31,10:59:00,2024-12-31,715.0,715.0,715.0,715.0,0,28975,0
FINNIFTY31DEC2424250PE.NFO,2024-12-31,11:00:00,2024-12-31,715.0,715.0,715.0,715.0,0,28975,0
FINNIFTY31DEC2424250PE.NFO,2024-12-31,11:01:00,2024-12-31,715.0,715.0,715.0,715.0,0,28975,0
FINNIFTY31DEC2424250PE.NFO,2024-12-31,11:02:00,2024-12-31,715.0,715.0,715.0,715.0,0,28975,0
FINNIFTY31DEC2424250PE.NFO,2024-12-31,11:03:00,2024-12-31,715.0,715.0,715.0,715.0,0,28975,0
FINNIFTY31DEC2424250PE.NFO,2024-12-31,11:04:00,2024-12-31,715.0,715.0,715.0,715.0,0,28975,0
FINNIFTY31DEC2424250PE.NFO,2024-12-31,11:05:00,2024-12-31,715.0,715.0,715.0,715.0,0,28975,0
FINNIFTY31DEC2424250PE.NFO,2024-12-31,11:06:00,2024-12-31,715.0,715.0,715.0,715.0,0,28975,0
FINNIFTY31DEC2424250PE.NFO,2024-12-31,11:07:00,2024-12-31,715.0,715.0,715.0,715.0,0,28975,0
FINNIFTY31DEC2424250PE.NFO,2024-12-31,11:08:00,2024-12-31,715.0,715.0,715.0,715.0,0,28975,0
FINNIFTY31DEC2424250PE.NFO,2024-12-31,11:09:00,2024-12-31,715.0,715.0,715.0,715.0,0,28975,0
FINNIFTY31DEC2424250PE.NFO,2024-12-31,11:10:00,2024-12-31,715.0,715.0,715.0,715.0,0,28975,0
FINNIFTY31DEC2424250PE.NFO,2024-12-31,11:11:00,2024-12-31,715.0,715.0,715.0,715.0,0,28975,0
FINNIFTY31DEC2424250PE.NFO,2024-12-31,11:12:00,2024-12-31,715.0,715.0,715.0,715.0,0,28975,0
FINNIFTY31DEC2424250PE.NFO,2024-12-31,11:13:00,2024-12-31,715.0,715.0,715.0,715.0,0,28975,0
FINNIFTY31DEC2424250PE.NFO,2024-12-31,11:14:00,2024-12-31,715.0,715.0,715.0,715.0,0,28975,0
FINNIFTY31DEC2424250PE.NFO,2024-12-31,11:15:00,2024-12-31,715.0,715.0,715.0,715.0,0,28975,0
FINNIFTY31DEC2424250PE.NFO,2024-12-31,11:16:00,2024-12-31,715.0,715.0,715.0,715.0,0,28975,0
FINNIFTY31DEC2424250PE.NFO,2024-12-31,11:17:00,2024-12-31,715.0,715.0,715.0,715.0,0,28975,0
FINNIFTY31DEC2424250PE.NFO,2024-12-31,11:18:00,2024-12-31,715.0,715.0,715.0,715.0,0,28975,0
FINNIFTY31DEC2424250PE.NFO,2024-12-31,11:19:00,2024-12-31,715.0,715.0,715.0,715.0,0,28975,0
FINNIFTY31DEC2424250PE.NFO,2024-12-31,11:20:00,2024-12-31,715.0,715.0,715.0,715.0,0,28975,0
FINNIFTY31DEC2424250PE.NFO,2024-12-31,11:21:00,2024-12-31,715.0,715.0,715.0,715.0,0,28975,0
FINNIFTY31DEC2424250PE.NFO,2024-12-31,11:22:00,2024-12-31,715.0,715.0,715.0,715.0,0,28975,0
FINNIFTY31DEC2424250PE.NFO,2024-12-31,11:23:00,2024-12-31,715.0,715.0,715.0,715.0,0,28975,0
FINNIFTY31DEC2424250PE.NFO,2024-12-31,11:24:00,2024-12-31,715.0,715.0,715.0,715.0,0,28975,0
FINNIFTY31DEC2424250PE.NFO,2024-12-31,11:25:00,2024-12-31,715.0,715.0,715.0,715.0,0,28975,0
FINNIFTY31DEC2424250PE.NFO,2024-12-31,11:26:00,2024-12-31,715.0,715.0,715.0,715.0,0,28975,0
FINNIFTY31DEC2424250PE.NFO,2024-12-31,11:27:00,2024-12-31,715.0,715.0,715.0,715.0,0,28975,0
FINNIFTY31DEC2424250PE.NFO,2024-12-31,11:28:00,2024-12-31,715.0,715.0,715.0,715.0,0,28975,0
FINNIFTY31DEC2424250PE.NFO,2024-12-31,11:29:00,2024-12-31,715.0,715.0,715.0,715.0,0,28975,0
FINNIFTY31DEC2424250PE.NFO,2024-12-31,11:30:00,2024-12-31,715.0,715.0,715.0,715.0,0,28975,0
FINNIFTY31DEC2424250PE.NFO,2024-12-31,11:31:00,2024-12-31,715.0,715.0,715.0,715.0,0,28975,0
FINNIFTY31DEC2424250PE.NFO,2024-12-31,11:32:00,2024-12-31,715.0,715.0,715.0,715.0,0,28975,0
FINNIFTY31DEC2424250PE.NFO,2024-12-31,11:33:00,2024-12-31,715.0,715.0,715.0,715.0,0,28975,0
FINNIFTY31DEC2424250PE.NFO,2024-12-31,11:34:00,2024-12-31,715.0,715.0,715.0,715.0,0,28975,0
FINNIFTY31DEC2424250PE.NFO,2024-12-31,11:35:00,2024-12-31,715.0,715.0,715.0,715.0,0,28975,0
FINNIFTY31DEC2424250PE.NFO,2024-12-31,11:36:00,2024-12-31,715.0,715.0,715.0,715.0,0,28975,0
FINNIFTY31DEC2424250PE.NFO,2024-12-31,11:37:00,2024-12-31,715.0,715.0,715.0,715.0,0,28975,0
FINNIFTY31DEC2424250PE.NFO,2024-12-31,11:38:00,2024-12-31,715.0,715.0,715.0,715.0,0,28975,0
FINNIFTY31DEC2424250PE.NFO,2024-12-31,11:39:00,2024-12-31,715.0,715.0,715.0,715.0,0,28975,0
FINNIFTY31DEC2424250PE.NFO,2024-12-31,11:40:00,2024-12-31,715.0,715.0,715.0,715.0,0,28975,0
FINNIFTY31DEC2424250PE.NFO,2024-12-31,11:41:00,2024-12-31,715.0,715.0,715.0,715.0,0,28975,0
FINNIFTY31DEC2424250PE.NFO,2024-12-31,11:42:00,2024-12-31,715.0,715.0,715.0,715.0,0,28975,0
FINNIFTY31DEC2424250PE.NFO,2024-12-31,11:43:00,2024-12-31,715.0,715.0,715.0,715.0,0,28975,0
FINNIFTY31DEC2424250PE.NFO,2024-12-31,11:44:00,2024-12-31,715.0,715.0,715.0,715.0,0,28975,0
FINNIFTY31DEC2424250PE.NFO,2024-12-31,11:45:00,2024-12-31,715.0,715.0,715.0,715.0,0,28975,0
FINNIFTY31DEC2424250PE.NFO,2024-12-31,11:46:00,2024-12-31,715.0,715.0,715.0,715.0,0,28975,0
FINNIFTY31DEC2424250PE.NFO,2024-12-31,11:47:00,2024-12-31,715.0,715.0,715.0,715.0,0,28975,0
FINNIFTY31DEC2424250PE.NFO,2024-12-31,11:48:00,2024-12-31,715.0,734.4,715.0,734.4,75,28975,0
FINNIFTY31DEC2424250PE.NFO,2024-12-31,11:49:00,2024-12-31,734.4,734.4,734.4,734.4,0,28975,0
FINNIFTY31DEC2424250PE.NFO,2024-12-31,11:50:00,2024-12-31,734.4,734.4,734.4,734.4,0,28975,0
FINNIFTY31DEC2424250PE.NFO,2024-12-31,11:51:00,2024-12-31,734.4,734.4,734.4,734.4,0,28975,0
FINNIFTY31DEC2424250PE.NFO,2024-12-31,11:52:00,2024-12-31,734.4,734.4,734.4,734.4,0,28975,0
FINNIFTY31DEC2424250PE.NFO,2024-12-31,11:53:00,2024-12-31,734.4,734.4,734.4,734.4,0,28975,0
FINNIFTY31DEC2424250PE.NFO,2024-12-31,11:54:00,2024-12-31,734.4,737.75,734.4,737.75,375,28900,0
FINNIFTY31DEC2424250PE.NFO,2024-12-31,11:55:00,2024-12-31,737.75,737.75,737.75,737.75,0,28900,0
FINNIFTY31DEC2424250PE.NFO,2024-12-31,11:56:00,2024-12-31,737.75,737.75,737.75,737.75,0,28900,0
FINNIFTY31DEC2424250PE.NFO,2024-12-31,11:57:00,2024-12-31,737.75,737.75,737.75,737.75,0,28900,0
FINNIFTY31DEC2424250PE.NFO,2024-12-31,11:58:00,2024-12-31,737.75,737.75,737.75,737.75,0,28900,0
FINNIFTY31DEC2424250PE.NFO,2024-12-31,11:59:00,2024-12-31,737.75,737.75,737.75,737.75,0,28900,0
FINNIFTY31DEC2424250PE.NFO,2024-12-31,12:00:00,2024-12-31,737.75,737.75,737.75,737.75,0,28900,0
FINNIFTY31DEC2424250PE.NFO,2024-12-31,12:01:00,2024-12-31,737.75,737.75,737.75,737.75,0,28900,0
FINNIFTY31DEC2424250PE.NFO,2024-12-31,12:02:00,2024-12-31,737.75,737.75,737.75,737.75,0,28900,0
FINNIFTY31DEC2424250PE.NFO,2024-12-31,12:03:00,2024-12-31,737.75,737.75,737.75,737.75,0,28900,0
FINNIFTY31DEC2424250PE.NFO,2024-12-31,12:04:00,2024-12-31,737.75,737.75,737.75,737.75,0,28900,0
FINNIFTY31DEC2424250PE.NFO,2024-12-31,12:05:00,2024-12-31,737.75,737.75,737.75,737.75,0,28900,0
FINNIFTY31DEC2424250PE.NFO,2024-12-31,12:06:00,2024-12-31,737.75,737.75,737.75,737.75,0,28900,0
FINNIFTY31DEC2424250PE.NFO,2024-12-31,12:07:00,2024-12-31,737.75,737.75,737.75,737.75,0,28900,0
FINNIFTY31DEC2424250PE.NFO,2024-12-31,12:08:00,2024-12-31,737.75,737.75,737.75,737.75,0,28900,0
FINNIFTY31DEC2424250PE.NFO,2024-12-31,12:09:00,2024-12-31,737.75,737.75,737.75,737.75,0,28900,0
FINNIFTY31DEC2424250PE.NFO,2024-12-31,12:10:00,2024-12-31,737.75,737.75,737.75,737.75,0,28900,0
FINNIFTY31DEC2424250PE.NFO,2024-12-31,12:11:00,2024-12-31,737.75,737.75,737.75,737.75,0,28900,0
FINNIFTY31DEC2424250PE.NFO,2024-12-31,12:12:00,2024-12-31,737.75,737.75,737.75,737.75,0,28900,0
FINNIFTY31DEC2424250PE.NFO,2024-12-31,12:13:00,2024-12-31,737.75,737.75,737.75,737.75,0,28900,0
FINNIFTY31DEC2424250PE.NFO,2024-12-31,12:14:00,2024-12-31,737.75,737.75,737.75,737.75,0,28900,0
FINNIFTY31DEC2424250PE.NFO,2024-12-31,12:15:00,2024-12-31,737.75,737.75,737.75,737.75,0,28900,0
FINNIFTY31DEC2424250PE.NFO,2024-12-31,12:16:00,2024-12-31,737.75,737.75,737.75,737.75,0,28900,0
FINNIFTY31DEC2424250PE.NFO,2024-12-31,12:17:00,2024-12-31,737.75,737.75,737.75,737.75,0,28900,0
FINNIFTY31DEC2424250PE.NFO,2024-12-31,12:18:00,2024-12-31,737.75,737.75,737.75,737.75,0,28900,0
FINNIFTY31DEC2424250PE.NFO,2024-12-31,12:19:00,2024-12-31,737.75,737.75,737.75,737.75,0,28900,0
FINNIFTY31DEC2424250PE.NFO,2024-12-31,12:20:00,2024-12-31,737.75,737.75,737.75,737.75,0,28900,0
FINNIFTY31DEC2424250PE.NFO,2024-12-31,12:21:00,2024-12-31,737.75,737.75,737.75,737.75,0,28900,0
FINNIFTY31DEC2424250PE.NFO,2024-12-31,12:22:00,2024-12-31,737.75,737.75,737.75,737.75,0,28900,0
FINNIFTY31DEC2424250PE.NFO,2024-12-31,12:23:00,2024-12-31,737.75,737.75,737.75,737.75,0,28900,0
FINNIFTY31DEC2424250PE.NFO,2024-12-31,12:24:00,2024-12-31,737.75,737.75,737.75,737.75,0,28900,0
FINNIFTY31DEC2424250PE.NFO,2024-12-31,12:25:00,2024-12-31,737.75,737.75,737.75,737.75,0,28900,0
FINNIFTY31DEC2424250PE.NFO,2024-12-31,12:26:00,2024-12-31,737.75,737.75,737.75,737.75,0,28900,0
FINNIFTY31DEC2424250PE.NFO,2024-12-31,12:27:00,2024-12-31,737.75,737.75,737.75,737.75,0,28900,0
FINNIFTY31DEC2424250PE.NFO,2024-12-31,12:28:00,2024-12-31,737.75,737.75,737.75,737.75,0,28900,0
FINNIFTY31DEC2424250PE.NFO,2024-12-31,12:29:00,2024-12-31,737.75,737.75,737.75,737.75,0,28900,0
FINNIFTY31DEC2424250PE.NFO,2024-12-31,12:30:00,2024-12-31,737.75,737.75,737.75,737.75,0,28900,0
FINNIFTY31DEC2424250PE.NFO,2024-12-31,12:31:00,2024-12-31,737.75,737.75,737.75,737.75,0,28900,0
FINNIFTY31DEC2424250PE.NFO,2024-12-31,12:32:00,2024-12-31,737.75,737.75,737.75,737.75,0,28900,0
FINNIFTY31DEC2424250PE.NFO,2024-12-31,12:33:00,2024-12-31,737.75,737.75,737.75,737.75,0,28900,0
FINNIFTY31DEC2424250PE.NFO,2024-12-31,12:34:00,2024-12-31,737.75,737.75,737.75,737.75,0,28900,0
FINNIFTY31DEC2424250PE.NFO,2024-12-31,12:35:00,2024-12-31,737.75,737.75,737.75,737.75,0,28900,0
FINNIFTY31DEC2424250PE.NFO,2024-12-31,12:36:00,2024-12-31,737.75,737.75,737.75,737.75,0,28900,0
FINNIFTY31DEC2424250PE.NFO,2024-12-31,12:37:00,2024-12-31,737.75,737.75,731.9,731.9,100,28550,0
FINNIFTY31DEC2424250PE.NFO,2024-12-31,12:38:00,2024-12-31,731.9,731.9,731.9,731.9,0,28550,0
FINNIFTY31DEC2424250PE.NFO,2024-12-31,12:39:00,2024-12-31,731.9,731.9,731.9,731.9,0,28550,0
FINNIFTY31DEC2424250PE.NFO,2024-12-31,12:40:00,2024-12-31,731.9,731.9,731.9,731.9,0,28550,0
FINNIFTY31DEC2424250PE.NFO,2024-12-31,12:41:00,2024-12-31,731.9,731.9,731.9,731.9,0,28550,0
FINNIFTY31DEC2424250PE.NFO,2024-12-31,12:42:00,2024-12-31,731.9,731.9,731.9,731.9,0,28550,0
FINNIFTY31DEC2424250PE.NFO,2024-12-31,12:43:00,2024-12-31,731.9,731.9,731.9,731.9,0,28550,0
FINNIFTY31DEC2424250PE.NFO,2024-12-31,12:44:00,2024-12-31,731.9,731.9,731.9,731.9,0,28550,0
FINNIFTY31DEC2424250PE.NFO,2024-12-31,12:45:00,2024-12-31,731.9,731.9,731.9,731.9,0,28550,0
FINNIFTY31DEC2424250PE.NFO,2024-12-31,12:46:00,2024-12-31,731.9,735.05,731.9,735.05,25,28450,0
FINNIFTY31DEC2424250PE.NFO,2024-12-31,12:47:00,2024-12-31,735.05,735.05,735.05,735.05,0,28450,0
FINNIFTY31DEC2424250PE.NFO,2024-12-31,12:48:00,2024-12-31,735.05,735.05,735.05,735.05,0,28450,0
FINNIFTY31DEC2424250PE.NFO,2024-12-31,12:49:00,2024-12-31,735.05,735.05,735.05,735.05,0,28450,0
FINNIFTY31DEC2424250PE.NFO,2024-12-31,12:50:00,2024-12-31,735.05,735.05,735.05,735.05,0,28450,0
FINNIFTY31DEC2424250PE.NFO,2024-12-31,12:51:00,2024-12-31,735.05,735.05,735.05,735.05,0,28450,0
FINNIFTY31DEC2424250PE.NFO,2024-12-31,12:52:00,2024-12-31,735.05,735.05,735.05,735.05,0,28450,0
FINNIFTY31DEC2424250PE.NFO,2024-12-31,12:53:00,2024-12-31,735.05,735.05,735.05,735.05,0,28450,0
FINNIFTY31DEC2424250PE.NFO,2024-12-31,12:54:00,2024-12-31,735.05,735.05,735.05,735.05,0,28450,0
FINNIFTY31DEC2424250PE.NFO,2024-12-31,12:55:00,2024-12-31,735.05,735.05,735.05,735.05,0,28450,0
FINNIFTY31DEC2424250PE.NFO,2024-12-31,12:56:00,2024-12-31,735.05,735.05,735.05,735.05,0,28450,0
FINNIFTY31DEC2424250PE.NFO,2024-12-31,12:57:00,2024-12-31,735.05,735.05,735.05,735.05,0,28450,0
FINNIFTY31DEC2424250PE.NFO,2024-12-31,12:58:00,2024-12-31,735.05,735.05,735.05,735.05,0,28450,0
FINNIFTY31DEC2424250PE.NFO,2024-12-31,12:59:00,2024-12-31,735.05,735.05,735.05,735.05,0,28450,0
FINNIFTY31DEC2424250PE.NFO,2024-12-31,13:00:00,2024-12-31,735.05,735.05,735.05,735.05,0,28450,0
FINNIFTY31DEC2424250PE.NFO,2024-12-31,13:01:00,2024-12-31,735.05,735.05,735.05,735.05,0,28450,0
FINNIFTY31DEC2424250PE.NFO,2024-12-31,13:02:00,2024-12-31,735.05,735.05,735.05,735.05,0,28450,0
FINNIFTY31DEC2424250PE.NFO,2024-12-31,13:03:00,2024-12-31,735.05,735.05,735.05,735.05,0,28450,0
FINNIFTY31DEC2424250PE.NFO,2024-12-31,13:04:00,2024-12-31,735.05,735.05,735.05,735.05,0,28450,0
FINNIFTY31DEC2424250PE.NFO,2024-12-31,13:05:00,2024-12-31,735.05,735.05,735.05,735.05,0,28450,0
FINNIFTY31DEC2424250PE.NFO,2024-12-31,13:06:00,2024-12-31,735.05,735.05,735.05,735.05,0,28450,0
FINNIFTY31DEC2424250PE.NFO,2024-12-31,13:07:00,2024-12-31,735.05,735.05,735.05,735.05,0,28450,0
FINNIFTY31DEC2424250PE.NFO,2024-12-31,13:08:00,2024-12-31,735.05,735.05,735.05,735.05,0,28450,0
FINNIFTY31DEC2424250PE.NFO,2024-12-31,13:09:00,2024-12-31,735.05,735.05,735.05,735.05,0,28450,0
FINNIFTY31DEC2424250PE.NFO,2024-12-31,13:10:00,2024-12-31,735.05,735.05,735.05,735.05,0,28450,0
FINNIFTY31DEC2424250PE.NFO,2024-12-31,13:11:00,2024-12-31,735.05,735.05,735.05,735.05,0,28450,0
FINNIFTY31DEC2424250PE.NFO,2024-12-31,13:12:00,2024-12-31,735.05,735.05,735.05,735.05,0,28450,0
FINNIFTY31DEC2424250PE.NFO,2024-12-31,13:13:00,2024-12-31,735.05,735.05,735.05,735.05,0,28450,0
FINNIFTY31DEC2424250PE.NFO,2024-12-31,13:14:00,2024-12-31,735.05,735.05,735.05,735.05,0,28450,0
FINNIFTY31DEC2424250PE.NFO,2024-12-31,13:15:00,2024-12-31,735.05,735.05,735.05,735.05,0,28450,0
FINNIFTY31DEC2424250PE.NFO,2024-12-31,13:16:00,2024-12-31,735.05,735.05,735.05,735.05,0,28450,0
FINNIFTY31DEC2424250PE.NFO,2024-12-31,13:17:00,2024-12-31,735.05,735.05,735.05,735.05,0,28450,0
FINNIFTY31DEC2424250PE.NFO,2024-12-31,13:18:00,2024-12-31,735.05,735.05,735.05,735.05,0,28450,0
FINNIFTY31DEC2424250PE.NFO,2024-12-31,13:19:00,2024-12-31,735.05,735.05,735.05,735.05,0,28450,0
FINNIFTY31DEC2424250PE.NFO,2024-12-31,13:20:00,2024-12-31,735.05,735.05,735.05,735.05,0,28450,0
FINNIFTY31DEC2424250PE.NFO,2024-12-31,13:21:00,2024-12-31,735.05,735.05,735.05,735.05,0,28450,0
FINNIFTY31DEC2424250PE.NFO,2024-12-31,13:22:00,2024-12-31,735.05,735.05,735.05,735.05,0,28450,0
FINNIFTY31DEC2424250PE.NFO,2024-12-31,13:23:00,2024-12-31,735.05,735.05,735.05,735.05,0,28450,0
FINNIFTY31DEC2424250PE.NFO,2024-12-31,13:24:00,2024-12-31,735.05,735.05,735.05,735.05,0,28450,0
FINNIFTY31DEC2424250PE.NFO,2024-12-31,13:25:00,2024-12-31,735.05,735.05,725.0,725.0,25,28425,0
FINNIFTY31DEC2424250PE.NFO,2024-12-31,13:26:00,2024-12-31,725.0,725.0,725.0,725.0,0,28425,0
FINNIFTY31DEC2424250PE.NFO,2024-12-31,13:27:00,2024-12-31,725.0,725.0,725.0,725.0,0,28425,0
FINNIFTY31DEC2424250PE.NFO,2024-12-31,13:28:00,2024-12-31,725.0,725.0,725.0,725.0,0,28425,0
FINNIFTY31DEC2424250PE.NFO,2024-12-31,13:29:00,2024-12-31,725.0,725.0,725.0,725.0,0,28425,0
FINNIFTY31DEC2424250PE.NFO,2024-12-31,13:30:00,2024-12-31,725.0,725.0,725.0,725.0,0,28425,0
FINNIFTY31DEC2424250PE.NFO,2024-12-31,13:31:00,2024-12-31,725.0,725.0,725.0,725.0,0,28425,0
FINNIFTY31DEC2424250PE.NFO,2024-12-31,13:32:00,2024-12-31,725.0,725.0,725.0,725.0,0,28425,0
FINNIFTY31DEC2424250PE.NFO,2024-12-31,13:33:00,2024-12-31,725.0,725.0,725.0,725.0,0,28425,0
FINNIFTY31DEC2424250PE.NFO,2024-12-31,13:34:00,2024-12-31,725.0,725.0,725.0,725.0,0,28425,0
FINNIFTY31DEC2424250PE.NFO,2024-12-31,13:35:00,2024-12-31,725.0,725.0,725.0,725.0,0,28425,0
FINNIFTY31DEC2424250PE.NFO,2024-12-31,13:36:00,2024-12-31,725.0,725.0,725.0,725.0,0,28425,0
FINNIFTY31DEC2424250PE.NFO,2024-12-31,13:37:00,2024-12-31,725.0,725.0,725.0,725.0,0,28425,0
FINNIFTY31DEC2424250PE.NFO,2024-12-31,13:38:00,2024-12-31,725.0,725.0,725.0,725.0,0,28425,0
FINNIFTY31DEC2424250PE.NFO,2024-12-31,13:39:00,2024-12-31,725.0,725.0,725.0,725.0,0,28425,0
FINNIFTY31DEC2424250PE.NFO,2024-12-31,13:40:00,2024-12-31,725.0,725.0,725.0,725.0,0,28425,0
FINNIFTY31DEC2424250PE.NFO,2024-12-31,13:41:00,2024-12-31,725.0,725.0,725.0,725.0,0,28425,0
FINNIFTY31DEC2424250PE.NFO,2024-12-31,13:42:00,2024-12-31,725.0,725.0,725.0,725.0,0,28425,0
FINNIFTY31DEC2424250PE.NFO,2024-12-31,13:43:00,2024-12-31,725.0,725.0,725.0,725.0,0,28425,0
FINNIFTY31DEC2424250PE.NFO,2024-12-31,13:44:00,2024-12-31,725.0,725.0,725.0,725.0,0,28425,0
FINNIFTY31DEC2424250PE.NFO,2024-12-31,13:45:00,2024-12-31,725.0,725.0,725.0,725.0,0,28425,0
FINNIFTY31DEC2424250PE.NFO,2024-12-31,13:46:00,2024-12-31,725.0,725.0,725.0,725.0,0,28425,0
FINNIFTY31DEC2424250PE.NFO,2024-12-31,13:47:00,2024-12-31,725.0,725.0,725.0,725.0,0,28425,0
FINNIFTY31DEC2424250PE.NFO,2024-12-31,13:48:00,2024-12-31,725.0,725.0,725.0,725.0,0,28425,0
FINNIFTY31DEC2424250PE.NFO,2024-12-31,13:49:00,2024-12-31,725.0,725.0,725.0,725.0,0,28425,0
FINNIFTY31DEC2424250PE.NFO,2024-12-31,13:50:00,2024-12-31,725.0,725.0,725.0,725.0,0,28425,0
FINNIFTY31DEC2424250PE.NFO,2024-12-31,13:51:00,2024-12-31,725.0,725.0,725.0,725.0,0,28425,0
FINNIFTY31DEC2424250PE.NFO,2024-12-31,13:52:00,2024-12-31,725.0,725.0,725.0,725.0,0,28425,0
FINNIFTY31DEC2424250PE.NFO,2024-12-31,13:53:00,2024-12-31,725.0,725.0,725.0,725.0,0,28425,0
FINNIFTY31DEC2424250PE.NFO,2024-12-31,13:54:00,2024-12-31,725.0,725.0,725.0,725.0,0,28425,0
FINNIFTY31DEC2424250PE.NFO,2024-12-31,13:55:00,2024-12-31,725.0,725.0,725.0,725.0,0,28425,0
FINNIFTY31DEC2424250PE.NFO,2024-12-31,13:56:00,2024-12-31,725.0,725.0,725.0,725.0,0,28425,0
FINNIFTY31DEC2424250PE.NFO,2024-12-31,13:57:00,2024-12-31,725.0,725.0,725.0,725.0,0,28425,0
FINNIFTY31DEC2424250PE.NFO,2024-12-31,13:58:00,2024-12-31,725.0,725.0,725.0,725.0,0,28425,0
FINNIFTY31DEC2424250PE.NFO,2024-12-31,13:59:00,2024-12-31,725.0,725.0,725.0,725.0,0,28425,0
FINNIFTY31DEC2424250PE.NFO,2024-12-31,14:00:00,2024-12-31,725.0,725.0,725.0,725.0,0,28425,0
FINNIFTY31DEC2424250PE.NFO,2024-12-31,14:01:00,2024-12-31,725.0,725.0,725.0,725.0,0,28425,0
FINNIFTY31DEC2424250PE.NFO,2024-12-31,14:02:00,2024-12-31,725.0,725.0,725.0,725.0,0,28425,0
FINNIFTY31DEC2424250PE.NFO,2024-12-31,14:03:00,2024-12-31,725.0,725.0,725.0,725.0,0,28425,0
FINNIFTY31DEC2424250PE.NFO,2024-12-31,14:04:00,2024-12-31,725.0,725.0,725.0,725.0,0,28425,0
FINNIFTY31DEC2424250PE.NFO,2024-12-31,14:05:00,2024-12-31,725.0,725.0,725.0,725.0,0,28425,0
FINNIFTY31DEC2424250PE.NFO,2024-12-31,14:06:00,2024-12-31,725.0,732.0,725.0,732.0,75,28400,0
FINNIFTY31DEC2424250PE.NFO,2024-12-31,14:07:00,2024-12-31,732.0,732.0,732.0,732.0,0,28400,0
FINNIFTY31DEC2424250PE.NFO,2024-12-31,14:08:00,2024-12-31,732.0,732.0,732.0,732.0,0,28400,0
FINNIFTY31DEC2424250PE.NFO,2024-12-31,14:09:00,2024-12-31,732.0,732.0,732.0,732.0,0,28400,0
FINNIFTY31DEC2424250PE.NFO,2024-12-31,14:10:00,2024-12-31,732.0,732.0,732.0,732.0,0,28400,0
FINNIFTY31DEC2424250PE.NFO,2024-12-31,14:11:00,2024-12-31,732.0,732.0,732.0,732.0,0,28400,0
FINNIFTY31DEC2424250PE.NFO,2024-12-31,14:12:00,2024-12-31,732.0,732.0,732.0,732.0,0,28400,0
FINNIFTY31DEC2424250PE.NFO,2024-12-31,14:13:00,2024-12-31,732.0,732.0,732.0,732.0,0,28400,0
FINNIFTY31DEC2424250PE.NFO,2024-12-31,14:14:00,2024-12-31,732.0,732.0,732.0,732.0,0,28400,0
FINNIFTY31DEC2424250PE.NFO,2024-12-31,14:15:00,2024-12-31,732.0,732.0,732.0,732.0,0,28400,0
FINNIFTY31DEC2424250PE.NFO,2024-12-31,14:16:00,2024-12-31,732.0,732.0,732.0,732.0,0,28400,0
FINNIFTY31DEC2424250PE.NFO,2024-12-31,14:17:00,2024-12-31,732.0,732.0,732.0,732.0,0,28400,0
FINNIFTY31DEC2424250PE.NFO,2024-12-31,14:18:00,2024-12-31,732.0,732.0,732.0,732.0,0,28400,0
FINNIFTY31DEC2424250PE.NFO,2024-12-31,14:19:00,2024-12-31,732.0,732.0,732.0,732.0,0,28400,0
FINNIFTY31DEC2424250PE.NFO,2024-12-31,14:20:00,2024-12-31,732.0,732.0,732.0,732.0,0,28400,0
FINNIFTY31DEC2424250PE.NFO,2024-12-31,14:21:00,2024-12-31,732.0,732.0,732.0,732.0,0,28400,0
FINNIFTY31DEC2424250PE.NFO,2024-12-31,14:22:00,2024-12-31,732.0,732.0,732.0,732.0,0,28400,0
FINNIFTY31DEC2424250PE.NFO,2024-12-31,14:23:00,2024-12-31,732.0,732.0,732.0,732.0,0,28400,0
FINNIFTY31DEC2424250PE.NFO,2024-12-31,14:24:00,2024-12-31,732.0,732.0,732.0,732.0,0,28400,0
FINNIFTY31DEC2424250PE.NFO,2024-12-31,14:25:00,2024-12-31,732.0,732.0,732.0,732.0,0,28400,0
FINNIFTY31DEC2424250PE.NFO,2024-12-31,14:26:00,2024-12-31,732.0,747.0,732.0,747.0,75,28400,0
FINNIFTY31DEC2424250PE.NFO,2024-12-31,14:27:00,2024-12-31,747.0,747.0,747.0,747.0,0,28400,0
FINNIFTY31DEC2424250PE.NFO,2024-12-31,14:28:00,2024-12-31,747.0,747.0,747.0,747.0,0,28400,0
FINNIFTY31DEC2424250PE.NFO,2024-12-31,14:29:00,2024-12-31,747.0,747.0,747.0,747.0,0,28400,0
FINNIFTY31DEC2424250PE.NFO,2024-12-31,14:30:00,2024-12-31,747.0,747.0,747.0,747.0,0,28400,0
FINNIFTY31DEC2424250PE.NFO,2024-12-31,14:31:00,2024-12-31,747.0,747.0,747.0,747.0,0,28400,0
FINNIFTY31DEC2424250PE.NFO,2024-12-31,14:32:00,2024-12-31,747.0,747.0,747.0,747.0,0,28400,0
FINNIFTY31DEC2424250PE.NFO,2024-12-31,14:33:00,2024-12-31,747.0,747.0,747.0,747.0,0,28400,0
FINNIFTY31DEC2424250PE.NFO,2024-12-31,14:34:00,2024-12-31,747.0,747.0,747.0,747.0,0,28400,0
FINNIFTY31DEC2424250PE.NFO,2024-12-31,14:35:00,2024-12-31,747.0,747.0,747.0,747.0,0,28400,0
FINNIFTY31DEC2424250PE.NFO,2024-12-31,14:36:00,2024-12-31,747.0,747.0,747.0,747.0,0,28400,0
FINNIFTY31DEC2424250PE.NFO,2024-12-31,14:37:00,2024-12-31,747.0,747.0,747.0,747.0,0,28400,0
FINNIFTY31DEC2424250PE.NFO,2024-12-31,14:38:00,2024-12-31,747.0,747.0,747.0,747.0,0,28400,0
FINNIFTY31DEC2424250PE.NFO,2024-12-31,14:39:00,2024-12-31,747.0,747.0,738.55,738.55,25,28325,0
FINNIFTY31DEC2424250PE.NFO,2024-12-31,14:40:00,2024-12-31,738.55,738.55,738.55,738.55,0,28325,0
FINNIFTY31DEC2424250PE.NFO,2024-12-31,14:41:00,2024-12-31,738.55,738.55,738.55,738.55,0,28325,0
FINNIFTY31DEC2424250PE.NFO,2024-12-31,14:42:00,2024-12-31,738.55,738.55,738.55,738.55,0,28325,0
FINNIFTY31DEC2424250PE.NFO,2024-12-31,14:43:00,2024-12-31,738.55,738.55,738.55,738.55,0,28325,0
FINNIFTY31DEC2424250PE.NFO,2024-12-31,14:44:00,2024-12-31,738.55,738.55,738.55,738.55,0,28325,0
FINNIFTY31DEC2424250PE.NFO,2024-12-31,14:45:00,2024-12-31,738.55,738.55,738.55,738.55,0,28325,0
FINNIFTY31DEC2424250PE.NFO,2024-12-31,14:46:00,2024-12-31,738.55,738.55,738.55,738.55,0,28325,0
FINNIFTY31DEC2424250PE.NFO,2024-12-31,14:47:00,2024-12-31,738.55,738.55,738.55,738.55,0,28325,0
FINNIFTY31DEC2424250PE.NFO,2024-12-31,14:48:00,2024-12-31,738.55,738.55,738.55,738.55,0,28325,0
FINNIFTY31DEC2424250PE.NFO,2024-12-31,14:49:00,2024-12-31,738.55,738.55,738.55,738.55,0,28325,0
FINNIFTY31DEC2424250PE.NFO,2024-12-31,14:50:00,2024-12-31,738.55,738.55,738.55,738.55,0,28325,0
FINNIFTY31DEC2424250PE.NFO,2024-12-31,14:51:00,2024-12-31,738.55,738.55,738.55,738.55,0,28325,0
FINNIFTY31DEC2424250PE.NFO,2024-12-31,14:52:00,2024-12-31,738.55,738.55,738.55,738.55,0,28325,0
FINNIFTY31DEC2424250PE.NFO,2024-12-31,14:53:00,2024-12-31,738.55,738.55,738.55,738.55,0,28325,0
FINNIFTY31DEC2424250PE.NFO,2024-12-31,14:54:00,2024-12-31,738.55,738.55,738.55,738.55,0,28325,0
FINNIFTY31DEC2424250PE.NFO,2024-12-31,14:55:00,2024-12-31,738.55,738.55,738.55,738.55,0,28325,0
FINNIFTY31DEC2424250PE.NFO,2024-12-31,14:56:00,2024-12-31,738.55,738.55,738.55,738.55,0,28325,0
FINNIFTY31DEC2424250PE.NFO,2024-12-31,14:57:00,2024-12-31,738.55,738.55,738.55,738.55,0,28325,0
FINNIFTY31DEC2424250PE.NFO,2024-12-31,14:58:00,2024-12-31,738.55,738.55,738.55,738.55,0,28325,0
FINNIFTY31DEC2424250PE.NFO,2024-12-31,14:59:00,2024-12-31,738.55,738.55,738.55,738.55,0,28325,0
FINNIFTY31DEC2424250PE.NFO,2024-12-31,15:00:00,2024-12-31,738.55,738.55,738.55,738.55,0,28325,0
FINNIFTY31DEC2424250PE.NFO,2024-12-31,15:01:00,2024-12-31,738.55,738.55,738.55,738.55,0,28325,0
FINNIFTY31DEC2424250PE.NFO,2024-12-31,15:02:00,2024-12-31,738.55,738.55,738.55,738.55,0,28325,0
FINNIFTY31DEC2424250PE.NFO,2024-12-31,15:03:00,2024-12-31,738.55,738.55,738.55,738.55,0,28325,0
FINNIFTY31DEC2424250PE.NFO,2024-12-31,15:04:00,2024-12-31,738.55,738.55,738.55,738.55,0,28325,0
FINNIFTY31DEC2424250PE.NFO,2024-12-31,15:05:00,2024-12-31,738.55,738.55,737.85,737.85,25,28325,0
FINNIFTY31DEC2424250PE.NFO,2024-12-31,15:06:00,2024-12-31,737.85,737.85,737.85,737.85,0,28325,0
FINNIFTY31DEC2424250PE.NFO,2024-12-31,15:07:00,2024-12-31,737.85,737.85,737.85,737.85,0,28325,0
FINNIFTY31DEC2424250PE.NFO,2024-12-31,15:08:00,2024-12-31,737.85,737.85,737.85,737.85,0,28325,0
FINNIFTY31DEC2424250PE.NFO,2024-12-31,15:09:00,2024-12-31,737.85,737.85,737.85,737.85,0,28325,0
FINNIFTY31DEC2424250PE.NFO,2024-12-31,15:10:00,2024-12-31,737.85,737.85,737.85,737.85,0,28325,0
FINNIFTY31DEC2424250PE.NFO,2024-12-31,15:11:00,2024-12-31,737.85,737.85,737.85,737.85,0,28325,0
FINNIFTY31DEC2424250PE.NFO,2024-12-31,15:12:00,2024-12-31,737.85,737.85,737.85,737.85,0,28325,0
FINNIFTY31DEC2424250PE.NFO,2024-12-31,15:13:00,2024-12-31,737.85,737.85,737.85,737.85,0,28325,0
FINNIFTY31DEC2424250PE.NFO,2024-12-31,15:14:00,2024-12-31,737.85,737.85,737.85,737.85,0,28325,0
FINNIFTY31DEC2424250PE.NFO,2024-12-31,15:15:00,2024-12-31,737.85,737.85,737.85,737.85,0,28325,0
FINNIFTY31DEC2424250PE.NFO,2024-12-31,15:16:00,2024-12-31,737.85,737.85,737.85,737.85,0,28325,0
FINNIFTY31DEC2424250PE.NFO,2024-12-31,15:17:00,2024-12-31,737.85,737.85,737.85,737.85,0,28325,0
FINNIFTY31DEC2424250PE.NFO,2024-12-31,15:18:00,2024-12-31,737.85,737.85,737.85,737.85,0,28325,0
FINNIFTY31DEC2424250PE.NFO,2024-12-31,15:19:00,2024-12-31,737.85,737.85,737.85,737.85,0,28325,0
FINNIFTY31DEC2424250PE.NFO,2024-12-31,15:20:00,2024-12-31,737.85,738.8,737.85,738.8,25,28300,0
FINNIFTY31DEC2424250PE.NFO,2024-12-31,15:21:00,2024-12-31,738.8,738.8,738.8,738.8,0,28300,0
FINNIFTY31DEC2424250PE.NFO,2024-12-31,15:22:00,2024-12-31,738.8,738.8,738.8,738.8,0,28300,0
FINNIFTY31DEC2424250PE.NFO,2024-12-31,15:23:00,2024-12-31,738.8,738.8,738.8,738.8,0,28300,0
FINNIFTY31DEC2424250PE.NFO,2024-12-31,15:24:00,2024-12-31,738.8,738.8,738.8,738.8,0,28300,0
FINNIFTY31DEC2424250PE.NFO,2024-12-31,15:25:00,2024-12-31,738.8,738.8,738.8,738.8,0,28300,0
FINNIFTY31DEC2424250PE.NFO,2024-12-31,15:26:00,2024-12-31,738.8,738.8,738.8,738.8,0,28300,0
FINNIFTY31DEC2424250PE.NFO,2024-12-31,15:27:00,2024-12-31,738.8,738.8,738.8,738.8,0,28300,0
FINNIFTY31DEC2424250PE.NFO,2024-12-31,15:28:00,2024-12-31,738.8,738.8,738.8,738.8,0,28300,0
FINNIFTY31DEC2424250PE.NFO,2024-12-31,15:29:00,2024-12-31,738.8,738.8,738.8,738.8,0,28300,0
FINNIFTY31DEC2424250PE.NFO,2024-12-31,15:30:00,2024-12-31,738.8,738.8,738.8,738.8,0,28300,1
