Date,ExpiryDate,Instrument,Symbol,StrikePrice,OptionType,Open,High,Low,Close,SettledPrice,Contracts,TurnOver,OpenInterest
2006-05-26,2006-06-29,FUTIDX,BANKNIFTY,0.0,FUT,4335.0,4473.0,4300.0,4328.95,4328.95,840.0,3705.42,125800.0
2006-05-26,2006-07-27,FUTIDX,BANKNIFTY,0.0,FUT,0.0,0.0,0.0,4513.0,4374.15,0.0,0.0,0.0
2006-05-26,2006-08-31,FUTIDX,BANKNIFTY,0.0,FUT,0.0,0.0,0.0,4351.15,4402.7,0.0,0.0,0.0
2006-05-26,2006-06-29,FUTIDX,CNXIT,0.0,FUT,4019.0,4044.6,3946.0,3950.5,3950.5,52.0,207.77,10300.0
2006-05-26,2006-07-27,FUTIDX,CNXIT,0.0,FUT,0.0,0.0,0.0,4399.9,4023.3,0.0,0.0,0.0
2006-05-26,2006-08-31,FUTIDX,CNXIT,0.0,FUT,0.0,0.0,0.0,4026.3,4049.55,0.0,0.0,0.0
2006-05-26,2006-06-29,FUTIDX,NIFTY,0.0,FUT,3189.8,3255.0,3142.3,3179.15,3179.15,307596.0,984061.67,19120500.0
2006-05-26,2006-07-27,FUTIDX,NIFTY,0.0,FUT,3138.0,3240.0,3130.0,3164.85,3164.85,2184.0,6965.83,394000.0
2006-05-26,2006-08-31,FUTIDX,NIFTY,0.0,FUT,3164.0,3233.95,3125.0,3171.95,3171.95,44.0,140.45,2400.0
2006-05-26,2006-06-29,FUTINT,NSE10Y06,0.0,FUT,0.0,0.0,0.0,92.16,88.24,0.0,0.0,0.0
2006-05-26,2006-07-27,FUTINT,NSE10Y06,0.0,FUT,0.0,0.0,0.0,89.78,88.14,0.0,0.0,0.0
2006-05-26,2006-08-31,FUTINT,NSE10Y06,0.0,FUT,0.0,0.0,0.0,88.31,88.04,0.0,0.0,0.0
2006-05-26,2006-09-28,FUTINT,NSE10Y06,0.0,FUT,0.0,0.0,0.0,90.41,87.95,0.0,0.0,0.0
2006-05-26,2006-12-28,FUTINT,NSE10Y06,0.0,FUT,0.0,0.0,0.0,90.86,87.63,0.0,0.0,0.0
2006-05-26,2007-03-29,FUTINT,NSE10Y06,0.0,FUT,0.0,0.0,0.0,90.42,87.31,0.0,0.0,0.0
2006-05-26,2006-06-29,FUTINT,NSE10YZC,0.0,FUT,0.0,0.0,0.0,49.14,46.32,0.0,0.0,0.0
2006-05-26,2006-07-27,FUTINT,NSE10YZC,0.0,FUT,0.0,0.0,0.0,47.56,46.25,0.0,0.0,0.0
2006-05-26,2006-08-31,FUTINT,NSE10YZC,0.0,FUT,0.0,0.0,0.0,46.38,46.17,0.0,0.0,0.0
2006-05-26,2006-09-28,FUTINT,NSE10YZC,0.0,FUT,0.0,0.0,0.0,47.97,46.11,0.0,0.0,0.0
2006-05-26,2006-12-28,FUTINT,NSE10YZC,0.0,FUT,0.0,0.0,0.0,48.35,45.89,0.0,0.0,0.0
2006-05-26,2007-03-29,FUTINT,NSE10YZC,0.0,FUT,0.0,0.0,0.0,47.71,45.68,0.0,0.0,0.0
2006-05-26,2006-06-29,FUTINT,NSETB91D,0.0,FUT,0.0,0.0,0.0,99.57,94.37,0.0,0.0,0.0
2006-05-26,2006-07-27,FUTINT,NSETB91D,0.0,FUT,0.0,0.0,0.0,96.08,94.85,0.0,0.0,0.0
2006-05-26,2006-08-31,FUTINT,NSETB91D,0.0,FUT,0.0,0.0,0.0,95.31,95.44,0.0,0.0,0.0
2006-05-26,2006-09-28,FUTINT,NSETB91D,0.0,FUT,0.0,0.0,0.0,99.61,95.92,0.0,0.0,0.0
2006-05-26,2006-12-28,FUTINT,NSETB91D,0.0,FUT,0.0,0.0,0.0,100.23,97.48,0.0,0.0,0.0
2006-05-26,2007-03-29,FUTINT,NSETB91D,0.0,FUT,0.0,0.0,0.0,102.18,99.08,0.0,0.0,0.0
2006-05-26,2006-06-29,FUTSTK,ABB,0.0,FUT,2450.5,2639.7,2450.5,2539.55,2539.55,813.0,4185.26,208800.0
2006-05-26,2006-07-27,FUTSTK,ABB,0.0,FUT,2625.0,2625.0,2625.0,2625.0,2555.75,2.0,10.5,400.0
2006-05-26,2006-08-31,FUTSTK,ABB,0.0,FUT,0.0,0.0,0.0,2501.0,2572.4,0.0,0.0,0.0
2006-05-26,2006-06-29,FUTSTK,ACC,0.0,FUT,807.45,832.8,794.0,805.9,805.9,8785.0,53726.94,4737000.0
2006-05-26,2006-07-27,FUTSTK,ACC,0.0,FUT,819.0,840.65,802.0,810.0,808.5,32.0,197.59,9750.0
2006-05-26,2006-08-31,FUTSTK,ACC,0.0,FUT,0.0,0.0,0.0,807.2,813.75,0.0,0.0,0.0
2006-05-26,2006-06-29,FUTSTK,ALBK,0.0,FUT,79.75,81.8,79.05,80.9,80.9,542.0,1068.01,6296500.0
2006-05-26,2006-07-27,FUTSTK,ALBK,0.0,FUT,82.5,82.5,80.85,81.55,81.55,10.0,19.96,17150.0
2006-05-26,2006-08-31,FUTSTK,ALBK,0.0,FUT,0.0,0.0,0.0,82.3,86.4,0.0,0.0,0.0
2006-05-26,2006-06-29,FUTSTK,ALOKTEXT,0.0,FUT,76.3,77.5,75.3,75.85,75.85,366.0,937.64,2817350.0
2006-05-26,2006-07-27,FUTSTK,ALOKTEXT,0.0,FUT,0.0,0.0,0.0,80.0,77.2,0.0,0.0,13400.0
2006-05-26,2006-08-31,FUTSTK,ALOKTEXT,0.0,FUT,0.0,0.0,0.0,75.45,77.7,0.0,0.0,0.0
2006-05-26,2006-06-29,FUTSTK,ANDHRABANK,0.0,FUT,73.4,76.25,73.4,75.5,75.5,532.0,920.53,4715000.0
2006-05-26,2006-07-27,FUTSTK,ANDHRABANK,0.0,FUT,76.4,76.4,75.2,76.0,76.0,5.0,8.71,13800.0
2006-05-26,2006-08-31,FUTSTK,ANDHRABANK,0.0,FUT,0.0,0.0,0.0,73.6,76.3,0.0,0.0,0.0
2006-05-26,2006-06-29,FUTSTK,ARVINDMILL,0.0,FUT,75.5,80.15,75.5,78.6,78.6,1265.0,2134.6,6772500.0
2006-05-26,2006-07-27,FUTSTK,ARVINDMILL,0.0,FUT,77.65,81.6,77.65,79.7,78.9,13.0,22.26,19350.0
2006-05-26,2006-08-31,FUTSTK,ARVINDMILL,0.0,FUT,0.0,0.0,0.0,75.2,79.45,0.0,0.0,0.0
2006-05-26,2006-06-29,FUTSTK,ASHOKLEY,0.0,FUT,39.95,41.9,39.95,40.8,40.8,1599.0,6266.92,26472600.0
2006-05-26,2006-07-27,FUTSTK,ASHOKLEY,0.0,FUT,40.05,41.45,40.05,40.65,40.65,9.0,35.08,362900.0
2006-05-26,2006-08-31,FUTSTK,ASHOKLEY,0.0,FUT,0.0,0.0,0.0,39.9,41.3,0.0,0.0,0.0
2006-05-26,2006-06-29,FUTSTK,AUROPHARMA,0.0,FUT,576.15,608.9,576.1,596.8,596.8,237.0,989.19,497700.0
2006-05-26,2006-07-27,FUTSTK,AUROPHARMA,0.0,FUT,599.95,599.95,599.95,599.95,599.9,1.0,4.19,700.0
2006-05-26,2006-08-31,FUTSTK,AUROPHARMA,0.0,FUT,0.0,0.0,0.0,570.1,603.8,0.0,0.0,0.0
2006-05-26,2006-06-29,FUTSTK,BAJAJAUTO,0.0,FUT,2830.0,2974.0,2821.0,2902.5,2902.5,2189.0,12696.88,608400.0
2006-05-26,2006-07-27,FUTSTK,BAJAJAUTO,0.0,FUT,2925.0,3010.0,2830.0,3010.0,2953.6,4.0,23.37,600.0
2006-05-26,2006-08-31,FUTSTK,BAJAJAUTO,0.0,FUT,0.0,0.0,0.0,2833.9,2972.85,0.0,0.0,0.0
2006-05-26,2006-06-29,FUTSTK,BANKBARODA,0.0,FUT,237.25,244.95,237.0,240.85,240.85,956.0,3237.86,5418000.0
2006-05-26,2006-07-27,FUTSTK,BANKBARODA,0.0,FUT,243.0,243.5,240.95,240.95,246.55,6.0,20.39,350000.0
2006-05-26,2006-08-31,FUTSTK,BANKBARODA,0.0,FUT,0.0,0.0,0.0,239.3,248.15,0.0,0.0,0.0
2006-05-26,2006-06-29,FUTSTK,BANKINDIA,0.0,FUT,124.0,127.0,122.95,123.9,123.9,789.0,1873.36,1915200.0
2006-05-26,2006-07-27,FUTSTK,BANKINDIA,0.0,FUT,126.0,126.35,125.0,125.0,124.4,3.0,7.16,5700.0
2006-05-26,2006-08-31,FUTSTK,BANKINDIA,0.0,FUT,0.0,0.0,0.0,122.15,125.2,0.0,0.0,0.0
2006-05-26,2006-06-29,FUTSTK,BEL,0.0,FUT,1110.1,1153.5,1110.1,1137.25,1137.25,822.0,5150.17,740850.0
2006-05-26,2006-07-27,FUTSTK,BEL,0.0,FUT,1130.0,1130.0,1130.0,1130.0,1142.85,1.0,6.21,550.0
2006-05-26,2006-08-31,FUTSTK,BEL,0.0,FUT,0.0,0.0,0.0,1101.35,1150.3,0.0,0.0,0.0
2006-05-26,2006-06-29,FUTSTK,BHARATFORG,0.0,FUT,344.4,353.95,339.0,341.8,341.8,724.0,2516.41,2975000.0
2006-05-26,2006-07-27,FUTSTK,BHARATFORG,0.0,FUT,358.0,358.0,349.95,349.95,345.75,2.0,7.07,4000.0
2006-05-26,2006-08-31,FUTSTK,BHARATFORG,0.0,FUT,0.0,0.0,0.0,348.8,348.0,0.0,0.0,0.0
2006-05-26,2006-06-29,FUTSTK,BHARTI,0.0,FUT,380.0,388.0,373.0,381.45,381.45,1348.0,5149.9,4981000.0
2006-05-26,2006-07-27,FUTSTK,BHARTI,0.0,FUT,0.0,0.0,0.0,415.0,392.8,0.0,0.0,1000.0
2006-05-26,2006-08-31,FUTSTK,BHARTI,0.0,FUT,0.0,0.0,0.0,401.1,395.4,0.0,0.0,0.0
2006-05-26,2006-06-29,FUTSTK,BHEL,0.0,FUT,1955.0,1993.7,1920.1,1936.55,1936.55,1964.0,11546.02,1022700.0
2006-05-26,2006-07-27,FUTSTK,BHEL,0.0,FUT,1975.0,1975.0,1975.0,1975.0,1959.45,1.0,5.92,900.0
2006-05-26,2006-08-31,FUTSTK,BHEL,0.0,FUT,0.0,0.0,0.0,1936.8,1972.25,0.0,0.0,0.0
2006-05-26,2006-06-29,FUTSTK,BILT,0.0,FUT,128.95,131.0,126.65,128.2,128.2,333.0,818.74,1732800.0
2006-05-26,2006-07-27,FUTSTK,BILT,0.0,FUT,0.0,0.0,0.0,132.4,128.6,0.0,0.0,0.0
2006-05-26,2006-08-31,FUTSTK,BILT,0.0,FUT,0.0,0.0,0.0,126.45,129.45,0.0,0.0,0.0
2006-05-26,2006-06-29,FUTSTK,BONGAIREFN,0.0,FUT,57.5,59.4,57.1,59.0,59.0,503.0,661.65,2963250.0
2006-05-26,2006-07-27,FUTSTK,BONGAIREFN,0.0,FUT,59.5,59.85,58.5,58.5,59.15,5.0,6.68,13500.0
2006-05-26,2006-08-31,FUTSTK,BONGAIREFN,0.0,FUT,0.0,0.0,0.0,56.05,59.55,0.0,0.0,0.0
2006-05-26,2006-06-29,FUTSTK,BPCL,0.0,FUT,429.0,434.5,416.5,423.8,423.8,736.0,1725.6,1076900.0
2006-05-26,2006-07-27,FUTSTK,BPCL,0.0,FUT,430.0,430.0,430.0,430.0,425.45,1.0,2.36,550.0
2006-05-26,2006-08-31,FUTSTK,BPCL,0.0,FUT,0.0,0.0,0.0,430.5,428.2,0.0,0.0,0.0
2006-05-26,2006-06-29,FUTSTK,CANBK,0.0,FUT,220.0,225.0,218.55,221.75,221.75,471.0,1678.89,1105600.0
2006-05-26,2006-07-27,FUTSTK,CANBK,0.0,FUT,219.25,226.95,219.25,226.95,228.8,2.0,7.13,0.0
2006-05-26,2006-08-31,FUTSTK,CANBK,0.0,FUT,0.0,0.0,0.0,223.25,230.3,0.0,0.0,0.0
2006-05-26,2006-06-29,FUTSTK,CENTURYTEX,0.0,FUT,435.0,463.7,435.0,441.05,441.05,6452.0,24643.71,5492700.0
2006-05-26,2006-07-27,FUTSTK,CENTURYTEX,0.0,FUT,458.0,461.0,450.0,450.0,446.1,5.0,19.37,4250.0
2006-05-26,2006-08-31,FUTSTK,CENTURYTEX,0.0,FUT,0.0,0.0,0.0,433.2,449.0,0.0,0.0,0.0
2006-05-26,2006-06-29,FUTSTK,CESC,0.0,FUT,297.0,297.5,285.3,287.7,287.7,45.0,144.59,233200.0
2006-05-26,2006-07-27,FUTSTK,CESC,0.0,FUT,0.0,0.0,0.0,325.65,290.1,0.0,0.0,0.0
2006-05-26,2006-08-31,FUTSTK,CESC,0.0,FUT,0.0,0.0,0.0,289.0,292.0,0.0,0.0,0.0
2006-05-26,2006-06-29,FUTSTK,CHAMBLFERT,0.0,FUT,36.0,38.4,36.0,37.7,37.7,399.0,1035.73,8466300.0
2006-05-26,2006-07-27,FUTSTK,CHAMBLFERT,0.0,FUT,37.0,37.25,36.95,36.95,37.8,4.0,10.22,34500.0
2006-05-26,2006-08-31,FUTSTK,CHAMBLFERT,0.0,FUT,0.0,0.0,0.0,36.1,38.05,0.0,0.0,0.0
2006-05-26,2006-06-29,FUTSTK,CHENNPETRO,0.0,FUT,219.0,222.7,216.5,219.35,219.35,41.0,85.41,130150.0
2006-05-26,2006-07-27,FUTSTK,CHENNPETRO,0.0,FUT,0.0,0.0,0.0,236.2,225.3,0.0,0.0,0.0
2006-05-26,2006-08-31,FUTSTK,CHENNPETRO,0.0,FUT,0.0,0.0,0.0,223.15,226.75,0.0,0.0,0.0
2006-05-26,2006-06-29,FUTSTK,CIPLA,0.0,FUT,228.9,237.25,228.9,233.75,233.75,2035.0,11877.34,6545000.0
2006-05-26,2006-07-27,FUTSTK,CIPLA,0.0,FUT,234.4,237.3,233.75,234.1,238.45,8.0,47.03,25000.0
2006-05-26,2006-08-31,FUTSTK,CIPLA,0.0,FUT,0.0,0.0,0.0,226.2,240.0,0.0,0.0,0.0
2006-05-26,2006-06-29,FUTSTK,COCHINREFN,0.0,FUT,166.0,171.5,166.0,169.55,169.55,36.0,78.89,124800.0
2006-05-26,2006-07-27,FUTSTK,COCHINREFN,0.0,FUT,0.0,0.0,0.0,176.05,171.05,0.0,0.0,0.0
2006-05-26,2006-08-31,FUTSTK,COCHINREFN,0.0,FUT,0.0,0.0,0.0,164.25,172.15,0.0,0.0,0.0
2006-05-26,2006-06-29,FUTSTK,COLGATE,0.0,FUT,376.0,394.5,373.25,378.55,378.55,570.0,2305.42,687750.0
2006-05-26,2006-07-27,FUTSTK,COLGATE,0.0,FUT,391.7,394.0,385.25,385.25,379.7,5.0,20.53,2100.0
2006-05-26,2006-08-31,FUTSTK,COLGATE,0.0,FUT,0.0,0.0,0.0,379.25,382.2,0.0,0.0,0.0
2006-05-26,2006-06-29,FUTSTK,CORPBANK,0.0,FUT,296.9,307.0,293.1,296.5,296.5,127.0,229.3,805200.0
2006-05-26,2006-07-27,FUTSTK,CORPBANK,0.0,FUT,0.0,0.0,0.0,333.4,297.1,0.0,0.0,0.0
2006-05-26,2006-08-31,FUTSTK,CORPBANK,0.0,FUT,0.0,0.0,0.0,290.85,299.05,0.0,0.0,0.0
2006-05-26,2006-06-29,FUTSTK,CUMMINSIND,0.0,FUT,189.95,198.5,185.1,188.6,188.6,837.0,3073.22,4427000.0
2006-05-26,2006-07-27,FUTSTK,CUMMINSIND,0.0,FUT,0.0,0.0,0.0,228.1,189.3,0.0,0.0,0.0
2006-05-26,2006-08-31,FUTSTK,CUMMINSIND,0.0,FUT,0.0,0.0,0.0,190.15,190.5,0.0,0.0,0.0
2006-05-26,2006-06-29,FUTSTK,DABUR,0.0,FUT,138.9,152.4,137.3,150.45,150.45,1740.0,9159.18,2930400.0
2006-05-26,2006-07-27,FUTSTK,DABUR,0.0,FUT,142.0,152.55,142.0,151.05,151.05,6.0,31.96,10800.0
2006-05-26,2006-08-31,FUTSTK,DABUR,0.0,FUT,0.0,0.0,0.0,141.1,152.8,0.0,0.0,0.0
2006-05-26,2006-06-29,FUTSTK,DIVISLAB,0.0,FUT,1420.0,1513.65,1415.0,1471.3,1471.3,226.0,833.15,282000.0
2006-05-26,2006-07-27,FUTSTK,DIVISLAB,0.0,FUT,1500.0,1500.0,1500.0,1500.0,1483.85,2.0,7.5,750.0
2006-05-26,2006-08-31,FUTSTK,DIVISLAB,0.0,FUT,0.0,0.0,0.0,1401.45,1493.55,0.0,0.0,0.0
2006-05-26,2006-06-29,FUTSTK,DRREDDY,0.0,FUT,1410.0,1453.8,1390.0,1413.75,1413.75,929.0,5296.37,485200.0
2006-05-26,2006-07-27,FUTSTK,DRREDDY,0.0,FUT,0.0,0.0,0.0,1441.0,1427.15,0.0,0.0,2400.0
2006-05-26,2006-08-31,FUTSTK,DRREDDY,0.0,FUT,0.0,0.0,0.0,1446.65,1436.45,0.0,0.0,0.0
2006-05-26,2006-06-29,FUTSTK,ESCORTS,0.0,FUT,81.0,89.2,80.7,85.05,85.05,1794.0,3671.39,5930400.0
2006-05-26,2006-07-27,FUTSTK,ESCORTS,0.0,FUT,84.6,88.95,84.6,86.25,86.25,11.0,22.82,24000.0
2006-05-26,2006-08-31,FUTSTK,ESCORTS,0.0,FUT,0.0,0.0,0.0,79.85,85.85,0.0,0.0,0.0
2006-05-26,2006-06-29,FUTSTK,ESSAROIL,0.0,FUT,54.65,58.65,54.65,56.35,56.35,2164.0,6960.39,11961050.0
2006-05-26,2006-07-27,FUTSTK,ESSAROIL,0.0,FUT,57.45,58.75,55.3,55.3,56.7,4.0,12.92,33900.0
2006-05-26,2006-08-31,FUTSTK,ESSAROIL,0.0,FUT,0.0,0.0,0.0,54.65,57.1,0.0,0.0,0.0
2006-05-26,2006-06-29,FUTSTK,FEDERALBNK,0.0,FUT,188.0,191.45,184.05,189.6,189.6,302.0,740.13,843700.0
2006-05-26,2006-07-27,FUTSTK,FEDERALBNK,0.0,FUT,0.0,0.0,0.0,210.25,192.1,0.0,0.0,0.0
2006-05-26,2006-08-31,FUTSTK,FEDERALBNK,0.0,FUT,0.0,0.0,0.0,181.95,193.35,0.0,0.0,0.0
2006-05-26,2006-06-29,FUTSTK,GAIL,0.0,FUT,236.6,251.6,236.0,249.1,249.1,2320.0,8535.26,3418500.0
2006-05-26,2006-07-27,FUTSTK,GAIL,0.0,FUT,249.0,249.0,249.0,249.0,258.25,1.0,3.73,4500.0
2006-05-26,2006-08-31,FUTSTK,GAIL,0.0,FUT,0.0,0.0,0.0,235.55,259.9,0.0,0.0,0.0
2006-05-26,2006-06-29,FUTSTK,GESHIPPING,0.0,FUT,239.0,247.95,237.35,240.5,240.5,833.0,2734.2,4695300.0
2006-05-26,2006-07-27,FUTSTK,GESHIPPING,0.0,FUT,240.0,240.0,240.0,240.0,241.55,1.0,3.24,8100.0
2006-05-26,2006-08-31,FUTSTK,GESHIPPING,0.0,FUT,0.0,0.0,0.0,237.05,243.1,0.0,0.0,0.0
2006-05-26,2006-06-29,FUTSTK,GLAXO,0.0,FUT,1190.0,1225.0,1150.0,1165.95,1165.95,504.0,1789.94,594300.0
2006-05-26,2006-07-27,FUTSTK,GLAXO,0.0,FUT,0.0,0.0,0.0,1427.55,1173.95,0.0,0.0,0.0
2006-05-26,2006-08-31,FUTSTK,GLAXO,0.0,FUT,0.0,0.0,0.0,1178.65,1181.6,0.0,0.0,0.0
2006-05-26,2006-06-29,FUTSTK,GNFC,0.0,FUT,118.7,123.25,116.25,122.0,122.0,1597.0,5675.43,5720050.0
2006-05-26,2006-07-27,FUTSTK,GNFC,0.0,FUT,122.95,122.95,122.95,122.95,122.4,1.0,3.62,0.0
2006-05-26,2006-08-31,FUTSTK,GNFC,0.0,FUT,0.0,0.0,0.0,118.75,123.2,0.0,0.0,0.0
2006-05-26,2006-06-29,FUTSTK,GRASIM,0.0,FUT,1930.0,2025.65,1920.0,1963.1,1963.1,2241.0,7764.94,1080100.0
2006-05-26,2006-07-27,FUTSTK,GRASIM,0.0,FUT,1950.0,2000.0,1950.0,1980.0,1971.85,6.0,20.85,1050.0
2006-05-26,2006-08-31,FUTSTK,GRASIM,0.0,FUT,0.0,0.0,0.0,1946.7,1984.7,0.0,0.0,0.0
2006-05-26,2006-06-29,FUTSTK,GUJAMBCEM,0.0,FUT,97.8,101.2,97.4,99.1,99.1,6370.0,26111.8,39550500.0
2006-05-26,2006-07-27,FUTSTK,GUJAMBCEM,0.0,FUT,100.6,101.7,99.0,99.0,99.8,47.0,194.79,119625.0
2006-05-26,2006-08-31,FUTSTK,GUJAMBCEM,0.0,FUT,0.0,0.0,0.0,97.5,100.45,0.0,0.0,0.0
2006-05-26,2006-06-29,FUTSTK,HCLTECH,0.0,FUT,515.0,523.15,505.0,508.45,508.45,588.0,1962.81,887250.0
2006-05-26,2006-07-27,FUTSTK,HCLTECH,0.0,FUT,0.0,0.0,0.0,585.85,514.3,0.0,0.0,0.0
2006-05-26,2006-08-31,FUTSTK,HCLTECH,0.0,FUT,0.0,0.0,0.0,520.45,517.65,0.0,0.0,0.0
2006-05-26,2006-06-29,FUTSTK,HDFC,0.0,FUT,1158.0,1209.9,1152.0,1174.4,1174.4,742.0,2635.37,487200.0
2006-05-26,2006-07-27,FUTSTK,HDFC,0.0,FUT,1185.0,1190.0,1173.2,1173.2,1189.65,4.0,14.19,900.0
2006-05-26,2006-08-31,FUTSTK,HDFC,0.0,FUT,0.0,0.0,0.0,1174.7,1197.4,0.0,0.0,0.0
2006-05-26,2006-06-29,FUTSTK,HDFCBANK,0.0,FUT,770.0,789.95,754.0,771.35,771.35,832.0,2569.58,1396400.0
2006-05-26,2006-07-27,FUTSTK,HDFCBANK,0.0,FUT,0.0,0.0,0.0,838.55,782.95,0.0,0.0,0.0
2006-05-26,2006-08-31,FUTSTK,HDFCBANK,0.0,FUT,0.0,0.0,0.0,772.2,788.05,0.0,0.0,0.0
2006-05-26,2006-06-29,FUTSTK,HEROHONDA,0.0,FUT,783.85,843.0,782.0,831.9,831.9,1007.0,3281.84,615600.0
2006-05-26,2006-07-27,FUTSTK,HEROHONDA,0.0,FUT,846.95,846.95,846.95,846.95,846.95,1.0,3.38,800.0
2006-05-26,2006-08-31,FUTSTK,HEROHONDA,0.0,FUT,0.0,0.0,0.0,807.4,841.15,0.0,0.0,0.0
2006-05-26,2006-06-29,FUTSTK,HINDALC0,0.0,FUT,187.05,196.0,182.65,186.5,186.5,9059.0,27463.28,24441780.0
2006-05-26,2006-07-27,FUTSTK,HINDALC0,0.0,FUT,193.65,195.5,185.0,186.8,186.8,52.0,157.87,78155.0
2006-05-26,2006-08-31,FUTSTK,HINDALC0,0.0,FUT,0.0,0.0,0.0,187.4,188.45,0.0,0.0,0.0
2006-05-26,2006-06-29,FUTSTK,HINDLEVER,0.0,FUT,240.0,249.9,239.0,244.35,244.35,2972.0,14578.3,7748000.0
2006-05-26,2006-07-27,FUTSTK,HINDLEVER,0.0,FUT,244.5,247.5,242.6,245.7,245.7,7.0,34.34,14000.0
2006-05-26,2006-08-31,FUTSTK,HINDLEVER,0.0,FUT,0.0,0.0,0.0,241.2,248.0,0.0,0.0,0.0
2006-05-26,2006-06-29,FUTSTK,HINDPETRO,0.0,FUT,318.0,331.4,318.0,325.55,325.55,782.0,1657.12,1997450.0
2006-05-26,2006-07-27,FUTSTK,HINDPETRO,0.0,FUT,325.0,325.0,325.0,325.0,326.6,1.0,2.11,2600.0
2006-05-26,2006-08-31,FUTSTK,HINDPETRO,0.0,FUT,0.0,0.0,0.0,316.1,328.75,0.0,0.0,0.0
2006-05-26,2006-06-29,FUTSTK,I-FLEX,0.0,FUT,1077.7,1164.45,1077.7,1149.65,1149.65,588.0,3991.5,572400.0
2006-05-26,2006-07-27,FUTSTK,I-FLEX,0.0,FUT,1130.0,1155.0,1130.0,1155.0,1158.2,2.0,13.71,1800.0
2006-05-26,2006-08-31,FUTSTK,I-FLEX,0.0,FUT,0.0,0.0,0.0,1080.6,1165.75,0.0,0.0,0.0
2006-05-26,2006-06-29,FUTSTK,ICICIBANK,0.0,FUT,557.0,574.0,557.0,561.55,561.55,2359.0,9338.2,4390400.0
2006-05-26,2006-07-27,FUTSTK,ICICIBANK,0.0,FUT,566.0,566.05,558.5,560.8,560.8,19.0,74.93,8400.0
2006-05-26,2006-08-31,FUTSTK,ICICIBANK,0.0,FUT,0.0,0.0,0.0,569.35,574.0,0.0,0.0,0.0
2006-05-26,2006-06-29,FUTSTK,IDBI,0.0,FUT,76.05,77.2,75.15,76.1,76.1,1906.0,3491.77,21268800.0
2006-05-26,2006-07-27,FUTSTK,IDBI,0.0,FUT,75.55,78.0,75.55,77.75,76.6,4.0,7.41,12000.0
2006-05-26,2006-08-31,FUTSTK,IDBI,0.0,FUT,0.0,0.0,0.0,74.2,77.1,0.0,0.0,0.0
2006-05-26,2006-06-29,FUTSTK,IDFC,0.0,FUT,58.1,60.5,58.1,59.5,59.5,822.0,2887.74,19540800.0
2006-05-26,2006-07-27,FUTSTK,IDFC,0.0,FUT,59.75,60.2,59.75,60.2,60.25,2.0,7.07,17700.0
2006-05-26,2006-08-31,FUTSTK,IDFC,0.0,FUT,0.0,0.0,0.0,58.2,60.65,0.0,0.0,0.0
2006-05-26,2006-06-29,FUTSTK,IFCI,0.0,FUT,11.85,12.35,11.8,12.1,12.1,1418.0,2696.35,66764250.0
2006-05-26,2006-07-27,FUTSTK,IFCI,0.0,FUT,12.35,12.4,12.1,12.25,12.1,9.0,17.34,189000.0
2006-05-26,2006-08-31,FUTSTK,IFCI,0.0,FUT,0.0,0.0,0.0,11.65,12.2,0.0,0.0,0.0
2006-05-26,2006-06-29,FUTSTK,INDHOTEL,0.0,FUT,1170.0,1197.85,1127.0,1149.25,1149.25,2493.0,10142.74,1832950.0
2006-05-26,2006-07-27,FUTSTK,INDHOTEL,0.0,FUT,1160.0,1160.0,1130.0,1135.0,1135.0,3.0,12.0,1050.0
2006-05-26,2006-08-31,FUTSTK,INDHOTEL,0.0,FUT,0.0,0.0,0.0,1150.35,1161.35,0.0,0.0,0.0
2006-05-26,2006-06-29,FUTSTK,INDIACEM,0.0,FUT,169.4,178.4,167.7,173.7,173.7,6164.0,31129.83,12670100.0
2006-05-26,2006-07-27,FUTSTK,INDIACEM,0.0,FUT,174.0,177.5,172.0,172.0,174.85,14.0,71.15,14500.0
2006-05-26,2006-08-31,FUTSTK,INDIACEM,0.0,FUT,0.0,0.0,0.0,168.3,176.0,0.0,0.0,0.0
2006-05-26,2006-06-29,FUTSTK,INDUSINDBK,0.0,FUT,48.3,52.25,48.3,50.55,50.55,886.0,1724.78,12354650.0
2006-05-26,2006-07-27,FUTSTK,INDUSINDBK,0.0,FUT,52.5,52.5,50.95,51.25,51.25,15.0,29.86,442750.0
2006-05-26,2006-08-31,FUTSTK,INDUSINDBK,0.0,FUT,0.0,0.0,0.0,47.7,51.1,0.0,0.0,0.0
2006-05-26,2006-06-29,FUTSTK,INFOSYSTCH,0.0,FUT,2900.0,2970.0,2900.0,2935.6,2935.6,7525.0,22167.55,1343500.0
2006-05-26,2006-07-27,FUTSTK,INFOSYSTCH,0.0,FUT,2911.35,2993.0,2911.35,2967.0,2968.25,29.0,85.95,4000.0
2006-05-26,2006-08-31,FUTSTK,INFOSYSTCH,0.0,FUT,0.0,0.0,0.0,2881.0,2987.6,0.0,0.0,0.0
2006-05-26,2006-06-29,FUTSTK,IOB,0.0,FUT,85.0,88.0,85.0,87.7,87.7,145.0,372.77,1905700.0
2006-05-26,2006-07-27,FUTSTK,IOB,0.0,FUT,88.95,88.95,88.95,88.95,88.95,1.0,2.62,2950.0
2006-05-26,2006-08-31,FUTSTK,IOB,0.0,FUT,0.0,0.0,0.0,85.3,88.4,0.0,0.0,0.0
2006-05-26,2006-06-29,FUTSTK,IOC,0.0,FUT,475.0,484.0,446.65,467.05,467.05,1759.0,4953.39,770400.0
2006-05-26,2006-07-27,FUTSTK,IOC,0.0,FUT,449.0,474.0,449.0,463.3,463.3,69.0,193.26,13800.0
2006-05-26,2006-08-31,FUTSTK,IOC,0.0,FUT,0.0,0.0,0.0,460.9,471.45,0.0,0.0,0.0
2006-05-26,2006-06-29,FUTSTK,IPCL,0.0,FUT,239.7,246.7,234.1,239.6,239.6,2719.0,14439.0,13637800.0
2006-05-26,2006-07-27,FUTSTK,IPCL,0.0,FUT,0.0,0.0,0.0,263.7,240.3,0.0,0.0,0.0
2006-05-26,2006-08-31,FUTSTK,IPCL,0.0,FUT,0.0,0.0,0.0,239.0,241.9,0.0,0.0,0.0
2006-05-26,2006-06-29,FUTSTK,ITC,0.0,FUT,185.0,188.45,177.8,182.4,182.4,7377.0,30464.44,10766250.0
2006-05-26,2006-07-27,FUTSTK,ITC,0.0,FUT,185.45,187.8,179.0,181.75,181.75,54.0,222.58,139500.0
2006-05-26,2006-08-31,FUTSTK,ITC,0.0,FUT,0.0,0.0,0.0,184.8,186.55,0.0,0.0,0.0
2006-05-26,2006-06-29,FUTSTK,IVRCLINFRA,0.0,FUT,233.4,247.8,233.4,244.85,244.85,4959.0,24069.74,6820000.0
2006-05-26,2006-07-27,FUTSTK,IVRCLINFRA,0.0,FUT,244.9,249.45,237.0,245.45,245.45,24.0,117.22,18000.0
2006-05-26,2006-08-31,FUTSTK,IVRCLINFRA,0.0,FUT,0.0,0.0,0.0,232.85,247.8,0.0,0.0,0.0
2006-05-26,2006-06-29,FUTSTK,J&KBANK,0.0,FUT,394.0,399.0,374.25,399.0,399.0,58.0,133.85,133800.0
2006-05-26,2006-07-27,FUTSTK,J&KBANK,0.0,FUT,0.0,0.0,0.0,456.55,403.5,0.0,0.0,0.0
2006-05-26,2006-08-31,FUTSTK,J&KBANK,0.0,FUT,0.0,0.0,0.0,368.2,406.1,0.0,0.0,0.0
2006-05-26,2006-06-29,FUTSTK,JETAIRWAYS,0.0,FUT,780.0,783.0,760.1,765.1,765.1,656.0,1010.12,799600.0
2006-05-26,2006-07-27,FUTSTK,JETAIRWAYS,0.0,FUT,0.0,0.0,0.0,950.6,770.6,0.0,0.0,0.0
2006-05-26,2006-08-31,FUTSTK,JETAIRWAYS,0.0,FUT,0.0,0.0,0.0,759.75,775.6,0.0,0.0,0.0
2006-05-26,2006-06-29,FUTSTK,JINDALSTEL,0.0,FUT,1726.0,1819.9,1715.0,1778.0,1778.0,614.0,2735.23,291500.0
2006-05-26,2006-07-27,FUTSTK,JINDALSTEL,0.0,FUT,2045.0,2045.0,1826.5,1826.5,1787.85,2.0,9.67,500.0
2006-05-26,2006-08-31,FUTSTK,JINDALSTEL,0.0,FUT,0.0,0.0,0.0,1728.25,1799.5,0.0,0.0,0.0
2006-05-26,2006-06-29,FUTSTK,JPHYDRO,0.0,FUT,30.3,31.45,30.0,30.75,30.75,875.0,1687.66,20206250.0
2006-05-26,2006-07-27,FUTSTK,JPHYDRO,0.0,FUT,31.65,31.65,31.65,31.65,30.8,1.0,1.97,25000.0
2006-05-26,2006-08-31,FUTSTK,JPHYDRO,0.0,FUT,0.0,0.0,0.0,29.5,31.0,0.0,0.0,0.0
2006-05-26,2006-06-29,FUTSTK,JSTAINLESS,0.0,FUT,91.0,98.4,91.0,96.6,96.6,929.0,1784.58,7774000.0
2006-05-26,2006-07-27,FUTSTK,JSTAINLESS,0.0,FUT,95.55,95.55,95.55,95.55,97.15,1.0,1.91,8000.0
2006-05-26,2006-08-31,FUTSTK,JSTAINLESS,0.0,FUT,0.0,0.0,0.0,90.4,97.75,0.0,0.0,0.0
2006-05-26,2006-06-29,FUTSTK,KTKBANK,0.0,FUT,91.1,103.0,91.1,97.6,97.6,1722.0,4236.17,3472500.0
2006-05-26,2006-07-27,FUTSTK,KTKBANK,0.0,FUT,95.8,103.1,95.5,97.85,97.85,26.0,63.75,27500.0
2006-05-26,2006-08-31,FUTSTK,KTKBANK,0.0,FUT,0.0,0.0,0.0,90.65,100.65,0.0,0.0,0.0
2006-05-26,2006-06-29,FUTSTK,LICHSGFIN,0.0,FUT,184.0,191.45,182.25,187.15,187.15,807.0,1285.36,1830900.0
2006-05-26,2006-07-27,FUTSTK,LICHSGFIN,0.0,FUT,191.0,191.0,189.0,189.0,187.75,3.0,4.85,2550.0
2006-05-26,2006-08-31,FUTSTK,LICHSGFIN,0.0,FUT,0.0,0.0,0.0,181.15,189.0,0.0,0.0,0.0
2006-05-26,2006-06-29,FUTSTK,M&M,0.0,FUT,595.0,614.9,580.8,586.8,586.8,1857.0,13932.9,1473750.0
2006-05-26,2006-07-27,FUTSTK,M&M,0.0,FUT,599.0,660.0,595.0,595.0,598.2,6.0,45.89,7500.0
2006-05-26,2006-08-31,FUTSTK,M&M,0.0,FUT,0.0,0.0,0.0,609.95,602.1,0.0,0.0,0.0
2006-05-26,2006-06-29,FUTSTK,MAHSEAMLES,0.0,FUT,324.45,324.9,302.05,305.4,305.4,305.0,1154.92,2212800.0
2006-05-26,2006-07-27,FUTSTK,MAHSEAMLES,0.0,FUT,319.0,319.0,319.0,319.0,327.8,2.0,7.65,4800.0
2006-05-26,2006-08-31,FUTSTK,MAHSEAMLES,0.0,FUT,0.0,0.0,0.0,348.3,329.95,0.0,0.0,0.0
2006-05-26,2006-06-29,FUTSTK,MARUTI,0.0,FUT,778.8,812.0,778.8,788.85,788.85,2090.0,13304.76,1152000.0
2006-05-26,2006-07-27,FUTSTK,MARUTI,0.0,FUT,805.0,805.0,799.0,799.0,800.9,3.0,19.22,1600.0
2006-05-26,2006-08-31,FUTSTK,MARUTI,0.0,FUT,0.0,0.0,0.0,807.65,806.1,0.0,0.0,0.0
2006-05-26,2006-06-29,FUTSTK,MATRIXLABS,0.0,FUT,263.0,269.0,258.05,262.2,262.2,806.0,2659.69,5998750.0
2006-05-26,2006-07-27,FUTSTK,MATRIXLABS,0.0,FUT,0.0,0.0,0.0,265.0,262.85,0.0,0.0,0.0
2006-05-26,2006-08-31,FUTSTK,MATRIXLABS,0.0,FUT,0.0,0.0,0.0,257.2,264.55,0.0,0.0,0.0
2006-05-26,2006-06-29,FUTSTK,MPHASISBFL,0.0,FUT,196.8,199.8,190.55,191.85,191.85,284.0,894.42,2590400.0
2006-05-26,2006-07-27,FUTSTK,MPHASISBFL,0.0,FUT,0.0,0.0,0.0,197.4,192.55,0.0,0.0,0.0
2006-05-26,2006-08-31,FUTSTK,MPHASISBFL,0.0,FUT,0.0,0.0,0.0,195.7,193.85,0.0,0.0,0.0
2006-05-26,2006-06-29,FUTSTK,MRPL,0.0,FUT,45.75,47.45,45.2,46.4,46.4,628.0,1296.16,7818650.0
2006-05-26,2006-07-27,FUTSTK,MRPL,0.0,FUT,0.0,0.0,0.0,64.75,46.55,0.0,0.0,4450.0
2006-05-26,2006-08-31,FUTSTK,MRPL,0.0,FUT,0.0,0.0,0.0,45.05,46.85,0.0,0.0,0.0
2006-05-26,2006-06-29,FUTSTK,MTNL,0.0,FUT,170.05,177.3,168.7,171.35,171.35,7762.0,21525.6,22923200.0
2006-05-26,2006-07-27,FUTSTK,MTNL,0.0,FUT,176.0,176.0,173.0,173.0,172.1,8.0,22.32,17600.0
2006-05-26,2006-08-31,FUTSTK,MTNL,0.0,FUT,0.0,0.0,0.0,167.4,173.2,0.0,0.0,0.0
2006-05-26,2006-06-29,FUTSTK,NAGARFERT,0.0,FUT,14.9,15.85,14.9,15.45,15.45,513.0,1103.67,25494000.0
2006-05-26,2006-07-27,FUTSTK,NAGARFERT,0.0,FUT,0.0,0.0,0.0,14.95,15.5,0.0,0.0,14000.0
2006-05-26,2006-08-31,FUTSTK,NAGARFERT,0.0,FUT,0.0,0.0,0.0,14.5,15.6,0.0,0.0,0.0
2006-05-26,2006-06-29,FUTSTK,NATIONALUM,0.0,FUT,241.15,266.65,241.15,251.0,251.0,1421.0,4175.45,2983100.0
2006-05-26,2006-07-27,FUTSTK,NATIONALUM,0.0,FUT,262.0,262.0,254.1,254.1,261.2,6.0,17.7,17250.0
2006-05-26,2006-08-31,FUTSTK,NATIONALUM,0.0,FUT,0.0,0.0,0.0,256.5,262.9,0.0,0.0,0.0
2006-05-26,2006-06-29,FUTSTK,NDTV,0.0,FUT,210.0,219.5,206.1,217.15,217.15,323.0,762.75,1709400.0
2006-05-26,2006-07-27,FUTSTK,NDTV,0.0,FUT,0.0,0.0,0.0,200.0,217.45,0.0,0.0,1100.0
2006-05-26,2006-08-31,FUTSTK,NDTV,0.0,FUT,0.0,0.0,0.0,207.5,218.9,0.0,0.0,0.0
2006-05-26,2006-06-29,FUTSTK,NEYVELILIG,0.0,FUT,77.5,85.15,77.5,81.5,81.5,1231.0,2980.29,2790700.0
2006-05-26,2006-07-27,FUTSTK,NEYVELILIG,0.0,FUT,0.0,0.0,0.0,99.45,81.7,0.0,0.0,5900.0
2006-05-26,2006-08-31,FUTSTK,NEYVELILIG,0.0,FUT,0.0,0.0,0.0,75.45,82.25,0.0,0.0,0.0
2006-05-26,2006-06-29,FUTSTK,NICOLASPIR,0.0,FUT,200.0,205.0,198.15,202.05,202.05,113.0,239.38,1112925.0
2006-05-26,2006-07-27,FUTSTK,NICOLASPIR,0.0,FUT,0.0,0.0,0.0,227.0,206.6,0.0,0.0,0.0
2006-05-26,2006-08-31,FUTSTK,NICOLASPIR,0.0,FUT,0.0,0.0,0.0,199.2,207.95,0.0,0.0,0.0
2006-05-26,2006-06-29,FUTSTK,NTPC,0.0,FUT,119.55,121.5,117.2,118.1,118.1,2207.0,8577.88,12428000.0
2006-05-26,2006-07-27,FUTSTK,NTPC,0.0,FUT,118.0,118.0,118.0,118.0,118.65,1.0,3.83,22750.0
2006-05-26,2006-08-31,FUTSTK,NTPC,0.0,FUT,0.0,0.0,0.0,120.0,119.4,0.0,0.0,0.0
2006-05-26,2006-06-29,FUTSTK,ONGC,0.0,FUT,1200.0,1231.9,1156.0,1180.0,1180.0,5517.0,19802.99,2951100.0
2006-05-26,2006-07-27,FUTSTK,ONGC,0.0,FUT,1210.0,1210.0,1170.0,1175.0,1175.0,5.0,17.83,2400.0
2006-05-26,2006-08-31,FUTSTK,ONGC,0.0,FUT,0.0,0.0,0.0,1227.3,1201.2,0.0,0.0,0.0
2006-05-26,2006-06-29,FUTSTK,ORCHIDCHEM,0.0,FUT,227.9,239.65,225.0,233.55,233.55,1434.0,3519.25,3562650.0
2006-05-26,2006-07-27,FUTSTK,ORCHIDCHEM,0.0,FUT,238.65,239.0,235.0,235.0,237.1,6.0,14.96,11550.0
2006-05-26,2006-08-31,FUTSTK,ORCHIDCHEM,0.0,FUT,0.0,0.0,0.0,226.75,238.65,0.0,0.0,0.0
2006-05-26,2006-06-29,FUTSTK,ORIENTBANK,0.0,FUT,222.9,226.6,218.0,219.8,219.8,1717.0,2304.92,3732000.0
2006-05-26,2006-07-27,FUTSTK,ORIENTBANK,0.0,FUT,0.0,0.0,0.0,235.25,225.1,0.0,0.0,0.0
2006-05-26,2006-08-31,FUTSTK,ORIENTBANK,0.0,FUT,0.0,0.0,0.0,228.4,226.55,0.0,0.0,0.0
2006-05-26,2006-06-29,FUTSTK,PATNI,0.0,FUT,344.95,365.9,342.0,358.1,358.1,456.0,1058.95,553800.0
2006-05-26,2006-07-27,FUTSTK,PATNI,0.0,FUT,0.0,0.0,0.0,402.3,360.8,0.0,0.0,0.0
2006-05-26,2006-08-31,FUTSTK,PATNI,0.0,FUT,0.0,0.0,0.0,341.5,363.15,0.0,0.0,0.0
2006-05-26,2006-06-29,FUTSTK,PNB,0.0,FUT,440.0,445.0,421.1,429.3,429.3,691.0,1802.44,1800000.0
2006-05-26,2006-07-27,FUTSTK,PNB,0.0,FUT,449.7,449.7,449.7,449.7,433.3,1.0,2.69,888600.0
2006-05-26,2006-08-31,FUTSTK,PNB,0.0,FUT,0.0,0.0,0.0,438.1,436.1,0.0,0.0,0.0
2006-05-26,2006-06-29,FUTSTK,POLARIS,0.0,FUT,87.05,91.4,86.75,89.6,89.6,618.0,1549.84,6851600.0
2006-05-26,2006-07-27,FUTSTK,POLARIS,0.0,FUT,86.0,90.85,86.0,89.5,89.9,11.0,27.52,19600.0
2006-05-26,2006-08-31,FUTSTK,POLARIS,0.0,FUT,0.0,0.0,0.0,85.55,90.5,0.0,0.0,0.0
2006-05-26,2006-06-29,FUTSTK,PUNJLLOYD,0.0,FUT,929.9,969.0,928.5,946.9,946.9,1391.0,3976.22,867600.0
2006-05-26,2006-07-27,FUTSTK,PUNJLLOYD,0.0,FUT,964.0,964.0,964.0,964.0,952.55,1.0,2.89,900.0
2006-05-26,2006-08-31,FUTSTK,PUNJLLOYD,0.0,FUT,1100.0,1100.0,742.0,742.0,958.75,2.0,5.52,0.0
2006-05-26,2006-06-29,FUTSTK,RANBAXY,0.0,FUT,419.8,426.8,417.1,421.95,421.95,2304.0,3895.73,2895600.0
2006-05-26,2006-07-27,FUTSTK,RANBAXY,0.0,FUT,425.0,430.5,420.2,424.9,424.9,26.0,44.21,5600.0
2006-05-26,2006-08-31,FUTSTK,RANBAXY,0.0,FUT,0.0,0.0,0.0,427.1,433.2,0.0,0.0,0.0
2006-05-26,2006-06-29,FUTSTK,REL,0.0,FUT,520.0,536.4,513.05,517.95,517.95,2828.0,8189.58,5878400.0
2006-05-26,2006-07-27,FUTSTK,REL,0.0,FUT,532.0,542.0,514.0,518.25,518.25,14.0,40.63,11550.0
2006-05-26,2006-08-31,FUTSTK,REL,0.0,FUT,0.0,0.0,0.0,549.25,541.95,0.0,0.0,0.0
2006-05-26,2006-06-29,FUTSTK,RELCAPITAL,0.0,FUT,465.15,485.65,461.9,468.7,468.7,4878.0,25465.06,6846400.0
2006-05-26,2006-07-27,FUTSTK,RELCAPITAL,0.0,FUT,488.7,488.7,488.7,488.7,470.45,1.0,5.37,7700.0
2006-05-26,2006-08-31,FUTSTK,RELCAPITAL,0.0,FUT,538.9,538.9,450.1,450.1,473.55,2.0,10.87,0.0
2006-05-26,2006-06-29,FUTSTK,RELIANCE,0.0,FUT,960.0,991.8,951.9,957.55,957.55,24923.0,145209.76,19400400.0
2006-05-26,2006-07-27,FUTSTK,RELIANCE,0.0,FUT,974.0,998.0,960.0,963.5,963.5,26.0,152.76,21000.0
2006-05-26,2006-08-31,FUTSTK,RELIANCE,0.0,FUT,1009.9,1009.9,958.0,958.0,975.95,2.0,11.8,0.0
2006-05-26,2006-06-29,FUTSTK,RPL,0.0,FUT,70.0,71.95,69.5,69.95,69.95,3965.0,9398.8,47918400.0
2006-05-26,2006-07-27,FUTSTK,RPL,0.0,FUT,70.6,71.95,70.0,70.1,70.1,50.0,118.68,3182500.0
2006-05-26,2006-08-31,FUTSTK,RPL,0.0,FUT,76.0,76.0,70.1,70.1,72.5,2.0,4.89,0.0
2006-05-26,2006-06-29,FUTSTK,SATYAMCOMP,0.0,FUT,700.0,712.0,678.1,683.5,683.5,6988.0,29132.63,5512200.0
2006-05-26,2006-07-27,FUTSTK,SATYAMCOMP,0.0,FUT,0.0,0.0,0.0,779.95,685.7,0.0,0.0,0.0
2006-05-26,2006-08-31,FUTSTK,SATYAMCOMP,0.0,FUT,0.0,0.0,0.0,696.55,690.2,0.0,0.0,0.0
2006-05-26,2006-06-29,FUTSTK,SBIN,0.0,FUT,869.0,891.4,858.0,863.25,863.25,5633.0,24649.8,5189000.0
2006-05-26,2006-07-27,FUTSTK,SBIN,0.0,FUT,880.0,894.0,861.0,869.4,869.4,23.0,101.22,3500.0
2006-05-26,2006-08-31,FUTSTK,SBIN,0.0,FUT,0.0,0.0,0.0,886.65,890.35,0.0,0.0,0.0
2006-05-26,2006-06-29,FUTSTK,SCI,0.0,FUT,138.0,141.0,137.0,138.9,138.9,526.0,1170.47,3177600.0
2006-05-26,2006-07-27,FUTSTK,SCI,0.0,FUT,0.0,0.0,0.0,159.55,139.95,0.0,0.0,0.0
2006-05-26,2006-08-31,FUTSTK,SCI,0.0,FUT,0.0,0.0,0.0,136.6,140.9,0.0,0.0,0.0
2006-05-26,2006-06-29,FUTSTK,SIEMENS,0.0,FUT,4810.0,5128.0,4795.0,4965.8,4965.8,1849.0,13885.68,323400.0
2006-05-26,2006-07-27,FUTSTK,SIEMENS,0.0,FUT,0.0,0.0,0.0,5920.0,4990.2,0.0,0.0,300.0
2006-05-26,2006-08-31,FUTSTK,SIEMENS,0.0,FUT,0.0,0.0,0.0,4805.8,5022.75,0.0,0.0,0.0
2006-05-26,2006-06-29,FUTSTK,SRF,0.0,FUT,221.6,231.0,216.6,222.2,222.2,1360.0,4594.35,3598500.0
2006-05-26,2006-07-27,FUTSTK,SRF,0.0,FUT,229.0,229.0,221.0,221.0,225.2,4.0,13.45,6000.0
2006-05-26,2006-08-31,FUTSTK,SRF,0.0,FUT,0.0,0.0,0.0,218.2,226.65,0.0,0.0,0.0
2006-05-26,2006-06-29,FUTSTK,STAR,0.0,FUT,235.0,274.0,235.0,267.3,267.3,374.0,834.83,551650.0
2006-05-26,2006-07-27,FUTSTK,STAR,0.0,FUT,0.0,0.0,0.0,320.25,273.15,0.0,0.0,0.0
2006-05-26,2006-08-31,FUTSTK,STAR,0.0,FUT,0.0,0.0,0.0,237.6,274.95,0.0,0.0,0.0
2006-05-26,2006-06-29,FUTSTK,STER,0.0,FUT,404.4,426.0,399.0,410.6,410.6,5058.0,36587.19,6419000.0
2006-05-26,2006-07-27,FUTSTK,STER,0.0,FUT,425.0,425.0,425.0,425.0,414.55,1.0,7.43,7000.0
2006-05-26,2006-08-31,FUTSTK,STER,0.0,FUT,0.0,0.0,0.0,401.1,417.25,0.0,0.0,0.0
2006-05-26,2006-06-29,FUTSTK,SUNPHARMA,0.0,FUT,785.0,835.0,781.0,823.5,823.5,1042.0,3812.32,1400400.0
2006-05-26,2006-07-27,FUTSTK,SUNPHARMA,0.0,FUT,799.0,829.8,799.0,828.0,859.35,6.0,22.2,1800.0
2006-05-26,2006-08-31,FUTSTK,SUNPHARMA,0.0,FUT,0.0,0.0,0.0,875.4,864.95,0.0,0.0,0.0
2006-05-26,2006-06-29,FUTSTK,SUNTV,0.0,FUT,1205.0,1244.0,1195.25,1210.55,1210.55,138.0,420.76,59750.0
2006-05-26,2006-07-27,FUTSTK,SUNTV,0.0,FUT,0.0,0.0,0.0,1530.0,1227.4,0.0,0.0,500.0
2006-05-26,2006-08-31,FUTSTK,SUNTV,0.0,FUT,1425.05,1425.05,962.5,962.5,1235.45,2.0,5.96,0.0
2006-05-26,2006-06-29,FUTSTK,SUZLON,0.0,FUT,1001.05,1041.0,995.65,1005.5,1005.5,2636.0,10734.46,1258800.0
2006-05-26,2006-07-27,FUTSTK,SUZLON,0.0,FUT,1049.8,1049.8,1049.8,1049.8,1009.55,1.0,4.19,1200.0
2006-05-26,2006-08-31,FUTSTK,SUZLON,0.0,FUT,0.0,0.0,0.0,988.5,1016.1,0.0,0.0,0.0
2006-05-26,2006-06-29,FUTSTK,SYNDIBANK,0.0,FUT,76.4,78.4,76.4,77.4,77.4,300.0,884.68,3119800.0
2006-05-26,2006-07-27,FUTSTK,SYNDIBANK,0.0,FUT,78.95,78.95,78.1,78.1,78.1,2.0,5.96,15200.0
2006-05-26,2006-08-31,FUTSTK,SYNDIBANK,0.0,FUT,0.0,0.0,0.0,78.2,79.15,0.0,0.0,0.0
2006-05-26,2006-06-29,FUTSTK,TATACHEM,0.0,FUT,218.4,226.45,216.3,222.35,222.35,1269.0,3805.12,3721950.0
2006-05-26,2006-07-27,FUTSTK,TATACHEM,0.0,FUT,225.0,225.0,222.2,222.2,235.75,3.0,9.06,10800.0
2006-05-26,2006-08-31,FUTSTK,TATACHEM,0.0,FUT,0.0,0.0,0.0,233.65,237.3,0.0,0.0,0.0
2006-05-26,2006-06-29,FUTSTK,TATAMOTORS,0.0,FUT,799.0,821.0,788.3,797.75,797.75,3833.0,25469.59,2979900.0
2006-05-26,2006-07-27,FUTSTK,TATAMOTORS,0.0,FUT,0.0,0.0,0.0,791.05,823.2,0.0,0.0,825.0
2006-05-26,2006-08-31,FUTSTK,TATAMOTORS,0.0,FUT,980.05,980.05,687.6,687.6,828.55,2.0,13.75,0.0
2006-05-26,2006-06-29,FUTSTK,TATAPOWER,0.0,FUT,482.5,502.0,482.5,486.65,486.65,920.0,3612.03,1319200.0
2006-05-26,2006-07-27,FUTSTK,TATAPOWER,0.0,FUT,0.0,0.0,0.0,560.9,503.6,0.0,0.0,0.0
2006-05-26,2006-08-31,FUTSTK,TATAPOWER,0.0,FUT,575.0,575.0,413.5,413.5,506.85,2.0,7.9,0.0
2006-05-26,2006-06-29,FUTSTK,TATASTEEL,0.0,FUT,510.0,560.45,505.55,540.55,540.55,29860.0,109510.42,8861400.0
2006-05-26,2006-07-27,FUTSTK,TATASTEEL,0.0,FUT,522.1,564.0,522.1,544.3,544.3,31.0,115.03,14175.0
2006-05-26,2006-08-31,FUTSTK,TATASTEEL,0.0,FUT,560.0,560.0,550.0,550.0,548.75,2.0,7.49,0.0
2006-05-26,2006-06-29,FUTSTK,TATATEA,0.0,FUT,730.0,755.0,729.0,745.55,745.55,554.0,2261.47,975700.0
2006-05-26,2006-07-27,FUTSTK,TATATEA,0.0,FUT,0.0,0.0,0.0,836.65,756.8,0.0,0.0,0.0
2006-05-26,2006-08-31,FUTSTK,TATATEA,0.0,FUT,0.0,0.0,0.0,728.65,761.7,0.0,0.0,0.0
2006-05-26,2006-06-29,FUTSTK,TCS,0.0,FUT,1895.0,1898.0,1830.2,1855.15,1855.15,2244.0,10492.19,1017250.0
2006-05-26,2006-07-27,FUTSTK,TCS,0.0,FUT,1850.0,1850.0,1850.0,1850.0,1888.0,1.0,4.62,750.0
2006-05-26,2006-08-31,FUTSTK,TCS,0.0,FUT,2205.0,2205.0,1667.0,1667.0,1900.3,2.0,9.68,0.0
2006-05-26,2006-06-29,FUTSTK,TITAN,0.0,FUT,610.0,656.3,602.0,646.55,646.55,2763.0,14389.57,1473846.0
2006-05-26,2006-07-27,FUTSTK,TITAN,0.0,FUT,646.35,646.35,646.35,646.35,646.35,1.0,5.31,0.0
2006-05-26,2006-08-31,FUTSTK,TITAN,0.0,FUT,700.05,700.05,488.2,488.2,653.6,2.0,9.76,0.0
2006-05-26,2006-06-29,FUTSTK,TVSMOTOR,0.0,FUT,124.9,131.0,124.9,129.65,129.65,414.0,1570.95,1705100.0
2006-05-26,2006-07-27,FUTSTK,TVSMOTOR,0.0,FUT,0.0,0.0,0.0,172.1,130.75,0.0,0.0,8850.0
2006-05-26,2006-08-31,FUTSTK,TVSMOTOR,0.0,FUT,0.0,0.0,0.0,124.55,131.6,0.0,0.0,0.0
2006-05-26,2006-06-29,FUTSTK,UNIONBANK,0.0,FUT,108.0,112.3,107.0,108.0,108.0,439.0,1012.99,2700600.0
2006-05-26,2006-07-27,FUTSTK,UNIONBANK,0.0,FUT,0.0,0.0,0.0,119.15,112.15,0.0,0.0,0.0
2006-05-26,2006-08-31,FUTSTK,UNIONBANK,0.0,FUT,0.0,0.0,0.0,110.65,112.9,0.0,0.0,0.0
2006-05-26,2006-06-29,FUTSTK,UTIBANK,0.0,FUT,307.0,315.0,304.05,305.2,305.2,309.0,861.95,550800.0
2006-05-26,2006-07-27,FUTSTK,UTIBANK,0.0,FUT,0.0,0.0,0.0,354.15,306.25,0.0,0.0,0.0
2006-05-26,2006-08-31,FUTSTK,UTIBANK,0.0,FUT,0.0,0.0,0.0,301.95,308.2,0.0,0.0,0.0
2006-05-26,2006-06-29,FUTSTK,VIJAYABANK,0.0,FUT,43.4,47.0,42.3,46.55,46.55,774.0,1198.49,5268150.0
2006-05-26,2006-07-27,FUTSTK,VIJAYABANK,0.0,FUT,43.15,46.15,43.15,46.15,47.3,5.0,7.7,13800.0
2006-05-26,2006-08-31,FUTSTK,VIJAYABANK,0.0,FUT,0.0,0.0,0.0,41.0,47.6,0.0,0.0,0.0
2006-05-26,2006-06-29,FUTSTK,VSNL,0.0,FUT,440.0,452.8,427.25,430.5,430.5,7259.0,33580.26,3969000.0
2006-05-26,2006-07-27,FUTSTK,VSNL,0.0,FUT,445.0,448.0,435.0,437.2,437.2,8.0,37.17,3150.0
2006-05-26,2006-08-31,FUTSTK,VSNL,0.0,FUT,0.0,0.0,0.0,438.95,435.05,0.0,0.0,0.0
2006-05-26,2006-06-29,FUTSTK,WIPRO,0.0,FUT,460.2,485.0,458.0,465.35,465.35,3940.0,11123.09,3262800.0
2006-05-26,2006-07-27,FUTSTK,WIPRO,0.0,FUT,470.0,482.9,450.0,462.2,462.2,129.0,356.82,113400.0
2006-05-26,2006-08-31,FUTSTK,WIPRO,0.0,FUT,0.0,0.0,0.0,495.3,483.65,0.0,0.0,0.0
2006-05-26,2006-06-29,FUTSTK,WOCKPHARMA,0.0,FUT,380.0,392.0,379.9,387.75,387.75,491.0,1138.84,1459800.0
2006-05-26,2006-07-27,FUTSTK,WOCKPHARMA,0.0,FUT,386.0,386.0,386.0,386.0,397.35,1.0,2.31,0.0
2006-05-26,2006-08-31,FUTSTK,WOCKPHARMA,0.0,FUT,0.0,0.0,0.0,383.75,399.95,0.0,0.0,0.0
2006-05-26,2006-06-29,OPTIDX,BANKNIFTY,4190.0,CE,0.0,0.0,0.0,306.95,333.3,0.0,0.0,0.0
2006-05-26,2006-06-29,OPTIDX,BANKNIFTY,4200.0,CE,0.0,0.0,0.0,302.0,327.6,0.0,0.0,0.0
2006-05-26,2006-06-29,OPTIDX,BANKNIFTY,4210.0,CE,0.0,0.0,0.0,297.15,322.0,0.0,0.0,0.0
2006-05-26,2006-06-29,OPTIDX,BANKNIFTY,4220.0,CE,0.0,0.0,0.0,292.35,316.45,0.0,0.0,0.0
2006-05-26,2006-06-29,OPTIDX,BANKNIFTY,4230.0,CE,0.0,0.0,0.0,287.6,310.95,0.0,0.0,0.0
2006-05-26,2006-06-29,OPTIDX,BANKNIFTY,4240.0,CE,0.0,0.0,0.0,282.9,305.55,0.0,0.0,0.0
2006-05-26,2006-06-29,OPTIDX,BANKNIFTY,4250.0,CE,0.0,0.0,0.0,278.25,300.2,0.0,0.0,0.0
2006-05-26,2006-06-29,OPTIDX,BANKNIFTY,4260.0,CE,0.0,0.0,0.0,273.65,294.9,0.0,0.0,0.0
2006-05-26,2006-06-29,OPTIDX,BANKNIFTY,4270.0,CE,0.0,0.0,0.0,269.1,289.65,0.0,0.0,0.0
2006-05-26,2006-06-29,OPTIDX,BANKNIFTY,4280.0,CE,0.0,0.0,0.0,264.65,284.5,0.0,0.0,0.0
2006-05-26,2006-06-29,OPTIDX,BANKNIFTY,4290.0,CE,0.0,0.0,0.0,260.2,279.4,0.0,0.0,0.0
2006-05-26,2006-06-29,OPTIDX,BANKNIFTY,4300.0,CE,0.0,0.0,0.0,329.25,274.35,0.0,0.0,0.0
2006-05-26,2006-06-29,OPTIDX,BANKNIFTY,4310.0,CE,0.0,0.0,0.0,324.3,269.35,0.0,0.0,0.0
2006-05-26,2006-06-29,OPTIDX,BANKNIFTY,4320.0,CE,0.0,0.0,0.0,319.4,264.45,0.0,0.0,0.0
2006-05-26,2006-06-29,OPTIDX,BANKNIFTY,4330.0,CE,0.0,0.0,0.0,314.6,259.6,0.0,0.0,0.0
2006-05-26,2006-06-29,OPTIDX,BANKNIFTY,4340.0,CE,0.0,0.0,0.0,309.8,254.8,0.0,0.0,0.0
2006-05-26,2006-06-29,OPTIDX,BANKNIFTY,4350.0,CE,0.0,0.0,0.0,305.1,250.1,0.0,0.0,0.0
2006-05-26,2006-06-29,OPTIDX,BANKNIFTY,4360.0,CE,0.0,0.0,0.0,300.45,245.4,0.0,0.0,0.0
2006-05-26,2006-06-29,OPTIDX,BANKNIFTY,4370.0,CE,0.0,0.0,0.0,295.8,240.8,0.0,0.0,0.0
2006-05-26,2006-06-29,OPTIDX,BANKNIFTY,4380.0,CE,0.0,0.0,0.0,291.25,236.3,0.0,0.0,0.0
2006-05-26,2006-06-29,OPTIDX,BANKNIFTY,4390.0,CE,0.0,0.0,0.0,286.75,231.8,0.0,0.0,0.0
2006-05-26,2006-06-29,OPTIDX,BANKNIFTY,4400.0,CE,0.0,0.0,0.0,282.3,227.4,0.0,0.0,0.0
2006-05-26,2006-06-29,OPTIDX,BANKNIFTY,4410.0,CE,0.0,0.0,0.0,235.2,223.05,0.0,0.0,0.0
2006-05-26,2006-06-29,OPTIDX,BANKNIFTY,4420.0,CE,0.0,0.0,0.0,229.9,218.75,0.0,0.0,0.0
2006-05-26,2006-06-29,OPTIDX,BANKNIFTY,4430.0,CE,0.0,0.0,0.0,242.1,214.55,0.0,0.0,0.0
2006-05-26,2006-06-29,OPTIDX,BANKNIFTY,4440.0,CE,0.0,0.0,0.0,265.35,210.35,0.0,0.0,0.0
2006-05-26,2006-06-29,OPTIDX,BANKNIFTY,4450.0,CE,0.0,0.0,0.0,260.0,206.25,0.0,0.0,0.0
2006-05-26,2006-06-29,OPTIDX,BANKNIFTY,4460.0,CE,0.0,0.0,0.0,254.75,202.2,0.0,0.0,0.0
2006-05-26,2006-06-29,OPTIDX,BANKNIFTY,4470.0,CE,0.0,0.0,0.0,249.55,198.25,0.0,0.0,0.0
2006-05-26,2006-06-29,OPTIDX,BANKNIFTY,4480.0,CE,0.0,0.0,0.0,244.45,194.3,0.0,0.0,0.0
2006-05-26,2006-06-29,OPTIDX,BANKNIFTY,4490.0,CE,0.0,0.0,0.0,239.4,190.45,0.0,0.0,0.0
2006-05-26,2006-06-29,OPTIDX,BANKNIFTY,4500.0,CE,0.0,0.0,0.0,234.4,186.65,0.0,0.0,0.0
2006-05-26,2006-06-29,OPTIDX,BANKNIFTY,4510.0,CE,0.0,0.0,0.0,229.5,182.9,0.0,0.0,0.0
2006-05-26,2006-06-29,OPTIDX,BANKNIFTY,4520.0,CE,0.0,0.0,0.0,224.65,179.2,0.0,0.0,0.0
2006-05-26,2006-06-29,OPTIDX,BANKNIFTY,4530.0,CE,0.0,0.0,0.0,219.9,175.55,0.0,0.0,0.0
2006-05-26,2006-06-29,OPTIDX,BANKNIFTY,4540.0,CE,0.0,0.0,0.0,215.2,171.95,0.0,0.0,0.0
2006-05-26,2006-06-29,OPTIDX,BANKNIFTY,4550.0,CE,0.0,0.0,0.0,258.25,168.45,0.0,0.0,0.0
2006-05-26,2006-06-29,OPTIDX,BANKNIFTY,4560.0,CE,0.0,0.0,0.0,252.85,165.0,0.0,0.0,0.0
2006-05-26,2006-06-29,OPTIDX,BANKNIFTY,4570.0,CE,0.0,0.0,0.0,247.5,161.55,0.0,0.0,0.0
2006-05-26,2006-06-29,OPTIDX,BANKNIFTY,4580.0,CE,0.0,0.0,0.0,242.25,158.2,0.0,0.0,0.0
2006-05-26,2006-06-29,OPTIDX,BANKNIFTY,4590.0,CE,0.0,0.0,0.0,237.05,154.9,0.0,0.0,0.0
2006-05-26,2006-06-29,OPTIDX,BANKNIFTY,4600.0,CE,0.0,0.0,0.0,231.95,151.65,0.0,0.0,0.0
2006-05-26,2006-06-29,OPTIDX,BANKNIFTY,4610.0,CE,0.0,0.0,0.0,243.55,148.45,0.0,0.0,0.0
2006-05-26,2006-06-29,OPTIDX,BANKNIFTY,4620.0,CE,0.0,0.0,0.0,237.75,145.35,0.0,0.0,0.0
2006-05-26,2006-06-29,OPTIDX,BANKNIFTY,4630.0,CE,0.0,0.0,0.0,232.05,142.25,0.0,0.0,0.0
2006-05-26,2006-06-29,OPTIDX,BANKNIFTY,4640.0,CE,0.0,0.0,0.0,226.4,139.2,0.0,0.0,0.0
2006-05-26,2006-06-29,OPTIDX,BANKNIFTY,4650.0,CE,0.0,0.0,0.0,220.85,136.2,0.0,0.0,0.0
2006-05-26,2006-06-29,OPTIDX,BANKNIFTY,4660.0,CE,0.0,0.0,0.0,215.45,133.3,0.0,0.0,0.0
2006-05-26,2006-06-29,OPTIDX,BANKNIFTY,4670.0,CE,0.0,0.0,0.0,210.05,130.4,0.0,0.0,0.0
2006-05-26,2006-06-29,OPTIDX,BANKNIFTY,4680.0,CE,0.0,0.0,0.0,211.85,127.55,0.0,0.0,0.0
2006-05-26,2006-06-29,OPTIDX,BANKNIFTY,4690.0,CE,0.0,0.0,0.0,206.5,124.8,0.0,0.0,0.0
2006-05-26,2006-06-29,OPTIDX,BANKNIFTY,4700.0,CE,0.0,0.0,0.0,238.95,122.05,0.0,0.0,0.0
2006-05-26,2006-06-29,OPTIDX,BANKNIFTY,4710.0,CE,0.0,0.0,0.0,233.2,119.35,0.0,0.0,0.0
2006-05-26,2006-06-29,OPTIDX,BANKNIFTY,4720.0,CE,0.0,0.0,0.0,227.55,116.75,0.0,0.0,0.0
2006-05-26,2006-06-29,OPTIDX,BANKNIFTY,4730.0,CE,0.0,0.0,0.0,222.0,114.15,0.0,0.0,0.0
2006-05-26,2006-06-29,OPTIDX,BANKNIFTY,4740.0,CE,0.0,0.0,0.0,216.5,111.8,0.0,0.0,0.0
2006-05-26,2006-06-29,OPTIDX,BANKNIFTY,4750.0,CE,0.0,0.0,0.0,211.1,109.3,0.0,0.0,0.0
2006-05-26,2006-06-29,OPTIDX,BANKNIFTY,4760.0,CE,0.0,0.0,0.0,280.0,106.85,0.0,0.0,0.0
2006-05-26,2006-06-29,OPTIDX,BANKNIFTY,4770.0,CE,0.0,0.0,0.0,274.05,104.5,0.0,0.0,0.0
2006-05-26,2006-06-29,OPTIDX,BANKNIFTY,4780.0,CE,0.0,0.0,0.0,268.2,102.15,0.0,0.0,0.0
2006-05-26,2006-06-29,OPTIDX,BANKNIFTY,4790.0,CE,0.0,0.0,0.0,262.45,99.8,0.0,0.0,0.0
2006-05-26,2006-06-29,OPTIDX,BANKNIFTY,4800.0,CE,0.0,0.0,0.0,256.8,97.55,0.0,0.0,0.0
2006-05-26,2006-06-29,OPTIDX,BANKNIFTY,4810.0,CE,0.0,0.0,0.0,251.2,95.35,0.0,0.0,0.0
2006-05-26,2006-06-29,OPTIDX,BANKNIFTY,4820.0,CE,0.0,0.0,0.0,245.65,93.15,0.0,0.0,0.0
2006-05-26,2006-06-29,OPTIDX,BANKNIFTY,4830.0,CE,0.0,0.0,0.0,240.2,91.05,0.0,0.0,0.0
2006-05-26,2006-06-29,OPTIDX,BANKNIFTY,4840.0,CE,0.0,0.0,0.0,234.85,88.75,0.0,0.0,0.0
2006-05-26,2006-06-29,OPTIDX,BANKNIFTY,4850.0,CE,0.0,0.0,0.0,229.55,86.7,0.0,0.0,0.0
2006-05-26,2006-06-29,OPTIDX,BANKNIFTY,4860.0,CE,0.0,0.0,0.0,248.35,84.7,0.0,0.0,0.0
2006-05-26,2006-06-29,OPTIDX,BANKNIFTY,4870.0,CE,0.0,0.0,0.0,242.85,82.7,0.0,0.0,0.0
2006-05-26,2006-06-29,OPTIDX,BANKNIFTY,4880.0,CE,0.0,0.0,0.0,237.45,80.75,0.0,0.0,0.0
2006-05-26,2006-06-29,OPTIDX,BANKNIFTY,4890.0,CE,0.0,0.0,0.0,232.1,78.85,0.0,0.0,0.0
2006-05-26,2006-06-29,OPTIDX,BANKNIFTY,4900.0,CE,0.0,0.0,0.0,226.85,77.0,0.0,0.0,0.0
2006-05-26,2006-06-29,OPTIDX,BANKNIFTY,4910.0,CE,0.0,0.0,0.0,277.45,75.15,0.0,0.0,0.0
2006-05-26,2006-06-29,OPTIDX,BANKNIFTY,4920.0,CE,0.0,0.0,0.0,295.05,73.35,0.0,0.0,0.0
2006-05-26,2006-06-29,OPTIDX,BANKNIFTY,4930.0,CE,0.0,0.0,0.0,289.95,71.6,0.0,0.0,0.0
2006-05-26,2006-06-29,OPTIDX,BANKNIFTY,4940.0,CE,0.0,0.0,0.0,284.95,69.9,0.0,0.0,0.0
2006-05-26,2006-06-29,OPTIDX,BANKNIFTY,4950.0,CE,0.0,0.0,0.0,280.0,68.2,0.0,0.0,0.0
2006-05-26,2006-06-29,OPTIDX,BANKNIFTY,4960.0,CE,0.0,0.0,0.0,275.15,66.55,0.0,0.0,0.0
2006-05-26,2006-06-29,OPTIDX,BANKNIFTY,4970.0,CE,0.0,0.0,0.0,270.3,64.95,0.0,0.0,0.0
2006-05-26,2006-06-29,OPTIDX,BANKNIFTY,4980.0,CE,0.0,0.0,0.0,305.45,63.35,0.0,0.0,0.0
2006-05-26,2006-06-29,OPTIDX,BANKNIFTY,4990.0,CE,0.0,0.0,0.0,300.0,61.8,0.0,0.0,0.0
2006-05-26,2006-06-29,OPTIDX,BANKNIFTY,5000.0,CE,0.0,0.0,0.0,294.65,60.3,0.0,0.0,0.0
2006-05-26,2006-06-29,OPTIDX,BANKNIFTY,5010.0,CE,0.0,0.0,0.0,289.35,58.8,0.0,0.0,0.0
2006-05-26,2006-06-29,OPTIDX,BANKNIFTY,5020.0,CE,0.0,0.0,0.0,284.15,57.35,0.0,0.0,0.0
2006-05-26,2006-06-29,OPTIDX,BANKNIFTY,5030.0,CE,0.0,0.0,0.0,279.0,55.95,0.0,0.0,0.0
2006-05-26,2006-06-29,OPTIDX,BANKNIFTY,5040.0,CE,0.0,0.0,0.0,273.9,54.55,0.0,0.0,0.0
2006-05-26,2006-06-29,OPTIDX,BANKNIFTY,5050.0,CE,0.0,0.0,0.0,268.85,53.2,0.0,0.0,0.0
2006-05-26,2006-06-29,OPTIDX,BANKNIFTY,5060.0,CE,0.0,0.0,0.0,263.85,51.85,0.0,0.0,0.0
2006-05-26,2006-06-29,OPTIDX,BANKNIFTY,5070.0,CE,0.0,0.0,0.0,258.95,50.55,0.0,0.0,0.0
2006-05-26,2006-06-29,OPTIDX,BANKNIFTY,5080.0,CE,0.0,0.0,0.0,254.1,49.3,0.0,0.0,0.0
2006-05-26,2006-06-29,OPTIDX,BANKNIFTY,4190.0,PE,0.0,0.0,0.0,250.8,172.85,0.0,0.0,0.0
2006-05-26,2006-06-29,OPTIDX,BANKNIFTY,4200.0,PE,0.0,0.0,0.0,255.8,177.1,0.0,0.0,0.0
2006-05-26,2006-06-29,OPTIDX,BANKNIFTY,4210.0,PE,0.0,0.0,0.0,260.9,181.45,0.0,0.0,0.0
2006-05-26,2006-06-29,OPTIDX,BANKNIFTY,4220.0,PE,0.0,0.0,0.0,266.0,185.85,0.0,0.0,0.0
2006-05-26,2006-06-29,OPTIDX,BANKNIFTY,4230.0,PE,0.0,0.0,0.0,271.15,190.3,0.0,0.0,0.0
2006-05-26,2006-06-29,OPTIDX,BANKNIFTY,4240.0,PE,0.0,0.0,0.0,276.4,194.8,0.0,0.0,0.0
2006-05-26,2006-06-29,OPTIDX,BANKNIFTY,4250.0,PE,0.0,0.0,0.0,281.7,199.35,0.0,0.0,0.0
2006-05-26,2006-06-29,OPTIDX,BANKNIFTY,4260.0,PE,0.0,0.0,0.0,287.05,204.0,0.0,0.0,0.0
2006-05-26,2006-06-29,OPTIDX,BANKNIFTY,4270.0,PE,0.0,0.0,0.0,292.45,208.7,0.0,0.0,0.0
2006-05-26,2006-06-29,OPTIDX,BANKNIFTY,4280.0,PE,0.0,0.0,0.0,297.9,213.5,0.0,0.0,0.0
2006-05-26,2006-06-29,OPTIDX,BANKNIFTY,4290.0,PE,0.0,0.0,0.0,303.4,218.3,0.0,0.0,0.0
2006-05-26,2006-06-29,OPTIDX,BANKNIFTY,4300.0,PE,0.0,0.0,0.0,265.6,223.2,0.0,0.0,0.0
2006-05-26,2006-06-29,OPTIDX,BANKNIFTY,4310.0,PE,0.0,0.0,0.0,270.6,228.15,0.0,0.0,0.0
2006-05-26,2006-06-29,OPTIDX,BANKNIFTY,4320.0,PE,0.0,0.0,0.0,275.6,233.2,0.0,0.0,0.0
2006-05-26,2006-06-29,OPTIDX,BANKNIFTY,4330.0,PE,0.0,0.0,0.0,280.7,238.25,0.0,0.0,0.0
2006-05-26,2006-06-29,OPTIDX,BANKNIFTY,4340.0,PE,0.0,0.0,0.0,285.85,243.45,0.0,0.0,0.0
2006-05-26,2006-06-29,OPTIDX,BANKNIFTY,4350.0,PE,0.0,0.0,0.0,291.05,248.65,0.0,0.0,0.0
2006-05-26,2006-06-29,OPTIDX,BANKNIFTY,4360.0,PE,0.0,0.0,0.0,296.35,253.9,0.0,0.0,0.0
2006-05-26,2006-06-29,OPTIDX,BANKNIFTY,4370.0,PE,0.0,0.0,0.0,301.65,259.25,0.0,0.0,0.0
2006-05-26,2006-06-29,OPTIDX,BANKNIFTY,4380.0,PE,0.0,0.0,0.0,307.0,264.65,0.0,0.0,0.0
2006-05-26,2006-06-29,OPTIDX,BANKNIFTY,4390.0,PE,0.0,0.0,0.0,312.4,270.1,0.0,0.0,0.0
2006-05-26,2006-06-29,OPTIDX,BANKNIFTY,4400.0,PE,0.0,0.0,0.0,317.85,275.65,0.0,0.0,0.0
2006-05-26,2006-06-29,OPTIDX,BANKNIFTY,4410.0,PE,0.0,0.0,0.0,157.05,281.25,0.0,0.0,0.0
2006-05-26,2006-06-29,OPTIDX,BANKNIFTY,4420.0,PE,0.0,0.0,0.0,161.6,286.9,0.0,0.0,0.0
2006-05-26,2006-06-29,OPTIDX,BANKNIFTY,4430.0,PE,0.0,0.0,0.0,163.0,292.6,0.0,0.0,0.0
2006-05-26,2006-06-29,OPTIDX,BANKNIFTY,4440.0,PE,0.0,0.0,0.0,170.75,298.35,0.0,0.0,0.0
2006-05-26,2006-06-29,OPTIDX,BANKNIFTY,4450.0,PE,0.0,0.0,0.0,175.25,304.2,0.0,0.0,0.0
2006-05-26,2006-06-29,OPTIDX,BANKNIFTY,4460.0,PE,0.0,0.0,0.0,179.85,310.1,0.0,0.0,0.0
2006-05-26,2006-06-29,OPTIDX,BANKNIFTY,4470.0,PE,0.0,0.0,0.0,184.5,316.05,0.0,0.0,0.0
2006-05-26,2006-06-29,OPTIDX,BANKNIFTY,4480.0,PE,0.0,0.0,0.0,189.25,322.05,0.0,0.0,0.0
2006-05-26,2006-06-29,OPTIDX,BANKNIFTY,4490.0,PE,0.0,0.0,0.0,194.05,328.1,0.0,0.0,0.0
2006-05-26,2006-06-29,OPTIDX,BANKNIFTY,4500.0,PE,0.0,0.0,0.0,198.9,334.25,0.0,0.0,0.0
2006-05-26,2006-06-29,OPTIDX,BANKNIFTY,4510.0,PE,0.0,0.0,0.0,203.85,340.45,0.0,0.0,0.0
2006-05-26,2006-06-29,OPTIDX,BANKNIFTY,4520.0,PE,0.0,0.0,0.0,208.85,346.7,0.0,0.0,0.0
2006-05-26,2006-06-29,OPTIDX,BANKNIFTY,4530.0,PE,0.0,0.0,0.0,213.95,353.0,0.0,0.0,0.0
2006-05-26,2006-06-29,OPTIDX,BANKNIFTY,4540.0,PE,0.0,0.0,0.0,219.1,359.35,0.0,0.0,0.0
2006-05-26,2006-06-29,OPTIDX,BANKNIFTY,4550.0,PE,0.0,0.0,0.0,160.35,365.75,0.0,0.0,0.0
2006-05-26,2006-06-29,OPTIDX,BANKNIFTY,4560.0,PE,0.0,0.0,0.0,164.8,372.2,0.0,0.0,0.0
2006-05-26,2006-06-29,OPTIDX,BANKNIFTY,4570.0,PE,0.0,0.0,0.0,169.3,378.75,0.0,0.0,0.0
2006-05-26,2006-06-29,OPTIDX,BANKNIFTY,4580.0,PE,0.0,0.0,0.0,173.9,385.35,0.0,0.0,0.0
2006-05-26,2006-06-29,OPTIDX,BANKNIFTY,4590.0,PE,0.0,0.0,0.0,178.55,391.95,0.0,0.0,0.0
2006-05-26,2006-06-29,OPTIDX,BANKNIFTY,4600.0,PE,0.0,0.0,0.0,183.3,398.65,0.0,0.0,0.0
2006-05-26,2006-06-29,OPTIDX,BANKNIFTY,4610.0,PE,0.0,0.0,0.0,116.95,405.4,0.0,0.0,0.0
2006-05-26,2006-06-29,OPTIDX,BANKNIFTY,4620.0,PE,0.0,0.0,0.0,120.95,412.2,0.0,0.0,0.0
2006-05-26,2006-06-29,OPTIDX,BANKNIFTY,4630.0,PE,0.0,0.0,0.0,125.0,419.05,0.0,0.0,0.0
2006-05-26,2006-06-29,OPTIDX,BANKNIFTY,4640.0,PE,0.0,0.0,0.0,129.2,425.95,0.0,0.0,0.0
2006-05-26,2006-06-29,OPTIDX,BANKNIFTY,4650.0,PE,0.0,0.0,0.0,133.45,432.9,0.0,0.0,0.0
2006-05-26,2006-06-29,OPTIDX,BANKNIFTY,4660.0,PE,0.0,0.0,0.0,137.8,439.9,0.0,0.0,0.0
2006-05-26,2006-06-29,OPTIDX,BANKNIFTY,4670.0,PE,0.0,0.0,0.0,142.2,446.95,0.0,0.0,0.0
2006-05-26,2006-06-29,OPTIDX,BANKNIFTY,4680.0,PE,0.0,0.0,0.0,133.55,454.05,0.0,0.0,0.0
2006-05-26,2006-06-29,OPTIDX,BANKNIFTY,4690.0,PE,0.0,0.0,0.0,137.95,461.2,0.0,0.0,0.0
2006-05-26,2006-06-29,OPTIDX,BANKNIFTY,4700.0,PE,0.0,0.0,0.0,119.75,468.4,0.0,0.0,0.0
2006-05-26,2006-06-29,OPTIDX,BANKNIFTY,4710.0,PE,0.0,0.0,0.0,123.8,475.65,0.0,0.0,0.0
2006-05-26,2006-06-29,OPTIDX,BANKNIFTY,4720.0,PE,0.0,0.0,0.0,127.95,482.95,0.0,0.0,0.0
2006-05-26,2006-06-29,OPTIDX,BANKNIFTY,4730.0,PE,0.0,0.0,0.0,132.2,490.3,0.0,0.0,0.0
2006-05-26,2006-06-29,OPTIDX,BANKNIFTY,4740.0,PE,0.0,0.0,0.0,136.5,497.9,0.0,0.0,0.0
2006-05-26,2006-06-29,OPTIDX,BANKNIFTY,4750.0,PE,0.0,0.0,0.0,140.9,505.35,0.0,0.0,0.0
2006-05-26,2006-06-29,OPTIDX,BANKNIFTY,4760.0,PE,0.0,0.0,0.0,124.35,512.85,0.0,0.0,0.0
2006-05-26,2006-06-29,OPTIDX,BANKNIFTY,4770.0,PE,0.0,0.0,0.0,128.25,520.4,0.0,0.0,0.0
2006-05-26,2006-06-29,OPTIDX,BANKNIFTY,4780.0,PE,0.0,0.0,0.0,132.2,528.0,0.0,0.0,0.0
2006-05-26,2006-06-29,OPTIDX,BANKNIFTY,4790.0,PE,0.0,0.0,0.0,136.25,535.6,0.0,0.0,0.0
2006-05-26,2006-06-29,OPTIDX,BANKNIFTY,4800.0,PE,0.0,0.0,0.0,140.4,543.3,0.0,0.0,0.0
2006-05-26,2006-06-29,OPTIDX,BANKNIFTY,4810.0,PE,0.0,0.0,0.0,144.6,551.0,0.0,0.0,0.0
2006-05-26,2006-06-29,OPTIDX,BANKNIFTY,4820.0,PE,0.0,0.0,0.0,148.9,558.75,0.0,0.0,0.0
2006-05-26,2006-06-29,OPTIDX,BANKNIFTY,4830.0,PE,0.0,0.0,0.0,153.25,566.6,0.0,0.0,0.0
2006-05-26,2006-06-29,OPTIDX,BANKNIFTY,4840.0,PE,0.0,0.0,0.0,157.7,574.25,0.0,0.0,0.0
2006-05-26,2006-06-29,OPTIDX,BANKNIFTY,4850.0,PE,0.0,0.0,0.0,162.2,582.1,0.0,0.0,0.0
2006-05-26,2006-06-29,OPTIDX,BANKNIFTY,4860.0,PE,0.0,0.0,0.0,146.45,590.05,0.0,0.0,0.0
2006-05-26,2006-06-29,OPTIDX,BANKNIFTY,4870.0,PE,0.0,0.0,0.0,150.75,598.0,0.0,0.0,0.0
2006-05-26,2006-06-29,OPTIDX,BANKNIFTY,4880.0,PE,0.0,0.0,0.0,155.15,606.0,0.0,0.0,0.0
2006-05-26,2006-06-29,OPTIDX,BANKNIFTY,4890.0,PE,0.0,0.0,0.0,159.65,614.0,0.0,0.0,0.0
2006-05-26,2006-06-29,OPTIDX,BANKNIFTY,4900.0,PE,0.0,0.0,0.0,164.2,622.1,0.0,0.0,0.0
2006-05-26,2006-06-29,OPTIDX,BANKNIFTY,4910.0,PE,0.0,0.0,0.0,254.1,630.2,0.0,0.0,0.0
2006-05-26,2006-06-29,OPTIDX,BANKNIFTY,4920.0,PE,0.0,0.0,0.0,227.75,638.35,0.0,0.0,0.0
2006-05-26,2006-06-29,OPTIDX,BANKNIFTY,4930.0,PE,0.0,0.0,0.0,232.6,646.55,0.0,0.0,0.0
2006-05-26,2006-06-29,OPTIDX,BANKNIFTY,4940.0,PE,0.0,0.0,0.0,237.5,654.75,0.0,0.0,0.0
2006-05-26,2006-06-29,OPTIDX,BANKNIFTY,4950.0,PE,0.0,0.0,0.0,242.45,663.0,0.0,0.0,0.0
2006-05-26,2006-06-29,OPTIDX,BANKNIFTY,4960.0,PE,0.0,0.0,0.0,247.45,671.3,0.0,0.0,0.0
2006-05-26,2006-06-29,OPTIDX,BANKNIFTY,4970.0,PE,0.0,0.0,0.0,252.5,679.6,0.0,0.0,0.0
2006-05-26,2006-06-29,OPTIDX,BANKNIFTY,4980.0,PE,0.0,0.0,0.0,190.75,687.95,0.0,0.0,0.0
2006-05-26,2006-06-29,OPTIDX,BANKNIFTY,4990.0,PE,0.0,0.0,0.0,195.25,696.35,0.0,0.0,0.0
2006-05-26,2006-06-29,OPTIDX,BANKNIFTY,5000.0,PE,0.0,0.0,0.0,199.8,704.8,0.0,0.0,0.0
2006-05-26,2006-06-29,OPTIDX,BANKNIFTY,5010.0,PE,0.0,0.0,0.0,204.4,713.25,0.0,0.0,0.0
2006-05-26,2006-06-29,OPTIDX,BANKNIFTY,5020.0,PE,0.0,0.0,0.0,209.1,721.7,0.0,0.0,0.0
2006-05-26,2006-06-29,OPTIDX,BANKNIFTY,5030.0,PE,0.0,0.0,0.0,213.85,730.25,0.0,0.0,0.0
2006-05-26,2006-06-29,OPTIDX,BANKNIFTY,5040.0,PE,0.0,0.0,0.0,218.65,738.8,0.0,0.0,0.0
2006-05-26,2006-06-29,OPTIDX,BANKNIFTY,5050.0,PE,0.0,0.0,0.0,223.5,747.35,0.0,0.0,0.0
2006-05-26,2006-06-29,OPTIDX,BANKNIFTY,5060.0,PE,0.0,0.0,0.0,228.4,755.95,0.0,0.0,0.0
2006-05-26,2006-06-29,OPTIDX,BANKNIFTY,5070.0,PE,0.0,0.0,0.0,233.4,764.6,0.0,0.0,0.0
2006-05-26,2006-06-29,OPTIDX,BANKNIFTY,5080.0,PE,0.0,0.0,0.0,238.5,773.25,0.0,0.0,0.0
2006-05-26,2006-07-27,OPTIDX,BANKNIFTY,4190.0,CE,0.0,0.0,0.0,405.4,428.4,0.0,0.0,0.0
2006-05-26,2006-07-27,OPTIDX,BANKNIFTY,4200.0,CE,0.0,0.0,0.0,400.55,423.0,0.0,0.0,0.0
2006-05-26,2006-07-27,OPTIDX,BANKNIFTY,4210.0,CE,0.0,0.0,0.0,395.8,417.65,0.0,0.0,0.0
2006-05-26,2006-07-27,OPTIDX,BANKNIFTY,4220.0,CE,0.0,0.0,0.0,391.05,412.35,0.0,0.0,0.0
2006-05-26,2006-07-27,OPTIDX,BANKNIFTY,4230.0,CE,0.0,0.0,0.0,386.35,407.1,0.0,0.0,0.0
2006-05-26,2006-07-27,OPTIDX,BANKNIFTY,4240.0,CE,0.0,0.0,0.0,381.7,401.9,0.0,0.0,0.0
2006-05-26,2006-07-27,OPTIDX,BANKNIFTY,4250.0,CE,0.0,0.0,0.0,377.1,396.7,0.0,0.0,0.0
2006-05-26,2006-07-27,OPTIDX,BANKNIFTY,4260.0,CE,0.0,0.0,0.0,372.55,391.6,0.0,0.0,0.0
2006-05-26,2006-07-27,OPTIDX,BANKNIFTY,4270.0,CE,0.0,0.0,0.0,368.0,386.55,0.0,0.0,0.0
2006-05-26,2006-07-27,OPTIDX,BANKNIFTY,4280.0,CE,0.0,0.0,0.0,363.55,381.5,0.0,0.0,0.0
2006-05-26,2006-07-27,OPTIDX,BANKNIFTY,4290.0,CE,0.0,0.0,0.0,359.1,376.55,0.0,0.0,0.0
2006-05-26,2006-07-27,OPTIDX,BANKNIFTY,4300.0,CE,0.0,0.0,0.0,427.7,371.6,0.0,0.0,0.0
2006-05-26,2006-07-27,OPTIDX,BANKNIFTY,4310.0,CE,0.0,0.0,0.0,422.9,366.75,0.0,0.0,0.0
2006-05-26,2006-07-27,OPTIDX,BANKNIFTY,4320.0,CE,0.0,0.0,0.0,418.1,361.9,0.0,0.0,0.0
2006-05-26,2006-07-27,OPTIDX,BANKNIFTY,4330.0,CE,0.0,0.0,0.0,413.35,357.1,0.0,0.0,0.0
2006-05-26,2006-07-27,OPTIDX,BANKNIFTY,4340.0,CE,0.0,0.0,0.0,408.65,352.35,0.0,0.0,0.0
2006-05-26,2006-07-27,OPTIDX,BANKNIFTY,4350.0,CE,0.0,0.0,0.0,404.0,347.7,0.0,0.0,0.0
2006-05-26,2006-07-27,OPTIDX,BANKNIFTY,4360.0,CE,0.0,0.0,0.0,399.35,343.05,0.0,0.0,0.0
2006-05-26,2006-07-27,OPTIDX,BANKNIFTY,4370.0,CE,0.0,0.0,0.0,394.8,338.45,0.0,0.0,0.0
2006-05-26,2006-07-27,OPTIDX,BANKNIFTY,4380.0,CE,0.0,0.0,0.0,390.25,333.9,0.0,0.0,0.0
2006-05-26,2006-07-27,OPTIDX,BANKNIFTY,4390.0,CE,0.0,0.0,0.0,385.75,329.35,0.0,0.0,0.0
2006-05-26,2006-07-27,OPTIDX,BANKNIFTY,4400.0,CE,0.0,0.0,0.0,381.25,324.9,0.0,0.0,0.0
2006-05-26,2006-07-27,OPTIDX,BANKNIFTY,4410.0,CE,0.0,0.0,0.0,286.15,320.5,0.0,0.0,0.0
2006-05-26,2006-07-27,OPTIDX,BANKNIFTY,4420.0,CE,0.0,0.0,0.0,280.85,316.1,0.0,0.0,0.0
2006-05-26,2006-07-27,OPTIDX,BANKNIFTY,4430.0,CE,0.0,0.0,0.0,275.6,311.8,0.0,0.0,0.0
2006-05-26,2006-07-27,OPTIDX,BANKNIFTY,4440.0,CE,0.0,0.0,0.0,270.45,307.5,0.0,0.0,0.0
2006-05-26,2006-07-27,OPTIDX,BANKNIFTY,4450.0,CE,0.0,0.0,0.0,265.35,303.25,0.0,0.0,0.0
2006-05-26,2006-07-27,OPTIDX,BANKNIFTY,4460.0,CE,0.0,0.0,0.0,260.3,299.1,0.0,0.0,0.0
2006-05-26,2006-07-27,OPTIDX,BANKNIFTY,4470.0,CE,0.0,0.0,0.0,255.35,294.95,0.0,0.0,0.0
2006-05-26,2006-07-27,OPTIDX,BANKNIFTY,4480.0,CE,0.0,0.0,0.0,322.35,290.85,0.0,0.0,0.0
2006-05-26,2006-07-27,OPTIDX,BANKNIFTY,4490.0,CE,0.0,0.0,0.0,316.8,286.75,0.0,0.0,0.0
2006-05-26,2006-07-27,OPTIDX,BANKNIFTY,4500.0,CE,0.0,0.0,0.0,311.35,282.75,0.0,0.0,0.0
2006-05-26,2006-07-27,OPTIDX,BANKNIFTY,4510.0,CE,0.0,0.0,0.0,305.9,278.8,0.0,0.0,0.0
2006-05-26,2006-07-27,OPTIDX,BANKNIFTY,4520.0,CE,0.0,0.0,0.0,300.55,274.85,0.0,0.0,0.0
2006-05-26,2006-07-27,OPTIDX,BANKNIFTY,4530.0,CE,0.0,0.0,0.0,295.3,270.95,0.0,0.0,0.0
2006-05-26,2006-07-27,OPTIDX,BANKNIFTY,4540.0,CE,0.0,0.0,0.0,290.05,267.1,0.0,0.0,0.0
2006-05-26,2006-07-27,OPTIDX,BANKNIFTY,4550.0,CE,0.0,0.0,0.0,284.9,263.3,0.0,0.0,0.0
2006-05-26,2006-07-27,OPTIDX,BANKNIFTY,4560.0,CE,0.0,0.0,0.0,279.8,259.55,0.0,0.0,0.0
2006-05-26,2006-07-27,OPTIDX,BANKNIFTY,4570.0,CE,0.0,0.0,0.0,274.75,255.85,0.0,0.0,0.0
2006-05-26,2006-07-27,OPTIDX,BANKNIFTY,4580.0,CE,0.0,0.0,0.0,269.8,252.15,0.0,0.0,0.0
2006-05-26,2006-07-27,OPTIDX,BANKNIFTY,4590.0,CE,0.0,0.0,0.0,407.85,248.55,0.0,0.0,0.0
2006-05-26,2006-07-27,OPTIDX,BANKNIFTY,4600.0,CE,0.0,0.0,0.0,402.1,244.95,0.0,0.0,0.0
2006-05-26,2006-07-27,OPTIDX,BANKNIFTY,4610.0,CE,0.0,0.0,0.0,396.45,241.4,0.0,0.0,0.0
2006-05-26,2006-07-27,OPTIDX,BANKNIFTY,4620.0,CE,0.0,0.0,0.0,390.8,237.9,0.0,0.0,0.0
2006-05-26,2006-07-27,OPTIDX,BANKNIFTY,4630.0,CE,0.0,0.0,0.0,385.25,234.4,0.0,0.0,0.0
2006-05-26,2006-07-27,OPTIDX,BANKNIFTY,4640.0,CE,0.0,0.0,0.0,379.75,231.0,0.0,0.0,0.0
2006-05-26,2006-07-27,OPTIDX,BANKNIFTY,4650.0,CE,0.0,0.0,0.0,374.25,227.6,0.0,0.0,0.0
2006-05-26,2006-07-27,OPTIDX,BANKNIFTY,4660.0,CE,0.0,0.0,0.0,368.85,224.25,0.0,0.0,0.0
2006-05-26,2006-07-27,OPTIDX,BANKNIFTY,4670.0,CE,0.0,0.0,0.0,363.5,220.95,0.0,0.0,0.0
2006-05-26,2006-07-27,OPTIDX,BANKNIFTY,4680.0,CE,0.0,0.0,0.0,358.2,217.7,0.0,0.0,0.0
2006-05-26,2006-07-27,OPTIDX,BANKNIFTY,4690.0,CE,0.0,0.0,0.0,352.95,214.45,0.0,0.0,0.0
2006-05-26,2006-07-27,OPTIDX,BANKNIFTY,4700.0,CE,0.0,0.0,0.0,347.75,211.25,0.0,0.0,0.0
2006-05-26,2006-07-27,OPTIDX,BANKNIFTY,4710.0,CE,0.0,0.0,0.0,342.6,208.1,0.0,0.0,0.0
2006-05-26,2006-07-27,OPTIDX,BANKNIFTY,4720.0,CE,0.0,0.0,0.0,337.5,205.0,0.0,0.0,0.0
2006-05-26,2006-07-27,OPTIDX,BANKNIFTY,4730.0,CE,0.0,0.0,0.0,332.45,201.9,0.0,0.0,0.0
2006-05-26,2006-07-27,OPTIDX,BANKNIFTY,4740.0,CE,0.0,0.0,0.0,327.5,198.9,0.0,0.0,0.0
2006-05-26,2006-07-27,OPTIDX,BANKNIFTY,4750.0,CE,0.0,0.0,0.0,322.55,195.9,0.0,0.0,0.0
2006-05-26,2006-07-27,OPTIDX,BANKNIFTY,4760.0,CE,0.0,0.0,0.0,317.65,192.9,0.0,0.0,0.0
2006-05-26,2006-07-27,OPTIDX,BANKNIFTY,4770.0,CE,0.0,0.0,0.0,420.8,190.0,0.0,0.0,0.0
2006-05-26,2006-07-27,OPTIDX,BANKNIFTY,4780.0,CE,0.0,0.0,0.0,415.35,187.1,0.0,0.0,0.0
2006-05-26,2006-07-27,OPTIDX,BANKNIFTY,4790.0,CE,0.0,0.0,0.0,409.9,184.25,0.0,0.0,0.0
2006-05-26,2006-07-27,OPTIDX,BANKNIFTY,4800.0,CE,0.0,0.0,0.0,404.5,181.45,0.0,0.0,0.0
2006-05-26,2006-07-27,OPTIDX,BANKNIFTY,4810.0,CE,0.0,0.0,0.0,399.2,178.65,0.0,0.0,0.0
2006-05-26,2006-07-27,OPTIDX,BANKNIFTY,4820.0,CE,0.0,0.0,0.0,393.9,175.9,0.0,0.0,0.0
2006-05-26,2006-07-27,OPTIDX,BANKNIFTY,4830.0,CE,0.0,0.0,0.0,388.65,173.2,0.0,0.0,0.0
2006-05-26,2006-07-27,OPTIDX,BANKNIFTY,4840.0,CE,0.0,0.0,0.0,383.45,170.5,0.0,0.0,0.0
2006-05-26,2006-07-27,OPTIDX,BANKNIFTY,4850.0,CE,0.0,0.0,0.0,378.3,167.85,0.0,0.0,0.0
2006-05-26,2006-07-27,OPTIDX,BANKNIFTY,4860.0,CE,0.0,0.0,0.0,373.25,165.25,0.0,0.0,0.0
2006-05-26,2006-07-27,OPTIDX,BANKNIFTY,4870.0,CE,0.0,0.0,0.0,368.2,162.7,0.0,0.0,0.0
2006-05-26,2006-07-27,OPTIDX,BANKNIFTY,4880.0,CE,0.0,0.0,0.0,363.2,160.15,0.0,0.0,0.0
2006-05-26,2006-07-27,OPTIDX,BANKNIFTY,4890.0,CE,0.0,0.0,0.0,358.25,157.85,0.0,0.0,0.0
2006-05-26,2006-07-27,OPTIDX,BANKNIFTY,4900.0,CE,0.0,0.0,0.0,353.3,155.35,0.0,0.0,0.0
2006-05-26,2006-07-27,OPTIDX,BANKNIFTY,4910.0,CE,0.0,0.0,0.0,348.45,152.95,0.0,0.0,0.0
2006-05-26,2006-07-27,OPTIDX,BANKNIFTY,4920.0,CE,0.0,0.0,0.0,366.2,150.55,0.0,0.0,0.0
2006-05-26,2006-07-27,OPTIDX,BANKNIFTY,4930.0,CE,0.0,0.0,0.0,361.15,148.15,0.0,0.0,0.0
2006-05-26,2006-07-27,OPTIDX,BANKNIFTY,4940.0,CE,0.0,0.0,0.0,356.15,145.85,0.0,0.0,0.0
2006-05-26,2006-07-27,OPTIDX,BANKNIFTY,4950.0,CE,0.0,0.0,0.0,351.2,143.55,0.0,0.0,0.0
2006-05-26,2006-07-27,OPTIDX,BANKNIFTY,4960.0,CE,0.0,0.0,0.0,346.3,141.25,0.0,0.0,0.0
2006-05-26,2006-07-27,OPTIDX,BANKNIFTY,4970.0,CE,0.0,0.0,0.0,341.5,139.0,0.0,0.0,0.0
2006-05-26,2006-07-27,OPTIDX,BANKNIFTY,4980.0,CE,0.0,0.0,0.0,379.35,136.8,0.0,0.0,0.0
2006-05-26,2006-07-27,OPTIDX,BANKNIFTY,4990.0,CE,0.0,0.0,0.0,374.0,134.6,0.0,0.0,0.0
2006-05-26,2006-07-27,OPTIDX,BANKNIFTY,5000.0,CE,0.0,0.0,0.0,368.75,132.45,0.0,0.0,0.0
2006-05-26,2006-07-27,OPTIDX,BANKNIFTY,5010.0,CE,0.0,0.0,0.0,363.5,130.35,0.0,0.0,0.0
2006-05-26,2006-07-27,OPTIDX,BANKNIFTY,5020.0,CE,0.0,0.0,0.0,358.35,128.25,0.0,0.0,0.0
2006-05-26,2006-07-27,OPTIDX,BANKNIFTY,5030.0,CE,0.0,0.0,0.0,353.2,126.2,0.0,0.0,0.0
2006-05-26,2006-07-27,OPTIDX,BANKNIFTY,5040.0,CE,0.0,0.0,0.0,348.15,124.15,0.0,0.0,0.0
2006-05-26,2006-07-27,OPTIDX,BANKNIFTY,5050.0,CE,0.0,0.0,0.0,343.1,122.15,0.0,0.0,0.0
2006-05-26,2006-07-27,OPTIDX,BANKNIFTY,5060.0,CE,0.0,0.0,0.0,338.15,120.15,0.0,0.0,0.0
2006-05-26,2006-07-27,OPTIDX,BANKNIFTY,5070.0,CE,0.0,0.0,0.0,333.2,118.2,0.0,0.0,0.0
2006-05-26,2006-07-27,OPTIDX,BANKNIFTY,5080.0,CE,0.0,0.0,0.0,328.35,116.1,0.0,0.0,0.0
2006-05-26,2006-07-27,OPTIDX,BANKNIFTY,4190.0,PE,0.0,0.0,0.0,327.4,246.4,0.0,0.0,0.0
2006-05-26,2006-07-27,OPTIDX,BANKNIFTY,4200.0,PE,0.0,0.0,0.0,332.5,250.85,0.0,0.0,0.0
2006-05-26,2006-07-27,OPTIDX,BANKNIFTY,4210.0,PE,0.0,0.0,0.0,337.6,255.4,0.0,0.0,0.0
2006-05-26,2006-07-27,OPTIDX,BANKNIFTY,4220.0,PE,0.0,0.0,0.0,342.7,260.0,0.0,0.0,0.0
2006-05-26,2006-07-27,OPTIDX,BANKNIFTY,4230.0,PE,0.0,0.0,0.0,347.9,264.6,0.0,0.0,0.0
2006-05-26,2006-07-27,OPTIDX,BANKNIFTY,4240.0,PE,0.0,0.0,0.0,353.15,269.3,0.0,0.0,0.0
2006-05-26,2006-07-27,OPTIDX,BANKNIFTY,4250.0,PE,0.0,0.0,0.0,358.4,274.0,0.0,0.0,0.0
2006-05-26,2006-07-27,OPTIDX,BANKNIFTY,4260.0,PE,0.0,0.0,0.0,363.7,278.8,0.0,0.0,0.0
2006-05-26,2006-07-27,OPTIDX,BANKNIFTY,4270.0,PE,0.0,0.0,0.0,369.05,283.6,0.0,0.0,0.0
2006-05-26,2006-07-27,OPTIDX,BANKNIFTY,4280.0,PE,0.0,0.0,0.0,374.45,288.45,0.0,0.0,0.0
2006-05-26,2006-07-27,OPTIDX,BANKNIFTY,4290.0,PE,0.0,0.0,0.0,379.9,293.4,0.0,0.0,0.0
2006-05-26,2006-07-27,OPTIDX,BANKNIFTY,4300.0,PE,0.0,0.0,0.0,341.5,298.3,0.0,0.0,0.0
2006-05-26,2006-07-27,OPTIDX,BANKNIFTY,4310.0,PE,0.0,0.0,0.0,346.55,303.3,0.0,0.0,0.0
2006-05-26,2006-07-27,OPTIDX,BANKNIFTY,4320.0,PE,0.0,0.0,0.0,351.65,308.4,0.0,0.0,0.0
2006-05-26,2006-07-27,OPTIDX,BANKNIFTY,4330.0,PE,0.0,0.0,0.0,356.75,313.5,0.0,0.0,0.0
2006-05-26,2006-07-27,OPTIDX,BANKNIFTY,4340.0,PE,0.0,0.0,0.0,361.95,318.6,0.0,0.0,0.0
2006-05-26,2006-07-27,OPTIDX,BANKNIFTY,4350.0,PE,0.0,0.0,0.0,367.15,323.8,0.0,0.0,0.0
2006-05-26,2006-07-27,OPTIDX,BANKNIFTY,4360.0,PE,0.0,0.0,0.0,372.4,329.05,0.0,0.0,0.0
2006-05-26,2006-07-27,OPTIDX,BANKNIFTY,4370.0,PE,0.0,0.0,0.0,377.65,334.35,0.0,0.0,0.0
2006-05-26,2006-07-27,OPTIDX,BANKNIFTY,4380.0,PE,0.0,0.0,0.0,383.0,339.65,0.0,0.0,0.0
2006-05-26,2006-07-27,OPTIDX,BANKNIFTY,4390.0,PE,0.0,0.0,0.0,388.35,345.05,0.0,0.0,0.0
2006-05-26,2006-07-27,OPTIDX,BANKNIFTY,4400.0,PE,0.0,0.0,0.0,393.75,350.45,0.0,0.0,0.0
2006-05-26,2006-07-27,OPTIDX,BANKNIFTY,4410.0,PE,0.0,0.0,0.0,184.9,355.95,0.0,0.0,0.0
2006-05-26,2006-07-27,OPTIDX,BANKNIFTY,4420.0,PE,0.0,0.0,0.0,189.45,361.45,0.0,0.0,0.0
2006-05-26,2006-07-27,OPTIDX,BANKNIFTY,4430.0,PE,0.0,0.0,0.0,194.05,367.0,0.0,0.0,0.0
2006-05-26,2006-07-27,OPTIDX,BANKNIFTY,4440.0,PE,0.0,0.0,0.0,198.7,372.6,0.0,0.0,0.0
2006-05-26,2006-07-27,OPTIDX,BANKNIFTY,4450.0,PE,0.0,0.0,0.0,203.4,378.25,0.0,0.0,0.0
2006-05-26,2006-07-27,OPTIDX,BANKNIFTY,4460.0,PE,0.0,0.0,0.0,208.2,383.95,0.0,0.0,0.0
2006-05-26,2006-07-27,OPTIDX,BANKNIFTY,4470.0,PE,0.0,0.0,0.0,213.05,389.7,0.0,0.0,0.0
2006-05-26,2006-07-27,OPTIDX,BANKNIFTY,4480.0,PE,0.0,0.0,0.0,177.95,395.5,0.0,0.0,0.0
2006-05-26,2006-07-27,OPTIDX,BANKNIFTY,4490.0,PE,0.0,0.0,0.0,182.2,401.3,0.0,0.0,0.0
2006-05-26,2006-07-27,OPTIDX,BANKNIFTY,4500.0,PE,0.0,0.0,0.0,186.55,407.15,0.0,0.0,0.0
2006-05-26,2006-07-27,OPTIDX,BANKNIFTY,4510.0,PE,0.0,0.0,0.0,191.0,413.1,0.0,0.0,0.0
2006-05-26,2006-07-27,OPTIDX,BANKNIFTY,4520.0,PE,0.0,0.0,0.0,195.45,419.05,0.0,0.0,0.0
2006-05-26,2006-07-27,OPTIDX,BANKNIFTY,4530.0,PE,0.0,0.0,0.0,200.0,425.05,0.0,0.0,0.0
2006-05-26,2006-07-27,OPTIDX,BANKNIFTY,4540.0,PE,0.0,0.0,0.0,204.6,431.1,0.0,0.0,0.0
2006-05-26,2006-07-27,OPTIDX,BANKNIFTY,4550.0,PE,0.0,0.0,0.0,209.3,437.15,0.0,0.0,0.0
2006-05-26,2006-07-27,OPTIDX,BANKNIFTY,4560.0,PE,0.0,0.0,0.0,214.0,443.3,0.0,0.0,0.0
2006-05-26,2006-07-27,OPTIDX,BANKNIFTY,4570.0,PE,0.0,0.0,0.0,218.8,449.45,0.0,0.0,0.0
2006-05-26,2006-07-27,OPTIDX,BANKNIFTY,4580.0,PE,0.0,0.0,0.0,223.7,455.7,0.0,0.0,0.0
2006-05-26,2006-07-27,OPTIDX,BANKNIFTY,4590.0,PE,0.0,0.0,0.0,194.95,461.95,0.0,0.0,0.0
2006-05-26,2006-07-27,OPTIDX,BANKNIFTY,4600.0,PE,0.0,0.0,0.0,199.05,468.25,0.0,0.0,0.0
2006-05-26,2006-07-27,OPTIDX,BANKNIFTY,4610.0,PE,0.0,0.0,0.0,203.25,474.55,0.0,0.0,0.0
2006-05-26,2006-07-27,OPTIDX,BANKNIFTY,4620.0,PE,0.0,0.0,0.0,207.45,480.95,0.0,0.0,0.0
2006-05-26,2006-07-27,OPTIDX,BANKNIFTY,4630.0,PE,0.0,0.0,0.0,211.7,487.35,0.0,0.0,0.0
2006-05-26,2006-07-27,OPTIDX,BANKNIFTY,4640.0,PE,0.0,0.0,0.0,216.05,493.8,0.0,0.0,0.0
2006-05-26,2006-07-27,OPTIDX,BANKNIFTY,4650.0,PE,0.0,0.0,0.0,220.4,500.3,0.0,0.0,0.0
2006-05-26,2006-07-27,OPTIDX,BANKNIFTY,4660.0,PE,0.0,0.0,0.0,224.85,506.85,0.0,0.0,0.0
2006-05-26,2006-07-27,OPTIDX,BANKNIFTY,4670.0,PE,0.0,0.0,0.0,229.3,513.45,0.0,0.0,0.0
2006-05-26,2006-07-27,OPTIDX,BANKNIFTY,4680.0,PE,0.0,0.0,0.0,233.85,520.05,0.0,0.0,0.0
2006-05-26,2006-07-27,OPTIDX,BANKNIFTY,4690.0,PE,0.0,0.0,0.0,238.45,526.7,0.0,0.0,0.0
2006-05-26,2006-07-27,OPTIDX,BANKNIFTY,4700.0,PE,0.0,0.0,0.0,243.1,533.4,0.0,0.0,0.0
2006-05-26,2006-07-27,OPTIDX,BANKNIFTY,4710.0,PE,0.0,0.0,0.0,247.8,540.15,0.0,0.0,0.0
2006-05-26,2006-07-27,OPTIDX,BANKNIFTY,4720.0,PE,0.0,0.0,0.0,252.55,546.9,0.0,0.0,0.0
2006-05-26,2006-07-27,OPTIDX,BANKNIFTY,4730.0,PE,0.0,0.0,0.0,257.35,553.7,0.0,0.0,0.0
2006-05-26,2006-07-27,OPTIDX,BANKNIFTY,4740.0,PE,0.0,0.0,0.0,262.2,560.55,0.0,0.0,0.0
2006-05-26,2006-07-27,OPTIDX,BANKNIFTY,4750.0,PE,0.0,0.0,0.0,267.05,567.45,0.0,0.0,0.0
2006-05-26,2006-07-27,OPTIDX,BANKNIFTY,4760.0,PE,0.0,0.0,0.0,272.05,574.35,0.0,0.0,0.0
2006-05-26,2006-07-27,OPTIDX,BANKNIFTY,4770.0,PE,0.0,0.0,0.0,234.1,581.3,0.0,0.0,0.0
2006-05-26,2006-07-27,OPTIDX,BANKNIFTY,4780.0,PE,0.0,0.0,0.0,238.45,588.3,0.0,0.0,0.0
2006-05-26,2006-07-27,OPTIDX,BANKNIFTY,4790.0,PE,0.0,0.0,0.0,242.85,595.35,0.0,0.0,0.0
2006-05-26,2006-07-27,OPTIDX,BANKNIFTY,4800.0,PE,0.0,0.0,0.0,247.3,602.4,0.0,0.0,0.0
2006-05-26,2006-07-27,OPTIDX,BANKNIFTY,4810.0,PE,0.0,0.0,0.0,251.8,609.5,0.0,0.0,0.0
2006-05-26,2006-07-27,OPTIDX,BANKNIFTY,4820.0,PE,0.0,0.0,0.0,256.35,616.65,0.0,0.0,0.0
2006-05-26,2006-07-27,OPTIDX,BANKNIFTY,4830.0,PE,0.0,0.0,0.0,260.95,623.85,0.0,0.0,0.0
2006-05-26,2006-07-27,OPTIDX,BANKNIFTY,4840.0,PE,0.0,0.0,0.0,265.6,631.05,0.0,0.0,0.0
2006-05-26,2006-07-27,OPTIDX,BANKNIFTY,4850.0,PE,0.0,0.0,0.0,270.3,638.3,0.0,0.0,0.0
2006-05-26,2006-07-27,OPTIDX,BANKNIFTY,4860.0,PE,0.0,0.0,0.0,275.05,645.55,0.0,0.0,0.0
2006-05-26,2006-07-27,OPTIDX,BANKNIFTY,4870.0,PE,0.0,0.0,0.0,279.85,652.85,0.0,0.0,0.0
2006-05-26,2006-07-27,OPTIDX,BANKNIFTY,4880.0,PE,0.0,0.0,0.0,284.7,660.2,0.0,0.0,0.0
2006-05-26,2006-07-27,OPTIDX,BANKNIFTY,4890.0,PE,0.0,0.0,0.0,289.6,667.8,0.0,0.0,0.0
2006-05-26,2006-07-27,OPTIDX,BANKNIFTY,4900.0,PE,0.0,0.0,0.0,294.5,675.2,0.0,0.0,0.0
2006-05-26,2006-07-27,OPTIDX,BANKNIFTY,4910.0,PE,0.0,0.0,0.0,299.5,682.65,0.0,0.0,0.0
2006-05-26,2006-07-27,OPTIDX,BANKNIFTY,4920.0,PE,0.0,0.0,0.0,273.15,690.15,0.0,0.0,0.0
2006-05-26,2006-07-27,OPTIDX,BANKNIFTY,4930.0,PE,0.0,0.0,0.0,277.95,697.65,0.0,0.0,0.0
2006-05-26,2006-07-27,OPTIDX,BANKNIFTY,4940.0,PE,0.0,0.0,0.0,282.8,705.2,0.0,0.0,0.0
2006-05-26,2006-07-27,OPTIDX,BANKNIFTY,4950.0,PE,0.0,0.0,0.0,287.7,712.8,0.0,0.0,0.0
2006-05-26,2006-07-27,OPTIDX,BANKNIFTY,4960.0,PE,0.0,0.0,0.0,292.65,720.4,0.0,0.0,0.0
2006-05-26,2006-07-27,OPTIDX,BANKNIFTY,4970.0,PE,0.0,0.0,0.0,297.65,728.05,0.0,0.0,0.0
2006-05-26,2006-07-27,OPTIDX,BANKNIFTY,4980.0,PE,0.0,0.0,0.0,238.25,735.7,0.0,0.0,0.0
2006-05-26,2006-07-27,OPTIDX,BANKNIFTY,4990.0,PE,0.0,0.0,0.0,242.75,743.45,0.0,0.0,0.0
2006-05-26,2006-07-27,OPTIDX,BANKNIFTY,5000.0,PE,0.0,0.0,0.0,247.35,751.15,0.0,0.0,0.0
2006-05-26,2006-07-27,OPTIDX,BANKNIFTY,5010.0,PE,0.0,0.0,0.0,251.95,758.9,0.0,0.0,0.0
2006-05-26,2006-07-27,OPTIDX,BANKNIFTY,5020.0,PE,0.0,0.0,0.0,256.65,766.7,0.0,0.0,0.0
2006-05-26,2006-07-27,OPTIDX,BANKNIFTY,5030.0,PE,0.0,0.0,0.0,261.4,774.55,0.0,0.0,0.0
2006-05-26,2006-07-27,OPTIDX,BANKNIFTY,5040.0,PE,0.0,0.0,0.0,266.15,782.4,0.0,0.0,0.0
2006-05-26,2006-07-27,OPTIDX,BANKNIFTY,5050.0,PE,0.0,0.0,0.0,271.0,790.25,0.0,0.0,0.0
2006-05-26,2006-07-27,OPTIDX,BANKNIFTY,5060.0,PE,0.0,0.0,0.0,275.85,798.15,0.0,0.0,0.0
2006-05-26,2006-07-27,OPTIDX,BANKNIFTY,5070.0,PE,0.0,0.0,0.0,280.8,806.1,0.0,0.0,0.0
2006-05-26,2006-07-27,OPTIDX,BANKNIFTY,5080.0,PE,0.0,0.0,0.0,285.75,813.9,0.0,0.0,0.0
2006-05-26,2006-08-31,OPTIDX,BANKNIFTY,4240.0,CE,0.0,0.0,0.0,478.95,497.55,0.0,0.0,0.0
2006-05-26,2006-08-31,OPTIDX,BANKNIFTY,4250.0,CE,0.0,0.0,0.0,474.15,492.55,0.0,0.0,0.0
2006-05-26,2006-08-31,OPTIDX,BANKNIFTY,4260.0,CE,0.0,0.0,0.0,469.35,487.55,0.0,0.0,0.0
2006-05-26,2006-08-31,OPTIDX,BANKNIFTY,4270.0,CE,0.0,0.0,0.0,464.65,482.65,0.0,0.0,0.0
2006-05-26,2006-08-31,OPTIDX,BANKNIFTY,4280.0,CE,0.0,0.0,0.0,459.95,477.7,0.0,0.0,0.0
2006-05-26,2006-08-31,OPTIDX,BANKNIFTY,4290.0,CE,0.0,0.0,0.0,455.3,472.85,0.0,0.0,0.0
2006-05-26,2006-08-31,OPTIDX,BANKNIFTY,4300.0,CE,0.0,0.0,0.0,450.65,468.0,0.0,0.0,0.0
2006-05-26,2006-08-31,OPTIDX,BANKNIFTY,4310.0,CE,0.0,0.0,0.0,0.0,0.0,0.0,0.0,0.0
2006-05-26,2006-08-31,OPTIDX,BANKNIFTY,4320.0,CE,0.0,0.0,0.0,0.0,0.0,0.0,0.0,0.0
2006-05-26,2006-08-31,OPTIDX,BANKNIFTY,4330.0,CE,0.0,0.0,0.0,0.0,0.0,0.0,0.0,0.0
2006-05-26,2006-08-31,OPTIDX,BANKNIFTY,4340.0,CE,0.0,0.0,0.0,0.0,0.0,0.0,0.0,0.0
2006-05-26,2006-08-31,OPTIDX,BANKNIFTY,4350.0,CE,0.0,0.0,0.0,0.0,0.0,0.0,0.0,0.0
2006-05-26,2006-08-31,OPTIDX,BANKNIFTY,4240.0,PE,0.0,0.0,0.0,369.8,337.8,0.0,0.0,0.0
2006-05-26,2006-08-31,OPTIDX,BANKNIFTY,4250.0,PE,0.0,0.0,0.0,374.85,342.6,0.0,0.0,0.0
2006-05-26,2006-08-31,OPTIDX,BANKNIFTY,4260.0,PE,0.0,0.0,0.0,379.9,347.45,0.0,0.0,0.0
2006-05-26,2006-08-31,OPTIDX,BANKNIFTY,4270.0,PE,0.0,0.0,0.0,385.0,352.35,0.0,0.0,0.0
2006-05-26,2006-08-31,OPTIDX,BANKNIFTY,4280.0,PE,0.0,0.0,0.0,390.1,357.25,0.0,0.0,0.0
2006-05-26,2006-08-31,OPTIDX,BANKNIFTY,4290.0,PE,0.0,0.0,0.0,395.25,362.2,0.0,0.0,0.0
2006-05-26,2006-08-31,OPTIDX,BANKNIFTY,4300.0,PE,0.0,0.0,0.0,400.45,367.2,0.0,0.0,0.0
2006-05-26,2006-08-31,OPTIDX,BANKNIFTY,4310.0,PE,0.0,0.0,0.0,0.0,0.0,0.0,0.0,0.0
2006-05-26,2006-08-31,OPTIDX,BANKNIFTY,4320.0,PE,0.0,0.0,0.0,0.0,0.0,0.0,0.0,0.0
2006-05-26,2006-08-31,OPTIDX,BANKNIFTY,4330.0,PE,0.0,0.0,0.0,0.0,0.0,0.0,0.0,0.0
2006-05-26,2006-08-31,OPTIDX,BANKNIFTY,4340.0,PE,0.0,0.0,0.0,0.0,0.0,0.0,0.0,0.0
2006-05-26,2006-08-31,OPTIDX,BANKNIFTY,4350.0,PE,0.0,0.0,0.0,0.0,0.0,0.0,0.0,0.0
2006-05-26,2006-06-29,OPTIDX,CNXIT,3770.0,CE,0.0,0.0,0.0,225.05,353.25,0.0,0.0,0.0
2006-05-26,2006-06-29,OPTIDX,CNXIT,3780.0,CE,0.0,0.0,0.0,219.9,346.95,0.0,0.0,0.0
2006-05-26,2006-06-29,OPTIDX,CNXIT,3790.0,CE,0.0,0.0,0.0,214.85,340.75,0.0,0.0,0.0
2006-05-26,2006-06-29,OPTIDX,CNXIT,3800.0,CE,0.0,0.0,0.0,209.85,334.6,0.0,0.0,0.0
2006-05-26,2006-06-29,OPTIDX,CNXIT,3810.0,CE,0.0,0.0,0.0,204.95,328.5,0.0,0.0,0.0
2006-05-26,2006-06-29,OPTIDX,CNXIT,3820.0,CE,0.0,0.0,0.0,200.1,322.5,0.0,0.0,0.0
2006-05-26,2006-06-29,OPTIDX,CNXIT,3830.0,CE,0.0,0.0,0.0,195.4,316.55,0.0,0.0,0.0
2006-05-26,2006-06-29,OPTIDX,CNXIT,3840.0,CE,0.0,0.0,0.0,190.7,310.7,0.0,0.0,0.0
2006-05-26,2006-06-29,OPTIDX,CNXIT,3850.0,CE,0.0,0.0,0.0,186.15,304.9,0.0,0.0,0.0
2006-05-26,2006-06-29,OPTIDX,CNXIT,3860.0,CE,0.0,0.0,0.0,181.65,299.15,0.0,0.0,0.0
2006-05-26,2006-06-29,OPTIDX,CNXIT,3870.0,CE,0.0,0.0,0.0,177.2,293.5,0.0,0.0,0.0
2006-05-26,2006-06-29,OPTIDX,CNXIT,3880.0,CE,0.0,0.0,0.0,172.9,287.9,0.0,0.0,0.0
2006-05-26,2006-06-29,OPTIDX,CNXIT,3890.0,CE,0.0,0.0,0.0,168.6,282.4,0.0,0.0,0.0
2006-05-26,2006-06-29,OPTIDX,CNXIT,3900.0,CE,0.0,0.0,0.0,164.45,276.95,0.0,0.0,0.0
2006-05-26,2006-06-29,OPTIDX,CNXIT,3910.0,CE,0.0,0.0,0.0,160.3,271.55,0.0,0.0,0.0
2006-05-26,2006-06-29,OPTIDX,CNXIT,3920.0,CE,0.0,0.0,0.0,156.3,266.25,0.0,0.0,0.0
2006-05-26,2006-06-29,OPTIDX,CNXIT,3930.0,CE,0.0,0.0,0.0,152.3,261.05,0.0,0.0,0.0
2006-05-26,2006-06-29,OPTIDX,CNXIT,3940.0,CE,0.0,0.0,0.0,148.45,255.85,0.0,0.0,0.0
2006-05-26,2006-06-29,OPTIDX,CNXIT,3950.0,CE,0.0,0.0,0.0,144.65,250.8,0.0,0.0,0.0
2006-05-26,2006-06-29,OPTIDX,CNXIT,3960.0,CE,0.0,0.0,0.0,140.9,245.75,0.0,0.0,0.0
2006-05-26,2006-06-29,OPTIDX,CNXIT,3970.0,CE,0.0,0.0,0.0,137.25,240.8,0.0,0.0,0.0
2006-05-26,2006-06-29,OPTIDX,CNXIT,3980.0,CE,0.0,0.0,0.0,133.65,235.9,0.0,0.0,0.0
2006-05-26,2006-06-29,OPTIDX,CNXIT,3990.0,CE,0.0,0.0,0.0,130.1,231.1,0.0,0.0,0.0
2006-05-26,2006-06-29,OPTIDX,CNXIT,4000.0,CE,0.0,0.0,0.0,244.3,226.4,0.0,0.0,0.0
2006-05-26,2006-06-29,OPTIDX,CNXIT,4010.0,CE,0.0,0.0,0.0,239.2,221.7,0.0,0.0,0.0
2006-05-26,2006-06-29,OPTIDX,CNXIT,4020.0,CE,0.0,0.0,0.0,234.2,217.1,0.0,0.0,0.0
2006-05-26,2006-06-29,OPTIDX,CNXIT,4030.0,CE,0.0,0.0,0.0,229.25,212.6,0.0,0.0,0.0
2006-05-26,2006-06-29,OPTIDX,CNXIT,4040.0,CE,0.0,0.0,0.0,224.4,208.1,0.0,0.0,0.0
2006-05-26,2006-06-29,OPTIDX,CNXIT,4050.0,CE,0.0,0.0,0.0,219.6,203.7,0.0,0.0,0.0
2006-05-26,2006-06-29,OPTIDX,CNXIT,4060.0,CE,0.0,0.0,0.0,214.85,199.4,0.0,0.0,0.0
2006-05-26,2006-06-29,OPTIDX,CNXIT,4070.0,CE,0.0,0.0,0.0,210.2,195.15,0.0,0.0,0.0
2006-05-26,2006-06-29,OPTIDX,CNXIT,4080.0,CE,0.0,0.0,0.0,205.65,190.95,0.0,0.0,0.0
2006-05-26,2006-06-29,OPTIDX,CNXIT,4090.0,CE,0.0,0.0,0.0,201.15,186.8,0.0,0.0,0.0
2006-05-26,2006-06-29,OPTIDX,CNXIT,4100.0,CE,0.0,0.0,0.0,196.7,182.75,0.0,0.0,0.0
2006-05-26,2006-06-29,OPTIDX,CNXIT,4110.0,CE,0.0,0.0,0.0,288.2,178.8,0.0,0.0,0.0
2006-05-26,2006-06-29,OPTIDX,CNXIT,4120.0,CE,0.0,0.0,0.0,283.0,174.85,0.0,0.0,0.0
2006-05-26,2006-06-29,OPTIDX,CNXIT,4130.0,CE,0.0,0.0,0.0,277.85,171.0,0.0,0.0,0.0
2006-05-26,2006-06-29,OPTIDX,CNXIT,4140.0,CE,0.0,0.0,0.0,272.75,167.2,0.0,0.0,0.0
2006-05-26,2006-06-29,OPTIDX,CNXIT,4150.0,CE,0.0,0.0,0.0,251.55,163.45,0.0,0.0,0.0
2006-05-26,2006-06-29,OPTIDX,CNXIT,4160.0,CE,0.0,0.0,0.0,246.2,159.8,0.0,0.0,0.0
2006-05-26,2006-06-29,OPTIDX,CNXIT,4170.0,CE,0.0,0.0,0.0,240.85,156.2,0.0,0.0,0.0
2006-05-26,2006-06-29,OPTIDX,CNXIT,4180.0,CE,0.0,0.0,0.0,235.6,152.65,0.0,0.0,0.0
2006-05-26,2006-06-29,OPTIDX,CNXIT,4190.0,CE,0.0,0.0,0.0,230.45,149.15,0.0,0.0,0.0
2006-05-26,2006-06-29,OPTIDX,CNXIT,4200.0,CE,0.0,0.0,0.0,225.35,145.75,0.0,0.0,0.0
2006-05-26,2006-06-29,OPTIDX,CNXIT,4210.0,CE,0.0,0.0,0.0,220.35,142.4,0.0,0.0,0.0
2006-05-26,2006-06-29,OPTIDX,CNXIT,4220.0,CE,0.0,0.0,0.0,215.4,139.1,0.0,0.0,0.0
2006-05-26,2006-06-29,OPTIDX,CNXIT,4230.0,CE,0.0,0.0,0.0,210.55,135.85,0.0,0.0,0.0
2006-05-26,2006-06-29,OPTIDX,CNXIT,4240.0,CE,0.0,0.0,0.0,205.75,132.7,0.0,0.0,0.0
2006-05-26,2006-06-29,OPTIDX,CNXIT,4250.0,CE,0.0,0.0,0.0,201.05,129.55,0.0,0.0,0.0
2006-05-26,2006-06-29,OPTIDX,CNXIT,4260.0,CE,0.0,0.0,0.0,196.45,126.5,0.0,0.0,0.0
2006-05-26,2006-06-29,OPTIDX,CNXIT,4270.0,CE,0.0,0.0,0.0,191.9,123.5,0.0,0.0,0.0
2006-05-26,2006-06-29,OPTIDX,CNXIT,4280.0,CE,0.0,0.0,0.0,187.4,120.55,0.0,0.0,0.0
2006-05-26,2006-06-29,OPTIDX,CNXIT,4290.0,CE,0.0,0.0,0.0,183.0,117.7,0.0,0.0,0.0
2006-05-26,2006-06-29,OPTIDX,CNXIT,4300.0,CE,0.0,0.0,0.0,178.7,114.85,0.0,0.0,0.0
2006-05-26,2006-06-29,OPTIDX,CNXIT,4310.0,CE,0.0,0.0,0.0,174.45,112.05,0.0,0.0,0.0
2006-05-26,2006-06-29,OPTIDX,CNXIT,4320.0,CE,0.0,0.0,0.0,290.8,109.35,0.0,0.0,0.0
2006-05-26,2006-06-29,OPTIDX,CNXIT,4330.0,CE,0.0,0.0,0.0,285.35,106.65,0.0,0.0,0.0
2006-05-26,2006-06-29,OPTIDX,CNXIT,4340.0,CE,0.0,0.0,0.0,280.0,104.05,0.0,0.0,0.0
2006-05-26,2006-06-29,OPTIDX,CNXIT,4350.0,CE,0.0,0.0,0.0,316.5,101.5,0.0,0.0,0.0
2006-05-26,2006-06-29,OPTIDX,CNXIT,4360.0,CE,0.0,0.0,0.0,310.8,99.15,0.0,0.0,0.0
2006-05-26,2006-06-29,OPTIDX,CNXIT,4370.0,CE,0.0,0.0,0.0,305.15,96.7,0.0,0.0,0.0
2006-05-26,2006-06-29,OPTIDX,CNXIT,4380.0,CE,0.0,0.0,0.0,299.6,94.3,0.0,0.0,0.0
2006-05-26,2006-06-29,OPTIDX,CNXIT,4390.0,CE,0.0,0.0,0.0,294.1,91.95,0.0,0.0,0.0
2006-05-26,2006-06-29,OPTIDX,CNXIT,4400.0,CE,0.0,0.0,0.0,288.65,89.65,0.0,0.0,0.0
2006-05-26,2006-06-29,OPTIDX,CNXIT,4410.0,CE,0.0,0.0,0.0,283.3,87.4,0.0,0.0,0.0
2006-05-26,2006-06-29,OPTIDX,CNXIT,4420.0,CE,0.0,0.0,0.0,278.0,85.2,0.0,0.0,0.0
2006-05-26,2006-06-29,OPTIDX,CNXIT,4430.0,CE,0.0,0.0,0.0,272.75,83.05,0.0,0.0,0.0
2006-05-26,2006-06-29,OPTIDX,CNXIT,4440.0,CE,0.0,0.0,0.0,267.6,80.9,0.0,0.0,0.0
2006-05-26,2006-06-29,OPTIDX,CNXIT,4450.0,CE,0.0,0.0,0.0,262.5,78.7,0.0,0.0,0.0
2006-05-26,2006-06-29,OPTIDX,CNXIT,4460.0,CE,0.0,0.0,0.0,289.05,76.65,0.0,0.0,0.0
2006-05-26,2006-06-29,OPTIDX,CNXIT,4470.0,CE,0.0,0.0,0.0,283.85,74.65,0.0,0.0,0.0
2006-05-26,2006-06-29,OPTIDX,CNXIT,4480.0,CE,0.0,0.0,0.0,278.75,72.7,0.0,0.0,0.0
2006-05-26,2006-06-29,OPTIDX,CNXIT,4490.0,CE,0.0,0.0,0.0,273.65,70.8,0.0,0.0,0.0
2006-05-26,2006-06-29,OPTIDX,CNXIT,4500.0,CE,0.0,0.0,0.0,408.0,68.95,0.0,0.0,0.0
2006-05-26,2006-06-29,OPTIDX,CNXIT,4510.0,CE,0.0,0.0,0.0,402.9,67.15,0.0,0.0,0.0
2006-05-26,2006-06-29,OPTIDX,CNXIT,4520.0,CE,0.0,0.0,0.0,397.85,65.35,0.0,0.0,0.0
2006-05-26,2006-06-29,OPTIDX,CNXIT,4530.0,CE,0.0,0.0,0.0,392.85,63.65,0.0,0.0,0.0
2006-05-26,2006-06-29,OPTIDX,CNXIT,4540.0,CE,0.0,0.0,0.0,387.9,61.95,0.0,0.0,0.0
2006-05-26,2006-06-29,OPTIDX,CNXIT,4550.0,CE,0.0,0.0,0.0,382.95,60.25,0.0,0.0,0.0
2006-05-26,2006-06-29,OPTIDX,CNXIT,4560.0,CE,0.0,0.0,0.0,378.1,58.65,0.0,0.0,0.0
2006-05-26,2006-06-29,OPTIDX,CNXIT,4570.0,CE,0.0,0.0,0.0,373.3,57.05,0.0,0.0,0.0
2006-05-26,2006-06-29,OPTIDX,CNXIT,4580.0,CE,0.0,0.0,0.0,368.5,55.5,0.0,0.0,0.0
2006-05-26,2006-06-29,OPTIDX,CNXIT,4590.0,CE,0.0,0.0,0.0,363.8,54.0,0.0,0.0,0.0
2006-05-26,2006-06-29,OPTIDX,CNXIT,3770.0,PE,0.0,0.0,0.0,166.65,122.3,0.0,0.0,0.0
2006-05-26,2006-06-29,OPTIDX,CNXIT,3780.0,PE,0.0,0.0,0.0,171.45,125.95,0.0,0.0,0.0
2006-05-26,2006-06-29,OPTIDX,CNXIT,3790.0,PE,0.0,0.0,0.0,176.3,129.7,0.0,0.0,0.0
2006-05-26,2006-06-29,OPTIDX,CNXIT,3800.0,PE,0.0,0.0,0.0,181.25,133.45,0.0,0.0,0.0
2006-05-26,2006-06-29,OPTIDX,CNXIT,3810.0,PE,0.0,0.0,0.0,186.3,137.3,0.0,0.0,0.0
2006-05-26,2006-06-29,OPTIDX,CNXIT,3820.0,PE,0.0,0.0,0.0,191.4,141.25,0.0,0.0,0.0
2006-05-26,2006-06-29,OPTIDX,CNXIT,3830.0,PE,0.0,0.0,0.0,196.6,145.25,0.0,0.0,0.0
2006-05-26,2006-06-29,OPTIDX,CNXIT,3840.0,PE,0.0,0.0,0.0,201.85,149.3,0.0,0.0,0.0
2006-05-26,2006-06-29,OPTIDX,CNXIT,3850.0,PE,0.0,0.0,0.0,207.2,153.45,0.0,0.0,0.0
2006-05-26,2006-06-29,OPTIDX,CNXIT,3860.0,PE,0.0,0.0,0.0,212.65,157.65,0.0,0.0,0.0
2006-05-26,2006-06-29,OPTIDX,CNXIT,3870.0,PE,0.0,0.0,0.0,218.15,161.95,0.0,0.0,0.0
2006-05-26,2006-06-29,OPTIDX,CNXIT,3880.0,PE,0.0,0.0,0.0,223.7,166.3,0.0,0.0,0.0
2006-05-26,2006-06-29,OPTIDX,CNXIT,3890.0,PE,0.0,0.0,0.0,229.4,170.7,0.0,0.0,0.0
2006-05-26,2006-06-29,OPTIDX,CNXIT,3900.0,PE,0.0,0.0,0.0,235.1,175.2,0.0,0.0,0.0
2006-05-26,2006-06-29,OPTIDX,CNXIT,3910.0,PE,0.0,0.0,0.0,240.95,179.75,0.0,0.0,0.0
2006-05-26,2006-06-29,OPTIDX,CNXIT,3920.0,PE,0.0,0.0,0.0,246.85,184.4,0.0,0.0,0.0
2006-05-26,2006-06-29,OPTIDX,CNXIT,3930.0,PE,0.0,0.0,0.0,252.8,189.1,0.0,0.0,0.0
2006-05-26,2006-06-29,OPTIDX,CNXIT,3940.0,PE,0.0,0.0,0.0,258.85,193.85,0.0,0.0,0.0
2006-05-26,2006-06-29,OPTIDX,CNXIT,3950.0,PE,0.0,0.0,0.0,264.95,198.7,0.0,0.0,0.0
2006-05-26,2006-06-29,OPTIDX,CNXIT,3960.0,PE,0.0,0.0,0.0,271.15,203.65,0.0,0.0,0.0
2006-05-26,2006-06-29,OPTIDX,CNXIT,3970.0,PE,0.0,0.0,0.0,277.45,208.6,0.0,0.0,0.0
2006-05-26,2006-06-29,OPTIDX,CNXIT,3980.0,PE,0.0,0.0,0.0,283.75,213.65,0.0,0.0,0.0
2006-05-26,2006-06-29,OPTIDX,CNXIT,3990.0,PE,0.0,0.0,0.0,290.2,218.8,0.0,0.0,0.0
2006-05-26,2006-06-29,OPTIDX,CNXIT,4000.0,PE,0.0,0.0,0.0,186.3,224.0,0.0,0.0,0.0
2006-05-26,2006-06-29,OPTIDX,CNXIT,4010.0,PE,0.0,0.0,0.0,191.15,229.25,0.0,0.0,0.0
2006-05-26,2006-06-29,OPTIDX,CNXIT,4020.0,PE,0.0,0.0,0.0,196.05,234.6,0.0,0.0,0.0
2006-05-26,2006-06-29,OPTIDX,CNXIT,4030.0,PE,0.0,0.0,0.0,201.05,240.0,0.0,0.0,0.0
2006-05-26,2006-06-29,OPTIDX,CNXIT,4040.0,PE,0.0,0.0,0.0,206.1,245.5,0.0,0.0,0.0
2006-05-26,2006-06-29,OPTIDX,CNXIT,4050.0,PE,0.0,0.0,0.0,211.2,251.0,0.0,0.0,0.0
2006-05-26,2006-06-29,OPTIDX,CNXIT,4060.0,PE,0.0,0.0,0.0,216.4,256.65,0.0,0.0,0.0
2006-05-26,2006-06-29,OPTIDX,CNXIT,4070.0,PE,0.0,0.0,0.0,221.7,262.3,0.0,0.0,0.0
2006-05-26,2006-06-29,OPTIDX,CNXIT,4080.0,PE,0.0,0.0,0.0,227.05,268.05,0.0,0.0,0.0
2006-05-26,2006-06-29,OPTIDX,CNXIT,4090.0,PE,0.0,0.0,0.0,232.45,273.85,0.0,0.0,0.0
2006-05-26,2006-06-29,OPTIDX,CNXIT,4100.0,PE,0.0,0.0,0.0,237.95,279.75,0.0,0.0,0.0
2006-05-26,2006-06-29,OPTIDX,CNXIT,4110.0,PE,0.0,0.0,0.0,195.3,285.7,0.0,0.0,0.0
2006-05-26,2006-06-29,OPTIDX,CNXIT,4120.0,PE,0.0,0.0,0.0,199.9,291.7,0.0,0.0,0.0
2006-05-26,2006-06-29,OPTIDX,CNXIT,4130.0,PE,0.0,0.0,0.0,204.6,297.8,0.0,0.0,0.0
2006-05-26,2006-06-29,OPTIDX,CNXIT,4140.0,PE,0.0,0.0,0.0,209.4,303.95,0.0,0.0,0.0
2006-05-26,2006-06-29,OPTIDX,CNXIT,4150.0,PE,0.0,0.0,0.0,155.35,310.15,0.0,0.0,0.0
2006-05-26,2006-06-29,OPTIDX,CNXIT,4160.0,PE,0.0,0.0,0.0,159.75,316.4,0.0,0.0,0.0
2006-05-26,2006-06-29,OPTIDX,CNXIT,4170.0,PE,0.0,0.0,0.0,164.3,322.75,0.0,0.0,0.0
2006-05-26,2006-06-29,OPTIDX,CNXIT,4180.0,PE,0.0,0.0,0.0,168.9,329.15,0.0,0.0,0.0
2006-05-26,2006-06-29,OPTIDX,CNXIT,4190.0,PE,0.0,0.0,0.0,173.55,335.6,0.0,0.0,0.0
2006-05-26,2006-06-29,OPTIDX,CNXIT,4200.0,PE,0.0,0.0,0.0,178.3,342.1,0.0,0.0,0.0
2006-05-26,2006-06-29,OPTIDX,CNXIT,4210.0,PE,0.0,0.0,0.0,183.15,348.7,0.0,0.0,0.0
2006-05-26,2006-06-29,OPTIDX,CNXIT,4220.0,PE,0.0,0.0,0.0,188.05,355.35,0.0,0.0,0.0
2006-05-26,2006-06-29,OPTIDX,CNXIT,4230.0,PE,0.0,0.0,0.0,193.05,362.05,0.0,0.0,0.0
2006-05-26,2006-06-29,OPTIDX,CNXIT,4240.0,PE,0.0,0.0,0.0,198.1,368.8,0.0,0.0,0.0
2006-05-26,2006-06-29,OPTIDX,CNXIT,4250.0,PE,0.0,0.0,0.0,203.2,375.6,0.0,0.0,0.0
2006-05-26,2006-06-29,OPTIDX,CNXIT,4260.0,PE,0.0,0.0,0.0,208.45,382.5,0.0,0.0,0.0
2006-05-26,2006-06-29,OPTIDX,CNXIT,4270.0,PE,0.0,0.0,0.0,213.7,389.45,0.0,0.0,0.0
2006-05-26,2006-06-29,OPTIDX,CNXIT,4280.0,PE,0.0,0.0,0.0,219.1,396.4,0.0,0.0,0.0
2006-05-26,2006-06-29,OPTIDX,CNXIT,4290.0,PE,0.0,0.0,0.0,224.55,403.45,0.0,0.0,0.0
2006-05-26,2006-06-29,OPTIDX,CNXIT,4300.0,PE,0.0,0.0,0.0,230.05,410.55,0.0,0.0,0.0
2006-05-26,2006-06-29,OPTIDX,CNXIT,4310.0,PE,0.0,0.0,0.0,235.65,417.75,0.0,0.0,0.0
2006-05-26,2006-06-29,OPTIDX,CNXIT,4320.0,PE,0.0,0.0,0.0,168.55,424.95,0.0,0.0,0.0
2006-05-26,2006-06-29,OPTIDX,CNXIT,4330.0,PE,0.0,0.0,0.0,172.85,432.2,0.0,0.0,0.0
2006-05-26,2006-06-29,OPTIDX,CNXIT,4340.0,PE,0.0,0.0,0.0,177.3,439.55,0.0,0.0,0.0
2006-05-26,2006-06-29,OPTIDX,CNXIT,4350.0,PE,0.0,0.0,0.0,155.15,446.9,0.0,0.0,0.0
2006-05-26,2006-06-29,OPTIDX,CNXIT,4360.0,PE,0.0,0.0,0.0,159.25,454.5,0.0,0.0,0.0
2006-05-26,2006-06-29,OPTIDX,CNXIT,4370.0,PE,0.0,0.0,0.0,163.4,462.0,0.0,0.0,0.0
2006-05-26,2006-06-29,OPTIDX,CNXIT,4380.0,PE,0.0,0.0,0.0,167.6,469.55,0.0,0.0,0.0
2006-05-26,2006-06-29,OPTIDX,CNXIT,4390.0,PE,0.0,0.0,0.0,171.9,477.1,0.0,0.0,0.0
2006-05-26,2006-06-29,OPTIDX,CNXIT,4400.0,PE,0.0,0.0,0.0,176.25,484.75,0.0,0.0,0.0
2006-05-26,2006-06-29,OPTIDX,CNXIT,4410.0,PE,0.0,0.0,0.0,180.65,492.45,0.0,0.0,0.0
2006-05-26,2006-06-29,OPTIDX,CNXIT,4420.0,PE,0.0,0.0,0.0,185.15,500.15,0.0,0.0,0.0
2006-05-26,2006-06-29,OPTIDX,CNXIT,4430.0,PE,0.0,0.0,0.0,189.7,507.95,0.0,0.0,0.0
2006-05-26,2006-06-29,OPTIDX,CNXIT,4440.0,PE,0.0,0.0,0.0,194.35,515.75,0.0,0.0,0.0
2006-05-26,2006-06-29,OPTIDX,CNXIT,4450.0,PE,0.0,0.0,0.0,199.0,523.45,0.0,0.0,0.0
2006-05-26,2006-06-29,OPTIDX,CNXIT,4460.0,PE,0.0,0.0,0.0,198.3,531.4,0.0,0.0,0.0
2006-05-26,2006-06-29,OPTIDX,CNXIT,4470.0,PE,0.0,0.0,0.0,202.9,539.35,0.0,0.0,0.0
2006-05-26,2006-06-29,OPTIDX,CNXIT,4480.0,PE,0.0,0.0,0.0,207.6,547.3,0.0,0.0,0.0
2006-05-26,2006-06-29,OPTIDX,CNXIT,4490.0,PE,0.0,0.0,0.0,212.35,555.35,0.0,0.0,0.0
2006-05-26,2006-06-29,OPTIDX,CNXIT,4500.0,PE,0.0,0.0,0.0,285.45,563.45,0.0,0.0,0.0
2006-05-26,2006-06-29,OPTIDX,CNXIT,4510.0,PE,0.0,0.0,0.0,290.2,571.55,0.0,0.0,0.0
2006-05-26,2006-06-29,OPTIDX,CNXIT,4520.0,PE,0.0,0.0,0.0,295.05,579.7,0.0,0.0,0.0
2006-05-26,2006-06-29,OPTIDX,CNXIT,4530.0,PE,0.0,0.0,0.0,299.9,587.9,0.0,0.0,0.0
2006-05-26,2006-06-29,OPTIDX,CNXIT,4540.0,PE,0.0,0.0,0.0,304.8,596.15,0.0,0.0,0.0
2006-05-26,2006-06-29,OPTIDX,CNXIT,4550.0,PE,0.0,0.0,0.0,309.75,604.45,0.0,0.0,0.0
2006-05-26,2006-06-29,OPTIDX,CNXIT,4560.0,PE,0.0,0.0,0.0,314.75,612.75,0.0,0.0,0.0
2006-05-26,2006-06-29,OPTIDX,CNXIT,4570.0,PE,0.0,0.0,0.0,319.8,621.1,0.0,0.0,0.0
2006-05-26,2006-06-29,OPTIDX,CNXIT,4580.0,PE,0.0,0.0,0.0,324.85,629.5,0.0,0.0,0.0
2006-05-26,2006-06-29,OPTIDX,CNXIT,4590.0,PE,0.0,0.0,0.0,330.0,637.9,0.0,0.0,0.0
2006-05-26,2006-07-27,OPTIDX,CNXIT,3770.0,CE,0.0,0.0,0.0,296.4,436.3,0.0,0.0,0.0
2006-05-26,2006-07-27,OPTIDX,CNXIT,3780.0,CE,0.0,0.0,0.0,291.35,430.4,0.0,0.0,0.0
2006-05-26,2006-07-27,OPTIDX,CNXIT,3790.0,CE,0.0,0.0,0.0,286.35,424.6,0.0,0.0,0.0
2006-05-26,2006-07-27,OPTIDX,CNXIT,3800.0,CE,0.0,0.0,0.0,281.4,418.85,0.0,0.0,0.0
2006-05-26,2006-07-27,OPTIDX,CNXIT,3810.0,CE,0.0,0.0,0.0,276.55,413.15,0.0,0.0,0.0
2006-05-26,2006-07-27,OPTIDX,CNXIT,3820.0,CE,0.0,0.0,0.0,271.7,407.5,0.0,0.0,0.0
2006-05-26,2006-07-27,OPTIDX,CNXIT,3830.0,CE,0.0,0.0,0.0,267.0,401.9,0.0,0.0,0.0
2006-05-26,2006-07-27,OPTIDX,CNXIT,3840.0,CE,0.0,0.0,0.0,262.3,396.35,0.0,0.0,0.0
2006-05-26,2006-07-27,OPTIDX,CNXIT,3850.0,CE,0.0,0.0,0.0,257.65,390.85,0.0,0.0,0.0
2006-05-26,2006-07-27,OPTIDX,CNXIT,3860.0,CE,0.0,0.0,0.0,253.1,385.4,0.0,0.0,0.0
2006-05-26,2006-07-27,OPTIDX,CNXIT,3870.0,CE,0.0,0.0,0.0,248.6,380.0,0.0,0.0,0.0
2006-05-26,2006-07-27,OPTIDX,CNXIT,3880.0,CE,0.0,0.0,0.0,244.15,374.65,0.0,0.0,0.0
2006-05-26,2006-07-27,OPTIDX,CNXIT,3890.0,CE,0.0,0.0,0.0,239.75,369.4,0.0,0.0,0.0
2006-05-26,2006-07-27,OPTIDX,CNXIT,3900.0,CE,0.0,0.0,0.0,235.4,364.15,0.0,0.0,0.0
2006-05-26,2006-07-27,OPTIDX,CNXIT,3910.0,CE,0.0,0.0,0.0,231.15,359.0,0.0,0.0,0.0
2006-05-26,2006-07-27,OPTIDX,CNXIT,3920.0,CE,0.0,0.0,0.0,226.95,353.85,0.0,0.0,0.0
2006-05-26,2006-07-27,OPTIDX,CNXIT,3930.0,CE,0.0,0.0,0.0,222.8,348.8,0.0,0.0,0.0
2006-05-26,2006-07-27,OPTIDX,CNXIT,3940.0,CE,0.0,0.0,0.0,218.7,343.75,0.0,0.0,0.0
2006-05-26,2006-07-27,OPTIDX,CNXIT,3950.0,CE,0.0,0.0,0.0,214.65,338.8,0.0,0.0,0.0
2006-05-26,2006-07-27,OPTIDX,CNXIT,3960.0,CE,0.0,0.0,0.0,210.65,333.85,0.0,0.0,0.0
2006-05-26,2006-07-27,OPTIDX,CNXIT,3970.0,CE,0.0,0.0,0.0,206.75,329.0,0.0,0.0,0.0
2006-05-26,2006-07-27,OPTIDX,CNXIT,3980.0,CE,0.0,0.0,0.0,202.85,324.2,0.0,0.0,0.0
2006-05-26,2006-07-27,OPTIDX,CNXIT,3990.0,CE,0.0,0.0,0.0,199.05,319.45,0.0,0.0,0.0
2006-05-26,2006-07-27,OPTIDX,CNXIT,4000.0,CE,0.0,0.0,0.0,318.1,314.7,0.0,0.0,0.0
2006-05-26,2006-07-27,OPTIDX,CNXIT,4010.0,CE,0.0,0.0,0.0,313.05,310.05,0.0,0.0,0.0
2006-05-26,2006-07-27,OPTIDX,CNXIT,4020.0,CE,0.0,0.0,0.0,308.1,305.45,0.0,0.0,0.0
2006-05-26,2006-07-27,OPTIDX,CNXIT,4030.0,CE,0.0,0.0,0.0,303.2,300.9,0.0,0.0,0.0
2006-05-26,2006-07-27,OPTIDX,CNXIT,4040.0,CE,0.0,0.0,0.0,298.35,296.4,0.0,0.0,0.0
2006-05-26,2006-07-27,OPTIDX,CNXIT,4050.0,CE,0.0,0.0,0.0,293.55,291.95,0.0,0.0,0.0
2006-05-26,2006-07-27,OPTIDX,CNXIT,4060.0,CE,0.0,0.0,0.0,288.85,287.55,0.0,0.0,0.0
2006-05-26,2006-07-27,OPTIDX,CNXIT,4070.0,CE,0.0,0.0,0.0,284.15,283.2,0.0,0.0,0.0
2006-05-26,2006-07-27,OPTIDX,CNXIT,4080.0,CE,0.0,0.0,0.0,279.55,278.85,0.0,0.0,0.0
2006-05-26,2006-07-27,OPTIDX,CNXIT,4090.0,CE,0.0,0.0,0.0,275.0,274.6,0.0,0.0,0.0
2006-05-26,2006-07-27,OPTIDX,CNXIT,4100.0,CE,0.0,0.0,0.0,270.45,270.4,0.0,0.0,0.0
2006-05-26,2006-07-27,OPTIDX,CNXIT,4110.0,CE,0.0,0.0,0.0,266.0,266.25,0.0,0.0,0.0
2006-05-26,2006-07-27,OPTIDX,CNXIT,4120.0,CE,0.0,0.0,0.0,261.6,262.15,0.0,0.0,0.0
2006-05-26,2006-07-27,OPTIDX,CNXIT,4130.0,CE,0.0,0.0,0.0,318.05,258.1,0.0,0.0,0.0
2006-05-26,2006-07-27,OPTIDX,CNXIT,4140.0,CE,0.0,0.0,0.0,313.05,254.1,0.0,0.0,0.0
2006-05-26,2006-07-27,OPTIDX,CNXIT,4150.0,CE,0.0,0.0,0.0,308.05,250.1,0.0,0.0,0.0
2006-05-26,2006-07-27,OPTIDX,CNXIT,4160.0,CE,0.0,0.0,0.0,303.1,246.2,0.0,0.0,0.0
2006-05-26,2006-07-27,OPTIDX,CNXIT,4170.0,CE,0.0,0.0,0.0,298.25,242.35,0.0,0.0,0.0
2006-05-26,2006-07-27,OPTIDX,CNXIT,4180.0,CE,0.0,0.0,0.0,293.45,238.5,0.0,0.0,0.0
2006-05-26,2006-07-27,OPTIDX,CNXIT,4190.0,CE,0.0,0.0,0.0,288.7,234.75,0.0,0.0,0.0
2006-05-26,2006-07-27,OPTIDX,CNXIT,4200.0,CE,0.0,0.0,0.0,284.0,231.0,0.0,0.0,0.0
2006-05-26,2006-07-27,OPTIDX,CNXIT,4210.0,CE,0.0,0.0,0.0,279.35,227.35,0.0,0.0,0.0
2006-05-26,2006-07-27,OPTIDX,CNXIT,4220.0,CE,0.0,0.0,0.0,274.75,223.7,0.0,0.0,0.0
2006-05-26,2006-07-27,OPTIDX,CNXIT,4230.0,CE,0.0,0.0,0.0,270.2,220.1,0.0,0.0,0.0
2006-05-26,2006-07-27,OPTIDX,CNXIT,4240.0,CE,0.0,0.0,0.0,265.75,216.6,0.0,0.0,0.0
2006-05-26,2006-07-27,OPTIDX,CNXIT,4250.0,CE,0.0,0.0,0.0,261.3,213.1,0.0,0.0,0.0
2006-05-26,2006-07-27,OPTIDX,CNXIT,4260.0,CE,0.0,0.0,0.0,256.95,209.65,0.0,0.0,0.0
2006-05-26,2006-07-27,OPTIDX,CNXIT,4270.0,CE,0.0,0.0,0.0,264.8,206.25,0.0,0.0,0.0
2006-05-26,2006-07-27,OPTIDX,CNXIT,4280.0,CE,0.0,0.0,0.0,371.55,202.85,0.0,0.0,0.0
2006-05-26,2006-07-27,OPTIDX,CNXIT,4290.0,CE,0.0,0.0,0.0,385.3,199.55,0.0,0.0,0.0
2006-05-26,2006-07-27,OPTIDX,CNXIT,4300.0,CE,0.0,0.0,0.0,380.25,196.25,0.0,0.0,0.0
2006-05-26,2006-07-27,OPTIDX,CNXIT,4310.0,CE,0.0,0.0,0.0,375.25,193.05,0.0,0.0,0.0
2006-05-26,2006-07-27,OPTIDX,CNXIT,4320.0,CE,0.0,0.0,0.0,370.3,189.85,0.0,0.0,0.0
2006-05-26,2006-07-27,OPTIDX,CNXIT,4330.0,CE,0.0,0.0,0.0,365.45,186.7,0.0,0.0,0.0
2006-05-26,2006-07-27,OPTIDX,CNXIT,4340.0,CE,0.0,0.0,0.0,360.6,183.6,0.0,0.0,0.0
2006-05-26,2006-07-27,OPTIDX,CNXIT,4350.0,CE,0.0,0.0,0.0,355.8,180.55,0.0,0.0,0.0
2006-05-26,2006-07-27,OPTIDX,CNXIT,4360.0,CE,0.0,0.0,0.0,337.85,177.55,0.0,0.0,0.0
2006-05-26,2006-07-27,OPTIDX,CNXIT,4370.0,CE,0.0,0.0,0.0,333.0,174.55,0.0,0.0,0.0
2006-05-26,2006-07-27,OPTIDX,CNXIT,4380.0,CE,0.0,0.0,0.0,322.4,171.6,0.0,0.0,0.0
2006-05-26,2006-07-27,OPTIDX,CNXIT,4390.0,CE,0.0,0.0,0.0,317.6,168.7,0.0,0.0,0.0
2006-05-26,2006-07-27,OPTIDX,CNXIT,4400.0,CE,0.0,0.0,0.0,321.3,165.85,0.0,0.0,0.0
2006-05-26,2006-07-27,OPTIDX,CNXIT,4410.0,CE,0.0,0.0,0.0,316.4,163.05,0.0,0.0,0.0
2006-05-26,2006-07-27,OPTIDX,CNXIT,4420.0,CE,0.0,0.0,0.0,311.55,160.25,0.0,0.0,0.0
2006-05-26,2006-07-27,OPTIDX,CNXIT,4430.0,CE,0.0,0.0,0.0,310.0,157.55,0.0,0.0,0.0
2006-05-26,2006-07-27,OPTIDX,CNXIT,4440.0,CE,0.0,0.0,0.0,305.1,154.85,0.0,0.0,0.0
2006-05-26,2006-07-27,OPTIDX,CNXIT,4450.0,CE,0.0,0.0,0.0,271.7,152.15,0.0,0.0,0.0
2006-05-26,2006-07-27,OPTIDX,CNXIT,4460.0,CE,0.0,0.0,0.0,269.05,149.55,0.0,0.0,0.0
2006-05-26,2006-07-27,OPTIDX,CNXIT,4470.0,CE,0.0,0.0,0.0,264.1,146.95,0.0,0.0,0.0
2006-05-26,2006-07-27,OPTIDX,CNXIT,3770.0,PE,0.0,0.0,0.0,218.35,185.9,0.0,0.0,0.0
2006-05-26,2006-07-27,OPTIDX,CNXIT,3780.0,PE,0.0,0.0,0.0,223.2,189.95,0.0,0.0,0.0
2006-05-26,2006-07-27,OPTIDX,CNXIT,3790.0,PE,0.0,0.0,0.0,228.05,194.0,0.0,0.0,0.0
2006-05-26,2006-07-27,OPTIDX,CNXIT,3800.0,PE,0.0,0.0,0.0,233.0,198.15,0.0,0.0,0.0
2006-05-26,2006-07-27,OPTIDX,CNXIT,3810.0,PE,0.0,0.0,0.0,238.0,202.3,0.0,0.0,0.0
2006-05-26,2006-07-27,OPTIDX,CNXIT,3820.0,PE,0.0,0.0,0.0,243.1,206.55,0.0,0.0,0.0
2006-05-26,2006-07-27,OPTIDX,CNXIT,3830.0,PE,0.0,0.0,0.0,248.2,210.8,0.0,0.0,0.0
2006-05-26,2006-07-27,OPTIDX,CNXIT,3840.0,PE,0.0,0.0,0.0,253.4,215.15,0.0,0.0,0.0
2006-05-26,2006-07-27,OPTIDX,CNXIT,3850.0,PE,0.0,0.0,0.0,258.65,219.55,0.0,0.0,0.0
2006-05-26,2006-07-27,OPTIDX,CNXIT,3860.0,PE,0.0,0.0,0.0,263.95,224.0,0.0,0.0,0.0
2006-05-26,2006-07-27,OPTIDX,CNXIT,3870.0,PE,0.0,0.0,0.0,269.35,228.5,0.0,0.0,0.0
2006-05-26,2006-07-27,OPTIDX,CNXIT,3880.0,PE,0.0,0.0,0.0,274.75,233.05,0.0,0.0,0.0
2006-05-26,2006-07-27,OPTIDX,CNXIT,3890.0,PE,0.0,0.0,0.0,280.25,237.65,0.0,0.0,0.0
2006-05-26,2006-07-27,OPTIDX,CNXIT,3900.0,PE,0.0,0.0,0.0,285.8,242.3,0.0,0.0,0.0
2006-05-26,2006-07-27,OPTIDX,CNXIT,3910.0,PE,0.0,0.0,0.0,291.4,247.0,0.0,0.0,0.0
2006-05-26,2006-07-27,OPTIDX,CNXIT,3920.0,PE,0.0,0.0,0.0,297.05,251.75,0.0,0.0,0.0
2006-05-26,2006-07-27,OPTIDX,CNXIT,3930.0,PE,0.0,0.0,0.0,302.8,256.6,0.0,0.0,0.0
2006-05-26,2006-07-27,OPTIDX,CNXIT,3940.0,PE,0.0,0.0,0.0,308.55,261.45,0.0,0.0,0.0
2006-05-26,2006-07-27,OPTIDX,CNXIT,3950.0,PE,0.0,0.0,0.0,314.4,266.35,0.0,0.0,0.0
2006-05-26,2006-07-27,OPTIDX,CNXIT,3960.0,PE,0.0,0.0,0.0,320.3,271.3,0.0,0.0,0.0
2006-05-26,2006-07-27,OPTIDX,CNXIT,3970.0,PE,0.0,0.0,0.0,326.25,276.35,0.0,0.0,0.0
2006-05-26,2006-07-27,OPTIDX,CNXIT,3980.0,PE,0.0,0.0,0.0,332.25,281.4,0.0,0.0,0.0
2006-05-26,2006-07-27,OPTIDX,CNXIT,3990.0,PE,0.0,0.0,0.0,338.3,286.55,0.0,0.0,0.0
2006-05-26,2006-07-27,OPTIDX,CNXIT,4000.0,PE,0.0,0.0,0.0,239.1,291.7,0.0,0.0,0.0
2006-05-26,2006-07-27,OPTIDX,CNXIT,4010.0,PE,0.0,0.0,0.0,244.0,296.95,0.0,0.0,0.0
2006-05-26,2006-07-27,OPTIDX,CNXIT,4020.0,PE,0.0,0.0,0.0,248.9,302.2,0.0,0.0,0.0
2006-05-26,2006-07-27,OPTIDX,CNXIT,4030.0,PE,0.0,0.0,0.0,253.85,307.55,0.0,0.0,0.0
2006-05-26,2006-07-27,OPTIDX,CNXIT,4040.0,PE,0.0,0.0,0.0,258.9,312.95,0.0,0.0,0.0
2006-05-26,2006-07-27,OPTIDX,CNXIT,4050.0,PE,0.0,0.0,0.0,263.95,318.35,0.0,0.0,0.0
2006-05-26,2006-07-27,OPTIDX,CNXIT,4060.0,PE,0.0,0.0,0.0,269.1,323.85,0.0,0.0,0.0
2006-05-26,2006-07-27,OPTIDX,CNXIT,4070.0,PE,0.0,0.0,0.0,274.3,329.35,0.0,0.0,0.0
2006-05-26,2006-07-27,OPTIDX,CNXIT,4080.0,PE,0.0,0.0,0.0,279.55,334.95,0.0,0.0,0.0
2006-05-26,2006-07-27,OPTIDX,CNXIT,4090.0,PE,0.0,0.0,0.0,284.85,340.6,0.0,0.0,0.0
2006-05-26,2006-07-27,OPTIDX,CNXIT,4100.0,PE,0.0,0.0,0.0,290.2,346.25,0.0,0.0,0.0
2006-05-26,2006-07-27,OPTIDX,CNXIT,4110.0,PE,0.0,0.0,0.0,295.65,352.0,0.0,0.0,0.0
2006-05-26,2006-07-27,OPTIDX,CNXIT,4120.0,PE,0.0,0.0,0.0,301.1,357.75,0.0,0.0,0.0
2006-05-26,2006-07-27,OPTIDX,CNXIT,4130.0,PE,0.0,0.0,0.0,237.05,363.6,0.0,0.0,0.0
2006-05-26,2006-07-27,OPTIDX,CNXIT,4140.0,PE,0.0,0.0,0.0,241.9,369.45,0.0,0.0,0.0
2006-05-26,2006-07-27,OPTIDX,CNXIT,4150.0,PE,0.0,0.0,0.0,246.75,375.4,0.0,0.0,0.0
2006-05-26,2006-07-27,OPTIDX,CNXIT,4160.0,PE,0.0,0.0,0.0,251.7,381.35,0.0,0.0,0.0
2006-05-26,2006-07-27,OPTIDX,CNXIT,4170.0,PE,0.0,0.0,0.0,256.7,387.4,0.0,0.0,0.0
2006-05-26,2006-07-27,OPTIDX,CNXIT,4180.0,PE,0.0,0.0,0.0,261.75,393.45,0.0,0.0,0.0
2006-05-26,2006-07-27,OPTIDX,CNXIT,4190.0,PE,0.0,0.0,0.0,266.85,399.55,0.0,0.0,0.0
2006-05-26,2006-07-27,OPTIDX,CNXIT,4200.0,PE,0.0,0.0,0.0,272.05,405.75,0.0,0.0,0.0
2006-05-26,2006-07-27,OPTIDX,CNXIT,4210.0,PE,0.0,0.0,0.0,277.25,411.95,0.0,0.0,0.0
2006-05-26,2006-07-27,OPTIDX,CNXIT,4220.0,PE,0.0,0.0,0.0,282.55,418.2,0.0,0.0,0.0
2006-05-26,2006-07-27,OPTIDX,CNXIT,4230.0,PE,0.0,0.0,0.0,287.9,424.5,0.0,0.0,0.0
2006-05-26,2006-07-27,OPTIDX,CNXIT,4240.0,PE,0.0,0.0,0.0,293.3,430.85,0.0,0.0,0.0
2006-05-26,2006-07-27,OPTIDX,CNXIT,4250.0,PE,0.0,0.0,0.0,298.7,437.2,0.0,0.0,0.0
2006-05-26,2006-07-27,OPTIDX,CNXIT,4260.0,PE,0.0,0.0,0.0,304.2,443.65,0.0,0.0,0.0
2006-05-26,2006-07-27,OPTIDX,CNXIT,4270.0,PE,0.0,0.0,0.0,170.95,450.15,0.0,0.0,0.0
2006-05-26,2006-07-27,OPTIDX,CNXIT,4280.0,PE,0.0,0.0,0.0,266.3,456.65,0.0,0.0,0.0
2006-05-26,2006-07-27,OPTIDX,CNXIT,4290.0,PE,0.0,0.0,0.0,277.3,463.2,0.0,0.0,0.0
2006-05-26,2006-07-27,OPTIDX,CNXIT,4300.0,PE,0.0,0.0,0.0,282.1,469.85,0.0,0.0,0.0
2006-05-26,2006-07-27,OPTIDX,CNXIT,4310.0,PE,0.0,0.0,0.0,286.95,476.5,0.0,0.0,0.0
2006-05-26,2006-07-27,OPTIDX,CNXIT,4320.0,PE,0.0,0.0,0.0,291.85,483.2,0.0,0.0,0.0
2006-05-26,2006-07-27,OPTIDX,CNXIT,4330.0,PE,0.0,0.0,0.0,296.8,489.95,0.0,0.0,0.0
2006-05-26,2006-07-27,OPTIDX,CNXIT,4340.0,PE,0.0,0.0,0.0,301.75,496.7,0.0,0.0,0.0
2006-05-26,2006-07-27,OPTIDX,CNXIT,4350.0,PE,0.0,0.0,0.0,306.8,503.55,0.0,0.0,0.0
2006-05-26,2006-07-27,OPTIDX,CNXIT,4360.0,PE,0.0,0.0,0.0,283.35,510.4,0.0,0.0,0.0
2006-05-26,2006-07-27,OPTIDX,CNXIT,4370.0,PE,0.0,0.0,0.0,288.35,517.3,0.0,0.0,0.0
2006-05-26,2006-07-27,OPTIDX,CNXIT,4380.0,PE,0.0,0.0,0.0,273.1,524.25,0.0,0.0,0.0
2006-05-26,2006-07-27,OPTIDX,CNXIT,4390.0,PE,0.0,0.0,0.0,278.1,531.25,0.0,0.0,0.0
2006-05-26,2006-07-27,OPTIDX,CNXIT,4400.0,PE,0.0,0.0,0.0,259.9,538.3,0.0,0.0,0.0
2006-05-26,2006-07-27,OPTIDX,CNXIT,4410.0,PE,0.0,0.0,0.0,264.85,545.35,0.0,0.0,0.0
2006-05-26,2006-07-27,OPTIDX,CNXIT,4420.0,PE,0.0,0.0,0.0,269.85,552.45,0.0,0.0,0.0
2006-05-26,2006-07-27,OPTIDX,CNXIT,4430.0,PE,0.0,0.0,0.0,255.05,559.6,0.0,0.0,0.0
2006-05-26,2006-07-27,OPTIDX,CNXIT,4440.0,PE,0.0,0.0,0.0,260.0,566.8,0.0,0.0,0.0
2006-05-26,2006-07-27,OPTIDX,CNXIT,4450.0,PE,0.0,0.0,0.0,231.95,574.0,0.0,0.0,0.0
2006-05-26,2006-07-27,OPTIDX,CNXIT,4460.0,PE,0.0,0.0,0.0,219.8,581.3,0.0,0.0,0.0
2006-05-26,2006-07-27,OPTIDX,CNXIT,4470.0,PE,0.0,0.0,0.0,224.7,588.6,0.0,0.0,0.0
2006-05-26,2006-08-31,OPTIDX,CNXIT,3920.0,CE,0.0,0.0,0.0,439.85,440.8,0.0,0.0,0.0
2006-05-26,2006-08-31,OPTIDX,CNXIT,3930.0,CE,0.0,0.0,0.0,435.0,435.85,0.0,0.0,0.0
2006-05-26,2006-08-31,OPTIDX,CNXIT,3940.0,CE,0.0,0.0,0.0,430.2,430.95,0.0,0.0,0.0
2006-05-26,2006-08-31,OPTIDX,CNXIT,3950.0,CE,0.0,0.0,0.0,425.45,426.05,0.0,0.0,0.0
2006-05-26,2006-08-31,OPTIDX,CNXIT,3960.0,CE,0.0,0.0,0.0,420.75,421.25,0.0,0.0,0.0
2006-05-26,2006-08-31,OPTIDX,CNXIT,3970.0,CE,0.0,0.0,0.0,416.1,416.45,0.0,0.0,0.0
2006-05-26,2006-08-31,OPTIDX,CNXIT,3980.0,CE,0.0,0.0,0.0,411.5,411.7,0.0,0.0,0.0
2006-05-26,2006-08-31,OPTIDX,CNXIT,3990.0,CE,0.0,0.0,0.0,0.0,0.0,0.0,0.0,0.0
2006-05-26,2006-08-31,OPTIDX,CNXIT,4000.0,CE,0.0,0.0,0.0,0.0,0.0,0.0,0.0,0.0
2006-05-26,2006-08-31,OPTIDX,CNXIT,4010.0,CE,0.0,0.0,0.0,0.0,0.0,0.0,0.0,0.0
2006-05-26,2006-08-31,OPTIDX,CNXIT,3920.0,PE,0.0,0.0,0.0,335.5,313.6,0.0,0.0,0.0
2006-05-26,2006-08-31,OPTIDX,CNXIT,3930.0,PE,0.0,0.0,0.0,340.5,318.5,0.0,0.0,0.0
2006-05-26,2006-08-31,OPTIDX,CNXIT,3940.0,PE,0.0,0.0,0.0,345.5,323.4,0.0,0.0,0.0
2006-05-26,2006-08-31,OPTIDX,CNXIT,3950.0,PE,0.0,0.0,0.0,350.6,328.35,0.0,0.0,0.0
2006-05-26,2006-08-31,OPTIDX,CNXIT,3960.0,PE,0.0,0.0,0.0,355.7,333.35,0.0,0.0,0.0
2006-05-26,2006-08-31,OPTIDX,CNXIT,3970.0,PE,0.0,0.0,0.0,360.85,338.35,0.0,0.0,0.0
2006-05-26,2006-08-31,OPTIDX,CNXIT,3980.0,PE,0.0,0.0,0.0,366.05,343.45,0.0,0.0,0.0
2006-05-26,2006-08-31,OPTIDX,CNXIT,3990.0,PE,0.0,0.0,0.0,0.0,0.0,0.0,0.0,0.0
2006-05-26,2006-08-31,OPTIDX,CNXIT,4000.0,PE,0.0,0.0,0.0,0.0,0.0,0.0,0.0,0.0
2006-05-26,2006-08-31,OPTIDX,CNXIT,4010.0,PE,0.0,0.0,0.0,0.0,0.0,0.0,0.0,0.0
2006-05-26,2006-06-29,OPTIDX,NIFTY,2990.0,CE,0.0,0.0,0.0,200.0,336.5,0.0,0.0,300.0
2006-05-26,2006-06-29,OPTIDX,NIFTY,3000.0,CE,238.85,295.0,218.0,243.1,243.1,1551.0,5047.39,116400.0
2006-05-26,2006-06-29,OPTIDX,NIFTY,3010.0,CE,0.0,0.0,0.0,238.65,323.55,0.0,0.0,0.0
2006-05-26,2006-06-29,OPTIDX,NIFTY,3020.0,CE,0.0,0.0,0.0,233.3,317.2,0.0,0.0,0.0
2006-05-26,2006-06-29,OPTIDX,NIFTY,3030.0,CE,0.0,0.0,0.0,228.0,310.9,0.0,0.0,0.0
2006-05-26,2006-06-29,OPTIDX,NIFTY,3040.0,CE,0.0,0.0,0.0,222.75,304.7,0.0,0.0,0.0
2006-05-26,2006-06-29,OPTIDX,NIFTY,3050.0,CE,228.0,228.0,228.0,228.0,228.0,5.0,16.39,800.0
2006-05-26,2006-06-29,OPTIDX,NIFTY,3060.0,CE,0.0,0.0,0.0,212.55,292.55,0.0,0.0,0.0
2006-05-26,2006-06-29,OPTIDX,NIFTY,3070.0,CE,0.0,0.0,0.0,207.6,286.6,0.0,0.0,0.0
2006-05-26,2006-06-29,OPTIDX,NIFTY,3080.0,CE,0.0,0.0,0.0,58.4,280.7,0.0,0.0,100.0
2006-05-26,2006-06-29,OPTIDX,NIFTY,3090.0,CE,0.0,0.0,0.0,250.0,274.9,0.0,0.0,100.0
2006-05-26,2006-06-29,OPTIDX,NIFTY,3100.0,CE,131.0,220.0,131.0,174.8,174.8,1428.0,4698.31,151600.0
2006-05-26,2006-06-29,OPTIDX,NIFTY,3110.0,CE,0.0,0.0,0.0,200.0,263.55,0.0,0.0,100.0
2006-05-26,2006-06-29,OPTIDX,NIFTY,3120.0,CE,0.0,0.0,0.0,183.95,258.0,0.0,0.0,0.0
2006-05-26,2006-06-29,OPTIDX,NIFTY,3130.0,CE,0.0,0.0,0.0,179.5,252.5,0.0,0.0,0.0
2006-05-26,2006-06-29,OPTIDX,NIFTY,3140.0,CE,0.0,0.0,0.0,175.05,247.1,0.0,0.0,0.0
2006-05-26,2006-06-29,OPTIDX,NIFTY,3150.0,CE,149.0,188.0,136.0,157.75,157.75,103.0,340.32,9900.0
2006-05-26,2006-06-29,OPTIDX,NIFTY,3160.0,CE,0.0,0.0,0.0,266.5,236.55,0.0,0.0,0.0
2006-05-26,2006-06-29,OPTIDX,NIFTY,3170.0,CE,0.0,0.0,0.0,261.05,231.35,0.0,0.0,0.0
2006-05-26,2006-06-29,OPTIDX,NIFTY,3180.0,CE,0.0,0.0,0.0,255.65,226.3,0.0,0.0,0.0
2006-05-26,2006-06-29,OPTIDX,NIFTY,3190.0,CE,0.0,0.0,0.0,250.35,221.25,0.0,0.0,0.0
2006-05-26,2006-06-29,OPTIDX,NIFTY,3200.0,CE,90.0,159.1,90.0,126.0,126.0,14245.0,47525.94,817400.0
2006-05-26,2006-06-29,OPTIDX,NIFTY,3210.0,CE,0.0,0.0,0.0,240.0,211.5,0.0,0.0,0.0
2006-05-26,2006-06-29,OPTIDX,NIFTY,3220.0,CE,196.8,196.8,50.9,123.85,123.85,2.0,6.68,100.0
2006-05-26,2006-06-29,OPTIDX,NIFTY,3230.0,CE,0.0,0.0,0.0,90.0,202.0,0.0,0.0,300.0
2006-05-26,2006-06-29,OPTIDX,NIFTY,3240.0,CE,0.0,0.0,0.0,225.0,197.4,0.0,0.0,0.0
2006-05-26,2006-06-29,OPTIDX,NIFTY,3250.0,CE,98.0,135.0,96.8,107.05,107.05,1137.0,3826.33,48900.0
2006-05-26,2006-06-29,OPTIDX,NIFTY,3260.0,CE,104.0,126.9,97.0,103.75,103.75,16.0,53.96,3400.0
2006-05-26,2006-06-29,OPTIDX,NIFTY,3270.0,CE,134.35,134.35,110.0,110.0,110.0,2.0,6.78,100.0
2006-05-26,2006-06-29,OPTIDX,NIFTY,3280.0,CE,0.0,0.0,0.0,206.8,179.7,0.0,0.0,0.0
2006-05-26,2006-06-29,OPTIDX,NIFTY,3290.0,CE,0.0,0.0,0.0,205.85,175.45,0.0,0.0,0.0
2006-05-26,2006-06-29,OPTIDX,NIFTY,3300.0,CE,84.0,112.0,75.0,88.65,88.65,5368.0,18224.9,458000.0
2006-05-26,2006-06-29,OPTIDX,NIFTY,3310.0,CE,77.2,93.8,77.2,93.8,93.8,5.0,16.95,300.0
2006-05-26,2006-06-29,OPTIDX,NIFTY,3320.0,CE,0.0,0.0,0.0,211.3,163.2,0.0,0.0,0.0
2006-05-26,2006-06-29,OPTIDX,NIFTY,3330.0,CE,98.3,98.3,98.3,98.3,98.3,2.0,6.85,200.0
2006-05-26,2006-06-29,OPTIDX,NIFTY,3340.0,CE,0.0,0.0,0.0,214.15,155.4,0.0,0.0,0.0
2006-05-26,2006-06-29,OPTIDX,NIFTY,3350.0,CE,60.0,91.9,60.0,67.45,67.45,506.0,1735.52,46300.0
2006-05-26,2006-06-29,OPTIDX,NIFTY,3360.0,CE,0.0,0.0,0.0,201.3,147.9,0.0,0.0,0.0
2006-05-26,2006-06-29,OPTIDX,NIFTY,3370.0,CE,0.0,0.0,0.0,195.05,144.25,0.0,0.0,0.0
2006-05-26,2006-06-29,OPTIDX,NIFTY,3380.0,CE,0.0,0.0,0.0,188.95,140.65,0.0,0.0,0.0
2006-05-26,2006-06-29,OPTIDX,NIFTY,3390.0,CE,0.0,0.0,0.0,182.95,137.15,0.0,0.0,0.0
2006-05-26,2006-06-29,OPTIDX,NIFTY,3400.0,CE,50.0,73.5,49.0,54.45,54.45,5610.0,19433.81,560600.0
2006-05-26,2006-06-29,OPTIDX,NIFTY,3410.0,CE,0.0,0.0,0.0,171.3,130.3,0.0,0.0,0.0
2006-05-26,2006-06-29,OPTIDX,NIFTY,3420.0,CE,0.0,0.0,0.0,165.65,127.0,0.0,0.0,0.0
2006-05-26,2006-06-29,OPTIDX,NIFTY,3430.0,CE,0.0,0.0,0.0,160.1,123.75,0.0,0.0,0.0
2006-05-26,2006-06-29,OPTIDX,NIFTY,3440.0,CE,0.0,0.0,0.0,154.7,120.6,0.0,0.0,0.0
2006-05-26,2006-06-29,OPTIDX,NIFTY,3450.0,CE,47.9,58.95,42.1,49.45,49.45,145.0,507.46,24400.0
2006-05-26,2006-06-29,OPTIDX,NIFTY,3460.0,CE,0.0,0.0,0.0,144.25,114.45,0.0,0.0,0.0
2006-05-26,2006-06-29,OPTIDX,NIFTY,3470.0,CE,0.0,0.0,0.0,139.2,111.45,0.0,0.0,0.0
2006-05-26,2006-06-29,OPTIDX,NIFTY,3480.0,CE,0.0,0.0,0.0,134.25,108.5,0.0,0.0,0.0
2006-05-26,2006-06-29,OPTIDX,NIFTY,3490.0,CE,0.0,0.0,0.0,129.45,105.65,0.0,0.0,0.0
2006-05-26,2006-06-29,OPTIDX,NIFTY,3500.0,CE,37.0,49.5,32.0,34.75,34.75,2338.0,8278.0,269000.0
2006-05-26,2006-06-29,OPTIDX,NIFTY,3510.0,CE,0.0,0.0,0.0,35.35,100.15,0.0,0.0,400.0
2006-05-26,2006-06-29,OPTIDX,NIFTY,3520.0,CE,0.0,0.0,0.0,148.95,97.45,0.0,0.0,0.0
2006-05-26,2006-06-29,OPTIDX,NIFTY,3530.0,CE,0.0,0.0,0.0,144.05,94.85,0.0,0.0,0.0
2006-05-26,2006-06-29,OPTIDX,NIFTY,3540.0,CE,0.0,0.0,0.0,139.2,92.25,0.0,0.0,0.0
2006-05-26,2006-06-29,OPTIDX,NIFTY,3550.0,CE,43.9,43.9,26.1,29.15,29.15,157.0,562.69,30300.0
2006-05-26,2006-06-29,OPTIDX,NIFTY,3560.0,CE,0.0,0.0,0.0,129.9,87.5,0.0,0.0,0.0
2006-05-26,2006-06-29,OPTIDX,NIFTY,3570.0,CE,0.0,0.0,0.0,299.95,85.1,0.0,0.0,200.0
2006-05-26,2006-06-29,OPTIDX,NIFTY,3580.0,CE,0.0,0.0,0.0,129.5,82.75,0.0,0.0,0.0
2006-05-26,2006-06-29,OPTIDX,NIFTY,3590.0,CE,0.0,0.0,0.0,124.9,80.5,0.0,0.0,0.0
2006-05-26,2006-06-29,OPTIDX,NIFTY,3600.0,CE,36.0,36.0,20.0,22.15,22.15,886.0,3213.99,284400.0
2006-05-26,2006-06-29,OPTIDX,NIFTY,3610.0,CE,0.0,0.0,0.0,151.85,76.1,0.0,0.0,0.0
2006-05-26,2006-06-29,OPTIDX,NIFTY,3620.0,CE,0.0,0.0,0.0,150.05,74.0,0.0,0.0,0.0
2006-05-26,2006-06-29,OPTIDX,NIFTY,3630.0,CE,0.0,0.0,0.0,145.7,71.9,0.0,0.0,0.0
2006-05-26,2006-06-29,OPTIDX,NIFTY,3640.0,CE,119.0,119.0,119.0,119.0,119.0,1.0,3.75,100.0
2006-05-26,2006-06-29,OPTIDX,NIFTY,3650.0,CE,25.0,28.0,20.0,20.0,20.0,22.0,80.82,63700.0
2006-05-26,2006-06-29,OPTIDX,NIFTY,3660.0,CE,0.0,0.0,0.0,146.95,65.85,0.0,0.0,0.0
2006-05-26,2006-06-29,OPTIDX,NIFTY,3670.0,CE,0.0,0.0,0.0,146.45,63.95,0.0,0.0,0.0
2006-05-26,2006-06-29,OPTIDX,NIFTY,3680.0,CE,0.0,0.0,0.0,142.0,62.15,0.0,0.0,0.0
2006-05-26,2006-06-29,OPTIDX,NIFTY,3690.0,CE,0.0,0.0,0.0,137.65,60.35,0.0,0.0,0.0
2006-05-26,2006-06-29,OPTIDX,NIFTY,3700.0,CE,25.0,25.0,15.5,18.75,18.75,262.0,974.79,179700.0
2006-05-26,2006-06-29,OPTIDX,NIFTY,3710.0,CE,0.0,0.0,0.0,137.95,56.9,0.0,0.0,0.0
2006-05-26,2006-06-29,OPTIDX,NIFTY,3720.0,CE,0.0,0.0,0.0,133.6,55.25,0.0,0.0,100.0
2006-05-26,2006-06-29,OPTIDX,NIFTY,3730.0,CE,0.0,0.0,0.0,130.15,53.6,0.0,0.0,0.0
2006-05-26,2006-06-29,OPTIDX,NIFTY,3740.0,CE,0.0,0.0,0.0,125.9,52.05,0.0,0.0,0.0
2006-05-26,2006-06-29,OPTIDX,NIFTY,3750.0,CE,20.0,25.0,17.5,19.75,19.75,27.0,101.78,33000.0
2006-05-26,2006-06-29,OPTIDX,NIFTY,3760.0,CE,0.0,0.0,0.0,84.0,49.0,0.0,0.0,100.0
2006-05-26,2006-06-29,OPTIDX,NIFTY,3770.0,CE,0.0,0.0,0.0,80.0,47.55,0.0,0.0,100.0
2006-05-26,2006-06-29,OPTIDX,NIFTY,3780.0,CE,0.0,0.0,0.0,70.0,46.1,0.0,0.0,200.0
2006-05-26,2006-06-29,OPTIDX,NIFTY,3790.0,CE,0.0,0.0,0.0,120.8,44.7,0.0,0.0,0.0
2006-05-26,2006-06-29,OPTIDX,NIFTY,3800.0,CE,15.0,18.0,8.1,12.5,12.5,311.0,1186.22,142400.0
2006-05-26,2006-06-29,OPTIDX,NIFTY,3810.0,CE,0.0,0.0,0.0,112.2,42.05,0.0,0.0,0.0
2006-05-26,2006-06-29,OPTIDX,NIFTY,3820.0,CE,0.0,0.0,0.0,120.0,40.8,0.0,0.0,0.0
2006-05-26,2006-06-29,OPTIDX,NIFTY,3830.0,CE,0.0,0.0,0.0,115.6,39.55,0.0,0.0,0.0
2006-05-26,2006-06-29,OPTIDX,NIFTY,3840.0,CE,0.0,0.0,0.0,54.95,38.35,0.0,0.0,200.0
2006-05-26,2006-06-29,OPTIDX,NIFTY,2990.0,PE,47.0,67.0,41.0,64.5,64.5,19.0,57.85,1300.0
2006-05-26,2006-06-29,OPTIDX,NIFTY,3000.0,PE,66.0,78.0,24.05,67.35,67.35,4269.0,13044.63,446300.0
2006-05-26,2006-06-29,OPTIDX,NIFTY,3010.0,PE,0.0,0.0,0.0,145.9,105.0,0.0,0.0,0.0
2006-05-26,2006-06-29,OPTIDX,NIFTY,3020.0,PE,0.0,0.0,0.0,150.45,108.55,0.0,0.0,0.0
2006-05-26,2006-06-29,OPTIDX,NIFTY,3030.0,PE,0.0,0.0,0.0,155.05,112.25,0.0,0.0,0.0
2006-05-26,2006-06-29,OPTIDX,NIFTY,3040.0,PE,0.0,0.0,0.0,159.8,115.95,0.0,0.0,0.0
2006-05-26,2006-06-29,OPTIDX,NIFTY,3050.0,PE,62.0,100.0,55.0,82.0,82.0,56.0,174.89,6000.0
2006-05-26,2006-06-29,OPTIDX,NIFTY,3060.0,PE,0.0,0.0,0.0,169.45,123.7,0.0,0.0,0.0
2006-05-26,2006-06-29,OPTIDX,NIFTY,3070.0,PE,0.0,0.0,0.0,174.4,127.65,0.0,0.0,0.0
2006-05-26,2006-06-29,OPTIDX,NIFTY,3080.0,PE,0.0,0.0,0.0,179.4,131.7,0.0,0.0,0.0
2006-05-26,2006-06-29,OPTIDX,NIFTY,3090.0,PE,0.0,0.0,0.0,184.55,135.85,0.0,0.0,0.0
2006-05-26,2006-06-29,OPTIDX,NIFTY,3100.0,PE,250.0,250.0,70.0,103.55,103.55,2038.0,6503.17,139600.0
2006-05-26,2006-06-29,OPTIDX,NIFTY,3110.0,PE,0.0,0.0,0.0,195.05,144.35,0.0,0.0,0.0
2006-05-26,2006-06-29,OPTIDX,NIFTY,3120.0,PE,0.0,0.0,0.0,200.4,148.75,0.0,0.0,0.0
2006-05-26,2006-06-29,OPTIDX,NIFTY,3130.0,PE,0.0,0.0,0.0,205.85,153.2,0.0,0.0,0.0
2006-05-26,2006-06-29,OPTIDX,NIFTY,3140.0,PE,0.0,0.0,0.0,211.4,157.75,0.0,0.0,0.0
2006-05-26,2006-06-29,OPTIDX,NIFTY,3150.0,PE,100.0,143.9,88.0,123.5,123.5,611.0,1993.08,119400.0
2006-05-26,2006-06-29,OPTIDX,NIFTY,3160.0,PE,56.0,370.0,56.0,370.0,370.0,2.0,6.74,1500.0
2006-05-26,2006-06-29,OPTIDX,NIFTY,3170.0,PE,0.0,0.0,0.0,159.6,171.8,0.0,0.0,0.0
2006-05-26,2006-06-29,OPTIDX,NIFTY,3180.0,PE,0.0,0.0,0.0,164.15,176.65,0.0,0.0,0.0
2006-05-26,2006-06-29,OPTIDX,NIFTY,3190.0,PE,0.0,0.0,0.0,168.8,181.55,0.0,0.0,0.0
2006-05-26,2006-06-29,OPTIDX,NIFTY,3200.0,PE,142.0,171.0,109.0,150.0,150.0,10085.0,33595.64,546600.0
2006-05-26,2006-06-29,OPTIDX,NIFTY,3210.0,PE,0.0,0.0,0.0,178.25,191.65,0.0,0.0,0.0
2006-05-26,2006-06-29,OPTIDX,NIFTY,3220.0,PE,0.0,0.0,0.0,183.1,196.85,0.0,0.0,0.0
2006-05-26,2006-06-29,OPTIDX,NIFTY,3230.0,PE,0.0,0.0,0.0,188.0,202.1,0.0,0.0,0.0
2006-05-26,2006-06-29,OPTIDX,NIFTY,3240.0,PE,0.0,0.0,0.0,193.05,207.4,0.0,0.0,0.0
2006-05-26,2006-06-29,OPTIDX,NIFTY,3250.0,PE,142.25,213.0,132.05,183.2,183.2,453.0,1544.03,16100.0
2006-05-26,2006-06-29,OPTIDX,NIFTY,3260.0,PE,0.0,0.0,0.0,286.0,218.25,0.0,0.0,11000.0
2006-05-26,2006-06-29,OPTIDX,NIFTY,3270.0,PE,0.0,0.0,0.0,87.6,223.8,0.0,0.0,0.0
2006-05-26,2006-06-29,OPTIDX,NIFTY,3280.0,PE,0.0,0.0,0.0,25.0,229.45,0.0,0.0,1000.0
2006-05-26,2006-06-29,OPTIDX,NIFTY,3290.0,PE,0.0,0.0,0.0,63.3,235.15,0.0,0.0,0.0
2006-05-26,2006-06-29,OPTIDX,NIFTY,3300.0,PE,200.0,235.0,160.0,215.0,215.0,920.0,3209.82,147500.0
2006-05-26,2006-06-29,OPTIDX,NIFTY,3310.0,PE,0.0,0.0,0.0,350.0,246.8,0.0,0.0,400.0
2006-05-26,2006-06-29,OPTIDX,NIFTY,3320.0,PE,0.0,0.0,0.0,60.05,252.7,0.0,0.0,0.0
2006-05-26,2006-06-29,OPTIDX,NIFTY,3330.0,PE,0.0,0.0,0.0,35.1,258.7,0.0,0.0,4400.0
2006-05-26,2006-06-29,OPTIDX,NIFTY,3340.0,PE,0.0,0.0,0.0,64.1,264.75,0.0,0.0,0.0
2006-05-26,2006-06-29,OPTIDX,NIFTY,3350.0,PE,220.0,250.0,190.0,230.0,230.0,167.0,594.72,642000.0
2006-05-26,2006-06-29,OPTIDX,NIFTY,3360.0,PE,0.0,0.0,0.0,70.85,277.15,0.0,0.0,0.0
2006-05-26,2006-06-29,OPTIDX,NIFTY,3370.0,PE,0.0,0.0,0.0,74.4,283.4,0.0,0.0,0.0
2006-05-26,2006-06-29,OPTIDX,NIFTY,3380.0,PE,0.0,0.0,0.0,78.05,289.75,0.0,0.0,0.0
2006-05-26,2006-06-29,OPTIDX,NIFTY,3390.0,PE,0.0,0.0,0.0,81.85,296.2,0.0,0.0,0.0
2006-05-26,2006-06-29,OPTIDX,NIFTY,3400.0,PE,242.0,288.0,219.0,261.55,261.55,139.0,506.81,121400.0
2006-05-26,2006-06-29,OPTIDX,NIFTY,3410.0,PE,0.0,0.0,0.0,89.75,309.25,0.0,0.0,0.0
2006-05-26,2006-06-29,OPTIDX,NIFTY,3420.0,PE,0.0,0.0,0.0,93.9,315.85,0.0,0.0,0.0
2006-05-26,2006-06-29,OPTIDX,NIFTY,3430.0,PE,0.0,0.0,0.0,98.15,322.55,0.0,0.0,0.0
2006-05-26,2006-06-29,OPTIDX,NIFTY,3440.0,PE,0.0,0.0,0.0,102.5,329.35,0.0,0.0,0.0
2006-05-26,2006-06-29,OPTIDX,NIFTY,3450.0,PE,343.0,343.0,319.95,319.95,319.95,11.0,41.69,13800.0
2006-05-26,2006-06-29,OPTIDX,NIFTY,3460.0,PE,0.0,0.0,0.0,111.65,343.05,0.0,0.0,0.0
2006-05-26,2006-06-29,OPTIDX,NIFTY,3470.0,PE,0.0,0.0,0.0,116.4,350.0,0.0,0.0,0.0
2006-05-26,2006-06-29,OPTIDX,NIFTY,3480.0,PE,0.0,0.0,0.0,121.2,357.0,0.0,0.0,0.0
2006-05-26,2006-06-29,OPTIDX,NIFTY,3490.0,PE,0.0,0.0,0.0,126.2,364.1,0.0,0.0,0.0
2006-05-26,2006-06-29,OPTIDX,NIFTY,3500.0,PE,367.7,370.0,297.0,345.25,345.25,115.0,440.0,96600.0
2006-05-26,2006-06-29,OPTIDX,NIFTY,3510.0,PE,0.0,0.0,0.0,136.5,378.45,0.0,0.0,0.0
2006-05-26,2006-06-29,OPTIDX,NIFTY,3520.0,PE,0.0,0.0,0.0,124.4,385.7,0.0,0.0,0.0
2006-05-26,2006-06-29,OPTIDX,NIFTY,3530.0,PE,0.0,0.0,0.0,129.25,393.0,0.0,0.0,0.0
2006-05-26,2006-06-29,OPTIDX,NIFTY,3540.0,PE,0.0,0.0,0.0,134.25,400.4,0.0,0.0,0.0
2006-05-26,2006-06-29,OPTIDX,NIFTY,3550.0,PE,389.0,389.0,341.0,375.1,375.1,54.0,210.9,159700.0
2006-05-26,2006-06-29,OPTIDX,NIFTY,3560.0,PE,0.0,0.0,0.0,144.55,415.45,0.0,0.0,0.0
2006-05-26,2006-06-29,OPTIDX,NIFTY,3570.0,PE,0.0,0.0,0.0,142.45,423.0,0.0,0.0,0.0
2006-05-26,2006-06-29,OPTIDX,NIFTY,3580.0,PE,0.0,0.0,0.0,133.1,430.65,0.0,0.0,0.0
2006-05-26,2006-06-29,OPTIDX,NIFTY,3590.0,PE,0.0,0.0,0.0,138.3,438.3,0.0,0.0,0.0
2006-05-26,2006-06-29,OPTIDX,NIFTY,3600.0,PE,451.1,451.1,351.05,450.0,450.0,16.0,64.03,57100.0
2006-05-26,2006-06-29,OPTIDX,NIFTY,3610.0,PE,0.0,0.0,0.0,193.25,453.8,0.0,0.0,0.0
2006-05-26,2006-06-29,OPTIDX,NIFTY,3620.0,PE,0.0,0.0,0.0,184.4,461.6,0.0,0.0,0.0
2006-05-26,2006-06-29,OPTIDX,NIFTY,3630.0,PE,0.0,0.0,0.0,189.9,469.45,0.0,0.0,0.0
2006-05-26,2006-06-29,OPTIDX,NIFTY,3640.0,PE,0.0,0.0,0.0,173.95,477.25,0.0,0.0,0.0
2006-05-26,2006-06-29,OPTIDX,NIFTY,3650.0,PE,500.0,500.0,480.0,480.0,480.0,10.0,41.4,4200.0
2006-05-26,2006-06-29,OPTIDX,NIFTY,3660.0,PE,0.0,0.0,0.0,184.8,493.2,0.0,0.0,0.0
2006-05-26,2006-06-29,OPTIDX,NIFTY,3670.0,PE,0.0,0.0,0.0,171.2,501.25,0.0,0.0,0.0
2006-05-26,2006-06-29,OPTIDX,NIFTY,3680.0,PE,0.0,0.0,0.0,176.65,509.35,0.0,0.0,0.0
2006-05-26,2006-06-29,OPTIDX,NIFTY,3690.0,PE,0.0,0.0,0.0,182.2,517.5,0.0,0.0,0.0
2006-05-26,2006-06-29,OPTIDX,NIFTY,3700.0,PE,480.0,534.0,480.0,534.0,534.0,263.0,1107.65,33400.0
2006-05-26,2006-06-29,OPTIDX,NIFTY,3710.0,PE,0.0,0.0,0.0,173.95,533.95,0.0,0.0,0.0
2006-05-26,2006-06-29,OPTIDX,NIFTY,3720.0,PE,0.0,0.0,0.0,179.5,542.2,0.0,0.0,0.0
2006-05-26,2006-06-29,OPTIDX,NIFTY,3730.0,PE,0.0,0.0,0.0,172.35,550.55,0.0,0.0,0.0
2006-05-26,2006-06-29,OPTIDX,NIFTY,3740.0,PE,0.0,0.0,0.0,178.0,558.9,0.0,0.0,0.0
2006-05-26,2006-06-29,OPTIDX,NIFTY,3750.0,PE,0.0,0.0,0.0,600.0,567.3,0.0,0.0,1200.0
2006-05-26,2006-06-29,OPTIDX,NIFTY,3760.0,PE,0.0,0.0,0.0,154.85,575.7,0.0,0.0,0.0
2006-05-26,2006-06-29,OPTIDX,NIFTY,3770.0,PE,0.0,0.0,0.0,160.35,584.2,0.0,0.0,0.0
2006-05-26,2006-06-29,OPTIDX,NIFTY,3780.0,PE,0.0,0.0,0.0,166.0,592.7,0.0,0.0,0.0
2006-05-26,2006-06-29,OPTIDX,NIFTY,3790.0,PE,0.0,0.0,0.0,153.2,601.25,0.0,0.0,0.0
2006-05-26,2006-06-29,OPTIDX,NIFTY,3800.0,PE,600.0,600.0,574.95,574.95,574.95,2.0,8.77,2000.0
2006-05-26,2006-06-29,OPTIDX,NIFTY,3810.0,PE,0.0,0.0,0.0,164.4,618.45,0.0,0.0,0.0
2006-05-26,2006-06-29,OPTIDX,NIFTY,3820.0,PE,0.0,0.0,0.0,149.3,627.15,0.0,0.0,0.0
2006-05-26,2006-06-29,OPTIDX,NIFTY,3830.0,PE,0.0,0.0,0.0,154.8,635.85,0.0,0.0,0.0
2006-05-26,2006-06-29,OPTIDX,NIFTY,3840.0,PE,0.0,0.0,0.0,160.45,644.55,0.0,0.0,0.0
2006-05-26,2006-07-27,OPTIDX,NIFTY,2990.0,CE,0.0,0.0,0.0,316.35,407.95,0.0,0.0,0.0
2006-05-26,2006-07-27,OPTIDX,NIFTY,3000.0,CE,0.0,0.0,0.0,311.05,401.95,0.0,0.0,0.0
2006-05-26,2006-07-27,OPTIDX,NIFTY,3010.0,CE,0.0,0.0,0.0,305.8,396.0,0.0,0.0,0.0
2006-05-26,2006-07-27,OPTIDX,NIFTY,3020.0,CE,0.0,0.0,0.0,300.6,390.15,0.0,0.0,0.0
2006-05-26,2006-07-27,OPTIDX,NIFTY,3030.0,CE,0.0,0.0,0.0,295.5,384.3,0.0,0.0,0.0
2006-05-26,2006-07-27,OPTIDX,NIFTY,3040.0,CE,0.0,0.0,0.0,290.4,378.55,0.0,0.0,0.0
2006-05-26,2006-07-27,OPTIDX,NIFTY,3050.0,CE,0.0,0.0,0.0,285.4,372.85,0.0,0.0,0.0
2006-05-26,2006-07-27,OPTIDX,NIFTY,3060.0,CE,0.0,0.0,0.0,280.5,367.2,0.0,0.0,0.0
2006-05-26,2006-07-27,OPTIDX,NIFTY,3070.0,CE,0.0,0.0,0.0,275.6,361.6,0.0,0.0,0.0
2006-05-26,2006-07-27,OPTIDX,NIFTY,3080.0,CE,0.0,0.0,0.0,270.8,356.1,0.0,0.0,0.0
2006-05-26,2006-07-27,OPTIDX,NIFTY,3090.0,CE,0.0,0.0,0.0,266.05,350.6,0.0,0.0,0.0
2006-05-26,2006-07-27,OPTIDX,NIFTY,3100.0,CE,0.0,0.0,0.0,261.35,345.2,0.0,0.0,0.0
2006-05-26,2006-07-27,OPTIDX,NIFTY,3110.0,CE,0.0,0.0,0.0,256.75,339.85,0.0,0.0,0.0
2006-05-26,2006-07-27,OPTIDX,NIFTY,3120.0,CE,0.0,0.0,0.0,252.15,334.6,0.0,0.0,0.0
2006-05-26,2006-07-27,OPTIDX,NIFTY,3130.0,CE,0.0,0.0,0.0,247.65,329.35,0.0,0.0,0.0
2006-05-26,2006-07-27,OPTIDX,NIFTY,3140.0,CE,0.0,0.0,0.0,243.2,324.2,0.0,0.0,0.0
2006-05-26,2006-07-27,OPTIDX,NIFTY,3150.0,CE,0.0,0.0,0.0,238.85,319.05,0.0,0.0,0.0
2006-05-26,2006-07-27,OPTIDX,NIFTY,3160.0,CE,0.0,0.0,0.0,335.2,314.0,0.0,0.0,0.0
2006-05-26,2006-07-27,OPTIDX,NIFTY,3170.0,CE,0.0,0.0,0.0,329.95,309.0,0.0,0.0,0.0
2006-05-26,2006-07-27,OPTIDX,NIFTY,3180.0,CE,0.0,0.0,0.0,324.8,304.05,0.0,0.0,0.0
2006-05-26,2006-07-27,OPTIDX,NIFTY,3190.0,CE,0.0,0.0,0.0,319.65,299.2,0.0,0.0,0.0
2006-05-26,2006-07-27,OPTIDX,NIFTY,3200.0,CE,200.0,200.0,200.0,200.0,200.0,1.0,3.4,100.0
2006-05-26,2006-07-27,OPTIDX,NIFTY,3210.0,CE,0.0,0.0,0.0,309.6,289.6,0.0,0.0,0.0
2006-05-26,2006-07-27,OPTIDX,NIFTY,3220.0,CE,0.0,0.0,0.0,304.6,284.9,0.0,0.0,0.0
2006-05-26,2006-07-27,OPTIDX,NIFTY,3230.0,CE,0.0,0.0,0.0,299.7,280.25,0.0,0.0,0.0
2006-05-26,2006-07-27,OPTIDX,NIFTY,3240.0,CE,0.0,0.0,0.0,294.9,275.7,0.0,0.0,0.0
2006-05-26,2006-07-27,OPTIDX,NIFTY,3250.0,CE,0.0,0.0,0.0,290.1,271.15,0.0,0.0,0.0
2006-05-26,2006-07-27,OPTIDX,NIFTY,3260.0,CE,0.0,0.0,0.0,285.4,266.65,0.0,0.0,0.0
2006-05-26,2006-07-27,OPTIDX,NIFTY,3270.0,CE,0.0,0.0,0.0,280.75,262.25,0.0,0.0,0.0
2006-05-26,2006-07-27,OPTIDX,NIFTY,3280.0,CE,0.0,0.0,0.0,276.1,257.9,0.0,0.0,0.0
2006-05-26,2006-07-27,OPTIDX,NIFTY,3290.0,CE,0.0,0.0,0.0,271.55,253.55,0.0,0.0,0.0
2006-05-26,2006-07-27,OPTIDX,NIFTY,3300.0,CE,148.0,148.0,148.0,148.0,148.0,1.0,3.44,100.0
2006-05-26,2006-07-27,OPTIDX,NIFTY,3310.0,CE,0.0,0.0,0.0,328.9,245.1,0.0,0.0,0.0
2006-05-26,2006-07-27,OPTIDX,NIFTY,3320.0,CE,0.0,0.0,0.0,323.7,241.0,0.0,0.0,0.0
2006-05-26,2006-07-27,OPTIDX,NIFTY,3330.0,CE,0.0,0.0,0.0,318.5,236.9,0.0,0.0,0.0
2006-05-26,2006-07-27,OPTIDX,NIFTY,3340.0,CE,0.0,0.0,0.0,313.35,232.85,0.0,0.0,0.0
2006-05-26,2006-07-27,OPTIDX,NIFTY,3350.0,CE,0.0,0.0,0.0,308.3,228.85,0.0,0.0,0.0
2006-05-26,2006-07-27,OPTIDX,NIFTY,3360.0,CE,0.0,0.0,0.0,303.3,224.95,0.0,0.0,0.0
2006-05-26,2006-07-27,OPTIDX,NIFTY,3370.0,CE,0.0,0.0,0.0,298.35,221.05,0.0,0.0,0.0
2006-05-26,2006-07-27,OPTIDX,NIFTY,3380.0,CE,0.0,0.0,0.0,293.45,217.25,0.0,0.0,0.0
2006-05-26,2006-07-27,OPTIDX,NIFTY,3390.0,CE,0.0,0.0,0.0,288.65,213.5,0.0,0.0,0.0
2006-05-26,2006-07-27,OPTIDX,NIFTY,3400.0,CE,89.0,89.0,89.0,89.0,89.0,1.0,3.48,200.0
2006-05-26,2006-07-27,OPTIDX,NIFTY,3410.0,CE,0.0,0.0,0.0,135.0,206.1,0.0,0.0,500.0
2006-05-26,2006-07-27,OPTIDX,NIFTY,3420.0,CE,0.0,0.0,0.0,277.65,202.5,0.0,0.0,0.0
2006-05-26,2006-07-27,OPTIDX,NIFTY,3430.0,CE,0.0,0.0,0.0,271.85,198.9,0.0,0.0,0.0
2006-05-26,2006-07-27,OPTIDX,NIFTY,3440.0,CE,0.0,0.0,0.0,266.2,195.4,0.0,0.0,0.0
2006-05-26,2006-07-27,OPTIDX,NIFTY,3450.0,CE,0.0,0.0,0.0,260.6,191.95,0.0,0.0,0.0
2006-05-26,2006-07-27,OPTIDX,NIFTY,3460.0,CE,0.0,0.0,0.0,255.05,188.55,0.0,0.0,0.0
2006-05-26,2006-07-27,OPTIDX,NIFTY,3470.0,CE,0.0,0.0,0.0,249.6,185.15,0.0,0.0,0.0
2006-05-26,2006-07-27,OPTIDX,NIFTY,3480.0,CE,0.0,0.0,0.0,244.25,181.85,0.0,0.0,0.0
2006-05-26,2006-07-27,OPTIDX,NIFTY,3490.0,CE,0.0,0.0,0.0,238.95,178.6,0.0,0.0,0.0
2006-05-26,2006-07-27,OPTIDX,NIFTY,3500.0,CE,54.0,54.0,54.0,54.0,54.0,1.0,3.55,200.0
2006-05-26,2006-07-27,OPTIDX,NIFTY,3510.0,CE,0.0,0.0,0.0,228.6,172.2,0.0,0.0,0.0
2006-05-26,2006-07-27,OPTIDX,NIFTY,3520.0,CE,0.0,0.0,0.0,223.55,169.05,0.0,0.0,0.0
2006-05-26,2006-07-27,OPTIDX,NIFTY,3530.0,CE,0.0,0.0,0.0,218.6,166.0,0.0,0.0,0.0
2006-05-26,2006-07-27,OPTIDX,NIFTY,3540.0,CE,0.0,0.0,0.0,213.7,162.95,0.0,0.0,0.0
2006-05-26,2006-07-27,OPTIDX,NIFTY,3550.0,CE,0.0,0.0,0.0,80.4,160.0,0.0,0.0,1400.0
2006-05-26,2006-07-27,OPTIDX,NIFTY,3560.0,CE,0.0,0.0,0.0,204.1,157.05,0.0,0.0,0.0
2006-05-26,2006-07-27,OPTIDX,NIFTY,3570.0,CE,0.0,0.0,0.0,199.45,154.15,0.0,0.0,0.0
2006-05-26,2006-07-27,OPTIDX,NIFTY,3580.0,CE,0.0,0.0,0.0,194.85,151.3,0.0,0.0,0.0
2006-05-26,2006-07-27,OPTIDX,NIFTY,3590.0,CE,0.0,0.0,0.0,190.35,148.5,0.0,0.0,0.0
2006-05-26,2006-07-27,OPTIDX,NIFTY,3600.0,CE,0.0,0.0,0.0,69.95,145.7,0.0,0.0,5600.0
2006-05-26,2006-07-27,OPTIDX,NIFTY,3610.0,CE,0.0,0.0,0.0,197.55,143.0,0.0,0.0,0.0
2006-05-26,2006-07-27,OPTIDX,NIFTY,3620.0,CE,0.0,0.0,0.0,192.85,140.3,0.0,0.0,0.0
2006-05-26,2006-07-27,OPTIDX,NIFTY,3630.0,CE,0.0,0.0,0.0,188.3,137.7,0.0,0.0,0.0
2006-05-26,2006-07-27,OPTIDX,NIFTY,3640.0,CE,0.0,0.0,0.0,183.75,135.1,0.0,0.0,0.0
2006-05-26,2006-07-27,OPTIDX,NIFTY,3650.0,CE,0.0,0.0,0.0,38.0,132.55,0.0,0.0,900.0
2006-05-26,2006-07-27,OPTIDX,NIFTY,3660.0,CE,0.0,0.0,0.0,194.25,130.2,0.0,0.0,0.0
2006-05-26,2006-07-27,OPTIDX,NIFTY,3670.0,CE,0.0,0.0,0.0,189.6,127.7,0.0,0.0,0.0
2006-05-26,2006-07-27,OPTIDX,NIFTY,3680.0,CE,0.0,0.0,0.0,185.05,125.3,0.0,0.0,0.0
2006-05-26,2006-07-27,OPTIDX,NIFTY,3690.0,CE,0.0,0.0,0.0,180.55,122.9,0.0,0.0,0.0
2006-05-26,2006-07-27,OPTIDX,NIFTY,3700.0,CE,49.95,49.95,49.95,49.95,49.95,1.0,3.74,2800.0
2006-05-26,2006-07-27,OPTIDX,NIFTY,3710.0,CE,0.0,0.0,0.0,180.9,118.25,0.0,0.0,0.0
2006-05-26,2006-07-27,OPTIDX,NIFTY,3720.0,CE,0.0,0.0,0.0,176.4,116.0,0.0,0.0,0.0
2006-05-26,2006-07-27,OPTIDX,NIFTY,3730.0,CE,0.0,0.0,0.0,172.45,113.75,0.0,0.0,0.0
2006-05-26,2006-07-27,OPTIDX,NIFTY,3740.0,CE,0.0,0.0,0.0,168.0,111.55,0.0,0.0,0.0
2006-05-26,2006-07-27,OPTIDX,NIFTY,3750.0,CE,0.0,0.0,0.0,30.0,109.4,0.0,0.0,2100.0
2006-05-26,2006-07-27,OPTIDX,NIFTY,3760.0,CE,0.0,0.0,0.0,167.8,107.3,0.0,0.0,0.0
2006-05-26,2006-07-27,OPTIDX,NIFTY,3770.0,CE,0.0,0.0,0.0,163.25,105.2,0.0,0.0,0.0
2006-05-26,2006-07-27,OPTIDX,NIFTY,3780.0,CE,0.0,0.0,0.0,55.1,103.15,0.0,0.0,700.0
2006-05-26,2006-07-27,OPTIDX,NIFTY,3790.0,CE,0.0,0.0,0.0,163.2,101.15,0.0,0.0,0.0
2006-05-26,2006-07-27,OPTIDX,NIFTY,3800.0,CE,0.0,0.0,0.0,39.95,99.15,0.0,0.0,6500.0
2006-05-26,2006-07-27,OPTIDX,NIFTY,3810.0,CE,0.0,0.0,0.0,154.2,97.25,0.0,0.0,0.0
2006-05-26,2006-07-27,OPTIDX,NIFTY,3820.0,CE,0.0,0.0,0.0,162.6,95.3,0.0,0.0,0.0
2006-05-26,2006-07-27,OPTIDX,NIFTY,3830.0,CE,0.0,0.0,0.0,158.0,93.3,0.0,0.0,0.0
2006-05-26,2006-07-27,OPTIDX,NIFTY,3840.0,CE,0.0,0.0,0.0,153.5,91.45,0.0,0.0,0.0
2006-05-26,2006-07-27,OPTIDX,NIFTY,2990.0,PE,0.0,0.0,0.0,188.15,154.1,0.0,0.0,0.0
2006-05-26,2006-07-27,OPTIDX,NIFTY,3000.0,PE,120.0,120.0,120.0,120.0,120.0,10.0,31.2,1000.0
2006-05-26,2006-07-27,OPTIDX,NIFTY,3010.0,PE,0.0,0.0,0.0,197.35,161.95,0.0,0.0,0.0
2006-05-26,2006-07-27,OPTIDX,NIFTY,3020.0,PE,0.0,0.0,0.0,202.05,165.95,0.0,0.0,0.0
2006-05-26,2006-07-27,OPTIDX,NIFTY,3030.0,PE,0.0,0.0,0.0,206.8,170.0,0.0,0.0,0.0
2006-05-26,2006-07-27,OPTIDX,NIFTY,3040.0,PE,0.0,0.0,0.0,211.6,174.15,0.0,0.0,0.0
2006-05-26,2006-07-27,OPTIDX,NIFTY,3050.0,PE,0.0,0.0,0.0,216.45,178.3,0.0,0.0,0.0
2006-05-26,2006-07-27,OPTIDX,NIFTY,3060.0,PE,0.0,0.0,0.0,221.4,182.55,0.0,0.0,0.0
2006-05-26,2006-07-27,OPTIDX,NIFTY,3070.0,PE,0.0,0.0,0.0,226.4,186.85,0.0,0.0,0.0
2006-05-26,2006-07-27,OPTIDX,NIFTY,3080.0,PE,0.0,0.0,0.0,231.45,191.2,0.0,0.0,0.0
2006-05-26,2006-07-27,OPTIDX,NIFTY,3090.0,PE,0.0,0.0,0.0,236.6,195.65,0.0,0.0,0.0
2006-05-26,2006-07-27,OPTIDX,NIFTY,3100.0,PE,0.0,0.0,0.0,241.8,200.1,0.0,0.0,0.0
2006-05-26,2006-07-27,OPTIDX,NIFTY,3110.0,PE,0.0,0.0,0.0,247.05,204.65,0.0,0.0,0.0
2006-05-26,2006-07-27,OPTIDX,NIFTY,3120.0,PE,0.0,0.0,0.0,252.35,209.25,0.0,0.0,0.0
2006-05-26,2006-07-27,OPTIDX,NIFTY,3130.0,PE,0.0,0.0,0.0,257.75,213.9,0.0,0.0,0.0
2006-05-26,2006-07-27,OPTIDX,NIFTY,3140.0,PE,0.0,0.0,0.0,263.15,218.65,0.0,0.0,0.0
2006-05-26,2006-07-27,OPTIDX,NIFTY,3150.0,PE,0.0,0.0,0.0,268.65,223.4,0.0,0.0,0.0
2006-05-26,2006-07-27,OPTIDX,NIFTY,3160.0,PE,0.0,0.0,0.0,207.3,228.25,0.0,0.0,0.0
2006-05-26,2006-07-27,OPTIDX,NIFTY,3170.0,PE,0.0,0.0,0.0,211.95,233.1,0.0,0.0,0.0
2006-05-26,2006-07-27,OPTIDX,NIFTY,3180.0,PE,0.0,0.0,0.0,216.6,238.05,0.0,0.0,0.0
2006-05-26,2006-07-27,OPTIDX,NIFTY,3190.0,PE,0.0,0.0,0.0,221.35,243.05,0.0,0.0,0.0
2006-05-26,2006-07-27,OPTIDX,NIFTY,3200.0,PE,0.0,0.0,0.0,226.15,248.15,0.0,0.0,0.0
2006-05-26,2006-07-27,OPTIDX,NIFTY,3210.0,PE,0.0,0.0,0.0,231.0,253.25,0.0,0.0,0.0
2006-05-26,2006-07-27,OPTIDX,NIFTY,3220.0,PE,0.0,0.0,0.0,235.9,258.45,0.0,0.0,0.0
2006-05-26,2006-07-27,OPTIDX,NIFTY,3230.0,PE,0.0,0.0,0.0,240.9,263.7,0.0,0.0,0.0
2006-05-26,2006-07-27,OPTIDX,NIFTY,3240.0,PE,0.0,0.0,0.0,245.95,269.0,0.0,0.0,0.0
2006-05-26,2006-07-27,OPTIDX,NIFTY,3250.0,PE,0.0,0.0,0.0,251.05,274.35,0.0,0.0,0.0
2006-05-26,2006-07-27,OPTIDX,NIFTY,3260.0,PE,0.0,0.0,0.0,256.2,279.75,0.0,0.0,0.0
2006-05-26,2006-07-27,OPTIDX,NIFTY,3270.0,PE,0.0,0.0,0.0,261.4,285.2,0.0,0.0,0.0
2006-05-26,2006-07-27,OPTIDX,NIFTY,3280.0,PE,0.0,0.0,0.0,266.65,290.7,0.0,0.0,0.0
2006-05-26,2006-07-27,OPTIDX,NIFTY,3290.0,PE,0.0,0.0,0.0,272.0,296.3,0.0,0.0,0.0
2006-05-26,2006-07-27,OPTIDX,NIFTY,3300.0,PE,0.0,0.0,0.0,202.3,301.95,0.0,0.0,0.0
2006-05-26,2006-07-27,OPTIDX,NIFTY,3310.0,PE,0.0,0.0,0.0,206.9,307.6,0.0,0.0,0.0
2006-05-26,2006-07-27,OPTIDX,NIFTY,3320.0,PE,0.0,0.0,0.0,211.5,313.35,0.0,0.0,0.0
2006-05-26,2006-07-27,OPTIDX,NIFTY,3330.0,PE,0.0,0.0,0.0,216.2,319.15,0.0,0.0,0.0
2006-05-26,2006-07-27,OPTIDX,NIFTY,3340.0,PE,0.0,0.0,0.0,220.95,325.0,0.0,0.0,0.0
2006-05-26,2006-07-27,OPTIDX,NIFTY,3350.0,PE,0.0,0.0,0.0,225.75,330.9,0.0,0.0,0.0
2006-05-26,2006-07-27,OPTIDX,NIFTY,3360.0,PE,0.0,0.0,0.0,230.6,336.85,0.0,0.0,0.0
2006-05-26,2006-07-27,OPTIDX,NIFTY,3370.0,PE,0.0,0.0,0.0,235.55,342.9,0.0,0.0,0.0
2006-05-26,2006-07-27,OPTIDX,NIFTY,3380.0,PE,0.0,0.0,0.0,240.5,348.95,0.0,0.0,0.0
2006-05-26,2006-07-27,OPTIDX,NIFTY,3390.0,PE,0.0,0.0,0.0,245.55,355.05,0.0,0.0,0.0
2006-05-26,2006-07-27,OPTIDX,NIFTY,3400.0,PE,0.0,0.0,0.0,202.0,361.25,0.0,0.0,100.0
2006-05-26,2006-07-27,OPTIDX,NIFTY,3410.0,PE,0.0,0.0,0.0,140.0,367.45,0.0,0.0,500.0
2006-05-26,2006-07-27,OPTIDX,NIFTY,3420.0,PE,0.0,0.0,0.0,131.05,373.7,0.0,0.0,0.0
2006-05-26,2006-07-27,OPTIDX,NIFTY,3430.0,PE,0.0,0.0,0.0,135.1,380.05,0.0,0.0,0.0
2006-05-26,2006-07-27,OPTIDX,NIFTY,3440.0,PE,0.0,0.0,0.0,139.25,386.4,0.0,0.0,0.0
2006-05-26,2006-07-27,OPTIDX,NIFTY,3450.0,PE,450.0,568.0,330.0,397.0,397.0,711.0,2745.37,588400.0
2006-05-26,2006-07-27,OPTIDX,NIFTY,3460.0,PE,0.0,0.0,0.0,147.8,399.3,0.0,0.0,0.0
2006-05-26,2006-07-27,OPTIDX,NIFTY,3470.0,PE,0.0,0.0,0.0,152.15,405.85,0.0,0.0,0.0
2006-05-26,2006-07-27,OPTIDX,NIFTY,3480.0,PE,0.0,0.0,0.0,156.65,412.4,0.0,0.0,0.0
2006-05-26,2006-07-27,OPTIDX,NIFTY,3490.0,PE,0.0,0.0,0.0,161.15,419.0,0.0,0.0,0.0
2006-05-26,2006-07-27,OPTIDX,NIFTY,3500.0,PE,0.0,0.0,0.0,500.0,425.7,0.0,0.0,170400.0
2006-05-26,2006-07-27,OPTIDX,NIFTY,3510.0,PE,0.0,0.0,0.0,170.5,432.4,0.0,0.0,0.0
2006-05-26,2006-07-27,OPTIDX,NIFTY,3520.0,PE,0.0,0.0,0.0,175.25,439.15,0.0,0.0,0.0
2006-05-26,2006-07-27,OPTIDX,NIFTY,3530.0,PE,0.0,0.0,0.0,180.1,445.95,0.0,0.0,0.0
2006-05-26,2006-07-27,OPTIDX,NIFTY,3540.0,PE,0.0,0.0,0.0,185.05,452.85,0.0,0.0,0.0
2006-05-26,2006-07-27,OPTIDX,NIFTY,3550.0,PE,0.0,0.0,0.0,595.0,459.75,0.0,0.0,200.0
2006-05-26,2006-07-27,OPTIDX,NIFTY,3560.0,PE,0.0,0.0,0.0,195.1,466.65,0.0,0.0,0.0
2006-05-26,2006-07-27,OPTIDX,NIFTY,3570.0,PE,0.0,0.0,0.0,200.3,473.65,0.0,0.0,0.0
2006-05-26,2006-07-27,OPTIDX,NIFTY,3580.0,PE,0.0,0.0,0.0,205.5,480.7,0.0,0.0,0.0
2006-05-26,2006-07-27,OPTIDX,NIFTY,3590.0,PE,0.0,0.0,0.0,210.85,487.8,0.0,0.0,0.0
2006-05-26,2006-07-27,OPTIDX,NIFTY,3600.0,PE,0.0,0.0,0.0,625.0,494.9,0.0,0.0,150100.0
2006-05-26,2006-07-27,OPTIDX,NIFTY,3610.0,PE,0.0,0.0,0.0,189.8,502.05,0.0,0.0,0.0
2006-05-26,2006-07-27,OPTIDX,NIFTY,3620.0,PE,0.0,0.0,0.0,194.95,509.25,0.0,0.0,0.0
2006-05-26,2006-07-27,OPTIDX,NIFTY,3630.0,PE,0.0,0.0,0.0,200.2,516.5,0.0,0.0,0.0
2006-05-26,2006-07-27,OPTIDX,NIFTY,3640.0,PE,0.0,0.0,0.0,205.5,523.8,0.0,0.0,0.0
2006-05-26,2006-07-27,OPTIDX,NIFTY,3650.0,PE,0.0,0.0,0.0,210.9,531.15,0.0,0.0,0.0
2006-05-26,2006-07-27,OPTIDX,NIFTY,3660.0,PE,0.0,0.0,0.0,190.1,538.7,0.0,0.0,0.0
2006-05-26,2006-07-27,OPTIDX,NIFTY,3670.0,PE,0.0,0.0,0.0,195.3,546.1,0.0,0.0,0.0
2006-05-26,2006-07-27,OPTIDX,NIFTY,3680.0,PE,0.0,0.0,0.0,200.55,553.55,0.0,0.0,0.0
2006-05-26,2006-07-27,OPTIDX,NIFTY,3690.0,PE,0.0,0.0,0.0,205.9,561.05,0.0,0.0,0.0
2006-05-26,2006-07-27,OPTIDX,NIFTY,3700.0,PE,0.0,0.0,0.0,690.0,568.6,0.0,0.0,100.0
2006-05-26,2006-07-27,OPTIDX,NIFTY,3710.0,PE,0.0,0.0,0.0,1180.0,576.2,0.0,0.0,0.0
2006-05-26,2006-07-27,OPTIDX,NIFTY,3720.0,PE,0.0,0.0,0.0,202.85,583.8,0.0,0.0,0.0
2006-05-26,2006-07-27,OPTIDX,NIFTY,3730.0,PE,0.0,0.0,0.0,195.1,591.45,0.0,0.0,0.0
2006-05-26,2006-07-27,OPTIDX,NIFTY,3740.0,PE,0.0,0.0,0.0,200.5,599.15,0.0,0.0,0.0
2006-05-26,2006-07-27,OPTIDX,NIFTY,3750.0,PE,0.0,0.0,0.0,171.0,606.9,0.0,0.0,300.0
2006-05-26,2006-07-27,OPTIDX,NIFTY,3760.0,PE,0.0,0.0,0.0,177.45,614.65,0.0,0.0,0.0
2006-05-26,2006-07-27,OPTIDX,NIFTY,3770.0,PE,0.0,0.0,0.0,182.75,622.45,0.0,0.0,0.0
2006-05-26,2006-07-27,OPTIDX,NIFTY,3780.0,PE,0.0,0.0,0.0,188.15,630.3,0.0,0.0,0.0
2006-05-26,2006-07-27,OPTIDX,NIFTY,3790.0,PE,0.0,0.0,0.0,175.4,638.15,0.0,0.0,0.0
2006-05-26,2006-07-27,OPTIDX,NIFTY,3800.0,PE,0.0,0.0,0.0,672.0,646.05,0.0,0.0,1200.0
2006-05-26,2006-07-27,OPTIDX,NIFTY,3810.0,PE,0.0,0.0,0.0,186.1,654.0,0.0,0.0,0.0
2006-05-26,2006-07-27,OPTIDX,NIFTY,3820.0,PE,0.0,0.0,0.0,171.6,662.0,0.0,0.0,0.0
2006-05-26,2006-07-27,OPTIDX,NIFTY,3830.0,PE,0.0,0.0,0.0,176.9,669.85,0.0,0.0,0.0
2006-05-26,2006-07-27,OPTIDX,NIFTY,3840.0,PE,0.0,0.0,0.0,182.25,677.9,0.0,0.0,0.0
2006-05-26,2006-08-31,OPTIDX,NIFTY,3090.0,CE,0.0,0.0,0.0,417.0,425.95,0.0,0.0,0.0
2006-05-26,2006-08-31,OPTIDX,NIFTY,3100.0,CE,0.0,0.0,0.0,411.95,420.75,0.0,0.0,0.0
2006-05-26,2006-08-31,OPTIDX,NIFTY,3110.0,CE,0.0,0.0,0.0,407.0,415.6,0.0,0.0,0.0
2006-05-26,2006-08-31,OPTIDX,NIFTY,3120.0,CE,0.0,0.0,0.0,402.1,410.55,0.0,0.0,0.0
2006-05-26,2006-08-31,OPTIDX,NIFTY,3130.0,CE,0.0,0.0,0.0,397.2,405.5,0.0,0.0,0.0
2006-05-26,2006-08-31,OPTIDX,NIFTY,3140.0,CE,0.0,0.0,0.0,392.4,400.5,0.0,0.0,0.0
2006-05-26,2006-08-31,OPTIDX,NIFTY,3150.0,CE,0.0,0.0,0.0,387.6,395.55,0.0,0.0,0.0
2006-05-26,2006-08-31,OPTIDX,NIFTY,3160.0,CE,0.0,0.0,0.0,382.9,390.6,0.0,0.0,0.0
2006-05-26,2006-08-31,OPTIDX,NIFTY,3170.0,CE,0.0,0.0,0.0,378.2,385.75,0.0,0.0,0.0
2006-05-26,2006-08-31,OPTIDX,NIFTY,3180.0,CE,0.0,0.0,0.0,373.55,380.95,0.0,0.0,0.0
2006-05-26,2006-08-31,OPTIDX,NIFTY,3190.0,CE,0.0,0.0,0.0,368.95,376.2,0.0,0.0,0.0
2006-05-26,2006-08-31,OPTIDX,NIFTY,3200.0,CE,0.0,0.0,0.0,364.4,371.45,0.0,0.0,0.0
2006-05-26,2006-08-31,OPTIDX,NIFTY,3210.0,CE,0.0,0.0,0.0,359.9,366.8,0.0,0.0,0.0
2006-05-26,2006-08-31,OPTIDX,NIFTY,3220.0,CE,0.0,0.0,0.0,355.45,362.15,0.0,0.0,0.0
2006-05-26,2006-08-31,OPTIDX,NIFTY,3230.0,CE,0.0,0.0,0.0,351.0,357.6,0.0,0.0,0.0
2006-05-26,2006-08-31,OPTIDX,NIFTY,3240.0,CE,0.0,0.0,0.0,346.65,353.05,0.0,0.0,0.0
2006-05-26,2006-08-31,OPTIDX,NIFTY,3250.0,CE,0.0,0.0,0.0,342.3,348.55,0.0,0.0,0.0
2006-05-26,2006-08-31,OPTIDX,NIFTY,3260.0,CE,0.0,0.0,0.0,338.0,344.1,0.0,0.0,0.0
2006-05-26,2006-08-31,OPTIDX,NIFTY,3270.0,CE,0.0,0.0,0.0,333.75,339.7,0.0,0.0,0.0
2006-05-26,2006-08-31,OPTIDX,NIFTY,3280.0,CE,0.0,0.0,0.0,0.0,0.0,0.0,0.0,0.0
2006-05-26,2006-08-31,OPTIDX,NIFTY,3290.0,CE,0.0,0.0,0.0,0.0,0.0,0.0,0.0,0.0
2006-05-26,2006-08-31,OPTIDX,NIFTY,3300.0,CE,0.0,0.0,0.0,0.0,0.0,0.0,0.0,0.0
2006-05-26,2006-08-31,OPTIDX,NIFTY,3090.0,PE,0.0,0.0,0.0,273.05,251.15,0.0,0.0,0.0
2006-05-26,2006-08-31,OPTIDX,NIFTY,3100.0,PE,0.0,0.0,0.0,277.85,255.8,0.0,0.0,0.0
2006-05-26,2006-08-31,OPTIDX,NIFTY,3110.0,PE,0.0,0.0,0.0,282.7,260.5,0.0,0.0,0.0
2006-05-26,2006-08-31,OPTIDX,NIFTY,3120.0,PE,0.0,0.0,0.0,287.6,265.2,0.0,0.0,0.0
2006-05-26,2006-08-31,OPTIDX,NIFTY,3130.0,PE,0.0,0.0,0.0,292.55,270.0,0.0,0.0,0.0
2006-05-26,2006-08-31,OPTIDX,NIFTY,3140.0,PE,0.0,0.0,0.0,297.55,274.8,0.0,0.0,0.0
2006-05-26,2006-08-31,OPTIDX,NIFTY,3150.0,PE,0.0,0.0,0.0,302.6,279.7,0.0,0.0,0.0
2006-05-26,2006-08-31,OPTIDX,NIFTY,3160.0,PE,0.0,0.0,0.0,307.7,284.6,0.0,0.0,0.0
2006-05-26,2006-08-31,OPTIDX,NIFTY,3170.0,PE,0.0,0.0,0.0,312.8,289.55,0.0,0.0,0.0
2006-05-26,2006-08-31,OPTIDX,NIFTY,3180.0,PE,0.0,0.0,0.0,318.0,294.55,0.0,0.0,0.0
2006-05-26,2006-08-31,OPTIDX,NIFTY,3190.0,PE,0.0,0.0,0.0,323.2,299.6,0.0,0.0,0.0
2006-05-26,2006-08-31,OPTIDX,NIFTY,3200.0,PE,0.0,0.0,0.0,328.45,304.7,0.0,0.0,0.0
2006-05-26,2006-08-31,OPTIDX,NIFTY,3210.0,PE,0.0,0.0,0.0,333.8,309.85,0.0,0.0,0.0
2006-05-26,2006-08-31,OPTIDX,NIFTY,3220.0,PE,0.0,0.0,0.0,339.15,315.05,0.0,0.0,0.0
2006-05-26,2006-08-31,OPTIDX,NIFTY,3230.0,PE,0.0,0.0,0.0,344.55,320.3,0.0,0.0,0.0
2006-05-26,2006-08-31,OPTIDX,NIFTY,3240.0,PE,0.0,0.0,0.0,349.95,325.6,0.0,0.0,0.0
2006-05-26,2006-08-31,OPTIDX,NIFTY,3250.0,PE,0.0,0.0,0.0,355.45,330.9,0.0,0.0,0.0
2006-05-26,2006-08-31,OPTIDX,NIFTY,3260.0,PE,0.0,0.0,0.0,361.0,336.3,0.0,0.0,0.0
2006-05-26,2006-08-31,OPTIDX,NIFTY,3270.0,PE,0.0,0.0,0.0,366.55,341.7,0.0,0.0,0.0
2006-05-26,2006-08-31,OPTIDX,NIFTY,3280.0,PE,0.0,0.0,0.0,0.0,0.0,0.0,0.0,0.0
2006-05-26,2006-08-31,OPTIDX,NIFTY,3290.0,PE,0.0,0.0,0.0,0.0,0.0,0.0,0.0,0.0
2006-05-26,2006-08-31,OPTIDX,NIFTY,3300.0,PE,0.0,0.0,0.0,0.0,0.0,0.0,0.0,0.0
2006-05-26,2006-06-29,OPTSTK,ABB,2280.0,CA,0.0,0.0,0.0,251.3,373.45,0.0,0.0,0.0
2006-05-26,2006-06-29,OPTSTK,ABB,2310.0,CA,0.0,0.0,0.0,235.65,354.7,0.0,0.0,0.0
2006-05-26,2006-06-29,OPTSTK,ABB,2340.0,CA,0.0,0.0,0.0,220.7,336.55,0.0,0.0,0.0
2006-05-26,2006-06-29,OPTSTK,ABB,2370.0,CA,0.0,0.0,0.0,206.45,319.05,0.0,0.0,0.0
2006-05-26,2006-06-29,OPTSTK,ABB,2400.0,CA,0.0,0.0,0.0,319.1,302.25,0.0,0.0,0.0
2006-05-26,2006-06-29,OPTSTK,ABB,2430.0,CA,0.0,0.0,0.0,180.05,286.05,0.0,0.0,0.0
2006-05-26,2006-06-29,OPTSTK,ABB,2450.0,CA,0.0,0.0,0.0,291.0,275.6,0.0,0.0,0.0
2006-05-26,2006-06-29,OPTSTK,ABB,2460.0,CA,0.0,0.0,0.0,167.85,270.45,0.0,0.0,0.0
2006-05-26,2006-06-29,OPTSTK,ABB,2490.0,CA,0.0,0.0,0.0,222.9,255.5,0.0,0.0,0.0
2006-05-26,2006-06-29,OPTSTK,ABB,2500.0,CA,0.0,0.0,0.0,264.7,250.7,0.0,0.0,0.0
2006-05-26,2006-06-29,OPTSTK,ABB,2520.0,CA,0.0,0.0,0.0,210.1,241.2,0.0,0.0,0.0
2006-05-26,2006-06-29,OPTSTK,ABB,2550.0,CA,0.0,0.0,0.0,240.15,227.5,0.0,0.0,0.0
2006-05-26,2006-06-29,OPTSTK,ABB,2600.0,CA,0.0,0.0,0.0,304.9,206.0,0.0,0.0,0.0
2006-05-26,2006-06-29,OPTSTK,ABB,2650.0,CA,0.0,0.0,0.0,277.2,186.15,0.0,0.0,0.0
2006-05-26,2006-06-29,OPTSTK,ABB,2700.0,CA,0.0,0.0,0.0,251.3,167.85,0.0,0.0,0.0
2006-05-26,2006-06-29,OPTSTK,ABB,2750.0,CA,0.0,0.0,0.0,281.75,151.05,0.0,0.0,0.0
2006-05-26,2006-06-29,OPTSTK,ABB,2800.0,CA,0.0,0.0,0.0,251.0,135.65,0.0,0.0,0.0
2006-05-26,2006-06-29,OPTSTK,ABB,2850.0,CA,0.0,0.0,0.0,222.5,121.55,0.0,0.0,0.0
2006-05-26,2006-06-29,OPTSTK,ABB,2900.0,CA,0.0,0.0,0.0,196.25,108.9,0.0,0.0,0.0
2006-05-26,2006-06-29,OPTSTK,ABB,2950.0,CA,0.0,0.0,0.0,172.2,97.3,0.0,0.0,0.0
2006-05-26,2006-06-29,OPTSTK,ABB,3000.0,CA,0.0,0.0,0.0,150.35,86.8,0.0,0.0,0.0
2006-05-26,2006-06-29,OPTSTK,ABB,3050.0,CA,0.0,0.0,0.0,130.65,77.2,0.0,0.0,0.0
2006-05-26,2006-06-29,OPTSTK,ABB,3100.0,CA,0.0,0.0,0.0,128.4,68.6,0.0,0.0,0.0
2006-05-26,2006-06-29,OPTSTK,ABB,3150.0,CA,0.0,0.0,0.0,209.3,60.9,0.0,0.0,0.0
2006-05-26,2006-06-29,OPTSTK,ABB,3200.0,CA,0.0,0.0,0.0,188.05,53.95,0.0,0.0,0.0
2006-05-26,2006-06-29,OPTSTK,ABB,3250.0,CA,0.0,0.0,0.0,175.3,47.75,0.0,0.0,0.0
2006-05-26,2006-06-29,OPTSTK,ABB,3300.0,CA,0.0,0.0,0.0,200.05,42.15,0.0,0.0,0.0
2006-05-26,2006-06-29,OPTSTK,ABB,3350.0,CA,0.0,0.0,0.0,180.0,37.2,0.0,0.0,0.0
2006-05-26,2006-06-29,OPTSTK,ABB,3400.0,CA,0.0,0.0,0.0,177.85,32.8,0.0,0.0,0.0
2006-05-26,2006-06-29,OPTSTK,ABB,3450.0,CA,0.0,0.0,0.0,127.65,28.85,0.0,0.0,0.0
2006-05-26,2006-06-29,OPTSTK,ABB,2280.0,PA,0.0,0.0,0.0,150.8,112.65,0.0,0.0,0.0
2006-05-26,2006-06-29,OPTSTK,ABB,2310.0,PA,0.0,0.0,0.0,164.9,123.7,0.0,0.0,0.0
2006-05-26,2006-06-29,OPTSTK,ABB,2340.0,PA,0.0,0.0,0.0,179.75,135.4,0.0,0.0,0.0
2006-05-26,2006-06-29,OPTSTK,ABB,2370.0,PA,0.0,0.0,0.0,195.3,147.7,0.0,0.0,0.0
2006-05-26,2006-06-29,OPTSTK,ABB,2400.0,PA,0.0,0.0,0.0,140.65,160.65,0.0,0.0,0.0
2006-05-26,2006-06-29,OPTSTK,ABB,2430.0,PA,0.0,0.0,0.0,228.45,174.3,0.0,0.0,0.0
2006-05-26,2006-06-29,OPTSTK,ABB,2450.0,PA,0.0,0.0,0.0,162.15,183.7,0.0,0.0,0.0
2006-05-26,2006-06-29,OPTSTK,ABB,2460.0,PA,0.0,0.0,0.0,246.05,188.5,0.0,0.0,0.0
2006-05-26,2006-06-29,OPTSTK,ABB,2490.0,PA,0.0,0.0,0.0,241.2,203.4,0.0,0.0,0.0
2006-05-26,2006-06-29,OPTSTK,ABB,2500.0,PA,0.0,0.0,0.0,185.45,208.5,0.0,0.0,0.0
2006-05-26,2006-06-29,OPTSTK,ABB,2520.0,PA,0.0,0.0,0.0,258.15,218.9,0.0,0.0,0.0
2006-05-26,2006-06-29,OPTSTK,ABB,2550.0,PA,0.0,0.0,0.0,210.55,235.0,0.0,0.0,0.0
2006-05-26,2006-06-29,OPTSTK,ABB,2600.0,PA,0.0,0.0,0.0,144.75,263.2,0.0,0.0,0.0
2006-05-26,2006-06-29,OPTSTK,ABB,2650.0,PA,0.0,0.0,0.0,166.65,293.05,0.0,0.0,0.0
2006-05-26,2006-06-29,OPTSTK,ABB,2700.0,PA,0.0,0.0,0.0,190.4,324.4,0.0,0.0,0.0
2006-05-26,2006-06-29,OPTSTK,ABB,2750.0,PA,0.0,0.0,0.0,87.75,357.25,0.0,0.0,0.0
2006-05-26,2006-06-29,OPTSTK,ABB,2800.0,PA,0.0,0.0,0.0,105.95,391.55,0.0,0.0,0.0
2006-05-26,2006-06-29,OPTSTK,ABB,2850.0,PA,0.0,0.0,0.0,126.4,427.15,0.0,0.0,0.0
2006-05-26,2006-06-29,OPTSTK,ABB,2900.0,PA,0.0,0.0,0.0,149.05,464.2,0.0,0.0,0.0
2006-05-26,2006-06-29,OPTSTK,ABB,2950.0,PA,0.0,0.0,0.0,173.95,502.25,0.0,0.0,0.0
2006-05-26,2006-06-29,OPTSTK,ABB,3000.0,PA,0.0,0.0,0.0,201.05,541.45,0.0,0.0,0.0
2006-05-26,2006-06-29,OPTSTK,ABB,3050.0,PA,0.0,0.0,0.0,230.3,581.55,0.0,0.0,0.0
2006-05-26,2006-06-29,OPTSTK,ABB,3100.0,PA,0.0,0.0,0.0,236.2,622.65,0.0,0.0,0.0
2006-05-26,2006-06-29,OPTSTK,ABB,3150.0,PA,0.0,0.0,0.0,227.05,664.6,0.0,0.0,0.0
2006-05-26,2006-06-29,OPTSTK,ABB,3200.0,PA,0.0,0.0,0.0,254.8,707.35,0.0,0.0,0.0
2006-05-26,2006-06-29,OPTSTK,ABB,3250.0,PA,0.0,0.0,0.0,263.65,750.8,0.0,0.0,0.0
2006-05-26,2006-06-29,OPTSTK,ABB,3300.0,PA,0.0,0.0,0.0,256.0,794.95,0.0,0.0,0.0
2006-05-26,2006-06-29,OPTSTK,ABB,3350.0,PA,0.0,0.0,0.0,285.0,839.65,0.0,0.0,0.0
2006-05-26,2006-06-29,OPTSTK,ABB,3400.0,PA,0.0,0.0,0.0,270.05,884.95,0.0,0.0,0.0
2006-05-26,2006-06-29,OPTSTK,ABB,3450.0,PA,0.0,0.0,0.0,268.4,930.7,0.0,0.0,0.0
2006-05-26,2006-07-27,OPTSTK,ABB,2280.0,CA,0.0,0.0,0.0,318.65,450.3,0.0,0.0,0.0
2006-05-26,2006-07-27,OPTSTK,ABB,2310.0,CA,0.0,0.0,0.0,303.7,433.2,0.0,0.0,0.0
2006-05-26,2006-07-27,OPTSTK,ABB,2340.0,CA,0.0,0.0,0.0,289.35,416.6,0.0,0.0,0.0
2006-05-26,2006-07-27,OPTSTK,ABB,2370.0,CA,0.0,0.0,0.0,275.5,400.5,0.0,0.0,0.0
2006-05-26,2006-07-27,OPTSTK,ABB,2400.0,CA,0.0,0.0,0.0,387.9,384.85,0.0,0.0,0.0
2006-05-26,2006-07-27,OPTSTK,ABB,2430.0,CA,0.0,0.0,0.0,249.4,369.7,0.0,0.0,0.0
2006-05-26,2006-07-27,OPTSTK,ABB,2450.0,CA,0.0,0.0,0.0,361.45,359.85,0.0,0.0,0.0
2006-05-26,2006-07-27,OPTSTK,ABB,2460.0,CA,0.0,0.0,0.0,237.1,355.0,0.0,0.0,0.0
2006-05-26,2006-07-27,OPTSTK,ABB,2490.0,CA,0.0,0.0,0.0,307.1,340.8,0.0,0.0,0.0
2006-05-26,2006-07-27,OPTSTK,ABB,2500.0,CA,0.0,0.0,0.0,336.4,336.15,0.0,0.0,0.0
2006-05-26,2006-07-27,OPTSTK,ABB,2520.0,CA,0.0,0.0,0.0,294.45,327.05,0.0,0.0,0.0
2006-05-26,2006-07-27,OPTSTK,ABB,2550.0,CA,0.0,0.0,0.0,312.75,313.7,0.0,0.0,0.0
2006-05-26,2006-07-27,OPTSTK,ABB,2600.0,CA,0.0,0.0,0.0,372.5,292.5,0.0,0.0,0.0
2006-05-26,2006-07-27,OPTSTK,ABB,2650.0,CA,0.0,0.0,0.0,346.25,272.5,0.0,0.0,0.0
2006-05-26,2006-07-27,OPTSTK,ABB,2700.0,CA,0.0,0.0,0.0,321.35,253.65,0.0,0.0,0.0
2006-05-26,2006-07-27,OPTSTK,ABB,2750.0,CA,0.0,0.0,0.0,297.9,235.95,0.0,0.0,0.0
2006-05-26,2006-07-27,OPTSTK,ABB,2800.0,CA,0.0,0.0,0.0,315.55,219.3,0.0,0.0,0.0
2006-05-26,2006-07-27,OPTSTK,ABB,2850.0,CA,0.0,0.0,0.0,295.95,203.65,0.0,0.0,0.0
2006-05-26,2006-07-27,OPTSTK,ABB,2900.0,CA,0.0,0.0,0.0,355.55,189.0,0.0,0.0,0.0
2006-05-26,2006-07-27,OPTSTK,ABB,2950.0,CA,0.0,0.0,0.0,328.05,175.25,0.0,0.0,0.0
2006-05-26,2006-07-27,OPTSTK,ABB,3000.0,CA,0.0,0.0,0.0,302.05,162.55,0.0,0.0,0.0
2006-05-26,2006-07-27,OPTSTK,ABB,3050.0,CA,0.0,0.0,0.0,277.6,150.6,0.0,0.0,0.0
2006-05-26,2006-07-27,OPTSTK,ABB,3100.0,CA,0.0,0.0,0.0,254.7,139.45,0.0,0.0,0.0
2006-05-26,2006-07-27,OPTSTK,ABB,3150.0,CA,0.0,0.0,0.0,233.2,129.1,0.0,0.0,0.0
2006-05-26,2006-07-27,OPTSTK,ABB,3200.0,CA,0.0,0.0,0.0,213.2,119.4,0.0,0.0,0.0
2006-05-26,2006-07-27,OPTSTK,ABB,3250.0,CA,0.0,0.0,0.0,216.55,110.4,0.0,0.0,0.0
2006-05-26,2006-07-27,OPTSTK,ABB,3300.0,CA,0.0,0.0,0.0,216.2,101.9,0.0,0.0,0.0
2006-05-26,2006-07-27,OPTSTK,ABB,3350.0,CA,0.0,0.0,0.0,254.4,94.15,0.0,0.0,0.0
2006-05-26,2006-07-27,OPTSTK,ABB,3400.0,CA,0.0,0.0,0.0,233.25,86.9,0.0,0.0,0.0
2006-05-26,2006-07-27,OPTSTK,ABB,3450.0,CA,0.0,0.0,0.0,179.3,80.2,0.0,0.0,0.0
2006-05-26,2006-07-27,OPTSTK,ABB,2280.0,PA,0.0,0.0,0.0,206.25,177.75,0.0,0.0,0.0
2006-05-26,2006-07-27,OPTSTK,ABB,2310.0,PA,0.0,0.0,0.0,220.95,190.3,0.0,0.0,0.0
2006-05-26,2006-07-27,OPTSTK,ABB,2340.0,PA,0.0,0.0,0.0,236.2,203.35,0.0,0.0,0.0
2006-05-26,2006-07-27,OPTSTK,ABB,2370.0,PA,0.0,0.0,0.0,252.0,216.9,0.0,0.0,0.0
2006-05-26,2006-07-27,OPTSTK,ABB,2400.0,PA,0.0,0.0,0.0,196.85,230.95,0.0,0.0,0.0
2006-05-26,2006-07-27,OPTSTK,ABB,2430.0,PA,0.0,0.0,0.0,285.15,245.45,0.0,0.0,0.0
2006-05-26,2006-07-27,OPTSTK,ABB,2450.0,PA,0.0,0.0,0.0,219.8,255.35,0.0,0.0,0.0
2006-05-26,2006-07-27,OPTSTK,ABB,2460.0,PA,0.0,0.0,0.0,302.5,260.4,0.0,0.0,0.0
2006-05-26,2006-07-27,OPTSTK,ABB,2490.0,PA,0.0,0.0,0.0,312.45,275.85,0.0,0.0,0.0
2006-05-26,2006-07-27,OPTSTK,ABB,2500.0,PA,0.0,0.0,0.0,244.1,281.1,0.0,0.0,0.0
2006-05-26,2006-07-27,OPTSTK,ABB,2520.0,PA,0.0,0.0,0.0,329.45,291.7,0.0,0.0,0.0
2006-05-26,2006-07-27,OPTSTK,ABB,2550.0,PA,0.0,0.0,0.0,269.75,308.05,0.0,0.0,0.0
2006-05-26,2006-07-27,OPTSTK,ABB,2600.0,PA,0.0,0.0,0.0,198.9,336.3,0.0,0.0,0.0
2006-05-26,2006-07-27,OPTSTK,ABB,2650.0,PA,0.0,0.0,0.0,221.95,365.7,0.0,0.0,0.0
2006-05-26,2006-07-27,OPTSTK,ABB,2700.0,PA,0.0,0.0,0.0,246.4,396.3,0.0,0.0,0.0
2006-05-26,2006-07-27,OPTSTK,ABB,2750.0,PA,0.0,0.0,0.0,272.3,428.0,0.0,0.0,0.0
2006-05-26,2006-07-27,OPTSTK,ABB,2800.0,PA,0.0,0.0,0.0,144.55,460.75,0.0,0.0,0.0
2006-05-26,2006-07-27,OPTSTK,ABB,2850.0,PA,0.0,0.0,0.0,108.35,494.55,0.0,0.0,0.0
2006-05-26,2006-07-27,OPTSTK,ABB,2900.0,PA,0.0,0.0,0.0,168.35,529.35,0.0,0.0,0.0
2006-05-26,2006-07-27,OPTSTK,ABB,2950.0,PA,0.0,0.0,0.0,190.0,565.05,0.0,0.0,0.0
2006-05-26,2006-07-27,OPTSTK,ABB,3000.0,PA,0.0,0.0,0.0,213.2,601.75,0.0,0.0,0.0
2006-05-26,2006-07-27,OPTSTK,ABB,3050.0,PA,0.0,0.0,0.0,237.9,639.25,0.0,0.0,0.0
2006-05-26,2006-07-27,OPTSTK,ABB,3100.0,PA,0.0,0.0,0.0,264.1,677.5,0.0,0.0,0.0
2006-05-26,2006-07-27,OPTSTK,ABB,3150.0,PA,0.0,0.0,0.0,291.8,716.55,0.0,0.0,0.0
2006-05-26,2006-07-27,OPTSTK,ABB,3200.0,PA,0.0,0.0,0.0,320.9,756.3,0.0,0.0,0.0
2006-05-26,2006-07-27,OPTSTK,ABB,3250.0,PA,0.0,0.0,0.0,317.6,796.75,0.0,0.0,0.0
2006-05-26,2006-07-27,OPTSTK,ABB,3300.0,PA,0.0,0.0,0.0,294.1,837.7,0.0,0.0,0.0
2006-05-26,2006-07-27,OPTSTK,ABB,3350.0,PA,0.0,0.0,0.0,279.65,879.3,0.0,0.0,0.0
2006-05-26,2006-07-27,OPTSTK,ABB,3400.0,PA,0.0,0.0,0.0,307.7,921.5,0.0,0.0,0.0
2006-05-26,2006-07-27,OPTSTK,ABB,3450.0,PA,0.0,0.0,0.0,301.65,964.2,0.0,0.0,0.0
2006-05-26,2006-08-31,OPTSTK,ABB,2370.0,CA,0.0,0.0,0.0,442.65,480.7,0.0,0.0,0.0
2006-05-26,2006-08-31,OPTSTK,ABB,2400.0,CA,0.0,0.0,0.0,428.85,465.95,0.0,0.0,0.0
2006-05-26,2006-08-31,OPTSTK,ABB,2430.0,CA,0.0,0.0,0.0,415.4,451.6,0.0,0.0,0.0
2006-05-26,2006-08-31,OPTSTK,ABB,2450.0,CA,0.0,0.0,0.0,0.0,0.0,0.0,0.0,0.0
2006-05-26,2006-08-31,OPTSTK,ABB,2460.0,CA,0.0,0.0,0.0,402.3,437.6,0.0,0.0,0.0
2006-05-26,2006-08-31,OPTSTK,ABB,2490.0,CA,0.0,0.0,0.0,389.6,424.0,0.0,0.0,0.0
2006-05-26,2006-08-31,OPTSTK,ABB,2500.0,CA,0.0,0.0,0.0,0.0,0.0,0.0,0.0,0.0
2006-05-26,2006-08-31,OPTSTK,ABB,2520.0,CA,0.0,0.0,0.0,377.25,410.7,0.0,0.0,0.0
2006-05-26,2006-08-31,OPTSTK,ABB,2550.0,CA,0.0,0.0,0.0,365.2,397.8,0.0,0.0,0.0
2006-05-26,2006-08-31,OPTSTK,ABB,2600.0,CA,0.0,0.0,0.0,0.0,0.0,0.0,0.0,0.0
2006-05-26,2006-08-31,OPTSTK,ABB,2650.0,CA,0.0,0.0,0.0,0.0,0.0,0.0,0.0,0.0
2006-05-26,2006-08-31,OPTSTK,ABB,2700.0,CA,0.0,0.0,0.0,0.0,0.0,0.0,0.0,0.0
2006-05-26,2006-08-31,OPTSTK,ABB,2370.0,PA,0.0,0.0,0.0,314.1,281.95,0.0,0.0,0.0
2006-05-26,2006-08-31,OPTSTK,ABB,2400.0,PA,0.0,0.0,0.0,329.7,296.65,0.0,0.0,0.0
2006-05-26,2006-08-31,OPTSTK,ABB,2430.0,PA,0.0,0.0,0.0,345.75,311.75,0.0,0.0,0.0
2006-05-26,2006-08-31,OPTSTK,ABB,2450.0,PA,0.0,0.0,0.0,0.0,0.0,0.0,0.0,0.0
2006-05-26,2006-08-31,OPTSTK,ABB,2460.0,PA,0.0,0.0,0.0,362.1,327.25,0.0,0.0,0.0
2006-05-26,2006-08-31,OPTSTK,ABB,2490.0,PA,0.0,0.0,0.0,378.85,343.05,0.0,0.0,0.0
2006-05-26,2006-08-31,OPTSTK,ABB,2500.0,PA,0.0,0.0,0.0,0.0,0.0,0.0,0.0,0.0
2006-05-26,2006-08-31,OPTSTK,ABB,2520.0,PA,0.0,0.0,0.0,395.9,359.25,0.0,0.0,0.0
2006-05-26,2006-08-31,OPTSTK,ABB,2550.0,PA,0.0,0.0,0.0,413.35,375.85,0.0,0.0,0.0
2006-05-26,2006-08-31,OPTSTK,ABB,2600.0,PA,0.0,0.0,0.0,0.0,0.0,0.0,0.0,0.0
2006-05-26,2006-08-31,OPTSTK,ABB,2650.0,PA,0.0,0.0,0.0,0.0,0.0,0.0,0.0,0.0
2006-05-26,2006-08-31,OPTSTK,ABB,2700.0,PA,0.0,0.0,0.0,0.0,0.0,0.0,0.0,0.0
2006-05-26,2006-06-29,OPTSTK,ACC,660.0,CA,0.0,0.0,0.0,117.35,163.3,0.0,0.0,0.0
2006-05-26,2006-06-29,OPTSTK,ACC,680.0,CA,0.0,0.0,0.0,106.0,148.6,0.0,0.0,0.0
2006-05-26,2006-06-29,OPTSTK,ACC,700.0,CA,0.0,0.0,0.0,114.4,134.7,0.0,0.0,0.0
2006-05-26,2006-06-29,OPTSTK,ACC,720.0,CA,0.0,0.0,0.0,109.35,121.65,0.0,0.0,0.0
2006-05-26,2006-06-29,OPTSTK,ACC,740.0,CA,0.0,0.0,0.0,97.1,109.45,0.0,0.0,0.0
2006-05-26,2006-06-29,OPTSTK,ACC,760.0,CA,0.0,0.0,0.0,42.0,98.2,0.0,0.0,750.0
2006-05-26,2006-06-29,OPTSTK,ACC,780.0,CA,0.0,0.0,0.0,75.45,87.75,0.0,0.0,0.0
2006-05-26,2006-06-29,OPTSTK,ACC,800.0,CA,47.05,63.0,47.05,50.05,50.05,26.0,166.72,21750.0
2006-05-26,2006-06-29,OPTSTK,ACC,820.0,CA,50.75,51.0,46.6,46.6,46.6,6.0,39.15,4500.0
2006-05-26,2006-06-29,OPTSTK,ACC,840.0,CA,20.0,39.9,20.0,38.0,38.0,9.0,58.96,4500.0
2006-05-26,2006-06-29,OPTSTK,ACC,860.0,CA,35.0,35.0,24.2,24.2,24.2,3.0,20.0,2250.0
2006-05-26,2006-06-29,OPTSTK,ACC,880.0,CA,0.0,0.0,0.0,63.2,47.7,0.0,0.0,0.0
2006-05-26,2006-06-29,OPTSTK,ACC,900.0,CA,18.0,22.9,16.0,19.0,19.0,14.0,96.56,17250.0
2006-05-26,2006-06-29,OPTSTK,ACC,920.0,CA,0.0,0.0,0.0,79.1,36.7,0.0,0.0,0.0
2006-05-26,2006-06-29,OPTSTK,ACC,930.0,CA,0.0,0.0,0.0,146.95,34.3,0.0,0.0,0.0
2006-05-26,2006-06-29,OPTSTK,ACC,940.0,CA,10.5,10.6,7.05,10.6,10.6,6.0,42.69,4500.0
2006-05-26,2006-06-29,OPTSTK,ACC,960.0,CA,10.0,10.0,6.0,8.9,8.9,7.0,50.8,4500.0
2006-05-26,2006-06-29,OPTSTK,ACC,980.0,CA,0.0,0.0,0.0,71.6,24.3,0.0,0.0,0.0
2006-05-26,2006-06-29,OPTSTK,ACC,990.0,CA,0.0,0.0,0.0,113.65,22.6,0.0,0.0,0.0
2006-05-26,2006-06-29,OPTSTK,ACC,1000.0,CA,6.0,6.0,6.0,6.0,6.0,1.0,7.54,750.0
2006-05-26,2006-06-29,OPTSTK,ACC,1020.0,CA,0.0,0.0,0.0,72.25,18.25,0.0,0.0,0.0
2006-05-26,2006-06-29,OPTSTK,ACC,1040.0,CA,0.0,0.0,0.0,75.1,15.75,0.0,0.0,0.0
2006-05-26,2006-06-29,OPTSTK,ACC,1050.0,CA,0.0,0.0,0.0,86.25,14.65,0.0,0.0,0.0
2006-05-26,2006-06-29,OPTSTK,ACC,1060.0,CA,0.0,0.0,0.0,67.7,13.6,0.0,0.0,0.0
2006-05-26,2006-06-29,OPTSTK,ACC,1080.0,CA,0.0,0.0,0.0,74.65,11.7,0.0,0.0,0.0
2006-05-26,2006-06-29,OPTSTK,ACC,1110.0,CA,0.0,0.0,0.0,64.35,9.3,0.0,0.0,0.0
2006-05-26,2006-06-29,OPTSTK,ACC,660.0,PA,0.0,0.0,0.0,46.0,19.9,0.0,0.0,0.0
2006-05-26,2006-06-29,OPTSTK,ACC,680.0,PA,0.0,0.0,0.0,54.5,25.1,0.0,0.0,0.0
2006-05-26,2006-06-29,OPTSTK,ACC,700.0,PA,0.0,0.0,0.0,13.95,31.1,0.0,0.0,750.0
2006-05-26,2006-06-29,OPTSTK,ACC,720.0,PA,0.0,0.0,0.0,31.35,37.9,0.0,0.0,0.0
2006-05-26,2006-06-29,OPTSTK,ACC,740.0,PA,0.0,0.0,0.0,38.65,45.6,0.0,0.0,0.0
2006-05-26,2006-06-29,OPTSTK,ACC,760.0,PA,0.0,0.0,0.0,46.9,54.2,0.0,0.0,0.0
2006-05-26,2006-06-29,OPTSTK,ACC,780.0,PA,0.0,0.0,0.0,56.15,63.65,0.0,0.0,0.0
2006-05-26,2006-06-29,OPTSTK,ACC,800.0,PA,0.0,0.0,0.0,66.3,73.95,0.0,0.0,0.0
2006-05-26,2006-06-29,OPTSTK,ACC,820.0,PA,0.0,0.0,0.0,77.35,85.05,0.0,0.0,0.0
2006-05-26,2006-06-29,OPTSTK,ACC,840.0,PA,0.0,0.0,0.0,89.3,96.95,0.0,0.0,0.0
2006-05-26,2006-06-29,OPTSTK,ACC,860.0,PA,0.0,0.0,0.0,90.7,109.6,0.0,0.0,0.0
2006-05-26,2006-06-29,OPTSTK,ACC,880.0,PA,0.0,0.0,0.0,88.1,123.0,0.0,0.0,0.0
2006-05-26,2006-06-29,OPTSTK,ACC,900.0,PA,0.0,0.0,0.0,100.2,137.0,0.0,0.0,0.0
2006-05-26,2006-06-29,OPTSTK,ACC,920.0,PA,0.0,0.0,0.0,96.35,151.7,0.0,0.0,0.0
2006-05-26,2006-06-29,OPTSTK,ACC,930.0,PA,0.0,0.0,0.0,52.55,159.25,0.0,0.0,0.0
2006-05-26,2006-06-29,OPTSTK,ACC,940.0,PA,0.0,0.0,0.0,108.05,166.95,0.0,0.0,0.0
2006-05-26,2006-06-29,OPTSTK,ACC,960.0,PA,0.0,0.0,0.0,104.35,182.7,0.0,0.0,0.0
2006-05-26,2006-06-29,OPTSTK,ACC,980.0,PA,0.0,0.0,0.0,116.3,198.9,0.0,0.0,0.0
2006-05-26,2006-06-29,OPTSTK,ACC,990.0,PA,0.0,0.0,0.0,78.55,207.2,0.0,0.0,0.0
2006-05-26,2006-06-29,OPTSTK,ACC,1000.0,PA,0.0,0.0,0.0,115.85,215.55,0.0,0.0,0.0
2006-05-26,2006-06-29,OPTSTK,ACC,1020.0,PA,0.0,0.0,0.0,110.15,232.6,0.0,0.0,0.0
2006-05-26,2006-06-29,OPTSTK,ACC,1040.0,PA,0.0,0.0,0.0,112.65,250.0,0.0,0.0,0.0
2006-05-26,2006-06-29,OPTSTK,ACC,1050.0,PA,0.0,0.0,0.0,285.0,258.8,0.0,0.0,3000.0
2006-05-26,2006-06-29,OPTSTK,ACC,1060.0,PA,0.0,0.0,0.0,125.0,267.7,0.0,0.0,0.0
2006-05-26,2006-06-29,OPTSTK,ACC,1080.0,PA,0.0,0.0,0.0,128.55,285.7,0.0,0.0,0.0
2006-05-26,2006-06-29,OPTSTK,ACC,1110.0,PA,0.0,0.0,0.0,147.9,313.15,0.0,0.0,0.0
2006-05-26,2006-07-27,OPTSTK,ACC,660.0,CA,0.0,0.0,0.0,142.0,184.25,0.0,0.0,0.0
2006-05-26,2006-07-27,OPTSTK,ACC,680.0,CA,0.0,0.0,0.0,131.55,171.15,0.0,0.0,0.0
2006-05-26,2006-07-27,OPTSTK,ACC,700.0,CA,0.0,0.0,0.0,140.05,158.7,0.0,0.0,0.0
2006-05-26,2006-07-27,OPTSTK,ACC,720.0,CA,0.0,0.0,0.0,130.2,146.95,0.0,0.0,0.0
2006-05-26,2006-07-27,OPTSTK,ACC,740.0,CA,0.0,0.0,0.0,149.2,135.85,0.0,0.0,0.0
2006-05-26,2006-07-27,OPTSTK,ACC,760.0,CA,0.0,0.0,0.0,139.15,125.4,0.0,0.0,0.0
2006-05-26,2006-07-27,OPTSTK,ACC,780.0,CA,0.0,0.0,0.0,129.6,115.6,0.0,0.0,0.0
2006-05-26,2006-07-27,OPTSTK,ACC,800.0,CA,0.0,0.0,0.0,128.45,106.45,0.0,0.0,0.0
2006-05-26,2006-07-27,OPTSTK,ACC,820.0,CA,0.0,0.0,0.0,117.3,97.85,0.0,0.0,0.0
2006-05-26,2006-07-27,OPTSTK,ACC,840.0,CA,0.0,0.0,0.0,117.45,89.9,0.0,0.0,0.0
2006-05-26,2006-07-27,OPTSTK,ACC,860.0,CA,0.0,0.0,0.0,106.1,82.45,0.0,0.0,0.0
2006-05-26,2006-07-27,OPTSTK,ACC,880.0,CA,0.0,0.0,0.0,134.05,75.55,0.0,0.0,0.0
2006-05-26,2006-07-27,OPTSTK,ACC,900.0,CA,0.0,0.0,0.0,123.3,69.15,0.0,0.0,0.0
2006-05-26,2006-07-27,OPTSTK,ACC,920.0,CA,0.0,0.0,0.0,113.25,63.25,0.0,0.0,0.0
2006-05-26,2006-07-27,OPTSTK,ACC,930.0,CA,0.0,0.0,0.0,167.55,60.45,0.0,0.0,0.0
2006-05-26,2006-07-27,OPTSTK,ACC,940.0,CA,0.0,0.0,0.0,103.85,57.8,0.0,0.0,0.0
2006-05-26,2006-07-27,OPTSTK,ACC,960.0,CA,0.0,0.0,0.0,95.05,52.8,0.0,0.0,0.0
2006-05-26,2006-07-27,OPTSTK,ACC,980.0,CA,0.0,0.0,0.0,86.85,48.15,0.0,0.0,0.0
2006-05-26,2006-07-27,OPTSTK,ACC,990.0,CA,0.0,0.0,0.0,135.65,46.0,0.0,0.0,0.0
2006-05-26,2006-07-27,OPTSTK,ACC,1000.0,CA,0.0,0.0,0.0,79.25,43.95,0.0,0.0,0.0
2006-05-26,2006-07-27,OPTSTK,ACC,1020.0,CA,0.0,0.0,0.0,78.9,40.0,0.0,0.0,0.0
2006-05-26,2006-07-27,OPTSTK,ACC,1040.0,CA,0.0,0.0,0.0,97.1,36.45,0.0,0.0,0.0
2006-05-26,2006-07-27,OPTSTK,ACC,1050.0,CA,0.0,0.0,0.0,108.65,34.75,0.0,0.0,0.0
2006-05-26,2006-07-27,OPTSTK,ACC,1060.0,CA,0.0,0.0,0.0,89.5,33.15,0.0,0.0,0.0
2006-05-26,2006-07-27,OPTSTK,ACC,1080.0,CA,0.0,0.0,0.0,96.9,30.15,0.0,0.0,0.0
2006-05-26,2006-07-27,OPTSTK,ACC,1110.0,CA,0.0,0.0,0.0,86.2,26.1,0.0,0.0,0.0
2006-05-26,2006-07-27,OPTSTK,ACC,660.0,PA,0.0,0.0,0.0,67.25,37.5,0.0,0.0,0.0
2006-05-26,2006-07-27,OPTSTK,ACC,680.0,PA,0.0,0.0,0.0,76.55,44.15,0.0,0.0,0.0
2006-05-26,2006-07-27,OPTSTK,ACC,700.0,PA,0.0,0.0,0.0,79.75,51.5,0.0,0.0,0.0
2006-05-26,2006-07-27,OPTSTK,ACC,720.0,PA,0.0,0.0,0.0,89.65,59.5,0.0,0.0,0.0
2006-05-26,2006-07-27,OPTSTK,ACC,740.0,PA,0.0,0.0,0.0,80.0,68.15,0.0,0.0,0.0
2006-05-26,2006-07-27,OPTSTK,ACC,760.0,PA,0.0,0.0,0.0,89.65,77.5,0.0,0.0,0.0
2006-05-26,2006-07-27,OPTSTK,ACC,780.0,PA,0.0,0.0,0.0,99.85,87.5,0.0,0.0,0.0
2006-05-26,2006-07-27,OPTSTK,ACC,800.0,PA,0.0,0.0,0.0,54.55,98.05,0.0,0.0,0.0
2006-05-26,2006-07-27,OPTSTK,ACC,820.0,PA,0.0,0.0,0.0,63.15,109.25,0.0,0.0,0.0
2006-05-26,2006-07-27,OPTSTK,ACC,840.0,PA,0.0,0.0,0.0,47.95,121.05,0.0,0.0,0.0
2006-05-26,2006-07-27,OPTSTK,ACC,860.0,PA,0.0,0.0,0.0,56.3,133.4,0.0,0.0,0.0
2006-05-26,2006-07-27,OPTSTK,ACC,880.0,PA,0.0,0.0,0.0,64.85,146.25,0.0,0.0,0.0
2006-05-26,2006-07-27,OPTSTK,ACC,900.0,PA,0.0,0.0,0.0,73.8,159.65,0.0,0.0,0.0
2006-05-26,2006-07-27,OPTSTK,ACC,920.0,PA,0.0,0.0,0.0,83.35,173.5,0.0,0.0,0.0
2006-05-26,2006-07-27,OPTSTK,ACC,930.0,PA,0.0,0.0,0.0,68.3,180.6,0.0,0.0,0.0
2006-05-26,2006-07-27,OPTSTK,ACC,940.0,PA,0.0,0.0,0.0,93.6,187.8,0.0,0.0,0.0
2006-05-26,2006-07-27,OPTSTK,ACC,960.0,PA,0.0,0.0,0.0,104.45,202.6,0.0,0.0,0.0
2006-05-26,2006-07-27,OPTSTK,ACC,980.0,PA,0.0,0.0,0.0,115.95,217.75,0.0,0.0,0.0
2006-05-26,2006-07-27,OPTSTK,ACC,990.0,PA,0.0,0.0,0.0,95.4,225.45,0.0,0.0,0.0
2006-05-26,2006-07-27,OPTSTK,ACC,1000.0,PA,0.0,0.0,0.0,128.0,233.25,0.0,0.0,0.0
2006-05-26,2006-07-27,OPTSTK,ACC,1020.0,PA,0.0,0.0,0.0,128.5,249.15,0.0,0.0,0.0
2006-05-26,2006-07-27,OPTSTK,ACC,1040.0,PA,0.0,0.0,0.0,129.2,265.35,0.0,0.0,0.0
2006-05-26,2006-07-27,OPTSTK,ACC,1050.0,PA,0.0,0.0,0.0,127.4,273.55,0.0,0.0,0.0
2006-05-26,2006-07-27,OPTSTK,ACC,1060.0,PA,0.0,0.0,0.0,141.3,281.8,0.0,0.0,0.0
2006-05-26,2006-07-27,OPTSTK,ACC,1080.0,PA,0.0,0.0,0.0,145.15,298.55,0.0,0.0,0.0
2006-05-26,2006-07-27,OPTSTK,ACC,1110.0,PA,0.0,0.0,0.0,163.95,324.2,0.0,0.0,0.0
2006-05-26,2006-08-31,OPTSTK,ACC,740.0,CA,0.0,0.0,0.0,161.7,161.9,0.0,0.0,0.0
2006-05-26,2006-08-31,OPTSTK,ACC,760.0,CA,0.0,0.0,0.0,152.15,152.05,0.0,0.0,0.0
2006-05-26,2006-08-31,OPTSTK,ACC,780.0,CA,0.0,0.0,0.0,143.1,142.75,0.0,0.0,0.0
2006-05-26,2006-08-31,OPTSTK,ACC,800.0,CA,0.0,0.0,0.0,134.55,133.95,0.0,0.0,0.0
2006-05-26,2006-08-31,OPTSTK,ACC,820.0,CA,0.0,0.0,0.0,126.4,125.6,0.0,0.0,0.0
2006-05-26,2006-08-31,OPTSTK,ACC,840.0,CA,0.0,0.0,0.0,118.7,117.75,0.0,0.0,0.0
2006-05-26,2006-08-31,OPTSTK,ACC,860.0,CA,0.0,0.0,0.0,111.45,110.3,0.0,0.0,0.0
2006-05-26,2006-08-31,OPTSTK,ACC,740.0,PA,0.0,0.0,0.0,95.75,89.5,0.0,0.0,0.0
2006-05-26,2006-08-31,OPTSTK,ACC,760.0,PA,0.0,0.0,0.0,105.85,99.3,0.0,0.0,0.0
2006-05-26,2006-08-31,OPTSTK,ACC,780.0,PA,0.0,0.0,0.0,116.4,109.65,0.0,0.0,0.0
2006-05-26,2006-08-31,OPTSTK,ACC,800.0,PA,0.0,0.0,0.0,127.45,120.45,0.0,0.0,0.0
2006-05-26,2006-08-31,OPTSTK,ACC,820.0,PA,0.0,0.0,0.0,139.0,131.8,0.0,0.0,0.0
2006-05-26,2006-08-31,OPTSTK,ACC,840.0,PA,0.0,0.0,0.0,150.95,143.55,0.0,0.0,0.0
2006-05-26,2006-08-31,OPTSTK,ACC,860.0,PA,0.0,0.0,0.0,163.3,155.75,0.0,0.0,0.0
2006-05-26,2006-06-29,OPTSTK,ALBK,60.0,CA,0.0,0.0,0.0,18.75,25.55,0.0,0.0,0.0
2006-05-26,2006-06-29,OPTSTK,ALBK,65.0,CA,0.0,0.0,0.0,14.1,21.0,0.0,0.0,0.0
2006-05-26,2006-06-29,OPTSTK,ALBK,70.0,CA,0.0,0.0,0.0,9.85,16.8,0.0,0.0,0.0
2006-05-26,2006-06-29,OPTSTK,ALBK,75.0,CA,0.0,0.0,0.0,6.3,13.1,0.0,0.0,0.0
2006-05-26,2006-06-29,OPTSTK,ALBK,80.0,CA,6.5,6.85,5.75,6.4,6.4,15.0,31.72,75950.0
2006-05-26,2006-06-29,OPTSTK,ALBK,85.0,CA,4.0,4.45,3.1,3.9,3.9,45.0,97.89,127400.0
2006-05-26,2006-06-29,OPTSTK,ALBK,90.0,CA,2.9,2.9,1.95,2.45,2.45,38.0,86.0,188650.0
2006-05-26,2006-06-29,OPTSTK,ALBK,95.0,CA,1.5,1.5,1.1,1.35,1.35,12.0,28.31,36750.0
2006-05-26,2006-06-29,OPTSTK,ALBK,100.0,CA,0.0,0.0,0.0,0.9,2.55,0.0,0.0,0.0
2006-05-26,2006-06-29,OPTSTK,ALBK,105.0,CA,0.0,0.0,0.0,1.05,1.7,0.0,0.0,0.0
2006-05-26,2006-06-29,OPTSTK,ALBK,60.0,PA,0.0,0.0,0.0,0.1,0.3,0.0,0.0,0.0
2006-05-26,2006-06-29,OPTSTK,ALBK,65.0,PA,0.0,0.0,0.0,0.3,0.75,0.0,0.0,0.0
2006-05-26,2006-06-29,OPTSTK,ALBK,70.0,PA,0.0,0.0,0.0,0.95,1.5,0.0,0.0,0.0
2006-05-26,2006-06-29,OPTSTK,ALBK,75.0,PA,2.75,2.75,2.0,2.0,2.0,3.0,5.67,7350.0
2006-05-26,2006-06-29,OPTSTK,ALBK,80.0,PA,4.95,4.95,4.95,4.95,4.95,1.0,2.08,4900.0
2006-05-26,2006-06-29,OPTSTK,ALBK,85.0,PA,0.0,0.0,0.0,7.8,6.9,0.0,0.0,0.0
2006-05-26,2006-06-29,OPTSTK,ALBK,90.0,PA,0.0,0.0,0.0,11.65,9.85,0.0,0.0,0.0
2006-05-26,2006-06-29,OPTSTK,ALBK,95.0,PA,0.0,0.0,0.0,14.7,13.25,0.0,0.0,0.0
2006-05-26,2006-06-29,OPTSTK,ALBK,100.0,PA,0.0,0.0,0.0,15.9,17.05,0.0,0.0,0.0
2006-05-26,2006-06-29,OPTSTK,ALBK,105.0,PA,0.0,0.0,0.0,15.0,21.2,0.0,0.0,0.0
2006-05-26,2006-07-27,OPTSTK,ALBK,60.0,CA,0.0,0.0,0.0,17.25,26.55,0.0,0.0,0.0
2006-05-26,2006-07-27,OPTSTK,ALBK,65.0,CA,0.0,0.0,0.0,14.05,22.4,0.0,0.0,0.0
2006-05-26,2006-07-27,OPTSTK,ALBK,70.0,CA,0.0,0.0,0.0,9.65,18.65,0.0,0.0,0.0
2006-05-26,2006-07-27,OPTSTK,ALBK,75.0,CA,0.0,0.0,0.0,6.0,15.35,0.0,0.0,0.0
2006-05-26,2006-07-27,OPTSTK,ALBK,80.0,CA,0.0,0.0,0.0,3.35,12.45,0.0,0.0,0.0
2006-05-26,2006-07-27,OPTSTK,ALBK,85.0,CA,0.0,0.0,0.0,1.65,9.95,0.0,0.0,0.0
2006-05-26,2006-07-27,OPTSTK,ALBK,90.0,CA,0.0,0.0,0.0,0.75,7.9,0.0,0.0,0.0
2006-05-26,2006-07-27,OPTSTK,ALBK,95.0,CA,0.0,0.0,0.0,0.3,6.2,0.0,0.0,0.0
2006-05-26,2006-07-27,OPTSTK,ALBK,100.0,CA,0.0,0.0,0.0,0.65,4.85,0.0,0.0,0.0
2006-05-26,2006-07-27,OPTSTK,ALBK,105.0,CA,0.0,0.0,0.0,1.95,3.75,0.0,0.0,0.0
2006-05-26,2006-07-27,OPTSTK,ALBK,60.0,PA,0.0,0.0,0.0,0.1,1.0,0.0,0.0,0.0
2006-05-26,2006-07-27,OPTSTK,ALBK,65.0,PA,0.0,0.0,0.0,0.2,1.8,0.0,0.0,0.0
2006-05-26,2006-07-27,OPTSTK,ALBK,70.0,PA,0.0,0.0,0.0,0.75,3.0,0.0,0.0,0.0
2006-05-26,2006-07-27,OPTSTK,ALBK,75.0,PA,0.0,0.0,0.0,2.05,4.6,0.0,0.0,0.0
2006-05-26,2006-07-27,OPTSTK,ALBK,80.0,PA,0.0,0.0,0.0,4.3,6.65,0.0,0.0,0.0
2006-05-26,2006-07-27,OPTSTK,ALBK,85.0,PA,0.0,0.0,0.0,7.5,9.15,0.0,0.0,0.0
2006-05-26,2006-07-27,OPTSTK,ALBK,90.0,PA,0.0,0.0,0.0,11.5,12.0,0.0,0.0,0.0
2006-05-26,2006-07-27,OPTSTK,ALBK,95.0,PA,0.0,0.0,0.0,16.0,15.25,0.0,0.0,0.0
2006-05-26,2006-07-27,OPTSTK,ALBK,100.0,PA,0.0,0.0,0.0,15.8,18.85,0.0,0.0,0.0
2006-05-26,2006-07-27,OPTSTK,ALBK,105.0,PA,0.0,0.0,0.0,15.4,22.7,0.0,0.0,0.0
2006-05-26,2006-08-31,OPTSTK,ALBK,65.0,CA,0.0,0.0,0.0,20.65,24.15,0.0,0.0,0.0
2006-05-26,2006-08-31,OPTSTK,ALBK,70.0,CA,0.0,0.0,0.0,17.45,20.7,0.0,0.0,0.0
2006-05-26,2006-08-31,OPTSTK,ALBK,75.0,CA,0.0,0.0,0.0,14.6,17.65,0.0,0.0,0.0
2006-05-26,2006-08-31,OPTSTK,ALBK,80.0,CA,0.0,0.0,0.0,12.15,14.95,0.0,0.0,0.0
2006-05-26,2006-08-31,OPTSTK,ALBK,85.0,CA,0.0,0.0,0.0,10.05,12.55,0.0,0.0,0.0
2006-05-26,2006-08-31,OPTSTK,ALBK,90.0,CA,0.0,0.0,0.0,8.25,10.5,0.0,0.0,0.0
2006-05-26,2006-08-31,OPTSTK,ALBK,95.0,CA,0.0,0.0,0.0,6.75,8.8,0.0,0.0,0.0
2006-05-26,2006-08-31,OPTSTK,ALBK,100.0,CA,0.0,0.0,0.0,0.0,0.0,0.0,0.0,0.0
2006-05-26,2006-08-31,OPTSTK,ALBK,65.0,PA,0.0,0.0,0.0,3.65,3.15,0.0,0.0,0.0
2006-05-26,2006-08-31,OPTSTK,ALBK,70.0,PA,0.0,0.0,0.0,5.35,4.6,0.0,0.0,0.0
2006-05-26,2006-08-31,OPTSTK,ALBK,75.0,PA,0.0,0.0,0.0,7.45,6.45,0.0,0.0,0.0
2006-05-26,2006-08-31,OPTSTK,ALBK,80.0,PA,0.0,0.0,0.0,9.9,8.65,0.0,0.0,0.0
2006-05-26,2006-08-31,OPTSTK,ALBK,85.0,PA,0.0,0.0,0.0,12.7,11.2,0.0,0.0,0.0
2006-05-26,2006-08-31,OPTSTK,ALBK,90.0,PA,0.0,0.0,0.0,15.85,14.05,0.0,0.0,0.0
2006-05-26,2006-08-31,OPTSTK,ALBK,95.0,PA,0.0,0.0,0.0,19.25,17.25,0.0,0.0,0.0
2006-05-26,2006-08-31,OPTSTK,ALBK,100.0,PA,0.0,0.0,0.0,0.0,0.0,0.0,0.0,0.0
2006-05-26,2006-06-29,OPTSTK,ALOKTEXT,55.0,CA,0.0,0.0,0.0,18.1,22.15,0.0,0.0,0.0
2006-05-26,2006-06-29,OPTSTK,ALOKTEXT,60.0,CA,0.0,0.0,0.0,14.65,17.85,0.0,0.0,0.0
2006-05-26,2006-06-29,OPTSTK,ALOKTEXT,65.0,CA,0.0,0.0,0.0,10.45,14.0,0.0,0.0,0.0
2006-05-26,2006-06-29,OPTSTK,ALOKTEXT,70.0,CA,0.0,0.0,0.0,6.9,10.65,0.0,0.0,0.0
2006-05-26,2006-06-29,OPTSTK,ALOKTEXT,75.0,CA,0.0,0.0,0.0,4.2,7.9,0.0,0.0,0.0
2006-05-26,2006-06-29,OPTSTK,ALOKTEXT,80.0,CA,4.75,4.75,3.1,3.15,3.15,12.0,33.71,53600.0
2006-05-26,2006-06-29,OPTSTK,ALOKTEXT,85.0,CA,2.15,2.15,2.1,2.1,2.1,2.0,5.83,6700.0
2006-05-26,2006-06-29,OPTSTK,ALOKTEXT,90.0,CA,0.0,0.0,0.0,0.6,2.8,0.0,0.0,0.0
2006-05-26,2006-06-29,OPTSTK,ALOKTEXT,95.0,CA,0.0,0.0,0.0,2.55,1.95,0.0,0.0,0.0
2006-05-26,2006-06-29,OPTSTK,ALOKTEXT,100.0,CA,0.0,0.0,0.0,4.25,1.3,0.0,0.0,0.0
2006-05-26,2006-06-29,OPTSTK,ALOKTEXT,105.0,CA,0.0,0.0,0.0,2.95,0.85,0.0,0.0,0.0
2006-05-26,2006-06-29,OPTSTK,ALOKTEXT,110.0,CA,0.0,0.0,0.0,3.7,0.55,0.0,0.0,0.0
2006-05-26,2006-06-29,OPTSTK,ALOKTEXT,55.0,PA,0.0,0.0,0.0,1.0,0.5,0.0,0.0,0.0
2006-05-26,2006-06-29,OPTSTK,ALOKTEXT,60.0,PA,0.0,0.0,0.0,0.35,1.15,0.0,0.0,0.0
2006-05-26,2006-06-29,OPTSTK,ALOKTEXT,65.0,PA,0.0,0.0,0.0,1.0,2.25,0.0,0.0,0.0
2006-05-26,2006-06-29,OPTSTK,ALOKTEXT,70.0,PA,0.0,0.0,0.0,2.35,3.9,0.0,0.0,0.0
2006-05-26,2006-06-29,OPTSTK,ALOKTEXT,75.0,PA,0.0,0.0,0.0,4.55,6.15,0.0,0.0,0.0
2006-05-26,2006-06-29,OPTSTK,ALOKTEXT,80.0,PA,0.0,0.0,0.0,7.6,8.9,0.0,0.0,0.0
2006-05-26,2006-06-29,OPTSTK,ALOKTEXT,85.0,PA,0.0,0.0,0.0,11.4,12.2,0.0,0.0,0.0
2006-05-26,2006-06-29,OPTSTK,ALOKTEXT,90.0,PA,0.0,0.0,0.0,15.65,15.95,0.0,0.0,0.0
2006-05-26,2006-06-29,OPTSTK,ALOKTEXT,95.0,PA,0.0,0.0,0.0,15.25,20.05,0.0,0.0,0.0
2006-05-26,2006-06-29,OPTSTK,ALOKTEXT,100.0,PA,0.0,0.0,0.0,15.95,24.35,0.0,0.0,0.0
2006-05-26,2006-06-29,OPTSTK,ALOKTEXT,105.0,PA,0.0,0.0,0.0,16.05,28.9,0.0,0.0,0.0
2006-05-26,2006-06-29,OPTSTK,ALOKTEXT,110.0,PA,0.0,0.0,0.0,16.8,33.6,0.0,0.0,0.0
2006-05-26,2006-07-27,OPTSTK,ALOKTEXT,55.0,CA,0.0,0.0,0.0,19.45,23.4,0.0,0.0,0.0
2006-05-26,2006-07-27,OPTSTK,ALOKTEXT,60.0,CA,0.0,0.0,0.0,19.3,19.5,0.0,0.0,0.0
2006-05-26,2006-07-27,OPTSTK,ALOKTEXT,65.0,CA,0.0,0.0,0.0,19.8,16.05,0.0,0.0,0.0
2006-05-26,2006-07-27,OPTSTK,ALOKTEXT,70.0,CA,0.0,0.0,0.0,15.9,13.05,0.0,0.0,0.0
2006-05-26,2006-07-27,OPTSTK,ALOKTEXT,75.0,CA,0.0,0.0,0.0,12.55,10.5,0.0,0.0,0.0
2006-05-26,2006-07-27,OPTSTK,ALOKTEXT,80.0,CA,0.0,0.0,0.0,9.65,8.35,0.0,0.0,0.0
2006-05-26,2006-07-27,OPTSTK,ALOKTEXT,85.0,CA,0.0,0.0,0.0,7.3,6.6,0.0,0.0,0.0
2006-05-26,2006-07-27,OPTSTK,ALOKTEXT,90.0,CA,0.0,0.0,0.0,5.4,5.15,0.0,0.0,0.0
2006-05-26,2006-07-27,OPTSTK,ALOKTEXT,95.0,CA,0.0,0.0,0.0,3.95,4.05,0.0,0.0,0.0
2006-05-26,2006-07-27,OPTSTK,ALOKTEXT,100.0,CA,0.0,0.0,0.0,4.15,3.1,0.0,0.0,0.0
2006-05-26,2006-07-27,OPTSTK,ALOKTEXT,105.0,CA,0.0,0.0,0.0,4.65,2.4,0.0,0.0,0.0
2006-05-26,2006-07-27,OPTSTK,ALOKTEXT,110.0,CA,0.0,0.0,0.0,5.7,1.85,0.0,0.0,0.0
2006-05-26,2006-07-27,OPTSTK,ALOKTEXT,55.0,PA,0.0,0.0,0.0,2.1,1.45,0.0,0.0,0.0
2006-05-26,2006-07-27,OPTSTK,ALOKTEXT,60.0,PA,0.0,0.0,0.0,2.8,2.5,0.0,0.0,0.0
2006-05-26,2006-07-27,OPTSTK,ALOKTEXT,65.0,PA,0.0,0.0,0.0,1.25,4.0,0.0,0.0,0.0
2006-05-26,2006-07-27,OPTSTK,ALOKTEXT,70.0,PA,0.0,0.0,0.0,2.3,5.95,0.0,0.0,0.0
2006-05-26,2006-07-27,OPTSTK,ALOKTEXT,75.0,PA,0.0,0.0,0.0,3.85,8.35,0.0,0.0,0.0
2006-05-26,2006-07-27,OPTSTK,ALOKTEXT,80.0,PA,0.0,0.0,0.0,5.9,11.15,0.0,0.0,0.0
2006-05-26,2006-07-27,OPTSTK,ALOKTEXT,85.0,PA,0.0,0.0,0.0,8.45,14.3,0.0,0.0,0.0
2006-05-26,2006-07-27,OPTSTK,ALOKTEXT,90.0,PA,0.0,0.0,0.0,11.5,17.85,0.0,0.0,0.0
2006-05-26,2006-07-27,OPTSTK,ALOKTEXT,95.0,PA,0.0,0.0,0.0,14.95,21.65,0.0,0.0,0.0
2006-05-26,2006-07-27,OPTSTK,ALOKTEXT,100.0,PA,0.0,0.0,0.0,15.8,25.7,0.0,0.0,0.0
2006-05-26,2006-07-27,OPTSTK,ALOKTEXT,105.0,PA,0.0,0.0,0.0,17.2,29.9,0.0,0.0,0.0
2006-05-26,2006-07-27,OPTSTK,ALOKTEXT,110.0,PA,0.0,0.0,0.0,18.25,34.3,0.0,0.0,0.0
2006-05-26,2006-08-31,OPTSTK,ALOKTEXT,60.0,CA,0.0,0.0,0.0,19.75,21.35,0.0,0.0,0.0
2006-05-26,2006-08-31,OPTSTK,ALOKTEXT,65.0,CA,0.0,0.0,0.0,16.8,18.2,0.0,0.0,0.0
2006-05-26,2006-08-31,OPTSTK,ALOKTEXT,70.0,CA,0.0,0.0,0.0,14.15,15.45,0.0,0.0,0.0
2006-05-26,2006-08-31,OPTSTK,ALOKTEXT,75.0,CA,0.0,0.0,0.0,11.9,13.05,0.0,0.0,0.0
2006-05-26,2006-08-31,OPTSTK,ALOKTEXT,80.0,CA,0.0,0.0,0.0,9.95,10.95,0.0,0.0,0.0
2006-05-26,2006-08-31,OPTSTK,ALOKTEXT,85.0,CA,0.0,0.0,0.0,8.3,9.15,0.0,0.0,0.0
2006-05-26,2006-08-31,OPTSTK,ALOKTEXT,90.0,CA,0.0,0.0,0.0,6.95,7.65,0.0,0.0,0.0
2006-05-26,2006-08-31,OPTSTK,ALOKTEXT,60.0,PA,0.0,0.0,0.0,4.6,4.0,0.0,0.0,0.0
2006-05-26,2006-08-31,OPTSTK,ALOKTEXT,65.0,PA,0.0,0.0,0.0,6.55,5.75,0.0,0.0,0.0
2006-05-26,2006-08-31,OPTSTK,ALOKTEXT,70.0,PA,0.0,0.0,0.0,8.85,7.9,0.0,0.0,0.0
2006-05-26,2006-08-31,OPTSTK,ALOKTEXT,75.0,PA,0.0,0.0,0.0,11.5,10.4,0.0,0.0,0.0
2006-05-26,2006-08-31,OPTSTK,ALOKTEXT,80.0,PA,0.0,0.0,0.0,14.45,13.2,0.0,0.0,0.0
2006-05-26,2006-08-31,OPTSTK,ALOKTEXT,85.0,PA,0.0,0.0,0.0,17.75,16.35,0.0,0.0,0.0
2006-05-26,2006-08-31,OPTSTK,ALOKTEXT,90.0,PA,0.0,0.0,0.0,21.25,19.75,0.0,0.0,0.0
2006-05-26,2006-06-29,OPTSTK,ANDHRABANK,50.0,CA,0.0,0.0,0.0,17.95,25.35,0.0,0.0,0.0
2006-05-26,2006-06-29,OPTSTK,ANDHRABANK,55.0,CA,0.0,0.0,0.0,17.9,20.65,0.0,0.0,0.0
2006-05-26,2006-06-29,OPTSTK,ANDHRABANK,60.0,CA,0.0,0.0,0.0,13.75,16.3,0.0,0.0,0.0
2006-05-26,2006-06-29,OPTSTK,ANDHRABANK,65.0,CA,0.0,0.0,0.0,16.0,12.4,0.0,0.0,0.0
2006-05-26,2006-06-29,OPTSTK,ANDHRABANK,70.0,CA,0.0,0.0,0.0,7.0,9.1,0.0,0.0,2300.0
2006-05-26,2006-06-29,OPTSTK,ANDHRABANK,75.0,CA,4.5,4.7,3.35,3.95,3.95,24.0,43.62,62100.0
2006-05-26,2006-06-29,OPTSTK,ANDHRABANK,80.0,CA,2.9,3.0,2.2,2.3,2.3,44.0,83.54,158700.0
2006-05-26,2006-06-29,OPTSTK,ANDHRABANK,85.0,CA,1.25,1.5,1.2,1.25,1.25,11.0,21.83,48300.0
2006-05-26,2006-06-29,OPTSTK,ANDHRABANK,90.0,CA,1.45,1.45,0.9,0.9,0.9,6.0,12.57,23000.0
2006-05-26,2006-06-29,OPTSTK,ANDHRABANK,95.0,CA,0.0,0.0,0.0,0.65,1.2,0.0,0.0,0.0
2006-05-26,2006-06-29,OPTSTK,ANDHRABANK,100.0,CA,0.0,0.0,0.0,0.95,0.75,0.0,0.0,4600.0
2006-05-26,2006-06-29,OPTSTK,ANDHRABANK,105.0,CA,0.0,0.0,0.0,1.7,0.45,0.0,0.0,0.0
2006-05-26,2006-06-29,OPTSTK,ANDHRABANK,50.0,PA,0.0,0.0,0.0,0.35,0.15,0.0,0.0,0.0
2006-05-26,2006-06-29,OPTSTK,ANDHRABANK,55.0,PA,0.0,0.0,0.0,0.6,0.4,0.0,0.0,0.0
2006-05-26,2006-06-29,OPTSTK,ANDHRABANK,60.0,PA,1.2,1.2,1.2,1.2,1.2,1.0,1.4,2300.0
2006-05-26,2006-06-29,OPTSTK,ANDHRABANK,65.0,PA,0.0,0.0,0.0,0.2,2.1,0.0,0.0,0.0
2006-05-26,2006-06-29,OPTSTK,ANDHRABANK,70.0,PA,2.45,2.45,2.45,2.45,2.45,1.0,1.66,2300.0
2006-05-26,2006-06-29,OPTSTK,ANDHRABANK,75.0,PA,3.0,3.0,3.0,3.0,3.0,1.0,1.79,2300.0
2006-05-26,2006-06-29,OPTSTK,ANDHRABANK,80.0,PA,0.0,0.0,0.0,3.65,9.0,0.0,0.0,0.0
2006-05-26,2006-06-29,OPTSTK,ANDHRABANK,85.0,PA,0.0,0.0,0.0,6.45,12.5,0.0,0.0,0.0
2006-05-26,2006-06-29,OPTSTK,ANDHRABANK,90.0,PA,0.0,0.0,0.0,10.05,16.45,0.0,0.0,0.0
2006-05-26,2006-06-29,OPTSTK,ANDHRABANK,95.0,PA,0.0,0.0,0.0,14.25,20.7,0.0,0.0,0.0
2006-05-26,2006-06-29,OPTSTK,ANDHRABANK,100.0,PA,0.0,0.0,0.0,15.5,25.25,0.0,0.0,0.0
2006-05-26,2006-06-29,OPTSTK,ANDHRABANK,105.0,PA,0.0,0.0,0.0,17.2,29.9,0.0,0.0,0.0
2006-05-26,2006-07-27,OPTSTK,ANDHRABANK,50.0,CA,0.0,0.0,0.0,18.8,26.05,0.0,0.0,0.0
2006-05-26,2006-07-27,OPTSTK,ANDHRABANK,55.0,CA,0.0,0.0,0.0,18.95,21.7,0.0,0.0,0.0
2006-05-26,2006-07-27,OPTSTK,ANDHRABANK,60.0,CA,0.0,0.0,0.0,15.15,17.75,0.0,0.0,0.0
2006-05-26,2006-07-27,OPTSTK,ANDHRABANK,65.0,CA,0.0,0.0,0.0,14.75,14.3,0.0,0.0,0.0
2006-05-26,2006-07-27,OPTSTK,ANDHRABANK,70.0,CA,0.0,0.0,0.0,10.75,11.3,0.0,0.0,0.0
2006-05-26,2006-07-27,OPTSTK,ANDHRABANK,75.0,CA,0.0,0.0,0.0,7.35,8.8,0.0,0.0,0.0
2006-05-26,2006-07-27,OPTSTK,ANDHRABANK,80.0,CA,0.0,0.0,0.0,4.8,6.75,0.0,0.0,0.0
2006-05-26,2006-07-27,OPTSTK,ANDHRABANK,85.0,CA,0.0,0.0,0.0,2.95,5.1,0.0,0.0,0.0
2006-05-26,2006-07-27,OPTSTK,ANDHRABANK,90.0,CA,0.0,0.0,0.0,1.7,3.85,0.0,0.0,0.0
2006-05-26,2006-07-27,OPTSTK,ANDHRABANK,95.0,CA,0.0,0.0,0.0,0.95,2.85,0.0,0.0,0.0
2006-05-26,2006-07-27,OPTSTK,ANDHRABANK,100.0,CA,0.0,0.0,0.0,2.55,2.1,0.0,0.0,0.0
2006-05-26,2006-07-27,OPTSTK,ANDHRABANK,105.0,CA,0.0,0.0,0.0,1.85,1.55,0.0,0.0,0.0
2006-05-26,2006-07-27,OPTSTK,ANDHRABANK,50.0,PA,0.0,0.0,0.0,0.95,0.55,0.0,0.0,0.0
2006-05-26,2006-07-27,OPTSTK,ANDHRABANK,55.0,PA,0.0,0.0,0.0,1.4,1.2,0.0,0.0,0.0
2006-05-26,2006-07-27,OPTSTK,ANDHRABANK,60.0,PA,0.0,0.0,0.0,2.55,2.2,0.0,0.0,0.0
2006-05-26,2006-07-27,OPTSTK,ANDHRABANK,65.0,PA,0.0,0.0,0.0,0.65,3.65,0.0,0.0,0.0
2006-05-26,2006-07-27,OPTSTK,ANDHRABANK,70.0,PA,0.0,0.0,0.0,1.55,5.6,0.0,0.0,0.0
2006-05-26,2006-07-27,OPTSTK,ANDHRABANK,75.0,PA,0.0,0.0,0.0,3.1,8.05,0.0,0.0,0.0
2006-05-26,2006-07-27,OPTSTK,ANDHRABANK,80.0,PA,0.0,0.0,0.0,5.4,10.95,0.0,0.0,0.0
2006-05-26,2006-07-27,OPTSTK,ANDHRABANK,85.0,PA,0.0,0.0,0.0,8.5,14.25,0.0,0.0,0.0
2006-05-26,2006-07-27,OPTSTK,ANDHRABANK,90.0,PA,0.0,0.0,0.0,12.2,17.9,0.0,0.0,0.0
2006-05-26,2006-07-27,OPTSTK,ANDHRABANK,95.0,PA,0.0,0.0,0.0,16.35,21.9,0.0,0.0,0.0
2006-05-26,2006-07-27,OPTSTK,ANDHRABANK,100.0,PA,0.0,0.0,0.0,16.0,26.05,0.0,0.0,0.0
2006-05-26,2006-07-27,OPTSTK,ANDHRABANK,105.0,PA,0.0,0.0,0.0,16.85,30.45,0.0,0.0,0.0
2006-05-26,2006-08-31,OPTSTK,ANDHRABANK,55.0,CA,0.0,0.0,0.0,20.85,23.05,0.0,0.0,0.0
2006-05-26,2006-08-31,OPTSTK,ANDHRABANK,60.0,CA,0.0,0.0,0.0,17.4,19.45,0.0,0.0,0.0
2006-05-26,2006-08-31,OPTSTK,ANDHRABANK,65.0,CA,0.0,0.0,0.0,14.4,16.25,0.0,0.0,0.0
2006-05-26,2006-08-31,OPTSTK,ANDHRABANK,70.0,CA,0.0,0.0,0.0,11.85,13.45,0.0,0.0,0.0
2006-05-26,2006-08-31,OPTSTK,ANDHRABANK,75.0,CA,0.0,0.0,0.0,9.65,11.1,0.0,0.0,0.0
2006-05-26,2006-08-31,OPTSTK,ANDHRABANK,80.0,CA,0.0,0.0,0.0,7.8,9.05,0.0,0.0,0.0
2006-05-26,2006-08-31,OPTSTK,ANDHRABANK,85.0,CA,0.0,0.0,0.0,6.3,7.35,0.0,0.0,0.0
2006-05-26,2006-08-31,OPTSTK,ANDHRABANK,90.0,CA,0.0,0.0,0.0,0.0,0.0,0.0,0.0,0.0
2006-05-26,2006-08-31,OPTSTK,ANDHRABANK,55.0,PA,0.0,0.0,0.0,2.6,2.15,0.0,0.0,0.0
2006-05-26,2006-08-31,OPTSTK,ANDHRABANK,60.0,PA,0.0,0.0,0.0,4.05,3.5,0.0,0.0,0.0
2006-05-26,2006-08-31,OPTSTK,ANDHRABANK,65.0,PA,0.0,0.0,0.0,6.0,5.2,0.0,0.0,0.0
2006-05-26,2006-08-31,OPTSTK,ANDHRABANK,70.0,PA,0.0,0.0,0.0,8.3,7.3,0.0,0.0,0.0
2006-05-26,2006-08-31,OPTSTK,ANDHRABANK,75.0,PA,0.0,0.0,0.0,11.0,9.85,0.0,0.0,0.0
2006-05-26,2006-08-31,OPTSTK,ANDHRABANK,80.0,PA,0.0,0.0,0.0,14.1,12.75,0.0,0.0,0.0
2006-05-26,2006-08-31,OPTSTK,ANDHRABANK,85.0,PA,0.0,0.0,0.0,17.5,15.95,0.0,0.0,0.0
2006-05-26,2006-08-31,OPTSTK,ANDHRABANK,90.0,PA,0.0,0.0,0.0,0.0,0.0,0.0,0.0,0.0
2006-05-26,2006-06-29,OPTSTK,ARVINDMILL,55.0,CA,0.0,0.0,0.0,16.1,24.1,0.0,0.0,0.0
2006-05-26,2006-06-29,OPTSTK,ARVINDMILL,60.0,CA,0.0,0.0,0.0,12.15,19.9,0.0,0.0,0.0
2006-05-26,2006-06-29,OPTSTK,ARVINDMILL,65.0,CA,0.0,0.0,0.0,16.75,16.15,0.0,0.0,0.0
2006-05-26,2006-06-29,OPTSTK,ARVINDMILL,70.0,CA,0.0,0.0,0.0,18.1,12.8,0.0,0.0,0.0
2006-05-26,2006-06-29,OPTSTK,ARVINDMILL,75.0,CA,8.35,9.8,7.2,7.2,7.2,7.0,12.52,25800.0
2006-05-26,2006-06-29,OPTSTK,ARVINDMILL,80.0,CA,6.25,7.0,5.05,5.35,5.35,45.0,83.12,131150.0
2006-05-26,2006-06-29,OPTSTK,ARVINDMILL,85.0,CA,3.6,3.95,3.35,3.55,3.55,13.0,24.78,51600.0
2006-05-26,2006-06-29,OPTSTK,ARVINDMILL,90.0,CA,2.5,2.75,2.35,2.45,2.45,5.0,9.94,34400.0
2006-05-26,2006-06-29,OPTSTK,ARVINDMILL,95.0,CA,1.7,1.8,1.65,1.65,1.65,4.0,8.31,19350.0
2006-05-26,2006-06-29,OPTSTK,ARVINDMILL,100.0,CA,1.7,1.7,0.9,1.0,1.0,12.0,26.1,64500.0
2006-05-26,2006-06-29,OPTSTK,ARVINDMILL,105.0,CA,0.95,0.95,0.95,0.95,0.95,1.0,2.27,4300.0
2006-05-26,2006-06-29,OPTSTK,ARVINDMILL,110.0,CA,0.0,0.0,0.0,2.75,1.25,0.0,0.0,0.0
2006-05-26,2006-06-29,OPTSTK,ARVINDMILL,115.0,CA,0.0,0.0,0.0,4.8,0.9,0.0,0.0,0.0
2006-05-26,2006-06-29,OPTSTK,ARVINDMILL,120.0,CA,0.0,0.0,0.0,10.95,0.65,0.0,0.0,0.0
2006-05-26,2006-06-29,OPTSTK,ARVINDMILL,125.0,CA,0.0,0.0,0.0,9.25,0.45,0.0,0.0,0.0
2006-05-26,2006-06-29,OPTSTK,ARVINDMILL,55.0,PA,0.0,0.0,0.0,0.85,0.75,0.0,0.0,0.0
2006-05-26,2006-06-29,OPTSTK,ARVINDMILL,60.0,PA,0.0,0.0,0.0,1.9,1.55,0.0,0.0,0.0
2006-05-26,2006-06-29,OPTSTK,ARVINDMILL,65.0,PA,0.0,0.0,0.0,1.5,2.7,0.0,0.0,0.0
2006-05-26,2006-06-29,OPTSTK,ARVINDMILL,70.0,PA,1.5,2.0,1.5,2.0,2.0,3.0,4.63,6450.0
2006-05-26,2006-06-29,OPTSTK,ARVINDMILL,75.0,PA,4.0,4.4,4.0,4.2,4.2,8.0,13.62,23650.0
2006-05-26,2006-06-29,OPTSTK,ARVINDMILL,80.0,PA,6.5,6.9,6.3,6.9,6.9,3.0,5.58,6450.0
2006-05-26,2006-06-29,OPTSTK,ARVINDMILL,85.0,PA,0.0,0.0,0.0,2.45,12.3,0.0,0.0,0.0
2006-05-26,2006-06-29,OPTSTK,ARVINDMILL,90.0,PA,0.0,0.0,0.0,4.05,15.8,0.0,0.0,0.0
2006-05-26,2006-06-29,OPTSTK,ARVINDMILL,95.0,PA,0.0,0.0,0.0,6.2,19.65,0.0,0.0,0.0
2006-05-26,2006-06-29,OPTSTK,ARVINDMILL,100.0,PA,0.0,0.0,0.0,14.9,23.75,0.0,0.0,2150.0
2006-05-26,2006-06-29,OPTSTK,ARVINDMILL,105.0,PA,0.0,0.0,0.0,12.15,28.05,0.0,0.0,0.0
2006-05-26,2006-06-29,OPTSTK,ARVINDMILL,110.0,PA,0.0,0.0,0.0,15.8,32.55,0.0,0.0,0.0
2006-05-26,2006-06-29,OPTSTK,ARVINDMILL,115.0,PA,0.0,0.0,0.0,16.9,37.2,0.0,0.0,0.0
2006-05-26,2006-06-29,OPTSTK,ARVINDMILL,120.0,PA,0.0,0.0,0.0,17.4,41.9,0.0,0.0,0.0
2006-05-26,2006-06-29,OPTSTK,ARVINDMILL,125.0,PA,0.0,0.0,0.0,20.65,46.7,0.0,0.0,0.0
2006-05-26,2006-07-27,OPTSTK,ARVINDMILL,55.0,CA,0.0,0.0,0.0,17.35,25.6,0.0,0.0,0.0
2006-05-26,2006-07-27,OPTSTK,ARVINDMILL,60.0,CA,0.0,0.0,0.0,13.8,21.9,0.0,0.0,0.0
2006-05-26,2006-07-27,OPTSTK,ARVINDMILL,65.0,CA,0.0,0.0,0.0,18.35,18.55,0.0,0.0,0.0
2006-05-26,2006-07-27,OPTSTK,ARVINDMILL,70.0,CA,0.0,0.0,0.0,19.4,15.55,0.0,0.0,0.0
2006-05-26,2006-07-27,OPTSTK,ARVINDMILL,75.0,CA,0.0,0.0,0.0,21.1,13.0,0.0,0.0,0.0
2006-05-26,2006-07-27,OPTSTK,ARVINDMILL,80.0,CA,0.0,0.0,0.0,20.15,10.8,0.0,0.0,0.0
2006-05-26,2006-07-27,OPTSTK,ARVINDMILL,85.0,CA,0.0,0.0,0.0,17.1,8.9,0.0,0.0,0.0
2006-05-26,2006-07-27,OPTSTK,ARVINDMILL,90.0,CA,0.0,0.0,0.0,14.4,7.3,0.0,0.0,0.0
2006-05-26,2006-07-27,OPTSTK,ARVINDMILL,95.0,CA,0.0,0.0,0.0,12.0,6.0,0.0,0.0,0.0
2006-05-26,2006-07-27,OPTSTK,ARVINDMILL,100.0,CA,0.0,0.0,0.0,10.0,4.9,0.0,0.0,0.0
2006-05-26,2006-07-27,OPTSTK,ARVINDMILL,105.0,CA,0.0,0.0,0.0,8.25,4.0,0.0,0.0,0.0
2006-05-26,2006-07-27,OPTSTK,ARVINDMILL,110.0,CA,0.0,0.0,0.0,6.8,3.25,0.0,0.0,0.0
2006-05-26,2006-07-27,OPTSTK,ARVINDMILL,115.0,CA,0.0,0.0,0.0,5.15,2.65,0.0,0.0,0.0
2006-05-26,2006-07-27,OPTSTK,ARVINDMILL,55.0,PA,0.0,0.0,0.0,1.85,2.0,0.0,0.0,0.0
2006-05-26,2006-07-27,OPTSTK,ARVINDMILL,60.0,PA,0.0,0.0,0.0,3.2,3.2,0.0,0.0,0.0
2006-05-26,2006-07-27,OPTSTK,ARVINDMILL,65.0,PA,0.0,0.0,0.0,2.75,4.8,0.0,0.0,0.0
2006-05-26,2006-07-27,OPTSTK,ARVINDMILL,70.0,PA,0.0,0.0,0.0,1.85,6.75,0.0,0.0,0.0
2006-05-26,2006-07-27,OPTSTK,ARVINDMILL,75.0,PA,0.0,0.0,0.0,3.8,9.15,0.0,0.0,0.0
2006-05-26,2006-07-27,OPTSTK,ARVINDMILL,80.0,PA,0.0,0.0,0.0,4.8,11.85,0.0,0.0,0.0
2006-05-26,2006-07-27,OPTSTK,ARVINDMILL,85.0,PA,0.0,0.0,0.0,6.65,14.95,0.0,0.0,0.0
2006-05-26,2006-07-27,OPTSTK,ARVINDMILL,90.0,PA,0.0,0.0,0.0,8.85,18.3,0.0,0.0,0.0
2006-05-26,2006-07-27,OPTSTK,ARVINDMILL,95.0,PA,0.0,0.0,0.0,11.4,21.9,0.0,0.0,0.0
2006-05-26,2006-07-27,OPTSTK,ARVINDMILL,100.0,PA,0.0,0.0,0.0,14.3,25.75,0.0,0.0,0.0
2006-05-26,2006-07-27,OPTSTK,ARVINDMILL,105.0,PA,0.0,0.0,0.0,17.45,29.8,0.0,0.0,0.0
2006-05-26,2006-07-27,OPTSTK,ARVINDMILL,110.0,PA,0.0,0.0,0.0,20.9,34.0,0.0,0.0,0.0
2006-05-26,2006-07-27,OPTSTK,ARVINDMILL,115.0,PA,0.0,0.0,0.0,19.5,38.3,0.0,0.0,0.0
2006-05-26,2006-08-31,OPTSTK,ARVINDMILL,60.0,CA,0.0,0.0,0.0,20.7,24.05,0.0,0.0,0.0
2006-05-26,2006-08-31,OPTSTK,ARVINDMILL,65.0,CA,0.0,0.0,0.0,17.85,21.0,0.0,0.0,0.0
2006-05-26,2006-08-31,OPTSTK,ARVINDMILL,70.0,CA,0.0,0.0,0.0,15.4,18.3,0.0,0.0,0.0
2006-05-26,2006-08-31,OPTSTK,ARVINDMILL,75.0,CA,0.0,0.0,0.0,13.2,15.9,0.0,0.0,0.0
2006-05-26,2006-08-31,OPTSTK,ARVINDMILL,80.0,CA,0.0,0.0,0.0,11.3,13.8,0.0,0.0,0.0
2006-05-26,2006-08-31,OPTSTK,ARVINDMILL,85.0,CA,0.0,0.0,0.0,9.7,11.9,0.0,0.0,0.0
2006-05-26,2006-08-31,OPTSTK,ARVINDMILL,90.0,CA,0.0,0.0,0.0,8.25,10.3,0.0,0.0,0.0
2006-05-26,2006-08-31,OPTSTK,ARVINDMILL,95.0,CA,0.0,0.0,0.0,0.0,0.0,0.0,0.0,0.0
2006-05-26,2006-08-31,OPTSTK,ARVINDMILL,60.0,PA,0.0,0.0,0.0,5.8,5.0,0.0,0.0,0.0
2006-05-26,2006-08-31,OPTSTK,ARVINDMILL,65.0,PA,0.0,0.0,0.0,7.9,6.85,0.0,0.0,0.0
2006-05-26,2006-08-31,OPTSTK,ARVINDMILL,70.0,PA,0.0,0.0,0.0,10.3,9.05,0.0,0.0,0.0
2006-05-26,2006-08-31,OPTSTK,ARVINDMILL,75.0,PA,0.0,0.0,0.0,13.05,11.55,0.0,0.0,0.0
2006-05-26,2006-08-31,OPTSTK,ARVINDMILL,80.0,PA,0.0,0.0,0.0,16.05,14.35,0.0,0.0,0.0
2006-05-26,2006-08-31,OPTSTK,ARVINDMILL,85.0,PA,0.0,0.0,0.0,19.35,17.4,0.0,0.0,0.0
2006-05-26,2006-08-31,OPTSTK,ARVINDMILL,90.0,PA,0.0,0.0,0.0,22.85,20.7,0.0,0.0,0.0
2006-05-26,2006-08-31,OPTSTK,ARVINDMILL,95.0,PA,0.0,0.0,0.0,0.0,0.0,0.0,0.0,0.0
2006-05-26,2006-06-29,OPTSTK,ASHOKLEY,30.0,CA,0.0,0.0,0.0,9.55,11.25,0.0,0.0,0.0
2006-05-26,2006-06-29,OPTSTK,ASHOKLEY,32.5,CA,0.0,0.0,0.0,7.55,9.2,0.0,0.0,0.0
2006-05-26,2006-06-29,OPTSTK,ASHOKLEY,35.0,CA,0.0,0.0,0.0,7.0,7.4,0.0,0.0,19100.0
2006-05-26,2006-06-29,OPTSTK,ASHOKLEY,37.5,CA,6.9,6.9,5.0,5.0,5.0,3.0,12.36,28650.0
2006-05-26,2006-06-29,OPTSTK,ASHOKLEY,40.0,CA,4.7,5.15,3.35,3.55,3.55,96.0,404.39,821300.0
2006-05-26,2006-06-29,OPTSTK,ASHOKLEY,42.5,CA,3.3,3.65,2.4,2.5,2.5,37.0,161.0,391550.0
2006-05-26,2006-06-29,OPTSTK,ASHOKLEY,45.0,CA,2.6,2.7,1.65,1.7,1.7,52.0,234.36,658950.0
2006-05-26,2006-06-29,OPTSTK,ASHOKLEY,47.5,CA,1.95,1.95,1.3,1.4,1.4,7.0,32.76,133700.0
2006-05-26,2006-06-29,OPTSTK,ASHOKLEY,50.0,CA,1.45,1.5,0.9,1.05,1.05,24.0,117.32,506150.0
2006-05-26,2006-06-29,OPTSTK,ASHOKLEY,52.5,CA,1.15,1.35,0.7,0.7,0.7,6.0,30.61,162350.0
2006-05-26,2006-06-29,OPTSTK,ASHOKLEY,55.0,CA,0.9,0.9,0.5,0.5,0.5,7.0,37.17,124150.0
2006-05-26,2006-06-29,OPTSTK,ASHOKLEY,57.5,CA,0.0,0.0,0.0,1.3,0.5,0.0,0.0,0.0
2006-05-26,2006-06-29,OPTSTK,ASHOKLEY,60.0,CA,0.0,0.0,0.0,1.55,0.35,0.0,0.0,0.0
2006-05-26,2006-06-29,OPTSTK,ASHOKLEY,65.0,CA,0.0,0.0,0.0,1.0,0.2,0.0,0.0,9550.0
2006-05-26,2006-06-29,OPTSTK,ASHOKLEY,30.0,PA,0.3,0.35,0.3,0.35,0.35,7.0,20.26,76400.0
2006-05-26,2006-06-29,OPTSTK,ASHOKLEY,32.5,PA,0.0,0.0,0.0,0.9,0.95,0.0,0.0,0.0
2006-05-26,2006-06-29,OPTSTK,ASHOKLEY,35.0,PA,1.25,1.3,1.0,1.05,1.05,8.0,27.59,66850.0
2006-05-26,2006-06-29,OPTSTK,ASHOKLEY,37.5,PA,2.25,2.25,2.25,2.25,2.25,1.0,3.79,9550.0
2006-05-26,2006-06-29,OPTSTK,ASHOKLEY,40.0,PA,3.25,3.75,2.5,2.65,2.65,80.0,328.28,687600.0
2006-05-26,2006-06-29,OPTSTK,ASHOKLEY,42.5,PA,4.1,4.65,4.1,4.5,4.5,6.0,26.84,66850.0
2006-05-26,2006-06-29,OPTSTK,ASHOKLEY,45.0,PA,0.0,0.0,0.0,7.2,6.75,0.0,0.0,0.0
2006-05-26,2006-06-29,OPTSTK,ASHOKLEY,47.5,PA,0.0,0.0,0.0,8.05,8.55,0.0,0.0,0.0
2006-05-26,2006-06-29,OPTSTK,ASHOKLEY,50.0,PA,0.0,0.0,0.0,9.0,10.55,0.0,0.0,0.0
2006-05-26,2006-06-29,OPTSTK,ASHOKLEY,52.5,PA,0.0,0.0,0.0,9.0,12.65,0.0,0.0,0.0
2006-05-26,2006-06-29,OPTSTK,ASHOKLEY,55.0,PA,0.0,0.0,0.0,8.3,14.85,0.0,0.0,0.0
2006-05-26,2006-06-29,OPTSTK,ASHOKLEY,57.5,PA,0.0,0.0,0.0,8.2,17.1,0.0,0.0,0.0
2006-05-26,2006-06-29,OPTSTK,ASHOKLEY,60.0,PA,0.0,0.0,0.0,10.65,19.45,0.0,0.0,0.0
2006-05-26,2006-06-29,OPTSTK,ASHOKLEY,65.0,PA,0.0,0.0,0.0,14.85,24.25,0.0,0.0,0.0
2006-05-26,2006-07-27,OPTSTK,ASHOKLEY,30.0,CA,0.0,0.0,0.0,9.4,12.1,0.0,0.0,0.0
2006-05-26,2006-07-27,OPTSTK,ASHOKLEY,32.5,CA,0.0,0.0,0.0,7.7,10.25,0.0,0.0,0.0
2006-05-26,2006-07-27,OPTSTK,ASHOKLEY,35.0,CA,0.0,0.0,0.0,16.2,8.65,0.0,0.0,0.0
2006-05-26,2006-07-27,OPTSTK,ASHOKLEY,37.5,CA,0.0,0.0,0.0,8.8,7.25,0.0,0.0,0.0
2006-05-26,2006-07-27,OPTSTK,ASHOKLEY,40.0,CA,0.0,0.0,0.0,9.6,6.0,0.0,0.0,0.0
2006-05-26,2006-07-27,OPTSTK,ASHOKLEY,42.5,CA,0.0,0.0,0.0,7.9,4.95,0.0,0.0,0.0
2006-05-26,2006-07-27,OPTSTK,ASHOKLEY,45.0,CA,0.0,0.0,0.0,6.35,4.05,0.0,0.0,0.0
2006-05-26,2006-07-27,OPTSTK,ASHOKLEY,47.5,CA,0.0,0.0,0.0,5.05,3.3,0.0,0.0,0.0
2006-05-26,2006-07-27,OPTSTK,ASHOKLEY,50.0,CA,0.0,0.0,0.0,3.95,2.7,0.0,0.0,0.0
2006-05-26,2006-07-27,OPTSTK,ASHOKLEY,52.5,CA,0.0,0.0,0.0,3.05,2.2,0.0,0.0,0.0
2006-05-26,2006-07-27,OPTSTK,ASHOKLEY,55.0,CA,0.0,0.0,0.0,2.35,1.75,0.0,0.0,0.0
2006-05-26,2006-07-27,OPTSTK,ASHOKLEY,57.5,CA,0.0,0.0,0.0,2.1,1.45,0.0,0.0,0.0
2006-05-26,2006-07-27,OPTSTK,ASHOKLEY,60.0,CA,0.0,0.0,0.0,2.35,1.15,0.0,0.0,0.0
2006-05-26,2006-07-27,OPTSTK,ASHOKLEY,65.0,CA,0.0,0.0,0.0,1.45,0.75,0.0,0.0,0.0
2006-05-26,2006-07-27,OPTSTK,ASHOKLEY,30.0,PA,0.0,0.0,0.0,1.3,1.2,0.0,0.0,0.0
2006-05-26,2006-07-27,OPTSTK,ASHOKLEY,32.5,PA,0.0,0.0,0.0,2.05,1.85,0.0,0.0,0.0
2006-05-26,2006-07-27,OPTSTK,ASHOKLEY,35.0,PA,0.0,0.0,0.0,0.4,2.7,0.0,0.0,0.0
2006-05-26,2006-07-27,OPTSTK,ASHOKLEY,37.5,PA,0.0,0.0,0.0,2.45,3.75,0.0,0.0,0.0
2006-05-26,2006-07-27,OPTSTK,ASHOKLEY,40.0,PA,0.0,0.0,0.0,1.3,5.0,0.0,0.0,0.0
2006-05-26,2006-07-27,OPTSTK,ASHOKLEY,42.5,PA,0.0,0.0,0.0,2.0,6.4,0.0,0.0,0.0
2006-05-26,2006-07-27,OPTSTK,ASHOKLEY,45.0,PA,0.0,0.0,0.0,2.95,8.0,0.0,0.0,0.0
2006-05-26,2006-07-27,OPTSTK,ASHOKLEY,47.5,PA,0.0,0.0,0.0,4.1,9.7,0.0,0.0,0.0
2006-05-26,2006-07-27,OPTSTK,ASHOKLEY,50.0,PA,0.0,0.0,0.0,5.45,11.6,0.0,0.0,0.0
2006-05-26,2006-07-27,OPTSTK,ASHOKLEY,52.5,PA,0.0,0.0,0.0,7.0,13.55,0.0,0.0,0.0
2006-05-26,2006-07-27,OPTSTK,ASHOKLEY,55.0,PA,0.0,0.0,0.0,8.75,15.6,0.0,0.0,0.0
2006-05-26,2006-07-27,OPTSTK,ASHOKLEY,57.5,PA,0.0,0.0,0.0,8.75,17.7,0.0,0.0,0.0
2006-05-26,2006-07-27,OPTSTK,ASHOKLEY,60.0,PA,0.0,0.0,0.0,11.15,19.9,0.0,0.0,0.0
2006-05-26,2006-07-27,OPTSTK,ASHOKLEY,65.0,PA,0.0,0.0,0.0,15.15,24.45,0.0,0.0,0.0
2006-05-26,2006-08-31,OPTSTK,ASHOKLEY,32.5,CA,0.0,0.0,0.0,10.45,11.4,0.0,0.0,0.0
2006-05-26,2006-08-31,OPTSTK,ASHOKLEY,35.0,CA,0.0,0.0,0.0,9.05,9.95,0.0,0.0,0.0
2006-05-26,2006-08-31,OPTSTK,ASHOKLEY,37.5,CA,0.0,0.0,0.0,7.8,8.65,0.0,0.0,0.0
2006-05-26,2006-08-31,OPTSTK,ASHOKLEY,40.0,CA,0.0,0.0,0.0,6.75,7.45,0.0,0.0,0.0
2006-05-26,2006-08-31,OPTSTK,ASHOKLEY,42.5,CA,0.0,0.0,0.0,5.8,6.45,0.0,0.0,0.0
2006-05-26,2006-08-31,OPTSTK,ASHOKLEY,45.0,CA,0.0,0.0,0.0,5.0,5.55,0.0,0.0,0.0
2006-05-26,2006-08-31,OPTSTK,ASHOKLEY,47.5,CA,0.0,0.0,0.0,4.25,4.8,0.0,0.0,0.0
2006-05-26,2006-08-31,OPTSTK,ASHOKLEY,32.5,PA,0.0,0.0,0.0,3.2,2.8,0.0,0.0,0.0
2006-05-26,2006-08-31,OPTSTK,ASHOKLEY,35.0,PA,0.0,0.0,0.0,4.25,3.75,0.0,0.0,0.0
2006-05-26,2006-08-31,OPTSTK,ASHOKLEY,37.5,PA,0.0,0.0,0.0,5.5,4.9,0.0,0.0,0.0
2006-05-26,2006-08-31,OPTSTK,ASHOKLEY,40.0,PA,0.0,0.0,0.0,6.85,6.2,0.0,0.0,0.0
2006-05-26,2006-08-31,OPTSTK,ASHOKLEY,42.5,PA,0.0,0.0,0.0,8.4,7.65,0.0,0.0,0.0
2006-05-26,2006-08-31,OPTSTK,ASHOKLEY,45.0,PA,0.0,0.0,0.0,10.0,9.2,0.0,0.0,0.0
2006-05-26,2006-08-31,OPTSTK,ASHOKLEY,47.5,PA,0.0,0.0,0.0,11.75,10.9,0.0,0.0,0.0
2006-05-26,2006-06-29,OPTSTK,AUROPHARMA,500.0,CA,0.0,0.0,0.0,77.8,106.3,0.0,0.0,0.0
2006-05-26,2006-06-29,OPTSTK,AUROPHARMA,520.0,CA,0.0,0.0,0.0,67.25,91.15,0.0,0.0,0.0
2006-05-26,2006-06-29,OPTSTK,AUROPHARMA,540.0,CA,0.0,0.0,0.0,53.65,77.25,0.0,0.0,0.0
2006-05-26,2006-06-29,OPTSTK,AUROPHARMA,560.0,CA,0.0,0.0,0.0,72.35,64.75,0.0,0.0,0.0
2006-05-26,2006-06-29,OPTSTK,AUROPHARMA,580.0,CA,0.0,0.0,0.0,88.8,53.7,0.0,0.0,0.0
2006-05-26,2006-06-29,OPTSTK,AUROPHARMA,600.0,CA,0.0,0.0,0.0,87.7,44.05,0.0,0.0,0.0
2006-05-26,2006-06-29,OPTSTK,AUROPHARMA,620.0,CA,0.0,0.0,0.0,103.75,35.75,0.0,0.0,0.0
2006-05-26,2006-06-29,OPTSTK,AUROPHARMA,640.0,CA,0.0,0.0,0.0,91.2,28.75,0.0,0.0,0.0
2006-05-26,2006-06-29,OPTSTK,AUROPHARMA,660.0,CA,0.0,0.0,0.0,79.65,22.9,0.0,0.0,0.0
2006-05-26,2006-06-29,OPTSTK,AUROPHARMA,680.0,CA,0.0,0.0,0.0,69.2,18.1,0.0,0.0,0.0
2006-05-26,2006-06-29,OPTSTK,AUROPHARMA,700.0,CA,0.0,0.0,0.0,59.75,14.15,0.0,0.0,0.0
2006-05-26,2006-06-29,OPTSTK,AUROPHARMA,720.0,CA,0.0,0.0,0.0,51.35,11.0,0.0,0.0,0.0
2006-05-26,2006-06-29,OPTSTK,AUROPHARMA,740.0,CA,0.0,0.0,0.0,43.9,8.45,0.0,0.0,0.0
2006-05-26,2006-06-29,OPTSTK,AUROPHARMA,760.0,CA,0.0,0.0,0.0,35.4,6.5,0.0,0.0,0.0
2006-05-26,2006-06-29,OPTSTK,AUROPHARMA,780.0,CA,0.0,0.0,0.0,38.85,4.9,0.0,0.0,0.0
2006-05-26,2006-06-29,OPTSTK,AUROPHARMA,500.0,PA,0.0,0.0,0.0,14.8,10.15,0.0,0.0,0.0
2006-05-26,2006-06-29,OPTSTK,AUROPHARMA,520.0,PA,0.0,0.0,0.0,12.1,14.9,0.0,0.0,0.0
2006-05-26,2006-06-29,OPTSTK,AUROPHARMA,540.0,PA,0.0,0.0,0.0,18.35,20.85,0.0,0.0,0.0
2006-05-26,2006-06-29,OPTSTK,AUROPHARMA,560.0,PA,0.0,0.0,0.0,14.4,28.25,0.0,0.0,0.0
2006-05-26,2006-06-29,OPTSTK,AUROPHARMA,580.0,PA,0.0,0.0,0.0,20.55,37.05,0.0,0.0,0.0
2006-05-26,2006-06-29,OPTSTK,AUROPHARMA,600.0,PA,0.0,0.0,0.0,22.0,47.3,0.0,0.0,0.0
2006-05-26,2006-06-29,OPTSTK,AUROPHARMA,620.0,PA,0.0,0.0,0.0,25.85,58.85,0.0,0.0,0.0
2006-05-26,2006-06-29,OPTSTK,AUROPHARMA,640.0,PA,0.0,0.0,0.0,32.85,71.75,0.0,0.0,0.0
2006-05-26,2006-06-29,OPTSTK,AUROPHARMA,660.0,PA,0.0,0.0,0.0,40.9,85.75,0.0,0.0,0.0
2006-05-26,2006-06-29,OPTSTK,AUROPHARMA,680.0,PA,0.0,0.0,0.0,50.0,100.8,0.0,0.0,0.0
2006-05-26,2006-06-29,OPTSTK,AUROPHARMA,700.0,PA,0.0,0.0,0.0,60.15,116.75,0.0,0.0,0.0
2006-05-26,2006-06-29,OPTSTK,AUROPHARMA,720.0,PA,0.0,0.0,0.0,71.35,133.45,0.0,0.0,0.0
2006-05-26,2006-06-29,OPTSTK,AUROPHARMA,740.0,PA,0.0,0.0,0.0,83.45,150.8,0.0,0.0,0.0
2006-05-26,2006-06-29,OPTSTK,AUROPHARMA,760.0,PA,0.0,0.0,0.0,82.9,168.7,0.0,0.0,0.0
2006-05-26,2006-06-29,OPTSTK,AUROPHARMA,780.0,PA,0.0,0.0,0.0,91.7,187.0,0.0,0.0,0.0
2006-05-26,2006-07-27,OPTSTK,AUROPHARMA,500.0,CA,0.0,0.0,0.0,90.55,118.8,0.0,0.0,0.0
2006-05-26,2006-07-27,OPTSTK,AUROPHARMA,520.0,CA,0.0,0.0,0.0,77.65,105.2,0.0,0.0,0.0
2006-05-26,2006-07-27,OPTSTK,AUROPHARMA,540.0,CA,0.0,0.0,0.0,65.1,92.6,0.0,0.0,0.0
2006-05-26,2006-07-27,OPTSTK,AUROPHARMA,560.0,CA,0.0,0.0,0.0,83.4,81.1,0.0,0.0,0.0
2006-05-26,2006-07-27,OPTSTK,AUROPHARMA,580.0,CA,0.0,0.0,0.0,87.55,70.7,0.0,0.0,0.0
2006-05-26,2006-07-27,OPTSTK,AUROPHARMA,600.0,CA,0.0,0.0,0.0,88.8,61.35,0.0,0.0,0.0
2006-05-26,2006-07-27,OPTSTK,AUROPHARMA,620.0,CA,0.0,0.0,0.0,89.9,53.0,0.0,0.0,0.0
2006-05-26,2006-07-27,OPTSTK,AUROPHARMA,640.0,CA,0.0,0.0,0.0,98.5,45.55,0.0,0.0,0.0
2006-05-26,2006-07-27,OPTSTK,AUROPHARMA,660.0,CA,0.0,0.0,0.0,102.7,39.0,0.0,0.0,0.0
2006-05-26,2006-07-27,OPTSTK,AUROPHARMA,680.0,CA,0.0,0.0,0.0,91.25,33.3,0.0,0.0,0.0
2006-05-26,2006-07-27,OPTSTK,AUROPHARMA,700.0,CA,0.0,0.0,0.0,80.8,28.35,0.0,0.0,0.0
2006-05-26,2006-07-27,OPTSTK,AUROPHARMA,720.0,CA,0.0,0.0,0.0,71.2,24.05,0.0,0.0,0.0
2006-05-26,2006-07-27,OPTSTK,AUROPHARMA,740.0,CA,0.0,0.0,0.0,62.55,20.3,0.0,0.0,0.0
2006-05-26,2006-07-27,OPTSTK,AUROPHARMA,760.0,CA,0.0,0.0,0.0,54.75,17.1,0.0,0.0,0.0
2006-05-26,2006-07-27,OPTSTK,AUROPHARMA,780.0,CA,0.0,0.0,0.0,47.75,14.4,0.0,0.0,0.0
2006-05-26,2006-07-27,OPTSTK,AUROPHARMA,500.0,PA,0.0,0.0,0.0,24.95,20.1,0.0,0.0,0.0
2006-05-26,2006-07-27,OPTSTK,AUROPHARMA,520.0,PA,0.0,0.0,0.0,19.8,26.25,0.0,0.0,0.0
2006-05-26,2006-07-27,OPTSTK,AUROPHARMA,540.0,PA,0.0,0.0,0.0,27.0,33.4,0.0,0.0,0.0
2006-05-26,2006-07-27,OPTSTK,AUROPHARMA,560.0,PA,0.0,0.0,0.0,22.55,41.7,0.0,0.0,0.0
2006-05-26,2006-07-27,OPTSTK,AUROPHARMA,580.0,PA,0.0,0.0,0.0,19.35,51.05,0.0,0.0,0.0
2006-05-26,2006-07-27,OPTSTK,AUROPHARMA,600.0,PA,0.0,0.0,0.0,17.1,61.45,0.0,0.0,0.0
2006-05-26,2006-07-27,OPTSTK,AUROPHARMA,620.0,PA,0.0,0.0,0.0,15.85,72.9,0.0,0.0,0.0
2006-05-26,2006-07-27,OPTSTK,AUROPHARMA,640.0,PA,0.0,0.0,0.0,26.65,85.25,0.0,0.0,0.0
2006-05-26,2006-07-27,OPTSTK,AUROPHARMA,660.0,PA,0.0,0.0,0.0,38.65,98.45,0.0,0.0,0.0
2006-05-26,2006-07-27,OPTSTK,AUROPHARMA,680.0,PA,0.0,0.0,0.0,46.9,112.5,0.0,0.0,0.0
2006-05-26,2006-07-27,OPTSTK,AUROPHARMA,700.0,PA,0.0,0.0,0.0,56.05,127.35,0.0,0.0,0.0
2006-05-26,2006-07-27,OPTSTK,AUROPHARMA,720.0,PA,0.0,0.0,0.0,66.15,142.8,0.0,0.0,0.0
2006-05-26,2006-07-27,OPTSTK,AUROPHARMA,740.0,PA,0.0,0.0,0.0,77.15,158.85,0.0,0.0,0.0
2006-05-26,2006-07-27,OPTSTK,AUROPHARMA,760.0,PA,0.0,0.0,0.0,89.0,175.4,0.0,0.0,0.0
2006-05-26,2006-07-27,OPTSTK,AUROPHARMA,780.0,PA,0.0,0.0,0.0,101.65,192.45,0.0,0.0,0.0
2006-05-26,2006-08-31,OPTSTK,AUROPHARMA,500.0,CA,0.0,0.0,0.0,103.8,132.4,0.0,0.0,0.0
2006-05-26,2006-08-31,OPTSTK,AUROPHARMA,520.0,CA,0.0,0.0,0.0,92.35,119.8,0.0,0.0,0.0
2006-05-26,2006-08-31,OPTSTK,AUROPHARMA,540.0,CA,0.0,0.0,0.0,81.85,108.15,0.0,0.0,0.0
2006-05-26,2006-08-31,OPTSTK,AUROPHARMA,560.0,CA,0.0,0.0,0.0,72.3,97.35,0.0,0.0,0.0
2006-05-26,2006-08-31,OPTSTK,AUROPHARMA,580.0,CA,0.0,0.0,0.0,63.65,87.4,0.0,0.0,0.0
2006-05-26,2006-08-31,OPTSTK,AUROPHARMA,600.0,CA,0.0,0.0,0.0,55.9,78.3,0.0,0.0,0.0
2006-05-26,2006-08-31,OPTSTK,AUROPHARMA,620.0,CA,0.0,0.0,0.0,48.95,70.0,0.0,0.0,0.0
2006-05-26,2006-08-31,OPTSTK,AUROPHARMA,640.0,CA,0.0,0.0,0.0,0.0,0.0,0.0,0.0,0.0
2006-05-26,2006-08-31,OPTSTK,AUROPHARMA,660.0,CA,0.0,0.0,0.0,0.0,0.0,0.0,0.0,0.0
2006-05-26,2006-08-31,OPTSTK,AUROPHARMA,500.0,PA,0.0,0.0,0.0,35.0,30.45,0.0,0.0,0.0
2006-05-26,2006-08-31,OPTSTK,AUROPHARMA,520.0,PA,0.0,0.0,0.0,43.15,37.5,0.0,0.0,0.0
2006-05-26,2006-08-31,OPTSTK,AUROPHARMA,540.0,PA,0.0,0.0,0.0,52.3,45.5,0.0,0.0,0.0
2006-05-26,2006-08-31,OPTSTK,AUROPHARMA,560.0,PA,0.0,0.0,0.0,62.4,54.35,0.0,0.0,0.0
2006-05-26,2006-08-31,OPTSTK,AUROPHARMA,580.0,PA,0.0,0.0,0.0,73.4,64.05,0.0,0.0,0.0
2006-05-26,2006-08-31,OPTSTK,AUROPHARMA,600.0,PA,0.0,0.0,0.0,85.25,74.6,0.0,0.0,0.0
2006-05-26,2006-08-31,OPTSTK,AUROPHARMA,620.0,PA,0.0,0.0,0.0,97.95,85.9,0.0,0.0,0.0
2006-05-26,2006-08-31,OPTSTK,AUROPHARMA,640.0,PA,0.0,0.0,0.0,0.0,0.0,0.0,0.0,0.0
2006-05-26,2006-08-31,OPTSTK,AUROPHARMA,660.0,PA,0.0,0.0,0.0,0.0,0.0,0.0,0.0,0.0
2006-05-26,2006-06-29,OPTSTK,BAJAJAUTO,2550.0,CA,0.0,0.0,0.0,282.4,454.0,0.0,0.0,0.0
2006-05-26,2006-06-29,OPTSTK,BAJAJAUTO,2600.0,CA,0.0,0.0,0.0,251.0,417.9,0.0,0.0,0.0
2006-05-26,2006-06-29,OPTSTK,BAJAJAUTO,2650.0,CA,0.0,0.0,0.0,221.95,383.4,0.0,0.0,0.0
2006-05-26,2006-06-29,OPTSTK,BAJAJAUTO,2700.0,CA,0.0,0.0,0.0,195.15,350.85,0.0,0.0,0.0
2006-05-26,2006-06-29,OPTSTK,BAJAJAUTO,2750.0,CA,0.0,0.0,0.0,170.7,320.1,0.0,0.0,0.0
2006-05-26,2006-06-29,OPTSTK,BAJAJAUTO,2800.0,CA,0.0,0.0,0.0,148.55,291.2,0.0,0.0,0.0
2006-05-26,2006-06-29,OPTSTK,BAJAJAUTO,2850.0,CA,0.0,0.0,0.0,128.6,264.15,0.0,0.0,0.0
2006-05-26,2006-06-29,OPTSTK,BAJAJAUTO,2900.0,CA,0.0,0.0,0.0,130.05,238.9,0.0,0.0,0.0
2006-05-26,2006-06-29,OPTSTK,BAJAJAUTO,2950.0,CA,0.0,0.0,0.0,148.65,215.45,0.0,0.0,0.0
2006-05-26,2006-06-29,OPTSTK,BAJAJAUTO,3000.0,CA,0.0,0.0,0.0,138.75,193.8,0.0,0.0,0.0
2006-05-26,2006-06-29,OPTSTK,BAJAJAUTO,3050.0,CA,0.0,0.0,0.0,258.35,173.8,0.0,0.0,0.0
2006-05-26,2006-06-29,OPTSTK,BAJAJAUTO,3100.0,CA,0.0,0.0,0.0,236.75,155.45,0.0,0.0,0.0
2006-05-26,2006-06-29,OPTSTK,BAJAJAUTO,3150.0,CA,0.0,0.0,0.0,216.55,138.7,0.0,0.0,0.0
2006-05-26,2006-06-29,OPTSTK,BAJAJAUTO,3200.0,CA,0.0,0.0,0.0,216.85,123.4,0.0,0.0,0.0
2006-05-26,2006-06-29,OPTSTK,BAJAJAUTO,3250.0,CA,0.0,0.0,0.0,196.3,109.55,0.0,0.0,0.0
2006-05-26,2006-06-29,OPTSTK,BAJAJAUTO,3300.0,CA,0.0,0.0,0.0,173.8,97.15,0.0,0.0,0.0
2006-05-26,2006-06-29,OPTSTK,BAJAJAUTO,3350.0,CA,0.0,0.0,0.0,140.0,85.9,0.0,0.0,0.0
2006-05-26,2006-06-29,OPTSTK,BAJAJAUTO,3400.0,CA,0.0,0.0,0.0,162.4,75.6,0.0,0.0,0.0
2006-05-26,2006-06-29,OPTSTK,BAJAJAUTO,2550.0,PA,0.0,0.0,0.0,79.35,68.2,0.0,0.0,0.0
2006-05-26,2006-06-29,OPTSTK,BAJAJAUTO,2600.0,PA,0.0,0.0,0.0,96.85,81.75,0.0,0.0,0.0
2006-05-26,2006-06-29,OPTSTK,BAJAJAUTO,2650.0,PA,0.0,0.0,0.0,116.7,96.95,0.0,0.0,0.0
2006-05-26,2006-06-29,OPTSTK,BAJAJAUTO,2700.0,PA,0.0,0.0,0.0,138.9,114.1,0.0,0.0,0.0
2006-05-26,2006-06-29,OPTSTK,BAJAJAUTO,2750.0,PA,0.0,0.0,0.0,163.4,133.05,0.0,0.0,0.0
2006-05-26,2006-06-29,OPTSTK,BAJAJAUTO,2800.0,PA,0.0,0.0,0.0,190.15,153.8,0.0,0.0,0.0
2006-05-26,2006-06-29,OPTSTK,BAJAJAUTO,2850.0,PA,0.0,0.0,0.0,219.15,176.45,0.0,0.0,0.0
2006-05-26,2006-06-29,OPTSTK,BAJAJAUTO,2900.0,PA,0.0,0.0,0.0,223.8,200.9,0.0,0.0,0.0
2006-05-26,2006-06-29,OPTSTK,BAJAJAUTO,2950.0,PA,0.0,0.0,0.0,219.35,227.15,0.0,0.0,0.0
2006-05-26,2006-06-29,OPTSTK,BAJAJAUTO,3000.0,PA,0.0,0.0,0.0,228.35,255.15,0.0,0.0,0.0
2006-05-26,2006-06-29,OPTSTK,BAJAJAUTO,3050.0,PA,0.0,0.0,0.0,263.95,284.85,0.0,0.0,0.0
2006-05-26,2006-06-29,OPTSTK,BAJAJAUTO,3100.0,PA,0.0,0.0,0.0,291.65,316.2,0.0,0.0,0.0
2006-05-26,2006-06-29,OPTSTK,BAJAJAUTO,3150.0,PA,0.0,0.0,0.0,320.75,349.1,0.0,0.0,0.0
2006-05-26,2006-06-29,OPTSTK,BAJAJAUTO,3200.0,PA,0.0,0.0,0.0,262.75,383.5,0.0,0.0,0.0
2006-05-26,2006-06-29,OPTSTK,BAJAJAUTO,3250.0,PA,0.0,0.0,0.0,291.65,419.35,0.0,0.0,0.0
2006-05-26,2006-06-29,OPTSTK,BAJAJAUTO,3300.0,PA,0.0,0.0,0.0,306.35,456.65,0.0,0.0,0.0
2006-05-26,2006-06-29,OPTSTK,BAJAJAUTO,3350.0,PA,0.0,0.0,0.0,267.2,495.05,0.0,0.0,0.0
2006-05-26,2006-06-29,OPTSTK,BAJAJAUTO,3400.0,PA,0.0,0.0,0.0,265.8,534.45,0.0,0.0,0.0
2006-05-26,2006-07-27,OPTSTK,BAJAJAUTO,2650.0,CA,0.0,0.0,0.0,356.5,457.3,0.0,0.0,0.0
2006-05-26,2006-07-27,OPTSTK,BAJAJAUTO,2700.0,CA,0.0,0.0,0.0,388.35,427.55,0.0,0.0,0.0
2006-05-26,2006-07-27,OPTSTK,BAJAJAUTO,2750.0,CA,0.0,0.0,0.0,361.0,399.2,0.0,0.0,0.0
2006-05-26,2006-07-27,OPTSTK,BAJAJAUTO,2800.0,CA,0.0,0.0,0.0,367.45,372.2,0.0,0.0,0.0
2006-05-26,2006-07-27,OPTSTK,BAJAJAUTO,2850.0,CA,0.0,0.0,0.0,340.85,346.6,0.0,0.0,0.0
2006-05-26,2006-07-27,OPTSTK,BAJAJAUTO,2900.0,CA,0.0,0.0,0.0,315.7,322.35,0.0,0.0,0.0
2006-05-26,2006-07-27,OPTSTK,BAJAJAUTO,2950.0,CA,0.0,0.0,0.0,292.0,299.4,0.0,0.0,0.0
2006-05-26,2006-07-27,OPTSTK,BAJAJAUTO,3000.0,CA,0.0,0.0,0.0,269.65,277.75,0.0,0.0,0.0
2006-05-26,2006-07-27,OPTSTK,BAJAJAUTO,3050.0,CA,0.0,0.0,0.0,248.65,257.35,0.0,0.0,0.0
2006-05-26,2006-07-27,OPTSTK,BAJAJAUTO,3100.0,CA,0.0,0.0,0.0,228.95,238.2,0.0,0.0,0.0
2006-05-26,2006-07-27,OPTSTK,BAJAJAUTO,3150.0,CA,0.0,0.0,0.0,237.45,220.2,0.0,0.0,0.0
2006-05-26,2006-07-27,OPTSTK,BAJAJAUTO,3200.0,CA,0.0,0.0,0.0,275.75,203.35,0.0,0.0,0.0
2006-05-26,2006-07-27,OPTSTK,BAJAJAUTO,3250.0,CA,0.0,0.0,0.0,254.9,187.6,0.0,0.0,0.0
2006-05-26,2006-07-27,OPTSTK,BAJAJAUTO,3300.0,CA,0.0,0.0,0.0,231.0,172.9,0.0,0.0,0.0
2006-05-26,2006-07-27,OPTSTK,BAJAJAUTO,3350.0,CA,0.0,0.0,0.0,194.55,159.15,0.0,0.0,0.0
2006-05-26,2006-07-27,OPTSTK,BAJAJAUTO,3400.0,CA,0.0,0.0,0.0,228.35,146.55,0.0,0.0,0.0
2006-05-26,2006-07-27,OPTSTK,BAJAJAUTO,2650.0,PA,0.0,0.0,0.0,193.1,157.2,0.0,0.0,0.0
2006-05-26,2006-07-27,OPTSTK,BAJAJAUTO,2700.0,PA,0.0,0.0,0.0,184.15,176.9,0.0,0.0,0.0
2006-05-26,2006-07-27,OPTSTK,BAJAJAUTO,2750.0,PA,0.0,0.0,0.0,206.2,197.95,0.0,0.0,0.0
2006-05-26,2006-07-27,OPTSTK,BAJAJAUTO,2800.0,PA,0.0,0.0,0.0,191.5,220.4,0.0,0.0,0.0
2006-05-26,2006-07-27,OPTSTK,BAJAJAUTO,2850.0,PA,0.0,0.0,0.0,214.05,244.2,0.0,0.0,0.0
2006-05-26,2006-07-27,OPTSTK,BAJAJAUTO,2900.0,PA,0.0,0.0,0.0,238.05,269.35,0.0,0.0,0.0
2006-05-26,2006-07-27,OPTSTK,BAJAJAUTO,2950.0,PA,0.0,0.0,0.0,263.45,295.85,0.0,0.0,0.0
2006-05-26,2006-07-27,OPTSTK,BAJAJAUTO,3000.0,PA,0.0,0.0,0.0,290.25,323.65,0.0,0.0,0.0
2006-05-26,2006-07-27,OPTSTK,BAJAJAUTO,3050.0,PA,0.0,0.0,0.0,318.4,352.7,0.0,0.0,0.0
2006-05-26,2006-07-27,OPTSTK,BAJAJAUTO,3100.0,PA,0.0,0.0,0.0,347.9,382.95,0.0,0.0,0.0
2006-05-26,2006-07-27,OPTSTK,BAJAJAUTO,3150.0,PA,0.0,0.0,0.0,323.85,414.4,0.0,0.0,0.0
2006-05-26,2006-07-27,OPTSTK,BAJAJAUTO,3200.0,PA,0.0,0.0,0.0,305.05,446.95,0.0,0.0,0.0
2006-05-26,2006-07-27,OPTSTK,BAJAJAUTO,3250.0,PA,0.0,0.0,0.0,333.35,480.65,0.0,0.0,0.0
2006-05-26,2006-07-27,OPTSTK,BAJAJAUTO,3300.0,PA,0.0,0.0,0.0,346.3,515.35,0.0,0.0,0.0
2006-05-26,2006-07-27,OPTSTK,BAJAJAUTO,3350.0,PA,0.0,0.0,0.0,304.0,551.05,0.0,0.0,0.0
2006-05-26,2006-07-27,OPTSTK,BAJAJAUTO,3400.0,PA,0.0,0.0,0.0,314.0,587.85,0.0,0.0,0.0
2006-05-26,2006-08-31,OPTSTK,BAJAJAUTO,2650.0,CA,0.0,0.0,0.0,429.35,532.4,0.0,0.0,0.0
2006-05-26,2006-08-31,OPTSTK,BAJAJAUTO,2700.0,CA,0.0,0.0,0.0,404.2,504.55,0.0,0.0,0.0
2006-05-26,2006-08-31,OPTSTK,BAJAJAUTO,2750.0,CA,0.0,0.0,0.0,380.2,477.85,0.0,0.0,0.0
2006-05-26,2006-08-31,OPTSTK,BAJAJAUTO,2800.0,CA,0.0,0.0,0.0,357.35,452.2,0.0,0.0,0.0
2006-05-26,2006-08-31,OPTSTK,BAJAJAUTO,2850.0,CA,0.0,0.0,0.0,335.65,427.65,0.0,0.0,0.0
2006-05-26,2006-08-31,OPTSTK,BAJAJAUTO,2900.0,CA,0.0,0.0,0.0,315.0,404.2,0.0,0.0,0.0
2006-05-26,2006-08-31,OPTSTK,BAJAJAUTO,2950.0,CA,0.0,0.0,0.0,295.45,381.8,0.0,0.0,0.0
2006-05-26,2006-08-31,OPTSTK,BAJAJAUTO,3000.0,CA,0.0,0.0,0.0,0.0,0.0,0.0,0.0,0.0
2006-05-26,2006-08-31,OPTSTK,BAJAJAUTO,3050.0,CA,0.0,0.0,0.0,0.0,0.0,0.0,0.0,0.0
2006-05-26,2006-08-31,OPTSTK,BAJAJAUTO,2650.0,PA,0.0,0.0,0.0,248.85,215.35,0.0,0.0,0.0
2006-05-26,2006-08-31,OPTSTK,BAJAJAUTO,2700.0,PA,0.0,0.0,0.0,272.75,236.6,0.0,0.0,0.0
2006-05-26,2006-08-31,OPTSTK,BAJAJAUTO,2750.0,PA,0.0,0.0,0.0,297.85,259.0,0.0,0.0,0.0
2006-05-26,2006-08-31,OPTSTK,BAJAJAUTO,2800.0,PA,0.0,0.0,0.0,324.1,282.45,0.0,0.0,0.0
2006-05-26,2006-08-31,OPTSTK,BAJAJAUTO,2850.0,PA,0.0,0.0,0.0,351.45,307.05,0.0,0.0,0.0
2006-05-26,2006-08-31,OPTSTK,BAJAJAUTO,2900.0,PA,0.0,0.0,0.0,379.95,332.7,0.0,0.0,0.0
2006-05-26,2006-08-31,OPTSTK,BAJAJAUTO,2950.0,PA,0.0,0.0,0.0,409.45,359.4,0.0,0.0,0.0
2006-05-26,2006-08-31,OPTSTK,BAJAJAUTO,3000.0,PA,0.0,0.0,0.0,0.0,0.0,0.0,0.0,0.0
2006-05-26,2006-08-31,OPTSTK,BAJAJAUTO,3050.0,PA,0.0,0.0,0.0,0.0,0.0,0.0,0.0,0.0
2006-05-26,2006-06-29,OPTSTK,BANKBARODA,205.0,CA,0.0,0.0,0.0,26.05,44.3,0.0,0.0,0.0
2006-05-26,2006-06-29,OPTSTK,BANKBARODA,210.0,CA,0.0,0.0,0.0,22.65,40.45,0.0,0.0,0.0
2006-05-26,2006-06-29,OPTSTK,BANKBARODA,215.0,CA,0.0,0.0,0.0,19.5,36.8,0.0,0.0,0.0
2006-05-26,2006-06-29,OPTSTK,BANKBARODA,220.0,CA,0.0,0.0,0.0,16.7,33.35,0.0,0.0,0.0
2006-05-26,2006-06-29,OPTSTK,BANKBARODA,225.0,CA,0.0,0.0,0.0,14.15,30.1,0.0,0.0,0.0
2006-05-26,2006-06-29,OPTSTK,BANKBARODA,230.0,CA,17.0,17.0,17.0,17.0,17.0,1.0,3.45,1400.0
2006-05-26,2006-06-29,OPTSTK,BANKBARODA,235.0,CA,0.0,0.0,0.0,9.95,24.25,0.0,0.0,0.0
2006-05-26,2006-06-29,OPTSTK,BANKBARODA,240.0,CA,11.6,11.75,11.0,11.75,11.75,7.0,24.63,15400.0
2006-05-26,2006-06-29,OPTSTK,BANKBARODA,245.0,CA,0.0,0.0,0.0,11.9,19.2,0.0,0.0,0.0
2006-05-26,2006-06-29,OPTSTK,BANKBARODA,250.0,CA,9.9,9.9,6.05,6.35,6.35,8.0,28.86,12600.0
2006-05-26,2006-06-29,OPTSTK,BANKBARODA,255.0,CA,0.0,0.0,0.0,10.9,15.0,0.0,0.0,0.0
2006-05-26,2006-06-29,OPTSTK,BANKBARODA,260.0,CA,5.7,6.0,3.55,4.0,4.0,13.0,48.2,18200.0
2006-05-26,2006-06-29,OPTSTK,BANKBARODA,270.0,CA,2.6,2.6,2.6,2.6,2.6,1.0,3.81,4200.0
2006-05-26,2006-06-29,OPTSTK,BANKBARODA,280.0,CA,0.0,0.0,0.0,12.15,7.65,0.0,0.0,0.0
2006-05-26,2006-06-29,OPTSTK,BANKBARODA,290.0,CA,0.0,0.0,0.0,9.35,5.7,0.0,0.0,0.0
2006-05-26,2006-06-29,OPTSTK,BANKBARODA,300.0,CA,0.0,0.0,0.0,9.1,4.25,0.0,0.0,0.0
2006-05-26,2006-06-29,OPTSTK,BANKBARODA,205.0,PA,0.0,0.0,0.0,4.9,4.35,0.0,0.0,0.0
2006-05-26,2006-06-29,OPTSTK,BANKBARODA,210.0,PA,0.0,0.0,0.0,6.4,5.45,0.0,0.0,0.0
2006-05-26,2006-06-29,OPTSTK,BANKBARODA,215.0,PA,0.0,0.0,0.0,8.2,6.75,0.0,0.0,0.0
2006-05-26,2006-06-29,OPTSTK,BANKBARODA,220.0,PA,0.0,0.0,0.0,10.25,8.25,0.0,0.0,0.0
2006-05-26,2006-06-29,OPTSTK,BANKBARODA,225.0,PA,0.0,0.0,0.0,12.6,10.0,0.0,0.0,0.0
2006-05-26,2006-06-29,OPTSTK,BANKBARODA,230.0,PA,0.0,0.0,0.0,15.25,11.9,0.0,0.0,0.0
2006-05-26,2006-06-29,OPTSTK,BANKBARODA,235.0,PA,0.0,0.0,0.0,18.2,14.05,0.0,0.0,0.0
2006-05-26,2006-06-29,OPTSTK,BANKBARODA,240.0,PA,0.0,0.0,0.0,18.3,16.4,0.0,0.0,0.0
2006-05-26,2006-06-29,OPTSTK,BANKBARODA,245.0,PA,0.0,0.0,0.0,21.25,19.0,0.0,0.0,0.0
2006-05-26,2006-06-29,OPTSTK,BANKBARODA,250.0,PA,0.0,0.0,0.0,22.5,21.75,0.0,0.0,0.0
2006-05-26,2006-06-29,OPTSTK,BANKBARODA,255.0,PA,0.0,0.0,0.0,23.05,24.7,0.0,0.0,0.0
2006-05-26,2006-06-29,OPTSTK,BANKBARODA,260.0,PA,0.0,0.0,0.0,24.4,27.85,0.0,0.0,0.0
2006-05-26,2006-06-29,OPTSTK,BANKBARODA,270.0,PA,0.0,0.0,0.0,25.75,34.7,0.0,0.0,0.0
2006-05-26,2006-06-29,OPTSTK,BANKBARODA,280.0,PA,0.0,0.0,0.0,32.2,42.2,0.0,0.0,0.0
2006-05-26,2006-06-29,OPTSTK,BANKBARODA,290.0,PA,0.0,0.0,0.0,39.3,50.2,0.0,0.0,0.0
2006-05-26,2006-06-29,OPTSTK,BANKBARODA,300.0,PA,0.0,0.0,0.0,39.8,58.65,0.0,0.0,0.0
2006-05-26,2006-07-27,OPTSTK,BANKBARODA,205.0,CA,0.0,0.0,0.0,25.75,49.55,0.0,0.0,0.0
2006-05-26,2006-07-27,OPTSTK,BANKBARODA,210.0,CA,0.0,0.0,0.0,22.45,46.1,0.0,0.0,0.0
2006-05-26,2006-07-27,OPTSTK,BANKBARODA,215.0,CA,0.0,0.0,0.0,19.45,42.8,0.0,0.0,0.0
2006-05-26,2006-07-27,OPTSTK,BANKBARODA,220.0,CA,0.0,0.0,0.0,16.7,39.65,0.0,0.0,0.0
2006-05-26,2006-07-27,OPTSTK,BANKBARODA,225.0,CA,0.0,0.0,0.0,14.2,36.7,0.0,0.0,0.0
2006-05-26,2006-07-27,OPTSTK,BANKBARODA,230.0,CA,0.0,0.0,0.0,12.0,33.9,0.0,0.0,0.0
2006-05-26,2006-07-27,OPTSTK,BANKBARODA,235.0,CA,0.0,0.0,0.0,10.1,31.25,0.0,0.0,0.0
2006-05-26,2006-07-27,OPTSTK,BANKBARODA,240.0,CA,0.0,0.0,0.0,15.05,28.75,0.0,0.0,0.0
2006-05-26,2006-07-27,OPTSTK,BANKBARODA,245.0,CA,0.0,0.0,0.0,13.05,26.45,0.0,0.0,0.0
2006-05-26,2006-07-27,OPTSTK,BANKBARODA,250.0,CA,0.0,0.0,0.0,22.45,24.25,0.0,0.0,0.0
2006-05-26,2006-07-27,OPTSTK,BANKBARODA,255.0,CA,0.0,0.0,0.0,20.3,22.2,0.0,0.0,0.0
2006-05-26,2006-07-27,OPTSTK,BANKBARODA,260.0,CA,0.0,0.0,0.0,18.3,20.35,0.0,0.0,0.0
2006-05-26,2006-07-27,OPTSTK,BANKBARODA,270.0,CA,0.0,0.0,0.0,20.5,16.95,0.0,0.0,0.0
2006-05-26,2006-07-27,OPTSTK,BANKBARODA,280.0,CA,0.0,0.0,0.0,16.9,14.05,0.0,0.0,0.0
2006-05-26,2006-07-27,OPTSTK,BANKBARODA,290.0,CA,0.0,0.0,0.0,13.8,11.6,0.0,0.0,0.0
2006-05-26,2006-07-27,OPTSTK,BANKBARODA,300.0,CA,0.0,0.0,0.0,14.0,9.55,0.0,0.0,0.0
2006-05-26,2006-07-27,OPTSTK,BANKBARODA,205.0,PA,0.0,0.0,0.0,5.65,8.5,0.0,0.0,0.0
2006-05-26,2006-07-27,OPTSTK,BANKBARODA,210.0,PA,0.0,0.0,0.0,7.25,10.0,0.0,0.0,0.0
2006-05-26,2006-07-27,OPTSTK,BANKBARODA,215.0,PA,0.0,0.0,0.0,9.15,11.65,0.0,0.0,0.0
2006-05-26,2006-07-27,OPTSTK,BANKBARODA,220.0,PA,0.0,0.0,0.0,11.3,13.45,0.0,0.0,0.0
2006-05-26,2006-07-27,OPTSTK,BANKBARODA,225.0,PA,0.0,0.0,0.0,13.75,15.45,0.0,0.0,0.0
2006-05-26,2006-07-27,OPTSTK,BANKBARODA,230.0,PA,0.0,0.0,0.0,16.5,17.55,0.0,0.0,0.0
2006-05-26,2006-07-27,OPTSTK,BANKBARODA,235.0,PA,0.0,0.0,0.0,19.45,19.85,0.0,0.0,0.0
2006-05-26,2006-07-27,OPTSTK,BANKBARODA,240.0,PA,0.0,0.0,0.0,19.45,22.3,0.0,0.0,0.0
2006-05-26,2006-07-27,OPTSTK,BANKBARODA,245.0,PA,0.0,0.0,0.0,22.35,24.95,0.0,0.0,0.0
2006-05-26,2006-07-27,OPTSTK,BANKBARODA,250.0,PA,0.0,0.0,0.0,21.85,27.7,0.0,0.0,0.0
2006-05-26,2006-07-27,OPTSTK,BANKBARODA,255.0,PA,0.0,0.0,0.0,24.6,30.6,0.0,0.0,0.0
2006-05-26,2006-07-27,OPTSTK,BANKBARODA,260.0,PA,0.0,0.0,0.0,27.5,33.65,0.0,0.0,0.0
2006-05-26,2006-07-27,OPTSTK,BANKBARODA,270.0,PA,0.0,0.0,0.0,29.25,40.15,0.0,0.0,0.0
2006-05-26,2006-07-27,OPTSTK,BANKBARODA,280.0,PA,0.0,0.0,0.0,35.45,47.15,0.0,0.0,0.0
2006-05-26,2006-07-27,OPTSTK,BANKBARODA,290.0,PA,0.0,0.0,0.0,42.25,54.55,0.0,0.0,0.0
2006-05-26,2006-07-27,OPTSTK,BANKBARODA,300.0,PA,0.0,0.0,0.0,43.1,62.4,0.0,0.0,0.0
2006-05-26,2006-08-31,OPTSTK,BANKBARODA,220.0,CA,0.0,0.0,0.0,40.15,46.1,0.0,0.0,0.0
2006-05-26,2006-08-31,OPTSTK,BANKBARODA,225.0,CA,0.0,0.0,0.0,37.6,43.35,0.0,0.0,0.0
2006-05-26,2006-08-31,OPTSTK,BANKBARODA,230.0,CA,0.0,0.0,0.0,35.15,40.7,0.0,0.0,0.0
2006-05-26,2006-08-31,OPTSTK,BANKBARODA,235.0,CA,0.0,0.0,0.0,32.85,38.2,0.0,0.0,0.0
2006-05-26,2006-08-31,OPTSTK,BANKBARODA,240.0,CA,0.0,0.0,0.0,30.7,35.8,0.0,0.0,0.0
2006-05-26,2006-08-31,OPTSTK,BANKBARODA,245.0,CA,0.0,0.0,0.0,28.65,33.5,0.0,0.0,0.0
2006-05-26,2006-08-31,OPTSTK,BANKBARODA,250.0,CA,0.0,0.0,0.0,26.7,31.35,0.0,0.0,0.0
2006-05-26,2006-08-31,OPTSTK,BANKBARODA,255.0,CA,0.0,0.0,0.0,0.0,0.0,0.0,0.0,0.0
2006-05-26,2006-08-31,OPTSTK,BANKBARODA,260.0,CA,0.0,0.0,0.0,0.0,0.0,0.0,0.0,0.0
2006-05-26,2006-08-31,OPTSTK,BANKBARODA,220.0,PA,0.0,0.0,0.0,21.2,18.5,0.0,0.0,0.0
2006-05-26,2006-08-31,OPTSTK,BANKBARODA,225.0,PA,0.0,0.0,0.0,23.55,20.6,0.0,0.0,0.0
2006-05-26,2006-08-31,OPTSTK,BANKBARODA,230.0,PA,0.0,0.0,0.0,26.05,22.9,0.0,0.0,0.0
2006-05-26,2006-08-31,OPTSTK,BANKBARODA,235.0,PA,0.0,0.0,0.0,28.65,25.3,0.0,0.0,0.0
2006-05-26,2006-08-31,OPTSTK,BANKBARODA,240.0,PA,0.0,0.0,0.0,31.4,27.8,0.0,0.0,0.0
2006-05-26,2006-08-31,OPTSTK,BANKBARODA,245.0,PA,0.0,0.0,0.0,34.25,30.45,0.0,0.0,0.0
2006-05-26,2006-08-31,OPTSTK,BANKBARODA,250.0,PA,0.0,0.0,0.0,37.2,33.2,0.0,0.0,0.0
2006-05-26,2006-08-31,OPTSTK,BANKBARODA,255.0,PA,0.0,0.0,0.0,0.0,0.0,0.0,0.0,0.0
2006-05-26,2006-08-31,OPTSTK,BANKBARODA,260.0,PA,0.0,0.0,0.0,0.0,0.0,0.0,0.0,0.0
2006-05-26,2006-06-29,OPTSTK,BANKINDIA,105.0,CA,0.0,0.0,0.0,20.25,22.35,0.0,0.0,0.0
2006-05-26,2006-06-29,OPTSTK,BANKINDIA,110.0,CA,0.0,0.0,0.0,20.65,18.95,0.0,0.0,0.0
2006-05-26,2006-06-29,OPTSTK,BANKINDIA,115.0,CA,0.0,0.0,0.0,22.55,15.9,0.0,0.0,0.0
2006-05-26,2006-06-29,OPTSTK,BANKINDIA,120.0,CA,0.0,0.0,0.0,9.9,13.2,0.0,0.0,3800.0
2006-05-26,2006-06-29,OPTSTK,BANKINDIA,125.0,CA,8.85,8.95,7.6,7.6,7.6,6.0,15.18,11400.0
2006-05-26,2006-06-29,OPTSTK,BANKINDIA,130.0,CA,5.5,6.25,5.1,5.4,5.4,25.0,64.42,55100.0
2006-05-26,2006-06-29,OPTSTK,BANKINDIA,135.0,CA,3.9,3.9,3.9,3.9,3.9,1.0,2.63,1900.0
2006-05-26,2006-06-29,OPTSTK,BANKINDIA,140.0,CA,0.0,0.0,0.0,4.25,5.75,0.0,0.0,1900.0
2006-05-26,2006-06-29,OPTSTK,BANKINDIA,145.0,CA,0.0,0.0,0.0,7.35,4.6,0.0,0.0,0.0
2006-05-26,2006-06-29,OPTSTK,BANKINDIA,150.0,CA,0.0,0.0,0.0,6.45,3.65,0.0,0.0,0.0
2006-05-26,2006-06-29,OPTSTK,BANKINDIA,155.0,CA,0.0,0.0,0.0,6.1,2.85,0.0,0.0,0.0
2006-05-26,2006-06-29,OPTSTK,BANKINDIA,160.0,CA,0.0,0.0,0.0,7.65,2.25,0.0,0.0,0.0
2006-05-26,2006-06-29,OPTSTK,BANKINDIA,165.0,CA,0.0,0.0,0.0,8.45,1.75,0.0,0.0,0.0
2006-05-26,2006-06-29,OPTSTK,BANKINDIA,170.0,CA,0.0,0.0,0.0,5.9,1.35,0.0,0.0,0.0
2006-05-26,2006-06-29,OPTSTK,BANKINDIA,105.0,PA,0.0,0.0,0.0,1.65,3.75,0.0,0.0,0.0
2006-05-26,2006-06-29,OPTSTK,BANKINDIA,110.0,PA,0.0,0.0,0.0,3.5,5.3,0.0,0.0,0.0
2006-05-26,2006-06-29,OPTSTK,BANKINDIA,115.0,PA,0.0,0.0,0.0,3.75,7.2,0.0,0.0,0.0
2006-05-26,2006-06-29,OPTSTK,BANKINDIA,120.0,PA,0.0,0.0,0.0,5.25,9.5,0.0,0.0,0.0
2006-05-26,2006-06-29,OPTSTK,BANKINDIA,125.0,PA,0.0,0.0,0.0,7.1,12.1,0.0,0.0,0.0
2006-05-26,2006-06-29,OPTSTK,BANKINDIA,130.0,PA,0.0,0.0,0.0,9.3,15.1,0.0,0.0,0.0
2006-05-26,2006-06-29,OPTSTK,BANKINDIA,135.0,PA,0.0,0.0,0.0,11.85,18.35,0.0,0.0,0.0
2006-05-26,2006-06-29,OPTSTK,BANKINDIA,140.0,PA,0.0,0.0,0.0,14.7,21.9,0.0,0.0,0.0
2006-05-26,2006-06-29,OPTSTK,BANKINDIA,145.0,PA,0.0,0.0,0.0,17.9,25.7,0.0,0.0,0.0
2006-05-26,2006-06-29,OPTSTK,BANKINDIA,150.0,PA,0.0,0.0,0.0,19.8,29.75,0.0,0.0,0.0
2006-05-26,2006-06-29,OPTSTK,BANKINDIA,155.0,PA,0.0,0.0,0.0,20.9,33.95,0.0,0.0,0.0
2006-05-26,2006-06-29,OPTSTK,BANKINDIA,160.0,PA,0.0,0.0,0.0,20.7,38.3,0.0,0.0,0.0
2006-05-26,2006-06-29,OPTSTK,BANKINDIA,165.0,PA,0.0,0.0,0.0,20.85,42.75,0.0,0.0,0.0
2006-05-26,2006-06-29,OPTSTK,BANKINDIA,170.0,PA,0.0,0.0,0.0,21.75,47.35,0.0,0.0,0.0
2006-05-26,2006-07-27,OPTSTK,BANKINDIA,105.0,CA,0.0,0.0,0.0,19.95,25.75,0.0,0.0,0.0
2006-05-26,2006-07-27,OPTSTK,BANKINDIA,110.0,CA,0.0,0.0,0.0,16.4,22.7,0.0,0.0,0.0
2006-05-26,2006-07-27,OPTSTK,BANKINDIA,115.0,CA,0.0,0.0,0.0,13.3,19.9,0.0,0.0,0.0
2006-05-26,2006-07-27,OPTSTK,BANKINDIA,120.0,CA,0.0,0.0,0.0,10.6,17.35,0.0,0.0,0.0
2006-05-26,2006-07-27,OPTSTK,BANKINDIA,125.0,CA,0.0,0.0,0.0,8.3,15.1,0.0,0.0,0.0
2006-05-26,2006-07-27,OPTSTK,BANKINDIA,130.0,CA,0.0,0.0,0.0,6.45,13.1,0.0,0.0,0.0
2006-05-26,2006-07-27,OPTSTK,BANKINDIA,135.0,CA,0.0,0.0,0.0,4.9,11.3,0.0,0.0,0.0
2006-05-26,2006-07-27,OPTSTK,BANKINDIA,140.0,CA,0.0,0.0,0.0,4.5,9.75,0.0,0.0,0.0
2006-05-26,2006-07-27,OPTSTK,BANKINDIA,145.0,CA,0.0,0.0,0.0,9.95,8.4,0.0,0.0,0.0
2006-05-26,2006-07-27,OPTSTK,BANKINDIA,150.0,CA,0.0,0.0,0.0,8.35,7.2,0.0,0.0,0.0
2006-05-26,2006-07-27,OPTSTK,BANKINDIA,155.0,CA,0.0,0.0,0.0,8.75,6.15,0.0,0.0,0.0
2006-05-26,2006-07-27,OPTSTK,BANKINDIA,160.0,CA,0.0,0.0,0.0,10.7,5.25,0.0,0.0,0.0
2006-05-26,2006-07-27,OPTSTK,BANKINDIA,165.0,CA,0.0,0.0,0.0,11.7,4.5,0.0,0.0,0.0
2006-05-26,2006-07-27,OPTSTK,BANKINDIA,170.0,CA,0.0,0.0,0.0,8.95,3.8,0.0,0.0,0.0
2006-05-26,2006-07-27,OPTSTK,BANKINDIA,105.0,PA,0.0,0.0,0.0,2.65,6.6,0.0,0.0,0.0
2006-05-26,2006-07-27,OPTSTK,BANKINDIA,110.0,PA,0.0,0.0,0.0,4.0,8.45,0.0,0.0,0.0
2006-05-26,2006-07-27,OPTSTK,BANKINDIA,115.0,PA,0.0,0.0,0.0,5.8,10.6,0.0,0.0,0.0
2006-05-26,2006-07-27,OPTSTK,BANKINDIA,120.0,PA,0.0,0.0,0.0,8.05,13.05,0.0,0.0,0.0
2006-05-26,2006-07-27,OPTSTK,BANKINDIA,125.0,PA,0.0,0.0,0.0,10.7,15.75,0.0,0.0,0.0
2006-05-26,2006-07-27,OPTSTK,BANKINDIA,130.0,PA,0.0,0.0,0.0,13.7,18.65,0.0,0.0,0.0
2006-05-26,2006-07-27,OPTSTK,BANKINDIA,135.0,PA,0.0,0.0,0.0,17.1,21.85,0.0,0.0,0.0
2006-05-26,2006-07-27,OPTSTK,BANKINDIA,140.0,PA,0.0,0.0,0.0,18.1,25.2,0.0,0.0,0.0
2006-05-26,2006-07-27,OPTSTK,BANKINDIA,145.0,PA,0.0,0.0,0.0,18.6,28.75,0.0,0.0,0.0
2006-05-26,2006-07-27,OPTSTK,BANKINDIA,150.0,PA,0.0,0.0,0.0,21.9,32.5,0.0,0.0,0.0
2006-05-26,2006-07-27,OPTSTK,BANKINDIA,155.0,PA,0.0,0.0,0.0,22.75,36.45,0.0,0.0,0.0
2006-05-26,2006-07-27,OPTSTK,BANKINDIA,160.0,PA,0.0,0.0,0.0,22.9,40.5,0.0,0.0,0.0
2006-05-26,2006-07-27,OPTSTK,BANKINDIA,165.0,PA,0.0,0.0,0.0,23.25,44.65,0.0,0.0,0.0
2006-05-26,2006-07-27,OPTSTK,BANKINDIA,170.0,PA,0.0,0.0,0.0,23.9,48.9,0.0,0.0,0.0
2006-05-26,2006-08-31,OPTSTK,BANKINDIA,105.0,CA,0.0,0.0,0.0,27.45,29.25,0.0,0.0,0.0
2006-05-26,2006-08-31,OPTSTK,BANKINDIA,110.0,CA,0.0,0.0,0.0,24.75,26.45,0.0,0.0,0.0
2006-05-26,2006-08-31,OPTSTK,BANKINDIA,115.0,CA,0.0,0.0,0.0,22.3,23.85,0.0,0.0,0.0
2006-05-26,2006-08-31,OPTSTK,BANKINDIA,120.0,CA,0.0,0.0,0.0,20.05,21.45,0.0,0.0,0.0
2006-05-26,2006-08-31,OPTSTK,BANKINDIA,125.0,CA,0.0,0.0,0.0,18.0,19.25,0.0,0.0,0.0
2006-05-26,2006-08-31,OPTSTK,BANKINDIA,130.0,CA,0.0,0.0,0.0,16.15,17.3,0.0,0.0,0.0
2006-05-26,2006-08-31,OPTSTK,BANKINDIA,135.0,CA,0.0,0.0,0.0,14.45,15.5,0.0,0.0,0.0
2006-05-26,2006-08-31,OPTSTK,BANKINDIA,140.0,CA,0.0,0.0,0.0,0.0,0.0,0.0,0.0,0.0
2006-05-26,2006-08-31,OPTSTK,BANKINDIA,105.0,PA,0.0,0.0,0.0,10.65,9.45,0.0,0.0,0.0
2006-05-26,2006-08-31,OPTSTK,BANKINDIA,110.0,PA,0.0,0.0,0.0,12.85,11.5,0.0,0.0,0.0
2006-05-26,2006-08-31,OPTSTK,BANKINDIA,115.0,PA,0.0,0.0,0.0,15.3,13.85,0.0,0.0,0.0
2006-05-26,2006-08-31,OPTSTK,BANKINDIA,120.0,PA,0.0,0.0,0.0,17.95,16.35,0.0,0.0,0.0
2006-05-26,2006-08-31,OPTSTK,BANKINDIA,125.0,PA,0.0,0.0,0.0,20.85,19.1,0.0,0.0,0.0
2006-05-26,2006-08-31,OPTSTK,BANKINDIA,130.0,PA,0.0,0.0,0.0,23.9,22.0,0.0,0.0,0.0
2006-05-26,2006-08-31,OPTSTK,BANKINDIA,135.0,PA,0.0,0.0,0.0,27.1,25.1,0.0,0.0,0.0
2006-05-26,2006-08-31,OPTSTK,BANKINDIA,140.0,PA,0.0,0.0,0.0,0.0,0.0,0.0,0.0,0.0
2006-05-26,2006-06-29,OPTSTK,BEL,990.0,CA,0.0,0.0,0.0,154.25,184.8,0.0,0.0,0.0
2006-05-26,2006-06-29,OPTSTK,BEL,1020.0,CA,0.0,0.0,0.0,147.25,164.8,0.0,0.0,0.0
2006-05-26,2006-06-29,OPTSTK,BEL,1050.0,CA,0.0,0.0,0.0,110.0,146.3,0.0,0.0,550.0
2006-05-26,2006-06-29,OPTSTK,BEL,1080.0,CA,0.0,0.0,0.0,148.2,129.3,0.0,0.0,0.0
2006-05-26,2006-06-29,OPTSTK,BEL,1110.0,CA,0.0,0.0,0.0,130.95,113.7,0.0,0.0,0.0
2006-05-26,2006-06-29,OPTSTK,BEL,1140.0,CA,0.0,0.0,0.0,159.3,99.6,0.0,0.0,0.0
2006-05-26,2006-06-29,OPTSTK,BEL,1170.0,CA,0.0,0.0,0.0,151.35,86.85,0.0,0.0,0.0
2006-05-26,2006-06-29,OPTSTK,BEL,1200.0,CA,0.0,0.0,0.0,133.65,75.4,0.0,0.0,0.0
2006-05-26,2006-06-29,OPTSTK,BEL,1230.0,CA,0.0,0.0,0.0,177.25,65.2,0.0,0.0,0.0
2006-05-26,2006-06-29,OPTSTK,BEL,1260.0,CA,0.0,0.0,0.0,160.5,56.2,0.0,0.0,0.0
2006-05-26,2006-06-29,OPTSTK,BEL,1290.0,CA,0.0,0.0,0.0,144.9,48.3,0.0,0.0,0.0
2006-05-26,2006-06-29,OPTSTK,BEL,1320.0,CA,0.0,0.0,0.0,130.5,41.35,0.0,0.0,0.0
2006-05-26,2006-06-29,OPTSTK,BEL,1350.0,CA,0.0,0.0,0.0,117.15,35.3,0.0,0.0,0.0
2006-05-26,2006-06-29,OPTSTK,BEL,1380.0,CA,0.0,0.0,0.0,104.95,29.95,0.0,0.0,0.0
2006-05-26,2006-06-29,OPTSTK,BEL,1410.0,CA,0.0,0.0,0.0,93.75,25.4,0.0,0.0,0.0
2006-05-26,2006-06-29,OPTSTK,BEL,1440.0,CA,0.0,0.0,0.0,94.0,21.45,0.0,0.0,0.0
2006-05-26,2006-06-29,OPTSTK,BEL,1470.0,CA,0.0,0.0,0.0,90.75,18.1,0.0,0.0,0.0
2006-05-26,2006-06-29,OPTSTK,BEL,1500.0,CA,0.0,0.0,0.0,88.7,15.2,0.0,0.0,0.0
2006-05-26,2006-06-29,OPTSTK,BEL,1530.0,CA,0.0,0.0,0.0,97.2,12.75,0.0,0.0,0.0
2006-05-26,2006-06-29,OPTSTK,BEL,1560.0,CA,0.0,0.0,0.0,86.25,10.7,0.0,0.0,0.0
2006-05-26,2006-06-29,OPTSTK,BEL,990.0,PA,0.0,0.0,0.0,45.15,38.8,0.0,0.0,0.0
2006-05-26,2006-06-29,OPTSTK,BEL,1020.0,PA,0.0,0.0,0.0,47.25,48.6,0.0,0.0,0.0
2006-05-26,2006-06-29,OPTSTK,BEL,1050.0,PA,0.0,0.0,0.0,58.9,59.95,0.0,0.0,0.0
2006-05-26,2006-06-29,OPTSTK,BEL,1080.0,PA,0.0,0.0,0.0,58.05,72.75,0.0,0.0,0.0
2006-05-26,2006-06-29,OPTSTK,BEL,1110.0,PA,0.0,0.0,0.0,70.6,87.0,0.0,0.0,0.0
2006-05-26,2006-06-29,OPTSTK,BEL,1140.0,PA,0.0,0.0,0.0,48.85,102.65,0.0,0.0,0.0
2006-05-26,2006-06-29,OPTSTK,BEL,1170.0,PA,0.0,0.0,0.0,53.5,119.7,0.0,0.0,0.0
2006-05-26,2006-06-29,OPTSTK,BEL,1200.0,PA,0.0,0.0,0.0,65.35,138.1,0.0,0.0,0.0
2006-05-26,2006-06-29,OPTSTK,BEL,1230.0,PA,0.0,0.0,0.0,74.0,157.75,0.0,0.0,0.0
2006-05-26,2006-06-29,OPTSTK,BEL,1260.0,PA,0.0,0.0,0.0,86.65,178.5,0.0,0.0,0.0
2006-05-26,2006-06-29,OPTSTK,BEL,1290.0,PA,0.0,0.0,0.0,100.4,200.45,0.0,0.0,0.0
2006-05-26,2006-06-29,OPTSTK,BEL,1320.0,PA,0.0,0.0,0.0,115.35,223.3,0.0,0.0,0.0
2006-05-26,2006-06-29,OPTSTK,BEL,1350.0,PA,0.0,0.0,0.0,131.4,247.05,0.0,0.0,0.0
2006-05-26,2006-06-29,OPTSTK,BEL,1380.0,PA,0.0,0.0,0.0,148.5,271.55,0.0,0.0,0.0
2006-05-26,2006-06-29,OPTSTK,BEL,1410.0,PA,0.0,0.0,0.0,166.7,296.8,0.0,0.0,0.0
2006-05-26,2006-06-29,OPTSTK,BEL,1440.0,PA,0.0,0.0,0.0,156.9,322.65,0.0,0.0,0.0
2006-05-26,2006-06-29,OPTSTK,BEL,1470.0,PA,0.0,0.0,0.0,155.6,349.1,0.0,0.0,0.0
2006-05-26,2006-06-29,OPTSTK,BEL,1500.0,PA,0.0,0.0,0.0,159.6,376.05,0.0,0.0,0.0
2006-05-26,2006-06-29,OPTSTK,BEL,1530.0,PA,0.0,0.0,0.0,154.3,403.4,0.0,0.0,0.0
2006-05-26,2006-06-29,OPTSTK,BEL,1560.0,PA,0.0,0.0,0.0,173.05,431.1,0.0,0.0,0.0
2006-05-26,2006-07-27,OPTSTK,BEL,990.0,CA,0.0,0.0,0.0,184.4,216.4,0.0,0.0,0.0
2006-05-26,2006-07-27,OPTSTK,BEL,1020.0,CA,0.0,0.0,0.0,176.25,198.4,0.0,0.0,0.0
2006-05-26,2006-07-27,OPTSTK,BEL,1050.0,CA,0.0,0.0,0.0,159.45,181.5,0.0,0.0,0.0
2006-05-26,2006-07-27,OPTSTK,BEL,1080.0,CA,0.0,0.0,0.0,178.4,165.7,0.0,0.0,0.0
2006-05-26,2006-07-27,OPTSTK,BEL,1110.0,CA,0.0,0.0,0.0,162.25,151.0,0.0,0.0,0.0
2006-05-26,2006-07-27,OPTSTK,BEL,1140.0,CA,0.0,0.0,0.0,187.8,137.35,0.0,0.0,0.0
2006-05-26,2006-07-27,OPTSTK,BEL,1170.0,CA,0.0,0.0,0.0,170.6,124.7,0.0,0.0,0.0
2006-05-26,2006-07-27,OPTSTK,BEL,1200.0,CA,0.0,0.0,0.0,178.0,113.05,0.0,0.0,0.0
2006-05-26,2006-07-27,OPTSTK,BEL,1230.0,CA,0.0,0.0,0.0,160.95,102.35,0.0,0.0,0.0
2006-05-26,2006-07-27,OPTSTK,BEL,1260.0,CA,0.0,0.0,0.0,145.1,92.5,0.0,0.0,0.0
2006-05-26,2006-07-27,OPTSTK,BEL,1290.0,CA,0.0,0.0,0.0,130.4,83.45,0.0,0.0,0.0
2006-05-26,2006-07-27,OPTSTK,BEL,1320.0,CA,0.0,0.0,0.0,116.9,75.2,0.0,0.0,0.0
2006-05-26,2006-07-27,OPTSTK,BEL,1350.0,CA,0.0,0.0,0.0,104.5,67.75,0.0,0.0,0.0
2006-05-26,2006-07-27,OPTSTK,BEL,1380.0,CA,0.0,0.0,0.0,93.15,60.95,0.0,0.0,0.0
2006-05-26,2006-07-27,OPTSTK,BEL,1410.0,CA,0.0,0.0,0.0,101.8,54.75,0.0,0.0,0.0
2006-05-26,2006-07-27,OPTSTK,BEL,1440.0,CA,0.0,0.0,0.0,90.3,49.15,0.0,0.0,0.0
2006-05-26,2006-07-27,OPTSTK,BEL,1470.0,CA,0.0,0.0,0.0,129.0,44.05,0.0,0.0,0.0
2006-05-26,2006-07-27,OPTSTK,BEL,1500.0,CA,0.0,0.0,0.0,117.25,39.45,0.0,0.0,0.0
2006-05-26,2006-07-27,OPTSTK,BEL,1530.0,CA,0.0,0.0,0.0,127.2,35.3,0.0,0.0,0.0
2006-05-26,2006-07-27,OPTSTK,BEL,1560.0,CA,0.0,0.0,0.0,115.85,31.55,0.0,0.0,0.0
2006-05-26,2006-07-27,OPTSTK,BEL,990.0,PA,0.0,0.0,0.0,70.05,65.35,0.0,0.0,0.0
2006-05-26,2006-07-27,OPTSTK,BEL,1020.0,PA,0.0,0.0,0.0,70.9,76.95,0.0,0.0,0.0
2006-05-26,2006-07-27,OPTSTK,BEL,1050.0,PA,0.0,0.0,0.0,83.75,89.75,0.0,0.0,0.0
2006-05-26,2006-07-27,OPTSTK,BEL,1080.0,PA,0.0,0.0,0.0,82.6,103.6,0.0,0.0,0.0
2006-05-26,2006-07-27,OPTSTK,BEL,1110.0,PA,0.0,0.0,0.0,96.05,118.55,0.0,0.0,0.0
2006-05-26,2006-07-27,OPTSTK,BEL,1140.0,PA,0.0,0.0,0.0,71.45,134.55,0.0,0.0,0.0
2006-05-26,2006-07-27,OPTSTK,BEL,1170.0,PA,0.0,0.0,0.0,83.85,151.55,0.0,0.0,0.0
2006-05-26,2006-07-27,OPTSTK,BEL,1200.0,PA,0.0,0.0,0.0,70.4,169.55,0.0,0.0,0.0
2006-05-26,2006-07-27,OPTSTK,BEL,1230.0,PA,0.0,0.0,0.0,82.85,188.5,0.0,0.0,0.0
2006-05-26,2006-07-27,OPTSTK,BEL,1260.0,PA,0.0,0.0,0.0,96.5,208.3,0.0,0.0,0.0
2006-05-26,2006-07-27,OPTSTK,BEL,1290.0,PA,0.0,0.0,0.0,111.3,228.95,0.0,0.0,0.0
2006-05-26,2006-07-27,OPTSTK,BEL,1320.0,PA,0.0,0.0,0.0,127.25,250.35,0.0,0.0,0.0
2006-05-26,2006-07-27,OPTSTK,BEL,1350.0,PA,0.0,0.0,0.0,144.35,272.55,0.0,0.0,0.0
2006-05-26,2006-07-27,OPTSTK,BEL,1380.0,PA,0.0,0.0,0.0,162.5,295.4,0.0,0.0,0.0
2006-05-26,2006-07-27,OPTSTK,BEL,1410.0,PA,0.0,0.0,0.0,161.1,318.85,0.0,0.0,0.0
2006-05-26,2006-07-27,OPTSTK,BEL,1440.0,PA,0.0,0.0,0.0,171.15,342.9,0.0,0.0,0.0
2006-05-26,2006-07-27,OPTSTK,BEL,1470.0,PA,0.0,0.0,0.0,162.55,367.45,0.0,0.0,0.0
2006-05-26,2006-07-27,OPTSTK,BEL,1500.0,PA,0.0,0.0,0.0,180.35,392.5,0.0,0.0,0.0
2006-05-26,2006-07-27,OPTSTK,BEL,1530.0,PA,0.0,0.0,0.0,176.3,418.0,0.0,0.0,0.0
2006-05-26,2006-07-27,OPTSTK,BEL,1560.0,PA,0.0,0.0,0.0,194.5,443.95,0.0,0.0,0.0
2006-05-26,2006-08-31,OPTSTK,BEL,990.0,CA,0.0,0.0,0.0,214.4,248.8,0.0,0.0,0.0
2006-05-26,2006-08-31,OPTSTK,BEL,1020.0,CA,0.0,0.0,0.0,199.0,232.15,0.0,0.0,0.0
2006-05-26,2006-08-31,OPTSTK,BEL,1050.0,CA,0.0,0.0,0.0,184.55,216.35,0.0,0.0,0.0
2006-05-26,2006-08-31,OPTSTK,BEL,1080.0,CA,0.0,0.0,0.0,171.0,201.45,0.0,0.0,0.0
2006-05-26,2006-08-31,OPTSTK,BEL,1110.0,CA,0.0,0.0,0.0,158.3,187.45,0.0,0.0,0.0
2006-05-26,2006-08-31,OPTSTK,BEL,1140.0,CA,0.0,0.0,0.0,146.45,174.25,0.0,0.0,0.0
2006-05-26,2006-08-31,OPTSTK,BEL,1170.0,CA,0.0,0.0,0.0,135.35,161.85,0.0,0.0,0.0
2006-05-26,2006-08-31,OPTSTK,BEL,1200.0,CA,0.0,0.0,0.0,0.0,0.0,0.0,0.0,0.0
2006-05-26,2006-08-31,OPTSTK,BEL,1230.0,CA,0.0,0.0,0.0,0.0,0.0,0.0,0.0,0.0
2006-05-26,2006-08-31,OPTSTK,BEL,990.0,PA,0.0,0.0,0.0,105.05,91.4,0.0,0.0,0.0
2006-05-26,2006-08-31,OPTSTK,BEL,1020.0,PA,0.0,0.0,0.0,119.15,104.15,0.0,0.0,0.0
2006-05-26,2006-08-31,OPTSTK,BEL,1050.0,PA,0.0,0.0,0.0,134.15,117.85,0.0,0.0,0.0
2006-05-26,2006-08-31,OPTSTK,BEL,1080.0,PA,0.0,0.0,0.0,150.05,132.4,0.0,0.0,0.0
2006-05-26,2006-08-31,OPTSTK,BEL,1110.0,PA,0.0,0.0,0.0,166.8,147.85,0.0,0.0,0.0
2006-05-26,2006-08-31,OPTSTK,BEL,1140.0,PA,0.0,0.0,0.0,184.4,164.1,0.0,0.0,0.0
2006-05-26,2006-08-31,OPTSTK,BEL,1170.0,PA,0.0,0.0,0.0,202.75,181.2,0.0,0.0,0.0
2006-05-26,2006-08-31,OPTSTK,BEL,1200.0,PA,0.0,0.0,0.0,0.0,0.0,0.0,0.0,0.0
2006-05-26,2006-08-31,OPTSTK,BEL,1230.0,PA,0.0,0.0,0.0,0.0,0.0,0.0,0.0,0.0
2006-05-26,2006-06-29,OPTSTK,BHARATFORG,310.0,CA,0.0,0.0,0.0,41.0,39.75,0.0,0.0,0.0
2006-05-26,2006-06-29,OPTSTK,BHARATFORG,320.0,CA,0.0,0.0,0.0,44.4,32.7,0.0,0.0,0.0
2006-05-26,2006-06-29,OPTSTK,BHARATFORG,330.0,CA,0.0,0.0,0.0,37.85,26.4,0.0,0.0,0.0
2006-05-26,2006-06-29,OPTSTK,BHARATFORG,340.0,CA,0.0,0.0,0.0,42.1,21.0,0.0,0.0,0.0
2006-05-26,2006-06-29,OPTSTK,BHARATFORG,350.0,CA,0.0,0.0,0.0,35.8,16.35,0.0,0.0,0.0
2006-05-26,2006-06-29,OPTSTK,BHARATFORG,360.0,CA,0.0,0.0,0.0,30.1,12.55,0.0,0.0,0.0
2006-05-26,2006-06-29,OPTSTK,BHARATFORG,370.0,CA,0.0,0.0,0.0,40.85,9.5,0.0,0.0,0.0
2006-05-26,2006-06-29,OPTSTK,BHARATFORG,380.0,CA,0.0,0.0,0.0,36.05,7.05,0.0,0.0,0.0
2006-05-26,2006-06-29,OPTSTK,BHARATFORG,390.0,CA,0.0,0.0,0.0,48.25,5.15,0.0,0.0,0.0
2006-05-26,2006-06-29,OPTSTK,BHARATFORG,400.0,CA,0.0,0.0,0.0,47.85,3.7,0.0,0.0,0.0
2006-05-26,2006-06-29,OPTSTK,BHARATFORG,410.0,CA,0.0,0.0,0.0,41.25,2.65,0.0,0.0,0.0
2006-05-26,2006-06-29,OPTSTK,BHARATFORG,420.0,CA,0.0,0.0,0.0,35.3,1.85,0.0,0.0,0.0
2006-05-26,2006-06-29,OPTSTK,BHARATFORG,430.0,CA,0.0,0.0,0.0,29.9,1.3,0.0,0.0,0.0
2006-05-26,2006-06-29,OPTSTK,BHARATFORG,440.0,CA,0.0,0.0,0.0,25.15,0.85,0.0,0.0,0.0
2006-05-26,2006-06-29,OPTSTK,BHARATFORG,450.0,CA,0.0,0.0,0.0,20.95,0.6,0.0,0.0,0.0
2006-05-26,2006-06-29,OPTSTK,BHARATFORG,460.0,CA,0.0,0.0,0.0,17.3,0.4,0.0,0.0,0.0
2006-05-26,2006-06-29,OPTSTK,BHARATFORG,470.0,CA,0.0,0.0,0.0,23.95,0.25,0.0,0.0,0.0
2006-05-26,2006-06-29,OPTSTK,BHARATFORG,480.0,CA,0.0,0.0,0.0,20.35,0.2,0.0,0.0,0.0
2006-05-26,2006-06-29,OPTSTK,BHARATFORG,490.0,CA,0.0,0.0,0.0,21.15,0.1,0.0,0.0,0.0
2006-05-26,2006-06-29,OPTSTK,BHARATFORG,310.0,PA,0.0,0.0,0.0,6.55,6.05,0.0,0.0,0.0
2006-05-26,2006-06-29,OPTSTK,BHARATFORG,320.0,PA,0.0,0.0,0.0,10.2,8.9,0.0,0.0,0.0
2006-05-26,2006-06-29,OPTSTK,BHARATFORG,330.0,PA,0.0,0.0,0.0,13.55,12.6,0.0,0.0,0.0
2006-05-26,2006-06-29,OPTSTK,BHARATFORG,340.0,PA,0.0,0.0,0.0,11.25,17.1,0.0,0.0,0.0
2006-05-26,2006-06-29,OPTSTK,BHARATFORG,350.0,PA,0.0,0.0,0.0,14.85,22.4,0.0,0.0,0.0
2006-05-26,2006-06-29,OPTSTK,BHARATFORG,360.0,PA,0.0,0.0,0.0,19.1,28.55,0.0,0.0,0.0
2006-05-26,2006-06-29,OPTSTK,BHARATFORG,370.0,PA,0.0,0.0,0.0,5.75,35.4,0.0,0.0,0.0
2006-05-26,2006-06-29,OPTSTK,BHARATFORG,380.0,PA,0.0,0.0,0.0,5.0,42.9,0.0,0.0,0.0
2006-05-26,2006-06-29,OPTSTK,BHARATFORG,390.0,PA,0.0,0.0,0.0,10.7,50.95,0.0,0.0,0.0
2006-05-26,2006-06-29,OPTSTK,BHARATFORG,400.0,PA,0.0,0.0,0.0,10.55,59.45,0.0,0.0,0.0
2006-05-26,2006-06-29,OPTSTK,BHARATFORG,410.0,PA,0.0,0.0,0.0,13.75,68.3,0.0,0.0,0.0
2006-05-26,2006-06-29,OPTSTK,BHARATFORG,420.0,PA,0.0,0.0,0.0,17.55,77.45,0.0,0.0,0.0
2006-05-26,2006-06-29,OPTSTK,BHARATFORG,430.0,PA,0.0,0.0,0.0,21.95,86.8,0.0,0.0,0.0
2006-05-26,2006-06-29,OPTSTK,BHARATFORG,440.0,PA,0.0,0.0,0.0,26.95,96.35,0.0,0.0,0.0
2006-05-26,2006-06-29,OPTSTK,BHARATFORG,450.0,PA,0.0,0.0,0.0,32.55,106.0,0.0,0.0,0.0
2006-05-26,2006-06-29,OPTSTK,BHARATFORG,460.0,PA,0.0,0.0,0.0,38.7,115.75,0.0,0.0,0.0
2006-05-26,2006-06-29,OPTSTK,BHARATFORG,470.0,PA,0.0,0.0,0.0,38.9,125.55,0.0,0.0,0.0
2006-05-26,2006-06-29,OPTSTK,BHARATFORG,480.0,PA,0.0,0.0,0.0,45.1,135.4,0.0,0.0,0.0
2006-05-26,2006-06-29,OPTSTK,BHARATFORG,490.0,PA,0.0,0.0,0.0,42.9,145.3,0.0,0.0,0.0
2006-05-26,2006-07-27,OPTSTK,BHARATFORG,310.0,CA,0.0,0.0,0.0,47.4,46.0,0.0,0.0,0.0
2006-05-26,2006-07-27,OPTSTK,BHARATFORG,320.0,CA,0.0,0.0,0.0,51.55,39.55,0.0,0.0,0.0
2006-05-26,2006-07-27,OPTSTK,BHARATFORG,330.0,CA,0.0,0.0,0.0,45.45,33.7,0.0,0.0,0.0
2006-05-26,2006-07-27,OPTSTK,BHARATFORG,340.0,CA,0.0,0.0,0.0,49.35,28.45,0.0,0.0,0.0
2006-05-26,2006-07-27,OPTSTK,BHARATFORG,350.0,CA,0.0,0.0,0.0,43.4,23.85,0.0,0.0,0.0
2006-05-26,2006-07-27,OPTSTK,BHARATFORG,360.0,CA,0.0,0.0,0.0,38.0,19.8,0.0,0.0,0.0
2006-05-26,2006-07-27,OPTSTK,BHARATFORG,370.0,CA,0.0,0.0,0.0,46.2,16.35,0.0,0.0,0.0
2006-05-26,2006-07-27,OPTSTK,BHARATFORG,380.0,CA,0.0,0.0,0.0,40.95,13.35,0.0,0.0,0.0
2006-05-26,2006-07-27,OPTSTK,BHARATFORG,390.0,CA,0.0,0.0,0.0,34.15,10.9,0.0,0.0,0.0
2006-05-26,2006-07-27,OPTSTK,BHARATFORG,400.0,CA,0.0,0.0,0.0,45.95,8.8,0.0,0.0,0.0
2006-05-26,2006-07-27,OPTSTK,BHARATFORG,410.0,CA,0.0,0.0,0.0,39.6,7.05,0.0,0.0,0.0
2006-05-26,2006-07-27,OPTSTK,BHARATFORG,420.0,CA,0.0,0.0,0.0,33.85,5.6,0.0,0.0,0.0
2006-05-26,2006-07-27,OPTSTK,BHARATFORG,430.0,CA,0.0,0.0,0.0,28.65,4.45,0.0,0.0,0.0
2006-05-26,2006-07-27,OPTSTK,BHARATFORG,440.0,CA,0.0,0.0,0.0,24.1,3.5,0.0,0.0,0.0
2006-05-26,2006-07-27,OPTSTK,BHARATFORG,450.0,CA,0.0,0.0,0.0,20.05,2.75,0.0,0.0,0.0
2006-05-26,2006-07-27,OPTSTK,BHARATFORG,460.0,CA,0.0,0.0,0.0,16.55,2.15,0.0,0.0,0.0
2006-05-26,2006-07-27,OPTSTK,BHARATFORG,470.0,CA,0.0,0.0,0.0,19.95,1.65,0.0,0.0,0.0
2006-05-26,2006-07-27,OPTSTK,BHARATFORG,480.0,CA,0.0,0.0,0.0,17.35,1.3,0.0,0.0,0.0
2006-05-26,2006-07-27,OPTSTK,BHARATFORG,310.0,PA,0.0,0.0,0.0,11.3,10.7,0.0,0.0,0.0
2006-05-26,2006-07-27,OPTSTK,BHARATFORG,320.0,PA,0.0,0.0,0.0,15.65,14.1,0.0,0.0,0.0
2006-05-26,2006-07-27,OPTSTK,BHARATFORG,330.0,PA,0.0,0.0,0.0,19.45,18.15,0.0,0.0,0.0
2006-05-26,2006-07-27,OPTSTK,BHARATFORG,340.0,PA,0.0,0.0,0.0,16.7,22.8,0.0,0.0,0.0
2006-05-26,2006-07-27,OPTSTK,BHARATFORG,350.0,PA,0.0,0.0,0.0,20.65,28.05,0.0,0.0,0.0
2006-05-26,2006-07-27,OPTSTK,BHARATFORG,360.0,PA,0.0,0.0,0.0,25.1,33.95,0.0,0.0,0.0
2006-05-26,2006-07-27,OPTSTK,BHARATFORG,370.0,PA,0.0,0.0,0.0,9.15,40.35,0.0,0.0,0.0
2006-05-26,2006-07-27,OPTSTK,BHARATFORG,380.0,PA,0.0,0.0,0.0,7.85,47.25,0.0,0.0,0.0
2006-05-26,2006-07-27,OPTSTK,BHARATFORG,390.0,PA,0.0,0.0,0.0,10.9,54.65,0.0,0.0,0.0
2006-05-26,2006-07-27,OPTSTK,BHARATFORG,400.0,PA,0.0,0.0,0.0,11.95,62.45,0.0,0.0,0.0
2006-05-26,2006-07-27,OPTSTK,BHARATFORG,410.0,PA,0.0,0.0,0.0,15.45,70.6,0.0,0.0,0.0
2006-05-26,2006-07-27,OPTSTK,BHARATFORG,420.0,PA,0.0,0.0,0.0,19.5,79.05,0.0,0.0,0.0
2006-05-26,2006-07-27,OPTSTK,BHARATFORG,430.0,PA,0.0,0.0,0.0,24.15,87.75,0.0,0.0,0.0
2006-05-26,2006-07-27,OPTSTK,BHARATFORG,440.0,PA,0.0,0.0,0.0,29.4,96.7,0.0,0.0,0.0
2006-05-26,2006-07-27,OPTSTK,BHARATFORG,450.0,PA,0.0,0.0,0.0,35.2,105.85,0.0,0.0,0.0
2006-05-26,2006-07-27,OPTSTK,BHARATFORG,460.0,PA,0.0,0.0,0.0,41.55,115.15,0.0,0.0,0.0
2006-05-26,2006-07-27,OPTSTK,BHARATFORG,470.0,PA,0.0,0.0,0.0,41.35,124.55,0.0,0.0,0.0
2006-05-26,2006-07-27,OPTSTK,BHARATFORG,480.0,PA,0.0,0.0,0.0,44.3,134.05,0.0,0.0,0.0
2006-05-26,2006-08-31,OPTSTK,BHARATFORG,310.0,CA,0.0,0.0,0.0,54.15,52.6,0.0,0.0,0.0
2006-05-26,2006-08-31,OPTSTK,BHARATFORG,320.0,CA,0.0,0.0,0.0,48.1,46.5,0.0,0.0,0.0
2006-05-26,2006-08-31,OPTSTK,BHARATFORG,330.0,CA,0.0,0.0,0.0,42.55,40.95,0.0,0.0,0.0
2006-05-26,2006-08-31,OPTSTK,BHARATFORG,340.0,CA,0.0,0.0,0.0,37.45,35.85,0.0,0.0,0.0
2006-05-26,2006-08-31,OPTSTK,BHARATFORG,350.0,CA,0.0,0.0,0.0,32.85,31.25,0.0,0.0,0.0
2006-05-26,2006-08-31,OPTSTK,BHARATFORG,360.0,CA,0.0,0.0,0.0,28.7,27.15,0.0,0.0,0.0
2006-05-26,2006-08-31,OPTSTK,BHARATFORG,370.0,CA,0.0,0.0,0.0,25.0,23.45,0.0,0.0,0.0
2006-05-26,2006-08-31,OPTSTK,BHARATFORG,310.0,PA,0.0,0.0,0.0,16.05,15.3,0.0,0.0,0.0
2006-05-26,2006-08-31,OPTSTK,BHARATFORG,320.0,PA,0.0,0.0,0.0,19.85,19.05,0.0,0.0,0.0
2006-05-26,2006-08-31,OPTSTK,BHARATFORG,330.0,PA,0.0,0.0,0.0,24.1,23.3,0.0,0.0,0.0
2006-05-26,2006-08-31,OPTSTK,BHARATFORG,340.0,PA,0.0,0.0,0.0,28.85,28.05,0.0,0.0,0.0
2006-05-26,2006-08-31,OPTSTK,BHARATFORG,350.0,PA,0.0,0.0,0.0,34.05,33.25,0.0,0.0,0.0
2006-05-26,2006-08-31,OPTSTK,BHARATFORG,360.0,PA,0.0,0.0,0.0,39.7,38.95,0.0,0.0,0.0
2006-05-26,2006-08-31,OPTSTK,BHARATFORG,370.0,PA,0.0,0.0,0.0,45.8,45.1,0.0,0.0,0.0
2006-05-26,2006-06-29,OPTSTK,BHARTI,330.0,CA,0.0,0.0,0.0,38.85,65.45,0.0,0.0,0.0
2006-05-26,2006-06-29,OPTSTK,BHARTI,340.0,CA,0.0,0.0,0.0,31.65,57.5,0.0,0.0,0.0
2006-05-26,2006-06-29,OPTSTK,BHARTI,350.0,CA,0.0,0.0,0.0,25.35,50.15,0.0,0.0,0.0
2006-05-26,2006-06-29,OPTSTK,BHARTI,360.0,CA,0.0,0.0,0.0,40.25,43.3,0.0,0.0,0.0
2006-05-26,2006-06-29,OPTSTK,BHARTI,370.0,CA,0.0,0.0,0.0,50.5,37.1,0.0,0.0,0.0
2006-05-26,2006-06-29,OPTSTK,BHARTI,380.0,CA,0.0,0.0,0.0,55.3,31.5,0.0,0.0,0.0
2006-05-26,2006-06-29,OPTSTK,BHARTI,390.0,CA,0.0,0.0,0.0,48.9,26.55,0.0,0.0,0.0
2006-05-26,2006-06-29,OPTSTK,BHARTI,400.0,CA,0.0,0.0,0.0,18.0,22.15,0.0,0.0,1000.0
2006-05-26,2006-06-29,OPTSTK,BHARTI,410.0,CA,0.0,0.0,0.0,37.6,18.35,0.0,0.0,0.0
2006-05-26,2006-06-29,OPTSTK,BHARTI,420.0,CA,9.0,9.0,8.0,8.0,8.0,2.0,8.57,3000.0
2006-05-26,2006-06-29,OPTSTK,BHARTI,430.0,CA,0.0,0.0,0.0,28.25,12.25,0.0,0.0,0.0
2006-05-26,2006-06-29,OPTSTK,BHARTI,440.0,CA,0.0,0.0,0.0,24.3,9.95,0.0,0.0,0.0
2006-05-26,2006-06-29,OPTSTK,BHARTI,450.0,CA,0.0,0.0,0.0,22.55,8.0,0.0,0.0,0.0
2006-05-26,2006-06-29,OPTSTK,BHARTI,330.0,PA,0.0,0.0,0.0,5.5,5.05,0.0,0.0,0.0
2006-05-26,2006-06-29,OPTSTK,BHARTI,340.0,PA,0.0,0.0,0.0,8.25,7.1,0.0,0.0,0.0
2006-05-26,2006-06-29,OPTSTK,BHARTI,350.0,PA,0.0,0.0,0.0,11.85,9.65,0.0,0.0,0.0
2006-05-26,2006-06-29,OPTSTK,BHARTI,360.0,PA,0.0,0.0,0.0,7.3,12.75,0.0,0.0,0.0
2006-05-26,2006-06-29,OPTSTK,BHARTI,370.0,PA,0.0,0.0,0.0,10.0,16.5,0.0,0.0,0.0
2006-05-26,2006-06-29,OPTSTK,BHARTI,380.0,PA,0.0,0.0,0.0,13.4,20.8,0.0,0.0,0.0
2006-05-26,2006-06-29,OPTSTK,BHARTI,390.0,PA,0.0,0.0,0.0,16.75,25.75,0.0,0.0,0.0
2006-05-26,2006-06-29,OPTSTK,BHARTI,400.0,PA,0.0,0.0,0.0,20.65,31.35,0.0,0.0,0.0
2006-05-26,2006-06-29,OPTSTK,BHARTI,410.0,PA,0.0,0.0,0.0,25.0,37.45,0.0,0.0,0.0
2006-05-26,2006-06-29,OPTSTK,BHARTI,420.0,PA,0.0,0.0,0.0,29.9,44.1,0.0,0.0,0.0
2006-05-26,2006-06-29,OPTSTK,BHARTI,430.0,PA,0.0,0.0,0.0,35.25,51.25,0.0,0.0,0.0
2006-05-26,2006-06-29,OPTSTK,BHARTI,440.0,PA,0.0,0.0,0.0,41.1,58.85,0.0,0.0,0.0
2006-05-26,2006-06-29,OPTSTK,BHARTI,450.0,PA,0.0,0.0,0.0,41.8,66.85,0.0,0.0,0.0
2006-05-26,2006-07-27,OPTSTK,BHARTI,330.0,CA,0.0,0.0,0.0,44.4,72.5,0.0,0.0,0.0
2006-05-26,2006-07-27,OPTSTK,BHARTI,340.0,CA,0.0,0.0,0.0,37.8,65.4,0.0,0.0,0.0
2006-05-26,2006-07-27,OPTSTK,BHARTI,350.0,CA,0.0,0.0,0.0,31.8,58.7,0.0,0.0,0.0
2006-05-26,2006-07-27,OPTSTK,BHARTI,360.0,CA,0.0,0.0,0.0,46.35,52.45,0.0,0.0,0.0
2006-05-26,2006-07-27,OPTSTK,BHARTI,370.0,CA,0.0,0.0,0.0,50.45,46.7,0.0,0.0,0.0
2006-05-26,2006-07-27,OPTSTK,BHARTI,380.0,CA,0.0,0.0,0.0,44.15,41.4,0.0,0.0,0.0
2006-05-26,2006-07-27,OPTSTK,BHARTI,390.0,CA,0.0,0.0,0.0,38.35,36.6,0.0,0.0,0.0
2006-05-26,2006-07-27,OPTSTK,BHARTI,400.0,CA,0.0,0.0,0.0,33.1,32.2,0.0,0.0,0.0
2006-05-26,2006-07-27,OPTSTK,BHARTI,410.0,CA,0.0,0.0,0.0,28.35,28.2,0.0,0.0,0.0
2006-05-26,2006-07-27,OPTSTK,BHARTI,420.0,CA,0.0,0.0,0.0,24.15,24.65,0.0,0.0,0.0
2006-05-26,2006-07-27,OPTSTK,BHARTI,430.0,CA,0.0,0.0,0.0,20.45,21.45,0.0,0.0,0.0
2006-05-26,2006-07-27,OPTSTK,BHARTI,440.0,CA,0.0,0.0,0.0,18.25,18.6,0.0,0.0,0.0
2006-05-26,2006-07-27,OPTSTK,BHARTI,450.0,CA,0.0,0.0,0.0,22.95,16.1,0.0,0.0,0.0
2006-05-26,2006-07-27,OPTSTK,BHARTI,330.0,PA,0.0,0.0,0.0,9.35,10.45,0.0,0.0,0.0
2006-05-26,2006-07-27,OPTSTK,BHARTI,340.0,PA,0.0,0.0,0.0,12.6,13.2,0.0,0.0,0.0
2006-05-26,2006-07-27,OPTSTK,BHARTI,350.0,PA,0.0,0.0,0.0,16.5,16.4,0.0,0.0,0.0
2006-05-26,2006-07-27,OPTSTK,BHARTI,360.0,PA,0.0,0.0,0.0,11.5,20.05,0.0,0.0,0.0
2006-05-26,2006-07-27,OPTSTK,BHARTI,370.0,PA,0.0,0.0,0.0,13.05,24.2,0.0,0.0,0.0
2006-05-26,2006-07-27,OPTSTK,BHARTI,380.0,PA,0.0,0.0,0.0,16.55,28.75,0.0,0.0,0.0
2006-05-26,2006-07-27,OPTSTK,BHARTI,390.0,PA,0.0,0.0,0.0,20.55,33.8,0.0,0.0,0.0
2006-05-26,2006-07-27,OPTSTK,BHARTI,400.0,PA,0.0,0.0,0.0,25.15,39.3,0.0,0.0,0.0
2006-05-26,2006-07-27,OPTSTK,BHARTI,410.0,PA,0.0,0.0,0.0,30.25,45.2,0.0,0.0,0.0
2006-05-26,2006-07-27,OPTSTK,BHARTI,420.0,PA,0.0,0.0,0.0,35.9,51.55,0.0,0.0,0.0
2006-05-26,2006-07-27,OPTSTK,BHARTI,430.0,PA,0.0,0.0,0.0,42.0,58.2,0.0,0.0,0.0
2006-05-26,2006-07-27,OPTSTK,BHARTI,440.0,PA,0.0,0.0,0.0,45.15,65.25,0.0,0.0,0.0
2006-05-26,2006-07-27,OPTSTK,BHARTI,450.0,PA,0.0,0.0,0.0,41.05,72.65,0.0,0.0,0.0
2006-05-26,2006-08-31,OPTSTK,BHARTI,360.0,CA,0.0,0.0,0.0,66.75,61.75,0.0,0.0,0.0
2006-05-26,2006-08-31,OPTSTK,BHARTI,370.0,CA,0.0,0.0,0.0,61.15,56.3,0.0,0.0,0.0
2006-05-26,2006-08-31,OPTSTK,BHARTI,380.0,CA,0.0,0.0,0.0,55.95,51.2,0.0,0.0,0.0
2006-05-26,2006-08-31,OPTSTK,BHARTI,390.0,CA,0.0,0.0,0.0,51.05,46.5,0.0,0.0,0.0
2006-05-26,2006-08-31,OPTSTK,BHARTI,400.0,CA,0.0,0.0,0.0,46.5,42.1,0.0,0.0,0.0
2006-05-26,2006-08-31,OPTSTK,BHARTI,410.0,CA,0.0,0.0,0.0,42.3,38.1,0.0,0.0,0.0
2006-05-26,2006-08-31,OPTSTK,BHARTI,420.0,CA,0.0,0.0,0.0,38.4,34.4,0.0,0.0,0.0
2006-05-26,2006-08-31,OPTSTK,BHARTI,360.0,PA,0.0,0.0,0.0,26.4,27.0,0.0,0.0,0.0
2006-05-26,2006-08-31,OPTSTK,BHARTI,370.0,PA,0.0,0.0,0.0,30.65,31.35,0.0,0.0,0.0
2006-05-26,2006-08-31,OPTSTK,BHARTI,380.0,PA,0.0,0.0,0.0,35.2,36.1,0.0,0.0,0.0
2006-05-26,2006-08-31,OPTSTK,BHARTI,390.0,PA,0.0,0.0,0.0,40.15,41.2,0.0,0.0,0.0
2006-05-26,2006-08-31,OPTSTK,BHARTI,400.0,PA,0.0,0.0,0.0,45.45,46.7,0.0,0.0,0.0
2006-05-26,2006-08-31,OPTSTK,BHARTI,410.0,PA,0.0,0.0,0.0,51.05,52.45,0.0,0.0,0.0
2006-05-26,2006-08-31,OPTSTK,BHARTI,420.0,PA,0.0,0.0,0.0,56.95,58.6,0.0,0.0,0.0
2006-05-26,2006-06-29,OPTSTK,BHEL,1800.0,CA,0.0,0.0,0.0,203.7,228.35,0.0,0.0,0.0
2006-05-26,2006-06-29,OPTSTK,BHEL,1830.0,CA,0.0,0.0,0.0,187.05,210.2,0.0,0.0,0.0
2006-05-26,2006-06-29,OPTSTK,BHEL,1860.0,CA,0.0,0.0,0.0,171.4,193.0,0.0,0.0,0.0
2006-05-26,2006-06-29,OPTSTK,BHEL,1890.0,CA,0.0,0.0,0.0,213.5,176.85,0.0,0.0,0.0
2006-05-26,2006-06-29,OPTSTK,BHEL,1920.0,CA,0.0,0.0,0.0,197.25,161.65,0.0,0.0,0.0
2006-05-26,2006-06-29,OPTSTK,BHEL,1950.0,CA,0.0,0.0,0.0,181.9,147.4,0.0,0.0,0.0
2006-05-26,2006-06-29,OPTSTK,BHEL,1980.0,CA,0.0,0.0,0.0,167.45,134.15,0.0,0.0,0.0
2006-05-26,2006-06-29,OPTSTK,BHEL,2010.0,CA,0.0,0.0,0.0,153.85,121.8,0.0,0.0,0.0
2006-05-26,2006-06-29,OPTSTK,BHEL,2040.0,CA,0.0,0.0,0.0,221.1,110.35,0.0,0.0,0.0
2006-05-26,2006-06-29,OPTSTK,BHEL,2070.0,CA,0.0,0.0,0.0,203.35,99.75,0.0,0.0,0.0
2006-05-26,2006-06-29,OPTSTK,BHEL,2100.0,CA,0.0,0.0,0.0,186.55,90.0,0.0,0.0,0.0
2006-05-26,2006-06-29,OPTSTK,BHEL,2130.0,CA,0.0,0.0,0.0,170.75,81.0,0.0,0.0,0.0
2006-05-26,2006-06-29,OPTSTK,BHEL,2160.0,CA,0.0,0.0,0.0,155.9,72.8,0.0,0.0,0.0
2006-05-26,2006-06-29,OPTSTK,BHEL,2190.0,CA,0.0,0.0,0.0,142.0,65.4,0.0,0.0,0.0
2006-05-26,2006-06-29,OPTSTK,BHEL,2220.0,CA,0.0,0.0,0.0,129.05,58.55,0.0,0.0,0.0
2006-05-26,2006-06-29,OPTSTK,BHEL,2250.0,CA,0.0,0.0,0.0,196.95,52.35,0.0,0.0,0.0
2006-05-26,2006-06-29,OPTSTK,BHEL,2280.0,CA,0.0,0.0,0.0,182.8,46.65,0.0,0.0,0.0
2006-05-26,2006-06-29,OPTSTK,BHEL,2310.0,CA,0.0,0.0,0.0,169.45,41.5,0.0,0.0,0.0
2006-05-26,2006-06-29,OPTSTK,BHEL,2340.0,CA,0.0,0.0,0.0,156.8,36.9,0.0,0.0,0.0
2006-05-26,2006-06-29,OPTSTK,BHEL,2370.0,CA,0.0,0.0,0.0,170.95,32.75,0.0,0.0,0.0
2006-05-26,2006-06-29,OPTSTK,BHEL,2400.0,CA,0.0,0.0,0.0,158.4,29.0,0.0,0.0,0.0
2006-05-26,2006-06-29,OPTSTK,BHEL,2430.0,CA,0.0,0.0,0.0,157.5,25.65,0.0,0.0,0.0
2006-05-26,2006-06-29,OPTSTK,BHEL,2460.0,CA,0.0,0.0,0.0,40.0,22.65,0.0,0.0,300.0
2006-05-26,2006-06-29,OPTSTK,BHEL,2490.0,CA,0.0,0.0,0.0,140.8,20.0,0.0,0.0,0.0
2006-05-26,2006-06-29,OPTSTK,BHEL,1800.0,PA,0.0,0.0,0.0,98.3,80.0,0.0,0.0,0.0
2006-05-26,2006-06-29,OPTSTK,BHEL,1830.0,PA,0.0,0.0,0.0,111.45,91.65,0.0,0.0,0.0
2006-05-26,2006-06-29,OPTSTK,BHEL,1860.0,PA,0.0,0.0,0.0,125.55,104.3,0.0,0.0,0.0
2006-05-26,2006-06-29,OPTSTK,BHEL,1890.0,PA,0.0,0.0,0.0,112.05,117.95,0.0,0.0,0.0
2006-05-26,2006-06-29,OPTSTK,BHEL,1920.0,PA,0.0,0.0,0.0,125.55,132.55,0.0,0.0,0.0
2006-05-26,2006-06-29,OPTSTK,BHEL,1950.0,PA,0.0,0.0,0.0,140.0,148.15,0.0,0.0,0.0
2006-05-26,2006-06-29,OPTSTK,BHEL,1980.0,PA,0.0,0.0,0.0,155.3,164.65,0.0,0.0,0.0
2006-05-26,2006-06-29,OPTSTK,BHEL,2010.0,PA,0.0,0.0,0.0,171.45,182.15,0.0,0.0,0.0
2006-05-26,2006-06-29,OPTSTK,BHEL,2040.0,PA,0.0,0.0,0.0,82.15,200.5,0.0,0.0,0.0
2006-05-26,2006-06-29,OPTSTK,BHEL,2070.0,PA,0.0,0.0,0.0,93.75,219.7,0.0,0.0,0.0
2006-05-26,2006-06-29,OPTSTK,BHEL,2100.0,PA,0.0,0.0,0.0,106.3,239.75,0.0,0.0,0.0
2006-05-26,2006-06-29,OPTSTK,BHEL,2130.0,PA,0.0,0.0,0.0,119.85,260.6,0.0,0.0,0.0
2006-05-26,2006-06-29,OPTSTK,BHEL,2160.0,PA,0.0,0.0,0.0,134.4,282.2,0.0,0.0,0.0
2006-05-26,2006-06-29,OPTSTK,BHEL,2190.0,PA,0.0,0.0,0.0,149.85,304.6,0.0,0.0,0.0
2006-05-26,2006-06-29,OPTSTK,BHEL,2220.0,PA,0.0,0.0,0.0,166.25,327.6,0.0,0.0,0.0
2006-05-26,2006-06-29,OPTSTK,BHEL,2250.0,PA,0.0,0.0,0.0,158.45,351.2,0.0,0.0,0.0
2006-05-26,2006-06-29,OPTSTK,BHEL,2280.0,PA,0.0,0.0,0.0,173.7,375.25,0.0,0.0,0.0
2006-05-26,2006-06-29,OPTSTK,BHEL,2310.0,PA,0.0,0.0,0.0,189.7,399.95,0.0,0.0,0.0
2006-05-26,2006-06-29,OPTSTK,BHEL,2340.0,PA,0.0,0.0,0.0,206.45,425.15,0.0,0.0,0.0
2006-05-26,2006-06-29,OPTSTK,BHEL,2370.0,PA,0.0,0.0,0.0,195.2,450.85,0.0,0.0,0.0
2006-05-26,2006-06-29,OPTSTK,BHEL,2400.0,PA,0.0,0.0,0.0,212.05,476.9,0.0,0.0,0.0
2006-05-26,2006-06-29,OPTSTK,BHEL,2430.0,PA,0.0,0.0,0.0,209.9,503.35,0.0,0.0,0.0
2006-05-26,2006-06-29,OPTSTK,BHEL,2460.0,PA,0.0,0.0,0.0,194.35,530.2,0.0,0.0,0.0
2006-05-26,2006-06-29,OPTSTK,BHEL,2490.0,PA,0.0,0.0,0.0,197.5,557.3,0.0,0.0,0.0
2006-05-26,2006-07-27,OPTSTK,BHEL,1800.0,CA,0.0,0.0,0.0,253.15,280.1,0.0,0.0,0.0
2006-05-26,2006-07-27,OPTSTK,BHEL,1830.0,CA,0.0,0.0,0.0,237.45,263.3,0.0,0.0,0.0
2006-05-26,2006-07-27,OPTSTK,BHEL,1860.0,CA,0.0,0.0,0.0,222.45,247.25,0.0,0.0,0.0
2006-05-26,2006-07-27,OPTSTK,BHEL,1890.0,CA,0.0,0.0,0.0,264.2,231.95,0.0,0.0,0.0
2006-05-26,2006-07-27,OPTSTK,BHEL,1920.0,CA,0.0,0.0,0.0,248.75,217.35,0.0,0.0,0.0
2006-05-26,2006-07-27,OPTSTK,BHEL,1950.0,CA,0.0,0.0,0.0,233.95,203.45,0.0,0.0,0.0
2006-05-26,2006-07-27,OPTSTK,BHEL,1980.0,CA,0.0,0.0,0.0,219.9,190.3,0.0,0.0,0.0
2006-05-26,2006-07-27,OPTSTK,BHEL,2010.0,CA,0.0,0.0,0.0,206.5,177.8,0.0,0.0,0.0
2006-05-26,2006-07-27,OPTSTK,BHEL,2040.0,CA,0.0,0.0,0.0,250.4,165.95,0.0,0.0,0.0
2006-05-26,2006-07-27,OPTSTK,BHEL,2070.0,CA,0.0,0.0,0.0,234.8,154.8,0.0,0.0,0.0
2006-05-26,2006-07-27,OPTSTK,BHEL,2100.0,CA,0.0,0.0,0.0,219.9,144.25,0.0,0.0,0.0
2006-05-26,2006-07-27,OPTSTK,BHEL,2130.0,CA,0.0,0.0,0.0,205.75,134.3,0.0,0.0,0.0
2006-05-26,2006-07-27,OPTSTK,BHEL,2160.0,CA,0.0,0.0,0.0,172.95,124.9,0.0,0.0,0.0
2006-05-26,2006-07-27,OPTSTK,BHEL,2190.0,CA,0.0,0.0,0.0,154.05,116.1,0.0,0.0,0.0
2006-05-26,2006-07-27,OPTSTK,BHEL,2220.0,CA,0.0,0.0,0.0,136.5,107.85,0.0,0.0,0.0
2006-05-26,2006-07-27,OPTSTK,BHEL,2250.0,CA,0.0,0.0,0.0,221.0,100.15,0.0,0.0,0.0
2006-05-26,2006-07-27,OPTSTK,BHEL,2280.0,CA,0.0,0.0,0.0,219.1,92.9,0.0,0.0,0.0
2006-05-26,2006-07-27,OPTSTK,BHEL,2310.0,CA,0.0,0.0,0.0,202.1,86.1,0.0,0.0,0.0
2006-05-26,2006-07-27,OPTSTK,BHEL,2340.0,CA,0.0,0.0,0.0,186.05,79.8,0.0,0.0,0.0
2006-05-26,2006-07-27,OPTSTK,BHEL,2370.0,CA,0.0,0.0,0.0,170.85,73.85,0.0,0.0,0.0
2006-05-26,2006-07-27,OPTSTK,BHEL,2400.0,CA,0.0,0.0,0.0,156.6,68.35,0.0,0.0,0.0
2006-05-26,2006-07-27,OPTSTK,BHEL,2430.0,CA,0.0,0.0,0.0,143.25,63.1,0.0,0.0,0.0
2006-05-26,2006-07-27,OPTSTK,BHEL,2460.0,CA,0.0,0.0,0.0,130.7,58.3,0.0,0.0,0.0
2006-05-26,2006-07-27,OPTSTK,BHEL,2490.0,CA,0.0,0.0,0.0,106.75,53.8,0.0,0.0,0.0
2006-05-26,2006-07-27,OPTSTK,BHEL,1800.0,PA,0.0,0.0,0.0,138.4,122.5,0.0,0.0,0.0
2006-05-26,2006-07-27,OPTSTK,BHEL,1830.0,PA,0.0,0.0,0.0,152.3,135.35,0.0,0.0,0.0
2006-05-26,2006-07-27,OPTSTK,BHEL,1860.0,PA,0.0,0.0,0.0,166.9,148.95,0.0,0.0,0.0
2006-05-26,2006-07-27,OPTSTK,BHEL,1890.0,PA,0.0,0.0,0.0,152.8,163.3,0.0,0.0,0.0
2006-05-26,2006-07-27,OPTSTK,BHEL,1920.0,PA,0.0,0.0,0.0,166.95,178.35,0.0,0.0,0.0
2006-05-26,2006-07-27,OPTSTK,BHEL,1950.0,PA,0.0,0.0,0.0,181.8,194.15,0.0,0.0,0.0
2006-05-26,2006-07-27,OPTSTK,BHEL,1980.0,PA,0.0,0.0,0.0,197.35,210.6,0.0,0.0,0.0
2006-05-26,2006-07-27,OPTSTK,BHEL,2010.0,PA,0.0,0.0,0.0,213.55,227.8,0.0,0.0,0.0
2006-05-26,2006-07-27,OPTSTK,BHEL,2040.0,PA,0.0,0.0,0.0,145.5,245.6,0.0,0.0,0.0
2006-05-26,2006-07-27,OPTSTK,BHEL,2070.0,PA,0.0,0.0,0.0,159.5,264.1,0.0,0.0,0.0
2006-05-26,2006-07-27,OPTSTK,BHEL,2100.0,PA,0.0,0.0,0.0,174.25,283.2,0.0,0.0,0.0
2006-05-26,2006-07-27,OPTSTK,BHEL,2130.0,PA,0.0,0.0,0.0,189.7,302.9,0.0,0.0,0.0
2006-05-26,2006-07-27,OPTSTK,BHEL,2160.0,PA,0.0,0.0,0.0,52.55,323.2,0.0,0.0,0.0
2006-05-26,2006-07-27,OPTSTK,BHEL,2190.0,PA,0.0,0.0,0.0,63.25,344.05,0.0,0.0,0.0
2006-05-26,2006-07-27,OPTSTK,BHEL,2220.0,PA,0.0,0.0,0.0,75.25,365.4,0.0,0.0,0.0
2006-05-26,2006-07-27,OPTSTK,BHEL,2250.0,PA,0.0,0.0,0.0,89.3,387.4,0.0,0.0,0.0
2006-05-26,2006-07-27,OPTSTK,BHEL,2280.0,PA,0.0,0.0,0.0,99.55,409.8,0.0,0.0,0.0
2006-05-26,2006-07-27,OPTSTK,BHEL,2310.0,PA,0.0,0.0,0.0,112.05,432.65,0.0,0.0,0.0
2006-05-26,2006-07-27,OPTSTK,BHEL,2340.0,PA,0.0,0.0,0.0,125.45,456.0,0.0,0.0,0.0
2006-05-26,2006-07-27,OPTSTK,BHEL,2370.0,PA,0.0,0.0,0.0,139.8,479.7,0.0,0.0,0.0
2006-05-26,2006-07-27,OPTSTK,BHEL,2400.0,PA,0.0,0.0,0.0,155.0,503.85,0.0,0.0,0.0
2006-05-26,2006-07-27,OPTSTK,BHEL,2430.0,PA,0.0,0.0,0.0,171.1,528.25,0.0,0.0,0.0
2006-05-26,2006-07-27,OPTSTK,BHEL,2460.0,PA,0.0,0.0,0.0,188.1,553.1,0.0,0.0,0.0
2006-05-26,2006-07-27,OPTSTK,BHEL,2490.0,PA,0.0,0.0,0.0,160.85,578.3,0.0,0.0,0.0
2006-05-26,2006-08-31,OPTSTK,BHEL,1800.0,CA,0.0,0.0,0.0,314.85,331.9,0.0,0.0,0.0
2006-05-26,2006-08-31,OPTSTK,BHEL,1830.0,CA,0.0,0.0,0.0,299.8,316.05,0.0,0.0,0.0
2006-05-26,2006-08-31,OPTSTK,BHEL,1860.0,CA,0.0,0.0,0.0,285.3,300.8,0.0,0.0,0.0
2006-05-26,2006-08-31,OPTSTK,BHEL,1890.0,CA,0.0,0.0,0.0,271.35,286.1,0.0,0.0,0.0
2006-05-26,2006-08-31,OPTSTK,BHEL,1920.0,CA,0.0,0.0,0.0,258.0,272.0,0.0,0.0,0.0
2006-05-26,2006-08-31,OPTSTK,BHEL,1950.0,CA,0.0,0.0,0.0,245.15,258.5,0.0,0.0,0.0
2006-05-26,2006-08-31,OPTSTK,BHEL,1980.0,CA,0.0,0.0,0.0,232.9,245.5,0.0,0.0,0.0
2006-05-26,2006-08-31,OPTSTK,BHEL,2010.0,CA,0.0,0.0,0.0,0.0,0.0,0.0,0.0,0.0
2006-05-26,2006-08-31,OPTSTK,BHEL,2040.0,CA,0.0,0.0,0.0,0.0,0.0,0.0,0.0,0.0
2006-05-26,2006-08-31,OPTSTK,BHEL,1800.0,PA,0.0,0.0,0.0,180.55,162.75,0.0,0.0,0.0
2006-05-26,2006-08-31,OPTSTK,BHEL,1830.0,PA,0.0,0.0,0.0,194.95,176.35,0.0,0.0,0.0
2006-05-26,2006-08-31,OPTSTK,BHEL,1860.0,PA,0.0,0.0,0.0,209.9,190.55,0.0,0.0,0.0
2006-05-26,2006-08-31,OPTSTK,BHEL,1890.0,PA,0.0,0.0,0.0,225.4,205.35,0.0,0.0,0.0
2006-05-26,2006-08-31,OPTSTK,BHEL,1920.0,PA,0.0,0.0,0.0,241.5,220.75,0.0,0.0,0.0
2006-05-26,2006-08-31,OPTSTK,BHEL,1950.0,PA,0.0,0.0,0.0,258.15,236.65,0.0,0.0,0.0
2006-05-26,2006-08-31,OPTSTK,BHEL,1980.0,PA,0.0,0.0,0.0,275.3,253.15,0.0,0.0,0.0
2006-05-26,2006-08-31,OPTSTK,BHEL,2010.0,PA,0.0,0.0,0.0,0.0,0.0,0.0,0.0,0.0
2006-05-26,2006-08-31,OPTSTK,BHEL,2040.0,PA,0.0,0.0,0.0,0.0,0.0,0.0,0.0,0.0
2006-05-26,2006-06-29,OPTSTK,BILT,100.0,CA,0.0,0.0,0.0,19.4,29.0,0.0,0.0,0.0
2006-05-26,2006-06-29,OPTSTK,BILT,105.0,CA,0.0,0.0,0.0,20.05,24.85,0.0,0.0,0.0
2006-05-26,2006-06-29,OPTSTK,BILT,110.0,CA,0.0,0.0,0.0,16.8,21.0,0.0,0.0,0.0
2006-05-26,2006-06-29,OPTSTK,BILT,115.0,CA,0.0,0.0,0.0,20.65,17.5,0.0,0.0,0.0
2006-05-26,2006-06-29,OPTSTK,BILT,120.0,CA,0.0,0.0,0.0,17.1,14.4,0.0,0.0,0.0
2006-05-26,2006-06-29,OPTSTK,BILT,125.0,CA,0.0,0.0,0.0,5.4,11.7,0.0,0.0,1900.0
2006-05-26,2006-06-29,OPTSTK,BILT,130.0,CA,7.0,7.0,5.4,5.4,5.4,19.0,49.22,36100.0
2006-05-26,2006-06-29,OPTSTK,BILT,135.0,CA,4.95,4.95,4.95,4.95,4.95,1.0,2.65,1900.0
2006-05-26,2006-06-29,OPTSTK,BILT,140.0,CA,1.6,1.6,1.6,1.6,1.6,1.0,2.69,1900.0
2006-05-26,2006-06-29,OPTSTK,BILT,145.0,CA,0.0,0.0,0.0,5.25,4.55,0.0,0.0,0.0
2006-05-26,2006-06-29,OPTSTK,BILT,150.0,CA,2.9,2.9,2.0,2.0,2.0,2.0,5.79,5700.0
2006-05-26,2006-06-29,OPTSTK,BILT,155.0,CA,0.0,0.0,0.0,2.0,2.65,0.0,0.0,0.0
2006-05-26,2006-06-29,OPTSTK,BILT,160.0,CA,0.0,0.0,0.0,4.75,2.0,0.0,0.0,0.0
2006-05-26,2006-06-29,OPTSTK,BILT,100.0,PA,0.0,0.0,0.0,3.45,1.3,0.0,0.0,0.0
2006-05-26,2006-06-29,OPTSTK,BILT,105.0,PA,0.0,0.0,0.0,4.45,2.1,0.0,0.0,0.0
2006-05-26,2006-06-29,OPTSTK,BILT,110.0,PA,0.0,0.0,0.0,6.2,3.2,0.0,0.0,0.0
2006-05-26,2006-06-29,OPTSTK,BILT,115.0,PA,0.0,0.0,0.0,2.6,4.7,0.0,0.0,0.0
2006-05-26,2006-06-29,OPTSTK,BILT,120.0,PA,0.0,0.0,0.0,3.95,6.55,0.0,0.0,0.0
2006-05-26,2006-06-29,OPTSTK,BILT,125.0,PA,0.0,0.0,0.0,5.65,8.85,0.0,0.0,0.0
2006-05-26,2006-06-29,OPTSTK,BILT,130.0,PA,0.0,0.0,0.0,7.8,11.5,0.0,0.0,0.0
2006-05-26,2006-06-29,OPTSTK,BILT,135.0,PA,0.0,0.0,0.0,10.35,14.5,0.0,0.0,0.0
2006-05-26,2006-06-29,OPTSTK,BILT,140.0,PA,0.0,0.0,0.0,13.3,17.85,0.0,0.0,0.0
2006-05-26,2006-06-29,OPTSTK,BILT,145.0,PA,0.0,0.0,0.0,16.6,21.5,0.0,0.0,0.0
2006-05-26,2006-06-29,OPTSTK,BILT,150.0,PA,0.0,0.0,0.0,17.3,25.45,0.0,0.0,0.0
2006-05-26,2006-06-29,OPTSTK,BILT,155.0,PA,0.0,0.0,0.0,20.65,29.6,0.0,0.0,0.0
2006-05-26,2006-06-29,OPTSTK,BILT,160.0,PA,0.0,0.0,0.0,20.05,33.9,0.0,0.0,0.0
2006-05-26,2006-07-27,OPTSTK,BILT,100.0,CA,0.0,0.0,0.0,22.2,31.25,0.0,0.0,0.0
2006-05-26,2006-07-27,OPTSTK,BILT,105.0,CA,0.0,0.0,0.0,23.0,27.55,0.0,0.0,0.0
2006-05-26,2006-07-27,OPTSTK,BILT,110.0,CA,0.0,0.0,0.0,20.05,24.1,0.0,0.0,0.0
2006-05-26,2006-07-27,OPTSTK,BILT,115.0,CA,0.0,0.0,0.0,21.1,20.95,0.0,0.0,0.0
2006-05-26,2006-07-27,OPTSTK,BILT,120.0,CA,0.0,0.0,0.0,17.8,18.1,0.0,0.0,0.0
2006-05-26,2006-07-27,OPTSTK,BILT,125.0,CA,0.0,0.0,0.0,14.85,15.55,0.0,0.0,0.0
2006-05-26,2006-07-27,OPTSTK,BILT,130.0,CA,0.0,0.0,0.0,12.25,13.3,0.0,0.0,0.0
2006-05-26,2006-07-27,OPTSTK,BILT,135.0,CA,0.0,0.0,0.0,10.05,11.3,0.0,0.0,0.0
2006-05-26,2006-07-27,OPTSTK,BILT,140.0,CA,0.0,0.0,0.0,8.1,9.55,0.0,0.0,0.0
2006-05-26,2006-07-27,OPTSTK,BILT,145.0,CA,0.0,0.0,0.0,6.5,8.05,0.0,0.0,0.0
2006-05-26,2006-07-27,OPTSTK,BILT,150.0,CA,0.0,0.0,0.0,5.55,6.75,0.0,0.0,0.0
2006-05-26,2006-07-27,OPTSTK,BILT,155.0,CA,0.0,0.0,0.0,6.9,5.65,0.0,0.0,0.0
2006-05-26,2006-07-27,OPTSTK,BILT,160.0,CA,0.0,0.0,0.0,7.1,4.75,0.0,0.0,0.0
2006-05-26,2006-07-27,OPTSTK,BILT,100.0,PA,0.0,0.0,0.0,5.7,3.0,0.0,0.0,0.0
2006-05-26,2006-07-27,OPTSTK,BILT,105.0,PA,0.0,0.0,0.0,6.9,4.25,0.0,0.0,0.0
2006-05-26,2006-07-27,OPTSTK,BILT,110.0,PA,0.0,0.0,0.0,8.85,5.75,0.0,0.0,0.0
2006-05-26,2006-07-27,OPTSTK,BILT,115.0,PA,0.0,0.0,0.0,4.05,7.55,0.0,0.0,0.0
2006-05-26,2006-07-27,OPTSTK,BILT,120.0,PA,0.0,0.0,0.0,5.65,9.65,0.0,0.0,0.0
2006-05-26,2006-07-27,OPTSTK,BILT,125.0,PA,0.0,0.0,0.0,7.6,12.0,0.0,0.0,0.0
2006-05-26,2006-07-27,OPTSTK,BILT,130.0,PA,0.0,0.0,0.0,9.95,14.7,0.0,0.0,0.0
2006-05-26,2006-07-27,OPTSTK,BILT,135.0,PA,0.0,0.0,0.0,12.6,17.65,0.0,0.0,0.0
2006-05-26,2006-07-27,OPTSTK,BILT,140.0,PA,0.0,0.0,0.0,15.65,20.85,0.0,0.0,0.0
2006-05-26,2006-07-27,OPTSTK,BILT,145.0,PA,0.0,0.0,0.0,18.95,24.3,0.0,0.0,0.0
2006-05-26,2006-07-27,OPTSTK,BILT,150.0,PA,0.0,0.0,0.0,19.9,27.95,0.0,0.0,0.0
2006-05-26,2006-07-27,OPTSTK,BILT,155.0,PA,0.0,0.0,0.0,20.5,31.8,0.0,0.0,0.0
2006-05-26,2006-07-27,OPTSTK,BILT,160.0,PA,0.0,0.0,0.0,21.55,35.8,0.0,0.0,0.0
2006-05-26,2006-08-31,OPTSTK,BILT,110.0,CA,0.0,0.0,0.0,25.55,27.35,0.0,0.0,0.0
2006-05-26,2006-08-31,OPTSTK,BILT,115.0,CA,0.0,0.0,0.0,22.75,24.4,0.0,0.0,0.0
2006-05-26,2006-08-31,OPTSTK,BILT,120.0,CA,0.0,0.0,0.0,20.25,21.75,0.0,0.0,0.0
2006-05-26,2006-08-31,OPTSTK,BILT,125.0,CA,0.0,0.0,0.0,17.95,19.3,0.0,0.0,0.0
2006-05-26,2006-08-31,OPTSTK,BILT,130.0,CA,0.0,0.0,0.0,15.9,17.1,0.0,0.0,0.0
2006-05-26,2006-08-31,OPTSTK,BILT,135.0,CA,0.0,0.0,0.0,14.05,15.15,0.0,0.0,0.0
2006-05-26,2006-08-31,OPTSTK,BILT,140.0,CA,0.0,0.0,0.0,12.35,13.35,0.0,0.0,0.0
2006-05-26,2006-08-31,OPTSTK,BILT,110.0,PA,0.0,0.0,0.0,9.4,8.25,0.0,0.0,0.0
2006-05-26,2006-08-31,OPTSTK,BILT,115.0,PA,0.0,0.0,0.0,11.55,10.25,0.0,0.0,0.0
2006-05-26,2006-08-31,OPTSTK,BILT,120.0,PA,0.0,0.0,0.0,13.9,12.5,0.0,0.0,0.0
2006-05-26,2006-08-31,OPTSTK,BILT,125.0,PA,0.0,0.0,0.0,16.55,15.0,0.0,0.0,0.0
2006-05-26,2006-08-31,OPTSTK,BILT,130.0,PA,0.0,0.0,0.0,19.4,17.7,0.0,0.0,0.0
2006-05-26,2006-08-31,OPTSTK,BILT,135.0,PA,0.0,0.0,0.0,22.45,20.6,0.0,0.0,0.0
2006-05-26,2006-08-31,OPTSTK,BILT,140.0,PA,0.0,0.0,0.0,25.65,23.75,0.0,0.0,0.0
2006-05-26,2006-06-29,OPTSTK,BONGAIREFN,35.0,CA,0.0,0.0,0.0,17.75,23.85,0.0,0.0,0.0
2006-05-26,2006-06-29,OPTSTK,BONGAIREFN,40.0,CA,0.0,0.0,0.0,13.25,19.2,0.0,0.0,0.0
2006-05-26,2006-06-29,OPTSTK,BONGAIREFN,45.0,CA,0.0,0.0,0.0,15.4,14.95,0.0,0.0,0.0
2006-05-26,2006-06-29,OPTSTK,BONGAIREFN,50.0,CA,0.0,0.0,0.0,15.75,11.3,0.0,0.0,0.0
2006-05-26,2006-06-29,OPTSTK,BONGAIREFN,55.0,CA,0.0,0.0,0.0,11.35,8.25,0.0,0.0,0.0
2006-05-26,2006-06-29,OPTSTK,BONGAIREFN,60.0,CA,3.95,4.2,3.75,4.0,4.0,19.0,27.33,45000.0
2006-05-26,2006-06-29,OPTSTK,BONGAIREFN,65.0,CA,2.25,2.6,2.0,2.2,2.2,16.0,24.21,36000.0
2006-05-26,2006-06-29,OPTSTK,BONGAIREFN,70.0,CA,1.5,1.5,0.95,1.05,1.05,10.0,15.98,27000.0
2006-05-26,2006-06-29,OPTSTK,BONGAIREFN,75.0,CA,0.0,0.0,0.0,1.6,1.85,0.0,0.0,2250.0
2006-05-26,2006-06-29,OPTSTK,BONGAIREFN,80.0,CA,0.65,0.65,0.65,0.65,0.65,1.0,1.81,9000.0
2006-05-26,2006-06-29,OPTSTK,BONGAIREFN,85.0,CA,0.0,0.0,0.0,1.45,0.8,0.0,0.0,0.0
2006-05-26,2006-06-29,OPTSTK,BONGAIREFN,90.0,CA,0.0,0.0,0.0,0.8,0.55,0.0,0.0,0.0
2006-05-26,2006-06-29,OPTSTK,BONGAIREFN,95.0,CA,0.0,0.0,0.0,1.1,0.35,0.0,0.0,0.0
2006-05-26,2006-06-29,OPTSTK,BONGAIREFN,35.0,PA,0.0,0.0,0.0,0.15,0.15,0.0,0.0,0.0
2006-05-26,2006-06-29,OPTSTK,BONGAIREFN,40.0,PA,0.0,0.0,0.0,0.6,0.5,0.0,0.0,0.0
2006-05-26,2006-06-29,OPTSTK,BONGAIREFN,45.0,PA,0.0,0.0,0.0,0.7,1.2,0.0,0.0,0.0
2006-05-26,2006-06-29,OPTSTK,BONGAIREFN,50.0,PA,0.0,0.0,0.0,0.2,2.5,0.0,0.0,0.0
2006-05-26,2006-06-29,OPTSTK,BONGAIREFN,55.0,PA,0.0,0.0,0.0,0.7,4.45,0.0,0.0,0.0
2006-05-26,2006-06-29,OPTSTK,BONGAIREFN,60.0,PA,0.0,0.0,0.0,1.8,7.05,0.0,0.0,0.0
2006-05-26,2006-06-29,OPTSTK,BONGAIREFN,65.0,PA,0.0,0.0,0.0,3.75,10.2,0.0,0.0,0.0
2006-05-26,2006-06-29,OPTSTK,BONGAIREFN,70.0,PA,0.0,0.0,0.0,6.65,13.9,0.0,0.0,0.0
2006-05-26,2006-06-29,OPTSTK,BONGAIREFN,75.0,PA,0.0,0.0,0.0,10.3,17.95,0.0,0.0,0.0
2006-05-26,2006-06-29,OPTSTK,BONGAIREFN,80.0,PA,0.0,0.0,0.0,14.5,22.3,0.0,0.0,0.0
2006-05-26,2006-06-29,OPTSTK,BONGAIREFN,85.0,PA,0.0,0.0,0.0,14.55,26.8,0.0,0.0,0.0
2006-05-26,2006-06-29,OPTSTK,BONGAIREFN,90.0,PA,0.0,0.0,0.0,16.3,31.5,0.0,0.0,0.0
2006-05-26,2006-06-29,OPTSTK,BONGAIREFN,95.0,PA,0.0,0.0,0.0,17.65,36.3,0.0,0.0,0.0
2006-05-26,2006-07-27,OPTSTK,BONGAIREFN,35.0,CA,0.0,0.0,0.0,18.3,24.45,0.0,0.0,0.0
2006-05-26,2006-07-27,OPTSTK,BONGAIREFN,40.0,CA,0.0,0.0,0.0,14.15,20.25,0.0,0.0,0.0
2006-05-26,2006-07-27,OPTSTK,BONGAIREFN,45.0,CA,0.0,0.0,0.0,16.4,16.5,0.0,0.0,0.0
2006-05-26,2006-07-27,OPTSTK,BONGAIREFN,50.0,CA,0.0,0.0,0.0,17.0,13.2,0.0,0.0,0.0
2006-05-26,2006-07-27,OPTSTK,BONGAIREFN,55.0,CA,0.0,0.0,0.0,12.45,10.45,0.0,0.0,0.0
2006-05-26,2006-07-27,OPTSTK,BONGAIREFN,60.0,CA,0.0,0.0,0.0,8.4,8.2,0.0,0.0,0.0
2006-05-26,2006-07-27,OPTSTK,BONGAIREFN,65.0,CA,0.0,0.0,0.0,5.15,6.4,0.0,0.0,0.0
2006-05-26,2006-07-27,OPTSTK,BONGAIREFN,70.0,CA,0.0,0.0,0.0,2.9,4.95,0.0,0.0,0.0
2006-05-26,2006-07-27,OPTSTK,BONGAIREFN,75.0,CA,0.0,0.0,0.0,1.5,3.8,0.0,0.0,0.0
2006-05-26,2006-07-27,OPTSTK,BONGAIREFN,80.0,CA,0.0,0.0,0.0,0.75,2.9,0.0,0.0,0.0
2006-05-26,2006-07-27,OPTSTK,BONGAIREFN,85.0,CA,0.0,0.0,0.0,0.55,2.2,0.0,0.0,0.0
2006-05-26,2006-07-27,OPTSTK,BONGAIREFN,90.0,CA,0.0,0.0,0.0,1.55,1.7,0.0,0.0,0.0
2006-05-26,2006-07-27,OPTSTK,BONGAIREFN,95.0,CA,0.0,0.0,0.0,2.15,1.3,0.0,0.0,0.0
2006-05-26,2006-07-27,OPTSTK,BONGAIREFN,35.0,PA,0.0,0.0,0.0,0.5,0.6,0.0,0.0,0.0
2006-05-26,2006-07-27,OPTSTK,BONGAIREFN,40.0,PA,0.0,0.0,0.0,1.3,1.35,0.0,0.0,0.0
2006-05-26,2006-07-27,OPTSTK,BONGAIREFN,45.0,PA,0.0,0.0,0.0,1.5,2.5,0.0,0.0,0.0
2006-05-26,2006-07-27,OPTSTK,BONGAIREFN,50.0,PA,0.0,0.0,0.0,0.1,4.2,0.0,0.0,0.0
2006-05-26,2006-07-27,OPTSTK,BONGAIREFN,55.0,PA,0.0,0.0,0.0,0.45,6.4,0.0,0.0,0.0
2006-05-26,2006-07-27,OPTSTK,BONGAIREFN,60.0,PA,0.0,0.0,0.0,1.3,9.1,0.0,0.0,0.0
2006-05-26,2006-07-27,OPTSTK,BONGAIREFN,65.0,PA,0.0,0.0,0.0,3.0,12.2,0.0,0.0,0.0
2006-05-26,2006-07-27,OPTSTK,BONGAIREFN,70.0,PA,0.0,0.0,0.0,5.65,15.7,0.0,0.0,0.0
2006-05-26,2006-07-27,OPTSTK,BONGAIREFN,75.0,PA,0.0,0.0,0.0,9.2,19.5,0.0,0.0,0.0
2006-05-26,2006-07-27,OPTSTK,BONGAIREFN,80.0,PA,0.0,0.0,0.0,13.3,23.55,0.0,0.0,0.0
2006-05-26,2006-07-27,OPTSTK,BONGAIREFN,85.0,PA,0.0,0.0,0.0,15.05,27.8,0.0,0.0,0.0
2006-05-26,2006-07-27,OPTSTK,BONGAIREFN,90.0,PA,0.0,0.0,0.0,16.55,32.2,0.0,0.0,0.0
2006-05-26,2006-07-27,OPTSTK,BONGAIREFN,95.0,PA,0.0,0.0,0.0,18.2,36.75,0.0,0.0,0.0
2006-05-26,2006-08-31,OPTSTK,BONGAIREFN,40.0,CA,0.0,0.0,0.0,18.5,21.55,0.0,0.0,0.0
2006-05-26,2006-08-31,OPTSTK,BONGAIREFN,45.0,CA,0.0,0.0,0.0,15.3,18.15,0.0,0.0,0.0
2006-05-26,2006-08-31,OPTSTK,BONGAIREFN,50.0,CA,0.0,0.0,0.0,12.6,15.2,0.0,0.0,0.0
2006-05-26,2006-08-31,OPTSTK,BONGAIREFN,55.0,CA,0.0,0.0,0.0,10.3,12.65,0.0,0.0,0.0
2006-05-26,2006-08-31,OPTSTK,BONGAIREFN,60.0,CA,0.0,0.0,0.0,8.4,10.5,0.0,0.0,0.0
2006-05-26,2006-08-31,OPTSTK,BONGAIREFN,65.0,CA,0.0,0.0,0.0,6.85,8.7,0.0,0.0,0.0
2006-05-26,2006-08-31,OPTSTK,BONGAIREFN,70.0,CA,0.0,0.0,0.0,5.55,7.15,0.0,0.0,0.0
2006-05-26,2006-08-31,OPTSTK,BONGAIREFN,75.0,CA,0.0,0.0,0.0,0.0,0.0,0.0,0.0,0.0
2006-05-26,2006-08-31,OPTSTK,BONGAIREFN,40.0,PA,0.0,0.0,0.0,2.8,2.35,0.0,0.0,0.0
2006-05-26,2006-08-31,OPTSTK,BONGAIREFN,45.0,PA,0.0,0.0,0.0,4.5,3.9,0.0,0.0,0.0
2006-05-26,2006-08-31,OPTSTK,BONGAIREFN,50.0,PA,0.0,0.0,0.0,6.7,5.85,0.0,0.0,0.0
2006-05-26,2006-08-31,OPTSTK,BONGAIREFN,55.0,PA,0.0,0.0,0.0,9.3,8.2,0.0,0.0,0.0
2006-05-26,2006-08-31,OPTSTK,BONGAIREFN,60.0,PA,0.0,0.0,0.0,12.3,10.95,0.0,0.0,0.0
2006-05-26,2006-08-31,OPTSTK,BONGAIREFN,65.0,PA,0.0,0.0,0.0,15.65,14.05,0.0,0.0,0.0
2006-05-26,2006-08-31,OPTSTK,BONGAIREFN,70.0,PA,0.0,0.0,0.0,19.25,17.45,0.0,0.0,0.0
2006-05-26,2006-08-31,OPTSTK,BONGAIREFN,75.0,PA,0.0,0.0,0.0,0.0,0.0,0.0,0.0,0.0
2006-05-26,2006-06-29,OPTSTK,BPCL,360.0,CA,0.0,0.0,0.0,44.55,68.8,0.0,0.0,0.0
2006-05-26,2006-06-29,OPTSTK,BPCL,370.0,CA,0.0,0.0,0.0,43.6,61.0,0.0,0.0,0.0
2006-05-26,2006-06-29,OPTSTK,BPCL,380.0,CA,0.0,0.0,0.0,42.6,53.7,0.0,0.0,0.0
2006-05-26,2006-06-29,OPTSTK,BPCL,390.0,CA,0.0,0.0,0.0,45.3,46.9,0.0,0.0,0.0
2006-05-26,2006-06-29,OPTSTK,BPCL,400.0,CA,0.0,0.0,0.0,38.4,40.65,0.0,0.0,0.0
2006-05-26,2006-06-29,OPTSTK,BPCL,410.0,CA,0.0,0.0,0.0,19.0,35.0,0.0,0.0,2200.0
2006-05-26,2006-06-29,OPTSTK,BPCL,420.0,CA,0.0,0.0,0.0,26.7,29.9,0.0,0.0,0.0
2006-05-26,2006-06-29,OPTSTK,BPCL,430.0,CA,15.5,15.5,14.5,14.5,14.5,2.0,4.89,1100.0
2006-05-26,2006-06-29,OPTSTK,BPCL,440.0,CA,15.0,17.0,12.45,17.0,17.0,5.0,12.49,2200.0
2006-05-26,2006-06-29,OPTSTK,BPCL,450.0,CA,12.0,12.0,6.25,9.95,9.95,4.0,10.09,2200.0
2006-05-26,2006-06-29,OPTSTK,BPCL,460.0,CA,0.0,0.0,0.0,13.2,14.85,0.0,0.0,0.0
2006-05-26,2006-06-29,OPTSTK,BPCL,470.0,CA,0.0,0.0,0.0,16.0,12.3,0.0,0.0,0.0
2006-05-26,2006-06-29,OPTSTK,BPCL,480.0,CA,0.0,0.0,0.0,26.55,10.1,0.0,0.0,0.0
2006-05-26,2006-06-29,OPTSTK,BPCL,490.0,CA,0.0,0.0,0.0,22.8,8.2,0.0,0.0,0.0
2006-05-26,2006-06-29,OPTSTK,BPCL,500.0,CA,0.0,0.0,0.0,29.05,6.65,0.0,0.0,0.0
2006-05-26,2006-06-29,OPTSTK,BPCL,510.0,CA,0.0,0.0,0.0,25.25,5.35,0.0,0.0,0.0
2006-05-26,2006-06-29,OPTSTK,BPCL,360.0,PA,0.0,0.0,0.0,8.4,6.0,0.0,0.0,0.0
2006-05-26,2006-06-29,OPTSTK,BPCL,370.0,PA,0.0,0.0,0.0,10.25,8.1,0.0,0.0,0.0
2006-05-26,2006-06-29,OPTSTK,BPCL,380.0,PA,0.0,0.0,0.0,12.1,10.75,0.0,0.0,0.0
2006-05-26,2006-06-29,OPTSTK,BPCL,390.0,PA,0.0,0.0,0.0,8.0,13.9,0.0,0.0,0.0
2006-05-26,2006-06-29,OPTSTK,BPCL,400.0,PA,0.0,0.0,0.0,10.9,17.6,0.0,0.0,0.0
2006-05-26,2006-06-29,OPTSTK,BPCL,410.0,PA,0.0,0.0,0.0,14.5,21.9,0.0,0.0,0.0
2006-05-26,2006-06-29,OPTSTK,BPCL,420.0,PA,0.0,0.0,0.0,18.75,26.7,0.0,0.0,0.0
2006-05-26,2006-06-29,OPTSTK,BPCL,430.0,PA,0.0,0.0,0.0,23.7,32.1,0.0,0.0,0.0
2006-05-26,2006-06-29,OPTSTK,BPCL,440.0,PA,0.0,0.0,0.0,29.35,38.05,0.0,0.0,0.0
2006-05-26,2006-06-29,OPTSTK,BPCL,450.0,PA,0.0,0.0,0.0,35.55,44.5,0.0,0.0,0.0
2006-05-26,2006-06-29,OPTSTK,BPCL,460.0,PA,0.0,0.0,0.0,38.4,51.4,0.0,0.0,0.0
2006-05-26,2006-06-29,OPTSTK,BPCL,470.0,PA,0.0,0.0,0.0,39.0,58.8,0.0,0.0,0.0
2006-05-26,2006-06-29,OPTSTK,BPCL,480.0,PA,0.0,0.0,0.0,39.0,66.5,0.0,0.0,0.0
2006-05-26,2006-06-29,OPTSTK,BPCL,490.0,PA,0.0,0.0,0.0,45.05,74.6,0.0,0.0,0.0
2006-05-26,2006-06-29,OPTSTK,BPCL,500.0,PA,0.0,0.0,0.0,42.2,82.95,0.0,0.0,0.0
2006-05-26,2006-06-29,OPTSTK,BPCL,510.0,PA,0.0,0.0,0.0,48.3,91.6,0.0,0.0,0.0
2006-05-26,2006-07-27,OPTSTK,BPCL,360.0,CA,0.0,0.0,0.0,51.65,76.7,0.0,0.0,0.0
2006-05-26,2006-07-27,OPTSTK,BPCL,370.0,CA,0.0,0.0,0.0,50.9,69.65,0.0,0.0,0.0
2006-05-26,2006-07-27,OPTSTK,BPCL,380.0,CA,0.0,0.0,0.0,50.25,63.0,0.0,0.0,0.0
2006-05-26,2006-07-27,OPTSTK,BPCL,390.0,CA,0.0,0.0,0.0,53.45,56.85,0.0,0.0,0.0
2006-05-26,2006-07-27,OPTSTK,BPCL,400.0,CA,0.0,0.0,0.0,54.6,51.05,0.0,0.0,0.0
2006-05-26,2006-07-27,OPTSTK,BPCL,410.0,CA,0.0,0.0,0.0,52.35,45.7,0.0,0.0,0.0
2006-05-26,2006-07-27,OPTSTK,BPCL,420.0,CA,0.0,0.0,0.0,46.55,40.8,0.0,0.0,0.0
2006-05-26,2006-07-27,OPTSTK,BPCL,430.0,CA,0.0,0.0,0.0,41.2,36.3,0.0,0.0,0.0
2006-05-26,2006-07-27,OPTSTK,BPCL,440.0,CA,0.0,0.0,0.0,36.3,32.2,0.0,0.0,0.0
2006-05-26,2006-07-27,OPTSTK,BPCL,450.0,CA,0.0,0.0,0.0,31.85,28.45,0.0,0.0,0.0
2006-05-26,2006-07-27,OPTSTK,BPCL,460.0,CA,0.0,0.0,0.0,27.85,25.05,0.0,0.0,0.0
2006-05-26,2006-07-27,OPTSTK,BPCL,470.0,CA,0.0,0.0,0.0,24.2,22.0,0.0,0.0,0.0
2006-05-26,2006-07-27,OPTSTK,BPCL,480.0,CA,0.0,0.0,0.0,25.4,19.3,0.0,0.0,0.0
2006-05-26,2006-07-27,OPTSTK,BPCL,490.0,CA,0.0,0.0,0.0,42.25,16.9,0.0,0.0,0.0
2006-05-26,2006-07-27,OPTSTK,BPCL,500.0,CA,0.0,0.0,0.0,37.95,14.75,0.0,0.0,0.0
2006-05-26,2006-07-27,OPTSTK,BPCL,510.0,CA,0.0,0.0,0.0,34.0,12.8,0.0,0.0,0.0
2006-05-26,2006-07-27,OPTSTK,BPCL,360.0,PA,0.0,0.0,0.0,13.6,12.0,0.0,0.0,0.0
2006-05-26,2006-07-27,OPTSTK,BPCL,370.0,PA,0.0,0.0,0.0,15.6,14.85,0.0,0.0,0.0
2006-05-26,2006-07-27,OPTSTK,BPCL,380.0,PA,0.0,0.0,0.0,17.75,18.1,0.0,0.0,0.0
2006-05-26,2006-07-27,OPTSTK,BPCL,390.0,PA,0.0,0.0,0.0,19.7,21.8,0.0,0.0,0.0
2006-05-26,2006-07-27,OPTSTK,BPCL,400.0,PA,0.0,0.0,0.0,18.25,25.95,0.0,0.0,0.0
2006-05-26,2006-07-27,OPTSTK,BPCL,410.0,PA,0.0,0.0,0.0,19.6,30.5,0.0,0.0,0.0
2006-05-26,2006-07-27,OPTSTK,BPCL,420.0,PA,0.0,0.0,0.0,23.6,35.45,0.0,0.0,0.0
2006-05-26,2006-07-27,OPTSTK,BPCL,430.0,PA,0.0,0.0,0.0,28.1,40.8,0.0,0.0,0.0
2006-05-26,2006-07-27,OPTSTK,BPCL,440.0,PA,0.0,0.0,0.0,33.0,46.6,0.0,0.0,0.0
2006-05-26,2006-07-27,OPTSTK,BPCL,450.0,PA,0.0,0.0,0.0,38.4,52.75,0.0,0.0,0.0
2006-05-26,2006-07-27,OPTSTK,BPCL,460.0,PA,0.0,0.0,0.0,44.2,59.25,0.0,0.0,0.0
2006-05-26,2006-07-27,OPTSTK,BPCL,470.0,PA,0.0,0.0,0.0,50.45,66.1,0.0,0.0,0.0
2006-05-26,2006-07-27,OPTSTK,BPCL,480.0,PA,0.0,0.0,0.0,44.05,73.25,0.0,0.0,0.0
2006-05-26,2006-07-27,OPTSTK,BPCL,490.0,PA,0.0,0.0,0.0,42.95,80.75,0.0,0.0,0.0
2006-05-26,2006-07-27,OPTSTK,BPCL,500.0,PA,0.0,0.0,0.0,48.5,88.45,0.0,0.0,0.0
2006-05-26,2006-07-27,OPTSTK,BPCL,510.0,PA,0.0,0.0,0.0,54.4,96.4,0.0,0.0,0.0
2006-05-26,2006-08-31,OPTSTK,BPCL,390.0,CA,0.0,0.0,0.0,69.9,66.85,0.0,0.0,0.0
2006-05-26,2006-08-31,OPTSTK,BPCL,400.0,CA,0.0,0.0,0.0,64.45,61.4,0.0,0.0,0.0
2006-05-26,2006-08-31,OPTSTK,BPCL,410.0,CA,0.0,0.0,0.0,59.3,56.3,0.0,0.0,0.0
2006-05-26,2006-08-31,OPTSTK,BPCL,420.0,CA,0.0,0.0,0.0,54.5,51.5,0.0,0.0,0.0
2006-05-26,2006-08-31,OPTSTK,BPCL,430.0,CA,0.0,0.0,0.0,50.0,47.05,0.0,0.0,0.0
2006-05-26,2006-08-31,OPTSTK,BPCL,440.0,CA,0.0,0.0,0.0,45.8,42.95,0.0,0.0,0.0
2006-05-26,2006-08-31,OPTSTK,BPCL,450.0,CA,0.0,0.0,0.0,41.9,39.1,0.0,0.0,0.0
2006-05-26,2006-08-31,OPTSTK,BPCL,390.0,PA,0.0,0.0,0.0,30.15,29.35,0.0,0.0,0.0
2006-05-26,2006-08-31,OPTSTK,BPCL,400.0,PA,0.0,0.0,0.0,34.55,33.75,0.0,0.0,0.0
2006-05-26,2006-08-31,OPTSTK,BPCL,410.0,PA,0.0,0.0,0.0,39.2,38.45,0.0,0.0,0.0
2006-05-26,2006-08-31,OPTSTK,BPCL,420.0,PA,0.0,0.0,0.0,44.2,43.45,0.0,0.0,0.0
2006-05-26,2006-08-31,OPTSTK,BPCL,430.0,PA,0.0,0.0,0.0,49.55,48.85,0.0,0.0,0.0
2006-05-26,2006-08-31,OPTSTK,BPCL,440.0,PA,0.0,0.0,0.0,55.15,54.5,0.0,0.0,0.0
2006-05-26,2006-08-31,OPTSTK,BPCL,450.0,PA,0.0,0.0,0.0,61.05,60.5,0.0,0.0,0.0
2006-05-26,2006-06-29,OPTSTK,CANBK,190.0,CA,0.0,0.0,0.0,28.85,44.65,0.0,0.0,0.0
2006-05-26,2006-06-29,OPTSTK,CANBK,195.0,CA,0.0,0.0,0.0,26.15,41.15,0.0,0.0,0.0
2006-05-26,2006-06-29,OPTSTK,CANBK,200.0,CA,0.0,0.0,0.0,23.6,37.85,0.0,0.0,0.0
2006-05-26,2006-06-29,OPTSTK,CANBK,205.0,CA,0.0,0.0,0.0,33.4,34.7,0.0,0.0,0.0
2006-05-26,2006-06-29,OPTSTK,CANBK,210.0,CA,0.0,0.0,0.0,30.65,31.75,0.0,0.0,0.0
2006-05-26,2006-06-29,OPTSTK,CANBK,215.0,CA,0.0,0.0,0.0,28.05,29.0,0.0,0.0,0.0
2006-05-26,2006-06-29,OPTSTK,CANBK,220.0,CA,0.0,0.0,0.0,44.55,26.4,0.0,0.0,0.0
2006-05-26,2006-06-29,OPTSTK,CANBK,225.0,CA,0.0,0.0,0.0,32.1,24.0,0.0,0.0,0.0
2006-05-26,2006-06-29,OPTSTK,CANBK,230.0,CA,0.0,0.0,0.0,21.25,21.75,0.0,0.0,1600.0
2006-05-26,2006-06-29,OPTSTK,CANBK,235.0,CA,0.0,0.0,0.0,29.35,19.7,0.0,0.0,0.0
2006-05-26,2006-06-29,OPTSTK,CANBK,240.0,CA,0.0,0.0,0.0,49.0,17.8,0.0,0.0,0.0
2006-05-26,2006-06-29,OPTSTK,CANBK,245.0,CA,0.0,0.0,0.0,24.3,16.0,0.0,0.0,0.0
2006-05-26,2006-06-29,OPTSTK,CANBK,250.0,CA,0.0,0.0,0.0,43.05,14.4,0.0,0.0,0.0
2006-05-26,2006-06-29,OPTSTK,CANBK,255.0,CA,0.0,0.0,0.0,19.95,12.95,0.0,0.0,0.0
2006-05-26,2006-06-29,OPTSTK,CANBK,260.0,CA,0.0,0.0,0.0,37.65,11.6,0.0,0.0,0.0
2006-05-26,2006-06-29,OPTSTK,CANBK,265.0,CA,0.0,0.0,0.0,16.15,10.4,0.0,0.0,0.0
2006-05-26,2006-06-29,OPTSTK,CANBK,270.0,CA,0.0,0.0,0.0,32.75,9.3,0.0,0.0,0.0
2006-05-26,2006-06-29,OPTSTK,CANBK,280.0,CA,0.0,0.0,0.0,28.35,7.4,0.0,0.0,0.0
2006-05-26,2006-06-29,OPTSTK,CANBK,290.0,CA,0.0,0.0,0.0,24.5,5.85,0.0,0.0,0.0
2006-05-26,2006-06-29,OPTSTK,CANBK,300.0,CA,0.0,0.0,0.0,21.05,4.6,0.0,0.0,0.0
2006-05-26,2006-06-29,OPTSTK,CANBK,310.0,CA,0.0,0.0,0.0,15.9,3.6,0.0,0.0,0.0
2006-05-26,2006-06-29,OPTSTK,CANBK,190.0,PA,0.0,0.0,0.0,13.55,7.3,0.0,0.0,0.0
2006-05-26,2006-06-29,OPTSTK,CANBK,195.0,PA,0.0,0.0,0.0,15.8,8.8,0.0,0.0,0.0
2006-05-26,2006-06-29,OPTSTK,CANBK,200.0,PA,0.0,0.0,0.0,18.25,10.45,0.0,0.0,0.0
2006-05-26,2006-06-29,OPTSTK,CANBK,205.0,PA,0.0,0.0,0.0,14.7,12.25,0.0,0.0,0.0
2006-05-26,2006-06-29,OPTSTK,CANBK,210.0,PA,0.0,0.0,0.0,16.85,14.3,0.0,0.0,0.0
2006-05-26,2006-06-29,OPTSTK,CANBK,215.0,PA,0.0,0.0,0.0,19.25,16.5,0.0,0.0,0.0
2006-05-26,2006-06-29,OPTSTK,CANBK,220.0,PA,0.0,0.0,0.0,8.6,18.85,0.0,0.0,0.0
2006-05-26,2006-06-29,OPTSTK,CANBK,225.0,PA,0.0,0.0,0.0,16.5,21.4,0.0,0.0,0.0
2006-05-26,2006-06-29,OPTSTK,CANBK,230.0,PA,0.0,0.0,0.0,8.95,24.15,0.0,0.0,0.0
2006-05-26,2006-06-29,OPTSTK,CANBK,235.0,PA,0.0,0.0,0.0,16.4,27.05,0.0,0.0,0.0
2006-05-26,2006-06-29,OPTSTK,CANBK,240.0,PA,0.0,0.0,0.0,14.2,30.1,0.0,0.0,0.0
2006-05-26,2006-06-29,OPTSTK,CANBK,245.0,PA,0.0,0.0,0.0,21.25,33.35,0.0,0.0,0.0
2006-05-26,2006-06-29,OPTSTK,CANBK,250.0,PA,0.0,0.0,0.0,18.0,36.7,0.0,0.0,0.0
2006-05-26,2006-06-29,OPTSTK,CANBK,255.0,PA,0.0,0.0,0.0,26.75,40.2,0.0,0.0,0.0
2006-05-26,2006-06-29,OPTSTK,CANBK,260.0,PA,0.0,0.0,0.0,22.4,43.8,0.0,0.0,0.0
2006-05-26,2006-06-29,OPTSTK,CANBK,265.0,PA,0.0,0.0,0.0,29.05,47.6,0.0,0.0,0.0
2006-05-26,2006-06-29,OPTSTK,CANBK,270.0,PA,0.0,0.0,0.0,27.3,51.45,0.0,0.0,0.0
2006-05-26,2006-06-29,OPTSTK,CANBK,280.0,PA,0.0,0.0,0.0,32.7,59.5,0.0,0.0,0.0
2006-05-26,2006-06-29,OPTSTK,CANBK,290.0,PA,0.0,0.0,0.0,38.6,67.9,0.0,0.0,0.0
2006-05-26,2006-06-29,OPTSTK,CANBK,300.0,PA,0.0,0.0,0.0,44.95,76.55,0.0,0.0,0.0
2006-05-26,2006-06-29,OPTSTK,CANBK,310.0,PA,0.0,0.0,0.0,45.15,85.5,0.0,0.0,0.0
2006-05-26,2006-07-27,OPTSTK,CANBK,190.0,CA,0.0,0.0,0.0,35.55,51.3,0.0,0.0,0.0
2006-05-26,2006-07-27,OPTSTK,CANBK,195.0,CA,0.0,0.0,0.0,33.0,48.15,0.0,0.0,0.0
2006-05-26,2006-07-27,OPTSTK,CANBK,200.0,CA,0.0,0.0,0.0,30.6,45.2,0.0,0.0,0.0
2006-05-26,2006-07-27,OPTSTK,CANBK,205.0,CA,0.0,0.0,0.0,40.45,42.35,0.0,0.0,0.0
2006-05-26,2006-07-27,OPTSTK,CANBK,210.0,CA,0.0,0.0,0.0,37.85,39.65,0.0,0.0,0.0
2006-05-26,2006-07-27,OPTSTK,CANBK,215.0,CA,0.0,0.0,0.0,35.4,37.1,0.0,0.0,0.0
2006-05-26,2006-07-27,OPTSTK,CANBK,220.0,CA,0.0,0.0,0.0,47.25,34.65,0.0,0.0,0.0
2006-05-26,2006-07-27,OPTSTK,CANBK,225.0,CA,0.0,0.0,0.0,39.3,32.4,0.0,0.0,0.0
2006-05-26,2006-07-27,OPTSTK,CANBK,230.0,CA,0.0,0.0,0.0,36.2,30.2,0.0,0.0,0.0
2006-05-26,2006-07-27,OPTSTK,CANBK,235.0,CA,0.0,0.0,0.0,33.4,28.15,0.0,0.0,0.0
2006-05-26,2006-07-27,OPTSTK,CANBK,240.0,CA,0.0,0.0,0.0,30.75,26.25,0.0,0.0,0.0
2006-05-26,2006-07-27,OPTSTK,CANBK,245.0,CA,0.0,0.0,0.0,28.3,24.45,0.0,0.0,0.0
2006-05-26,2006-07-27,OPTSTK,CANBK,250.0,CA,0.0,0.0,0.0,25.95,22.75,0.0,0.0,0.0
2006-05-26,2006-07-27,OPTSTK,CANBK,255.0,CA,0.0,0.0,0.0,23.8,21.15,0.0,0.0,0.0
2006-05-26,2006-07-27,OPTSTK,CANBK,260.0,CA,0.0,0.0,0.0,21.75,19.65,0.0,0.0,0.0
2006-05-26,2006-07-27,OPTSTK,CANBK,270.0,CA,0.0,0.0,0.0,20.85,16.95,0.0,0.0,0.0
2006-05-26,2006-07-27,OPTSTK,CANBK,280.0,CA,0.0,0.0,0.0,17.4,14.6,0.0,0.0,0.0
2006-05-26,2006-07-27,OPTSTK,CANBK,290.0,CA,0.0,0.0,0.0,17.65,12.5,0.0,0.0,0.0
2006-05-26,2006-07-27,OPTSTK,CANBK,300.0,CA,0.0,0.0,0.0,15.9,10.75,0.0,0.0,0.0
2006-05-26,2006-07-27,OPTSTK,CANBK,310.0,CA,0.0,0.0,0.0,13.9,9.2,0.0,0.0,0.0
2006-05-26,2006-07-27,OPTSTK,CANBK,190.0,PA,0.0,0.0,0.0,19.25,12.95,0.0,0.0,0.0
2006-05-26,2006-07-27,OPTSTK,CANBK,195.0,PA,0.0,0.0,0.0,21.65,14.8,0.0,0.0,0.0
2006-05-26,2006-07-27,OPTSTK,CANBK,200.0,PA,0.0,0.0,0.0,24.2,16.75,0.0,0.0,0.0
2006-05-26,2006-07-27,OPTSTK,CANBK,205.0,PA,0.0,0.0,0.0,20.65,18.85,0.0,0.0,0.0
2006-05-26,2006-07-27,OPTSTK,CANBK,210.0,PA,0.0,0.0,0.0,23.0,21.1,0.0,0.0,0.0
2006-05-26,2006-07-27,OPTSTK,CANBK,215.0,PA,0.0,0.0,0.0,25.45,23.5,0.0,0.0,0.0
2006-05-26,2006-07-27,OPTSTK,CANBK,220.0,PA,0.0,0.0,0.0,9.4,26.0,0.0,0.0,0.0
2006-05-26,2006-07-27,OPTSTK,CANBK,225.0,PA,0.0,0.0,0.0,22.55,28.65,0.0,0.0,0.0
2006-05-26,2006-07-27,OPTSTK,CANBK,230.0,PA,0.0,0.0,0.0,15.15,31.45,0.0,0.0,0.0
2006-05-26,2006-07-27,OPTSTK,CANBK,235.0,PA,0.0,0.0,0.0,17.3,34.3,0.0,0.0,0.0
2006-05-26,2006-07-27,OPTSTK,CANBK,240.0,PA,0.0,0.0,0.0,19.55,37.35,0.0,0.0,0.0
2006-05-26,2006-07-27,OPTSTK,CANBK,245.0,PA,0.0,0.0,0.0,22.0,40.45,0.0,0.0,0.0
2006-05-26,2006-07-27,OPTSTK,CANBK,250.0,PA,0.0,0.0,0.0,24.6,43.7,0.0,0.0,0.0
2006-05-26,2006-07-27,OPTSTK,CANBK,255.0,PA,0.0,0.0,0.0,27.35,47.05,0.0,0.0,0.0
2006-05-26,2006-07-27,OPTSTK,CANBK,260.0,PA,0.0,0.0,0.0,30.2,50.5,0.0,0.0,0.0
2006-05-26,2006-07-27,OPTSTK,CANBK,270.0,PA,0.0,0.0,0.0,32.15,57.7,0.0,0.0,0.0
2006-05-26,2006-07-27,OPTSTK,CANBK,280.0,PA,0.0,0.0,0.0,38.5,65.2,0.0,0.0,0.0
2006-05-26,2006-07-27,OPTSTK,CANBK,290.0,PA,0.0,0.0,0.0,40.3,73.05,0.0,0.0,0.0
2006-05-26,2006-07-27,OPTSTK,CANBK,300.0,PA,0.0,0.0,0.0,43.65,81.15,0.0,0.0,0.0
2006-05-26,2006-07-27,OPTSTK,CANBK,310.0,PA,0.0,0.0,0.0,43.85,89.5,0.0,0.0,0.0
2006-05-26,2006-08-31,OPTSTK,CANBK,205.0,CA,0.0,0.0,0.0,45.95,49.95,0.0,0.0,0.0
2006-05-26,2006-08-31,OPTSTK,CANBK,210.0,CA,0.0,0.0,0.0,43.6,47.45,0.0,0.0,0.0
2006-05-26,2006-08-31,OPTSTK,CANBK,215.0,CA,0.0,0.0,0.0,41.35,45.0,0.0,0.0,0.0
2006-05-26,2006-08-31,OPTSTK,CANBK,220.0,CA,0.0,0.0,0.0,39.2,42.75,0.0,0.0,0.0
2006-05-26,2006-08-31,OPTSTK,CANBK,225.0,CA,0.0,0.0,0.0,37.15,40.55,0.0,0.0,0.0
2006-05-26,2006-08-31,OPTSTK,CANBK,230.0,CA,0.0,0.0,0.0,35.2,38.45,0.0,0.0,0.0
2006-05-26,2006-08-31,OPTSTK,CANBK,235.0,CA,0.0,0.0,0.0,33.35,36.45,0.0,0.0,0.0
2006-05-26,2006-08-31,OPTSTK,CANBK,240.0,CA,0.0,0.0,0.0,0.0,0.0,0.0,0.0,0.0
2006-05-26,2006-08-31,OPTSTK,CANBK,205.0,PA,0.0,0.0,0.0,28.1,25.15,0.0,0.0,0.0
2006-05-26,2006-08-31,OPTSTK,CANBK,210.0,PA,0.0,0.0,0.0,30.65,27.55,0.0,0.0,0.0
2006-05-26,2006-08-31,OPTSTK,CANBK,215.0,PA,0.0,0.0,0.0,33.3,30.05,0.0,0.0,0.0
2006-05-26,2006-08-31,OPTSTK,CANBK,220.0,PA,0.0,0.0,0.0,36.05,32.65,0.0,0.0,0.0
2006-05-26,2006-08-31,OPTSTK,CANBK,225.0,PA,0.0,0.0,0.0,38.95,35.35,0.0,0.0,0.0
2006-05-26,2006-08-31,OPTSTK,CANBK,230.0,PA,0.0,0.0,0.0,41.9,38.2,0.0,0.0,0.0
2006-05-26,2006-08-31,OPTSTK,CANBK,235.0,PA,0.0,0.0,0.0,44.95,41.1,0.0,0.0,0.0
2006-05-26,2006-08-31,OPTSTK,CANBK,240.0,PA,0.0,0.0,0.0,0.0,0.0,0.0,0.0,0.0
2006-05-26,2006-06-29,OPTSTK,CENTURYTEX,370.0,CA,0.0,0.0,0.0,69.8,103.7,0.0,0.0,0.0
2006-05-26,2006-06-29,OPTSTK,CENTURYTEX,380.0,CA,0.0,0.0,0.0,64.65,97.7,0.0,0.0,0.0
2006-05-26,2006-06-29,OPTSTK,CENTURYTEX,390.0,CA,0.0,0.0,0.0,67.45,92.0,0.0,0.0,0.0
2006-05-26,2006-06-29,OPTSTK,CENTURYTEX,400.0,CA,0.0,0.0,0.0,62.2,86.55,0.0,0.0,0.0
2006-05-26,2006-06-29,OPTSTK,CENTURYTEX,410.0,CA,0.0,0.0,0.0,57.25,81.35,0.0,0.0,0.0
2006-05-26,2006-06-29,OPTSTK,CENTURYTEX,420.0,CA,41.05,41.05,41.05,41.05,41.05,1.0,3.91,2550.0
2006-05-26,2006-06-29,OPTSTK,CENTURYTEX,430.0,CA,0.0,0.0,0.0,48.3,71.75,0.0,0.0,0.0
2006-05-26,2006-06-29,OPTSTK,CENTURYTEX,440.0,CA,45.0,45.0,36.25,39.9,39.9,10.0,40.72,9350.0
2006-05-26,2006-06-29,OPTSTK,CENTURYTEX,450.0,CA,0.0,0.0,0.0,40.55,63.1,0.0,0.0,0.0
2006-05-26,2006-06-29,OPTSTK,CENTURYTEX,460.0,CA,39.0,39.0,25.0,25.0,25.0,2.0,8.36,850.0
2006-05-26,2006-06-29,OPTSTK,CENTURYTEX,470.0,CA,0.0,0.0,0.0,51.85,55.4,0.0,0.0,0.0
2006-05-26,2006-06-29,OPTSTK,CENTURYTEX,480.0,CA,18.0,18.0,18.0,18.0,18.0,1.0,4.23,850.0
2006-05-26,2006-06-29,OPTSTK,CENTURYTEX,490.0,CA,0.0,0.0,0.0,61.9,48.5,0.0,0.0,0.0
2006-05-26,2006-06-29,OPTSTK,CENTURYTEX,500.0,CA,11.15,12.0,11.0,11.0,11.0,4.0,17.38,3400.0
2006-05-26,2006-06-29,OPTSTK,CENTURYTEX,510.0,CA,0.0,0.0,0.0,53.95,42.4,0.0,0.0,0.0
2006-05-26,2006-06-29,OPTSTK,CENTURYTEX,520.0,CA,0.0,0.0,0.0,53.65,39.65,0.0,0.0,0.0
2006-05-26,2006-06-29,OPTSTK,CENTURYTEX,540.0,CA,10.0,14.0,10.0,14.0,14.0,2.0,9.38,850.0
2006-05-26,2006-06-29,OPTSTK,CENTURYTEX,560.0,CA,0.0,0.0,0.0,43.6,30.15,0.0,0.0,0.0
2006-05-26,2006-06-29,OPTSTK,CENTURYTEX,580.0,CA,0.0,0.0,0.0,38.9,26.25,0.0,0.0,0.0
2006-05-26,2006-06-29,OPTSTK,CENTURYTEX,600.0,CA,0.0,0.0,0.0,40.5,22.85,0.0,0.0,0.0
2006-05-26,2006-06-29,OPTSTK,CENTURYTEX,620.0,CA,0.0,0.0,0.0,36.6,19.85,0.0,0.0,0.0
2006-05-26,2006-06-29,OPTSTK,CENTURYTEX,640.0,CA,0.0,0.0,0.0,15.0,17.25,0.0,0.0,850.0
2006-05-26,2006-06-29,OPTSTK,CENTURYTEX,660.0,CA,0.0,0.0,0.0,45.8,14.95,0.0,0.0,0.0
2006-05-26,2006-06-29,OPTSTK,CENTURYTEX,680.0,CA,0.0,0.0,0.0,73.35,13.0,0.0,0.0,0.0
2006-05-26,2006-06-29,OPTSTK,CENTURYTEX,700.0,CA,0.0,0.0,0.0,65.5,11.25,0.0,0.0,0.0
2006-05-26,2006-06-29,OPTSTK,CENTURYTEX,720.0,CA,0.0,0.0,0.0,58.35,9.8,0.0,0.0,0.0
2006-05-26,2006-06-29,OPTSTK,CENTURYTEX,370.0,PA,0.0,0.0,0.0,36.25,30.45,0.0,0.0,0.0
2006-05-26,2006-06-29,OPTSTK,CENTURYTEX,380.0,PA,0.0,0.0,0.0,41.05,34.35,0.0,0.0,0.0
2006-05-26,2006-06-29,OPTSTK,CENTURYTEX,390.0,PA,0.0,0.0,0.0,32.75,38.6,0.0,0.0,0.0
2006-05-26,2006-06-29,OPTSTK,CENTURYTEX,400.0,PA,0.0,0.0,0.0,37.3,43.1,0.0,0.0,0.0
2006-05-26,2006-06-29,OPTSTK,CENTURYTEX,410.0,PA,0.0,0.0,0.0,42.15,47.85,0.0,0.0,0.0
2006-05-26,2006-06-29,OPTSTK,CENTURYTEX,420.0,PA,0.0,0.0,0.0,47.3,52.85,0.0,0.0,0.0
2006-05-26,2006-06-29,OPTSTK,CENTURYTEX,430.0,PA,0.0,0.0,0.0,52.75,58.1,0.0,0.0,0.0
2006-05-26,2006-06-29,OPTSTK,CENTURYTEX,440.0,PA,0.0,0.0,0.0,58.55,63.6,0.0,0.0,0.0
2006-05-26,2006-06-29,OPTSTK,CENTURYTEX,450.0,PA,0.0,0.0,0.0,64.6,69.35,0.0,0.0,0.0
2006-05-26,2006-06-29,OPTSTK,CENTURYTEX,460.0,PA,0.0,0.0,0.0,61.65,75.3,0.0,0.0,0.0
2006-05-26,2006-06-29,OPTSTK,CENTURYTEX,470.0,PA,0.0,0.0,0.0,67.45,81.5,0.0,0.0,0.0
2006-05-26,2006-06-29,OPTSTK,CENTURYTEX,480.0,PA,0.0,0.0,0.0,67.95,87.9,0.0,0.0,0.0
2006-05-26,2006-06-29,OPTSTK,CENTURYTEX,490.0,PA,0.0,0.0,0.0,64.0,94.5,0.0,0.0,0.0
2006-05-26,2006-06-29,OPTSTK,CENTURYTEX,500.0,PA,0.0,0.0,0.0,69.7,101.3,0.0,0.0,0.0
2006-05-26,2006-06-29,OPTSTK,CENTURYTEX,510.0,PA,0.0,0.0,0.0,75.65,108.25,0.0,0.0,0.0
2006-05-26,2006-06-29,OPTSTK,CENTURYTEX,520.0,PA,0.0,0.0,0.0,74.8,115.4,0.0,0.0,0.0
2006-05-26,2006-06-29,OPTSTK,CENTURYTEX,540.0,PA,0.0,0.0,0.0,78.85,130.25,0.0,0.0,0.0
2006-05-26,2006-06-29,OPTSTK,CENTURYTEX,560.0,PA,0.0,0.0,0.0,91.7,145.7,0.0,0.0,0.0
2006-05-26,2006-06-29,OPTSTK,CENTURYTEX,580.0,PA,0.0,0.0,0.0,97.15,161.65,0.0,0.0,0.0
2006-05-26,2006-06-29,OPTSTK,CENTURYTEX,600.0,PA,0.0,0.0,0.0,96.7,178.15,0.0,0.0,0.0
2006-05-26,2006-06-29,OPTSTK,CENTURYTEX,620.0,PA,0.0,0.0,0.0,98.2,195.0,0.0,0.0,0.0
2006-05-26,2006-06-29,OPTSTK,CENTURYTEX,640.0,PA,0.0,0.0,0.0,94.15,212.25,0.0,0.0,0.0
2006-05-26,2006-06-29,OPTSTK,CENTURYTEX,660.0,PA,0.0,0.0,0.0,91.1,229.85,0.0,0.0,0.0
2006-05-26,2006-06-29,OPTSTK,CENTURYTEX,680.0,PA,0.0,0.0,0.0,85.65,247.75,0.0,0.0,0.0
2006-05-26,2006-06-29,OPTSTK,CENTURYTEX,700.0,PA,0.0,0.0,0.0,97.55,265.9,0.0,0.0,0.0
2006-05-26,2006-06-29,OPTSTK,CENTURYTEX,720.0,PA,0.0,0.0,0.0,110.2,284.3,0.0,0.0,0.0
2006-05-26,2006-07-27,OPTSTK,CENTURYTEX,370.0,CA,0.0,0.0,0.0,86.4,123.65,0.0,0.0,0.0
2006-05-26,2006-07-27,OPTSTK,CENTURYTEX,380.0,CA,0.0,0.0,0.0,81.65,118.35,0.0,0.0,0.0
2006-05-26,2006-07-27,OPTSTK,CENTURYTEX,390.0,CA,0.0,0.0,0.0,77.1,113.3,0.0,0.0,0.0
2006-05-26,2006-07-27,OPTSTK,CENTURYTEX,400.0,CA,0.0,0.0,0.0,72.8,108.4,0.0,0.0,0.0
2006-05-26,2006-07-27,OPTSTK,CENTURYTEX,410.0,CA,0.0,0.0,0.0,68.7,103.7,0.0,0.0,0.0
2006-05-26,2006-07-27,OPTSTK,CENTURYTEX,420.0,CA,0.0,0.0,0.0,64.8,99.2,0.0,0.0,0.0
2006-05-26,2006-07-27,OPTSTK,CENTURYTEX,430.0,CA,0.0,0.0,0.0,61.15,94.85,0.0,0.0,0.0
2006-05-26,2006-07-27,OPTSTK,CENTURYTEX,440.0,CA,0.0,0.0,0.0,101.1,90.75,0.0,0.0,0.0
2006-05-26,2006-07-27,OPTSTK,CENTURYTEX,450.0,CA,0.0,0.0,0.0,96.4,86.75,0.0,0.0,0.0
2006-05-26,2006-07-27,OPTSTK,CENTURYTEX,460.0,CA,0.0,0.0,0.0,103.05,82.95,0.0,0.0,0.0
2006-05-26,2006-07-27,OPTSTK,CENTURYTEX,470.0,CA,0.0,0.0,0.0,98.6,79.3,0.0,0.0,0.0
2006-05-26,2006-07-27,OPTSTK,CENTURYTEX,480.0,CA,0.0,0.0,0.0,98.55,75.8,0.0,0.0,0.0
2006-05-26,2006-07-27,OPTSTK,CENTURYTEX,490.0,CA,0.0,0.0,0.0,90.15,72.5,0.0,0.0,0.0
2006-05-26,2006-07-27,OPTSTK,CENTURYTEX,500.0,CA,0.0,0.0,0.0,87.35,69.3,0.0,0.0,0.0
2006-05-26,2006-07-27,OPTSTK,CENTURYTEX,510.0,CA,0.0,0.0,0.0,82.4,66.25,0.0,0.0,0.0
2006-05-26,2006-07-27,OPTSTK,CENTURYTEX,520.0,CA,0.0,0.0,0.0,98.85,63.3,0.0,0.0,0.0
2006-05-26,2006-07-27,OPTSTK,CENTURYTEX,540.0,CA,0.0,0.0,0.0,87.75,57.85,0.0,0.0,0.0
2006-05-26,2006-07-27,OPTSTK,CENTURYTEX,560.0,CA,0.0,0.0,0.0,77.55,52.85,0.0,0.0,0.0
2006-05-26,2006-07-27,OPTSTK,CENTURYTEX,580.0,CA,0.0,0.0,0.0,68.35,48.3,0.0,0.0,0.0
2006-05-26,2006-07-27,OPTSTK,CENTURYTEX,600.0,CA,0.0,0.0,0.0,60.05,44.15,0.0,0.0,0.0
2006-05-26,2006-07-27,OPTSTK,CENTURYTEX,620.0,CA,0.0,0.0,0.0,52.6,40.35,0.0,0.0,0.0
2006-05-26,2006-07-27,OPTSTK,CENTURYTEX,640.0,CA,0.0,0.0,0.0,45.9,36.9,0.0,0.0,0.0
2006-05-26,2006-07-27,OPTSTK,CENTURYTEX,660.0,CA,0.0,0.0,0.0,60.0,33.75,0.0,0.0,0.0
2006-05-26,2006-07-27,OPTSTK,CENTURYTEX,680.0,CA,0.0,0.0,0.0,91.1,30.9,0.0,0.0,0.0
2006-05-26,2006-07-27,OPTSTK,CENTURYTEX,700.0,CA,0.0,0.0,0.0,83.25,28.25,0.0,0.0,0.0
2006-05-26,2006-07-27,OPTSTK,CENTURYTEX,720.0,CA,0.0,0.0,0.0,76.0,25.85,0.0,0.0,0.0
2006-05-26,2006-07-27,OPTSTK,CENTURYTEX,370.0,PA,0.0,0.0,0.0,50.95,48.45,0.0,0.0,0.0
2006-05-26,2006-07-27,OPTSTK,CENTURYTEX,380.0,PA,0.0,0.0,0.0,56.05,53.05,0.0,0.0,0.0
2006-05-26,2006-07-27,OPTSTK,CENTURYTEX,390.0,PA,0.0,0.0,0.0,61.4,57.85,0.0,0.0,0.0
2006-05-26,2006-07-27,OPTSTK,CENTURYTEX,400.0,PA,0.0,0.0,0.0,66.95,62.85,0.0,0.0,0.0
2006-05-26,2006-07-27,OPTSTK,CENTURYTEX,410.0,PA,0.0,0.0,0.0,72.75,68.05,0.0,0.0,0.0
2006-05-26,2006-07-27,OPTSTK,CENTURYTEX,420.0,PA,0.0,0.0,0.0,78.75,73.45,0.0,0.0,0.0
2006-05-26,2006-07-27,OPTSTK,CENTURYTEX,430.0,PA,0.0,0.0,0.0,84.95,79.0,0.0,0.0,0.0
2006-05-26,2006-07-27,OPTSTK,CENTURYTEX,440.0,PA,0.0,0.0,0.0,63.95,84.75,0.0,0.0,0.0
2006-05-26,2006-07-27,OPTSTK,CENTURYTEX,450.0,PA,0.0,0.0,0.0,69.2,90.65,0.0,0.0,0.0
2006-05-26,2006-07-27,OPTSTK,CENTURYTEX,460.0,PA,0.0,0.0,0.0,72.05,96.75,0.0,0.0,0.0
2006-05-26,2006-07-27,OPTSTK,CENTURYTEX,470.0,PA,0.0,0.0,0.0,77.45,102.95,0.0,0.0,0.0
2006-05-26,2006-07-27,OPTSTK,CENTURYTEX,480.0,PA,0.0,0.0,0.0,36.65,109.35,0.0,0.0,0.0
2006-05-26,2006-07-27,OPTSTK,CENTURYTEX,490.0,PA,0.0,0.0,0.0,88.75,115.9,0.0,0.0,0.0
2006-05-26,2006-07-27,OPTSTK,CENTURYTEX,500.0,PA,0.0,0.0,0.0,45.15,122.6,0.0,0.0,0.0
2006-05-26,2006-07-27,OPTSTK,CENTURYTEX,510.0,PA,0.0,0.0,0.0,100.75,129.45,0.0,0.0,0.0
2006-05-26,2006-07-27,OPTSTK,CENTURYTEX,520.0,PA,0.0,0.0,0.0,37.95,136.4,0.0,0.0,0.0
2006-05-26,2006-07-27,OPTSTK,CENTURYTEX,540.0,PA,0.0,0.0,0.0,46.45,150.7,0.0,0.0,0.0
2006-05-26,2006-07-27,OPTSTK,CENTURYTEX,560.0,PA,0.0,0.0,0.0,55.95,165.5,0.0,0.0,0.0
2006-05-26,2006-07-27,OPTSTK,CENTURYTEX,580.0,PA,0.0,0.0,0.0,66.4,180.75,0.0,0.0,0.0
2006-05-26,2006-07-27,OPTSTK,CENTURYTEX,600.0,PA,0.0,0.0,0.0,77.75,196.35,0.0,0.0,0.0
2006-05-26,2006-07-27,OPTSTK,CENTURYTEX,620.0,PA,0.0,0.0,0.0,89.9,212.3,0.0,0.0,0.0
2006-05-26,2006-07-27,OPTSTK,CENTURYTEX,640.0,PA,0.0,0.0,0.0,102.9,228.65,0.0,0.0,0.0
2006-05-26,2006-07-27,OPTSTK,CENTURYTEX,660.0,PA,0.0,0.0,0.0,101.9,245.25,0.0,0.0,0.0
2006-05-26,2006-07-27,OPTSTK,CENTURYTEX,680.0,PA,0.0,0.0,0.0,99.85,262.15,0.0,0.0,0.0
2006-05-26,2006-07-27,OPTSTK,CENTURYTEX,700.0,PA,0.0,0.0,0.0,111.7,279.3,0.0,0.0,0.0
2006-05-26,2006-07-27,OPTSTK,CENTURYTEX,720.0,PA,0.0,0.0,0.0,124.15,296.65,0.0,0.0,0.0
2006-05-26,2006-08-31,OPTSTK,CENTURYTEX,400.0,CA,0.0,0.0,0.0,121.5,129.5,0.0,0.0,0.0
2006-05-26,2006-08-31,OPTSTK,CENTURYTEX,410.0,CA,0.0,0.0,0.0,117.45,125.2,0.0,0.0,0.0
2006-05-26,2006-08-31,OPTSTK,CENTURYTEX,420.0,CA,0.0,0.0,0.0,113.55,121.05,0.0,0.0,0.0
2006-05-26,2006-08-31,OPTSTK,CENTURYTEX,430.0,CA,0.0,0.0,0.0,109.8,117.0,0.0,0.0,0.0
2006-05-26,2006-08-31,OPTSTK,CENTURYTEX,440.0,CA,0.0,0.0,0.0,106.15,113.15,0.0,0.0,0.0
2006-05-26,2006-08-31,OPTSTK,CENTURYTEX,450.0,CA,0.0,0.0,0.0,102.65,109.4,0.0,0.0,0.0
2006-05-26,2006-08-31,OPTSTK,CENTURYTEX,460.0,CA,0.0,0.0,0.0,99.3,105.8,0.0,0.0,0.0
2006-05-26,2006-08-31,OPTSTK,CENTURYTEX,470.0,CA,0.0,0.0,0.0,0.0,0.0,0.0,0.0,0.0
2006-05-26,2006-08-31,OPTSTK,CENTURYTEX,400.0,PA,0.0,0.0,0.0,88.95,81.4,0.0,0.0,0.0
2006-05-26,2006-08-31,OPTSTK,CENTURYTEX,410.0,PA,0.0,0.0,0.0,94.7,86.9,0.0,0.0,0.0
2006-05-26,2006-08-31,OPTSTK,CENTURYTEX,420.0,PA,0.0,0.0,0.0,100.6,92.6,0.0,0.0,0.0
2006-05-26,2006-08-31,OPTSTK,CENTURYTEX,430.0,PA,0.0,0.0,0.0,106.7,98.4,0.0,0.0,0.0
2006-05-26,2006-08-31,OPTSTK,CENTURYTEX,440.0,PA,0.0,0.0,0.0,112.85,104.35,0.0,0.0,0.0
2006-05-26,2006-08-31,OPTSTK,CENTURYTEX,450.0,PA,0.0,0.0,0.0,119.2,110.4,0.0,0.0,0.0
2006-05-26,2006-08-31,OPTSTK,CENTURYTEX,460.0,PA,0.0,0.0,0.0,125.6,116.65,0.0,0.0,0.0
2006-05-26,2006-08-31,OPTSTK,CENTURYTEX,470.0,PA,0.0,0.0,0.0,0.0,0.0,0.0,0.0,0.0
2006-05-26,2006-06-29,OPTSTK,CESC,250.0,CA,0.0,0.0,0.0,35.5,43.25,0.0,0.0,0.0
2006-05-26,2006-06-29,OPTSTK,CESC,260.0,CA,0.0,0.0,0.0,40.3,35.9,0.0,0.0,0.0
2006-05-26,2006-06-29,OPTSTK,CESC,270.0,CA,0.0,0.0,0.0,38.8,29.3,0.0,0.0,0.0
2006-05-26,2006-06-29,OPTSTK,CESC,280.0,CA,0.0,0.0,0.0,31.05,23.55,0.0,0.0,0.0
2006-05-26,2006-06-29,OPTSTK,CESC,290.0,CA,0.0,0.0,0.0,46.25,18.6,0.0,0.0,0.0
2006-05-26,2006-06-29,OPTSTK,CESC,300.0,CA,0.0,0.0,0.0,49.2,14.5,0.0,0.0,0.0
2006-05-26,2006-06-29,OPTSTK,CESC,310.0,CA,20.0,20.0,20.0,20.0,20.0,1.0,3.63,1100.0
2006-05-26,2006-06-29,OPTSTK,CESC,320.0,CA,0.0,0.0,0.0,42.6,8.4,0.0,0.0,0.0
2006-05-26,2006-06-29,OPTSTK,CESC,330.0,CA,0.0,0.0,0.0,37.1,6.25,0.0,0.0,0.0
2006-05-26,2006-06-29,OPTSTK,CESC,340.0,CA,0.0,0.0,0.0,32.15,4.6,0.0,0.0,0.0
2006-05-26,2006-06-29,OPTSTK,CESC,350.0,CA,0.0,0.0,0.0,27.7,3.35,0.0,0.0,0.0
2006-05-26,2006-06-29,OPTSTK,CESC,360.0,CA,0.0,0.0,0.0,23.75,2.4,0.0,0.0,0.0
2006-05-26,2006-06-29,OPTSTK,CESC,370.0,CA,0.0,0.0,0.0,20.25,1.7,0.0,0.0,0.0
2006-05-26,2006-06-29,OPTSTK,CESC,380.0,CA,0.0,0.0,0.0,23.3,1.2,0.0,0.0,0.0
2006-05-26,2006-06-29,OPTSTK,CESC,390.0,CA,0.0,0.0,0.0,20.05,0.85,0.0,0.0,0.0
2006-05-26,2006-06-29,OPTSTK,CESC,250.0,PA,0.0,0.0,0.0,7.35,4.95,0.0,0.0,0.0
2006-05-26,2006-06-29,OPTSTK,CESC,260.0,PA,0.0,0.0,0.0,7.4,7.5,0.0,0.0,0.0
2006-05-26,2006-06-29,OPTSTK,CESC,270.0,PA,0.0,0.0,0.0,3.05,10.85,0.0,0.0,0.0
2006-05-26,2006-06-29,OPTSTK,CESC,280.0,PA,0.0,0.0,0.0,5.2,15.05,0.0,0.0,0.0
2006-05-26,2006-06-29,OPTSTK,CESC,290.0,PA,0.0,0.0,0.0,7.9,20.05,0.0,0.0,0.0
2006-05-26,2006-06-29,OPTSTK,CESC,300.0,PA,0.0,0.0,0.0,10.6,25.85,0.0,0.0,0.0
2006-05-26,2006-06-29,OPTSTK,CESC,310.0,PA,0.0,0.0,0.0,14.65,32.4,0.0,0.0,0.0
2006-05-26,2006-06-29,OPTSTK,CESC,320.0,PA,0.0,0.0,0.0,18.4,39.65,0.0,0.0,0.0
2006-05-26,2006-06-29,OPTSTK,CESC,330.0,PA,0.0,0.0,0.0,22.7,47.45,0.0,0.0,0.0
2006-05-26,2006-06-29,OPTSTK,CESC,340.0,PA,0.0,0.0,0.0,27.55,55.7,0.0,0.0,0.0
2006-05-26,2006-06-29,OPTSTK,CESC,350.0,PA,0.0,0.0,0.0,32.9,64.4,0.0,0.0,0.0
2006-05-26,2006-06-29,OPTSTK,CESC,360.0,PA,0.0,0.0,0.0,38.7,73.4,0.0,0.0,0.0
2006-05-26,2006-06-29,OPTSTK,CESC,370.0,PA,0.0,0.0,0.0,45.0,82.65,0.0,0.0,0.0
2006-05-26,2006-06-29,OPTSTK,CESC,380.0,PA,0.0,0.0,0.0,41.9,92.05,0.0,0.0,0.0
2006-05-26,2006-06-29,OPTSTK,CESC,390.0,PA,0.0,0.0,0.0,44.3,101.65,0.0,0.0,0.0
2006-05-26,2006-07-27,OPTSTK,CESC,250.0,CA,0.0,0.0,0.0,41.25,48.95,0.0,0.0,0.0
2006-05-26,2006-07-27,OPTSTK,CESC,260.0,CA,0.0,0.0,0.0,46.05,42.3,0.0,0.0,0.0
2006-05-26,2006-07-27,OPTSTK,CESC,270.0,CA,0.0,0.0,0.0,42.55,36.25,0.0,0.0,0.0
2006-05-26,2006-07-27,OPTSTK,CESC,280.0,CA,0.0,0.0,0.0,35.3,30.8,0.0,0.0,0.0
2006-05-26,2006-07-27,OPTSTK,CESC,290.0,CA,0.0,0.0,0.0,47.55,26.0,0.0,0.0,0.0
2006-05-26,2006-07-27,OPTSTK,CESC,300.0,CA,0.0,0.0,0.0,41.3,21.8,0.0,0.0,0.0
2006-05-26,2006-07-27,OPTSTK,CESC,310.0,CA,0.0,0.0,0.0,35.65,18.15,0.0,0.0,0.0
2006-05-26,2006-07-27,OPTSTK,CESC,320.0,CA,0.0,0.0,0.0,30.6,15.0,0.0,0.0,0.0
2006-05-26,2006-07-27,OPTSTK,CESC,330.0,CA,0.0,0.0,0.0,26.05,12.35,0.0,0.0,0.0
2006-05-26,2006-07-27,OPTSTK,CESC,340.0,CA,0.0,0.0,0.0,22.1,10.1,0.0,0.0,0.0
2006-05-26,2006-07-27,OPTSTK,CESC,350.0,CA,0.0,0.0,0.0,18.6,8.25,0.0,0.0,0.0
2006-05-26,2006-07-27,OPTSTK,CESC,360.0,CA,0.0,0.0,0.0,16.55,6.65,0.0,0.0,0.0
2006-05-26,2006-07-27,OPTSTK,CESC,370.0,CA,0.0,0.0,0.0,14.4,5.35,0.0,0.0,0.0
2006-05-26,2006-07-27,OPTSTK,CESC,250.0,PA,0.0,0.0,0.0,11.75,9.35,0.0,0.0,0.0
2006-05-26,2006-07-27,OPTSTK,CESC,260.0,PA,0.0,0.0,0.0,11.75,12.55,0.0,0.0,0.0
2006-05-26,2006-07-27,OPTSTK,CESC,270.0,PA,0.0,0.0,0.0,5.35,16.4,0.0,0.0,0.0
2006-05-26,2006-07-27,OPTSTK,CESC,280.0,PA,0.0,0.0,0.0,8.0,20.85,0.0,0.0,0.0
2006-05-26,2006-07-27,OPTSTK,CESC,290.0,PA,0.0,0.0,0.0,12.5,25.95,0.0,0.0,0.0
2006-05-26,2006-07-27,OPTSTK,CESC,300.0,PA,0.0,0.0,0.0,16.15,31.6,0.0,0.0,0.0
2006-05-26,2006-07-27,OPTSTK,CESC,310.0,PA,0.0,0.0,0.0,20.3,37.85,0.0,0.0,0.0
2006-05-26,2006-07-27,OPTSTK,CESC,320.0,PA,0.0,0.0,0.0,25.05,44.6,0.0,0.0,0.0
2006-05-26,2006-07-27,OPTSTK,CESC,330.0,PA,0.0,0.0,0.0,30.35,51.85,0.0,0.0,0.0
2006-05-26,2006-07-27,OPTSTK,CESC,340.0,PA,0.0,0.0,0.0,36.2,59.5,0.0,0.0,0.0
2006-05-26,2006-07-27,OPTSTK,CESC,350.0,PA,0.0,0.0,0.0,42.55,67.45,0.0,0.0,0.0
2006-05-26,2006-07-27,OPTSTK,CESC,360.0,PA,0.0,0.0,0.0,44.85,75.8,0.0,0.0,0.0
2006-05-26,2006-07-27,OPTSTK,CESC,370.0,PA,0.0,0.0,0.0,42.35,84.4,0.0,0.0,0.0
2006-05-26,2006-08-31,OPTSTK,CESC,250.0,CA,0.0,0.0,0.0,53.7,55.1,0.0,0.0,0.0
2006-05-26,2006-08-31,OPTSTK,CESC,260.0,CA,0.0,0.0,0.0,47.7,48.85,0.0,0.0,0.0
2006-05-26,2006-08-31,OPTSTK,CESC,270.0,CA,0.0,0.0,0.0,42.2,43.2,0.0,0.0,0.0
2006-05-26,2006-08-31,OPTSTK,CESC,280.0,CA,0.0,0.0,0.0,37.2,38.0,0.0,0.0,0.0
2006-05-26,2006-08-31,OPTSTK,CESC,290.0,CA,0.0,0.0,0.0,32.7,33.3,0.0,0.0,0.0
2006-05-26,2006-08-31,OPTSTK,CESC,300.0,CA,0.0,0.0,0.0,28.65,29.1,0.0,0.0,0.0
2006-05-26,2006-08-31,OPTSTK,CESC,310.0,CA,0.0,0.0,0.0,25.0,25.35,0.0,0.0,0.0
2006-05-26,2006-08-31,OPTSTK,CESC,320.0,CA,0.0,0.0,0.0,0.0,0.0,0.0,0.0,0.0
2006-05-26,2006-08-31,OPTSTK,CESC,250.0,PA,0.0,0.0,0.0,15.45,13.85,0.0,0.0,0.0
2006-05-26,2006-08-31,OPTSTK,CESC,260.0,PA,0.0,0.0,0.0,19.25,17.5,0.0,0.0,0.0
2006-05-26,2006-08-31,OPTSTK,CESC,270.0,PA,0.0,0.0,0.0,23.6,21.6,0.0,0.0,0.0
2006-05-26,2006-08-31,OPTSTK,CESC,280.0,PA,0.0,0.0,0.0,28.4,26.25,0.0,0.0,0.0
2006-05-26,2006-08-31,OPTSTK,CESC,290.0,PA,0.0,0.0,0.0,33.7,31.4,0.0,0.0,0.0
2006-05-26,2006-08-31,OPTSTK,CESC,300.0,PA,0.0,0.0,0.0,39.45,37.0,0.0,0.0,0.0
2006-05-26,2006-08-31,OPTSTK,CESC,310.0,PA,0.0,0.0,0.0,45.65,43.05,0.0,0.0,0.0
2006-05-26,2006-08-31,OPTSTK,CESC,320.0,PA,0.0,0.0,0.0,0.0,0.0,0.0,0.0,0.0
2006-05-26,2006-06-29,OPTSTK,CHAMBLFERT,27.5,CA,0.0,0.0,0.0,7.9,10.35,0.0,0.0,0.0
2006-05-26,2006-06-29,OPTSTK,CHAMBLFERT,30.0,CA,0.0,0.0,0.0,8.95,8.25,0.0,0.0,0.0
2006-05-26,2006-06-29,OPTSTK,CHAMBLFERT,32.5,CA,0.0,0.0,0.0,6.85,6.35,0.0,0.0,0.0
2006-05-26,2006-06-29,OPTSTK,CHAMBLFERT,35.0,CA,0.0,0.0,0.0,5.0,4.8,0.0,0.0,0.0
2006-05-26,2006-06-29,OPTSTK,CHAMBLFERT,37.5,CA,3.5,3.5,2.6,2.6,2.6,6.0,16.72,55200.0
2006-05-26,2006-06-29,OPTSTK,CHAMBLFERT,40.0,CA,2.0,2.0,1.4,1.65,1.65,21.0,60.54,213900.0
2006-05-26,2006-06-29,OPTSTK,CHAMBLFERT,42.5,CA,0.8,1.05,0.8,0.9,0.9,5.0,14.97,62100.0
2006-05-26,2006-06-29,OPTSTK,CHAMBLFERT,45.0,CA,0.0,0.0,0.0,0.9,1.2,0.0,0.0,0.0
2006-05-26,2006-06-29,OPTSTK,CHAMBLFERT,47.5,CA,0.0,0.0,0.0,0.75,0.8,0.0,0.0,0.0
2006-05-26,2006-06-29,OPTSTK,CHAMBLFERT,50.0,CA,0.0,0.0,0.0,2.0,0.55,0.0,0.0,20700.0
2006-05-26,2006-06-29,OPTSTK,CHAMBLFERT,52.5,CA,0.0,0.0,0.0,0.45,0.35,0.0,0.0,0.0
2006-05-26,2006-06-29,OPTSTK,CHAMBLFERT,27.5,PA,0.0,0.0,0.0,0.7,0.3,0.0,0.0,0.0
2006-05-26,2006-06-29,OPTSTK,CHAMBLFERT,30.0,PA,0.0,0.0,0.0,0.25,0.7,0.0,0.0,0.0
2006-05-26,2006-06-29,OPTSTK,CHAMBLFERT,32.5,PA,0.0,0.0,0.0,0.55,1.3,0.0,0.0,0.0
2006-05-26,2006-06-29,OPTSTK,CHAMBLFERT,35.0,PA,0.0,0.0,0.0,1.25,2.2,0.0,0.0,6900.0
2006-05-26,2006-06-29,OPTSTK,CHAMBLFERT,37.5,PA,0.0,0.0,0.0,2.1,3.4,0.0,0.0,0.0
2006-05-26,2006-06-29,OPTSTK,CHAMBLFERT,40.0,PA,0.0,0.0,0.0,3.35,4.9,0.0,0.0,0.0
2006-05-26,2006-06-29,OPTSTK,CHAMBLFERT,42.5,PA,0.0,0.0,0.0,5.0,6.65,0.0,0.0,0.0
2006-05-26,2006-06-29,OPTSTK,CHAMBLFERT,45.0,PA,0.0,0.0,0.0,6.85,8.55,0.0,0.0,0.0
2006-05-26,2006-06-29,OPTSTK,CHAMBLFERT,47.5,PA,0.0,0.0,0.0,8.2,10.65,0.0,0.0,0.0
2006-05-26,2006-06-29,OPTSTK,CHAMBLFERT,50.0,PA,0.0,0.0,0.0,8.45,12.9,0.0,0.0,0.0
2006-05-26,2006-06-29,OPTSTK,CHAMBLFERT,52.5,PA,0.0,0.0,0.0,8.45,15.2,0.0,0.0,0.0
2006-05-26,2006-07-27,OPTSTK,CHAMBLFERT,27.5,CA,0.0,0.0,0.0,8.65,11.0,0.0,0.0,0.0
2006-05-26,2006-07-27,OPTSTK,CHAMBLFERT,30.0,CA,0.0,0.0,0.0,10.1,9.1,0.0,0.0,0.0
2006-05-26,2006-07-27,OPTSTK,CHAMBLFERT,32.5,CA,0.0,0.0,0.0,8.55,7.45,0.0,0.0,0.0
2006-05-26,2006-07-27,OPTSTK,CHAMBLFERT,35.0,CA,0.0,0.0,0.0,6.45,6.0,0.0,0.0,0.0
2006-05-26,2006-07-27,OPTSTK,CHAMBLFERT,37.5,CA,0.0,0.0,0.0,4.7,4.8,0.0,0.0,0.0
2006-05-26,2006-07-27,OPTSTK,CHAMBLFERT,40.0,CA,0.0,0.0,0.0,3.25,3.8,0.0,0.0,0.0
2006-05-26,2006-07-27,OPTSTK,CHAMBLFERT,42.5,CA,0.0,0.0,0.0,2.15,2.95,0.0,0.0,0.0
2006-05-26,2006-07-27,OPTSTK,CHAMBLFERT,45.0,CA,0.0,0.0,0.0,1.35,2.3,0.0,0.0,0.0
2006-05-26,2006-07-27,OPTSTK,CHAMBLFERT,47.5,CA,0.0,0.0,0.0,0.85,1.8,0.0,0.0,0.0
2006-05-26,2006-07-27,OPTSTK,CHAMBLFERT,50.0,CA,0.0,0.0,0.0,0.75,1.35,0.0,0.0,0.0
2006-05-26,2006-07-27,OPTSTK,CHAMBLFERT,52.5,CA,0.0,0.0,0.0,0.9,1.05,0.0,0.0,0.0
2006-05-26,2006-07-27,OPTSTK,CHAMBLFERT,27.5,PA,0.0,0.0,0.0,1.35,0.8,0.0,0.0,0.0
2006-05-26,2006-07-27,OPTSTK,CHAMBLFERT,30.0,PA,0.0,0.0,0.0,1.4,1.4,0.0,0.0,0.0
2006-05-26,2006-07-27,OPTSTK,CHAMBLFERT,32.5,PA,0.0,0.0,0.0,0.3,2.2,0.0,0.0,0.0
2006-05-26,2006-07-27,OPTSTK,CHAMBLFERT,35.0,PA,0.0,0.0,0.0,0.65,3.25,0.0,0.0,0.0
2006-05-26,2006-07-27,OPTSTK,CHAMBLFERT,37.5,PA,0.0,0.0,0.0,1.35,4.5,0.0,0.0,0.0
2006-05-26,2006-07-27,OPTSTK,CHAMBLFERT,40.0,PA,0.0,0.0,0.0,2.35,5.95,0.0,0.0,0.0
2006-05-26,2006-07-27,OPTSTK,CHAMBLFERT,42.5,PA,0.0,0.0,0.0,3.7,7.65,0.0,0.0,0.0
2006-05-26,2006-07-27,OPTSTK,CHAMBLFERT,45.0,PA,0.0,0.0,0.0,5.4,9.45,0.0,0.0,0.0
2006-05-26,2006-07-27,OPTSTK,CHAMBLFERT,47.5,PA,0.0,0.0,0.0,7.3,11.4,0.0,0.0,0.0
2006-05-26,2006-07-27,OPTSTK,CHAMBLFERT,50.0,PA,0.0,0.0,0.0,8.55,13.45,0.0,0.0,0.0
2006-05-26,2006-07-27,OPTSTK,CHAMBLFERT,52.5,PA,0.0,0.0,0.0,8.6,15.6,0.0,0.0,0.0
2006-05-26,2006-08-31,OPTSTK,CHAMBLFERT,27.5,CA,0.0,0.0,0.0,10.1,11.75,0.0,0.0,0.0
2006-05-26,2006-08-31,OPTSTK,CHAMBLFERT,30.0,CA,0.0,0.0,0.0,8.45,10.05,0.0,0.0,0.0
2006-05-26,2006-08-31,OPTSTK,CHAMBLFERT,32.5,CA,0.0,0.0,0.0,7.05,8.55,0.0,0.0,0.0
2006-05-26,2006-08-31,OPTSTK,CHAMBLFERT,35.0,CA,0.0,0.0,0.0,5.85,7.2,0.0,0.0,0.0
2006-05-26,2006-08-31,OPTSTK,CHAMBLFERT,37.5,CA,0.0,0.0,0.0,4.8,6.05,0.0,0.0,0.0
2006-05-26,2006-08-31,OPTSTK,CHAMBLFERT,40.0,CA,0.0,0.0,0.0,3.95,5.05,0.0,0.0,0.0
2006-05-26,2006-08-31,OPTSTK,CHAMBLFERT,42.5,CA,0.0,0.0,0.0,3.25,4.2,0.0,0.0,0.0
2006-05-26,2006-08-31,OPTSTK,CHAMBLFERT,45.0,CA,0.0,0.0,0.0,0.0,0.0,0.0,0.0,0.0
2006-05-26,2006-08-31,OPTSTK,CHAMBLFERT,27.5,PA,0.0,0.0,0.0,1.7,1.45,0.0,0.0,0.0
2006-05-26,2006-08-31,OPTSTK,CHAMBLFERT,30.0,PA,0.0,0.0,0.0,2.5,2.15,0.0,0.0,0.0
2006-05-26,2006-08-31,OPTSTK,CHAMBLFERT,32.5,PA,0.0,0.0,0.0,3.55,3.1,0.0,0.0,0.0
2006-05-26,2006-08-31,OPTSTK,CHAMBLFERT,35.0,PA,0.0,0.0,0.0,4.8,4.2,0.0,0.0,0.0
2006-05-26,2006-08-31,OPTSTK,CHAMBLFERT,37.5,PA,0.0,0.0,0.0,6.25,5.5,0.0,0.0,0.0
2006-05-26,2006-08-31,OPTSTK,CHAMBLFERT,40.0,PA,0.0,0.0,0.0,7.85,7.0,0.0,0.0,0.0
2006-05-26,2006-08-31,OPTSTK,CHAMBLFERT,42.5,PA,0.0,0.0,0.0,9.55,8.6,0.0,0.0,0.0
2006-05-26,2006-08-31,OPTSTK,CHAMBLFERT,45.0,PA,0.0,0.0,0.0,0.0,0.0,0.0,0.0,0.0
2006-05-26,2006-06-29,OPTSTK,CHENNPETRO,200.0,CA,0.0,0.0,0.0,25.45,28.7,0.0,0.0,0.0
2006-05-26,2006-06-29,OPTSTK,CHENNPETRO,205.0,CA,0.0,0.0,0.0,22.05,25.15,0.0,0.0,0.0
2006-05-26,2006-06-29,OPTSTK,CHENNPETRO,210.0,CA,0.0,0.0,0.0,18.95,21.9,0.0,0.0,0.0
2006-05-26,2006-06-29,OPTSTK,CHENNPETRO,215.0,CA,0.0,0.0,0.0,16.15,18.9,0.0,0.0,0.0
2006-05-26,2006-06-29,OPTSTK,CHENNPETRO,220.0,CA,0.0,0.0,0.0,13.65,16.2,0.0,0.0,0.0
2006-05-26,2006-06-29,OPTSTK,CHENNPETRO,225.0,CA,0.0,0.0,0.0,11.4,13.8,0.0,0.0,0.0
2006-05-26,2006-06-29,OPTSTK,CHENNPETRO,230.0,CA,0.0,0.0,0.0,9.45,11.65,0.0,0.0,0.0
2006-05-26,2006-06-29,OPTSTK,CHENNPETRO,235.0,CA,0.0,0.0,0.0,9.4,9.75,0.0,0.0,0.0
2006-05-26,2006-06-29,OPTSTK,CHENNPETRO,240.0,CA,0.0,0.0,0.0,13.8,8.15,0.0,0.0,0.0
2006-05-26,2006-06-29,OPTSTK,CHENNPETRO,245.0,CA,0.0,0.0,0.0,11.85,6.75,0.0,0.0,0.0
2006-05-26,2006-06-29,OPTSTK,CHENNPETRO,250.0,CA,0.0,0.0,0.0,18.2,5.55,0.0,0.0,0.0
2006-05-26,2006-06-29,OPTSTK,CHENNPETRO,255.0,CA,0.0,0.0,0.0,16.2,4.5,0.0,0.0,0.0
2006-05-26,2006-06-29,OPTSTK,CHENNPETRO,260.0,CA,0.0,0.0,0.0,14.05,3.65,0.0,0.0,0.0
2006-05-26,2006-06-29,OPTSTK,CHENNPETRO,265.0,CA,0.0,0.0,0.0,13.8,2.95,0.0,0.0,0.0
2006-05-26,2006-06-29,OPTSTK,CHENNPETRO,270.0,CA,0.0,0.0,0.0,12.85,2.35,0.0,0.0,0.0
2006-05-26,2006-06-29,OPTSTK,CHENNPETRO,280.0,CA,0.0,0.0,0.0,9.75,1.5,0.0,0.0,0.0
2006-05-26,2006-06-29,OPTSTK,CHENNPETRO,290.0,CA,0.0,0.0,0.0,7.55,0.95,0.0,0.0,0.0
2006-05-26,2006-06-29,OPTSTK,CHENNPETRO,300.0,CA,0.0,0.0,0.0,8.95,0.55,0.0,0.0,0.0
2006-05-26,2006-06-29,OPTSTK,CHENNPETRO,200.0,PA,0.0,0.0,0.0,4.75,4.75,0.0,0.0,0.0
2006-05-26,2006-06-29,OPTSTK,CHENNPETRO,205.0,PA,0.0,0.0,0.0,6.25,6.15,0.0,0.0,0.0
2006-05-26,2006-06-29,OPTSTK,CHENNPETRO,210.0,PA,0.0,0.0,0.0,8.05,7.85,0.0,0.0,0.0
2006-05-26,2006-06-29,OPTSTK,CHENNPETRO,215.0,PA,0.0,0.0,0.0,10.1,9.85,0.0,0.0,0.0
2006-05-26,2006-06-29,OPTSTK,CHENNPETRO,220.0,PA,0.0,0.0,0.0,12.5,12.1,0.0,0.0,0.0
2006-05-26,2006-06-29,OPTSTK,CHENNPETRO,225.0,PA,0.0,0.0,0.0,15.15,14.7,0.0,0.0,0.0
2006-05-26,2006-06-29,OPTSTK,CHENNPETRO,230.0,PA,0.0,0.0,0.0,18.1,17.5,0.0,0.0,0.0
2006-05-26,2006-06-29,OPTSTK,CHENNPETRO,235.0,PA,0.0,0.0,0.0,19.05,20.6,0.0,0.0,0.0
2006-05-26,2006-06-29,OPTSTK,CHENNPETRO,240.0,PA,0.0,0.0,0.0,18.85,23.9,0.0,0.0,0.0
2006-05-26,2006-06-29,OPTSTK,CHENNPETRO,245.0,PA,0.0,0.0,0.0,21.85,27.5,0.0,0.0,0.0
2006-05-26,2006-06-29,OPTSTK,CHENNPETRO,250.0,PA,0.0,0.0,0.0,21.45,31.25,0.0,0.0,0.0
2006-05-26,2006-06-29,OPTSTK,CHENNPETRO,255.0,PA,0.0,0.0,0.0,24.3,35.2,0.0,0.0,0.0
2006-05-26,2006-06-29,OPTSTK,CHENNPETRO,260.0,PA,0.0,0.0,0.0,26.2,39.35,0.0,0.0,0.0
2006-05-26,2006-06-29,OPTSTK,CHENNPETRO,265.0,PA,0.0,0.0,0.0,25.05,43.6,0.0,0.0,0.0
2006-05-26,2006-06-29,OPTSTK,CHENNPETRO,270.0,PA,0.0,0.0,0.0,26.55,47.95,0.0,0.0,0.0
2006-05-26,2006-06-29,OPTSTK,CHENNPETRO,280.0,PA,0.0,0.0,0.0,33.3,57.05,0.0,0.0,0.0
2006-05-26,2006-06-29,OPTSTK,CHENNPETRO,290.0,PA,0.0,0.0,0.0,35.1,66.4,0.0,0.0,0.0
2006-05-26,2006-06-29,OPTSTK,CHENNPETRO,300.0,PA,0.0,0.0,0.0,36.7,76.0,0.0,0.0,0.0
2006-05-26,2006-07-27,OPTSTK,CHENNPETRO,205.0,CA,0.0,0.0,0.0,28.0,30.05,0.0,0.0,0.0
2006-05-26,2006-07-27,OPTSTK,CHENNPETRO,210.0,CA,0.0,0.0,0.0,28.6,27.05,0.0,0.0,0.0
2006-05-26,2006-07-27,OPTSTK,CHENNPETRO,215.0,CA,0.0,0.0,0.0,25.8,24.25,0.0,0.0,0.0
2006-05-26,2006-07-27,OPTSTK,CHENNPETRO,220.0,CA,0.0,0.0,0.0,42.4,21.65,0.0,0.0,0.0
2006-05-26,2006-07-27,OPTSTK,CHENNPETRO,225.0,CA,0.0,0.0,0.0,31.35,19.3,0.0,0.0,0.0
2006-05-26,2006-07-27,OPTSTK,CHENNPETRO,230.0,CA,0.0,0.0,0.0,28.6,17.1,0.0,0.0,0.0
2006-05-26,2006-07-27,OPTSTK,CHENNPETRO,235.0,CA,0.0,0.0,0.0,26.0,15.15,0.0,0.0,0.0
2006-05-26,2006-07-27,OPTSTK,CHENNPETRO,240.0,CA,0.0,0.0,0.0,23.6,13.35,0.0,0.0,0.0
2006-05-26,2006-07-27,OPTSTK,CHENNPETRO,245.0,CA,0.0,0.0,0.0,21.35,11.75,0.0,0.0,0.0
2006-05-26,2006-07-27,OPTSTK,CHENNPETRO,250.0,CA,0.0,0.0,0.0,19.3,10.3,0.0,0.0,0.0
2006-05-26,2006-07-27,OPTSTK,CHENNPETRO,255.0,CA,0.0,0.0,0.0,17.4,9.0,0.0,0.0,0.0
2006-05-26,2006-07-27,OPTSTK,CHENNPETRO,260.0,CA,0.0,0.0,0.0,15.35,7.85,0.0,0.0,0.0
2006-05-26,2006-07-27,OPTSTK,CHENNPETRO,265.0,CA,0.0,0.0,0.0,15.75,6.8,0.0,0.0,0.0
2006-05-26,2006-07-27,OPTSTK,CHENNPETRO,270.0,CA,0.0,0.0,0.0,15.3,5.9,0.0,0.0,0.0
2006-05-26,2006-07-27,OPTSTK,CHENNPETRO,280.0,CA,0.0,0.0,0.0,12.05,4.4,0.0,0.0,0.0
2006-05-26,2006-07-27,OPTSTK,CHENNPETRO,290.0,CA,0.0,0.0,0.0,9.25,3.25,0.0,0.0,0.0
2006-05-26,2006-07-27,OPTSTK,CHENNPETRO,300.0,CA,0.0,0.0,0.0,13.75,2.4,0.0,0.0,0.0
2006-05-26,2006-07-27,OPTSTK,CHENNPETRO,205.0,PA,0.0,0.0,0.0,11.55,10.0,0.0,0.0,0.0
2006-05-26,2006-07-27,OPTSTK,CHENNPETRO,210.0,PA,0.0,0.0,0.0,12.65,11.9,0.0,0.0,0.0
2006-05-26,2006-07-27,OPTSTK,CHENNPETRO,215.0,PA,0.0,0.0,0.0,14.8,14.05,0.0,0.0,0.0
2006-05-26,2006-07-27,OPTSTK,CHENNPETRO,220.0,PA,0.0,0.0,0.0,6.3,16.45,0.0,0.0,0.0
2006-05-26,2006-07-27,OPTSTK,CHENNPETRO,225.0,PA,0.0,0.0,0.0,14.0,19.0,0.0,0.0,0.0
2006-05-26,2006-07-27,OPTSTK,CHENNPETRO,230.0,PA,0.0,0.0,0.0,16.15,21.8,0.0,0.0,0.0
2006-05-26,2006-07-27,OPTSTK,CHENNPETRO,235.0,PA,0.0,0.0,0.0,18.5,24.75,0.0,0.0,0.0
2006-05-26,2006-07-27,OPTSTK,CHENNPETRO,240.0,PA,0.0,0.0,0.0,21.0,27.9,0.0,0.0,0.0
2006-05-26,2006-07-27,OPTSTK,CHENNPETRO,245.0,PA,0.0,0.0,0.0,23.7,31.2,0.0,0.0,0.0
2006-05-26,2006-07-27,OPTSTK,CHENNPETRO,250.0,PA,0.0,0.0,0.0,26.55,34.7,0.0,0.0,0.0
2006-05-26,2006-07-27,OPTSTK,CHENNPETRO,255.0,PA,0.0,0.0,0.0,29.55,38.35,0.0,0.0,0.0
2006-05-26,2006-07-27,OPTSTK,CHENNPETRO,260.0,PA,0.0,0.0,0.0,27.75,42.15,0.0,0.0,0.0
2006-05-26,2006-07-27,OPTSTK,CHENNPETRO,265.0,PA,0.0,0.0,0.0,27.3,46.1,0.0,0.0,0.0
2006-05-26,2006-07-27,OPTSTK,CHENNPETRO,270.0,PA,0.0,0.0,0.0,28.4,50.1,0.0,0.0,0.0
2006-05-26,2006-07-27,OPTSTK,CHENNPETRO,280.0,PA,0.0,0.0,0.0,34.95,58.5,0.0,0.0,0.0
2006-05-26,2006-07-27,OPTSTK,CHENNPETRO,290.0,PA,0.0,0.0,0.0,39.4,67.25,0.0,0.0,0.0
2006-05-26,2006-07-27,OPTSTK,CHENNPETRO,300.0,PA,0.0,0.0,0.0,39.9,76.25,0.0,0.0,0.0
2006-05-26,2006-08-31,OPTSTK,CHENNPETRO,205.0,CA,0.0,0.0,0.0,33.1,35.0,0.0,0.0,0.0
2006-05-26,2006-08-31,OPTSTK,CHENNPETRO,210.0,CA,0.0,0.0,0.0,30.4,32.2,0.0,0.0,0.0
2006-05-26,2006-08-31,OPTSTK,CHENNPETRO,215.0,CA,0.0,0.0,0.0,27.9,29.55,0.0,0.0,0.0
2006-05-26,2006-08-31,OPTSTK,CHENNPETRO,220.0,CA,0.0,0.0,0.0,25.5,27.05,0.0,0.0,0.0
2006-05-26,2006-08-31,OPTSTK,CHENNPETRO,225.0,CA,0.0,0.0,0.0,23.3,24.7,0.0,0.0,0.0
2006-05-26,2006-08-31,OPTSTK,CHENNPETRO,230.0,CA,0.0,0.0,0.0,21.25,22.55,0.0,0.0,0.0
2006-05-26,2006-08-31,OPTSTK,CHENNPETRO,235.0,CA,0.0,0.0,0.0,19.35,20.5,0.0,0.0,0.0
2006-05-26,2006-08-31,OPTSTK,CHENNPETRO,240.0,CA,0.0,0.0,0.0,0.0,0.0,0.0,0.0,0.0
2006-05-26,2006-08-31,OPTSTK,CHENNPETRO,205.0,PA,0.0,0.0,0.0,15.35,13.65,0.0,0.0,0.0
2006-05-26,2006-08-31,OPTSTK,CHENNPETRO,210.0,PA,0.0,0.0,0.0,17.55,15.75,0.0,0.0,0.0
2006-05-26,2006-08-31,OPTSTK,CHENNPETRO,215.0,PA,0.0,0.0,0.0,19.9,18.0,0.0,0.0,0.0
2006-05-26,2006-08-31,OPTSTK,CHENNPETRO,220.0,PA,0.0,0.0,0.0,22.45,20.4,0.0,0.0,0.0
2006-05-26,2006-08-31,OPTSTK,CHENNPETRO,225.0,PA,0.0,0.0,0.0,25.15,23.0,0.0,0.0,0.0
2006-05-26,2006-08-31,OPTSTK,CHENNPETRO,230.0,PA,0.0,0.0,0.0,28.05,25.75,0.0,0.0,0.0
2006-05-26,2006-08-31,OPTSTK,CHENNPETRO,235.0,PA,0.0,0.0,0.0,31.05,28.65,0.0,0.0,0.0
2006-05-26,2006-08-31,OPTSTK,CHENNPETRO,240.0,PA,0.0,0.0,0.0,0.0,0.0,0.0,0.0,0.0
2006-05-26,2006-06-29,OPTSTK,CIPLA,205.0,CA,0.0,0.0,0.0,26.9,37.95,0.0,0.0,0.0
2006-05-26,2006-06-29,OPTSTK,CIPLA,210.0,CA,0.0,0.0,0.0,27.35,34.4,0.0,0.0,0.0
2006-05-26,2006-06-29,OPTSTK,CIPLA,215.0,CA,0.0,0.0,0.0,24.55,31.05,0.0,0.0,0.0
2006-05-26,2006-06-29,OPTSTK,CIPLA,220.0,CA,0.0,0.0,0.0,26.5,27.9,0.0,0.0,2500.0
2006-05-26,2006-06-29,OPTSTK,CIPLA,225.0,CA,0.0,0.0,0.0,19.55,25.0,0.0,0.0,0.0
2006-05-26,2006-06-29,OPTSTK,CIPLA,230.0,CA,15.0,18.9,15.0,15.0,15.0,5.0,30.81,15000.0
2006-05-26,2006-06-29,OPTSTK,CIPLA,232.0,CA,0.0,0.0,0.0,86.45,21.3,0.0,0.0,0.0
2006-05-26,2006-06-29,OPTSTK,CIPLA,235.0,CA,0.0,0.0,0.0,29.55,19.8,0.0,0.0,0.0
2006-05-26,2006-06-29,OPTSTK,CIPLA,240.0,CA,12.0,12.0,10.0,10.0,10.0,3.0,18.85,7500.0
2006-05-26,2006-06-29,OPTSTK,CIPLA,245.0,CA,0.0,0.0,0.0,24.2,15.5,0.0,0.0,0.0
2006-05-26,2006-06-29,OPTSTK,CIPLA,248.0,CA,0.0,0.0,0.0,60.85,14.35,0.0,0.0,0.0
2006-05-26,2006-06-29,OPTSTK,CIPLA,250.0,CA,5.0,7.45,5.0,7.25,7.25,4.0,25.66,7500.0
2006-05-26,2006-06-29,OPTSTK,CIPLA,255.0,CA,0.0,0.0,0.0,19.6,11.9,0.0,0.0,0.0
2006-05-26,2006-06-29,OPTSTK,CIPLA,256.0,CA,0.0,0.0,0.0,50.2,11.6,0.0,0.0,0.0
2006-05-26,2006-06-29,OPTSTK,CIPLA,260.0,CA,0.0,0.0,0.0,23.85,10.4,0.0,0.0,0.0
2006-05-26,2006-06-29,OPTSTK,CIPLA,264.0,CA,0.0,0.0,0.0,40.9,9.3,0.0,0.0,0.0
2006-05-26,2006-06-29,OPTSTK,CIPLA,265.0,CA,0.0,0.0,0.0,15.7,9.05,0.0,0.0,0.0
2006-05-26,2006-06-29,OPTSTK,CIPLA,270.0,CA,0.0,0.0,0.0,19.45,7.85,0.0,0.0,0.0
2006-05-26,2006-06-29,OPTSTK,CIPLA,272.0,CA,0.0,0.0,0.0,33.0,7.4,0.0,0.0,0.0
2006-05-26,2006-06-29,OPTSTK,CIPLA,280.0,CA,0.0,0.0,0.0,26.3,5.85,0.0,0.0,0.0
2006-05-26,2006-06-29,OPTSTK,CIPLA,288.0,CA,0.0,0.0,0.0,32.65,4.6,0.0,0.0,0.0
2006-05-26,2006-06-29,OPTSTK,CIPLA,290.0,CA,0.0,0.0,0.0,12.65,4.3,0.0,0.0,0.0
2006-05-26,2006-06-29,OPTSTK,CIPLA,296.0,CA,0.0,0.0,0.0,38.45,3.6,0.0,0.0,0.0
2006-05-26,2006-06-29,OPTSTK,CIPLA,300.0,CA,0.0,0.0,0.0,11.15,3.15,0.0,0.0,0.0
2006-05-26,2006-06-29,OPTSTK,CIPLA,304.0,CA,0.0,0.0,0.0,33.3,2.75,0.0,0.0,0.0
2006-05-26,2006-06-29,OPTSTK,CIPLA,310.0,CA,0.0,0.0,0.0,10.65,2.3,0.0,0.0,0.0
2006-05-26,2006-06-29,OPTSTK,CIPLA,312.0,CA,0.0,0.0,0.0,63.45,2.15,0.0,0.0,0.0
2006-05-26,2006-06-29,OPTSTK,CIPLA,320.0,CA,0.0,0.0,0.0,55.85,1.65,0.0,0.0,0.0
2006-05-26,2006-06-29,OPTSTK,CIPLA,205.0,PA,0.0,0.0,0.0,8.5,6.0,0.0,0.0,0.0
2006-05-26,2006-06-29,OPTSTK,CIPLA,210.0,PA,0.0,0.0,0.0,11.85,7.4,0.0,0.0,0.0
2006-05-26,2006-06-29,OPTSTK,CIPLA,215.0,PA,0.0,0.0,0.0,14.0,9.0,0.0,0.0,0.0
2006-05-26,2006-06-29,OPTSTK,CIPLA,220.0,PA,11.5,11.5,11.5,11.5,11.5,1.0,5.78,2500.0
2006-05-26,2006-06-29,OPTSTK,CIPLA,225.0,PA,0.0,0.0,0.0,18.9,12.9,0.0,0.0,0.0
2006-05-26,2006-06-29,OPTSTK,CIPLA,230.0,PA,0.0,0.0,0.0,8.65,15.15,0.0,0.0,0.0
2006-05-26,2006-06-29,OPTSTK,CIPLA,232.0,PA,0.0,0.0,0.0,15.65,16.15,0.0,0.0,0.0
2006-05-26,2006-06-29,OPTSTK,CIPLA,235.0,PA,0.0,0.0,0.0,13.65,17.65,0.0,0.0,0.0
2006-05-26,2006-06-29,OPTSTK,CIPLA,240.0,PA,0.0,0.0,0.0,21.7,20.35,0.0,0.0,0.0
2006-05-26,2006-06-29,OPTSTK,CIPLA,245.0,PA,0.0,0.0,0.0,18.2,23.25,0.0,0.0,0.0
2006-05-26,2006-06-29,OPTSTK,CIPLA,248.0,PA,0.0,0.0,0.0,29.2,25.05,0.0,0.0,0.0
2006-05-26,2006-06-29,OPTSTK,CIPLA,250.0,PA,0.0,0.0,0.0,16.15,26.35,0.0,0.0,0.0
2006-05-26,2006-06-29,OPTSTK,CIPLA,255.0,PA,0.0,0.0,0.0,23.45,29.6,0.0,0.0,0.0
2006-05-26,2006-06-29,OPTSTK,CIPLA,256.0,PA,0.0,0.0,0.0,38.1,30.3,0.0,0.0,0.0
2006-05-26,2006-06-29,OPTSTK,CIPLA,260.0,PA,0.0,0.0,0.0,20.95,33.05,0.0,0.0,0.0
2006-05-26,2006-06-29,OPTSTK,CIPLA,264.0,PA,0.0,0.0,0.0,48.4,35.95,0.0,0.0,0.0
2006-05-26,2006-06-29,OPTSTK,CIPLA,265.0,PA,0.0,0.0,0.0,29.45,36.7,0.0,0.0,0.0
2006-05-26,2006-06-29,OPTSTK,CIPLA,270.0,PA,0.0,0.0,0.0,26.45,40.45,0.0,0.0,0.0
2006-05-26,2006-06-29,OPTSTK,CIPLA,272.0,PA,0.0,0.0,0.0,60.05,42.0,0.0,0.0,0.0
2006-05-26,2006-06-29,OPTSTK,CIPLA,280.0,PA,0.0,0.0,0.0,72.95,48.4,0.0,0.0,0.0
2006-05-26,2006-06-29,OPTSTK,CIPLA,288.0,PA,0.0,0.0,0.0,75.5,55.1,0.0,0.0,0.0
2006-05-26,2006-06-29,OPTSTK,CIPLA,290.0,PA,0.0,0.0,0.0,39.35,56.8,0.0,0.0,0.0
2006-05-26,2006-06-29,OPTSTK,CIPLA,296.0,PA,0.0,0.0,0.0,76.8,62.0,0.0,0.0,0.0
2006-05-26,2006-06-29,OPTSTK,CIPLA,300.0,PA,0.0,0.0,0.0,41.45,65.55,0.0,0.0,0.0
2006-05-26,2006-06-29,OPTSTK,CIPLA,304.0,PA,0.0,0.0,0.0,84.35,69.15,0.0,0.0,0.0
2006-05-26,2006-06-29,OPTSTK,CIPLA,310.0,PA,0.0,0.0,0.0,41.85,74.65,0.0,0.0,0.0
2006-05-26,2006-06-29,OPTSTK,CIPLA,312.0,PA,0.0,0.0,0.0,84.15,76.45,0.0,0.0,0.0
2006-05-26,2006-06-29,OPTSTK,CIPLA,320.0,PA,0.0,0.0,0.0,96.2,83.9,0.0,0.0,0.0
2006-05-26,2006-07-27,OPTSTK,CIPLA,205.0,CA,0.0,0.0,0.0,32.6,43.65,0.0,0.0,0.0
2006-05-26,2006-07-27,OPTSTK,CIPLA,210.0,CA,0.0,0.0,0.0,33.25,40.45,0.0,0.0,0.0
2006-05-26,2006-07-27,OPTSTK,CIPLA,215.0,CA,0.0,0.0,0.0,30.6,37.4,0.0,0.0,0.0
2006-05-26,2006-07-27,OPTSTK,CIPLA,220.0,CA,0.0,0.0,0.0,49.5,34.55,0.0,0.0,0.0
2006-05-26,2006-07-27,OPTSTK,CIPLA,225.0,CA,0.0,0.0,0.0,25.75,31.85,0.0,0.0,0.0
2006-05-26,2006-07-27,OPTSTK,CIPLA,230.0,CA,0.0,0.0,0.0,45.9,29.3,0.0,0.0,0.0
2006-05-26,2006-07-27,OPTSTK,CIPLA,235.0,CA,0.0,0.0,0.0,28.05,26.9,0.0,0.0,0.0
2006-05-26,2006-07-27,OPTSTK,CIPLA,240.0,CA,0.0,0.0,0.0,40.1,24.65,0.0,0.0,0.0
2006-05-26,2006-07-27,OPTSTK,CIPLA,245.0,CA,0.0,0.0,0.0,22.9,22.55,0.0,0.0,0.0
2006-05-26,2006-07-27,OPTSTK,CIPLA,250.0,CA,0.0,0.0,0.0,34.85,20.65,0.0,0.0,0.0
2006-05-26,2006-07-27,OPTSTK,CIPLA,255.0,CA,0.0,0.0,0.0,18.5,18.85,0.0,0.0,0.0
2006-05-26,2006-07-27,OPTSTK,CIPLA,260.0,CA,0.0,0.0,0.0,30.1,17.15,0.0,0.0,0.0
2006-05-26,2006-07-27,OPTSTK,CIPLA,270.0,CA,0.0,0.0,0.0,25.95,14.2,0.0,0.0,0.0
2006-05-26,2006-07-27,OPTSTK,CIPLA,280.0,CA,0.0,0.0,0.0,22.25,11.7,0.0,0.0,0.0
2006-05-26,2006-07-27,OPTSTK,CIPLA,290.0,CA,0.0,0.0,0.0,19.0,9.6,0.0,0.0,0.0
2006-05-26,2006-07-27,OPTSTK,CIPLA,300.0,CA,0.0,0.0,0.0,16.2,7.85,0.0,0.0,0.0
2006-05-26,2006-07-27,OPTSTK,CIPLA,310.0,CA,0.0,0.0,0.0,15.75,6.4,0.0,0.0,0.0
2006-05-26,2006-07-27,OPTSTK,CIPLA,205.0,PA,0.0,0.0,0.0,13.15,10.6,0.0,0.0,0.0
2006-05-26,2006-07-27,OPTSTK,CIPLA,210.0,PA,0.0,0.0,0.0,16.6,12.35,0.0,0.0,0.0
2006-05-26,2006-07-27,OPTSTK,CIPLA,215.0,PA,0.0,0.0,0.0,18.9,14.25,0.0,0.0,0.0
2006-05-26,2006-07-27,OPTSTK,CIPLA,220.0,PA,0.0,0.0,0.0,11.2,16.3,0.0,0.0,0.0
2006-05-26,2006-07-27,OPTSTK,CIPLA,225.0,PA,0.0,0.0,0.0,23.95,18.55,0.0,0.0,0.0
2006-05-26,2006-07-27,OPTSTK,CIPLA,230.0,PA,0.0,0.0,0.0,14.75,20.95,0.0,0.0,0.0
2006-05-26,2006-07-27,OPTSTK,CIPLA,235.0,PA,0.0,0.0,0.0,14.65,23.5,0.0,0.0,0.0
2006-05-26,2006-07-27,OPTSTK,CIPLA,240.0,PA,0.0,0.0,0.0,18.8,26.2,0.0,0.0,0.0
2006-05-26,2006-07-27,OPTSTK,CIPLA,245.0,PA,0.0,0.0,0.0,19.35,29.05,0.0,0.0,0.0
2006-05-26,2006-07-27,OPTSTK,CIPLA,250.0,PA,0.0,0.0,0.0,23.35,32.05,0.0,0.0,0.0
2006-05-26,2006-07-27,OPTSTK,CIPLA,255.0,PA,0.0,0.0,0.0,24.85,35.2,0.0,0.0,0.0
2006-05-26,2006-07-27,OPTSTK,CIPLA,260.0,PA,0.0,0.0,0.0,28.5,38.5,0.0,0.0,0.0
2006-05-26,2006-07-27,OPTSTK,CIPLA,270.0,PA,0.0,0.0,0.0,34.1,45.4,0.0,0.0,0.0
2006-05-26,2006-07-27,OPTSTK,CIPLA,280.0,PA,0.0,0.0,0.0,40.25,52.8,0.0,0.0,0.0
2006-05-26,2006-07-27,OPTSTK,CIPLA,290.0,PA,0.0,0.0,0.0,46.85,60.6,0.0,0.0,0.0
2006-05-26,2006-07-27,OPTSTK,CIPLA,300.0,PA,0.0,0.0,0.0,44.9,68.7,0.0,0.0,0.0
2006-05-26,2006-07-27,OPTSTK,CIPLA,310.0,PA,0.0,0.0,0.0,45.3,77.15,0.0,0.0,0.0
2006-05-26,2006-08-31,OPTSTK,CIPLA,205.0,CA,0.0,0.0,0.0,38.3,49.6,0.0,0.0,0.0
2006-05-26,2006-08-31,OPTSTK,CIPLA,210.0,CA,0.0,0.0,0.0,35.65,46.65,0.0,0.0,0.0
2006-05-26,2006-08-31,OPTSTK,CIPLA,215.0,CA,0.0,0.0,0.0,33.1,43.8,0.0,0.0,0.0
2006-05-26,2006-08-31,OPTSTK,CIPLA,220.0,CA,0.0,0.0,0.0,30.75,41.15,0.0,0.0,0.0
2006-05-26,2006-08-31,OPTSTK,CIPLA,225.0,CA,0.0,0.0,0.0,28.5,38.55,0.0,0.0,0.0
2006-05-26,2006-08-31,OPTSTK,CIPLA,230.0,CA,0.0,0.0,0.0,26.35,36.15,0.0,0.0,0.0
2006-05-26,2006-08-31,OPTSTK,CIPLA,235.0,CA,0.0,0.0,0.0,24.4,33.8,0.0,0.0,0.0
2006-05-26,2006-08-31,OPTSTK,CIPLA,240.0,CA,0.0,0.0,0.0,0.0,0.0,0.0,0.0,0.0
2006-05-26,2006-08-31,OPTSTK,CIPLA,245.0,CA,0.0,0.0,0.0,0.0,0.0,0.0,0.0,0.0
2006-05-26,2006-08-31,OPTSTK,CIPLA,250.0,CA,0.0,0.0,0.0,0.0,0.0,0.0,0.0,0.0
2006-05-26,2006-08-31,OPTSTK,CIPLA,205.0,PA,0.0,0.0,0.0,17.55,15.25,0.0,0.0,0.0
2006-05-26,2006-08-31,OPTSTK,CIPLA,210.0,PA,0.0,0.0,0.0,19.75,17.2,0.0,0.0,0.0
2006-05-26,2006-08-31,OPTSTK,CIPLA,215.0,PA,0.0,0.0,0.0,22.15,19.3,0.0,0.0,0.0
2006-05-26,2006-08-31,OPTSTK,CIPLA,220.0,PA,0.0,0.0,0.0,24.65,21.5,0.0,0.0,0.0
2006-05-26,2006-08-31,OPTSTK,CIPLA,225.0,PA,0.0,0.0,0.0,27.35,23.85,0.0,0.0,0.0
2006-05-26,2006-08-31,OPTSTK,CIPLA,230.0,PA,0.0,0.0,0.0,30.15,26.3,0.0,0.0,0.0
2006-05-26,2006-08-31,OPTSTK,CIPLA,235.0,PA,0.0,0.0,0.0,33.05,28.9,0.0,0.0,0.0
2006-05-26,2006-08-31,OPTSTK,CIPLA,240.0,PA,0.0,0.0,0.0,0.0,0.0,0.0,0.0,0.0
2006-05-26,2006-08-31,OPTSTK,CIPLA,245.0,PA,0.0,0.0,0.0,0.0,0.0,0.0,0.0,0.0
2006-05-26,2006-08-31,OPTSTK,CIPLA,250.0,PA,0.0,0.0,0.0,0.0,0.0,0.0,0.0,0.0
2006-05-26,2006-06-29,OPTSTK,COCHINREFN,140.0,CA,0.0,0.0,0.0,17.1,31.9,0.0,0.0,0.0
2006-05-26,2006-06-29,OPTSTK,COCHINREFN,145.0,CA,0.0,0.0,0.0,21.2,27.8,0.0,0.0,0.0
2006-05-26,2006-06-29,OPTSTK,COCHINREFN,150.0,CA,0.0,0.0,0.0,20.8,24.05,0.0,0.0,0.0
2006-05-26,2006-06-29,OPTSTK,COCHINREFN,155.0,CA,0.0,0.0,0.0,21.1,20.55,0.0,0.0,0.0
2006-05-26,2006-06-29,OPTSTK,COCHINREFN,160.0,CA,0.0,0.0,0.0,20.7,17.4,0.0,0.0,0.0
2006-05-26,2006-06-29,OPTSTK,COCHINREFN,165.0,CA,0.0,0.0,0.0,17.35,14.6,0.0,0.0,0.0
2006-05-26,2006-06-29,OPTSTK,COCHINREFN,170.0,CA,0.0,0.0,0.0,14.35,12.15,0.0,0.0,0.0
2006-05-26,2006-06-29,OPTSTK,COCHINREFN,175.0,CA,0.0,0.0,0.0,11.75,9.95,0.0,0.0,0.0
2006-05-26,2006-06-29,OPTSTK,COCHINREFN,180.0,CA,0.0,0.0,0.0,9.45,8.1,0.0,0.0,0.0
2006-05-26,2006-06-29,OPTSTK,COCHINREFN,185.0,CA,0.0,0.0,0.0,7.5,6.55,0.0,0.0,0.0
2006-05-26,2006-06-29,OPTSTK,COCHINREFN,190.0,CA,0.0,0.0,0.0,5.9,5.25,0.0,0.0,0.0
2006-05-26,2006-06-29,OPTSTK,COCHINREFN,195.0,CA,0.0,0.0,0.0,6.1,4.15,0.0,0.0,0.0
2006-05-26,2006-06-29,OPTSTK,COCHINREFN,200.0,CA,0.0,0.0,0.0,10.7,3.3,0.0,0.0,0.0
2006-05-26,2006-06-29,OPTSTK,COCHINREFN,205.0,CA,0.0,0.0,0.0,9.0,2.55,0.0,0.0,0.0
2006-05-26,2006-06-29,OPTSTK,COCHINREFN,140.0,PA,0.0,0.0,0.0,3.15,1.95,0.0,0.0,0.0
2006-05-26,2006-06-29,OPTSTK,COCHINREFN,145.0,PA,0.0,0.0,0.0,2.65,2.85,0.0,0.0,0.0
2006-05-26,2006-06-29,OPTSTK,COCHINREFN,150.0,PA,0.0,0.0,0.0,3.05,4.05,0.0,0.0,0.0
2006-05-26,2006-06-29,OPTSTK,COCHINREFN,155.0,PA,0.0,0.0,0.0,2.65,5.55,0.0,0.0,0.0
2006-05-26,2006-06-29,OPTSTK,COCHINREFN,160.0,PA,0.0,0.0,0.0,3.9,7.35,0.0,0.0,0.0
2006-05-26,2006-06-29,OPTSTK,COCHINREFN,165.0,PA,0.0,0.0,0.0,5.45,9.5,0.0,0.0,0.0
2006-05-26,2006-06-29,OPTSTK,COCHINREFN,170.0,PA,0.0,0.0,0.0,7.35,12.0,0.0,0.0,0.0
2006-05-26,2006-06-29,OPTSTK,COCHINREFN,175.0,PA,0.0,0.0,0.0,9.6,14.8,0.0,0.0,0.0
2006-05-26,2006-06-29,OPTSTK,COCHINREFN,180.0,PA,0.0,0.0,0.0,12.2,17.95,0.0,0.0,0.0
2006-05-26,2006-06-29,OPTSTK,COCHINREFN,185.0,PA,0.0,0.0,0.0,15.2,21.35,0.0,0.0,0.0
2006-05-26,2006-06-29,OPTSTK,COCHINREFN,190.0,PA,0.0,0.0,0.0,18.45,25.0,0.0,0.0,0.0
2006-05-26,2006-06-29,OPTSTK,COCHINREFN,195.0,PA,0.0,0.0,0.0,18.9,28.9,0.0,0.0,0.0
2006-05-26,2006-06-29,OPTSTK,COCHINREFN,200.0,PA,0.0,0.0,0.0,19.15,33.0,0.0,0.0,0.0
2006-05-26,2006-06-29,OPTSTK,COCHINREFN,205.0,PA,0.0,0.0,0.0,22.35,37.25,0.0,0.0,0.0
2006-05-26,2006-07-27,OPTSTK,COCHINREFN,140.0,CA,0.0,0.0,0.0,19.8,34.9,0.0,0.0,0.0
2006-05-26,2006-07-27,OPTSTK,COCHINREFN,145.0,CA,0.0,0.0,0.0,23.8,31.25,0.0,0.0,0.0
2006-05-26,2006-07-27,OPTSTK,COCHINREFN,150.0,CA,0.0,0.0,0.0,23.55,27.85,0.0,0.0,0.0
2006-05-26,2006-07-27,OPTSTK,COCHINREFN,155.0,CA,0.0,0.0,0.0,22.9,24.7,0.0,0.0,0.0
2006-05-26,2006-07-27,OPTSTK,COCHINREFN,160.0,CA,0.0,0.0,0.0,20.85,21.8,0.0,0.0,0.0
2006-05-26,2006-07-27,OPTSTK,COCHINREFN,165.0,CA,0.0,0.0,0.0,17.7,19.15,0.0,0.0,0.0
2006-05-26,2006-07-27,OPTSTK,COCHINREFN,170.0,CA,0.0,0.0,0.0,14.85,16.75,0.0,0.0,0.0
2006-05-26,2006-07-27,OPTSTK,COCHINREFN,175.0,CA,0.0,0.0,0.0,12.3,14.55,0.0,0.0,0.0
2006-05-26,2006-07-27,OPTSTK,COCHINREFN,180.0,CA,0.0,0.0,0.0,10.1,12.65,0.0,0.0,0.0
2006-05-26,2006-07-27,OPTSTK,COCHINREFN,185.0,CA,0.0,0.0,0.0,8.25,10.9,0.0,0.0,0.0
2006-05-26,2006-07-27,OPTSTK,COCHINREFN,190.0,CA,0.0,0.0,0.0,6.65,9.4,0.0,0.0,0.0
2006-05-26,2006-07-27,OPTSTK,COCHINREFN,195.0,CA,0.0,0.0,0.0,9.25,8.05,0.0,0.0,0.0
2006-05-26,2006-07-27,OPTSTK,COCHINREFN,200.0,CA,0.0,0.0,0.0,7.6,6.9,0.0,0.0,0.0
2006-05-26,2006-07-27,OPTSTK,COCHINREFN,205.0,CA,0.0,0.0,0.0,9.8,5.85,0.0,0.0,0.0
2006-05-26,2006-07-27,OPTSTK,COCHINREFN,140.0,PA,0.0,0.0,0.0,5.1,4.25,0.0,0.0,0.0
2006-05-26,2006-07-27,OPTSTK,COCHINREFN,145.0,PA,0.0,0.0,0.0,4.5,5.55,0.0,0.0,0.0
2006-05-26,2006-07-27,OPTSTK,COCHINREFN,150.0,PA,0.0,0.0,0.0,5.0,7.1,0.0,0.0,0.0
2006-05-26,2006-07-27,OPTSTK,COCHINREFN,155.0,PA,0.0,0.0,0.0,3.8,8.85,0.0,0.0,0.0
2006-05-26,2006-07-27,OPTSTK,COCHINREFN,160.0,PA,0.0,0.0,0.0,5.15,10.9,0.0,0.0,0.0
2006-05-26,2006-07-27,OPTSTK,COCHINREFN,165.0,PA,0.0,0.0,0.0,6.85,13.2,0.0,0.0,0.0
2006-05-26,2006-07-27,OPTSTK,COCHINREFN,170.0,PA,0.0,0.0,0.0,8.9,15.75,0.0,0.0,0.0
2006-05-26,2006-07-27,OPTSTK,COCHINREFN,175.0,PA,0.0,0.0,0.0,11.3,18.5,0.0,0.0,0.0
2006-05-26,2006-07-27,OPTSTK,COCHINREFN,180.0,PA,0.0,0.0,0.0,14.05,21.5,0.0,0.0,0.0
2006-05-26,2006-07-27,OPTSTK,COCHINREFN,185.0,PA,0.0,0.0,0.0,17.05,24.75,0.0,0.0,0.0
2006-05-26,2006-07-27,OPTSTK,COCHINREFN,190.0,PA,0.0,0.0,0.0,20.4,28.15,0.0,0.0,0.0
2006-05-26,2006-07-27,OPTSTK,COCHINREFN,195.0,PA,0.0,0.0,0.0,17.95,31.75,0.0,0.0,0.0
2006-05-26,2006-07-27,OPTSTK,COCHINREFN,200.0,PA,0.0,0.0,0.0,21.2,35.55,0.0,0.0,0.0
2006-05-26,2006-07-27,OPTSTK,COCHINREFN,205.0,PA,0.0,0.0,0.0,21.2,39.5,0.0,0.0,0.0
2006-05-26,2006-08-31,OPTSTK,COCHINREFN,145.0,CA,0.0,0.0,0.0,28.55,34.95,0.0,0.0,0.0
2006-05-26,2006-08-31,OPTSTK,COCHINREFN,150.0,CA,0.0,0.0,0.0,25.65,31.8,0.0,0.0,0.0
2006-05-26,2006-08-31,OPTSTK,COCHINREFN,155.0,CA,0.0,0.0,0.0,23.0,28.85,0.0,0.0,0.0
2006-05-26,2006-08-31,OPTSTK,COCHINREFN,160.0,CA,0.0,0.0,0.0,20.55,26.15,0.0,0.0,0.0
2006-05-26,2006-08-31,OPTSTK,COCHINREFN,165.0,CA,0.0,0.0,0.0,18.3,23.6,0.0,0.0,0.0
2006-05-26,2006-08-31,OPTSTK,COCHINREFN,170.0,CA,0.0,0.0,0.0,16.25,21.25,0.0,0.0,0.0
2006-05-26,2006-08-31,OPTSTK,COCHINREFN,175.0,CA,0.0,0.0,0.0,14.4,19.1,0.0,0.0,0.0
2006-05-26,2006-08-31,OPTSTK,COCHINREFN,180.0,CA,0.0,0.0,0.0,0.0,0.0,0.0,0.0,0.0
2006-05-26,2006-08-31,OPTSTK,COCHINREFN,185.0,CA,0.0,0.0,0.0,0.0,0.0,0.0,0.0,0.0
2006-05-26,2006-08-31,OPTSTK,COCHINREFN,145.0,PA,0.0,0.0,0.0,9.65,8.3,0.0,0.0,0.0
2006-05-26,2006-08-31,OPTSTK,COCHINREFN,150.0,PA,0.0,0.0,0.0,11.7,10.05,0.0,0.0,0.0
2006-05-26,2006-08-31,OPTSTK,COCHINREFN,155.0,PA,0.0,0.0,0.0,13.9,12.05,0.0,0.0,0.0
2006-05-26,2006-08-31,OPTSTK,COCHINREFN,160.0,PA,0.0,0.0,0.0,16.4,14.2,0.0,0.0,0.0
2006-05-26,2006-08-31,OPTSTK,COCHINREFN,165.0,PA,0.0,0.0,0.0,19.05,16.6,0.0,0.0,0.0
2006-05-26,2006-08-31,OPTSTK,COCHINREFN,170.0,PA,0.0,0.0,0.0,21.9,19.15,0.0,0.0,0.0
2006-05-26,2006-08-31,OPTSTK,COCHINREFN,175.0,PA,0.0,0.0,0.0,24.95,21.95,0.0,0.0,0.0
2006-05-26,2006-08-31,OPTSTK,COCHINREFN,180.0,PA,0.0,0.0,0.0,0.0,0.0,0.0,0.0,0.0
2006-05-26,2006-08-31,OPTSTK,COCHINREFN,185.0,PA,0.0,0.0,0.0,0.0,0.0,0.0,0.0,0.0
2006-05-26,2006-06-29,OPTSTK,COLGATE,310.0,CA,0.0,0.0,0.0,49.9,73.0,0.0,0.0,0.0
2006-05-26,2006-06-29,OPTSTK,COLGATE,320.0,CA,0.0,0.0,0.0,52.4,65.1,0.0,0.0,0.0
2006-05-26,2006-06-29,OPTSTK,COLGATE,330.0,CA,0.0,0.0,0.0,46.25,57.75,0.0,0.0,0.0
2006-05-26,2006-06-29,OPTSTK,COLGATE,340.0,CA,0.0,0.0,0.0,40.55,50.8,0.0,0.0,0.0
2006-05-26,2006-06-29,OPTSTK,COLGATE,350.0,CA,0.0,0.0,0.0,47.35,44.45,0.0,0.0,0.0
2006-05-26,2006-06-29,OPTSTK,COLGATE,360.0,CA,0.0,0.0,0.0,41.65,38.65,0.0,0.0,0.0
2006-05-26,2006-06-29,OPTSTK,COLGATE,370.0,CA,0.0,0.0,0.0,55.55,33.4,0.0,0.0,0.0
2006-05-26,2006-06-29,OPTSTK,COLGATE,380.0,CA,0.0,0.0,0.0,54.3,28.65,0.0,0.0,0.0
2006-05-26,2006-06-29,OPTSTK,COLGATE,390.0,CA,0.0,0.0,0.0,48.05,24.45,0.0,0.0,0.0
2006-05-26,2006-06-29,OPTSTK,COLGATE,400.0,CA,6.1,6.1,6.1,6.1,6.1,1.0,4.26,1050.0
2006-05-26,2006-06-29,OPTSTK,COLGATE,410.0,CA,0.0,0.0,0.0,36.95,17.5,0.0,0.0,0.0
2006-05-26,2006-06-29,OPTSTK,COLGATE,420.0,CA,0.0,0.0,0.0,32.15,14.7,0.0,0.0,0.0
2006-05-26,2006-06-29,OPTSTK,COLGATE,430.0,CA,0.0,0.0,0.0,27.8,12.3,0.0,0.0,0.0
2006-05-26,2006-06-29,OPTSTK,COLGATE,440.0,CA,0.0,0.0,0.0,23.95,10.2,0.0,0.0,0.0
2006-05-26,2006-06-29,OPTSTK,COLGATE,450.0,CA,0.0,0.0,0.0,33.55,8.45,0.0,0.0,0.0
2006-05-26,2006-06-29,OPTSTK,COLGATE,460.0,CA,0.0,0.0,0.0,29.6,6.95,0.0,0.0,0.0
2006-05-26,2006-06-29,OPTSTK,COLGATE,470.0,CA,0.0,0.0,0.0,26.65,5.7,0.0,0.0,0.0
2006-05-26,2006-06-29,OPTSTK,COLGATE,480.0,CA,0.0,0.0,0.0,34.55,4.65,0.0,0.0,0.0
2006-05-26,2006-06-29,OPTSTK,COLGATE,490.0,CA,0.0,0.0,0.0,30.75,3.8,0.0,0.0,0.0
2006-05-26,2006-06-29,OPTSTK,COLGATE,310.0,PA,0.0,0.0,0.0,13.55,5.7,0.0,0.0,0.0
2006-05-26,2006-06-29,OPTSTK,COLGATE,320.0,PA,0.0,0.0,0.0,15.0,7.75,0.0,0.0,0.0
2006-05-26,2006-06-29,OPTSTK,COLGATE,330.0,PA,0.0,0.0,0.0,18.75,10.3,0.0,0.0,0.0
2006-05-26,2006-06-29,OPTSTK,COLGATE,340.0,PA,0.0,0.0,0.0,23.0,13.3,0.0,0.0,0.0
2006-05-26,2006-06-29,OPTSTK,COLGATE,350.0,PA,0.0,0.0,0.0,18.7,16.9,0.0,0.0,0.0
2006-05-26,2006-06-29,OPTSTK,COLGATE,360.0,PA,0.0,0.0,0.0,22.9,21.05,0.0,0.0,0.0
2006-05-26,2006-06-29,OPTSTK,COLGATE,370.0,PA,0.0,0.0,0.0,20.3,25.7,0.0,0.0,0.0
2006-05-26,2006-06-29,OPTSTK,COLGATE,380.0,PA,0.0,0.0,0.0,14.25,30.95,0.0,0.0,0.0
2006-05-26,2006-06-29,OPTSTK,COLGATE,390.0,PA,0.0,0.0,0.0,17.75,36.65,0.0,0.0,0.0
2006-05-26,2006-06-29,OPTSTK,COLGATE,400.0,PA,0.0,0.0,0.0,21.7,42.9,0.0,0.0,0.0
2006-05-26,2006-06-29,OPTSTK,COLGATE,410.0,PA,0.0,0.0,0.0,26.2,49.6,0.0,0.0,0.0
2006-05-26,2006-06-29,OPTSTK,COLGATE,420.0,PA,0.0,0.0,0.0,31.2,56.7,0.0,0.0,0.0
2006-05-26,2006-06-29,OPTSTK,COLGATE,430.0,PA,0.0,0.0,0.0,36.65,64.25,0.0,0.0,0.0
2006-05-26,2006-06-29,OPTSTK,COLGATE,440.0,PA,0.0,0.0,0.0,42.55,72.1,0.0,0.0,0.0
2006-05-26,2006-06-29,OPTSTK,COLGATE,450.0,PA,0.0,0.0,0.0,42.1,80.25,0.0,0.0,0.0
2006-05-26,2006-06-29,OPTSTK,COLGATE,460.0,PA,0.0,0.0,0.0,47.95,88.7,0.0,0.0,0.0
2006-05-26,2006-06-29,OPTSTK,COLGATE,470.0,PA,0.0,0.0,0.0,50.1,97.4,0.0,0.0,0.0
2006-05-26,2006-06-29,OPTSTK,COLGATE,480.0,PA,0.0,0.0,0.0,48.05,106.3,0.0,0.0,0.0
2006-05-26,2006-06-29,OPTSTK,COLGATE,490.0,PA,0.0,0.0,0.0,54.1,115.35,0.0,0.0,0.0
2006-05-26,2006-07-27,OPTSTK,COLGATE,310.0,CA,0.0,0.0,0.0,58.9,80.7,0.0,0.0,0.0
2006-05-26,2006-07-27,OPTSTK,COLGATE,320.0,CA,0.0,0.0,0.0,61.5,73.6,0.0,0.0,0.0
2006-05-26,2006-07-27,OPTSTK,COLGATE,330.0,CA,0.0,0.0,0.0,55.75,66.95,0.0,0.0,0.0
2006-05-26,2006-07-27,OPTSTK,COLGATE,340.0,CA,0.0,0.0,0.0,50.45,60.7,0.0,0.0,0.0
2006-05-26,2006-07-27,OPTSTK,COLGATE,350.0,CA,0.0,0.0,0.0,56.85,54.9,0.0,0.0,0.0
2006-05-26,2006-07-27,OPTSTK,COLGATE,360.0,CA,0.0,0.0,0.0,51.5,49.5,0.0,0.0,0.0
2006-05-26,2006-07-27,OPTSTK,COLGATE,370.0,CA,0.0,0.0,0.0,57.0,44.5,0.0,0.0,0.0
2006-05-26,2006-07-27,OPTSTK,COLGATE,380.0,CA,0.0,0.0,0.0,56.55,39.9,0.0,0.0,0.0
2006-05-26,2006-07-27,OPTSTK,COLGATE,390.0,CA,0.0,0.0,0.0,60.95,35.7,0.0,0.0,0.0
2006-05-26,2006-07-27,OPTSTK,COLGATE,400.0,CA,0.0,0.0,0.0,67.9,31.85,0.0,0.0,0.0
2006-05-26,2006-07-27,OPTSTK,COLGATE,410.0,CA,0.0,0.0,0.0,62.5,28.35,0.0,0.0,0.0
2006-05-26,2006-07-27,OPTSTK,COLGATE,420.0,CA,0.0,0.0,0.0,57.45,25.15,0.0,0.0,0.0
2006-05-26,2006-07-27,OPTSTK,COLGATE,430.0,CA,0.0,0.0,0.0,52.75,22.3,0.0,0.0,0.0
2006-05-26,2006-07-27,OPTSTK,COLGATE,440.0,CA,0.0,0.0,0.0,48.35,19.75,0.0,0.0,0.0
2006-05-26,2006-07-27,OPTSTK,COLGATE,450.0,CA,0.0,0.0,0.0,44.2,17.45,0.0,0.0,0.0
2006-05-26,2006-07-27,OPTSTK,COLGATE,460.0,CA,0.0,0.0,0.0,40.4,15.4,0.0,0.0,0.0
2006-05-26,2006-07-27,OPTSTK,COLGATE,470.0,CA,0.0,0.0,0.0,38.05,13.55,0.0,0.0,0.0
2006-05-26,2006-07-27,OPTSTK,COLGATE,480.0,CA,0.0,0.0,0.0,44.25,11.9,0.0,0.0,0.0
2006-05-26,2006-07-27,OPTSTK,COLGATE,490.0,CA,0.0,0.0,0.0,40.45,10.4,0.0,0.0,0.0
2006-05-26,2006-07-27,OPTSTK,COLGATE,310.0,PA,0.0,0.0,0.0,20.9,11.8,0.0,0.0,0.0
2006-05-26,2006-07-27,OPTSTK,COLGATE,320.0,PA,0.0,0.0,0.0,22.4,14.6,0.0,0.0,0.0
2006-05-26,2006-07-27,OPTSTK,COLGATE,330.0,PA,0.0,0.0,0.0,26.55,17.8,0.0,0.0,0.0
2006-05-26,2006-07-27,OPTSTK,COLGATE,340.0,PA,0.0,0.0,0.0,31.1,21.5,0.0,0.0,0.0
2006-05-26,2006-07-27,OPTSTK,COLGATE,350.0,PA,0.0,0.0,0.0,26.4,25.55,0.0,0.0,0.0
2006-05-26,2006-07-27,OPTSTK,COLGATE,360.0,PA,0.0,0.0,0.0,30.9,30.05,0.0,0.0,0.0
2006-05-26,2006-07-27,OPTSTK,COLGATE,370.0,PA,0.0,0.0,0.0,16.95,34.9,0.0,0.0,0.0
2006-05-26,2006-07-27,OPTSTK,COLGATE,380.0,PA,0.0,0.0,0.0,19.85,40.2,0.0,0.0,0.0
2006-05-26,2006-07-27,OPTSTK,COLGATE,390.0,PA,0.0,0.0,0.0,20.75,45.85,0.0,0.0,0.0
2006-05-26,2006-07-27,OPTSTK,COLGATE,400.0,PA,0.0,0.0,0.0,31.4,51.9,0.0,0.0,0.0
2006-05-26,2006-07-27,OPTSTK,COLGATE,410.0,PA,0.0,0.0,0.0,35.85,58.3,0.0,0.0,0.0
2006-05-26,2006-07-27,OPTSTK,COLGATE,420.0,PA,0.0,0.0,0.0,40.65,65.0,0.0,0.0,0.0
2006-05-26,2006-07-27,OPTSTK,COLGATE,430.0,PA,0.0,0.0,0.0,45.75,72.05,0.0,0.0,0.0
2006-05-26,2006-07-27,OPTSTK,COLGATE,440.0,PA,0.0,0.0,0.0,51.15,79.35,0.0,0.0,0.0
2006-05-26,2006-07-27,OPTSTK,COLGATE,450.0,PA,0.0,0.0,0.0,56.9,86.95,0.0,0.0,0.0
2006-05-26,2006-07-27,OPTSTK,COLGATE,460.0,PA,0.0,0.0,0.0,62.9,94.75,0.0,0.0,0.0
2006-05-26,2006-07-27,OPTSTK,COLGATE,470.0,PA,0.0,0.0,0.0,64.65,102.8,0.0,0.0,0.0
2006-05-26,2006-07-27,OPTSTK,COLGATE,480.0,PA,0.0,0.0,0.0,59.95,111.05,0.0,0.0,0.0
2006-05-26,2006-07-27,OPTSTK,COLGATE,490.0,PA,0.0,0.0,0.0,66.0,119.45,0.0,0.0,0.0
2006-05-26,2006-08-31,OPTSTK,COLGATE,340.0,CA,0.0,0.0,0.0,70.3,70.75,0.0,0.0,0.0
2006-05-26,2006-08-31,OPTSTK,COLGATE,350.0,CA,0.0,0.0,0.0,65.0,65.3,0.0,0.0,0.0
2006-05-26,2006-08-31,OPTSTK,COLGATE,360.0,CA,0.0,0.0,0.0,60.0,60.2,0.0,0.0,0.0
2006-05-26,2006-08-31,OPTSTK,COLGATE,370.0,CA,0.0,0.0,0.0,55.35,55.4,0.0,0.0,0.0
2006-05-26,2006-08-31,OPTSTK,COLGATE,380.0,CA,0.0,0.0,0.0,51.0,50.9,0.0,0.0,0.0
2006-05-26,2006-08-31,OPTSTK,COLGATE,390.0,CA,0.0,0.0,0.0,46.95,46.75,0.0,0.0,0.0
2006-05-26,2006-08-31,OPTSTK,COLGATE,400.0,CA,0.0,0.0,0.0,43.15,42.85,0.0,0.0,0.0
2006-05-26,2006-08-31,OPTSTK,COLGATE,410.0,CA,0.0,0.0,0.0,0.0,0.0,0.0,0.0,0.0
2006-05-26,2006-08-31,OPTSTK,COLGATE,340.0,PA,0.0,0.0,0.0,31.75,29.35,0.0,0.0,0.0
2006-05-26,2006-08-31,OPTSTK,COLGATE,350.0,PA,0.0,0.0,0.0,36.25,33.7,0.0,0.0,0.0
2006-05-26,2006-08-31,OPTSTK,COLGATE,360.0,PA,0.0,0.0,0.0,41.1,38.4,0.0,0.0,0.0
2006-05-26,2006-08-31,OPTSTK,COLGATE,370.0,PA,0.0,0.0,0.0,46.25,43.45,0.0,0.0,0.0
2006-05-26,2006-08-31,OPTSTK,COLGATE,380.0,PA,0.0,0.0,0.0,51.75,48.8,0.0,0.0,0.0
2006-05-26,2006-08-31,OPTSTK,COLGATE,390.0,PA,0.0,0.0,0.0,57.5,54.45,0.0,0.0,0.0
2006-05-26,2006-08-31,OPTSTK,COLGATE,400.0,PA,0.0,0.0,0.0,63.5,60.4,0.0,0.0,0.0
2006-05-26,2006-08-31,OPTSTK,COLGATE,410.0,PA,0.0,0.0,0.0,0.0,0.0,0.0,0.0,0.0
2006-05-26,2006-06-29,OPTSTK,CORPBANK,230.0,CA,0.0,0.0,0.0,41.95,73.3,0.0,0.0,0.0
2006-05-26,2006-06-29,OPTSTK,CORPBANK,240.0,CA,0.0,0.0,0.0,34.95,65.95,0.0,0.0,0.0
2006-05-26,2006-06-29,OPTSTK,CORPBANK,250.0,CA,0.0,0.0,0.0,28.7,59.1,0.0,0.0,0.0
2006-05-26,2006-06-29,OPTSTK,CORPBANK,260.0,CA,0.0,0.0,0.0,23.3,52.7,0.0,0.0,0.0
2006-05-26,2006-06-29,OPTSTK,CORPBANK,270.0,CA,0.0,0.0,0.0,18.65,46.85,0.0,0.0,0.0
2006-05-26,2006-06-29,OPTSTK,CORPBANK,280.0,CA,0.0,0.0,0.0,42.55,41.5,0.0,0.0,0.0
2006-05-26,2006-06-29,OPTSTK,CORPBANK,290.0,CA,0.0,0.0,0.0,46.0,36.6,0.0,0.0,0.0
2006-05-26,2006-06-29,OPTSTK,CORPBANK,300.0,CA,0.0,0.0,0.0,45.05,32.2,0.0,0.0,0.0
2006-05-26,2006-06-29,OPTSTK,CORPBANK,310.0,CA,0.0,0.0,0.0,52.75,28.2,0.0,0.0,0.0
2006-05-26,2006-06-29,OPTSTK,CORPBANK,320.0,CA,0.0,0.0,0.0,46.8,24.65,0.0,0.0,0.0
2006-05-26,2006-06-29,OPTSTK,CORPBANK,330.0,CA,0.0,0.0,0.0,54.55,21.5,0.0,0.0,0.0
2006-05-26,2006-06-29,OPTSTK,CORPBANK,340.0,CA,0.0,0.0,0.0,47.25,18.65,0.0,0.0,0.0
2006-05-26,2006-06-29,OPTSTK,CORPBANK,350.0,CA,0.0,0.0,0.0,41.05,16.2,0.0,0.0,0.0
2006-05-26,2006-06-29,OPTSTK,CORPBANK,360.0,CA,0.0,0.0,0.0,35.45,14.05,0.0,0.0,0.0
2006-05-26,2006-06-29,OPTSTK,CORPBANK,370.0,CA,0.0,0.0,0.0,30.4,12.1,0.0,0.0,0.0
2006-05-26,2006-06-29,OPTSTK,CORPBANK,380.0,CA,0.0,0.0,0.0,25.9,10.45,0.0,0.0,0.0
2006-05-26,2006-06-29,OPTSTK,CORPBANK,390.0,CA,0.0,0.0,0.0,21.9,9.0,0.0,0.0,0.0
2006-05-26,2006-06-29,OPTSTK,CORPBANK,400.0,CA,0.0,0.0,0.0,18.4,7.7,0.0,0.0,0.0
2006-05-26,2006-06-29,OPTSTK,CORPBANK,410.0,CA,0.0,0.0,0.0,24.85,6.65,0.0,0.0,0.0
2006-05-26,2006-06-29,OPTSTK,CORPBANK,420.0,CA,0.0,0.0,0.0,36.05,5.7,0.0,0.0,0.0
2006-05-26,2006-06-29,OPTSTK,CORPBANK,430.0,CA,0.0,0.0,0.0,32.05,4.85,0.0,0.0,0.0
2006-05-26,2006-06-29,OPTSTK,CORPBANK,440.0,CA,0.0,0.0,0.0,28.4,4.15,0.0,0.0,0.0
2006-05-26,2006-06-29,OPTSTK,CORPBANK,230.0,PA,0.0,0.0,0.0,6.3,8.15,0.0,0.0,0.0
2006-05-26,2006-06-29,OPTSTK,CORPBANK,240.0,PA,0.0,0.0,0.0,9.2,10.75,0.0,0.0,0.0
2006-05-26,2006-06-29,OPTSTK,CORPBANK,250.0,PA,0.0,0.0,0.0,12.9,13.85,0.0,0.0,0.0
2006-05-26,2006-06-29,OPTSTK,CORPBANK,260.0,PA,0.0,0.0,0.0,17.4,17.4,0.0,0.0,0.0
2006-05-26,2006-06-29,OPTSTK,CORPBANK,270.0,PA,0.0,0.0,0.0,22.65,21.45,0.0,0.0,0.0
2006-05-26,2006-06-29,OPTSTK,CORPBANK,280.0,PA,0.0,0.0,0.0,11.1,26.0,0.0,0.0,0.0
2006-05-26,2006-06-29,OPTSTK,CORPBANK,290.0,PA,0.0,0.0,0.0,10.25,31.05,0.0,0.0,0.0
2006-05-26,2006-06-29,OPTSTK,CORPBANK,300.0,PA,0.0,0.0,0.0,13.8,36.6,0.0,0.0,0.0
2006-05-26,2006-06-29,OPTSTK,CORPBANK,310.0,PA,0.0,0.0,0.0,17.0,42.55,0.0,0.0,0.0
2006-05-26,2006-06-29,OPTSTK,CORPBANK,320.0,PA,0.0,0.0,0.0,20.9,48.95,0.0,0.0,0.0
2006-05-26,2006-06-29,OPTSTK,CORPBANK,330.0,PA,0.0,0.0,0.0,16.7,55.7,0.0,0.0,0.0
2006-05-26,2006-06-29,OPTSTK,CORPBANK,340.0,PA,0.0,0.0,0.0,13.2,62.85,0.0,0.0,0.0
2006-05-26,2006-06-29,OPTSTK,CORPBANK,350.0,PA,0.0,0.0,0.0,16.8,70.3,0.0,0.0,0.0
2006-05-26,2006-06-29,OPTSTK,CORPBANK,360.0,PA,0.0,0.0,0.0,21.0,78.05,0.0,0.0,0.0
2006-05-26,2006-06-29,OPTSTK,CORPBANK,370.0,PA,0.0,0.0,0.0,25.7,86.1,0.0,0.0,0.0
2006-05-26,2006-06-29,OPTSTK,CORPBANK,380.0,PA,0.0,0.0,0.0,31.0,94.35,0.0,0.0,0.0
2006-05-26,2006-06-29,OPTSTK,CORPBANK,390.0,PA,0.0,0.0,0.0,36.8,102.85,0.0,0.0,0.0
2006-05-26,2006-06-29,OPTSTK,CORPBANK,400.0,PA,0.0,0.0,0.0,43.1,111.5,0.0,0.0,0.0
2006-05-26,2006-06-29,OPTSTK,CORPBANK,410.0,PA,0.0,0.0,0.0,43.05,120.35,0.0,0.0,0.0
2006-05-26,2006-06-29,OPTSTK,CORPBANK,420.0,PA,0.0,0.0,0.0,42.05,129.35,0.0,0.0,0.0
2006-05-26,2006-06-29,OPTSTK,CORPBANK,430.0,PA,0.0,0.0,0.0,47.85,138.45,0.0,0.0,0.0
2006-05-26,2006-06-29,OPTSTK,CORPBANK,440.0,PA,0.0,0.0,0.0,54.0,147.7,0.0,0.0,0.0
2006-05-26,2006-07-27,OPTSTK,CORPBANK,230.0,CA,0.0,0.0,0.0,47.65,82.05,0.0,0.0,0.0
2006-05-26,2006-07-27,OPTSTK,CORPBANK,240.0,CA,0.0,0.0,0.0,41.25,75.55,0.0,0.0,0.0
2006-05-26,2006-07-27,OPTSTK,CORPBANK,250.0,CA,0.0,0.0,0.0,35.45,69.45,0.0,0.0,0.0
2006-05-26,2006-07-27,OPTSTK,CORPBANK,260.0,CA,0.0,0.0,0.0,30.3,63.75,0.0,0.0,0.0
2006-05-26,2006-07-27,OPTSTK,CORPBANK,270.0,CA,0.0,0.0,0.0,25.7,58.45,0.0,0.0,0.0
2006-05-26,2006-07-27,OPTSTK,CORPBANK,280.0,CA,0.0,0.0,0.0,49.65,53.5,0.0,0.0,0.0
2006-05-26,2006-07-27,OPTSTK,CORPBANK,290.0,CA,0.0,0.0,0.0,52.95,48.95,0.0,0.0,0.0
2006-05-26,2006-07-27,OPTSTK,CORPBANK,300.0,CA,0.0,0.0,0.0,50.9,44.7,0.0,0.0,0.0
2006-05-26,2006-07-27,OPTSTK,CORPBANK,310.0,CA,0.0,0.0,0.0,45.1,40.8,0.0,0.0,0.0
2006-05-26,2006-07-27,OPTSTK,CORPBANK,320.0,CA,0.0,0.0,0.0,39.85,37.15,0.0,0.0,0.0
2006-05-26,2006-07-27,OPTSTK,CORPBANK,330.0,CA,0.0,0.0,0.0,35.05,33.85,0.0,0.0,0.0
2006-05-26,2006-07-27,OPTSTK,CORPBANK,340.0,CA,0.0,0.0,0.0,30.7,30.8,0.0,0.0,0.0
2006-05-26,2006-07-27,OPTSTK,CORPBANK,350.0,CA,0.0,0.0,0.0,26.8,28.0,0.0,0.0,0.0
2006-05-26,2006-07-27,OPTSTK,CORPBANK,360.0,CA,0.0,0.0,0.0,23.3,25.5,0.0,0.0,0.0
2006-05-26,2006-07-27,OPTSTK,CORPBANK,370.0,CA,0.0,0.0,0.0,23.1,23.15,0.0,0.0,0.0
2006-05-26,2006-07-27,OPTSTK,CORPBANK,380.0,CA,0.0,0.0,0.0,22.45,21.05,0.0,0.0,0.0
2006-05-26,2006-07-27,OPTSTK,CORPBANK,390.0,CA,0.0,0.0,0.0,25.15,19.1,0.0,0.0,0.0
2006-05-26,2006-07-27,OPTSTK,CORPBANK,400.0,CA,0.0,0.0,0.0,27.35,17.35,0.0,0.0,0.0
2006-05-26,2006-07-27,OPTSTK,CORPBANK,230.0,PA,0.0,0.0,0.0,10.75,15.7,0.0,0.0,0.0
2006-05-26,2006-07-27,OPTSTK,CORPBANK,240.0,PA,0.0,0.0,0.0,14.25,19.1,0.0,0.0,0.0
2006-05-26,2006-07-27,OPTSTK,CORPBANK,250.0,PA,0.0,0.0,0.0,18.35,22.9,0.0,0.0,0.0
2006-05-26,2006-07-27,OPTSTK,CORPBANK,260.0,PA,0.0,0.0,0.0,23.05,27.1,0.0,0.0,0.0
2006-05-26,2006-07-27,OPTSTK,CORPBANK,270.0,PA,0.0,0.0,0.0,28.35,31.65,0.0,0.0,0.0
2006-05-26,2006-07-27,OPTSTK,CORPBANK,280.0,PA,0.0,0.0,0.0,16.8,36.6,0.0,0.0,0.0
2006-05-26,2006-07-27,OPTSTK,CORPBANK,290.0,PA,0.0,0.0,0.0,15.75,41.9,0.0,0.0,0.0
2006-05-26,2006-07-27,OPTSTK,CORPBANK,300.0,PA,0.0,0.0,0.0,18.05,47.55,0.0,0.0,0.0
2006-05-26,2006-07-27,OPTSTK,CORPBANK,310.0,PA,0.0,0.0,0.0,22.1,53.55,0.0,0.0,0.0
2006-05-26,2006-07-27,OPTSTK,CORPBANK,320.0,PA,0.0,0.0,0.0,26.65,59.8,0.0,0.0,0.0
2006-05-26,2006-07-27,OPTSTK,CORPBANK,330.0,PA,0.0,0.0,0.0,31.7,66.35,0.0,0.0,0.0
2006-05-26,2006-07-27,OPTSTK,CORPBANK,340.0,PA,0.0,0.0,0.0,37.2,73.2,0.0,0.0,0.0
2006-05-26,2006-07-27,OPTSTK,CORPBANK,350.0,PA,0.0,0.0,0.0,43.1,80.3,0.0,0.0,0.0
2006-05-26,2006-07-27,OPTSTK,CORPBANK,360.0,PA,0.0,0.0,0.0,49.45,87.65,0.0,0.0,0.0
2006-05-26,2006-07-27,OPTSTK,CORPBANK,370.0,PA,0.0,0.0,0.0,48.45,95.2,0.0,0.0,0.0
2006-05-26,2006-07-27,OPTSTK,CORPBANK,380.0,PA,0.0,0.0,0.0,49.8,103.0,0.0,0.0,0.0
2006-05-26,2006-07-27,OPTSTK,CORPBANK,390.0,PA,0.0,0.0,0.0,49.9,110.9,0.0,0.0,0.0
2006-05-26,2006-07-27,OPTSTK,CORPBANK,400.0,PA,0.0,0.0,0.0,50.05,119.05,0.0,0.0,0.0
2006-05-26,2006-08-31,OPTSTK,CORPBANK,260.0,CA,0.0,0.0,0.0,70.45,74.7,0.0,0.0,0.0
2006-05-26,2006-08-31,OPTSTK,CORPBANK,270.0,CA,0.0,0.0,0.0,65.8,69.8,0.0,0.0,0.0
2006-05-26,2006-08-31,OPTSTK,CORPBANK,280.0,CA,0.0,0.0,0.0,61.45,65.2,0.0,0.0,0.0
2006-05-26,2006-08-31,OPTSTK,CORPBANK,290.0,CA,0.0,0.0,0.0,57.4,60.85,0.0,0.0,0.0
2006-05-26,2006-08-31,OPTSTK,CORPBANK,300.0,CA,0.0,0.0,0.0,53.55,56.8,0.0,0.0,0.0
2006-05-26,2006-08-31,OPTSTK,CORPBANK,310.0,CA,0.0,0.0,0.0,50.0,53.0,0.0,0.0,0.0
2006-05-26,2006-08-31,OPTSTK,CORPBANK,320.0,CA,0.0,0.0,0.0,46.65,49.45,0.0,0.0,0.0
2006-05-26,2006-08-31,OPTSTK,CORPBANK,260.0,PA,0.0,0.0,0.0,40.2,36.35,0.0,0.0,0.0
2006-05-26,2006-08-31,OPTSTK,CORPBANK,270.0,PA,0.0,0.0,0.0,45.35,41.3,0.0,0.0,0.0
2006-05-26,2006-08-31,OPTSTK,CORPBANK,280.0,PA,0.0,0.0,0.0,50.85,46.5,0.0,0.0,0.0
2006-05-26,2006-08-31,OPTSTK,CORPBANK,290.0,PA,0.0,0.0,0.0,56.55,52.0,0.0,0.0,0.0
2006-05-26,2006-08-31,OPTSTK,CORPBANK,300.0,PA,0.0,0.0,0.0,62.55,57.75,0.0,0.0,0.0
2006-05-26,2006-08-31,OPTSTK,CORPBANK,310.0,PA,0.0,0.0,0.0,68.8,63.75,0.0,0.0,0.0
2006-05-26,2006-08-31,OPTSTK,CORPBANK,320.0,PA,0.0,0.0,0.0,75.25,70.05,0.0,0.0,0.0
2006-05-26,2006-06-29,OPTSTK,CUMMINSIND,160.0,CA,0.0,0.0,0.0,24.85,32.8,0.0,0.0,0.0
2006-05-26,2006-06-29,OPTSTK,CUMMINSIND,165.0,CA,0.0,0.0,0.0,21.85,29.25,0.0,0.0,0.0
2006-05-26,2006-06-29,OPTSTK,CUMMINSIND,170.0,CA,0.0,0.0,0.0,25.7,25.9,0.0,0.0,0.0
2006-05-26,2006-06-29,OPTSTK,CUMMINSIND,175.0,CA,0.0,0.0,0.0,22.85,22.8,0.0,0.0,0.0
2006-05-26,2006-06-29,OPTSTK,CUMMINSIND,180.0,CA,0.0,0.0,0.0,20.2,20.0,0.0,0.0,0.0
2006-05-26,2006-06-29,OPTSTK,CUMMINSIND,185.0,CA,0.0,0.0,0.0,25.45,17.45,0.0,0.0,0.0
2006-05-26,2006-06-29,OPTSTK,CUMMINSIND,190.0,CA,0.0,0.0,0.0,22.55,15.1,0.0,0.0,0.0
2006-05-26,2006-06-29,OPTSTK,CUMMINSIND,195.0,CA,0.0,0.0,0.0,24.4,13.05,0.0,0.0,0.0
2006-05-26,2006-06-29,OPTSTK,CUMMINSIND,200.0,CA,11.65,11.65,11.65,11.65,11.65,1.0,4.02,1900.0
2006-05-26,2006-06-29,OPTSTK,CUMMINSIND,205.0,CA,0.0,0.0,0.0,19.35,9.6,0.0,0.0,0.0
2006-05-26,2006-06-29,OPTSTK,CUMMINSIND,210.0,CA,0.0,0.0,0.0,28.75,8.15,0.0,0.0,0.0
2006-05-26,2006-06-29,OPTSTK,CUMMINSIND,215.0,CA,0.0,0.0,0.0,27.9,6.9,0.0,0.0,0.0
2006-05-26,2006-06-29,OPTSTK,CUMMINSIND,220.0,CA,0.0,0.0,0.0,31.95,5.85,0.0,0.0,0.0
2006-05-26,2006-06-29,OPTSTK,CUMMINSIND,225.0,CA,0.0,0.0,0.0,29.1,4.9,0.0,0.0,0.0
2006-05-26,2006-06-29,OPTSTK,CUMMINSIND,230.0,CA,0.0,0.0,0.0,26.45,4.1,0.0,0.0,0.0
2006-05-26,2006-06-29,OPTSTK,CUMMINSIND,235.0,CA,0.0,0.0,0.0,24.0,3.45,0.0,0.0,0.0
2006-05-26,2006-06-29,OPTSTK,CUMMINSIND,240.0,CA,0.0,0.0,0.0,21.7,2.85,0.0,0.0,0.0
2006-05-26,2006-06-29,OPTSTK,CUMMINSIND,245.0,CA,0.0,0.0,0.0,19.55,2.4,0.0,0.0,0.0
2006-05-26,2006-06-29,OPTSTK,CUMMINSIND,250.0,CA,3.0,3.0,3.0,3.0,3.0,1.0,4.8,1900.0
2006-05-26,2006-06-29,OPTSTK,CUMMINSIND,255.0,CA,0.0,0.0,0.0,16.8,1.65,0.0,0.0,0.0
2006-05-26,2006-06-29,OPTSTK,CUMMINSIND,260.0,CA,0.0,0.0,0.0,20.95,1.35,0.0,0.0,0.0
2006-05-26,2006-06-29,OPTSTK,CUMMINSIND,265.0,CA,0.0,0.0,0.0,19.0,1.1,0.0,0.0,0.0
2006-05-26,2006-06-29,OPTSTK,CUMMINSIND,270.0,CA,0.0,0.0,0.0,18.2,0.9,0.0,0.0,0.0
2006-05-26,2006-06-29,OPTSTK,CUMMINSIND,280.0,CA,0.0,0.0,0.0,14.85,0.6,0.0,0.0,0.0
2006-05-26,2006-06-29,OPTSTK,CUMMINSIND,290.0,CA,0.0,0.0,0.0,12.55,0.4,0.0,0.0,0.0
2006-05-26,2006-06-29,OPTSTK,CUMMINSIND,160.0,PA,0.0,0.0,0.0,8.45,4.7,0.0,0.0,0.0
2006-05-26,2006-06-29,OPTSTK,CUMMINSIND,165.0,PA,0.0,0.0,0.0,10.45,6.1,0.0,0.0,0.0
2006-05-26,2006-06-29,OPTSTK,CUMMINSIND,170.0,PA,0.0,0.0,0.0,10.1,7.7,0.0,0.0,0.0
2006-05-26,2006-06-29,OPTSTK,CUMMINSIND,175.0,PA,0.0,0.0,0.0,12.2,9.6,0.0,0.0,0.0
2006-05-26,2006-06-29,OPTSTK,CUMMINSIND,180.0,PA,0.0,0.0,0.0,14.55,11.75,0.0,0.0,0.0
2006-05-26,2006-06-29,OPTSTK,CUMMINSIND,185.0,PA,0.0,0.0,0.0,9.3,14.15,0.0,0.0,0.0
2006-05-26,2006-06-29,OPTSTK,CUMMINSIND,190.0,PA,0.0,0.0,0.0,11.35,16.8,0.0,0.0,0.0
2006-05-26,2006-06-29,OPTSTK,CUMMINSIND,195.0,PA,0.0,0.0,0.0,6.15,19.7,0.0,0.0,0.0
2006-05-26,2006-06-29,OPTSTK,CUMMINSIND,200.0,PA,0.0,0.0,0.0,5.8,22.85,0.0,0.0,0.0
2006-05-26,2006-06-29,OPTSTK,CUMMINSIND,205.0,PA,0.0,0.0,0.0,7.5,26.2,0.0,0.0,0.0
2006-05-26,2006-06-29,OPTSTK,CUMMINSIND,210.0,PA,0.0,0.0,0.0,12.05,29.75,0.0,0.0,0.0
2006-05-26,2006-06-29,OPTSTK,CUMMINSIND,215.0,PA,0.0,0.0,0.0,11.85,33.45,0.0,0.0,0.0
2006-05-26,2006-06-29,OPTSTK,CUMMINSIND,220.0,PA,0.0,0.0,0.0,12.7,37.35,0.0,0.0,0.0
2006-05-26,2006-06-29,OPTSTK,CUMMINSIND,225.0,PA,0.0,0.0,0.0,14.75,41.4,0.0,0.0,0.0
2006-05-26,2006-06-29,OPTSTK,CUMMINSIND,230.0,PA,0.0,0.0,0.0,17.0,45.55,0.0,0.0,0.0
2006-05-26,2006-06-29,OPTSTK,CUMMINSIND,235.0,PA,0.0,0.0,0.0,19.45,49.85,0.0,0.0,0.0
2006-05-26,2006-06-29,OPTSTK,CUMMINSIND,240.0,PA,0.0,0.0,0.0,22.05,54.25,0.0,0.0,0.0
2006-05-26,2006-06-29,OPTSTK,CUMMINSIND,245.0,PA,0.0,0.0,0.0,24.8,58.75,0.0,0.0,0.0
2006-05-26,2006-06-29,OPTSTK,CUMMINSIND,250.0,PA,0.0,0.0,0.0,27.75,63.3,0.0,0.0,0.0
2006-05-26,2006-06-29,OPTSTK,CUMMINSIND,255.0,PA,0.0,0.0,0.0,28.5,67.9,0.0,0.0,0.0
2006-05-26,2006-06-29,OPTSTK,CUMMINSIND,260.0,PA,0.0,0.0,0.0,27.15,72.6,0.0,0.0,0.0
2006-05-26,2006-06-29,OPTSTK,CUMMINSIND,265.0,PA,0.0,0.0,0.0,30.1,77.35,0.0,0.0,0.0
2006-05-26,2006-06-29,OPTSTK,CUMMINSIND,270.0,PA,0.0,0.0,0.0,30.75,82.1,0.0,0.0,0.0
2006-05-26,2006-06-29,OPTSTK,CUMMINSIND,280.0,PA,0.0,0.0,0.0,37.2,91.75,0.0,0.0,0.0
2006-05-26,2006-06-29,OPTSTK,CUMMINSIND,290.0,PA,0.0,0.0,0.0,41.5,101.5,0.0,0.0,0.0
2006-05-26,2006-07-27,OPTSTK,CUMMINSIND,160.0,CA,0.0,0.0,0.0,29.8,37.45,0.0,0.0,0.0
2006-05-26,2006-07-27,OPTSTK,CUMMINSIND,165.0,CA,0.0,0.0,0.0,27.05,34.25,0.0,0.0,0.0
2006-05-26,2006-07-27,OPTSTK,CUMMINSIND,170.0,CA,0.0,0.0,0.0,30.85,31.25,0.0,0.0,0.0
2006-05-26,2006-07-27,OPTSTK,CUMMINSIND,175.0,CA,0.0,0.0,0.0,28.2,28.4,0.0,0.0,0.0
2006-05-26,2006-07-27,OPTSTK,CUMMINSIND,180.0,CA,0.0,0.0,0.0,25.7,25.8,0.0,0.0,0.0
2006-05-26,2006-07-27,OPTSTK,CUMMINSIND,185.0,CA,0.0,0.0,0.0,30.4,23.35,0.0,0.0,0.0
2006-05-26,2006-07-27,OPTSTK,CUMMINSIND,190.0,CA,0.0,0.0,0.0,27.65,21.1,0.0,0.0,0.0
2006-05-26,2006-07-27,OPTSTK,CUMMINSIND,195.0,CA,0.0,0.0,0.0,28.35,19.0,0.0,0.0,0.0
2006-05-26,2006-07-27,OPTSTK,CUMMINSIND,200.0,CA,0.0,0.0,0.0,26.25,17.1,0.0,0.0,0.0
2006-05-26,2006-07-27,OPTSTK,CUMMINSIND,205.0,CA,0.0,0.0,0.0,23.25,15.35,0.0,0.0,0.0
2006-05-26,2006-07-27,OPTSTK,CUMMINSIND,210.0,CA,0.0,0.0,0.0,33.05,13.75,0.0,0.0,0.0
2006-05-26,2006-07-27,OPTSTK,CUMMINSIND,215.0,CA,0.0,0.0,0.0,30.35,12.35,0.0,0.0,0.0
2006-05-26,2006-07-27,OPTSTK,CUMMINSIND,220.0,CA,0.0,0.0,0.0,27.8,11.05,0.0,0.0,0.0
2006-05-26,2006-07-27,OPTSTK,CUMMINSIND,225.0,CA,0.0,0.0,0.0,25.4,9.85,0.0,0.0,0.0
2006-05-26,2006-07-27,OPTSTK,CUMMINSIND,230.0,CA,0.0,0.0,0.0,23.2,8.8,0.0,0.0,0.0
2006-05-26,2006-07-27,OPTSTK,CUMMINSIND,235.0,CA,0.0,0.0,0.0,21.15,7.8,0.0,0.0,0.0
2006-05-26,2006-07-27,OPTSTK,CUMMINSIND,240.0,CA,0.0,0.0,0.0,19.25,6.95,0.0,0.0,0.0
2006-05-26,2006-07-27,OPTSTK,CUMMINSIND,245.0,CA,0.0,0.0,0.0,19.1,6.15,0.0,0.0,0.0
2006-05-26,2006-07-27,OPTSTK,CUMMINSIND,250.0,CA,0.0,0.0,0.0,20.15,5.45,0.0,0.0,0.0
2006-05-26,2006-07-27,OPTSTK,CUMMINSIND,255.0,CA,0.0,0.0,0.0,17.9,4.85,0.0,0.0,0.0
2006-05-26,2006-07-27,OPTSTK,CUMMINSIND,160.0,PA,0.0,0.0,0.0,12.6,8.55,0.0,0.0,0.0
2006-05-26,2006-07-27,OPTSTK,CUMMINSIND,165.0,PA,0.0,0.0,0.0,14.75,10.25,0.0,0.0,0.0
2006-05-26,2006-07-27,OPTSTK,CUMMINSIND,170.0,PA,0.0,0.0,0.0,14.35,12.2,0.0,0.0,0.0
2006-05-26,2006-07-27,OPTSTK,CUMMINSIND,175.0,PA,0.0,0.0,0.0,16.65,14.3,0.0,0.0,0.0
2006-05-26,2006-07-27,OPTSTK,CUMMINSIND,180.0,PA,0.0,0.0,0.0,19.1,16.6,0.0,0.0,0.0
2006-05-26,2006-07-27,OPTSTK,CUMMINSIND,185.0,PA,0.0,0.0,0.0,13.3,19.1,0.0,0.0,0.0
2006-05-26,2006-07-27,OPTSTK,CUMMINSIND,190.0,PA,0.0,0.0,0.0,15.5,21.8,0.0,0.0,0.0
2006-05-26,2006-07-27,OPTSTK,CUMMINSIND,195.0,PA,0.0,0.0,0.0,9.1,24.7,0.0,0.0,0.0
2006-05-26,2006-07-27,OPTSTK,CUMMINSIND,200.0,PA,0.0,0.0,0.0,8.4,27.7,0.0,0.0,0.0
2006-05-26,2006-07-27,OPTSTK,CUMMINSIND,205.0,PA,0.0,0.0,0.0,10.3,30.9,0.0,0.0,0.0
2006-05-26,2006-07-27,OPTSTK,CUMMINSIND,210.0,PA,0.0,0.0,0.0,15.25,34.25,0.0,0.0,0.0
2006-05-26,2006-07-27,OPTSTK,CUMMINSIND,215.0,PA,0.0,0.0,0.0,17.45,37.75,0.0,0.0,0.0
2006-05-26,2006-07-27,OPTSTK,CUMMINSIND,220.0,PA,0.0,0.0,0.0,19.85,41.4,0.0,0.0,0.0
2006-05-26,2006-07-27,OPTSTK,CUMMINSIND,225.0,PA,0.0,0.0,0.0,22.35,45.15,0.0,0.0,0.0
2006-05-26,2006-07-27,OPTSTK,CUMMINSIND,230.0,PA,0.0,0.0,0.0,25.05,49.05,0.0,0.0,0.0
2006-05-26,2006-07-27,OPTSTK,CUMMINSIND,235.0,PA,0.0,0.0,0.0,27.95,53.0,0.0,0.0,0.0
2006-05-26,2006-07-27,OPTSTK,CUMMINSIND,240.0,PA,0.0,0.0,0.0,30.95,57.1,0.0,0.0,0.0
2006-05-26,2006-07-27,OPTSTK,CUMMINSIND,245.0,PA,0.0,0.0,0.0,29.5,61.25,0.0,0.0,0.0
2006-05-26,2006-07-27,OPTSTK,CUMMINSIND,250.0,PA,0.0,0.0,0.0,28.8,65.5,0.0,0.0,0.0
2006-05-26,2006-07-27,OPTSTK,CUMMINSIND,255.0,PA,0.0,0.0,0.0,30.5,69.85,0.0,0.0,0.0
2006-05-26,2006-08-31,OPTSTK,CUMMINSIND,170.0,CA,0.0,0.0,0.0,37.2,36.6,0.0,0.0,0.0
2006-05-26,2006-08-31,OPTSTK,CUMMINSIND,175.0,CA,0.0,0.0,0.0,34.6,33.95,0.0,0.0,0.0
2006-05-26,2006-08-31,OPTSTK,CUMMINSIND,180.0,CA,0.0,0.0,0.0,32.15,31.45,0.0,0.0,0.0
2006-05-26,2006-08-31,OPTSTK,CUMMINSIND,185.0,CA,0.0,0.0,0.0,29.8,29.1,0.0,0.0,0.0
2006-05-26,2006-08-31,OPTSTK,CUMMINSIND,190.0,CA,0.0,0.0,0.0,27.65,26.95,0.0,0.0,0.0
2006-05-26,2006-08-31,OPTSTK,CUMMINSIND,195.0,CA,0.0,0.0,0.0,25.65,24.9,0.0,0.0,0.0
2006-05-26,2006-08-31,OPTSTK,CUMMINSIND,200.0,CA,0.0,0.0,0.0,23.75,22.95,0.0,0.0,0.0
2006-05-26,2006-08-31,OPTSTK,CUMMINSIND,170.0,PA,0.0,0.0,0.0,17.45,16.45,0.0,0.0,0.0
2006-05-26,2006-08-31,OPTSTK,CUMMINSIND,175.0,PA,0.0,0.0,0.0,19.75,18.7,0.0,0.0,0.0
2006-05-26,2006-08-31,OPTSTK,CUMMINSIND,180.0,PA,0.0,0.0,0.0,22.2,21.15,0.0,0.0,0.0
2006-05-26,2006-08-31,OPTSTK,CUMMINSIND,185.0,PA,0.0,0.0,0.0,24.8,23.7,0.0,0.0,0.0
2006-05-26,2006-08-31,OPTSTK,CUMMINSIND,190.0,PA,0.0,0.0,0.0,27.55,26.45,0.0,0.0,0.0
2006-05-26,2006-08-31,OPTSTK,CUMMINSIND,195.0,PA,0.0,0.0,0.0,30.45,29.3,0.0,0.0,0.0
2006-05-26,2006-08-31,OPTSTK,CUMMINSIND,200.0,PA,0.0,0.0,0.0,33.45,32.3,0.0,0.0,0.0
2006-05-26,2006-06-29,OPTSTK,DABUR,110.0,CA,0.0,0.0,0.0,18.6,42.9,0.0,0.0,0.0
2006-05-26,2006-06-29,OPTSTK,DABUR,115.0,CA,0.0,0.0,0.0,15.3,38.8,0.0,0.0,0.0
2006-05-26,2006-06-29,OPTSTK,DABUR,120.0,CA,0.0,0.0,0.0,12.4,34.9,0.0,0.0,0.0
2006-05-26,2006-06-29,OPTSTK,DABUR,125.0,CA,0.0,0.0,0.0,9.9,31.25,0.0,0.0,0.0
2006-05-26,2006-06-29,OPTSTK,DABUR,130.0,CA,0.0,0.0,0.0,13.1,27.85,0.0,0.0,7200.0
2006-05-26,2006-06-29,OPTSTK,DABUR,135.0,CA,0.0,0.0,0.0,6.1,24.7,0.0,0.0,0.0
2006-05-26,2006-06-29,OPTSTK,DABUR,140.0,CA,9.5,19.9,9.5,19.9,19.9,15.0,82.86,25200.0
2006-05-26,2006-06-29,OPTSTK,DABUR,145.0,CA,0.0,0.0,0.0,7.0,19.15,0.0,0.0,0.0
2006-05-26,2006-06-29,OPTSTK,DABUR,150.0,CA,12.95,12.95,12.95,12.95,12.95,1.0,5.86,3600.0
2006-05-26,2006-06-29,OPTSTK,DABUR,155.0,CA,0.0,0.0,0.0,5.7,14.6,0.0,0.0,0.0
2006-05-26,2006-06-29,OPTSTK,DABUR,160.0,CA,0.0,0.0,0.0,16.75,12.7,0.0,0.0,0.0
2006-05-26,2006-06-29,OPTSTK,DABUR,165.0,CA,0.0,0.0,0.0,14.8,11.0,0.0,0.0,0.0
2006-05-26,2006-06-29,OPTSTK,DABUR,170.0,CA,0.0,0.0,0.0,13.0,9.5,0.0,0.0,0.0
2006-05-26,2006-06-29,OPTSTK,DABUR,175.0,CA,0.0,0.0,0.0,12.25,8.2,0.0,0.0,0.0
2006-05-26,2006-06-29,OPTSTK,DABUR,180.0,CA,0.0,0.0,0.0,8.65,7.05,0.0,0.0,0.0
2006-05-26,2006-06-29,OPTSTK,DABUR,185.0,CA,0.0,0.0,0.0,9.4,6.0,0.0,0.0,0.0
2006-05-26,2006-06-29,OPTSTK,DABUR,110.0,PA,0.0,0.0,0.0,3.45,2.15,0.0,0.0,0.0
2006-05-26,2006-06-29,OPTSTK,DABUR,115.0,PA,0.0,0.0,0.0,5.05,3.0,0.0,0.0,0.0
2006-05-26,2006-06-29,OPTSTK,DABUR,120.0,PA,0.0,0.0,0.0,7.05,4.1,0.0,0.0,0.0
2006-05-26,2006-06-29,OPTSTK,DABUR,125.0,PA,0.0,0.0,0.0,9.45,5.4,0.0,0.0,0.0
2006-05-26,2006-06-29,OPTSTK,DABUR,130.0,PA,0.0,0.0,0.0,12.25,6.95,0.0,0.0,0.0
2006-05-26,2006-06-29,OPTSTK,DABUR,135.0,PA,0.0,0.0,0.0,15.4,8.8,0.0,0.0,0.0
2006-05-26,2006-06-29,OPTSTK,DABUR,140.0,PA,5.0,5.0,5.0,5.0,5.0,1.0,5.22,3600.0
2006-05-26,2006-06-29,OPTSTK,DABUR,145.0,PA,0.0,0.0,0.0,17.5,13.2,0.0,0.0,0.0
2006-05-26,2006-06-29,OPTSTK,DABUR,150.0,PA,0.0,0.0,0.0,19.75,15.75,0.0,0.0,0.0
2006-05-26,2006-06-29,OPTSTK,DABUR,155.0,PA,0.0,0.0,0.0,19.6,18.6,0.0,0.0,0.0
2006-05-26,2006-06-29,OPTSTK,DABUR,160.0,PA,0.0,0.0,0.0,19.05,21.65,0.0,0.0,0.0
2006-05-26,2006-06-29,OPTSTK,DABUR,165.0,PA,0.0,0.0,0.0,22.0,24.9,0.0,0.0,0.0
2006-05-26,2006-06-29,OPTSTK,DABUR,170.0,PA,0.0,0.0,0.0,25.15,28.4,0.0,0.0,0.0
2006-05-26,2006-06-29,OPTSTK,DABUR,175.0,PA,0.0,0.0,0.0,26.2,32.05,0.0,0.0,0.0
2006-05-26,2006-06-29,OPTSTK,DABUR,180.0,PA,0.0,0.0,0.0,23.55,35.85,0.0,0.0,0.0
2006-05-26,2006-06-29,OPTSTK,DABUR,185.0,PA,0.0,0.0,0.0,22.1,39.8,0.0,0.0,0.0
2006-05-26,2006-07-27,OPTSTK,DABUR,115.0,CA,0.0,0.0,0.0,28.65,42.65,0.0,0.0,0.0
2006-05-26,2006-07-27,OPTSTK,DABUR,120.0,CA,0.0,0.0,0.0,29.15,39.2,0.0,0.0,0.0
2006-05-26,2006-07-27,OPTSTK,DABUR,125.0,CA,0.0,0.0,0.0,22.1,35.95,0.0,0.0,0.0
2006-05-26,2006-07-27,OPTSTK,DABUR,130.0,CA,0.0,0.0,0.0,19.0,32.9,0.0,0.0,0.0
2006-05-26,2006-07-27,OPTSTK,DABUR,135.0,CA,0.0,0.0,0.0,16.2,30.1,0.0,0.0,0.0
2006-05-26,2006-07-27,OPTSTK,DABUR,140.0,CA,0.0,0.0,0.0,13.7,27.45,0.0,0.0,0.0
2006-05-26,2006-07-27,OPTSTK,DABUR,145.0,CA,0.0,0.0,0.0,11.55,25.0,0.0,0.0,0.0
2006-05-26,2006-07-27,OPTSTK,DABUR,150.0,CA,0.0,0.0,0.0,9.65,22.75,0.0,0.0,0.0
2006-05-26,2006-07-27,OPTSTK,DABUR,155.0,CA,0.0,0.0,0.0,8.0,20.65,0.0,0.0,0.0
2006-05-26,2006-07-27,OPTSTK,DABUR,160.0,CA,0.0,0.0,0.0,20.75,18.75,0.0,0.0,0.0
2006-05-26,2006-07-27,OPTSTK,DABUR,165.0,CA,0.0,0.0,0.0,18.75,17.0,0.0,0.0,0.0
2006-05-26,2006-07-27,OPTSTK,DABUR,170.0,CA,0.0,0.0,0.0,16.95,15.35,0.0,0.0,0.0
2006-05-26,2006-07-27,OPTSTK,DABUR,175.0,CA,0.0,0.0,0.0,16.2,13.9,0.0,0.0,0.0
2006-05-26,2006-07-27,OPTSTK,DABUR,180.0,CA,0.0,0.0,0.0,12.5,12.55,0.0,0.0,0.0
2006-05-26,2006-07-27,OPTSTK,DABUR,185.0,CA,0.0,0.0,0.0,13.4,11.35,0.0,0.0,0.0
2006-05-26,2006-07-27,OPTSTK,DABUR,115.0,PA,0.0,0.0,0.0,11.65,6.25,0.0,0.0,0.0
2006-05-26,2006-07-27,OPTSTK,DABUR,120.0,PA,0.0,0.0,0.0,13.05,7.75,0.0,0.0,0.0
2006-05-26,2006-07-27,OPTSTK,DABUR,125.0,PA,0.0,0.0,0.0,5.7,9.5,0.0,0.0,0.0
2006-05-26,2006-07-27,OPTSTK,DABUR,130.0,PA,0.0,0.0,0.0,7.5,11.4,0.0,0.0,0.0
2006-05-26,2006-07-27,OPTSTK,DABUR,135.0,PA,0.0,0.0,0.0,9.65,13.5,0.0,0.0,0.0
2006-05-26,2006-07-27,OPTSTK,DABUR,140.0,PA,0.0,0.0,0.0,12.05,15.8,0.0,0.0,0.0
2006-05-26,2006-07-27,OPTSTK,DABUR,145.0,PA,0.0,0.0,0.0,14.8,18.3,0.0,0.0,0.0
2006-05-26,2006-07-27,OPTSTK,DABUR,150.0,PA,0.0,0.0,0.0,17.8,20.95,0.0,0.0,0.0
2006-05-26,2006-07-27,OPTSTK,DABUR,155.0,PA,0.0,0.0,0.0,21.1,23.85,0.0,0.0,0.0
2006-05-26,2006-07-27,OPTSTK,DABUR,160.0,PA,0.0,0.0,0.0,22.2,26.85,0.0,0.0,0.0
2006-05-26,2006-07-27,OPTSTK,DABUR,165.0,PA,0.0,0.0,0.0,25.15,30.05,0.0,0.0,0.0
2006-05-26,2006-07-27,OPTSTK,DABUR,170.0,PA,0.0,0.0,0.0,28.25,33.35,0.0,0.0,0.0
2006-05-26,2006-07-27,OPTSTK,DABUR,175.0,PA,0.0,0.0,0.0,29.2,36.85,0.0,0.0,0.0
2006-05-26,2006-07-27,OPTSTK,DABUR,180.0,PA,0.0,0.0,0.0,26.45,40.45,0.0,0.0,0.0
2006-05-26,2006-07-27,OPTSTK,DABUR,185.0,PA,0.0,0.0,0.0,25.15,44.15,0.0,0.0,0.0
2006-05-26,2006-08-31,OPTSTK,DABUR,125.0,CA,0.0,0.0,0.0,31.2,40.8,0.0,0.0,0.0
2006-05-26,2006-08-31,OPTSTK,DABUR,130.0,CA,0.0,0.0,0.0,28.75,38.05,0.0,0.0,0.0
2006-05-26,2006-08-31,OPTSTK,DABUR,135.0,CA,0.0,0.0,0.0,26.4,35.45,0.0,0.0,0.0
2006-05-26,2006-08-31,OPTSTK,DABUR,140.0,CA,0.0,0.0,0.0,24.25,33.0,0.0,0.0,0.0
2006-05-26,2006-08-31,OPTSTK,DABUR,145.0,CA,0.0,0.0,0.0,22.3,30.7,0.0,0.0,0.0
2006-05-26,2006-08-31,OPTSTK,DABUR,150.0,CA,0.0,0.0,0.0,20.45,28.55,0.0,0.0,0.0
2006-05-26,2006-08-31,OPTSTK,DABUR,155.0,CA,0.0,0.0,0.0,18.75,26.5,0.0,0.0,0.0
2006-05-26,2006-08-31,OPTSTK,DABUR,160.0,CA,0.0,0.0,0.0,0.0,0.0,0.0,0.0,0.0
2006-05-26,2006-08-31,OPTSTK,DABUR,165.0,CA,0.0,0.0,0.0,0.0,0.0,0.0,0.0,0.0
2006-05-26,2006-08-31,OPTSTK,DABUR,125.0,PA,0.0,0.0,0.0,15.45,13.55,0.0,0.0,0.0
2006-05-26,2006-08-31,OPTSTK,DABUR,130.0,PA,0.0,0.0,0.0,17.85,15.65,0.0,0.0,0.0
2006-05-26,2006-08-31,OPTSTK,DABUR,135.0,PA,0.0,0.0,0.0,20.45,18.0,0.0,0.0,0.0
2006-05-26,2006-08-31,OPTSTK,DABUR,140.0,PA,0.0,0.0,0.0,23.2,20.45,0.0,0.0,0.0
2006-05-26,2006-08-31,OPTSTK,DABUR,145.0,PA,0.0,0.0,0.0,26.15,23.05,0.0,0.0,0.0
2006-05-26,2006-08-31,OPTSTK,DABUR,150.0,PA,0.0,0.0,0.0,29.2,25.8,0.0,0.0,0.0
2006-05-26,2006-08-31,OPTSTK,DABUR,155.0,PA,0.0,0.0,0.0,32.4,28.7,0.0,0.0,0.0
2006-05-26,2006-08-31,OPTSTK,DABUR,160.0,PA,0.0,0.0,0.0,0.0,0.0,0.0,0.0,0.0
2006-05-26,2006-08-31,OPTSTK,DABUR,165.0,PA,0.0,0.0,0.0,0.0,0.0,0.0,0.0,0.0
2006-05-26,2006-06-29,OPTSTK,DIVISLAB,1230.0,CA,0.0,0.0,0.0,191.6,313.2,0.0,0.0,0.0
2006-05-26,2006-06-29,OPTSTK,DIVISLAB,1260.0,CA,0.0,0.0,0.0,175.5,293.6,0.0,0.0,0.0
2006-05-26,2006-06-29,OPTSTK,DIVISLAB,1290.0,CA,0.0,0.0,0.0,160.4,274.8,0.0,0.0,0.0
2006-05-26,2006-06-29,OPTSTK,DIVISLAB,1320.0,CA,0.0,0.0,0.0,146.35,256.9,0.0,0.0,0.0
2006-05-26,2006-06-29,OPTSTK,DIVISLAB,1350.0,CA,0.0,0.0,0.0,133.3,239.9,0.0,0.0,0.0
2006-05-26,2006-06-29,OPTSTK,DIVISLAB,1380.0,CA,0.0,0.0,0.0,214.45,223.75,0.0,0.0,0.0
2006-05-26,2006-06-29,OPTSTK,DIVISLAB,1410.0,CA,0.0,0.0,0.0,198.75,208.45,0.0,0.0,0.0
2006-05-26,2006-06-29,OPTSTK,DIVISLAB,1440.0,CA,0.0,0.0,0.0,225.4,193.95,0.0,0.0,0.0
2006-05-26,2006-06-29,OPTSTK,DIVISLAB,1470.0,CA,0.0,0.0,0.0,209.75,180.3,0.0,0.0,0.0
2006-05-26,2006-06-29,OPTSTK,DIVISLAB,1500.0,CA,0.0,0.0,0.0,194.95,167.45,0.0,0.0,0.0
2006-05-26,2006-06-29,OPTSTK,DIVISLAB,1530.0,CA,0.0,0.0,0.0,181.0,155.35,0.0,0.0,0.0
2006-05-26,2006-06-29,OPTSTK,DIVISLAB,1560.0,CA,0.0,0.0,0.0,167.8,143.95,0.0,0.0,0.0
2006-05-26,2006-06-29,OPTSTK,DIVISLAB,1590.0,CA,0.0,0.0,0.0,155.45,133.3,0.0,0.0,0.0
2006-05-26,2006-06-29,OPTSTK,DIVISLAB,1620.0,CA,0.0,0.0,0.0,151.95,123.3,0.0,0.0,0.0
2006-05-26,2006-06-29,OPTSTK,DIVISLAB,1650.0,CA,0.0,0.0,0.0,211.15,114.0,0.0,0.0,0.0
2006-05-26,2006-06-29,OPTSTK,DIVISLAB,1680.0,CA,0.0,0.0,0.0,205.6,105.3,0.0,0.0,0.0
2006-05-26,2006-06-29,OPTSTK,DIVISLAB,1710.0,CA,0.0,0.0,0.0,188.35,97.15,0.0,0.0,0.0
2006-05-26,2006-06-29,OPTSTK,DIVISLAB,1740.0,CA,0.0,0.0,0.0,172.15,89.7,0.0,0.0,0.0
2006-05-26,2006-06-29,OPTSTK,DIVISLAB,1770.0,CA,0.0,0.0,0.0,156.9,82.7,0.0,0.0,0.0
2006-05-26,2006-06-29,OPTSTK,DIVISLAB,1800.0,CA,0.0,0.0,0.0,142.7,76.2,0.0,0.0,0.0
2006-05-26,2006-06-29,OPTSTK,DIVISLAB,1830.0,CA,0.0,0.0,0.0,129.45,70.15,0.0,0.0,0.0
2006-05-26,2006-06-29,OPTSTK,DIVISLAB,1860.0,CA,0.0,0.0,0.0,117.15,64.55,0.0,0.0,0.0
2006-05-26,2006-06-29,OPTSTK,DIVISLAB,1890.0,CA,0.0,0.0,0.0,187.95,59.35,0.0,0.0,0.0
2006-05-26,2006-06-29,OPTSTK,DIVISLAB,1920.0,CA,0.0,0.0,0.0,174.35,54.5,0.0,0.0,0.0
2006-05-26,2006-06-29,OPTSTK,DIVISLAB,1950.0,CA,0.0,0.0,0.0,161.55,50.05,0.0,0.0,0.0
2006-05-26,2006-06-29,OPTSTK,DIVISLAB,1980.0,CA,0.0,0.0,0.0,149.5,45.95,0.0,0.0,0.0
2006-05-26,2006-06-29,OPTSTK,DIVISLAB,2010.0,CA,0.0,0.0,0.0,174.0,42.15,0.0,0.0,0.0
2006-05-26,2006-06-29,OPTSTK,DIVISLAB,2040.0,CA,0.0,0.0,0.0,161.65,38.7,0.0,0.0,0.0
2006-05-26,2006-06-29,OPTSTK,DIVISLAB,2070.0,CA,0.0,0.0,0.0,156.4,35.45,0.0,0.0,0.0
2006-05-26,2006-06-29,OPTSTK,DIVISLAB,1230.0,PA,0.0,0.0,0.0,93.9,68.6,0.0,0.0,0.0
2006-05-26,2006-06-29,OPTSTK,DIVISLAB,1260.0,PA,0.0,0.0,0.0,107.6,78.8,0.0,0.0,0.0
2006-05-26,2006-06-29,OPTSTK,DIVISLAB,1290.0,PA,0.0,0.0,0.0,122.3,89.8,0.0,0.0,0.0
2006-05-26,2006-06-29,OPTSTK,DIVISLAB,1320.0,PA,0.0,0.0,0.0,138.0,101.75,0.0,0.0,0.0
2006-05-26,2006-06-29,OPTSTK,DIVISLAB,1350.0,PA,0.0,0.0,0.0,154.75,114.55,0.0,0.0,0.0
2006-05-26,2006-06-29,OPTSTK,DIVISLAB,1380.0,PA,0.0,0.0,0.0,114.15,128.2,0.0,0.0,0.0
2006-05-26,2006-06-29,OPTSTK,DIVISLAB,1410.0,PA,0.0,0.0,0.0,128.2,142.7,0.0,0.0,0.0
2006-05-26,2006-06-29,OPTSTK,DIVISLAB,1440.0,PA,0.0,0.0,0.0,122.1,158.05,0.0,0.0,0.0
2006-05-26,2006-06-29,OPTSTK,DIVISLAB,1470.0,PA,0.0,0.0,0.0,136.2,174.2,0.0,0.0,0.0
2006-05-26,2006-06-29,OPTSTK,DIVISLAB,1500.0,PA,0.0,0.0,0.0,151.2,191.15,0.0,0.0,0.0
2006-05-26,2006-06-29,OPTSTK,DIVISLAB,1530.0,PA,0.0,0.0,0.0,167.0,208.85,0.0,0.0,0.0
2006-05-26,2006-06-29,OPTSTK,DIVISLAB,1560.0,PA,0.0,0.0,0.0,183.6,227.3,0.0,0.0,0.0
2006-05-26,2006-06-29,OPTSTK,DIVISLAB,1590.0,PA,0.0,0.0,0.0,200.95,246.45,0.0,0.0,0.0
2006-05-26,2006-06-29,OPTSTK,DIVISLAB,1620.0,PA,0.0,0.0,0.0,61.15,266.3,0.0,0.0,0.0
2006-05-26,2006-06-29,OPTSTK,DIVISLAB,1650.0,PA,0.0,0.0,0.0,110.9,286.75,0.0,0.0,0.0
2006-05-26,2006-06-29,OPTSTK,DIVISLAB,1680.0,PA,0.0,0.0,0.0,81.95,307.85,0.0,0.0,0.0
2006-05-26,2006-06-29,OPTSTK,DIVISLAB,1710.0,PA,0.0,0.0,0.0,94.05,329.55,0.0,0.0,0.0
2006-05-26,2006-06-29,OPTSTK,DIVISLAB,1740.0,PA,0.0,0.0,0.0,107.2,351.9,0.0,0.0,0.0
2006-05-26,2006-06-29,OPTSTK,DIVISLAB,1770.0,PA,0.0,0.0,0.0,121.35,374.7,0.0,0.0,0.0
2006-05-26,2006-06-29,OPTSTK,DIVISLAB,1800.0,PA,0.0,0.0,0.0,136.45,398.0,0.0,0.0,0.0
2006-05-26,2006-06-29,OPTSTK,DIVISLAB,1830.0,PA,0.0,0.0,0.0,152.6,421.75,0.0,0.0,0.0
2006-05-26,2006-06-29,OPTSTK,DIVISLAB,1860.0,PA,0.0,0.0,0.0,169.65,446.0,0.0,0.0,0.0
2006-05-26,2006-06-29,OPTSTK,DIVISLAB,1890.0,PA,0.0,0.0,0.0,162.75,470.6,0.0,0.0,0.0
2006-05-26,2006-06-29,OPTSTK,DIVISLAB,1920.0,PA,0.0,0.0,0.0,178.55,495.55,0.0,0.0,0.0
2006-05-26,2006-06-29,OPTSTK,DIVISLAB,1950.0,PA,0.0,0.0,0.0,195.1,520.95,0.0,0.0,0.0
2006-05-26,2006-06-29,OPTSTK,DIVISLAB,1980.0,PA,0.0,0.0,0.0,212.4,546.65,0.0,0.0,0.0
2006-05-26,2006-06-29,OPTSTK,DIVISLAB,2010.0,PA,0.0,0.0,0.0,199.2,572.65,0.0,0.0,0.0
2006-05-26,2006-06-29,OPTSTK,DIVISLAB,2040.0,PA,0.0,0.0,0.0,216.25,599.0,0.0,0.0,0.0
2006-05-26,2006-06-29,OPTSTK,DIVISLAB,2070.0,PA,0.0,0.0,0.0,208.2,625.6,0.0,0.0,0.0
2006-05-26,2006-07-27,OPTSTK,DIVISLAB,1230.0,CA,0.0,0.0,0.0,236.85,366.05,0.0,0.0,0.0
2006-05-26,2006-07-27,OPTSTK,DIVISLAB,1260.0,CA,0.0,0.0,0.0,221.8,348.65,0.0,0.0,0.0
2006-05-26,2006-07-27,OPTSTK,DIVISLAB,1290.0,CA,0.0,0.0,0.0,207.6,331.9,0.0,0.0,0.0
2006-05-26,2006-07-27,OPTSTK,DIVISLAB,1320.0,CA,0.0,0.0,0.0,194.15,315.8,0.0,0.0,0.0
2006-05-26,2006-07-27,OPTSTK,DIVISLAB,1350.0,CA,0.0,0.0,0.0,181.4,300.35,0.0,0.0,0.0
2006-05-26,2006-07-27,OPTSTK,DIVISLAB,1380.0,CA,0.0,0.0,0.0,263.9,285.55,0.0,0.0,0.0
2006-05-26,2006-07-27,OPTSTK,DIVISLAB,1410.0,CA,0.0,0.0,0.0,249.15,271.4,0.0,0.0,0.0
2006-05-26,2006-07-27,OPTSTK,DIVISLAB,1440.0,CA,0.0,0.0,0.0,276.65,257.85,0.0,0.0,0.0
2006-05-26,2006-07-27,OPTSTK,DIVISLAB,1470.0,CA,0.0,0.0,0.0,261.95,244.85,0.0,0.0,0.0
2006-05-26,2006-07-27,OPTSTK,DIVISLAB,1500.0,CA,0.0,0.0,0.0,247.95,232.5,0.0,0.0,0.0
2006-05-26,2006-07-27,OPTSTK,DIVISLAB,1530.0,CA,0.0,0.0,0.0,234.55,220.65,0.0,0.0,0.0
2006-05-26,2006-07-27,OPTSTK,DIVISLAB,1560.0,CA,0.0,0.0,0.0,221.75,209.35,0.0,0.0,0.0
2006-05-26,2006-07-27,OPTSTK,DIVISLAB,1590.0,CA,0.0,0.0,0.0,209.6,198.6,0.0,0.0,0.0
2006-05-26,2006-07-27,OPTSTK,DIVISLAB,1620.0,CA,0.0,0.0,0.0,183.3,188.35,0.0,0.0,0.0
2006-05-26,2006-07-27,OPTSTK,DIVISLAB,1650.0,CA,0.0,0.0,0.0,194.1,178.55,0.0,0.0,0.0
2006-05-26,2006-07-27,OPTSTK,DIVISLAB,1680.0,CA,0.0,0.0,0.0,176.0,169.25,0.0,0.0,0.0
2006-05-26,2006-07-27,OPTSTK,DIVISLAB,1710.0,CA,0.0,0.0,0.0,159.1,160.4,0.0,0.0,0.0
2006-05-26,2006-07-27,OPTSTK,DIVISLAB,1740.0,CA,0.0,0.0,0.0,188.0,152.0,0.0,0.0,0.0
2006-05-26,2006-07-27,OPTSTK,DIVISLAB,1770.0,CA,0.0,0.0,0.0,244.35,144.0,0.0,0.0,0.0
2006-05-26,2006-07-27,OPTSTK,DIVISLAB,1800.0,CA,0.0,0.0,0.0,228.5,136.5,0.0,0.0,0.0
2006-05-26,2006-07-27,OPTSTK,DIVISLAB,1830.0,CA,0.0,0.0,0.0,213.4,129.25,0.0,0.0,0.0
2006-05-26,2006-07-27,OPTSTK,DIVISLAB,1860.0,CA,0.0,0.0,0.0,199.1,122.45,0.0,0.0,0.0
2006-05-26,2006-07-27,OPTSTK,DIVISLAB,1890.0,CA,0.0,0.0,0.0,185.55,115.95,0.0,0.0,0.0
2006-05-26,2006-07-27,OPTSTK,DIVISLAB,1920.0,CA,0.0,0.0,0.0,172.7,109.75,0.0,0.0,0.0
2006-05-26,2006-07-27,OPTSTK,DIVISLAB,1950.0,CA,0.0,0.0,0.0,160.55,103.95,0.0,0.0,0.0
2006-05-26,2006-07-27,OPTSTK,DIVISLAB,1980.0,CA,0.0,0.0,0.0,156.05,98.4,0.0,0.0,0.0
2006-05-26,2006-07-27,OPTSTK,DIVISLAB,2010.0,CA,0.0,0.0,0.0,146.15,93.15,0.0,0.0,0.0
2006-05-26,2006-07-27,OPTSTK,DIVISLAB,1230.0,PA,0.0,0.0,0.0,132.7,115.1,0.0,0.0,0.0
2006-05-26,2006-07-27,OPTSTK,DIVISLAB,1260.0,PA,0.0,0.0,0.0,147.35,127.35,0.0,0.0,0.0
2006-05-26,2006-07-27,OPTSTK,DIVISLAB,1290.0,PA,0.0,0.0,0.0,162.75,140.25,0.0,0.0,0.0
2006-05-26,2006-07-27,OPTSTK,DIVISLAB,1320.0,PA,0.0,0.0,0.0,178.9,153.85,0.0,0.0,0.0
2006-05-26,2006-07-27,OPTSTK,DIVISLAB,1350.0,PA,0.0,0.0,0.0,195.8,168.05,0.0,0.0,0.0
2006-05-26,2006-07-27,OPTSTK,DIVISLAB,1380.0,PA,0.0,0.0,0.0,156.35,182.9,0.0,0.0,0.0
2006-05-26,2006-07-27,OPTSTK,DIVISLAB,1410.0,PA,0.0,0.0,0.0,171.2,198.4,0.0,0.0,0.0
2006-05-26,2006-07-27,OPTSTK,DIVISLAB,1440.0,PA,0.0,0.0,0.0,165.9,214.5,0.0,0.0,0.0
2006-05-26,2006-07-27,OPTSTK,DIVISLAB,1470.0,PA,0.0,0.0,0.0,180.8,231.2,0.0,0.0,0.0
2006-05-26,2006-07-27,OPTSTK,DIVISLAB,1500.0,PA,0.0,0.0,0.0,196.4,248.45,0.0,0.0,0.0
2006-05-26,2006-07-27,OPTSTK,DIVISLAB,1530.0,PA,0.0,0.0,0.0,212.6,266.3,0.0,0.0,0.0
2006-05-26,2006-07-27,OPTSTK,DIVISLAB,1560.0,PA,0.0,0.0,0.0,229.4,284.65,0.0,0.0,0.0
2006-05-26,2006-07-27,OPTSTK,DIVISLAB,1590.0,PA,0.0,0.0,0.0,246.85,303.55,0.0,0.0,0.0
2006-05-26,2006-07-27,OPTSTK,DIVISLAB,1620.0,PA,0.0,0.0,0.0,84.05,322.95,0.0,0.0,0.0
2006-05-26,2006-07-27,OPTSTK,DIVISLAB,1650.0,PA,0.0,0.0,0.0,66.85,342.8,0.0,0.0,0.0
2006-05-26,2006-07-27,OPTSTK,DIVISLAB,1680.0,PA,0.0,0.0,0.0,78.35,363.2,0.0,0.0,0.0
2006-05-26,2006-07-27,OPTSTK,DIVISLAB,1710.0,PA,0.0,0.0,0.0,91.0,384.0,0.0,0.0,0.0
2006-05-26,2006-07-27,OPTSTK,DIVISLAB,1740.0,PA,0.0,0.0,0.0,83.1,405.25,0.0,0.0,0.0
2006-05-26,2006-07-27,OPTSTK,DIVISLAB,1770.0,PA,0.0,0.0,0.0,128.8,426.9,0.0,0.0,0.0
2006-05-26,2006-07-27,OPTSTK,DIVISLAB,1800.0,PA,0.0,0.0,0.0,142.45,449.0,0.0,0.0,0.0
2006-05-26,2006-07-27,OPTSTK,DIVISLAB,1830.0,PA,0.0,0.0,0.0,156.8,471.45,0.0,0.0,0.0
2006-05-26,2006-07-27,OPTSTK,DIVISLAB,1860.0,PA,0.0,0.0,0.0,172.0,494.3,0.0,0.0,0.0
2006-05-26,2006-07-27,OPTSTK,DIVISLAB,1890.0,PA,0.0,0.0,0.0,187.9,517.45,0.0,0.0,0.0
2006-05-26,2006-07-27,OPTSTK,DIVISLAB,1920.0,PA,0.0,0.0,0.0,204.55,540.95,0.0,0.0,0.0
2006-05-26,2006-07-27,OPTSTK,DIVISLAB,1950.0,PA,0.0,0.0,0.0,221.9,564.75,0.0,0.0,0.0
2006-05-26,2006-07-27,OPTSTK,DIVISLAB,1980.0,PA,0.0,0.0,0.0,221.95,588.85,0.0,0.0,0.0
2006-05-26,2006-07-27,OPTSTK,DIVISLAB,2010.0,PA,0.0,0.0,0.0,210.3,613.3,0.0,0.0,0.0
2006-05-26,2006-08-31,OPTSTK,DIVISLAB,1290.0,CA,0.0,0.0,0.0,323.55,388.4,0.0,0.0,0.0
2006-05-26,2006-08-31,OPTSTK,DIVISLAB,1320.0,CA,0.0,0.0,0.0,310.15,373.6,0.0,0.0,0.0
2006-05-26,2006-08-31,OPTSTK,DIVISLAB,1350.0,CA,0.0,0.0,0.0,297.3,359.35,0.0,0.0,0.0
2006-05-26,2006-08-31,OPTSTK,DIVISLAB,1380.0,CA,0.0,0.0,0.0,284.95,345.6,0.0,0.0,0.0
2006-05-26,2006-08-31,OPTSTK,DIVISLAB,1410.0,CA,0.0,0.0,0.0,273.05,332.3,0.0,0.0,0.0
2006-05-26,2006-08-31,OPTSTK,DIVISLAB,1440.0,CA,0.0,0.0,0.0,261.65,319.5,0.0,0.0,0.0
2006-05-26,2006-08-31,OPTSTK,DIVISLAB,1470.0,CA,0.0,0.0,0.0,250.75,307.2,0.0,0.0,0.0
2006-05-26,2006-08-31,OPTSTK,DIVISLAB,1500.0,CA,0.0,0.0,0.0,0.0,0.0,0.0,0.0,0.0
2006-05-26,2006-08-31,OPTSTK,DIVISLAB,1530.0,CA,0.0,0.0,0.0,0.0,0.0,0.0,0.0,0.0
2006-05-26,2006-08-31,OPTSTK,DIVISLAB,1560.0,CA,0.0,0.0,0.0,0.0,0.0,0.0,0.0,0.0
2006-05-26,2006-08-31,OPTSTK,DIVISLAB,1290.0,PA,0.0,0.0,0.0,214.15,188.55,0.0,0.0,0.0
2006-05-26,2006-08-31,OPTSTK,DIVISLAB,1320.0,PA,0.0,0.0,0.0,230.2,203.2,0.0,0.0,0.0
2006-05-26,2006-08-31,OPTSTK,DIVISLAB,1350.0,PA,0.0,0.0,0.0,246.8,218.4,0.0,0.0,0.0
2006-05-26,2006-08-31,OPTSTK,DIVISLAB,1380.0,PA,0.0,0.0,0.0,263.9,234.1,0.0,0.0,0.0
2006-05-26,2006-08-31,OPTSTK,DIVISLAB,1410.0,PA,0.0,0.0,0.0,281.45,250.3,0.0,0.0,0.0
2006-05-26,2006-08-31,OPTSTK,DIVISLAB,1440.0,PA,0.0,0.0,0.0,299.5,266.95,0.0,0.0,0.0
2006-05-26,2006-08-31,OPTSTK,DIVISLAB,1470.0,PA,0.0,0.0,0.0,318.05,284.1,0.0,0.0,0.0
2006-05-26,2006-08-31,OPTSTK,DIVISLAB,1500.0,PA,0.0,0.0,0.0,0.0,0.0,0.0,0.0,0.0
2006-05-26,2006-08-31,OPTSTK,DIVISLAB,1530.0,PA,0.0,0.0,0.0,0.0,0.0,0.0,0.0,0.0
2006-05-26,2006-08-31,OPTSTK,DIVISLAB,1560.0,PA,0.0,0.0,0.0,0.0,0.0,0.0,0.0,0.0
2006-05-26,2006-06-29,OPTSTK,DRREDDY,1320.0,CA,0.0,0.0,0.0,203.9,156.35,0.0,0.0,0.0
2006-05-26,2006-06-29,OPTSTK,DRREDDY,1350.0,CA,0.0,0.0,0.0,186.65,138.55,0.0,0.0,0.0
2006-05-26,2006-06-29,OPTSTK,DRREDDY,1380.0,CA,0.0,0.0,0.0,170.45,122.15,0.0,0.0,0.0
2006-05-26,2006-06-29,OPTSTK,DRREDDY,1410.0,CA,0.0,0.0,0.0,155.3,107.2,0.0,0.0,0.0
2006-05-26,2006-06-29,OPTSTK,DRREDDY,1440.0,CA,0.0,0.0,0.0,141.15,93.6,0.0,0.0,0.0
2006-05-26,2006-06-29,OPTSTK,DRREDDY,1470.0,CA,0.0,0.0,0.0,128.05,81.35,0.0,0.0,0.0
2006-05-26,2006-06-29,OPTSTK,DRREDDY,1500.0,CA,0.0,0.0,0.0,115.9,70.4,0.0,0.0,0.0
2006-05-26,2006-06-29,OPTSTK,DRREDDY,1530.0,CA,0.0,0.0,0.0,108.45,60.65,0.0,0.0,0.0
2006-05-26,2006-06-29,OPTSTK,DRREDDY,1560.0,CA,0.0,0.0,0.0,96.35,52.0,0.0,0.0,0.0
2006-05-26,2006-06-29,OPTSTK,DRREDDY,1590.0,CA,0.0,0.0,0.0,87.6,44.45,0.0,0.0,0.0
2006-05-26,2006-06-29,OPTSTK,DRREDDY,1620.0,CA,0.0,0.0,0.0,255.15,37.85,0.0,0.0,0.0
2006-05-26,2006-06-29,OPTSTK,DRREDDY,1650.0,CA,0.0,0.0,0.0,240.85,32.05,0.0,0.0,0.0
2006-05-26,2006-06-29,OPTSTK,DRREDDY,1680.0,CA,0.0,0.0,0.0,227.2,27.05,0.0,0.0,0.0
2006-05-26,2006-06-29,OPTSTK,DRREDDY,1710.0,CA,0.0,0.0,0.0,214.2,22.75,0.0,0.0,0.0
2006-05-26,2006-06-29,OPTSTK,DRREDDY,1740.0,CA,0.0,0.0,0.0,201.8,19.05,0.0,0.0,0.0
2006-05-26,2006-06-29,OPTSTK,DRREDDY,1770.0,CA,0.0,0.0,0.0,190.0,15.9,0.0,0.0,0.0
2006-05-26,2006-06-29,OPTSTK,DRREDDY,1320.0,PA,0.0,0.0,0.0,76.35,57.25,0.0,0.0,0.0
2006-05-26,2006-06-29,OPTSTK,DRREDDY,1350.0,PA,0.0,0.0,0.0,88.45,69.25,0.0,0.0,0.0
2006-05-26,2006-06-29,OPTSTK,DRREDDY,1380.0,PA,0.0,0.0,0.0,101.6,82.7,0.0,0.0,0.0
2006-05-26,2006-06-29,OPTSTK,DRREDDY,1410.0,PA,0.0,0.0,0.0,115.8,97.5,0.0,0.0,0.0
2006-05-26,2006-06-29,OPTSTK,DRREDDY,1440.0,PA,0.0,0.0,0.0,131.05,113.75,0.0,0.0,0.0
2006-05-26,2006-06-29,OPTSTK,DRREDDY,1470.0,PA,0.0,0.0,0.0,147.3,131.3,0.0,0.0,0.0
2006-05-26,2006-06-29,OPTSTK,DRREDDY,1500.0,PA,0.0,0.0,0.0,164.5,150.15,0.0,0.0,0.0
2006-05-26,2006-06-29,OPTSTK,DRREDDY,1530.0,PA,0.0,0.0,0.0,159.9,170.2,0.0,0.0,0.0
2006-05-26,2006-06-29,OPTSTK,DRREDDY,1560.0,PA,0.0,0.0,0.0,163.65,191.35,0.0,0.0,0.0
2006-05-26,2006-06-29,OPTSTK,DRREDDY,1590.0,PA,0.0,0.0,0.0,146.4,213.65,0.0,0.0,0.0
2006-05-26,2006-06-29,OPTSTK,DRREDDY,1620.0,PA,0.0,0.0,0.0,176.15,236.85,0.0,0.0,0.0
2006-05-26,2006-06-29,OPTSTK,DRREDDY,1650.0,PA,0.0,0.0,0.0,191.5,260.85,0.0,0.0,0.0
2006-05-26,2006-06-29,OPTSTK,DRREDDY,1680.0,PA,0.0,0.0,0.0,207.55,285.65,0.0,0.0,0.0
2006-05-26,2006-06-29,OPTSTK,DRREDDY,1710.0,PA,0.0,0.0,0.0,224.2,311.15,0.0,0.0,0.0
2006-05-26,2006-06-29,OPTSTK,DRREDDY,1740.0,PA,0.0,0.0,0.0,241.5,337.3,0.0,0.0,0.0
2006-05-26,2006-06-29,OPTSTK,DRREDDY,1770.0,PA,0.0,0.0,0.0,259.35,363.95,0.0,0.0,0.0
2006-05-26,2006-07-27,OPTSTK,DRREDDY,1320.0,CA,0.0,0.0,0.0,215.55,192.8,0.0,0.0,0.0
2006-05-26,2006-07-27,OPTSTK,DRREDDY,1350.0,CA,0.0,0.0,0.0,166.2,176.2,0.0,0.0,0.0
2006-05-26,2006-07-27,OPTSTK,DRREDDY,1380.0,CA,0.0,0.0,0.0,148.0,160.7,0.0,0.0,0.0
2006-05-26,2006-07-27,OPTSTK,DRREDDY,1410.0,CA,0.0,0.0,0.0,131.2,146.25,0.0,0.0,0.0
2006-05-26,2006-07-27,OPTSTK,DRREDDY,1440.0,CA,0.0,0.0,0.0,115.7,132.8,0.0,0.0,0.0
2006-05-26,2006-07-27,OPTSTK,DRREDDY,1470.0,CA,0.0,0.0,0.0,101.6,120.35,0.0,0.0,0.0
2006-05-26,2006-07-27,OPTSTK,DRREDDY,1500.0,CA,0.0,0.0,0.0,88.85,108.8,0.0,0.0,0.0
2006-05-26,2006-07-27,OPTSTK,DRREDDY,1530.0,CA,0.0,0.0,0.0,77.3,98.2,0.0,0.0,0.0
2006-05-26,2006-07-27,OPTSTK,DRREDDY,1560.0,CA,0.0,0.0,0.0,333.7,88.5,0.0,0.0,0.0
2006-05-26,2006-07-27,OPTSTK,DRREDDY,1590.0,CA,0.0,0.0,0.0,318.85,79.6,0.0,0.0,0.0
2006-05-26,2006-07-27,OPTSTK,DRREDDY,1620.0,CA,0.0,0.0,0.0,304.6,71.45,0.0,0.0,0.0
2006-05-26,2006-07-27,OPTSTK,DRREDDY,1650.0,CA,0.0,0.0,0.0,290.85,64.1,0.0,0.0,0.0
2006-05-26,2006-07-27,OPTSTK,DRREDDY,1680.0,CA,0.0,0.0,0.0,277.7,57.4,0.0,0.0,0.0
2006-05-26,2006-07-27,OPTSTK,DRREDDY,1710.0,CA,0.0,0.0,0.0,265.0,51.3,0.0,0.0,0.0
2006-05-26,2006-07-27,OPTSTK,DRREDDY,1740.0,CA,0.0,0.0,0.0,252.85,45.75,0.0,0.0,0.0
2006-05-26,2006-07-27,OPTSTK,DRREDDY,1770.0,CA,0.0,0.0,0.0,241.2,40.75,0.0,0.0,0.0
2006-05-26,2006-07-27,OPTSTK,DRREDDY,1320.0,PA,0.0,0.0,0.0,96.25,86.85,0.0,0.0,0.0
2006-05-26,2006-07-27,OPTSTK,DRREDDY,1350.0,PA,0.0,0.0,0.0,53.6,99.95,0.0,0.0,0.0
2006-05-26,2006-07-27,OPTSTK,DRREDDY,1380.0,PA,0.0,0.0,0.0,64.9,114.1,0.0,0.0,0.0
2006-05-26,2006-07-27,OPTSTK,DRREDDY,1410.0,PA,0.0,0.0,0.0,77.55,129.3,0.0,0.0,0.0
2006-05-26,2006-07-27,OPTSTK,DRREDDY,1440.0,PA,0.0,0.0,0.0,91.6,145.5,0.0,0.0,0.0
2006-05-26,2006-07-27,OPTSTK,DRREDDY,1470.0,PA,0.0,0.0,0.0,106.95,162.7,0.0,0.0,0.0
2006-05-26,2006-07-27,OPTSTK,DRREDDY,1500.0,PA,0.0,0.0,0.0,123.65,180.85,0.0,0.0,0.0
2006-05-26,2006-07-27,OPTSTK,DRREDDY,1530.0,PA,0.0,0.0,0.0,141.65,199.9,0.0,0.0,0.0
2006-05-26,2006-07-27,OPTSTK,DRREDDY,1560.0,PA,0.0,0.0,0.0,187.25,219.8,0.0,0.0,0.0
2006-05-26,2006-07-27,OPTSTK,DRREDDY,1590.0,PA,0.0,0.0,0.0,201.9,240.55,0.0,0.0,0.0
2006-05-26,2006-07-27,OPTSTK,DRREDDY,1620.0,PA,0.0,0.0,0.0,217.15,262.1,0.0,0.0,0.0
2006-05-26,2006-07-27,OPTSTK,DRREDDY,1650.0,PA,0.0,0.0,0.0,232.95,284.4,0.0,0.0,0.0
2006-05-26,2006-07-27,OPTSTK,DRREDDY,1680.0,PA,0.0,0.0,0.0,249.3,307.35,0.0,0.0,0.0
2006-05-26,2006-07-27,OPTSTK,DRREDDY,1710.0,PA,0.0,0.0,0.0,266.15,330.9,0.0,0.0,0.0
2006-05-26,2006-07-27,OPTSTK,DRREDDY,1740.0,PA,0.0,0.0,0.0,283.5,355.0,0.0,0.0,0.0
2006-05-26,2006-07-27,OPTSTK,DRREDDY,1770.0,PA,0.0,0.0,0.0,301.35,379.7,0.0,0.0,0.0
2006-05-26,2006-08-31,OPTSTK,DRREDDY,1320.0,CA,0.0,0.0,0.0,241.4,229.2,0.0,0.0,0.0
2006-05-26,2006-08-31,OPTSTK,DRREDDY,1350.0,CA,0.0,0.0,0.0,225.6,213.5,0.0,0.0,0.0
2006-05-26,2006-08-31,OPTSTK,DRREDDY,1380.0,CA,0.0,0.0,0.0,210.6,198.65,0.0,0.0,0.0
2006-05-26,2006-08-31,OPTSTK,DRREDDY,1410.0,CA,0.0,0.0,0.0,196.4,184.6,0.0,0.0,0.0
2006-05-26,2006-08-31,OPTSTK,DRREDDY,1440.0,CA,0.0,0.0,0.0,183.0,171.35,0.0,0.0,0.0
2006-05-26,2006-08-31,OPTSTK,DRREDDY,1470.0,CA,0.0,0.0,0.0,170.35,158.9,0.0,0.0,0.0
2006-05-26,2006-08-31,OPTSTK,DRREDDY,1500.0,CA,0.0,0.0,0.0,158.45,147.25,0.0,0.0,0.0
2006-05-26,2006-08-31,OPTSTK,DRREDDY,1320.0,PA,0.0,0.0,0.0,117.1,114.85,0.0,0.0,0.0
2006-05-26,2006-08-31,OPTSTK,DRREDDY,1350.0,PA,0.0,0.0,0.0,130.75,128.6,0.0,0.0,0.0
2006-05-26,2006-08-31,OPTSTK,DRREDDY,1380.0,PA,0.0,0.0,0.0,145.2,143.2,0.0,0.0,0.0
2006-05-26,2006-08-31,OPTSTK,DRREDDY,1410.0,PA,0.0,0.0,0.0,160.45,158.6,0.0,0.0,0.0
2006-05-26,2006-08-31,OPTSTK,DRREDDY,1440.0,PA,0.0,0.0,0.0,176.5,174.85,0.0,0.0,0.0
2006-05-26,2006-08-31,OPTSTK,DRREDDY,1470.0,PA,0.0,0.0,0.0,193.3,191.85,0.0,0.0,0.0
2006-05-26,2006-08-31,OPTSTK,DRREDDY,1500.0,PA,0.0,0.0,0.0,210.85,209.65,0.0,0.0,0.0
2006-05-26,2006-06-29,OPTSTK,ESCORTS,60.0,CA,0.0,0.0,0.0,17.55,27.1,0.0,0.0,0.0
2006-05-26,2006-06-29,OPTSTK,ESCORTS,65.0,CA,0.0,0.0,0.0,14.3,23.4,0.0,0.0,0.0
2006-05-26,2006-06-29,OPTSTK,ESCORTS,70.0,CA,0.0,0.0,0.0,21.3,20.05,0.0,0.0,0.0
2006-05-26,2006-06-29,OPTSTK,ESCORTS,75.0,CA,0.0,0.0,0.0,18.9,17.1,0.0,0.0,0.0
2006-05-26,2006-06-29,OPTSTK,ESCORTS,80.0,CA,7.0,11.75,7.0,8.9,8.9,23.0,49.3,26400.0
2006-05-26,2006-06-29,OPTSTK,ESCORTS,85.0,CA,6.95,8.4,6.15,7.0,7.0,16.0,35.45,33600.0
2006-05-26,2006-06-29,OPTSTK,ESCORTS,90.0,CA,4.7,7.0,4.7,4.9,4.9,25.0,57.3,48000.0
2006-05-26,2006-06-29,OPTSTK,ESCORTS,95.0,CA,0.0,0.0,0.0,8.5,8.55,0.0,0.0,0.0
2006-05-26,2006-06-29,OPTSTK,ESCORTS,100.0,CA,2.75,2.85,1.55,1.55,1.55,6.0,14.73,12000.0
2006-05-26,2006-06-29,OPTSTK,ESCORTS,105.0,CA,0.0,0.0,0.0,5.4,5.95,0.0,0.0,0.0
2006-05-26,2006-06-29,OPTSTK,ESCORTS,110.0,CA,0.0,0.0,0.0,2.0,4.95,0.0,0.0,2400.0
2006-05-26,2006-06-29,OPTSTK,ESCORTS,115.0,CA,0.0,0.0,0.0,7.9,4.1,0.0,0.0,0.0
2006-05-26,2006-06-29,OPTSTK,ESCORTS,120.0,CA,0.0,0.0,0.0,5.7,3.4,0.0,0.0,0.0
2006-05-26,2006-06-29,OPTSTK,ESCORTS,125.0,CA,0.0,0.0,0.0,5.55,2.8,0.0,0.0,0.0
2006-05-26,2006-06-29,OPTSTK,ESCORTS,60.0,PA,0.0,0.0,0.0,3.2,2.4,0.0,0.0,0.0
2006-05-26,2006-06-29,OPTSTK,ESCORTS,65.0,PA,0.0,0.0,0.0,4.95,3.7,0.0,0.0,0.0
2006-05-26,2006-06-29,OPTSTK,ESCORTS,70.0,PA,0.0,0.0,0.0,3.9,5.3,0.0,0.0,0.0
2006-05-26,2006-06-29,OPTSTK,ESCORTS,75.0,PA,0.0,0.0,0.0,3.65,7.3,0.0,0.0,0.0
2006-05-26,2006-06-29,OPTSTK,ESCORTS,80.0,PA,4.0,4.95,3.75,4.0,4.0,6.0,12.13,9600.0
2006-05-26,2006-06-29,OPTSTK,ESCORTS,85.0,PA,0.0,0.0,0.0,7.4,12.35,0.0,0.0,0.0
2006-05-26,2006-06-29,OPTSTK,ESCORTS,90.0,PA,0.0,0.0,0.0,9.9,15.4,0.0,0.0,0.0
2006-05-26,2006-06-29,OPTSTK,ESCORTS,95.0,PA,0.0,0.0,0.0,12.75,18.65,0.0,0.0,0.0
2006-05-26,2006-06-29,OPTSTK,ESCORTS,100.0,PA,0.0,0.0,0.0,15.95,22.2,0.0,0.0,0.0
2006-05-26,2006-06-29,OPTSTK,ESCORTS,105.0,PA,0.0,0.0,0.0,19.45,26.0,0.0,0.0,0.0
2006-05-26,2006-06-29,OPTSTK,ESCORTS,110.0,PA,0.0,0.0,0.0,18.7,29.95,0.0,0.0,0.0
2006-05-26,2006-06-29,OPTSTK,ESCORTS,115.0,PA,0.0,0.0,0.0,20.0,34.05,0.0,0.0,0.0
2006-05-26,2006-06-29,OPTSTK,ESCORTS,120.0,PA,0.0,0.0,0.0,20.2,38.3,0.0,0.0,0.0
2006-05-26,2006-06-29,OPTSTK,ESCORTS,125.0,PA,0.0,0.0,0.0,21.2,42.7,0.0,0.0,0.0
2006-05-26,2006-07-27,OPTSTK,ESCORTS,60.0,CA,0.0,0.0,0.0,19.95,29.85,0.0,0.0,0.0
2006-05-26,2006-07-27,OPTSTK,ESCORTS,65.0,CA,0.0,0.0,0.0,17.1,26.65,0.0,0.0,0.0
2006-05-26,2006-07-27,OPTSTK,ESCORTS,70.0,CA,0.0,0.0,0.0,24.05,23.7,0.0,0.0,0.0
2006-05-26,2006-07-27,OPTSTK,ESCORTS,75.0,CA,0.0,0.0,0.0,20.8,21.1,0.0,0.0,0.0
2006-05-26,2006-07-27,OPTSTK,ESCORTS,80.0,CA,0.0,0.0,0.0,17.4,18.7,0.0,0.0,0.0
2006-05-26,2006-07-27,OPTSTK,ESCORTS,85.0,CA,0.0,0.0,0.0,14.45,16.6,0.0,0.0,0.0
2006-05-26,2006-07-27,OPTSTK,ESCORTS,90.0,CA,0.0,0.0,0.0,11.85,14.7,0.0,0.0,0.0
2006-05-26,2006-07-27,OPTSTK,ESCORTS,95.0,CA,0.0,0.0,0.0,9.65,13.05,0.0,0.0,0.0
2006-05-26,2006-07-27,OPTSTK,ESCORTS,100.0,CA,0.0,0.0,0.0,7.75,11.55,0.0,0.0,0.0
2006-05-26,2006-07-27,OPTSTK,ESCORTS,105.0,CA,0.0,0.0,0.0,6.2,10.2,0.0,0.0,0.0
2006-05-26,2006-07-27,OPTSTK,ESCORTS,110.0,CA,0.0,0.0,0.0,9.45,9.05,0.0,0.0,0.0
2006-05-26,2006-07-27,OPTSTK,ESCORTS,115.0,CA,0.0,0.0,0.0,7.95,8.0,0.0,0.0,0.0
2006-05-26,2006-07-27,OPTSTK,ESCORTS,120.0,CA,0.0,0.0,0.0,8.1,7.1,0.0,0.0,0.0
2006-05-26,2006-07-27,OPTSTK,ESCORTS,125.0,CA,0.0,0.0,0.0,8.2,6.3,0.0,0.0,0.0
2006-05-26,2006-07-27,OPTSTK,ESCORTS,60.0,PA,0.0,0.0,0.0,5.35,4.85,0.0,0.0,0.0
2006-05-26,2006-07-27,OPTSTK,ESCORTS,65.0,PA,0.0,0.0,0.0,7.4,6.6,0.0,0.0,0.0
2006-05-26,2006-07-27,OPTSTK,ESCORTS,70.0,PA,0.0,0.0,0.0,6.3,8.6,0.0,0.0,0.0
2006-05-26,2006-07-27,OPTSTK,ESCORTS,75.0,PA,0.0,0.0,0.0,3.1,10.95,0.0,0.0,0.0
2006-05-26,2006-07-27,OPTSTK,ESCORTS,80.0,PA,0.0,0.0,0.0,4.65,13.5,0.0,0.0,0.0
2006-05-26,2006-07-27,OPTSTK,ESCORTS,85.0,PA,0.0,0.0,0.0,6.6,16.35,0.0,0.0,0.0
2006-05-26,2006-07-27,OPTSTK,ESCORTS,90.0,PA,0.0,0.0,0.0,8.9,19.4,0.0,0.0,0.0
2006-05-26,2006-07-27,OPTSTK,ESCORTS,95.0,PA,0.0,0.0,0.0,11.6,22.65,0.0,0.0,0.0
2006-05-26,2006-07-27,OPTSTK,ESCORTS,100.0,PA,0.0,0.0,0.0,14.65,26.1,0.0,0.0,0.0
2006-05-26,2006-07-27,OPTSTK,ESCORTS,105.0,PA,0.0,0.0,0.0,18.0,29.7,0.0,0.0,0.0
2006-05-26,2006-07-27,OPTSTK,ESCORTS,110.0,PA,0.0,0.0,0.0,18.8,33.5,0.0,0.0,0.0
2006-05-26,2006-07-27,OPTSTK,ESCORTS,115.0,PA,0.0,0.0,0.0,22.2,37.4,0.0,0.0,0.0
2006-05-26,2006-07-27,OPTSTK,ESCORTS,120.0,PA,0.0,0.0,0.0,22.0,41.4,0.0,0.0,0.0
2006-05-26,2006-07-27,OPTSTK,ESCORTS,125.0,PA,0.0,0.0,0.0,23.2,45.55,0.0,0.0,0.0
2006-05-26,2006-08-31,OPTSTK,ESCORTS,65.0,CA,0.0,0.0,0.0,25.4,29.95,0.0,0.0,0.0
2006-05-26,2006-08-31,OPTSTK,ESCORTS,70.0,CA,0.0,0.0,0.0,23.05,27.35,0.0,0.0,0.0
2006-05-26,2006-08-31,OPTSTK,ESCORTS,75.0,CA,0.0,0.0,0.0,20.85,24.95,0.0,0.0,0.0
2006-05-26,2006-08-31,OPTSTK,ESCORTS,80.0,CA,0.0,0.0,0.0,18.9,22.8,0.0,0.0,0.0
2006-05-26,2006-08-31,OPTSTK,ESCORTS,85.0,CA,0.0,0.0,0.0,17.15,20.8,0.0,0.0,0.0
2006-05-26,2006-08-31,OPTSTK,ESCORTS,90.0,CA,0.0,0.0,0.0,15.55,19.0,0.0,0.0,0.0
2006-05-26,2006-08-31,OPTSTK,ESCORTS,95.0,CA,0.0,0.0,0.0,14.1,17.4,0.0,0.0,0.0
2006-05-26,2006-08-31,OPTSTK,ESCORTS,100.0,CA,0.0,0.0,0.0,0.0,0.0,0.0,0.0,0.0
2006-05-26,2006-08-31,OPTSTK,ESCORTS,65.0,PA,0.0,0.0,0.0,10.85,9.5,0.0,0.0,0.0
2006-05-26,2006-08-31,OPTSTK,ESCORTS,70.0,PA,0.0,0.0,0.0,13.35,11.8,0.0,0.0,0.0
2006-05-26,2006-08-31,OPTSTK,ESCORTS,75.0,PA,0.0,0.0,0.0,16.1,14.35,0.0,0.0,0.0
2006-05-26,2006-08-31,OPTSTK,ESCORTS,80.0,PA,0.0,0.0,0.0,19.05,17.05,0.0,0.0,0.0
2006-05-26,2006-08-31,OPTSTK,ESCORTS,85.0,PA,0.0,0.0,0.0,22.2,20.0,0.0,0.0,0.0
2006-05-26,2006-08-31,OPTSTK,ESCORTS,90.0,PA,0.0,0.0,0.0,25.5,23.1,0.0,0.0,0.0
2006-05-26,2006-08-31,OPTSTK,ESCORTS,95.0,PA,0.0,0.0,0.0,29.0,26.4,0.0,0.0,0.0
2006-05-26,2006-08-31,OPTSTK,ESCORTS,100.0,PA,0.0,0.0,0.0,0.0,0.0,0.0,0.0,0.0
2006-05-26,2006-06-29,OPTSTK,ESSAROIL,32.5,CA,0.0,0.0,0.0,9.25,25.35,0.0,0.0,0.0
2006-05-26,2006-06-29,OPTSTK,ESSAROIL,35.0,CA,0.0,0.0,0.0,7.55,23.45,0.0,0.0,0.0
2006-05-26,2006-06-29,OPTSTK,ESSAROIL,37.5,CA,0.0,0.0,0.0,3.0,21.65,0.0,0.0,0.0
2006-05-26,2006-06-29,OPTSTK,ESSAROIL,40.0,CA,0.0,0.0,0.0,4.85,19.95,0.0,0.0,0.0
2006-05-26,2006-06-29,OPTSTK,ESSAROIL,42.5,CA,0.0,0.0,0.0,3.8,18.4,0.0,0.0,0.0
2006-05-26,2006-06-29,OPTSTK,ESSAROIL,45.0,CA,0.0,0.0,0.0,10.9,16.9,0.0,0.0,5650.0
2006-05-26,2006-06-29,OPTSTK,ESSAROIL,47.5,CA,0.0,0.0,0.0,2.3,15.55,0.0,0.0,0.0
2006-05-26,2006-06-29,OPTSTK,ESSAROIL,50.0,CA,10.5,12.0,8.25,8.25,8.25,5.0,17.04,39550.0
2006-05-26,2006-06-29,OPTSTK,ESSAROIL,52.5,CA,0.0,0.0,0.0,2.5,13.1,0.0,0.0,0.0
2006-05-26,2006-06-29,OPTSTK,ESSAROIL,55.0,CA,8.2,8.25,5.35,5.35,5.35,6.0,21.26,28250.0
2006-05-26,2006-06-29,OPTSTK,ESSAROIL,57.5,CA,0.0,0.0,0.0,6.35,11.05,0.0,0.0,0.0
2006-05-26,2006-06-29,OPTSTK,ESSAROIL,60.0,CA,5.0,5.9,4.5,4.65,4.65,23.0,84.83,135600.0
2006-05-26,2006-06-29,OPTSTK,ESSAROIL,65.0,CA,3.2,4.0,2.8,3.05,3.05,27.0,104.17,226000.0
2006-05-26,2006-06-29,OPTSTK,ESSAROIL,70.0,CA,2.0,2.0,2.0,2.0,2.0,2.0,8.13,11300.0
2006-05-26,2006-06-29,OPTSTK,ESSAROIL,75.0,CA,0.0,0.0,0.0,7.45,6.05,0.0,0.0,0.0
2006-05-26,2006-06-29,OPTSTK,ESSAROIL,80.0,CA,1.65,1.65,1.5,1.5,1.5,2.0,9.21,45200.0
2006-05-26,2006-06-29,OPTSTK,ESSAROIL,85.0,CA,0.0,0.0,0.0,13.15,4.3,0.0,0.0,0.0
2006-05-26,2006-06-29,OPTSTK,ESSAROIL,90.0,CA,0.0,0.0,0.0,15.0,3.6,0.0,0.0,0.0
2006-05-26,2006-06-29,OPTSTK,ESSAROIL,32.5,PA,0.0,0.0,0.0,1.3,1.6,0.0,0.0,0.0
2006-05-26,2006-06-29,OPTSTK,ESSAROIL,35.0,PA,0.0,0.0,0.0,2.05,2.2,0.0,0.0,0.0
2006-05-26,2006-06-29,OPTSTK,ESSAROIL,37.5,PA,0.0,0.0,0.0,3.05,2.85,0.0,0.0,0.0
2006-05-26,2006-06-29,OPTSTK,ESSAROIL,40.0,PA,0.0,0.0,0.0,4.25,3.65,0.0,0.0,0.0
2006-05-26,2006-06-29,OPTSTK,ESSAROIL,42.5,PA,0.0,0.0,0.0,5.65,4.55,0.0,0.0,0.0
2006-05-26,2006-06-29,OPTSTK,ESSAROIL,45.0,PA,0.0,0.0,0.0,7.25,5.6,0.0,0.0,0.0
2006-05-26,2006-06-29,OPTSTK,ESSAROIL,47.5,PA,0.0,0.0,0.0,9.05,6.7,0.0,0.0,0.0
2006-05-26,2006-06-29,OPTSTK,ESSAROIL,50.0,PA,0.0,0.0,0.0,9.65,7.9,0.0,0.0,0.0
2006-05-26,2006-06-29,OPTSTK,ESSAROIL,52.5,PA,0.0,0.0,0.0,10.25,9.25,0.0,0.0,0.0
2006-05-26,2006-06-29,OPTSTK,ESSAROIL,55.0,PA,3.25,5.0,3.25,5.0,5.0,2.0,6.68,11300.0
2006-05-26,2006-06-29,OPTSTK,ESSAROIL,57.5,PA,0.0,0.0,0.0,13.3,12.15,0.0,0.0,0.0
2006-05-26,2006-06-29,OPTSTK,ESSAROIL,60.0,PA,0.0,0.0,0.0,13.4,13.7,0.0,0.0,0.0
2006-05-26,2006-06-29,OPTSTK,ESSAROIL,65.0,PA,0.0,0.0,0.0,16.65,17.05,0.0,0.0,0.0
2006-05-26,2006-06-29,OPTSTK,ESSAROIL,70.0,PA,0.0,0.0,0.0,20.15,20.65,0.0,0.0,0.0
2006-05-26,2006-06-29,OPTSTK,ESSAROIL,75.0,PA,0.0,0.0,0.0,22.4,24.5,0.0,0.0,0.0
2006-05-26,2006-06-29,OPTSTK,ESSAROIL,80.0,PA,0.0,0.0,0.0,24.05,28.5,0.0,0.0,0.0
2006-05-26,2006-06-29,OPTSTK,ESSAROIL,85.0,PA,0.0,0.0,0.0,23.85,32.7,0.0,0.0,0.0
2006-05-26,2006-06-29,OPTSTK,ESSAROIL,90.0,PA,0.0,0.0,0.0,27.4,37.0,0.0,0.0,0.0
2006-05-26,2006-07-27,OPTSTK,ESSAROIL,35.0,CA,0.0,0.0,0.0,22.5,25.8,0.0,0.0,0.0
2006-05-26,2006-07-27,OPTSTK,ESSAROIL,37.5,CA,0.0,0.0,0.0,14.15,24.3,0.0,0.0,0.0
2006-05-26,2006-07-27,OPTSTK,ESSAROIL,40.0,CA,0.0,0.0,0.0,21.4,22.85,0.0,0.0,0.0
2006-05-26,2006-07-27,OPTSTK,ESSAROIL,42.5,CA,0.0,0.0,0.0,11.95,21.5,0.0,0.0,0.0
2006-05-26,2006-07-27,OPTSTK,ESSAROIL,45.0,CA,0.0,0.0,0.0,19.4,20.25,0.0,0.0,0.0
2006-05-26,2006-07-27,OPTSTK,ESSAROIL,47.5,CA,0.0,0.0,0.0,10.1,19.05,0.0,0.0,0.0
2006-05-26,2006-07-27,OPTSTK,ESSAROIL,50.0,CA,0.0,0.0,0.0,19.75,17.95,0.0,0.0,0.0
2006-05-26,2006-07-27,OPTSTK,ESSAROIL,52.5,CA,0.0,0.0,0.0,8.5,16.95,0.0,0.0,0.0
2006-05-26,2006-07-27,OPTSTK,ESSAROIL,55.0,CA,0.0,0.0,0.0,22.95,15.95,0.0,0.0,0.0
2006-05-26,2006-07-27,OPTSTK,ESSAROIL,60.0,CA,0.0,0.0,0.0,20.55,14.2,0.0,0.0,0.0
2006-05-26,2006-07-27,OPTSTK,ESSAROIL,65.0,CA,0.0,0.0,0.0,18.45,12.65,0.0,0.0,0.0
2006-05-26,2006-07-27,OPTSTK,ESSAROIL,70.0,CA,0.0,0.0,0.0,16.55,11.3,0.0,0.0,0.0
2006-05-26,2006-07-27,OPTSTK,ESSAROIL,75.0,CA,0.0,0.0,0.0,14.85,10.1,0.0,0.0,0.0
2006-05-26,2006-07-27,OPTSTK,ESSAROIL,80.0,CA,0.0,0.0,0.0,13.35,9.05,0.0,0.0,0.0
2006-05-26,2006-07-27,OPTSTK,ESSAROIL,85.0,CA,0.0,0.0,0.0,12.0,8.15,0.0,0.0,0.0
2006-05-26,2006-07-27,OPTSTK,ESSAROIL,90.0,CA,0.0,0.0,0.0,12.0,7.3,0.0,0.0,0.0
2006-05-26,2006-07-27,OPTSTK,ESSAROIL,35.0,PA,0.0,0.0,0.0,5.7,4.35,0.0,0.0,0.0
2006-05-26,2006-07-27,OPTSTK,ESSAROIL,37.5,PA,0.0,0.0,0.0,6.8,5.3,0.0,0.0,0.0
2006-05-26,2006-07-27,OPTSTK,ESSAROIL,40.0,PA,0.0,0.0,0.0,5.6,6.35,0.0,0.0,0.0
2006-05-26,2006-07-27,OPTSTK,ESSAROIL,42.5,PA,0.0,0.0,0.0,9.5,7.45,0.0,0.0,0.0
2006-05-26,2006-07-27,OPTSTK,ESSAROIL,45.0,PA,0.0,0.0,0.0,5.05,8.7,0.0,0.0,0.0
2006-05-26,2006-07-27,OPTSTK,ESSAROIL,47.5,PA,0.0,0.0,0.0,12.6,10.0,0.0,0.0,0.0
2006-05-26,2006-07-27,OPTSTK,ESSAROIL,50.0,PA,0.0,0.0,0.0,4.5,11.35,0.0,0.0,0.0
2006-05-26,2006-07-27,OPTSTK,ESSAROIL,52.5,PA,0.0,0.0,0.0,15.95,12.8,0.0,0.0,0.0
2006-05-26,2006-07-27,OPTSTK,ESSAROIL,55.0,PA,0.0,0.0,0.0,9.4,14.3,0.0,0.0,0.0
2006-05-26,2006-07-27,OPTSTK,ESSAROIL,60.0,PA,0.0,0.0,0.0,11.95,17.45,0.0,0.0,0.0
2006-05-26,2006-07-27,OPTSTK,ESSAROIL,65.0,PA,0.0,0.0,0.0,14.7,20.85,0.0,0.0,0.0
2006-05-26,2006-07-27,OPTSTK,ESSAROIL,70.0,PA,0.0,0.0,0.0,17.75,24.45,0.0,0.0,0.0
2006-05-26,2006-07-27,OPTSTK,ESSAROIL,75.0,PA,0.0,0.0,0.0,20.95,28.2,0.0,0.0,0.0
2006-05-26,2006-07-27,OPTSTK,ESSAROIL,80.0,PA,0.0,0.0,0.0,24.35,32.1,0.0,0.0,0.0
2006-05-26,2006-07-27,OPTSTK,ESSAROIL,85.0,PA,0.0,0.0,0.0,27.95,36.1,0.0,0.0,0.0
2006-05-26,2006-07-27,OPTSTK,ESSAROIL,90.0,PA,0.0,0.0,0.0,27.55,40.25,0.0,0.0,0.0
2006-05-26,2006-08-31,OPTSTK,ESSAROIL,40.0,CA,0.0,0.0,0.0,24.25,25.75,0.0,0.0,0.0
2006-05-26,2006-08-31,OPTSTK,ESSAROIL,45.0,CA,0.0,0.0,0.0,22.1,23.45,0.0,0.0,0.0
2006-05-26,2006-08-31,OPTSTK,ESSAROIL,50.0,CA,0.0,0.0,0.0,20.2,21.45,0.0,0.0,0.0
2006-05-26,2006-08-31,OPTSTK,ESSAROIL,55.0,CA,0.0,0.0,0.0,18.55,19.65,0.0,0.0,0.0
2006-05-26,2006-08-31,OPTSTK,ESSAROIL,60.0,CA,0.0,0.0,0.0,17.05,18.05,0.0,0.0,0.0
2006-05-26,2006-08-31,OPTSTK,ESSAROIL,65.0,CA,0.0,0.0,0.0,15.7,16.6,0.0,0.0,0.0
2006-05-26,2006-08-31,OPTSTK,ESSAROIL,70.0,CA,0.0,0.0,0.0,14.45,15.3,0.0,0.0,0.0
2006-05-26,2006-08-31,OPTSTK,ESSAROIL,40.0,PA,0.0,0.0,0.0,9.85,8.95,0.0,0.0,0.0
2006-05-26,2006-08-31,OPTSTK,ESSAROIL,45.0,PA,0.0,0.0,0.0,12.65,11.6,0.0,0.0,0.0
2006-05-26,2006-08-31,OPTSTK,ESSAROIL,50.0,PA,0.0,0.0,0.0,15.65,14.5,0.0,0.0,0.0
2006-05-26,2006-08-31,OPTSTK,ESSAROIL,55.0,PA,0.0,0.0,0.0,18.9,17.6,0.0,0.0,0.0
2006-05-26,2006-08-31,OPTSTK,ESSAROIL,60.0,PA,0.0,0.0,0.0,22.3,20.9,0.0,0.0,0.0
2006-05-26,2006-08-31,OPTSTK,ESSAROIL,65.0,PA,0.0,0.0,0.0,25.85,24.4,0.0,0.0,0.0
2006-05-26,2006-08-31,OPTSTK,ESSAROIL,70.0,PA,0.0,0.0,0.0,29.55,28.0,0.0,0.0,0.0
2006-05-26,2006-06-29,OPTSTK,FEDERALBNK,165.0,CA,0.0,0.0,0.0,19.5,32.3,0.0,0.0,0.0
2006-05-26,2006-06-29,OPTSTK,FEDERALBNK,170.0,CA,0.0,0.0,0.0,16.35,28.95,0.0,0.0,0.0
2006-05-26,2006-06-29,OPTSTK,FEDERALBNK,175.0,CA,0.0,0.0,0.0,13.6,25.8,0.0,0.0,0.0
2006-05-26,2006-06-29,OPTSTK,FEDERALBNK,180.0,CA,0.0,0.0,0.0,30.55,22.9,0.0,0.0,0.0
2006-05-26,2006-06-29,OPTSTK,FEDERALBNK,185.0,CA,0.0,0.0,0.0,27.65,20.25,0.0,0.0,0.0
2006-05-26,2006-06-29,OPTSTK,FEDERALBNK,190.0,CA,0.0,0.0,0.0,24.9,17.85,0.0,0.0,0.0
2006-05-26,2006-06-29,OPTSTK,FEDERALBNK,195.0,CA,0.0,0.0,0.0,22.4,15.65,0.0,0.0,0.0
2006-05-26,2006-06-29,OPTSTK,FEDERALBNK,200.0,CA,0.0,0.0,0.0,20.1,13.65,0.0,0.0,0.0
2006-05-26,2006-06-29,OPTSTK,FEDERALBNK,205.0,CA,2.0,9.0,2.0,9.0,9.0,2.0,5.47,0.0
2006-05-26,2006-06-29,OPTSTK,FEDERALBNK,210.0,CA,0.0,0.0,0.0,16.05,10.3,0.0,0.0,0.0
2006-05-26,2006-06-29,OPTSTK,FEDERALBNK,215.0,CA,0.0,0.0,0.0,16.9,8.9,0.0,0.0,0.0
2006-05-26,2006-06-29,OPTSTK,FEDERALBNK,220.0,CA,0.0,0.0,0.0,14.75,7.7,0.0,0.0,0.0
2006-05-26,2006-06-29,OPTSTK,FEDERALBNK,225.0,CA,0.0,0.0,0.0,15.1,6.6,0.0,0.0,0.0
2006-05-26,2006-06-29,OPTSTK,FEDERALBNK,230.0,CA,0.0,0.0,0.0,14.9,5.65,0.0,0.0,0.0
2006-05-26,2006-06-29,OPTSTK,FEDERALBNK,235.0,CA,0.0,0.0,0.0,6.0,4.85,0.0,0.0,0.0
2006-05-26,2006-06-29,OPTSTK,FEDERALBNK,165.0,PA,0.0,0.0,0.0,5.4,6.4,0.0,0.0,0.0
2006-05-26,2006-06-29,OPTSTK,FEDERALBNK,170.0,PA,0.0,0.0,0.0,7.25,7.95,0.0,0.0,0.0
2006-05-26,2006-06-29,OPTSTK,FEDERALBNK,175.0,PA,0.0,0.0,0.0,9.45,9.8,0.0,0.0,0.0
2006-05-26,2006-06-29,OPTSTK,FEDERALBNK,180.0,PA,0.0,0.0,0.0,10.5,11.9,0.0,0.0,0.0
2006-05-26,2006-06-29,OPTSTK,FEDERALBNK,185.0,PA,0.0,0.0,0.0,12.5,14.2,0.0,0.0,0.0
2006-05-26,2006-06-29,OPTSTK,FEDERALBNK,190.0,PA,0.0,0.0,0.0,14.65,16.75,0.0,0.0,0.0
2006-05-26,2006-06-29,OPTSTK,FEDERALBNK,195.0,PA,0.0,0.0,0.0,17.05,19.5,0.0,0.0,0.0
2006-05-26,2006-06-29,OPTSTK,FEDERALBNK,200.0,PA,0.0,0.0,0.0,19.65,22.5,0.0,0.0,0.0
2006-05-26,2006-06-29,OPTSTK,FEDERALBNK,205.0,PA,0.0,0.0,0.0,22.4,25.7,0.0,0.0,0.0
2006-05-26,2006-06-29,OPTSTK,FEDERALBNK,210.0,PA,0.0,0.0,0.0,25.35,29.1,0.0,0.0,0.0
2006-05-26,2006-06-29,OPTSTK,FEDERALBNK,215.0,PA,0.0,0.0,0.0,25.45,32.65,0.0,0.0,0.0
2006-05-26,2006-06-29,OPTSTK,FEDERALBNK,220.0,PA,0.0,0.0,0.0,27.0,36.4,0.0,0.0,0.0
2006-05-26,2006-06-29,OPTSTK,FEDERALBNK,225.0,PA,0.0,0.0,0.0,27.3,40.3,0.0,0.0,0.0
2006-05-26,2006-06-29,OPTSTK,FEDERALBNK,230.0,PA,0.0,0.0,0.0,27.8,44.3,0.0,0.0,0.0
2006-05-26,2006-06-29,OPTSTK,FEDERALBNK,235.0,PA,0.0,0.0,0.0,19.1,48.45,0.0,0.0,0.0
2006-05-26,2006-07-27,OPTSTK,FEDERALBNK,165.0,CA,0.0,0.0,0.0,23.2,37.65,0.0,0.0,0.0
2006-05-26,2006-07-27,OPTSTK,FEDERALBNK,170.0,CA,0.0,0.0,0.0,20.3,34.6,0.0,0.0,0.0
2006-05-26,2006-07-27,OPTSTK,FEDERALBNK,175.0,CA,0.0,0.0,0.0,17.6,31.75,0.0,0.0,0.0
2006-05-26,2006-07-27,OPTSTK,FEDERALBNK,180.0,CA,0.0,0.0,0.0,15.25,29.1,0.0,0.0,0.0
2006-05-26,2006-07-27,OPTSTK,FEDERALBNK,185.0,CA,0.0,0.0,0.0,25.25,26.6,0.0,0.0,0.0
2006-05-26,2006-07-27,OPTSTK,FEDERALBNK,190.0,CA,0.0,0.0,0.0,27.45,24.3,0.0,0.0,0.0
2006-05-26,2006-07-27,OPTSTK,FEDERALBNK,195.0,CA,0.0,0.0,0.0,24.35,22.15,0.0,0.0,0.0
2006-05-26,2006-07-27,OPTSTK,FEDERALBNK,200.0,CA,0.0,0.0,0.0,21.45,20.15,0.0,0.0,0.0
2006-05-26,2006-07-27,OPTSTK,FEDERALBNK,205.0,CA,0.0,0.0,0.0,18.85,18.3,0.0,0.0,0.0
2006-05-26,2006-07-27,OPTSTK,FEDERALBNK,210.0,CA,0.0,0.0,0.0,16.45,16.6,0.0,0.0,0.0
2006-05-26,2006-07-27,OPTSTK,FEDERALBNK,215.0,CA,0.0,0.0,0.0,14.3,15.05,0.0,0.0,0.0
2006-05-26,2006-07-27,OPTSTK,FEDERALBNK,220.0,CA,0.0,0.0,0.0,12.35,13.6,0.0,0.0,0.0
2006-05-26,2006-07-27,OPTSTK,FEDERALBNK,225.0,CA,0.0,0.0,0.0,11.05,12.3,0.0,0.0,0.0
2006-05-26,2006-07-27,OPTSTK,FEDERALBNK,230.0,CA,0.0,0.0,0.0,11.4,11.1,0.0,0.0,0.0
2006-05-26,2006-07-27,OPTSTK,FEDERALBNK,235.0,CA,0.0,0.0,0.0,9.0,10.05,0.0,0.0,0.0
2006-05-26,2006-07-27,OPTSTK,FEDERALBNK,165.0,PA,0.0,0.0,0.0,8.25,10.85,0.0,0.0,0.0
2006-05-26,2006-07-27,OPTSTK,FEDERALBNK,170.0,PA,0.0,0.0,0.0,10.3,12.8,0.0,0.0,0.0
2006-05-26,2006-07-27,OPTSTK,FEDERALBNK,175.0,PA,0.0,0.0,0.0,12.55,14.85,0.0,0.0,0.0
2006-05-26,2006-07-27,OPTSTK,FEDERALBNK,180.0,PA,0.0,0.0,0.0,15.1,17.15,0.0,0.0,0.0
2006-05-26,2006-07-27,OPTSTK,FEDERALBNK,185.0,PA,0.0,0.0,0.0,10.1,19.6,0.0,0.0,0.0
2006-05-26,2006-07-27,OPTSTK,FEDERALBNK,190.0,PA,0.0,0.0,0.0,7.55,22.2,0.0,0.0,0.0
2006-05-26,2006-07-27,OPTSTK,FEDERALBNK,195.0,PA,0.0,0.0,0.0,9.35,25.0,0.0,0.0,0.0
2006-05-26,2006-07-27,OPTSTK,FEDERALBNK,200.0,PA,0.0,0.0,0.0,11.4,27.95,0.0,0.0,0.0
2006-05-26,2006-07-27,OPTSTK,FEDERALBNK,205.0,PA,0.0,0.0,0.0,13.7,31.05,0.0,0.0,0.0
2006-05-26,2006-07-27,OPTSTK,FEDERALBNK,210.0,PA,0.0,0.0,0.0,16.2,34.3,0.0,0.0,0.0
2006-05-26,2006-07-27,OPTSTK,FEDERALBNK,215.0,PA,0.0,0.0,0.0,18.95,37.7,0.0,0.0,0.0
2006-05-26,2006-07-27,OPTSTK,FEDERALBNK,220.0,PA,0.0,0.0,0.0,21.95,41.2,0.0,0.0,0.0
2006-05-26,2006-07-27,OPTSTK,FEDERALBNK,225.0,PA,0.0,0.0,0.0,23.45,44.85,0.0,0.0,0.0
2006-05-26,2006-07-27,OPTSTK,FEDERALBNK,230.0,PA,0.0,0.0,0.0,21.4,48.6,0.0,0.0,0.0
2006-05-26,2006-07-27,OPTSTK,FEDERALBNK,235.0,PA,0.0,0.0,0.0,20.85,52.45,0.0,0.0,0.0
2006-05-26,2006-08-31,OPTSTK,FEDERALBNK,165.0,CA,0.0,0.0,0.0,34.2,43.15,0.0,0.0,0.0
2006-05-26,2006-08-31,OPTSTK,FEDERALBNK,170.0,CA,0.0,0.0,0.0,31.7,40.35,0.0,0.0,0.0
2006-05-26,2006-08-31,OPTSTK,FEDERALBNK,175.0,CA,0.0,0.0,0.0,29.3,37.7,0.0,0.0,0.0
2006-05-26,2006-08-31,OPTSTK,FEDERALBNK,180.0,CA,0.0,0.0,0.0,27.1,35.2,0.0,0.0,0.0
2006-05-26,2006-08-31,OPTSTK,FEDERALBNK,185.0,CA,0.0,0.0,0.0,25.0,32.8,0.0,0.0,0.0
2006-05-26,2006-08-31,OPTSTK,FEDERALBNK,190.0,CA,0.0,0.0,0.0,23.05,30.6,0.0,0.0,0.0
2006-05-26,2006-08-31,OPTSTK,FEDERALBNK,195.0,CA,0.0,0.0,0.0,21.25,28.45,0.0,0.0,0.0
2006-05-26,2006-08-31,OPTSTK,FEDERALBNK,200.0,CA,0.0,0.0,0.0,0.0,0.0,0.0,0.0,0.0
2006-05-26,2006-08-31,OPTSTK,FEDERALBNK,205.0,CA,0.0,0.0,0.0,0.0,0.0,0.0,0.0,0.0
2006-05-26,2006-08-31,OPTSTK,FEDERALBNK,165.0,PA,0.0,0.0,0.0,17.6,15.3,0.0,0.0,0.0
2006-05-26,2006-08-31,OPTSTK,FEDERALBNK,170.0,PA,0.0,0.0,0.0,20.0,17.4,0.0,0.0,0.0
2006-05-26,2006-08-31,OPTSTK,FEDERALBNK,175.0,PA,0.0,0.0,0.0,22.55,19.65,0.0,0.0,0.0
2006-05-26,2006-08-31,OPTSTK,FEDERALBNK,180.0,PA,0.0,0.0,0.0,25.2,22.05,0.0,0.0,0.0
2006-05-26,2006-08-31,OPTSTK,FEDERALBNK,185.0,PA,0.0,0.0,0.0,28.05,24.6,0.0,0.0,0.0
2006-05-26,2006-08-31,OPTSTK,FEDERALBNK,190.0,PA,0.0,0.0,0.0,31.0,27.3,0.0,0.0,0.0
2006-05-26,2006-08-31,OPTSTK,FEDERALBNK,195.0,PA,0.0,0.0,0.0,34.1,30.1,0.0,0.0,0.0
2006-05-26,2006-08-31,OPTSTK,FEDERALBNK,200.0,PA,0.0,0.0,0.0,0.0,0.0,0.0,0.0,0.0
2006-05-26,2006-08-31,OPTSTK,FEDERALBNK,205.0,PA,0.0,0.0,0.0,0.0,0.0,0.0,0.0,0.0
2006-05-26,2006-06-29,OPTSTK,GAIL,215.0,CA,0.0,0.0,0.0,26.8,48.15,0.0,0.0,0.0
2006-05-26,2006-06-29,OPTSTK,GAIL,220.0,CA,0.0,0.0,0.0,22.0,44.5,0.0,0.0,0.0
2006-05-26,2006-06-29,OPTSTK,GAIL,225.0,CA,0.0,0.0,0.0,18.75,41.05,0.0,0.0,0.0
2006-05-26,2006-06-29,OPTSTK,GAIL,230.0,CA,19.8,28.3,19.8,28.3,28.3,2.0,7.62,4500.0
2006-05-26,2006-06-29,OPTSTK,GAIL,235.0,CA,0.0,0.0,0.0,13.15,34.6,0.0,0.0,0.0
2006-05-26,2006-06-29,OPTSTK,GAIL,240.0,CA,15.25,19.9,14.8,19.9,19.9,11.0,42.33,18000.0
2006-05-26,2006-06-29,OPTSTK,GAIL,245.0,CA,19.0,20.0,19.0,19.5,19.5,2.0,7.93,1500.0
2006-05-26,2006-06-29,OPTSTK,GAIL,250.0,CA,10.5,16.9,10.5,15.7,15.7,6.0,23.76,16500.0
2006-05-26,2006-06-29,OPTSTK,GAIL,255.0,CA,0.0,0.0,0.0,13.75,23.9,0.0,0.0,0.0
2006-05-26,2006-06-29,OPTSTK,GAIL,260.0,CA,10.0,13.2,9.0,10.7,10.7,19.0,77.09,24000.0
2006-05-26,2006-06-29,OPTSTK,GAIL,270.0,CA,7.5,7.5,7.15,7.35,7.35,3.0,12.48,7500.0
2006-05-26,2006-06-29,OPTSTK,GAIL,280.0,CA,3.3,5.9,3.3,5.7,5.7,4.0,17.07,12000.0
2006-05-26,2006-06-29,OPTSTK,GAIL,290.0,CA,0.0,0.0,0.0,3.5,11.5,0.0,0.0,1500.0
2006-05-26,2006-06-29,OPTSTK,GAIL,300.0,CA,4.0,4.45,2.6,2.6,2.6,5.0,22.75,15000.0
2006-05-26,2006-06-29,OPTSTK,GAIL,310.0,CA,0.0,0.0,0.0,27.4,7.25,0.0,0.0,0.0
2006-05-26,2006-06-29,OPTSTK,GAIL,320.0,CA,0.0,0.0,0.0,22.25,5.7,0.0,0.0,0.0
2006-05-26,2006-06-29,OPTSTK,GAIL,330.0,CA,0.0,0.0,0.0,17.8,4.45,0.0,0.0,0.0
2006-05-26,2006-06-29,OPTSTK,GAIL,340.0,CA,0.0,0.0,0.0,14.05,3.5,0.0,0.0,0.0
2006-05-26,2006-06-29,OPTSTK,GAIL,350.0,CA,0.0,0.0,0.0,10.95,2.7,0.0,0.0,0.0
2006-05-26,2006-06-29,OPTSTK,GAIL,215.0,PA,0.0,0.0,0.0,9.15,6.55,0.0,0.0,0.0
2006-05-26,2006-06-29,OPTSTK,GAIL,220.0,PA,0.0,0.0,0.0,5.45,7.9,0.0,0.0,0.0
2006-05-26,2006-06-29,OPTSTK,GAIL,225.0,PA,0.0,0.0,0.0,7.15,9.35,0.0,0.0,0.0
2006-05-26,2006-06-29,OPTSTK,GAIL,230.0,PA,7.0,7.0,7.0,7.0,7.0,1.0,3.55,1500.0
2006-05-26,2006-06-29,OPTSTK,GAIL,235.0,PA,0.0,0.0,0.0,11.5,12.9,0.0,0.0,0.0
2006-05-26,2006-06-29,OPTSTK,GAIL,240.0,PA,7.5,7.5,7.5,7.5,7.5,1.0,3.71,1500.0
2006-05-26,2006-06-29,OPTSTK,GAIL,245.0,PA,0.0,0.0,0.0,17.15,17.1,0.0,0.0,0.0
2006-05-26,2006-06-29,OPTSTK,GAIL,250.0,PA,0.0,0.0,0.0,2.35,19.5,0.0,0.0,0.0
2006-05-26,2006-06-29,OPTSTK,GAIL,255.0,PA,0.0,0.0,0.0,27.8,22.05,0.0,0.0,0.0
2006-05-26,2006-06-29,OPTSTK,GAIL,260.0,PA,0.0,0.0,0.0,3.75,24.8,0.0,0.0,0.0
2006-05-26,2006-06-29,OPTSTK,GAIL,270.0,PA,0.0,0.0,0.0,3.45,30.75,0.0,0.0,0.0
2006-05-26,2006-06-29,OPTSTK,GAIL,280.0,PA,0.0,0.0,0.0,9.95,37.3,0.0,0.0,1500.0
2006-05-26,2006-06-29,OPTSTK,GAIL,290.0,PA,0.0,0.0,0.0,7.6,44.4,0.0,0.0,0.0
2006-05-26,2006-06-29,OPTSTK,GAIL,300.0,PA,0.0,0.0,0.0,10.7,52.05,0.0,0.0,0.0
2006-05-26,2006-06-29,OPTSTK,GAIL,310.0,PA,0.0,0.0,0.0,14.55,60.05,0.0,0.0,0.0
2006-05-26,2006-06-29,OPTSTK,GAIL,320.0,PA,0.0,0.0,0.0,19.2,68.45,0.0,0.0,0.0
2006-05-26,2006-06-29,OPTSTK,GAIL,330.0,PA,0.0,0.0,0.0,24.55,77.15,0.0,0.0,0.0
2006-05-26,2006-06-29,OPTSTK,GAIL,340.0,PA,0.0,0.0,0.0,30.6,86.1,0.0,0.0,0.0
2006-05-26,2006-06-29,OPTSTK,GAIL,350.0,PA,0.0,0.0,0.0,37.25,95.25,0.0,0.0,0.0
2006-05-26,2006-07-27,OPTSTK,GAIL,215.0,CA,0.0,0.0,0.0,32.65,54.75,0.0,0.0,0.0
2006-05-26,2006-07-27,OPTSTK,GAIL,220.0,CA,0.0,0.0,0.0,26.1,51.5,0.0,0.0,0.0
2006-05-26,2006-07-27,OPTSTK,GAIL,225.0,CA,0.0,0.0,0.0,23.05,48.35,0.0,0.0,0.0
2006-05-26,2006-07-27,OPTSTK,GAIL,230.0,CA,0.0,0.0,0.0,41.8,45.4,0.0,0.0,0.0
2006-05-26,2006-07-27,OPTSTK,GAIL,235.0,CA,0.0,0.0,0.0,17.65,42.55,0.0,0.0,0.0
2006-05-26,2006-07-27,OPTSTK,GAIL,240.0,CA,0.0,0.0,0.0,36.8,39.85,0.0,0.0,0.0
2006-05-26,2006-07-27,OPTSTK,GAIL,245.0,CA,0.0,0.0,0.0,13.25,37.25,0.0,0.0,0.0
2006-05-26,2006-07-27,OPTSTK,GAIL,250.0,CA,0.0,0.0,0.0,42.0,34.8,0.0,0.0,0.0
2006-05-26,2006-07-27,OPTSTK,GAIL,255.0,CA,0.0,0.0,0.0,20.5,32.5,0.0,0.0,0.0
2006-05-26,2006-07-27,OPTSTK,GAIL,260.0,CA,0.0,0.0,0.0,39.8,30.3,0.0,0.0,0.0
2006-05-26,2006-07-27,OPTSTK,GAIL,270.0,CA,0.0,0.0,0.0,37.3,26.3,0.0,0.0,0.0
2006-05-26,2006-07-27,OPTSTK,GAIL,280.0,CA,0.0,0.0,0.0,30.55,22.75,0.0,0.0,0.0
2006-05-26,2006-07-27,OPTSTK,GAIL,290.0,CA,0.0,0.0,0.0,24.6,19.6,0.0,0.0,0.0
2006-05-26,2006-07-27,OPTSTK,GAIL,300.0,CA,0.0,0.0,0.0,19.5,16.85,0.0,0.0,0.0
2006-05-26,2006-07-27,OPTSTK,GAIL,310.0,CA,0.0,0.0,0.0,15.2,14.45,0.0,0.0,0.0
2006-05-26,2006-07-27,OPTSTK,GAIL,320.0,CA,0.0,0.0,0.0,11.65,12.4,0.0,0.0,0.0
2006-05-26,2006-07-27,OPTSTK,GAIL,330.0,CA,0.0,0.0,0.0,8.8,10.55,0.0,0.0,0.0
2006-05-26,2006-07-27,OPTSTK,GAIL,215.0,PA,0.0,0.0,0.0,13.9,12.05,0.0,0.0,0.0
2006-05-26,2006-07-27,OPTSTK,GAIL,220.0,PA,0.0,0.0,0.0,8.35,13.7,0.0,0.0,0.0
2006-05-26,2006-07-27,OPTSTK,GAIL,225.0,PA,0.0,0.0,0.0,10.25,15.55,0.0,0.0,0.0
2006-05-26,2006-07-27,OPTSTK,GAIL,230.0,PA,0.0,0.0,0.0,5.3,17.5,0.0,0.0,0.0
2006-05-26,2006-07-27,OPTSTK,GAIL,235.0,PA,0.0,0.0,0.0,14.75,19.6,0.0,0.0,0.0
2006-05-26,2006-07-27,OPTSTK,GAIL,240.0,PA,0.0,0.0,0.0,2.95,21.85,0.0,0.0,0.0
2006-05-26,2006-07-27,OPTSTK,GAIL,245.0,PA,0.0,0.0,0.0,20.25,24.2,0.0,0.0,0.0
2006-05-26,2006-07-27,OPTSTK,GAIL,250.0,PA,0.0,0.0,0.0,3.9,26.7,0.0,0.0,0.0
2006-05-26,2006-07-27,OPTSTK,GAIL,255.0,PA,0.0,0.0,0.0,33.25,29.3,0.0,0.0,0.0
2006-05-26,2006-07-27,OPTSTK,GAIL,260.0,PA,0.0,0.0,0.0,5.6,32.1,0.0,0.0,0.0
2006-05-26,2006-07-27,OPTSTK,GAIL,270.0,PA,0.0,0.0,0.0,6.65,37.95,0.0,0.0,0.0
2006-05-26,2006-07-27,OPTSTK,GAIL,280.0,PA,0.0,0.0,0.0,9.7,44.3,0.0,0.0,0.0
2006-05-26,2006-07-27,OPTSTK,GAIL,290.0,PA,0.0,0.0,0.0,13.6,51.05,0.0,0.0,0.0
2006-05-26,2006-07-27,OPTSTK,GAIL,300.0,PA,0.0,0.0,0.0,18.35,58.15,0.0,0.0,0.0
2006-05-26,2006-07-27,OPTSTK,GAIL,310.0,PA,0.0,0.0,0.0,23.85,65.65,0.0,0.0,0.0
2006-05-26,2006-07-27,OPTSTK,GAIL,320.0,PA,0.0,0.0,0.0,30.15,73.45,0.0,0.0,0.0
2006-05-26,2006-07-27,OPTSTK,GAIL,330.0,PA,0.0,0.0,0.0,37.15,81.55,0.0,0.0,0.0
2006-05-26,2006-08-31,OPTSTK,GAIL,215.0,CA,0.0,0.0,0.0,38.6,61.7,0.0,0.0,0.0
2006-05-26,2006-08-31,OPTSTK,GAIL,220.0,CA,0.0,0.0,0.0,35.95,58.7,0.0,0.0,0.0
2006-05-26,2006-08-31,OPTSTK,GAIL,225.0,CA,0.0,0.0,0.0,33.4,55.8,0.0,0.0,0.0
2006-05-26,2006-08-31,OPTSTK,GAIL,230.0,CA,0.0,0.0,0.0,31.05,53.05,0.0,0.0,0.0
2006-05-26,2006-08-31,OPTSTK,GAIL,235.0,CA,0.0,0.0,0.0,28.8,50.4,0.0,0.0,0.0
2006-05-26,2006-08-31,OPTSTK,GAIL,240.0,CA,0.0,0.0,0.0,26.7,47.85,0.0,0.0,0.0
2006-05-26,2006-08-31,OPTSTK,GAIL,245.0,CA,0.0,0.0,0.0,24.75,45.4,0.0,0.0,0.0
2006-05-26,2006-08-31,OPTSTK,GAIL,250.0,CA,0.0,0.0,0.0,0.0,0.0,0.0,0.0,0.0
2006-05-26,2006-08-31,OPTSTK,GAIL,260.0,CA,0.0,0.0,0.0,0.0,0.0,0.0,0.0,0.0
2006-05-26,2006-08-31,OPTSTK,GAIL,270.0,CA,0.0,0.0,0.0,0.0,0.0,0.0,0.0,0.0
2006-05-26,2006-08-31,OPTSTK,GAIL,280.0,CA,0.0,0.0,0.0,0.0,0.0,0.0,0.0,0.0
2006-05-26,2006-08-31,OPTSTK,GAIL,290.0,CA,0.0,0.0,0.0,0.0,0.0,0.0,0.0,0.0
2006-05-26,2006-08-31,OPTSTK,GAIL,215.0,PA,0.0,0.0,0.0,18.4,17.6,0.0,0.0,0.0
2006-05-26,2006-08-31,OPTSTK,GAIL,220.0,PA,0.0,0.0,0.0,20.7,19.5,0.0,0.0,0.0
2006-05-26,2006-08-31,OPTSTK,GAIL,225.0,PA,0.0,0.0,0.0,23.05,21.55,0.0,0.0,0.0
2006-05-26,2006-08-31,OPTSTK,GAIL,230.0,PA,0.0,0.0,0.0,25.6,23.7,0.0,0.0,0.0
2006-05-26,2006-08-31,OPTSTK,GAIL,235.0,PA,0.0,0.0,0.0,28.3,25.95,0.0,0.0,0.0
2006-05-26,2006-08-31,OPTSTK,GAIL,240.0,PA,0.0,0.0,0.0,31.1,28.3,0.0,0.0,0.0
2006-05-26,2006-08-31,OPTSTK,GAIL,245.0,PA,0.0,0.0,0.0,34.05,30.8,0.0,0.0,0.0
2006-05-26,2006-08-31,OPTSTK,GAIL,250.0,PA,0.0,0.0,0.0,0.0,0.0,0.0,0.0,0.0
2006-05-26,2006-08-31,OPTSTK,GAIL,260.0,PA,0.0,0.0,0.0,0.0,0.0,0.0,0.0,0.0
2006-05-26,2006-08-31,OPTSTK,GAIL,270.0,PA,0.0,0.0,0.0,0.0,0.0,0.0,0.0,0.0
2006-05-26,2006-08-31,OPTSTK,GAIL,280.0,PA,0.0,0.0,0.0,0.0,0.0,0.0,0.0,0.0
2006-05-26,2006-08-31,OPTSTK,GAIL,290.0,PA,0.0,0.0,0.0,0.0,0.0,0.0,0.0,0.0
2006-05-26,2006-06-29,OPTSTK,GESHIPPING,195.0,CA,0.0,0.0,0.0,27.75,52.5,0.0,0.0,0.0
2006-05-26,2006-06-29,OPTSTK,GESHIPPING,200.0,CA,0.0,0.0,0.0,24.95,48.95,0.0,0.0,0.0
2006-05-26,2006-06-29,OPTSTK,GESHIPPING,205.0,CA,0.0,0.0,0.0,22.35,45.55,0.0,0.0,0.0
2006-05-26,2006-06-29,OPTSTK,GESHIPPING,210.0,CA,0.0,0.0,0.0,19.95,42.25,0.0,0.0,0.0
2006-05-26,2006-06-29,OPTSTK,GESHIPPING,215.0,CA,0.0,0.0,0.0,17.75,39.15,0.0,0.0,0.0
2006-05-26,2006-06-29,OPTSTK,GESHIPPING,220.0,CA,0.0,0.0,0.0,42.05,36.25,0.0,0.0,0.0
2006-05-26,2006-06-29,OPTSTK,GESHIPPING,225.0,CA,0.0,0.0,0.0,28.05,33.45,0.0,0.0,0.0
2006-05-26,2006-06-29,OPTSTK,GESHIPPING,230.0,CA,0.0,0.0,0.0,40.9,30.85,0.0,0.0,0.0
2006-05-26,2006-06-29,OPTSTK,GESHIPPING,235.0,CA,0.0,0.0,0.0,26.5,28.4,0.0,0.0,0.0
2006-05-26,2006-06-29,OPTSTK,GESHIPPING,240.0,CA,0.0,0.0,0.0,12.25,26.1,0.0,0.0,1350.0
2006-05-26,2006-06-29,OPTSTK,GESHIPPING,245.0,CA,0.0,0.0,0.0,21.2,23.95,0.0,0.0,0.0
2006-05-26,2006-06-29,OPTSTK,GESHIPPING,250.0,CA,14.0,14.0,7.6,10.0,10.0,8.0,28.07,13500.0
2006-05-26,2006-06-29,OPTSTK,GESHIPPING,255.0,CA,0.0,0.0,0.0,16.7,20.1,0.0,0.0,0.0
2006-05-26,2006-06-29,OPTSTK,GESHIPPING,260.0,CA,6.0,6.3,6.0,6.0,6.0,4.0,14.36,6750.0
2006-05-26,2006-06-29,OPTSTK,GESHIPPING,270.0,CA,0.0,0.0,0.0,5.0,15.3,0.0,0.0,1350.0
2006-05-26,2006-06-29,OPTSTK,GESHIPPING,280.0,CA,0.0,0.0,0.0,13.4,12.65,0.0,0.0,0.0
2006-05-26,2006-06-29,OPTSTK,GESHIPPING,290.0,CA,0.0,0.0,0.0,4.0,10.45,0.0,0.0,1350.0
2006-05-26,2006-06-29,OPTSTK,GESHIPPING,300.0,CA,2.0,2.25,2.0,2.0,2.0,3.0,12.23,6750.0
2006-05-26,2006-06-29,OPTSTK,GESHIPPING,310.0,CA,0.0,0.0,0.0,10.05,7.0,0.0,0.0,0.0
2006-05-26,2006-06-29,OPTSTK,GESHIPPING,320.0,CA,0.0,0.0,0.0,20.1,5.75,0.0,0.0,0.0
2006-05-26,2006-06-29,OPTSTK,GESHIPPING,195.0,PA,0.0,0.0,0.0,11.8,7.55,0.0,0.0,0.0
2006-05-26,2006-06-29,OPTSTK,GESHIPPING,200.0,PA,0.0,0.0,0.0,13.95,8.95,0.0,0.0,0.0
2006-05-26,2006-06-29,OPTSTK,GESHIPPING,205.0,PA,0.0,0.0,0.0,16.35,10.5,0.0,0.0,0.0
2006-05-26,2006-06-29,OPTSTK,GESHIPPING,210.0,PA,0.0,0.0,0.0,18.9,12.2,0.0,0.0,0.0
2006-05-26,2006-06-29,OPTSTK,GESHIPPING,215.0,PA,0.0,0.0,0.0,21.65,14.05,0.0,0.0,0.0
2006-05-26,2006-06-29,OPTSTK,GESHIPPING,220.0,PA,0.0,0.0,0.0,5.8,16.1,0.0,0.0,0.0
2006-05-26,2006-06-29,OPTSTK,GESHIPPING,225.0,PA,0.0,0.0,0.0,16.95,18.3,0.0,0.0,0.0
2006-05-26,2006-06-29,OPTSTK,GESHIPPING,230.0,PA,0.0,0.0,0.0,5.15,20.65,0.0,0.0,0.0
2006-05-26,2006-06-29,OPTSTK,GESHIPPING,235.0,PA,0.0,0.0,0.0,12.4,23.2,0.0,0.0,0.0
2006-05-26,2006-06-29,OPTSTK,GESHIPPING,240.0,PA,0.0,0.0,0.0,20.0,25.85,0.0,0.0,1350.0
2006-05-26,2006-06-29,OPTSTK,GESHIPPING,245.0,PA,0.0,0.0,0.0,16.9,28.65,0.0,0.0,0.0
2006-05-26,2006-06-29,OPTSTK,GESHIPPING,250.0,PA,0.0,0.0,0.0,15.0,31.65,0.0,0.0,1350.0
2006-05-26,2006-06-29,OPTSTK,GESHIPPING,255.0,PA,0.0,0.0,0.0,22.3,34.75,0.0,0.0,0.0
2006-05-26,2006-06-29,OPTSTK,GESHIPPING,260.0,PA,0.0,0.0,0.0,15.55,38.0,0.0,0.0,0.0
2006-05-26,2006-06-29,OPTSTK,GESHIPPING,270.0,PA,0.0,0.0,0.0,20.7,44.85,0.0,0.0,0.0
2006-05-26,2006-06-29,OPTSTK,GESHIPPING,280.0,PA,0.0,0.0,0.0,26.6,52.15,0.0,0.0,0.0
2006-05-26,2006-06-29,OPTSTK,GESHIPPING,290.0,PA,0.0,0.0,0.0,33.2,59.85,0.0,0.0,0.0
2006-05-26,2006-06-29,OPTSTK,GESHIPPING,300.0,PA,0.0,0.0,0.0,33.6,67.95,0.0,0.0,0.0
2006-05-26,2006-06-29,OPTSTK,GESHIPPING,310.0,PA,0.0,0.0,0.0,39.25,76.3,0.0,0.0,0.0
2006-05-26,2006-06-29,OPTSTK,GESHIPPING,320.0,PA,0.0,0.0,0.0,47.15,84.95,0.0,0.0,0.0
2006-05-26,2006-07-27,OPTSTK,GESHIPPING,195.0,CA,0.0,0.0,0.0,33.95,59.7,0.0,0.0,0.0
2006-05-26,2006-07-27,OPTSTK,GESHIPPING,200.0,CA,0.0,0.0,0.0,31.35,56.55,0.0,0.0,0.0
2006-05-26,2006-07-27,OPTSTK,GESHIPPING,205.0,CA,0.0,0.0,0.0,28.85,53.5,0.0,0.0,0.0
2006-05-26,2006-07-27,OPTSTK,GESHIPPING,210.0,CA,0.0,0.0,0.0,26.55,50.6,0.0,0.0,0.0
2006-05-26,2006-07-27,OPTSTK,GESHIPPING,215.0,CA,0.0,0.0,0.0,24.4,47.8,0.0,0.0,0.0
2006-05-26,2006-07-27,OPTSTK,GESHIPPING,220.0,CA,0.0,0.0,0.0,37.6,45.15,0.0,0.0,0.0
2006-05-26,2006-07-27,OPTSTK,GESHIPPING,225.0,CA,0.0,0.0,0.0,35.05,42.6,0.0,0.0,0.0
2006-05-26,2006-07-27,OPTSTK,GESHIPPING,230.0,CA,0.0,0.0,0.0,43.05,40.15,0.0,0.0,0.0
2006-05-26,2006-07-27,OPTSTK,GESHIPPING,235.0,CA,0.0,0.0,0.0,36.1,37.85,0.0,0.0,0.0
2006-05-26,2006-07-27,OPTSTK,GESHIPPING,240.0,CA,0.0,0.0,0.0,37.0,35.65,0.0,0.0,0.0
2006-05-26,2006-07-27,OPTSTK,GESHIPPING,245.0,CA,0.0,0.0,0.0,31.4,33.55,0.0,0.0,0.0
2006-05-26,2006-07-27,OPTSTK,GESHIPPING,250.0,CA,0.0,0.0,0.0,31.55,31.6,0.0,0.0,0.0
2006-05-26,2006-07-27,OPTSTK,GESHIPPING,255.0,CA,0.0,0.0,0.0,27.25,29.7,0.0,0.0,0.0
2006-05-26,2006-07-27,OPTSTK,GESHIPPING,260.0,CA,0.0,0.0,0.0,26.75,27.9,0.0,0.0,0.0
2006-05-26,2006-07-27,OPTSTK,GESHIPPING,270.0,CA,0.0,0.0,0.0,22.55,24.65,0.0,0.0,0.0
2006-05-26,2006-07-27,OPTSTK,GESHIPPING,280.0,CA,0.0,0.0,0.0,18.9,21.7,0.0,0.0,0.0
2006-05-26,2006-07-27,OPTSTK,GESHIPPING,290.0,CA,0.0,0.0,0.0,15.75,19.1,0.0,0.0,0.0
2006-05-26,2006-07-27,OPTSTK,GESHIPPING,300.0,CA,0.0,0.0,0.0,16.0,16.8,0.0,0.0,0.0
2006-05-26,2006-07-27,OPTSTK,GESHIPPING,310.0,CA,0.0,0.0,0.0,30.4,14.75,0.0,0.0,0.0
2006-05-26,2006-07-27,OPTSTK,GESHIPPING,320.0,CA,0.0,0.0,0.0,26.9,12.95,0.0,0.0,0.0
2006-05-26,2006-07-27,OPTSTK,GESHIPPING,195.0,PA,0.0,0.0,0.0,17.0,13.75,0.0,0.0,0.0
2006-05-26,2006-07-27,OPTSTK,GESHIPPING,200.0,PA,0.0,0.0,0.0,19.3,15.5,0.0,0.0,0.0
2006-05-26,2006-07-27,OPTSTK,GESHIPPING,205.0,PA,0.0,0.0,0.0,21.8,17.4,0.0,0.0,0.0
2006-05-26,2006-07-27,OPTSTK,GESHIPPING,210.0,PA,0.0,0.0,0.0,24.4,19.45,0.0,0.0,0.0
2006-05-26,2006-07-27,OPTSTK,GESHIPPING,215.0,PA,0.0,0.0,0.0,27.2,21.6,0.0,0.0,0.0
2006-05-26,2006-07-27,OPTSTK,GESHIPPING,220.0,PA,0.0,0.0,0.0,20.4,23.85,0.0,0.0,0.0
2006-05-26,2006-07-27,OPTSTK,GESHIPPING,225.0,PA,0.0,0.0,0.0,22.8,26.25,0.0,0.0,0.0
2006-05-26,2006-07-27,OPTSTK,GESHIPPING,230.0,PA,0.0,0.0,0.0,12.05,28.75,0.0,0.0,0.0
2006-05-26,2006-07-27,OPTSTK,GESHIPPING,235.0,PA,0.0,0.0,0.0,24.35,31.4,0.0,0.0,0.0
2006-05-26,2006-07-27,OPTSTK,GESHIPPING,240.0,PA,0.0,0.0,0.0,15.85,34.15,0.0,0.0,0.0
2006-05-26,2006-07-27,OPTSTK,GESHIPPING,245.0,PA,0.0,0.0,0.0,29.55,37.0,0.0,0.0,0.0
2006-05-26,2006-07-27,OPTSTK,GESHIPPING,250.0,PA,0.0,0.0,0.0,20.25,39.95,0.0,0.0,0.0
2006-05-26,2006-07-27,OPTSTK,GESHIPPING,255.0,PA,0.0,0.0,0.0,35.3,43.05,0.0,0.0,0.0
2006-05-26,2006-07-27,OPTSTK,GESHIPPING,260.0,PA,0.0,0.0,0.0,25.25,46.2,0.0,0.0,0.0
2006-05-26,2006-07-27,OPTSTK,GESHIPPING,270.0,PA,0.0,0.0,0.0,30.9,52.8,0.0,0.0,0.0
2006-05-26,2006-07-27,OPTSTK,GESHIPPING,280.0,PA,0.0,0.0,0.0,37.05,59.75,0.0,0.0,0.0
2006-05-26,2006-07-27,OPTSTK,GESHIPPING,290.0,PA,0.0,0.0,0.0,43.7,67.05,0.0,0.0,0.0
2006-05-26,2006-07-27,OPTSTK,GESHIPPING,300.0,PA,0.0,0.0,0.0,45.9,74.65,0.0,0.0,0.0
2006-05-26,2006-07-27,OPTSTK,GESHIPPING,310.0,PA,0.0,0.0,0.0,45.95,82.45,0.0,0.0,0.0
2006-05-26,2006-07-27,OPTSTK,GESHIPPING,320.0,PA,0.0,0.0,0.0,52.3,90.55,0.0,0.0,0.0
2006-05-26,2006-08-31,OPTSTK,GESHIPPING,220.0,CA,0.0,0.0,0.0,50.95,53.85,0.0,0.0,0.0
2006-05-26,2006-08-31,OPTSTK,GESHIPPING,225.0,CA,0.0,0.0,0.0,48.7,51.5,0.0,0.0,0.0
2006-05-26,2006-08-31,OPTSTK,GESHIPPING,230.0,CA,0.0,0.0,0.0,46.55,49.2,0.0,0.0,0.0
2006-05-26,2006-08-31,OPTSTK,GESHIPPING,235.0,CA,0.0,0.0,0.0,44.5,47.0,0.0,0.0,0.0
2006-05-26,2006-08-31,OPTSTK,GESHIPPING,240.0,CA,0.0,0.0,0.0,42.5,44.9,0.0,0.0,0.0
2006-05-26,2006-08-31,OPTSTK,GESHIPPING,245.0,CA,0.0,0.0,0.0,40.6,42.9,0.0,0.0,0.0
2006-05-26,2006-08-31,OPTSTK,GESHIPPING,250.0,CA,0.0,0.0,0.0,38.75,40.95,0.0,0.0,0.0
2006-05-26,2006-08-31,OPTSTK,GESHIPPING,255.0,CA,0.0,0.0,0.0,0.0,0.0,0.0,0.0,0.0
2006-05-26,2006-08-31,OPTSTK,GESHIPPING,220.0,PA,0.0,0.0,0.0,34.25,31.2,0.0,0.0,0.0
2006-05-26,2006-08-31,OPTSTK,GESHIPPING,225.0,PA,0.0,0.0,0.0,36.9,33.7,0.0,0.0,0.0
2006-05-26,2006-08-31,OPTSTK,GESHIPPING,230.0,PA,0.0,0.0,0.0,39.65,36.35,0.0,0.0,0.0
2006-05-26,2006-08-31,OPTSTK,GESHIPPING,235.0,PA,0.0,0.0,0.0,42.5,39.05,0.0,0.0,0.0
2006-05-26,2006-08-31,OPTSTK,GESHIPPING,240.0,PA,0.0,0.0,0.0,45.45,41.85,0.0,0.0,0.0
2006-05-26,2006-08-31,OPTSTK,GESHIPPING,245.0,PA,0.0,0.0,0.0,48.45,44.75,0.0,0.0,0.0
2006-05-26,2006-08-31,OPTSTK,GESHIPPING,250.0,PA,0.0,0.0,0.0,51.55,47.75,0.0,0.0,0.0
2006-05-26,2006-08-31,OPTSTK,GESHIPPING,255.0,PA,0.0,0.0,0.0,0.0,0.0,0.0,0.0,0.0
2006-05-26,2006-06-29,OPTSTK,GLAXO,930.0,CA,0.0,0.0,0.0,157.05,260.65,0.0,0.0,0.0
2006-05-26,2006-06-29,OPTSTK,GLAXO,960.0,CA,0.0,0.0,0.0,138.85,237.7,0.0,0.0,0.0
2006-05-26,2006-06-29,OPTSTK,GLAXO,990.0,CA,0.0,0.0,0.0,122.25,216.0,0.0,0.0,0.0
2006-05-26,2006-06-29,OPTSTK,GLAXO,1020.0,CA,0.0,0.0,0.0,155.9,195.5,0.0,0.0,0.0
2006-05-26,2006-06-29,OPTSTK,GLAXO,1050.0,CA,0.0,0.0,0.0,139.1,176.25,0.0,0.0,0.0
2006-05-26,2006-06-29,OPTSTK,GLAXO,1080.0,CA,0.0,0.0,0.0,123.65,158.35,0.0,0.0,0.0
2006-05-26,2006-06-29,OPTSTK,GLAXO,1110.0,CA,0.0,0.0,0.0,159.1,141.8,0.0,0.0,0.0
2006-05-26,2006-06-29,OPTSTK,GLAXO,1140.0,CA,0.0,0.0,0.0,141.25,126.55,0.0,0.0,0.0
2006-05-26,2006-06-29,OPTSTK,GLAXO,1170.0,CA,0.0,0.0,0.0,124.8,112.6,0.0,0.0,0.0
2006-05-26,2006-06-29,OPTSTK,GLAXO,1200.0,CA,0.0,0.0,0.0,136.85,99.85,0.0,0.0,0.0
2006-05-26,2006-06-29,OPTSTK,GLAXO,1230.0,CA,0.0,0.0,0.0,116.0,88.25,0.0,0.0,0.0
2006-05-26,2006-06-29,OPTSTK,GLAXO,1260.0,CA,0.0,0.0,0.0,96.45,77.8,0.0,0.0,0.0
2006-05-26,2006-06-29,OPTSTK,GLAXO,1290.0,CA,0.0,0.0,0.0,149.6,68.4,0.0,0.0,0.0
2006-05-26,2006-06-29,OPTSTK,GLAXO,1320.0,CA,0.0,0.0,0.0,155.15,59.95,0.0,0.0,0.0
2006-05-26,2006-06-29,OPTSTK,GLAXO,1350.0,CA,0.0,0.0,0.0,177.35,52.5,0.0,0.0,0.0
2006-05-26,2006-06-29,OPTSTK,GLAXO,1380.0,CA,0.0,0.0,0.0,158.4,45.8,0.0,0.0,0.0
2006-05-26,2006-06-29,OPTSTK,GLAXO,1410.0,CA,0.0,0.0,0.0,164.3,39.9,0.0,0.0,0.0
2006-05-26,2006-06-29,OPTSTK,GLAXO,1440.0,CA,0.0,0.0,0.0,146.3,34.65,0.0,0.0,0.0
2006-05-26,2006-06-29,OPTSTK,GLAXO,1470.0,CA,0.0,0.0,0.0,129.65,30.0,0.0,0.0,0.0
2006-05-26,2006-06-29,OPTSTK,GLAXO,1500.0,CA,0.0,0.0,0.0,114.4,25.95,0.0,0.0,0.0
2006-05-26,2006-06-29,OPTSTK,GLAXO,1530.0,CA,0.0,0.0,0.0,100.4,22.45,0.0,0.0,0.0
2006-05-26,2006-06-29,OPTSTK,GLAXO,1560.0,CA,0.0,0.0,0.0,87.75,19.35,0.0,0.0,0.0
2006-05-26,2006-06-29,OPTSTK,GLAXO,1590.0,CA,0.0,0.0,0.0,76.35,16.65,0.0,0.0,0.0
2006-05-26,2006-06-29,OPTSTK,GLAXO,1620.0,CA,0.0,0.0,0.0,98.7,14.3,0.0,0.0,0.0
2006-05-26,2006-06-29,OPTSTK,GLAXO,930.0,PA,0.0,0.0,0.0,48.55,24.3,0.0,0.0,0.0
2006-05-26,2006-06-29,OPTSTK,GLAXO,960.0,PA,0.0,0.0,0.0,60.2,31.15,0.0,0.0,0.0
2006-05-26,2006-06-29,OPTSTK,GLAXO,990.0,PA,0.0,0.0,0.0,73.35,39.25,0.0,0.0,0.0
2006-05-26,2006-06-29,OPTSTK,GLAXO,1020.0,PA,0.0,0.0,0.0,65.25,48.55,0.0,0.0,0.0
2006-05-26,2006-06-29,OPTSTK,GLAXO,1050.0,PA,0.0,0.0,0.0,78.25,59.15,0.0,0.0,0.0
2006-05-26,2006-06-29,OPTSTK,GLAXO,1080.0,PA,0.0,0.0,0.0,92.55,71.05,0.0,0.0,0.0
2006-05-26,2006-06-29,OPTSTK,GLAXO,1110.0,PA,0.0,0.0,0.0,54.8,84.35,0.0,0.0,0.0
2006-05-26,2006-06-29,OPTSTK,GLAXO,1140.0,PA,0.0,0.0,0.0,66.7,98.9,0.0,0.0,0.0
2006-05-26,2006-06-29,OPTSTK,GLAXO,1170.0,PA,0.0,0.0,0.0,80.05,114.7,0.0,0.0,0.0
2006-05-26,2006-06-29,OPTSTK,GLAXO,1200.0,PA,0.0,0.0,0.0,47.05,131.75,0.0,0.0,0.0
2006-05-26,2006-06-29,OPTSTK,GLAXO,1230.0,PA,0.0,0.0,0.0,28.0,150.0,0.0,0.0,0.0
2006-05-26,2006-06-29,OPTSTK,GLAXO,1260.0,PA,0.0,0.0,0.0,38.2,169.35,0.0,0.0,0.0
2006-05-26,2006-06-29,OPTSTK,GLAXO,1290.0,PA,0.0,0.0,0.0,44.4,189.75,0.0,0.0,0.0
2006-05-26,2006-06-29,OPTSTK,GLAXO,1320.0,PA,0.0,0.0,0.0,42.55,211.15,0.0,0.0,0.0
2006-05-26,2006-06-29,OPTSTK,GLAXO,1350.0,PA,0.0,0.0,0.0,47.1,233.5,0.0,0.0,0.0
2006-05-26,2006-06-29,OPTSTK,GLAXO,1380.0,PA,0.0,0.0,0.0,57.5,256.6,0.0,0.0,0.0
2006-05-26,2006-06-29,OPTSTK,GLAXO,1410.0,PA,0.0,0.0,0.0,54.95,280.55,0.0,0.0,0.0
2006-05-26,2006-06-29,OPTSTK,GLAXO,1440.0,PA,0.0,0.0,0.0,66.3,305.05,0.0,0.0,0.0
2006-05-26,2006-06-29,OPTSTK,GLAXO,1470.0,PA,0.0,0.0,0.0,79.05,330.25,0.0,0.0,0.0
2006-05-26,2006-06-29,OPTSTK,GLAXO,1500.0,PA,0.0,0.0,0.0,93.1,356.05,0.0,0.0,0.0
2006-05-26,2006-06-29,OPTSTK,GLAXO,1530.0,PA,0.0,0.0,0.0,108.5,382.3,0.0,0.0,0.0
2006-05-26,2006-06-29,OPTSTK,GLAXO,1560.0,PA,0.0,0.0,0.0,125.2,409.0,0.0,0.0,0.0
2006-05-26,2006-06-29,OPTSTK,GLAXO,1590.0,PA,0.0,0.0,0.0,143.15,436.15,0.0,0.0,0.0
2006-05-26,2006-06-29,OPTSTK,GLAXO,1620.0,PA,0.0,0.0,0.0,159.8,463.6,0.0,0.0,0.0
2006-05-26,2006-07-27,OPTSTK,GLAXO,930.0,CA,0.0,0.0,0.0,186.85,289.7,0.0,0.0,0.0
2006-05-26,2006-07-27,OPTSTK,GLAXO,960.0,CA,0.0,0.0,0.0,170.1,269.35,0.0,0.0,0.0
2006-05-26,2006-07-27,OPTSTK,GLAXO,990.0,CA,0.0,0.0,0.0,154.55,249.95,0.0,0.0,0.0
2006-05-26,2006-07-27,OPTSTK,GLAXO,1020.0,CA,0.0,0.0,0.0,188.2,231.55,0.0,0.0,0.0
2006-05-26,2006-07-27,OPTSTK,GLAXO,1050.0,CA,0.0,0.0,0.0,172.5,214.2,0.0,0.0,0.0
2006-05-26,2006-07-27,OPTSTK,GLAXO,1080.0,CA,0.0,0.0,0.0,157.85,197.9,0.0,0.0,0.0
2006-05-26,2006-07-27,OPTSTK,GLAXO,1110.0,CA,0.0,0.0,0.0,188.95,182.55,0.0,0.0,0.0
2006-05-26,2006-07-27,OPTSTK,GLAXO,1140.0,CA,0.0,0.0,0.0,172.25,168.15,0.0,0.0,0.0
2006-05-26,2006-07-27,OPTSTK,GLAXO,1170.0,CA,0.0,0.0,0.0,156.7,154.7,0.0,0.0,0.0
2006-05-26,2006-07-27,OPTSTK,GLAXO,1200.0,CA,0.0,0.0,0.0,162.4,142.15,0.0,0.0,0.0
2006-05-26,2006-07-27,OPTSTK,GLAXO,1230.0,CA,0.0,0.0,0.0,135.25,130.45,0.0,0.0,0.0
2006-05-26,2006-07-27,OPTSTK,GLAXO,1260.0,CA,0.0,0.0,0.0,116.75,119.6,0.0,0.0,0.0
2006-05-26,2006-07-27,OPTSTK,GLAXO,1290.0,CA,0.0,0.0,0.0,169.9,109.55,0.0,0.0,0.0
2006-05-26,2006-07-27,OPTSTK,GLAXO,1320.0,CA,0.0,0.0,0.0,169.45,100.25,0.0,0.0,0.0
2006-05-26,2006-07-27,OPTSTK,GLAXO,1350.0,CA,0.0,0.0,0.0,152.0,91.65,0.0,0.0,0.0
2006-05-26,2006-07-27,OPTSTK,GLAXO,1380.0,CA,0.0,0.0,0.0,135.85,83.7,0.0,0.0,0.0
2006-05-26,2006-07-27,OPTSTK,GLAXO,1410.0,CA,0.0,0.0,0.0,120.95,76.45,0.0,0.0,0.0
2006-05-26,2006-07-27,OPTSTK,GLAXO,1440.0,CA,0.0,0.0,0.0,107.3,69.75,0.0,0.0,0.0
2006-05-26,2006-07-27,OPTSTK,GLAXO,1470.0,CA,0.0,0.0,0.0,94.85,63.6,0.0,0.0,0.0
2006-05-26,2006-07-27,OPTSTK,GLAXO,1500.0,CA,0.0,0.0,0.0,83.5,57.95,0.0,0.0,0.0
2006-05-26,2006-07-27,OPTSTK,GLAXO,1530.0,CA,0.0,0.0,0.0,68.55,52.75,0.0,0.0,0.0
2006-05-26,2006-07-27,OPTSTK,GLAXO,1560.0,CA,0.0,0.0,0.0,76.65,48.0,0.0,0.0,0.0
2006-05-26,2006-07-27,OPTSTK,GLAXO,930.0,PA,0.0,0.0,0.0,73.5,48.55,0.0,0.0,0.0
2006-05-26,2006-07-27,OPTSTK,GLAXO,960.0,PA,0.0,0.0,0.0,86.45,57.85,0.0,0.0,0.0
2006-05-26,2006-07-27,OPTSTK,GLAXO,990.0,PA,0.0,0.0,0.0,100.5,68.1,0.0,0.0,0.0
2006-05-26,2006-07-27,OPTSTK,GLAXO,1020.0,PA,0.0,0.0,0.0,92.25,79.35,0.0,0.0,0.0
2006-05-26,2006-07-27,OPTSTK,GLAXO,1050.0,PA,0.0,0.0,0.0,106.15,91.7,0.0,0.0,0.0
2006-05-26,2006-07-27,OPTSTK,GLAXO,1080.0,PA,0.0,0.0,0.0,121.1,105.0,0.0,0.0,0.0
2006-05-26,2006-07-27,OPTSTK,GLAXO,1110.0,PA,0.0,0.0,0.0,78.9,119.3,0.0,0.0,0.0
2006-05-26,2006-07-27,OPTSTK,GLAXO,1140.0,PA,0.0,0.0,0.0,91.8,134.6,0.0,0.0,0.0
2006-05-26,2006-07-27,OPTSTK,GLAXO,1170.0,PA,0.0,0.0,0.0,105.85,150.8,0.0,0.0,0.0
2006-05-26,2006-07-27,OPTSTK,GLAXO,1200.0,PA,0.0,0.0,0.0,66.35,167.9,0.0,0.0,0.0
2006-05-26,2006-07-27,OPTSTK,GLAXO,1230.0,PA,0.0,0.0,0.0,40.75,185.9,0.0,0.0,0.0
2006-05-26,2006-07-27,OPTSTK,GLAXO,1260.0,PA,0.0,0.0,0.0,51.85,204.7,0.0,0.0,0.0
2006-05-26,2006-07-27,OPTSTK,GLAXO,1290.0,PA,0.0,0.0,0.0,58.05,224.3,0.0,0.0,0.0
2006-05-26,2006-07-27,OPTSTK,GLAXO,1320.0,PA,0.0,0.0,0.0,63.8,244.65,0.0,0.0,0.0
2006-05-26,2006-07-27,OPTSTK,GLAXO,1350.0,PA,0.0,0.0,0.0,75.85,265.7,0.0,0.0,0.0
2006-05-26,2006-07-27,OPTSTK,GLAXO,1380.0,PA,0.0,0.0,0.0,89.15,287.4,0.0,0.0,0.0
2006-05-26,2006-07-27,OPTSTK,GLAXO,1410.0,PA,0.0,0.0,0.0,103.75,309.8,0.0,0.0,0.0
2006-05-26,2006-07-27,OPTSTK,GLAXO,1440.0,PA,0.0,0.0,0.0,119.55,332.75,0.0,0.0,0.0
2006-05-26,2006-07-27,OPTSTK,GLAXO,1470.0,PA,0.0,0.0,0.0,136.6,356.25,0.0,0.0,0.0
2006-05-26,2006-07-27,OPTSTK,GLAXO,1500.0,PA,0.0,0.0,0.0,154.75,380.25,0.0,0.0,0.0
2006-05-26,2006-07-27,OPTSTK,GLAXO,1530.0,PA,0.0,0.0,0.0,143.55,404.75,0.0,0.0,0.0
2006-05-26,2006-07-27,OPTSTK,GLAXO,1560.0,PA,0.0,0.0,0.0,141.2,429.6,0.0,0.0,0.0
2006-05-26,2006-08-31,OPTSTK,GLAXO,1080.0,CA,0.0,0.0,0.0,241.2,236.75,0.0,0.0,0.0
2006-05-26,2006-08-31,OPTSTK,GLAXO,1110.0,CA,0.0,0.0,0.0,226.95,222.3,0.0,0.0,0.0
2006-05-26,2006-08-31,OPTSTK,GLAXO,1140.0,CA,0.0,0.0,0.0,213.5,208.65,0.0,0.0,0.0
2006-05-26,2006-08-31,OPTSTK,GLAXO,1170.0,CA,0.0,0.0,0.0,200.75,195.7,0.0,0.0,0.0
2006-05-26,2006-08-31,OPTSTK,GLAXO,1200.0,CA,0.0,0.0,0.0,188.65,183.45,0.0,0.0,0.0
2006-05-26,2006-08-31,OPTSTK,GLAXO,1230.0,CA,0.0,0.0,0.0,177.25,171.9,0.0,0.0,0.0
2006-05-26,2006-08-31,OPTSTK,GLAXO,1260.0,CA,0.0,0.0,0.0,166.45,161.0,0.0,0.0,0.0
2006-05-26,2006-08-31,OPTSTK,GLAXO,1080.0,PA,0.0,0.0,0.0,144.35,137.0,0.0,0.0,0.0
2006-05-26,2006-08-31,OPTSTK,GLAXO,1110.0,PA,0.0,0.0,0.0,159.55,152.0,0.0,0.0,0.0
2006-05-26,2006-08-31,OPTSTK,GLAXO,1140.0,PA,0.0,0.0,0.0,175.55,167.75,0.0,0.0,0.0
2006-05-26,2006-08-31,OPTSTK,GLAXO,1170.0,PA,0.0,0.0,0.0,192.25,184.3,0.0,0.0,0.0
2006-05-26,2006-08-31,OPTSTK,GLAXO,1200.0,PA,0.0,0.0,0.0,209.6,201.5,0.0,0.0,0.0
2006-05-26,2006-08-31,OPTSTK,GLAXO,1230.0,PA,0.0,0.0,0.0,227.65,219.45,0.0,0.0,0.0
2006-05-26,2006-08-31,OPTSTK,GLAXO,1260.0,PA,0.0,0.0,0.0,246.35,238.0,0.0,0.0,0.0
2006-05-26,2006-06-29,OPTSTK,GNFC,90.0,CA,0.0,0.0,0.0,19.5,33.9,0.0,0.0,0.0
2006-05-26,2006-06-29,OPTSTK,GNFC,95.0,CA,0.0,0.0,0.0,21.65,29.95,0.0,0.0,0.0
2006-05-26,2006-06-29,OPTSTK,GNFC,100.0,CA,0.0,0.0,0.0,19.9,26.35,0.0,0.0,0.0
2006-05-26,2006-06-29,OPTSTK,GNFC,105.0,CA,0.0,0.0,0.0,16.4,22.95,0.0,0.0,0.0
2006-05-26,2006-06-29,OPTSTK,GNFC,110.0,CA,8.0,21.0,8.0,21.0,21.0,2.0,7.34,2950.0
2006-05-26,2006-06-29,OPTSTK,GNFC,115.0,CA,0.0,0.0,0.0,8.0,17.2,0.0,0.0,5900.0
2006-05-26,2006-06-29,OPTSTK,GNFC,120.0,CA,7.7,8.0,6.55,7.9,7.9,14.0,52.62,91450.0
2006-05-26,2006-06-29,OPTSTK,GNFC,125.0,CA,5.0,5.9,5.0,5.9,5.9,6.0,23.08,14750.0
2006-05-26,2006-06-29,OPTSTK,GNFC,130.0,CA,4.0,4.0,4.0,4.0,4.0,3.0,11.85,8850.0
2006-05-26,2006-06-29,OPTSTK,GNFC,135.0,CA,3.95,3.95,2.4,3.0,3.0,3.0,12.22,5900.0
2006-05-26,2006-06-29,OPTSTK,GNFC,140.0,CA,1.95,1.95,1.95,1.95,1.95,2.0,8.37,17700.0
2006-05-26,2006-06-29,OPTSTK,GNFC,145.0,CA,0.0,0.0,0.0,6.85,6.4,0.0,0.0,0.0
2006-05-26,2006-06-29,OPTSTK,GNFC,150.0,CA,0.8,0.8,0.8,0.8,0.8,1.0,4.44,2950.0
2006-05-26,2006-06-29,OPTSTK,GNFC,155.0,CA,0.0,0.0,0.0,8.0,4.5,0.0,0.0,0.0
2006-05-26,2006-06-29,OPTSTK,GNFC,90.0,PA,0.0,0.0,0.0,6.15,2.3,0.0,0.0,0.0
2006-05-26,2006-06-29,OPTSTK,GNFC,95.0,PA,0.0,0.0,0.0,6.65,3.35,0.0,0.0,0.0
2006-05-26,2006-06-29,OPTSTK,GNFC,100.0,PA,0.0,0.0,0.0,2.65,4.7,0.0,0.0,0.0
2006-05-26,2006-06-29,OPTSTK,GNFC,105.0,PA,0.0,0.0,0.0,4.05,6.3,0.0,0.0,0.0
2006-05-26,2006-06-29,OPTSTK,GNFC,110.0,PA,0.0,0.0,0.0,5.85,8.25,0.0,0.0,0.0
2006-05-26,2006-06-29,OPTSTK,GNFC,115.0,PA,0.0,0.0,0.0,8.05,10.45,0.0,0.0,0.0
2006-05-26,2006-06-29,OPTSTK,GNFC,120.0,PA,0.0,0.0,0.0,10.7,13.0,0.0,0.0,0.0
2006-05-26,2006-06-29,OPTSTK,GNFC,125.0,PA,0.0,0.0,0.0,13.75,15.8,0.0,0.0,0.0
2006-05-26,2006-06-29,OPTSTK,GNFC,130.0,PA,0.0,0.0,0.0,17.1,18.9,0.0,0.0,0.0
2006-05-26,2006-06-29,OPTSTK,GNFC,135.0,PA,0.0,0.0,0.0,17.8,22.2,0.0,0.0,0.0
2006-05-26,2006-06-29,OPTSTK,GNFC,140.0,PA,0.0,0.0,0.0,18.8,25.75,0.0,0.0,0.0
2006-05-26,2006-06-29,OPTSTK,GNFC,145.0,PA,0.0,0.0,0.0,21.3,29.5,0.0,0.0,0.0
2006-05-26,2006-06-29,OPTSTK,GNFC,150.0,PA,0.0,0.0,0.0,18.6,33.45,0.0,0.0,0.0
2006-05-26,2006-06-29,OPTSTK,GNFC,155.0,PA,0.0,0.0,0.0,21.95,37.5,0.0,0.0,0.0
2006-05-26,2006-07-27,OPTSTK,GNFC,90.0,CA,0.0,0.0,0.0,23.15,37.0,0.0,0.0,0.0
2006-05-26,2006-07-27,OPTSTK,GNFC,95.0,CA,0.0,0.0,0.0,25.35,33.55,0.0,0.0,0.0
2006-05-26,2006-07-27,OPTSTK,GNFC,100.0,CA,0.0,0.0,0.0,27.35,30.35,0.0,0.0,0.0
2006-05-26,2006-07-27,OPTSTK,GNFC,105.0,CA,0.0,0.0,0.0,21.25,27.35,0.0,0.0,0.0
2006-05-26,2006-07-27,OPTSTK,GNFC,110.0,CA,0.0,0.0,0.0,18.15,24.6,0.0,0.0,0.0
2006-05-26,2006-07-27,OPTSTK,GNFC,115.0,CA,0.0,0.0,0.0,15.4,22.1,0.0,0.0,0.0
2006-05-26,2006-07-27,OPTSTK,GNFC,120.0,CA,0.0,0.0,0.0,12.95,19.8,0.0,0.0,0.0
2006-05-26,2006-07-27,OPTSTK,GNFC,125.0,CA,0.0,0.0,0.0,10.85,17.75,0.0,0.0,0.0
2006-05-26,2006-07-27,OPTSTK,GNFC,130.0,CA,0.0,0.0,0.0,9.0,15.85,0.0,0.0,0.0
2006-05-26,2006-07-27,OPTSTK,GNFC,135.0,CA,0.0,0.0,0.0,7.45,14.15,0.0,0.0,0.0
2006-05-26,2006-07-27,OPTSTK,GNFC,140.0,CA,0.0,0.0,0.0,8.75,12.6,0.0,0.0,0.0
2006-05-26,2006-07-27,OPTSTK,GNFC,145.0,CA,0.0,0.0,0.0,9.3,11.2,0.0,0.0,0.0
2006-05-26,2006-07-27,OPTSTK,GNFC,150.0,CA,0.0,0.0,0.0,13.1,10.0,0.0,0.0,0.0
2006-05-26,2006-07-27,OPTSTK,GNFC,155.0,CA,0.0,0.0,0.0,11.4,8.85,0.0,0.0,0.0
2006-05-26,2006-07-27,OPTSTK,GNFC,90.0,PA,0.0,0.0,0.0,9.3,5.0,0.0,0.0,0.0
2006-05-26,2006-07-27,OPTSTK,GNFC,95.0,PA,0.0,0.0,0.0,9.9,6.45,0.0,0.0,0.0
2006-05-26,2006-07-27,OPTSTK,GNFC,100.0,PA,0.0,0.0,0.0,9.95,8.2,0.0,0.0,0.0
2006-05-26,2006-07-27,OPTSTK,GNFC,105.0,PA,0.0,0.0,0.0,5.35,10.15,0.0,0.0,0.0
2006-05-26,2006-07-27,OPTSTK,GNFC,110.0,PA,0.0,0.0,0.0,7.2,12.35,0.0,0.0,0.0
2006-05-26,2006-07-27,OPTSTK,GNFC,115.0,PA,0.0,0.0,0.0,9.35,14.8,0.0,0.0,0.0
2006-05-26,2006-07-27,OPTSTK,GNFC,120.0,PA,0.0,0.0,0.0,11.8,17.45,0.0,0.0,0.0
2006-05-26,2006-07-27,OPTSTK,GNFC,125.0,PA,0.0,0.0,0.0,14.6,20.3,0.0,0.0,0.0
2006-05-26,2006-07-27,OPTSTK,GNFC,130.0,PA,0.0,0.0,0.0,17.7,23.35,0.0,0.0,0.0
2006-05-26,2006-07-27,OPTSTK,GNFC,135.0,PA,0.0,0.0,0.0,21.05,26.6,0.0,0.0,0.0
2006-05-26,2006-07-27,OPTSTK,GNFC,140.0,PA,0.0,0.0,0.0,21.75,30.0,0.0,0.0,0.0
2006-05-26,2006-07-27,OPTSTK,GNFC,145.0,PA,0.0,0.0,0.0,21.7,33.55,0.0,0.0,0.0
2006-05-26,2006-07-27,OPTSTK,GNFC,150.0,PA,0.0,0.0,0.0,21.25,37.25,0.0,0.0,0.0
2006-05-26,2006-07-27,OPTSTK,GNFC,155.0,PA,0.0,0.0,0.0,24.45,41.1,0.0,0.0,0.0
2006-05-26,2006-08-31,OPTSTK,GNFC,100.0,CA,0.0,0.0,0.0,31.55,34.45,0.0,0.0,0.0
2006-05-26,2006-08-31,OPTSTK,GNFC,105.0,CA,0.0,0.0,0.0,29.0,31.75,0.0,0.0,0.0
2006-05-26,2006-08-31,OPTSTK,GNFC,110.0,CA,0.0,0.0,0.0,26.65,29.2,0.0,0.0,0.0
2006-05-26,2006-08-31,OPTSTK,GNFC,115.0,CA,0.0,0.0,0.0,24.5,26.9,0.0,0.0,0.0
2006-05-26,2006-08-31,OPTSTK,GNFC,120.0,CA,0.0,0.0,0.0,22.45,24.7,0.0,0.0,0.0
2006-05-26,2006-08-31,OPTSTK,GNFC,125.0,CA,0.0,0.0,0.0,20.6,22.7,0.0,0.0,0.0
2006-05-26,2006-08-31,OPTSTK,GNFC,130.0,CA,0.0,0.0,0.0,18.9,20.85,0.0,0.0,0.0
2006-05-26,2006-08-31,OPTSTK,GNFC,135.0,CA,0.0,0.0,0.0,0.0,0.0,0.0,0.0,0.0
2006-05-26,2006-08-31,OPTSTK,GNFC,100.0,PA,0.0,0.0,0.0,13.2,11.65,0.0,0.0,0.0
2006-05-26,2006-08-31,OPTSTK,GNFC,105.0,PA,0.0,0.0,0.0,15.55,13.85,0.0,0.0,0.0
2006-05-26,2006-08-31,OPTSTK,GNFC,110.0,PA,0.0,0.0,0.0,18.1,16.25,0.0,0.0,0.0
2006-05-26,2006-08-31,OPTSTK,GNFC,115.0,PA,0.0,0.0,0.0,20.85,18.85,0.0,0.0,0.0
2006-05-26,2006-08-31,OPTSTK,GNFC,120.0,PA,0.0,0.0,0.0,23.75,21.55,0.0,0.0,0.0
2006-05-26,2006-08-31,OPTSTK,GNFC,125.0,PA,0.0,0.0,0.0,26.8,24.5,0.0,0.0,0.0
2006-05-26,2006-08-31,OPTSTK,GNFC,130.0,PA,0.0,0.0,0.0,30.0,27.55,0.0,0.0,0.0
2006-05-26,2006-08-31,OPTSTK,GNFC,135.0,PA,0.0,0.0,0.0,0.0,0.0,0.0,0.0,0.0
2006-05-26,2006-06-29,OPTSTK,GRASIM,1680.0,CA,0.0,0.0,0.0,196.1,344.2,0.0,0.0,0.0
2006-05-26,2006-06-29,OPTSTK,GRASIM,1710.0,CA,0.0,0.0,0.0,179.95,323.5,0.0,0.0,0.0
2006-05-26,2006-06-29,OPTSTK,GRASIM,1740.0,CA,0.0,0.0,0.0,164.8,303.5,0.0,0.0,0.0
2006-05-26,2006-06-29,OPTSTK,GRASIM,1770.0,CA,0.0,0.0,0.0,150.6,284.45,0.0,0.0,0.0
2006-05-26,2006-06-29,OPTSTK,GRASIM,1800.0,CA,0.0,0.0,0.0,137.35,266.2,0.0,0.0,0.0
2006-05-26,2006-06-29,OPTSTK,GRASIM,1830.0,CA,0.0,0.0,0.0,225.35,248.75,0.0,0.0,0.0
2006-05-26,2006-06-29,OPTSTK,GRASIM,1860.0,CA,0.0,0.0,0.0,209.1,232.15,0.0,0.0,0.0
2006-05-26,2006-06-29,OPTSTK,GRASIM,1890.0,CA,0.0,0.0,0.0,233.9,216.35,0.0,0.0,0.0
2006-05-26,2006-06-29,OPTSTK,GRASIM,1920.0,CA,0.0,0.0,0.0,217.75,201.35,0.0,0.0,0.0
2006-05-26,2006-06-29,OPTSTK,GRASIM,1950.0,CA,0.0,0.0,0.0,211.8,187.15,0.0,0.0,0.0
2006-05-26,2006-06-29,OPTSTK,GRASIM,1980.0,CA,0.0,0.0,0.0,194.1,173.7,0.0,0.0,0.0
2006-05-26,2006-06-29,OPTSTK,GRASIM,2010.0,CA,80.0,80.0,80.0,80.0,80.0,2.0,7.31,175.0
2006-05-26,2006-06-29,OPTSTK,GRASIM,2040.0,CA,0.0,0.0,0.0,161.65,149.1,0.0,0.0,0.0
2006-05-26,2006-06-29,OPTSTK,GRASIM,2070.0,CA,0.0,0.0,0.0,146.95,137.9,0.0,0.0,0.0
2006-05-26,2006-06-29,OPTSTK,GRASIM,2100.0,CA,0.0,0.0,0.0,133.25,127.35,0.0,0.0,0.0
2006-05-26,2006-06-29,OPTSTK,GRASIM,2130.0,CA,0.0,0.0,0.0,120.5,117.5,0.0,0.0,0.0
2006-05-26,2006-06-29,OPTSTK,GRASIM,2160.0,CA,0.0,0.0,0.0,114.15,108.3,0.0,0.0,0.0
2006-05-26,2006-06-29,OPTSTK,GRASIM,2190.0,CA,0.0,0.0,0.0,154.2,99.7,0.0,0.0,0.0
2006-05-26,2006-06-29,OPTSTK,GRASIM,2220.0,CA,0.0,0.0,0.0,141.1,91.7,0.0,0.0,0.0
2006-05-26,2006-06-29,OPTSTK,GRASIM,2250.0,CA,0.0,0.0,0.0,138.45,84.35,0.0,0.0,0.0
2006-05-26,2006-06-29,OPTSTK,GRASIM,2280.0,CA,0.0,0.0,0.0,137.0,77.4,0.0,0.0,0.0
2006-05-26,2006-06-29,OPTSTK,GRASIM,2310.0,CA,0.0,0.0,0.0,179.35,71.0,0.0,0.0,0.0
2006-05-26,2006-06-29,OPTSTK,GRASIM,2340.0,CA,0.0,0.0,0.0,165.7,65.1,0.0,0.0,0.0
2006-05-26,2006-06-29,OPTSTK,GRASIM,2350.0,CA,0.0,0.0,0.0,341.9,63.2,0.0,0.0,0.0
2006-05-26,2006-06-29,OPTSTK,GRASIM,2370.0,CA,0.0,0.0,0.0,152.85,59.5,0.0,0.0,0.0
2006-05-26,2006-06-29,OPTSTK,GRASIM,2400.0,CA,19.9,19.9,19.9,19.9,19.9,1.0,4.23,175.0
2006-05-26,2006-06-29,OPTSTK,GRASIM,2430.0,CA,0.0,0.0,0.0,204.55,49.7,0.0,0.0,0.0
2006-05-26,2006-06-29,OPTSTK,GRASIM,2450.0,CA,0.0,0.0,0.0,287.6,46.8,0.0,0.0,0.0
2006-05-26,2006-06-29,OPTSTK,GRASIM,2460.0,CA,0.0,0.0,0.0,212.35,45.4,0.0,0.0,0.0
2006-05-26,2006-06-29,OPTSTK,GRASIM,2490.0,CA,0.0,0.0,0.0,199.8,41.4,0.0,0.0,0.0
2006-05-26,2006-06-29,OPTSTK,GRASIM,2500.0,CA,0.0,0.0,0.0,262.95,40.15,0.0,0.0,0.0
2006-05-26,2006-06-29,OPTSTK,GRASIM,2520.0,CA,0.0,0.0,0.0,217.9,37.75,0.0,0.0,0.0
2006-05-26,2006-06-29,OPTSTK,GRASIM,2550.0,CA,0.0,0.0,0.0,239.9,34.35,0.0,0.0,0.0
2006-05-26,2006-06-29,OPTSTK,GRASIM,2600.0,CA,0.0,0.0,0.0,218.45,29.35,0.0,0.0,0.0
2006-05-26,2006-06-29,OPTSTK,GRASIM,2650.0,CA,0.0,0.0,0.0,198.6,25.05,0.0,0.0,0.0
2006-05-26,2006-06-29,OPTSTK,GRASIM,1680.0,PA,0.0,0.0,0.0,103.95,64.35,0.0,0.0,0.0
2006-05-26,2006-06-29,OPTSTK,GRASIM,1710.0,PA,0.0,0.0,0.0,117.65,73.5,0.0,0.0,0.0
2006-05-26,2006-06-29,OPTSTK,GRASIM,1740.0,PA,0.0,0.0,0.0,132.25,83.3,0.0,0.0,0.0
2006-05-26,2006-06-29,OPTSTK,GRASIM,1770.0,PA,0.0,0.0,0.0,147.85,94.05,0.0,0.0,0.0
2006-05-26,2006-06-29,OPTSTK,GRASIM,1800.0,PA,0.0,0.0,0.0,164.4,105.6,0.0,0.0,0.0
2006-05-26,2006-06-29,OPTSTK,GRASIM,1830.0,PA,0.0,0.0,0.0,115.75,118.0,0.0,0.0,0.0
2006-05-26,2006-06-29,OPTSTK,GRASIM,1860.0,PA,0.0,0.0,0.0,129.25,131.2,0.0,0.0,0.0
2006-05-26,2006-06-29,OPTSTK,GRASIM,1890.0,PA,0.0,0.0,0.0,123.75,145.2,0.0,0.0,0.0
2006-05-26,2006-06-29,OPTSTK,GRASIM,1920.0,PA,0.0,0.0,0.0,137.4,160.0,0.0,0.0,0.0
2006-05-26,2006-06-29,OPTSTK,GRASIM,1950.0,PA,0.0,0.0,0.0,78.6,175.6,0.0,0.0,0.0
2006-05-26,2006-06-29,OPTSTK,GRASIM,1980.0,PA,0.0,0.0,0.0,90.25,192.0,0.0,0.0,0.0
2006-05-26,2006-06-29,OPTSTK,GRASIM,2010.0,PA,0.0,0.0,0.0,102.9,209.15,0.0,0.0,0.0
2006-05-26,2006-06-29,OPTSTK,GRASIM,2040.0,PA,0.0,0.0,0.0,116.55,227.0,0.0,0.0,0.0
2006-05-26,2006-06-29,OPTSTK,GRASIM,2070.0,PA,0.0,0.0,0.0,131.2,245.6,0.0,0.0,0.0
2006-05-26,2006-06-29,OPTSTK,GRASIM,2100.0,PA,0.0,0.0,0.0,146.85,264.9,0.0,0.0,0.0
2006-05-26,2006-06-29,OPTSTK,GRASIM,2130.0,PA,0.0,0.0,0.0,163.45,284.85,0.0,0.0,0.0
2006-05-26,2006-06-29,OPTSTK,GRASIM,2160.0,PA,0.0,0.0,0.0,167.0,305.45,0.0,0.0,0.0
2006-05-26,2006-06-29,OPTSTK,GRASIM,2190.0,PA,0.0,0.0,0.0,156.5,326.65,0.0,0.0,0.0
2006-05-26,2006-06-29,OPTSTK,GRASIM,2220.0,PA,0.0,0.0,0.0,172.75,348.45,0.0,0.0,0.0
2006-05-26,2006-06-29,OPTSTK,GRASIM,2250.0,PA,0.0,0.0,0.0,181.0,370.9,0.0,0.0,0.0
2006-05-26,2006-06-29,OPTSTK,GRASIM,2280.0,PA,0.0,0.0,0.0,178.95,393.8,0.0,0.0,0.0
2006-05-26,2006-06-29,OPTSTK,GRASIM,2310.0,PA,0.0,0.0,0.0,164.85,417.2,0.0,0.0,0.0
2006-05-26,2006-06-29,OPTSTK,GRASIM,2340.0,PA,0.0,0.0,0.0,180.7,441.1,0.0,0.0,0.0
2006-05-26,2006-06-29,OPTSTK,GRASIM,2350.0,PA,0.0,0.0,0.0,148.0,449.15,0.0,0.0,0.0
2006-05-26,2006-06-29,OPTSTK,GRASIM,2370.0,PA,0.0,0.0,0.0,197.35,465.35,0.0,0.0,0.0
2006-05-26,2006-06-29,OPTSTK,GRASIM,2400.0,PA,0.0,0.0,0.0,258.05,490.05,0.0,0.0,0.0
2006-05-26,2006-06-29,OPTSTK,GRASIM,2430.0,PA,0.0,0.0,0.0,251.2,515.15,0.0,0.0,0.0
2006-05-26,2006-06-29,OPTSTK,GRASIM,2450.0,PA,0.0,0.0,0.0,192.55,532.1,0.0,0.0,0.0
2006-05-26,2006-06-29,OPTSTK,GRASIM,2460.0,PA,0.0,0.0,0.0,240.05,540.65,0.0,0.0,0.0
2006-05-26,2006-06-29,OPTSTK,GRASIM,2490.0,PA,0.0,0.0,0.0,257.1,566.45,0.0,0.0,0.0
2006-05-26,2006-06-29,OPTSTK,GRASIM,2500.0,PA,0.0,0.0,0.0,217.3,575.15,0.0,0.0,0.0
2006-05-26,2006-06-29,OPTSTK,GRASIM,2520.0,PA,0.0,0.0,0.0,237.9,592.6,0.0,0.0,0.0
2006-05-26,2006-06-29,OPTSTK,GRASIM,2550.0,PA,0.0,0.0,0.0,243.7,619.05,0.0,0.0,0.0
2006-05-26,2006-06-29,OPTSTK,GRASIM,2600.0,PA,0.0,0.0,0.0,271.7,663.75,0.0,0.0,0.0
2006-05-26,2006-06-29,OPTSTK,GRASIM,2650.0,PA,0.0,0.0,0.0,301.25,709.1,0.0,0.0,0.0
2006-05-26,2006-07-27,OPTSTK,GRASIM,1680.0,CA,0.0,0.0,0.0,245.5,399.45,0.0,0.0,0.0
2006-05-26,2006-07-27,OPTSTK,GRASIM,1710.0,CA,0.0,0.0,0.0,230.25,380.8,0.0,0.0,0.0
2006-05-26,2006-07-27,OPTSTK,GRASIM,1740.0,CA,0.0,0.0,0.0,215.7,362.9,0.0,0.0,0.0
2006-05-26,2006-07-27,OPTSTK,GRASIM,1770.0,CA,0.0,0.0,0.0,201.9,345.6,0.0,0.0,0.0
2006-05-26,2006-07-27,OPTSTK,GRASIM,1800.0,CA,0.0,0.0,0.0,188.8,328.95,0.0,0.0,0.0
2006-05-26,2006-07-27,OPTSTK,GRASIM,1830.0,CA,0.0,0.0,0.0,277.8,312.9,0.0,0.0,0.0
2006-05-26,2006-07-27,OPTSTK,GRASIM,1860.0,CA,0.0,0.0,0.0,262.4,297.45,0.0,0.0,0.0
2006-05-26,2006-07-27,OPTSTK,GRASIM,1890.0,CA,0.0,0.0,0.0,287.9,282.6,0.0,0.0,0.0
2006-05-26,2006-07-27,OPTSTK,GRASIM,1920.0,CA,0.0,0.0,0.0,272.6,268.35,0.0,0.0,0.0
2006-05-26,2006-07-27,OPTSTK,GRASIM,1950.0,CA,0.0,0.0,0.0,257.95,254.7,0.0,0.0,0.0
2006-05-26,2006-07-27,OPTSTK,GRASIM,1980.0,CA,0.0,0.0,0.0,243.9,241.6,0.0,0.0,0.0
2006-05-26,2006-07-27,OPTSTK,GRASIM,2010.0,CA,0.0,0.0,0.0,230.5,229.05,0.0,0.0,0.0
2006-05-26,2006-07-27,OPTSTK,GRASIM,2040.0,CA,0.0,0.0,0.0,247.8,217.05,0.0,0.0,0.0
2006-05-26,2006-07-27,OPTSTK,GRASIM,2070.0,CA,0.0,0.0,0.0,231.85,205.6,0.0,0.0,0.0
2006-05-26,2006-07-27,OPTSTK,GRASIM,2100.0,CA,0.0,0.0,0.0,216.65,194.65,0.0,0.0,0.0
2006-05-26,2006-07-27,OPTSTK,GRASIM,2130.0,CA,0.0,0.0,0.0,202.2,184.25,0.0,0.0,0.0
2006-05-26,2006-07-27,OPTSTK,GRASIM,2160.0,CA,0.0,0.0,0.0,268.25,174.25,0.0,0.0,0.0
2006-05-26,2006-07-27,OPTSTK,GRASIM,2190.0,CA,0.0,0.0,0.0,252.3,164.8,0.0,0.0,0.0
2006-05-26,2006-07-27,OPTSTK,GRASIM,2220.0,CA,0.0,0.0,0.0,274.8,155.75,0.0,0.0,0.0
2006-05-26,2006-07-27,OPTSTK,GRASIM,2250.0,CA,0.0,0.0,0.0,304.0,147.15,0.0,0.0,0.0
2006-05-26,2006-07-27,OPTSTK,GRASIM,2280.0,CA,0.0,0.0,0.0,304.15,139.0,0.0,0.0,0.0
2006-05-26,2006-07-27,OPTSTK,GRASIM,2310.0,CA,0.0,0.0,0.0,288.9,131.2,0.0,0.0,0.0
2006-05-26,2006-07-27,OPTSTK,GRASIM,2340.0,CA,0.0,0.0,0.0,274.2,123.95,0.0,0.0,0.0
2006-05-26,2006-07-27,OPTSTK,GRASIM,2350.0,CA,0.0,0.0,0.0,394.55,121.6,0.0,0.0,0.0
2006-05-26,2006-07-27,OPTSTK,GRASIM,2370.0,CA,0.0,0.0,0.0,260.15,116.95,0.0,0.0,0.0
2006-05-26,2006-07-27,OPTSTK,GRASIM,2400.0,CA,0.0,0.0,0.0,246.6,110.35,0.0,0.0,0.0
2006-05-26,2006-07-27,OPTSTK,GRASIM,2430.0,CA,0.0,0.0,0.0,233.65,104.05,0.0,0.0,0.0
2006-05-26,2006-07-27,OPTSTK,GRASIM,2450.0,CA,0.0,0.0,0.0,342.4,100.05,0.0,0.0,0.0
2006-05-26,2006-07-27,OPTSTK,GRASIM,2460.0,CA,0.0,0.0,0.0,221.2,98.15,0.0,0.0,0.0
2006-05-26,2006-07-27,OPTSTK,GRASIM,2490.0,CA,0.0,0.0,0.0,286.1,92.5,0.0,0.0,0.0
2006-05-26,2006-07-27,OPTSTK,GRASIM,2500.0,CA,0.0,0.0,0.0,318.4,90.7,0.0,0.0,0.0
2006-05-26,2006-07-27,OPTSTK,GRASIM,2520.0,CA,0.0,0.0,0.0,272.85,87.15,0.0,0.0,0.0
2006-05-26,2006-07-27,OPTSTK,GRASIM,2550.0,CA,0.0,0.0,0.0,295.75,82.1,0.0,0.0,0.0
2006-05-26,2006-07-27,OPTSTK,GRASIM,2600.0,CA,0.0,0.0,0.0,274.4,74.2,0.0,0.0,0.0
2006-05-26,2006-07-27,OPTSTK,GRASIM,2650.0,CA,0.0,0.0,0.0,254.35,67.1,0.0,0.0,0.0
2006-05-26,2006-07-27,OPTSTK,GRASIM,1680.0,PA,0.0,0.0,0.0,144.65,110.95,0.0,0.0,0.0
2006-05-26,2006-07-27,OPTSTK,GRASIM,1710.0,PA,0.0,0.0,0.0,159.0,122.0,0.0,0.0,0.0
2006-05-26,2006-07-27,OPTSTK,GRASIM,1740.0,PA,0.0,0.0,0.0,174.1,133.7,0.0,0.0,0.0
2006-05-26,2006-07-27,OPTSTK,GRASIM,1770.0,PA,0.0,0.0,0.0,189.95,146.1,0.0,0.0,0.0
2006-05-26,2006-07-27,OPTSTK,GRASIM,1800.0,PA,0.0,0.0,0.0,206.5,159.05,0.0,0.0,0.0
2006-05-26,2006-07-27,OPTSTK,GRASIM,1830.0,PA,0.0,0.0,0.0,158.6,172.7,0.0,0.0,0.0
2006-05-26,2006-07-27,OPTSTK,GRASIM,1860.0,PA,0.0,0.0,0.0,172.8,186.9,0.0,0.0,0.0
2006-05-26,2006-07-27,OPTSTK,GRASIM,1890.0,PA,0.0,0.0,0.0,167.95,201.7,0.0,0.0,0.0
2006-05-26,2006-07-27,OPTSTK,GRASIM,1920.0,PA,0.0,0.0,0.0,182.3,217.1,0.0,0.0,0.0
2006-05-26,2006-07-27,OPTSTK,GRASIM,1950.0,PA,0.0,0.0,0.0,197.25,233.1,0.0,0.0,0.0
2006-05-26,2006-07-27,OPTSTK,GRASIM,1980.0,PA,0.0,0.0,0.0,212.8,249.65,0.0,0.0,0.0
2006-05-26,2006-07-27,OPTSTK,GRASIM,2010.0,PA,0.0,0.0,0.0,229.0,266.8,0.0,0.0,0.0
2006-05-26,2006-07-27,OPTSTK,GRASIM,2040.0,PA,0.0,0.0,0.0,134.3,284.45,0.0,0.0,0.0
2006-05-26,2006-07-27,OPTSTK,GRASIM,2070.0,PA,0.0,0.0,0.0,147.95,302.65,0.0,0.0,0.0
2006-05-26,2006-07-27,OPTSTK,GRASIM,2100.0,PA,0.0,0.0,0.0,162.35,321.35,0.0,0.0,0.0
2006-05-26,2006-07-27,OPTSTK,GRASIM,2130.0,PA,0.0,0.0,0.0,177.5,340.6,0.0,0.0,0.0
2006-05-26,2006-07-27,OPTSTK,GRASIM,2160.0,PA,0.0,0.0,0.0,145.35,360.3,0.0,0.0,0.0
2006-05-26,2006-07-27,OPTSTK,GRASIM,2190.0,PA,0.0,0.0,0.0,158.95,380.45,0.0,0.0,0.0
2006-05-26,2006-07-27,OPTSTK,GRASIM,2220.0,PA,0.0,0.0,0.0,152.1,401.1,0.0,0.0,0.0
2006-05-26,2006-07-27,OPTSTK,GRASIM,2250.0,PA,0.0,0.0,0.0,167.3,422.15,0.0,0.0,0.0
2006-05-26,2006-07-27,OPTSTK,GRASIM,2280.0,PA,0.0,0.0,0.0,184.45,443.65,0.0,0.0,0.0
2006-05-26,2006-07-27,OPTSTK,GRASIM,2310.0,PA,0.0,0.0,0.0,198.7,465.5,0.0,0.0,0.0
2006-05-26,2006-07-27,OPTSTK,GRASIM,2340.0,PA,0.0,0.0,0.0,213.5,487.9,0.0,0.0,0.0
2006-05-26,2006-07-27,OPTSTK,GRASIM,2350.0,PA,0.0,0.0,0.0,188.4,495.45,0.0,0.0,0.0
2006-05-26,2006-07-27,OPTSTK,GRASIM,2370.0,PA,0.0,0.0,0.0,228.9,510.6,0.0,0.0,0.0
2006-05-26,2006-07-27,OPTSTK,GRASIM,2400.0,PA,0.0,0.0,0.0,244.85,533.6,0.0,0.0,0.0
2006-05-26,2006-07-27,OPTSTK,GRASIM,2430.0,PA,0.0,0.0,0.0,261.4,557.0,0.0,0.0,0.0
2006-05-26,2006-07-27,OPTSTK,GRASIM,2450.0,PA,0.0,0.0,0.0,234.6,572.75,0.0,0.0,0.0
2006-05-26,2006-07-27,OPTSTK,GRASIM,2460.0,PA,0.0,0.0,0.0,278.45,580.7,0.0,0.0,0.0
2006-05-26,2006-07-27,OPTSTK,GRASIM,2490.0,PA,0.0,0.0,0.0,263.5,604.75,0.0,0.0,0.0
2006-05-26,2006-07-27,OPTSTK,GRASIM,2500.0,PA,0.0,0.0,0.0,259.75,612.8,0.0,0.0,0.0
2006-05-26,2006-07-27,OPTSTK,GRASIM,2520.0,PA,0.0,0.0,0.0,279.8,629.05,0.0,0.0,0.0
2006-05-26,2006-07-27,OPTSTK,GRASIM,2550.0,PA,0.0,0.0,0.0,286.25,653.65,0.0,0.0,0.0
2006-05-26,2006-07-27,OPTSTK,GRASIM,2600.0,PA,0.0,0.0,0.0,314.1,695.2,0.0,0.0,0.0
2006-05-26,2006-07-27,OPTSTK,GRASIM,2650.0,PA,0.0,0.0,0.0,343.2,737.5,0.0,0.0,0.0
2006-05-26,2006-08-31,OPTSTK,GRASIM,1830.0,CA,0.0,0.0,0.0,359.95,376.0,0.0,0.0,0.0
2006-05-26,2006-08-31,OPTSTK,GRASIM,1860.0,CA,0.0,0.0,0.0,346.1,361.4,0.0,0.0,0.0
2006-05-26,2006-08-31,OPTSTK,GRASIM,1890.0,CA,0.0,0.0,0.0,332.65,347.3,0.0,0.0,0.0
2006-05-26,2006-08-31,OPTSTK,GRASIM,1920.0,CA,0.0,0.0,0.0,319.7,333.7,0.0,0.0,0.0
2006-05-26,2006-08-31,OPTSTK,GRASIM,1950.0,CA,0.0,0.0,0.0,307.15,320.5,0.0,0.0,0.0
2006-05-26,2006-08-31,OPTSTK,GRASIM,1980.0,CA,0.0,0.0,0.0,295.1,307.8,0.0,0.0,0.0
2006-05-26,2006-08-31,OPTSTK,GRASIM,2010.0,CA,0.0,0.0,0.0,283.45,295.55,0.0,0.0,0.0
2006-05-26,2006-08-31,OPTSTK,GRASIM,2040.0,CA,0.0,0.0,0.0,0.0,0.0,0.0,0.0,0.0
2006-05-26,2006-08-31,OPTSTK,GRASIM,1830.0,PA,0.0,0.0,0.0,245.4,224.05,0.0,0.0,0.0
2006-05-26,2006-08-31,OPTSTK,GRASIM,1860.0,PA,0.0,0.0,0.0,261.0,238.95,0.0,0.0,0.0
2006-05-26,2006-08-31,OPTSTK,GRASIM,1890.0,PA,0.0,0.0,0.0,277.0,254.3,0.0,0.0,0.0
2006-05-26,2006-08-31,OPTSTK,GRASIM,1920.0,PA,0.0,0.0,0.0,293.5,270.15,0.0,0.0,0.0
2006-05-26,2006-08-31,OPTSTK,GRASIM,1950.0,PA,0.0,0.0,0.0,310.45,286.45,0.0,0.0,0.0
2006-05-26,2006-08-31,OPTSTK,GRASIM,1980.0,PA,0.0,0.0,0.0,327.8,303.2,0.0,0.0,0.0
2006-05-26,2006-08-31,OPTSTK,GRASIM,2010.0,PA,0.0,0.0,0.0,345.6,320.4,0.0,0.0,0.0
2006-05-26,2006-08-31,OPTSTK,GRASIM,2040.0,PA,0.0,0.0,0.0,0.0,0.0,0.0,0.0,0.0
2006-05-26,2006-06-29,OPTSTK,GUJAMBCEM,75.0,CA,0.0,0.0,0.0,18.95,25.25,0.0,0.0,0.0
2006-05-26,2006-06-29,OPTSTK,GUJAMBCEM,80.0,CA,0.0,0.0,0.0,19.15,21.15,0.0,0.0,0.0
2006-05-26,2006-06-29,OPTSTK,GUJAMBCEM,85.0,CA,0.0,0.0,0.0,19.15,17.45,0.0,0.0,0.0
2006-05-26,2006-06-29,OPTSTK,GUJAMBCEM,90.0,CA,13.4,14.75,11.0,12.0,12.0,36.0,152.69,148500.0
2006-05-26,2006-06-29,OPTSTK,GUJAMBCEM,95.0,CA,8.0,10.45,7.5,10.0,10.0,38.0,163.43,132000.0
2006-05-26,2006-06-29,OPTSTK,GUJAMBCEM,100.0,CA,6.5,8.35,6.45,7.0,7.0,214.0,947.86,816750.0
2006-05-26,2006-06-29,OPTSTK,GUJAMBCEM,105.0,CA,5.0,5.8,4.35,4.95,4.95,43.0,195.45,189750.0
2006-05-26,2006-06-29,OPTSTK,GUJAMBCEM,110.0,CA,3.8,4.5,2.8,3.3,3.3,81.0,379.04,441375.0
2006-05-26,2006-06-29,OPTSTK,GUJAMBCEM,115.0,CA,2.35,2.35,2.0,2.0,2.0,10.0,48.33,57750.0
2006-05-26,2006-06-29,OPTSTK,GUJAMBCEM,120.0,CA,2.0,2.25,1.5,1.55,1.55,16.0,80.35,123750.0
2006-05-26,2006-06-29,OPTSTK,GUJAMBCEM,125.0,CA,1.2,1.2,1.1,1.1,1.1,2.0,10.4,45375.0
2006-05-26,2006-06-29,OPTSTK,GUJAMBCEM,130.0,CA,0.9,1.0,0.8,0.8,0.8,6.0,32.39,33000.0
2006-05-26,2006-06-29,OPTSTK,GUJAMBCEM,135.0,CA,0.0,0.0,0.0,5.85,1.2,0.0,0.0,0.0
2006-05-26,2006-06-29,OPTSTK,GUJAMBCEM,140.0,CA,0.0,0.0,0.0,5.55,0.9,0.0,0.0,0.0
2006-05-26,2006-06-29,OPTSTK,GUJAMBCEM,75.0,PA,0.55,0.55,0.55,0.55,0.55,1.0,3.11,8250.0
2006-05-26,2006-06-29,OPTSTK,GUJAMBCEM,80.0,PA,0.95,0.95,0.95,0.95,0.95,1.0,3.33,4125.0
2006-05-26,2006-06-29,OPTSTK,GUJAMBCEM,85.0,PA,1.1,1.1,1.1,1.1,1.1,1.0,3.55,4125.0
2006-05-26,2006-06-29,OPTSTK,GUJAMBCEM,90.0,PA,3.0,3.5,2.5,2.8,2.8,25.0,95.92,82500.0
2006-05-26,2006-06-29,OPTSTK,GUJAMBCEM,95.0,PA,5.0,5.0,4.8,4.8,4.8,2.0,8.24,8250.0
2006-05-26,2006-06-29,OPTSTK,GUJAMBCEM,100.0,PA,7.5,8.4,7.0,8.4,8.4,19.0,84.18,41250.0
2006-05-26,2006-06-29,OPTSTK,GUJAMBCEM,105.0,PA,0.0,0.0,0.0,7.55,12.6,0.0,0.0,0.0
2006-05-26,2006-06-29,OPTSTK,GUJAMBCEM,110.0,PA,0.0,0.0,0.0,10.4,15.95,0.0,0.0,0.0
2006-05-26,2006-06-29,OPTSTK,GUJAMBCEM,115.0,PA,0.0,0.0,0.0,13.75,19.65,0.0,0.0,0.0
2006-05-26,2006-06-29,OPTSTK,GUJAMBCEM,120.0,PA,0.0,0.0,0.0,17.5,23.6,0.0,0.0,0.0
2006-05-26,2006-06-29,OPTSTK,GUJAMBCEM,125.0,PA,0.0,0.0,0.0,17.1,27.8,0.0,0.0,0.0
2006-05-26,2006-06-29,OPTSTK,GUJAMBCEM,130.0,PA,0.0,0.0,0.0,18.25,32.2,0.0,0.0,0.0
2006-05-26,2006-06-29,OPTSTK,GUJAMBCEM,135.0,PA,0.0,0.0,0.0,21.0,36.7,0.0,0.0,0.0
2006-05-26,2006-06-29,OPTSTK,GUJAMBCEM,140.0,PA,0.0,0.0,0.0,19.8,41.35,0.0,0.0,0.0
2006-05-26,2006-07-27,OPTSTK,GUJAMBCEM,75.0,CA,0.0,0.0,0.0,21.4,27.2,0.0,0.0,0.0
2006-05-26,2006-07-27,OPTSTK,GUJAMBCEM,80.0,CA,0.0,0.0,0.0,21.8,23.55,0.0,0.0,0.0
2006-05-26,2006-07-27,OPTSTK,GUJAMBCEM,85.0,CA,0.0,0.0,0.0,21.15,20.25,0.0,0.0,0.0
2006-05-26,2006-07-27,OPTSTK,GUJAMBCEM,90.0,CA,0.0,0.0,0.0,20.05,17.25,0.0,0.0,0.0
2006-05-26,2006-07-27,OPTSTK,GUJAMBCEM,95.0,CA,0.0,0.0,0.0,16.6,14.6,0.0,0.0,0.0
2006-05-26,2006-07-27,OPTSTK,GUJAMBCEM,100.0,CA,0.0,0.0,0.0,21.4,12.3,0.0,0.0,0.0
2006-05-26,2006-07-27,OPTSTK,GUJAMBCEM,105.0,CA,0.0,0.0,0.0,17.95,10.3,0.0,0.0,0.0
2006-05-26,2006-07-27,OPTSTK,GUJAMBCEM,110.0,CA,0.0,0.0,0.0,14.9,8.6,0.0,0.0,0.0
2006-05-26,2006-07-27,OPTSTK,GUJAMBCEM,115.0,CA,0.0,0.0,0.0,12.2,7.15,0.0,0.0,0.0
2006-05-26,2006-07-27,OPTSTK,GUJAMBCEM,120.0,CA,0.0,0.0,0.0,9.9,5.9,0.0,0.0,0.0
2006-05-26,2006-07-27,OPTSTK,GUJAMBCEM,125.0,CA,0.0,0.0,0.0,7.95,4.85,0.0,0.0,0.0
2006-05-26,2006-07-27,OPTSTK,GUJAMBCEM,130.0,CA,0.0,0.0,0.0,6.35,4.0,0.0,0.0,0.0
2006-05-26,2006-07-27,OPTSTK,GUJAMBCEM,135.0,CA,0.0,0.0,0.0,9.45,3.3,0.0,0.0,0.0
2006-05-26,2006-07-27,OPTSTK,GUJAMBCEM,140.0,CA,0.0,0.0,0.0,7.9,2.7,0.0,0.0,0.0
2006-05-26,2006-07-27,OPTSTK,GUJAMBCEM,75.0,PA,0.0,0.0,0.0,4.9,2.7,0.0,0.0,0.0
2006-05-26,2006-07-27,OPTSTK,GUJAMBCEM,80.0,PA,0.0,0.0,0.0,5.85,4.0,0.0,0.0,0.0
2006-05-26,2006-07-27,OPTSTK,GUJAMBCEM,85.0,PA,0.0,0.0,0.0,3.8,5.6,0.0,0.0,0.0
2006-05-26,2006-07-27,OPTSTK,GUJAMBCEM,90.0,PA,0.0,0.0,0.0,2.95,7.55,0.0,0.0,0.0
2006-05-26,2006-07-27,OPTSTK,GUJAMBCEM,95.0,PA,0.0,0.0,0.0,4.4,9.9,0.0,0.0,0.0
2006-05-26,2006-07-27,OPTSTK,GUJAMBCEM,100.0,PA,0.0,0.0,0.0,3.25,12.5,0.0,0.0,0.0
2006-05-26,2006-07-27,OPTSTK,GUJAMBCEM,105.0,PA,0.0,0.0,0.0,4.7,15.45,0.0,0.0,0.0
2006-05-26,2006-07-27,OPTSTK,GUJAMBCEM,110.0,PA,0.0,0.0,0.0,6.55,18.7,0.0,0.0,0.0
2006-05-26,2006-07-27,OPTSTK,GUJAMBCEM,115.0,PA,0.0,0.0,0.0,8.8,22.15,0.0,0.0,0.0
2006-05-26,2006-07-27,OPTSTK,GUJAMBCEM,120.0,PA,0.0,0.0,0.0,11.4,25.9,0.0,0.0,0.0
2006-05-26,2006-07-27,OPTSTK,GUJAMBCEM,125.0,PA,0.0,0.0,0.0,14.4,29.8,0.0,0.0,0.0
2006-05-26,2006-07-27,OPTSTK,GUJAMBCEM,130.0,PA,0.0,0.0,0.0,17.65,33.85,0.0,0.0,0.0
2006-05-26,2006-07-27,OPTSTK,GUJAMBCEM,135.0,PA,0.0,0.0,0.0,18.1,38.1,0.0,0.0,0.0
2006-05-26,2006-07-27,OPTSTK,GUJAMBCEM,140.0,PA,0.0,0.0,0.0,21.4,42.45,0.0,0.0,0.0
2006-05-26,2006-08-31,OPTSTK,GUJAMBCEM,80.0,CA,0.0,0.0,0.0,24.1,26.15,0.0,0.0,0.0
2006-05-26,2006-08-31,OPTSTK,GUJAMBCEM,85.0,CA,0.0,0.0,0.0,21.25,23.1,0.0,0.0,0.0
2006-05-26,2006-08-31,OPTSTK,GUJAMBCEM,90.0,CA,0.0,0.0,0.0,18.65,20.35,0.0,0.0,0.0
2006-05-26,2006-08-31,OPTSTK,GUJAMBCEM,95.0,CA,0.0,0.0,0.0,16.35,17.9,0.0,0.0,0.0
2006-05-26,2006-08-31,OPTSTK,GUJAMBCEM,100.0,CA,0.0,0.0,0.0,14.3,15.65,0.0,0.0,0.0
2006-05-26,2006-08-31,OPTSTK,GUJAMBCEM,105.0,CA,0.0,0.0,0.0,12.45,13.7,0.0,0.0,0.0
2006-05-26,2006-08-31,OPTSTK,GUJAMBCEM,110.0,CA,0.0,0.0,0.0,10.85,11.95,0.0,0.0,0.0
2006-05-26,2006-08-31,OPTSTK,GUJAMBCEM,115.0,CA,0.0,0.0,0.0,0.0,0.0,0.0,0.0,0.0
2006-05-26,2006-08-31,OPTSTK,GUJAMBCEM,80.0,PA,0.0,0.0,0.0,6.95,6.05,0.0,0.0,0.0
2006-05-26,2006-08-31,OPTSTK,GUJAMBCEM,85.0,PA,0.0,0.0,0.0,9.0,7.95,0.0,0.0,0.0
2006-05-26,2006-08-31,OPTSTK,GUJAMBCEM,90.0,PA,0.0,0.0,0.0,11.3,10.1,0.0,0.0,0.0
2006-05-26,2006-08-31,OPTSTK,GUJAMBCEM,95.0,PA,0.0,0.0,0.0,13.9,12.55,0.0,0.0,0.0
2006-05-26,2006-08-31,OPTSTK,GUJAMBCEM,100.0,PA,0.0,0.0,0.0,16.75,15.2,0.0,0.0,0.0
2006-05-26,2006-08-31,OPTSTK,GUJAMBCEM,105.0,PA,0.0,0.0,0.0,19.85,18.15,0.0,0.0,0.0
2006-05-26,2006-08-31,OPTSTK,GUJAMBCEM,110.0,PA,0.0,0.0,0.0,23.15,21.3,0.0,0.0,0.0
2006-05-26,2006-08-31,OPTSTK,GUJAMBCEM,115.0,PA,0.0,0.0,0.0,0.0,0.0,0.0,0.0,0.0
2006-05-26,2006-06-29,OPTSTK,HCLTECH,440.0,CA,0.0,0.0,0.0,75.7,78.85,0.0,0.0,0.0
2006-05-26,2006-06-29,OPTSTK,HCLTECH,460.0,CA,0.0,0.0,0.0,80.3,63.85,0.0,0.0,0.0
2006-05-26,2006-06-29,OPTSTK,HCLTECH,470.0,CA,0.0,0.0,0.0,46.75,57.0,0.0,0.0,0.0
2006-05-26,2006-06-29,OPTSTK,HCLTECH,480.0,CA,0.0,0.0,0.0,77.95,50.6,0.0,0.0,0.0
2006-05-26,2006-06-29,OPTSTK,HCLTECH,490.0,CA,0.0,0.0,0.0,36.1,44.7,0.0,0.0,0.0
2006-05-26,2006-06-29,OPTSTK,HCLTECH,500.0,CA,0.0,0.0,0.0,70.0,39.25,0.0,0.0,0.0
2006-05-26,2006-06-29,OPTSTK,HCLTECH,510.0,CA,0.0,0.0,0.0,27.35,34.3,0.0,0.0,0.0
2006-05-26,2006-06-29,OPTSTK,HCLTECH,520.0,CA,0.0,0.0,0.0,89.95,29.8,0.0,0.0,0.0
2006-05-26,2006-06-29,OPTSTK,HCLTECH,540.0,CA,0.0,0.0,0.0,91.5,22.2,0.0,0.0,0.0
2006-05-26,2006-06-29,OPTSTK,HCLTECH,560.0,CA,0.0,0.0,0.0,89.05,16.15,0.0,0.0,0.0
2006-05-26,2006-06-29,OPTSTK,HCLTECH,580.0,CA,0.0,0.0,0.0,91.9,11.6,0.0,0.0,0.0
2006-05-26,2006-06-29,OPTSTK,HCLTECH,600.0,CA,0.0,0.0,0.0,103.5,8.15,0.0,0.0,0.0
2006-05-26,2006-06-29,OPTSTK,HCLTECH,620.0,CA,0.0,0.0,0.0,90.65,5.65,0.0,0.0,0.0
2006-05-26,2006-06-29,OPTSTK,HCLTECH,640.0,CA,0.0,0.0,0.0,78.9,3.85,0.0,0.0,0.0
2006-05-26,2006-06-29,OPTSTK,HCLTECH,660.0,CA,0.0,0.0,0.0,68.25,2.6,0.0,0.0,0.0
2006-05-26,2006-06-29,OPTSTK,HCLTECH,680.0,CA,0.0,0.0,0.0,58.7,1.7,0.0,0.0,0.0
2006-05-26,2006-06-29,OPTSTK,HCLTECH,700.0,CA,0.0,0.0,0.0,50.2,1.1,0.0,0.0,0.0
2006-05-26,2006-06-29,OPTSTK,HCLTECH,720.0,CA,0.0,0.0,0.0,42.65,0.75,0.0,0.0,0.0
2006-05-26,2006-06-29,OPTSTK,HCLTECH,440.0,PA,0.0,0.0,0.0,10.65,7.7,0.0,0.0,0.0
2006-05-26,2006-06-29,OPTSTK,HCLTECH,460.0,PA,0.0,0.0,0.0,8.85,12.55,0.0,0.0,0.0
2006-05-26,2006-06-29,OPTSTK,HCLTECH,470.0,PA,0.0,0.0,0.0,22.25,15.6,0.0,0.0,0.0
2006-05-26,2006-06-29,OPTSTK,HCLTECH,480.0,PA,0.0,0.0,0.0,11.05,19.15,0.0,0.0,0.0
2006-05-26,2006-06-29,OPTSTK,HCLTECH,490.0,PA,0.0,0.0,0.0,31.45,23.2,0.0,0.0,0.0
2006-05-26,2006-06-29,OPTSTK,HCLTECH,500.0,PA,0.0,0.0,0.0,13.95,27.7,0.0,0.0,0.0
2006-05-26,2006-06-29,OPTSTK,HCLTECH,510.0,PA,0.0,0.0,0.0,42.55,32.7,0.0,0.0,0.0
2006-05-26,2006-06-29,OPTSTK,HCLTECH,520.0,PA,0.0,0.0,0.0,16.3,38.15,0.0,0.0,0.0
2006-05-26,2006-06-29,OPTSTK,HCLTECH,540.0,PA,0.0,0.0,0.0,18.5,50.4,0.0,0.0,0.0
2006-05-26,2006-06-29,OPTSTK,HCLTECH,560.0,PA,0.0,0.0,0.0,22.15,64.25,0.0,0.0,0.0
2006-05-26,2006-06-29,OPTSTK,HCLTECH,580.0,PA,0.0,0.0,0.0,20.55,79.55,0.0,0.0,0.0
2006-05-26,2006-06-29,OPTSTK,HCLTECH,600.0,PA,0.0,0.0,0.0,23.5,96.0,0.0,0.0,0.0
2006-05-26,2006-06-29,OPTSTK,HCLTECH,620.0,PA,0.0,0.0,0.0,30.2,113.35,0.0,0.0,0.0
2006-05-26,2006-06-29,OPTSTK,HCLTECH,640.0,PA,0.0,0.0,0.0,38.05,131.4,0.0,0.0,0.0
2006-05-26,2006-06-29,OPTSTK,HCLTECH,660.0,PA,0.0,0.0,0.0,46.95,150.05,0.0,0.0,0.0
2006-05-26,2006-06-29,OPTSTK,HCLTECH,680.0,PA,0.0,0.0,0.0,57.0,169.05,0.0,0.0,0.0
2006-05-26,2006-06-29,OPTSTK,HCLTECH,700.0,PA,0.0,0.0,0.0,68.05,188.3,0.0,0.0,0.0
2006-05-26,2006-06-29,OPTSTK,HCLTECH,720.0,PA,0.0,0.0,0.0,80.1,207.8,0.0,0.0,0.0
2006-05-26,2006-07-27,OPTSTK,HCLTECH,440.0,CA,0.0,0.0,0.0,85.15,88.5,0.0,0.0,0.0
2006-05-26,2006-07-27,OPTSTK,HCLTECH,460.0,CA,0.0,0.0,0.0,89.2,74.9,0.0,0.0,0.0
2006-05-26,2006-07-27,OPTSTK,HCLTECH,470.0,CA,0.0,0.0,0.0,58.2,68.65,0.0,0.0,0.0
2006-05-26,2006-07-27,OPTSTK,HCLTECH,480.0,CA,0.0,0.0,0.0,87.35,62.75,0.0,0.0,0.0
2006-05-26,2006-07-27,OPTSTK,HCLTECH,490.0,CA,0.0,0.0,0.0,48.0,57.2,0.0,0.0,0.0
2006-05-26,2006-07-27,OPTSTK,HCLTECH,500.0,CA,0.0,0.0,0.0,79.85,52.0,0.0,0.0,0.0
2006-05-26,2006-07-27,OPTSTK,HCLTECH,510.0,CA,0.0,0.0,0.0,39.2,47.2,0.0,0.0,0.0
2006-05-26,2006-07-27,OPTSTK,HCLTECH,520.0,CA,0.0,0.0,0.0,99.45,42.7,0.0,0.0,0.0
2006-05-26,2006-07-27,OPTSTK,HCLTECH,540.0,CA,0.0,0.0,0.0,88.0,34.75,0.0,0.0,0.0
2006-05-26,2006-07-27,OPTSTK,HCLTECH,560.0,CA,0.0,0.0,0.0,77.55,28.0,0.0,0.0,0.0
2006-05-26,2006-07-27,OPTSTK,HCLTECH,580.0,CA,0.0,0.0,0.0,68.1,22.4,0.0,0.0,0.0
2006-05-26,2006-07-27,OPTSTK,HCLTECH,600.0,CA,0.0,0.0,0.0,59.6,17.8,0.0,0.0,0.0
2006-05-26,2006-07-27,OPTSTK,HCLTECH,620.0,CA,0.0,0.0,0.0,51.95,14.05,0.0,0.0,0.0
2006-05-26,2006-07-27,OPTSTK,HCLTECH,640.0,CA,0.0,0.0,0.0,45.15,11.0,0.0,0.0,0.0
2006-05-26,2006-07-27,OPTSTK,HCLTECH,660.0,CA,0.0,0.0,0.0,34.6,8.55,0.0,0.0,0.0
2006-05-26,2006-07-27,OPTSTK,HCLTECH,440.0,PA,0.0,0.0,0.0,17.8,15.05,0.0,0.0,0.0
2006-05-26,2006-07-27,OPTSTK,HCLTECH,460.0,PA,0.0,0.0,0.0,15.35,21.2,0.0,0.0,0.0
2006-05-26,2006-07-27,OPTSTK,HCLTECH,470.0,PA,0.0,0.0,0.0,31.25,24.85,0.0,0.0,0.0
2006-05-26,2006-07-27,OPTSTK,HCLTECH,480.0,PA,0.0,0.0,0.0,17.9,28.85,0.0,0.0,0.0
2006-05-26,2006-07-27,OPTSTK,HCLTECH,490.0,PA,0.0,0.0,0.0,40.8,33.2,0.0,0.0,0.0
2006-05-26,2006-07-27,OPTSTK,HCLTECH,500.0,PA,0.0,0.0,0.0,21.15,37.9,0.0,0.0,0.0
2006-05-26,2006-07-27,OPTSTK,HCLTECH,510.0,PA,0.0,0.0,0.0,51.75,42.95,0.0,0.0,0.0
2006-05-26,2006-07-27,OPTSTK,HCLTECH,520.0,PA,0.0,0.0,0.0,34.75,48.35,0.0,0.0,0.0
2006-05-26,2006-07-27,OPTSTK,HCLTECH,540.0,PA,0.0,0.0,0.0,42.95,60.15,0.0,0.0,0.0
2006-05-26,2006-07-27,OPTSTK,HCLTECH,560.0,PA,0.0,0.0,0.0,52.2,73.2,0.0,0.0,0.0
2006-05-26,2006-07-27,OPTSTK,HCLTECH,580.0,PA,0.0,0.0,0.0,62.4,87.35,0.0,0.0,0.0
2006-05-26,2006-07-27,OPTSTK,HCLTECH,600.0,PA,0.0,0.0,0.0,73.5,102.55,0.0,0.0,0.0
2006-05-26,2006-07-27,OPTSTK,HCLTECH,620.0,PA,0.0,0.0,0.0,85.55,118.55,0.0,0.0,0.0
2006-05-26,2006-07-27,OPTSTK,HCLTECH,640.0,PA,0.0,0.0,0.0,98.4,135.25,0.0,0.0,0.0
2006-05-26,2006-07-27,OPTSTK,HCLTECH,660.0,PA,0.0,0.0,0.0,94.15,152.6,0.0,0.0,0.0
2006-05-26,2006-08-31,OPTSTK,HCLTECH,440.0,CA,0.0,0.0,0.0,0.0,0.0,0.0,0.0,0.0
2006-05-26,2006-08-31,OPTSTK,HCLTECH,460.0,CA,0.0,0.0,0.0,89.95,86.3,0.0,0.0,0.0
2006-05-26,2006-08-31,OPTSTK,HCLTECH,480.0,CA,0.0,0.0,0.0,78.55,74.9,0.0,0.0,0.0
2006-05-26,2006-08-31,OPTSTK,HCLTECH,500.0,CA,0.0,0.0,0.0,68.2,64.65,0.0,0.0,0.0
2006-05-26,2006-08-31,OPTSTK,HCLTECH,520.0,CA,0.0,0.0,0.0,59.0,55.5,0.0,0.0,0.0
2006-05-26,2006-08-31,OPTSTK,HCLTECH,540.0,CA,0.0,0.0,0.0,50.8,47.4,0.0,0.0,0.0
2006-05-26,2006-08-31,OPTSTK,HCLTECH,560.0,CA,0.0,0.0,0.0,43.55,40.3,0.0,0.0,0.0
2006-05-26,2006-08-31,OPTSTK,HCLTECH,580.0,CA,0.0,0.0,0.0,37.2,34.15,0.0,0.0,0.0
2006-05-26,2006-08-31,OPTSTK,HCLTECH,440.0,PA,0.0,0.0,0.0,0.0,0.0,0.0,0.0,0.0
2006-05-26,2006-08-31,OPTSTK,HCLTECH,460.0,PA,0.0,0.0,0.0,30.65,29.7,0.0,0.0,0.0
2006-05-26,2006-08-31,OPTSTK,HCLTECH,480.0,PA,0.0,0.0,0.0,38.85,37.95,0.0,0.0,0.0
2006-05-26,2006-08-31,OPTSTK,HCLTECH,500.0,PA,0.0,0.0,0.0,48.15,47.3,0.0,0.0,0.0
2006-05-26,2006-08-31,OPTSTK,HCLTECH,520.0,PA,0.0,0.0,0.0,58.55,57.8,0.0,0.0,0.0
2006-05-26,2006-08-31,OPTSTK,HCLTECH,540.0,PA,0.0,0.0,0.0,70.0,69.35,0.0,0.0,0.0
2006-05-26,2006-08-31,OPTSTK,HCLTECH,560.0,PA,0.0,0.0,0.0,82.4,81.9,0.0,0.0,0.0
2006-05-26,2006-08-31,OPTSTK,HCLTECH,580.0,PA,0.0,0.0,0.0,95.7,95.4,0.0,0.0,0.0
2006-05-26,2006-06-29,OPTSTK,HDFC,1050.0,CA,0.0,0.0,0.0,134.5,151.05,0.0,0.0,0.0
2006-05-26,2006-06-29,OPTSTK,HDFC,1080.0,CA,0.0,0.0,0.0,122.85,128.85,0.0,0.0,0.0
2006-05-26,2006-06-29,OPTSTK,HDFC,1110.0,CA,0.0,0.0,0.0,125.8,108.6,0.0,0.0,0.0
2006-05-26,2006-06-29,OPTSTK,HDFC,1140.0,CA,0.0,0.0,0.0,104.1,90.45,0.0,0.0,0.0
2006-05-26,2006-06-29,OPTSTK,HDFC,1170.0,CA,0.0,0.0,0.0,135.2,74.4,0.0,0.0,0.0
2006-05-26,2006-06-29,OPTSTK,HDFC,1200.0,CA,0.0,0.0,0.0,130.85,60.45,0.0,0.0,0.0
2006-05-26,2006-06-29,OPTSTK,HDFC,1230.0,CA,0.0,0.0,0.0,144.0,48.5,0.0,0.0,0.0
2006-05-26,2006-06-29,OPTSTK,HDFC,1260.0,CA,0.0,0.0,0.0,160.95,38.5,0.0,0.0,0.0
2006-05-26,2006-06-29,OPTSTK,HDFC,1290.0,CA,0.0,0.0,0.0,141.2,30.25,0.0,0.0,0.0
2006-05-26,2006-06-29,OPTSTK,HDFC,1320.0,CA,0.0,0.0,0.0,123.1,23.4,0.0,0.0,0.0
2006-05-26,2006-06-29,OPTSTK,HDFC,1350.0,CA,0.0,0.0,0.0,106.55,17.95,0.0,0.0,0.0
2006-05-26,2006-06-29,OPTSTK,HDFC,1380.0,CA,0.0,0.0,0.0,91.65,13.65,0.0,0.0,0.0
2006-05-26,2006-06-29,OPTSTK,HDFC,1410.0,CA,0.0,0.0,0.0,78.25,10.25,0.0,0.0,0.0
2006-05-26,2006-06-29,OPTSTK,HDFC,1440.0,CA,0.0,0.0,0.0,66.4,7.6,0.0,0.0,0.0
2006-05-26,2006-06-29,OPTSTK,HDFC,1470.0,CA,0.0,0.0,0.0,35.95,5.6,0.0,0.0,0.0
2006-05-26,2006-06-29,OPTSTK,HDFC,1050.0,PA,0.0,0.0,0.0,24.35,18.4,0.0,0.0,0.0
2006-05-26,2006-06-29,OPTSTK,HDFC,1080.0,PA,0.0,0.0,0.0,20.8,26.05,0.0,0.0,0.0
2006-05-26,2006-06-29,OPTSTK,HDFC,1110.0,PA,0.0,0.0,0.0,17.55,35.6,0.0,0.0,0.0
2006-05-26,2006-06-29,OPTSTK,HDFC,1140.0,PA,0.0,0.0,0.0,25.65,47.25,0.0,0.0,0.0
2006-05-26,2006-06-29,OPTSTK,HDFC,1170.0,PA,0.0,0.0,0.0,29.4,61.0,0.0,0.0,0.0
2006-05-26,2006-06-29,OPTSTK,HDFC,1200.0,PA,0.0,0.0,0.0,25.35,76.9,0.0,0.0,0.0
2006-05-26,2006-06-29,OPTSTK,HDFC,1230.0,PA,0.0,0.0,0.0,23.9,94.75,0.0,0.0,0.0
2006-05-26,2006-06-29,OPTSTK,HDFC,1260.0,PA,0.0,0.0,0.0,35.75,114.55,0.0,0.0,0.0
2006-05-26,2006-06-29,OPTSTK,HDFC,1290.0,PA,0.0,0.0,0.0,45.35,136.1,0.0,0.0,0.0
2006-05-26,2006-06-29,OPTSTK,HDFC,1320.0,PA,0.0,0.0,0.0,56.6,159.1,0.0,0.0,0.0
2006-05-26,2006-06-29,OPTSTK,HDFC,1350.0,PA,0.0,0.0,0.0,69.45,183.45,0.0,0.0,0.0
2006-05-26,2006-06-29,OPTSTK,HDFC,1380.0,PA,0.0,0.0,0.0,83.85,208.95,0.0,0.0,0.0
2006-05-26,2006-06-29,OPTSTK,HDFC,1410.0,PA,0.0,0.0,0.0,99.85,235.35,0.0,0.0,0.0
2006-05-26,2006-06-29,OPTSTK,HDFC,1440.0,PA,0.0,0.0,0.0,117.35,262.55,0.0,0.0,0.0
2006-05-26,2006-06-29,OPTSTK,HDFC,1470.0,PA,0.0,0.0,0.0,101.55,290.35,0.0,0.0,0.0
2006-05-26,2006-07-27,OPTSTK,HDFC,1050.0,CA,0.0,0.0,0.0,156.75,172.2,0.0,0.0,0.0
2006-05-26,2006-07-27,OPTSTK,HDFC,1080.0,CA,0.0,0.0,0.0,142.7,152.0,0.0,0.0,0.0
2006-05-26,2006-07-27,OPTSTK,HDFC,1110.0,CA,0.0,0.0,0.0,143.9,133.35,0.0,0.0,0.0
2006-05-26,2006-07-27,OPTSTK,HDFC,1140.0,CA,0.0,0.0,0.0,123.85,116.3,0.0,0.0,0.0
2006-05-26,2006-07-27,OPTSTK,HDFC,1170.0,CA,0.0,0.0,0.0,138.45,100.85,0.0,0.0,0.0
2006-05-26,2006-07-27,OPTSTK,HDFC,1200.0,CA,0.0,0.0,0.0,148.45,86.95,0.0,0.0,0.0
2006-05-26,2006-07-27,OPTSTK,HDFC,1230.0,CA,0.0,0.0,0.0,128.45,74.55,0.0,0.0,0.0
2006-05-26,2006-07-27,OPTSTK,HDFC,1260.0,CA,0.0,0.0,0.0,110.25,63.55,0.0,0.0,0.0
2006-05-26,2006-07-27,OPTSTK,HDFC,1290.0,CA,0.0,0.0,0.0,93.85,53.9,0.0,0.0,0.0
2006-05-26,2006-07-27,OPTSTK,HDFC,1320.0,CA,0.0,0.0,0.0,79.2,45.45,0.0,0.0,0.0
2006-05-26,2006-07-27,OPTSTK,HDFC,1350.0,CA,0.0,0.0,0.0,66.25,38.25,0.0,0.0,0.0
2006-05-26,2006-07-27,OPTSTK,HDFC,1380.0,CA,0.0,0.0,0.0,54.95,32.0,0.0,0.0,0.0
2006-05-26,2006-07-27,OPTSTK,HDFC,1410.0,CA,0.0,0.0,0.0,46.2,26.55,0.0,0.0,0.0
2006-05-26,2006-07-27,OPTSTK,HDFC,1440.0,CA,0.0,0.0,0.0,49.3,22.0,0.0,0.0,0.0
2006-05-26,2006-07-27,OPTSTK,HDFC,1470.0,CA,0.0,0.0,0.0,53.65,18.15,0.0,0.0,0.0
2006-05-26,2006-07-27,OPTSTK,HDFC,1050.0,PA,0.0,0.0,0.0,41.1,34.2,0.0,0.0,0.0
2006-05-26,2006-07-27,OPTSTK,HDFC,1080.0,PA,0.0,0.0,0.0,34.9,43.6,0.0,0.0,0.0
2006-05-26,2006-07-27,OPTSTK,HDFC,1110.0,PA,0.0,0.0,0.0,29.9,54.65,0.0,0.0,0.0
2006-05-26,2006-07-27,OPTSTK,HDFC,1140.0,PA,0.0,0.0,0.0,39.45,67.25,0.0,0.0,0.0
2006-05-26,2006-07-27,OPTSTK,HDFC,1170.0,PA,0.0,0.0,0.0,37.95,81.45,0.0,0.0,0.0
2006-05-26,2006-07-27,OPTSTK,HDFC,1200.0,PA,0.0,0.0,0.0,31.45,97.2,0.0,0.0,0.0
2006-05-26,2006-07-27,OPTSTK,HDFC,1230.0,PA,0.0,0.0,0.0,40.95,114.45,0.0,0.0,0.0
2006-05-26,2006-07-27,OPTSTK,HDFC,1260.0,PA,0.0,0.0,0.0,52.25,133.1,0.0,0.0,0.0
2006-05-26,2006-07-27,OPTSTK,HDFC,1290.0,PA,0.0,0.0,0.0,65.3,153.1,0.0,0.0,0.0
2006-05-26,2006-07-27,OPTSTK,HDFC,1320.0,PA,0.0,0.0,0.0,80.15,174.35,0.0,0.0,0.0
2006-05-26,2006-07-27,OPTSTK,HDFC,1350.0,PA,0.0,0.0,0.0,96.7,196.75,0.0,0.0,0.0
2006-05-26,2006-07-27,OPTSTK,HDFC,1380.0,PA,0.0,0.0,0.0,114.9,220.2,0.0,0.0,0.0
2006-05-26,2006-07-27,OPTSTK,HDFC,1410.0,PA,0.0,0.0,0.0,121.0,244.45,0.0,0.0,0.0
2006-05-26,2006-07-27,OPTSTK,HDFC,1440.0,PA,0.0,0.0,0.0,126.45,269.5,0.0,0.0,0.0
2006-05-26,2006-07-27,OPTSTK,HDFC,1470.0,PA,0.0,0.0,0.0,111.55,295.35,0.0,0.0,0.0
2006-05-26,2006-08-31,OPTSTK,HDFC,1050.0,CA,0.0,0.0,0.0,180.1,194.8,0.0,0.0,0.0
2006-05-26,2006-08-31,OPTSTK,HDFC,1080.0,CA,0.0,0.0,0.0,162.2,175.95,0.0,0.0,0.0
2006-05-26,2006-08-31,OPTSTK,HDFC,1110.0,CA,0.0,0.0,0.0,145.65,158.4,0.0,0.0,0.0
2006-05-26,2006-08-31,OPTSTK,HDFC,1140.0,CA,0.0,0.0,0.0,130.35,142.1,0.0,0.0,0.0
2006-05-26,2006-08-31,OPTSTK,HDFC,1170.0,CA,0.0,0.0,0.0,116.25,127.1,0.0,0.0,0.0
2006-05-26,2006-08-31,OPTSTK,HDFC,1200.0,CA,0.0,0.0,0.0,103.4,113.3,0.0,0.0,0.0
2006-05-26,2006-08-31,OPTSTK,HDFC,1230.0,CA,0.0,0.0,0.0,91.7,100.7,0.0,0.0,0.0
2006-05-26,2006-08-31,OPTSTK,HDFC,1260.0,CA,0.0,0.0,0.0,0.0,0.0,0.0,0.0,0.0
2006-05-26,2006-08-31,OPTSTK,HDFC,1050.0,PA,0.0,0.0,0.0,57.65,50.05,0.0,0.0,0.0
2006-05-26,2006-08-31,OPTSTK,HDFC,1080.0,PA,0.0,0.0,0.0,69.25,60.7,0.0,0.0,0.0
2006-05-26,2006-08-31,OPTSTK,HDFC,1110.0,PA,0.0,0.0,0.0,82.15,72.6,0.0,0.0,0.0
2006-05-26,2006-08-31,OPTSTK,HDFC,1140.0,PA,0.0,0.0,0.0,96.3,85.75,0.0,0.0,0.0
2006-05-26,2006-08-31,OPTSTK,HDFC,1170.0,PA,0.0,0.0,0.0,111.7,100.2,0.0,0.0,0.0
2006-05-26,2006-08-31,OPTSTK,HDFC,1200.0,PA,0.0,0.0,0.0,128.25,115.85,0.0,0.0,0.0
2006-05-26,2006-08-31,OPTSTK,HDFC,1230.0,PA,0.0,0.0,0.0,146.0,132.7,0.0,0.0,0.0
2006-05-26,2006-08-31,OPTSTK,HDFC,1260.0,PA,0.0,0.0,0.0,0.0,0.0,0.0,0.0,0.0
2006-05-26,2006-06-29,OPTSTK,HDFCBANK,700.0,CA,0.0,0.0,0.0,82.55,85.65,0.0,0.0,0.0
2006-05-26,2006-06-29,OPTSTK,HDFCBANK,720.0,CA,0.0,0.0,0.0,92.75,70.15,0.0,0.0,0.0
2006-05-26,2006-06-29,OPTSTK,HDFCBANK,740.0,CA,0.0,0.0,0.0,79.25,56.2,0.0,0.0,0.0
2006-05-26,2006-06-29,OPTSTK,HDFCBANK,760.0,CA,0.0,0.0,0.0,67.1,44.0,0.0,0.0,0.0
2006-05-26,2006-06-29,OPTSTK,HDFCBANK,780.0,CA,0.0,0.0,0.0,56.25,33.7,0.0,0.0,0.0
2006-05-26,2006-06-29,OPTSTK,HDFCBANK,800.0,CA,14.0,24.0,14.0,24.0,24.0,3.0,9.84,800.0
2006-05-26,2006-06-29,OPTSTK,HDFCBANK,820.0,CA,15.0,15.0,15.0,15.0,15.0,1.0,3.34,400.0
2006-05-26,2006-06-29,OPTSTK,HDFCBANK,840.0,CA,10.0,10.0,10.0,10.0,10.0,3.0,10.2,1200.0
2006-05-26,2006-06-29,OPTSTK,HDFCBANK,860.0,CA,4.5,4.5,4.5,4.5,4.5,2.0,6.91,800.0
2006-05-26,2006-06-29,OPTSTK,HDFCBANK,880.0,CA,0.0,0.0,0.0,59.0,6.3,0.0,0.0,0.0
2006-05-26,2006-06-29,OPTSTK,HDFCBANK,900.0,CA,0.0,0.0,0.0,51.7,4.2,0.0,0.0,0.0
2006-05-26,2006-06-29,OPTSTK,HDFCBANK,920.0,CA,0.0,0.0,0.0,35.9,2.75,0.0,0.0,0.0
2006-05-26,2006-06-29,OPTSTK,HDFCBANK,940.0,CA,0.0,0.0,0.0,33.25,1.75,0.0,0.0,0.0
2006-05-26,2006-06-29,OPTSTK,HDFCBANK,700.0,PA,0.0,0.0,0.0,9.15,7.3,0.0,0.0,0.0
2006-05-26,2006-06-29,OPTSTK,HDFCBANK,720.0,PA,0.0,0.0,0.0,17.9,11.65,0.0,0.0,0.0
2006-05-26,2006-06-29,OPTSTK,HDFCBANK,740.0,PA,0.0,0.0,0.0,24.0,17.55,0.0,0.0,0.0
2006-05-26,2006-06-29,OPTSTK,HDFCBANK,760.0,PA,0.0,0.0,0.0,31.45,25.3,0.0,0.0,0.0
2006-05-26,2006-06-29,OPTSTK,HDFCBANK,780.0,PA,0.0,0.0,0.0,40.15,34.85,0.0,0.0,0.0
2006-05-26,2006-06-29,OPTSTK,HDFCBANK,800.0,PA,0.0,0.0,0.0,50.1,46.2,0.0,0.0,0.0
2006-05-26,2006-06-29,OPTSTK,HDFCBANK,820.0,PA,0.0,0.0,0.0,61.35,59.3,0.0,0.0,0.0
2006-05-26,2006-06-29,OPTSTK,HDFCBANK,840.0,PA,0.0,0.0,0.0,73.75,73.95,0.0,0.0,0.0
2006-05-26,2006-06-29,OPTSTK,HDFCBANK,860.0,PA,0.0,0.0,0.0,77.85,89.85,0.0,0.0,0.0
2006-05-26,2006-06-29,OPTSTK,HDFCBANK,880.0,PA,0.0,0.0,0.0,89.35,106.8,0.0,0.0,0.0
2006-05-26,2006-06-29,OPTSTK,HDFCBANK,900.0,PA,0.0,0.0,0.0,101.65,124.6,0.0,0.0,0.0
2006-05-26,2006-06-29,OPTSTK,HDFCBANK,920.0,PA,0.0,0.0,0.0,93.65,143.0,0.0,0.0,0.0
2006-05-26,2006-06-29,OPTSTK,HDFCBANK,940.0,PA,0.0,0.0,0.0,79.55,161.9,0.0,0.0,0.0
2006-05-26,2006-07-27,OPTSTK,HDFCBANK,700.0,CA,0.0,0.0,0.0,93.8,96.4,0.0,0.0,0.0
2006-05-26,2006-07-27,OPTSTK,HDFCBANK,720.0,CA,0.0,0.0,0.0,94.05,82.2,0.0,0.0,0.0
2006-05-26,2006-07-27,OPTSTK,HDFCBANK,740.0,CA,0.0,0.0,0.0,98.5,69.3,0.0,0.0,0.0
2006-05-26,2006-07-27,OPTSTK,HDFCBANK,760.0,CA,0.0,0.0,0.0,105.3,57.75,0.0,0.0,0.0
2006-05-26,2006-07-27,OPTSTK,HDFCBANK,780.0,CA,0.0,0.0,0.0,92.75,47.6,0.0,0.0,0.0
2006-05-26,2006-07-27,OPTSTK,HDFCBANK,800.0,CA,0.0,0.0,0.0,81.15,38.75,0.0,0.0,0.0
2006-05-26,2006-07-27,OPTSTK,HDFCBANK,820.0,CA,0.0,0.0,0.0,70.65,31.2,0.0,0.0,0.0
2006-05-26,2006-07-27,OPTSTK,HDFCBANK,840.0,CA,0.0,0.0,0.0,61.1,24.85,0.0,0.0,0.0
2006-05-26,2006-07-27,OPTSTK,HDFCBANK,860.0,CA,0.0,0.0,0.0,52.6,19.65,0.0,0.0,0.0
2006-05-26,2006-07-27,OPTSTK,HDFCBANK,880.0,CA,0.0,0.0,0.0,45.0,15.3,0.0,0.0,0.0
2006-05-26,2006-07-27,OPTSTK,HDFCBANK,900.0,CA,0.0,0.0,0.0,47.55,11.8,0.0,0.0,0.0
2006-05-26,2006-07-27,OPTSTK,HDFCBANK,920.0,CA,0.0,0.0,0.0,40.55,9.05,0.0,0.0,0.0
2006-05-26,2006-07-27,OPTSTK,HDFCBANK,940.0,CA,0.0,0.0,0.0,46.35,6.85,0.0,0.0,0.0
2006-05-26,2006-07-27,OPTSTK,HDFCBANK,700.0,PA,0.0,0.0,0.0,16.65,14.45,0.0,0.0,0.0
2006-05-26,2006-07-27,OPTSTK,HDFCBANK,720.0,PA,0.0,0.0,0.0,18.2,20.0,0.0,0.0,0.0
2006-05-26,2006-07-27,OPTSTK,HDFCBANK,740.0,PA,0.0,0.0,0.0,19.25,26.85,0.0,0.0,0.0
2006-05-26,2006-07-27,OPTSTK,HDFCBANK,760.0,PA,0.0,0.0,0.0,28.1,35.1,0.0,0.0,0.0
2006-05-26,2006-07-27,OPTSTK,HDFCBANK,780.0,PA,0.0,0.0,0.0,35.2,44.7,0.0,0.0,0.0
2006-05-26,2006-07-27,OPTSTK,HDFCBANK,800.0,PA,0.0,0.0,0.0,43.3,55.65,0.0,0.0,0.0
2006-05-26,2006-07-27,OPTSTK,HDFCBANK,820.0,PA,0.0,0.0,0.0,52.4,67.85,0.0,0.0,0.0
2006-05-26,2006-07-27,OPTSTK,HDFCBANK,840.0,PA,0.0,0.0,0.0,62.55,81.3,0.0,0.0,0.0
2006-05-26,2006-07-27,OPTSTK,HDFCBANK,860.0,PA,0.0,0.0,0.0,73.65,95.85,0.0,0.0,0.0
2006-05-26,2006-07-27,OPTSTK,HDFCBANK,880.0,PA,0.0,0.0,0.0,85.75,111.25,0.0,0.0,0.0
2006-05-26,2006-07-27,OPTSTK,HDFCBANK,900.0,PA,0.0,0.0,0.0,81.85,127.55,0.0,0.0,0.0
2006-05-26,2006-07-27,OPTSTK,HDFCBANK,920.0,PA,0.0,0.0,0.0,94.5,144.55,0.0,0.0,0.0
2006-05-26,2006-07-27,OPTSTK,HDFCBANK,940.0,PA,0.0,0.0,0.0,87.75,162.15,0.0,0.0,0.0
2006-05-26,2006-08-31,OPTSTK,HDFCBANK,700.0,CA,0.0,0.0,0.0,96.6,108.3,0.0,0.0,0.0
2006-05-26,2006-08-31,OPTSTK,HDFCBANK,720.0,CA,0.0,0.0,0.0,84.05,94.95,0.0,0.0,0.0
2006-05-26,2006-08-31,OPTSTK,HDFCBANK,740.0,CA,0.0,0.0,0.0,72.6,82.7,0.0,0.0,0.0
2006-05-26,2006-08-31,OPTSTK,HDFCBANK,760.0,CA,0.0,0.0,0.0,62.3,71.55,0.0,0.0,0.0
2006-05-26,2006-08-31,OPTSTK,HDFCBANK,780.0,CA,0.0,0.0,0.0,53.1,61.5,0.0,0.0,0.0
2006-05-26,2006-08-31,OPTSTK,HDFCBANK,800.0,CA,0.0,0.0,0.0,44.95,52.5,0.0,0.0,0.0
2006-05-26,2006-08-31,OPTSTK,HDFCBANK,820.0,CA,0.0,0.0,0.0,37.8,44.55,0.0,0.0,0.0
2006-05-26,2006-08-31,OPTSTK,HDFCBANK,840.0,CA,0.0,0.0,0.0,0.0,0.0,0.0,0.0,0.0
2006-05-26,2006-08-31,OPTSTK,HDFCBANK,700.0,PA,0.0,0.0,0.0,25.7,21.85,0.0,0.0,0.0
2006-05-26,2006-08-31,OPTSTK,HDFCBANK,720.0,PA,0.0,0.0,0.0,32.8,28.15,0.0,0.0,0.0
2006-05-26,2006-08-31,OPTSTK,HDFCBANK,740.0,PA,0.0,0.0,0.0,41.0,35.55,0.0,0.0,0.0
2006-05-26,2006-08-31,OPTSTK,HDFCBANK,760.0,PA,0.0,0.0,0.0,50.35,44.05,0.0,0.0,0.0
2006-05-26,2006-08-31,OPTSTK,HDFCBANK,780.0,PA,0.0,0.0,0.0,60.75,53.6,0.0,0.0,0.0
2006-05-26,2006-08-31,OPTSTK,HDFCBANK,800.0,PA,0.0,0.0,0.0,72.25,64.25,0.0,0.0,0.0
2006-05-26,2006-08-31,OPTSTK,HDFCBANK,820.0,PA,0.0,0.0,0.0,84.75,75.95,0.0,0.0,0.0
2006-05-26,2006-08-31,OPTSTK,HDFCBANK,840.0,PA,0.0,0.0,0.0,0.0,0.0,0.0,0.0,0.0
2006-05-26,2006-06-29,OPTSTK,HEROHONDA,720.0,CA,0.0,0.0,0.0,78.75,121.25,0.0,0.0,0.0
2006-05-26,2006-06-29,OPTSTK,HEROHONDA,740.0,CA,0.0,0.0,0.0,80.65,105.7,0.0,0.0,0.0
2006-05-26,2006-06-29,OPTSTK,HEROHONDA,760.0,CA,0.0,0.0,0.0,91.75,91.25,0.0,0.0,0.0
2006-05-26,2006-06-29,OPTSTK,HEROHONDA,780.0,CA,0.0,0.0,0.0,76.95,77.95,0.0,0.0,0.0
2006-05-26,2006-06-29,OPTSTK,HEROHONDA,800.0,CA,0.0,0.0,0.0,94.7,66.0,0.0,0.0,0.0
2006-05-26,2006-06-29,OPTSTK,HEROHONDA,820.0,CA,0.0,0.0,0.0,85.9,55.3,0.0,0.0,0.0
2006-05-26,2006-06-29,OPTSTK,HEROHONDA,840.0,CA,20.0,29.95,20.0,29.95,29.95,2.0,6.91,400.0
2006-05-26,2006-06-29,OPTSTK,HEROHONDA,860.0,CA,20.0,20.0,20.0,20.0,20.0,1.0,3.52,400.0
2006-05-26,2006-06-29,OPTSTK,HEROHONDA,880.0,CA,0.0,0.0,0.0,64.25,30.65,0.0,0.0,0.0
2006-05-26,2006-06-29,OPTSTK,HEROHONDA,900.0,CA,0.0,0.0,0.0,53.5,24.7,0.0,0.0,0.0
2006-05-26,2006-06-29,OPTSTK,HEROHONDA,920.0,CA,0.0,0.0,0.0,44.05,19.75,0.0,0.0,0.0
2006-05-26,2006-06-29,OPTSTK,HEROHONDA,940.0,CA,0.0,0.0,0.0,35.9,15.6,0.0,0.0,0.0
2006-05-26,2006-06-29,OPTSTK,HEROHONDA,960.0,CA,0.0,0.0,0.0,28.9,12.25,0.0,0.0,0.0
2006-05-26,2006-06-29,OPTSTK,HEROHONDA,720.0,PA,0.0,0.0,0.0,20.55,10.65,0.0,0.0,0.0
2006-05-26,2006-06-29,OPTSTK,HEROHONDA,740.0,PA,0.0,0.0,0.0,21.9,14.95,0.0,0.0,0.0
2006-05-26,2006-06-29,OPTSTK,HEROHONDA,760.0,PA,0.0,0.0,0.0,10.4,20.35,0.0,0.0,0.0
2006-05-26,2006-06-29,OPTSTK,HEROHONDA,780.0,PA,0.0,0.0,0.0,15.25,26.95,0.0,0.0,0.0
2006-05-26,2006-06-29,OPTSTK,HEROHONDA,800.0,PA,0.0,0.0,0.0,11.75,34.85,0.0,0.0,0.0
2006-05-26,2006-06-29,OPTSTK,HEROHONDA,820.0,PA,0.0,0.0,0.0,16.85,44.0,0.0,0.0,0.0
2006-05-26,2006-06-29,OPTSTK,HEROHONDA,840.0,PA,0.0,0.0,0.0,18.6,54.45,0.0,0.0,0.0
2006-05-26,2006-06-29,OPTSTK,HEROHONDA,860.0,PA,0.0,0.0,0.0,24.8,66.15,0.0,0.0,0.0
2006-05-26,2006-06-29,OPTSTK,HEROHONDA,880.0,PA,0.0,0.0,0.0,32.35,79.0,0.0,0.0,0.0
2006-05-26,2006-06-29,OPTSTK,HEROHONDA,900.0,PA,0.0,0.0,0.0,41.2,92.9,0.0,0.0,0.0
2006-05-26,2006-06-29,OPTSTK,HEROHONDA,920.0,PA,0.0,0.0,0.0,51.35,107.85,0.0,0.0,0.0
2006-05-26,2006-06-29,OPTSTK,HEROHONDA,940.0,PA,0.0,0.0,0.0,62.75,123.6,0.0,0.0,0.0
2006-05-26,2006-06-29,OPTSTK,HEROHONDA,960.0,PA,0.0,0.0,0.0,75.35,140.1,0.0,0.0,0.0
2006-05-26,2006-07-27,OPTSTK,HEROHONDA,720.0,CA,0.0,0.0,0.0,94.2,135.6,0.0,0.0,0.0
2006-05-26,2006-07-27,OPTSTK,HEROHONDA,740.0,CA,0.0,0.0,0.0,96.35,121.5,0.0,0.0,0.0
2006-05-26,2006-07-27,OPTSTK,HEROHONDA,760.0,CA,0.0,0.0,0.0,105.55,108.3,0.0,0.0,0.0
2006-05-26,2006-07-27,OPTSTK,HEROHONDA,780.0,CA,0.0,0.0,0.0,92.9,96.1,0.0,0.0,0.0
2006-05-26,2006-07-27,OPTSTK,HEROHONDA,800.0,CA,0.0,0.0,0.0,81.3,84.85,0.0,0.0,0.0
2006-05-26,2006-07-27,OPTSTK,HEROHONDA,820.0,CA,0.0,0.0,0.0,70.7,74.55,0.0,0.0,0.0
2006-05-26,2006-07-27,OPTSTK,HEROHONDA,840.0,CA,0.0,0.0,0.0,61.1,65.2,0.0,0.0,0.0
2006-05-26,2006-07-27,OPTSTK,HEROHONDA,860.0,CA,0.0,0.0,0.0,52.55,56.8,0.0,0.0,0.0
2006-05-26,2006-07-27,OPTSTK,HEROHONDA,880.0,CA,0.0,0.0,0.0,44.9,49.2,0.0,0.0,0.0
2006-05-26,2006-07-27,OPTSTK,HEROHONDA,900.0,CA,0.0,0.0,0.0,46.45,42.5,0.0,0.0,0.0
2006-05-26,2006-07-27,OPTSTK,HEROHONDA,920.0,CA,0.0,0.0,0.0,39.7,36.5,0.0,0.0,0.0
2006-05-26,2006-07-27,OPTSTK,HEROHONDA,940.0,CA,0.0,0.0,0.0,39.6,31.3,0.0,0.0,0.0
2006-05-26,2006-07-27,OPTSTK,HEROHONDA,960.0,CA,0.0,0.0,0.0,41.65,26.7,0.0,0.0,0.0
2006-05-26,2006-07-27,OPTSTK,HEROHONDA,720.0,PA,0.0,0.0,0.0,32.15,21.25,0.0,0.0,0.0
2006-05-26,2006-07-27,OPTSTK,HEROHONDA,740.0,PA,0.0,0.0,0.0,33.75,26.95,0.0,0.0,0.0
2006-05-26,2006-07-27,OPTSTK,HEROHONDA,760.0,PA,0.0,0.0,0.0,27.5,33.5,0.0,0.0,0.0
2006-05-26,2006-07-27,OPTSTK,HEROHONDA,780.0,PA,0.0,0.0,0.0,34.5,41.05,0.0,0.0,0.0
2006-05-26,2006-07-27,OPTSTK,HEROHONDA,800.0,PA,0.0,0.0,0.0,42.55,49.6,0.0,0.0,0.0
2006-05-26,2006-07-27,OPTSTK,HEROHONDA,820.0,PA,0.0,0.0,0.0,51.6,59.1,0.0,0.0,0.0
2006-05-26,2006-07-27,OPTSTK,HEROHONDA,840.0,PA,0.0,0.0,0.0,61.7,69.5,0.0,0.0,0.0
2006-05-26,2006-07-27,OPTSTK,HEROHONDA,860.0,PA,0.0,0.0,0.0,72.75,80.85,0.0,0.0,0.0
2006-05-26,2006-07-27,OPTSTK,HEROHONDA,880.0,PA,0.0,0.0,0.0,84.8,93.05,0.0,0.0,0.0
2006-05-26,2006-07-27,OPTSTK,HEROHONDA,900.0,PA,0.0,0.0,0.0,86.95,106.1,0.0,0.0,0.0
2006-05-26,2006-07-27,OPTSTK,HEROHONDA,920.0,PA,0.0,0.0,0.0,87.0,119.9,0.0,0.0,0.0
2006-05-26,2006-07-27,OPTSTK,HEROHONDA,940.0,PA,0.0,0.0,0.0,88.8,134.45,0.0,0.0,0.0
2006-05-26,2006-07-27,OPTSTK,HEROHONDA,960.0,PA,0.0,0.0,0.0,96.25,149.65,0.0,0.0,0.0
2006-05-26,2006-08-31,OPTSTK,HEROHONDA,740.0,CA,0.0,0.0,0.0,111.4,138.2,0.0,0.0,0.0
2006-05-26,2006-08-31,OPTSTK,HEROHONDA,760.0,CA,0.0,0.0,0.0,100.2,125.9,0.0,0.0,0.0
2006-05-26,2006-08-31,OPTSTK,HEROHONDA,780.0,CA,0.0,0.0,0.0,89.8,114.4,0.0,0.0,0.0
2006-05-26,2006-08-31,OPTSTK,HEROHONDA,800.0,CA,0.0,0.0,0.0,80.25,103.65,0.0,0.0,0.0
2006-05-26,2006-08-31,OPTSTK,HEROHONDA,820.0,CA,0.0,0.0,0.0,71.5,93.65,0.0,0.0,0.0
2006-05-26,2006-08-31,OPTSTK,HEROHONDA,840.0,CA,0.0,0.0,0.0,63.5,84.4,0.0,0.0,0.0
2006-05-26,2006-08-31,OPTSTK,HEROHONDA,860.0,CA,0.0,0.0,0.0,56.2,75.9,0.0,0.0,0.0
2006-05-26,2006-08-31,OPTSTK,HEROHONDA,880.0,CA,0.0,0.0,0.0,0.0,0.0,0.0,0.0,0.0
2006-05-26,2006-08-31,OPTSTK,HEROHONDA,740.0,PA,0.0,0.0,0.0,45.25,38.9,0.0,0.0,0.0
2006-05-26,2006-08-31,OPTSTK,HEROHONDA,760.0,PA,0.0,0.0,0.0,53.65,46.25,0.0,0.0,0.0
2006-05-26,2006-08-31,OPTSTK,HEROHONDA,780.0,PA,0.0,0.0,0.0,62.9,54.35,0.0,0.0,0.0
2006-05-26,2006-08-31,OPTSTK,HEROHONDA,800.0,PA,0.0,0.0,0.0,73.0,63.25,0.0,0.0,0.0
2006-05-26,2006-08-31,OPTSTK,HEROHONDA,820.0,PA,0.0,0.0,0.0,83.85,72.9,0.0,0.0,0.0
2006-05-26,2006-08-31,OPTSTK,HEROHONDA,840.0,PA,0.0,0.0,0.0,95.5,83.3,0.0,0.0,0.0
2006-05-26,2006-08-31,OPTSTK,HEROHONDA,860.0,PA,0.0,0.0,0.0,107.85,94.45,0.0,0.0,0.0
2006-05-26,2006-08-31,OPTSTK,HEROHONDA,880.0,PA,0.0,0.0,0.0,0.0,0.0,0.0,0.0,0.0
2006-05-26,2006-06-29,OPTSTK,HINDALC0,160.0,CA,0.0,0.0,0.0,30.25,35.35,0.0,0.0,0.0
2006-05-26,2006-06-29,OPTSTK,HINDALC0,165.0,CA,0.0,0.0,0.0,27.5,32.2,0.0,0.0,0.0
2006-05-26,2006-06-29,OPTSTK,HINDALC0,170.0,CA,0.0,0.0,0.0,26.55,29.3,0.0,0.0,0.0
2006-05-26,2006-06-29,OPTSTK,HINDALC0,175.0,CA,0.0,0.0,0.0,23.65,26.55,0.0,0.0,0.0
2006-05-26,2006-06-29,OPTSTK,HINDALC0,180.0,CA,20.05,20.85,17.25,20.85,20.85,10.0,31.67,27115.0
2006-05-26,2006-06-29,OPTSTK,HINDALC0,185.0,CA,0.0,0.0,0.0,18.5,21.7,0.0,0.0,0.0
2006-05-26,2006-06-29,OPTSTK,HINDALC0,190.0,CA,15.25,15.25,12.5,13.35,13.35,27.0,87.64,54230.0
2006-05-26,2006-06-29,OPTSTK,HINDALC0,195.0,CA,13.2,13.2,10.2,10.2,10.2,2.0,6.59,3190.0
2006-05-26,2006-06-29,OPTSTK,HINDALC0,200.0,CA,12.0,12.7,8.5,8.85,8.85,137.0,460.31,267960.0
2006-05-26,2006-06-29,OPTSTK,HINDALC0,205.0,CA,10.0,10.0,10.0,10.0,10.0,1.0,3.42,1595.0
2006-05-26,2006-06-29,OPTSTK,HINDALC0,210.0,CA,8.0,8.95,5.7,5.9,5.9,41.0,142.15,95700.0
2006-05-26,2006-06-29,OPTSTK,HINDALC0,215.0,CA,0.0,0.0,0.0,11.45,11.25,0.0,0.0,0.0
2006-05-26,2006-06-29,OPTSTK,HINDALC0,220.0,CA,5.0,5.75,3.8,3.9,3.9,22.0,78.82,76560.0
2006-05-26,2006-06-29,OPTSTK,HINDALC0,225.0,CA,0.0,0.0,0.0,15.9,8.95,0.0,0.0,0.0
2006-05-26,2006-06-29,OPTSTK,HINDALC0,230.0,CA,4.5,4.5,2.55,3.25,3.25,9.0,33.45,20735.0
2006-05-26,2006-06-29,OPTSTK,HINDALC0,235.0,CA,0.0,0.0,0.0,15.95,7.05,0.0,0.0,0.0
2006-05-26,2006-06-29,OPTSTK,HINDALC0,240.0,CA,0.0,0.0,0.0,2.5,6.25,0.0,0.0,7975.0
2006-05-26,2006-06-29,OPTSTK,HINDALC0,245.0,CA,0.0,0.0,0.0,18.3,5.55,0.0,0.0,0.0
2006-05-26,2006-06-29,OPTSTK,HINDALC0,250.0,CA,0.0,0.0,0.0,16.35,4.9,0.0,0.0,0.0
2006-05-26,2006-06-29,OPTSTK,HINDALC0,255.0,CA,0.0,0.0,0.0,13.65,4.3,0.0,0.0,0.0
2006-05-26,2006-06-29,OPTSTK,HINDALC0,260.0,CA,0.0,0.0,0.0,13.3,3.8,0.0,0.0,0.0
2006-05-26,2006-06-29,OPTSTK,HINDALC0,160.0,PA,0.0,0.0,0.0,13.05,9.3,0.0,0.0,0.0
2006-05-26,2006-06-29,OPTSTK,HINDALC0,165.0,PA,0.0,0.0,0.0,15.3,11.15,0.0,0.0,0.0
2006-05-26,2006-06-29,OPTSTK,HINDALC0,170.0,PA,0.0,0.0,0.0,9.25,13.2,0.0,0.0,0.0
2006-05-26,2006-06-29,OPTSTK,HINDALC0,175.0,PA,0.0,0.0,0.0,11.25,15.4,0.0,0.0,0.0
2006-05-26,2006-06-29,OPTSTK,HINDALC0,180.0,PA,9.0,13.0,9.0,13.0,13.0,3.0,9.1,12760.0
2006-05-26,2006-06-29,OPTSTK,HINDALC0,185.0,PA,0.0,0.0,0.0,15.9,20.5,0.0,0.0,0.0
2006-05-26,2006-06-29,OPTSTK,HINDALC0,190.0,PA,10.3,16.5,10.3,16.5,16.5,8.0,26.01,9570.0
2006-05-26,2006-06-29,OPTSTK,HINDALC0,195.0,PA,0.0,0.0,0.0,21.45,26.3,0.0,0.0,0.0
2006-05-26,2006-06-29,OPTSTK,HINDALC0,200.0,PA,17.0,20.0,17.0,20.0,20.0,2.0,6.97,3190.0
2006-05-26,2006-06-29,OPTSTK,HINDALC0,205.0,PA,0.0,0.0,0.0,20.3,32.75,0.0,0.0,0.0
2006-05-26,2006-06-29,OPTSTK,HINDALC0,210.0,PA,0.0,0.0,0.0,23.4,36.25,0.0,0.0,0.0
2006-05-26,2006-06-29,OPTSTK,HINDALC0,215.0,PA,0.0,0.0,0.0,23.6,39.85,0.0,0.0,0.0
2006-05-26,2006-06-29,OPTSTK,HINDALC0,220.0,PA,0.0,0.0,0.0,23.75,43.6,0.0,0.0,0.0
2006-05-26,2006-06-29,OPTSTK,HINDALC0,225.0,PA,0.0,0.0,0.0,22.55,47.45,0.0,0.0,0.0
2006-05-26,2006-06-29,OPTSTK,HINDALC0,230.0,PA,0.0,0.0,0.0,25.6,51.45,0.0,0.0,0.0
2006-05-26,2006-06-29,OPTSTK,HINDALC0,235.0,PA,0.0,0.0,0.0,23.8,55.5,0.0,0.0,0.0
2006-05-26,2006-06-29,OPTSTK,HINDALC0,240.0,PA,0.0,0.0,0.0,26.85,59.7,0.0,0.0,0.0
2006-05-26,2006-06-29,OPTSTK,HINDALC0,245.0,PA,0.0,0.0,0.0,24.7,63.95,0.0,0.0,0.0
2006-05-26,2006-06-29,OPTSTK,HINDALC0,250.0,PA,0.0,0.0,0.0,27.7,68.25,0.0,0.0,0.0
2006-05-26,2006-06-29,OPTSTK,HINDALC0,255.0,PA,0.0,0.0,0.0,26.75,72.65,0.0,0.0,0.0
2006-05-26,2006-06-29,OPTSTK,HINDALC0,260.0,PA,0.0,0.0,0.0,27.65,77.15,0.0,0.0,0.0
2006-05-26,2006-07-27,OPTSTK,HINDALC0,160.0,CA,0.0,0.0,0.0,36.85,41.95,0.0,0.0,0.0
2006-05-26,2006-07-27,OPTSTK,HINDALC0,165.0,CA,0.0,0.0,0.0,34.35,39.15,0.0,0.0,0.0
2006-05-26,2006-07-27,OPTSTK,HINDALC0,170.0,CA,0.0,0.0,0.0,31.95,36.5,0.0,0.0,0.0
2006-05-26,2006-07-27,OPTSTK,HINDALC0,175.0,CA,0.0,0.0,0.0,41.7,34.0,0.0,0.0,0.0
2006-05-26,2006-07-27,OPTSTK,HINDALC0,180.0,CA,0.0,0.0,0.0,39.25,31.65,0.0,0.0,0.0
2006-05-26,2006-07-27,OPTSTK,HINDALC0,185.0,CA,0.0,0.0,0.0,36.9,29.4,0.0,0.0,0.0
2006-05-26,2006-07-27,OPTSTK,HINDALC0,190.0,CA,0.0,0.0,0.0,34.7,27.35,0.0,0.0,0.0
2006-05-26,2006-07-27,OPTSTK,HINDALC0,195.0,CA,0.0,0.0,0.0,28.2,25.4,0.0,0.0,0.0
2006-05-26,2006-07-27,OPTSTK,HINDALC0,200.0,CA,0.0,0.0,0.0,32.1,23.55,0.0,0.0,0.0
2006-05-26,2006-07-27,OPTSTK,HINDALC0,205.0,CA,0.0,0.0,0.0,29.2,21.85,0.0,0.0,0.0
2006-05-26,2006-07-27,OPTSTK,HINDALC0,210.0,CA,0.0,0.0,0.0,26.45,20.25,0.0,0.0,0.0
2006-05-26,2006-07-27,OPTSTK,HINDALC0,215.0,CA,0.0,0.0,0.0,23.95,18.75,0.0,0.0,0.0
2006-05-26,2006-07-27,OPTSTK,HINDALC0,220.0,CA,0.0,0.0,0.0,21.6,17.35,0.0,0.0,0.0
2006-05-26,2006-07-27,OPTSTK,HINDALC0,225.0,CA,0.0,0.0,0.0,19.45,16.1,0.0,0.0,0.0
2006-05-26,2006-07-27,OPTSTK,HINDALC0,230.0,CA,0.0,0.0,0.0,17.45,14.9,0.0,0.0,0.0
2006-05-26,2006-07-27,OPTSTK,HINDALC0,235.0,CA,0.0,0.0,0.0,20.4,13.75,0.0,0.0,0.0
2006-05-26,2006-07-27,OPTSTK,HINDALC0,240.0,CA,0.0,0.0,0.0,18.5,12.75,0.0,0.0,0.0
2006-05-26,2006-07-27,OPTSTK,HINDALC0,245.0,CA,0.0,0.0,0.0,23.4,11.75,0.0,0.0,0.0
2006-05-26,2006-07-27,OPTSTK,HINDALC0,250.0,CA,0.0,0.0,0.0,21.45,10.9,0.0,0.0,0.0
2006-05-26,2006-07-27,OPTSTK,HINDALC0,255.0,CA,0.0,0.0,0.0,18.8,10.05,0.0,0.0,0.0
2006-05-26,2006-07-27,OPTSTK,HINDALC0,260.0,CA,0.0,0.0,0.0,18.55,9.3,0.0,0.0,0.0
2006-05-26,2006-07-27,OPTSTK,HINDALC0,160.0,PA,0.0,0.0,0.0,18.85,15.05,0.0,0.0,0.0
2006-05-26,2006-07-27,OPTSTK,HINDALC0,165.0,PA,0.0,0.0,0.0,21.25,17.2,0.0,0.0,0.0
2006-05-26,2006-07-27,OPTSTK,HINDALC0,170.0,PA,0.0,0.0,0.0,23.85,19.5,0.0,0.0,0.0
2006-05-26,2006-07-27,OPTSTK,HINDALC0,175.0,PA,0.0,0.0,0.0,22.3,21.95,0.0,0.0,0.0
2006-05-26,2006-07-27,OPTSTK,HINDALC0,180.0,PA,0.0,0.0,0.0,24.8,24.5,0.0,0.0,0.0
2006-05-26,2006-07-27,OPTSTK,HINDALC0,185.0,PA,0.0,0.0,0.0,27.4,27.25,0.0,0.0,0.0
2006-05-26,2006-07-27,OPTSTK,HINDALC0,190.0,PA,0.0,0.0,0.0,30.1,30.1,0.0,0.0,0.0
2006-05-26,2006-07-27,OPTSTK,HINDALC0,195.0,PA,0.0,0.0,0.0,10.9,33.1,0.0,0.0,0.0
2006-05-26,2006-07-27,OPTSTK,HINDALC0,200.0,PA,0.0,0.0,0.0,11.6,36.2,0.0,0.0,0.0
2006-05-26,2006-07-27,OPTSTK,HINDALC0,205.0,PA,0.0,0.0,0.0,13.6,39.45,0.0,0.0,0.0
2006-05-26,2006-07-27,OPTSTK,HINDALC0,210.0,PA,0.0,0.0,0.0,15.8,42.8,0.0,0.0,0.0
2006-05-26,2006-07-27,OPTSTK,HINDALC0,215.0,PA,0.0,0.0,0.0,18.2,46.25,0.0,0.0,0.0
2006-05-26,2006-07-27,OPTSTK,HINDALC0,220.0,PA,0.0,0.0,0.0,20.8,49.8,0.0,0.0,0.0
2006-05-26,2006-07-27,OPTSTK,HINDALC0,225.0,PA,0.0,0.0,0.0,23.55,53.45,0.0,0.0,0.0
2006-05-26,2006-07-27,OPTSTK,HINDALC0,230.0,PA,0.0,0.0,0.0,26.5,57.2,0.0,0.0,0.0
2006-05-26,2006-07-27,OPTSTK,HINDALC0,235.0,PA,0.0,0.0,0.0,27.05,61.05,0.0,0.0,0.0
2006-05-26,2006-07-27,OPTSTK,HINDALC0,240.0,PA,0.0,0.0,0.0,30.05,64.95,0.0,0.0,0.0
2006-05-26,2006-07-27,OPTSTK,HINDALC0,245.0,PA,0.0,0.0,0.0,28.55,68.9,0.0,0.0,0.0
2006-05-26,2006-07-27,OPTSTK,HINDALC0,250.0,PA,0.0,0.0,0.0,31.5,72.95,0.0,0.0,0.0
2006-05-26,2006-07-27,OPTSTK,HINDALC0,255.0,PA,0.0,0.0,0.0,30.6,77.1,0.0,0.0,0.0
2006-05-26,2006-07-27,OPTSTK,HINDALC0,260.0,PA,0.0,0.0,0.0,31.6,81.25,0.0,0.0,0.0
2006-05-26,2006-08-31,OPTSTK,HINDALC0,170.0,CA,0.0,0.0,0.0,44.0,43.55,0.0,0.0,0.0
2006-05-26,2006-08-31,OPTSTK,HINDALC0,175.0,CA,0.0,0.0,0.0,41.7,41.2,0.0,0.0,0.0
2006-05-26,2006-08-31,OPTSTK,HINDALC0,180.0,CA,0.0,0.0,0.0,39.55,39.0,0.0,0.0,0.0
2006-05-26,2006-08-31,OPTSTK,HINDALC0,185.0,CA,0.0,0.0,0.0,37.5,36.85,0.0,0.0,0.0
2006-05-26,2006-08-31,OPTSTK,HINDALC0,190.0,CA,0.0,0.0,0.0,35.5,34.85,0.0,0.0,0.0
2006-05-26,2006-08-31,OPTSTK,HINDALC0,195.0,CA,0.0,0.0,0.0,33.65,32.95,0.0,0.0,0.0
2006-05-26,2006-08-31,OPTSTK,HINDALC0,200.0,CA,0.0,0.0,0.0,31.9,31.15,0.0,0.0,0.0
2006-05-26,2006-08-31,OPTSTK,HINDALC0,170.0,PA,0.0,0.0,0.0,26.95,25.45,0.0,0.0,0.0
2006-05-26,2006-08-31,OPTSTK,HINDALC0,175.0,PA,0.0,0.0,0.0,29.6,28.05,0.0,0.0,0.0
2006-05-26,2006-08-31,OPTSTK,HINDALC0,180.0,PA,0.0,0.0,0.0,32.3,30.7,0.0,0.0,0.0
2006-05-26,2006-08-31,OPTSTK,HINDALC0,185.0,PA,0.0,0.0,0.0,35.15,33.5,0.0,0.0,0.0
2006-05-26,2006-08-31,OPTSTK,HINDALC0,190.0,PA,0.0,0.0,0.0,38.1,36.45,0.0,0.0,0.0
2006-05-26,2006-08-31,OPTSTK,HINDALC0,195.0,PA,0.0,0.0,0.0,41.15,39.45,0.0,0.0,0.0
2006-05-26,2006-08-31,OPTSTK,HINDALC0,200.0,PA,0.0,0.0,0.0,44.3,42.55,0.0,0.0,0.0
2006-05-26,2006-06-29,OPTSTK,HINDLEVER,210.0,CA,0.0,0.0,0.0,25.3,38.95,0.0,0.0,0.0
2006-05-26,2006-06-29,OPTSTK,HINDLEVER,215.0,CA,0.0,0.0,0.0,22.1,35.15,0.0,0.0,0.0
2006-05-26,2006-06-29,OPTSTK,HINDLEVER,220.0,CA,0.0,0.0,0.0,19.2,31.55,0.0,0.0,0.0
2006-05-26,2006-06-29,OPTSTK,HINDLEVER,225.0,CA,0.0,0.0,0.0,24.65,28.15,0.0,0.0,0.0
2006-05-26,2006-06-29,OPTSTK,HINDLEVER,230.0,CA,16.85,22.45,16.85,22.45,22.45,4.0,20.03,4000.0
2006-05-26,2006-06-29,OPTSTK,HINDLEVER,235.0,CA,0.0,0.0,0.0,22.8,22.1,0.0,0.0,0.0
2006-05-26,2006-06-29,OPTSTK,HINDLEVER,240.0,CA,19.0,19.0,13.0,14.6,14.6,12.0,61.43,28000.0
2006-05-26,2006-06-29,OPTSTK,HINDLEVER,245.0,CA,0.0,0.0,0.0,17.75,17.0,0.0,0.0,0.0
2006-05-26,2006-06-29,OPTSTK,HINDLEVER,250.0,CA,13.0,13.0,10.0,10.5,10.5,38.0,198.98,76000.0
2006-05-26,2006-06-29,OPTSTK,HINDLEVER,255.0,CA,0.0,0.0,0.0,13.6,12.85,0.0,0.0,0.0
2006-05-26,2006-06-29,OPTSTK,HINDLEVER,260.0,CA,9.9,9.9,7.0,7.0,7.0,5.0,26.81,14000.0
2006-05-26,2006-06-29,OPTSTK,HINDLEVER,270.0,CA,0.0,0.0,0.0,26.45,8.1,0.0,0.0,0.0
2006-05-26,2006-06-29,OPTSTK,HINDLEVER,280.0,CA,4.0,4.0,2.6,3.0,3.0,8.0,45.35,26000.0
2006-05-26,2006-06-29,OPTSTK,HINDLEVER,290.0,CA,0.0,0.0,0.0,17.55,4.15,0.0,0.0,0.0
2006-05-26,2006-06-29,OPTSTK,HINDLEVER,300.0,CA,0.0,0.0,0.0,2.2,2.9,0.0,0.0,2000.0
2006-05-26,2006-06-29,OPTSTK,HINDLEVER,310.0,CA,0.0,0.0,0.0,12.6,2.0,0.0,0.0,0.0
2006-05-26,2006-06-29,OPTSTK,HINDLEVER,320.0,CA,0.0,0.0,0.0,15.0,1.35,0.0,0.0,0.0
2006-05-26,2006-06-29,OPTSTK,HINDLEVER,210.0,PA,0.0,0.0,0.0,6.95,4.1,0.0,0.0,0.0
2006-05-26,2006-06-29,OPTSTK,HINDLEVER,215.0,PA,0.0,0.0,0.0,8.75,5.25,0.0,0.0,0.0
2006-05-26,2006-06-29,OPTSTK,HINDLEVER,220.0,PA,10.0,10.0,10.0,10.0,10.0,1.0,4.6,2000.0
2006-05-26,2006-06-29,OPTSTK,HINDLEVER,225.0,PA,0.0,0.0,0.0,10.0,8.2,0.0,0.0,0.0
2006-05-26,2006-06-29,OPTSTK,HINDLEVER,230.0,PA,4.0,5.25,4.0,5.25,5.25,3.0,14.08,8000.0
2006-05-26,2006-06-29,OPTSTK,HINDLEVER,235.0,PA,0.0,0.0,0.0,12.95,12.1,0.0,0.0,0.0
2006-05-26,2006-06-29,OPTSTK,HINDLEVER,240.0,PA,10.0,10.5,10.0,10.3,10.3,3.0,15.01,6000.0
2006-05-26,2006-06-29,OPTSTK,HINDLEVER,245.0,PA,0.0,0.0,0.0,17.8,16.9,0.0,0.0,0.0
2006-05-26,2006-06-29,OPTSTK,HINDLEVER,250.0,PA,0.0,0.0,0.0,9.65,19.7,0.0,0.0,0.0
2006-05-26,2006-06-29,OPTSTK,HINDLEVER,255.0,PA,0.0,0.0,0.0,23.6,22.7,0.0,0.0,0.0
2006-05-26,2006-06-29,OPTSTK,HINDLEVER,260.0,PA,0.0,0.0,0.0,13.2,25.9,0.0,0.0,0.0
2006-05-26,2006-06-29,OPTSTK,HINDLEVER,270.0,PA,0.0,0.0,0.0,17.5,32.85,0.0,0.0,0.0
2006-05-26,2006-06-29,OPTSTK,HINDLEVER,280.0,PA,0.0,0.0,0.0,22.5,40.55,0.0,0.0,0.0
2006-05-26,2006-06-29,OPTSTK,HINDLEVER,290.0,PA,0.0,0.0,0.0,28.2,48.8,0.0,0.0,0.0
2006-05-26,2006-06-29,OPTSTK,HINDLEVER,300.0,PA,0.0,0.0,0.0,34.5,57.45,0.0,0.0,0.0
2006-05-26,2006-06-29,OPTSTK,HINDLEVER,310.0,PA,0.0,0.0,0.0,37.0,66.5,0.0,0.0,0.0
2006-05-26,2006-06-29,OPTSTK,HINDLEVER,320.0,PA,0.0,0.0,0.0,37.85,75.8,0.0,0.0,0.0
2006-05-26,2006-07-27,OPTSTK,HINDLEVER,210.0,CA,0.0,0.0,0.0,30.25,43.85,0.0,0.0,0.0
2006-05-26,2006-07-27,OPTSTK,HINDLEVER,215.0,CA,0.0,0.0,0.0,27.3,40.4,0.0,0.0,0.0
2006-05-26,2006-07-27,OPTSTK,HINDLEVER,220.0,CA,0.0,0.0,0.0,24.55,37.15,0.0,0.0,0.0
2006-05-26,2006-07-27,OPTSTK,HINDLEVER,225.0,CA,0.0,0.0,0.0,30.2,34.05,0.0,0.0,0.0
2006-05-26,2006-07-27,OPTSTK,HINDLEVER,230.0,CA,0.0,0.0,0.0,38.45,31.15,0.0,0.0,0.0
2006-05-26,2006-07-27,OPTSTK,HINDLEVER,235.0,CA,0.0,0.0,0.0,28.5,28.45,0.0,0.0,0.0
2006-05-26,2006-07-27,OPTSTK,HINDLEVER,240.0,CA,0.0,0.0,0.0,40.3,25.9,0.0,0.0,0.0
2006-05-26,2006-07-27,OPTSTK,HINDLEVER,245.0,CA,0.0,0.0,0.0,23.6,23.5,0.0,0.0,0.0
2006-05-26,2006-07-27,OPTSTK,HINDLEVER,250.0,CA,0.0,0.0,0.0,43.9,21.3,0.0,0.0,0.0
2006-05-26,2006-07-27,OPTSTK,HINDLEVER,255.0,CA,0.0,0.0,0.0,19.4,19.25,0.0,0.0,0.0
2006-05-26,2006-07-27,OPTSTK,HINDLEVER,260.0,CA,0.0,0.0,0.0,41.5,17.4,0.0,0.0,0.0
2006-05-26,2006-07-27,OPTSTK,HINDLEVER,270.0,CA,0.0,0.0,0.0,35.0,14.1,0.0,0.0,0.0
2006-05-26,2006-07-27,OPTSTK,HINDLEVER,280.0,CA,0.0,0.0,0.0,29.2,11.3,0.0,0.0,0.0
2006-05-26,2006-07-27,OPTSTK,HINDLEVER,290.0,CA,0.0,0.0,0.0,24.1,9.05,0.0,0.0,0.0
2006-05-26,2006-07-27,OPTSTK,HINDLEVER,300.0,CA,0.0,0.0,0.0,19.7,7.15,0.0,0.0,0.0
2006-05-26,2006-07-27,OPTSTK,HINDLEVER,310.0,CA,0.0,0.0,0.0,15.95,5.65,0.0,0.0,0.0
2006-05-26,2006-07-27,OPTSTK,HINDLEVER,320.0,CA,0.0,0.0,0.0,12.75,4.45,0.0,0.0,0.0
2006-05-26,2006-07-27,OPTSTK,HINDLEVER,210.0,PA,0.0,0.0,0.0,10.8,7.9,0.0,0.0,0.0
2006-05-26,2006-07-27,OPTSTK,HINDLEVER,215.0,PA,0.0,0.0,0.0,12.8,9.4,0.0,0.0,0.0
2006-05-26,2006-07-27,OPTSTK,HINDLEVER,220.0,PA,0.0,0.0,0.0,15.0,11.05,0.0,0.0,0.0
2006-05-26,2006-07-27,OPTSTK,HINDLEVER,225.0,PA,0.0,0.0,0.0,14.35,12.9,0.0,0.0,0.0
2006-05-26,2006-07-27,OPTSTK,HINDLEVER,230.0,PA,0.0,0.0,0.0,3.1,14.95,0.0,0.0,0.0
2006-05-26,2006-07-27,OPTSTK,HINDLEVER,235.0,PA,0.0,0.0,0.0,17.4,17.2,0.0,0.0,0.0
2006-05-26,2006-07-27,OPTSTK,HINDLEVER,240.0,PA,0.0,0.0,0.0,3.4,19.6,0.0,0.0,0.0
2006-05-26,2006-07-27,OPTSTK,HINDLEVER,245.0,PA,0.0,0.0,0.0,22.4,22.15,0.0,0.0,0.0
2006-05-26,2006-07-27,OPTSTK,HINDLEVER,250.0,PA,0.0,0.0,0.0,5.05,24.9,0.0,0.0,0.0
2006-05-26,2006-07-27,OPTSTK,HINDLEVER,255.0,PA,0.0,0.0,0.0,28.05,27.8,0.0,0.0,0.0
2006-05-26,2006-07-27,OPTSTK,HINDLEVER,260.0,PA,0.0,0.0,0.0,8.85,30.85,0.0,0.0,0.0
2006-05-26,2006-07-27,OPTSTK,HINDLEVER,270.0,PA,0.0,0.0,0.0,12.2,37.45,0.0,0.0,0.0
2006-05-26,2006-07-27,OPTSTK,HINDLEVER,280.0,PA,0.0,0.0,0.0,16.2,44.55,0.0,0.0,0.0
2006-05-26,2006-07-27,OPTSTK,HINDLEVER,290.0,PA,0.0,0.0,0.0,20.95,52.15,0.0,0.0,0.0
2006-05-26,2006-07-27,OPTSTK,HINDLEVER,300.0,PA,0.0,0.0,0.0,26.35,60.2,0.0,0.0,0.0
2006-05-26,2006-07-27,OPTSTK,HINDLEVER,310.0,PA,0.0,0.0,0.0,32.45,68.55,0.0,0.0,0.0
2006-05-26,2006-07-27,OPTSTK,HINDLEVER,320.0,PA,0.0,0.0,0.0,39.1,77.2,0.0,0.0,0.0
2006-05-26,2006-08-31,OPTSTK,HINDLEVER,220.0,CA,0.0,0.0,0.0,38.45,42.9,0.0,0.0,0.0
2006-05-26,2006-08-31,OPTSTK,HINDLEVER,225.0,CA,0.0,0.0,0.0,35.8,40.0,0.0,0.0,0.0
2006-05-26,2006-08-31,OPTSTK,HINDLEVER,230.0,CA,0.0,0.0,0.0,33.25,37.25,0.0,0.0,0.0
2006-05-26,2006-08-31,OPTSTK,HINDLEVER,235.0,CA,0.0,0.0,0.0,30.85,34.65,0.0,0.0,0.0
2006-05-26,2006-08-31,OPTSTK,HINDLEVER,240.0,CA,0.0,0.0,0.0,28.55,32.2,0.0,0.0,0.0
2006-05-26,2006-08-31,OPTSTK,HINDLEVER,245.0,CA,0.0,0.0,0.0,26.45,29.9,0.0,0.0,0.0
2006-05-26,2006-08-31,OPTSTK,HINDLEVER,250.0,CA,0.0,0.0,0.0,24.45,27.7,0.0,0.0,0.0
2006-05-26,2006-08-31,OPTSTK,HINDLEVER,255.0,CA,0.0,0.0,0.0,0.0,0.0,0.0,0.0,0.0
2006-05-26,2006-08-31,OPTSTK,HINDLEVER,260.0,CA,0.0,0.0,0.0,0.0,0.0,0.0,0.0,0.0
2006-05-26,2006-08-31,OPTSTK,HINDLEVER,220.0,PA,0.0,0.0,0.0,17.65,15.4,0.0,0.0,0.0
2006-05-26,2006-08-31,OPTSTK,HINDLEVER,225.0,PA,0.0,0.0,0.0,19.9,17.45,0.0,0.0,0.0
2006-05-26,2006-08-31,OPTSTK,HINDLEVER,230.0,PA,0.0,0.0,0.0,22.25,19.6,0.0,0.0,0.0
2006-05-26,2006-08-31,OPTSTK,HINDLEVER,235.0,PA,0.0,0.0,0.0,24.75,21.9,0.0,0.0,0.0
2006-05-26,2006-08-31,OPTSTK,HINDLEVER,240.0,PA,0.0,0.0,0.0,27.4,24.4,0.0,0.0,0.0
2006-05-26,2006-08-31,OPTSTK,HINDLEVER,245.0,PA,0.0,0.0,0.0,30.15,27.0,0.0,0.0,0.0
2006-05-26,2006-08-31,OPTSTK,HINDLEVER,250.0,PA,0.0,0.0,0.0,33.1,29.7,0.0,0.0,0.0
2006-05-26,2006-08-31,OPTSTK,HINDLEVER,255.0,PA,0.0,0.0,0.0,0.0,0.0,0.0,0.0,0.0
2006-05-26,2006-08-31,OPTSTK,HINDLEVER,260.0,PA,0.0,0.0,0.0,0.0,0.0,0.0,0.0,0.0
2006-05-26,2006-06-29,OPTSTK,HINDPETRO,270.0,CA,0.0,0.0,0.0,37.65,57.3,0.0,0.0,0.0
2006-05-26,2006-06-29,OPTSTK,HINDPETRO,280.0,CA,0.0,0.0,0.0,40.0,49.0,0.0,0.0,0.0
2006-05-26,2006-06-29,OPTSTK,HINDPETRO,290.0,CA,0.0,0.0,0.0,38.1,41.3,0.0,0.0,0.0
2006-05-26,2006-06-29,OPTSTK,HINDPETRO,300.0,CA,0.0,0.0,0.0,19.95,34.3,0.0,0.0,650.0
2006-05-26,2006-06-29,OPTSTK,HINDPETRO,310.0,CA,0.0,0.0,0.0,23.7,28.05,0.0,0.0,0.0
2006-05-26,2006-06-29,OPTSTK,HINDPETRO,320.0,CA,17.0,17.0,17.0,17.0,17.0,1.0,2.19,6500.0
2006-05-26,2006-06-29,OPTSTK,HINDPETRO,330.0,CA,14.0,16.9,12.05,15.5,15.5,41.0,91.82,27950.0
2006-05-26,2006-06-29,OPTSTK,HINDPETRO,340.0,CA,12.5,13.0,9.0,11.0,11.0,12.0,27.38,7150.0
2006-05-26,2006-06-29,OPTSTK,HINDPETRO,350.0,CA,6.5,8.5,5.15,7.25,7.25,17.0,39.49,10400.0
2006-05-26,2006-06-29,OPTSTK,HINDPETRO,360.0,CA,4.0,4.5,3.5,4.5,4.5,5.0,11.83,3250.0
2006-05-26,2006-06-29,OPTSTK,HINDPETRO,370.0,CA,2.5,2.75,2.5,2.75,2.75,2.0,4.84,1300.0
2006-05-26,2006-06-29,OPTSTK,HINDPETRO,380.0,CA,0.0,0.0,0.0,19.75,4.6,0.0,0.0,0.0
2006-05-26,2006-06-29,OPTSTK,HINDPETRO,390.0,CA,0.0,0.0,0.0,10.4,3.4,0.0,0.0,0.0
2006-05-26,2006-06-29,OPTSTK,HINDPETRO,270.0,PA,0.0,0.0,0.0,4.05,2.75,0.0,0.0,0.0
2006-05-26,2006-06-29,OPTSTK,HINDPETRO,280.0,PA,0.0,0.0,0.0,4.5,4.35,0.0,0.0,0.0
2006-05-26,2006-06-29,OPTSTK,HINDPETRO,290.0,PA,5.0,5.0,5.0,5.0,5.0,1.0,1.91,650.0
2006-05-26,2006-06-29,OPTSTK,HINDPETRO,300.0,PA,5.8,6.0,5.8,6.0,6.0,2.0,3.97,1300.0
2006-05-26,2006-06-29,OPTSTK,HINDPETRO,310.0,PA,0.0,0.0,0.0,8.3,13.25,0.0,0.0,0.0
2006-05-26,2006-06-29,OPTSTK,HINDPETRO,320.0,PA,12.5,12.5,11.95,11.95,11.95,2.0,4.31,1950.0
2006-05-26,2006-06-29,OPTSTK,HINDPETRO,330.0,PA,0.0,0.0,0.0,17.35,23.05,0.0,0.0,0.0
2006-05-26,2006-06-29,OPTSTK,HINDPETRO,340.0,PA,0.0,0.0,0.0,23.4,29.1,0.0,0.0,0.0
2006-05-26,2006-06-29,OPTSTK,HINDPETRO,350.0,PA,0.0,0.0,0.0,30.3,35.8,0.0,0.0,0.0
2006-05-26,2006-06-29,OPTSTK,HINDPETRO,360.0,PA,0.0,0.0,0.0,32.85,43.15,0.0,0.0,0.0
2006-05-26,2006-06-29,OPTSTK,HINDPETRO,370.0,PA,0.0,0.0,0.0,35.3,51.05,0.0,0.0,0.0
2006-05-26,2006-06-29,OPTSTK,HINDPETRO,380.0,PA,0.0,0.0,0.0,41.45,59.4,0.0,0.0,0.0
2006-05-26,2006-06-29,OPTSTK,HINDPETRO,390.0,PA,0.0,0.0,0.0,41.2,68.1,0.0,0.0,0.0
2006-05-26,2006-07-27,OPTSTK,HINDPETRO,270.0,CA,0.0,0.0,0.0,42.3,62.25,0.0,0.0,0.0
2006-05-26,2006-07-27,OPTSTK,HINDPETRO,280.0,CA,0.0,0.0,0.0,44.75,54.75,0.0,0.0,0.0
2006-05-26,2006-07-27,OPTSTK,HINDPETRO,290.0,CA,0.0,0.0,0.0,43.7,47.8,0.0,0.0,0.0
2006-05-26,2006-07-27,OPTSTK,HINDPETRO,300.0,CA,0.0,0.0,0.0,37.5,41.4,0.0,0.0,0.0
2006-05-26,2006-07-27,OPTSTK,HINDPETRO,310.0,CA,0.0,0.0,0.0,31.9,35.6,0.0,0.0,0.0
2006-05-26,2006-07-27,OPTSTK,HINDPETRO,320.0,CA,0.0,0.0,0.0,26.9,30.4,0.0,0.0,0.0
2006-05-26,2006-07-27,OPTSTK,HINDPETRO,330.0,CA,0.0,0.0,0.0,22.5,25.8,0.0,0.0,0.0
2006-05-26,2006-07-27,OPTSTK,HINDPETRO,340.0,CA,0.0,0.0,0.0,18.7,21.75,0.0,0.0,0.0
2006-05-26,2006-07-27,OPTSTK,HINDPETRO,350.0,CA,0.0,0.0,0.0,15.4,18.2,0.0,0.0,0.0
2006-05-26,2006-07-27,OPTSTK,HINDPETRO,360.0,CA,0.0,0.0,0.0,14.9,15.15,0.0,0.0,0.0
2006-05-26,2006-07-27,OPTSTK,HINDPETRO,370.0,CA,0.0,0.0,0.0,18.95,12.55,0.0,0.0,0.0
2006-05-26,2006-07-27,OPTSTK,HINDPETRO,380.0,CA,0.0,0.0,0.0,20.25,10.35,0.0,0.0,0.0
2006-05-26,2006-07-27,OPTSTK,HINDPETRO,390.0,CA,0.0,0.0,0.0,15.9,8.45,0.0,0.0,0.0
2006-05-26,2006-07-27,OPTSTK,HINDPETRO,270.0,PA,0.0,0.0,0.0,7.3,6.3,0.0,0.0,0.0
2006-05-26,2006-07-27,OPTSTK,HINDPETRO,280.0,PA,0.0,0.0,0.0,7.8,8.7,0.0,0.0,0.0
2006-05-26,2006-07-27,OPTSTK,HINDPETRO,290.0,PA,0.0,0.0,0.0,11.55,11.6,0.0,0.0,0.0
2006-05-26,2006-07-27,OPTSTK,HINDPETRO,300.0,PA,0.0,0.0,0.0,15.15,15.1,0.0,0.0,0.0
2006-05-26,2006-07-27,OPTSTK,HINDPETRO,310.0,PA,0.0,0.0,0.0,19.4,19.2,0.0,0.0,0.0
2006-05-26,2006-07-27,OPTSTK,HINDPETRO,320.0,PA,0.0,0.0,0.0,24.2,23.9,0.0,0.0,0.0
2006-05-26,2006-07-27,OPTSTK,HINDPETRO,330.0,PA,0.0,0.0,0.0,29.65,29.15,0.0,0.0,0.0
2006-05-26,2006-07-27,OPTSTK,HINDPETRO,340.0,PA,0.0,0.0,0.0,35.7,35.0,0.0,0.0,0.0
2006-05-26,2006-07-27,OPTSTK,HINDPETRO,350.0,PA,0.0,0.0,0.0,42.25,41.35,0.0,0.0,0.0
2006-05-26,2006-07-27,OPTSTK,HINDPETRO,360.0,PA,0.0,0.0,0.0,41.3,48.15,0.0,0.0,0.0
2006-05-26,2006-07-27,OPTSTK,HINDPETRO,370.0,PA,0.0,0.0,0.0,38.95,55.45,0.0,0.0,0.0
2006-05-26,2006-07-27,OPTSTK,HINDPETRO,380.0,PA,0.0,0.0,0.0,40.05,63.15,0.0,0.0,0.0
2006-05-26,2006-07-27,OPTSTK,HINDPETRO,390.0,PA,0.0,0.0,0.0,44.6,71.15,0.0,0.0,0.0
2006-05-26,2006-08-31,OPTSTK,HINDPETRO,280.0,CA,0.0,0.0,0.0,50.9,61.1,0.0,0.0,0.0
2006-05-26,2006-08-31,OPTSTK,HINDPETRO,290.0,CA,0.0,0.0,0.0,44.95,54.6,0.0,0.0,0.0
2006-05-26,2006-08-31,OPTSTK,HINDPETRO,300.0,CA,0.0,0.0,0.0,39.45,48.65,0.0,0.0,0.0
2006-05-26,2006-08-31,OPTSTK,HINDPETRO,310.0,CA,0.0,0.0,0.0,34.5,43.15,0.0,0.0,0.0
2006-05-26,2006-08-31,OPTSTK,HINDPETRO,320.0,CA,0.0,0.0,0.0,30.05,38.1,0.0,0.0,0.0
2006-05-26,2006-08-31,OPTSTK,HINDPETRO,330.0,CA,0.0,0.0,0.0,26.05,33.55,0.0,0.0,0.0
2006-05-26,2006-08-31,OPTSTK,HINDPETRO,340.0,CA,0.0,0.0,0.0,22.5,29.45,0.0,0.0,0.0
2006-05-26,2006-08-31,OPTSTK,HINDPETRO,350.0,CA,0.0,0.0,0.0,0.0,0.0,0.0,0.0,0.0
2006-05-26,2006-08-31,OPTSTK,HINDPETRO,280.0,PA,0.0,0.0,0.0,15.45,13.25,0.0,0.0,0.0
2006-05-26,2006-08-31,OPTSTK,HINDPETRO,290.0,PA,0.0,0.0,0.0,19.3,16.6,0.0,0.0,0.0
2006-05-26,2006-08-31,OPTSTK,HINDPETRO,300.0,PA,0.0,0.0,0.0,23.65,20.4,0.0,0.0,0.0
2006-05-26,2006-08-31,OPTSTK,HINDPETRO,310.0,PA,0.0,0.0,0.0,28.55,24.75,0.0,0.0,0.0
2006-05-26,2006-08-31,OPTSTK,HINDPETRO,320.0,PA,0.0,0.0,0.0,33.9,29.55,0.0,0.0,0.0
2006-05-26,2006-08-31,OPTSTK,HINDPETRO,330.0,PA,0.0,0.0,0.0,39.7,34.8,0.0,0.0,0.0
2006-05-26,2006-08-31,OPTSTK,HINDPETRO,340.0,PA,0.0,0.0,0.0,46.0,40.5,0.0,0.0,0.0
2006-05-26,2006-08-31,OPTSTK,HINDPETRO,350.0,PA,0.0,0.0,0.0,0.0,0.0,0.0,0.0,0.0
2006-05-26,2006-06-29,OPTSTK,I-FLEX,960.0,CA,0.0,0.0,0.0,138.15,212.45,0.0,0.0,0.0
2006-05-26,2006-06-29,OPTSTK,I-FLEX,990.0,CA,0.0,0.0,0.0,134.3,189.75,0.0,0.0,0.0
2006-05-26,2006-06-29,OPTSTK,I-FLEX,1020.0,CA,0.0,0.0,0.0,150.55,168.4,0.0,0.0,0.0
2006-05-26,2006-06-29,OPTSTK,I-FLEX,1050.0,CA,0.0,0.0,0.0,132.25,148.5,0.0,0.0,0.0
2006-05-26,2006-06-29,OPTSTK,I-FLEX,1080.0,CA,0.0,0.0,0.0,115.5,130.25,0.0,0.0,0.0
2006-05-26,2006-06-29,OPTSTK,I-FLEX,1110.0,CA,0.0,0.0,0.0,141.95,113.6,0.0,0.0,0.0
2006-05-26,2006-06-29,OPTSTK,I-FLEX,1140.0,CA,0.0,0.0,0.0,148.8,98.5,0.0,0.0,0.0
2006-05-26,2006-06-29,OPTSTK,I-FLEX,1170.0,CA,0.0,0.0,0.0,166.5,84.95,0.0,0.0,0.0
2006-05-26,2006-06-29,OPTSTK,I-FLEX,1200.0,CA,0.0,0.0,0.0,148.5,72.85,0.0,0.0,0.0
2006-05-26,2006-06-29,OPTSTK,I-FLEX,1230.0,CA,0.0,0.0,0.0,186.45,62.2,0.0,0.0,0.0
2006-05-26,2006-06-29,OPTSTK,I-FLEX,1260.0,CA,0.0,0.0,0.0,169.15,52.8,0.0,0.0,0.0
2006-05-26,2006-06-29,OPTSTK,I-FLEX,1290.0,CA,0.0,0.0,0.0,152.95,44.6,0.0,0.0,0.0
2006-05-26,2006-06-29,OPTSTK,I-FLEX,1320.0,CA,0.0,0.0,0.0,24.85,37.6,0.0,0.0,0.0
2006-05-26,2006-06-29,OPTSTK,I-FLEX,1350.0,CA,0.0,0.0,0.0,124.05,31.45,0.0,0.0,0.0
2006-05-26,2006-06-29,OPTSTK,I-FLEX,1380.0,CA,0.0,0.0,0.0,111.3,26.25,0.0,0.0,0.0
2006-05-26,2006-06-29,OPTSTK,I-FLEX,1410.0,CA,0.0,0.0,0.0,99.55,21.8,0.0,0.0,0.0
2006-05-26,2006-06-29,OPTSTK,I-FLEX,1440.0,CA,0.0,0.0,0.0,94.35,18.05,0.0,0.0,0.0
2006-05-26,2006-06-29,OPTSTK,I-FLEX,1470.0,CA,0.0,0.0,0.0,112.35,14.9,0.0,0.0,0.0
2006-05-26,2006-06-29,OPTSTK,I-FLEX,1500.0,CA,0.0,0.0,0.0,100.8,12.25,0.0,0.0,0.0
2006-05-26,2006-06-29,OPTSTK,I-FLEX,960.0,PA,0.0,0.0,0.0,30.95,21.5,0.0,0.0,0.0
2006-05-26,2006-06-29,OPTSTK,I-FLEX,990.0,PA,0.0,0.0,0.0,45.7,28.6,0.0,0.0,0.0
2006-05-26,2006-06-29,OPTSTK,I-FLEX,1020.0,PA,0.0,0.0,0.0,46.2,37.05,0.0,0.0,0.0
2006-05-26,2006-06-29,OPTSTK,I-FLEX,1050.0,PA,0.0,0.0,0.0,57.65,47.0,0.0,0.0,0.0
2006-05-26,2006-06-29,OPTSTK,I-FLEX,1080.0,PA,0.0,0.0,0.0,70.7,58.55,0.0,0.0,0.0
2006-05-26,2006-06-29,OPTSTK,I-FLEX,1110.0,PA,0.0,0.0,0.0,53.8,71.7,0.0,0.0,0.0
2006-05-26,2006-06-29,OPTSTK,I-FLEX,1140.0,PA,0.0,0.0,0.0,53.05,86.45,0.0,0.0,0.0
2006-05-26,2006-06-29,OPTSTK,I-FLEX,1170.0,PA,0.0,0.0,0.0,54.7,102.7,0.0,0.0,0.0
2006-05-26,2006-06-29,OPTSTK,I-FLEX,1200.0,PA,0.0,0.0,0.0,66.3,120.4,0.0,0.0,0.0
2006-05-26,2006-06-29,OPTSTK,I-FLEX,1230.0,PA,0.0,0.0,0.0,68.5,139.55,0.0,0.0,0.0
2006-05-26,2006-06-29,OPTSTK,I-FLEX,1260.0,PA,0.0,0.0,0.0,80.5,159.95,0.0,0.0,0.0
2006-05-26,2006-06-29,OPTSTK,I-FLEX,1290.0,PA,0.0,0.0,0.0,93.7,181.6,0.0,0.0,0.0
2006-05-26,2006-06-29,OPTSTK,I-FLEX,1320.0,PA,0.0,0.0,0.0,108.05,204.4,0.0,0.0,0.0
2006-05-26,2006-06-29,OPTSTK,I-FLEX,1350.0,PA,0.0,0.0,0.0,123.55,228.05,0.0,0.0,0.0
2006-05-26,2006-06-29,OPTSTK,I-FLEX,1380.0,PA,0.0,0.0,0.0,140.1,252.65,0.0,0.0,0.0
2006-05-26,2006-06-29,OPTSTK,I-FLEX,1410.0,PA,0.0,0.0,0.0,157.75,278.05,0.0,0.0,0.0
2006-05-26,2006-06-29,OPTSTK,I-FLEX,1440.0,PA,0.0,0.0,0.0,152.9,304.1,0.0,0.0,0.0
2006-05-26,2006-06-29,OPTSTK,I-FLEX,1470.0,PA,0.0,0.0,0.0,149.55,330.75,0.0,0.0,0.0
2006-05-26,2006-06-29,OPTSTK,I-FLEX,1500.0,PA,0.0,0.0,0.0,167.45,357.9,0.0,0.0,0.0
2006-05-26,2006-07-27,OPTSTK,I-FLEX,960.0,CA,0.0,0.0,0.0,162.8,237.95,0.0,0.0,0.0
2006-05-26,2006-07-27,OPTSTK,I-FLEX,990.0,CA,0.0,0.0,0.0,161.65,217.5,0.0,0.0,0.0
2006-05-26,2006-07-27,OPTSTK,I-FLEX,1020.0,CA,0.0,0.0,0.0,177.85,198.25,0.0,0.0,0.0
2006-05-26,2006-07-27,OPTSTK,I-FLEX,1050.0,CA,0.0,0.0,0.0,160.8,180.25,0.0,0.0,0.0
2006-05-26,2006-07-27,OPTSTK,I-FLEX,1080.0,CA,0.0,0.0,0.0,145.0,163.45,0.0,0.0,0.0
2006-05-26,2006-07-27,OPTSTK,I-FLEX,1110.0,CA,0.0,0.0,0.0,162.8,147.85,0.0,0.0,0.0
2006-05-26,2006-07-27,OPTSTK,I-FLEX,1140.0,CA,0.0,0.0,0.0,169.8,133.4,0.0,0.0,0.0
2006-05-26,2006-07-27,OPTSTK,I-FLEX,1170.0,CA,0.0,0.0,0.0,152.85,120.05,0.0,0.0,0.0
2006-05-26,2006-07-27,OPTSTK,I-FLEX,1200.0,CA,0.0,0.0,0.0,137.15,107.8,0.0,0.0,0.0
2006-05-26,2006-07-27,OPTSTK,I-FLEX,1230.0,CA,0.0,0.0,0.0,122.65,96.6,0.0,0.0,0.0
2006-05-26,2006-07-27,OPTSTK,I-FLEX,1260.0,CA,0.0,0.0,0.0,109.4,86.4,0.0,0.0,0.0
2006-05-26,2006-07-27,OPTSTK,I-FLEX,1290.0,CA,0.0,0.0,0.0,97.25,77.1,0.0,0.0,0.0
2006-05-26,2006-07-27,OPTSTK,I-FLEX,1320.0,CA,0.0,0.0,0.0,86.2,68.7,0.0,0.0,0.0
2006-05-26,2006-07-27,OPTSTK,I-FLEX,1350.0,CA,0.0,0.0,0.0,94.8,61.15,0.0,0.0,0.0
2006-05-26,2006-07-27,OPTSTK,I-FLEX,1380.0,CA,0.0,0.0,0.0,101.65,54.3,0.0,0.0,0.0
2006-05-26,2006-07-27,OPTSTK,I-FLEX,1410.0,CA,0.0,0.0,0.0,77.85,48.15,0.0,0.0,0.0
2006-05-26,2006-07-27,OPTSTK,I-FLEX,960.0,PA,0.0,0.0,0.0,50.6,42.05,0.0,0.0,0.0
2006-05-26,2006-07-27,OPTSTK,I-FLEX,990.0,PA,0.0,0.0,0.0,67.85,51.3,0.0,0.0,0.0
2006-05-26,2006-07-27,OPTSTK,I-FLEX,1020.0,PA,0.0,0.0,0.0,68.15,61.7,0.0,0.0,0.0
2006-05-26,2006-07-27,OPTSTK,I-FLEX,1050.0,PA,0.0,0.0,0.0,80.7,73.35,0.0,0.0,0.0
2006-05-26,2006-07-27,OPTSTK,I-FLEX,1080.0,PA,0.0,0.0,0.0,94.5,86.2,0.0,0.0,0.0
2006-05-26,2006-07-27,OPTSTK,I-FLEX,1110.0,PA,0.0,0.0,0.0,68.9,100.25,0.0,0.0,0.0
2006-05-26,2006-07-27,OPTSTK,I-FLEX,1140.0,PA,0.0,0.0,0.0,68.1,115.45,0.0,0.0,0.0
2006-05-26,2006-07-27,OPTSTK,I-FLEX,1170.0,PA,0.0,0.0,0.0,80.6,131.75,0.0,0.0,0.0
2006-05-26,2006-07-27,OPTSTK,I-FLEX,1200.0,PA,0.0,0.0,0.0,94.4,149.2,0.0,0.0,0.0
2006-05-26,2006-07-27,OPTSTK,I-FLEX,1230.0,PA,0.0,0.0,0.0,109.4,167.65,0.0,0.0,0.0
2006-05-26,2006-07-27,OPTSTK,I-FLEX,1260.0,PA,0.0,0.0,0.0,125.65,187.1,0.0,0.0,0.0
2006-05-26,2006-07-27,OPTSTK,I-FLEX,1290.0,PA,0.0,0.0,0.0,143.0,207.45,0.0,0.0,0.0
2006-05-26,2006-07-27,OPTSTK,I-FLEX,1320.0,PA,0.0,0.0,0.0,161.45,228.7,0.0,0.0,0.0
2006-05-26,2006-07-27,OPTSTK,I-FLEX,1350.0,PA,0.0,0.0,0.0,161.6,250.8,0.0,0.0,0.0
2006-05-26,2006-07-27,OPTSTK,I-FLEX,1380.0,PA,0.0,0.0,0.0,160.4,273.6,0.0,0.0,0.0
2006-05-26,2006-07-27,OPTSTK,I-FLEX,1410.0,PA,0.0,0.0,0.0,156.5,297.1,0.0,0.0,0.0
2006-05-26,2006-08-31,OPTSTK,I-FLEX,960.0,CA,0.0,0.0,0.0,188.2,265.4,0.0,0.0,0.0
2006-05-26,2006-08-31,OPTSTK,I-FLEX,990.0,CA,0.0,0.0,0.0,171.25,246.65,0.0,0.0,0.0
2006-05-26,2006-08-31,OPTSTK,I-FLEX,1020.0,CA,0.0,0.0,0.0,155.45,228.9,0.0,0.0,0.0
2006-05-26,2006-08-31,OPTSTK,I-FLEX,1050.0,CA,0.0,0.0,0.0,140.8,212.1,0.0,0.0,0.0
2006-05-26,2006-08-31,OPTSTK,I-FLEX,1080.0,CA,0.0,0.0,0.0,127.3,196.3,0.0,0.0,0.0
2006-05-26,2006-08-31,OPTSTK,I-FLEX,1110.0,CA,0.0,0.0,0.0,114.85,181.45,0.0,0.0,0.0
2006-05-26,2006-08-31,OPTSTK,I-FLEX,1140.0,CA,0.0,0.0,0.0,103.4,167.5,0.0,0.0,0.0
2006-05-26,2006-08-31,OPTSTK,I-FLEX,1170.0,CA,0.0,0.0,0.0,0.0,0.0,0.0,0.0,0.0
2006-05-26,2006-08-31,OPTSTK,I-FLEX,1200.0,CA,0.0,0.0,0.0,0.0,0.0,0.0,0.0,0.0
2006-05-26,2006-08-31,OPTSTK,I-FLEX,1230.0,CA,0.0,0.0,0.0,0.0,0.0,0.0,0.0,0.0
2006-05-26,2006-08-31,OPTSTK,I-FLEX,960.0,PA,0.0,0.0,0.0,69.85,63.4,0.0,0.0,0.0
2006-05-26,2006-08-31,OPTSTK,I-FLEX,990.0,PA,0.0,0.0,0.0,82.35,74.05,0.0,0.0,0.0
2006-05-26,2006-08-31,OPTSTK,I-FLEX,1020.0,PA,0.0,0.0,0.0,96.0,85.75,0.0,0.0,0.0
2006-05-26,2006-08-31,OPTSTK,I-FLEX,1050.0,PA,0.0,0.0,0.0,110.8,98.45,0.0,0.0,0.0
2006-05-26,2006-08-31,OPTSTK,I-FLEX,1080.0,PA,0.0,0.0,0.0,126.75,112.1,0.0,0.0,0.0
2006-05-26,2006-08-31,OPTSTK,I-FLEX,1110.0,PA,0.0,0.0,0.0,143.75,126.75,0.0,0.0,0.0
2006-05-26,2006-08-31,OPTSTK,I-FLEX,1140.0,PA,0.0,0.0,0.0,161.75,142.25,0.0,0.0,0.0
2006-05-26,2006-08-31,OPTSTK,I-FLEX,1170.0,PA,0.0,0.0,0.0,0.0,0.0,0.0,0.0,0.0
2006-05-26,2006-08-31,OPTSTK,I-FLEX,1200.0,PA,0.0,0.0,0.0,0.0,0.0,0.0,0.0,0.0
2006-05-26,2006-08-31,OPTSTK,I-FLEX,1230.0,PA,0.0,0.0,0.0,0.0,0.0,0.0,0.0,0.0
2006-05-26,2006-06-29,OPTSTK,ICICIBANK,500.0,CA,0.0,0.0,0.0,78.75,77.8,0.0,0.0,0.0
2006-05-26,2006-06-29,OPTSTK,ICICIBANK,520.0,CA,0.0,0.0,0.0,85.05,63.55,0.0,0.0,0.0
2006-05-26,2006-06-29,OPTSTK,ICICIBANK,540.0,CA,0.0,0.0,0.0,69.25,51.0,0.0,0.0,0.0
2006-05-26,2006-06-29,OPTSTK,ICICIBANK,560.0,CA,32.0,32.0,32.0,32.0,32.0,1.0,4.14,2800.0
2006-05-26,2006-06-29,OPTSTK,ICICIBANK,580.0,CA,25.0,30.0,25.0,30.0,30.0,3.0,12.77,1400.0
2006-05-26,2006-06-29,OPTSTK,ICICIBANK,600.0,CA,18.5,19.6,16.0,17.0,17.0,13.0,56.17,16100.0
2006-05-26,2006-06-29,OPTSTK,ICICIBANK,620.0,CA,10.1,10.1,10.0,10.0,10.0,3.0,13.23,3500.0
2006-05-26,2006-06-29,OPTSTK,ICICIBANK,640.0,CA,7.0,7.0,7.0,7.0,7.0,1.0,4.52,700.0
2006-05-26,2006-06-29,OPTSTK,ICICIBANK,660.0,CA,0.0,0.0,0.0,16.85,9.5,0.0,0.0,0.0
2006-05-26,2006-06-29,OPTSTK,ICICIBANK,680.0,CA,0.0,0.0,0.0,14.5,6.8,0.0,0.0,0.0
2006-05-26,2006-06-29,OPTSTK,ICICIBANK,700.0,CA,0.0,0.0,0.0,29.2,4.8,0.0,0.0,0.0
2006-05-26,2006-06-29,OPTSTK,ICICIBANK,720.0,CA,0.0,0.0,0.0,25.95,3.35,0.0,0.0,0.0
2006-05-26,2006-06-29,OPTSTK,ICICIBANK,500.0,PA,5.5,5.5,5.5,5.5,5.5,1.0,3.53,700.0
2006-05-26,2006-06-29,OPTSTK,ICICIBANK,520.0,PA,0.0,0.0,0.0,5.3,16.55,0.0,0.0,0.0
2006-05-26,2006-06-29,OPTSTK,ICICIBANK,540.0,PA,13.5,15.0,13.5,15.0,15.0,3.0,11.63,2100.0
2006-05-26,2006-06-29,OPTSTK,ICICIBANK,560.0,PA,15.0,20.0,15.0,20.0,20.0,2.0,8.08,1400.0
2006-05-26,2006-06-29,OPTSTK,ICICIBANK,580.0,PA,0.0,0.0,0.0,21.65,43.75,0.0,0.0,0.0
2006-05-26,2006-06-29,OPTSTK,ICICIBANK,600.0,PA,0.0,0.0,0.0,30.85,56.2,0.0,0.0,0.0
2006-05-26,2006-06-29,OPTSTK,ICICIBANK,620.0,PA,0.0,0.0,0.0,14.0,70.1,0.0,0.0,700.0
2006-05-26,2006-06-29,OPTSTK,ICICIBANK,640.0,PA,0.0,0.0,0.0,54.9,85.35,0.0,0.0,0.0
2006-05-26,2006-06-29,OPTSTK,ICICIBANK,660.0,PA,0.0,0.0,0.0,59.5,101.6,0.0,0.0,0.0
2006-05-26,2006-06-29,OPTSTK,ICICIBANK,680.0,PA,0.0,0.0,0.0,67.75,118.8,0.0,0.0,0.0
2006-05-26,2006-06-29,OPTSTK,ICICIBANK,700.0,PA,0.0,0.0,0.0,72.6,136.65,0.0,0.0,0.0
2006-05-26,2006-06-29,OPTSTK,ICICIBANK,720.0,PA,0.0,0.0,0.0,78.45,155.05,0.0,0.0,0.0
2006-05-26,2006-07-27,OPTSTK,ICICIBANK,500.0,CA,0.0,0.0,0.0,85.5,89.2,0.0,0.0,0.0
2006-05-26,2006-07-27,OPTSTK,ICICIBANK,520.0,CA,0.0,0.0,0.0,71.15,76.25,0.0,0.0,0.0
2006-05-26,2006-07-27,OPTSTK,ICICIBANK,540.0,CA,0.0,0.0,0.0,58.3,64.6,0.0,0.0,0.0
2006-05-26,2006-07-27,OPTSTK,ICICIBANK,560.0,CA,0.0,0.0,0.0,47.1,54.3,0.0,0.0,0.0
2006-05-26,2006-07-27,OPTSTK,ICICIBANK,580.0,CA,0.0,0.0,0.0,37.45,45.25,0.0,0.0,0.0
2006-05-26,2006-07-27,OPTSTK,ICICIBANK,600.0,CA,0.0,0.0,0.0,29.4,37.45,0.0,0.0,0.0
2006-05-26,2006-07-27,OPTSTK,ICICIBANK,620.0,CA,0.0,0.0,0.0,22.7,30.75,0.0,0.0,0.0
2006-05-26,2006-07-27,OPTSTK,ICICIBANK,640.0,CA,0.0,0.0,0.0,20.55,25.05,0.0,0.0,0.0
2006-05-26,2006-07-27,OPTSTK,ICICIBANK,660.0,CA,0.0,0.0,0.0,21.0,20.35,0.0,0.0,0.0
2006-05-26,2006-07-27,OPTSTK,ICICIBANK,680.0,CA,0.0,0.0,0.0,32.0,16.35,0.0,0.0,0.0
2006-05-26,2006-07-27,OPTSTK,ICICIBANK,700.0,CA,0.0,0.0,0.0,40.45,13.1,0.0,0.0,0.0
2006-05-26,2006-07-27,OPTSTK,ICICIBANK,720.0,CA,0.0,0.0,0.0,37.05,10.45,0.0,0.0,0.0
2006-05-26,2006-07-27,OPTSTK,ICICIBANK,500.0,PA,0.0,0.0,0.0,10.8,19.75,0.0,0.0,0.0
2006-05-26,2006-07-27,OPTSTK,ICICIBANK,520.0,PA,0.0,0.0,0.0,16.1,26.55,0.0,0.0,0.0
2006-05-26,2006-07-27,OPTSTK,ICICIBANK,540.0,PA,0.0,0.0,0.0,22.9,34.7,0.0,0.0,0.0
2006-05-26,2006-07-27,OPTSTK,ICICIBANK,560.0,PA,0.0,0.0,0.0,31.35,44.15,0.0,0.0,0.0
2006-05-26,2006-07-27,OPTSTK,ICICIBANK,580.0,PA,0.0,0.0,0.0,41.4,54.9,0.0,0.0,0.0
2006-05-26,2006-07-27,OPTSTK,ICICIBANK,600.0,PA,0.0,0.0,0.0,52.95,66.8,0.0,0.0,0.0
2006-05-26,2006-07-27,OPTSTK,ICICIBANK,620.0,PA,0.0,0.0,0.0,65.95,79.9,0.0,0.0,0.0
2006-05-26,2006-07-27,OPTSTK,ICICIBANK,640.0,PA,0.0,0.0,0.0,72.95,94.0,0.0,0.0,0.0
2006-05-26,2006-07-27,OPTSTK,ICICIBANK,660.0,PA,0.0,0.0,0.0,78.25,109.05,0.0,0.0,0.0
2006-05-26,2006-07-27,OPTSTK,ICICIBANK,680.0,PA,0.0,0.0,0.0,79.15,124.8,0.0,0.0,0.0
2006-05-26,2006-07-27,OPTSTK,ICICIBANK,700.0,PA,0.0,0.0,0.0,80.2,141.35,0.0,0.0,0.0
2006-05-26,2006-07-27,OPTSTK,ICICIBANK,720.0,PA,0.0,0.0,0.0,85.8,158.45,0.0,0.0,0.0
2006-05-26,2006-08-31,OPTSTK,ICICIBANK,500.0,CA,0.0,0.0,0.0,99.55,101.25,0.0,0.0,0.0
2006-05-26,2006-08-31,OPTSTK,ICICIBANK,520.0,CA,0.0,0.0,0.0,87.85,89.2,0.0,0.0,0.0
2006-05-26,2006-08-31,OPTSTK,ICICIBANK,540.0,CA,0.0,0.0,0.0,77.2,78.15,0.0,0.0,0.0
2006-05-26,2006-08-31,OPTSTK,ICICIBANK,560.0,CA,0.0,0.0,0.0,67.55,68.2,0.0,0.0,0.0
2006-05-26,2006-08-31,OPTSTK,ICICIBANK,580.0,CA,0.0,0.0,0.0,58.85,59.25,0.0,0.0,0.0
2006-05-26,2006-08-31,OPTSTK,ICICIBANK,600.0,CA,0.0,0.0,0.0,51.1,51.3,0.0,0.0,0.0
2006-05-26,2006-08-31,OPTSTK,ICICIBANK,620.0,CA,0.0,0.0,0.0,44.25,44.2,0.0,0.0,0.0
2006-05-26,2006-08-31,OPTSTK,ICICIBANK,500.0,PA,0.0,0.0,0.0,31.5,28.55,0.0,0.0,0.0
2006-05-26,2006-08-31,OPTSTK,ICICIBANK,520.0,PA,0.0,0.0,0.0,39.45,36.15,0.0,0.0,0.0
2006-05-26,2006-08-31,OPTSTK,ICICIBANK,540.0,PA,0.0,0.0,0.0,48.4,44.8,0.0,0.0,0.0
2006-05-26,2006-08-31,OPTSTK,ICICIBANK,560.0,PA,0.0,0.0,0.0,58.4,54.45,0.0,0.0,0.0
2006-05-26,2006-08-31,OPTSTK,ICICIBANK,580.0,PA,0.0,0.0,0.0,69.35,65.15,0.0,0.0,0.0
2006-05-26,2006-08-31,OPTSTK,ICICIBANK,600.0,PA,0.0,0.0,0.0,81.25,76.85,0.0,0.0,0.0
2006-05-26,2006-08-31,OPTSTK,ICICIBANK,620.0,PA,0.0,0.0,0.0,94.0,89.4,0.0,0.0,0.0
2006-05-26,2006-06-29,OPTSTK,IDBI,55.0,CA,0.0,0.0,0.0,16.1,21.55,0.0,0.0,0.0
2006-05-26,2006-06-29,OPTSTK,IDBI,60.0,CA,0.0,0.0,0.0,17.85,17.2,0.0,0.0,0.0
2006-05-26,2006-06-29,OPTSTK,IDBI,65.0,CA,0.0,0.0,0.0,13.5,13.35,0.0,0.0,0.0
2006-05-26,2006-06-29,OPTSTK,IDBI,70.0,CA,11.95,11.95,9.6,9.6,9.6,3.0,5.79,33600.0
2006-05-26,2006-06-29,OPTSTK,IDBI,75.0,CA,6.95,7.0,6.05,6.1,6.1,18.0,35.28,38400.0
2006-05-26,2006-06-29,OPTSTK,IDBI,80.0,CA,4.25,4.6,3.75,4.05,4.05,46.0,92.86,206400.0
2006-05-26,2006-06-29,OPTSTK,IDBI,85.0,CA,2.6,2.7,2.25,2.45,2.45,37.0,77.73,136800.0
2006-05-26,2006-06-29,OPTSTK,IDBI,90.0,CA,2.0,2.0,1.6,1.7,1.7,25.0,55.02,156000.0
2006-05-26,2006-06-29,OPTSTK,IDBI,95.0,CA,1.0,1.0,0.7,1.0,1.0,4.0,9.2,9600.0
2006-05-26,2006-06-29,OPTSTK,IDBI,100.0,CA,0.6,0.9,0.6,0.9,0.9,2.0,4.83,4800.0
2006-05-26,2006-06-29,OPTSTK,IDBI,105.0,CA,0.0,0.0,0.0,2.4,0.7,0.0,0.0,0.0
2006-05-26,2006-06-29,OPTSTK,IDBI,110.0,CA,0.0,0.0,0.0,2.25,0.45,0.0,0.0,0.0
2006-05-26,2006-06-29,OPTSTK,IDBI,55.0,PA,0.0,0.0,0.0,0.95,0.5,0.0,0.0,0.0
2006-05-26,2006-06-29,OPTSTK,IDBI,60.0,PA,0.0,0.0,0.0,0.3,1.1,0.0,0.0,0.0
2006-05-26,2006-06-29,OPTSTK,IDBI,65.0,PA,0.0,0.0,0.0,0.85,2.2,0.0,0.0,0.0
2006-05-26,2006-06-29,OPTSTK,IDBI,70.0,PA,3.0,3.0,3.0,3.0,3.0,1.0,1.75,4800.0
2006-05-26,2006-06-29,OPTSTK,IDBI,75.0,PA,5.05,6.85,5.05,5.35,5.35,5.0,9.65,12000.0
2006-05-26,2006-06-29,OPTSTK,IDBI,80.0,PA,8.0,8.0,8.0,8.0,8.0,1.0,2.11,4800.0
2006-05-26,2006-06-29,OPTSTK,IDBI,85.0,PA,0.0,0.0,0.0,9.55,12.35,0.0,0.0,0.0
2006-05-26,2006-06-29,OPTSTK,IDBI,90.0,PA,0.0,0.0,0.0,13.35,16.2,0.0,0.0,0.0
2006-05-26,2006-06-29,OPTSTK,IDBI,95.0,PA,0.0,0.0,0.0,16.0,20.35,0.0,0.0,0.0
2006-05-26,2006-06-29,OPTSTK,IDBI,100.0,PA,0.0,0.0,0.0,16.6,24.75,0.0,0.0,0.0
2006-05-26,2006-06-29,OPTSTK,IDBI,105.0,PA,0.0,0.0,0.0,16.2,29.35,0.0,0.0,0.0
2006-05-26,2006-06-29,OPTSTK,IDBI,110.0,PA,0.0,0.0,0.0,16.6,34.05,0.0,0.0,0.0
2006-05-26,2006-07-27,OPTSTK,IDBI,55.0,CA,0.0,0.0,0.0,17.4,22.7,0.0,0.0,0.0
2006-05-26,2006-07-27,OPTSTK,IDBI,60.0,CA,0.0,0.0,0.0,19.0,18.8,0.0,0.0,0.0
2006-05-26,2006-07-27,OPTSTK,IDBI,65.0,CA,0.0,0.0,0.0,18.6,15.35,0.0,0.0,0.0
2006-05-26,2006-07-27,OPTSTK,IDBI,70.0,CA,0.0,0.0,0.0,17.8,12.35,0.0,0.0,0.0
2006-05-26,2006-07-27,OPTSTK,IDBI,75.0,CA,0.0,0.0,0.0,14.1,9.8,0.0,0.0,0.0
2006-05-26,2006-07-27,OPTSTK,IDBI,80.0,CA,0.0,0.0,0.0,10.85,7.7,0.0,0.0,0.0
2006-05-26,2006-07-27,OPTSTK,IDBI,85.0,CA,0.0,0.0,0.0,8.2,6.0,0.0,0.0,0.0
2006-05-26,2006-07-27,OPTSTK,IDBI,90.0,CA,0.0,0.0,0.0,6.05,4.65,0.0,0.0,0.0
2006-05-26,2006-07-27,OPTSTK,IDBI,95.0,CA,0.0,0.0,0.0,4.4,3.55,0.0,0.0,0.0
2006-05-26,2006-07-27,OPTSTK,IDBI,100.0,CA,0.0,0.0,0.0,3.15,2.7,0.0,0.0,0.0
2006-05-26,2006-07-27,OPTSTK,IDBI,105.0,CA,0.0,0.0,0.0,3.35,2.05,0.0,0.0,0.0
2006-05-26,2006-07-27,OPTSTK,IDBI,110.0,CA,0.0,0.0,0.0,3.65,1.55,0.0,0.0,0.0
2006-05-26,2006-07-27,OPTSTK,IDBI,55.0,PA,0.0,0.0,0.0,1.95,1.35,0.0,0.0,0.0
2006-05-26,2006-07-27,OPTSTK,IDBI,60.0,PA,0.0,0.0,0.0,2.25,2.4,0.0,0.0,0.0
2006-05-26,2006-07-27,OPTSTK,IDBI,65.0,PA,0.0,0.0,0.0,2.6,3.9,0.0,0.0,0.0
2006-05-26,2006-07-27,OPTSTK,IDBI,70.0,PA,0.0,0.0,0.0,1.55,5.85,0.0,0.0,0.0
2006-05-26,2006-07-27,OPTSTK,IDBI,75.0,PA,0.0,0.0,0.0,2.75,8.25,0.0,0.0,0.0
2006-05-26,2006-07-27,OPTSTK,IDBI,80.0,PA,0.0,0.0,0.0,4.45,11.1,0.0,0.0,0.0
2006-05-26,2006-07-27,OPTSTK,IDBI,85.0,PA,0.0,0.0,0.0,6.7,14.35,0.0,0.0,0.0
2006-05-26,2006-07-27,OPTSTK,IDBI,90.0,PA,0.0,0.0,0.0,9.45,17.9,0.0,0.0,0.0
2006-05-26,2006-07-27,OPTSTK,IDBI,95.0,PA,0.0,0.0,0.0,12.7,21.8,0.0,0.0,0.0
2006-05-26,2006-07-27,OPTSTK,IDBI,100.0,PA,0.0,0.0,0.0,16.35,25.85,0.0,0.0,0.0
2006-05-26,2006-07-27,OPTSTK,IDBI,105.0,PA,0.0,0.0,0.0,17.65,30.15,0.0,0.0,0.0
2006-05-26,2006-07-27,OPTSTK,IDBI,110.0,PA,0.0,0.0,0.0,17.45,34.6,0.0,0.0,0.0
2006-05-26,2006-08-31,OPTSTK,IDBI,60.0,CA,0.0,0.0,0.0,18.4,20.6,0.0,0.0,0.0
2006-05-26,2006-08-31,OPTSTK,IDBI,65.0,CA,0.0,0.0,0.0,15.45,17.45,0.0,0.0,0.0
2006-05-26,2006-08-31,OPTSTK,IDBI,70.0,CA,0.0,0.0,0.0,12.9,14.65,0.0,0.0,0.0
2006-05-26,2006-08-31,OPTSTK,IDBI,75.0,CA,0.0,0.0,0.0,10.65,12.25,0.0,0.0,0.0
2006-05-26,2006-08-31,OPTSTK,IDBI,80.0,CA,0.0,0.0,0.0,8.8,10.2,0.0,0.0,0.0
2006-05-26,2006-08-31,OPTSTK,IDBI,85.0,CA,0.0,0.0,0.0,7.25,8.45,0.0,0.0,0.0
2006-05-26,2006-08-31,OPTSTK,IDBI,90.0,CA,0.0,0.0,0.0,5.95,7.0,0.0,0.0,0.0
2006-05-26,2006-08-31,OPTSTK,IDBI,60.0,PA,0.0,0.0,0.0,4.45,3.85,0.0,0.0,0.0
2006-05-26,2006-08-31,OPTSTK,IDBI,65.0,PA,0.0,0.0,0.0,6.4,5.6,0.0,0.0,0.0
2006-05-26,2006-08-31,OPTSTK,IDBI,70.0,PA,0.0,0.0,0.0,8.75,7.7,0.0,0.0,0.0
2006-05-26,2006-08-31,OPTSTK,IDBI,75.0,PA,0.0,0.0,0.0,11.45,10.25,0.0,0.0,0.0
2006-05-26,2006-08-31,OPTSTK,IDBI,80.0,PA,0.0,0.0,0.0,14.5,13.1,0.0,0.0,0.0
2006-05-26,2006-08-31,OPTSTK,IDBI,85.0,PA,0.0,0.0,0.0,17.85,16.25,0.0,0.0,0.0
2006-05-26,2006-08-31,OPTSTK,IDBI,90.0,PA,0.0,0.0,0.0,21.45,19.7,0.0,0.0,0.0
2006-05-26,2006-06-29,OPTSTK,IDFC,40.0,CA,0.0,0.0,0.0,17.45,19.85,0.0,0.0,0.0
2006-05-26,2006-06-29,OPTSTK,IDFC,45.0,CA,0.0,0.0,0.0,16.75,15.1,0.0,0.0,0.0
2006-05-26,2006-06-29,OPTSTK,IDFC,50.0,CA,0.0,0.0,0.0,18.05,10.8,0.0,0.0,0.0
2006-05-26,2006-06-29,OPTSTK,IDFC,55.0,CA,5.8,5.8,5.8,5.8,5.8,1.0,3.58,5900.0
2006-05-26,2006-06-29,OPTSTK,IDFC,60.0,CA,4.0,4.4,2.9,3.2,3.2,66.0,247.26,436600.0
2006-05-26,2006-06-29,OPTSTK,IDFC,65.0,CA,2.0,2.0,1.4,1.45,1.45,47.0,184.89,348100.0
2006-05-26,2006-06-29,OPTSTK,IDFC,70.0,CA,0.95,1.0,0.65,0.7,0.7,31.0,129.57,418900.0
2006-05-26,2006-06-29,OPTSTK,IDFC,75.0,CA,0.5,0.5,0.4,0.4,0.4,3.0,13.35,70800.0
2006-05-26,2006-06-29,OPTSTK,IDFC,80.0,CA,0.5,0.5,0.4,0.4,0.4,2.0,9.49,11800.0
2006-05-26,2006-06-29,OPTSTK,IDFC,85.0,CA,0.0,0.0,0.0,0.3,0.2,0.0,0.0,0.0
2006-05-26,2006-06-29,OPTSTK,IDFC,90.0,CA,0.0,0.0,0.0,1.05,0.1,0.0,0.0,0.0
2006-05-26,2006-06-29,OPTSTK,IDFC,40.0,PA,0.0,0.0,0.0,0.1,0.05,0.0,0.0,0.0
2006-05-26,2006-06-29,OPTSTK,IDFC,45.0,PA,0.0,0.0,0.0,0.2,0.3,0.0,0.0,0.0
2006-05-26,2006-06-29,OPTSTK,IDFC,50.0,PA,0.0,0.0,0.0,0.05,0.95,0.0,0.0,0.0
2006-05-26,2006-06-29,OPTSTK,IDFC,55.0,PA,1.55,1.55,1.25,1.25,1.25,2.0,6.65,11800.0
2006-05-26,2006-06-29,OPTSTK,IDFC,60.0,PA,3.0,3.05,3.0,3.05,3.05,2.0,7.43,17700.0
2006-05-26,2006-06-29,OPTSTK,IDFC,65.0,PA,0.0,0.0,0.0,2.5,7.6,0.0,0.0,11800.0
2006-05-26,2006-06-29,OPTSTK,IDFC,70.0,PA,0.0,0.0,0.0,5.0,11.4,0.0,0.0,5900.0
2006-05-26,2006-06-29,OPTSTK,IDFC,75.0,PA,0.0,0.0,0.0,8.15,15.7,0.0,0.0,0.0
2006-05-26,2006-06-29,OPTSTK,IDFC,80.0,PA,0.0,0.0,0.0,12.2,20.3,0.0,0.0,0.0
2006-05-26,2006-06-29,OPTSTK,IDFC,85.0,PA,0.0,0.0,0.0,15.65,25.1,0.0,0.0,0.0
2006-05-26,2006-06-29,OPTSTK,IDFC,90.0,PA,0.0,0.0,0.0,15.95,30.0,0.0,0.0,0.0
2006-05-26,2006-07-27,OPTSTK,IDFC,40.0,CA,0.0,0.0,0.0,17.95,20.3,0.0,0.0,0.0
2006-05-26,2006-07-27,OPTSTK,IDFC,45.0,CA,0.0,0.0,0.0,17.3,15.9,0.0,0.0,0.0
2006-05-26,2006-07-27,OPTSTK,IDFC,50.0,CA,0.0,0.0,0.0,18.1,12.0,0.0,0.0,0.0
2006-05-26,2006-07-27,OPTSTK,IDFC,55.0,CA,0.0,0.0,0.0,17.95,8.75,0.0,0.0,0.0
2006-05-26,2006-07-27,OPTSTK,IDFC,60.0,CA,0.0,0.0,0.0,13.65,6.15,0.0,0.0,0.0
2006-05-26,2006-07-27,OPTSTK,IDFC,65.0,CA,0.0,0.0,0.0,9.9,4.2,0.0,0.0,0.0
2006-05-26,2006-07-27,OPTSTK,IDFC,70.0,CA,0.0,0.0,0.0,6.85,2.8,0.0,0.0,0.0
2006-05-26,2006-07-27,OPTSTK,IDFC,75.0,CA,0.0,0.0,0.0,4.55,1.85,0.0,0.0,0.0
2006-05-26,2006-07-27,OPTSTK,IDFC,80.0,CA,0.0,0.0,0.0,2.85,1.15,0.0,0.0,0.0
2006-05-26,2006-07-27,OPTSTK,IDFC,85.0,CA,0.0,0.0,0.0,1.75,0.75,0.0,0.0,0.0
2006-05-26,2006-07-27,OPTSTK,IDFC,90.0,CA,0.0,0.0,0.0,1.15,0.45,0.0,0.0,0.0
2006-05-26,2006-07-27,OPTSTK,IDFC,40.0,PA,0.0,0.0,0.0,0.4,0.3,0.0,0.0,0.0
2006-05-26,2006-07-27,OPTSTK,IDFC,45.0,PA,0.0,0.0,0.0,0.5,0.85,0.0,0.0,0.0
2006-05-26,2006-07-27,OPTSTK,IDFC,50.0,PA,0.0,0.0,0.0,0.1,1.85,0.0,0.0,0.0
2006-05-26,2006-07-27,OPTSTK,IDFC,55.0,PA,0.0,0.0,0.0,0.4,3.55,0.0,0.0,0.0
2006-05-26,2006-07-27,OPTSTK,IDFC,60.0,PA,0.0,0.0,0.0,1.0,5.9,0.0,0.0,0.0
2006-05-26,2006-07-27,OPTSTK,IDFC,65.0,PA,0.0,0.0,0.0,2.2,8.9,0.0,0.0,0.0
2006-05-26,2006-07-27,OPTSTK,IDFC,70.0,PA,0.0,0.0,0.0,4.05,12.45,0.0,0.0,0.0
2006-05-26,2006-07-27,OPTSTK,IDFC,75.0,PA,0.0,0.0,0.0,6.65,16.4,0.0,0.0,0.0
2006-05-26,2006-07-27,OPTSTK,IDFC,80.0,PA,0.0,0.0,0.0,9.9,20.7,0.0,0.0,0.0
2006-05-26,2006-07-27,OPTSTK,IDFC,85.0,PA,0.0,0.0,0.0,13.7,25.2,0.0,0.0,0.0
2006-05-26,2006-07-27,OPTSTK,IDFC,90.0,PA,0.0,0.0,0.0,16.45,29.9,0.0,0.0,0.0
2006-05-26,2006-08-31,OPTSTK,IDFC,40.0,CA,0.0,0.0,0.0,18.65,20.95,0.0,0.0,0.0
2006-05-26,2006-08-31,OPTSTK,IDFC,45.0,CA,0.0,0.0,0.0,14.75,16.9,0.0,0.0,0.0
2006-05-26,2006-08-31,OPTSTK,IDFC,50.0,CA,0.0,0.0,0.0,11.35,13.3,0.0,0.0,0.0
2006-05-26,2006-08-31,OPTSTK,IDFC,55.0,CA,0.0,0.0,0.0,8.55,10.3,0.0,0.0,0.0
2006-05-26,2006-08-31,OPTSTK,IDFC,60.0,CA,0.0,0.0,0.0,6.35,7.8,0.0,0.0,0.0
2006-05-26,2006-08-31,OPTSTK,IDFC,65.0,CA,0.0,0.0,0.0,4.6,5.85,0.0,0.0,0.0
2006-05-26,2006-08-31,OPTSTK,IDFC,70.0,CA,0.0,0.0,0.0,3.35,4.3,0.0,0.0,0.0
2006-05-26,2006-08-31,OPTSTK,IDFC,75.0,CA,0.0,0.0,0.0,0.0,0.0,0.0,0.0,0.0
2006-05-26,2006-08-31,OPTSTK,IDFC,40.0,PA,0.0,0.0,0.0,0.85,0.7,0.0,0.0,0.0
2006-05-26,2006-08-31,OPTSTK,IDFC,45.0,PA,0.0,0.0,0.0,1.8,1.55,0.0,0.0,0.0
2006-05-26,2006-08-31,OPTSTK,IDFC,50.0,PA,0.0,0.0,0.0,3.35,2.85,0.0,0.0,0.0
2006-05-26,2006-08-31,OPTSTK,IDFC,55.0,PA,0.0,0.0,0.0,5.45,4.75,0.0,0.0,0.0
2006-05-26,2006-08-31,OPTSTK,IDFC,60.0,PA,0.0,0.0,0.0,8.15,7.2,0.0,0.0,0.0
2006-05-26,2006-08-31,OPTSTK,IDFC,65.0,PA,0.0,0.0,0.0,11.35,10.15,0.0,0.0,0.0
2006-05-26,2006-08-31,OPTSTK,IDFC,70.0,PA,0.0,0.0,0.0,14.95,13.5,0.0,0.0,0.0
2006-05-26,2006-08-31,OPTSTK,IDFC,75.0,PA,0.0,0.0,0.0,0.0,0.0,0.0,0.0,0.0
2006-05-26,2006-06-29,OPTSTK,IFCI,2.5,CA,0.0,0.0,0.0,6.75,9.5,0.0,0.0,0.0
2006-05-26,2006-06-29,OPTSTK,IFCI,5.0,CA,0.0,0.0,0.0,4.35,7.0,0.0,0.0,0.0
2006-05-26,2006-06-29,OPTSTK,IFCI,7.5,CA,0.0,0.0,0.0,2.15,4.65,0.0,0.0,0.0
2006-05-26,2006-06-29,OPTSTK,IFCI,10.0,CA,2.3,2.6,2.3,2.4,2.4,42.0,82.24,1275750.0
2006-05-26,2006-06-29,OPTSTK,IFCI,12.5,CA,1.0,1.3,1.0,1.1,1.1,146.0,314.5,2913750.0
2006-05-26,2006-06-29,OPTSTK,IFCI,15.0,CA,0.45,0.5,0.4,0.4,0.4,92.0,223.83,2299500.0
2006-05-26,2006-06-29,OPTSTK,IFCI,17.5,CA,0.2,0.2,0.15,0.2,0.2,8.0,22.29,157500.0
2006-05-26,2006-06-29,OPTSTK,IFCI,20.0,CA,0.1,0.1,0.1,0.1,0.1,3.0,9.49,189000.0
2006-05-26,2006-06-29,OPTSTK,IFCI,22.5,CA,0.1,7.0,0.1,7.0,7.0,5.0,19.04,78750.0
2006-05-26,2006-06-29,OPTSTK,IFCI,2.5,PA,0.0,0.0,0.0,9.1,0.0,0.0,0.0,0.0
2006-05-26,2006-06-29,OPTSTK,IFCI,5.0,PA,0.0,0.0,0.0,0.05,0.05,0.0,0.0,0.0
2006-05-26,2006-06-29,OPTSTK,IFCI,7.5,PA,0.0,0.0,0.0,0.3,0.15,0.0,0.0,0.0
2006-05-26,2006-06-29,OPTSTK,IFCI,10.0,PA,0.4,0.4,0.3,0.3,0.3,19.0,30.94,960750.0
2006-05-26,2006-06-29,OPTSTK,IFCI,12.5,PA,1.65,1.65,1.45,1.55,1.55,9.0,19.9,173250.0
2006-05-26,2006-06-29,OPTSTK,IFCI,15.0,PA,0.0,0.0,0.0,2.2,3.75,0.0,0.0,15750.0
2006-05-26,2006-06-29,OPTSTK,IFCI,17.5,PA,0.0,0.0,0.0,7.95,5.85,0.0,0.0,0.0
2006-05-26,2006-06-29,OPTSTK,IFCI,20.0,PA,0.0,0.0,0.0,8.65,8.15,0.0,0.0,0.0
2006-05-26,2006-06-29,OPTSTK,IFCI,22.5,PA,0.0,0.0,0.0,8.45,10.55,0.0,0.0,0.0
2006-05-26,2006-07-27,OPTSTK,IFCI,2.5,CA,0.0,0.0,0.0,8.25,9.5,0.0,0.0,0.0
2006-05-26,2006-07-27,OPTSTK,IFCI,5.0,CA,0.0,0.0,0.0,7.05,7.1,0.0,0.0,0.0
2006-05-26,2006-07-27,OPTSTK,IFCI,7.5,CA,0.0,0.0,0.0,4.85,4.95,0.0,0.0,0.0
2006-05-26,2006-07-27,OPTSTK,IFCI,10.0,CA,0.0,0.0,0.0,3.15,3.3,0.0,0.0,0.0
2006-05-26,2006-07-27,OPTSTK,IFCI,12.5,CA,1.45,1.45,1.45,1.45,1.45,2.0,4.39,31500.0
2006-05-26,2006-07-27,OPTSTK,IFCI,15.0,CA,0.0,0.0,0.0,1.2,1.4,0.0,0.0,0.0
2006-05-26,2006-07-27,OPTSTK,IFCI,17.5,CA,0.0,0.0,0.0,0.75,0.9,0.0,0.0,0.0
2006-05-26,2006-07-27,OPTSTK,IFCI,20.0,CA,0.0,0.0,0.0,0.45,0.6,0.0,0.0,0.0
2006-05-26,2006-07-27,OPTSTK,IFCI,22.5,CA,0.0,0.0,0.0,0.5,0.4,0.0,0.0,0.0
2006-05-26,2006-07-27,OPTSTK,IFCI,2.5,PA,0.0,0.0,0.0,11.9,0.0,0.0,0.0,0.0
2006-05-26,2006-07-27,OPTSTK,IFCI,5.0,PA,0.0,0.0,0.0,0.05,0.05,0.0,0.0,0.0
2006-05-26,2006-07-27,OPTSTK,IFCI,7.5,PA,0.0,0.0,0.0,0.3,0.4,0.0,0.0,0.0
2006-05-26,2006-07-27,OPTSTK,IFCI,10.0,PA,0.0,0.0,0.0,1.05,1.25,0.0,0.0,0.0
2006-05-26,2006-07-27,OPTSTK,IFCI,12.5,PA,0.0,0.0,0.0,2.35,2.6,0.0,0.0,0.0
2006-05-26,2006-07-27,OPTSTK,IFCI,15.0,PA,0.0,0.0,0.0,4.05,4.3,0.0,0.0,0.0
2006-05-26,2006-07-27,OPTSTK,IFCI,17.5,PA,0.0,0.0,0.0,6.05,6.25,0.0,0.0,0.0
2006-05-26,2006-07-27,OPTSTK,IFCI,20.0,PA,0.0,0.0,0.0,8.2,8.4,0.0,0.0,0.0
2006-05-26,2006-07-27,OPTSTK,IFCI,22.5,PA,0.0,0.0,0.0,8.6,10.7,0.0,0.0,0.0
2006-05-26,2006-08-31,OPTSTK,IFCI,5.0,CA,0.0,0.0,0.0,6.7,7.2,0.0,0.0,0.0
2006-05-26,2006-08-31,OPTSTK,IFCI,7.5,CA,0.0,0.0,0.0,4.85,5.3,0.0,0.0,0.0
2006-05-26,2006-08-31,OPTSTK,IFCI,10.0,CA,0.0,0.0,0.0,3.5,3.85,0.0,0.0,0.0
2006-05-26,2006-08-31,OPTSTK,IFCI,12.5,CA,0.0,0.0,0.0,2.5,2.75,0.0,0.0,0.0
2006-05-26,2006-08-31,OPTSTK,IFCI,15.0,CA,0.0,0.0,0.0,1.8,2.0,0.0,0.0,0.0
2006-05-26,2006-08-31,OPTSTK,IFCI,17.5,CA,0.0,0.0,0.0,1.3,1.5,0.0,0.0,0.0
2006-05-26,2006-08-31,OPTSTK,IFCI,20.0,CA,0.0,0.0,0.0,1.0,1.1,0.0,0.0,0.0
2006-05-26,2006-08-31,OPTSTK,IFCI,5.0,PA,0.0,0.0,0.0,0.2,0.15,0.0,0.0,0.0
2006-05-26,2006-08-31,OPTSTK,IFCI,7.5,PA,0.0,0.0,0.0,0.8,0.7,0.0,0.0,0.0
2006-05-26,2006-08-31,OPTSTK,IFCI,10.0,PA,0.0,0.0,0.0,1.9,1.7,0.0,0.0,0.0
2006-05-26,2006-08-31,OPTSTK,IFCI,12.5,PA,0.0,0.0,0.0,3.35,3.1,0.0,0.0,0.0
2006-05-26,2006-08-31,OPTSTK,IFCI,15.0,PA,0.0,0.0,0.0,5.15,4.8,0.0,0.0,0.0
2006-05-26,2006-08-31,OPTSTK,IFCI,17.5,PA,0.0,0.0,0.0,7.1,6.7,0.0,0.0,0.0
2006-05-26,2006-08-31,OPTSTK,IFCI,20.0,PA,0.0,0.0,0.0,9.2,8.8,0.0,0.0,0.0
2006-05-26,2006-06-29,OPTSTK,INDHOTEL,930.0,CA,0.0,0.0,0.0,177.45,263.65,0.0,0.0,0.0
2006-05-26,2006-06-29,OPTSTK,INDHOTEL,960.0,CA,0.0,0.0,0.0,160.4,243.35,0.0,0.0,0.0
2006-05-26,2006-06-29,OPTSTK,INDHOTEL,990.0,CA,0.0,0.0,0.0,144.6,224.1,0.0,0.0,0.0
2006-05-26,2006-06-29,OPTSTK,INDHOTEL,1020.0,CA,0.0,0.0,0.0,130.0,206.0,0.0,0.0,0.0
2006-05-26,2006-06-29,OPTSTK,INDHOTEL,1050.0,CA,0.0,0.0,0.0,116.65,189.0,0.0,0.0,0.0
2006-05-26,2006-06-29,OPTSTK,INDHOTEL,1080.0,CA,0.0,0.0,0.0,181.5,173.05,0.0,0.0,0.0
2006-05-26,2006-06-29,OPTSTK,INDHOTEL,1110.0,CA,0.0,0.0,0.0,166.0,158.2,0.0,0.0,0.0
2006-05-26,2006-06-29,OPTSTK,INDHOTEL,1140.0,CA,100.0,100.0,100.0,100.0,100.0,1.0,4.34,350.0
2006-05-26,2006-06-29,OPTSTK,INDHOTEL,1170.0,CA,0.0,0.0,0.0,138.1,131.55,0.0,0.0,0.0
2006-05-26,2006-06-29,OPTSTK,INDHOTEL,1200.0,CA,0.0,0.0,0.0,125.65,119.7,0.0,0.0,0.0
2006-05-26,2006-06-29,OPTSTK,INDHOTEL,1230.0,CA,0.0,0.0,0.0,146.8,108.7,0.0,0.0,0.0
2006-05-26,2006-06-29,OPTSTK,INDHOTEL,1260.0,CA,0.0,0.0,0.0,140.35,98.65,0.0,0.0,0.0
2006-05-26,2006-06-29,OPTSTK,INDHOTEL,1290.0,CA,0.0,0.0,0.0,120.9,89.35,0.0,0.0,0.0
2006-05-26,2006-06-29,OPTSTK,INDHOTEL,1320.0,CA,0.0,0.0,0.0,103.2,80.85,0.0,0.0,0.0
2006-05-26,2006-06-29,OPTSTK,INDHOTEL,1350.0,CA,0.0,0.0,0.0,87.25,73.15,0.0,0.0,0.0
2006-05-26,2006-06-29,OPTSTK,INDHOTEL,1380.0,CA,0.0,0.0,0.0,73.15,66.05,0.0,0.0,0.0
2006-05-26,2006-06-29,OPTSTK,INDHOTEL,1410.0,CA,14.9,14.9,14.9,14.9,14.9,1.0,4.98,350.0
2006-05-26,2006-06-29,OPTSTK,INDHOTEL,1440.0,CA,0.0,0.0,0.0,50.0,53.75,0.0,0.0,0.0
2006-05-26,2006-06-29,OPTSTK,INDHOTEL,1470.0,CA,0.0,0.0,0.0,64.7,48.4,0.0,0.0,0.0
2006-05-26,2006-06-29,OPTSTK,INDHOTEL,1500.0,CA,0.0,0.0,0.0,54.0,43.55,0.0,0.0,0.0
2006-05-26,2006-06-29,OPTSTK,INDHOTEL,1530.0,CA,0.0,0.0,0.0,58.45,39.15,0.0,0.0,0.0
2006-05-26,2006-06-29,OPTSTK,INDHOTEL,1560.0,CA,0.0,0.0,0.0,83.4,35.15,0.0,0.0,0.0
2006-05-26,2006-06-29,OPTSTK,INDHOTEL,1590.0,CA,0.0,0.0,0.0,93.5,31.55,0.0,0.0,0.0
2006-05-26,2006-06-29,OPTSTK,INDHOTEL,1620.0,CA,0.0,0.0,0.0,73.5,28.35,0.0,0.0,0.0
2006-05-26,2006-06-29,OPTSTK,INDHOTEL,930.0,PA,0.0,0.0,0.0,67.25,47.2,0.0,0.0,0.0
2006-05-26,2006-06-29,OPTSTK,INDHOTEL,960.0,PA,0.0,0.0,0.0,80.0,56.7,0.0,0.0,0.0
2006-05-26,2006-06-29,OPTSTK,INDHOTEL,990.0,PA,0.0,0.0,0.0,93.95,67.25,0.0,0.0,0.0
2006-05-26,2006-06-29,OPTSTK,INDHOTEL,1020.0,PA,0.0,0.0,0.0,109.15,79.0,0.0,0.0,0.0
2006-05-26,2006-06-29,OPTSTK,INDHOTEL,1050.0,PA,0.0,0.0,0.0,125.55,91.8,0.0,0.0,0.0
2006-05-26,2006-06-29,OPTSTK,INDHOTEL,1080.0,PA,0.0,0.0,0.0,96.6,105.65,0.0,0.0,0.0
2006-05-26,2006-06-29,OPTSTK,INDHOTEL,1110.0,PA,0.0,0.0,0.0,110.9,120.6,0.0,0.0,0.0
2006-05-26,2006-06-29,OPTSTK,INDHOTEL,1140.0,PA,0.0,0.0,0.0,126.2,136.6,0.0,0.0,0.0
2006-05-26,2006-06-29,OPTSTK,INDHOTEL,1170.0,PA,0.0,0.0,0.0,142.5,153.6,0.0,0.0,0.0
2006-05-26,2006-06-29,OPTSTK,INDHOTEL,1200.0,PA,0.0,0.0,0.0,159.85,171.5,0.0,0.0,0.0
2006-05-26,2006-06-29,OPTSTK,INDHOTEL,1230.0,PA,0.0,0.0,0.0,29.05,190.4,0.0,0.0,0.0
2006-05-26,2006-06-29,OPTSTK,INDHOTEL,1260.0,PA,0.0,0.0,0.0,32.75,210.1,0.0,0.0,0.0
2006-05-26,2006-06-29,OPTSTK,INDHOTEL,1290.0,PA,0.0,0.0,0.0,42.65,230.65,0.0,0.0,0.0
2006-05-26,2006-06-29,OPTSTK,INDHOTEL,1320.0,PA,0.0,0.0,0.0,54.3,251.95,0.0,0.0,0.0
2006-05-26,2006-06-29,OPTSTK,INDHOTEL,1350.0,PA,0.0,0.0,0.0,67.75,274.05,0.0,0.0,0.0
2006-05-26,2006-06-29,OPTSTK,INDHOTEL,1380.0,PA,0.0,0.0,0.0,82.95,296.8,0.0,0.0,0.0
2006-05-26,2006-06-29,OPTSTK,INDHOTEL,1410.0,PA,0.0,0.0,0.0,99.95,320.15,0.0,0.0,0.0
2006-05-26,2006-06-29,OPTSTK,INDHOTEL,1440.0,PA,0.0,0.0,0.0,118.55,344.1,0.0,0.0,0.0
2006-05-26,2006-06-29,OPTSTK,INDHOTEL,1470.0,PA,0.0,0.0,0.0,109.0,368.55,0.0,0.0,0.0
2006-05-26,2006-06-29,OPTSTK,INDHOTEL,1500.0,PA,0.0,0.0,0.0,127.7,393.5,0.0,0.0,0.0
2006-05-26,2006-06-29,OPTSTK,INDHOTEL,1530.0,PA,0.0,0.0,0.0,123.6,418.9,0.0,0.0,0.0
2006-05-26,2006-06-29,OPTSTK,INDHOTEL,1560.0,PA,0.0,0.0,0.0,155.85,444.75,0.0,0.0,0.0
2006-05-26,2006-06-29,OPTSTK,INDHOTEL,1590.0,PA,0.0,0.0,0.0,154.35,470.95,0.0,0.0,0.0
2006-05-26,2006-06-29,OPTSTK,INDHOTEL,1620.0,PA,0.0,0.0,0.0,161.8,497.55,0.0,0.0,0.0
2006-05-26,2006-07-27,OPTSTK,INDHOTEL,930.0,CA,0.0,0.0,0.0,213.95,303.65,0.0,0.0,0.0
2006-05-26,2006-07-27,OPTSTK,INDHOTEL,960.0,CA,0.0,0.0,0.0,198.3,285.65,0.0,0.0,0.0
2006-05-26,2006-07-27,OPTSTK,INDHOTEL,990.0,CA,0.0,0.0,0.0,183.6,268.6,0.0,0.0,0.0
2006-05-26,2006-07-27,OPTSTK,INDHOTEL,1020.0,CA,0.0,0.0,0.0,169.85,252.35,0.0,0.0,0.0
2006-05-26,2006-07-27,OPTSTK,INDHOTEL,1050.0,CA,0.0,0.0,0.0,156.95,236.95,0.0,0.0,0.0
2006-05-26,2006-07-27,OPTSTK,INDHOTEL,1080.0,CA,0.0,0.0,0.0,223.05,222.35,0.0,0.0,0.0
2006-05-26,2006-07-27,OPTSTK,INDHOTEL,1110.0,CA,0.0,0.0,0.0,208.55,208.5,0.0,0.0,0.0
2006-05-26,2006-07-27,OPTSTK,INDHOTEL,1140.0,CA,0.0,0.0,0.0,194.85,195.45,0.0,0.0,0.0
2006-05-26,2006-07-27,OPTSTK,INDHOTEL,1170.0,CA,0.0,0.0,0.0,181.95,183.1,0.0,0.0,0.0
2006-05-26,2006-07-27,OPTSTK,INDHOTEL,1200.0,CA,0.0,0.0,0.0,169.75,171.5,0.0,0.0,0.0
2006-05-26,2006-07-27,OPTSTK,INDHOTEL,1230.0,CA,0.0,0.0,0.0,209.15,160.55,0.0,0.0,0.0
2006-05-26,2006-07-27,OPTSTK,INDHOTEL,1260.0,CA,0.0,0.0,0.0,147.3,150.2,0.0,0.0,0.0
2006-05-26,2006-07-27,OPTSTK,INDHOTEL,1290.0,CA,0.0,0.0,0.0,129.4,140.5,0.0,0.0,0.0
2006-05-26,2006-07-27,OPTSTK,INDHOTEL,1320.0,CA,0.0,0.0,0.0,113.05,131.4,0.0,0.0,0.0
2006-05-26,2006-07-27,OPTSTK,INDHOTEL,1350.0,CA,0.0,0.0,0.0,98.2,122.85,0.0,0.0,0.0
2006-05-26,2006-07-27,OPTSTK,INDHOTEL,1380.0,CA,0.0,0.0,0.0,84.85,114.8,0.0,0.0,0.0
2006-05-26,2006-07-27,OPTSTK,INDHOTEL,1410.0,CA,0.0,0.0,0.0,72.9,107.3,0.0,0.0,0.0
2006-05-26,2006-07-27,OPTSTK,INDHOTEL,1440.0,CA,0.0,0.0,0.0,62.25,100.3,0.0,0.0,0.0
2006-05-26,2006-07-27,OPTSTK,INDHOTEL,1470.0,CA,0.0,0.0,0.0,149.15,93.7,0.0,0.0,0.0
2006-05-26,2006-07-27,OPTSTK,INDHOTEL,1500.0,CA,0.0,0.0,0.0,135.45,87.5,0.0,0.0,0.0
2006-05-26,2006-07-27,OPTSTK,INDHOTEL,1530.0,CA,0.0,0.0,0.0,122.75,81.7,0.0,0.0,0.0
2006-05-26,2006-07-27,OPTSTK,INDHOTEL,1560.0,CA,0.0,0.0,0.0,111.0,76.3,0.0,0.0,0.0
2006-05-26,2006-07-27,OPTSTK,INDHOTEL,1590.0,CA,0.0,0.0,0.0,124.0,71.25,0.0,0.0,0.0
2006-05-26,2006-07-27,OPTSTK,INDHOTEL,1620.0,CA,0.0,0.0,0.0,102.9,66.55,0.0,0.0,0.0
2006-05-26,2006-07-27,OPTSTK,INDHOTEL,930.0,PA,0.0,0.0,0.0,98.9,82.4,0.0,0.0,0.0
2006-05-26,2006-07-27,OPTSTK,INDHOTEL,960.0,PA,0.0,0.0,0.0,112.9,94.05,0.0,0.0,0.0
2006-05-26,2006-07-27,OPTSTK,INDHOTEL,990.0,PA,0.0,0.0,0.0,127.8,106.65,0.0,0.0,0.0
2006-05-26,2006-07-27,OPTSTK,INDHOTEL,1020.0,PA,0.0,0.0,0.0,143.65,120.1,0.0,0.0,0.0
2006-05-26,2006-07-27,OPTSTK,INDHOTEL,1050.0,PA,0.0,0.0,0.0,160.4,134.35,0.0,0.0,0.0
2006-05-26,2006-07-27,OPTSTK,INDHOTEL,1080.0,PA,0.0,0.0,0.0,132.45,149.4,0.0,0.0,0.0
2006-05-26,2006-07-27,OPTSTK,INDHOTEL,1110.0,PA,0.0,0.0,0.0,147.55,165.2,0.0,0.0,0.0
2006-05-26,2006-07-27,OPTSTK,INDHOTEL,1140.0,PA,0.0,0.0,0.0,163.5,181.8,0.0,0.0,0.0
2006-05-26,2006-07-27,OPTSTK,INDHOTEL,1170.0,PA,0.0,0.0,0.0,180.2,199.15,0.0,0.0,0.0
2006-05-26,2006-07-27,OPTSTK,INDHOTEL,1200.0,PA,0.0,0.0,0.0,197.65,217.15,0.0,0.0,0.0
2006-05-26,2006-07-27,OPTSTK,INDHOTEL,1230.0,PA,0.0,0.0,0.0,89.85,235.85,0.0,0.0,0.0
2006-05-26,2006-07-27,OPTSTK,INDHOTEL,1260.0,PA,0.0,0.0,0.0,50.7,255.2,0.0,0.0,0.0
2006-05-26,2006-07-27,OPTSTK,INDHOTEL,1290.0,PA,0.0,0.0,0.0,62.3,275.15,0.0,0.0,0.0
2006-05-26,2006-07-27,OPTSTK,INDHOTEL,1320.0,PA,0.0,0.0,0.0,75.45,295.65,0.0,0.0,0.0
2006-05-26,2006-07-27,OPTSTK,INDHOTEL,1350.0,PA,0.0,0.0,0.0,90.1,316.75,0.0,0.0,0.0
2006-05-26,2006-07-27,OPTSTK,INDHOTEL,1380.0,PA,0.0,0.0,0.0,106.2,338.4,0.0,0.0,0.0
2006-05-26,2006-07-27,OPTSTK,INDHOTEL,1410.0,PA,0.0,0.0,0.0,123.7,360.6,0.0,0.0,0.0
2006-05-26,2006-07-27,OPTSTK,INDHOTEL,1440.0,PA,0.0,0.0,0.0,142.6,383.2,0.0,0.0,0.0
2006-05-26,2006-07-27,OPTSTK,INDHOTEL,1470.0,PA,0.0,0.0,0.0,124.9,406.25,0.0,0.0,0.0
2006-05-26,2006-07-27,OPTSTK,INDHOTEL,1500.0,PA,0.0,0.0,0.0,140.75,429.7,0.0,0.0,0.0
2006-05-26,2006-07-27,OPTSTK,INDHOTEL,1530.0,PA,0.0,0.0,0.0,157.55,453.6,0.0,0.0,0.0
2006-05-26,2006-07-27,OPTSTK,INDHOTEL,1560.0,PA,0.0,0.0,0.0,175.3,477.85,0.0,0.0,0.0
2006-05-26,2006-07-27,OPTSTK,INDHOTEL,1590.0,PA,0.0,0.0,0.0,176.45,502.45,0.0,0.0,0.0
2006-05-26,2006-07-27,OPTSTK,INDHOTEL,1620.0,PA,0.0,0.0,0.0,182.6,527.4,0.0,0.0,0.0
2006-05-26,2006-08-31,OPTSTK,INDHOTEL,1050.0,CA,0.0,0.0,0.0,283.95,283.65,0.0,0.0,0.0
2006-05-26,2006-08-31,OPTSTK,INDHOTEL,1080.0,CA,0.0,0.0,0.0,270.75,270.1,0.0,0.0,0.0
2006-05-26,2006-08-31,OPTSTK,INDHOTEL,1110.0,CA,0.0,0.0,0.0,258.15,257.1,0.0,0.0,0.0
2006-05-26,2006-08-31,OPTSTK,INDHOTEL,1140.0,CA,0.0,0.0,0.0,246.1,244.75,0.0,0.0,0.0
2006-05-26,2006-08-31,OPTSTK,INDHOTEL,1170.0,CA,0.0,0.0,0.0,234.65,232.95,0.0,0.0,0.0
2006-05-26,2006-08-31,OPTSTK,INDHOTEL,1200.0,CA,0.0,0.0,0.0,223.65,221.7,0.0,0.0,0.0
2006-05-26,2006-08-31,OPTSTK,INDHOTEL,1230.0,CA,0.0,0.0,0.0,213.2,210.95,0.0,0.0,0.0
2006-05-26,2006-08-31,OPTSTK,INDHOTEL,1050.0,PA,0.0,0.0,0.0,185.45,174.3,0.0,0.0,0.0
2006-05-26,2006-08-31,OPTSTK,INDHOTEL,1080.0,PA,0.0,0.0,0.0,201.7,190.2,0.0,0.0,0.0
2006-05-26,2006-08-31,OPTSTK,INDHOTEL,1110.0,PA,0.0,0.0,0.0,218.55,206.7,0.0,0.0,0.0
2006-05-26,2006-08-31,OPTSTK,INDHOTEL,1140.0,PA,0.0,0.0,0.0,235.95,223.8,0.0,0.0,0.0
2006-05-26,2006-08-31,OPTSTK,INDHOTEL,1170.0,PA,0.0,0.0,0.0,253.95,241.45,0.0,0.0,0.0
2006-05-26,2006-08-31,OPTSTK,INDHOTEL,1200.0,PA,0.0,0.0,0.0,272.45,259.65,0.0,0.0,0.0
2006-05-26,2006-08-31,OPTSTK,INDHOTEL,1230.0,PA,0.0,0.0,0.0,291.45,278.4,0.0,0.0,0.0
2006-05-26,2006-06-29,OPTSTK,INDIACEM,135.0,CA,0.0,0.0,0.0,29.75,46.7,0.0,0.0,0.0
2006-05-26,2006-06-29,OPTSTK,INDIACEM,140.0,CA,0.0,0.0,0.0,27.25,43.3,0.0,0.0,0.0
2006-05-26,2006-06-29,OPTSTK,INDIACEM,145.0,CA,0.0,0.0,0.0,24.15,40.1,0.0,0.0,0.0
2006-05-26,2006-06-29,OPTSTK,INDIACEM,150.0,CA,0.0,0.0,0.0,21.3,37.1,0.0,0.0,0.0
2006-05-26,2006-06-29,OPTSTK,INDIACEM,155.0,CA,0.0,0.0,0.0,18.75,34.25,0.0,0.0,0.0
2006-05-26,2006-06-29,OPTSTK,INDIACEM,160.0,CA,0.0,0.0,0.0,23.0,31.6,0.0,0.0,2900.0
2006-05-26,2006-06-29,OPTSTK,INDIACEM,165.0,CA,0.0,0.0,0.0,14.25,29.1,0.0,0.0,0.0
2006-05-26,2006-06-29,OPTSTK,INDIACEM,170.0,CA,16.1,20.0,16.1,18.95,18.95,15.0,81.77,46400.0
2006-05-26,2006-06-29,OPTSTK,INDIACEM,175.0,CA,0.0,0.0,0.0,15.45,24.6,0.0,0.0,0.0
2006-05-26,2006-06-29,OPTSTK,INDIACEM,180.0,CA,13.0,16.0,12.4,13.75,13.75,38.0,213.85,98600.0
2006-05-26,2006-06-29,OPTSTK,INDIACEM,185.0,CA,0.0,0.0,0.0,14.8,20.7,0.0,0.0,0.0
2006-05-26,2006-06-29,OPTSTK,INDIACEM,190.0,CA,0.0,0.0,0.0,19.45,19.0,0.0,0.0,0.0
2006-05-26,2006-06-29,OPTSTK,INDIACEM,195.0,CA,0.0,0.0,0.0,17.55,17.4,0.0,0.0,0.0
2006-05-26,2006-06-29,OPTSTK,INDIACEM,200.0,CA,6.0,6.9,5.5,5.5,5.5,5.0,29.88,8700.0
2006-05-26,2006-06-29,OPTSTK,INDIACEM,205.0,CA,0.0,0.0,0.0,21.05,14.55,0.0,0.0,0.0
2006-05-26,2006-06-29,OPTSTK,INDIACEM,210.0,CA,4.5,4.5,4.5,4.5,4.5,1.0,6.22,2900.0
2006-05-26,2006-06-29,OPTSTK,INDIACEM,215.0,CA,0.0,0.0,0.0,22.0,12.15,0.0,0.0,0.0
2006-05-26,2006-06-29,OPTSTK,INDIACEM,220.0,CA,0.0,0.0,0.0,20.2,11.1,0.0,0.0,0.0
2006-05-26,2006-06-29,OPTSTK,INDIACEM,225.0,CA,0.0,0.0,0.0,22.55,10.1,0.0,0.0,0.0
2006-05-26,2006-06-29,OPTSTK,INDIACEM,230.0,CA,0.0,0.0,0.0,20.75,9.2,0.0,0.0,0.0
2006-05-26,2006-06-29,OPTSTK,INDIACEM,235.0,CA,0.0,0.0,0.0,18.85,8.4,0.0,0.0,0.0
2006-05-26,2006-06-29,OPTSTK,INDIACEM,240.0,CA,0.0,0.0,0.0,28.95,7.65,0.0,0.0,0.0
2006-05-26,2006-06-29,OPTSTK,INDIACEM,245.0,CA,0.0,0.0,0.0,26.85,6.95,0.0,0.0,0.0
2006-05-26,2006-06-29,OPTSTK,INDIACEM,250.0,CA,0.0,0.0,0.0,24.85,6.35,0.0,0.0,0.0
2006-05-26,2006-06-29,OPTSTK,INDIACEM,255.0,CA,0.0,0.0,0.0,22.95,5.8,0.0,0.0,0.0
2006-05-26,2006-06-29,OPTSTK,INDIACEM,135.0,PA,0.0,0.0,0.0,14.45,8.0,0.0,0.0,0.0
2006-05-26,2006-06-29,OPTSTK,INDIACEM,140.0,PA,0.0,0.0,0.0,7.05,9.6,0.0,0.0,0.0
2006-05-26,2006-06-29,OPTSTK,INDIACEM,145.0,PA,0.0,0.0,0.0,8.85,11.35,0.0,0.0,0.0
2006-05-26,2006-06-29,OPTSTK,INDIACEM,150.0,PA,0.0,0.0,0.0,10.9,13.3,0.0,0.0,0.0
2006-05-26,2006-06-29,OPTSTK,INDIACEM,155.0,PA,0.0,0.0,0.0,13.2,15.45,0.0,0.0,0.0
2006-05-26,2006-06-29,OPTSTK,INDIACEM,160.0,PA,0.0,0.0,0.0,15.7,17.75,0.0,0.0,0.0
2006-05-26,2006-06-29,OPTSTK,INDIACEM,165.0,PA,0.0,0.0,0.0,18.5,20.2,0.0,0.0,0.0
2006-05-26,2006-06-29,OPTSTK,INDIACEM,170.0,PA,0.0,0.0,0.0,21.5,22.85,0.0,0.0,0.0
2006-05-26,2006-06-29,OPTSTK,INDIACEM,175.0,PA,0.0,0.0,0.0,21.5,25.65,0.0,0.0,0.0
2006-05-26,2006-06-29,OPTSTK,INDIACEM,180.0,PA,18.0,20.0,18.0,20.0,20.0,2.0,11.54,5800.0
2006-05-26,2006-06-29,OPTSTK,INDIACEM,185.0,PA,0.0,0.0,0.0,24.45,31.7,0.0,0.0,0.0
2006-05-26,2006-06-29,OPTSTK,INDIACEM,190.0,PA,0.0,0.0,0.0,23.95,34.95,0.0,0.0,0.0
2006-05-26,2006-06-29,OPTSTK,INDIACEM,195.0,PA,0.0,0.0,0.0,26.95,38.3,0.0,0.0,0.0
2006-05-26,2006-06-29,OPTSTK,INDIACEM,200.0,PA,0.0,0.0,0.0,28.05,41.8,0.0,0.0,0.0
2006-05-26,2006-06-29,OPTSTK,INDIACEM,205.0,PA,0.0,0.0,0.0,26.7,45.4,0.0,0.0,0.0
2006-05-26,2006-06-29,OPTSTK,INDIACEM,210.0,PA,0.0,0.0,0.0,29.7,49.1,0.0,0.0,0.0
2006-05-26,2006-06-29,OPTSTK,INDIACEM,215.0,PA,0.0,0.0,0.0,31.65,52.95,0.0,0.0,0.0
2006-05-26,2006-06-29,OPTSTK,INDIACEM,220.0,PA,0.0,0.0,0.0,32.9,56.85,0.0,0.0,0.0
2006-05-26,2006-06-29,OPTSTK,INDIACEM,225.0,PA,0.0,0.0,0.0,31.75,60.85,0.0,0.0,0.0
2006-05-26,2006-06-29,OPTSTK,INDIACEM,230.0,PA,0.0,0.0,0.0,34.85,64.9,0.0,0.0,0.0
2006-05-26,2006-06-29,OPTSTK,INDIACEM,235.0,PA,0.0,0.0,0.0,32.0,69.1,0.0,0.0,0.0
2006-05-26,2006-06-29,OPTSTK,INDIACEM,240.0,PA,0.0,0.0,0.0,28.1,73.3,0.0,0.0,0.0
2006-05-26,2006-06-29,OPTSTK,INDIACEM,245.0,PA,0.0,0.0,0.0,30.95,77.6,0.0,0.0,0.0
2006-05-26,2006-06-29,OPTSTK,INDIACEM,250.0,PA,0.0,0.0,0.0,33.85,81.95,0.0,0.0,0.0
2006-05-26,2006-06-29,OPTSTK,INDIACEM,255.0,PA,0.0,0.0,0.0,36.95,86.35,0.0,0.0,0.0
2006-05-26,2006-07-27,OPTSTK,INDIACEM,135.0,CA,0.0,0.0,0.0,36.5,53.45,0.0,0.0,0.0
2006-05-26,2006-07-27,OPTSTK,INDIACEM,140.0,CA,0.0,0.0,0.0,34.15,50.5,0.0,0.0,0.0
2006-05-26,2006-07-27,OPTSTK,INDIACEM,145.0,CA,0.0,0.0,0.0,40.05,47.7,0.0,0.0,0.0
2006-05-26,2006-07-27,OPTSTK,INDIACEM,150.0,CA,0.0,0.0,0.0,37.7,45.05,0.0,0.0,0.0
2006-05-26,2006-07-27,OPTSTK,INDIACEM,155.0,CA,0.0,0.0,0.0,35.5,42.5,0.0,0.0,0.0
2006-05-26,2006-07-27,OPTSTK,INDIACEM,160.0,CA,0.0,0.0,0.0,33.4,40.1,0.0,0.0,0.0
2006-05-26,2006-07-27,OPTSTK,INDIACEM,165.0,CA,0.0,0.0,0.0,40.75,37.8,0.0,0.0,0.0
2006-05-26,2006-07-27,OPTSTK,INDIACEM,170.0,CA,0.0,0.0,0.0,38.45,35.65,0.0,0.0,0.0
2006-05-26,2006-07-27,OPTSTK,INDIACEM,175.0,CA,0.0,0.0,0.0,36.25,33.6,0.0,0.0,0.0
2006-05-26,2006-07-27,OPTSTK,INDIACEM,180.0,CA,0.0,0.0,0.0,34.25,31.7,0.0,0.0,0.0
2006-05-26,2006-07-27,OPTSTK,INDIACEM,185.0,CA,0.0,0.0,0.0,31.7,29.85,0.0,0.0,0.0
2006-05-26,2006-07-27,OPTSTK,INDIACEM,190.0,CA,0.0,0.0,0.0,38.7,28.15,0.0,0.0,0.0
2006-05-26,2006-07-27,OPTSTK,INDIACEM,195.0,CA,0.0,0.0,0.0,40.2,26.5,0.0,0.0,0.0
2006-05-26,2006-07-27,OPTSTK,INDIACEM,200.0,CA,0.0,0.0,0.0,37.75,24.95,0.0,0.0,0.0
2006-05-26,2006-07-27,OPTSTK,INDIACEM,205.0,CA,0.0,0.0,0.0,38.0,23.5,0.0,0.0,0.0
2006-05-26,2006-07-27,OPTSTK,INDIACEM,210.0,CA,0.0,0.0,0.0,35.5,22.15,0.0,0.0,0.0
2006-05-26,2006-07-27,OPTSTK,INDIACEM,215.0,CA,0.0,0.0,0.0,8.0,20.9,0.0,0.0,2900.0
2006-05-26,2006-07-27,OPTSTK,INDIACEM,220.0,CA,0.0,0.0,0.0,30.95,19.65,0.0,0.0,0.0
2006-05-26,2006-07-27,OPTSTK,INDIACEM,225.0,CA,0.0,0.0,0.0,28.85,18.55,0.0,0.0,0.0
2006-05-26,2006-07-27,OPTSTK,INDIACEM,230.0,CA,0.0,0.0,0.0,26.85,17.45,0.0,0.0,0.0
2006-05-26,2006-07-27,OPTSTK,INDIACEM,235.0,CA,0.0,0.0,0.0,25.0,16.45,0.0,0.0,0.0
2006-05-26,2006-07-27,OPTSTK,INDIACEM,240.0,CA,0.0,0.0,0.0,35.4,15.5,0.0,0.0,0.0
2006-05-26,2006-07-27,OPTSTK,INDIACEM,245.0,CA,0.0,0.0,0.0,33.3,14.6,0.0,0.0,0.0
2006-05-26,2006-07-27,OPTSTK,INDIACEM,250.0,CA,0.0,0.0,0.0,31.3,13.75,0.0,0.0,0.0
2006-05-26,2006-07-27,OPTSTK,INDIACEM,255.0,CA,0.0,0.0,0.0,29.4,12.95,0.0,0.0,0.0
2006-05-26,2006-07-27,OPTSTK,INDIACEM,135.0,PA,0.0,0.0,0.0,20.5,14.05,0.0,0.0,0.0
2006-05-26,2006-07-27,OPTSTK,INDIACEM,140.0,PA,0.0,0.0,0.0,23.1,16.05,0.0,0.0,0.0
2006-05-26,2006-07-27,OPTSTK,INDIACEM,145.0,PA,0.0,0.0,0.0,22.55,18.2,0.0,0.0,0.0
2006-05-26,2006-07-27,OPTSTK,INDIACEM,150.0,PA,0.0,0.0,0.0,25.15,20.45,0.0,0.0,0.0
2006-05-26,2006-07-27,OPTSTK,INDIACEM,155.0,PA,0.0,0.0,0.0,27.85,22.9,0.0,0.0,0.0
2006-05-26,2006-07-27,OPTSTK,INDIACEM,160.0,PA,0.0,0.0,0.0,30.7,25.4,0.0,0.0,0.0
2006-05-26,2006-07-27,OPTSTK,INDIACEM,165.0,PA,0.0,0.0,0.0,25.1,28.1,0.0,0.0,0.0
2006-05-26,2006-07-27,OPTSTK,INDIACEM,170.0,PA,0.0,0.0,0.0,27.75,30.85,0.0,0.0,0.0
2006-05-26,2006-07-27,OPTSTK,INDIACEM,175.0,PA,0.0,0.0,0.0,30.5,33.75,0.0,0.0,0.0
2006-05-26,2006-07-27,OPTSTK,INDIACEM,180.0,PA,0.0,0.0,0.0,18.2,36.8,0.0,0.0,0.0
2006-05-26,2006-07-27,OPTSTK,INDIACEM,185.0,PA,0.0,0.0,0.0,20.55,39.9,0.0,0.0,0.0
2006-05-26,2006-07-27,OPTSTK,INDIACEM,190.0,PA,0.0,0.0,0.0,19.4,43.1,0.0,0.0,0.0
2006-05-26,2006-07-27,OPTSTK,INDIACEM,195.0,PA,0.0,0.0,0.0,23.3,46.4,0.0,0.0,0.0
2006-05-26,2006-07-27,OPTSTK,INDIACEM,200.0,PA,0.0,0.0,0.0,25.8,49.85,0.0,0.0,0.0
2006-05-26,2006-07-27,OPTSTK,INDIACEM,205.0,PA,0.0,0.0,0.0,21.55,53.3,0.0,0.0,0.0
2006-05-26,2006-07-27,OPTSTK,INDIACEM,210.0,PA,0.0,0.0,0.0,23.95,56.9,0.0,0.0,0.0
2006-05-26,2006-07-27,OPTSTK,INDIACEM,215.0,PA,0.0,0.0,0.0,26.5,60.55,0.0,0.0,0.0
2006-05-26,2006-07-27,OPTSTK,INDIACEM,220.0,PA,0.0,0.0,0.0,29.2,64.3,0.0,0.0,0.0
2006-05-26,2006-07-27,OPTSTK,INDIACEM,225.0,PA,0.0,0.0,0.0,32.05,68.1,0.0,0.0,0.0
2006-05-26,2006-07-27,OPTSTK,INDIACEM,230.0,PA,0.0,0.0,0.0,34.95,71.95,0.0,0.0,0.0
2006-05-26,2006-07-27,OPTSTK,INDIACEM,235.0,PA,0.0,0.0,0.0,38.0,75.9,0.0,0.0,0.0
2006-05-26,2006-07-27,OPTSTK,INDIACEM,240.0,PA,0.0,0.0,0.0,33.3,79.9,0.0,0.0,0.0
2006-05-26,2006-07-27,OPTSTK,INDIACEM,245.0,PA,0.0,0.0,0.0,36.1,83.95,0.0,0.0,0.0
2006-05-26,2006-07-27,OPTSTK,INDIACEM,250.0,PA,0.0,0.0,0.0,39.05,88.05,0.0,0.0,0.0
2006-05-26,2006-07-27,OPTSTK,INDIACEM,255.0,PA,0.0,0.0,0.0,42.05,92.2,0.0,0.0,0.0
2006-05-26,2006-08-31,OPTSTK,INDIACEM,150.0,CA,0.0,0.0,0.0,48.2,52.8,0.0,0.0,0.0
2006-05-26,2006-08-31,OPTSTK,INDIACEM,155.0,CA,0.0,0.0,0.0,46.05,50.5,0.0,0.0,0.0
2006-05-26,2006-08-31,OPTSTK,INDIACEM,160.0,CA,0.0,0.0,0.0,44.0,48.3,0.0,0.0,0.0
2006-05-26,2006-08-31,OPTSTK,INDIACEM,165.0,CA,0.0,0.0,0.0,42.05,46.2,0.0,0.0,0.0
2006-05-26,2006-08-31,OPTSTK,INDIACEM,170.0,CA,0.0,0.0,0.0,40.2,44.15,0.0,0.0,0.0
2006-05-26,2006-08-31,OPTSTK,INDIACEM,175.0,CA,0.0,0.0,0.0,38.4,42.25,0.0,0.0,0.0
2006-05-26,2006-08-31,OPTSTK,INDIACEM,180.0,CA,0.0,0.0,0.0,36.7,40.4,0.0,0.0,0.0
2006-05-26,2006-08-31,OPTSTK,INDIACEM,185.0,CA,0.0,0.0,0.0,0.0,0.0,0.0,0.0,0.0
2006-05-26,2006-08-31,OPTSTK,INDIACEM,190.0,CA,0.0,0.0,0.0,0.0,0.0,0.0,0.0,0.0
2006-05-26,2006-08-31,OPTSTK,INDIACEM,150.0,PA,0.0,0.0,0.0,30.25,27.3,0.0,0.0,0.0
2006-05-26,2006-08-31,OPTSTK,INDIACEM,155.0,PA,0.0,0.0,0.0,33.0,29.9,0.0,0.0,0.0
2006-05-26,2006-08-31,OPTSTK,INDIACEM,160.0,PA,0.0,0.0,0.0,35.9,32.6,0.0,0.0,0.0
2006-05-26,2006-08-31,OPTSTK,INDIACEM,165.0,PA,0.0,0.0,0.0,38.85,35.4,0.0,0.0,0.0
2006-05-26,2006-08-31,OPTSTK,INDIACEM,170.0,PA,0.0,0.0,0.0,41.9,38.3,0.0,0.0,0.0
2006-05-26,2006-08-31,OPTSTK,INDIACEM,175.0,PA,0.0,0.0,0.0,45.0,41.3,0.0,0.0,0.0
2006-05-26,2006-08-31,OPTSTK,INDIACEM,180.0,PA,0.0,0.0,0.0,48.25,44.35,0.0,0.0,0.0
2006-05-26,2006-08-31,OPTSTK,INDIACEM,185.0,PA,0.0,0.0,0.0,0.0,0.0,0.0,0.0,0.0
2006-05-26,2006-08-31,OPTSTK,INDIACEM,190.0,PA,0.0,0.0,0.0,0.0,0.0,0.0,0.0,0.0
2006-05-26,2006-06-29,OPTSTK,INDUSINDBK,35.0,CA,0.0,0.0,0.0,9.45,16.65,0.0,0.0,0.0
2006-05-26,2006-06-29,OPTSTK,INDUSINDBK,37.5,CA,0.0,0.0,0.0,7.5,14.75,0.0,0.0,0.0
2006-05-26,2006-06-29,OPTSTK,INDUSINDBK,40.0,CA,0.0,0.0,0.0,5.8,13.0,0.0,0.0,0.0
2006-05-26,2006-06-29,OPTSTK,INDUSINDBK,42.5,CA,0.0,0.0,0.0,4.35,11.4,0.0,0.0,0.0
2006-05-26,2006-06-29,OPTSTK,INDUSINDBK,45.0,CA,0.0,0.0,0.0,3.15,9.95,0.0,0.0,0.0
2006-05-26,2006-06-29,OPTSTK,INDUSINDBK,47.5,CA,0.0,0.0,0.0,2.25,8.65,0.0,0.0,0.0
2006-05-26,2006-06-29,OPTSTK,INDUSINDBK,50.0,CA,5.0,5.2,4.0,4.5,4.5,13.0,27.33,34650.0
2006-05-26,2006-06-29,OPTSTK,INDUSINDBK,52.5,CA,0.0,0.0,0.0,3.3,6.45,0.0,0.0,0.0
2006-05-26,2006-06-29,OPTSTK,INDUSINDBK,55.0,CA,2.5,2.95,2.25,2.7,2.7,13.0,28.81,53900.0
2006-05-26,2006-06-29,OPTSTK,INDUSINDBK,57.5,CA,0.0,0.0,0.0,3.0,4.75,0.0,0.0,0.0
2006-05-26,2006-06-29,OPTSTK,INDUSINDBK,60.0,CA,1.25,1.65,1.0,1.0,1.0,7.0,16.51,26950.0
2006-05-26,2006-06-29,OPTSTK,INDUSINDBK,65.0,CA,0.5,0.5,0.5,0.5,0.5,2.0,5.04,7700.0
2006-05-26,2006-06-29,OPTSTK,INDUSINDBK,70.0,CA,0.0,0.0,0.0,3.8,2.15,0.0,0.0,0.0
2006-05-26,2006-06-29,OPTSTK,INDUSINDBK,75.0,CA,0.0,0.0,0.0,3.35,1.6,0.0,0.0,0.0
2006-05-26,2006-06-29,OPTSTK,INDUSINDBK,35.0,PA,0.0,0.0,0.0,0.5,1.25,0.0,0.0,0.0
2006-05-26,2006-06-29,OPTSTK,INDUSINDBK,37.5,PA,0.0,0.0,0.0,1.0,1.85,0.0,0.0,0.0
2006-05-26,2006-06-29,OPTSTK,INDUSINDBK,40.0,PA,0.0,0.0,0.0,1.75,2.6,0.0,0.0,0.0
2006-05-26,2006-06-29,OPTSTK,INDUSINDBK,42.5,PA,0.0,0.0,0.0,2.75,3.45,0.0,0.0,0.0
2006-05-26,2006-06-29,OPTSTK,INDUSINDBK,45.0,PA,1.4,1.4,1.4,1.4,1.4,1.0,1.78,0.0
2006-05-26,2006-06-29,OPTSTK,INDUSINDBK,47.5,PA,0.0,0.0,0.0,5.55,5.7,0.0,0.0,0.0
2006-05-26,2006-06-29,OPTSTK,INDUSINDBK,50.0,PA,0.0,0.0,0.0,7.3,7.0,0.0,0.0,0.0
2006-05-26,2006-06-29,OPTSTK,INDUSINDBK,52.5,PA,0.0,0.0,0.0,7.95,8.45,0.0,0.0,0.0
2006-05-26,2006-06-29,OPTSTK,INDUSINDBK,55.0,PA,0.0,0.0,0.0,9.7,10.05,0.0,0.0,0.0
2006-05-26,2006-06-29,OPTSTK,INDUSINDBK,57.5,PA,0.0,0.0,0.0,9.6,11.75,0.0,0.0,0.0
2006-05-26,2006-06-29,OPTSTK,INDUSINDBK,60.0,PA,0.0,0.0,0.0,9.95,13.55,0.0,0.0,0.0
2006-05-26,2006-06-29,OPTSTK,INDUSINDBK,65.0,PA,0.0,0.0,0.0,13.25,17.45,0.0,0.0,0.0
2006-05-26,2006-06-29,OPTSTK,INDUSINDBK,70.0,PA,0.0,0.0,0.0,16.95,21.6,0.0,0.0,0.0
2006-05-26,2006-06-29,OPTSTK,INDUSINDBK,75.0,PA,0.0,0.0,0.0,19.35,25.95,0.0,0.0,0.0
2006-05-26,2006-07-27,OPTSTK,INDUSINDBK,35.0,CA,0.0,0.0,0.0,18.6,18.2,0.0,0.0,0.0
2006-05-26,2006-07-27,OPTSTK,INDUSINDBK,37.5,CA,0.0,0.0,0.0,9.3,16.55,0.0,0.0,0.0
2006-05-26,2006-07-27,OPTSTK,INDUSINDBK,40.0,CA,0.0,0.0,0.0,14.65,15.0,0.0,0.0,0.0
2006-05-26,2006-07-27,OPTSTK,INDUSINDBK,42.5,CA,0.0,0.0,0.0,11.45,13.6,0.0,0.0,0.0
2006-05-26,2006-07-27,OPTSTK,INDUSINDBK,45.0,CA,0.0,0.0,0.0,11.2,12.3,0.0,0.0,0.0
2006-05-26,2006-07-27,OPTSTK,INDUSINDBK,47.5,CA,0.0,0.0,0.0,8.95,11.15,0.0,0.0,0.0
2006-05-26,2006-07-27,OPTSTK,INDUSINDBK,50.0,CA,0.0,0.0,0.0,8.4,10.05,0.0,0.0,0.0
2006-05-26,2006-07-27,OPTSTK,INDUSINDBK,52.5,CA,0.0,0.0,0.0,6.95,9.1,0.0,0.0,0.0
2006-05-26,2006-07-27,OPTSTK,INDUSINDBK,55.0,CA,0.0,0.0,0.0,6.2,8.2,0.0,0.0,0.0
2006-05-26,2006-07-27,OPTSTK,INDUSINDBK,60.0,CA,0.0,0.0,0.0,4.5,6.7,0.0,0.0,0.0
2006-05-26,2006-07-27,OPTSTK,INDUSINDBK,65.0,CA,0.0,0.0,0.0,3.25,5.45,0.0,0.0,0.0
2006-05-26,2006-07-27,OPTSTK,INDUSINDBK,70.0,CA,0.0,0.0,0.0,2.15,4.45,0.0,0.0,0.0
2006-05-26,2006-07-27,OPTSTK,INDUSINDBK,75.0,CA,0.0,0.0,0.0,4.05,3.6,0.0,0.0,0.0
2006-05-26,2006-07-27,OPTSTK,INDUSINDBK,35.0,PA,0.0,0.0,0.0,0.7,2.65,0.0,0.0,0.0
2006-05-26,2006-07-27,OPTSTK,INDUSINDBK,37.5,PA,0.0,0.0,0.0,4.35,3.45,0.0,0.0,0.0
2006-05-26,2006-07-27,OPTSTK,INDUSINDBK,40.0,PA,0.0,0.0,0.0,1.65,4.4,0.0,0.0,0.0
2006-05-26,2006-07-27,OPTSTK,INDUSINDBK,42.5,PA,0.0,0.0,0.0,4.75,5.45,0.0,0.0,0.0
2006-05-26,2006-07-27,OPTSTK,INDUSINDBK,45.0,PA,0.0,0.0,0.0,3.15,6.65,0.0,0.0,0.0
2006-05-26,2006-07-27,OPTSTK,INDUSINDBK,47.5,PA,0.0,0.0,0.0,7.2,7.95,0.0,0.0,0.0
2006-05-26,2006-07-27,OPTSTK,INDUSINDBK,50.0,PA,0.0,0.0,0.0,5.25,9.35,0.0,0.0,0.0
2006-05-26,2006-07-27,OPTSTK,INDUSINDBK,52.5,PA,0.0,0.0,0.0,10.15,10.85,0.0,0.0,0.0
2006-05-26,2006-07-27,OPTSTK,INDUSINDBK,55.0,PA,0.0,0.0,0.0,7.95,12.4,0.0,0.0,0.0
2006-05-26,2006-07-27,OPTSTK,INDUSINDBK,60.0,PA,0.0,0.0,0.0,11.2,15.85,0.0,0.0,0.0
2006-05-26,2006-07-27,OPTSTK,INDUSINDBK,65.0,PA,0.0,0.0,0.0,14.85,19.55,0.0,0.0,0.0
2006-05-26,2006-07-27,OPTSTK,INDUSINDBK,70.0,PA,0.0,0.0,0.0,18.5,23.5,0.0,0.0,0.0
2006-05-26,2006-07-27,OPTSTK,INDUSINDBK,75.0,PA,0.0,0.0,0.0,18.15,27.6,0.0,0.0,0.0
2006-05-26,2006-08-31,OPTSTK,INDUSINDBK,35.0,CA,0.0,0.0,0.0,0.0,0.0,0.0,0.0,0.0
2006-05-26,2006-08-31,OPTSTK,INDUSINDBK,40.0,CA,0.0,0.0,0.0,14.6,17.1,0.0,0.0,0.0
2006-05-26,2006-08-31,OPTSTK,INDUSINDBK,42.5,CA,0.0,0.0,0.0,13.4,15.8,0.0,0.0,0.0
2006-05-26,2006-08-31,OPTSTK,INDUSINDBK,45.0,CA,0.0,0.0,0.0,12.35,14.65,0.0,0.0,0.0
2006-05-26,2006-08-31,OPTSTK,INDUSINDBK,47.5,CA,0.0,0.0,0.0,11.4,13.55,0.0,0.0,0.0
2006-05-26,2006-08-31,OPTSTK,INDUSINDBK,50.0,CA,0.0,0.0,0.0,10.5,12.55,0.0,0.0,0.0
2006-05-26,2006-08-31,OPTSTK,INDUSINDBK,52.5,CA,0.0,0.0,0.0,9.65,11.6,0.0,0.0,0.0
2006-05-26,2006-08-31,OPTSTK,INDUSINDBK,55.0,CA,0.0,0.0,0.0,8.9,10.75,0.0,0.0,0.0
2006-05-26,2006-08-31,OPTSTK,INDUSINDBK,60.0,CA,0.0,0.0,0.0,0.0,0.0,0.0,0.0,0.0
2006-05-26,2006-08-31,OPTSTK,INDUSINDBK,65.0,CA,0.0,0.0,0.0,0.0,0.0,0.0,0.0,0.0
2006-05-26,2006-08-31,OPTSTK,INDUSINDBK,35.0,PA,0.0,0.0,0.0,0.0,0.0,0.0,0.0,0.0
2006-05-26,2006-08-31,OPTSTK,INDUSINDBK,40.0,PA,0.0,0.0,0.0,7.05,6.2,0.0,0.0,0.0
2006-05-26,2006-08-31,OPTSTK,INDUSINDBK,42.5,PA,0.0,0.0,0.0,8.35,7.4,0.0,0.0,0.0
2006-05-26,2006-08-31,OPTSTK,INDUSINDBK,45.0,PA,0.0,0.0,0.0,9.75,8.7,0.0,0.0,0.0
2006-05-26,2006-08-31,OPTSTK,INDUSINDBK,47.5,PA,0.0,0.0,0.0,11.2,10.05,0.0,0.0,0.0
2006-05-26,2006-08-31,OPTSTK,INDUSINDBK,50.0,PA,0.0,0.0,0.0,12.75,11.5,0.0,0.0,0.0
2006-05-26,2006-08-31,OPTSTK,INDUSINDBK,52.5,PA,0.0,0.0,0.0,14.4,13.05,0.0,0.0,0.0
2006-05-26,2006-08-31,OPTSTK,INDUSINDBK,55.0,PA,0.0,0.0,0.0,16.1,14.65,0.0,0.0,0.0
2006-05-26,2006-08-31,OPTSTK,INDUSINDBK,60.0,PA,0.0,0.0,0.0,0.0,0.0,0.0,0.0,0.0
2006-05-26,2006-08-31,OPTSTK,INDUSINDBK,65.0,PA,0.0,0.0,0.0,0.0,0.0,0.0,0.0,0.0
2006-05-26,2006-06-29,OPTSTK,INFOSYSTCH,2650.0,CA,0.0,0.0,0.0,264.45,355.4,0.0,0.0,0.0
2006-05-26,2006-06-29,OPTSTK,INFOSYSTCH,2700.0,CA,0.0,0.0,0.0,232.3,319.35,0.0,0.0,0.0
2006-05-26,2006-06-29,OPTSTK,INFOSYSTCH,2750.0,CA,0.0,0.0,0.0,202.7,285.35,0.0,0.0,0.0
2006-05-26,2006-06-29,OPTSTK,INFOSYSTCH,2800.0,CA,230.0,240.0,230.0,240.0,240.0,5.0,15.19,600.0
2006-05-26,2006-06-29,OPTSTK,INFOSYSTCH,2850.0,CA,209.5,215.0,191.0,195.0,195.0,12.0,36.6,3400.0
2006-05-26,2006-06-29,OPTSTK,INFOSYSTCH,2900.0,CA,190.0,190.0,160.0,180.0,180.0,21.0,64.52,2800.0
2006-05-26,2006-06-29,OPTSTK,INFOSYSTCH,2950.0,CA,120.0,120.0,120.0,120.0,120.0,10.0,30.7,1000.0
2006-05-26,2006-06-29,OPTSTK,INFOSYSTCH,3000.0,CA,111.5,135.0,110.0,125.85,125.85,214.0,668.26,21000.0
2006-05-26,2006-06-29,OPTSTK,INFOSYSTCH,3050.0,CA,0.0,0.0,0.0,210.3,130.1,0.0,0.0,0.0
2006-05-26,2006-06-29,OPTSTK,INFOSYSTCH,3100.0,CA,66.0,86.0,66.0,76.0,76.0,71.0,225.46,11700.0
2006-05-26,2006-06-29,OPTSTK,INFOSYSTCH,3150.0,CA,69.0,69.0,60.0,60.0,60.0,9.0,28.93,600.0
2006-05-26,2006-06-29,OPTSTK,INFOSYSTCH,3200.0,CA,40.0,58.95,40.0,49.95,49.95,29.0,94.28,4500.0
2006-05-26,2006-06-29,OPTSTK,INFOSYSTCH,3250.0,CA,45.05,54.95,45.05,45.1,45.1,4.0,13.19,600.0
2006-05-26,2006-06-29,OPTSTK,INFOSYSTCH,3300.0,CA,33.3,41.45,30.0,32.65,32.65,27.0,90.05,7600.0
2006-05-26,2006-06-29,OPTSTK,INFOSYSTCH,3350.0,CA,0.0,0.0,0.0,166.1,49.35,0.0,0.0,0.0
2006-05-26,2006-06-29,OPTSTK,INFOSYSTCH,3400.0,CA,32.0,32.0,25.0,25.0,25.0,4.0,13.7,500.0
2006-05-26,2006-06-29,OPTSTK,INFOSYSTCH,3450.0,CA,0.0,0.0,0.0,263.6,34.35,0.0,0.0,0.0
2006-05-26,2006-06-29,OPTSTK,INFOSYSTCH,3500.0,CA,27.0,27.0,20.0,20.0,20.0,5.0,17.61,500.0
2006-05-26,2006-06-29,OPTSTK,INFOSYSTCH,2650.0,PA,30.0,30.0,25.0,25.0,25.0,2.0,5.35,300.0
2006-05-26,2006-06-29,OPTSTK,INFOSYSTCH,2700.0,PA,0.0,0.0,0.0,105.0,68.1,0.0,0.0,500.0
2006-05-26,2006-06-29,OPTSTK,INFOSYSTCH,2750.0,PA,0.0,0.0,0.0,109.4,83.75,0.0,0.0,0.0
2006-05-26,2006-06-29,OPTSTK,INFOSYSTCH,2800.0,PA,95.0,95.0,80.0,84.0,84.0,12.0,34.61,2600.0
2006-05-26,2006-06-29,OPTSTK,INFOSYSTCH,2850.0,PA,0.0,0.0,0.0,95.85,122.15,0.0,0.0,0.0
2006-05-26,2006-06-29,OPTSTK,INFOSYSTCH,2900.0,PA,125.0,135.0,101.0,125.0,125.0,5.0,15.08,500.0
2006-05-26,2006-06-29,OPTSTK,INFOSYSTCH,2950.0,PA,0.0,0.0,0.0,109.8,169.8,0.0,0.0,0.0
2006-05-26,2006-06-29,OPTSTK,INFOSYSTCH,3000.0,PA,0.0,0.0,0.0,130.0,197.1,0.0,0.0,0.0
2006-05-26,2006-06-29,OPTSTK,INFOSYSTCH,3050.0,PA,0.0,0.0,0.0,152.35,226.65,0.0,0.0,0.0
2006-05-26,2006-06-29,OPTSTK,INFOSYSTCH,3100.0,PA,0.0,0.0,0.0,140.0,258.25,0.0,0.0,100.0
2006-05-26,2006-06-29,OPTSTK,INFOSYSTCH,3150.0,PA,216.0,216.0,216.0,216.0,216.0,1.0,3.36,100.0
2006-05-26,2006-06-29,OPTSTK,INFOSYSTCH,3200.0,PA,0.0,0.0,0.0,400.0,327.45,0.0,0.0,200.0
2006-05-26,2006-06-29,OPTSTK,INFOSYSTCH,3250.0,PA,0.0,0.0,0.0,258.65,364.9,0.0,0.0,0.0
2006-05-26,2006-06-29,OPTSTK,INFOSYSTCH,3300.0,PA,0.0,0.0,0.0,287.15,403.65,0.0,0.0,0.0
2006-05-26,2006-06-29,OPTSTK,INFOSYSTCH,3350.0,PA,0.0,0.0,0.0,270.9,444.0,0.0,0.0,0.0
2006-05-26,2006-06-29,OPTSTK,INFOSYSTCH,3400.0,PA,0.0,0.0,0.0,350.1,485.6,0.0,0.0,0.0
2006-05-26,2006-06-29,OPTSTK,INFOSYSTCH,3450.0,PA,0.0,0.0,0.0,329.35,528.4,0.0,0.0,0.0
2006-05-26,2006-06-29,OPTSTK,INFOSYSTCH,3500.0,PA,0.0,0.0,0.0,358.5,572.2,0.0,0.0,0.0
2006-05-26,2006-07-27,OPTSTK,INFOSYSTCH,2650.0,CA,0.0,0.0,0.0,315.7,411.05,0.0,0.0,0.0
2006-05-26,2006-07-27,OPTSTK,INFOSYSTCH,2700.0,CA,0.0,0.0,0.0,285.55,378.05,0.0,0.0,0.0
2006-05-26,2006-07-27,OPTSTK,INFOSYSTCH,2750.0,CA,0.0,0.0,0.0,257.45,346.9,0.0,0.0,0.0
2006-05-26,2006-07-27,OPTSTK,INFOSYSTCH,2800.0,CA,0.0,0.0,0.0,332.65,317.45,0.0,0.0,0.0
2006-05-26,2006-07-27,OPTSTK,INFOSYSTCH,2850.0,CA,0.0,0.0,0.0,302.95,289.75,0.0,0.0,0.0
2006-05-26,2006-07-27,OPTSTK,INFOSYSTCH,2900.0,CA,0.0,0.0,0.0,315.95,263.8,0.0,0.0,0.0
2006-05-26,2006-07-27,OPTSTK,INFOSYSTCH,2950.0,CA,0.0,0.0,0.0,287.9,239.6,0.0,0.0,0.0
2006-05-26,2006-07-27,OPTSTK,INFOSYSTCH,3000.0,CA,0.0,0.0,0.0,385.5,217.05,0.0,0.0,0.0
2006-05-26,2006-07-27,OPTSTK,INFOSYSTCH,3050.0,CA,0.0,0.0,0.0,358.9,196.15,0.0,0.0,0.0
2006-05-26,2006-07-27,OPTSTK,INFOSYSTCH,3100.0,CA,0.0,0.0,0.0,333.65,176.8,0.0,0.0,0.0
2006-05-26,2006-07-27,OPTSTK,INFOSYSTCH,3150.0,CA,0.0,0.0,0.0,309.7,159.05,0.0,0.0,0.0
2006-05-26,2006-07-27,OPTSTK,INFOSYSTCH,3200.0,CA,0.0,0.0,0.0,287.1,142.7,0.0,0.0,0.0
2006-05-26,2006-07-27,OPTSTK,INFOSYSTCH,3250.0,CA,0.0,0.0,0.0,265.8,127.8,0.0,0.0,0.0
2006-05-26,2006-07-27,OPTSTK,INFOSYSTCH,3300.0,CA,0.0,0.0,0.0,245.75,114.15,0.0,0.0,0.0
2006-05-26,2006-07-27,OPTSTK,INFOSYSTCH,3350.0,CA,0.0,0.0,0.0,228.85,101.95,0.0,0.0,0.0
2006-05-26,2006-07-27,OPTSTK,INFOSYSTCH,3400.0,CA,0.0,0.0,0.0,182.05,90.75,0.0,0.0,0.0
2006-05-26,2006-07-27,OPTSTK,INFOSYSTCH,2650.0,PA,0.0,0.0,0.0,109.3,96.45,0.0,0.0,0.0
2006-05-26,2006-07-27,OPTSTK,INFOSYSTCH,2700.0,PA,0.0,0.0,0.0,128.6,112.9,0.0,0.0,0.0
2006-05-26,2006-07-27,OPTSTK,INFOSYSTCH,2750.0,PA,0.0,0.0,0.0,149.85,131.15,0.0,0.0,0.0
2006-05-26,2006-07-27,OPTSTK,INFOSYSTCH,2800.0,PA,0.0,0.0,0.0,121.85,151.15,0.0,0.0,0.0
2006-05-26,2006-07-27,OPTSTK,INFOSYSTCH,2850.0,PA,0.0,0.0,0.0,141.5,172.9,0.0,0.0,0.0
2006-05-26,2006-07-27,OPTSTK,INFOSYSTCH,2900.0,PA,0.0,0.0,0.0,144.2,196.35,0.0,0.0,0.0
2006-05-26,2006-07-27,OPTSTK,INFOSYSTCH,2950.0,PA,0.0,0.0,0.0,165.5,221.55,0.0,0.0,0.0
2006-05-26,2006-07-27,OPTSTK,INFOSYSTCH,3000.0,PA,0.0,0.0,0.0,201.5,248.45,0.0,0.0,0.0
2006-05-26,2006-07-27,OPTSTK,INFOSYSTCH,3050.0,PA,0.0,0.0,0.0,224.0,276.95,0.0,0.0,0.0
2006-05-26,2006-07-27,OPTSTK,INFOSYSTCH,3100.0,PA,0.0,0.0,0.0,247.9,307.1,0.0,0.0,0.0
2006-05-26,2006-07-27,OPTSTK,INFOSYSTCH,3150.0,PA,0.0,0.0,0.0,273.1,338.7,0.0,0.0,0.0
2006-05-26,2006-07-27,OPTSTK,INFOSYSTCH,3200.0,PA,0.0,0.0,0.0,299.65,371.8,0.0,0.0,0.0
2006-05-26,2006-07-27,OPTSTK,INFOSYSTCH,3250.0,PA,0.0,0.0,0.0,327.5,406.3,0.0,0.0,0.0
2006-05-26,2006-07-27,OPTSTK,INFOSYSTCH,3300.0,PA,0.0,0.0,0.0,356.6,442.1,0.0,0.0,0.0
2006-05-26,2006-07-27,OPTSTK,INFOSYSTCH,3350.0,PA,0.0,0.0,0.0,345.7,479.3,0.0,0.0,0.0
2006-05-26,2006-07-27,OPTSTK,INFOSYSTCH,3400.0,PA,0.0,0.0,0.0,302.15,517.55,0.0,0.0,0.0
2006-05-26,2006-08-31,OPTSTK,INFOSYSTCH,2700.0,CA,0.0,0.0,0.0,359.5,438.75,0.0,0.0,0.0
2006-05-26,2006-08-31,OPTSTK,INFOSYSTCH,2750.0,CA,0.0,0.0,0.0,332.75,409.4,0.0,0.0,0.0
2006-05-26,2006-08-31,OPTSTK,INFOSYSTCH,2800.0,CA,0.0,0.0,0.0,307.45,381.45,0.0,0.0,0.0
2006-05-26,2006-08-31,OPTSTK,INFOSYSTCH,2850.0,CA,0.0,0.0,0.0,283.65,354.9,0.0,0.0,0.0
2006-05-26,2006-08-31,OPTSTK,INFOSYSTCH,2900.0,CA,0.0,0.0,0.0,261.3,329.7,0.0,0.0,0.0
2006-05-26,2006-08-31,OPTSTK,INFOSYSTCH,2950.0,CA,0.0,0.0,0.0,240.3,305.9,0.0,0.0,0.0
2006-05-26,2006-08-31,OPTSTK,INFOSYSTCH,3000.0,CA,0.0,0.0,0.0,220.65,283.45,0.0,0.0,0.0
2006-05-26,2006-08-31,OPTSTK,INFOSYSTCH,3050.0,CA,0.0,0.0,0.0,0.0,0.0,0.0,0.0,0.0
2006-05-26,2006-08-31,OPTSTK,INFOSYSTCH,3100.0,CA,0.0,0.0,0.0,0.0,0.0,0.0,0.0,0.0
2006-05-26,2006-08-31,OPTSTK,INFOSYSTCH,2700.0,PA,0.0,0.0,0.0,181.8,156.3,0.0,0.0,0.0
2006-05-26,2006-08-31,OPTSTK,INFOSYSTCH,2750.0,PA,0.0,0.0,0.0,204.15,176.05,0.0,0.0,0.0
2006-05-26,2006-08-31,OPTSTK,INFOSYSTCH,2800.0,PA,0.0,0.0,0.0,227.95,197.2,0.0,0.0,0.0
2006-05-26,2006-08-31,OPTSTK,INFOSYSTCH,2850.0,PA,0.0,0.0,0.0,253.25,219.75,0.0,0.0,0.0
2006-05-26,2006-08-31,OPTSTK,INFOSYSTCH,2900.0,PA,0.0,0.0,0.0,279.95,243.65,0.0,0.0,0.0
2006-05-26,2006-08-31,OPTSTK,INFOSYSTCH,2950.0,PA,0.0,0.0,0.0,308.05,268.95,0.0,0.0,0.0
2006-05-26,2006-08-31,OPTSTK,INFOSYSTCH,3000.0,PA,0.0,0.0,0.0,337.5,295.6,0.0,0.0,0.0
2006-05-26,2006-08-31,OPTSTK,INFOSYSTCH,3050.0,PA,0.0,0.0,0.0,0.0,0.0,0.0,0.0,0.0
2006-05-26,2006-08-31,OPTSTK,INFOSYSTCH,3100.0,PA,0.0,0.0,0.0,0.0,0.0,0.0,0.0,0.0
2006-05-26,2006-06-29,OPTSTK,IOB,55.0,CA,0.0,0.0,0.0,18.15,32.7,0.0,0.0,0.0
2006-05-26,2006-06-29,OPTSTK,IOB,60.0,CA,0.0,0.0,0.0,18.4,28.25,0.0,0.0,0.0
2006-05-26,2006-06-29,OPTSTK,IOB,65.0,CA,0.0,0.0,0.0,15.05,24.15,0.0,0.0,0.0
2006-05-26,2006-06-29,OPTSTK,IOB,70.0,CA,0.0,0.0,0.0,18.85,20.35,0.0,0.0,0.0
2006-05-26,2006-06-29,OPTSTK,IOB,75.0,CA,0.0,0.0,0.0,15.05,16.95,0.0,0.0,0.0
2006-05-26,2006-06-29,OPTSTK,IOB,80.0,CA,0.0,0.0,0.0,16.85,13.95,0.0,0.0,0.0
2006-05-26,2006-06-29,OPTSTK,IOB,85.0,CA,0.0,0.0,0.0,12.85,11.4,0.0,0.0,0.0
2006-05-26,2006-06-29,OPTSTK,IOB,90.0,CA,0.0,0.0,0.0,9.4,9.2,0.0,0.0,0.0
2006-05-26,2006-06-29,OPTSTK,IOB,95.0,CA,0.0,0.0,0.0,6.6,7.4,0.0,0.0,0.0
2006-05-26,2006-06-29,OPTSTK,IOB,100.0,CA,0.0,0.0,0.0,4.0,5.9,0.0,0.0,0.0
2006-05-26,2006-06-29,OPTSTK,IOB,105.0,CA,0.0,0.0,0.0,2.9,4.7,0.0,0.0,0.0
2006-05-26,2006-06-29,OPTSTK,IOB,110.0,CA,0.0,0.0,0.0,1.8,3.7,0.0,0.0,0.0
2006-05-26,2006-06-29,OPTSTK,IOB,115.0,CA,0.0,0.0,0.0,1.65,2.9,0.0,0.0,0.0
2006-05-26,2006-06-29,OPTSTK,IOB,120.0,CA,0.0,0.0,0.0,3.45,2.25,0.0,0.0,0.0
2006-05-26,2006-06-29,OPTSTK,IOB,55.0,PA,0.0,0.0,0.0,2.0,0.55,0.0,0.0,0.0
2006-05-26,2006-06-29,OPTSTK,IOB,60.0,PA,0.0,0.0,0.0,2.7,1.1,0.0,0.0,0.0
2006-05-26,2006-06-29,OPTSTK,IOB,65.0,PA,0.0,0.0,0.0,4.3,1.9,0.0,0.0,0.0
2006-05-26,2006-06-29,OPTSTK,IOB,70.0,PA,0.0,0.0,0.0,1.45,3.1,0.0,0.0,0.0
2006-05-26,2006-06-29,OPTSTK,IOB,75.0,PA,0.0,0.0,0.0,2.6,4.7,0.0,0.0,0.0
2006-05-26,2006-06-29,OPTSTK,IOB,80.0,PA,0.0,0.0,0.0,0.8,6.65,0.0,0.0,0.0
2006-05-26,2006-06-29,OPTSTK,IOB,85.0,PA,0.0,0.0,0.0,1.7,9.05,0.0,0.0,0.0
2006-05-26,2006-06-29,OPTSTK,IOB,90.0,PA,0.0,0.0,0.0,3.15,11.85,0.0,0.0,0.0
2006-05-26,2006-06-29,OPTSTK,IOB,95.0,PA,0.0,0.0,0.0,5.25,15.0,0.0,0.0,0.0
2006-05-26,2006-06-29,OPTSTK,IOB,100.0,PA,0.0,0.0,0.0,8.0,18.45,0.0,0.0,0.0
2006-05-26,2006-06-29,OPTSTK,IOB,105.0,PA,0.0,0.0,0.0,11.3,22.2,0.0,0.0,0.0
2006-05-26,2006-06-29,OPTSTK,IOB,110.0,PA,0.0,0.0,0.0,15.1,26.2,0.0,0.0,0.0
2006-05-26,2006-06-29,OPTSTK,IOB,115.0,PA,0.0,0.0,0.0,16.6,30.35,0.0,0.0,0.0
2006-05-26,2006-06-29,OPTSTK,IOB,120.0,PA,0.0,0.0,0.0,17.95,34.7,0.0,0.0,0.0
2006-05-26,2006-07-27,OPTSTK,IOB,55.0,CA,0.0,0.0,0.0,20.1,34.1,0.0,0.0,0.0
2006-05-26,2006-07-27,OPTSTK,IOB,60.0,CA,0.0,0.0,0.0,20.55,30.15,0.0,0.0,0.0
2006-05-26,2006-07-27,OPTSTK,IOB,65.0,CA,0.0,0.0,0.0,17.55,26.5,0.0,0.0,0.0
2006-05-26,2006-07-27,OPTSTK,IOB,70.0,CA,0.0,0.0,0.0,20.5,23.2,0.0,0.0,0.0
2006-05-26,2006-07-27,OPTSTK,IOB,75.0,CA,0.0,0.0,0.0,17.0,20.2,0.0,0.0,0.0
2006-05-26,2006-07-27,OPTSTK,IOB,80.0,CA,0.0,0.0,0.0,17.7,17.5,0.0,0.0,0.0
2006-05-26,2006-07-27,OPTSTK,IOB,85.0,CA,0.0,0.0,0.0,17.8,15.1,0.0,0.0,0.0
2006-05-26,2006-07-27,OPTSTK,IOB,90.0,CA,0.0,0.0,0.0,14.5,13.0,0.0,0.0,0.0
2006-05-26,2006-07-27,OPTSTK,IOB,95.0,CA,0.0,0.0,0.0,11.65,11.2,0.0,0.0,0.0
2006-05-26,2006-07-27,OPTSTK,IOB,100.0,CA,0.0,0.0,0.0,9.2,9.6,0.0,0.0,0.0
2006-05-26,2006-07-27,OPTSTK,IOB,105.0,CA,0.0,0.0,0.0,7.2,8.2,0.0,0.0,0.0
2006-05-26,2006-07-27,OPTSTK,IOB,110.0,CA,0.0,0.0,0.0,5.55,7.05,0.0,0.0,0.0
2006-05-26,2006-07-27,OPTSTK,IOB,115.0,CA,0.0,0.0,0.0,4.25,6.0,0.0,0.0,0.0
2006-05-26,2006-07-27,OPTSTK,IOB,120.0,CA,0.0,0.0,0.0,4.4,5.15,0.0,0.0,0.0
2006-05-26,2006-07-27,OPTSTK,IOB,55.0,PA,0.0,0.0,0.0,3.65,1.7,0.0,0.0,0.0
2006-05-26,2006-07-27,OPTSTK,IOB,60.0,PA,0.0,0.0,0.0,4.55,2.7,0.0,0.0,0.0
2006-05-26,2006-07-27,OPTSTK,IOB,65.0,PA,0.0,0.0,0.0,6.45,3.95,0.0,0.0,0.0
2006-05-26,2006-07-27,OPTSTK,IOB,70.0,PA,0.0,0.0,0.0,2.7,5.6,0.0,0.0,0.0
2006-05-26,2006-07-27,OPTSTK,IOB,75.0,PA,0.0,0.0,0.0,4.2,7.5,0.0,0.0,0.0
2006-05-26,2006-07-27,OPTSTK,IOB,80.0,PA,0.0,0.0,0.0,1.55,9.8,0.0,0.0,0.0
2006-05-26,2006-07-27,OPTSTK,IOB,85.0,PA,0.0,0.0,0.0,3.2,12.35,0.0,0.0,0.0
2006-05-26,2006-07-27,OPTSTK,IOB,90.0,PA,0.0,0.0,0.0,4.8,15.2,0.0,0.0,0.0
2006-05-26,2006-07-27,OPTSTK,IOB,95.0,PA,0.0,0.0,0.0,6.85,18.3,0.0,0.0,0.0
2006-05-26,2006-07-27,OPTSTK,IOB,100.0,PA,0.0,0.0,0.0,9.35,21.65,0.0,0.0,0.0
2006-05-26,2006-07-27,OPTSTK,IOB,105.0,PA,0.0,0.0,0.0,12.25,25.2,0.0,0.0,0.0
2006-05-26,2006-07-27,OPTSTK,IOB,110.0,PA,0.0,0.0,0.0,15.55,28.95,0.0,0.0,0.0
2006-05-26,2006-07-27,OPTSTK,IOB,115.0,PA,0.0,0.0,0.0,19.15,32.9,0.0,0.0,0.0
2006-05-26,2006-07-27,OPTSTK,IOB,120.0,PA,0.0,0.0,0.0,19.1,36.95,0.0,0.0,0.0
2006-05-26,2006-08-31,OPTSTK,IOB,70.0,CA,0.0,0.0,0.0,24.15,26.15,0.0,0.0,0.0
2006-05-26,2006-08-31,OPTSTK,IOB,75.0,CA,0.0,0.0,0.0,21.6,23.4,0.0,0.0,0.0
2006-05-26,2006-08-31,OPTSTK,IOB,80.0,CA,0.0,0.0,0.0,19.25,20.95,0.0,0.0,0.0
2006-05-26,2006-08-31,OPTSTK,IOB,85.0,CA,0.0,0.0,0.0,17.2,18.7,0.0,0.0,0.0
2006-05-26,2006-08-31,OPTSTK,IOB,90.0,CA,0.0,0.0,0.0,15.3,16.7,0.0,0.0,0.0
2006-05-26,2006-08-31,OPTSTK,IOB,95.0,CA,0.0,0.0,0.0,13.65,14.9,0.0,0.0,0.0
2006-05-26,2006-08-31,OPTSTK,IOB,100.0,CA,0.0,0.0,0.0,12.15,13.3,0.0,0.0,0.0
2006-05-26,2006-08-31,OPTSTK,IOB,70.0,PA,0.0,0.0,0.0,9.1,8.1,0.0,0.0,0.0
2006-05-26,2006-08-31,OPTSTK,IOB,75.0,PA,0.0,0.0,0.0,11.45,10.25,0.0,0.0,0.0
2006-05-26,2006-08-31,OPTSTK,IOB,80.0,PA,0.0,0.0,0.0,14.05,12.7,0.0,0.0,0.0
2006-05-26,2006-08-31,OPTSTK,IOB,85.0,PA,0.0,0.0,0.0,16.9,15.4,0.0,0.0,0.0
2006-05-26,2006-08-31,OPTSTK,IOB,90.0,PA,0.0,0.0,0.0,19.95,18.3,0.0,0.0,0.0
2006-05-26,2006-08-31,OPTSTK,IOB,95.0,PA,0.0,0.0,0.0,23.15,21.4,0.0,0.0,0.0
2006-05-26,2006-08-31,OPTSTK,IOB,100.0,PA,0.0,0.0,0.0,26.6,24.7,0.0,0.0,0.0
2006-05-26,2006-06-29,OPTSTK,IOC,420.0,CA,0.0,0.0,0.0,47.0,54.5,0.0,0.0,0.0
2006-05-26,2006-06-29,OPTSTK,IOC,430.0,CA,0.0,0.0,0.0,40.5,47.4,0.0,0.0,0.0
2006-05-26,2006-06-29,OPTSTK,IOC,440.0,CA,0.0,0.0,0.0,68.5,40.9,0.0,0.0,0.0
2006-05-26,2006-06-29,OPTSTK,IOC,450.0,CA,0.0,0.0,0.0,36.4,34.95,0.0,0.0,0.0
2006-05-26,2006-06-29,OPTSTK,IOC,460.0,CA,0.0,0.0,0.0,64.0,29.6,0.0,0.0,0.0
2006-05-26,2006-06-29,OPTSTK,IOC,470.0,CA,0.0,0.0,0.0,25.25,24.9,0.0,0.0,0.0
2006-05-26,2006-06-29,OPTSTK,IOC,480.0,CA,0.0,0.0,0.0,74.65,20.7,0.0,0.0,0.0
2006-05-26,2006-06-29,OPTSTK,IOC,490.0,CA,0.0,0.0,0.0,16.75,17.1,0.0,0.0,0.0
2006-05-26,2006-06-29,OPTSTK,IOC,500.0,CA,0.0,0.0,0.0,82.65,14.0,0.0,0.0,0.0
2006-05-26,2006-06-29,OPTSTK,IOC,510.0,CA,0.0,0.0,0.0,17.5,11.4,0.0,0.0,0.0
2006-05-26,2006-06-29,OPTSTK,IOC,520.0,CA,0.0,0.0,0.0,74.4,9.2,0.0,0.0,0.0
2006-05-26,2006-06-29,OPTSTK,IOC,540.0,CA,0.0,0.0,0.0,59.5,5.8,0.0,0.0,0.0
2006-05-26,2006-06-29,OPTSTK,IOC,560.0,CA,0.0,0.0,0.0,46.35,3.6,0.0,0.0,0.0
2006-05-26,2006-06-29,OPTSTK,IOC,580.0,CA,0.0,0.0,0.0,35.2,2.15,0.0,0.0,0.0
2006-05-26,2006-06-29,OPTSTK,IOC,600.0,CA,0.0,0.0,0.0,26.05,1.25,0.0,0.0,0.0
2006-05-26,2006-06-29,OPTSTK,IOC,620.0,CA,0.0,0.0,0.0,18.75,0.75,0.0,0.0,0.0
2006-05-26,2006-06-29,OPTSTK,IOC,640.0,CA,0.0,0.0,0.0,13.2,0.4,0.0,0.0,0.0
2006-05-26,2006-06-29,OPTSTK,IOC,660.0,CA,0.0,0.0,0.0,22.75,0.25,0.0,0.0,0.0
2006-05-26,2006-06-29,OPTSTK,IOC,680.0,CA,0.0,0.0,0.0,17.65,0.15,0.0,0.0,0.0
2006-05-26,2006-06-29,OPTSTK,IOC,420.0,PA,0.0,0.0,0.0,11.75,8.85,0.0,0.0,0.0
2006-05-26,2006-06-29,OPTSTK,IOC,430.0,PA,0.0,0.0,0.0,15.2,11.7,0.0,0.0,0.0
2006-05-26,2006-06-29,OPTSTK,IOC,440.0,PA,0.0,0.0,0.0,4.9,15.1,0.0,0.0,0.0
2006-05-26,2006-06-29,OPTSTK,IOC,450.0,PA,0.0,0.0,0.0,13.65,19.1,0.0,0.0,0.0
2006-05-26,2006-06-29,OPTSTK,IOC,460.0,PA,0.0,0.0,0.0,6.25,23.75,0.0,0.0,0.0
2006-05-26,2006-06-29,OPTSTK,IOC,470.0,PA,0.0,0.0,0.0,22.35,28.9,0.0,0.0,0.0
2006-05-26,2006-06-29,OPTSTK,IOC,480.0,PA,0.0,0.0,0.0,8.5,34.7,0.0,0.0,0.0
2006-05-26,2006-06-29,OPTSTK,IOC,490.0,PA,0.0,0.0,0.0,33.7,41.05,0.0,0.0,0.0
2006-05-26,2006-06-29,OPTSTK,IOC,500.0,PA,0.0,0.0,0.0,5.8,47.85,0.0,0.0,0.0
2006-05-26,2006-06-29,OPTSTK,IOC,510.0,PA,0.0,0.0,0.0,47.6,55.2,0.0,0.0,0.0
2006-05-26,2006-06-29,OPTSTK,IOC,520.0,PA,0.0,0.0,0.0,7.0,62.9,0.0,0.0,0.0
2006-05-26,2006-06-29,OPTSTK,IOC,540.0,PA,0.0,0.0,0.0,11.65,79.4,0.0,0.0,0.0
2006-05-26,2006-06-29,OPTSTK,IOC,560.0,PA,0.0,0.0,0.0,18.05,97.05,0.0,0.0,0.0
2006-05-26,2006-06-29,OPTSTK,IOC,580.0,PA,0.0,0.0,0.0,26.5,115.5,0.0,0.0,0.0
2006-05-26,2006-06-29,OPTSTK,IOC,600.0,PA,0.0,0.0,0.0,36.9,134.5,0.0,0.0,0.0
2006-05-26,2006-06-29,OPTSTK,IOC,620.0,PA,0.0,0.0,0.0,49.2,153.8,0.0,0.0,0.0
2006-05-26,2006-06-29,OPTSTK,IOC,640.0,PA,0.0,0.0,0.0,63.25,173.4,0.0,0.0,0.0
2006-05-26,2006-06-29,OPTSTK,IOC,660.0,PA,0.0,0.0,0.0,61.35,193.1,0.0,0.0,0.0
2006-05-26,2006-06-29,OPTSTK,IOC,680.0,PA,0.0,0.0,0.0,71.4,212.85,0.0,0.0,0.0
2006-05-26,2006-07-27,OPTSTK,IOC,420.0,CA,0.0,0.0,0.0,56.15,63.3,0.0,0.0,0.0
2006-05-26,2006-07-27,OPTSTK,IOC,430.0,CA,0.0,0.0,0.0,50.1,56.8,0.0,0.0,0.0
2006-05-26,2006-07-27,OPTSTK,IOC,440.0,CA,0.0,0.0,0.0,75.15,50.75,0.0,0.0,0.0
2006-05-26,2006-07-27,OPTSTK,IOC,450.0,CA,0.0,0.0,0.0,44.75,45.2,0.0,0.0,0.0
2006-05-26,2006-07-27,OPTSTK,IOC,460.0,CA,0.0,0.0,0.0,71.1,40.05,0.0,0.0,0.0
2006-05-26,2006-07-27,OPTSTK,IOC,470.0,CA,0.0,0.0,0.0,34.0,35.35,0.0,0.0,0.0
2006-05-26,2006-07-27,OPTSTK,IOC,480.0,CA,0.0,0.0,0.0,77.85,31.05,0.0,0.0,0.0
2006-05-26,2006-07-27,OPTSTK,IOC,490.0,CA,0.0,0.0,0.0,25.2,27.2,0.0,0.0,0.0
2006-05-26,2006-07-27,OPTSTK,IOC,500.0,CA,0.0,0.0,0.0,77.65,23.7,0.0,0.0,0.0
2006-05-26,2006-07-27,OPTSTK,IOC,510.0,CA,0.0,0.0,0.0,27.6,20.6,0.0,0.0,0.0
2006-05-26,2006-07-27,OPTSTK,IOC,520.0,CA,0.0,0.0,0.0,64.75,17.85,0.0,0.0,0.0
2006-05-26,2006-07-27,OPTSTK,IOC,540.0,CA,0.0,0.0,0.0,53.3,13.25,0.0,0.0,0.0
2006-05-26,2006-07-27,OPTSTK,IOC,560.0,CA,0.0,0.0,0.0,43.4,9.7,0.0,0.0,0.0
2006-05-26,2006-07-27,OPTSTK,IOC,580.0,CA,0.0,0.0,0.0,34.9,7.0,0.0,0.0,0.0
2006-05-26,2006-07-27,OPTSTK,IOC,600.0,CA,0.0,0.0,0.0,27.75,5.05,0.0,0.0,0.0
2006-05-26,2006-07-27,OPTSTK,IOC,620.0,CA,0.0,0.0,0.0,21.85,3.55,0.0,0.0,0.0
2006-05-26,2006-07-27,OPTSTK,IOC,640.0,CA,0.0,0.0,0.0,20.6,2.5,0.0,0.0,0.0
2006-05-26,2006-07-27,OPTSTK,IOC,660.0,CA,0.0,0.0,0.0,20.45,1.75,0.0,0.0,0.0
2006-05-26,2006-07-27,OPTSTK,IOC,420.0,PA,0.0,0.0,0.0,18.7,15.45,0.0,0.0,0.0
2006-05-26,2006-07-27,OPTSTK,IOC,430.0,PA,0.0,0.0,0.0,22.55,18.9,0.0,0.0,0.0
2006-05-26,2006-07-27,OPTSTK,IOC,440.0,PA,0.0,0.0,0.0,9.25,22.75,0.0,0.0,0.0
2006-05-26,2006-07-27,OPTSTK,IOC,450.0,PA,0.0,0.0,0.0,19.65,27.05,0.0,0.0,0.0
2006-05-26,2006-07-27,OPTSTK,IOC,460.0,PA,0.0,0.0,0.0,10.95,31.75,0.0,0.0,0.0
2006-05-26,2006-07-27,OPTSTK,IOC,470.0,PA,0.0,0.0,0.0,28.65,36.95,0.0,0.0,0.0
2006-05-26,2006-07-27,OPTSTK,IOC,480.0,PA,0.0,0.0,0.0,8.4,42.55,0.0,0.0,0.0
2006-05-26,2006-07-27,OPTSTK,IOC,490.0,PA,0.0,0.0,0.0,39.6,48.6,0.0,0.0,0.0
2006-05-26,2006-07-27,OPTSTK,IOC,500.0,PA,0.0,0.0,0.0,16.95,55.0,0.0,0.0,0.0
2006-05-26,2006-07-27,OPTSTK,IOC,510.0,PA,0.0,0.0,0.0,55.1,61.75,0.0,0.0,0.0
2006-05-26,2006-07-27,OPTSTK,IOC,520.0,PA,0.0,0.0,0.0,23.7,68.9,0.0,0.0,0.0
2006-05-26,2006-07-27,OPTSTK,IOC,540.0,PA,0.0,0.0,0.0,31.95,84.1,0.0,0.0,0.0
2006-05-26,2006-07-27,OPTSTK,IOC,560.0,PA,0.0,0.0,0.0,41.65,100.3,0.0,0.0,0.0
2006-05-26,2006-07-27,OPTSTK,IOC,580.0,PA,0.0,0.0,0.0,52.85,117.4,0.0,0.0,0.0
2006-05-26,2006-07-27,OPTSTK,IOC,600.0,PA,0.0,0.0,0.0,65.35,135.15,0.0,0.0,0.0
2006-05-26,2006-07-27,OPTSTK,IOC,620.0,PA,0.0,0.0,0.0,79.1,153.45,0.0,0.0,0.0
2006-05-26,2006-07-27,OPTSTK,IOC,640.0,PA,0.0,0.0,0.0,74.25,172.15,0.0,0.0,0.0
2006-05-26,2006-07-27,OPTSTK,IOC,660.0,PA,0.0,0.0,0.0,79.65,191.2,0.0,0.0,0.0
2006-05-26,2006-08-31,OPTSTK,IOC,420.0,CA,0.0,0.0,0.0,65.55,72.5,0.0,0.0,0.0
2006-05-26,2006-08-31,OPTSTK,IOC,430.0,CA,0.0,0.0,0.0,59.85,66.45,0.0,0.0,0.0
2006-05-26,2006-08-31,OPTSTK,IOC,440.0,CA,0.0,0.0,0.0,54.5,60.7,0.0,0.0,0.0
2006-05-26,2006-08-31,OPTSTK,IOC,450.0,CA,0.0,0.0,0.0,49.5,55.35,0.0,0.0,0.0
2006-05-26,2006-08-31,OPTSTK,IOC,460.0,CA,0.0,0.0,0.0,44.9,50.35,0.0,0.0,0.0
2006-05-26,2006-08-31,OPTSTK,IOC,470.0,CA,0.0,0.0,0.0,40.6,45.7,0.0,0.0,0.0
2006-05-26,2006-08-31,OPTSTK,IOC,480.0,CA,0.0,0.0,0.0,36.65,41.4,0.0,0.0,0.0
2006-05-26,2006-08-31,OPTSTK,IOC,490.0,CA,0.0,0.0,0.0,0.0,0.0,0.0,0.0,0.0
2006-05-26,2006-08-31,OPTSTK,IOC,420.0,PA,0.0,0.0,0.0,25.4,22.0,0.0,0.0,0.0
2006-05-26,2006-08-31,OPTSTK,IOC,430.0,PA,0.0,0.0,0.0,29.5,25.75,0.0,0.0,0.0
2006-05-26,2006-08-31,OPTSTK,IOC,440.0,PA,0.0,0.0,0.0,34.0,29.85,0.0,0.0,0.0
2006-05-26,2006-08-31,OPTSTK,IOC,450.0,PA,0.0,0.0,0.0,38.85,34.35,0.0,0.0,0.0
2006-05-26,2006-08-31,OPTSTK,IOC,460.0,PA,0.0,0.0,0.0,44.0,39.15,0.0,0.0,0.0
2006-05-26,2006-08-31,OPTSTK,IOC,470.0,PA,0.0,0.0,0.0,49.55,44.3,0.0,0.0,0.0
2006-05-26,2006-08-31,OPTSTK,IOC,480.0,PA,0.0,0.0,0.0,55.4,49.85,0.0,0.0,0.0
2006-05-26,2006-08-31,OPTSTK,IOC,490.0,PA,0.0,0.0,0.0,0.0,0.0,0.0,0.0,0.0
2006-05-26,2006-06-29,OPTSTK,IPCL,195.0,CA,0.0,0.0,0.0,29.45,50.15,0.0,0.0,0.0
2006-05-26,2006-06-29,OPTSTK,IPCL,200.0,CA,0.0,0.0,0.0,26.6,46.5,0.0,0.0,0.0
2006-05-26,2006-06-29,OPTSTK,IPCL,205.0,CA,0.0,0.0,0.0,23.95,43.0,0.0,0.0,0.0
2006-05-26,2006-06-29,OPTSTK,IPCL,210.0,CA,0.0,0.0,0.0,21.55,39.65,0.0,0.0,0.0
2006-05-26,2006-06-29,OPTSTK,IPCL,215.0,CA,0.0,0.0,0.0,31.8,36.5,0.0,0.0,0.0
2006-05-26,2006-06-29,OPTSTK,IPCL,220.0,CA,0.0,0.0,0.0,40.2,33.55,0.0,0.0,0.0
2006-05-26,2006-06-29,OPTSTK,IPCL,225.0,CA,0.0,0.0,0.0,32.0,30.75,0.0,0.0,0.0
2006-05-26,2006-06-29,OPTSTK,IPCL,230.0,CA,0.0,0.0,0.0,18.0,28.1,0.0,0.0,8800.0
2006-05-26,2006-06-29,OPTSTK,IPCL,235.0,CA,0.0,0.0,0.0,24.6,25.65,0.0,0.0,0.0
2006-05-26,2006-06-29,OPTSTK,IPCL,240.0,CA,19.8,19.8,12.0,15.0,15.0,7.0,39.52,19800.0
2006-05-26,2006-06-29,OPTSTK,IPCL,245.0,CA,13.25,13.25,12.2,12.2,12.2,2.0,11.33,4400.0
2006-05-26,2006-06-29,OPTSTK,IPCL,250.0,CA,13.0,14.0,9.0,10.0,10.0,14.0,80.5,37400.0
2006-05-26,2006-06-29,OPTSTK,IPCL,255.0,CA,0.0,0.0,0.0,14.1,17.45,0.0,0.0,0.0
2006-05-26,2006-06-29,OPTSTK,IPCL,260.0,CA,7.5,9.0,7.0,7.0,7.0,22.0,129.67,101200.0
2006-05-26,2006-06-29,OPTSTK,IPCL,265.0,CA,0.0,0.0,0.0,10.25,14.25,0.0,0.0,0.0
2006-05-26,2006-06-29,OPTSTK,IPCL,270.0,CA,5.95,5.95,5.95,5.95,5.95,1.0,6.07,2200.0
2006-05-26,2006-06-29,OPTSTK,IPCL,280.0,CA,0.0,0.0,0.0,9.4,10.4,0.0,0.0,0.0
2006-05-26,2006-06-29,OPTSTK,IPCL,290.0,CA,2.0,2.0,2.0,2.0,2.0,2.0,12.84,6600.0
2006-05-26,2006-06-29,OPTSTK,IPCL,300.0,CA,2.15,2.15,2.15,2.15,2.15,1.0,6.64,8800.0
2006-05-26,2006-06-29,OPTSTK,IPCL,310.0,CA,0.0,0.0,0.0,11.25,5.3,0.0,0.0,0.0
2006-05-26,2006-06-29,OPTSTK,IPCL,320.0,CA,0.0,0.0,0.0,10.3,4.2,0.0,0.0,0.0
2006-05-26,2006-06-29,OPTSTK,IPCL,195.0,PA,0.0,0.0,0.0,11.95,6.35,0.0,0.0,0.0
2006-05-26,2006-06-29,OPTSTK,IPCL,200.0,PA,0.0,0.0,0.0,14.1,7.7,0.0,0.0,0.0
2006-05-26,2006-06-29,OPTSTK,IPCL,205.0,PA,0.0,0.0,0.0,16.4,9.15,0.0,0.0,0.0
2006-05-26,2006-06-29,OPTSTK,IPCL,210.0,PA,0.0,0.0,0.0,18.95,10.8,0.0,0.0,0.0
2006-05-26,2006-06-29,OPTSTK,IPCL,215.0,PA,0.0,0.0,0.0,14.65,12.6,0.0,0.0,0.0
2006-05-26,2006-06-29,OPTSTK,IPCL,220.0,PA,0.0,0.0,0.0,3.9,14.6,0.0,0.0,0.0
2006-05-26,2006-06-29,OPTSTK,IPCL,225.0,PA,0.0,0.0,0.0,16.65,16.75,0.0,0.0,0.0
2006-05-26,2006-06-29,OPTSTK,IPCL,230.0,PA,0.0,0.0,0.0,4.0,19.1,0.0,0.0,0.0
2006-05-26,2006-06-29,OPTSTK,IPCL,235.0,PA,0.0,0.0,0.0,8.35,21.6,0.0,0.0,0.0
2006-05-26,2006-06-29,OPTSTK,IPCL,240.0,PA,0.0,0.0,0.0,6.55,24.3,0.0,0.0,0.0
2006-05-26,2006-06-29,OPTSTK,IPCL,245.0,PA,0.0,0.0,0.0,12.4,27.15,0.0,0.0,0.0
2006-05-26,2006-06-29,OPTSTK,IPCL,250.0,PA,0.0,0.0,0.0,10.0,30.15,0.0,0.0,0.0
2006-05-26,2006-06-29,OPTSTK,IPCL,255.0,PA,0.0,0.0,0.0,17.5,33.3,0.0,0.0,0.0
2006-05-26,2006-06-29,OPTSTK,IPCL,260.0,PA,0.0,0.0,0.0,14.45,36.6,0.0,0.0,0.0
2006-05-26,2006-06-29,OPTSTK,IPCL,265.0,PA,0.0,0.0,0.0,23.55,40.0,0.0,0.0,0.0
2006-05-26,2006-06-29,OPTSTK,IPCL,270.0,PA,0.0,0.0,0.0,19.85,43.6,0.0,0.0,0.0
2006-05-26,2006-06-29,OPTSTK,IPCL,280.0,PA,0.0,0.0,0.0,26.15,51.05,0.0,0.0,0.0
2006-05-26,2006-06-29,OPTSTK,IPCL,290.0,PA,0.0,0.0,0.0,33.25,59.0,0.0,0.0,0.0
2006-05-26,2006-06-29,OPTSTK,IPCL,300.0,PA,0.0,0.0,0.0,33.0,67.25,0.0,0.0,0.0
2006-05-26,2006-06-29,OPTSTK,IPCL,310.0,PA,0.0,0.0,0.0,40.6,75.8,0.0,0.0,0.0
2006-05-26,2006-06-29,OPTSTK,IPCL,320.0,PA,0.0,0.0,0.0,40.95,84.65,0.0,0.0,0.0
2006-05-26,2006-07-27,OPTSTK,IPCL,195.0,CA,0.0,0.0,0.0,35.85,56.65,0.0,0.0,0.0
2006-05-26,2006-07-27,OPTSTK,IPCL,200.0,CA,0.0,0.0,0.0,33.2,53.4,0.0,0.0,0.0
2006-05-26,2006-07-27,OPTSTK,IPCL,205.0,CA,0.0,0.0,0.0,30.75,50.3,0.0,0.0,0.0
2006-05-26,2006-07-27,OPTSTK,IPCL,210.0,CA,0.0,0.0,0.0,28.4,47.3,0.0,0.0,0.0
2006-05-26,2006-07-27,OPTSTK,IPCL,215.0,CA,0.0,0.0,0.0,38.7,44.45,0.0,0.0,0.0
2006-05-26,2006-07-27,OPTSTK,IPCL,220.0,CA,0.0,0.0,0.0,44.15,41.75,0.0,0.0,0.0
2006-05-26,2006-07-27,OPTSTK,IPCL,225.0,CA,0.0,0.0,0.0,39.2,39.15,0.0,0.0,0.0
2006-05-26,2006-07-27,OPTSTK,IPCL,230.0,CA,0.0,0.0,0.0,43.85,36.7,0.0,0.0,0.0
2006-05-26,2006-07-27,OPTSTK,IPCL,235.0,CA,0.0,0.0,0.0,34.35,34.35,0.0,0.0,0.0
2006-05-26,2006-07-27,OPTSTK,IPCL,240.0,CA,0.0,0.0,0.0,37.6,32.15,0.0,0.0,0.0
2006-05-26,2006-07-27,OPTSTK,IPCL,245.0,CA,0.0,0.0,0.0,29.95,30.1,0.0,0.0,0.0
2006-05-26,2006-07-27,OPTSTK,IPCL,250.0,CA,0.0,0.0,0.0,32.0,28.1,0.0,0.0,0.0
2006-05-26,2006-07-27,OPTSTK,IPCL,255.0,CA,0.0,0.0,0.0,26.05,26.25,0.0,0.0,0.0
2006-05-26,2006-07-27,OPTSTK,IPCL,260.0,CA,0.0,0.0,0.0,27.0,24.5,0.0,0.0,0.0
2006-05-26,2006-07-27,OPTSTK,IPCL,270.0,CA,0.0,0.0,0.0,22.65,21.3,0.0,0.0,0.0
2006-05-26,2006-07-27,OPTSTK,IPCL,280.0,CA,0.0,0.0,0.0,18.9,18.45,0.0,0.0,0.0
2006-05-26,2006-07-27,OPTSTK,IPCL,290.0,CA,0.0,0.0,0.0,15.65,16.0,0.0,0.0,0.0
2006-05-26,2006-07-27,OPTSTK,IPCL,300.0,CA,0.0,0.0,0.0,18.25,13.85,0.0,0.0,0.0
2006-05-26,2006-07-27,OPTSTK,IPCL,310.0,CA,0.0,0.0,0.0,18.1,11.95,0.0,0.0,0.0
2006-05-26,2006-07-27,OPTSTK,IPCL,320.0,CA,0.0,0.0,0.0,13.1,10.3,0.0,0.0,0.0
2006-05-26,2006-07-27,OPTSTK,IPCL,195.0,PA,0.0,0.0,0.0,17.35,11.9,0.0,0.0,0.0
2006-05-26,2006-07-27,OPTSTK,IPCL,200.0,PA,0.0,0.0,0.0,19.65,13.6,0.0,0.0,0.0
2006-05-26,2006-07-27,OPTSTK,IPCL,205.0,PA,0.0,0.0,0.0,22.1,15.4,0.0,0.0,0.0
2006-05-26,2006-07-27,OPTSTK,IPCL,210.0,PA,0.0,0.0,0.0,24.7,17.35,0.0,0.0,0.0
2006-05-26,2006-07-27,OPTSTK,IPCL,215.0,PA,0.0,0.0,0.0,20.45,19.45,0.0,0.0,0.0
2006-05-26,2006-07-27,OPTSTK,IPCL,220.0,PA,0.0,0.0,0.0,6.7,21.65,0.0,0.0,0.0
2006-05-26,2006-07-27,OPTSTK,IPCL,225.0,PA,0.0,0.0,0.0,22.7,24.05,0.0,0.0,0.0
2006-05-26,2006-07-27,OPTSTK,IPCL,230.0,PA,0.0,0.0,0.0,10.75,26.5,0.0,0.0,0.0
2006-05-26,2006-07-27,OPTSTK,IPCL,235.0,PA,0.0,0.0,0.0,27.65,29.15,0.0,0.0,0.0
2006-05-26,2006-07-27,OPTSTK,IPCL,240.0,PA,0.0,0.0,0.0,14.35,31.85,0.0,0.0,0.0
2006-05-26,2006-07-27,OPTSTK,IPCL,245.0,PA,0.0,0.0,0.0,33.15,34.7,0.0,0.0,0.0
2006-05-26,2006-07-27,OPTSTK,IPCL,250.0,PA,0.0,0.0,0.0,18.55,37.7,0.0,0.0,0.0
2006-05-26,2006-07-27,OPTSTK,IPCL,255.0,PA,0.0,0.0,0.0,39.15,40.8,0.0,0.0,0.0
2006-05-26,2006-07-27,OPTSTK,IPCL,260.0,PA,0.0,0.0,0.0,23.4,43.95,0.0,0.0,0.0
2006-05-26,2006-07-27,OPTSTK,IPCL,270.0,PA,0.0,0.0,0.0,28.9,50.65,0.0,0.0,0.0
2006-05-26,2006-07-27,OPTSTK,IPCL,280.0,PA,0.0,0.0,0.0,34.95,57.7,0.0,0.0,0.0
2006-05-26,2006-07-27,OPTSTK,IPCL,290.0,PA,0.0,0.0,0.0,41.5,65.15,0.0,0.0,0.0
2006-05-26,2006-07-27,OPTSTK,IPCL,300.0,PA,0.0,0.0,0.0,40.9,72.85,0.0,0.0,0.0
2006-05-26,2006-07-27,OPTSTK,IPCL,310.0,PA,0.0,0.0,0.0,42.7,80.85,0.0,0.0,0.0
2006-05-26,2006-07-27,OPTSTK,IPCL,320.0,PA,0.0,0.0,0.0,42.85,89.1,0.0,0.0,0.0
2006-05-26,2006-08-31,OPTSTK,IPCL,220.0,CA,0.0,0.0,0.0,49.2,49.8,0.0,0.0,0.0
2006-05-26,2006-08-31,OPTSTK,IPCL,225.0,CA,0.0,0.0,0.0,46.85,47.4,0.0,0.0,0.0
2006-05-26,2006-08-31,OPTSTK,IPCL,230.0,CA,0.0,0.0,0.0,44.6,45.05,0.0,0.0,0.0
2006-05-26,2006-08-31,OPTSTK,IPCL,235.0,CA,0.0,0.0,0.0,42.45,42.85,0.0,0.0,0.0
2006-05-26,2006-08-31,OPTSTK,IPCL,240.0,CA,0.0,0.0,0.0,40.4,40.75,0.0,0.0,0.0
2006-05-26,2006-08-31,OPTSTK,IPCL,245.0,CA,0.0,0.0,0.0,38.45,38.7,0.0,0.0,0.0
2006-05-26,2006-08-31,OPTSTK,IPCL,250.0,CA,0.0,0.0,0.0,36.55,36.75,0.0,0.0,0.0
2006-05-26,2006-08-31,OPTSTK,IPCL,255.0,CA,0.0,0.0,0.0,0.0,0.0,0.0,0.0,0.0
2006-05-26,2006-08-31,OPTSTK,IPCL,220.0,PA,0.0,0.0,0.0,30.55,28.35,0.0,0.0,0.0
2006-05-26,2006-08-31,OPTSTK,IPCL,225.0,PA,0.0,0.0,0.0,33.1,30.85,0.0,0.0,0.0
2006-05-26,2006-08-31,OPTSTK,IPCL,230.0,PA,0.0,0.0,0.0,35.75,33.4,0.0,0.0,0.0
2006-05-26,2006-08-31,OPTSTK,IPCL,235.0,PA,0.0,0.0,0.0,38.5,36.1,0.0,0.0,0.0
2006-05-26,2006-08-31,OPTSTK,IPCL,240.0,PA,0.0,0.0,0.0,41.35,38.9,0.0,0.0,0.0
2006-05-26,2006-08-31,OPTSTK,IPCL,245.0,PA,0.0,0.0,0.0,44.3,41.75,0.0,0.0,0.0
2006-05-26,2006-08-31,OPTSTK,IPCL,250.0,PA,0.0,0.0,0.0,47.35,44.75,0.0,0.0,0.0
2006-05-26,2006-08-31,OPTSTK,IPCL,255.0,PA,0.0,0.0,0.0,0.0,0.0,0.0,0.0,0.0
2006-05-26,2006-06-29,OPTSTK,ITC,155.0,CA,0.0,0.0,0.0,23.0,32.0,0.0,0.0,0.0
2006-05-26,2006-06-29,OPTSTK,ITC,160.0,CA,0.0,0.0,0.0,19.7,28.1,0.0,0.0,0.0
2006-05-26,2006-06-29,OPTSTK,ITC,165.0,CA,0.0,0.0,0.0,22.95,24.5,0.0,0.0,0.0
2006-05-26,2006-06-29,OPTSTK,ITC,170.0,CA,23.0,23.5,16.5,19.1,19.1,8.0,34.33,20250.0
2006-05-26,2006-06-29,OPTSTK,ITC,175.0,CA,0.0,0.0,0.0,25.65,18.15,0.0,0.0,0.0
2006-05-26,2006-06-29,OPTSTK,ITC,180.0,CA,16.0,17.5,12.1,12.5,12.5,80.0,350.77,180000.0
2006-05-26,2006-06-29,OPTSTK,ITC,185.0,CA,12.0,15.8,10.5,11.05,11.05,22.0,97.76,22500.0
2006-05-26,2006-06-29,OPTSTK,ITC,190.0,CA,11.9,12.4,9.0,9.15,9.15,48.0,216.84,92250.0
2006-05-26,2006-06-29,OPTSTK,ITC,195.0,CA,10.9,10.9,7.0,7.0,7.0,10.0,45.78,6750.0
2006-05-26,2006-06-29,OPTSTK,ITC,200.0,CA,10.7,10.7,5.5,6.35,6.35,88.0,410.29,225000.0
2006-05-26,2006-06-29,OPTSTK,ITC,205.0,CA,4.0,4.05,4.0,4.05,4.05,4.0,18.81,9000.0
2006-05-26,2006-06-29,OPTSTK,ITC,210.0,CA,3.6,4.7,3.55,3.55,3.55,32.0,154.18,87750.0
2006-05-26,2006-06-29,OPTSTK,ITC,215.0,CA,0.0,0.0,0.0,11.6,4.05,0.0,0.0,0.0
2006-05-26,2006-06-29,OPTSTK,ITC,220.0,CA,2.9,3.3,1.9,1.95,1.95,19.0,95.08,72000.0
2006-05-26,2006-06-29,OPTSTK,ITC,225.0,CA,0.0,0.0,0.0,6.5,2.6,0.0,0.0,0.0
2006-05-26,2006-06-29,OPTSTK,ITC,155.0,PA,0.0,0.0,0.0,5.35,2.8,0.0,0.0,0.0
2006-05-26,2006-06-29,OPTSTK,ITC,160.0,PA,3.95,3.95,3.95,3.95,3.95,2.0,7.37,4500.0
2006-05-26,2006-06-29,OPTSTK,ITC,165.0,PA,0.0,0.0,0.0,6.8,5.3,0.0,0.0,0.0
2006-05-26,2006-06-29,OPTSTK,ITC,170.0,PA,10.0,10.0,4.55,6.5,6.5,17.0,67.42,22500.0
2006-05-26,2006-06-29,OPTSTK,ITC,175.0,PA,0.0,0.0,0.0,10.0,8.85,0.0,0.0,4500.0
2006-05-26,2006-06-29,OPTSTK,ITC,180.0,PA,10.0,14.9,9.3,10.2,10.2,19.0,81.79,36000.0
2006-05-26,2006-06-29,OPTSTK,ITC,185.0,PA,0.0,0.0,0.0,7.1,13.7,0.0,0.0,0.0
2006-05-26,2006-06-29,OPTSTK,ITC,190.0,PA,15.0,20.0,15.0,20.0,20.0,2.0,9.33,13500.0
2006-05-26,2006-06-29,OPTSTK,ITC,195.0,PA,0.0,0.0,0.0,10.9,19.65,0.0,0.0,0.0
2006-05-26,2006-06-29,OPTSTK,ITC,200.0,PA,0.0,0.0,0.0,30.0,23.05,0.0,0.0,15750.0
2006-05-26,2006-06-29,OPTSTK,ITC,205.0,PA,0.0,0.0,0.0,15.65,26.65,0.0,0.0,0.0
2006-05-26,2006-06-29,OPTSTK,ITC,210.0,PA,0.0,0.0,0.0,18.4,30.5,0.0,0.0,0.0
2006-05-26,2006-06-29,OPTSTK,ITC,215.0,PA,0.0,0.0,0.0,21.4,34.5,0.0,0.0,0.0
2006-05-26,2006-06-29,OPTSTK,ITC,220.0,PA,0.0,0.0,0.0,22.95,38.65,0.0,0.0,0.0
2006-05-26,2006-06-29,OPTSTK,ITC,225.0,PA,0.0,0.0,0.0,21.55,43.0,0.0,0.0,0.0
2006-05-26,2006-07-27,OPTSTK,ITC,155.0,CA,0.0,0.0,0.0,26.85,35.65,0.0,0.0,0.0
2006-05-26,2006-07-27,OPTSTK,ITC,160.0,CA,0.0,0.0,0.0,23.85,32.15,0.0,0.0,0.0
2006-05-26,2006-07-27,OPTSTK,ITC,165.0,CA,0.0,0.0,0.0,27.05,28.9,0.0,0.0,0.0
2006-05-26,2006-07-27,OPTSTK,ITC,170.0,CA,0.0,0.0,0.0,24.2,25.85,0.0,0.0,0.0
2006-05-26,2006-07-27,OPTSTK,ITC,175.0,CA,0.0,0.0,0.0,21.6,23.05,0.0,0.0,0.0
2006-05-26,2006-07-27,OPTSTK,ITC,180.0,CA,0.0,0.0,0.0,18.05,20.5,0.0,0.0,0.0
2006-05-26,2006-07-27,OPTSTK,ITC,185.0,CA,0.0,0.0,0.0,25.75,18.1,0.0,0.0,0.0
2006-05-26,2006-07-27,OPTSTK,ITC,190.0,CA,0.0,0.0,0.0,24.3,16.0,0.0,0.0,0.0
2006-05-26,2006-07-27,OPTSTK,ITC,195.0,CA,0.0,0.0,0.0,21.35,14.05,0.0,0.0,0.0
2006-05-26,2006-07-27,OPTSTK,ITC,200.0,CA,0.0,0.0,0.0,18.65,12.3,0.0,0.0,0.0
2006-05-26,2006-07-27,OPTSTK,ITC,205.0,CA,0.0,0.0,0.0,16.2,10.75,0.0,0.0,0.0
2006-05-26,2006-07-27,OPTSTK,ITC,210.0,CA,0.0,0.0,0.0,13.95,9.4,0.0,0.0,0.0
2006-05-26,2006-07-27,OPTSTK,ITC,215.0,CA,0.0,0.0,0.0,12.0,8.15,0.0,0.0,0.0
2006-05-26,2006-07-27,OPTSTK,ITC,220.0,CA,0.0,0.0,0.0,10.25,7.1,0.0,0.0,0.0
2006-05-26,2006-07-27,OPTSTK,ITC,225.0,CA,0.0,0.0,0.0,9.4,6.1,0.0,0.0,0.0
2006-05-26,2006-07-27,OPTSTK,ITC,155.0,PA,0.0,0.0,0.0,8.4,5.65,0.0,0.0,0.0
2006-05-26,2006-07-27,OPTSTK,ITC,160.0,PA,0.0,0.0,0.0,10.35,7.1,0.0,0.0,0.0
2006-05-26,2006-07-27,OPTSTK,ITC,165.0,PA,0.0,0.0,0.0,10.05,8.8,0.0,0.0,0.0
2006-05-26,2006-07-27,OPTSTK,ITC,170.0,PA,0.0,0.0,0.0,12.1,10.7,0.0,0.0,0.0
2006-05-26,2006-07-27,OPTSTK,ITC,175.0,PA,0.0,0.0,0.0,3.15,12.85,0.0,0.0,0.0
2006-05-26,2006-07-27,OPTSTK,ITC,180.0,PA,0.0,0.0,0.0,4.55,15.2,0.0,0.0,0.0
2006-05-26,2006-07-27,OPTSTK,ITC,185.0,PA,0.0,0.0,0.0,6.7,17.8,0.0,0.0,0.0
2006-05-26,2006-07-27,OPTSTK,ITC,190.0,PA,0.0,0.0,0.0,8.25,20.6,0.0,0.0,0.0
2006-05-26,2006-07-27,OPTSTK,ITC,195.0,PA,0.0,0.0,0.0,10.2,23.6,0.0,0.0,0.0
2006-05-26,2006-07-27,OPTSTK,ITC,200.0,PA,0.0,0.0,0.0,12.4,26.85,0.0,0.0,0.0
2006-05-26,2006-07-27,OPTSTK,ITC,205.0,PA,0.0,0.0,0.0,14.85,30.2,0.0,0.0,0.0
2006-05-26,2006-07-27,OPTSTK,ITC,210.0,PA,0.0,0.0,0.0,17.55,33.75,0.0,0.0,0.0
2006-05-26,2006-07-27,OPTSTK,ITC,215.0,PA,0.0,0.0,0.0,20.5,37.5,0.0,0.0,0.0
2006-05-26,2006-07-27,OPTSTK,ITC,220.0,PA,0.0,0.0,0.0,23.7,41.35,0.0,0.0,0.0
2006-05-26,2006-07-27,OPTSTK,ITC,225.0,PA,0.0,0.0,0.0,23.25,45.35,0.0,0.0,0.0
2006-05-26,2006-08-31,OPTSTK,ITC,165.0,CA,0.0,0.0,0.0,32.8,33.35,0.0,0.0,0.0
2006-05-26,2006-08-31,OPTSTK,ITC,170.0,CA,0.0,0.0,0.0,30.05,30.55,0.0,0.0,0.0
2006-05-26,2006-08-31,OPTSTK,ITC,175.0,CA,0.0,0.0,0.0,27.5,27.9,0.0,0.0,0.0
2006-05-26,2006-08-31,OPTSTK,ITC,180.0,CA,0.0,0.0,0.0,25.1,25.4,0.0,0.0,0.0
2006-05-26,2006-08-31,OPTSTK,ITC,185.0,CA,0.0,0.0,0.0,22.85,23.1,0.0,0.0,0.0
2006-05-26,2006-08-31,OPTSTK,ITC,190.0,CA,0.0,0.0,0.0,20.8,21.0,0.0,0.0,0.0
2006-05-26,2006-08-31,OPTSTK,ITC,195.0,CA,0.0,0.0,0.0,18.9,19.05,0.0,0.0,0.0
2006-05-26,2006-08-31,OPTSTK,ITC,200.0,CA,0.0,0.0,0.0,0.0,0.0,0.0,0.0,0.0
2006-05-26,2006-08-31,OPTSTK,ITC,165.0,PA,0.0,0.0,0.0,13.4,12.2,0.0,0.0,0.0
2006-05-26,2006-08-31,OPTSTK,ITC,170.0,PA,0.0,0.0,0.0,15.55,14.3,0.0,0.0,0.0
2006-05-26,2006-08-31,OPTSTK,ITC,175.0,PA,0.0,0.0,0.0,17.9,16.55,0.0,0.0,0.0
2006-05-26,2006-08-31,OPTSTK,ITC,180.0,PA,0.0,0.0,0.0,20.4,19.0,0.0,0.0,0.0
2006-05-26,2006-08-31,OPTSTK,ITC,185.0,PA,0.0,0.0,0.0,23.1,21.6,0.0,0.0,0.0
2006-05-26,2006-08-31,OPTSTK,ITC,190.0,PA,0.0,0.0,0.0,25.95,24.4,0.0,0.0,0.0
2006-05-26,2006-08-31,OPTSTK,ITC,195.0,PA,0.0,0.0,0.0,28.95,27.35,0.0,0.0,0.0
2006-05-26,2006-08-31,OPTSTK,ITC,200.0,PA,0.0,0.0,0.0,0.0,0.0,0.0,0.0,0.0
2006-05-26,2006-06-29,OPTSTK,IVRCLINFRA,185.0,CA,0.0,0.0,0.0,32.8,71.0,0.0,0.0,0.0
2006-05-26,2006-06-29,OPTSTK,IVRCLINFRA,190.0,CA,0.0,0.0,0.0,30.2,67.6,0.0,0.0,0.0
2006-05-26,2006-06-29,OPTSTK,IVRCLINFRA,195.0,CA,0.0,0.0,0.0,27.8,64.3,0.0,0.0,0.0
2006-05-26,2006-06-29,OPTSTK,IVRCLINFRA,200.0,CA,0.0,0.0,0.0,25.5,61.1,0.0,0.0,0.0
2006-05-26,2006-06-29,OPTSTK,IVRCLINFRA,205.0,CA,0.0,0.0,0.0,23.4,58.05,0.0,0.0,0.0
2006-05-26,2006-06-29,OPTSTK,IVRCLINFRA,210.0,CA,0.0,0.0,0.0,21.4,55.15,0.0,0.0,0.0
2006-05-26,2006-06-29,OPTSTK,IVRCLINFRA,215.0,CA,0.0,0.0,0.0,19.6,52.3,0.0,0.0,0.0
2006-05-26,2006-06-29,OPTSTK,IVRCLINFRA,220.0,CA,0.0,0.0,0.0,38.35,49.65,0.0,0.0,0.0
2006-05-26,2006-06-29,OPTSTK,IVRCLINFRA,225.0,CA,0.0,0.0,0.0,35.8,47.05,0.0,0.0,0.0
2006-05-26,2006-06-29,OPTSTK,IVRCLINFRA,230.0,CA,0.0,0.0,0.0,48.25,44.6,0.0,0.0,0.0
2006-05-26,2006-06-29,OPTSTK,IVRCLINFRA,235.0,CA,0.0,0.0,0.0,31.2,42.2,0.0,0.0,0.0
2006-05-26,2006-06-29,OPTSTK,IVRCLINFRA,240.0,CA,0.0,0.0,0.0,42.3,39.95,0.0,0.0,0.0
2006-05-26,2006-06-29,OPTSTK,IVRCLINFRA,245.0,CA,0.0,0.0,0.0,27.05,37.85,0.0,0.0,0.0
2006-05-26,2006-06-29,OPTSTK,IVRCLINFRA,250.0,CA,21.0,24.75,15.25,18.65,18.65,28.0,150.79,26000.0
2006-05-26,2006-06-29,OPTSTK,IVRCLINFRA,255.0,CA,0.0,0.0,0.0,0.0,0.0,0.0,0.0,0.0
2006-05-26,2006-06-29,OPTSTK,IVRCLINFRA,260.0,CA,12.25,16.0,12.0,13.0,13.0,9.0,49.28,12000.0
2006-05-26,2006-06-29,OPTSTK,IVRCLINFRA,270.0,CA,11.5,11.6,11.5,11.6,11.6,2.0,11.26,4000.0
2006-05-26,2006-06-29,OPTSTK,IVRCLINFRA,280.0,CA,0.0,0.0,0.0,38.6,25.45,0.0,0.0,0.0
2006-05-26,2006-06-29,OPTSTK,IVRCLINFRA,290.0,CA,0.0,0.0,0.0,34.5,22.65,0.0,0.0,0.0
2006-05-26,2006-06-29,OPTSTK,IVRCLINFRA,300.0,CA,6.55,6.55,5.7,5.85,5.85,3.0,18.36,20000.0
2006-05-26,2006-06-29,OPTSTK,IVRCLINFRA,310.0,CA,0.0,0.0,0.0,27.4,17.95,0.0,0.0,0.0
2006-05-26,2006-06-29,OPTSTK,IVRCLINFRA,320.0,CA,2.5,3.25,2.5,3.25,3.25,15.0,96.85,38000.0
2006-05-26,2006-06-29,OPTSTK,IVRCLINFRA,330.0,CA,4.0,4.0,4.0,4.0,4.0,1.0,6.68,8000.0
2006-05-26,2006-06-29,OPTSTK,IVRCLINFRA,340.0,CA,0.0,0.0,0.0,31.3,12.6,0.0,0.0,0.0
2006-05-26,2006-06-29,OPTSTK,IVRCLINFRA,350.0,CA,0.0,0.0,0.0,27.8,11.15,0.0,0.0,0.0
2006-05-26,2006-06-29,OPTSTK,IVRCLINFRA,185.0,PA,0.0,0.0,0.0,17.05,11.5,0.0,0.0,0.0
2006-05-26,2006-06-29,OPTSTK,IVRCLINFRA,190.0,PA,0.0,0.0,0.0,19.4,13.05,0.0,0.0,0.0
2006-05-26,2006-06-29,OPTSTK,IVRCLINFRA,195.0,PA,0.0,0.0,0.0,21.95,14.7,0.0,0.0,0.0
2006-05-26,2006-06-29,OPTSTK,IVRCLINFRA,200.0,PA,0.0,0.0,0.0,24.65,16.5,0.0,0.0,0.0
2006-05-26,2006-06-29,OPTSTK,IVRCLINFRA,205.0,PA,0.0,0.0,0.0,27.5,18.4,0.0,0.0,0.0
2006-05-26,2006-06-29,OPTSTK,IVRCLINFRA,210.0,PA,0.0,0.0,0.0,30.45,20.45,0.0,0.0,0.0
2006-05-26,2006-06-29,OPTSTK,IVRCLINFRA,215.0,PA,0.0,0.0,0.0,33.6,22.6,0.0,0.0,0.0
2006-05-26,2006-06-29,OPTSTK,IVRCLINFRA,220.0,PA,0.0,0.0,0.0,22.25,24.9,0.0,0.0,0.0
2006-05-26,2006-06-29,OPTSTK,IVRCLINFRA,225.0,PA,0.0,0.0,0.0,24.7,27.3,0.0,0.0,0.0
2006-05-26,2006-06-29,OPTSTK,IVRCLINFRA,230.0,PA,0.0,0.0,0.0,14.85,29.8,0.0,0.0,0.0
2006-05-26,2006-06-29,OPTSTK,IVRCLINFRA,235.0,PA,0.0,0.0,0.0,29.95,32.4,0.0,0.0,0.0
2006-05-26,2006-06-29,OPTSTK,IVRCLINFRA,240.0,PA,0.0,0.0,0.0,18.85,35.1,0.0,0.0,0.0
2006-05-26,2006-06-29,OPTSTK,IVRCLINFRA,245.0,PA,0.0,0.0,0.0,35.75,37.95,0.0,0.0,0.0
2006-05-26,2006-06-29,OPTSTK,IVRCLINFRA,250.0,PA,28.0,28.0,26.05,26.05,26.05,2.0,11.08,4000.0
2006-05-26,2006-06-29,OPTSTK,IVRCLINFRA,255.0,PA,0.0,0.0,0.0,0.0,0.0,0.0,0.0,0.0
2006-05-26,2006-06-29,OPTSTK,IVRCLINFRA,260.0,PA,0.0,0.0,0.0,26.5,47.0,0.0,0.0,0.0
2006-05-26,2006-06-29,OPTSTK,IVRCLINFRA,270.0,PA,0.0,0.0,0.0,31.4,53.5,0.0,0.0,0.0
2006-05-26,2006-06-29,OPTSTK,IVRCLINFRA,280.0,PA,0.0,0.0,0.0,36.65,60.35,0.0,0.0,0.0
2006-05-26,2006-06-29,OPTSTK,IVRCLINFRA,290.0,PA,0.0,0.0,0.0,42.35,67.5,0.0,0.0,0.0
2006-05-26,2006-06-29,OPTSTK,IVRCLINFRA,300.0,PA,0.0,0.0,0.0,48.4,74.95,0.0,0.0,0.0
2006-05-26,2006-06-29,OPTSTK,IVRCLINFRA,310.0,PA,0.0,0.0,0.0,54.8,82.65,0.0,0.0,0.0
2006-05-26,2006-06-29,OPTSTK,IVRCLINFRA,320.0,PA,0.0,0.0,0.0,49.4,90.6,0.0,0.0,0.0
2006-05-26,2006-06-29,OPTSTK,IVRCLINFRA,330.0,PA,0.0,0.0,0.0,55.85,98.75,0.0,0.0,0.0
2006-05-26,2006-06-29,OPTSTK,IVRCLINFRA,340.0,PA,0.0,0.0,0.0,48.5,107.1,0.0,0.0,0.0
2006-05-26,2006-06-29,OPTSTK,IVRCLINFRA,350.0,PA,0.0,0.0,0.0,54.85,115.6,0.0,0.0,0.0
2006-05-26,2006-07-27,OPTSTK,IVRCLINFRA,185.0,CA,0.0,0.0,0.0,40.65,80.9,0.0,0.0,0.0
2006-05-26,2006-07-27,OPTSTK,IVRCLINFRA,190.0,CA,0.0,0.0,0.0,38.25,77.95,0.0,0.0,0.0
2006-05-26,2006-07-27,OPTSTK,IVRCLINFRA,195.0,CA,0.0,0.0,0.0,35.95,75.1,0.0,0.0,0.0
2006-05-26,2006-07-27,OPTSTK,IVRCLINFRA,200.0,CA,0.0,0.0,0.0,33.8,72.3,0.0,0.0,0.0
2006-05-26,2006-07-27,OPTSTK,IVRCLINFRA,205.0,CA,0.0,0.0,0.0,31.75,69.65,0.0,0.0,0.0
2006-05-26,2006-07-27,OPTSTK,IVRCLINFRA,210.0,CA,0.0,0.0,0.0,29.85,67.05,0.0,0.0,0.0
2006-05-26,2006-07-27,OPTSTK,IVRCLINFRA,215.0,CA,0.0,0.0,0.0,28.0,64.55,0.0,0.0,0.0
2006-05-26,2006-07-27,OPTSTK,IVRCLINFRA,220.0,CA,0.0,0.0,0.0,47.4,62.15,0.0,0.0,0.0
2006-05-26,2006-07-27,OPTSTK,IVRCLINFRA,225.0,CA,0.0,0.0,0.0,45.05,59.85,0.0,0.0,0.0
2006-05-26,2006-07-27,OPTSTK,IVRCLINFRA,230.0,CA,0.0,0.0,0.0,56.45,57.6,0.0,0.0,0.0
2006-05-26,2006-07-27,OPTSTK,IVRCLINFRA,235.0,CA,0.0,0.0,0.0,40.65,55.4,0.0,0.0,0.0
2006-05-26,2006-07-27,OPTSTK,IVRCLINFRA,240.0,CA,0.0,0.0,0.0,51.0,53.35,0.0,0.0,0.0
2006-05-26,2006-07-27,OPTSTK,IVRCLINFRA,245.0,CA,0.0,0.0,0.0,36.65,51.35,0.0,0.0,0.0
2006-05-26,2006-07-27,OPTSTK,IVRCLINFRA,250.0,CA,0.0,0.0,0.0,48.8,49.4,0.0,0.0,0.0
2006-05-26,2006-07-27,OPTSTK,IVRCLINFRA,255.0,CA,0.0,0.0,0.0,0.0,0.0,0.0,0.0,0.0
2006-05-26,2006-07-27,OPTSTK,IVRCLINFRA,260.0,CA,0.0,0.0,0.0,49.2,45.75,0.0,0.0,0.0
2006-05-26,2006-07-27,OPTSTK,IVRCLINFRA,270.0,CA,0.0,0.0,0.0,43.5,42.35,0.0,0.0,0.0
2006-05-26,2006-07-27,OPTSTK,IVRCLINFRA,280.0,CA,0.0,0.0,0.0,38.3,39.2,0.0,0.0,0.0
2006-05-26,2006-07-27,OPTSTK,IVRCLINFRA,290.0,CA,0.0,0.0,0.0,33.65,36.3,0.0,0.0,0.0
2006-05-26,2006-07-27,OPTSTK,IVRCLINFRA,300.0,CA,0.0,0.0,0.0,29.4,33.6,0.0,0.0,0.0
2006-05-26,2006-07-27,OPTSTK,IVRCLINFRA,310.0,CA,0.0,0.0,0.0,25.65,31.1,0.0,0.0,0.0
2006-05-26,2006-07-27,OPTSTK,IVRCLINFRA,320.0,CA,0.0,0.0,0.0,22.3,28.85,0.0,0.0,0.0
2006-05-26,2006-07-27,OPTSTK,IVRCLINFRA,330.0,CA,0.0,0.0,0.0,23.15,26.7,0.0,0.0,0.0
2006-05-26,2006-07-27,OPTSTK,IVRCLINFRA,340.0,CA,0.0,0.0,0.0,29.15,24.75,0.0,0.0,0.0
2006-05-26,2006-07-27,OPTSTK,IVRCLINFRA,350.0,CA,0.0,0.0,0.0,25.65,22.95,0.0,0.0,0.0
2006-05-26,2006-07-27,OPTSTK,IVRCLINFRA,185.0,PA,0.0,0.0,0.0,23.95,20.45,0.0,0.0,0.0
2006-05-26,2006-07-27,OPTSTK,IVRCLINFRA,190.0,PA,0.0,0.0,0.0,26.45,22.45,0.0,0.0,0.0
2006-05-26,2006-07-27,OPTSTK,IVRCLINFRA,195.0,PA,0.0,0.0,0.0,29.1,24.5,0.0,0.0,0.0
2006-05-26,2006-07-27,OPTSTK,IVRCLINFRA,200.0,PA,0.0,0.0,0.0,31.9,26.7,0.0,0.0,0.0
2006-05-26,2006-07-27,OPTSTK,IVRCLINFRA,205.0,PA,0.0,0.0,0.0,34.8,28.95,0.0,0.0,0.0
2006-05-26,2006-07-27,OPTSTK,IVRCLINFRA,210.0,PA,0.0,0.0,0.0,37.8,31.3,0.0,0.0,0.0
2006-05-26,2006-07-27,OPTSTK,IVRCLINFRA,215.0,PA,0.0,0.0,0.0,40.9,33.75,0.0,0.0,0.0
2006-05-26,2006-07-27,OPTSTK,IVRCLINFRA,220.0,PA,0.0,0.0,0.0,30.15,36.3,0.0,0.0,0.0
2006-05-26,2006-07-27,OPTSTK,IVRCLINFRA,225.0,PA,0.0,0.0,0.0,32.75,38.9,0.0,0.0,0.0
2006-05-26,2006-07-27,OPTSTK,IVRCLINFRA,230.0,PA,0.0,0.0,0.0,21.85,41.6,0.0,0.0,0.0
2006-05-26,2006-07-27,OPTSTK,IVRCLINFRA,235.0,PA,0.0,0.0,0.0,38.2,44.4,0.0,0.0,0.0
2006-05-26,2006-07-27,OPTSTK,IVRCLINFRA,240.0,PA,0.0,0.0,0.0,26.3,47.25,0.0,0.0,0.0
2006-05-26,2006-07-27,OPTSTK,IVRCLINFRA,245.0,PA,0.0,0.0,0.0,44.1,50.15,0.0,0.0,0.0
2006-05-26,2006-07-27,OPTSTK,IVRCLINFRA,250.0,PA,0.0,0.0,0.0,11.5,53.2,0.0,0.0,0.0
2006-05-26,2006-07-27,OPTSTK,IVRCLINFRA,255.0,PA,0.0,0.0,0.0,0.0,0.0,0.0,0.0,0.0
2006-05-26,2006-07-27,OPTSTK,IVRCLINFRA,260.0,PA,0.0,0.0,0.0,17.7,59.4,0.0,0.0,0.0
2006-05-26,2006-07-27,OPTSTK,IVRCLINFRA,270.0,PA,0.0,0.0,0.0,21.85,65.9,0.0,0.0,0.0
2006-05-26,2006-07-27,OPTSTK,IVRCLINFRA,280.0,PA,0.0,0.0,0.0,26.5,72.65,0.0,0.0,0.0
2006-05-26,2006-07-27,OPTSTK,IVRCLINFRA,290.0,PA,0.0,0.0,0.0,31.6,79.6,0.0,0.0,0.0
2006-05-26,2006-07-27,OPTSTK,IVRCLINFRA,300.0,PA,0.0,0.0,0.0,37.25,86.8,0.0,0.0,0.0
2006-05-26,2006-07-27,OPTSTK,IVRCLINFRA,310.0,PA,0.0,0.0,0.0,43.3,94.2,0.0,0.0,0.0
2006-05-26,2006-07-27,OPTSTK,IVRCLINFRA,320.0,PA,0.0,0.0,0.0,49.75,101.8,0.0,0.0,0.0
2006-05-26,2006-07-27,OPTSTK,IVRCLINFRA,330.0,PA,0.0,0.0,0.0,48.9,109.6,0.0,0.0,0.0
2006-05-26,2006-07-27,OPTSTK,IVRCLINFRA,340.0,PA,0.0,0.0,0.0,46.2,117.5,0.0,0.0,0.0
2006-05-26,2006-07-27,OPTSTK,IVRCLINFRA,350.0,PA,0.0,0.0,0.0,52.6,125.55,0.0,0.0,0.0
2006-05-26,2006-08-31,OPTSTK,IVRCLINFRA,215.0,CA,0.0,0.0,0.0,66.8,76.4,0.0,0.0,0.0
2006-05-26,2006-08-31,OPTSTK,IVRCLINFRA,220.0,CA,0.0,0.0,0.0,64.75,74.25,0.0,0.0,0.0
2006-05-26,2006-08-31,OPTSTK,IVRCLINFRA,225.0,CA,0.0,0.0,0.0,62.85,72.1,0.0,0.0,0.0
2006-05-26,2006-08-31,OPTSTK,IVRCLINFRA,230.0,CA,0.0,0.0,0.0,60.95,70.05,0.0,0.0,0.0
2006-05-26,2006-08-31,OPTSTK,IVRCLINFRA,235.0,CA,0.0,0.0,0.0,59.15,68.05,0.0,0.0,0.0
2006-05-26,2006-08-31,OPTSTK,IVRCLINFRA,240.0,CA,0.0,0.0,0.0,57.4,66.1,0.0,0.0,0.0
2006-05-26,2006-08-31,OPTSTK,IVRCLINFRA,245.0,CA,0.0,0.0,0.0,55.7,64.2,0.0,0.0,0.0
2006-05-26,2006-08-31,OPTSTK,IVRCLINFRA,250.0,CA,0.0,0.0,0.0,0.0,0.0,0.0,0.0,0.0
2006-05-26,2006-08-31,OPTSTK,IVRCLINFRA,255.0,CA,0.0,0.0,0.0,0.0,0.0,0.0,0.0,0.0
2006-05-26,2006-08-31,OPTSTK,IVRCLINFRA,260.0,CA,0.0,0.0,0.0,0.0,0.0,0.0,0.0,0.0
2006-05-26,2006-08-31,OPTSTK,IVRCLINFRA,215.0,PA,0.0,0.0,0.0,49.25,44.25,0.0,0.0,0.0
2006-05-26,2006-08-31,OPTSTK,IVRCLINFRA,220.0,PA,0.0,0.0,0.0,52.15,46.95,0.0,0.0,0.0
2006-05-26,2006-08-31,OPTSTK,IVRCLINFRA,225.0,PA,0.0,0.0,0.0,55.15,49.75,0.0,0.0,0.0
2006-05-26,2006-08-31,OPTSTK,IVRCLINFRA,230.0,PA,0.0,0.0,0.0,58.15,52.6,0.0,0.0,0.0
2006-05-26,2006-08-31,OPTSTK,IVRCLINFRA,235.0,PA,0.0,0.0,0.0,61.25,55.5,0.0,0.0,0.0
2006-05-26,2006-08-31,OPTSTK,IVRCLINFRA,240.0,PA,0.0,0.0,0.0,64.4,58.45,0.0,0.0,0.0
2006-05-26,2006-08-31,OPTSTK,IVRCLINFRA,245.0,PA,0.0,0.0,0.0,67.65,61.5,0.0,0.0,0.0
2006-05-26,2006-08-31,OPTSTK,IVRCLINFRA,250.0,PA,0.0,0.0,0.0,0.0,0.0,0.0,0.0,0.0
2006-05-26,2006-08-31,OPTSTK,IVRCLINFRA,255.0,PA,0.0,0.0,0.0,0.0,0.0,0.0,0.0,0.0
2006-05-26,2006-08-31,OPTSTK,IVRCLINFRA,260.0,PA,0.0,0.0,0.0,0.0,0.0,0.0,0.0,0.0
2006-05-26,2006-06-29,OPTSTK,J&KBANK,310.0,CA,0.0,0.0,0.0,52.15,102.6,0.0,0.0,0.0
2006-05-26,2006-06-29,OPTSTK,J&KBANK,320.0,CA,0.0,0.0,0.0,46.35,95.25,0.0,0.0,0.0
2006-05-26,2006-06-29,OPTSTK,J&KBANK,330.0,CA,0.0,0.0,0.0,40.95,88.25,0.0,0.0,0.0
2006-05-26,2006-06-29,OPTSTK,J&KBANK,340.0,CA,0.0,0.0,0.0,57.95,81.55,0.0,0.0,0.0
2006-05-26,2006-06-29,OPTSTK,J&KBANK,350.0,CA,0.0,0.0,0.0,52.2,75.25,0.0,0.0,0.0
2006-05-26,2006-06-29,OPTSTK,J&KBANK,360.0,CA,0.0,0.0,0.0,46.85,69.3,0.0,0.0,0.0
2006-05-26,2006-06-29,OPTSTK,J&KBANK,370.0,CA,0.0,0.0,0.0,41.95,63.7,0.0,0.0,0.0
2006-05-26,2006-06-29,OPTSTK,J&KBANK,380.0,CA,0.0,0.0,0.0,37.45,58.45,0.0,0.0,0.0
2006-05-26,2006-06-29,OPTSTK,J&KBANK,390.0,CA,0.0,0.0,0.0,49.9,53.55,0.0,0.0,0.0
2006-05-26,2006-06-29,OPTSTK,J&KBANK,400.0,CA,0.0,0.0,0.0,44.3,49.0,0.0,0.0,0.0
2006-05-26,2006-06-29,OPTSTK,J&KBANK,410.0,CA,0.0,0.0,0.0,48.45,44.7,0.0,0.0,0.0
2006-05-26,2006-06-29,OPTSTK,J&KBANK,420.0,CA,0.0,0.0,0.0,41.75,40.8,0.0,0.0,0.0
2006-05-26,2006-06-29,OPTSTK,J&KBANK,430.0,CA,0.0,0.0,0.0,35.7,37.15,0.0,0.0,0.0
2006-05-26,2006-06-29,OPTSTK,J&KBANK,440.0,CA,0.0,0.0,0.0,30.25,33.75,0.0,0.0,0.0
2006-05-26,2006-06-29,OPTSTK,J&KBANK,450.0,CA,0.0,0.0,0.0,25.4,30.65,0.0,0.0,0.0
2006-05-26,2006-06-29,OPTSTK,J&KBANK,460.0,CA,0.0,0.0,0.0,21.1,27.8,0.0,0.0,0.0
2006-05-26,2006-06-29,OPTSTK,J&KBANK,470.0,CA,0.0,0.0,0.0,17.4,25.25,0.0,0.0,0.0
2006-05-26,2006-06-29,OPTSTK,J&KBANK,480.0,CA,0.0,0.0,0.0,19.5,22.85,0.0,0.0,0.0
2006-05-26,2006-06-29,OPTSTK,J&KBANK,490.0,CA,0.0,0.0,0.0,17.05,20.65,0.0,0.0,0.0
2006-05-26,2006-06-29,OPTSTK,J&KBANK,500.0,CA,0.0,0.0,0.0,44.45,18.7,0.0,0.0,0.0
2006-05-26,2006-06-29,OPTSTK,J&KBANK,510.0,CA,0.0,0.0,0.0,40.25,16.85,0.0,0.0,0.0
2006-05-26,2006-06-29,OPTSTK,J&KBANK,520.0,CA,0.0,0.0,0.0,36.4,15.2,0.0,0.0,0.0
2006-05-26,2006-06-29,OPTSTK,J&KBANK,310.0,PA,0.0,0.0,0.0,18.45,11.8,0.0,0.0,0.0
2006-05-26,2006-06-29,OPTSTK,J&KBANK,320.0,PA,0.0,0.0,0.0,22.55,14.4,0.0,0.0,0.0
2006-05-26,2006-06-29,OPTSTK,J&KBANK,330.0,PA,0.0,0.0,0.0,27.15,17.3,0.0,0.0,0.0
2006-05-26,2006-06-29,OPTSTK,J&KBANK,340.0,PA,0.0,0.0,0.0,21.7,20.6,0.0,0.0,0.0
2006-05-26,2006-06-29,OPTSTK,J&KBANK,350.0,PA,0.0,0.0,0.0,25.9,24.2,0.0,0.0,0.0
2006-05-26,2006-06-29,OPTSTK,J&KBANK,360.0,PA,0.0,0.0,0.0,30.45,28.2,0.0,0.0,0.0
2006-05-26,2006-06-29,OPTSTK,J&KBANK,370.0,PA,0.0,0.0,0.0,35.5,32.5,0.0,0.0,0.0
2006-05-26,2006-06-29,OPTSTK,J&KBANK,380.0,PA,0.0,0.0,0.0,40.9,37.2,0.0,0.0,0.0
2006-05-26,2006-06-29,OPTSTK,J&KBANK,390.0,PA,0.0,0.0,0.0,21.25,42.25,0.0,0.0,0.0
2006-05-26,2006-06-29,OPTSTK,J&KBANK,400.0,PA,0.0,0.0,0.0,25.55,47.6,0.0,0.0,0.0
2006-05-26,2006-06-29,OPTSTK,J&KBANK,410.0,PA,0.0,0.0,0.0,10.05,53.3,0.0,0.0,0.0
2006-05-26,2006-06-29,OPTSTK,J&KBANK,420.0,PA,0.0,0.0,0.0,13.2,59.3,0.0,0.0,0.0
2006-05-26,2006-06-29,OPTSTK,J&KBANK,430.0,PA,0.0,0.0,0.0,16.9,65.6,0.0,0.0,0.0
2006-05-26,2006-06-29,OPTSTK,J&KBANK,440.0,PA,0.0,0.0,0.0,21.25,72.15,0.0,0.0,0.0
2006-05-26,2006-06-29,OPTSTK,J&KBANK,450.0,PA,0.0,0.0,0.0,26.15,79.0,0.0,0.0,0.0
2006-05-26,2006-06-29,OPTSTK,J&KBANK,460.0,PA,0.0,0.0,0.0,31.7,86.1,0.0,0.0,0.0
2006-05-26,2006-06-29,OPTSTK,J&KBANK,470.0,PA,0.0,0.0,0.0,37.75,93.4,0.0,0.0,0.0
2006-05-26,2006-06-29,OPTSTK,J&KBANK,480.0,PA,0.0,0.0,0.0,38.8,100.95,0.0,0.0,0.0
2006-05-26,2006-06-29,OPTSTK,J&KBANK,490.0,PA,0.0,0.0,0.0,39.9,108.75,0.0,0.0,0.0
2006-05-26,2006-06-29,OPTSTK,J&KBANK,500.0,PA,0.0,0.0,0.0,48.35,116.7,0.0,0.0,0.0
2006-05-26,2006-06-29,OPTSTK,J&KBANK,510.0,PA,0.0,0.0,0.0,54.05,124.8,0.0,0.0,0.0
2006-05-26,2006-06-29,OPTSTK,J&KBANK,520.0,PA,0.0,0.0,0.0,60.05,133.1,0.0,0.0,0.0
2006-05-26,2006-07-27,OPTSTK,J&KBANK,310.0,CA,0.0,0.0,0.0,62.7,114.95,0.0,0.0,0.0
2006-05-26,2006-07-27,OPTSTK,J&KBANK,320.0,CA,0.0,0.0,0.0,57.3,108.5,0.0,0.0,0.0
2006-05-26,2006-07-27,OPTSTK,J&KBANK,330.0,CA,0.0,0.0,0.0,52.3,102.3,0.0,0.0,0.0
2006-05-26,2006-07-27,OPTSTK,J&KBANK,340.0,CA,0.0,0.0,0.0,69.2,96.35,0.0,0.0,0.0
2006-05-26,2006-07-27,OPTSTK,J&KBANK,350.0,CA,0.0,0.0,0.0,63.9,90.75,0.0,0.0,0.0
2006-05-26,2006-07-27,OPTSTK,J&KBANK,360.0,CA,0.0,0.0,0.0,58.85,85.4,0.0,0.0,0.0
2006-05-26,2006-07-27,OPTSTK,J&KBANK,370.0,CA,0.0,0.0,0.0,54.2,80.3,0.0,0.0,0.0
2006-05-26,2006-07-27,OPTSTK,J&KBANK,380.0,CA,0.0,0.0,0.0,49.8,75.45,0.0,0.0,0.0
2006-05-26,2006-07-27,OPTSTK,J&KBANK,390.0,CA,0.0,0.0,0.0,60.35,70.9,0.0,0.0,0.0
2006-05-26,2006-07-27,OPTSTK,J&KBANK,400.0,CA,0.0,0.0,0.0,55.05,66.55,0.0,0.0,0.0
2006-05-26,2006-07-27,OPTSTK,J&KBANK,410.0,CA,0.0,0.0,0.0,54.25,62.45,0.0,0.0,0.0
2006-05-26,2006-07-27,OPTSTK,J&KBANK,420.0,CA,0.0,0.0,0.0,50.85,58.6,0.0,0.0,0.0
2006-05-26,2006-07-27,OPTSTK,J&KBANK,430.0,CA,0.0,0.0,0.0,62.75,54.9,0.0,0.0,0.0
2006-05-26,2006-07-27,OPTSTK,J&KBANK,440.0,CA,0.0,0.0,0.0,57.2,51.45,0.0,0.0,0.0
2006-05-26,2006-07-27,OPTSTK,J&KBANK,450.0,CA,0.0,0.0,0.0,52.05,48.25,0.0,0.0,0.0
2006-05-26,2006-07-27,OPTSTK,J&KBANK,460.0,CA,0.0,0.0,0.0,47.25,45.15,0.0,0.0,0.0
2006-05-26,2006-07-27,OPTSTK,J&KBANK,470.0,CA,0.0,0.0,0.0,42.75,42.3,0.0,0.0,0.0
2006-05-26,2006-07-27,OPTSTK,J&KBANK,480.0,CA,0.0,0.0,0.0,38.65,39.6,0.0,0.0,0.0
2006-05-26,2006-07-27,OPTSTK,J&KBANK,490.0,CA,0.0,0.0,0.0,34.85,37.05,0.0,0.0,0.0
2006-05-26,2006-07-27,OPTSTK,J&KBANK,500.0,CA,0.0,0.0,0.0,39.35,34.7,0.0,0.0,0.0
2006-05-26,2006-07-27,OPTSTK,J&KBANK,510.0,CA,0.0,0.0,0.0,35.45,32.45,0.0,0.0,0.0
2006-05-26,2006-07-27,OPTSTK,J&KBANK,310.0,PA,0.0,0.0,0.0,27.35,22.55,0.0,0.0,0.0
2006-05-26,2006-07-27,OPTSTK,J&KBANK,320.0,PA,0.0,0.0,0.0,31.85,25.95,0.0,0.0,0.0
2006-05-26,2006-07-27,OPTSTK,J&KBANK,330.0,PA,0.0,0.0,0.0,36.7,29.65,0.0,0.0,0.0
2006-05-26,2006-07-27,OPTSTK,J&KBANK,340.0,PA,0.0,0.0,0.0,31.2,33.65,0.0,0.0,0.0
2006-05-26,2006-07-27,OPTSTK,J&KBANK,350.0,PA,0.0,0.0,0.0,35.75,37.9,0.0,0.0,0.0
2006-05-26,2006-07-27,OPTSTK,J&KBANK,360.0,PA,0.0,0.0,0.0,40.6,42.4,0.0,0.0,0.0
2006-05-26,2006-07-27,OPTSTK,J&KBANK,370.0,PA,0.0,0.0,0.0,45.8,47.2,0.0,0.0,0.0
2006-05-26,2006-07-27,OPTSTK,J&KBANK,380.0,PA,0.0,0.0,0.0,51.3,52.25,0.0,0.0,0.0
2006-05-26,2006-07-27,OPTSTK,J&KBANK,390.0,PA,0.0,0.0,0.0,29.7,57.55,0.0,0.0,0.0
2006-05-26,2006-07-27,OPTSTK,J&KBANK,400.0,PA,0.0,0.0,0.0,34.2,63.1,0.0,0.0,0.0
2006-05-26,2006-07-27,OPTSTK,J&KBANK,410.0,PA,0.0,0.0,0.0,13.8,68.9,0.0,0.0,0.0
2006-05-26,2006-07-27,OPTSTK,J&KBANK,420.0,PA,0.0,0.0,0.0,15.2,74.9,0.0,0.0,0.0
2006-05-26,2006-07-27,OPTSTK,J&KBANK,430.0,PA,0.0,0.0,0.0,27.6,81.15,0.0,0.0,0.0
2006-05-26,2006-07-27,OPTSTK,J&KBANK,440.0,PA,0.0,0.0,0.0,31.9,87.6,0.0,0.0,0.0
2006-05-26,2006-07-27,OPTSTK,J&KBANK,450.0,PA,0.0,0.0,0.0,36.55,94.2,0.0,0.0,0.0
2006-05-26,2006-07-27,OPTSTK,J&KBANK,460.0,PA,0.0,0.0,0.0,41.55,101.05,0.0,0.0,0.0
2006-05-26,2006-07-27,OPTSTK,J&KBANK,470.0,PA,0.0,0.0,0.0,46.95,108.05,0.0,0.0,0.0
2006-05-26,2006-07-27,OPTSTK,J&KBANK,480.0,PA,0.0,0.0,0.0,52.65,115.25,0.0,0.0,0.0
2006-05-26,2006-07-27,OPTSTK,J&KBANK,490.0,PA,0.0,0.0,0.0,58.65,122.6,0.0,0.0,0.0
2006-05-26,2006-07-27,OPTSTK,J&KBANK,500.0,PA,0.0,0.0,0.0,51.05,130.1,0.0,0.0,0.0
2006-05-26,2006-07-27,OPTSTK,J&KBANK,510.0,PA,0.0,0.0,0.0,57.0,137.75,0.0,0.0,0.0
2006-05-26,2006-08-31,OPTSTK,J&KBANK,330.0,CA,0.0,0.0,0.0,84.7,116.6,0.0,0.0,0.0
2006-05-26,2006-08-31,OPTSTK,J&KBANK,340.0,CA,0.0,0.0,0.0,79.9,111.25,0.0,0.0,0.0
2006-05-26,2006-08-31,OPTSTK,J&KBANK,350.0,CA,0.0,0.0,0.0,75.4,106.1,0.0,0.0,0.0
2006-05-26,2006-08-31,OPTSTK,J&KBANK,360.0,CA,0.0,0.0,0.0,71.1,101.2,0.0,0.0,0.0
2006-05-26,2006-08-31,OPTSTK,J&KBANK,370.0,CA,0.0,0.0,0.0,67.05,96.45,0.0,0.0,0.0
2006-05-26,2006-08-31,OPTSTK,J&KBANK,380.0,CA,0.0,0.0,0.0,63.2,91.95,0.0,0.0,0.0
2006-05-26,2006-08-31,OPTSTK,J&KBANK,390.0,CA,0.0,0.0,0.0,59.6,87.65,0.0,0.0,0.0
2006-05-26,2006-08-31,OPTSTK,J&KBANK,400.0,CA,0.0,0.0,0.0,0.0,0.0,0.0,0.0,0.0
2006-05-26,2006-08-31,OPTSTK,J&KBANK,410.0,CA,0.0,0.0,0.0,0.0,0.0,0.0,0.0,0.0
2006-05-26,2006-08-31,OPTSTK,J&KBANK,420.0,CA,0.0,0.0,0.0,0.0,0.0,0.0,0.0,0.0
2006-05-26,2006-08-31,OPTSTK,J&KBANK,430.0,CA,0.0,0.0,0.0,0.0,0.0,0.0,0.0,0.0
2006-05-26,2006-08-31,OPTSTK,J&KBANK,330.0,PA,0.0,0.0,0.0,47.2,41.85,0.0,0.0,0.0
2006-05-26,2006-08-31,OPTSTK,J&KBANK,340.0,PA,0.0,0.0,0.0,52.25,46.3,0.0,0.0,0.0
2006-05-26,2006-08-31,OPTSTK,J&KBANK,350.0,PA,0.0,0.0,0.0,57.55,51.0,0.0,0.0,0.0
2006-05-26,2006-08-31,OPTSTK,J&KBANK,360.0,PA,0.0,0.0,0.0,63.05,55.9,0.0,0.0,0.0
2006-05-26,2006-08-31,OPTSTK,J&KBANK,370.0,PA,0.0,0.0,0.0,68.85,61.0,0.0,0.0,0.0
2006-05-26,2006-08-31,OPTSTK,J&KBANK,380.0,PA,0.0,0.0,0.0,74.8,66.3,0.0,0.0,0.0
2006-05-26,2006-08-31,OPTSTK,J&KBANK,390.0,PA,0.0,0.0,0.0,81.0,71.85,0.0,0.0,0.0
2006-05-26,2006-08-31,OPTSTK,J&KBANK,400.0,PA,0.0,0.0,0.0,0.0,0.0,0.0,0.0,0.0
2006-05-26,2006-08-31,OPTSTK,J&KBANK,410.0,PA,0.0,0.0,0.0,0.0,0.0,0.0,0.0,0.0
2006-05-26,2006-08-31,OPTSTK,J&KBANK,420.0,PA,0.0,0.0,0.0,0.0,0.0,0.0,0.0,0.0
2006-05-26,2006-08-31,OPTSTK,J&KBANK,430.0,PA,0.0,0.0,0.0,0.0,0.0,0.0,0.0,0.0
2006-05-26,2006-06-29,OPTSTK,JETAIRWAYS,680.0,CA,0.0,0.0,0.0,108.75,114.05,0.0,0.0,0.0
2006-05-26,2006-06-29,OPTSTK,JETAIRWAYS,700.0,CA,0.0,0.0,0.0,78.95,101.1,0.0,0.0,0.0
2006-05-26,2006-06-29,OPTSTK,JETAIRWAYS,720.0,CA,0.0,0.0,0.0,64.5,89.25,0.0,0.0,0.0
2006-05-26,2006-06-29,OPTSTK,JETAIRWAYS,740.0,CA,0.0,0.0,0.0,51.75,78.35,0.0,0.0,0.0
2006-05-26,2006-06-29,OPTSTK,JETAIRWAYS,760.0,CA,0.0,0.0,0.0,40.7,68.5,0.0,0.0,0.0
2006-05-26,2006-06-29,OPTSTK,JETAIRWAYS,780.0,CA,0.0,0.0,0.0,31.35,59.55,0.0,0.0,0.0
2006-05-26,2006-06-29,OPTSTK,JETAIRWAYS,800.0,CA,27.0,50.0,27.0,50.0,50.0,2.0,3.35,400.0
2006-05-26,2006-06-29,OPTSTK,JETAIRWAYS,820.0,CA,0.0,0.0,0.0,88.1,44.45,0.0,0.0,0.0
2006-05-26,2006-06-29,OPTSTK,JETAIRWAYS,840.0,CA,0.0,0.0,0.0,74.15,38.15,0.0,0.0,0.0
2006-05-26,2006-06-29,OPTSTK,JETAIRWAYS,860.0,CA,0.0,0.0,0.0,98.75,32.6,0.0,0.0,0.0
2006-05-26,2006-06-29,OPTSTK,JETAIRWAYS,880.0,CA,0.0,0.0,0.0,97.05,27.8,0.0,0.0,0.0
2006-05-26,2006-06-29,OPTSTK,JETAIRWAYS,900.0,CA,0.0,0.0,0.0,84.55,23.6,0.0,0.0,0.0
2006-05-26,2006-06-29,OPTSTK,JETAIRWAYS,920.0,CA,0.0,0.0,0.0,73.05,19.95,0.0,0.0,0.0
2006-05-26,2006-06-29,OPTSTK,JETAIRWAYS,930.0,CA,0.0,0.0,0.0,138.7,18.3,0.0,0.0,0.0
2006-05-26,2006-06-29,OPTSTK,JETAIRWAYS,940.0,CA,0.0,0.0,0.0,62.7,16.8,0.0,0.0,0.0
2006-05-26,2006-06-29,OPTSTK,JETAIRWAYS,960.0,CA,0.0,0.0,0.0,53.4,14.1,0.0,0.0,0.0
2006-05-26,2006-06-29,OPTSTK,JETAIRWAYS,980.0,CA,0.0,0.0,0.0,45.15,11.8,0.0,0.0,0.0
2006-05-26,2006-06-29,OPTSTK,JETAIRWAYS,990.0,CA,0.0,0.0,0.0,101.35,10.8,0.0,0.0,0.0
2006-05-26,2006-06-29,OPTSTK,JETAIRWAYS,1000.0,CA,0.0,0.0,0.0,37.95,9.85,0.0,0.0,0.0
2006-05-26,2006-06-29,OPTSTK,JETAIRWAYS,1020.0,CA,0.0,0.0,0.0,68.4,8.2,0.0,0.0,0.0
2006-05-26,2006-06-29,OPTSTK,JETAIRWAYS,1040.0,CA,0.0,0.0,0.0,60.4,6.8,0.0,0.0,0.0
2006-05-26,2006-06-29,OPTSTK,JETAIRWAYS,1050.0,CA,0.0,0.0,0.0,71.55,6.2,0.0,0.0,0.0
2006-05-26,2006-06-29,OPTSTK,JETAIRWAYS,1060.0,CA,0.0,0.0,0.0,53.4,5.65,0.0,0.0,0.0
2006-05-26,2006-06-29,OPTSTK,JETAIRWAYS,1080.0,CA,0.0,0.0,0.0,59.35,4.65,0.0,0.0,0.0
2006-05-26,2006-06-29,OPTSTK,JETAIRWAYS,1110.0,CA,0.0,0.0,0.0,48.8,3.5,0.0,0.0,0.0
2006-05-26,2006-06-29,OPTSTK,JETAIRWAYS,1140.0,CA,0.0,0.0,0.0,49.2,2.6,0.0,0.0,0.0
2006-05-26,2006-06-29,OPTSTK,JETAIRWAYS,680.0,PA,0.0,0.0,0.0,38.5,28.0,0.0,0.0,0.0
2006-05-26,2006-06-29,OPTSTK,JETAIRWAYS,700.0,PA,0.0,0.0,0.0,10.95,34.95,0.0,0.0,0.0
2006-05-26,2006-06-29,OPTSTK,JETAIRWAYS,720.0,PA,0.0,0.0,0.0,16.4,42.95,0.0,0.0,0.0
2006-05-26,2006-06-29,OPTSTK,JETAIRWAYS,740.0,PA,0.0,0.0,0.0,23.5,51.95,0.0,0.0,0.0
2006-05-26,2006-06-29,OPTSTK,JETAIRWAYS,760.0,PA,0.0,0.0,0.0,32.3,61.95,0.0,0.0,0.0
2006-05-26,2006-06-29,OPTSTK,JETAIRWAYS,780.0,PA,0.0,0.0,0.0,42.8,72.9,0.0,0.0,0.0
2006-05-26,2006-06-29,OPTSTK,JETAIRWAYS,800.0,PA,0.0,0.0,0.0,55.0,84.75,0.0,0.0,0.0
2006-05-26,2006-06-29,OPTSTK,JETAIRWAYS,820.0,PA,0.0,0.0,0.0,15.55,97.5,0.0,0.0,0.0
2006-05-26,2006-06-29,OPTSTK,JETAIRWAYS,840.0,PA,0.0,0.0,0.0,21.45,111.1,0.0,0.0,0.0
2006-05-26,2006-06-29,OPTSTK,JETAIRWAYS,860.0,PA,0.0,0.0,0.0,24.1,125.45,0.0,0.0,0.0
2006-05-26,2006-06-29,OPTSTK,JETAIRWAYS,880.0,PA,0.0,0.0,0.0,26.75,140.5,0.0,0.0,0.0
2006-05-26,2006-06-29,OPTSTK,JETAIRWAYS,900.0,PA,0.0,0.0,0.0,33.75,156.2,0.0,0.0,0.0
2006-05-26,2006-06-29,OPTSTK,JETAIRWAYS,920.0,PA,0.0,0.0,0.0,41.9,172.4,0.0,0.0,0.0
2006-05-26,2006-06-29,OPTSTK,JETAIRWAYS,930.0,PA,0.0,0.0,0.0,30.15,180.7,0.0,0.0,0.0
2006-05-26,2006-06-29,OPTSTK,JETAIRWAYS,940.0,PA,0.0,0.0,0.0,51.1,189.1,0.0,0.0,0.0
2006-05-26,2006-06-29,OPTSTK,JETAIRWAYS,960.0,PA,0.0,0.0,0.0,61.4,206.3,0.0,0.0,0.0
2006-05-26,2006-06-29,OPTSTK,JETAIRWAYS,980.0,PA,0.0,0.0,0.0,72.7,223.9,0.0,0.0,0.0
2006-05-26,2006-06-29,OPTSTK,JETAIRWAYS,990.0,PA,0.0,0.0,0.0,51.75,232.8,0.0,0.0,0.0
2006-05-26,2006-06-29,OPTSTK,JETAIRWAYS,1000.0,PA,0.0,0.0,0.0,85.05,241.8,0.0,0.0,0.0
2006-05-26,2006-06-29,OPTSTK,JETAIRWAYS,1020.0,PA,0.0,0.0,0.0,84.65,260.05,0.0,0.0,0.0
2006-05-26,2006-06-29,OPTSTK,JETAIRWAYS,1040.0,PA,0.0,0.0,0.0,96.25,278.5,0.0,0.0,0.0
2006-05-26,2006-06-29,OPTSTK,JETAIRWAYS,1050.0,PA,0.0,0.0,0.0,80.9,287.85,0.0,0.0,0.0
2006-05-26,2006-06-29,OPTSTK,JETAIRWAYS,1060.0,PA,0.0,0.0,0.0,101.1,297.2,0.0,0.0,0.0
2006-05-26,2006-06-29,OPTSTK,JETAIRWAYS,1080.0,PA,0.0,0.0,0.0,98.15,316.1,0.0,0.0,0.0
2006-05-26,2006-06-29,OPTSTK,JETAIRWAYS,1110.0,PA,0.0,0.0,0.0,117.1,344.75,0.0,0.0,0.0
2006-05-26,2006-06-29,OPTSTK,JETAIRWAYS,1140.0,PA,0.0,0.0,0.0,121.45,373.7,0.0,0.0,0.0
2006-05-26,2006-07-27,OPTSTK,JETAIRWAYS,680.0,CA,0.0,0.0,0.0,131.85,135.3,0.0,0.0,0.0
2006-05-26,2006-07-27,OPTSTK,JETAIRWAYS,700.0,CA,0.0,0.0,0.0,90.3,123.55,0.0,0.0,0.0
2006-05-26,2006-07-27,OPTSTK,JETAIRWAYS,720.0,CA,0.0,0.0,0.0,76.95,112.6,0.0,0.0,0.0
2006-05-26,2006-07-27,OPTSTK,JETAIRWAYS,740.0,CA,0.0,0.0,0.0,64.9,102.4,0.0,0.0,0.0
2006-05-26,2006-07-27,OPTSTK,JETAIRWAYS,760.0,CA,0.0,0.0,0.0,54.15,92.95,0.0,0.0,0.0
2006-05-26,2006-07-27,OPTSTK,JETAIRWAYS,780.0,CA,0.0,0.0,0.0,44.75,84.2,0.0,0.0,0.0
2006-05-26,2006-07-27,OPTSTK,JETAIRWAYS,800.0,CA,0.0,0.0,0.0,36.6,76.1,0.0,0.0,0.0
2006-05-26,2006-07-27,OPTSTK,JETAIRWAYS,820.0,CA,0.0,0.0,0.0,101.45,68.65,0.0,0.0,0.0
2006-05-26,2006-07-27,OPTSTK,JETAIRWAYS,840.0,CA,0.0,0.0,0.0,88.45,61.85,0.0,0.0,0.0
2006-05-26,2006-07-27,OPTSTK,JETAIRWAYS,860.0,CA,0.0,0.0,0.0,111.25,55.65,0.0,0.0,0.0
2006-05-26,2006-07-27,OPTSTK,JETAIRWAYS,880.0,CA,0.0,0.0,0.0,107.25,49.95,0.0,0.0,0.0
2006-05-26,2006-07-27,OPTSTK,JETAIRWAYS,900.0,CA,0.0,0.0,0.0,95.45,44.85,0.0,0.0,0.0
2006-05-26,2006-07-27,OPTSTK,JETAIRWAYS,920.0,CA,0.0,0.0,0.0,84.5,40.15,0.0,0.0,0.0
2006-05-26,2006-07-27,OPTSTK,JETAIRWAYS,940.0,CA,0.0,0.0,0.0,74.5,35.95,0.0,0.0,0.0
2006-05-26,2006-07-27,OPTSTK,JETAIRWAYS,960.0,CA,0.0,0.0,0.0,65.35,32.1,0.0,0.0,0.0
2006-05-26,2006-07-27,OPTSTK,JETAIRWAYS,980.0,CA,0.0,0.0,0.0,57.1,28.65,0.0,0.0,0.0
2006-05-26,2006-07-27,OPTSTK,JETAIRWAYS,1000.0,CA,0.0,0.0,0.0,49.65,25.55,0.0,0.0,0.0
2006-05-26,2006-07-27,OPTSTK,JETAIRWAYS,1020.0,CA,0.0,0.0,0.0,60.1,22.75,0.0,0.0,0.0
2006-05-26,2006-07-27,OPTSTK,JETAIRWAYS,680.0,PA,0.0,0.0,0.0,58.05,45.75,0.0,0.0,0.0
2006-05-26,2006-07-27,OPTSTK,JETAIRWAYS,700.0,PA,0.0,0.0,0.0,18.7,53.8,0.0,0.0,0.0
2006-05-26,2006-07-27,OPTSTK,JETAIRWAYS,720.0,PA,0.0,0.0,0.0,25.05,62.6,0.0,0.0,0.0
2006-05-26,2006-07-27,OPTSTK,JETAIRWAYS,740.0,PA,0.0,0.0,0.0,32.75,72.2,0.0,0.0,0.0
2006-05-26,2006-07-27,OPTSTK,JETAIRWAYS,760.0,PA,0.0,0.0,0.0,41.8,82.5,0.0,0.0,0.0
2006-05-26,2006-07-27,OPTSTK,JETAIRWAYS,780.0,PA,0.0,0.0,0.0,52.15,93.5,0.0,0.0,0.0
2006-05-26,2006-07-27,OPTSTK,JETAIRWAYS,800.0,PA,0.0,0.0,0.0,63.75,105.2,0.0,0.0,0.0
2006-05-26,2006-07-27,OPTSTK,JETAIRWAYS,820.0,PA,0.0,0.0,0.0,24.6,117.55,0.0,0.0,0.0
2006-05-26,2006-07-27,OPTSTK,JETAIRWAYS,840.0,PA,0.0,0.0,0.0,31.35,130.5,0.0,0.0,0.0
2006-05-26,2006-07-27,OPTSTK,JETAIRWAYS,860.0,PA,0.0,0.0,0.0,32.1,144.05,0.0,0.0,0.0
2006-05-26,2006-07-27,OPTSTK,JETAIRWAYS,880.0,PA,0.0,0.0,0.0,37.9,158.15,0.0,0.0,0.0
2006-05-26,2006-07-27,OPTSTK,JETAIRWAYS,900.0,PA,0.0,0.0,0.0,45.75,172.8,0.0,0.0,0.0
2006-05-26,2006-07-27,OPTSTK,JETAIRWAYS,920.0,PA,0.0,0.0,0.0,54.45,187.9,0.0,0.0,0.0
2006-05-26,2006-07-27,OPTSTK,JETAIRWAYS,940.0,PA,0.0,0.0,0.0,64.1,203.4,0.0,0.0,0.0
2006-05-26,2006-07-27,OPTSTK,JETAIRWAYS,960.0,PA,0.0,0.0,0.0,74.65,219.4,0.0,0.0,0.0
2006-05-26,2006-07-27,OPTSTK,JETAIRWAYS,980.0,PA,0.0,0.0,0.0,86.05,235.65,0.0,0.0,0.0
2006-05-26,2006-07-27,OPTSTK,JETAIRWAYS,1000.0,PA,0.0,0.0,0.0,98.25,252.35,0.0,0.0,0.0
2006-05-26,2006-07-27,OPTSTK,JETAIRWAYS,1020.0,PA,0.0,0.0,0.0,99.4,269.3,0.0,0.0,0.0
2006-05-26,2006-08-31,OPTSTK,JETAIRWAYS,680.0,CA,0.0,0.0,0.0,148.5,156.85,0.0,0.0,0.0
2006-05-26,2006-08-31,OPTSTK,JETAIRWAYS,700.0,CA,0.0,0.0,0.0,138.15,145.95,0.0,0.0,0.0
2006-05-26,2006-08-31,OPTSTK,JETAIRWAYS,720.0,CA,0.0,0.0,0.0,128.35,135.65,0.0,0.0,0.0
2006-05-26,2006-08-31,OPTSTK,JETAIRWAYS,740.0,CA,0.0,0.0,0.0,119.2,125.95,0.0,0.0,0.0
2006-05-26,2006-08-31,OPTSTK,JETAIRWAYS,760.0,CA,0.0,0.0,0.0,110.55,116.85,0.0,0.0,0.0
2006-05-26,2006-08-31,OPTSTK,JETAIRWAYS,780.0,CA,0.0,0.0,0.0,102.45,108.3,0.0,0.0,0.0
2006-05-26,2006-08-31,OPTSTK,JETAIRWAYS,800.0,CA,0.0,0.0,0.0,94.9,100.25,0.0,0.0,0.0
2006-05-26,2006-08-31,OPTSTK,JETAIRWAYS,820.0,CA,0.0,0.0,0.0,0.0,0.0,0.0,0.0,0.0
2006-05-26,2006-08-31,OPTSTK,JETAIRWAYS,680.0,PA,0.0,0.0,0.0,70.25,62.95,0.0,0.0,0.0
2006-05-26,2006-08-31,OPTSTK,JETAIRWAYS,700.0,PA,0.0,0.0,0.0,79.5,71.7,0.0,0.0,0.0
2006-05-26,2006-08-31,OPTSTK,JETAIRWAYS,720.0,PA,0.0,0.0,0.0,89.35,81.05,0.0,0.0,0.0
2006-05-26,2006-08-31,OPTSTK,JETAIRWAYS,740.0,PA,0.0,0.0,0.0,99.8,91.0,0.0,0.0,0.0
2006-05-26,2006-08-31,OPTSTK,JETAIRWAYS,760.0,PA,0.0,0.0,0.0,110.8,101.5,0.0,0.0,0.0
2006-05-26,2006-08-31,OPTSTK,JETAIRWAYS,780.0,PA,0.0,0.0,0.0,122.35,112.6,0.0,0.0,0.0
2006-05-26,2006-08-31,OPTSTK,JETAIRWAYS,800.0,PA,0.0,0.0,0.0,134.45,124.25,0.0,0.0,0.0
2006-05-26,2006-08-31,OPTSTK,JETAIRWAYS,820.0,PA,0.0,0.0,0.0,0.0,0.0,0.0,0.0,0.0
2006-05-26,2006-06-29,OPTSTK,JINDALSTEL,1560.0,CA,0.0,0.0,0.0,225.55,288.9,0.0,0.0,0.0
2006-05-26,2006-06-29,OPTSTK,JINDALSTEL,1590.0,CA,0.0,0.0,0.0,209.4,269.35,0.0,0.0,0.0
2006-05-26,2006-06-29,OPTSTK,JINDALSTEL,1620.0,CA,0.0,0.0,0.0,234.65,250.8,0.0,0.0,0.0
2006-05-26,2006-06-29,OPTSTK,JINDALSTEL,1650.0,CA,0.0,0.0,0.0,218.9,233.1,0.0,0.0,0.0
2006-05-26,2006-06-29,OPTSTK,JINDALSTEL,1680.0,CA,0.0,0.0,0.0,203.9,216.35,0.0,0.0,0.0
2006-05-26,2006-06-29,OPTSTK,JINDALSTEL,1710.0,CA,0.0,0.0,0.0,245.7,200.45,0.0,0.0,0.0
2006-05-26,2006-06-29,OPTSTK,JINDALSTEL,1740.0,CA,0.0,0.0,0.0,218.3,185.4,0.0,0.0,0.0
2006-05-26,2006-06-29,OPTSTK,JINDALSTEL,1770.0,CA,0.0,0.0,0.0,201.75,171.25,0.0,0.0,0.0
2006-05-26,2006-06-29,OPTSTK,JINDALSTEL,1800.0,CA,0.0,0.0,0.0,186.15,157.95,0.0,0.0,0.0
2006-05-26,2006-06-29,OPTSTK,JINDALSTEL,1830.0,CA,0.0,0.0,0.0,171.45,145.45,0.0,0.0,0.0
2006-05-26,2006-06-29,OPTSTK,JINDALSTEL,1860.0,CA,0.0,0.0,0.0,157.6,133.75,0.0,0.0,0.0
2006-05-26,2006-06-29,OPTSTK,JINDALSTEL,1890.0,CA,0.0,0.0,0.0,144.6,122.8,0.0,0.0,0.0
2006-05-26,2006-06-29,OPTSTK,JINDALSTEL,1920.0,CA,0.0,0.0,0.0,132.5,112.65,0.0,0.0,0.0
2006-05-26,2006-06-29,OPTSTK,JINDALSTEL,1950.0,CA,0.0,0.0,0.0,167.55,103.15,0.0,0.0,0.0
2006-05-26,2006-06-29,OPTSTK,JINDALSTEL,1980.0,CA,0.0,0.0,0.0,154.95,94.35,0.0,0.0,0.0
2006-05-26,2006-06-29,OPTSTK,JINDALSTEL,2010.0,CA,0.0,0.0,0.0,173.6,86.2,0.0,0.0,0.0
2006-05-26,2006-06-29,OPTSTK,JINDALSTEL,2040.0,CA,0.0,0.0,0.0,160.95,78.75,0.0,0.0,0.0
2006-05-26,2006-06-29,OPTSTK,JINDALSTEL,2070.0,CA,0.0,0.0,0.0,166.6,71.8,0.0,0.0,0.0
2006-05-26,2006-06-29,OPTSTK,JINDALSTEL,2100.0,CA,0.0,0.0,0.0,154.4,65.35,0.0,0.0,0.0
2006-05-26,2006-06-29,OPTSTK,JINDALSTEL,2130.0,CA,0.0,0.0,0.0,137.25,59.45,0.0,0.0,0.0
2006-05-26,2006-06-29,OPTSTK,JINDALSTEL,2160.0,CA,0.0,0.0,0.0,125.35,53.95,0.0,0.0,0.0
2006-05-26,2006-06-29,OPTSTK,JINDALSTEL,2190.0,CA,0.0,0.0,0.0,140.95,49.0,0.0,0.0,0.0
2006-05-26,2006-06-29,OPTSTK,JINDALSTEL,2220.0,CA,0.0,0.0,0.0,128.6,44.4,0.0,0.0,0.0
2006-05-26,2006-06-29,OPTSTK,JINDALSTEL,1560.0,PA,0.0,0.0,0.0,113.4,71.7,0.0,0.0,0.0
2006-05-26,2006-06-29,OPTSTK,JINDALSTEL,1590.0,PA,0.0,0.0,0.0,127.0,82.0,0.0,0.0,0.0
2006-05-26,2006-06-29,OPTSTK,JINDALSTEL,1620.0,PA,0.0,0.0,0.0,127.05,93.25,0.0,0.0,0.0
2006-05-26,2006-06-29,OPTSTK,JINDALSTEL,1650.0,PA,0.0,0.0,0.0,141.0,105.4,0.0,0.0,0.0
2006-05-26,2006-06-29,OPTSTK,JINDALSTEL,1680.0,PA,0.0,0.0,0.0,155.8,118.4,0.0,0.0,0.0
2006-05-26,2006-06-29,OPTSTK,JINDALSTEL,1710.0,PA,0.0,0.0,0.0,132.35,132.35,0.0,0.0,0.0
2006-05-26,2006-06-29,OPTSTK,JINDALSTEL,1740.0,PA,0.0,0.0,0.0,101.1,147.1,0.0,0.0,0.0
2006-05-26,2006-06-29,OPTSTK,JINDALSTEL,1770.0,PA,0.0,0.0,0.0,113.95,162.75,0.0,0.0,0.0
2006-05-26,2006-06-29,OPTSTK,JINDALSTEL,1800.0,PA,0.0,0.0,0.0,127.7,179.25,0.0,0.0,0.0
2006-05-26,2006-06-29,OPTSTK,JINDALSTEL,1830.0,PA,0.0,0.0,0.0,142.35,196.6,0.0,0.0,0.0
2006-05-26,2006-06-29,OPTSTK,JINDALSTEL,1860.0,PA,0.0,0.0,0.0,157.85,214.7,0.0,0.0,0.0
2006-05-26,2006-06-29,OPTSTK,JINDALSTEL,1890.0,PA,0.0,0.0,0.0,174.25,233.55,0.0,0.0,0.0
2006-05-26,2006-06-29,OPTSTK,JINDALSTEL,1920.0,PA,0.0,0.0,0.0,191.45,253.2,0.0,0.0,0.0
2006-05-26,2006-06-29,OPTSTK,JINDALSTEL,1950.0,PA,0.0,0.0,0.0,181.4,273.55,0.0,0.0,0.0
2006-05-26,2006-06-29,OPTSTK,JINDALSTEL,1980.0,PA,0.0,0.0,0.0,198.15,294.55,0.0,0.0,0.0
2006-05-26,2006-06-29,OPTSTK,JINDALSTEL,2010.0,PA,0.0,0.0,0.0,187.05,316.2,0.0,0.0,0.0
2006-05-26,2006-06-29,OPTSTK,JINDALSTEL,2040.0,PA,0.0,0.0,0.0,203.8,338.55,0.0,0.0,0.0
2006-05-26,2006-06-29,OPTSTK,JINDALSTEL,2070.0,PA,0.0,0.0,0.0,199.25,361.4,0.0,0.0,0.0
2006-05-26,2006-06-29,OPTSTK,JINDALSTEL,2100.0,PA,0.0,0.0,0.0,216.5,384.8,0.0,0.0,0.0
2006-05-26,2006-06-29,OPTSTK,JINDALSTEL,2130.0,PA,0.0,0.0,0.0,184.75,408.7,0.0,0.0,0.0
2006-05-26,2006-06-29,OPTSTK,JINDALSTEL,2160.0,PA,0.0,0.0,0.0,202.6,433.05,0.0,0.0,0.0
2006-05-26,2006-06-29,OPTSTK,JINDALSTEL,2190.0,PA,0.0,0.0,0.0,174.4,457.85,0.0,0.0,0.0
2006-05-26,2006-06-29,OPTSTK,JINDALSTEL,2220.0,PA,0.0,0.0,0.0,191.8,483.1,0.0,0.0,0.0
2006-05-26,2006-07-27,OPTSTK,JINDALSTEL,1560.0,CA,0.0,0.0,0.0,279.8,342.35,0.0,0.0,0.0
2006-05-26,2006-07-27,OPTSTK,JINDALSTEL,1590.0,CA,0.0,0.0,0.0,264.7,324.8,0.0,0.0,0.0
2006-05-26,2006-07-27,OPTSTK,JINDALSTEL,1620.0,CA,0.0,0.0,0.0,289.55,307.9,0.0,0.0,0.0
2006-05-26,2006-07-27,OPTSTK,JINDALSTEL,1650.0,CA,0.0,0.0,0.0,274.7,291.7,0.0,0.0,0.0
2006-05-26,2006-07-27,OPTSTK,JINDALSTEL,1680.0,CA,0.0,0.0,0.0,260.45,276.15,0.0,0.0,0.0
2006-05-26,2006-07-27,OPTSTK,JINDALSTEL,1710.0,CA,0.0,0.0,0.0,301.95,261.25,0.0,0.0,0.0
2006-05-26,2006-07-27,OPTSTK,JINDALSTEL,1740.0,CA,0.0,0.0,0.0,287.05,247.0,0.0,0.0,0.0
2006-05-26,2006-07-27,OPTSTK,JINDALSTEL,1770.0,CA,0.0,0.0,0.0,264.0,233.4,0.0,0.0,0.0
2006-05-26,2006-07-27,OPTSTK,JINDALSTEL,1800.0,CA,0.0,0.0,0.0,248.9,220.4,0.0,0.0,0.0
2006-05-26,2006-07-27,OPTSTK,JINDALSTEL,1830.0,CA,0.0,0.0,0.0,234.5,208.0,0.0,0.0,0.0
2006-05-26,2006-07-27,OPTSTK,JINDALSTEL,1860.0,CA,0.0,0.0,0.0,220.75,196.2,0.0,0.0,0.0
2006-05-26,2006-07-27,OPTSTK,JINDALSTEL,1890.0,CA,0.0,0.0,0.0,207.65,184.95,0.0,0.0,0.0
2006-05-26,2006-07-27,OPTSTK,JINDALSTEL,1920.0,CA,0.0,0.0,0.0,195.2,174.3,0.0,0.0,0.0
2006-05-26,2006-07-27,OPTSTK,JINDALSTEL,1950.0,CA,0.0,0.0,0.0,183.35,164.15,0.0,0.0,0.0
2006-05-26,2006-07-27,OPTSTK,JINDALSTEL,1980.0,CA,0.0,0.0,0.0,185.75,154.5,0.0,0.0,0.0
2006-05-26,2006-07-27,OPTSTK,JINDALSTEL,2010.0,CA,0.0,0.0,0.0,231.4,145.4,0.0,0.0,0.0
2006-05-26,2006-07-27,OPTSTK,JINDALSTEL,2040.0,CA,0.0,0.0,0.0,218.4,136.75,0.0,0.0,0.0
2006-05-26,2006-07-27,OPTSTK,JINDALSTEL,2070.0,CA,0.0,0.0,0.0,205.95,128.55,0.0,0.0,0.0
2006-05-26,2006-07-27,OPTSTK,JINDALSTEL,2100.0,CA,0.0,0.0,0.0,195.95,120.8,0.0,0.0,0.0
2006-05-26,2006-07-27,OPTSTK,JINDALSTEL,2130.0,CA,0.0,0.0,0.0,181.4,113.55,0.0,0.0,0.0
2006-05-26,2006-07-27,OPTSTK,JINDALSTEL,2160.0,CA,0.0,0.0,0.0,169.2,106.65,0.0,0.0,0.0
2006-05-26,2006-07-27,OPTSTK,JINDALSTEL,2190.0,CA,0.0,0.0,0.0,186.25,100.1,0.0,0.0,0.0
2006-05-26,2006-07-27,OPTSTK,JINDALSTEL,2220.0,CA,0.0,0.0,0.0,173.7,93.95,0.0,0.0,0.0
2006-05-26,2006-07-27,OPTSTK,JINDALSTEL,1560.0,PA,0.0,0.0,0.0,159.55,117.15,0.0,0.0,0.0
2006-05-26,2006-07-27,OPTSTK,JINDALSTEL,1590.0,PA,0.0,0.0,0.0,174.05,129.25,0.0,0.0,0.0
2006-05-26,2006-07-27,OPTSTK,JINDALSTEL,1620.0,PA,0.0,0.0,0.0,173.45,142.0,0.0,0.0,0.0
2006-05-26,2006-07-27,OPTSTK,JINDALSTEL,1650.0,PA,0.0,0.0,0.0,188.2,155.45,0.0,0.0,0.0
2006-05-26,2006-07-27,OPTSTK,JINDALSTEL,1680.0,PA,0.0,0.0,0.0,203.55,169.55,0.0,0.0,0.0
2006-05-26,2006-07-27,OPTSTK,JINDALSTEL,1710.0,PA,0.0,0.0,0.0,179.75,184.3,0.0,0.0,0.0
2006-05-26,2006-07-27,OPTSTK,JINDALSTEL,1740.0,PA,0.0,0.0,0.0,194.4,199.7,0.0,0.0,0.0
2006-05-26,2006-07-27,OPTSTK,JINDALSTEL,1770.0,PA,0.0,0.0,0.0,158.55,215.75,0.0,0.0,0.0
2006-05-26,2006-07-27,OPTSTK,JINDALSTEL,1800.0,PA,0.0,0.0,0.0,172.95,232.45,0.0,0.0,0.0
2006-05-26,2006-07-27,OPTSTK,JINDALSTEL,1830.0,PA,0.0,0.0,0.0,188.05,249.7,0.0,0.0,0.0
2006-05-26,2006-07-27,OPTSTK,JINDALSTEL,1860.0,PA,0.0,0.0,0.0,203.8,267.55,0.0,0.0,0.0
2006-05-26,2006-07-27,OPTSTK,JINDALSTEL,1890.0,PA,0.0,0.0,0.0,220.2,285.95,0.0,0.0,0.0
2006-05-26,2006-07-27,OPTSTK,JINDALSTEL,1920.0,PA,0.0,0.0,0.0,237.2,304.95,0.0,0.0,0.0
2006-05-26,2006-07-27,OPTSTK,JINDALSTEL,1950.0,PA,0.0,0.0,0.0,254.85,324.45,0.0,0.0,0.0
2006-05-26,2006-07-27,OPTSTK,JINDALSTEL,1980.0,PA,0.0,0.0,0.0,238.9,344.5,0.0,0.0,0.0
2006-05-26,2006-07-27,OPTSTK,JINDALSTEL,2010.0,PA,0.0,0.0,0.0,220.1,365.0,0.0,0.0,0.0
2006-05-26,2006-07-27,OPTSTK,JINDALSTEL,2040.0,PA,0.0,0.0,0.0,236.6,386.0,0.0,0.0,0.0
2006-05-26,2006-07-27,OPTSTK,JINDALSTEL,2070.0,PA,0.0,0.0,0.0,253.7,407.5,0.0,0.0,0.0
2006-05-26,2006-07-27,OPTSTK,JINDALSTEL,2100.0,PA,0.0,0.0,0.0,254.75,429.4,0.0,0.0,0.0
2006-05-26,2006-07-27,OPTSTK,JINDALSTEL,2130.0,PA,0.0,0.0,0.0,217.6,451.8,0.0,0.0,0.0
2006-05-26,2006-07-27,OPTSTK,JINDALSTEL,2160.0,PA,0.0,0.0,0.0,235.0,474.55,0.0,0.0,0.0
2006-05-26,2006-07-27,OPTSTK,JINDALSTEL,2190.0,PA,0.0,0.0,0.0,208.15,497.7,0.0,0.0,0.0
2006-05-26,2006-07-27,OPTSTK,JINDALSTEL,2220.0,PA,0.0,0.0,0.0,225.15,521.2,0.0,0.0,0.0
2006-05-26,2006-08-31,OPTSTK,JINDALSTEL,1620.0,CA,0.0,0.0,0.0,319.6,364.55,0.0,0.0,0.0
2006-05-26,2006-08-31,OPTSTK,JINDALSTEL,1650.0,CA,0.0,0.0,0.0,305.65,349.4,0.0,0.0,0.0
2006-05-26,2006-08-31,OPTSTK,JINDALSTEL,1680.0,CA,0.0,0.0,0.0,292.2,334.75,0.0,0.0,0.0
2006-05-26,2006-08-31,OPTSTK,JINDALSTEL,1710.0,CA,0.0,0.0,0.0,279.25,320.6,0.0,0.0,0.0
2006-05-26,2006-08-31,OPTSTK,JINDALSTEL,1740.0,CA,0.0,0.0,0.0,266.85,307.0,0.0,0.0,0.0
2006-05-26,2006-08-31,OPTSTK,JINDALSTEL,1770.0,CA,0.0,0.0,0.0,254.9,293.9,0.0,0.0,0.0
2006-05-26,2006-08-31,OPTSTK,JINDALSTEL,1800.0,CA,0.0,0.0,0.0,243.45,281.25,0.0,0.0,0.0
2006-05-26,2006-08-31,OPTSTK,JINDALSTEL,1830.0,CA,0.0,0.0,0.0,0.0,0.0,0.0,0.0,0.0
2006-05-26,2006-08-31,OPTSTK,JINDALSTEL,1860.0,CA,0.0,0.0,0.0,0.0,0.0,0.0,0.0,0.0
2006-05-26,2006-08-31,OPTSTK,JINDALSTEL,1620.0,PA,0.0,0.0,0.0,213.35,188.25,0.0,0.0,0.0
2006-05-26,2006-08-31,OPTSTK,JINDALSTEL,1650.0,PA,0.0,0.0,0.0,228.8,202.55,0.0,0.0,0.0
2006-05-26,2006-08-31,OPTSTK,JINDALSTEL,1680.0,PA,0.0,0.0,0.0,244.85,217.4,0.0,0.0,0.0
2006-05-26,2006-08-31,OPTSTK,JINDALSTEL,1710.0,PA,0.0,0.0,0.0,261.35,232.7,0.0,0.0,0.0
2006-05-26,2006-08-31,OPTSTK,JINDALSTEL,1740.0,PA,0.0,0.0,0.0,278.4,248.6,0.0,0.0,0.0
2006-05-26,2006-08-31,OPTSTK,JINDALSTEL,1770.0,PA,0.0,0.0,0.0,295.9,264.95,0.0,0.0,0.0
2006-05-26,2006-08-31,OPTSTK,JINDALSTEL,1800.0,PA,0.0,0.0,0.0,313.9,281.8,0.0,0.0,0.0
2006-05-26,2006-08-31,OPTSTK,JINDALSTEL,1830.0,PA,0.0,0.0,0.0,0.0,0.0,0.0,0.0,0.0
2006-05-26,2006-08-31,OPTSTK,JINDALSTEL,1860.0,PA,0.0,0.0,0.0,0.0,0.0,0.0,0.0,0.0
2006-05-26,2006-06-29,OPTSTK,JPHYDRO,20.0,CA,0.0,0.0,0.0,8.35,10.75,0.0,0.0,0.0
2006-05-26,2006-06-29,OPTSTK,JPHYDRO,22.5,CA,0.0,0.0,0.0,6.1,8.5,0.0,0.0,0.0
2006-05-26,2006-06-29,OPTSTK,JPHYDRO,25.0,CA,0.0,0.0,0.0,4.15,6.5,0.0,0.0,0.0
2006-05-26,2006-06-29,OPTSTK,JPHYDRO,27.5,CA,0.0,0.0,0.0,2.65,4.85,0.0,0.0,0.0
2006-05-26,2006-06-29,OPTSTK,JPHYDRO,30.0,CA,2.3,3.0,2.3,2.65,2.65,54.0,110.55,343750.0
2006-05-26,2006-06-29,OPTSTK,JPHYDRO,32.5,CA,1.6,1.95,1.4,1.6,1.6,57.0,121.64,331250.0
2006-05-26,2006-06-29,OPTSTK,JPHYDRO,35.0,CA,0.85,1.0,0.6,0.8,0.8,40.0,89.64,381250.0
2006-05-26,2006-06-29,OPTSTK,JPHYDRO,37.5,CA,0.5,0.6,0.45,0.6,0.6,7.0,16.63,56250.0
2006-05-26,2006-06-29,OPTSTK,JPHYDRO,40.0,CA,0.3,0.4,0.3,0.4,0.4,3.0,7.56,150000.0
2006-05-26,2006-06-29,OPTSTK,JPHYDRO,42.5,CA,0.0,0.0,0.0,1.55,0.5,0.0,0.0,0.0
2006-05-26,2006-06-29,OPTSTK,JPHYDRO,45.0,CA,0.0,0.0,0.0,1.0,0.3,0.0,0.0,0.0
2006-05-26,2006-06-29,OPTSTK,JPHYDRO,20.0,PA,0.0,0.0,0.0,0.1,0.15,0.0,0.0,0.0
2006-05-26,2006-06-29,OPTSTK,JPHYDRO,22.5,PA,0.0,0.0,0.0,0.3,0.4,0.0,0.0,0.0
2006-05-26,2006-06-29,OPTSTK,JPHYDRO,25.0,PA,0.0,0.0,0.0,0.8,0.9,0.0,0.0,0.0
2006-05-26,2006-06-29,OPTSTK,JPHYDRO,27.5,PA,0.0,0.0,0.0,1.7,1.7,0.0,0.0,0.0
2006-05-26,2006-06-29,OPTSTK,JPHYDRO,30.0,PA,1.4,1.8,1.4,1.4,1.4,4.0,7.87,25000.0
2006-05-26,2006-06-29,OPTSTK,JPHYDRO,32.5,PA,0.0,0.0,0.0,4.85,4.25,0.0,0.0,0.0
2006-05-26,2006-06-29,OPTSTK,JPHYDRO,35.0,PA,0.0,0.0,0.0,6.85,6.0,0.0,0.0,0.0
2006-05-26,2006-06-29,OPTSTK,JPHYDRO,37.5,PA,0.0,0.0,0.0,7.95,7.95,0.0,0.0,0.0
2006-05-26,2006-06-29,OPTSTK,JPHYDRO,40.0,PA,0.0,0.0,0.0,8.55,10.05,0.0,0.0,0.0
2006-05-26,2006-06-29,OPTSTK,JPHYDRO,42.5,PA,0.0,0.0,0.0,7.45,12.25,0.0,0.0,0.0
2006-05-26,2006-06-29,OPTSTK,JPHYDRO,45.0,PA,0.0,0.0,0.0,9.25,14.6,0.0,0.0,0.0
2006-05-26,2006-07-27,OPTSTK,JPHYDRO,20.0,CA,0.0,0.0,0.0,8.4,11.15,0.0,0.0,0.0
2006-05-26,2006-07-27,OPTSTK,JPHYDRO,22.5,CA,0.0,0.0,0.0,9.45,9.15,0.0,0.0,0.0
2006-05-26,2006-07-27,OPTSTK,JPHYDRO,25.0,CA,0.0,0.0,0.0,9.5,7.4,0.0,0.0,0.0
2006-05-26,2006-07-27,OPTSTK,JPHYDRO,27.5,CA,0.0,0.0,0.0,7.5,5.9,0.0,0.0,0.0
2006-05-26,2006-07-27,OPTSTK,JPHYDRO,30.0,CA,0.0,0.0,0.0,5.75,4.6,0.0,0.0,0.0
2006-05-26,2006-07-27,OPTSTK,JPHYDRO,32.5,CA,0.0,0.0,0.0,4.25,3.6,0.0,0.0,0.0
2006-05-26,2006-07-27,OPTSTK,JPHYDRO,35.0,CA,0.0,0.0,0.0,3.1,2.8,0.0,0.0,0.0
2006-05-26,2006-07-27,OPTSTK,JPHYDRO,37.5,CA,0.0,0.0,0.0,2.2,2.15,0.0,0.0,0.0
2006-05-26,2006-07-27,OPTSTK,JPHYDRO,40.0,CA,0.0,0.0,0.0,1.55,1.65,0.0,0.0,0.0
2006-05-26,2006-07-27,OPTSTK,JPHYDRO,42.5,CA,0.0,0.0,0.0,2.25,1.25,0.0,0.0,0.0
2006-05-26,2006-07-27,OPTSTK,JPHYDRO,45.0,CA,0.0,0.0,0.0,1.65,0.95,0.0,0.0,0.0
2006-05-26,2006-07-27,OPTSTK,JPHYDRO,20.0,PA,0.0,0.0,0.0,0.65,0.45,0.0,0.0,0.0
2006-05-26,2006-07-27,OPTSTK,JPHYDRO,22.5,PA,0.0,0.0,0.0,0.85,0.95,0.0,0.0,0.0
2006-05-26,2006-07-27,OPTSTK,JPHYDRO,25.0,PA,0.0,0.0,0.0,0.4,1.65,0.0,0.0,0.0
2006-05-26,2006-07-27,OPTSTK,JPHYDRO,27.5,PA,0.0,0.0,0.0,0.8,2.6,0.0,0.0,0.0
2006-05-26,2006-07-27,OPTSTK,JPHYDRO,30.0,PA,0.0,0.0,0.0,1.5,3.85,0.0,0.0,0.0
2006-05-26,2006-07-27,OPTSTK,JPHYDRO,32.5,PA,0.0,0.0,0.0,2.5,5.25,0.0,0.0,0.0
2006-05-26,2006-07-27,OPTSTK,JPHYDRO,35.0,PA,0.0,0.0,0.0,3.8,6.95,0.0,0.0,0.0
2006-05-26,2006-07-27,OPTSTK,JPHYDRO,37.5,PA,0.0,0.0,0.0,5.35,8.75,0.0,0.0,0.0
2006-05-26,2006-07-27,OPTSTK,JPHYDRO,40.0,PA,0.0,0.0,0.0,7.15,10.7,0.0,0.0,0.0
2006-05-26,2006-07-27,OPTSTK,JPHYDRO,42.5,PA,0.0,0.0,0.0,7.9,12.8,0.0,0.0,0.0
2006-05-26,2006-07-27,OPTSTK,JPHYDRO,45.0,PA,0.0,0.0,0.0,9.7,14.95,0.0,0.0,0.0
2006-05-26,2006-08-31,OPTSTK,JPHYDRO,22.5,CA,0.0,0.0,0.0,8.65,9.9,0.0,0.0,0.0
2006-05-26,2006-08-31,OPTSTK,JPHYDRO,25.0,CA,0.0,0.0,0.0,7.2,8.3,0.0,0.0,0.0
2006-05-26,2006-08-31,OPTSTK,JPHYDRO,27.5,CA,0.0,0.0,0.0,5.9,6.9,0.0,0.0,0.0
2006-05-26,2006-08-31,OPTSTK,JPHYDRO,30.0,CA,0.0,0.0,0.0,4.85,5.75,0.0,0.0,0.0
2006-05-26,2006-08-31,OPTSTK,JPHYDRO,32.5,CA,0.0,0.0,0.0,3.95,4.75,0.0,0.0,0.0
2006-05-26,2006-08-31,OPTSTK,JPHYDRO,35.0,CA,0.0,0.0,0.0,3.2,3.9,0.0,0.0,0.0
2006-05-26,2006-08-31,OPTSTK,JPHYDRO,37.5,CA,0.0,0.0,0.0,2.6,3.2,0.0,0.0,0.0
2006-05-26,2006-08-31,OPTSTK,JPHYDRO,22.5,PA,0.0,0.0,0.0,1.8,1.55,0.0,0.0,0.0
2006-05-26,2006-08-31,OPTSTK,JPHYDRO,25.0,PA,0.0,0.0,0.0,2.75,2.4,0.0,0.0,0.0
2006-05-26,2006-08-31,OPTSTK,JPHYDRO,27.5,PA,0.0,0.0,0.0,3.95,3.5,0.0,0.0,0.0
2006-05-26,2006-08-31,OPTSTK,JPHYDRO,30.0,PA,0.0,0.0,0.0,5.35,4.75,0.0,0.0,0.0
2006-05-26,2006-08-31,OPTSTK,JPHYDRO,32.5,PA,0.0,0.0,0.0,6.9,6.2,0.0,0.0,0.0
2006-05-26,2006-08-31,OPTSTK,JPHYDRO,35.0,PA,0.0,0.0,0.0,8.6,7.85,0.0,0.0,0.0
2006-05-26,2006-08-31,OPTSTK,JPHYDRO,37.5,PA,0.0,0.0,0.0,10.5,9.6,0.0,0.0,0.0
2006-05-26,2006-06-29,OPTSTK,JSTAINLESS,65.0,CA,0.0,0.0,0.0,17.05,33.75,0.0,0.0,0.0
2006-05-26,2006-06-29,OPTSTK,JSTAINLESS,70.0,CA,0.0,0.0,0.0,14.0,29.95,0.0,0.0,0.0
2006-05-26,2006-06-29,OPTSTK,JSTAINLESS,75.0,CA,0.0,0.0,0.0,21.1,26.4,0.0,0.0,0.0
2006-05-26,2006-06-29,OPTSTK,JSTAINLESS,80.0,CA,0.0,0.0,0.0,22.7,23.2,0.0,0.0,0.0
2006-05-26,2006-06-29,OPTSTK,JSTAINLESS,85.0,CA,0.0,0.0,0.0,20.3,20.25,0.0,0.0,0.0
2006-05-26,2006-06-29,OPTSTK,JSTAINLESS,90.0,CA,0.0,0.0,0.0,16.75,17.65,0.0,0.0,0.0
2006-05-26,2006-06-29,OPTSTK,JSTAINLESS,95.0,CA,8.5,8.5,8.5,8.5,8.5,1.0,2.07,2000.0
2006-05-26,2006-06-29,OPTSTK,JSTAINLESS,100.0,CA,5.0,6.0,5.0,5.0,5.0,9.0,18.97,12000.0
2006-05-26,2006-06-29,OPTSTK,JSTAINLESS,105.0,CA,0.0,0.0,0.0,17.1,11.45,0.0,0.0,0.0
2006-05-26,2006-06-29,OPTSTK,JSTAINLESS,110.0,CA,0.0,0.0,0.0,14.25,9.85,0.0,0.0,0.0
2006-05-26,2006-06-29,OPTSTK,JSTAINLESS,115.0,CA,0.0,0.0,0.0,11.75,8.45,0.0,0.0,0.0
2006-05-26,2006-06-29,OPTSTK,JSTAINLESS,120.0,CA,0.0,0.0,0.0,9.6,7.3,0.0,0.0,0.0
2006-05-26,2006-06-29,OPTSTK,JSTAINLESS,125.0,CA,0.0,0.0,0.0,7.8,6.25,0.0,0.0,0.0
2006-05-26,2006-06-29,OPTSTK,JSTAINLESS,130.0,CA,0.0,0.0,0.0,6.3,5.35,0.0,0.0,0.0
2006-05-26,2006-06-29,OPTSTK,JSTAINLESS,135.0,CA,0.0,0.0,0.0,16.2,4.55,0.0,0.0,0.0
2006-05-26,2006-06-29,OPTSTK,JSTAINLESS,140.0,CA,0.0,0.0,0.0,14.35,3.9,0.0,0.0,0.0
2006-05-26,2006-06-29,OPTSTK,JSTAINLESS,145.0,CA,0.0,0.0,0.0,12.75,3.35,0.0,0.0,0.0
2006-05-26,2006-06-29,OPTSTK,JSTAINLESS,150.0,CA,0.0,0.0,0.0,12.15,2.85,0.0,0.0,0.0
2006-05-26,2006-06-29,OPTSTK,JSTAINLESS,65.0,PA,0.0,0.0,0.0,4.05,2.35,0.0,0.0,0.0
2006-05-26,2006-06-29,OPTSTK,JSTAINLESS,70.0,PA,0.0,0.0,0.0,6.0,3.5,0.0,0.0,0.0
2006-05-26,2006-06-29,OPTSTK,JSTAINLESS,75.0,PA,0.0,0.0,0.0,4.7,4.95,0.0,0.0,0.0
2006-05-26,2006-06-29,OPTSTK,JSTAINLESS,80.0,PA,0.0,0.0,0.0,4.8,6.65,0.0,0.0,0.0
2006-05-26,2006-06-29,OPTSTK,JSTAINLESS,85.0,PA,0.0,0.0,0.0,2.7,8.7,0.0,0.0,0.0
2006-05-26,2006-06-29,OPTSTK,JSTAINLESS,90.0,PA,0.0,0.0,0.0,4.1,11.05,0.0,0.0,0.0
2006-05-26,2006-06-29,OPTSTK,JSTAINLESS,95.0,PA,0.0,0.0,0.0,2.35,13.7,0.0,0.0,0.0
2006-05-26,2006-06-29,OPTSTK,JSTAINLESS,100.0,PA,0.0,0.0,0.0,4.2,16.6,0.0,0.0,0.0
2006-05-26,2006-06-29,OPTSTK,JSTAINLESS,105.0,PA,0.0,0.0,0.0,5.85,19.8,0.0,0.0,0.0
2006-05-26,2006-06-29,OPTSTK,JSTAINLESS,110.0,PA,0.0,0.0,0.0,7.9,23.15,0.0,0.0,0.0
2006-05-26,2006-06-29,OPTSTK,JSTAINLESS,115.0,PA,0.0,0.0,0.0,10.3,26.75,0.0,0.0,0.0
2006-05-26,2006-06-29,OPTSTK,JSTAINLESS,120.0,PA,0.0,0.0,0.0,13.05,30.5,0.0,0.0,0.0
2006-05-26,2006-06-29,OPTSTK,JSTAINLESS,125.0,PA,0.0,0.0,0.0,16.15,34.45,0.0,0.0,0.0
2006-05-26,2006-06-29,OPTSTK,JSTAINLESS,130.0,PA,0.0,0.0,0.0,19.5,38.55,0.0,0.0,0.0
2006-05-26,2006-06-29,OPTSTK,JSTAINLESS,135.0,PA,0.0,0.0,0.0,21.15,42.7,0.0,0.0,0.0
2006-05-26,2006-06-29,OPTSTK,JSTAINLESS,140.0,PA,0.0,0.0,0.0,24.25,47.05,0.0,0.0,0.0
2006-05-26,2006-06-29,OPTSTK,JSTAINLESS,145.0,PA,0.0,0.0,0.0,27.5,51.45,0.0,0.0,0.0
2006-05-26,2006-06-29,OPTSTK,JSTAINLESS,150.0,PA,0.0,0.0,0.0,26.05,55.9,0.0,0.0,0.0
2006-05-26,2006-07-27,OPTSTK,JSTAINLESS,65.0,CA,0.0,0.0,0.0,19.75,36.8,0.0,0.0,0.0
2006-05-26,2006-07-27,OPTSTK,JSTAINLESS,70.0,CA,0.0,0.0,0.0,17.0,33.45,0.0,0.0,0.0
2006-05-26,2006-07-27,OPTSTK,JSTAINLESS,75.0,CA,0.0,0.0,0.0,24.1,30.4,0.0,0.0,0.0
2006-05-26,2006-07-27,OPTSTK,JSTAINLESS,80.0,CA,0.0,0.0,0.0,25.8,27.55,0.0,0.0,0.0
2006-05-26,2006-07-27,OPTSTK,JSTAINLESS,85.0,CA,0.0,0.0,0.0,22.5,25.0,0.0,0.0,0.0
2006-05-26,2006-07-27,OPTSTK,JSTAINLESS,90.0,CA,0.0,0.0,0.0,19.25,22.65,0.0,0.0,0.0
2006-05-26,2006-07-27,OPTSTK,JSTAINLESS,95.0,CA,0.0,0.0,0.0,18.45,20.5,0.0,0.0,0.0
2006-05-26,2006-07-27,OPTSTK,JSTAINLESS,100.0,CA,0.0,0.0,0.0,24.75,18.55,0.0,0.0,0.0
2006-05-26,2006-07-27,OPTSTK,JSTAINLESS,105.0,CA,0.0,0.0,0.0,22.8,16.75,0.0,0.0,0.0
2006-05-26,2006-07-27,OPTSTK,JSTAINLESS,110.0,CA,0.0,0.0,0.0,20.0,15.15,0.0,0.0,0.0
2006-05-26,2006-07-27,OPTSTK,JSTAINLESS,115.0,CA,0.0,0.0,0.0,17.45,13.7,0.0,0.0,0.0
2006-05-26,2006-07-27,OPTSTK,JSTAINLESS,120.0,CA,0.0,0.0,0.0,15.15,12.4,0.0,0.0,0.0
2006-05-26,2006-07-27,OPTSTK,JSTAINLESS,125.0,CA,0.0,0.0,0.0,13.15,11.2,0.0,0.0,0.0
2006-05-26,2006-07-27,OPTSTK,JSTAINLESS,130.0,CA,0.0,0.0,0.0,11.35,10.15,0.0,0.0,0.0
2006-05-26,2006-07-27,OPTSTK,JSTAINLESS,135.0,CA,0.0,0.0,0.0,9.75,9.2,0.0,0.0,0.0
2006-05-26,2006-07-27,OPTSTK,JSTAINLESS,140.0,CA,0.0,0.0,0.0,11.1,8.3,0.0,0.0,0.0
2006-05-26,2006-07-27,OPTSTK,JSTAINLESS,65.0,PA,0.0,0.0,0.0,6.45,5.05,0.0,0.0,0.0
2006-05-26,2006-07-27,OPTSTK,JSTAINLESS,70.0,PA,0.0,0.0,0.0,8.65,6.65,0.0,0.0,0.0
2006-05-26,2006-07-27,OPTSTK,JSTAINLESS,75.0,PA,0.0,0.0,0.0,7.35,8.55,0.0,0.0,0.0
2006-05-26,2006-07-27,OPTSTK,JSTAINLESS,80.0,PA,0.0,0.0,0.0,7.5,10.65,0.0,0.0,0.0
2006-05-26,2006-07-27,OPTSTK,JSTAINLESS,85.0,PA,0.0,0.0,0.0,4.45,13.0,0.0,0.0,0.0
2006-05-26,2006-07-27,OPTSTK,JSTAINLESS,90.0,PA,0.0,0.0,0.0,6.15,15.6,0.0,0.0,0.0
2006-05-26,2006-07-27,OPTSTK,JSTAINLESS,95.0,PA,0.0,0.0,0.0,3.85,18.4,0.0,0.0,0.0
2006-05-26,2006-07-27,OPTSTK,JSTAINLESS,100.0,PA,0.0,0.0,0.0,5.9,21.4,0.0,0.0,0.0
2006-05-26,2006-07-27,OPTSTK,JSTAINLESS,105.0,PA,0.0,0.0,0.0,7.85,24.55,0.0,0.0,0.0
2006-05-26,2006-07-27,OPTSTK,JSTAINLESS,110.0,PA,0.0,0.0,0.0,9.95,27.9,0.0,0.0,0.0
2006-05-26,2006-07-27,OPTSTK,JSTAINLESS,115.0,PA,0.0,0.0,0.0,12.3,31.4,0.0,0.0,0.0
2006-05-26,2006-07-27,OPTSTK,JSTAINLESS,120.0,PA,0.0,0.0,0.0,14.95,35.0,0.0,0.0,0.0
2006-05-26,2006-07-27,OPTSTK,JSTAINLESS,125.0,PA,0.0,0.0,0.0,17.85,38.8,0.0,0.0,0.0
2006-05-26,2006-07-27,OPTSTK,JSTAINLESS,130.0,PA,0.0,0.0,0.0,20.95,42.65,0.0,0.0,0.0
2006-05-26,2006-07-27,OPTSTK,JSTAINLESS,135.0,PA,0.0,0.0,0.0,24.3,46.65,0.0,0.0,0.0
2006-05-26,2006-07-27,OPTSTK,JSTAINLESS,140.0,PA,0.0,0.0,0.0,22.75,50.7,0.0,0.0,0.0
2006-05-26,2006-08-31,OPTSTK,JSTAINLESS,75.0,CA,0.0,0.0,0.0,28.85,34.45,0.0,0.0,0.0
2006-05-26,2006-08-31,OPTSTK,JSTAINLESS,80.0,CA,0.0,0.0,0.0,26.55,31.9,0.0,0.0,0.0
2006-05-26,2006-08-31,OPTSTK,JSTAINLESS,85.0,CA,0.0,0.0,0.0,24.45,29.6,0.0,0.0,0.0
2006-05-26,2006-08-31,OPTSTK,JSTAINLESS,90.0,CA,0.0,0.0,0.0,22.5,27.4,0.0,0.0,0.0
2006-05-26,2006-08-31,OPTSTK,JSTAINLESS,95.0,CA,0.0,0.0,0.0,20.75,25.45,0.0,0.0,0.0
2006-05-26,2006-08-31,OPTSTK,JSTAINLESS,100.0,CA,0.0,0.0,0.0,19.15,23.6,0.0,0.0,0.0
2006-05-26,2006-08-31,OPTSTK,JSTAINLESS,105.0,CA,0.0,0.0,0.0,17.65,21.9,0.0,0.0,0.0
2006-05-26,2006-08-31,OPTSTK,JSTAINLESS,110.0,CA,0.0,0.0,0.0,0.0,0.0,0.0,0.0,0.0
2006-05-26,2006-08-31,OPTSTK,JSTAINLESS,75.0,PA,0.0,0.0,0.0,13.75,12.1,0.0,0.0,0.0
2006-05-26,2006-08-31,OPTSTK,JSTAINLESS,80.0,PA,0.0,0.0,0.0,16.35,14.5,0.0,0.0,0.0
2006-05-26,2006-08-31,OPTSTK,JSTAINLESS,85.0,PA,0.0,0.0,0.0,19.15,17.05,0.0,0.0,0.0
2006-05-26,2006-08-31,OPTSTK,JSTAINLESS,90.0,PA,0.0,0.0,0.0,22.15,19.8,0.0,0.0,0.0
2006-05-26,2006-08-31,OPTSTK,JSTAINLESS,95.0,PA,0.0,0.0,0.0,25.25,22.75,0.0,0.0,0.0
2006-05-26,2006-08-31,OPTSTK,JSTAINLESS,100.0,PA,0.0,0.0,0.0,28.55,25.8,0.0,0.0,0.0
2006-05-26,2006-08-31,OPTSTK,JSTAINLESS,105.0,PA,0.0,0.0,0.0,32.0,29.0,0.0,0.0,0.0
2006-05-26,2006-08-31,OPTSTK,JSTAINLESS,110.0,PA,0.0,0.0,0.0,0.0,0.0,0.0,0.0,0.0
2006-05-26,2006-06-29,OPTSTK,KTKBANK,70.0,CA,0.0,0.0,0.0,15.0,30.3,0.0,0.0,0.0
2006-05-26,2006-06-29,OPTSTK,KTKBANK,75.0,CA,0.0,0.0,0.0,11.35,26.05,0.0,0.0,0.0
2006-05-26,2006-06-29,OPTSTK,KTKBANK,80.0,CA,19.9,19.9,19.9,19.9,19.9,1.0,2.49,2500.0
2006-05-26,2006-06-29,OPTSTK,KTKBANK,85.0,CA,0.0,0.0,0.0,15.45,18.6,0.0,0.0,0.0
2006-05-26,2006-06-29,OPTSTK,KTKBANK,90.0,CA,0.0,0.0,0.0,11.55,15.45,0.0,0.0,0.0
2006-05-26,2006-06-29,OPTSTK,KTKBANK,95.0,CA,6.5,10.75,6.5,8.0,8.0,5.0,12.95,5000.0
2006-05-26,2006-06-29,OPTSTK,KTKBANK,100.0,CA,3.3,7.8,3.3,5.3,5.3,28.0,74.07,40000.0
2006-05-26,2006-06-29,OPTSTK,KTKBANK,105.0,CA,2.85,5.9,2.7,3.15,3.15,13.0,35.55,22500.0
2006-05-26,2006-06-29,OPTSTK,KTKBANK,110.0,CA,2.35,3.75,2.35,2.5,2.5,14.0,39.51,25000.0
2006-05-26,2006-06-29,OPTSTK,KTKBANK,115.0,CA,0.0,0.0,0.0,1.4,5.3,0.0,0.0,0.0
2006-05-26,2006-06-29,OPTSTK,KTKBANK,120.0,CA,0.0,0.0,0.0,2.0,4.15,0.0,0.0,0.0
2006-05-26,2006-06-29,OPTSTK,KTKBANK,125.0,CA,0.0,0.0,0.0,3.05,3.25,0.0,0.0,0.0
2006-05-26,2006-06-29,OPTSTK,KTKBANK,70.0,PA,0.0,0.0,0.0,1.4,1.0,0.0,0.0,0.0
2006-05-26,2006-06-29,OPTSTK,KTKBANK,75.0,PA,0.0,0.0,0.0,2.7,1.75,0.0,0.0,0.0
2006-05-26,2006-06-29,OPTSTK,KTKBANK,80.0,PA,0.0,0.0,0.0,0.4,2.8,0.0,0.0,0.0
2006-05-26,2006-06-29,OPTSTK,KTKBANK,85.0,PA,0.0,0.0,0.0,0.95,4.2,0.0,0.0,0.0
2006-05-26,2006-06-29,OPTSTK,KTKBANK,90.0,PA,0.0,0.0,0.0,2.0,6.05,0.0,0.0,0.0
2006-05-26,2006-06-29,OPTSTK,KTKBANK,95.0,PA,0.0,0.0,0.0,3.6,8.25,0.0,0.0,0.0
2006-05-26,2006-06-29,OPTSTK,KTKBANK,100.0,PA,8.45,8.45,8.45,8.45,8.45,1.0,2.71,2500.0
2006-05-26,2006-06-29,OPTSTK,KTKBANK,105.0,PA,0.0,0.0,0.0,8.85,13.8,0.0,0.0,0.0
2006-05-26,2006-06-29,OPTSTK,KTKBANK,110.0,PA,0.0,0.0,0.0,12.35,17.1,0.0,0.0,0.0
2006-05-26,2006-06-29,OPTSTK,KTKBANK,115.0,PA,0.0,0.0,0.0,16.3,20.7,0.0,0.0,0.0
2006-05-26,2006-06-29,OPTSTK,KTKBANK,120.0,PA,0.0,0.0,0.0,15.8,24.55,0.0,0.0,0.0
2006-05-26,2006-06-29,OPTSTK,KTKBANK,125.0,PA,0.0,0.0,0.0,17.15,28.6,0.0,0.0,0.0
2006-05-26,2006-07-27,OPTSTK,KTKBANK,70.0,CA,0.0,0.0,0.0,16.6,32.2,0.0,0.0,0.0
2006-05-26,2006-07-27,OPTSTK,KTKBANK,75.0,CA,0.0,0.0,0.0,13.3,28.45,0.0,0.0,0.0
2006-05-26,2006-07-27,OPTSTK,KTKBANK,80.0,CA,0.0,0.0,0.0,19.3,25.0,0.0,0.0,0.0
2006-05-26,2006-07-27,OPTSTK,KTKBANK,85.0,CA,0.0,0.0,0.0,15.15,21.85,0.0,0.0,0.0
2006-05-26,2006-07-27,OPTSTK,KTKBANK,90.0,CA,0.0,0.0,0.0,11.5,19.0,0.0,0.0,0.0
2006-05-26,2006-07-27,OPTSTK,KTKBANK,95.0,CA,0.0,0.0,0.0,8.4,16.45,0.0,0.0,0.0
2006-05-26,2006-07-27,OPTSTK,KTKBANK,100.0,CA,0.0,0.0,0.0,5.95,14.2,0.0,0.0,0.0
2006-05-26,2006-07-27,OPTSTK,KTKBANK,105.0,CA,0.0,0.0,0.0,4.05,12.25,0.0,0.0,0.0
2006-05-26,2006-07-27,OPTSTK,KTKBANK,110.0,CA,0.0,0.0,0.0,2.7,10.5,0.0,0.0,0.0
2006-05-26,2006-07-27,OPTSTK,KTKBANK,115.0,CA,0.0,0.0,0.0,1.95,8.95,0.0,0.0,0.0
2006-05-26,2006-07-27,OPTSTK,KTKBANK,120.0,CA,0.0,0.0,0.0,4.6,7.65,0.0,0.0,0.0
2006-05-26,2006-07-27,OPTSTK,KTKBANK,125.0,CA,0.0,0.0,0.0,3.1,6.55,0.0,0.0,0.0
2006-05-26,2006-07-27,OPTSTK,KTKBANK,70.0,PA,0.0,0.0,0.0,2.65,2.55,0.0,0.0,0.0
2006-05-26,2006-07-27,OPTSTK,KTKBANK,75.0,PA,0.0,0.0,0.0,4.25,3.75,0.0,0.0,0.0
2006-05-26,2006-07-27,OPTSTK,KTKBANK,80.0,PA,0.0,0.0,0.0,0.7,5.25,0.0,0.0,0.0
2006-05-26,2006-07-27,OPTSTK,KTKBANK,85.0,PA,0.0,0.0,0.0,1.5,7.0,0.0,0.0,0.0
2006-05-26,2006-07-27,OPTSTK,KTKBANK,90.0,PA,0.0,0.0,0.0,2.75,9.1,0.0,0.0,0.0
2006-05-26,2006-07-27,OPTSTK,KTKBANK,95.0,PA,0.0,0.0,0.0,4.6,11.55,0.0,0.0,0.0
2006-05-26,2006-07-27,OPTSTK,KTKBANK,100.0,PA,0.0,0.0,0.0,7.05,14.2,0.0,0.0,0.0
2006-05-26,2006-07-27,OPTSTK,KTKBANK,105.0,PA,0.0,0.0,0.0,10.1,17.15,0.0,0.0,0.0
2006-05-26,2006-07-27,OPTSTK,KTKBANK,110.0,PA,0.0,0.0,0.0,13.6,20.4,0.0,0.0,0.0
2006-05-26,2006-07-27,OPTSTK,KTKBANK,115.0,PA,0.0,0.0,0.0,16.4,23.8,0.0,0.0,0.0
2006-05-26,2006-07-27,OPTSTK,KTKBANK,120.0,PA,0.0,0.0,0.0,15.8,27.45,0.0,0.0,0.0
2006-05-26,2006-07-27,OPTSTK,KTKBANK,125.0,PA,0.0,0.0,0.0,18.5,31.25,0.0,0.0,0.0
2006-05-26,2006-08-31,OPTSTK,KTKBANK,75.0,CA,0.0,0.0,0.0,21.7,31.15,0.0,0.0,0.0
2006-05-26,2006-08-31,OPTSTK,KTKBANK,80.0,CA,0.0,0.0,0.0,18.8,28.0,0.0,0.0,0.0
2006-05-26,2006-08-31,OPTSTK,KTKBANK,85.0,CA,0.0,0.0,0.0,16.25,25.15,0.0,0.0,0.0
2006-05-26,2006-08-31,OPTSTK,KTKBANK,90.0,CA,0.0,0.0,0.0,14.0,22.5,0.0,0.0,0.0
2006-05-26,2006-08-31,OPTSTK,KTKBANK,95.0,CA,0.0,0.0,0.0,12.05,20.15,0.0,0.0,0.0
2006-05-26,2006-08-31,OPTSTK,KTKBANK,100.0,CA,0.0,0.0,0.0,10.3,18.0,0.0,0.0,0.0
2006-05-26,2006-08-31,OPTSTK,KTKBANK,105.0,CA,0.0,0.0,0.0,8.8,16.05,0.0,0.0,0.0
2006-05-26,2006-08-31,OPTSTK,KTKBANK,110.0,CA,0.0,0.0,0.0,0.0,0.0,0.0,0.0,0.0
2006-05-26,2006-08-31,OPTSTK,KTKBANK,115.0,CA,0.0,0.0,0.0,0.0,0.0,0.0,0.0,0.0
2006-05-26,2006-08-31,OPTSTK,KTKBANK,75.0,PA,0.0,0.0,0.0,6.3,5.95,0.0,0.0,0.0
2006-05-26,2006-08-31,OPTSTK,KTKBANK,80.0,PA,0.0,0.0,0.0,8.35,7.75,0.0,0.0,0.0
2006-05-26,2006-08-31,OPTSTK,KTKBANK,85.0,PA,0.0,0.0,0.0,10.7,9.75,0.0,0.0,0.0
2006-05-26,2006-08-31,OPTSTK,KTKBANK,90.0,PA,0.0,0.0,0.0,13.4,12.05,0.0,0.0,0.0
2006-05-26,2006-08-31,OPTSTK,KTKBANK,95.0,PA,0.0,0.0,0.0,16.3,14.6,0.0,0.0,0.0
2006-05-26,2006-08-31,OPTSTK,KTKBANK,100.0,PA,0.0,0.0,0.0,19.5,17.35,0.0,0.0,0.0
2006-05-26,2006-08-31,OPTSTK,KTKBANK,105.0,PA,0.0,0.0,0.0,22.9,20.3,0.0,0.0,0.0
2006-05-26,2006-08-31,OPTSTK,KTKBANK,110.0,PA,0.0,0.0,0.0,0.0,0.0,0.0,0.0,0.0
2006-05-26,2006-08-31,OPTSTK,KTKBANK,115.0,PA,0.0,0.0,0.0,0.0,0.0,0.0,0.0,0.0
2006-05-26,2006-06-29,OPTSTK,LICHSGFIN,160.0,CA,0.0,0.0,0.0,23.8,31.25,0.0,0.0,0.0
2006-05-26,2006-06-29,OPTSTK,LICHSGFIN,165.0,CA,0.0,0.0,0.0,24.1,27.7,0.0,0.0,0.0
2006-05-26,2006-06-29,OPTSTK,LICHSGFIN,170.0,CA,0.0,0.0,0.0,21.0,24.4,0.0,0.0,0.0
2006-05-26,2006-06-29,OPTSTK,LICHSGFIN,175.0,CA,0.0,0.0,0.0,17.3,21.35,0.0,0.0,0.0
2006-05-26,2006-06-29,OPTSTK,LICHSGFIN,180.0,CA,11.8,16.5,11.8,16.5,16.5,3.0,4.97,4250.0
2006-05-26,2006-06-29,OPTSTK,LICHSGFIN,185.0,CA,9.6,12.4,9.6,10.0,10.0,3.0,4.98,4250.0
2006-05-26,2006-06-29,OPTSTK,LICHSGFIN,190.0,CA,8.9,9.0,8.9,9.0,9.0,2.0,3.38,2550.0
2006-05-26,2006-06-29,OPTSTK,LICHSGFIN,195.0,CA,0.0,0.0,0.0,6.6,11.85,0.0,0.0,0.0
2006-05-26,2006-06-29,OPTSTK,LICHSGFIN,200.0,CA,5.5,6.65,5.5,6.5,6.5,6.0,10.52,7650.0
2006-05-26,2006-06-29,OPTSTK,LICHSGFIN,205.0,CA,0.0,0.0,0.0,5.7,8.55,0.0,0.0,0.0
2006-05-26,2006-06-29,OPTSTK,LICHSGFIN,210.0,CA,3.0,3.95,3.0,3.95,3.95,2.0,3.62,1700.0
2006-05-26,2006-06-29,OPTSTK,LICHSGFIN,215.0,CA,0.0,0.0,0.0,12.35,6.05,0.0,0.0,0.0
2006-05-26,2006-06-29,OPTSTK,LICHSGFIN,220.0,CA,0.0,0.0,0.0,10.6,5.05,0.0,0.0,0.0
2006-05-26,2006-06-29,OPTSTK,LICHSGFIN,225.0,CA,0.0,0.0,0.0,12.95,4.2,0.0,0.0,0.0
2006-05-26,2006-06-29,OPTSTK,LICHSGFIN,230.0,CA,0.0,0.0,0.0,11.7,3.5,0.0,0.0,0.0
2006-05-26,2006-06-29,OPTSTK,LICHSGFIN,235.0,CA,0.0,0.0,0.0,12.8,2.85,0.0,0.0,0.0
2006-05-26,2006-06-29,OPTSTK,LICHSGFIN,240.0,CA,0.0,0.0,0.0,11.15,2.35,0.0,0.0,0.0
2006-05-26,2006-06-29,OPTSTK,LICHSGFIN,245.0,CA,0.0,0.0,0.0,11.7,1.95,0.0,0.0,0.0
2006-05-26,2006-06-29,OPTSTK,LICHSGFIN,160.0,PA,0.0,0.0,0.0,8.3,4.65,0.0,0.0,0.0
2006-05-26,2006-06-29,OPTSTK,LICHSGFIN,165.0,PA,0.0,0.0,0.0,9.5,6.05,0.0,0.0,0.0
2006-05-26,2006-06-29,OPTSTK,LICHSGFIN,170.0,PA,0.0,0.0,0.0,2.3,7.7,0.0,0.0,0.0
2006-05-26,2006-06-29,OPTSTK,LICHSGFIN,175.0,PA,0.0,0.0,0.0,3.55,9.65,0.0,0.0,0.0
2006-05-26,2006-06-29,OPTSTK,LICHSGFIN,180.0,PA,0.0,0.0,0.0,5.1,11.85,0.0,0.0,0.0
2006-05-26,2006-06-29,OPTSTK,LICHSGFIN,185.0,PA,0.0,0.0,0.0,7.1,14.3,0.0,0.0,0.0
2006-05-26,2006-06-29,OPTSTK,LICHSGFIN,190.0,PA,0.0,0.0,0.0,9.55,17.05,0.0,0.0,0.0
2006-05-26,2006-06-29,OPTSTK,LICHSGFIN,195.0,PA,0.0,0.0,0.0,12.4,20.0,0.0,0.0,0.0
2006-05-26,2006-06-29,OPTSTK,LICHSGFIN,200.0,PA,0.0,0.0,0.0,15.65,23.2,0.0,0.0,0.0
2006-05-26,2006-06-29,OPTSTK,LICHSGFIN,205.0,PA,0.0,0.0,0.0,16.7,26.65,0.0,0.0,0.0
2006-05-26,2006-06-29,OPTSTK,LICHSGFIN,210.0,PA,0.0,0.0,0.0,17.2,30.25,0.0,0.0,0.0
2006-05-26,2006-06-29,OPTSTK,LICHSGFIN,215.0,PA,0.0,0.0,0.0,20.1,34.1,0.0,0.0,0.0
2006-05-26,2006-06-29,OPTSTK,LICHSGFIN,220.0,PA,0.0,0.0,0.0,23.25,38.05,0.0,0.0,0.0
2006-05-26,2006-06-29,OPTSTK,LICHSGFIN,225.0,PA,0.0,0.0,0.0,23.05,42.2,0.0,0.0,0.0
2006-05-26,2006-06-29,OPTSTK,LICHSGFIN,230.0,PA,0.0,0.0,0.0,24.35,46.45,0.0,0.0,0.0
2006-05-26,2006-06-29,OPTSTK,LICHSGFIN,235.0,PA,0.0,0.0,0.0,24.05,50.8,0.0,0.0,0.0
2006-05-26,2006-06-29,OPTSTK,LICHSGFIN,240.0,PA,0.0,0.0,0.0,24.75,55.25,0.0,0.0,0.0
2006-05-26,2006-06-29,OPTSTK,LICHSGFIN,245.0,PA,0.0,0.0,0.0,23.2,59.8,0.0,0.0,0.0
2006-05-26,2006-07-27,OPTSTK,LICHSGFIN,160.0,CA,0.0,0.0,0.0,28.6,35.8,0.0,0.0,0.0
2006-05-26,2006-07-27,OPTSTK,LICHSGFIN,165.0,CA,0.0,0.0,0.0,29.0,32.55,0.0,0.0,0.0
2006-05-26,2006-07-27,OPTSTK,LICHSGFIN,170.0,CA,0.0,0.0,0.0,31.85,29.55,0.0,0.0,0.0
2006-05-26,2006-07-27,OPTSTK,LICHSGFIN,175.0,CA,0.0,0.0,0.0,29.05,26.8,0.0,0.0,0.0
2006-05-26,2006-07-27,OPTSTK,LICHSGFIN,180.0,CA,0.0,0.0,0.0,26.4,24.2,0.0,0.0,0.0
2006-05-26,2006-07-27,OPTSTK,LICHSGFIN,185.0,CA,0.0,0.0,0.0,24.4,21.8,0.0,0.0,0.0
2006-05-26,2006-07-27,OPTSTK,LICHSGFIN,190.0,CA,0.0,0.0,0.0,21.2,19.55,0.0,0.0,0.0
2006-05-26,2006-07-27,OPTSTK,LICHSGFIN,195.0,CA,0.0,0.0,0.0,26.95,17.55,0.0,0.0,0.0
2006-05-26,2006-07-27,OPTSTK,LICHSGFIN,200.0,CA,0.0,0.0,0.0,24.0,15.7,0.0,0.0,0.0
2006-05-26,2006-07-27,OPTSTK,LICHSGFIN,205.0,CA,0.0,0.0,0.0,21.3,14.0,0.0,0.0,0.0
2006-05-26,2006-07-27,OPTSTK,LICHSGFIN,210.0,CA,0.0,0.0,0.0,18.8,12.5,0.0,0.0,0.0
2006-05-26,2006-07-27,OPTSTK,LICHSGFIN,215.0,CA,0.0,0.0,0.0,16.55,11.1,0.0,0.0,0.0
2006-05-26,2006-07-27,OPTSTK,LICHSGFIN,220.0,CA,0.0,0.0,0.0,14.5,9.85,0.0,0.0,0.0
2006-05-26,2006-07-27,OPTSTK,LICHSGFIN,225.0,CA,0.0,0.0,0.0,12.65,8.75,0.0,0.0,0.0
2006-05-26,2006-07-27,OPTSTK,LICHSGFIN,230.0,CA,0.0,0.0,0.0,13.2,7.75,0.0,0.0,0.0
2006-05-26,2006-07-27,OPTSTK,LICHSGFIN,235.0,CA,0.0,0.0,0.0,11.1,6.85,0.0,0.0,0.0
2006-05-26,2006-07-27,OPTSTK,LICHSGFIN,160.0,PA,0.0,0.0,0.0,12.3,8.35,0.0,0.0,0.0
2006-05-26,2006-07-27,OPTSTK,LICHSGFIN,165.0,PA,0.0,0.0,0.0,13.5,10.1,0.0,0.0,0.0
2006-05-26,2006-07-27,OPTSTK,LICHSGFIN,170.0,PA,0.0,0.0,0.0,12.5,12.05,0.0,0.0,0.0
2006-05-26,2006-07-27,OPTSTK,LICHSGFIN,175.0,PA,0.0,0.0,0.0,14.65,14.15,0.0,0.0,0.0
2006-05-26,2006-07-27,OPTSTK,LICHSGFIN,180.0,PA,0.0,0.0,0.0,16.95,16.5,0.0,0.0,0.0
2006-05-26,2006-07-27,OPTSTK,LICHSGFIN,185.0,PA,0.0,0.0,0.0,6.5,19.05,0.0,0.0,0.0
2006-05-26,2006-07-27,OPTSTK,LICHSGFIN,190.0,PA,0.0,0.0,0.0,8.25,21.8,0.0,0.0,0.0
2006-05-26,2006-07-27,OPTSTK,LICHSGFIN,195.0,PA,0.0,0.0,0.0,9.5,24.7,0.0,0.0,0.0
2006-05-26,2006-07-27,OPTSTK,LICHSGFIN,200.0,PA,0.0,0.0,0.0,11.5,27.8,0.0,0.0,0.0
2006-05-26,2006-07-27,OPTSTK,LICHSGFIN,205.0,PA,0.0,0.0,0.0,13.7,31.05,0.0,0.0,0.0
2006-05-26,2006-07-27,OPTSTK,LICHSGFIN,210.0,PA,0.0,0.0,0.0,16.1,34.5,0.0,0.0,0.0
2006-05-26,2006-07-27,OPTSTK,LICHSGFIN,215.0,PA,0.0,0.0,0.0,18.75,38.05,0.0,0.0,0.0
2006-05-26,2006-07-27,OPTSTK,LICHSGFIN,220.0,PA,0.0,0.0,0.0,21.65,41.75,0.0,0.0,0.0
2006-05-26,2006-07-27,OPTSTK,LICHSGFIN,225.0,PA,0.0,0.0,0.0,24.7,45.6,0.0,0.0,0.0
2006-05-26,2006-07-27,OPTSTK,LICHSGFIN,230.0,PA,0.0,0.0,0.0,24.0,49.5,0.0,0.0,0.0
2006-05-26,2006-07-27,OPTSTK,LICHSGFIN,235.0,PA,0.0,0.0,0.0,24.6,53.55,0.0,0.0,0.0
2006-05-26,2006-08-31,OPTSTK,LICHSGFIN,165.0,CA,0.0,0.0,0.0,32.0,37.55,0.0,0.0,0.0
2006-05-26,2006-08-31,OPTSTK,LICHSGFIN,170.0,CA,0.0,0.0,0.0,29.45,34.8,0.0,0.0,0.0
2006-05-26,2006-08-31,OPTSTK,LICHSGFIN,175.0,CA,0.0,0.0,0.0,27.05,32.15,0.0,0.0,0.0
2006-05-26,2006-08-31,OPTSTK,LICHSGFIN,180.0,CA,0.0,0.0,0.0,24.85,29.7,0.0,0.0,0.0
2006-05-26,2006-08-31,OPTSTK,LICHSGFIN,185.0,CA,0.0,0.0,0.0,22.75,27.35,0.0,0.0,0.0
2006-05-26,2006-08-31,OPTSTK,LICHSGFIN,190.0,CA,0.0,0.0,0.0,20.8,25.2,0.0,0.0,0.0
2006-05-26,2006-08-31,OPTSTK,LICHSGFIN,195.0,CA,0.0,0.0,0.0,19.05,23.2,0.0,0.0,0.0
2006-05-26,2006-08-31,OPTSTK,LICHSGFIN,200.0,CA,0.0,0.0,0.0,0.0,0.0,0.0,0.0,0.0
2006-05-26,2006-08-31,OPTSTK,LICHSGFIN,165.0,PA,0.0,0.0,0.0,16.15,14.05,0.0,0.0,0.0
2006-05-26,2006-08-31,OPTSTK,LICHSGFIN,170.0,PA,0.0,0.0,0.0,18.5,16.15,0.0,0.0,0.0
2006-05-26,2006-08-31,OPTSTK,LICHSGFIN,175.0,PA,0.0,0.0,0.0,21.05,18.45,0.0,0.0,0.0
2006-05-26,2006-08-31,OPTSTK,LICHSGFIN,180.0,PA,0.0,0.0,0.0,23.7,20.85,0.0,0.0,0.0
2006-05-26,2006-08-31,OPTSTK,LICHSGFIN,185.0,PA,0.0,0.0,0.0,26.55,23.45,0.0,0.0,0.0
2006-05-26,2006-08-31,OPTSTK,LICHSGFIN,190.0,PA,0.0,0.0,0.0,29.5,26.2,0.0,0.0,0.0
2006-05-26,2006-08-31,OPTSTK,LICHSGFIN,195.0,PA,0.0,0.0,0.0,32.65,29.1,0.0,0.0,0.0
2006-05-26,2006-08-31,OPTSTK,LICHSGFIN,200.0,PA,0.0,0.0,0.0,0.0,0.0,0.0,0.0,0.0
2006-05-26,2006-06-29,OPTSTK,M&M,520.0,CA,0.0,0.0,0.0,77.0,89.3,0.0,0.0,0.0
2006-05-26,2006-06-29,OPTSTK,M&M,540.0,CA,0.0,0.0,0.0,63.75,75.4,0.0,0.0,0.0
2006-05-26,2006-06-29,OPTSTK,M&M,560.0,CA,0.0,0.0,0.0,50.0,62.95,0.0,0.0,1250.0
2006-05-26,2006-06-29,OPTSTK,M&M,580.0,CA,0.0,0.0,0.0,77.25,52.0,0.0,0.0,0.0
2006-05-26,2006-06-29,OPTSTK,M&M,600.0,CA,35.8,35.8,22.2,23.6,23.6,4.0,31.48,1250.0
2006-05-26,2006-06-29,OPTSTK,M&M,620.0,CA,29.9,29.9,18.0,18.05,18.05,4.0,32.13,3750.0
2006-05-26,2006-06-29,OPTSTK,M&M,640.0,CA,0.0,0.0,0.0,43.05,27.4,0.0,0.0,0.0
2006-05-26,2006-06-29,OPTSTK,M&M,660.0,CA,0.0,0.0,0.0,34.55,21.65,0.0,0.0,0.0
2006-05-26,2006-06-29,OPTSTK,M&M,680.0,CA,0.0,0.0,0.0,27.4,17.0,0.0,0.0,0.0
2006-05-26,2006-06-29,OPTSTK,M&M,700.0,CA,0.0,0.0,0.0,6.0,13.2,0.0,0.0,1250.0
2006-05-26,2006-06-29,OPTSTK,M&M,720.0,CA,0.0,0.0,0.0,22.75,10.15,0.0,0.0,0.0
2006-05-26,2006-06-29,OPTSTK,M&M,740.0,CA,0.0,0.0,0.0,17.2,7.75,0.0,0.0,0.0
2006-05-26,2006-06-29,OPTSTK,M&M,760.0,CA,0.0,0.0,0.0,27.35,5.9,0.0,0.0,0.0
2006-05-26,2006-06-29,OPTSTK,M&M,520.0,PA,0.0,0.0,0.0,15.9,14.7,0.0,0.0,0.0
2006-05-26,2006-06-29,OPTSTK,M&M,540.0,PA,0.0,0.0,0.0,22.55,20.65,0.0,0.0,0.0
2006-05-26,2006-06-29,OPTSTK,M&M,560.0,PA,0.0,0.0,0.0,12.15,28.1,0.0,0.0,0.0
2006-05-26,2006-06-29,OPTSTK,M&M,580.0,PA,0.0,0.0,0.0,17.5,37.0,0.0,0.0,0.0
2006-05-26,2006-06-29,OPTSTK,M&M,600.0,PA,0.0,0.0,0.0,24.2,47.3,0.0,0.0,0.0
2006-05-26,2006-06-29,OPTSTK,M&M,620.0,PA,0.0,0.0,0.0,32.4,59.0,0.0,0.0,0.0
2006-05-26,2006-06-29,OPTSTK,M&M,640.0,PA,0.0,0.0,0.0,42.05,72.0,0.0,0.0,0.0
2006-05-26,2006-06-29,OPTSTK,M&M,660.0,PA,0.0,0.0,0.0,53.1,86.15,0.0,0.0,0.0
2006-05-26,2006-06-29,OPTSTK,M&M,680.0,PA,0.0,0.0,0.0,65.55,101.4,0.0,0.0,0.0
2006-05-26,2006-06-29,OPTSTK,M&M,700.0,PA,0.0,0.0,0.0,68.95,117.45,0.0,0.0,0.0
2006-05-26,2006-06-29,OPTSTK,M&M,720.0,PA,0.0,0.0,0.0,76.15,134.3,0.0,0.0,0.0
2006-05-26,2006-06-29,OPTSTK,M&M,740.0,PA,0.0,0.0,0.0,69.3,151.75,0.0,0.0,0.0
2006-05-26,2006-06-29,OPTSTK,M&M,760.0,PA,0.0,0.0,0.0,70.2,169.75,0.0,0.0,0.0
2006-05-26,2006-07-27,OPTSTK,M&M,520.0,CA,0.0,0.0,0.0,89.95,103.1,0.0,0.0,0.0
2006-05-26,2006-07-27,OPTSTK,M&M,540.0,CA,0.0,0.0,0.0,77.8,90.55,0.0,0.0,0.0
2006-05-26,2006-07-27,OPTSTK,M&M,560.0,CA,0.0,0.0,0.0,90.4,79.1,0.0,0.0,0.0
2006-05-26,2006-07-27,OPTSTK,M&M,580.0,CA,0.0,0.0,0.0,76.15,68.7,0.0,0.0,0.0
2006-05-26,2006-07-27,OPTSTK,M&M,600.0,CA,0.0,0.0,0.0,63.25,59.4,0.0,0.0,0.0
2006-05-26,2006-07-27,OPTSTK,M&M,620.0,CA,0.0,0.0,0.0,51.9,51.1,0.0,0.0,0.0
2006-05-26,2006-07-27,OPTSTK,M&M,640.0,CA,0.0,0.0,0.0,42.0,43.8,0.0,0.0,0.0
2006-05-26,2006-07-27,OPTSTK,M&M,660.0,CA,0.0,0.0,0.0,33.55,37.35,0.0,0.0,0.0
2006-05-26,2006-07-27,OPTSTK,M&M,680.0,CA,0.0,0.0,0.0,26.5,31.75,0.0,0.0,0.0
2006-05-26,2006-07-27,OPTSTK,M&M,700.0,CA,0.0,0.0,0.0,19.35,26.9,0.0,0.0,0.0
2006-05-26,2006-07-27,OPTSTK,M&M,720.0,CA,0.0,0.0,0.0,26.5,22.7,0.0,0.0,0.0
2006-05-26,2006-07-27,OPTSTK,M&M,740.0,CA,0.0,0.0,0.0,25.95,19.1,0.0,0.0,0.0
2006-05-26,2006-07-27,OPTSTK,M&M,760.0,CA,0.0,0.0,0.0,39.3,16.0,0.0,0.0,0.0
2006-05-26,2006-07-27,OPTSTK,M&M,520.0,PA,0.0,0.0,0.0,26.1,25.8,0.0,0.0,0.0
2006-05-26,2006-07-27,OPTSTK,M&M,540.0,PA,0.0,0.0,0.0,33.7,33.0,0.0,0.0,0.0
2006-05-26,2006-07-27,OPTSTK,M&M,560.0,PA,0.0,0.0,0.0,12.1,41.3,0.0,0.0,0.0
2006-05-26,2006-07-27,OPTSTK,M&M,580.0,PA,0.0,0.0,0.0,17.5,50.7,0.0,0.0,0.0
2006-05-26,2006-07-27,OPTSTK,M&M,600.0,PA,0.0,0.0,0.0,24.3,61.2,0.0,0.0,0.0
2006-05-26,2006-07-27,OPTSTK,M&M,620.0,PA,0.0,0.0,0.0,32.55,72.65,0.0,0.0,0.0
2006-05-26,2006-07-27,OPTSTK,M&M,640.0,PA,0.0,0.0,0.0,42.35,85.1,0.0,0.0,0.0
2006-05-26,2006-07-27,OPTSTK,M&M,660.0,PA,0.0,0.0,0.0,53.55,98.45,0.0,0.0,0.0
2006-05-26,2006-07-27,OPTSTK,M&M,680.0,PA,0.0,0.0,0.0,66.15,112.6,0.0,0.0,0.0
2006-05-26,2006-07-27,OPTSTK,M&M,700.0,PA,0.0,0.0,0.0,76.3,127.55,0.0,0.0,0.0
2006-05-26,2006-07-27,OPTSTK,M&M,720.0,PA,0.0,0.0,0.0,69.35,143.1,0.0,0.0,0.0
2006-05-26,2006-07-27,OPTSTK,M&M,740.0,PA,0.0,0.0,0.0,74.15,159.25,0.0,0.0,0.0
2006-05-26,2006-07-27,OPTSTK,M&M,760.0,PA,0.0,0.0,0.0,78.05,175.95,0.0,0.0,0.0
2006-05-26,2006-08-31,OPTSTK,M&M,540.0,CA,0.0,0.0,0.0,113.3,105.85,0.0,0.0,0.0
2006-05-26,2006-08-31,OPTSTK,M&M,560.0,CA,0.0,0.0,0.0,102.35,95.05,0.0,0.0,0.0
2006-05-26,2006-08-31,OPTSTK,M&M,580.0,CA,0.0,0.0,0.0,92.2,85.15,0.0,0.0,0.0
2006-05-26,2006-08-31,OPTSTK,M&M,600.0,CA,0.0,0.0,0.0,82.9,76.1,0.0,0.0,0.0
2006-05-26,2006-08-31,OPTSTK,M&M,620.0,CA,0.0,0.0,0.0,74.35,67.85,0.0,0.0,0.0
2006-05-26,2006-08-31,OPTSTK,M&M,640.0,CA,0.0,0.0,0.0,66.6,60.35,0.0,0.0,0.0
2006-05-26,2006-08-31,OPTSTK,M&M,660.0,CA,0.0,0.0,0.0,59.5,53.55,0.0,0.0,0.0
2006-05-26,2006-08-31,OPTSTK,M&M,540.0,PA,0.0,0.0,0.0,44.65,44.85,0.0,0.0,0.0
2006-05-26,2006-08-31,OPTSTK,M&M,560.0,PA,0.0,0.0,0.0,53.3,53.7,0.0,0.0,0.0
2006-05-26,2006-08-31,OPTSTK,M&M,580.0,PA,0.0,0.0,0.0,62.8,63.45,0.0,0.0,0.0
2006-05-26,2006-08-31,OPTSTK,M&M,600.0,PA,0.0,0.0,0.0,73.15,74.05,0.0,0.0,0.0
2006-05-26,2006-08-31,OPTSTK,M&M,620.0,PA,0.0,0.0,0.0,84.25,85.4,0.0,0.0,0.0
2006-05-26,2006-08-31,OPTSTK,M&M,640.0,PA,0.0,0.0,0.0,96.1,97.55,0.0,0.0,0.0
2006-05-26,2006-08-31,OPTSTK,M&M,660.0,PA,0.0,0.0,0.0,108.65,110.4,0.0,0.0,0.0
2006-05-26,2006-06-29,OPTSTK,MAHSEAMLES,270.0,CA,0.0,0.0,0.0,35.2,64.05,0.0,0.0,0.0
2006-05-26,2006-06-29,OPTSTK,MAHSEAMLES,280.0,CA,0.0,0.0,0.0,41.15,56.8,0.0,0.0,0.0
2006-05-26,2006-06-29,OPTSTK,MAHSEAMLES,290.0,CA,0.0,0.0,0.0,91.3,50.1,0.0,0.0,0.0
2006-05-26,2006-06-29,OPTSTK,MAHSEAMLES,300.0,CA,0.0,0.0,0.0,78.15,43.9,0.0,0.0,0.0
2006-05-26,2006-06-29,OPTSTK,MAHSEAMLES,310.0,CA,0.0,0.0,0.0,66.3,38.3,0.0,0.0,0.0
2006-05-26,2006-06-29,OPTSTK,MAHSEAMLES,320.0,CA,0.0,0.0,0.0,55.75,33.2,0.0,0.0,0.0
2006-05-26,2006-06-29,OPTSTK,MAHSEAMLES,330.0,CA,0.0,0.0,0.0,46.45,28.65,0.0,0.0,0.0
2006-05-26,2006-06-29,OPTSTK,MAHSEAMLES,340.0,CA,0.0,0.0,0.0,38.35,24.6,0.0,0.0,0.0
2006-05-26,2006-06-29,OPTSTK,MAHSEAMLES,350.0,CA,0.0,0.0,0.0,31.45,21.0,0.0,0.0,0.0
2006-05-26,2006-06-29,OPTSTK,MAHSEAMLES,360.0,CA,0.0,0.0,0.0,49.5,17.85,0.0,0.0,0.0
2006-05-26,2006-06-29,OPTSTK,MAHSEAMLES,370.0,CA,0.0,0.0,0.0,42.4,15.1,0.0,0.0,0.0
2006-05-26,2006-06-29,OPTSTK,MAHSEAMLES,380.0,CA,0.0,0.0,0.0,35.6,12.75,0.0,0.0,0.0
2006-05-26,2006-06-29,OPTSTK,MAHSEAMLES,390.0,CA,0.0,0.0,0.0,17.95,10.75,0.0,0.0,0.0
2006-05-26,2006-06-29,OPTSTK,MAHSEAMLES,400.0,CA,0.0,0.0,0.0,14.75,9.0,0.0,0.0,0.0
2006-05-26,2006-06-29,OPTSTK,MAHSEAMLES,270.0,PA,0.0,0.0,0.0,7.4,8.3,0.0,0.0,0.0
2006-05-26,2006-06-29,OPTSTK,MAHSEAMLES,280.0,PA,0.0,0.0,0.0,7.05,11.0,0.0,0.0,0.0
2006-05-26,2006-06-29,OPTSTK,MAHSEAMLES,290.0,PA,0.0,0.0,0.0,18.75,14.2,0.0,0.0,0.0
2006-05-26,2006-06-29,OPTSTK,MAHSEAMLES,300.0,PA,0.0,0.0,0.0,25.2,17.95,0.0,0.0,0.0
2006-05-26,2006-06-29,OPTSTK,MAHSEAMLES,310.0,PA,0.0,0.0,0.0,32.9,22.3,0.0,0.0,0.0
2006-05-26,2006-06-29,OPTSTK,MAHSEAMLES,320.0,PA,0.0,0.0,0.0,41.95,27.15,0.0,0.0,0.0
2006-05-26,2006-06-29,OPTSTK,MAHSEAMLES,330.0,PA,0.0,0.0,0.0,52.2,32.5,0.0,0.0,0.0
2006-05-26,2006-06-29,OPTSTK,MAHSEAMLES,340.0,PA,0.0,0.0,0.0,63.7,38.4,0.0,0.0,0.0
2006-05-26,2006-06-29,OPTSTK,MAHSEAMLES,350.0,PA,0.0,0.0,0.0,76.35,44.75,0.0,0.0,0.0
2006-05-26,2006-06-29,OPTSTK,MAHSEAMLES,360.0,PA,0.0,0.0,0.0,77.35,51.55,0.0,0.0,0.0
2006-05-26,2006-06-29,OPTSTK,MAHSEAMLES,370.0,PA,0.0,0.0,0.0,89.85,58.75,0.0,0.0,0.0
2006-05-26,2006-06-29,OPTSTK,MAHSEAMLES,380.0,PA,0.0,0.0,0.0,90.25,66.3,0.0,0.0,0.0
2006-05-26,2006-06-29,OPTSTK,MAHSEAMLES,390.0,PA,0.0,0.0,0.0,37.35,74.25,0.0,0.0,0.0
2006-05-26,2006-06-29,OPTSTK,MAHSEAMLES,400.0,PA,0.0,0.0,0.0,44.0,82.4,0.0,0.0,0.0
2006-05-26,2006-07-27,OPTSTK,MAHSEAMLES,270.0,CA,0.0,0.0,0.0,41.0,72.55,0.0,0.0,0.0
2006-05-26,2006-07-27,OPTSTK,MAHSEAMLES,280.0,CA,0.0,0.0,0.0,46.9,66.05,0.0,0.0,0.0
2006-05-26,2006-07-27,OPTSTK,MAHSEAMLES,290.0,CA,0.0,0.0,0.0,43.6,60.05,0.0,0.0,0.0
2006-05-26,2006-07-27,OPTSTK,MAHSEAMLES,300.0,CA,0.0,0.0,0.0,54.3,54.4,0.0,0.0,0.0
2006-05-26,2006-07-27,OPTSTK,MAHSEAMLES,310.0,CA,0.0,0.0,0.0,48.7,49.2,0.0,0.0,0.0
2006-05-26,2006-07-27,OPTSTK,MAHSEAMLES,320.0,CA,0.0,0.0,0.0,43.55,44.4,0.0,0.0,0.0
2006-05-26,2006-07-27,OPTSTK,MAHSEAMLES,330.0,CA,0.0,0.0,0.0,38.8,39.95,0.0,0.0,0.0
2006-05-26,2006-07-27,OPTSTK,MAHSEAMLES,340.0,CA,0.0,0.0,0.0,34.5,35.9,0.0,0.0,0.0
2006-05-26,2006-07-27,OPTSTK,MAHSEAMLES,350.0,CA,0.0,0.0,0.0,30.6,32.2,0.0,0.0,0.0
2006-05-26,2006-07-27,OPTSTK,MAHSEAMLES,360.0,CA,0.0,0.0,0.0,27.05,28.85,0.0,0.0,0.0
2006-05-26,2006-07-27,OPTSTK,MAHSEAMLES,370.0,CA,0.0,0.0,0.0,24.05,25.75,0.0,0.0,0.0
2006-05-26,2006-07-27,OPTSTK,MAHSEAMLES,380.0,CA,0.0,0.0,0.0,23.95,23.0,0.0,0.0,0.0
2006-05-26,2006-07-27,OPTSTK,MAHSEAMLES,390.0,CA,0.0,0.0,0.0,23.55,20.5,0.0,0.0,0.0
2006-05-26,2006-07-27,OPTSTK,MAHSEAMLES,270.0,PA,0.0,0.0,0.0,11.8,15.4,0.0,0.0,0.0
2006-05-26,2006-07-27,OPTSTK,MAHSEAMLES,280.0,PA,0.0,0.0,0.0,11.35,18.8,0.0,0.0,0.0
2006-05-26,2006-07-27,OPTSTK,MAHSEAMLES,290.0,PA,0.0,0.0,0.0,14.65,22.65,0.0,0.0,0.0
2006-05-26,2006-07-27,OPTSTK,MAHSEAMLES,300.0,PA,0.0,0.0,0.0,21.1,26.95,0.0,0.0,0.0
2006-05-26,2006-07-27,OPTSTK,MAHSEAMLES,310.0,PA,0.0,0.0,0.0,25.35,31.6,0.0,0.0,0.0
2006-05-26,2006-07-27,OPTSTK,MAHSEAMLES,320.0,PA,0.0,0.0,0.0,30.0,36.65,0.0,0.0,0.0
2006-05-26,2006-07-27,OPTSTK,MAHSEAMLES,330.0,PA,0.0,0.0,0.0,35.1,42.15,0.0,0.0,0.0
2006-05-26,2006-07-27,OPTSTK,MAHSEAMLES,340.0,PA,0.0,0.0,0.0,40.65,47.95,0.0,0.0,0.0
2006-05-26,2006-07-27,OPTSTK,MAHSEAMLES,350.0,PA,0.0,0.0,0.0,46.55,54.15,0.0,0.0,0.0
2006-05-26,2006-07-27,OPTSTK,MAHSEAMLES,360.0,PA,0.0,0.0,0.0,52.85,60.65,0.0,0.0,0.0
2006-05-26,2006-07-27,OPTSTK,MAHSEAMLES,370.0,PA,0.0,0.0,0.0,48.9,67.5,0.0,0.0,0.0
2006-05-26,2006-07-27,OPTSTK,MAHSEAMLES,380.0,PA,0.0,0.0,0.0,47.35,74.6,0.0,0.0,0.0
2006-05-26,2006-07-27,OPTSTK,MAHSEAMLES,390.0,PA,0.0,0.0,0.0,49.2,82.0,0.0,0.0,0.0
2006-05-26,2006-08-31,OPTSTK,MAHSEAMLES,290.0,CA,0.0,0.0,0.0,0.0,0.0,0.0,0.0,0.0
2006-05-26,2006-08-31,OPTSTK,MAHSEAMLES,300.0,CA,0.0,0.0,0.0,0.0,0.0,0.0,0.0,0.0
2006-05-26,2006-08-31,OPTSTK,MAHSEAMLES,310.0,CA,0.0,0.0,0.0,70.85,59.9,0.0,0.0,0.0
2006-05-26,2006-08-31,OPTSTK,MAHSEAMLES,320.0,CA,0.0,0.0,0.0,65.7,55.3,0.0,0.0,0.0
2006-05-26,2006-08-31,OPTSTK,MAHSEAMLES,330.0,CA,0.0,0.0,0.0,60.85,51.0,0.0,0.0,0.0
2006-05-26,2006-08-31,OPTSTK,MAHSEAMLES,340.0,CA,0.0,0.0,0.0,56.3,47.0,0.0,0.0,0.0
2006-05-26,2006-08-31,OPTSTK,MAHSEAMLES,350.0,CA,0.0,0.0,0.0,52.05,43.3,0.0,0.0,0.0
2006-05-26,2006-08-31,OPTSTK,MAHSEAMLES,360.0,CA,0.0,0.0,0.0,48.1,39.85,0.0,0.0,0.0
2006-05-26,2006-08-31,OPTSTK,MAHSEAMLES,370.0,CA,0.0,0.0,0.0,44.4,36.65,0.0,0.0,0.0
2006-05-26,2006-08-31,OPTSTK,MAHSEAMLES,290.0,PA,0.0,0.0,0.0,0.0,0.0,0.0,0.0,0.0
2006-05-26,2006-08-31,OPTSTK,MAHSEAMLES,300.0,PA,0.0,0.0,0.0,0.0,0.0,0.0,0.0,0.0
2006-05-26,2006-08-31,OPTSTK,MAHSEAMLES,310.0,PA,0.0,0.0,0.0,33.25,40.3,0.0,0.0,0.0
2006-05-26,2006-08-31,OPTSTK,MAHSEAMLES,320.0,PA,0.0,0.0,0.0,37.95,45.55,0.0,0.0,0.0
2006-05-26,2006-08-31,OPTSTK,MAHSEAMLES,330.0,PA,0.0,0.0,0.0,42.9,51.05,0.0,0.0,0.0
2006-05-26,2006-08-31,OPTSTK,MAHSEAMLES,340.0,PA,0.0,0.0,0.0,48.2,56.9,0.0,0.0,0.0
2006-05-26,2006-08-31,OPTSTK,MAHSEAMLES,350.0,PA,0.0,0.0,0.0,53.75,63.0,0.0,0.0,0.0
2006-05-26,2006-08-31,OPTSTK,MAHSEAMLES,360.0,PA,0.0,0.0,0.0,59.6,69.4,0.0,0.0,0.0
2006-05-26,2006-08-31,OPTSTK,MAHSEAMLES,370.0,PA,0.0,0.0,0.0,65.75,76.0,0.0,0.0,0.0
2006-05-26,2006-06-29,OPTSTK,MARUTI,680.0,CA,0.0,0.0,0.0,106.3,140.55,0.0,0.0,0.0
2006-05-26,2006-06-29,OPTSTK,MARUTI,700.0,CA,0.0,0.0,0.0,94.1,126.75,0.0,0.0,0.0
2006-05-26,2006-06-29,OPTSTK,MARUTI,720.0,CA,0.0,0.0,0.0,108.7,113.8,0.0,0.0,0.0
2006-05-26,2006-06-29,OPTSTK,MARUTI,740.0,CA,0.0,0.0,0.0,97.0,101.8,0.0,0.0,0.0
2006-05-26,2006-06-29,OPTSTK,MARUTI,760.0,CA,0.0,0.0,0.0,109.65,90.7,0.0,0.0,0.0
2006-05-26,2006-06-29,OPTSTK,MARUTI,780.0,CA,0.0,0.0,0.0,100.6,80.5,0.0,0.0,0.0
2006-05-26,2006-06-29,OPTSTK,MARUTI,800.0,CA,34.45,40.0,34.0,36.0,36.0,8.0,53.55,6400.0
2006-05-26,2006-06-29,OPTSTK,MARUTI,820.0,CA,0.0,0.0,0.0,90.55,62.7,0.0,0.0,0.0
2006-05-26,2006-06-29,OPTSTK,MARUTI,840.0,CA,0.0,0.0,0.0,79.2,55.05,0.0,0.0,0.0
2006-05-26,2006-06-29,OPTSTK,MARUTI,860.0,CA,0.0,0.0,0.0,68.9,48.2,0.0,0.0,0.0
2006-05-26,2006-06-29,OPTSTK,MARUTI,880.0,CA,0.0,0.0,0.0,59.55,42.05,0.0,0.0,0.0
2006-05-26,2006-06-29,OPTSTK,MARUTI,900.0,CA,0.0,0.0,0.0,51.2,36.55,0.0,0.0,0.0
2006-05-26,2006-06-29,OPTSTK,MARUTI,920.0,CA,0.0,0.0,0.0,43.8,31.75,0.0,0.0,0.0
2006-05-26,2006-06-29,OPTSTK,MARUTI,940.0,CA,0.0,0.0,0.0,44.4,27.45,0.0,0.0,0.0
2006-05-26,2006-06-29,OPTSTK,MARUTI,960.0,CA,0.0,0.0,0.0,58.15,23.65,0.0,0.0,0.0
2006-05-26,2006-06-29,OPTSTK,MARUTI,980.0,CA,0.0,0.0,0.0,50.8,20.35,0.0,0.0,0.0
2006-05-26,2006-06-29,OPTSTK,MARUTI,1000.0,CA,0.0,0.0,0.0,51.1,17.5,0.0,0.0,0.0
2006-05-26,2006-06-29,OPTSTK,MARUTI,1020.0,CA,0.0,0.0,0.0,52.1,14.95,0.0,0.0,0.0
2006-05-26,2006-06-29,OPTSTK,MARUTI,680.0,PA,0.0,0.0,0.0,32.85,24.6,0.0,0.0,0.0
2006-05-26,2006-06-29,OPTSTK,MARUTI,700.0,PA,0.0,0.0,0.0,9.0,30.65,0.0,0.0,800.0
2006-05-26,2006-06-29,OPTSTK,MARUTI,720.0,PA,0.0,0.0,0.0,39.6,37.6,0.0,0.0,0.0
2006-05-26,2006-06-29,OPTSTK,MARUTI,740.0,PA,0.0,0.0,0.0,47.75,45.45,0.0,0.0,0.0
2006-05-26,2006-06-29,OPTSTK,MARUTI,760.0,PA,0.0,0.0,0.0,43.2,54.2,0.0,0.0,0.0
2006-05-26,2006-06-29,OPTSTK,MARUTI,780.0,PA,0.0,0.0,0.0,26.3,63.9,0.0,0.0,0.0
2006-05-26,2006-06-29,OPTSTK,MARUTI,800.0,PA,0.0,0.0,0.0,29.65,74.45,0.0,0.0,0.0
2006-05-26,2006-06-29,OPTSTK,MARUTI,820.0,PA,0.0,0.0,0.0,36.9,85.85,0.0,0.0,0.0
2006-05-26,2006-06-29,OPTSTK,MARUTI,840.0,PA,0.0,0.0,0.0,45.1,98.1,0.0,0.0,0.0
2006-05-26,2006-06-29,OPTSTK,MARUTI,860.0,PA,0.0,0.0,0.0,54.4,111.1,0.0,0.0,0.0
2006-05-26,2006-06-29,OPTSTK,MARUTI,880.0,PA,0.0,0.0,0.0,64.65,124.8,0.0,0.0,0.0
2006-05-26,2006-06-29,OPTSTK,MARUTI,900.0,PA,0.0,0.0,0.0,75.85,139.2,0.0,0.0,0.0
2006-05-26,2006-06-29,OPTSTK,MARUTI,920.0,PA,0.0,0.0,0.0,88.0,154.25,0.0,0.0,0.0
2006-05-26,2006-06-29,OPTSTK,MARUTI,940.0,PA,0.0,0.0,0.0,90.6,169.85,0.0,0.0,0.0
2006-05-26,2006-06-29,OPTSTK,MARUTI,960.0,PA,0.0,0.0,0.0,88.4,185.95,0.0,0.0,0.0
2006-05-26,2006-06-29,OPTSTK,MARUTI,980.0,PA,0.0,0.0,0.0,100.65,202.5,0.0,0.0,0.0
2006-05-26,2006-06-29,OPTSTK,MARUTI,1000.0,PA,0.0,0.0,0.0,98.05,219.5,0.0,0.0,0.0
2006-05-26,2006-06-29,OPTSTK,MARUTI,1020.0,PA,0.0,0.0,0.0,97.75,236.85,0.0,0.0,0.0
2006-05-26,2006-07-27,OPTSTK,MARUTI,680.0,CA,0.0,0.0,0.0,126.65,162.4,0.0,0.0,0.0
2006-05-26,2006-07-27,OPTSTK,MARUTI,700.0,CA,0.0,0.0,0.0,115.4,150.0,0.0,0.0,0.0
2006-05-26,2006-07-27,OPTSTK,MARUTI,720.0,CA,0.0,0.0,0.0,129.9,138.3,0.0,0.0,0.0
2006-05-26,2006-07-27,OPTSTK,MARUTI,740.0,CA,0.0,0.0,0.0,119.0,127.3,0.0,0.0,0.0
2006-05-26,2006-07-27,OPTSTK,MARUTI,760.0,CA,0.0,0.0,0.0,131.5,116.95,0.0,0.0,0.0
2006-05-26,2006-07-27,OPTSTK,MARUTI,780.0,CA,0.0,0.0,0.0,120.75,107.3,0.0,0.0,0.0
2006-05-26,2006-07-27,OPTSTK,MARUTI,800.0,CA,0.0,0.0,0.0,110.65,98.3,0.0,0.0,0.0
2006-05-26,2006-07-27,OPTSTK,MARUTI,820.0,CA,0.0,0.0,0.0,108.4,89.95,0.0,0.0,0.0
2006-05-26,2006-07-27,OPTSTK,MARUTI,840.0,CA,0.0,0.0,0.0,126.6,82.15,0.0,0.0,0.0
2006-05-26,2006-07-27,OPTSTK,MARUTI,860.0,CA,0.0,0.0,0.0,115.45,74.95,0.0,0.0,0.0
2006-05-26,2006-07-27,OPTSTK,MARUTI,880.0,CA,0.0,0.0,0.0,105.0,68.3,0.0,0.0,0.0
2006-05-26,2006-07-27,OPTSTK,MARUTI,900.0,CA,0.0,0.0,0.0,95.25,62.15,0.0,0.0,0.0
2006-05-26,2006-07-27,OPTSTK,MARUTI,920.0,CA,0.0,0.0,0.0,86.25,56.5,0.0,0.0,0.0
2006-05-26,2006-07-27,OPTSTK,MARUTI,940.0,CA,0.0,0.0,0.0,77.9,51.35,0.0,0.0,0.0
2006-05-26,2006-07-27,OPTSTK,MARUTI,960.0,CA,0.0,0.0,0.0,70.2,46.6,0.0,0.0,0.0
2006-05-26,2006-07-27,OPTSTK,MARUTI,980.0,CA,0.0,0.0,0.0,71.6,42.25,0.0,0.0,0.0
2006-05-26,2006-07-27,OPTSTK,MARUTI,1000.0,CA,0.0,0.0,0.0,68.25,38.3,0.0,0.0,0.0
2006-05-26,2006-07-27,OPTSTK,MARUTI,1020.0,CA,0.0,0.0,0.0,69.75,34.65,0.0,0.0,0.0
2006-05-26,2006-07-27,OPTSTK,MARUTI,680.0,PA,0.0,0.0,0.0,49.65,42.95,0.0,0.0,0.0
2006-05-26,2006-07-27,OPTSTK,MARUTI,700.0,PA,0.0,0.0,0.0,58.15,50.3,0.0,0.0,0.0
2006-05-26,2006-07-27,OPTSTK,MARUTI,720.0,PA,0.0,0.0,0.0,57.0,58.35,0.0,0.0,0.0
2006-05-26,2006-07-27,OPTSTK,MARUTI,740.0,PA,0.0,0.0,0.0,65.85,67.1,0.0,0.0,0.0
2006-05-26,2006-07-27,OPTSTK,MARUTI,760.0,PA,0.0,0.0,0.0,61.1,76.55,0.0,0.0,0.0
2006-05-26,2006-07-27,OPTSTK,MARUTI,780.0,PA,0.0,0.0,0.0,70.05,86.7,0.0,0.0,0.0
2006-05-26,2006-07-27,OPTSTK,MARUTI,800.0,PA,0.0,0.0,0.0,79.75,97.45,0.0,0.0,0.0
2006-05-26,2006-07-27,OPTSTK,MARUTI,820.0,PA,0.0,0.0,0.0,31.3,108.85,0.0,0.0,0.0
2006-05-26,2006-07-27,OPTSTK,MARUTI,840.0,PA,0.0,0.0,0.0,53.25,120.85,0.0,0.0,0.0
2006-05-26,2006-07-27,OPTSTK,MARUTI,860.0,PA,0.0,0.0,0.0,61.75,133.4,0.0,0.0,0.0
2006-05-26,2006-07-27,OPTSTK,MARUTI,880.0,PA,0.0,0.0,0.0,70.95,146.5,0.0,0.0,0.0
2006-05-26,2006-07-27,OPTSTK,MARUTI,900.0,PA,0.0,0.0,0.0,80.9,160.15,0.0,0.0,0.0
2006-05-26,2006-07-27,OPTSTK,MARUTI,920.0,PA,0.0,0.0,0.0,91.5,174.25,0.0,0.0,0.0
2006-05-26,2006-07-27,OPTSTK,MARUTI,940.0,PA,0.0,0.0,0.0,102.85,188.9,0.0,0.0,0.0
2006-05-26,2006-07-27,OPTSTK,MARUTI,960.0,PA,0.0,0.0,0.0,114.8,203.9,0.0,0.0,0.0
2006-05-26,2006-07-27,OPTSTK,MARUTI,980.0,PA,0.0,0.0,0.0,115.1,219.35,0.0,0.0,0.0
2006-05-26,2006-07-27,OPTSTK,MARUTI,1000.0,PA,0.0,0.0,0.0,110.0,235.15,0.0,0.0,0.0
2006-05-26,2006-07-27,OPTSTK,MARUTI,1020.0,PA,0.0,0.0,0.0,110.0,251.3,0.0,0.0,0.0
2006-05-26,2006-08-31,OPTSTK,MARUTI,740.0,CA,0.0,0.0,0.0,157.55,152.45,0.0,0.0,0.0
2006-05-26,2006-08-31,OPTSTK,MARUTI,760.0,CA,0.0,0.0,0.0,147.85,142.7,0.0,0.0,0.0
2006-05-26,2006-08-31,OPTSTK,MARUTI,780.0,CA,0.0,0.0,0.0,138.7,133.45,0.0,0.0,0.0
2006-05-26,2006-08-31,OPTSTK,MARUTI,800.0,CA,0.0,0.0,0.0,130.0,124.75,0.0,0.0,0.0
2006-05-26,2006-08-31,OPTSTK,MARUTI,820.0,CA,0.0,0.0,0.0,121.85,116.55,0.0,0.0,0.0
2006-05-26,2006-08-31,OPTSTK,MARUTI,840.0,CA,0.0,0.0,0.0,114.1,108.8,0.0,0.0,0.0
2006-05-26,2006-08-31,OPTSTK,MARUTI,860.0,CA,0.0,0.0,0.0,106.8,101.55,0.0,0.0,0.0
2006-05-26,2006-08-31,OPTSTK,MARUTI,740.0,PA,0.0,0.0,0.0,91.1,87.55,0.0,0.0,0.0
2006-05-26,2006-08-31,OPTSTK,MARUTI,760.0,PA,0.0,0.0,0.0,101.1,97.4,0.0,0.0,0.0
2006-05-26,2006-08-31,OPTSTK,MARUTI,780.0,PA,0.0,0.0,0.0,111.55,107.85,0.0,0.0,0.0
2006-05-26,2006-08-31,OPTSTK,MARUTI,800.0,PA,0.0,0.0,0.0,122.5,118.8,0.0,0.0,0.0
2006-05-26,2006-08-31,OPTSTK,MARUTI,820.0,PA,0.0,0.0,0.0,133.95,130.2,0.0,0.0,0.0
2006-05-26,2006-08-31,OPTSTK,MARUTI,840.0,PA,0.0,0.0,0.0,145.85,142.1,0.0,0.0,0.0
2006-05-26,2006-08-31,OPTSTK,MARUTI,860.0,PA,0.0,0.0,0.0,158.2,154.5,0.0,0.0,0.0
2006-05-26,2006-06-29,OPTSTK,MATRIXLABS,215.0,CA,0.0,0.0,0.0,24.15,51.3,0.0,0.0,0.0
2006-05-26,2006-06-29,OPTSTK,MATRIXLABS,220.0,CA,0.0,0.0,0.0,39.05,47.45,0.0,0.0,0.0
2006-05-26,2006-06-29,OPTSTK,MATRIXLABS,225.0,CA,0.0,0.0,0.0,18.4,43.8,0.0,0.0,0.0
2006-05-26,2006-06-29,OPTSTK,MATRIXLABS,230.0,CA,0.0,0.0,0.0,39.3,40.3,0.0,0.0,0.0
2006-05-26,2006-06-29,OPTSTK,MATRIXLABS,235.0,CA,0.0,0.0,0.0,13.7,36.95,0.0,0.0,0.0
2006-05-26,2006-06-29,OPTSTK,MATRIXLABS,240.0,CA,0.0,0.0,0.0,46.05,33.85,0.0,0.0,0.0
2006-05-26,2006-06-29,OPTSTK,MATRIXLABS,245.0,CA,0.0,0.0,0.0,9.95,30.9,0.0,0.0,0.0
2006-05-26,2006-06-29,OPTSTK,MATRIXLABS,250.0,CA,0.0,0.0,0.0,41.2,28.1,0.0,0.0,0.0
2006-05-26,2006-06-29,OPTSTK,MATRIXLABS,255.0,CA,0.0,0.0,0.0,19.35,25.5,0.0,0.0,0.0
2006-05-26,2006-06-29,OPTSTK,MATRIXLABS,260.0,CA,0.0,0.0,0.0,35.05,23.1,0.0,0.0,0.0
2006-05-26,2006-06-29,OPTSTK,MATRIXLABS,265.0,CA,0.0,0.0,0.0,15.5,20.9,0.0,0.0,0.0
2006-05-26,2006-06-29,OPTSTK,MATRIXLABS,270.0,CA,0.0,0.0,0.0,13.7,18.8,0.0,0.0,2500.0
2006-05-26,2006-06-29,OPTSTK,MATRIXLABS,280.0,CA,8.5,9.5,8.5,9.5,9.5,3.0,10.83,3750.0
2006-05-26,2006-06-29,OPTSTK,MATRIXLABS,290.0,CA,3.0,3.0,3.0,3.0,3.0,1.0,3.66,1250.0
2006-05-26,2006-06-29,OPTSTK,MATRIXLABS,300.0,CA,0.0,0.0,0.0,16.85,9.6,0.0,0.0,0.0
2006-05-26,2006-06-29,OPTSTK,MATRIXLABS,310.0,CA,0.0,0.0,0.0,13.75,7.55,0.0,0.0,0.0
2006-05-26,2006-06-29,OPTSTK,MATRIXLABS,320.0,CA,0.0,0.0,0.0,15.4,5.9,0.0,0.0,0.0
2006-05-26,2006-06-29,OPTSTK,MATRIXLABS,330.0,CA,0.0,0.0,0.0,13.15,4.6,0.0,0.0,0.0
2006-05-26,2006-06-29,OPTSTK,MATRIXLABS,340.0,CA,0.0,0.0,0.0,9.2,3.55,0.0,0.0,0.0
2006-05-26,2006-06-29,OPTSTK,MATRIXLABS,215.0,PA,0.0,0.0,0.0,8.4,5.1,0.0,0.0,0.0
2006-05-26,2006-06-29,OPTSTK,MATRIXLABS,220.0,PA,0.0,0.0,0.0,4.75,6.25,0.0,0.0,0.0
2006-05-26,2006-06-29,OPTSTK,MATRIXLABS,225.0,PA,0.0,0.0,0.0,12.55,7.55,0.0,0.0,0.0
2006-05-26,2006-06-29,OPTSTK,MATRIXLABS,230.0,PA,0.0,0.0,0.0,5.0,9.05,0.0,0.0,0.0
2006-05-26,2006-06-29,OPTSTK,MATRIXLABS,235.0,PA,0.0,0.0,0.0,17.8,10.7,0.0,0.0,0.0
2006-05-26,2006-06-29,OPTSTK,MATRIXLABS,240.0,PA,0.0,0.0,0.0,8.3,12.5,0.0,0.0,0.0
2006-05-26,2006-06-29,OPTSTK,MATRIXLABS,245.0,PA,0.0,0.0,0.0,23.95,14.55,0.0,0.0,0.0
2006-05-26,2006-06-29,OPTSTK,MATRIXLABS,250.0,PA,0.0,0.0,0.0,10.8,16.75,0.0,0.0,0.0
2006-05-26,2006-06-29,OPTSTK,MATRIXLABS,255.0,PA,0.0,0.0,0.0,24.3,19.1,0.0,0.0,0.0
2006-05-26,2006-06-29,OPTSTK,MATRIXLABS,260.0,PA,0.0,0.0,0.0,14.4,21.65,0.0,0.0,0.0
2006-05-26,2006-06-29,OPTSTK,MATRIXLABS,265.0,PA,0.0,0.0,0.0,30.35,24.4,0.0,0.0,0.0
2006-05-26,2006-06-29,OPTSTK,MATRIXLABS,270.0,PA,0.0,0.0,0.0,18.7,27.3,0.0,0.0,0.0
2006-05-26,2006-06-29,OPTSTK,MATRIXLABS,280.0,PA,0.0,0.0,0.0,23.6,33.6,0.0,0.0,0.0
2006-05-26,2006-06-29,OPTSTK,MATRIXLABS,290.0,PA,0.0,0.0,0.0,29.2,40.5,0.0,0.0,0.0
2006-05-26,2006-06-29,OPTSTK,MATRIXLABS,300.0,PA,0.0,0.0,0.0,35.35,47.95,0.0,0.0,0.0
2006-05-26,2006-06-29,OPTSTK,MATRIXLABS,310.0,PA,0.0,0.0,0.0,42.05,55.8,0.0,0.0,0.0
2006-05-26,2006-06-29,OPTSTK,MATRIXLABS,320.0,PA,0.0,0.0,0.0,38.95,64.1,0.0,0.0,0.0
2006-05-26,2006-06-29,OPTSTK,MATRIXLABS,330.0,PA,0.0,0.0,0.0,36.05,72.7,0.0,0.0,0.0
2006-05-26,2006-06-29,OPTSTK,MATRIXLABS,340.0,PA,0.0,0.0,0.0,39.5,81.6,0.0,0.0,0.0
2006-05-26,2006-07-27,OPTSTK,MATRIXLABS,215.0,CA,0.0,0.0,0.0,29.25,57.3,0.0,0.0,0.0
2006-05-26,2006-07-27,OPTSTK,MATRIXLABS,220.0,CA,0.0,0.0,0.0,43.6,53.9,0.0,0.0,0.0
2006-05-26,2006-07-27,OPTSTK,MATRIXLABS,225.0,CA,0.0,0.0,0.0,23.8,50.6,0.0,0.0,0.0
2006-05-26,2006-07-27,OPTSTK,MATRIXLABS,230.0,CA,0.0,0.0,0.0,43.95,47.45,0.0,0.0,0.0
2006-05-26,2006-07-27,OPTSTK,MATRIXLABS,235.0,CA,0.0,0.0,0.0,19.15,44.45,0.0,0.0,0.0
2006-05-26,2006-07-27,OPTSTK,MATRIXLABS,240.0,CA,0.0,0.0,0.0,42.8,41.6,0.0,0.0,0.0
2006-05-26,2006-07-27,OPTSTK,MATRIXLABS,245.0,CA,0.0,0.0,0.0,15.25,38.85,0.0,0.0,0.0
2006-05-26,2006-07-27,OPTSTK,MATRIXLABS,250.0,CA,0.0,0.0,0.0,44.8,36.3,0.0,0.0,0.0
2006-05-26,2006-07-27,OPTSTK,MATRIXLABS,255.0,CA,0.0,0.0,0.0,26.9,33.8,0.0,0.0,0.0
2006-05-26,2006-07-27,OPTSTK,MATRIXLABS,260.0,CA,0.0,0.0,0.0,37.85,31.5,0.0,0.0,0.0
2006-05-26,2006-07-27,OPTSTK,MATRIXLABS,265.0,CA,0.0,0.0,0.0,22.95,29.3,0.0,0.0,0.0
2006-05-26,2006-07-27,OPTSTK,MATRIXLABS,270.0,CA,0.0,0.0,0.0,31.65,27.25,0.0,0.0,0.0
2006-05-26,2006-07-27,OPTSTK,MATRIXLABS,280.0,CA,0.0,0.0,0.0,26.15,23.45,0.0,0.0,0.0
2006-05-26,2006-07-27,OPTSTK,MATRIXLABS,290.0,CA,0.0,0.0,0.0,21.4,20.15,0.0,0.0,0.0
2006-05-26,2006-07-27,OPTSTK,MATRIXLABS,300.0,CA,0.0,0.0,0.0,17.3,17.25,0.0,0.0,0.0
2006-05-26,2006-07-27,OPTSTK,MATRIXLABS,310.0,CA,0.0,0.0,0.0,13.85,14.7,0.0,0.0,0.0
2006-05-26,2006-07-27,OPTSTK,MATRIXLABS,320.0,CA,0.0,0.0,0.0,12.3,12.55,0.0,0.0,0.0
2006-05-26,2006-07-27,OPTSTK,MATRIXLABS,330.0,CA,0.0,0.0,0.0,18.15,10.65,0.0,0.0,0.0
2006-05-26,2006-07-27,OPTSTK,MATRIXLABS,340.0,CA,0.0,0.0,0.0,13.8,9.0,0.0,0.0,0.0
2006-05-26,2006-07-27,OPTSTK,MATRIXLABS,215.0,PA,0.0,0.0,0.0,12.35,10.05,0.0,0.0,0.0
2006-05-26,2006-07-27,OPTSTK,MATRIXLABS,220.0,PA,0.0,0.0,0.0,8.15,11.55,0.0,0.0,0.0
2006-05-26,2006-07-27,OPTSTK,MATRIXLABS,225.0,PA,0.0,0.0,0.0,16.8,13.25,0.0,0.0,0.0
2006-05-26,2006-07-27,OPTSTK,MATRIXLABS,230.0,PA,0.0,0.0,0.0,8.45,15.0,0.0,0.0,0.0
2006-05-26,2006-07-27,OPTSTK,MATRIXLABS,235.0,PA,0.0,0.0,0.0,22.0,16.95,0.0,0.0,0.0
2006-05-26,2006-07-27,OPTSTK,MATRIXLABS,240.0,PA,0.0,0.0,0.0,5.15,19.05,0.0,0.0,0.0
2006-05-26,2006-07-27,OPTSTK,MATRIXLABS,245.0,PA,0.0,0.0,0.0,27.95,21.25,0.0,0.0,0.0
2006-05-26,2006-07-27,OPTSTK,MATRIXLABS,250.0,PA,0.0,0.0,0.0,7.0,23.6,0.0,0.0,0.0
2006-05-26,2006-07-27,OPTSTK,MATRIXLABS,255.0,PA,0.0,0.0,0.0,30.5,26.1,0.0,0.0,0.0
2006-05-26,2006-07-27,OPTSTK,MATRIXLABS,260.0,PA,0.0,0.0,0.0,9.9,28.75,0.0,0.0,0.0
2006-05-26,2006-07-27,OPTSTK,MATRIXLABS,265.0,PA,0.0,0.0,0.0,36.45,31.5,0.0,0.0,0.0
2006-05-26,2006-07-27,OPTSTK,MATRIXLABS,270.0,PA,0.0,0.0,0.0,13.55,34.35,0.0,0.0,0.0
2006-05-26,2006-07-27,OPTSTK,MATRIXLABS,280.0,PA,0.0,0.0,0.0,17.85,40.45,0.0,0.0,0.0
2006-05-26,2006-07-27,OPTSTK,MATRIXLABS,290.0,PA,0.0,0.0,0.0,22.95,47.05,0.0,0.0,0.0
2006-05-26,2006-07-27,OPTSTK,MATRIXLABS,300.0,PA,0.0,0.0,0.0,28.65,54.0,0.0,0.0,0.0
2006-05-26,2006-07-27,OPTSTK,MATRIXLABS,310.0,PA,0.0,0.0,0.0,35.05,61.35,0.0,0.0,0.0
2006-05-26,2006-07-27,OPTSTK,MATRIXLABS,320.0,PA,0.0,0.0,0.0,38.6,69.05,0.0,0.0,0.0
2006-05-26,2006-07-27,OPTSTK,MATRIXLABS,330.0,PA,0.0,0.0,0.0,39.35,77.05,0.0,0.0,0.0
2006-05-26,2006-07-27,OPTSTK,MATRIXLABS,340.0,PA,0.0,0.0,0.0,42.3,85.3,0.0,0.0,0.0
2006-05-26,2006-08-31,OPTSTK,MATRIXLABS,220.0,CA,0.0,0.0,0.0,55.85,60.7,0.0,0.0,0.0
2006-05-26,2006-08-31,OPTSTK,MATRIXLABS,230.0,CA,0.0,0.0,0.0,50.3,54.75,0.0,0.0,0.0
2006-05-26,2006-08-31,OPTSTK,MATRIXLABS,240.0,CA,0.0,0.0,0.0,45.15,49.3,0.0,0.0,0.0
2006-05-26,2006-08-31,OPTSTK,MATRIXLABS,250.0,CA,0.0,0.0,0.0,40.5,44.3,0.0,0.0,0.0
2006-05-26,2006-08-31,OPTSTK,MATRIXLABS,260.0,CA,0.0,0.0,0.0,36.2,39.7,0.0,0.0,0.0
2006-05-26,2006-08-31,OPTSTK,MATRIXLABS,270.0,CA,0.0,0.0,0.0,32.35,35.55,0.0,0.0,0.0
2006-05-26,2006-08-31,OPTSTK,MATRIXLABS,280.0,CA,0.0,0.0,0.0,28.8,31.75,0.0,0.0,0.0
2006-05-26,2006-08-31,OPTSTK,MATRIXLABS,290.0,CA,0.0,0.0,0.0,0.0,0.0,0.0,0.0,0.0
2006-05-26,2006-08-31,OPTSTK,MATRIXLABS,220.0,PA,0.0,0.0,0.0,19.35,16.95,0.0,0.0,0.0
2006-05-26,2006-08-31,OPTSTK,MATRIXLABS,230.0,PA,0.0,0.0,0.0,23.6,20.85,0.0,0.0,0.0
2006-05-26,2006-08-31,OPTSTK,MATRIXLABS,240.0,PA,0.0,0.0,0.0,28.3,25.2,0.0,0.0,0.0
2006-05-26,2006-08-31,OPTSTK,MATRIXLABS,250.0,PA,0.0,0.0,0.0,33.45,30.05,0.0,0.0,0.0
2006-05-26,2006-08-31,OPTSTK,MATRIXLABS,260.0,PA,0.0,0.0,0.0,38.95,35.25,0.0,0.0,0.0
2006-05-26,2006-08-31,OPTSTK,MATRIXLABS,270.0,PA,0.0,0.0,0.0,44.9,40.9,0.0,0.0,0.0
2006-05-26,2006-08-31,OPTSTK,MATRIXLABS,280.0,PA,0.0,0.0,0.0,51.2,46.95,0.0,0.0,0.0
2006-05-26,2006-08-31,OPTSTK,MATRIXLABS,290.0,PA,0.0,0.0,0.0,0.0,0.0,0.0,0.0,0.0
2006-05-26,2006-06-29,OPTSTK,MPHASISBFL,170.0,CA,0.0,0.0,0.0,21.1,22.9,0.0,0.0,0.0
2006-05-26,2006-06-29,OPTSTK,MPHASISBFL,175.0,CA,0.0,0.0,0.0,19.8,18.85,0.0,0.0,0.0
2006-05-26,2006-06-29,OPTSTK,MPHASISBFL,180.0,CA,0.0,0.0,0.0,26.8,15.2,0.0,0.0,0.0
2006-05-26,2006-06-29,OPTSTK,MPHASISBFL,185.0,CA,0.0,0.0,0.0,31.15,11.95,0.0,0.0,0.0
2006-05-26,2006-06-29,OPTSTK,MPHASISBFL,190.0,CA,0.0,0.0,0.0,28.3,9.2,0.0,0.0,0.0
2006-05-26,2006-06-29,OPTSTK,MPHASISBFL,195.0,CA,0.0,0.0,0.0,25.6,6.95,0.0,0.0,0.0
2006-05-26,2006-06-29,OPTSTK,MPHASISBFL,200.0,CA,0.0,0.0,0.0,23.1,5.1,0.0,0.0,0.0
2006-05-26,2006-06-29,OPTSTK,MPHASISBFL,205.0,CA,0.0,0.0,0.0,20.8,3.65,0.0,0.0,0.0
2006-05-26,2006-06-29,OPTSTK,MPHASISBFL,210.0,CA,0.0,0.0,0.0,18.65,2.55,0.0,0.0,0.0
2006-05-26,2006-06-29,OPTSTK,MPHASISBFL,215.0,CA,0.0,0.0,0.0,16.7,1.75,0.0,0.0,0.0
2006-05-26,2006-06-29,OPTSTK,MPHASISBFL,220.0,CA,0.0,0.0,0.0,18.7,1.2,0.0,0.0,0.0
2006-05-26,2006-06-29,OPTSTK,MPHASISBFL,225.0,CA,0.0,0.0,0.0,16.8,0.8,0.0,0.0,0.0
2006-05-26,2006-06-29,OPTSTK,MPHASISBFL,230.0,CA,0.0,0.0,0.0,18.1,0.5,0.0,0.0,0.0
2006-05-26,2006-06-29,OPTSTK,MPHASISBFL,235.0,CA,0.0,0.0,0.0,18.05,0.3,0.0,0.0,0.0
2006-05-26,2006-06-29,OPTSTK,MPHASISBFL,170.0,PA,0.0,0.0,0.0,2.8,1.45,0.0,0.0,0.0
2006-05-26,2006-06-29,OPTSTK,MPHASISBFL,175.0,PA,0.0,0.0,0.0,3.75,2.4,0.0,0.0,0.0
2006-05-26,2006-06-29,OPTSTK,MPHASISBFL,180.0,PA,0.0,0.0,0.0,7.4,3.7,0.0,0.0,0.0
2006-05-26,2006-06-29,OPTSTK,MPHASISBFL,185.0,PA,0.0,0.0,0.0,11.1,5.45,0.0,0.0,0.0
2006-05-26,2006-06-29,OPTSTK,MPHASISBFL,190.0,PA,0.0,0.0,0.0,13.1,7.65,0.0,0.0,0.0
2006-05-26,2006-06-29,OPTSTK,MPHASISBFL,195.0,PA,0.0,0.0,0.0,15.3,10.35,0.0,0.0,0.0
2006-05-26,2006-06-29,OPTSTK,MPHASISBFL,200.0,PA,0.0,0.0,0.0,17.7,13.5,0.0,0.0,0.0
2006-05-26,2006-06-29,OPTSTK,MPHASISBFL,205.0,PA,0.0,0.0,0.0,20.25,17.0,0.0,0.0,0.0
2006-05-26,2006-06-29,OPTSTK,MPHASISBFL,210.0,PA,0.0,0.0,0.0,23.05,20.9,0.0,0.0,0.0
2006-05-26,2006-06-29,OPTSTK,MPHASISBFL,215.0,PA,0.0,0.0,0.0,26.0,25.05,0.0,0.0,0.0
2006-05-26,2006-06-29,OPTSTK,MPHASISBFL,220.0,PA,0.0,0.0,0.0,25.7,29.45,0.0,0.0,0.0
2006-05-26,2006-06-29,OPTSTK,MPHASISBFL,225.0,PA,0.0,0.0,0.0,28.7,34.0,0.0,0.0,0.0
2006-05-26,2006-06-29,OPTSTK,MPHASISBFL,230.0,PA,0.0,0.0,0.0,28.1,38.7,0.0,0.0,0.0
2006-05-26,2006-06-29,OPTSTK,MPHASISBFL,235.0,PA,0.0,0.0,0.0,28.75,43.5,0.0,0.0,0.0
2006-05-26,2006-07-27,OPTSTK,MPHASISBFL,170.0,CA,0.0,0.0,0.0,24.0,25.4,0.0,0.0,0.0
2006-05-26,2006-07-27,OPTSTK,MPHASISBFL,175.0,CA,0.0,0.0,0.0,22.85,21.7,0.0,0.0,0.0
2006-05-26,2006-07-27,OPTSTK,MPHASISBFL,180.0,CA,0.0,0.0,0.0,29.25,18.35,0.0,0.0,0.0
2006-05-26,2006-07-27,OPTSTK,MPHASISBFL,185.0,CA,0.0,0.0,0.0,26.5,15.3,0.0,0.0,0.0
2006-05-26,2006-07-27,OPTSTK,MPHASISBFL,190.0,CA,0.0,0.0,0.0,23.9,12.65,0.0,0.0,0.0
2006-05-26,2006-07-27,OPTSTK,MPHASISBFL,195.0,CA,0.0,0.0,0.0,21.5,10.3,0.0,0.0,0.0
2006-05-26,2006-07-27,OPTSTK,MPHASISBFL,200.0,CA,0.0,0.0,0.0,19.35,8.3,0.0,0.0,0.0
2006-05-26,2006-07-27,OPTSTK,MPHASISBFL,205.0,CA,0.0,0.0,0.0,17.3,6.65,0.0,0.0,0.0
2006-05-26,2006-07-27,OPTSTK,MPHASISBFL,210.0,CA,0.0,0.0,0.0,15.5,5.25,0.0,0.0,0.0
2006-05-26,2006-07-27,OPTSTK,MPHASISBFL,215.0,CA,0.0,0.0,0.0,16.0,4.1,0.0,0.0,0.0
2006-05-26,2006-07-27,OPTSTK,MPHASISBFL,220.0,CA,0.0,0.0,0.0,13.8,3.15,0.0,0.0,0.0
2006-05-26,2006-07-27,OPTSTK,MPHASISBFL,170.0,PA,0.0,0.0,0.0,4.8,3.1,0.0,0.0,0.0
2006-05-26,2006-07-27,OPTSTK,MPHASISBFL,175.0,PA,0.0,0.0,0.0,5.85,4.35,0.0,0.0,0.0
2006-05-26,2006-07-27,OPTSTK,MPHASISBFL,180.0,PA,0.0,0.0,0.0,12.2,5.9,0.0,0.0,0.0
2006-05-26,2006-07-27,OPTSTK,MPHASISBFL,185.0,PA,0.0,0.0,0.0,14.3,7.85,0.0,0.0,0.0
2006-05-26,2006-07-27,OPTSTK,MPHASISBFL,190.0,PA,0.0,0.0,0.0,16.65,10.1,0.0,0.0,0.0
2006-05-26,2006-07-27,OPTSTK,MPHASISBFL,195.0,PA,0.0,0.0,0.0,19.2,12.75,0.0,0.0,0.0
2006-05-26,2006-07-27,OPTSTK,MPHASISBFL,200.0,PA,0.0,0.0,0.0,21.9,15.65,0.0,0.0,0.0
2006-05-26,2006-07-27,OPTSTK,MPHASISBFL,205.0,PA,0.0,0.0,0.0,24.8,18.95,0.0,0.0,0.0
2006-05-26,2006-07-27,OPTSTK,MPHASISBFL,210.0,PA,0.0,0.0,0.0,27.9,22.45,0.0,0.0,0.0
2006-05-26,2006-07-27,OPTSTK,MPHASISBFL,215.0,PA,0.0,0.0,0.0,28.05,26.3,0.0,0.0,0.0
2006-05-26,2006-07-27,OPTSTK,MPHASISBFL,220.0,PA,0.0,0.0,0.0,27.0,30.3,0.0,0.0,0.0
2006-05-26,2006-08-31,OPTSTK,MPHASISBFL,175.0,CA,0.0,0.0,0.0,26.45,24.75,0.0,0.0,0.0
2006-05-26,2006-08-31,OPTSTK,MPHASISBFL,180.0,CA,0.0,0.0,0.0,23.2,21.6,0.0,0.0,0.0
2006-05-26,2006-08-31,OPTSTK,MPHASISBFL,185.0,CA,0.0,0.0,0.0,20.25,18.7,0.0,0.0,0.0
2006-05-26,2006-08-31,OPTSTK,MPHASISBFL,190.0,CA,0.0,0.0,0.0,17.55,16.05,0.0,0.0,0.0
2006-05-26,2006-08-31,OPTSTK,MPHASISBFL,195.0,CA,0.0,0.0,0.0,15.1,13.7,0.0,0.0,0.0
2006-05-26,2006-08-31,OPTSTK,MPHASISBFL,200.0,CA,0.0,0.0,0.0,12.95,11.65,0.0,0.0,0.0
2006-05-26,2006-08-31,OPTSTK,MPHASISBFL,205.0,CA,0.0,0.0,0.0,11.0,9.8,0.0,0.0,0.0
2006-05-26,2006-08-31,OPTSTK,MPHASISBFL,175.0,PA,0.0,0.0,0.0,6.15,6.25,0.0,0.0,0.0
2006-05-26,2006-08-31,OPTSTK,MPHASISBFL,180.0,PA,0.0,0.0,0.0,7.85,8.0,0.0,0.0,0.0
2006-05-26,2006-08-31,OPTSTK,MPHASISBFL,185.0,PA,0.0,0.0,0.0,9.75,10.05,0.0,0.0,0.0
2006-05-26,2006-08-31,OPTSTK,MPHASISBFL,190.0,PA,0.0,0.0,0.0,12.0,12.3,0.0,0.0,0.0
2006-05-26,2006-08-31,OPTSTK,MPHASISBFL,195.0,PA,0.0,0.0,0.0,14.45,14.9,0.0,0.0,0.0
2006-05-26,2006-08-31,OPTSTK,MPHASISBFL,200.0,PA,0.0,0.0,0.0,17.2,17.7,0.0,0.0,0.0
2006-05-26,2006-08-31,OPTSTK,MPHASISBFL,205.0,PA,0.0,0.0,0.0,20.2,20.8,0.0,0.0,0.0
2006-05-26,2006-06-29,OPTSTK,MRPL,32.5,CA,0.0,0.0,0.0,10.0,14.7,0.0,0.0,0.0
2006-05-26,2006-06-29,OPTSTK,MRPL,35.0,CA,0.0,0.0,0.0,8.1,12.75,0.0,0.0,0.0
2006-05-26,2006-06-29,OPTSTK,MRPL,37.5,CA,0.0,0.0,0.0,6.0,11.0,0.0,0.0,0.0
2006-05-26,2006-06-29,OPTSTK,MRPL,40.0,CA,0.0,0.0,0.0,4.25,9.4,0.0,0.0,0.0
2006-05-26,2006-06-29,OPTSTK,MRPL,42.5,CA,0.0,0.0,0.0,2.85,8.0,0.0,0.0,0.0
2006-05-26,2006-06-29,OPTSTK,MRPL,45.0,CA,7.0,7.0,4.1,4.55,4.55,10.0,22.15,80100.0
2006-05-26,2006-06-29,OPTSTK,MRPL,47.5,CA,3.0,3.0,2.95,3.0,3.0,3.0,6.73,8900.0
2006-05-26,2006-06-29,OPTSTK,MRPL,50.0,CA,2.35,2.35,1.7,2.2,2.2,21.0,48.64,137950.0
2006-05-26,2006-06-29,OPTSTK,MRPL,52.5,CA,0.0,0.0,0.0,4.0,3.95,0.0,0.0,0.0
2006-05-26,2006-06-29,OPTSTK,MRPL,55.0,CA,1.4,1.45,1.15,1.15,1.15,5.0,12.53,26700.0
2006-05-26,2006-06-29,OPTSTK,MRPL,57.5,CA,0.0,0.0,0.0,3.35,2.7,0.0,0.0,0.0
2006-05-26,2006-06-29,OPTSTK,MRPL,60.0,CA,0.0,0.0,0.0,2.5,2.25,0.0,0.0,0.0
2006-05-26,2006-06-29,OPTSTK,MRPL,65.0,CA,0.0,0.0,0.0,1.55,1.5,0.0,0.0,0.0
2006-05-26,2006-06-29,OPTSTK,MRPL,70.0,CA,0.0,0.0,0.0,1.25,1.05,0.0,0.0,0.0
2006-05-26,2006-06-29,OPTSTK,MRPL,75.0,CA,0.0,0.0,0.0,2.95,0.7,0.0,0.0,0.0
2006-05-26,2006-06-29,OPTSTK,MRPL,32.5,PA,0.0,0.0,0.0,2.0,1.0,0.0,0.0,0.0
2006-05-26,2006-06-29,OPTSTK,MRPL,35.0,PA,0.0,0.0,0.0,0.25,1.55,0.0,0.0,0.0
2006-05-26,2006-06-29,OPTSTK,MRPL,37.5,PA,0.0,0.0,0.0,0.65,2.25,0.0,0.0,0.0
2006-05-26,2006-06-29,OPTSTK,MRPL,40.0,PA,0.95,0.95,0.95,0.95,0.95,1.0,1.82,4450.0
2006-05-26,2006-06-29,OPTSTK,MRPL,42.5,PA,0.0,0.0,0.0,2.3,4.25,0.0,0.0,0.0
2006-05-26,2006-06-29,OPTSTK,MRPL,45.0,PA,3.1,3.1,3.1,3.1,3.1,1.0,2.14,4450.0
2006-05-26,2006-06-29,OPTSTK,MRPL,47.5,PA,0.0,0.0,0.0,5.45,6.9,0.0,0.0,0.0
2006-05-26,2006-06-29,OPTSTK,MRPL,50.0,PA,0.0,0.0,0.0,7.45,8.45,0.0,0.0,0.0
2006-05-26,2006-06-29,OPTSTK,MRPL,52.5,PA,0.0,0.0,0.0,7.35,10.15,0.0,0.0,0.0
2006-05-26,2006-06-29,OPTSTK,MRPL,55.0,PA,0.0,0.0,0.0,9.0,11.95,0.0,0.0,0.0
2006-05-26,2006-06-29,OPTSTK,MRPL,57.5,PA,0.0,0.0,0.0,10.9,13.85,0.0,0.0,0.0
2006-05-26,2006-06-29,OPTSTK,MRPL,60.0,PA,0.0,0.0,0.0,10.9,15.85,0.0,0.0,0.0
2006-05-26,2006-06-29,OPTSTK,MRPL,65.0,PA,0.0,0.0,0.0,14.9,20.1,0.0,0.0,0.0
2006-05-26,2006-06-29,OPTSTK,MRPL,70.0,PA,0.0,0.0,0.0,17.65,24.6,0.0,0.0,0.0
2006-05-26,2006-06-29,OPTSTK,MRPL,75.0,PA,0.0,0.0,0.0,14.95,29.2,0.0,0.0,0.0
2006-05-26,2006-07-27,OPTSTK,MRPL,32.5,CA,0.0,0.0,0.0,11.45,16.0,0.0,0.0,0.0
2006-05-26,2006-07-27,OPTSTK,MRPL,35.0,CA,0.0,0.0,0.0,17.15,14.3,0.0,0.0,0.0
2006-05-26,2006-07-27,OPTSTK,MRPL,37.5,CA,0.0,0.0,0.0,11.95,12.8,0.0,0.0,0.0
2006-05-26,2006-07-27,OPTSTK,MRPL,40.0,CA,0.0,0.0,0.0,13.15,11.35,0.0,0.0,0.0
2006-05-26,2006-07-27,OPTSTK,MRPL,42.5,CA,0.0,0.0,0.0,11.45,10.1,0.0,0.0,0.0
2006-05-26,2006-07-27,OPTSTK,MRPL,45.0,CA,0.0,0.0,0.0,9.85,8.95,0.0,0.0,0.0
2006-05-26,2006-07-27,OPTSTK,MRPL,47.5,CA,0.0,0.0,0.0,8.8,7.9,0.0,0.0,0.0
2006-05-26,2006-07-27,OPTSTK,MRPL,50.0,CA,0.0,0.0,0.0,7.15,7.0,0.0,0.0,0.0
2006-05-26,2006-07-27,OPTSTK,MRPL,52.5,CA,0.0,0.0,0.0,6.7,6.2,0.0,0.0,0.0
2006-05-26,2006-07-27,OPTSTK,MRPL,55.0,CA,0.0,0.0,0.0,5.1,5.45,0.0,0.0,0.0
2006-05-26,2006-07-27,OPTSTK,MRPL,57.5,CA,0.0,0.0,0.0,5.05,4.85,0.0,0.0,0.0
2006-05-26,2006-07-27,OPTSTK,MRPL,60.0,CA,0.0,0.0,0.0,3.55,4.25,0.0,0.0,0.0
2006-05-26,2006-07-27,OPTSTK,MRPL,65.0,CA,0.0,0.0,0.0,2.45,3.3,0.0,0.0,0.0
2006-05-26,2006-07-27,OPTSTK,MRPL,70.0,CA,0.0,0.0,0.0,2.1,2.6,0.0,0.0,0.0
2006-05-26,2006-07-27,OPTSTK,MRPL,75.0,CA,0.0,0.0,0.0,4.6,2.0,0.0,0.0,0.0
2006-05-26,2006-07-27,OPTSTK,MRPL,32.5,PA,0.0,0.0,0.0,3.3,2.15,0.0,0.0,0.0
2006-05-26,2006-07-27,OPTSTK,MRPL,35.0,PA,0.0,0.0,0.0,0.7,2.9,0.0,0.0,0.0
2006-05-26,2006-07-27,OPTSTK,MRPL,37.5,PA,0.0,0.0,0.0,4.4,3.85,0.0,0.0,0.0
2006-05-26,2006-07-27,OPTSTK,MRPL,40.0,PA,0.0,0.0,0.0,1.65,4.9,0.0,0.0,0.0
2006-05-26,2006-07-27,OPTSTK,MRPL,42.5,PA,0.0,0.0,0.0,3.9,6.1,0.0,0.0,0.0
2006-05-26,2006-07-27,OPTSTK,MRPL,45.0,PA,0.0,0.0,0.0,3.2,7.45,0.0,0.0,0.0
2006-05-26,2006-07-27,OPTSTK,MRPL,47.5,PA,0.0,0.0,0.0,6.2,8.9,0.0,0.0,0.0
2006-05-26,2006-07-27,OPTSTK,MRPL,50.0,PA,0.0,0.0,0.0,5.45,10.45,0.0,0.0,0.0
2006-05-26,2006-07-27,OPTSTK,MRPL,52.5,PA,0.0,0.0,0.0,9.05,12.1,0.0,0.0,0.0
2006-05-26,2006-07-27,OPTSTK,MRPL,55.0,PA,0.0,0.0,0.0,8.3,13.85,0.0,0.0,0.0
2006-05-26,2006-07-27,OPTSTK,MRPL,57.5,PA,0.0,0.0,0.0,12.35,15.65,0.0,0.0,0.0
2006-05-26,2006-07-27,OPTSTK,MRPL,60.0,PA,0.0,0.0,0.0,11.65,17.55,0.0,0.0,0.0
2006-05-26,2006-07-27,OPTSTK,MRPL,65.0,PA,0.0,0.0,0.0,15.5,21.55,0.0,0.0,0.0
2006-05-26,2006-07-27,OPTSTK,MRPL,70.0,PA,0.0,0.0,0.0,18.2,25.8,0.0,0.0,0.0
2006-05-26,2006-07-27,OPTSTK,MRPL,75.0,PA,0.0,0.0,0.0,16.2,30.15,0.0,0.0,0.0
2006-05-26,2006-08-31,OPTSTK,MRPL,37.5,CA,0.0,0.0,0.0,13.45,14.55,0.0,0.0,0.0
2006-05-26,2006-08-31,OPTSTK,MRPL,40.0,CA,0.0,0.0,0.0,12.25,13.3,0.0,0.0,0.0
2006-05-26,2006-08-31,OPTSTK,MRPL,42.5,CA,0.0,0.0,0.0,11.15,12.15,0.0,0.0,0.0
2006-05-26,2006-08-31,OPTSTK,MRPL,45.0,CA,0.0,0.0,0.0,10.15,11.05,0.0,0.0,0.0
2006-05-26,2006-08-31,OPTSTK,MRPL,47.5,CA,0.0,0.0,0.0,9.25,10.1,0.0,0.0,0.0
2006-05-26,2006-08-31,OPTSTK,MRPL,50.0,CA,0.0,0.0,0.0,8.4,9.2,0.0,0.0,0.0
2006-05-26,2006-08-31,OPTSTK,MRPL,52.5,CA,0.0,0.0,0.0,7.7,8.4,0.0,0.0,0.0
2006-05-26,2006-08-31,OPTSTK,MRPL,37.5,PA,0.0,0.0,0.0,6.05,5.4,0.0,0.0,0.0
2006-05-26,2006-08-31,OPTSTK,MRPL,40.0,PA,0.0,0.0,0.0,7.3,6.6,0.0,0.0,0.0
2006-05-26,2006-08-31,OPTSTK,MRPL,42.5,PA,0.0,0.0,0.0,8.65,7.85,0.0,0.0,0.0
2006-05-26,2006-08-31,OPTSTK,MRPL,45.0,PA,0.0,0.0,0.0,10.15,9.25,0.0,0.0,0.0
2006-05-26,2006-08-31,OPTSTK,MRPL,47.5,PA,0.0,0.0,0.0,11.7,10.75,0.0,0.0,0.0
2006-05-26,2006-08-31,OPTSTK,MRPL,50.0,PA,0.0,0.0,0.0,13.3,12.3,0.0,0.0,0.0
2006-05-26,2006-08-31,OPTSTK,MRPL,52.5,PA,0.0,0.0,0.0,15.0,13.95,0.0,0.0,0.0
2006-05-26,2006-06-29,OPTSTK,MTNL,135.0,CA,0.0,0.0,0.0,25.75,41.6,0.0,0.0,0.0
2006-05-26,2006-06-29,OPTSTK,MTNL,140.0,CA,0.0,0.0,0.0,22.9,38.05,0.0,0.0,0.0
2006-05-26,2006-06-29,OPTSTK,MTNL,145.0,CA,0.0,0.0,0.0,20.35,34.7,0.0,0.0,0.0
2006-05-26,2006-06-29,OPTSTK,MTNL,150.0,CA,26.25,26.25,26.0,26.0,26.0,2.0,5.63,11200.0
2006-05-26,2006-06-29,OPTSTK,MTNL,155.0,CA,0.0,0.0,0.0,23.85,28.6,0.0,0.0,0.0
2006-05-26,2006-06-29,OPTSTK,MTNL,160.0,CA,23.0,24.9,19.15,20.1,20.1,12.0,35.08,40000.0
2006-05-26,2006-06-29,OPTSTK,MTNL,165.0,CA,0.0,0.0,0.0,25.5,23.35,0.0,0.0,0.0
2006-05-26,2006-06-29,OPTSTK,MTNL,170.0,CA,22.0,22.0,14.0,14.8,14.8,128.0,382.36,172800.0
2006-05-26,2006-06-29,OPTSTK,MTNL,175.0,CA,15.0,17.9,12.25,12.4,12.4,18.0,54.55,20800.0
2006-05-26,2006-06-29,OPTSTK,MTNL,180.0,CA,13.5,14.0,9.4,9.85,9.85,210.0,643.34,332800.0
2006-05-26,2006-06-29,OPTSTK,MTNL,185.0,CA,10.0,10.8,8.2,8.2,8.2,6.0,18.68,6400.0
2006-05-26,2006-06-29,OPTSTK,MTNL,190.0,CA,9.0,9.9,6.6,6.9,6.9,79.0,250.74,128000.0
2006-05-26,2006-06-29,OPTSTK,MTNL,195.0,CA,0.0,0.0,0.0,2.0,12.05,0.0,0.0,0.0
2006-05-26,2006-06-29,OPTSTK,MTNL,200.0,CA,6.25,7.2,4.3,4.85,4.85,57.0,187.39,184000.0
2006-05-26,2006-06-29,OPTSTK,MTNL,205.0,CA,0.0,0.0,0.0,14.15,9.55,0.0,0.0,0.0
2006-05-26,2006-06-29,OPTSTK,MTNL,210.0,CA,2.85,3.95,2.85,3.95,3.95,4.0,13.64,9600.0
2006-05-26,2006-06-29,OPTSTK,MTNL,215.0,CA,0.0,0.0,0.0,20.45,7.5,0.0,0.0,0.0
2006-05-26,2006-06-29,OPTSTK,MTNL,220.0,CA,3.0,3.0,2.1,2.35,2.35,5.0,17.79,65600.0
2006-05-26,2006-06-29,OPTSTK,MTNL,225.0,CA,0.0,0.0,0.0,18.35,5.9,0.0,0.0,0.0
2006-05-26,2006-06-29,OPTSTK,MTNL,230.0,CA,0.0,0.0,0.0,17.05,5.2,0.0,0.0,0.0
2006-05-26,2006-06-29,OPTSTK,MTNL,235.0,CA,0.0,0.0,0.0,17.1,4.6,0.0,0.0,0.0
2006-05-26,2006-06-29,OPTSTK,MTNL,135.0,PA,0.0,0.0,0.0,9.8,5.65,0.0,0.0,0.0
2006-05-26,2006-06-29,OPTSTK,MTNL,140.0,PA,0.0,0.0,0.0,11.9,7.05,0.0,0.0,0.0
2006-05-26,2006-06-29,OPTSTK,MTNL,145.0,PA,0.0,0.0,0.0,14.3,8.65,0.0,0.0,0.0
2006-05-26,2006-06-29,OPTSTK,MTNL,150.0,PA,7.5,7.5,4.5,5.35,5.35,8.0,19.89,17600.0
2006-05-26,2006-06-29,OPTSTK,MTNL,155.0,PA,0.0,0.0,0.0,15.1,12.5,0.0,0.0,0.0
2006-05-26,2006-06-29,OPTSTK,MTNL,160.0,PA,9.0,9.2,9.0,9.2,9.2,2.0,5.41,6400.0
2006-05-26,2006-06-29,OPTSTK,MTNL,165.0,PA,10.0,10.0,10.0,10.0,10.0,1.0,2.8,1600.0
2006-05-26,2006-06-29,OPTSTK,MTNL,170.0,PA,0.0,0.0,0.0,10.25,19.85,0.0,0.0,0.0
2006-05-26,2006-06-29,OPTSTK,MTNL,175.0,PA,0.0,0.0,0.0,10.85,22.65,0.0,0.0,0.0
2006-05-26,2006-06-29,OPTSTK,MTNL,180.0,PA,0.0,0.0,0.0,12.95,25.7,0.0,0.0,0.0
2006-05-26,2006-06-29,OPTSTK,MTNL,185.0,PA,0.0,0.0,0.0,15.2,28.9,0.0,0.0,0.0
2006-05-26,2006-06-29,OPTSTK,MTNL,190.0,PA,0.0,0.0,0.0,17.7,32.25,0.0,0.0,0.0
2006-05-26,2006-06-29,OPTSTK,MTNL,195.0,PA,0.0,0.0,0.0,20.4,35.75,0.0,0.0,0.0
2006-05-26,2006-06-29,OPTSTK,MTNL,200.0,PA,0.0,0.0,0.0,23.3,39.4,0.0,0.0,0.0
2006-05-26,2006-06-29,OPTSTK,MTNL,205.0,PA,0.0,0.0,0.0,26.35,43.15,0.0,0.0,0.0
2006-05-26,2006-06-29,OPTSTK,MTNL,210.0,PA,0.0,0.0,0.0,24.75,47.05,0.0,0.0,0.0
2006-05-26,2006-06-29,OPTSTK,MTNL,215.0,PA,0.0,0.0,0.0,25.55,51.05,0.0,0.0,0.0
2006-05-26,2006-06-29,OPTSTK,MTNL,220.0,PA,0.0,0.0,0.0,28.55,55.15,0.0,0.0,0.0
2006-05-26,2006-06-29,OPTSTK,MTNL,225.0,PA,0.0,0.0,0.0,30.4,59.35,0.0,0.0,0.0
2006-05-26,2006-06-29,OPTSTK,MTNL,230.0,PA,0.0,0.0,0.0,30.8,63.65,0.0,0.0,0.0
2006-05-26,2006-06-29,OPTSTK,MTNL,235.0,PA,0.0,0.0,0.0,29.95,68.0,0.0,0.0,0.0
2006-05-26,2006-07-27,OPTSTK,MTNL,135.0,CA,0.0,0.0,0.0,31.05,47.05,0.0,0.0,0.0
2006-05-26,2006-07-27,OPTSTK,MTNL,140.0,CA,0.0,0.0,0.0,28.45,43.95,0.0,0.0,0.0
2006-05-26,2006-07-27,OPTSTK,MTNL,145.0,CA,0.0,0.0,0.0,26.05,40.95,0.0,0.0,0.0
2006-05-26,2006-07-27,OPTSTK,MTNL,150.0,CA,0.0,0.0,0.0,32.25,38.15,0.0,0.0,0.0
2006-05-26,2006-07-27,OPTSTK,MTNL,155.0,CA,0.0,0.0,0.0,29.8,35.5,0.0,0.0,0.0
2006-05-26,2006-07-27,OPTSTK,MTNL,160.0,CA,0.0,0.0,0.0,34.1,33.0,0.0,0.0,0.0
2006-05-26,2006-07-27,OPTSTK,MTNL,165.0,CA,0.0,0.0,0.0,31.6,30.65,0.0,0.0,0.0
2006-05-26,2006-07-27,OPTSTK,MTNL,170.0,CA,0.0,0.0,0.0,29.25,28.45,0.0,0.0,0.0
2006-05-26,2006-07-27,OPTSTK,MTNL,175.0,CA,0.0,0.0,0.0,29.55,26.4,0.0,0.0,0.0
2006-05-26,2006-07-27,OPTSTK,MTNL,180.0,CA,0.0,0.0,0.0,26.6,24.45,0.0,0.0,0.0
2006-05-26,2006-07-27,OPTSTK,MTNL,185.0,CA,0.0,0.0,0.0,23.85,22.65,0.0,0.0,0.0
2006-05-26,2006-07-27,OPTSTK,MTNL,190.0,CA,0.0,0.0,0.0,29.35,21.0,0.0,0.0,0.0
2006-05-26,2006-07-27,OPTSTK,MTNL,195.0,CA,0.0,0.0,0.0,37.8,19.4,0.0,0.0,0.0
2006-05-26,2006-07-27,OPTSTK,MTNL,200.0,CA,0.0,0.0,0.0,37.15,17.95,0.0,0.0,0.0
2006-05-26,2006-07-27,OPTSTK,MTNL,205.0,CA,0.0,0.0,0.0,34.65,16.6,0.0,0.0,0.0
2006-05-26,2006-07-27,OPTSTK,MTNL,210.0,CA,0.0,0.0,0.0,32.25,15.35,0.0,0.0,0.0
2006-05-26,2006-07-27,OPTSTK,MTNL,215.0,CA,0.0,0.0,0.0,30.0,14.2,0.0,0.0,0.0
2006-05-26,2006-07-27,OPTSTK,MTNL,220.0,CA,0.0,0.0,0.0,27.9,13.15,0.0,0.0,0.0
2006-05-26,2006-07-27,OPTSTK,MTNL,225.0,CA,0.0,0.0,0.0,25.95,12.15,0.0,0.0,0.0
2006-05-26,2006-07-27,OPTSTK,MTNL,230.0,CA,0.0,0.0,0.0,24.05,11.2,0.0,0.0,0.0
2006-05-26,2006-07-27,OPTSTK,MTNL,235.0,CA,0.0,0.0,0.0,22.4,10.35,0.0,0.0,0.0
2006-05-26,2006-07-27,OPTSTK,MTNL,135.0,PA,0.0,0.0,0.0,14.4,10.4,0.0,0.0,0.0
2006-05-26,2006-07-27,OPTSTK,MTNL,140.0,PA,0.0,0.0,0.0,16.7,12.2,0.0,0.0,0.0
2006-05-26,2006-07-27,OPTSTK,MTNL,145.0,PA,0.0,0.0,0.0,19.25,14.2,0.0,0.0,0.0
2006-05-26,2006-07-27,OPTSTK,MTNL,150.0,PA,0.0,0.0,0.0,17.75,16.3,0.0,0.0,0.0
2006-05-26,2006-07-27,OPTSTK,MTNL,155.0,PA,0.0,0.0,0.0,20.25,18.6,0.0,0.0,0.0
2006-05-26,2006-07-27,OPTSTK,MTNL,160.0,PA,0.0,0.0,0.0,18.1,21.05,0.0,0.0,0.0
2006-05-26,2006-07-27,OPTSTK,MTNL,165.0,PA,0.0,0.0,0.0,20.55,23.65,0.0,0.0,0.0
2006-05-26,2006-07-27,OPTSTK,MTNL,170.0,PA,0.0,0.0,0.0,23.15,26.4,0.0,0.0,0.0
2006-05-26,2006-07-27,OPTSTK,MTNL,175.0,PA,0.0,0.0,0.0,9.7,29.3,0.0,0.0,0.0
2006-05-26,2006-07-27,OPTSTK,MTNL,180.0,PA,0.0,0.0,0.0,11.65,32.3,0.0,0.0,0.0
2006-05-26,2006-07-27,OPTSTK,MTNL,185.0,PA,0.0,0.0,0.0,13.8,35.45,0.0,0.0,0.0
2006-05-26,2006-07-27,OPTSTK,MTNL,190.0,PA,0.0,0.0,0.0,11.95,38.7,0.0,0.0,0.0
2006-05-26,2006-07-27,OPTSTK,MTNL,195.0,PA,0.0,0.0,0.0,17.8,42.1,0.0,0.0,0.0
2006-05-26,2006-07-27,OPTSTK,MTNL,200.0,PA,0.0,0.0,0.0,20.45,45.6,0.0,0.0,0.0
2006-05-26,2006-07-27,OPTSTK,MTNL,205.0,PA,0.0,0.0,0.0,22.85,49.15,0.0,0.0,0.0
2006-05-26,2006-07-27,OPTSTK,MTNL,210.0,PA,0.0,0.0,0.0,25.35,52.85,0.0,0.0,0.0
2006-05-26,2006-07-27,OPTSTK,MTNL,215.0,PA,0.0,0.0,0.0,28.05,56.65,0.0,0.0,0.0
2006-05-26,2006-07-27,OPTSTK,MTNL,220.0,PA,0.0,0.0,0.0,30.85,60.5,0.0,0.0,0.0
2006-05-26,2006-07-27,OPTSTK,MTNL,225.0,PA,0.0,0.0,0.0,33.8,64.45,0.0,0.0,0.0
2006-05-26,2006-07-27,OPTSTK,MTNL,230.0,PA,0.0,0.0,0.0,36.85,68.5,0.0,0.0,0.0
2006-05-26,2006-07-27,OPTSTK,MTNL,235.0,PA,0.0,0.0,0.0,34.05,72.55,0.0,0.0,0.0
2006-05-26,2006-08-31,OPTSTK,MTNL,150.0,CA,0.0,0.0,0.0,41.4,44.65,0.0,0.0,0.0
2006-05-26,2006-08-31,OPTSTK,MTNL,155.0,CA,0.0,0.0,0.0,39.1,42.25,0.0,0.0,0.0
2006-05-26,2006-08-31,OPTSTK,MTNL,160.0,CA,0.0,0.0,0.0,36.95,39.9,0.0,0.0,0.0
2006-05-26,2006-08-31,OPTSTK,MTNL,165.0,CA,0.0,0.0,0.0,34.9,37.7,0.0,0.0,0.0
2006-05-26,2006-08-31,OPTSTK,MTNL,170.0,CA,0.0,0.0,0.0,32.95,35.65,0.0,0.0,0.0
2006-05-26,2006-08-31,OPTSTK,MTNL,175.0,CA,0.0,0.0,0.0,31.1,33.65,0.0,0.0,0.0
2006-05-26,2006-08-31,OPTSTK,MTNL,180.0,CA,0.0,0.0,0.0,29.35,31.8,0.0,0.0,0.0
2006-05-26,2006-08-31,OPTSTK,MTNL,185.0,CA,0.0,0.0,0.0,0.0,0.0,0.0,0.0,0.0
2006-05-26,2006-08-31,OPTSTK,MTNL,150.0,PA,0.0,0.0,0.0,24.3,21.9,0.0,0.0,0.0
2006-05-26,2006-08-31,OPTSTK,MTNL,155.0,PA,0.0,0.0,0.0,26.95,24.35,0.0,0.0,0.0
2006-05-26,2006-08-31,OPTSTK,MTNL,160.0,PA,0.0,0.0,0.0,29.7,26.95,0.0,0.0,0.0
2006-05-26,2006-08-31,OPTSTK,MTNL,165.0,PA,0.0,0.0,0.0,32.55,29.65,0.0,0.0,0.0
2006-05-26,2006-08-31,OPTSTK,MTNL,170.0,PA,0.0,0.0,0.0,35.5,32.5,0.0,0.0,0.0
2006-05-26,2006-08-31,OPTSTK,MTNL,175.0,PA,0.0,0.0,0.0,38.55,35.45,0.0,0.0,0.0
2006-05-26,2006-08-31,OPTSTK,MTNL,180.0,PA,0.0,0.0,0.0,41.75,38.45,0.0,0.0,0.0
2006-05-26,2006-08-31,OPTSTK,MTNL,185.0,PA,0.0,0.0,0.0,0.0,0.0,0.0,0.0,0.0
2006-05-26,2006-06-29,OPTSTK,NAGARFERT,5.0,CA,0.0,0.0,0.0,8.4,10.35,0.0,0.0,0.0
2006-05-26,2006-06-29,OPTSTK,NAGARFERT,7.5,CA,0.0,0.0,0.0,5.95,7.9,0.0,0.0,0.0
2006-05-26,2006-06-29,OPTSTK,NAGARFERT,10.0,CA,0.0,0.0,0.0,3.5,5.6,0.0,0.0,0.0
2006-05-26,2006-06-29,OPTSTK,NAGARFERT,12.5,CA,3.15,3.15,3.15,3.15,3.15,1.0,2.19,56000.0
2006-05-26,2006-06-29,OPTSTK,NAGARFERT,15.0,CA,1.5,1.75,1.2,1.35,1.35,65.0,149.32,1050000.0
2006-05-26,2006-06-29,OPTSTK,NAGARFERT,17.5,CA,0.55,0.7,0.5,0.6,0.6,21.0,53.15,476000.0
2006-05-26,2006-06-29,OPTSTK,NAGARFERT,20.0,CA,0.25,0.4,0.25,0.25,0.25,5.0,14.19,56000.0
2006-05-26,2006-06-29,OPTSTK,NAGARFERT,22.5,CA,0.0,0.0,0.0,13.25,0.45,0.0,0.0,0.0
2006-05-26,2006-06-29,OPTSTK,NAGARFERT,25.0,CA,0.0,0.0,0.0,0.1,0.25,0.0,0.0,0.0
2006-05-26,2006-06-29,OPTSTK,NAGARFERT,27.5,CA,0.0,0.0,0.0,0.1,0.15,0.0,0.0,0.0
2006-05-26,2006-06-29,OPTSTK,NAGARFERT,5.0,PA,0.0,0.0,0.0,13.1,0.0,0.0,0.0,0.0
2006-05-26,2006-06-29,OPTSTK,NAGARFERT,7.5,PA,0.0,0.0,0.0,13.1,0.05,0.0,0.0,0.0
2006-05-26,2006-06-29,OPTSTK,NAGARFERT,10.0,PA,0.0,0.0,0.0,0.05,0.2,0.0,0.0,0.0
2006-05-26,2006-06-29,OPTSTK,NAGARFERT,12.5,PA,0.3,0.4,0.3,0.4,0.4,2.0,3.59,42000.0
2006-05-26,2006-06-29,OPTSTK,NAGARFERT,15.0,PA,1.0,1.0,1.0,1.0,1.0,1.0,2.24,14000.0
2006-05-26,2006-06-29,OPTSTK,NAGARFERT,17.5,PA,0.0,0.0,0.0,3.95,3.4,0.0,0.0,0.0
2006-05-26,2006-06-29,OPTSTK,NAGARFERT,20.0,PA,0.0,0.0,0.0,6.35,5.35,0.0,0.0,0.0
2006-05-26,2006-06-29,OPTSTK,NAGARFERT,22.5,PA,0.0,0.0,0.0,8.25,7.5,0.0,0.0,0.0
2006-05-26,2006-06-29,OPTSTK,NAGARFERT,25.0,PA,0.0,0.0,0.0,7.7,9.8,0.0,0.0,0.0
2006-05-26,2006-06-29,OPTSTK,NAGARFERT,27.5,PA,0.0,0.0,0.0,8.4,12.15,0.0,0.0,0.0
2006-05-26,2006-07-27,OPTSTK,NAGARFERT,5.0,CA,0.0,0.0,0.0,7.85,10.4,0.0,0.0,0.0
2006-05-26,2006-07-27,OPTSTK,NAGARFERT,7.5,CA,0.0,0.0,0.0,7.1,8.0,0.0,0.0,0.0
2006-05-26,2006-07-27,OPTSTK,NAGARFERT,10.0,CA,0.0,0.0,0.0,4.65,5.95,0.0,0.0,0.0
2006-05-26,2006-07-27,OPTSTK,NAGARFERT,12.5,CA,0.0,0.0,0.0,2.5,4.25,0.0,0.0,0.0
2006-05-26,2006-07-27,OPTSTK,NAGARFERT,15.0,CA,0.0,0.0,0.0,1.05,3.0,0.0,0.0,0.0
2006-05-26,2006-07-27,OPTSTK,NAGARFERT,17.5,CA,0.0,0.0,0.0,0.35,2.05,0.0,0.0,0.0
2006-05-26,2006-07-27,OPTSTK,NAGARFERT,20.0,CA,0.0,0.0,0.0,0.1,1.45,0.0,0.0,0.0
2006-05-26,2006-07-27,OPTSTK,NAGARFERT,22.5,CA,0.0,0.0,0.0,0.05,1.0,0.0,0.0,0.0
2006-05-26,2006-07-27,OPTSTK,NAGARFERT,25.0,CA,0.0,0.0,0.0,0.25,0.7,0.0,0.0,0.0
2006-05-26,2006-07-27,OPTSTK,NAGARFERT,27.5,CA,0.0,0.0,0.0,0.3,0.5,0.0,0.0,0.0
2006-05-26,2006-07-27,OPTSTK,NAGARFERT,5.0,PA,0.0,0.0,0.0,0.05,0.05,0.0,0.0,0.0
2006-05-26,2006-07-27,OPTSTK,NAGARFERT,7.5,PA,0.0,0.0,0.0,13.8,0.15,0.0,0.0,0.0
2006-05-26,2006-07-27,OPTSTK,NAGARFERT,10.0,PA,0.0,0.0,0.0,0.05,0.5,0.0,0.0,0.0
2006-05-26,2006-07-27,OPTSTK,NAGARFERT,12.5,PA,0.0,0.0,0.0,0.35,1.3,0.0,0.0,0.0
2006-05-26,2006-07-27,OPTSTK,NAGARFERT,15.0,PA,0.0,0.0,0.0,1.35,2.5,0.0,0.0,0.0
2006-05-26,2006-07-27,OPTSTK,NAGARFERT,17.5,PA,0.0,0.0,0.0,3.1,4.05,0.0,0.0,0.0
2006-05-26,2006-07-27,OPTSTK,NAGARFERT,20.0,PA,0.0,0.0,0.0,5.35,5.9,0.0,0.0,0.0
2006-05-26,2006-07-27,OPTSTK,NAGARFERT,22.5,PA,0.0,0.0,0.0,7.7,7.95,0.0,0.0,0.0
2006-05-26,2006-07-27,OPTSTK,NAGARFERT,25.0,PA,0.0,0.0,0.0,7.7,10.1,0.0,0.0,0.0
2006-05-26,2006-07-27,OPTSTK,NAGARFERT,27.5,PA,0.0,0.0,0.0,8.45,12.35,0.0,0.0,0.0
2006-05-26,2006-08-31,OPTSTK,NAGARFERT,7.5,CA,0.0,0.0,0.0,7.2,8.25,0.0,0.0,0.0
2006-05-26,2006-08-31,OPTSTK,NAGARFERT,10.0,CA,0.0,0.0,0.0,5.4,6.35,0.0,0.0,0.0
2006-05-26,2006-08-31,OPTSTK,NAGARFERT,12.5,CA,0.0,0.0,0.0,4.0,4.85,0.0,0.0,0.0
2006-05-26,2006-08-31,OPTSTK,NAGARFERT,15.0,CA,0.0,0.0,0.0,2.95,3.7,0.0,0.0,0.0
2006-05-26,2006-08-31,OPTSTK,NAGARFERT,17.5,CA,0.0,0.0,0.0,2.2,2.8,0.0,0.0,0.0
2006-05-26,2006-08-31,OPTSTK,NAGARFERT,20.0,CA,0.0,0.0,0.0,1.65,2.15,0.0,0.0,0.0
2006-05-26,2006-08-31,OPTSTK,NAGARFERT,22.5,CA,0.0,0.0,0.0,1.2,1.65,0.0,0.0,0.0
2006-05-26,2006-08-31,OPTSTK,NAGARFERT,7.5,PA,0.0,0.0,0.0,0.35,0.3,0.0,0.0,0.0
2006-05-26,2006-08-31,OPTSTK,NAGARFERT,10.0,PA,0.0,0.0,0.0,1.0,0.9,0.0,0.0,0.0
2006-05-26,2006-08-31,OPTSTK,NAGARFERT,12.5,PA,0.0,0.0,0.0,2.1,1.85,0.0,0.0,0.0
2006-05-26,2006-08-31,OPTSTK,NAGARFERT,15.0,PA,0.0,0.0,0.0,3.5,3.1,0.0,0.0,0.0
2006-05-26,2006-08-31,OPTSTK,NAGARFERT,17.5,PA,0.0,0.0,0.0,5.2,4.7,0.0,0.0,0.0
2006-05-26,2006-08-31,OPTSTK,NAGARFERT,20.0,PA,0.0,0.0,0.0,7.05,6.5,0.0,0.0,0.0
2006-05-26,2006-08-31,OPTSTK,NAGARFERT,22.5,PA,0.0,0.0,0.0,9.1,8.45,0.0,0.0,0.0
2006-05-26,2006-06-29,OPTSTK,NATIONALUM,210.0,CA,0.0,0.0,0.0,39.35,60.25,0.0,0.0,0.0
2006-05-26,2006-06-29,OPTSTK,NATIONALUM,215.0,CA,0.0,0.0,0.0,36.75,56.85,0.0,0.0,0.0
2006-05-26,2006-06-29,OPTSTK,NATIONALUM,220.0,CA,0.0,0.0,0.0,34.3,53.55,0.0,0.0,0.0
2006-05-26,2006-06-29,OPTSTK,NATIONALUM,225.0,CA,0.0,0.0,0.0,41.2,50.4,0.0,0.0,0.0
2006-05-26,2006-06-29,OPTSTK,NATIONALUM,230.0,CA,0.0,0.0,0.0,38.75,47.4,0.0,0.0,0.0
2006-05-26,2006-06-29,OPTSTK,NATIONALUM,235.0,CA,0.0,0.0,0.0,36.35,44.55,0.0,0.0,0.0
2006-05-26,2006-06-29,OPTSTK,NATIONALUM,240.0,CA,0.0,0.0,0.0,50.1,41.8,0.0,0.0,0.0
2006-05-26,2006-06-29,OPTSTK,NATIONALUM,245.0,CA,0.0,0.0,0.0,32.0,39.2,0.0,0.0,0.0
2006-05-26,2006-06-29,OPTSTK,NATIONALUM,250.0,CA,0.0,0.0,0.0,44.3,36.7,0.0,0.0,0.0
2006-05-26,2006-06-29,OPTSTK,NATIONALUM,255.0,CA,0.0,0.0,0.0,28.05,34.35,0.0,0.0,0.0
2006-05-26,2006-06-29,OPTSTK,NATIONALUM,260.0,CA,19.95,20.0,14.25,14.25,14.25,7.0,22.27,4600.0
2006-05-26,2006-06-29,OPTSTK,NATIONALUM,270.0,CA,0.0,0.0,0.0,42.55,28.0,0.0,0.0,0.0
2006-05-26,2006-06-29,OPTSTK,NATIONALUM,280.0,CA,0.0,0.0,0.0,36.65,24.35,0.0,0.0,0.0
2006-05-26,2006-06-29,OPTSTK,NATIONALUM,290.0,CA,0.0,0.0,0.0,31.4,21.1,0.0,0.0,0.0
2006-05-26,2006-06-29,OPTSTK,NATIONALUM,300.0,CA,0.0,0.0,0.0,26.7,18.25,0.0,0.0,0.0
2006-05-26,2006-06-29,OPTSTK,NATIONALUM,310.0,CA,0.0,0.0,0.0,22.55,15.75,0.0,0.0,0.0
2006-05-26,2006-06-29,OPTSTK,NATIONALUM,320.0,CA,0.0,0.0,0.0,18.95,13.6,0.0,0.0,0.0
2006-05-26,2006-06-29,OPTSTK,NATIONALUM,330.0,CA,0.0,0.0,0.0,16.15,11.7,0.0,0.0,0.0
2006-05-26,2006-06-29,OPTSTK,NATIONALUM,340.0,CA,0.0,0.0,0.0,16.95,10.0,0.0,0.0,0.0
2006-05-26,2006-06-29,OPTSTK,NATIONALUM,350.0,CA,0.0,0.0,0.0,24.95,8.6,0.0,0.0,0.0
2006-05-26,2006-06-29,OPTSTK,NATIONALUM,360.0,CA,0.0,0.0,0.0,21.6,7.35,0.0,0.0,0.0
2006-05-26,2006-06-29,OPTSTK,NATIONALUM,210.0,PA,0.0,0.0,0.0,20.5,10.75,0.0,0.0,0.0
2006-05-26,2006-06-29,OPTSTK,NATIONALUM,215.0,PA,0.0,0.0,0.0,22.85,12.3,0.0,0.0,0.0
2006-05-26,2006-06-29,OPTSTK,NATIONALUM,220.0,PA,0.0,0.0,0.0,25.4,14.0,0.0,0.0,0.0
2006-05-26,2006-06-29,OPTSTK,NATIONALUM,225.0,PA,0.0,0.0,0.0,24.2,15.8,0.0,0.0,0.0
2006-05-26,2006-06-29,OPTSTK,NATIONALUM,230.0,PA,0.0,0.0,0.0,26.65,17.75,0.0,0.0,0.0
2006-05-26,2006-06-29,OPTSTK,NATIONALUM,235.0,PA,0.0,0.0,0.0,29.25,19.85,0.0,0.0,0.0
2006-05-26,2006-06-29,OPTSTK,NATIONALUM,240.0,PA,0.0,0.0,0.0,16.95,22.1,0.0,0.0,0.0
2006-05-26,2006-06-29,OPTSTK,NATIONALUM,245.0,PA,0.0,0.0,0.0,34.8,24.45,0.0,0.0,0.0
2006-05-26,2006-06-29,OPTSTK,NATIONALUM,250.0,PA,0.0,0.0,0.0,21.1,26.95,0.0,0.0,0.0
2006-05-26,2006-06-29,OPTSTK,NATIONALUM,255.0,PA,0.0,0.0,0.0,40.8,29.55,0.0,0.0,0.0
2006-05-26,2006-06-29,OPTSTK,NATIONALUM,260.0,PA,0.0,0.0,0.0,10.45,32.3,0.0,0.0,0.0
2006-05-26,2006-06-29,OPTSTK,NATIONALUM,270.0,PA,0.0,0.0,0.0,13.75,38.1,0.0,0.0,0.0
2006-05-26,2006-06-29,OPTSTK,NATIONALUM,280.0,PA,0.0,0.0,0.0,17.65,44.4,0.0,0.0,0.0
2006-05-26,2006-06-29,OPTSTK,NATIONALUM,290.0,PA,0.0,0.0,0.0,22.15,51.1,0.0,0.0,0.0
2006-05-26,2006-06-29,OPTSTK,NATIONALUM,300.0,PA,0.0,0.0,0.0,27.25,58.15,0.0,0.0,0.0
2006-05-26,2006-06-29,OPTSTK,NATIONALUM,310.0,PA,0.0,0.0,0.0,32.9,65.6,0.0,0.0,0.0
2006-05-26,2006-06-29,OPTSTK,NATIONALUM,320.0,PA,0.0,0.0,0.0,39.1,73.35,0.0,0.0,0.0
2006-05-26,2006-06-29,OPTSTK,NATIONALUM,330.0,PA,0.0,0.0,0.0,40.85,81.4,0.0,0.0,0.0
2006-05-26,2006-06-29,OPTSTK,NATIONALUM,340.0,PA,0.0,0.0,0.0,42.75,89.65,0.0,0.0,0.0
2006-05-26,2006-06-29,OPTSTK,NATIONALUM,350.0,PA,0.0,0.0,0.0,45.1,98.15,0.0,0.0,0.0
2006-05-26,2006-06-29,OPTSTK,NATIONALUM,360.0,PA,0.0,0.0,0.0,51.65,106.85,0.0,0.0,0.0
2006-05-26,2006-07-27,OPTSTK,NATIONALUM,210.0,CA,0.0,0.0,0.0,48.7,69.35,0.0,0.0,0.0
2006-05-26,2006-07-27,OPTSTK,NATIONALUM,215.0,CA,0.0,0.0,0.0,46.35,66.35,0.0,0.0,0.0
2006-05-26,2006-07-27,OPTSTK,NATIONALUM,220.0,CA,0.0,0.0,0.0,44.05,63.45,0.0,0.0,0.0
2006-05-26,2006-07-27,OPTSTK,NATIONALUM,225.0,CA,0.0,0.0,0.0,51.0,60.65,0.0,0.0,0.0
2006-05-26,2006-07-27,OPTSTK,NATIONALUM,230.0,CA,0.0,0.0,0.0,48.65,57.95,0.0,0.0,0.0
2006-05-26,2006-07-27,OPTSTK,NATIONALUM,235.0,CA,0.0,0.0,0.0,46.45,55.35,0.0,0.0,0.0
2006-05-26,2006-07-27,OPTSTK,NATIONALUM,240.0,CA,0.0,0.0,0.0,59.0,52.85,0.0,0.0,0.0
2006-05-26,2006-07-27,OPTSTK,NATIONALUM,245.0,CA,0.0,0.0,0.0,42.25,50.45,0.0,0.0,0.0
2006-05-26,2006-07-27,OPTSTK,NATIONALUM,250.0,CA,0.0,0.0,0.0,53.7,48.15,0.0,0.0,0.0
2006-05-26,2006-07-27,OPTSTK,NATIONALUM,255.0,CA,0.0,0.0,0.0,38.4,45.95,0.0,0.0,0.0
2006-05-26,2006-07-27,OPTSTK,NATIONALUM,260.0,CA,0.0,0.0,0.0,40.7,43.8,0.0,0.0,0.0
2006-05-26,2006-07-27,OPTSTK,NATIONALUM,270.0,CA,0.0,0.0,0.0,34.2,39.8,0.0,0.0,0.0
2006-05-26,2006-07-27,OPTSTK,NATIONALUM,280.0,CA,0.0,0.0,0.0,49.05,36.15,0.0,0.0,0.0
2006-05-26,2006-07-27,OPTSTK,NATIONALUM,290.0,CA,0.0,0.0,0.0,48.35,32.85,0.0,0.0,0.0
2006-05-26,2006-07-27,OPTSTK,NATIONALUM,300.0,CA,0.0,0.0,0.0,42.65,29.75,0.0,0.0,0.0
2006-05-26,2006-07-27,OPTSTK,NATIONALUM,310.0,CA,0.0,0.0,0.0,37.45,27.0,0.0,0.0,0.0
2006-05-26,2006-07-27,OPTSTK,NATIONALUM,320.0,CA,0.0,0.0,0.0,32.75,24.45,0.0,0.0,0.0
2006-05-26,2006-07-27,OPTSTK,NATIONALUM,330.0,CA,0.0,0.0,0.0,28.5,22.15,0.0,0.0,0.0
2006-05-26,2006-07-27,OPTSTK,NATIONALUM,340.0,CA,0.0,0.0,0.0,24.75,20.05,0.0,0.0,0.0
2006-05-26,2006-07-27,OPTSTK,NATIONALUM,350.0,CA,0.0,0.0,0.0,21.35,18.15,0.0,0.0,0.0
2006-05-26,2006-07-27,OPTSTK,NATIONALUM,360.0,CA,0.0,0.0,0.0,21.3,16.45,0.0,0.0,0.0
2006-05-26,2006-07-27,OPTSTK,NATIONALUM,210.0,PA,0.0,0.0,0.0,28.8,18.75,0.0,0.0,0.0
2006-05-26,2006-07-27,OPTSTK,NATIONALUM,215.0,PA,0.0,0.0,0.0,31.35,20.7,0.0,0.0,0.0
2006-05-26,2006-07-27,OPTSTK,NATIONALUM,220.0,PA,0.0,0.0,0.0,34.0,22.7,0.0,0.0,0.0
2006-05-26,2006-07-27,OPTSTK,NATIONALUM,225.0,PA,0.0,0.0,0.0,32.75,24.85,0.0,0.0,0.0
2006-05-26,2006-07-27,OPTSTK,NATIONALUM,230.0,PA,0.0,0.0,0.0,35.35,27.1,0.0,0.0,0.0
2006-05-26,2006-07-27,OPTSTK,NATIONALUM,235.0,PA,0.0,0.0,0.0,38.1,29.45,0.0,0.0,0.0
2006-05-26,2006-07-27,OPTSTK,NATIONALUM,240.0,PA,0.0,0.0,0.0,24.65,31.9,0.0,0.0,0.0
2006-05-26,2006-07-27,OPTSTK,NATIONALUM,245.0,PA,0.0,0.0,0.0,43.8,34.45,0.0,0.0,0.0
2006-05-26,2006-07-27,OPTSTK,NATIONALUM,250.0,PA,0.0,0.0,0.0,29.2,37.1,0.0,0.0,0.0
2006-05-26,2006-07-27,OPTSTK,NATIONALUM,255.0,PA,0.0,0.0,0.0,49.8,39.8,0.0,0.0,0.0
2006-05-26,2006-07-27,OPTSTK,NATIONALUM,260.0,PA,0.0,0.0,0.0,8.9,42.65,0.0,0.0,0.0
2006-05-26,2006-07-27,OPTSTK,NATIONALUM,270.0,PA,0.0,0.0,0.0,12.25,48.55,0.0,0.0,0.0
2006-05-26,2006-07-27,OPTSTK,NATIONALUM,280.0,PA,0.0,0.0,0.0,15.6,54.75,0.0,0.0,0.0
2006-05-26,2006-07-27,OPTSTK,NATIONALUM,290.0,PA,0.0,0.0,0.0,17.7,61.3,0.0,0.0,0.0
2006-05-26,2006-07-27,OPTSTK,NATIONALUM,300.0,PA,0.0,0.0,0.0,21.85,68.15,0.0,0.0,0.0
2006-05-26,2006-07-27,OPTSTK,NATIONALUM,310.0,PA,0.0,0.0,0.0,26.45,75.25,0.0,0.0,0.0
2006-05-26,2006-07-27,OPTSTK,NATIONALUM,320.0,PA,0.0,0.0,0.0,31.55,82.6,0.0,0.0,0.0
2006-05-26,2006-07-27,OPTSTK,NATIONALUM,330.0,PA,0.0,0.0,0.0,37.15,90.2,0.0,0.0,0.0
2006-05-26,2006-07-27,OPTSTK,NATIONALUM,340.0,PA,0.0,0.0,0.0,43.2,98.0,0.0,0.0,0.0
2006-05-26,2006-07-27,OPTSTK,NATIONALUM,350.0,PA,0.0,0.0,0.0,49.7,105.95,0.0,0.0,0.0
2006-05-26,2006-07-27,OPTSTK,NATIONALUM,360.0,PA,0.0,0.0,0.0,49.55,114.15,0.0,0.0,0.0
2006-05-26,2006-08-31,OPTSTK,NATIONALUM,220.0,CA,0.0,0.0,0.0,70.1,73.3,0.0,0.0,0.0
2006-05-26,2006-08-31,OPTSTK,NATIONALUM,230.0,CA,0.0,0.0,0.0,65.35,68.3,0.0,0.0,0.0
2006-05-26,2006-08-31,OPTSTK,NATIONALUM,240.0,CA,0.0,0.0,0.0,60.85,63.6,0.0,0.0,0.0
2006-05-26,2006-08-31,OPTSTK,NATIONALUM,250.0,CA,0.0,0.0,0.0,56.7,59.2,0.0,0.0,0.0
2006-05-26,2006-08-31,OPTSTK,NATIONALUM,260.0,CA,0.0,0.0,0.0,52.8,55.1,0.0,0.0,0.0
2006-05-26,2006-08-31,OPTSTK,NATIONALUM,270.0,CA,0.0,0.0,0.0,49.15,51.25,0.0,0.0,0.0
2006-05-26,2006-08-31,OPTSTK,NATIONALUM,280.0,CA,0.0,0.0,0.0,45.8,47.7,0.0,0.0,0.0
2006-05-26,2006-08-31,OPTSTK,NATIONALUM,290.0,CA,0.0,0.0,0.0,0.0,0.0,0.0,0.0,0.0
2006-05-26,2006-08-31,OPTSTK,NATIONALUM,220.0,PA,0.0,0.0,0.0,34.3,31.2,0.0,0.0,0.0
2006-05-26,2006-08-31,OPTSTK,NATIONALUM,230.0,PA,0.0,0.0,0.0,39.35,36.0,0.0,0.0,0.0
2006-05-26,2006-08-31,OPTSTK,NATIONALUM,240.0,PA,0.0,0.0,0.0,44.7,41.1,0.0,0.0,0.0
2006-05-26,2006-08-31,OPTSTK,NATIONALUM,250.0,PA,0.0,0.0,0.0,50.35,46.5,0.0,0.0,0.0
2006-05-26,2006-08-31,OPTSTK,NATIONALUM,260.0,PA,0.0,0.0,0.0,56.25,52.25,0.0,0.0,0.0
2006-05-26,2006-08-31,OPTSTK,NATIONALUM,270.0,PA,0.0,0.0,0.0,62.45,58.25,0.0,0.0,0.0
2006-05-26,2006-08-31,OPTSTK,NATIONALUM,280.0,PA,0.0,0.0,0.0,68.9,64.5,0.0,0.0,0.0
2006-05-26,2006-08-31,OPTSTK,NATIONALUM,290.0,PA,0.0,0.0,0.0,0.0,0.0,0.0,0.0,0.0
2006-05-26,2006-06-29,OPTSTK,NDTV,175.0,CA,0.0,0.0,0.0,26.05,49.3,0.0,0.0,0.0
2006-05-26,2006-06-29,OPTSTK,NDTV,180.0,CA,0.0,0.0,0.0,23.1,45.85,0.0,0.0,0.0
2006-05-26,2006-06-29,OPTSTK,NDTV,185.0,CA,0.0,0.0,0.0,20.45,42.55,0.0,0.0,0.0
2006-05-26,2006-06-29,OPTSTK,NDTV,190.0,CA,0.0,0.0,0.0,18.0,39.4,0.0,0.0,0.0
2006-05-26,2006-06-29,OPTSTK,NDTV,195.0,CA,0.0,0.0,0.0,15.8,36.45,0.0,0.0,0.0
2006-05-26,2006-06-29,OPTSTK,NDTV,200.0,CA,0.0,0.0,0.0,13.8,33.7,0.0,0.0,0.0
2006-05-26,2006-06-29,OPTSTK,NDTV,205.0,CA,0.0,0.0,0.0,30.15,31.05,0.0,0.0,0.0
2006-05-26,2006-06-29,OPTSTK,NDTV,210.0,CA,0.0,0.0,0.0,27.3,28.6,0.0,0.0,0.0
2006-05-26,2006-06-29,OPTSTK,NDTV,215.0,CA,0.0,0.0,0.0,24.65,26.3,0.0,0.0,0.0
2006-05-26,2006-06-29,OPTSTK,NDTV,220.0,CA,0.0,0.0,0.0,46.1,24.15,0.0,0.0,0.0
2006-05-26,2006-06-29,OPTSTK,NDTV,225.0,CA,2.0,10.0,2.0,8.0,8.0,5.0,12.7,0.0
2006-05-26,2006-06-29,OPTSTK,NDTV,230.0,CA,0.0,0.0,0.0,34.25,20.25,0.0,0.0,0.0
2006-05-26,2006-06-29,OPTSTK,NDTV,235.0,CA,0.0,0.0,0.0,31.5,18.55,0.0,0.0,0.0
2006-05-26,2006-06-29,OPTSTK,NDTV,240.0,CA,0.0,0.0,0.0,28.9,16.95,0.0,0.0,0.0
2006-05-26,2006-06-29,OPTSTK,NDTV,245.0,CA,0.0,0.0,0.0,26.45,15.45,0.0,0.0,0.0
2006-05-26,2006-06-29,OPTSTK,NDTV,250.0,CA,0.0,0.0,0.0,24.15,14.1,0.0,0.0,0.0
2006-05-26,2006-06-29,OPTSTK,NDTV,255.0,CA,0.0,0.0,0.0,22.0,12.85,0.0,0.0,0.0
2006-05-26,2006-06-29,OPTSTK,NDTV,260.0,CA,0.0,0.0,0.0,20.0,11.7,0.0,0.0,0.0
2006-05-26,2006-06-29,OPTSTK,NDTV,270.0,CA,0.0,0.0,0.0,20.0,9.65,0.0,0.0,0.0
2006-05-26,2006-06-29,OPTSTK,NDTV,280.0,CA,0.0,0.0,0.0,20.75,7.95,0.0,0.0,0.0
2006-05-26,2006-06-29,OPTSTK,NDTV,290.0,CA,0.0,0.0,0.0,17.5,6.55,0.0,0.0,0.0
2006-05-26,2006-06-29,OPTSTK,NDTV,300.0,CA,0.0,0.0,0.0,20.1,5.35,0.0,0.0,0.0
2006-05-26,2006-06-29,OPTSTK,NDTV,310.0,CA,0.0,0.0,0.0,14.9,4.4,0.0,0.0,0.0
2006-05-26,2006-06-29,OPTSTK,NDTV,175.0,PA,0.0,0.0,0.0,9.6,8.25,0.0,0.0,0.0
2006-05-26,2006-06-29,OPTSTK,NDTV,180.0,PA,0.0,0.0,0.0,11.65,9.75,0.0,0.0,0.0
2006-05-26,2006-06-29,OPTSTK,NDTV,185.0,PA,0.0,0.0,0.0,13.9,11.45,0.0,0.0,0.0
2006-05-26,2006-06-29,OPTSTK,NDTV,190.0,PA,0.0,0.0,0.0,16.45,13.25,0.0,0.0,0.0
2006-05-26,2006-06-29,OPTSTK,NDTV,195.0,PA,0.0,0.0,0.0,19.2,15.3,0.0,0.0,0.0
2006-05-26,2006-06-29,OPTSTK,NDTV,200.0,PA,0.0,0.0,0.0,22.15,17.45,0.0,0.0,0.0
2006-05-26,2006-06-29,OPTSTK,NDTV,205.0,PA,0.0,0.0,0.0,12.35,19.8,0.0,0.0,0.0
2006-05-26,2006-06-29,OPTSTK,NDTV,210.0,PA,0.0,0.0,0.0,14.5,22.35,0.0,0.0,0.0
2006-05-26,2006-06-29,OPTSTK,NDTV,215.0,PA,0.0,0.0,0.0,16.8,25.0,0.0,0.0,0.0
2006-05-26,2006-06-29,OPTSTK,NDTV,220.0,PA,0.0,0.0,0.0,8.9,27.8,0.0,0.0,0.0
2006-05-26,2006-06-29,OPTSTK,NDTV,225.0,PA,0.0,0.0,0.0,10.95,30.75,0.0,0.0,0.0
2006-05-26,2006-06-29,OPTSTK,NDTV,230.0,PA,0.0,0.0,0.0,14.6,33.9,0.0,0.0,0.0
2006-05-26,2006-06-29,OPTSTK,NDTV,235.0,PA,0.0,0.0,0.0,16.7,37.1,0.0,0.0,0.0
2006-05-26,2006-06-29,OPTSTK,NDTV,240.0,PA,0.0,0.0,0.0,18.95,40.5,0.0,0.0,0.0
2006-05-26,2006-06-29,OPTSTK,NDTV,245.0,PA,0.0,0.0,0.0,21.4,43.95,0.0,0.0,0.0
2006-05-26,2006-06-29,OPTSTK,NDTV,250.0,PA,0.0,0.0,0.0,24.0,47.55,0.0,0.0,0.0
2006-05-26,2006-06-29,OPTSTK,NDTV,255.0,PA,0.0,0.0,0.0,26.8,51.3,0.0,0.0,0.0
2006-05-26,2006-06-29,OPTSTK,NDTV,260.0,PA,0.0,0.0,0.0,29.7,55.1,0.0,0.0,0.0
2006-05-26,2006-06-29,OPTSTK,NDTV,270.0,PA,0.0,0.0,0.0,31.15,63.0,0.0,0.0,0.0
2006-05-26,2006-06-29,OPTSTK,NDTV,280.0,PA,0.0,0.0,0.0,37.2,71.25,0.0,0.0,0.0
2006-05-26,2006-06-29,OPTSTK,NDTV,290.0,PA,0.0,0.0,0.0,43.75,79.75,0.0,0.0,0.0
2006-05-26,2006-06-29,OPTSTK,NDTV,300.0,PA,0.0,0.0,0.0,41.1,88.5,0.0,0.0,0.0
2006-05-26,2006-06-29,OPTSTK,NDTV,310.0,PA,0.0,0.0,0.0,44.1,97.45,0.0,0.0,0.0
2006-05-26,2006-07-27,OPTSTK,NDTV,175.0,CA,0.0,0.0,0.0,31.45,56.5,0.0,0.0,0.0
2006-05-26,2006-07-27,OPTSTK,NDTV,180.0,CA,0.0,0.0,0.0,28.75,53.45,0.0,0.0,0.0
2006-05-26,2006-07-27,OPTSTK,NDTV,185.0,CA,0.0,0.0,0.0,26.2,50.5,0.0,0.0,0.0
2006-05-26,2006-07-27,OPTSTK,NDTV,190.0,CA,0.0,0.0,0.0,23.85,47.75,0.0,0.0,0.0
2006-05-26,2006-07-27,OPTSTK,NDTV,195.0,CA,0.0,0.0,0.0,21.7,45.05,0.0,0.0,0.0
2006-05-26,2006-07-27,OPTSTK,NDTV,200.0,CA,0.0,0.0,0.0,19.7,42.55,0.0,0.0,0.0
2006-05-26,2006-07-27,OPTSTK,NDTV,205.0,CA,0.0,0.0,0.0,36.35,40.1,0.0,0.0,0.0
2006-05-26,2006-07-27,OPTSTK,NDTV,210.0,CA,0.0,0.0,0.0,33.7,37.8,0.0,0.0,0.0
2006-05-26,2006-07-27,OPTSTK,NDTV,215.0,CA,0.0,0.0,0.0,31.2,35.65,0.0,0.0,0.0
2006-05-26,2006-07-27,OPTSTK,NDTV,220.0,CA,0.0,0.0,0.0,42.2,33.55,0.0,0.0,0.0
2006-05-26,2006-07-27,OPTSTK,NDTV,225.0,CA,0.0,0.0,0.0,34.9,31.6,0.0,0.0,0.0
2006-05-26,2006-07-27,OPTSTK,NDTV,230.0,CA,0.0,0.0,0.0,51.2,29.75,0.0,0.0,0.0
2006-05-26,2006-07-27,OPTSTK,NDTV,235.0,CA,0.0,0.0,0.0,29.55,28.0,0.0,0.0,0.0
2006-05-26,2006-07-27,OPTSTK,NDTV,240.0,CA,0.0,0.0,0.0,48.25,26.3,0.0,0.0,0.0
2006-05-26,2006-07-27,OPTSTK,NDTV,245.0,CA,0.0,0.0,0.0,24.8,24.75,0.0,0.0,0.0
2006-05-26,2006-07-27,OPTSTK,NDTV,250.0,CA,0.0,0.0,0.0,42.6,23.25,0.0,0.0,0.0
2006-05-26,2006-07-27,OPTSTK,NDTV,255.0,CA,0.0,0.0,0.0,20.7,21.85,0.0,0.0,0.0
2006-05-26,2006-07-27,OPTSTK,NDTV,260.0,CA,0.0,0.0,0.0,37.5,20.5,0.0,0.0,0.0
2006-05-26,2006-07-27,OPTSTK,NDTV,270.0,CA,0.0,0.0,0.0,32.85,18.1,0.0,0.0,0.0
2006-05-26,2006-07-27,OPTSTK,NDTV,280.0,CA,0.0,0.0,0.0,28.7,15.95,0.0,0.0,0.0
2006-05-26,2006-07-27,OPTSTK,NDTV,290.0,CA,0.0,0.0,0.0,25.0,14.05,0.0,0.0,0.0
2006-05-26,2006-07-27,OPTSTK,NDTV,300.0,CA,0.0,0.0,0.0,21.7,12.4,0.0,0.0,0.0
2006-05-26,2006-07-27,OPTSTK,NDTV,310.0,CA,0.0,0.0,0.0,20.85,10.9,0.0,0.0,0.0
2006-05-26,2006-07-27,OPTSTK,NDTV,175.0,PA,0.0,0.0,0.0,14.1,14.55,0.0,0.0,0.0
2006-05-26,2006-07-27,OPTSTK,NDTV,180.0,PA,0.0,0.0,0.0,16.35,16.45,0.0,0.0,0.0
2006-05-26,2006-07-27,OPTSTK,NDTV,185.0,PA,0.0,0.0,0.0,18.75,18.45,0.0,0.0,0.0
2006-05-26,2006-07-27,OPTSTK,NDTV,190.0,PA,0.0,0.0,0.0,21.35,20.6,0.0,0.0,0.0
2006-05-26,2006-07-27,OPTSTK,NDTV,195.0,PA,0.0,0.0,0.0,24.1,22.9,0.0,0.0,0.0
2006-05-26,2006-07-27,OPTSTK,NDTV,200.0,PA,0.0,0.0,0.0,27.0,25.3,0.0,0.0,0.0
2006-05-26,2006-07-27,OPTSTK,NDTV,205.0,PA,0.0,0.0,0.0,17.5,27.8,0.0,0.0,0.0
2006-05-26,2006-07-27,OPTSTK,NDTV,210.0,PA,0.0,0.0,0.0,19.8,30.45,0.0,0.0,0.0
2006-05-26,2006-07-27,OPTSTK,NDTV,215.0,PA,0.0,0.0,0.0,22.2,33.2,0.0,0.0,0.0
2006-05-26,2006-07-27,OPTSTK,NDTV,220.0,PA,0.0,0.0,0.0,7.65,36.1,0.0,0.0,0.0
2006-05-26,2006-07-27,OPTSTK,NDTV,225.0,PA,0.0,0.0,0.0,15.5,39.05,0.0,0.0,0.0
2006-05-26,2006-07-27,OPTSTK,NDTV,230.0,PA,0.0,0.0,0.0,13.75,42.15,0.0,0.0,0.0
2006-05-26,2006-07-27,OPTSTK,NDTV,235.0,PA,0.0,0.0,0.0,20.0,45.35,0.0,0.0,0.0
2006-05-26,2006-07-27,OPTSTK,NDTV,240.0,PA,0.0,0.0,0.0,17.45,48.6,0.0,0.0,0.0
2006-05-26,2006-07-27,OPTSTK,NDTV,245.0,PA,0.0,0.0,0.0,25.2,52.0,0.0,0.0,0.0
2006-05-26,2006-07-27,OPTSTK,NDTV,250.0,PA,0.0,0.0,0.0,21.65,55.45,0.0,0.0,0.0
2006-05-26,2006-07-27,OPTSTK,NDTV,255.0,PA,0.0,0.0,0.0,30.95,58.95,0.0,0.0,0.0
2006-05-26,2006-07-27,OPTSTK,NDTV,260.0,PA,0.0,0.0,0.0,26.35,62.6,0.0,0.0,0.0
2006-05-26,2006-07-27,OPTSTK,NDTV,270.0,PA,0.0,0.0,0.0,31.55,70.05,0.0,0.0,0.0
2006-05-26,2006-07-27,OPTSTK,NDTV,280.0,PA,0.0,0.0,0.0,37.25,77.8,0.0,0.0,0.0
2006-05-26,2006-07-27,OPTSTK,NDTV,290.0,PA,0.0,0.0,0.0,43.35,85.8,0.0,0.0,0.0
2006-05-26,2006-07-27,OPTSTK,NDTV,300.0,PA,0.0,0.0,0.0,49.9,94.0,0.0,0.0,0.0
2006-05-26,2006-07-27,OPTSTK,NDTV,310.0,PA,0.0,0.0,0.0,48.4,102.4,0.0,0.0,0.0
2006-05-26,2006-08-31,OPTSTK,NDTV,190.0,CA,0.0,0.0,0.0,48.4,55.95,0.0,0.0,0.0
2006-05-26,2006-08-31,OPTSTK,NDTV,195.0,CA,0.0,0.0,0.0,46.15,53.5,0.0,0.0,0.0
2006-05-26,2006-08-31,OPTSTK,NDTV,200.0,CA,0.0,0.0,0.0,44.0,51.15,0.0,0.0,0.0
2006-05-26,2006-08-31,OPTSTK,NDTV,205.0,CA,0.0,0.0,0.0,41.95,48.9,0.0,0.0,0.0
2006-05-26,2006-08-31,OPTSTK,NDTV,210.0,CA,0.0,0.0,0.0,40.0,46.75,0.0,0.0,0.0
2006-05-26,2006-08-31,OPTSTK,NDTV,215.0,CA,0.0,0.0,0.0,38.1,44.65,0.0,0.0,0.0
2006-05-26,2006-08-31,OPTSTK,NDTV,220.0,CA,0.0,0.0,0.0,36.3,42.65,0.0,0.0,0.0
2006-05-26,2006-08-31,OPTSTK,NDTV,225.0,CA,0.0,0.0,0.0,0.0,0.0,0.0,0.0,0.0
2006-05-26,2006-08-31,OPTSTK,NDTV,230.0,CA,0.0,0.0,0.0,0.0,0.0,0.0,0.0,0.0
2006-05-26,2006-08-31,OPTSTK,NDTV,190.0,PA,0.0,0.0,0.0,31.25,27.6,0.0,0.0,0.0
2006-05-26,2006-08-31,OPTSTK,NDTV,195.0,PA,0.0,0.0,0.0,33.9,30.1,0.0,0.0,0.0
2006-05-26,2006-08-31,OPTSTK,NDTV,200.0,PA,0.0,0.0,0.0,36.65,32.65,0.0,0.0,0.0
2006-05-26,2006-08-31,OPTSTK,NDTV,205.0,PA,0.0,0.0,0.0,39.5,35.3,0.0,0.0,0.0
2006-05-26,2006-08-31,OPTSTK,NDTV,210.0,PA,0.0,0.0,0.0,42.45,38.05,0.0,0.0,0.0
2006-05-26,2006-08-31,OPTSTK,NDTV,215.0,PA,0.0,0.0,0.0,45.5,40.85,0.0,0.0,0.0
2006-05-26,2006-08-31,OPTSTK,NDTV,220.0,PA,0.0,0.0,0.0,48.6,43.8,0.0,0.0,0.0
2006-05-26,2006-08-31,OPTSTK,NDTV,225.0,PA,0.0,0.0,0.0,0.0,0.0,0.0,0.0,0.0
2006-05-26,2006-08-31,OPTSTK,NDTV,230.0,PA,0.0,0.0,0.0,0.0,0.0,0.0,0.0,0.0
2006-05-26,2006-06-29,OPTSTK,NEYVELILIG,55.0,CA,0.0,0.0,0.0,18.45,26.8,0.0,0.0,0.0
2006-05-26,2006-06-29,OPTSTK,NEYVELILIG,60.0,CA,0.0,0.0,0.0,15.8,22.5,0.0,0.0,0.0
2006-05-26,2006-06-29,OPTSTK,NEYVELILIG,65.0,CA,0.0,0.0,0.0,11.55,18.55,0.0,0.0,0.0
2006-05-26,2006-06-29,OPTSTK,NEYVELILIG,70.0,CA,5.0,16.0,5.0,16.0,16.0,2.0,4.74,0.0
2006-05-26,2006-06-29,OPTSTK,NEYVELILIG,75.0,CA,8.9,13.0,8.9,11.4,11.4,6.0,15.15,14750.0
2006-05-26,2006-06-29,OPTSTK,NEYVELILIG,80.0,CA,5.5,9.0,5.5,6.6,6.6,26.0,66.83,64900.0
2006-05-26,2006-06-29,OPTSTK,NEYVELILIG,85.0,CA,4.0,6.0,4.0,4.0,4.0,16.0,42.41,41300.0
2006-05-26,2006-06-29,OPTSTK,NEYVELILIG,90.0,CA,3.5,3.9,2.8,3.4,3.4,16.0,44.12,35400.0
2006-05-26,2006-06-29,OPTSTK,NEYVELILIG,95.0,CA,2.0,2.0,2.0,2.0,2.0,1.0,2.86,2950.0
2006-05-26,2006-06-29,OPTSTK,NEYVELILIG,100.0,CA,1.25,1.25,1.25,1.25,1.25,3.0,8.96,8850.0
2006-05-26,2006-06-29,OPTSTK,NEYVELILIG,105.0,CA,0.0,0.0,0.0,7.75,2.45,0.0,0.0,0.0
2006-05-26,2006-06-29,OPTSTK,NEYVELILIG,110.0,CA,0.0,0.0,0.0,6.25,1.85,0.0,0.0,0.0
2006-05-26,2006-06-29,OPTSTK,NEYVELILIG,55.0,PA,0.0,0.0,0.0,1.5,0.7,0.0,0.0,0.0
2006-05-26,2006-06-29,OPTSTK,NEYVELILIG,60.0,PA,0.0,0.0,0.0,0.35,1.35,0.0,0.0,0.0
2006-05-26,2006-06-29,OPTSTK,NEYVELILIG,65.0,PA,0.0,0.0,0.0,0.95,2.4,0.0,0.0,0.0
2006-05-26,2006-06-29,OPTSTK,NEYVELILIG,70.0,PA,0.0,0.0,0.0,2.2,3.9,0.0,0.0,0.0
2006-05-26,2006-06-29,OPTSTK,NEYVELILIG,75.0,PA,0.0,0.0,0.0,4.25,5.85,0.0,0.0,0.0
2006-05-26,2006-06-29,OPTSTK,NEYVELILIG,80.0,PA,0.0,0.0,0.0,7.15,8.25,0.0,0.0,0.0
2006-05-26,2006-06-29,OPTSTK,NEYVELILIG,85.0,PA,0.0,0.0,0.0,10.7,11.1,0.0,0.0,0.0
2006-05-26,2006-06-29,OPTSTK,NEYVELILIG,90.0,PA,0.0,0.0,0.0,14.8,14.4,0.0,0.0,0.0
2006-05-26,2006-06-29,OPTSTK,NEYVELILIG,95.0,PA,0.0,0.0,0.0,15.15,18.0,0.0,0.0,0.0
2006-05-26,2006-06-29,OPTSTK,NEYVELILIG,100.0,PA,0.0,0.0,0.0,17.05,21.9,0.0,0.0,0.0
2006-05-26,2006-06-29,OPTSTK,NEYVELILIG,105.0,PA,0.0,0.0,0.0,16.2,26.05,0.0,0.0,0.0
2006-05-26,2006-06-29,OPTSTK,NEYVELILIG,110.0,PA,0.0,0.0,0.0,19.65,30.4,0.0,0.0,0.0
2006-05-26,2006-07-27,OPTSTK,NEYVELILIG,55.0,CA,0.0,0.0,0.0,20.1,28.25,0.0,0.0,0.0
2006-05-26,2006-07-27,OPTSTK,NEYVELILIG,60.0,CA,0.0,0.0,0.0,16.85,24.45,0.0,0.0,0.0
2006-05-26,2006-07-27,OPTSTK,NEYVELILIG,65.0,CA,0.0,0.0,0.0,12.75,20.95,0.0,0.0,0.0
2006-05-26,2006-07-27,OPTSTK,NEYVELILIG,70.0,CA,0.0,0.0,0.0,9.25,17.85,0.0,0.0,0.0
2006-05-26,2006-07-27,OPTSTK,NEYVELILIG,75.0,CA,0.0,0.0,0.0,6.4,15.15,0.0,0.0,0.0
2006-05-26,2006-07-27,OPTSTK,NEYVELILIG,80.0,CA,0.0,0.0,0.0,4.25,12.75,0.0,0.0,0.0
2006-05-26,2006-07-27,OPTSTK,NEYVELILIG,85.0,CA,0.0,0.0,0.0,2.75,10.7,0.0,0.0,0.0
2006-05-26,2006-07-27,OPTSTK,NEYVELILIG,90.0,CA,0.0,0.0,0.0,1.7,8.95,0.0,0.0,0.0
2006-05-26,2006-07-27,OPTSTK,NEYVELILIG,95.0,CA,0.0,0.0,0.0,1.45,7.45,0.0,0.0,0.0
2006-05-26,2006-07-27,OPTSTK,NEYVELILIG,100.0,CA,0.0,0.0,0.0,2.1,6.2,0.0,0.0,0.0
2006-05-26,2006-07-27,OPTSTK,NEYVELILIG,105.0,CA,0.0,0.0,0.0,10.6,5.15,0.0,0.0,0.0
2006-05-26,2006-07-27,OPTSTK,NEYVELILIG,110.0,CA,0.0,0.0,0.0,9.0,4.25,0.0,0.0,0.0
2006-05-26,2006-07-27,OPTSTK,NEYVELILIG,55.0,PA,0.0,0.0,0.0,2.9,1.85,0.0,0.0,0.0
2006-05-26,2006-07-27,OPTSTK,NEYVELILIG,60.0,PA,0.0,0.0,0.0,0.6,3.0,0.0,0.0,0.0
2006-05-26,2006-07-27,OPTSTK,NEYVELILIG,65.0,PA,0.0,0.0,0.0,1.45,4.45,0.0,0.0,0.0
2006-05-26,2006-07-27,OPTSTK,NEYVELILIG,70.0,PA,0.0,0.0,0.0,2.85,6.3,0.0,0.0,0.0
2006-05-26,2006-07-27,OPTSTK,NEYVELILIG,75.0,PA,0.0,0.0,0.0,4.95,8.5,0.0,0.0,0.0
2006-05-26,2006-07-27,OPTSTK,NEYVELILIG,80.0,PA,0.0,0.0,0.0,7.7,11.1,0.0,0.0,0.0
2006-05-26,2006-07-27,OPTSTK,NEYVELILIG,85.0,PA,0.0,0.0,0.0,11.1,13.95,0.0,0.0,0.0
2006-05-26,2006-07-27,OPTSTK,NEYVELILIG,90.0,PA,0.0,0.0,0.0,14.95,17.15,0.0,0.0,0.0
2006-05-26,2006-07-27,OPTSTK,NEYVELILIG,95.0,PA,0.0,0.0,0.0,16.8,20.6,0.0,0.0,0.0
2006-05-26,2006-07-27,OPTSTK,NEYVELILIG,100.0,PA,0.0,0.0,0.0,17.3,24.3,0.0,0.0,0.0
2006-05-26,2006-07-27,OPTSTK,NEYVELILIG,105.0,PA,0.0,0.0,0.0,18.45,28.2,0.0,0.0,0.0
2006-05-26,2006-07-27,OPTSTK,NEYVELILIG,110.0,PA,0.0,0.0,0.0,21.8,32.25,0.0,0.0,0.0
2006-05-26,2006-08-31,OPTSTK,NEYVELILIG,60.0,CA,0.0,0.0,0.0,20.55,26.6,0.0,0.0,0.0
2006-05-26,2006-08-31,OPTSTK,NEYVELILIG,65.0,CA,0.0,0.0,0.0,17.7,23.5,0.0,0.0,0.0
2006-05-26,2006-08-31,OPTSTK,NEYVELILIG,70.0,CA,0.0,0.0,0.0,15.15,20.65,0.0,0.0,0.0
2006-05-26,2006-08-31,OPTSTK,NEYVELILIG,75.0,CA,0.0,0.0,0.0,12.95,18.15,0.0,0.0,0.0
2006-05-26,2006-08-31,OPTSTK,NEYVELILIG,80.0,CA,0.0,0.0,0.0,11.05,15.9,0.0,0.0,0.0
2006-05-26,2006-08-31,OPTSTK,NEYVELILIG,85.0,CA,0.0,0.0,0.0,9.4,13.9,0.0,0.0,0.0
2006-05-26,2006-08-31,OPTSTK,NEYVELILIG,90.0,CA,0.0,0.0,0.0,7.95,12.15,0.0,0.0,0.0
2006-05-26,2006-08-31,OPTSTK,NEYVELILIG,95.0,CA,0.0,0.0,0.0,0.0,0.0,0.0,0.0,0.0
2006-05-26,2006-08-31,OPTSTK,NEYVELILIG,60.0,PA,0.0,0.0,0.0,5.4,4.8,0.0,0.0,0.0
2006-05-26,2006-08-31,OPTSTK,NEYVELILIG,65.0,PA,0.0,0.0,0.0,7.45,6.6,0.0,0.0,0.0
2006-05-26,2006-08-31,OPTSTK,NEYVELILIG,70.0,PA,0.0,0.0,0.0,9.85,8.65,0.0,0.0,0.0
2006-05-26,2006-08-31,OPTSTK,NEYVELILIG,75.0,PA,0.0,0.0,0.0,12.55,11.05,0.0,0.0,0.0
2006-05-26,2006-08-31,OPTSTK,NEYVELILIG,80.0,PA,0.0,0.0,0.0,15.5,13.7,0.0,0.0,0.0
2006-05-26,2006-08-31,OPTSTK,NEYVELILIG,85.0,PA,0.0,0.0,0.0,18.8,16.65,0.0,0.0,0.0
2006-05-26,2006-08-31,OPTSTK,NEYVELILIG,90.0,PA,0.0,0.0,0.0,22.3,19.8,0.0,0.0,0.0
2006-05-26,2006-08-31,OPTSTK,NEYVELILIG,95.0,PA,0.0,0.0,0.0,0.0,0.0,0.0,0.0,0.0
2006-05-26,2006-06-29,OPTSTK,NICOLASPIR,160.0,CA,0.0,0.0,0.0,24.5,51.25,0.0,0.0,0.0
2006-05-26,2006-06-29,OPTSTK,NICOLASPIR,165.0,CA,0.0,0.0,0.0,21.45,47.6,0.0,0.0,0.0
2006-05-26,2006-06-29,OPTSTK,NICOLASPIR,170.0,CA,0.0,0.0,0.0,18.65,44.1,0.0,0.0,0.0
2006-05-26,2006-06-29,OPTSTK,NICOLASPIR,175.0,CA,0.0,0.0,0.0,16.15,40.8,0.0,0.0,0.0
2006-05-26,2006-06-29,OPTSTK,NICOLASPIR,180.0,CA,0.0,0.0,0.0,25.25,37.65,0.0,0.0,0.0
2006-05-26,2006-06-29,OPTSTK,NICOLASPIR,185.0,CA,0.0,0.0,0.0,22.4,34.65,0.0,0.0,0.0
2006-05-26,2006-06-29,OPTSTK,NICOLASPIR,190.0,CA,0.0,0.0,0.0,19.8,31.85,0.0,0.0,0.0
2006-05-26,2006-06-29,OPTSTK,NICOLASPIR,195.0,CA,0.0,0.0,0.0,25.6,29.25,0.0,0.0,0.0
2006-05-26,2006-06-29,OPTSTK,NICOLASPIR,200.0,CA,0.0,0.0,0.0,22.5,26.8,0.0,0.0,0.0
2006-05-26,2006-06-29,OPTSTK,NICOLASPIR,205.0,CA,0.0,0.0,0.0,19.65,24.5,0.0,0.0,0.0
2006-05-26,2006-06-29,OPTSTK,NICOLASPIR,210.0,CA,0.0,0.0,0.0,22.55,22.4,0.0,0.0,0.0
2006-05-26,2006-06-29,OPTSTK,NICOLASPIR,215.0,CA,0.0,0.0,0.0,19.0,20.4,0.0,0.0,0.0
2006-05-26,2006-06-29,OPTSTK,NICOLASPIR,220.0,CA,0.0,0.0,0.0,39.75,18.6,0.0,0.0,0.0
2006-05-26,2006-06-29,OPTSTK,NICOLASPIR,225.0,CA,0.0,0.0,0.0,27.25,16.9,0.0,0.0,0.0
2006-05-26,2006-06-29,OPTSTK,NICOLASPIR,230.0,CA,2.25,2.5,2.25,2.25,2.25,3.0,7.28,3135.0
2006-05-26,2006-06-29,OPTSTK,NICOLASPIR,235.0,CA,0.0,0.0,0.0,23.0,13.95,0.0,0.0,0.0
2006-05-26,2006-06-29,OPTSTK,NICOLASPIR,240.0,CA,0.0,0.0,0.0,24.55,12.65,0.0,0.0,0.0
2006-05-26,2006-06-29,OPTSTK,NICOLASPIR,245.0,CA,0.0,0.0,0.0,17.85,11.45,0.0,0.0,0.0
2006-05-26,2006-06-29,OPTSTK,NICOLASPIR,250.0,CA,0.0,0.0,0.0,18.45,10.35,0.0,0.0,0.0
2006-05-26,2006-06-29,OPTSTK,NICOLASPIR,255.0,CA,0.0,0.0,0.0,13.6,9.35,0.0,0.0,0.0
2006-05-26,2006-06-29,OPTSTK,NICOLASPIR,260.0,CA,0.0,0.0,0.0,5.5,8.45,0.0,0.0,0.0
2006-05-26,2006-06-29,OPTSTK,NICOLASPIR,265.0,CA,0.0,0.0,0.0,15.1,7.6,0.0,0.0,0.0
2006-05-26,2006-06-29,OPTSTK,NICOLASPIR,270.0,CA,0.0,0.0,0.0,9.5,6.85,0.0,0.0,0.0
2006-05-26,2006-06-29,OPTSTK,NICOLASPIR,280.0,CA,0.0,0.0,0.0,6.55,5.55,0.0,0.0,0.0
2006-05-26,2006-06-29,OPTSTK,NICOLASPIR,290.0,CA,0.0,0.0,0.0,6.9,4.5,0.0,0.0,0.0
2006-05-26,2006-06-29,OPTSTK,NICOLASPIR,300.0,CA,0.0,0.0,0.0,8.9,3.6,0.0,0.0,0.0
2006-05-26,2006-06-29,OPTSTK,NICOLASPIR,310.0,CA,0.0,0.0,0.0,9.05,2.9,0.0,0.0,0.0
2006-05-26,2006-06-29,OPTSTK,NICOLASPIR,160.0,PA,0.0,0.0,0.0,7.5,6.05,0.0,0.0,0.0
2006-05-26,2006-06-29,OPTSTK,NICOLASPIR,165.0,PA,0.0,0.0,0.0,9.4,7.35,0.0,0.0,0.0
2006-05-26,2006-06-29,OPTSTK,NICOLASPIR,170.0,PA,0.0,0.0,0.0,11.6,8.85,0.0,0.0,0.0
2006-05-26,2006-06-29,OPTSTK,NICOLASPIR,175.0,PA,0.0,0.0,0.0,14.05,10.5,0.0,0.0,0.0
2006-05-26,2006-06-29,OPTSTK,NICOLASPIR,180.0,PA,0.0,0.0,0.0,10.2,12.3,0.0,0.0,0.0
2006-05-26,2006-06-29,OPTSTK,NICOLASPIR,185.0,PA,0.0,0.0,0.0,12.35,14.3,0.0,0.0,0.0
2006-05-26,2006-06-29,OPTSTK,NICOLASPIR,190.0,PA,0.0,0.0,0.0,14.7,16.45,0.0,0.0,0.0
2006-05-26,2006-06-29,OPTSTK,NICOLASPIR,195.0,PA,0.0,0.0,0.0,7.8,18.8,0.0,0.0,0.0
2006-05-26,2006-06-29,OPTSTK,NICOLASPIR,200.0,PA,0.0,0.0,0.0,9.7,21.35,0.0,0.0,0.0
2006-05-26,2006-06-29,OPTSTK,NICOLASPIR,205.0,PA,0.0,0.0,0.0,11.8,24.0,0.0,0.0,0.0
2006-05-26,2006-06-29,OPTSTK,NICOLASPIR,210.0,PA,0.0,0.0,0.0,3.55,26.85,0.0,0.0,0.0
2006-05-26,2006-06-29,OPTSTK,NICOLASPIR,215.0,PA,0.0,0.0,0.0,4.95,29.85,0.0,0.0,0.0
2006-05-26,2006-06-29,OPTSTK,NICOLASPIR,220.0,PA,0.0,0.0,0.0,2.05,33.0,0.0,0.0,0.0
2006-05-26,2006-06-29,OPTSTK,NICOLASPIR,225.0,PA,0.0,0.0,0.0,8.4,36.3,0.0,0.0,0.0
2006-05-26,2006-06-29,OPTSTK,NICOLASPIR,230.0,PA,0.0,0.0,0.0,3.75,39.7,0.0,0.0,0.0
2006-05-26,2006-06-29,OPTSTK,NICOLASPIR,235.0,PA,0.0,0.0,0.0,11.8,43.25,0.0,0.0,0.0
2006-05-26,2006-06-29,OPTSTK,NICOLASPIR,240.0,PA,0.0,0.0,0.0,6.4,46.9,0.0,0.0,0.0
2006-05-26,2006-06-29,OPTSTK,NICOLASPIR,245.0,PA,0.0,0.0,0.0,16.45,50.7,0.0,0.0,0.0
2006-05-26,2006-06-29,OPTSTK,NICOLASPIR,250.0,PA,0.0,0.0,0.0,10.1,54.55,0.0,0.0,0.0
2006-05-26,2006-06-29,OPTSTK,NICOLASPIR,255.0,PA,0.0,0.0,0.0,22.05,58.55,0.0,0.0,0.0
2006-05-26,2006-06-29,OPTSTK,NICOLASPIR,260.0,PA,0.0,0.0,0.0,14.9,62.6,0.0,0.0,0.0
2006-05-26,2006-06-29,OPTSTK,NICOLASPIR,265.0,PA,0.0,0.0,0.0,26.5,66.75,0.0,0.0,0.0
2006-05-26,2006-06-29,OPTSTK,NICOLASPIR,270.0,PA,0.0,0.0,0.0,20.7,70.95,0.0,0.0,0.0
2006-05-26,2006-06-29,OPTSTK,NICOLASPIR,280.0,PA,0.0,0.0,0.0,27.5,79.6,0.0,0.0,0.0
2006-05-26,2006-06-29,OPTSTK,NICOLASPIR,290.0,PA,0.0,0.0,0.0,30.9,88.45,0.0,0.0,0.0
2006-05-26,2006-06-29,OPTSTK,NICOLASPIR,300.0,PA,0.0,0.0,0.0,33.05,97.55,0.0,0.0,0.0
2006-05-26,2006-06-29,OPTSTK,NICOLASPIR,310.0,PA,0.0,0.0,0.0,34.35,106.75,0.0,0.0,0.0
2006-05-26,2006-07-27,OPTSTK,NICOLASPIR,160.0,CA,0.0,0.0,0.0,29.15,57.55,0.0,0.0,0.0
2006-05-26,2006-07-27,OPTSTK,NICOLASPIR,165.0,CA,0.0,0.0,0.0,26.35,54.3,0.0,0.0,0.0
2006-05-26,2006-07-27,OPTSTK,NICOLASPIR,170.0,CA,0.0,0.0,0.0,23.75,51.25,0.0,0.0,0.0
2006-05-26,2006-07-27,OPTSTK,NICOLASPIR,175.0,CA,0.0,0.0,0.0,21.35,48.25,0.0,0.0,0.0
2006-05-26,2006-07-27,OPTSTK,NICOLASPIR,180.0,CA,0.0,0.0,0.0,30.45,45.45,0.0,0.0,0.0
2006-05-26,2006-07-27,OPTSTK,NICOLASPIR,185.0,CA,0.0,0.0,0.0,27.8,42.8,0.0,0.0,0.0
2006-05-26,2006-07-27,OPTSTK,NICOLASPIR,190.0,CA,0.0,0.0,0.0,25.3,40.25,0.0,0.0,0.0
2006-05-26,2006-07-27,OPTSTK,NICOLASPIR,195.0,CA,0.0,0.0,0.0,30.2,37.8,0.0,0.0,0.0
2006-05-26,2006-07-27,OPTSTK,NICOLASPIR,200.0,CA,0.0,0.0,0.0,27.3,35.5,0.0,0.0,0.0
2006-05-26,2006-07-27,OPTSTK,NICOLASPIR,205.0,CA,0.0,0.0,0.0,24.6,33.35,0.0,0.0,0.0
2006-05-26,2006-07-27,OPTSTK,NICOLASPIR,210.0,CA,0.0,0.0,0.0,25.6,31.3,0.0,0.0,0.0
2006-05-26,2006-07-27,OPTSTK,NICOLASPIR,215.0,CA,0.0,0.0,0.0,22.25,29.35,0.0,0.0,0.0
2006-05-26,2006-07-27,OPTSTK,NICOLASPIR,220.0,CA,0.0,0.0,0.0,30.05,27.5,0.0,0.0,0.0
2006-05-26,2006-07-27,OPTSTK,NICOLASPIR,225.0,CA,0.0,0.0,0.0,27.1,25.8,0.0,0.0,0.0
2006-05-26,2006-07-27,OPTSTK,NICOLASPIR,230.0,CA,0.0,0.0,0.0,24.4,24.15,0.0,0.0,0.0
2006-05-26,2006-07-27,OPTSTK,NICOLASPIR,235.0,CA,0.0,0.0,0.0,21.9,22.65,0.0,0.0,0.0
2006-05-26,2006-07-27,OPTSTK,NICOLASPIR,240.0,CA,0.0,0.0,0.0,19.55,21.2,0.0,0.0,0.0
2006-05-26,2006-07-27,OPTSTK,NICOLASPIR,245.0,CA,0.0,0.0,0.0,17.4,19.85,0.0,0.0,0.0
2006-05-26,2006-07-27,OPTSTK,NICOLASPIR,250.0,CA,0.0,0.0,0.0,15.5,18.55,0.0,0.0,0.0
2006-05-26,2006-07-27,OPTSTK,NICOLASPIR,255.0,CA,0.0,0.0,0.0,13.8,17.35,0.0,0.0,0.0
2006-05-26,2006-07-27,OPTSTK,NICOLASPIR,160.0,PA,0.0,0.0,0.0,11.35,11.5,0.0,0.0,0.0
2006-05-26,2006-07-27,OPTSTK,NICOLASPIR,165.0,PA,0.0,0.0,0.0,13.45,13.25,0.0,0.0,0.0
2006-05-26,2006-07-27,OPTSTK,NICOLASPIR,170.0,PA,0.0,0.0,0.0,15.8,15.1,0.0,0.0,0.0
2006-05-26,2006-07-27,OPTSTK,NICOLASPIR,175.0,PA,0.0,0.0,0.0,18.3,17.05,0.0,0.0,0.0
2006-05-26,2006-07-27,OPTSTK,NICOLASPIR,180.0,PA,0.0,0.0,0.0,14.5,19.2,0.0,0.0,0.0
2006-05-26,2006-07-27,OPTSTK,NICOLASPIR,185.0,PA,0.0,0.0,0.0,16.75,21.45,0.0,0.0,0.0
2006-05-26,2006-07-27,OPTSTK,NICOLASPIR,190.0,PA,0.0,0.0,0.0,19.2,23.85,0.0,0.0,0.0
2006-05-26,2006-07-27,OPTSTK,NICOLASPIR,195.0,PA,0.0,0.0,0.0,11.4,26.4,0.0,0.0,0.0
2006-05-26,2006-07-27,OPTSTK,NICOLASPIR,200.0,PA,0.0,0.0,0.0,13.45,29.05,0.0,0.0,0.0
2006-05-26,2006-07-27,OPTSTK,NICOLASPIR,205.0,PA,0.0,0.0,0.0,15.7,31.8,0.0,0.0,0.0
2006-05-26,2006-07-27,OPTSTK,NICOLASPIR,210.0,PA,0.0,0.0,0.0,5.5,34.7,0.0,0.0,0.0
2006-05-26,2006-07-27,OPTSTK,NICOLASPIR,215.0,PA,0.0,0.0,0.0,7.1,37.7,0.0,0.0,0.0
2006-05-26,2006-07-27,OPTSTK,NICOLASPIR,220.0,PA,0.0,0.0,0.0,11.0,40.8,0.0,0.0,0.0
2006-05-26,2006-07-27,OPTSTK,NICOLASPIR,225.0,PA,0.0,0.0,0.0,13.0,44.0,0.0,0.0,0.0
2006-05-26,2006-07-27,OPTSTK,NICOLASPIR,230.0,PA,0.0,0.0,0.0,15.15,47.35,0.0,0.0,0.0
2006-05-26,2006-07-27,OPTSTK,NICOLASPIR,235.0,PA,0.0,0.0,0.0,17.55,50.75,0.0,0.0,0.0
2006-05-26,2006-07-27,OPTSTK,NICOLASPIR,240.0,PA,0.0,0.0,0.0,20.15,54.25,0.0,0.0,0.0
2006-05-26,2006-07-27,OPTSTK,NICOLASPIR,245.0,PA,0.0,0.0,0.0,22.95,57.85,0.0,0.0,0.0
2006-05-26,2006-07-27,OPTSTK,NICOLASPIR,250.0,PA,0.0,0.0,0.0,25.9,61.5,0.0,0.0,0.0
2006-05-26,2006-07-27,OPTSTK,NICOLASPIR,255.0,PA,0.0,0.0,0.0,26.75,65.25,0.0,0.0,0.0
2006-05-26,2006-08-31,OPTSTK,NICOLASPIR,180.0,CA,0.0,0.0,0.0,47.8,53.2,0.0,0.0,0.0
2006-05-26,2006-08-31,OPTSTK,NICOLASPIR,185.0,CA,0.0,0.0,0.0,45.5,50.75,0.0,0.0,0.0
2006-05-26,2006-08-31,OPTSTK,NICOLASPIR,190.0,CA,0.0,0.0,0.0,43.3,48.4,0.0,0.0,0.0
2006-05-26,2006-08-31,OPTSTK,NICOLASPIR,195.0,CA,0.0,0.0,0.0,41.2,46.15,0.0,0.0,0.0
2006-05-26,2006-08-31,OPTSTK,NICOLASPIR,200.0,CA,0.0,0.0,0.0,39.25,43.95,0.0,0.0,0.0
2006-05-26,2006-08-31,OPTSTK,NICOLASPIR,205.0,CA,0.0,0.0,0.0,37.35,41.9,0.0,0.0,0.0
2006-05-26,2006-08-31,OPTSTK,NICOLASPIR,210.0,CA,0.0,0.0,0.0,35.55,39.95,0.0,0.0,0.0
2006-05-26,2006-08-31,OPTSTK,NICOLASPIR,215.0,CA,0.0,0.0,0.0,0.0,0.0,0.0,0.0,0.0
2006-05-26,2006-08-31,OPTSTK,NICOLASPIR,220.0,CA,0.0,0.0,0.0,0.0,0.0,0.0,0.0,0.0
2006-05-26,2006-08-31,OPTSTK,NICOLASPIR,180.0,PA,0.0,0.0,0.0,28.95,25.8,0.0,0.0,0.0
2006-05-26,2006-08-31,OPTSTK,NICOLASPIR,185.0,PA,0.0,0.0,0.0,31.6,28.25,0.0,0.0,0.0
2006-05-26,2006-08-31,OPTSTK,NICOLASPIR,190.0,PA,0.0,0.0,0.0,34.3,30.8,0.0,0.0,0.0
2006-05-26,2006-08-31,OPTSTK,NICOLASPIR,195.0,PA,0.0,0.0,0.0,37.15,33.45,0.0,0.0,0.0
2006-05-26,2006-08-31,OPTSTK,NICOLASPIR,200.0,PA,0.0,0.0,0.0,40.05,36.2,0.0,0.0,0.0
2006-05-26,2006-08-31,OPTSTK,NICOLASPIR,205.0,PA,0.0,0.0,0.0,43.05,39.05,0.0,0.0,0.0
2006-05-26,2006-08-31,OPTSTK,NICOLASPIR,210.0,PA,0.0,0.0,0.0,46.15,42.0,0.0,0.0,0.0
2006-05-26,2006-08-31,OPTSTK,NICOLASPIR,215.0,PA,0.0,0.0,0.0,0.0,0.0,0.0,0.0,0.0
2006-05-26,2006-08-31,OPTSTK,NICOLASPIR,220.0,PA,0.0,0.0,0.0,0.0,0.0,0.0,0.0,0.0
2006-05-26,2006-06-29,OPTSTK,NTPC,95.0,CA,0.0,0.0,0.0,18.1,23.4,0.0,0.0,0.0
2006-05-26,2006-06-29,OPTSTK,NTPC,100.0,CA,0.0,0.0,0.0,14.0,19.05,0.0,0.0,0.0
2006-05-26,2006-06-29,OPTSTK,NTPC,105.0,CA,0.0,0.0,0.0,15.8,15.05,0.0,0.0,0.0
2006-05-26,2006-06-29,OPTSTK,NTPC,110.0,CA,11.7,11.7,11.7,11.7,11.7,1.0,3.95,3250.0
2006-05-26,2006-06-29,OPTSTK,NTPC,115.0,CA,9.6,10.0,7.6,8.5,8.5,10.0,40.31,32500.0
2006-05-26,2006-06-29,OPTSTK,NTPC,120.0,CA,7.3,7.4,5.25,5.65,5.65,98.0,402.23,260000.0
2006-05-26,2006-06-29,OPTSTK,NTPC,125.0,CA,4.95,5.0,3.8,3.95,3.95,70.0,294.51,217750.0
2006-05-26,2006-06-29,OPTSTK,NTPC,130.0,CA,3.0,3.95,2.6,2.75,2.75,71.0,306.92,347750.0
2006-05-26,2006-06-29,OPTSTK,NTPC,135.0,CA,1.9,1.9,1.35,1.6,1.6,37.0,164.26,211250.0
2006-05-26,2006-06-29,OPTSTK,NTPC,140.0,CA,2.0,2.0,0.6,1.0,1.0,9.0,41.3,91000.0
2006-05-26,2006-06-29,OPTSTK,NTPC,145.0,CA,0.75,1.0,0.75,1.0,1.0,2.0,9.48,81250.0
2006-05-26,2006-06-29,OPTSTK,NTPC,150.0,CA,0.0,0.0,0.0,2.9,0.5,0.0,0.0,0.0
2006-05-26,2006-06-29,OPTSTK,NTPC,155.0,CA,0.0,0.0,0.0,2.75,0.3,0.0,0.0,0.0
2006-05-26,2006-06-29,OPTSTK,NTPC,160.0,CA,0.0,0.0,0.0,1.75,0.2,0.0,0.0,0.0
2006-05-26,2006-06-29,OPTSTK,NTPC,95.0,PA,0.0,0.0,0.0,0.85,0.55,0.0,0.0,0.0
2006-05-26,2006-06-29,OPTSTK,NTPC,100.0,PA,1.95,1.95,1.95,1.95,1.95,1.0,3.31,3250.0
2006-05-26,2006-06-29,OPTSTK,NTPC,105.0,PA,0.0,0.0,0.0,1.75,2.15,0.0,0.0,0.0
2006-05-26,2006-06-29,OPTSTK,NTPC,110.0,PA,2.8,2.8,2.3,2.8,2.8,9.0,32.95,26000.0
2006-05-26,2006-06-29,OPTSTK,NTPC,115.0,PA,3.9,5.25,3.9,5.25,5.25,2.0,7.77,9750.0
2006-05-26,2006-06-29,OPTSTK,NTPC,120.0,PA,4.95,7.55,4.95,7.55,7.55,8.0,32.76,19500.0
2006-05-26,2006-06-29,OPTSTK,NTPC,125.0,PA,0.0,0.0,0.0,3.1,11.3,0.0,0.0,0.0
2006-05-26,2006-06-29,OPTSTK,NTPC,130.0,PA,0.0,0.0,0.0,17.0,14.9,0.0,0.0,3250.0
2006-05-26,2006-06-29,OPTSTK,NTPC,135.0,PA,0.0,0.0,0.0,7.05,18.9,0.0,0.0,0.0
2006-05-26,2006-06-29,OPTSTK,NTPC,140.0,PA,0.0,0.0,0.0,9.8,23.15,0.0,0.0,0.0
2006-05-26,2006-06-29,OPTSTK,NTPC,145.0,PA,0.0,0.0,0.0,13.0,27.65,0.0,0.0,0.0
2006-05-26,2006-06-29,OPTSTK,NTPC,150.0,PA,0.0,0.0,0.0,16.65,32.3,0.0,0.0,0.0
2006-05-26,2006-06-29,OPTSTK,NTPC,155.0,PA,0.0,0.0,0.0,16.0,37.1,0.0,0.0,0.0
2006-05-26,2006-06-29,OPTSTK,NTPC,160.0,PA,0.0,0.0,0.0,16.85,41.95,0.0,0.0,0.0
2006-05-26,2006-07-27,OPTSTK,NTPC,95.0,CA,0.0,0.0,0.0,19.55,24.9,0.0,0.0,0.0
2006-05-26,2006-07-27,OPTSTK,NTPC,100.0,CA,0.0,0.0,0.0,15.8,20.9,0.0,0.0,0.0
2006-05-26,2006-07-27,OPTSTK,NTPC,105.0,CA,0.0,0.0,0.0,17.65,17.3,0.0,0.0,0.0
2006-05-26,2006-07-27,OPTSTK,NTPC,110.0,CA,0.0,0.0,0.0,17.75,14.1,0.0,0.0,0.0
2006-05-26,2006-07-27,OPTSTK,NTPC,115.0,CA,0.0,0.0,0.0,18.85,11.35,0.0,0.0,0.0
2006-05-26,2006-07-27,OPTSTK,NTPC,120.0,CA,0.0,0.0,0.0,15.3,8.95,0.0,0.0,0.0
2006-05-26,2006-07-27,OPTSTK,NTPC,125.0,CA,0.0,0.0,0.0,12.2,7.0,0.0,0.0,0.0
2006-05-26,2006-07-27,OPTSTK,NTPC,130.0,CA,0.0,0.0,0.0,9.55,5.4,0.0,0.0,0.0
2006-05-26,2006-07-27,OPTSTK,NTPC,135.0,CA,0.0,0.0,0.0,7.3,4.1,0.0,0.0,0.0
2006-05-26,2006-07-27,OPTSTK,NTPC,140.0,CA,0.0,0.0,0.0,5.5,3.1,0.0,0.0,0.0
2006-05-26,2006-07-27,OPTSTK,NTPC,145.0,CA,0.0,0.0,0.0,4.1,2.3,0.0,0.0,0.0
2006-05-26,2006-07-27,OPTSTK,NTPC,150.0,CA,0.0,0.0,0.0,6.3,1.7,0.0,0.0,0.0
2006-05-26,2006-07-27,OPTSTK,NTPC,95.0,PA,0.0,0.0,0.0,1.8,1.55,0.0,0.0,0.0
2006-05-26,2006-07-27,OPTSTK,NTPC,100.0,PA,0.0,0.0,0.0,3.0,2.5,0.0,0.0,0.0
2006-05-26,2006-07-27,OPTSTK,NTPC,105.0,PA,0.0,0.0,0.0,3.05,3.85,0.0,0.0,0.0
2006-05-26,2006-07-27,OPTSTK,NTPC,110.0,PA,0.0,0.0,0.0,2.6,5.6,0.0,0.0,0.0
2006-05-26,2006-07-27,OPTSTK,NTPC,115.0,PA,0.0,0.0,0.0,2.5,7.75,0.0,0.0,0.0
2006-05-26,2006-07-27,OPTSTK,NTPC,120.0,PA,0.0,0.0,0.0,3.85,10.35,0.0,0.0,0.0
2006-05-26,2006-07-27,OPTSTK,NTPC,125.0,PA,0.0,0.0,0.0,5.65,13.3,0.0,0.0,0.0
2006-05-26,2006-07-27,OPTSTK,NTPC,130.0,PA,0.0,0.0,0.0,7.9,16.65,0.0,0.0,0.0
2006-05-26,2006-07-27,OPTSTK,NTPC,135.0,PA,0.0,0.0,0.0,10.6,20.3,0.0,0.0,0.0
2006-05-26,2006-07-27,OPTSTK,NTPC,140.0,PA,0.0,0.0,0.0,13.7,24.25,0.0,0.0,0.0
2006-05-26,2006-07-27,OPTSTK,NTPC,145.0,PA,0.0,0.0,0.0,17.2,28.4,0.0,0.0,0.0
2006-05-26,2006-07-27,OPTSTK,NTPC,150.0,PA,0.0,0.0,0.0,18.0,32.75,0.0,0.0,0.0
2006-05-26,2006-08-31,OPTSTK,NTPC,100.0,CA,0.0,0.0,0.0,0.0,0.0,0.0,0.0,0.0
2006-05-26,2006-08-31,OPTSTK,NTPC,105.0,CA,0.0,0.0,0.0,20.45,19.7,0.0,0.0,0.0
2006-05-26,2006-08-31,OPTSTK,NTPC,110.0,CA,0.0,0.0,0.0,17.45,16.7,0.0,0.0,0.0
2006-05-26,2006-08-31,OPTSTK,NTPC,115.0,CA,0.0,0.0,0.0,14.8,14.05,0.0,0.0,0.0
2006-05-26,2006-08-31,OPTSTK,NTPC,120.0,CA,0.0,0.0,0.0,12.45,11.7,0.0,0.0,0.0
2006-05-26,2006-08-31,OPTSTK,NTPC,125.0,CA,0.0,0.0,0.0,10.4,9.7,0.0,0.0,0.0
2006-05-26,2006-08-31,OPTSTK,NTPC,130.0,CA,0.0,0.0,0.0,8.65,7.95,0.0,0.0,0.0
2006-05-26,2006-08-31,OPTSTK,NTPC,135.0,CA,0.0,0.0,0.0,7.15,6.5,0.0,0.0,0.0
2006-05-26,2006-08-31,OPTSTK,NTPC,100.0,PA,0.0,0.0,0.0,0.0,0.0,0.0,0.0,0.0
2006-05-26,2006-08-31,OPTSTK,NTPC,105.0,PA,0.0,0.0,0.0,5.75,5.55,0.0,0.0,0.0
2006-05-26,2006-08-31,OPTSTK,NTPC,110.0,PA,0.0,0.0,0.0,7.65,7.5,0.0,0.0,0.0
2006-05-26,2006-08-31,OPTSTK,NTPC,115.0,PA,0.0,0.0,0.0,9.9,9.75,0.0,0.0,0.0
2006-05-26,2006-08-31,OPTSTK,NTPC,120.0,PA,0.0,0.0,0.0,12.45,12.3,0.0,0.0,0.0
2006-05-26,2006-08-31,OPTSTK,NTPC,125.0,PA,0.0,0.0,0.0,15.35,15.2,0.0,0.0,0.0
2006-05-26,2006-08-31,OPTSTK,NTPC,130.0,PA,0.0,0.0,0.0,18.5,18.4,0.0,0.0,0.0
2006-05-26,2006-08-31,OPTSTK,NTPC,135.0,PA,0.0,0.0,0.0,21.9,21.85,0.0,0.0,0.0
2006-05-26,2006-06-29,OPTSTK,ONGC,1080.0,CA,0.0,0.0,0.0,144.45,156.3,0.0,0.0,0.0
2006-05-26,2006-06-29,OPTSTK,ONGC,1110.0,CA,0.0,0.0,0.0,153.3,138.05,0.0,0.0,0.0
2006-05-26,2006-06-29,OPTSTK,ONGC,1140.0,CA,0.0,0.0,0.0,141.5,121.35,0.0,0.0,0.0
2006-05-26,2006-06-29,OPTSTK,ONGC,1170.0,CA,0.0,0.0,0.0,139.75,106.1,0.0,0.0,0.0
2006-05-26,2006-06-29,OPTSTK,ONGC,1200.0,CA,70.0,75.0,58.3,65.2,65.2,20.0,75.92,8100.0
2006-05-26,2006-06-29,OPTSTK,ONGC,1230.0,CA,52.3,68.0,45.0,60.25,60.25,41.0,158.09,12600.0
2006-05-26,2006-06-29,OPTSTK,ONGC,1260.0,CA,45.0,54.0,38.0,49.8,49.8,22.0,86.21,8100.0
2006-05-26,2006-06-29,OPTSTK,ONGC,1290.0,CA,25.0,37.95,25.0,27.0,27.0,10.0,39.61,9000.0
2006-05-26,2006-06-29,OPTSTK,ONGC,1320.0,CA,22.7,27.9,22.05,26.0,26.0,8.0,32.28,2400.0
2006-05-26,2006-06-29,OPTSTK,ONGC,1350.0,CA,0.0,0.0,0.0,95.2,43.05,0.0,0.0,0.0
2006-05-26,2006-06-29,OPTSTK,ONGC,1380.0,CA,0.0,0.0,0.0,21.0,36.55,0.0,0.0,1200.0
2006-05-26,2006-06-29,OPTSTK,ONGC,1410.0,CA,10.0,20.0,10.0,18.65,18.65,6.0,25.62,5400.0
2006-05-26,2006-06-29,OPTSTK,ONGC,1440.0,CA,0.0,0.0,0.0,95.0,25.95,0.0,0.0,600.0
2006-05-26,2006-06-29,OPTSTK,ONGC,1470.0,CA,10.0,10.0,10.0,10.0,10.0,1.0,4.44,1200.0
2006-05-26,2006-06-29,OPTSTK,ONGC,1500.0,CA,0.0,0.0,0.0,8.0,18.2,0.0,0.0,300.0
2006-05-26,2006-06-29,OPTSTK,ONGC,1530.0,CA,0.0,0.0,0.0,65.95,15.2,0.0,0.0,0.0
2006-05-26,2006-06-29,OPTSTK,ONGC,1560.0,CA,0.0,0.0,0.0,74.9,12.6,0.0,0.0,0.0
2006-05-26,2006-06-29,OPTSTK,ONGC,1080.0,PA,0.0,0.0,0.0,53.85,49.75,0.0,0.0,0.0
2006-05-26,2006-06-29,OPTSTK,ONGC,1110.0,PA,0.0,0.0,0.0,48.4,61.3,0.0,0.0,0.0
2006-05-26,2006-06-29,OPTSTK,ONGC,1140.0,PA,0.0,0.0,0.0,21.7,74.4,0.0,0.0,0.0
2006-05-26,2006-06-29,OPTSTK,ONGC,1170.0,PA,0.0,0.0,0.0,26.5,89.0,0.0,0.0,0.0
2006-05-26,2006-06-29,OPTSTK,ONGC,1200.0,PA,0.0,0.0,0.0,33.5,105.0,0.0,0.0,0.0
2006-05-26,2006-06-29,OPTSTK,ONGC,1230.0,PA,0.0,0.0,0.0,39.9,122.45,0.0,0.0,0.0
2006-05-26,2006-06-29,OPTSTK,ONGC,1260.0,PA,0.0,0.0,0.0,42.15,141.25,0.0,0.0,0.0
2006-05-26,2006-06-29,OPTSTK,ONGC,1290.0,PA,0.0,0.0,0.0,52.9,161.25,0.0,0.0,0.0
2006-05-26,2006-06-29,OPTSTK,ONGC,1320.0,PA,0.0,0.0,0.0,65.3,182.5,0.0,0.0,0.0
2006-05-26,2006-06-29,OPTSTK,ONGC,1350.0,PA,0.0,0.0,0.0,79.3,204.85,0.0,0.0,0.0
2006-05-26,2006-06-29,OPTSTK,ONGC,1380.0,PA,0.0,0.0,0.0,94.85,228.1,0.0,0.0,0.0
2006-05-26,2006-06-29,OPTSTK,ONGC,1410.0,PA,0.0,0.0,0.0,111.95,252.2,0.0,0.0,0.0
2006-05-26,2006-06-29,OPTSTK,ONGC,1440.0,PA,0.0,0.0,0.0,130.55,277.15,0.0,0.0,0.0
2006-05-26,2006-06-29,OPTSTK,ONGC,1470.0,PA,0.0,0.0,0.0,120.35,302.75,0.0,0.0,0.0
2006-05-26,2006-06-29,OPTSTK,ONGC,1500.0,PA,0.0,0.0,0.0,122.45,329.0,0.0,0.0,0.0
2006-05-26,2006-06-29,OPTSTK,ONGC,1530.0,PA,0.0,0.0,0.0,141.1,355.8,0.0,0.0,0.0
2006-05-26,2006-06-29,OPTSTK,ONGC,1560.0,PA,0.0,0.0,0.0,135.8,383.05,0.0,0.0,0.0
2006-05-26,2006-07-27,OPTSTK,ONGC,1080.0,CA,0.0,0.0,0.0,176.55,189.7,0.0,0.0,0.0
2006-05-26,2006-07-27,OPTSTK,ONGC,1110.0,CA,0.0,0.0,0.0,183.4,172.95,0.0,0.0,0.0
2006-05-26,2006-07-27,OPTSTK,ONGC,1140.0,CA,0.0,0.0,0.0,166.45,157.3,0.0,0.0,0.0
2006-05-26,2006-07-27,OPTSTK,ONGC,1170.0,CA,0.0,0.0,0.0,150.65,142.75,0.0,0.0,0.0
2006-05-26,2006-07-27,OPTSTK,ONGC,1200.0,CA,0.0,0.0,0.0,190.45,129.3,0.0,0.0,0.0
2006-05-26,2006-07-27,OPTSTK,ONGC,1230.0,CA,0.0,0.0,0.0,172.85,116.85,0.0,0.0,0.0
2006-05-26,2006-07-27,OPTSTK,ONGC,1260.0,CA,0.0,0.0,0.0,156.4,105.4,0.0,0.0,0.0
2006-05-26,2006-07-27,OPTSTK,ONGC,1290.0,CA,0.0,0.0,0.0,141.1,94.95,0.0,0.0,0.0
2006-05-26,2006-07-27,OPTSTK,ONGC,1320.0,CA,0.0,0.0,0.0,127.0,85.35,0.0,0.0,0.0
2006-05-26,2006-07-27,OPTSTK,ONGC,1350.0,CA,0.0,0.0,0.0,114.0,76.6,0.0,0.0,0.0
2006-05-26,2006-07-27,OPTSTK,ONGC,1380.0,CA,0.0,0.0,0.0,102.05,68.6,0.0,0.0,0.0
2006-05-26,2006-07-27,OPTSTK,ONGC,1410.0,CA,0.0,0.0,0.0,85.1,61.45,0.0,0.0,0.0
2006-05-26,2006-07-27,OPTSTK,ONGC,1440.0,CA,0.0,0.0,0.0,88.1,54.95,0.0,0.0,0.0
2006-05-26,2006-07-27,OPTSTK,ONGC,1470.0,CA,0.0,0.0,0.0,78.7,49.05,0.0,0.0,0.0
2006-05-26,2006-07-27,OPTSTK,ONGC,1500.0,CA,0.0,0.0,0.0,103.8,43.7,0.0,0.0,0.0
2006-05-26,2006-07-27,OPTSTK,ONGC,1530.0,CA,0.0,0.0,0.0,92.25,38.9,0.0,0.0,0.0
2006-05-26,2006-07-27,OPTSTK,ONGC,1560.0,CA,0.0,0.0,0.0,103.0,34.6,0.0,0.0,0.0
2006-05-26,2006-07-27,OPTSTK,ONGC,1080.0,PA,0.0,0.0,0.0,80.2,77.6,0.0,0.0,0.0
2006-05-26,2006-07-27,OPTSTK,ONGC,1110.0,PA,0.0,0.0,0.0,72.75,90.45,0.0,0.0,0.0
2006-05-26,2006-07-27,OPTSTK,ONGC,1140.0,PA,0.0,0.0,0.0,85.4,104.5,0.0,0.0,0.0
2006-05-26,2006-07-27,OPTSTK,ONGC,1170.0,PA,0.0,0.0,0.0,99.2,119.6,0.0,0.0,0.0
2006-05-26,2006-07-27,OPTSTK,ONGC,1200.0,PA,0.0,0.0,0.0,66.45,135.8,0.0,0.0,0.0
2006-05-26,2006-07-27,OPTSTK,ONGC,1230.0,PA,0.0,0.0,0.0,78.35,153.0,0.0,0.0,0.0
2006-05-26,2006-07-27,OPTSTK,ONGC,1260.0,PA,0.0,0.0,0.0,91.4,171.25,0.0,0.0,0.0
2006-05-26,2006-07-27,OPTSTK,ONGC,1290.0,PA,0.0,0.0,0.0,105.6,190.4,0.0,0.0,0.0
2006-05-26,2006-07-27,OPTSTK,ONGC,1320.0,PA,0.0,0.0,0.0,120.95,210.45,0.0,0.0,0.0
2006-05-26,2006-07-27,OPTSTK,ONGC,1350.0,PA,0.0,0.0,0.0,137.45,231.35,0.0,0.0,0.0
2006-05-26,2006-07-27,OPTSTK,ONGC,1380.0,PA,0.0,0.0,0.0,155.0,253.05,0.0,0.0,0.0
2006-05-26,2006-07-27,OPTSTK,ONGC,1410.0,PA,0.0,0.0,0.0,163.8,275.55,0.0,0.0,0.0
2006-05-26,2006-07-27,OPTSTK,ONGC,1440.0,PA,0.0,0.0,0.0,140.5,298.7,0.0,0.0,0.0
2006-05-26,2006-07-27,OPTSTK,ONGC,1470.0,PA,0.0,0.0,0.0,147.0,322.45,0.0,0.0,0.0
2006-05-26,2006-07-27,OPTSTK,ONGC,1500.0,PA,0.0,0.0,0.0,141.25,346.75,0.0,0.0,0.0
2006-05-26,2006-07-27,OPTSTK,ONGC,1530.0,PA,0.0,0.0,0.0,159.25,371.65,0.0,0.0,0.0
2006-05-26,2006-07-27,OPTSTK,ONGC,1560.0,PA,0.0,0.0,0.0,155.6,397.0,0.0,0.0,0.0
2006-05-26,2006-08-31,OPTSTK,ONGC,1080.0,CA,0.0,0.0,0.0,0.0,0.0,0.0,0.0,0.0
2006-05-26,2006-08-31,OPTSTK,ONGC,1110.0,CA,0.0,0.0,0.0,228.35,207.45,0.0,0.0,0.0
2006-05-26,2006-08-31,OPTSTK,ONGC,1140.0,CA,0.0,0.0,0.0,212.95,192.6,0.0,0.0,0.0
2006-05-26,2006-08-31,OPTSTK,ONGC,1170.0,CA,0.0,0.0,0.0,198.35,178.6,0.0,0.0,0.0
2006-05-26,2006-08-31,OPTSTK,ONGC,1200.0,CA,0.0,0.0,0.0,184.6,165.5,0.0,0.0,0.0
2006-05-26,2006-08-31,OPTSTK,ONGC,1230.0,CA,0.0,0.0,0.0,171.65,153.2,0.0,0.0,0.0
2006-05-26,2006-08-31,OPTSTK,ONGC,1260.0,CA,0.0,0.0,0.0,159.5,141.7,0.0,0.0,0.0
2006-05-26,2006-08-31,OPTSTK,ONGC,1290.0,CA,0.0,0.0,0.0,148.1,130.9,0.0,0.0,0.0
2006-05-26,2006-08-31,OPTSTK,ONGC,1080.0,PA,0.0,0.0,0.0,0.0,0.0,0.0,0.0,0.0
2006-05-26,2006-08-31,OPTSTK,ONGC,1110.0,PA,0.0,0.0,0.0,113.2,117.85,0.0,0.0,0.0
2006-05-26,2006-08-31,OPTSTK,ONGC,1140.0,PA,0.0,0.0,0.0,127.25,132.45,0.0,0.0,0.0
2006-05-26,2006-08-31,OPTSTK,ONGC,1170.0,PA,0.0,0.0,0.0,142.1,147.95,0.0,0.0,0.0
2006-05-26,2006-08-31,OPTSTK,ONGC,1200.0,PA,0.0,0.0,0.0,157.8,164.3,0.0,0.0,0.0
2006-05-26,2006-08-31,OPTSTK,ONGC,1230.0,PA,0.0,0.0,0.0,174.35,181.45,0.0,0.0,0.0
2006-05-26,2006-08-31,OPTSTK,ONGC,1260.0,PA,0.0,0.0,0.0,191.65,199.45,0.0,0.0,0.0
2006-05-26,2006-08-31,OPTSTK,ONGC,1290.0,PA,0.0,0.0,0.0,209.7,218.15,0.0,0.0,0.0
2006-05-26,2006-06-29,OPTSTK,ORCHIDCHEM,190.0,CA,0.0,0.0,0.0,34.2,55.75,0.0,0.0,0.0
2006-05-26,2006-06-29,OPTSTK,ORCHIDCHEM,195.0,CA,0.0,0.0,0.0,31.65,52.4,0.0,0.0,0.0
2006-05-26,2006-06-29,OPTSTK,ORCHIDCHEM,200.0,CA,0.0,0.0,0.0,29.25,49.15,0.0,0.0,0.0
2006-05-26,2006-06-29,OPTSTK,ORCHIDCHEM,205.0,CA,0.0,0.0,0.0,38.5,46.05,0.0,0.0,0.0
2006-05-26,2006-06-29,OPTSTK,ORCHIDCHEM,210.0,CA,0.0,0.0,0.0,35.95,43.1,0.0,0.0,0.0
2006-05-26,2006-06-29,OPTSTK,ORCHIDCHEM,215.0,CA,0.0,0.0,0.0,33.5,40.3,0.0,0.0,0.0
2006-05-26,2006-06-29,OPTSTK,ORCHIDCHEM,220.0,CA,0.0,0.0,0.0,31.25,37.65,0.0,0.0,0.0
2006-05-26,2006-06-29,OPTSTK,ORCHIDCHEM,225.0,CA,0.0,0.0,0.0,29.1,35.15,0.0,0.0,0.0
2006-05-26,2006-06-29,OPTSTK,ORCHIDCHEM,230.0,CA,0.0,0.0,0.0,39.15,32.75,0.0,0.0,0.0
2006-05-26,2006-06-29,OPTSTK,ORCHIDCHEM,235.0,CA,0.0,0.0,0.0,36.55,30.5,0.0,0.0,0.0
2006-05-26,2006-06-29,OPTSTK,ORCHIDCHEM,240.0,CA,18.95,18.95,14.5,14.5,14.5,5.0,13.48,5250.0
2006-05-26,2006-06-29,OPTSTK,ORCHIDCHEM,245.0,CA,0.0,0.0,0.0,31.75,26.4,0.0,0.0,0.0
2006-05-26,2006-06-29,OPTSTK,ORCHIDCHEM,250.0,CA,8.8,8.8,8.8,8.8,8.8,3.0,8.15,3150.0
2006-05-26,2006-06-29,OPTSTK,ORCHIDCHEM,255.0,CA,0.0,0.0,0.0,27.5,22.75,0.0,0.0,0.0
2006-05-26,2006-06-29,OPTSTK,ORCHIDCHEM,260.0,CA,6.0,6.0,6.0,6.0,6.0,1.0,2.79,1050.0
2006-05-26,2006-06-29,OPTSTK,ORCHIDCHEM,270.0,CA,0.0,0.0,0.0,28.15,18.1,0.0,0.0,0.0
2006-05-26,2006-06-29,OPTSTK,ORCHIDCHEM,280.0,CA,0.0,0.0,0.0,37.65,15.5,0.0,0.0,0.0
2006-05-26,2006-06-29,OPTSTK,ORCHIDCHEM,290.0,CA,0.0,0.0,0.0,40.25,13.25,0.0,0.0,0.0
2006-05-26,2006-06-29,OPTSTK,ORCHIDCHEM,300.0,CA,2.6,2.6,2.6,2.6,2.6,1.0,3.17,1050.0
2006-05-26,2006-06-29,OPTSTK,ORCHIDCHEM,310.0,CA,0.0,0.0,0.0,43.35,9.6,0.0,0.0,0.0
2006-05-26,2006-06-29,OPTSTK,ORCHIDCHEM,320.0,CA,0.0,0.0,0.0,47.65,8.15,0.0,0.0,0.0
2006-05-26,2006-06-29,OPTSTK,ORCHIDCHEM,330.0,CA,0.0,0.0,0.0,49.05,6.9,0.0,0.0,0.0
2006-05-26,2006-06-29,OPTSTK,ORCHIDCHEM,340.0,CA,0.0,0.0,0.0,47.4,5.85,0.0,0.0,0.0
2006-05-26,2006-06-29,OPTSTK,ORCHIDCHEM,350.0,CA,0.0,0.0,0.0,41.2,4.95,0.0,0.0,0.0
2006-05-26,2006-06-29,OPTSTK,ORCHIDCHEM,360.0,CA,0.0,0.0,0.0,35.55,4.2,0.0,0.0,0.0
2006-05-26,2006-06-29,OPTSTK,ORCHIDCHEM,370.0,CA,0.0,0.0,0.0,30.45,3.55,0.0,0.0,0.0
2006-05-26,2006-06-29,OPTSTK,ORCHIDCHEM,380.0,CA,0.0,0.0,0.0,25.9,3.0,0.0,0.0,0.0
2006-05-26,2006-06-29,OPTSTK,ORCHIDCHEM,390.0,CA,0.0,0.0,0.0,21.9,2.55,0.0,0.0,0.0
2006-05-26,2006-06-29,OPTSTK,ORCHIDCHEM,400.0,CA,0.0,0.0,0.0,18.4,2.15,0.0,0.0,0.0
2006-05-26,2006-06-29,OPTSTK,ORCHIDCHEM,410.0,CA,0.0,0.0,0.0,30.1,1.8,0.0,0.0,0.0
2006-05-26,2006-06-29,OPTSTK,ORCHIDCHEM,420.0,CA,0.0,0.0,0.0,26.15,1.5,0.0,0.0,0.0
2006-05-26,2006-06-29,OPTSTK,ORCHIDCHEM,190.0,PA,0.0,0.0,0.0,18.65,10.2,0.0,0.0,0.0
2006-05-26,2006-06-29,OPTSTK,ORCHIDCHEM,195.0,PA,0.0,0.0,0.0,21.05,11.8,0.0,0.0,0.0
2006-05-26,2006-06-29,OPTSTK,ORCHIDCHEM,200.0,PA,0.0,0.0,0.0,23.6,13.55,0.0,0.0,0.0
2006-05-26,2006-06-29,OPTSTK,ORCHIDCHEM,205.0,PA,0.0,0.0,0.0,20.8,15.4,0.0,0.0,0.0
2006-05-26,2006-06-29,OPTSTK,ORCHIDCHEM,210.0,PA,0.0,0.0,0.0,23.2,17.45,0.0,0.0,0.0
2006-05-26,2006-06-29,OPTSTK,ORCHIDCHEM,215.0,PA,0.0,0.0,0.0,25.75,19.6,0.0,0.0,0.0
2006-05-26,2006-06-29,OPTSTK,ORCHIDCHEM,220.0,PA,0.0,0.0,0.0,28.45,21.9,0.0,0.0,0.0
2006-05-26,2006-06-29,OPTSTK,ORCHIDCHEM,225.0,PA,0.0,0.0,0.0,31.25,24.35,0.0,0.0,0.0
2006-05-26,2006-06-29,OPTSTK,ORCHIDCHEM,230.0,PA,0.0,0.0,0.0,21.1,26.95,0.0,0.0,0.0
2006-05-26,2006-06-29,OPTSTK,ORCHIDCHEM,235.0,PA,0.0,0.0,0.0,23.45,29.65,0.0,0.0,0.0
2006-05-26,2006-06-29,OPTSTK,ORCHIDCHEM,240.0,PA,0.0,0.0,0.0,6.55,32.5,0.0,0.0,0.0
2006-05-26,2006-06-29,OPTSTK,ORCHIDCHEM,245.0,PA,0.0,0.0,0.0,28.6,35.5,0.0,0.0,0.0
2006-05-26,2006-06-29,OPTSTK,ORCHIDCHEM,250.0,PA,0.0,0.0,0.0,9.45,38.6,0.0,0.0,0.0
2006-05-26,2006-06-29,OPTSTK,ORCHIDCHEM,255.0,PA,0.0,0.0,0.0,34.25,41.8,0.0,0.0,0.0
2006-05-26,2006-06-29,OPTSTK,ORCHIDCHEM,260.0,PA,0.0,0.0,0.0,4.6,45.1,0.0,0.0,0.0
2006-05-26,2006-06-29,OPTSTK,ORCHIDCHEM,270.0,PA,0.0,0.0,0.0,7.35,52.05,0.0,0.0,0.0
2006-05-26,2006-06-29,OPTSTK,ORCHIDCHEM,280.0,PA,0.0,0.0,0.0,4.15,59.4,0.0,0.0,0.0
2006-05-26,2006-06-29,OPTSTK,ORCHIDCHEM,290.0,PA,0.0,0.0,0.0,3.75,67.05,0.0,0.0,0.0
2006-05-26,2006-06-29,OPTSTK,ORCHIDCHEM,300.0,PA,0.0,0.0,0.0,5.05,75.05,0.0,0.0,0.0
2006-05-26,2006-06-29,OPTSTK,ORCHIDCHEM,310.0,PA,0.0,0.0,0.0,9.55,83.3,0.0,0.0,0.0
2006-05-26,2006-06-29,OPTSTK,ORCHIDCHEM,320.0,PA,0.0,0.0,0.0,9.15,91.8,0.0,0.0,0.0
2006-05-26,2006-06-29,OPTSTK,ORCHIDCHEM,330.0,PA,0.0,0.0,0.0,10.8,100.5,0.0,0.0,0.0
2006-05-26,2006-06-29,OPTSTK,ORCHIDCHEM,340.0,PA,0.0,0.0,0.0,12.85,109.35,0.0,0.0,0.0
2006-05-26,2006-06-29,OPTSTK,ORCHIDCHEM,350.0,PA,0.0,0.0,0.0,16.45,118.4,0.0,0.0,0.0
2006-05-26,2006-06-29,OPTSTK,ORCHIDCHEM,360.0,PA,0.0,0.0,0.0,20.6,127.6,0.0,0.0,0.0
2006-05-26,2006-06-29,OPTSTK,ORCHIDCHEM,370.0,PA,0.0,0.0,0.0,25.3,136.85,0.0,0.0,0.0
2006-05-26,2006-06-29,OPTSTK,ORCHIDCHEM,380.0,PA,0.0,0.0,0.0,30.5,146.25,0.0,0.0,0.0
2006-05-26,2006-06-29,OPTSTK,ORCHIDCHEM,390.0,PA,0.0,0.0,0.0,36.3,155.7,0.0,0.0,0.0
2006-05-26,2006-06-29,OPTSTK,ORCHIDCHEM,400.0,PA,0.0,0.0,0.0,42.6,165.25,0.0,0.0,0.0
2006-05-26,2006-06-29,OPTSTK,ORCHIDCHEM,410.0,PA,0.0,0.0,0.0,38.15,174.85,0.0,0.0,0.0
2006-05-26,2006-06-29,OPTSTK,ORCHIDCHEM,420.0,PA,0.0,0.0,0.0,44.05,184.5,0.0,0.0,0.0
2006-05-26,2006-07-27,OPTSTK,ORCHIDCHEM,190.0,CA,0.0,0.0,0.0,42.55,64.3,0.0,0.0,0.0
2006-05-26,2006-07-27,OPTSTK,ORCHIDCHEM,195.0,CA,0.0,0.0,0.0,40.15,61.3,0.0,0.0,0.0
2006-05-26,2006-07-27,OPTSTK,ORCHIDCHEM,200.0,CA,0.0,0.0,0.0,37.9,58.45,0.0,0.0,0.0
2006-05-26,2006-07-27,OPTSTK,ORCHIDCHEM,205.0,CA,0.0,0.0,0.0,47.25,55.7,0.0,0.0,0.0
2006-05-26,2006-07-27,OPTSTK,ORCHIDCHEM,210.0,CA,0.0,0.0,0.0,44.9,53.05,0.0,0.0,0.0
2006-05-26,2006-07-27,OPTSTK,ORCHIDCHEM,215.0,CA,0.0,0.0,0.0,42.6,50.5,0.0,0.0,0.0
2006-05-26,2006-07-27,OPTSTK,ORCHIDCHEM,220.0,CA,0.0,0.0,0.0,40.45,48.1,0.0,0.0,0.0
2006-05-26,2006-07-27,OPTSTK,ORCHIDCHEM,225.0,CA,0.0,0.0,0.0,38.4,45.75,0.0,0.0,0.0
2006-05-26,2006-07-27,OPTSTK,ORCHIDCHEM,230.0,CA,0.0,0.0,0.0,47.95,43.55,0.0,0.0,0.0
2006-05-26,2006-07-27,OPTSTK,ORCHIDCHEM,235.0,CA,0.0,0.0,0.0,45.5,41.4,0.0,0.0,0.0
2006-05-26,2006-07-27,OPTSTK,ORCHIDCHEM,240.0,CA,0.0,0.0,0.0,48.55,39.35,0.0,0.0,0.0
2006-05-26,2006-07-27,OPTSTK,ORCHIDCHEM,245.0,CA,0.0,0.0,0.0,40.95,37.4,0.0,0.0,0.0
2006-05-26,2006-07-27,OPTSTK,ORCHIDCHEM,250.0,CA,0.0,0.0,0.0,42.1,35.55,0.0,0.0,0.0
2006-05-26,2006-07-27,OPTSTK,ORCHIDCHEM,255.0,CA,0.0,0.0,0.0,36.85,33.8,0.0,0.0,0.0
2006-05-26,2006-07-27,OPTSTK,ORCHIDCHEM,260.0,CA,0.0,0.0,0.0,39.55,32.1,0.0,0.0,0.0
2006-05-26,2006-07-27,OPTSTK,ORCHIDCHEM,270.0,CA,0.0,0.0,0.0,32.85,28.95,0.0,0.0,0.0
2006-05-26,2006-07-27,OPTSTK,ORCHIDCHEM,280.0,CA,0.0,0.0,0.0,41.7,26.1,0.0,0.0,0.0
2006-05-26,2006-07-27,OPTSTK,ORCHIDCHEM,290.0,CA,0.0,0.0,0.0,44.2,23.55,0.0,0.0,0.0
2006-05-26,2006-07-27,OPTSTK,ORCHIDCHEM,300.0,CA,0.0,0.0,0.0,45.7,21.2,0.0,0.0,0.0
2006-05-26,2006-07-27,OPTSTK,ORCHIDCHEM,310.0,CA,0.0,0.0,0.0,45.05,19.1,0.0,0.0,0.0
2006-05-26,2006-07-27,OPTSTK,ORCHIDCHEM,320.0,CA,0.0,0.0,0.0,39.05,17.2,0.0,0.0,0.0
2006-05-26,2006-07-27,OPTSTK,ORCHIDCHEM,330.0,CA,0.0,0.0,0.0,33.65,15.5,0.0,0.0,0.0
2006-05-26,2006-07-27,OPTSTK,ORCHIDCHEM,340.0,CA,0.0,0.0,0.0,28.8,13.95,0.0,0.0,0.0
2006-05-26,2006-07-27,OPTSTK,ORCHIDCHEM,350.0,CA,0.0,0.0,0.0,24.5,12.55,0.0,0.0,0.0
2006-05-26,2006-07-27,OPTSTK,ORCHIDCHEM,360.0,CA,0.0,0.0,0.0,20.7,11.3,0.0,0.0,0.0
2006-05-26,2006-07-27,OPTSTK,ORCHIDCHEM,370.0,CA,0.0,0.0,0.0,17.4,10.15,0.0,0.0,0.0
2006-05-26,2006-07-27,OPTSTK,ORCHIDCHEM,190.0,PA,0.0,0.0,0.0,26.0,17.75,0.0,0.0,0.0
2006-05-26,2006-07-27,OPTSTK,ORCHIDCHEM,195.0,PA,0.0,0.0,0.0,28.55,19.75,0.0,0.0,0.0
2006-05-26,2006-07-27,OPTSTK,ORCHIDCHEM,200.0,PA,0.0,0.0,0.0,31.25,21.8,0.0,0.0,0.0
2006-05-26,2006-07-27,OPTSTK,ORCHIDCHEM,205.0,PA,0.0,0.0,0.0,28.5,24.0,0.0,0.0,0.0
2006-05-26,2006-07-27,OPTSTK,ORCHIDCHEM,210.0,PA,0.0,0.0,0.0,31.05,26.3,0.0,0.0,0.0
2006-05-26,2006-07-27,OPTSTK,ORCHIDCHEM,215.0,PA,0.0,0.0,0.0,33.7,28.7,0.0,0.0,0.0
2006-05-26,2006-07-27,OPTSTK,ORCHIDCHEM,220.0,PA,0.0,0.0,0.0,36.5,31.2,0.0,0.0,0.0
2006-05-26,2006-07-27,OPTSTK,ORCHIDCHEM,225.0,PA,0.0,0.0,0.0,39.35,33.85,0.0,0.0,0.0
2006-05-26,2006-07-27,OPTSTK,ORCHIDCHEM,230.0,PA,0.0,0.0,0.0,28.7,36.55,0.0,0.0,0.0
2006-05-26,2006-07-27,OPTSTK,ORCHIDCHEM,235.0,PA,0.0,0.0,0.0,31.2,39.35,0.0,0.0,0.0
2006-05-26,2006-07-27,OPTSTK,ORCHIDCHEM,240.0,PA,0.0,0.0,0.0,10.55,42.25,0.0,0.0,0.0
2006-05-26,2006-07-27,OPTSTK,ORCHIDCHEM,245.0,PA,0.0,0.0,0.0,36.55,45.25,0.0,0.0,0.0
2006-05-26,2006-07-27,OPTSTK,ORCHIDCHEM,250.0,PA,0.0,0.0,0.0,13.95,48.35,0.0,0.0,0.0
2006-05-26,2006-07-27,OPTSTK,ORCHIDCHEM,255.0,PA,0.0,0.0,0.0,42.25,51.5,0.0,0.0,0.0
2006-05-26,2006-07-27,OPTSTK,ORCHIDCHEM,260.0,PA,0.0,0.0,0.0,7.45,54.75,0.0,0.0,0.0
2006-05-26,2006-07-27,OPTSTK,ORCHIDCHEM,270.0,PA,0.0,0.0,0.0,10.6,61.5,0.0,0.0,0.0
2006-05-26,2006-07-27,OPTSTK,ORCHIDCHEM,280.0,PA,0.0,0.0,0.0,6.7,68.55,0.0,0.0,0.0
2006-05-26,2006-07-27,OPTSTK,ORCHIDCHEM,290.0,PA,0.0,0.0,0.0,6.15,75.85,0.0,0.0,0.0
2006-05-26,2006-07-27,OPTSTK,ORCHIDCHEM,300.0,PA,0.0,0.0,0.0,7.85,83.4,0.0,0.0,0.0
2006-05-26,2006-07-27,OPTSTK,ORCHIDCHEM,310.0,PA,0.0,0.0,0.0,14.25,91.2,0.0,0.0,0.0
2006-05-26,2006-07-27,OPTSTK,ORCHIDCHEM,320.0,PA,0.0,0.0,0.0,18.1,99.2,0.0,0.0,0.0
2006-05-26,2006-07-27,OPTSTK,ORCHIDCHEM,330.0,PA,0.0,0.0,0.0,22.5,107.35,0.0,0.0,0.0
2006-05-26,2006-07-27,OPTSTK,ORCHIDCHEM,340.0,PA,0.0,0.0,0.0,27.5,115.7,0.0,0.0,0.0
2006-05-26,2006-07-27,OPTSTK,ORCHIDCHEM,350.0,PA,0.0,0.0,0.0,33.0,124.2,0.0,0.0,0.0
2006-05-26,2006-07-27,OPTSTK,ORCHIDCHEM,360.0,PA,0.0,0.0,0.0,39.05,132.8,0.0,0.0,0.0
2006-05-26,2006-07-27,OPTSTK,ORCHIDCHEM,370.0,PA,0.0,0.0,0.0,45.6,141.6,0.0,0.0,0.0
2006-05-26,2006-08-31,OPTSTK,ORCHIDCHEM,210.0,CA,0.0,0.0,0.0,55.25,62.75,0.0,0.0,0.0
2006-05-26,2006-08-31,OPTSTK,ORCHIDCHEM,215.0,CA,0.0,0.0,0.0,53.1,60.45,0.0,0.0,0.0
2006-05-26,2006-08-31,OPTSTK,ORCHIDCHEM,220.0,CA,0.0,0.0,0.0,51.05,58.2,0.0,0.0,0.0
2006-05-26,2006-08-31,OPTSTK,ORCHIDCHEM,225.0,CA,0.0,0.0,0.0,49.05,56.0,0.0,0.0,0.0
2006-05-26,2006-08-31,OPTSTK,ORCHIDCHEM,230.0,CA,0.0,0.0,0.0,47.15,53.9,0.0,0.0,0.0
2006-05-26,2006-08-31,OPTSTK,ORCHIDCHEM,235.0,CA,0.0,0.0,0.0,45.35,51.9,0.0,0.0,0.0
2006-05-26,2006-08-31,OPTSTK,ORCHIDCHEM,240.0,CA,0.0,0.0,0.0,43.55,49.95,0.0,0.0,0.0
2006-05-26,2006-08-31,OPTSTK,ORCHIDCHEM,245.0,CA,0.0,0.0,0.0,0.0,0.0,0.0,0.0,0.0
2006-05-26,2006-08-31,OPTSTK,ORCHIDCHEM,250.0,CA,0.0,0.0,0.0,0.0,0.0,0.0,0.0,0.0
2006-05-26,2006-08-31,OPTSTK,ORCHIDCHEM,210.0,PA,0.0,0.0,0.0,38.85,34.65,0.0,0.0,0.0
2006-05-26,2006-08-31,OPTSTK,ORCHIDCHEM,215.0,PA,0.0,0.0,0.0,41.6,37.25,0.0,0.0,0.0
2006-05-26,2006-08-31,OPTSTK,ORCHIDCHEM,220.0,PA,0.0,0.0,0.0,44.45,39.9,0.0,0.0,0.0
2006-05-26,2006-08-31,OPTSTK,ORCHIDCHEM,225.0,PA,0.0,0.0,0.0,47.4,42.65,0.0,0.0,0.0
2006-05-26,2006-08-31,OPTSTK,ORCHIDCHEM,230.0,PA,0.0,0.0,0.0,50.4,45.45,0.0,0.0,0.0
2006-05-26,2006-08-31,OPTSTK,ORCHIDCHEM,235.0,PA,0.0,0.0,0.0,53.45,48.35,0.0,0.0,0.0
2006-05-26,2006-08-31,OPTSTK,ORCHIDCHEM,240.0,PA,0.0,0.0,0.0,56.6,51.3,0.0,0.0,0.0
2006-05-26,2006-08-31,OPTSTK,ORCHIDCHEM,245.0,PA,0.0,0.0,0.0,0.0,0.0,0.0,0.0,0.0
2006-05-26,2006-08-31,OPTSTK,ORCHIDCHEM,250.0,PA,0.0,0.0,0.0,0.0,0.0,0.0,0.0,0.0
2006-05-26,2006-06-29,OPTSTK,ORIENTBANK,195.0,CA,0.0,0.0,0.0,21.95,32.75,0.0,0.0,0.0
2006-05-26,2006-06-29,OPTSTK,ORIENTBANK,200.0,CA,0.0,0.0,0.0,18.95,29.05,0.0,0.0,0.0
2006-05-26,2006-06-29,OPTSTK,ORIENTBANK,205.0,CA,0.0,0.0,0.0,23.65,25.6,0.0,0.0,0.0
2006-05-26,2006-06-29,OPTSTK,ORIENTBANK,210.0,CA,0.0,0.0,0.0,20.65,22.4,0.0,0.0,0.0
2006-05-26,2006-06-29,OPTSTK,ORIENTBANK,215.0,CA,0.0,0.0,0.0,22.45,19.45,0.0,0.0,0.0
2006-05-26,2006-06-29,OPTSTK,ORIENTBANK,220.0,CA,0.0,0.0,0.0,23.75,16.8,0.0,0.0,0.0
2006-05-26,2006-06-29,OPTSTK,ORIENTBANK,225.0,CA,0.0,0.0,0.0,20.3,14.4,0.0,0.0,0.0
2006-05-26,2006-06-29,OPTSTK,ORIENTBANK,230.0,CA,10.0,10.0,7.0,7.5,7.5,6.0,8.58,2400.0
2006-05-26,2006-06-29,OPTSTK,ORIENTBANK,235.0,CA,0.0,0.0,0.0,14.35,10.4,0.0,0.0,0.0
2006-05-26,2006-06-29,OPTSTK,ORIENTBANK,240.0,CA,7.0,7.0,5.0,5.0,5.0,6.0,8.84,3000.0
2006-05-26,2006-06-29,OPTSTK,ORIENTBANK,245.0,CA,0.0,0.0,0.0,9.7,7.3,0.0,0.0,0.0
2006-05-26,2006-06-29,OPTSTK,ORIENTBANK,250.0,CA,4.0,4.0,3.0,3.2,3.2,4.0,6.08,4200.0
2006-05-26,2006-06-29,OPTSTK,ORIENTBANK,255.0,CA,0.0,0.0,0.0,10.05,5.0,0.0,0.0,0.0
2006-05-26,2006-06-29,OPTSTK,ORIENTBANK,260.0,CA,0.0,0.0,0.0,8.3,4.15,0.0,0.0,0.0
2006-05-26,2006-06-29,OPTSTK,ORIENTBANK,270.0,CA,0.0,0.0,0.0,6.55,2.75,0.0,0.0,0.0
2006-05-26,2006-06-29,OPTSTK,ORIENTBANK,280.0,CA,0.0,0.0,0.0,3.95,1.8,0.0,0.0,0.0
2006-05-26,2006-06-29,OPTSTK,ORIENTBANK,290.0,CA,0.0,0.0,0.0,2.25,1.15,0.0,0.0,0.0
2006-05-26,2006-06-29,OPTSTK,ORIENTBANK,195.0,PA,0.0,0.0,0.0,7.5,4.05,0.0,0.0,0.0
2006-05-26,2006-06-29,OPTSTK,ORIENTBANK,200.0,PA,0.0,0.0,0.0,9.45,5.3,0.0,0.0,0.0
2006-05-26,2006-06-29,OPTSTK,ORIENTBANK,205.0,PA,0.0,0.0,0.0,8.3,6.8,0.0,0.0,0.0
2006-05-26,2006-06-29,OPTSTK,ORIENTBANK,210.0,PA,0.0,0.0,0.0,10.3,8.55,0.0,0.0,0.0
2006-05-26,2006-06-29,OPTSTK,ORIENTBANK,215.0,PA,0.0,0.0,0.0,3.1,10.6,0.0,0.0,0.0
2006-05-26,2006-06-29,OPTSTK,ORIENTBANK,220.0,PA,0.0,0.0,0.0,4.15,12.9,0.0,0.0,0.0
2006-05-26,2006-06-29,OPTSTK,ORIENTBANK,225.0,PA,0.0,0.0,0.0,5.6,15.5,0.0,0.0,0.0
2006-05-26,2006-06-29,OPTSTK,ORIENTBANK,230.0,PA,0.0,0.0,0.0,7.35,18.3,0.0,0.0,0.0
2006-05-26,2006-06-29,OPTSTK,ORIENTBANK,235.0,PA,0.0,0.0,0.0,9.45,21.4,0.0,0.0,0.0
2006-05-26,2006-06-29,OPTSTK,ORIENTBANK,240.0,PA,0.0,0.0,0.0,11.85,24.7,0.0,0.0,0.0
2006-05-26,2006-06-29,OPTSTK,ORIENTBANK,245.0,PA,0.0,0.0,0.0,14.6,28.25,0.0,0.0,0.0
2006-05-26,2006-06-29,OPTSTK,ORIENTBANK,250.0,PA,0.0,0.0,0.0,17.6,32.0,0.0,0.0,0.0
2006-05-26,2006-06-29,OPTSTK,ORIENTBANK,255.0,PA,0.0,0.0,0.0,17.05,35.9,0.0,0.0,0.0
2006-05-26,2006-06-29,OPTSTK,ORIENTBANK,260.0,PA,0.0,0.0,0.0,20.15,40.0,0.0,0.0,0.0
2006-05-26,2006-06-29,OPTSTK,ORIENTBANK,270.0,PA,0.0,0.0,0.0,18.5,48.55,0.0,0.0,0.0
2006-05-26,2006-06-29,OPTSTK,ORIENTBANK,280.0,PA,0.0,0.0,0.0,25.8,57.55,0.0,0.0,0.0
2006-05-26,2006-06-29,OPTSTK,ORIENTBANK,290.0,PA,0.0,0.0,0.0,34.0,66.85,0.0,0.0,0.0
2006-05-26,2006-07-27,OPTSTK,ORIENTBANK,195.0,CA,0.0,0.0,0.0,26.55,37.25,0.0,0.0,0.0
2006-05-26,2006-07-27,OPTSTK,ORIENTBANK,200.0,CA,0.0,0.0,0.0,23.7,33.85,0.0,0.0,0.0
2006-05-26,2006-07-27,OPTSTK,ORIENTBANK,205.0,CA,0.0,0.0,0.0,28.35,30.7,0.0,0.0,0.0
2006-05-26,2006-07-27,OPTSTK,ORIENTBANK,210.0,CA,0.0,0.0,0.0,25.55,27.75,0.0,0.0,0.0
2006-05-26,2006-07-27,OPTSTK,ORIENTBANK,215.0,CA,0.0,0.0,0.0,23.6,25.0,0.0,0.0,0.0
2006-05-26,2006-07-27,OPTSTK,ORIENTBANK,220.0,CA,0.0,0.0,0.0,20.05,22.45,0.0,0.0,0.0
2006-05-26,2006-07-27,OPTSTK,ORIENTBANK,225.0,CA,0.0,0.0,0.0,16.85,20.1,0.0,0.0,0.0
2006-05-26,2006-07-27,OPTSTK,ORIENTBANK,230.0,CA,0.0,0.0,0.0,14.0,17.95,0.0,0.0,0.0
2006-05-26,2006-07-27,OPTSTK,ORIENTBANK,235.0,CA,0.0,0.0,0.0,11.45,16.0,0.0,0.0,0.0
2006-05-26,2006-07-27,OPTSTK,ORIENTBANK,240.0,CA,0.0,0.0,0.0,9.25,14.2,0.0,0.0,0.0
2006-05-26,2006-07-27,OPTSTK,ORIENTBANK,245.0,CA,0.0,0.0,0.0,7.4,12.55,0.0,0.0,0.0
2006-05-26,2006-07-27,OPTSTK,ORIENTBANK,250.0,CA,0.0,0.0,0.0,5.9,11.1,0.0,0.0,0.0
2006-05-26,2006-07-27,OPTSTK,ORIENTBANK,255.0,CA,0.0,0.0,0.0,9.35,9.8,0.0,0.0,0.0
2006-05-26,2006-07-27,OPTSTK,ORIENTBANK,260.0,CA,0.0,0.0,0.0,7.6,8.6,0.0,0.0,0.0
2006-05-26,2006-07-27,OPTSTK,ORIENTBANK,270.0,CA,0.0,0.0,0.0,9.75,6.6,0.0,0.0,0.0
2006-05-26,2006-07-27,OPTSTK,ORIENTBANK,280.0,CA,0.0,0.0,0.0,6.7,5.05,0.0,0.0,0.0
2006-05-26,2006-07-27,OPTSTK,ORIENTBANK,290.0,CA,0.0,0.0,0.0,4.45,3.8,0.0,0.0,0.0
2006-05-26,2006-07-27,OPTSTK,ORIENTBANK,195.0,PA,0.0,0.0,0.0,11.05,7.5,0.0,0.0,0.0
2006-05-26,2006-07-27,OPTSTK,ORIENTBANK,200.0,PA,0.0,0.0,0.0,13.15,9.1,0.0,0.0,0.0
2006-05-26,2006-07-27,OPTSTK,ORIENTBANK,205.0,PA,0.0,0.0,0.0,11.95,10.85,0.0,0.0,0.0
2006-05-26,2006-07-27,OPTSTK,ORIENTBANK,210.0,PA,0.0,0.0,0.0,14.05,12.85,0.0,0.0,0.0
2006-05-26,2006-07-27,OPTSTK,ORIENTBANK,215.0,PA,0.0,0.0,0.0,3.7,15.05,0.0,0.0,0.0
2006-05-26,2006-07-27,OPTSTK,ORIENTBANK,220.0,PA,0.0,0.0,0.0,5.1,17.45,0.0,0.0,0.0
2006-05-26,2006-07-27,OPTSTK,ORIENTBANK,225.0,PA,0.0,0.0,0.0,6.8,20.05,0.0,0.0,0.0
2006-05-26,2006-07-27,OPTSTK,ORIENTBANK,230.0,PA,0.0,0.0,0.0,8.85,22.85,0.0,0.0,0.0
2006-05-26,2006-07-27,OPTSTK,ORIENTBANK,235.0,PA,0.0,0.0,0.0,11.25,25.8,0.0,0.0,0.0
2006-05-26,2006-07-27,OPTSTK,ORIENTBANK,240.0,PA,0.0,0.0,0.0,13.95,28.95,0.0,0.0,0.0
2006-05-26,2006-07-27,OPTSTK,ORIENTBANK,245.0,PA,0.0,0.0,0.0,17.0,32.25,0.0,0.0,0.0
2006-05-26,2006-07-27,OPTSTK,ORIENTBANK,250.0,PA,0.0,0.0,0.0,18.75,35.75,0.0,0.0,0.0
2006-05-26,2006-07-27,OPTSTK,ORIENTBANK,255.0,PA,0.0,0.0,0.0,16.85,39.35,0.0,0.0,0.0
2006-05-26,2006-07-27,OPTSTK,ORIENTBANK,260.0,PA,0.0,0.0,0.0,20.05,43.15,0.0,0.0,0.0
2006-05-26,2006-07-27,OPTSTK,ORIENTBANK,270.0,PA,0.0,0.0,0.0,20.25,51.0,0.0,0.0,0.0
2006-05-26,2006-07-27,OPTSTK,ORIENTBANK,280.0,PA,0.0,0.0,0.0,27.0,59.3,0.0,0.0,0.0
2006-05-26,2006-07-27,OPTSTK,ORIENTBANK,290.0,PA,0.0,0.0,0.0,34.65,68.0,0.0,0.0,0.0
2006-05-26,2006-08-31,OPTSTK,ORIENTBANK,210.0,CA,0.0,0.0,0.0,35.1,33.15,0.0,0.0,0.0
2006-05-26,2006-08-31,OPTSTK,ORIENTBANK,215.0,CA,0.0,0.0,0.0,32.45,30.55,0.0,0.0,0.0
2006-05-26,2006-08-31,OPTSTK,ORIENTBANK,220.0,CA,0.0,0.0,0.0,30.0,28.05,0.0,0.0,0.0
2006-05-26,2006-08-31,OPTSTK,ORIENTBANK,225.0,CA,0.0,0.0,0.0,27.65,25.75,0.0,0.0,0.0
2006-05-26,2006-08-31,OPTSTK,ORIENTBANK,230.0,CA,0.0,0.0,0.0,25.45,23.6,0.0,0.0,0.0
2006-05-26,2006-08-31,OPTSTK,ORIENTBANK,235.0,CA,0.0,0.0,0.0,23.4,21.6,0.0,0.0,0.0
2006-05-26,2006-08-31,OPTSTK,ORIENTBANK,240.0,CA,0.0,0.0,0.0,21.5,19.75,0.0,0.0,0.0
2006-05-26,2006-08-31,OPTSTK,ORIENTBANK,210.0,PA,0.0,0.0,0.0,17.1,16.9,0.0,0.0,0.0
2006-05-26,2006-08-31,OPTSTK,ORIENTBANK,215.0,PA,0.0,0.0,0.0,19.35,19.2,0.0,0.0,0.0
2006-05-26,2006-08-31,OPTSTK,ORIENTBANK,220.0,PA,0.0,0.0,0.0,21.75,21.65,0.0,0.0,0.0
2006-05-26,2006-08-31,OPTSTK,ORIENTBANK,225.0,PA,0.0,0.0,0.0,24.35,24.25,0.0,0.0,0.0
2006-05-26,2006-08-31,OPTSTK,ORIENTBANK,230.0,PA,0.0,0.0,0.0,27.05,27.0,0.0,0.0,0.0
2006-05-26,2006-08-31,OPTSTK,ORIENTBANK,235.0,PA,0.0,0.0,0.0,29.9,29.9,0.0,0.0,0.0
2006-05-26,2006-08-31,OPTSTK,ORIENTBANK,240.0,PA,0.0,0.0,0.0,32.9,32.95,0.0,0.0,0.0
2006-05-26,2006-06-29,OPTSTK,PATNI,300.0,CA,0.0,0.0,0.0,44.95,65.55,0.0,0.0,0.0
2006-05-26,2006-06-29,OPTSTK,PATNI,310.0,CA,0.0,0.0,0.0,46.7,58.05,0.0,0.0,0.0
2006-05-26,2006-06-29,OPTSTK,PATNI,320.0,CA,0.0,0.0,0.0,47.1,51.05,0.0,0.0,0.0
2006-05-26,2006-06-29,OPTSTK,PATNI,330.0,CA,0.0,0.0,0.0,40.8,44.6,0.0,0.0,0.0
2006-05-26,2006-06-29,OPTSTK,PATNI,340.0,CA,0.0,0.0,0.0,46.25,38.7,0.0,0.0,0.0
2006-05-26,2006-06-29,OPTSTK,PATNI,350.0,CA,0.0,0.0,0.0,46.75,33.35,0.0,0.0,0.0
2006-05-26,2006-06-29,OPTSTK,PATNI,360.0,CA,0.0,0.0,0.0,41.0,28.6,0.0,0.0,0.0
2006-05-26,2006-06-29,OPTSTK,PATNI,370.0,CA,0.0,0.0,0.0,46.05,24.35,0.0,0.0,0.0
2006-05-26,2006-06-29,OPTSTK,PATNI,380.0,CA,0.0,0.0,0.0,40.1,20.6,0.0,0.0,0.0
2006-05-26,2006-06-29,OPTSTK,PATNI,390.0,CA,0.0,0.0,0.0,51.3,17.35,0.0,0.0,0.0
2006-05-26,2006-06-29,OPTSTK,PATNI,400.0,CA,0.0,0.0,0.0,48.4,14.5,0.0,0.0,0.0
2006-05-26,2006-06-29,OPTSTK,PATNI,410.0,CA,0.0,0.0,0.0,54.5,12.1,0.0,0.0,0.0
2006-05-26,2006-06-29,OPTSTK,PATNI,420.0,CA,0.0,0.0,0.0,56.5,10.05,0.0,0.0,0.0
2006-05-26,2006-06-29,OPTSTK,PATNI,430.0,CA,0.0,0.0,0.0,50.2,8.3,0.0,0.0,0.0
2006-05-26,2006-06-29,OPTSTK,PATNI,440.0,CA,0.0,0.0,0.0,44.35,6.8,0.0,0.0,0.0
2006-05-26,2006-06-29,OPTSTK,PATNI,450.0,CA,0.0,0.0,0.0,39.0,5.55,0.0,0.0,0.0
2006-05-26,2006-06-29,OPTSTK,PATNI,460.0,CA,0.0,0.0,0.0,34.1,4.55,0.0,0.0,0.0
2006-05-26,2006-06-29,OPTSTK,PATNI,470.0,CA,0.0,0.0,0.0,29.65,3.7,0.0,0.0,0.0
2006-05-26,2006-06-29,OPTSTK,PATNI,480.0,CA,0.0,0.0,0.0,25.7,3.0,0.0,0.0,0.0
2006-05-26,2006-06-29,OPTSTK,PATNI,490.0,CA,0.0,0.0,0.0,23.5,2.4,0.0,0.0,0.0
2006-05-26,2006-06-29,OPTSTK,PATNI,300.0,PA,0.0,0.0,0.0,9.9,7.0,0.0,0.0,0.0
2006-05-26,2006-06-29,OPTSTK,PATNI,310.0,PA,0.0,0.0,0.0,10.85,9.45,0.0,0.0,0.0
2006-05-26,2006-06-29,OPTSTK,PATNI,320.0,PA,0.0,0.0,0.0,12.7,12.4,0.0,0.0,0.0
2006-05-26,2006-06-29,OPTSTK,PATNI,330.0,PA,0.0,0.0,0.0,16.35,15.85,0.0,0.0,0.0
2006-05-26,2006-06-29,OPTSTK,PATNI,340.0,PA,0.0,0.0,0.0,15.6,19.9,0.0,0.0,0.0
2006-05-26,2006-06-29,OPTSTK,PATNI,350.0,PA,0.0,0.0,0.0,17.6,24.5,0.0,0.0,0.0
2006-05-26,2006-06-29,OPTSTK,PATNI,360.0,PA,0.0,0.0,0.0,21.7,29.65,0.0,0.0,0.0
2006-05-26,2006-06-29,OPTSTK,PATNI,370.0,PA,0.0,0.0,0.0,16.25,35.35,0.0,0.0,0.0
2006-05-26,2006-06-29,OPTSTK,PATNI,380.0,PA,0.0,0.0,0.0,20.2,41.55,0.0,0.0,0.0
2006-05-26,2006-06-29,OPTSTK,PATNI,390.0,PA,0.0,0.0,0.0,13.25,48.25,0.0,0.0,0.0
2006-05-26,2006-06-29,OPTSTK,PATNI,400.0,PA,0.0,0.0,0.0,11.65,55.35,0.0,0.0,0.0
2006-05-26,2006-06-29,OPTSTK,PATNI,410.0,PA,0.0,0.0,0.0,13.75,62.9,0.0,0.0,0.0
2006-05-26,2006-06-29,OPTSTK,PATNI,420.0,PA,0.0,0.0,0.0,14.8,70.75,0.0,0.0,0.0
2006-05-26,2006-06-29,OPTSTK,PATNI,430.0,PA,0.0,0.0,0.0,18.3,78.95,0.0,0.0,0.0
2006-05-26,2006-06-29,OPTSTK,PATNI,440.0,PA,0.0,0.0,0.0,22.25,87.4,0.0,0.0,0.0
2006-05-26,2006-06-29,OPTSTK,PATNI,450.0,PA,0.0,0.0,0.0,26.65,96.1,0.0,0.0,0.0
2006-05-26,2006-06-29,OPTSTK,PATNI,460.0,PA,0.0,0.0,0.0,31.55,105.0,0.0,0.0,0.0
2006-05-26,2006-06-29,OPTSTK,PATNI,470.0,PA,0.0,0.0,0.0,36.9,114.05,0.0,0.0,0.0
2006-05-26,2006-06-29,OPTSTK,PATNI,480.0,PA,0.0,0.0,0.0,42.7,123.3,0.0,0.0,0.0
2006-05-26,2006-06-29,OPTSTK,PATNI,490.0,PA,0.0,0.0,0.0,45.25,132.65,0.0,0.0,0.0
2006-05-26,2006-07-27,OPTSTK,PATNI,300.0,CA,0.0,0.0,0.0,52.5,73.6,0.0,0.0,0.0
2006-05-26,2006-07-27,OPTSTK,PATNI,310.0,CA,0.0,0.0,0.0,54.6,66.9,0.0,0.0,0.0
2006-05-26,2006-07-27,OPTSTK,PATNI,320.0,CA,0.0,0.0,0.0,55.15,60.55,0.0,0.0,0.0
2006-05-26,2006-07-27,OPTSTK,PATNI,330.0,CA,0.0,0.0,0.0,49.3,54.7,0.0,0.0,0.0
2006-05-26,2006-07-27,OPTSTK,PATNI,340.0,CA,0.0,0.0,0.0,53.1,49.2,0.0,0.0,0.0
2006-05-26,2006-07-27,OPTSTK,PATNI,350.0,CA,0.0,0.0,0.0,53.55,44.2,0.0,0.0,0.0
2006-05-26,2006-07-27,OPTSTK,PATNI,360.0,CA,0.0,0.0,0.0,48.0,39.55,0.0,0.0,0.0
2006-05-26,2006-07-27,OPTSTK,PATNI,370.0,CA,0.0,0.0,0.0,52.55,35.3,0.0,0.0,0.0
2006-05-26,2006-07-27,OPTSTK,PATNI,380.0,CA,0.0,0.0,0.0,46.85,31.45,0.0,0.0,0.0
2006-05-26,2006-07-27,OPTSTK,PATNI,390.0,CA,0.0,0.0,0.0,41.65,27.95,0.0,0.0,0.0
2006-05-26,2006-07-27,OPTSTK,PATNI,400.0,CA,0.0,0.0,0.0,36.85,24.8,0.0,0.0,0.0
2006-05-26,2006-07-27,OPTSTK,PATNI,410.0,CA,0.0,0.0,0.0,32.5,21.9,0.0,0.0,0.0
2006-05-26,2006-07-27,OPTSTK,PATNI,420.0,CA,0.0,0.0,0.0,28.55,19.4,0.0,0.0,0.0
2006-05-26,2006-07-27,OPTSTK,PATNI,430.0,CA,0.0,0.0,0.0,25.0,17.1,0.0,0.0,0.0
2006-05-26,2006-07-27,OPTSTK,PATNI,300.0,PA,0.0,0.0,0.0,15.95,13.55,0.0,0.0,0.0
2006-05-26,2006-07-27,OPTSTK,PATNI,310.0,PA,0.0,0.0,0.0,17.15,16.7,0.0,0.0,0.0
2006-05-26,2006-07-27,OPTSTK,PATNI,320.0,PA,0.0,0.0,0.0,19.1,20.25,0.0,0.0,0.0
2006-05-26,2006-07-27,OPTSTK,PATNI,330.0,PA,0.0,0.0,0.0,23.1,24.25,0.0,0.0,0.0
2006-05-26,2006-07-27,OPTSTK,PATNI,340.0,PA,0.0,0.0,0.0,20.65,28.7,0.0,0.0,0.0
2006-05-26,2006-07-27,OPTSTK,PATNI,350.0,PA,0.0,0.0,0.0,22.55,33.5,0.0,0.0,0.0
2006-05-26,2006-07-27,OPTSTK,PATNI,360.0,PA,0.0,0.0,0.0,26.85,38.8,0.0,0.0,0.0
2006-05-26,2006-07-27,OPTSTK,PATNI,370.0,PA,0.0,0.0,0.0,20.8,44.45,0.0,0.0,0.0
2006-05-26,2006-07-27,OPTSTK,PATNI,380.0,PA,0.0,0.0,0.0,24.95,50.45,0.0,0.0,0.0
2006-05-26,2006-07-27,OPTSTK,PATNI,390.0,PA,0.0,0.0,0.0,29.6,56.85,0.0,0.0,0.0
2006-05-26,2006-07-27,OPTSTK,PATNI,400.0,PA,0.0,0.0,0.0,34.6,63.55,0.0,0.0,0.0
2006-05-26,2006-07-27,OPTSTK,PATNI,410.0,PA,0.0,0.0,0.0,40.1,70.6,0.0,0.0,0.0
2006-05-26,2006-07-27,OPTSTK,PATNI,420.0,PA,0.0,0.0,0.0,46.0,77.9,0.0,0.0,0.0
2006-05-26,2006-07-27,OPTSTK,PATNI,430.0,PA,0.0,0.0,0.0,52.25,85.5,0.0,0.0,0.0
2006-05-26,2006-08-31,OPTSTK,PATNI,310.0,CA,0.0,0.0,0.0,58.3,76.05,0.0,0.0,0.0
2006-05-26,2006-08-31,OPTSTK,PATNI,320.0,CA,0.0,0.0,0.0,53.05,70.25,0.0,0.0,0.0
2006-05-26,2006-08-31,OPTSTK,PATNI,330.0,CA,0.0,0.0,0.0,48.2,64.75,0.0,0.0,0.0
2006-05-26,2006-08-31,OPTSTK,PATNI,340.0,CA,0.0,0.0,0.0,43.7,59.6,0.0,0.0,0.0
2006-05-26,2006-08-31,OPTSTK,PATNI,350.0,CA,0.0,0.0,0.0,39.5,54.8,0.0,0.0,0.0
2006-05-26,2006-08-31,OPTSTK,PATNI,360.0,CA,0.0,0.0,0.0,35.7,50.3,0.0,0.0,0.0
2006-05-26,2006-08-31,OPTSTK,PATNI,370.0,CA,0.0,0.0,0.0,32.2,46.1,0.0,0.0,0.0
2006-05-26,2006-08-31,OPTSTK,PATNI,380.0,CA,0.0,0.0,0.0,0.0,0.0,0.0,0.0,0.0
2006-05-26,2006-08-31,OPTSTK,PATNI,390.0,CA,0.0,0.0,0.0,0.0,0.0,0.0,0.0,0.0
2006-05-26,2006-08-31,OPTSTK,PATNI,310.0,PA,0.0,0.0,0.0,27.45,23.9,0.0,0.0,0.0
2006-05-26,2006-08-31,OPTSTK,PATNI,320.0,PA,0.0,0.0,0.0,32.0,27.85,0.0,0.0,0.0
2006-05-26,2006-08-31,OPTSTK,PATNI,330.0,PA,0.0,0.0,0.0,36.95,32.2,0.0,0.0,0.0
2006-05-26,2006-08-31,OPTSTK,PATNI,340.0,PA,0.0,0.0,0.0,42.25,36.9,0.0,0.0,0.0
2006-05-26,2006-08-31,OPTSTK,PATNI,350.0,PA,0.0,0.0,0.0,47.9,41.9,0.0,0.0,0.0
2006-05-26,2006-08-31,OPTSTK,PATNI,360.0,PA,0.0,0.0,0.0,53.9,47.2,0.0,0.0,0.0
2006-05-26,2006-08-31,OPTSTK,PATNI,370.0,PA,0.0,0.0,0.0,60.2,52.85,0.0,0.0,0.0
2006-05-26,2006-08-31,OPTSTK,PATNI,380.0,PA,0.0,0.0,0.0,0.0,0.0,0.0,0.0,0.0
2006-05-26,2006-08-31,OPTSTK,PATNI,390.0,PA,0.0,0.0,0.0,0.0,0.0,0.0,0.0,0.0
2006-05-26,2006-06-29,OPTSTK,PNB,380.0,CA,0.0,0.0,0.0,53.5,60.35,0.0,0.0,0.0
2006-05-26,2006-06-29,OPTSTK,PNB,390.0,CA,0.0,0.0,0.0,42.55,53.25,0.0,0.0,0.0
2006-05-26,2006-06-29,OPTSTK,PNB,400.0,CA,0.0,0.0,0.0,35.15,46.65,0.0,0.0,0.0
2006-05-26,2006-06-29,OPTSTK,PNB,410.0,CA,0.0,0.0,0.0,43.4,40.65,0.0,0.0,0.0
2006-05-26,2006-06-29,OPTSTK,PNB,420.0,CA,0.0,0.0,0.0,49.0,35.15,0.0,0.0,0.0
2006-05-26,2006-06-29,OPTSTK,PNB,430.0,CA,0.0,0.0,0.0,46.3,30.2,0.0,0.0,0.0
2006-05-26,2006-06-29,OPTSTK,PNB,440.0,CA,13.05,13.55,13.05,13.25,13.25,3.0,8.15,2400.0
2006-05-26,2006-06-29,OPTSTK,PNB,450.0,CA,16.0,16.0,12.0,12.0,12.0,7.0,19.46,4200.0
2006-05-26,2006-06-29,OPTSTK,PNB,460.0,CA,9.05,9.1,9.05,9.1,9.1,2.0,5.62,1200.0
2006-05-26,2006-06-29,OPTSTK,PNB,470.0,CA,0.0,0.0,0.0,36.5,15.45,0.0,0.0,0.0
2006-05-26,2006-06-29,OPTSTK,PNB,480.0,CA,0.0,0.0,0.0,31.25,12.9,0.0,0.0,0.0
2006-05-26,2006-06-29,OPTSTK,PNB,490.0,CA,0.0,0.0,0.0,26.5,10.7,0.0,0.0,0.0
2006-05-26,2006-06-29,OPTSTK,PNB,500.0,CA,0.0,0.0,0.0,22.35,8.8,0.0,0.0,0.0
2006-05-26,2006-06-29,OPTSTK,PNB,510.0,CA,0.0,0.0,0.0,18.7,7.25,0.0,0.0,0.0
2006-05-26,2006-06-29,OPTSTK,PNB,520.0,CA,0.0,0.0,0.0,16.9,5.9,0.0,0.0,0.0
2006-05-26,2006-06-29,OPTSTK,PNB,380.0,PA,0.0,0.0,0.0,17.3,9.65,0.0,0.0,0.0
2006-05-26,2006-06-29,OPTSTK,PNB,390.0,PA,0.0,0.0,0.0,4.9,12.5,0.0,0.0,0.0
2006-05-26,2006-06-29,OPTSTK,PNB,400.0,PA,0.0,0.0,0.0,7.4,15.85,0.0,0.0,0.0
2006-05-26,2006-06-29,OPTSTK,PNB,410.0,PA,0.0,0.0,0.0,8.65,19.75,0.0,0.0,0.0
2006-05-26,2006-06-29,OPTSTK,PNB,420.0,PA,0.0,0.0,0.0,7.6,24.2,0.0,0.0,0.0
2006-05-26,2006-06-29,OPTSTK,PNB,430.0,PA,0.0,0.0,0.0,9.75,29.2,0.0,0.0,0.0
2006-05-26,2006-06-29,OPTSTK,PNB,440.0,PA,0.0,0.0,0.0,10.9,34.75,0.0,0.0,0.0
2006-05-26,2006-06-29,OPTSTK,PNB,450.0,PA,0.0,0.0,0.0,12.55,40.75,0.0,0.0,0.0
2006-05-26,2006-06-29,OPTSTK,PNB,460.0,PA,0.0,0.0,0.0,16.0,47.25,0.0,0.0,0.0
2006-05-26,2006-06-29,OPTSTK,PNB,470.0,PA,0.0,0.0,0.0,19.95,54.2,0.0,0.0,0.0
2006-05-26,2006-06-29,OPTSTK,PNB,480.0,PA,0.0,0.0,0.0,24.45,61.6,0.0,0.0,0.0
2006-05-26,2006-06-29,OPTSTK,PNB,490.0,PA,0.0,0.0,0.0,29.55,69.3,0.0,0.0,0.0
2006-05-26,2006-06-29,OPTSTK,PNB,500.0,PA,0.0,0.0,0.0,35.15,77.35,0.0,0.0,0.0
2006-05-26,2006-06-29,OPTSTK,PNB,510.0,PA,0.0,0.0,0.0,41.3,85.7,0.0,0.0,0.0
2006-05-26,2006-06-29,OPTSTK,PNB,520.0,PA,0.0,0.0,0.0,45.05,94.35,0.0,0.0,0.0
2006-05-26,2006-07-27,OPTSTK,PNB,380.0,CA,0.0,0.0,0.0,64.05,69.65,0.0,0.0,0.0
2006-05-26,2006-07-27,OPTSTK,PNB,390.0,CA,0.0,0.0,0.0,45.85,63.25,0.0,0.0,0.0
2006-05-26,2006-07-27,OPTSTK,PNB,400.0,CA,0.0,0.0,0.0,39.15,57.2,0.0,0.0,0.0
2006-05-26,2006-07-27,OPTSTK,PNB,410.0,CA,0.0,0.0,0.0,33.1,51.6,0.0,0.0,0.0
2006-05-26,2006-07-27,OPTSTK,PNB,420.0,CA,0.0,0.0,0.0,27.65,46.4,0.0,0.0,0.0
2006-05-26,2006-07-27,OPTSTK,PNB,430.0,CA,0.0,0.0,0.0,22.9,41.6,0.0,0.0,0.0
2006-05-26,2006-07-27,OPTSTK,PNB,440.0,CA,0.0,0.0,0.0,18.75,37.2,0.0,0.0,0.0
2006-05-26,2006-07-27,OPTSTK,PNB,450.0,CA,0.0,0.0,0.0,15.15,33.15,0.0,0.0,0.0
2006-05-26,2006-07-27,OPTSTK,PNB,460.0,CA,0.0,0.0,0.0,18.85,29.45,0.0,0.0,0.0
2006-05-26,2006-07-27,OPTSTK,PNB,470.0,CA,0.0,0.0,0.0,25.8,26.1,0.0,0.0,0.0
2006-05-26,2006-07-27,OPTSTK,PNB,480.0,CA,0.0,0.0,0.0,22.05,23.1,0.0,0.0,0.0
2006-05-26,2006-07-27,OPTSTK,PNB,490.0,CA,0.0,0.0,0.0,30.85,20.4,0.0,0.0,0.0
2006-05-26,2006-07-27,OPTSTK,PNB,500.0,CA,0.0,0.0,0.0,27.0,17.95,0.0,0.0,0.0
2006-05-26,2006-07-27,OPTSTK,PNB,510.0,CA,0.0,0.0,0.0,28.3,15.8,0.0,0.0,0.0
2006-05-26,2006-07-27,OPTSTK,PNB,520.0,CA,0.0,0.0,0.0,24.6,13.85,0.0,0.0,0.0
2006-05-26,2006-07-27,OPTSTK,PNB,380.0,PA,0.0,0.0,0.0,25.9,17.0,0.0,0.0,0.0
2006-05-26,2006-07-27,OPTSTK,PNB,390.0,PA,0.0,0.0,0.0,9.25,20.45,0.0,0.0,0.0
2006-05-26,2006-07-27,OPTSTK,PNB,400.0,PA,0.0,0.0,0.0,12.35,24.35,0.0,0.0,0.0
2006-05-26,2006-07-27,OPTSTK,PNB,410.0,PA,0.0,0.0,0.0,16.1,28.6,0.0,0.0,0.0
2006-05-26,2006-07-27,OPTSTK,PNB,420.0,PA,0.0,0.0,0.0,20.5,33.3,0.0,0.0,0.0
2006-05-26,2006-07-27,OPTSTK,PNB,430.0,PA,0.0,0.0,0.0,25.55,38.35,0.0,0.0,0.0
2006-05-26,2006-07-27,OPTSTK,PNB,440.0,PA,0.0,0.0,0.0,31.25,43.85,0.0,0.0,0.0
2006-05-26,2006-07-27,OPTSTK,PNB,450.0,PA,0.0,0.0,0.0,37.55,49.7,0.0,0.0,0.0
2006-05-26,2006-07-27,OPTSTK,PNB,460.0,PA,0.0,0.0,0.0,38.3,55.9,0.0,0.0,0.0
2006-05-26,2006-07-27,OPTSTK,PNB,470.0,PA,0.0,0.0,0.0,38.0,62.45,0.0,0.0,0.0
2006-05-26,2006-07-27,OPTSTK,PNB,480.0,PA,0.0,0.0,0.0,44.05,69.3,0.0,0.0,0.0
2006-05-26,2006-07-27,OPTSTK,PNB,490.0,PA,0.0,0.0,0.0,43.05,76.45,0.0,0.0,0.0
2006-05-26,2006-07-27,OPTSTK,PNB,500.0,PA,0.0,0.0,0.0,49.05,83.95,0.0,0.0,0.0
2006-05-26,2006-07-27,OPTSTK,PNB,510.0,PA,0.0,0.0,0.0,43.85,91.65,0.0,0.0,0.0
2006-05-26,2006-07-27,OPTSTK,PNB,520.0,PA,0.0,0.0,0.0,50.0,99.6,0.0,0.0,0.0
2006-05-26,2006-08-31,OPTSTK,PNB,400.0,CA,0.0,0.0,0.0,70.75,67.8,0.0,0.0,0.0
2006-05-26,2006-08-31,OPTSTK,PNB,410.0,CA,0.0,0.0,0.0,65.4,62.5,0.0,0.0,0.0
2006-05-26,2006-08-31,OPTSTK,PNB,420.0,CA,0.0,0.0,0.0,60.4,57.5,0.0,0.0,0.0
2006-05-26,2006-08-31,OPTSTK,PNB,430.0,CA,0.0,0.0,0.0,55.7,52.8,0.0,0.0,0.0
2006-05-26,2006-08-31,OPTSTK,PNB,440.0,CA,0.0,0.0,0.0,51.3,48.45,0.0,0.0,0.0
2006-05-26,2006-08-31,OPTSTK,PNB,450.0,CA,0.0,0.0,0.0,47.2,44.35,0.0,0.0,0.0
2006-05-26,2006-08-31,OPTSTK,PNB,460.0,CA,0.0,0.0,0.0,43.35,40.6,0.0,0.0,0.0
2006-05-26,2006-08-31,OPTSTK,PNB,400.0,PA,0.0,0.0,0.0,33.35,32.35,0.0,0.0,0.0
2006-05-26,2006-08-31,OPTSTK,PNB,410.0,PA,0.0,0.0,0.0,37.85,36.85,0.0,0.0,0.0
2006-05-26,2006-08-31,OPTSTK,PNB,420.0,PA,0.0,0.0,0.0,42.65,41.7,0.0,0.0,0.0
2006-05-26,2006-08-31,OPTSTK,PNB,430.0,PA,0.0,0.0,0.0,47.8,46.85,0.0,0.0,0.0
2006-05-26,2006-08-31,OPTSTK,PNB,440.0,PA,0.0,0.0,0.0,53.2,52.3,0.0,0.0,0.0
2006-05-26,2006-08-31,OPTSTK,PNB,450.0,PA,0.0,0.0,0.0,58.9,58.05,0.0,0.0,0.0
2006-05-26,2006-08-31,OPTSTK,PNB,460.0,PA,0.0,0.0,0.0,64.85,64.05,0.0,0.0,0.0
2006-05-26,2006-06-29,OPTSTK,POLARIS,70.0,CA,0.0,0.0,0.0,16.0,21.3,0.0,0.0,0.0
2006-05-26,2006-06-29,OPTSTK,POLARIS,75.0,CA,0.0,0.0,0.0,12.35,17.65,0.0,0.0,0.0
2006-05-26,2006-06-29,OPTSTK,POLARIS,80.0,CA,0.0,0.0,0.0,19.3,14.35,0.0,0.0,0.0
2006-05-26,2006-06-29,OPTSTK,POLARIS,85.0,CA,9.5,9.5,9.5,9.5,9.5,1.0,2.64,2800.0
2006-05-26,2006-06-29,OPTSTK,POLARIS,90.0,CA,7.4,8.0,6.3,6.7,6.7,12.0,32.74,25200.0
2006-05-26,2006-06-29,OPTSTK,POLARIS,95.0,CA,5.25,5.25,5.0,5.0,5.0,2.0,5.6,5600.0
2006-05-26,2006-06-29,OPTSTK,POLARIS,100.0,CA,3.75,4.35,3.7,3.8,3.8,11.0,31.98,36400.0
2006-05-26,2006-06-29,OPTSTK,POLARIS,105.0,CA,0.0,0.0,0.0,16.25,4.3,0.0,0.0,0.0
2006-05-26,2006-06-29,OPTSTK,POLARIS,110.0,CA,2.5,2.5,2.45,2.45,2.45,2.0,6.29,5600.0
2006-05-26,2006-06-29,OPTSTK,POLARIS,115.0,CA,0.0,0.0,0.0,10.5,2.5,0.0,0.0,0.0
2006-05-26,2006-06-29,OPTSTK,POLARIS,120.0,CA,2.0,2.0,1.8,1.8,1.8,6.0,20.49,19600.0
2006-05-26,2006-06-29,OPTSTK,POLARIS,125.0,CA,0.0,0.0,0.0,6.45,1.4,0.0,0.0,0.0
2006-05-26,2006-06-29,OPTSTK,POLARIS,130.0,CA,0.0,0.0,0.0,4.95,1.05,0.0,0.0,0.0
2006-05-26,2006-06-29,OPTSTK,POLARIS,135.0,CA,0.0,0.0,0.0,6.55,0.8,0.0,0.0,0.0
2006-05-26,2006-06-29,OPTSTK,POLARIS,140.0,CA,0.0,0.0,0.0,5.25,0.6,0.0,0.0,0.0
2006-05-26,2006-06-29,OPTSTK,POLARIS,70.0,PA,0.0,0.0,0.0,1.65,2.05,0.0,0.0,0.0
2006-05-26,2006-06-29,OPTSTK,POLARIS,75.0,PA,0.0,0.0,0.0,3.0,3.3,0.0,0.0,0.0
2006-05-26,2006-06-29,OPTSTK,POLARIS,80.0,PA,0.0,0.0,0.0,1.9,5.0,0.0,0.0,0.0
2006-05-26,2006-06-29,OPTSTK,POLARIS,85.0,PA,3.95,4.0,3.95,4.0,4.0,2.0,4.98,2800.0
2006-05-26,2006-06-29,OPTSTK,POLARIS,90.0,PA,7.0,7.0,6.3,6.45,6.45,3.0,8.11,8400.0
2006-05-26,2006-06-29,OPTSTK,POLARIS,95.0,PA,0.0,0.0,0.0,2.25,12.75,0.0,0.0,0.0
2006-05-26,2006-06-29,OPTSTK,POLARIS,100.0,PA,0.0,0.0,0.0,2.7,16.1,0.0,0.0,0.0
2006-05-26,2006-06-29,OPTSTK,POLARIS,105.0,PA,0.0,0.0,0.0,4.1,19.8,0.0,0.0,0.0
2006-05-26,2006-06-29,OPTSTK,POLARIS,110.0,PA,0.0,0.0,0.0,5.95,23.75,0.0,0.0,0.0
2006-05-26,2006-06-29,OPTSTK,POLARIS,115.0,PA,0.0,0.0,0.0,8.2,27.9,0.0,0.0,0.0
2006-05-26,2006-06-29,OPTSTK,POLARIS,120.0,PA,0.0,0.0,0.0,10.85,32.25,0.0,0.0,0.0
2006-05-26,2006-06-29,OPTSTK,POLARIS,125.0,PA,0.0,0.0,0.0,13.85,36.75,0.0,0.0,0.0
2006-05-26,2006-06-29,OPTSTK,POLARIS,130.0,PA,0.0,0.0,0.0,17.25,41.35,0.0,0.0,0.0
2006-05-26,2006-06-29,OPTSTK,POLARIS,135.0,PA,0.0,0.0,0.0,16.75,46.1,0.0,0.0,0.0
2006-05-26,2006-06-29,OPTSTK,POLARIS,140.0,PA,0.0,0.0,0.0,19.25,50.85,0.0,0.0,0.0
2006-05-26,2006-07-27,OPTSTK,POLARIS,70.0,CA,0.0,0.0,0.0,17.75,23.7,0.0,0.0,0.0
2006-05-26,2006-07-27,OPTSTK,POLARIS,75.0,CA,0.0,0.0,0.0,14.45,20.4,0.0,0.0,0.0
2006-05-26,2006-07-27,OPTSTK,POLARIS,80.0,CA,0.0,0.0,0.0,21.25,17.5,0.0,0.0,0.0
2006-05-26,2006-07-27,OPTSTK,POLARIS,85.0,CA,0.0,0.0,0.0,21.6,14.9,0.0,0.0,0.0
2006-05-26,2006-07-27,OPTSTK,POLARIS,90.0,CA,0.0,0.0,0.0,18.2,12.6,0.0,0.0,0.0
2006-05-26,2006-07-27,OPTSTK,POLARIS,95.0,CA,0.0,0.0,0.0,18.05,10.65,0.0,0.0,0.0
2006-05-26,2006-07-27,OPTSTK,POLARIS,100.0,CA,0.0,0.0,0.0,14.7,8.95,0.0,0.0,0.0
2006-05-26,2006-07-27,OPTSTK,POLARIS,105.0,CA,0.0,0.0,0.0,11.85,7.5,0.0,0.0,0.0
2006-05-26,2006-07-27,OPTSTK,POLARIS,110.0,CA,0.0,0.0,0.0,9.35,6.3,0.0,0.0,0.0
2006-05-26,2006-07-27,OPTSTK,POLARIS,115.0,CA,0.0,0.0,0.0,7.3,5.25,0.0,0.0,0.0
2006-05-26,2006-07-27,OPTSTK,POLARIS,120.0,CA,0.0,0.0,0.0,5.65,4.35,0.0,0.0,0.0
2006-05-26,2006-07-27,OPTSTK,POLARIS,125.0,CA,0.0,0.0,0.0,4.3,3.65,0.0,0.0,0.0
2006-05-26,2006-07-27,OPTSTK,POLARIS,130.0,CA,0.0,0.0,0.0,4.85,3.0,0.0,0.0,0.0
2006-05-26,2006-07-27,OPTSTK,POLARIS,135.0,CA,0.0,0.0,0.0,3.55,2.5,0.0,0.0,0.0
2006-05-26,2006-07-27,OPTSTK,POLARIS,70.0,PA,0.0,0.0,0.0,3.05,4.05,0.0,0.0,0.0
2006-05-26,2006-07-27,OPTSTK,POLARIS,75.0,PA,0.0,0.0,0.0,4.7,5.7,0.0,0.0,0.0
2006-05-26,2006-07-27,OPTSTK,POLARIS,80.0,PA,0.0,0.0,0.0,3.45,7.7,0.0,0.0,0.0
2006-05-26,2006-07-27,OPTSTK,POLARIS,85.0,PA,0.0,0.0,0.0,3.55,10.05,0.0,0.0,0.0
2006-05-26,2006-07-27,OPTSTK,POLARIS,90.0,PA,0.0,0.0,0.0,5.1,12.75,0.0,0.0,0.0
2006-05-26,2006-07-27,OPTSTK,POLARIS,95.0,PA,0.0,0.0,0.0,3.2,15.7,0.0,0.0,0.0
2006-05-26,2006-07-27,OPTSTK,POLARIS,100.0,PA,0.0,0.0,0.0,4.8,18.95,0.0,0.0,0.0
2006-05-26,2006-07-27,OPTSTK,POLARIS,105.0,PA,0.0,0.0,0.0,6.85,22.45,0.0,0.0,0.0
2006-05-26,2006-07-27,OPTSTK,POLARIS,110.0,PA,0.0,0.0,0.0,9.3,26.2,0.0,0.0,0.0
2006-05-26,2006-07-27,OPTSTK,POLARIS,115.0,PA,0.0,0.0,0.0,12.15,30.1,0.0,0.0,0.0
2006-05-26,2006-07-27,OPTSTK,POLARIS,120.0,PA,0.0,0.0,0.0,15.4,34.15,0.0,0.0,0.0
2006-05-26,2006-07-27,OPTSTK,POLARIS,125.0,PA,0.0,0.0,0.0,18.95,38.35,0.0,0.0,0.0
2006-05-26,2006-07-27,OPTSTK,POLARIS,130.0,PA,0.0,0.0,0.0,18.3,42.7,0.0,0.0,0.0
2006-05-26,2006-07-27,OPTSTK,POLARIS,135.0,PA,0.0,0.0,0.0,17.45,47.1,0.0,0.0,0.0
2006-05-26,2006-08-31,OPTSTK,POLARIS,70.0,CA,0.0,0.0,0.0,22.35,26.25,0.0,0.0,0.0
2006-05-26,2006-08-31,OPTSTK,POLARIS,75.0,CA,0.0,0.0,0.0,19.6,23.25,0.0,0.0,0.0
2006-05-26,2006-08-31,OPTSTK,POLARIS,80.0,CA,0.0,0.0,0.0,17.15,20.55,0.0,0.0,0.0
2006-05-26,2006-08-31,OPTSTK,POLARIS,85.0,CA,0.0,0.0,0.0,14.95,18.15,0.0,0.0,0.0
2006-05-26,2006-08-31,OPTSTK,POLARIS,90.0,CA,0.0,0.0,0.0,13.0,16.0,0.0,0.0,0.0
2006-05-26,2006-08-31,OPTSTK,POLARIS,95.0,CA,0.0,0.0,0.0,11.35,14.05,0.0,0.0,0.0
2006-05-26,2006-08-31,OPTSTK,POLARIS,100.0,CA,0.0,0.0,0.0,9.85,12.35,0.0,0.0,0.0
2006-05-26,2006-08-31,OPTSTK,POLARIS,105.0,CA,0.0,0.0,0.0,0.0,0.0,0.0,0.0,0.0
2006-05-26,2006-08-31,OPTSTK,POLARIS,70.0,PA,0.0,0.0,0.0,7.1,6.15,0.0,0.0,0.0
2006-05-26,2006-08-31,OPTSTK,POLARIS,75.0,PA,0.0,0.0,0.0,9.25,8.05,0.0,0.0,0.0
2006-05-26,2006-08-31,OPTSTK,POLARIS,80.0,PA,0.0,0.0,0.0,11.7,10.3,0.0,0.0,0.0
2006-05-26,2006-08-31,OPTSTK,POLARIS,85.0,PA,0.0,0.0,0.0,14.45,12.8,0.0,0.0,0.0
2006-05-26,2006-08-31,OPTSTK,POLARIS,90.0,PA,0.0,0.0,0.0,17.45,15.55,0.0,0.0,0.0
2006-05-26,2006-08-31,OPTSTK,POLARIS,95.0,PA,0.0,0.0,0.0,20.65,18.5,0.0,0.0,0.0
2006-05-26,2006-08-31,OPTSTK,POLARIS,100.0,PA,0.0,0.0,0.0,24.05,21.7,0.0,0.0,0.0
2006-05-26,2006-08-31,OPTSTK,POLARIS,105.0,PA,0.0,0.0,0.0,0.0,0.0,0.0,0.0,0.0
2006-05-26,2006-06-29,OPTSTK,PUNJLLOYD,760.0,CA,0.0,0.0,0.0,117.4,243.5,0.0,0.0,0.0
2006-05-26,2006-06-29,OPTSTK,PUNJLLOYD,780.0,CA,0.0,0.0,0.0,106.3,230.9,0.0,0.0,0.0
2006-05-26,2006-06-29,OPTSTK,PUNJLLOYD,800.0,CA,0.0,0.0,0.0,96.0,218.75,0.0,0.0,0.0
2006-05-26,2006-06-29,OPTSTK,PUNJLLOYD,820.0,CA,0.0,0.0,0.0,86.45,207.1,0.0,0.0,0.0
2006-05-26,2006-06-29,OPTSTK,PUNJLLOYD,840.0,CA,0.0,0.0,0.0,77.65,196.0,0.0,0.0,0.0
2006-05-26,2006-06-29,OPTSTK,PUNJLLOYD,860.0,CA,0.0,0.0,0.0,69.6,185.35,0.0,0.0,0.0
2006-05-26,2006-06-29,OPTSTK,PUNJLLOYD,880.0,CA,0.0,0.0,0.0,62.2,175.2,0.0,0.0,0.0
2006-05-26,2006-06-29,OPTSTK,PUNJLLOYD,900.0,CA,0.0,0.0,0.0,142.95,165.5,0.0,0.0,0.0
2006-05-26,2006-06-29,OPTSTK,PUNJLLOYD,920.0,CA,0.0,0.0,0.0,118.4,156.25,0.0,0.0,0.0
2006-05-26,2006-06-29,OPTSTK,PUNJLLOYD,930.0,CA,0.0,0.0,0.0,122.3,151.8,0.0,0.0,0.0
2006-05-26,2006-06-29,OPTSTK,PUNJLLOYD,940.0,CA,0.0,0.0,0.0,106.2,147.5,0.0,0.0,0.0
2006-05-26,2006-06-29,OPTSTK,PUNJLLOYD,960.0,CA,0.0,0.0,0.0,131.2,139.1,0.0,0.0,0.0
2006-05-26,2006-06-29,OPTSTK,PUNJLLOYD,980.0,CA,0.0,0.0,0.0,84.35,131.15,0.0,0.0,0.0
2006-05-26,2006-06-29,OPTSTK,PUNJLLOYD,990.0,CA,0.0,0.0,0.0,110.8,127.35,0.0,0.0,0.0
2006-05-26,2006-06-29,OPTSTK,PUNJLLOYD,1000.0,CA,0.0,0.0,0.0,74.7,123.65,0.0,0.0,0.0
2006-05-26,2006-06-29,OPTSTK,PUNJLLOYD,1020.0,CA,30.0,30.0,30.0,30.0,30.0,1.0,3.15,300.0
2006-05-26,2006-06-29,OPTSTK,PUNJLLOYD,1040.0,CA,0.0,0.0,0.0,57.9,109.7,0.0,0.0,0.0
2006-05-26,2006-06-29,OPTSTK,PUNJLLOYD,1050.0,CA,0.0,0.0,0.0,76.25,106.45,0.0,0.0,0.0
2006-05-26,2006-06-29,OPTSTK,PUNJLLOYD,1060.0,CA,0.0,0.0,0.0,48.55,103.25,0.0,0.0,0.0
2006-05-26,2006-06-29,OPTSTK,PUNJLLOYD,1080.0,CA,0.0,0.0,0.0,62.15,97.2,0.0,0.0,0.0
2006-05-26,2006-06-29,OPTSTK,PUNJLLOYD,1110.0,CA,0.0,0.0,0.0,50.05,88.7,0.0,0.0,0.0
2006-05-26,2006-06-29,OPTSTK,PUNJLLOYD,1140.0,CA,0.0,0.0,0.0,39.85,80.9,0.0,0.0,0.0
2006-05-26,2006-06-29,OPTSTK,PUNJLLOYD,1170.0,CA,0.0,0.0,0.0,50.45,73.75,0.0,0.0,0.0
2006-05-26,2006-06-29,OPTSTK,PUNJLLOYD,1200.0,CA,0.0,0.0,0.0,36.0,67.2,0.0,0.0,300.0
2006-05-26,2006-06-29,OPTSTK,PUNJLLOYD,1230.0,CA,0.0,0.0,0.0,57.4,61.25,0.0,0.0,0.0
2006-05-26,2006-06-29,OPTSTK,PUNJLLOYD,1260.0,CA,0.0,0.0,0.0,65.75,55.75,0.0,0.0,0.0
2006-05-26,2006-06-29,OPTSTK,PUNJLLOYD,1290.0,CA,0.0,0.0,0.0,59.3,50.75,0.0,0.0,0.0
2006-05-26,2006-06-29,OPTSTK,PUNJLLOYD,760.0,PA,0.0,0.0,0.0,51.5,57.1,0.0,0.0,0.0
2006-05-26,2006-06-29,OPTSTK,PUNJLLOYD,780.0,PA,0.0,0.0,0.0,60.25,64.35,0.0,0.0,0.0
2006-05-26,2006-06-29,OPTSTK,PUNJLLOYD,800.0,PA,0.0,0.0,0.0,69.8,72.1,0.0,0.0,0.0
2006-05-26,2006-06-29,OPTSTK,PUNJLLOYD,820.0,PA,0.0,0.0,0.0,80.1,80.35,0.0,0.0,0.0
2006-05-26,2006-06-29,OPTSTK,PUNJLLOYD,840.0,PA,0.0,0.0,0.0,91.2,89.1,0.0,0.0,0.0
2006-05-26,2006-06-29,OPTSTK,PUNJLLOYD,860.0,PA,0.0,0.0,0.0,102.95,98.35,0.0,0.0,0.0
2006-05-26,2006-06-29,OPTSTK,PUNJLLOYD,880.0,PA,0.0,0.0,0.0,115.45,108.05,0.0,0.0,0.0
2006-05-26,2006-06-29,OPTSTK,PUNJLLOYD,900.0,PA,0.0,0.0,0.0,24.3,118.25,0.0,0.0,0.0
2006-05-26,2006-06-29,OPTSTK,PUNJLLOYD,920.0,PA,0.0,0.0,0.0,37.4,128.9,0.0,0.0,0.0
2006-05-26,2006-06-29,OPTSTK,PUNJLLOYD,930.0,PA,0.0,0.0,0.0,33.2,134.35,0.0,0.0,0.0
2006-05-26,2006-06-29,OPTSTK,PUNJLLOYD,940.0,PA,0.0,0.0,0.0,44.9,139.95,0.0,0.0,0.0
2006-05-26,2006-06-29,OPTSTK,PUNJLLOYD,960.0,PA,0.0,0.0,0.0,23.25,151.45,0.0,0.0,0.0
2006-05-26,2006-06-29,OPTSTK,PUNJLLOYD,980.0,PA,0.0,0.0,0.0,62.5,163.4,0.0,0.0,0.0
2006-05-26,2006-06-29,OPTSTK,PUNJLLOYD,990.0,PA,0.0,0.0,0.0,32.2,169.5,0.0,0.0,0.0
2006-05-26,2006-06-29,OPTSTK,PUNJLLOYD,1000.0,PA,0.0,0.0,0.0,72.6,175.75,0.0,0.0,0.0
2006-05-26,2006-06-29,OPTSTK,PUNJLLOYD,1020.0,PA,0.0,0.0,0.0,43.25,188.45,0.0,0.0,0.0
2006-05-26,2006-06-29,OPTSTK,PUNJLLOYD,1040.0,PA,0.0,0.0,0.0,95.25,201.55,0.0,0.0,0.0
2006-05-26,2006-06-29,OPTSTK,PUNJLLOYD,1050.0,PA,0.0,0.0,0.0,56.4,208.2,0.0,0.0,0.0
2006-05-26,2006-06-29,OPTSTK,PUNJLLOYD,1060.0,PA,0.0,0.0,0.0,100.5,215.0,0.0,0.0,0.0
2006-05-26,2006-06-29,OPTSTK,PUNJLLOYD,1080.0,PA,0.0,0.0,0.0,71.65,228.8,0.0,0.0,0.0
2006-05-26,2006-06-29,OPTSTK,PUNJLLOYD,1110.0,PA,0.0,0.0,0.0,88.9,250.1,0.0,0.0,0.0
2006-05-26,2006-06-29,OPTSTK,PUNJLLOYD,1140.0,PA,0.0,0.0,0.0,108.1,272.15,0.0,0.0,0.0
2006-05-26,2006-06-29,OPTSTK,PUNJLLOYD,1170.0,PA,0.0,0.0,0.0,111.5,294.8,0.0,0.0,0.0
2006-05-26,2006-06-29,OPTSTK,PUNJLLOYD,1200.0,PA,0.0,0.0,0.0,111.85,318.05,0.0,0.0,0.0
2006-05-26,2006-06-29,OPTSTK,PUNJLLOYD,1230.0,PA,0.0,0.0,0.0,130.7,341.9,0.0,0.0,0.0
2006-05-26,2006-06-29,OPTSTK,PUNJLLOYD,1260.0,PA,0.0,0.0,0.0,145.85,366.2,0.0,0.0,0.0
2006-05-26,2006-06-29,OPTSTK,PUNJLLOYD,1290.0,PA,0.0,0.0,0.0,144.9,391.0,0.0,0.0,0.0
2006-05-26,2006-07-27,OPTSTK,PUNJLLOYD,760.0,CA,0.0,0.0,0.0,143.75,285.05,0.0,0.0,0.0
2006-05-26,2006-07-27,OPTSTK,PUNJLLOYD,780.0,CA,0.0,0.0,0.0,133.45,273.95,0.0,0.0,0.0
2006-05-26,2006-07-27,OPTSTK,PUNJLLOYD,800.0,CA,0.0,0.0,0.0,123.7,263.3,0.0,0.0,0.0
2006-05-26,2006-07-27,OPTSTK,PUNJLLOYD,820.0,CA,0.0,0.0,0.0,114.55,253.05,0.0,0.0,0.0
2006-05-26,2006-07-27,OPTSTK,PUNJLLOYD,840.0,CA,0.0,0.0,0.0,106.0,243.1,0.0,0.0,0.0
2006-05-26,2006-07-27,OPTSTK,PUNJLLOYD,860.0,CA,0.0,0.0,0.0,97.95,233.55,0.0,0.0,0.0
2006-05-26,2006-07-27,OPTSTK,PUNJLLOYD,880.0,CA,0.0,0.0,0.0,90.45,224.35,0.0,0.0,0.0
2006-05-26,2006-07-27,OPTSTK,PUNJLLOYD,900.0,CA,0.0,0.0,0.0,83.45,215.5,0.0,0.0,0.0
2006-05-26,2006-07-27,OPTSTK,PUNJLLOYD,920.0,CA,0.0,0.0,0.0,172.8,207.0,0.0,0.0,0.0
2006-05-26,2006-07-27,OPTSTK,PUNJLLOYD,930.0,CA,0.0,0.0,0.0,133.3,202.85,0.0,0.0,0.0
2006-05-26,2006-07-27,OPTSTK,PUNJLLOYD,940.0,CA,0.0,0.0,0.0,162.65,198.8,0.0,0.0,0.0
2006-05-26,2006-07-27,OPTSTK,PUNJLLOYD,960.0,CA,0.0,0.0,0.0,113.9,190.9,0.0,0.0,0.0
2006-05-26,2006-07-27,OPTSTK,PUNJLLOYD,980.0,CA,0.0,0.0,0.0,143.75,183.3,0.0,0.0,0.0
2006-05-26,2006-07-27,OPTSTK,PUNJLLOYD,990.0,CA,0.0,0.0,0.0,96.45,179.65,0.0,0.0,0.0
2006-05-26,2006-07-27,OPTSTK,PUNJLLOYD,1000.0,CA,0.0,0.0,0.0,135.0,176.0,0.0,0.0,0.0
2006-05-26,2006-07-27,OPTSTK,PUNJLLOYD,1020.0,CA,0.0,0.0,0.0,80.9,169.0,0.0,0.0,0.0
2006-05-26,2006-07-27,OPTSTK,PUNJLLOYD,1040.0,CA,0.0,0.0,0.0,118.85,162.3,0.0,0.0,0.0
2006-05-26,2006-07-27,OPTSTK,PUNJLLOYD,1050.0,CA,0.0,0.0,0.0,67.25,159.0,0.0,0.0,0.0
2006-05-26,2006-07-27,OPTSTK,PUNJLLOYD,1080.0,CA,0.0,0.0,0.0,55.4,149.6,0.0,0.0,0.0
2006-05-26,2006-07-27,OPTSTK,PUNJLLOYD,1110.0,CA,0.0,0.0,0.0,45.25,140.75,0.0,0.0,0.0
2006-05-26,2006-07-27,OPTSTK,PUNJLLOYD,1140.0,CA,0.0,0.0,0.0,48.0,132.4,0.0,0.0,0.0
2006-05-26,2006-07-27,OPTSTK,PUNJLLOYD,1170.0,CA,0.0,0.0,0.0,62.65,124.55,0.0,0.0,0.0
2006-05-26,2006-07-27,OPTSTK,PUNJLLOYD,1200.0,CA,0.0,0.0,0.0,112.95,117.25,0.0,0.0,0.0
2006-05-26,2006-07-27,OPTSTK,PUNJLLOYD,1230.0,CA,0.0,0.0,0.0,100.8,110.35,0.0,0.0,0.0
2006-05-26,2006-07-27,OPTSTK,PUNJLLOYD,1260.0,CA,0.0,0.0,0.0,89.7,103.85,0.0,0.0,0.0
2006-05-26,2006-07-27,OPTSTK,PUNJLLOYD,1290.0,CA,0.0,0.0,0.0,83.5,97.75,0.0,0.0,0.0
2006-05-26,2006-07-27,OPTSTK,PUNJLLOYD,760.0,PA,0.0,0.0,0.0,73.9,94.75,0.0,0.0,0.0
2006-05-26,2006-07-27,OPTSTK,PUNJLLOYD,780.0,PA,0.0,0.0,0.0,83.3,103.45,0.0,0.0,0.0
2006-05-26,2006-07-27,OPTSTK,PUNJLLOYD,800.0,PA,0.0,0.0,0.0,93.35,112.55,0.0,0.0,0.0
2006-05-26,2006-07-27,OPTSTK,PUNJLLOYD,820.0,PA,0.0,0.0,0.0,103.95,122.05,0.0,0.0,0.0
2006-05-26,2006-07-27,OPTSTK,PUNJLLOYD,840.0,PA,0.0,0.0,0.0,115.15,131.9,0.0,0.0,0.0
2006-05-26,2006-07-27,OPTSTK,PUNJLLOYD,860.0,PA,0.0,0.0,0.0,126.85,142.1,0.0,0.0,0.0
2006-05-26,2006-07-27,OPTSTK,PUNJLLOYD,880.0,PA,0.0,0.0,0.0,139.1,152.7,0.0,0.0,0.0
2006-05-26,2006-07-27,OPTSTK,PUNJLLOYD,900.0,PA,0.0,0.0,0.0,151.85,163.6,0.0,0.0,0.0
2006-05-26,2006-07-27,OPTSTK,PUNJLLOYD,920.0,PA,0.0,0.0,0.0,94.05,174.85,0.0,0.0,0.0
2006-05-26,2006-07-27,OPTSTK,PUNJLLOYD,930.0,PA,0.0,0.0,0.0,30.5,180.6,0.0,0.0,0.0
2006-05-26,2006-07-27,OPTSTK,PUNJLLOYD,940.0,PA,0.0,0.0,0.0,103.65,186.45,0.0,0.0,0.0
2006-05-26,2006-07-27,OPTSTK,PUNJLLOYD,960.0,PA,0.0,0.0,0.0,40.55,198.3,0.0,0.0,0.0
2006-05-26,2006-07-27,OPTSTK,PUNJLLOYD,980.0,PA,0.0,0.0,0.0,124.25,210.5,0.0,0.0,0.0
2006-05-26,2006-07-27,OPTSTK,PUNJLLOYD,990.0,PA,0.0,0.0,0.0,52.6,216.7,0.0,0.0,0.0
2006-05-26,2006-07-27,OPTSTK,PUNJLLOYD,1000.0,PA,0.0,0.0,0.0,135.25,222.95,0.0,0.0,0.0
2006-05-26,2006-07-27,OPTSTK,PUNJLLOYD,1020.0,PA,0.0,0.0,0.0,66.55,235.75,0.0,0.0,0.0
2006-05-26,2006-07-27,OPTSTK,PUNJLLOYD,1040.0,PA,0.0,0.0,0.0,158.55,248.75,0.0,0.0,0.0
2006-05-26,2006-07-27,OPTSTK,PUNJLLOYD,1050.0,PA,0.0,0.0,0.0,82.4,255.4,0.0,0.0,0.0
2006-05-26,2006-07-27,OPTSTK,PUNJLLOYD,1080.0,PA,0.0,0.0,0.0,100.0,275.65,0.0,0.0,0.0
2006-05-26,2006-07-27,OPTSTK,PUNJLLOYD,1110.0,PA,0.0,0.0,0.0,119.35,296.4,0.0,0.0,0.0
2006-05-26,2006-07-27,OPTSTK,PUNJLLOYD,1140.0,PA,0.0,0.0,0.0,119.55,317.75,0.0,0.0,0.0
2006-05-26,2006-07-27,OPTSTK,PUNJLLOYD,1170.0,PA,0.0,0.0,0.0,119.85,339.55,0.0,0.0,0.0
2006-05-26,2006-07-27,OPTSTK,PUNJLLOYD,1200.0,PA,0.0,0.0,0.0,127.35,361.9,0.0,0.0,0.0
2006-05-26,2006-07-27,OPTSTK,PUNJLLOYD,1230.0,PA,0.0,0.0,0.0,144.75,384.65,0.0,0.0,0.0
2006-05-26,2006-07-27,OPTSTK,PUNJLLOYD,1260.0,PA,0.0,0.0,0.0,163.2,407.8,0.0,0.0,0.0
2006-05-26,2006-07-27,OPTSTK,PUNJLLOYD,1290.0,PA,0.0,0.0,0.0,162.25,431.35,0.0,0.0,0.0
2006-05-26,2006-08-31,OPTSTK,PUNJLLOYD,840.0,CA,0.0,0.0,0.0,270.35,288.75,0.0,0.0,0.0
2006-05-26,2006-08-31,OPTSTK,PUNJLLOYD,860.0,CA,0.0,0.0,0.0,262.15,280.0,0.0,0.0,0.0
2006-05-26,2006-08-31,OPTSTK,PUNJLLOYD,880.0,CA,0.0,0.0,0.0,254.25,271.6,0.0,0.0,0.0
2006-05-26,2006-08-31,OPTSTK,PUNJLLOYD,900.0,CA,0.0,0.0,0.0,246.6,263.4,0.0,0.0,0.0
2006-05-26,2006-08-31,OPTSTK,PUNJLLOYD,920.0,CA,0.0,0.0,0.0,239.2,255.5,0.0,0.0,0.0
2006-05-26,2006-08-31,OPTSTK,PUNJLLOYD,940.0,CA,0.0,0.0,0.0,232.0,247.85,0.0,0.0,0.0
2006-05-26,2006-08-31,OPTSTK,PUNJLLOYD,960.0,CA,0.0,0.0,0.0,225.1,240.45,0.0,0.0,0.0
2006-05-26,2006-08-31,OPTSTK,PUNJLLOYD,980.0,CA,0.0,0.0,0.0,0.0,0.0,0.0,0.0,0.0
2006-05-26,2006-08-31,OPTSTK,PUNJLLOYD,1000.0,CA,0.0,0.0,0.0,0.0,0.0,0.0,0.0,0.0
2006-05-26,2006-08-31,OPTSTK,PUNJLLOYD,840.0,PA,0.0,0.0,0.0,188.35,172.15,0.0,0.0,0.0
2006-05-26,2006-08-31,OPTSTK,PUNJLLOYD,860.0,PA,0.0,0.0,0.0,199.8,183.05,0.0,0.0,0.0
2006-05-26,2006-08-31,OPTSTK,PUNJLLOYD,880.0,PA,0.0,0.0,0.0,211.55,194.25,0.0,0.0,0.0
2006-05-26,2006-08-31,OPTSTK,PUNJLLOYD,900.0,PA,0.0,0.0,0.0,223.5,205.75,0.0,0.0,0.0
2006-05-26,2006-08-31,OPTSTK,PUNJLLOYD,920.0,PA,0.0,0.0,0.0,235.75,217.45,0.0,0.0,0.0
2006-05-26,2006-08-31,OPTSTK,PUNJLLOYD,940.0,PA,0.0,0.0,0.0,248.2,229.45,0.0,0.0,0.0
2006-05-26,2006-08-31,OPTSTK,PUNJLLOYD,960.0,PA,0.0,0.0,0.0,260.9,241.7,0.0,0.0,0.0
2006-05-26,2006-08-31,OPTSTK,PUNJLLOYD,980.0,PA,0.0,0.0,0.0,0.0,0.0,0.0,0.0,0.0
2006-05-26,2006-08-31,OPTSTK,PUNJLLOYD,1000.0,PA,0.0,0.0,0.0,0.0,0.0,0.0,0.0,0.0
2006-05-26,2006-06-29,OPTSTK,RANBAXY,390.0,CA,0.0,0.0,0.0,50.45,53.6,0.0,0.0,0.0
2006-05-26,2006-06-29,OPTSTK,RANBAXY,400.0,CA,0.0,0.0,0.0,71.1,47.4,0.0,0.0,0.0
2006-05-26,2006-06-29,OPTSTK,RANBAXY,410.0,CA,0.0,0.0,0.0,65.65,41.65,0.0,0.0,0.0
2006-05-26,2006-06-29,OPTSTK,RANBAXY,420.0,CA,28.0,33.2,28.0,31.65,31.65,47.0,84.78,24400.0
2006-05-26,2006-06-29,OPTSTK,RANBAXY,430.0,CA,24.0,35.0,20.0,21.05,21.05,9.0,16.36,2800.0
2006-05-26,2006-06-29,OPTSTK,RANBAXY,440.0,CA,22.0,22.0,17.0,20.35,20.35,13.0,23.9,6800.0
2006-05-26,2006-06-29,OPTSTK,RANBAXY,450.0,CA,24.0,24.0,15.0,15.85,15.85,29.0,54.2,13600.0
2006-05-26,2006-06-29,OPTSTK,RANBAXY,460.0,CA,13.4,13.5,12.5,13.0,13.0,3.0,5.67,1600.0
2006-05-26,2006-06-29,OPTSTK,RANBAXY,470.0,CA,12.0,13.0,12.0,13.0,13.0,2.0,3.86,1200.0
2006-05-26,2006-06-29,OPTSTK,RANBAXY,480.0,CA,12.95,12.95,7.5,9.95,9.95,12.0,23.52,8000.0
2006-05-26,2006-06-29,OPTSTK,RANBAXY,490.0,CA,0.0,0.0,0.0,40.85,12.4,0.0,0.0,0.0
2006-05-26,2006-06-29,OPTSTK,RANBAXY,500.0,CA,0.0,0.0,0.0,47.05,10.45,0.0,0.0,0.0
2006-05-26,2006-06-29,OPTSTK,RANBAXY,510.0,CA,0.0,0.0,0.0,37.35,8.75,0.0,0.0,0.0
2006-05-26,2006-06-29,OPTSTK,RANBAXY,520.0,CA,0.0,0.0,0.0,49.5,7.3,0.0,0.0,0.0
2006-05-26,2006-06-29,OPTSTK,RANBAXY,530.0,CA,0.0,0.0,0.0,39.1,6.1,0.0,0.0,0.0
2006-05-26,2006-06-29,OPTSTK,RANBAXY,540.0,CA,0.0,0.0,0.0,41.7,5.05,0.0,0.0,0.0
2006-05-26,2006-06-29,OPTSTK,RANBAXY,560.0,CA,0.0,0.0,0.0,34.95,3.45,0.0,0.0,0.0
2006-05-26,2006-06-29,OPTSTK,RANBAXY,580.0,CA,0.0,0.0,0.0,37.8,2.3,0.0,0.0,0.0
2006-05-26,2006-06-29,OPTSTK,RANBAXY,390.0,PA,0.0,0.0,0.0,18.6,15.7,0.0,0.0,0.0
2006-05-26,2006-06-29,OPTSTK,RANBAXY,400.0,PA,15.0,15.0,15.0,15.0,15.0,1.0,1.66,400.0
2006-05-26,2006-06-29,OPTSTK,RANBAXY,410.0,PA,0.0,0.0,0.0,34.8,23.6,0.0,0.0,0.0
2006-05-26,2006-06-29,OPTSTK,RANBAXY,420.0,PA,0.0,0.0,0.0,31.15,28.35,0.0,0.0,0.0
2006-05-26,2006-06-29,OPTSTK,RANBAXY,430.0,PA,0.0,0.0,0.0,35.45,33.5,0.0,0.0,0.0
2006-05-26,2006-06-29,OPTSTK,RANBAXY,440.0,PA,0.0,0.0,0.0,40.05,39.2,0.0,0.0,0.0
2006-05-26,2006-06-29,OPTSTK,RANBAXY,450.0,PA,0.0,0.0,0.0,45.0,45.3,0.0,0.0,0.0
2006-05-26,2006-06-29,OPTSTK,RANBAXY,460.0,PA,0.0,0.0,0.0,50.25,51.9,0.0,0.0,0.0
2006-05-26,2006-06-29,OPTSTK,RANBAXY,470.0,PA,0.0,0.0,0.0,55.8,58.85,0.0,0.0,0.0
2006-05-26,2006-06-29,OPTSTK,RANBAXY,480.0,PA,0.0,0.0,0.0,61.6,66.2,0.0,0.0,0.0
2006-05-26,2006-06-29,OPTSTK,RANBAXY,490.0,PA,0.0,0.0,0.0,66.4,73.9,0.0,0.0,0.0
2006-05-26,2006-06-29,OPTSTK,RANBAXY,500.0,PA,0.0,0.0,0.0,64.05,81.85,0.0,0.0,0.0
2006-05-26,2006-06-29,OPTSTK,RANBAXY,510.0,PA,0.0,0.0,0.0,59.8,90.1,0.0,0.0,0.0
2006-05-26,2006-06-29,OPTSTK,RANBAXY,520.0,PA,0.0,0.0,0.0,57.8,98.6,0.0,0.0,0.0
2006-05-26,2006-06-29,OPTSTK,RANBAXY,530.0,PA,0.0,0.0,0.0,65.7,107.3,0.0,0.0,0.0
2006-05-26,2006-06-29,OPTSTK,RANBAXY,540.0,PA,0.0,0.0,0.0,69.75,116.2,0.0,0.0,0.0
2006-05-26,2006-06-29,OPTSTK,RANBAXY,560.0,PA,0.0,0.0,0.0,82.75,134.45,0.0,0.0,0.0
2006-05-26,2006-06-29,OPTSTK,RANBAXY,580.0,PA,0.0,0.0,0.0,89.7,153.2,0.0,0.0,0.0
2006-05-26,2006-07-27,OPTSTK,RANBAXY,390.0,CA,0.0,0.0,0.0,61.9,64.75,0.0,0.0,0.0
2006-05-26,2006-07-27,OPTSTK,RANBAXY,400.0,CA,0.0,0.0,0.0,66.4,59.0,0.0,0.0,0.0
2006-05-26,2006-07-27,OPTSTK,RANBAXY,410.0,CA,0.0,0.0,0.0,61.05,53.65,0.0,0.0,0.0
2006-05-26,2006-07-27,OPTSTK,RANBAXY,420.0,CA,0.0,0.0,0.0,56.0,48.65,0.0,0.0,0.0
2006-05-26,2006-07-27,OPTSTK,RANBAXY,430.0,CA,0.0,0.0,0.0,65.6,44.0,0.0,0.0,0.0
2006-05-26,2006-07-27,OPTSTK,RANBAXY,440.0,CA,0.0,0.0,0.0,71.65,39.75,0.0,0.0,0.0
2006-05-26,2006-07-27,OPTSTK,RANBAXY,450.0,CA,0.0,0.0,0.0,66.3,35.8,0.0,0.0,0.0
2006-05-26,2006-07-27,OPTSTK,RANBAXY,460.0,CA,0.0,0.0,0.0,61.25,32.2,0.0,0.0,0.0
2006-05-26,2006-07-27,OPTSTK,RANBAXY,470.0,CA,0.0,0.0,0.0,56.5,28.9,0.0,0.0,0.0
2006-05-26,2006-07-27,OPTSTK,RANBAXY,480.0,CA,0.0,0.0,0.0,52.05,25.9,0.0,0.0,0.0
2006-05-26,2006-07-27,OPTSTK,RANBAXY,490.0,CA,0.0,0.0,0.0,47.85,23.15,0.0,0.0,0.0
2006-05-26,2006-07-27,OPTSTK,RANBAXY,500.0,CA,0.0,0.0,0.0,43.95,20.7,0.0,0.0,0.0
2006-05-26,2006-07-27,OPTSTK,RANBAXY,510.0,CA,0.0,0.0,0.0,48.7,18.45,0.0,0.0,0.0
2006-05-26,2006-07-27,OPTSTK,RANBAXY,520.0,CA,0.0,0.0,0.0,74.3,16.4,0.0,0.0,0.0
2006-05-26,2006-07-27,OPTSTK,RANBAXY,540.0,CA,0.0,0.0,0.0,65.8,12.95,0.0,0.0,0.0
2006-05-26,2006-07-27,OPTSTK,RANBAXY,560.0,CA,0.0,0.0,0.0,58.1,10.15,0.0,0.0,0.0
2006-05-26,2006-07-27,OPTSTK,RANBAXY,580.0,CA,0.0,0.0,0.0,51.2,7.9,0.0,0.0,0.0
2006-05-26,2006-07-27,OPTSTK,RANBAXY,390.0,PA,0.0,0.0,0.0,28.0,24.8,0.0,0.0,0.0
2006-05-26,2006-07-27,OPTSTK,RANBAXY,400.0,PA,0.0,0.0,0.0,31.5,28.95,0.0,0.0,0.0
2006-05-26,2006-07-27,OPTSTK,RANBAXY,410.0,PA,0.0,0.0,0.0,36.0,33.5,0.0,0.0,0.0
2006-05-26,2006-07-27,OPTSTK,RANBAXY,420.0,PA,0.0,0.0,0.0,40.85,38.4,0.0,0.0,0.0
2006-05-26,2006-07-27,OPTSTK,RANBAXY,430.0,PA,0.0,0.0,0.0,30.6,43.65,0.0,0.0,0.0
2006-05-26,2006-07-27,OPTSTK,RANBAXY,440.0,PA,0.0,0.0,0.0,34.05,49.25,0.0,0.0,0.0
2006-05-26,2006-07-27,OPTSTK,RANBAXY,450.0,PA,0.0,0.0,0.0,38.55,55.2,0.0,0.0,0.0
2006-05-26,2006-07-27,OPTSTK,RANBAXY,460.0,PA,0.0,0.0,0.0,43.3,61.5,0.0,0.0,0.0
2006-05-26,2006-07-27,OPTSTK,RANBAXY,470.0,PA,0.0,0.0,0.0,48.4,68.05,0.0,0.0,0.0
2006-05-26,2006-07-27,OPTSTK,RANBAXY,480.0,PA,0.0,0.0,0.0,53.75,74.95,0.0,0.0,0.0
2006-05-26,2006-07-27,OPTSTK,RANBAXY,490.0,PA,0.0,0.0,0.0,59.4,82.1,0.0,0.0,0.0
2006-05-26,2006-07-27,OPTSTK,RANBAXY,500.0,PA,0.0,0.0,0.0,65.35,89.5,0.0,0.0,0.0
2006-05-26,2006-07-27,OPTSTK,RANBAXY,510.0,PA,0.0,0.0,0.0,57.8,97.15,0.0,0.0,0.0
2006-05-26,2006-07-27,OPTSTK,RANBAXY,520.0,PA,0.0,0.0,0.0,64.2,105.0,0.0,0.0,0.0
2006-05-26,2006-07-27,OPTSTK,RANBAXY,540.0,PA,0.0,0.0,0.0,75.3,121.3,0.0,0.0,0.0
2006-05-26,2006-07-27,OPTSTK,RANBAXY,560.0,PA,0.0,0.0,0.0,87.3,138.3,0.0,0.0,0.0
2006-05-26,2006-07-27,OPTSTK,RANBAXY,580.0,PA,0.0,0.0,0.0,100.1,155.8,0.0,0.0,0.0
2006-05-26,2006-08-31,OPTSTK,RANBAXY,390.0,CA,0.0,0.0,0.0,73.35,75.95,0.0,0.0,0.0
2006-05-26,2006-08-31,OPTSTK,RANBAXY,400.0,CA,0.0,0.0,0.0,68.15,70.55,0.0,0.0,0.0
2006-05-26,2006-08-31,OPTSTK,RANBAXY,410.0,CA,0.0,0.0,0.0,63.3,65.45,0.0,0.0,0.0
2006-05-26,2006-08-31,OPTSTK,RANBAXY,420.0,CA,0.0,0.0,0.0,58.7,60.65,0.0,0.0,0.0
2006-05-26,2006-08-31,OPTSTK,RANBAXY,430.0,CA,0.0,0.0,0.0,54.35,56.15,0.0,0.0,0.0
2006-05-26,2006-08-31,OPTSTK,RANBAXY,440.0,CA,0.0,0.0,0.0,50.3,51.9,0.0,0.0,0.0
2006-05-26,2006-08-31,OPTSTK,RANBAXY,450.0,CA,0.0,0.0,0.0,46.55,47.95,0.0,0.0,0.0
2006-05-26,2006-08-31,OPTSTK,RANBAXY,460.0,CA,0.0,0.0,0.0,0.0,0.0,0.0,0.0,0.0
2006-05-26,2006-08-31,OPTSTK,RANBAXY,390.0,PA,0.0,0.0,0.0,36.95,33.5,0.0,0.0,0.0
2006-05-26,2006-08-31,OPTSTK,RANBAXY,400.0,PA,0.0,0.0,0.0,41.6,37.95,0.0,0.0,0.0
2006-05-26,2006-08-31,OPTSTK,RANBAXY,410.0,PA,0.0,0.0,0.0,46.5,42.65,0.0,0.0,0.0
2006-05-26,2006-08-31,OPTSTK,RANBAXY,420.0,PA,0.0,0.0,0.0,51.75,47.7,0.0,0.0,0.0
2006-05-26,2006-08-31,OPTSTK,RANBAXY,430.0,PA,0.0,0.0,0.0,57.25,53.0,0.0,0.0,0.0
2006-05-26,2006-08-31,OPTSTK,RANBAXY,440.0,PA,0.0,0.0,0.0,63.0,58.6,0.0,0.0,0.0
2006-05-26,2006-08-31,OPTSTK,RANBAXY,450.0,PA,0.0,0.0,0.0,69.05,64.45,0.0,0.0,0.0
2006-05-26,2006-08-31,OPTSTK,RANBAXY,460.0,PA,0.0,0.0,0.0,0.0,0.0,0.0,0.0,0.0
2006-05-26,2006-06-29,OPTSTK,REL,460.0,CA,0.0,0.0,0.0,72.05,87.0,0.0,0.0,0.0
2006-05-26,2006-06-29,OPTSTK,REL,480.0,CA,0.0,0.0,0.0,76.35,72.7,0.0,0.0,0.0
2006-05-26,2006-06-29,OPTSTK,REL,500.0,CA,0.0,0.0,0.0,41.0,59.95,0.0,0.0,3300.0
2006-05-26,2006-06-29,OPTSTK,REL,520.0,CA,0.0,0.0,0.0,21.0,48.8,0.0,0.0,550.0
2006-05-26,2006-06-29,OPTSTK,REL,540.0,CA,29.95,34.95,23.5,23.5,23.5,3.0,9.39,5500.0
2006-05-26,2006-06-29,OPTSTK,REL,560.0,CA,17.0,19.0,15.0,15.1,15.1,7.0,22.19,4950.0
2006-05-26,2006-06-29,OPTSTK,REL,580.0,CA,0.0,0.0,0.0,58.05,24.35,0.0,0.0,0.0
2006-05-26,2006-06-29,OPTSTK,REL,600.0,CA,12.5,12.5,8.0,8.1,8.1,8.0,26.8,7700.0
2006-05-26,2006-06-29,OPTSTK,REL,620.0,CA,0.0,0.0,0.0,19.95,14.5,0.0,0.0,550.0
2006-05-26,2006-06-29,OPTSTK,REL,640.0,CA,0.0,0.0,0.0,25.9,11.0,0.0,0.0,0.0
2006-05-26,2006-06-29,OPTSTK,REL,660.0,CA,0.0,0.0,0.0,19.95,8.25,0.0,0.0,550.0
2006-05-26,2006-06-29,OPTSTK,REL,680.0,CA,0.0,0.0,0.0,13.45,6.15,0.0,0.0,0.0
2006-05-26,2006-06-29,OPTSTK,REL,700.0,CA,4.9,4.9,4.9,4.9,4.9,1.0,3.87,550.0
2006-05-26,2006-06-29,OPTSTK,REL,460.0,PA,0.0,0.0,0.0,17.25,11.85,0.0,0.0,0.0
2006-05-26,2006-06-29,OPTSTK,REL,480.0,PA,0.0,0.0,0.0,16.15,17.45,0.0,0.0,0.0
2006-05-26,2006-06-29,OPTSTK,REL,500.0,PA,0.0,0.0,0.0,22.9,24.55,0.0,0.0,0.0
2006-05-26,2006-06-29,OPTSTK,REL,520.0,PA,0.0,0.0,0.0,40.0,33.3,0.0,0.0,550.0
2006-05-26,2006-06-29,OPTSTK,REL,540.0,PA,45.0,45.0,45.0,45.0,45.0,1.0,3.21,550.0
2006-05-26,2006-06-29,OPTSTK,REL,560.0,PA,0.0,0.0,0.0,8.7,55.3,0.0,0.0,0.0
2006-05-26,2006-06-29,OPTSTK,REL,580.0,PA,0.0,0.0,0.0,13.8,68.45,0.0,0.0,0.0
2006-05-26,2006-06-29,OPTSTK,REL,600.0,PA,0.0,0.0,0.0,20.75,82.9,0.0,0.0,0.0
2006-05-26,2006-06-29,OPTSTK,REL,620.0,PA,0.0,0.0,0.0,29.6,98.35,0.0,0.0,0.0
2006-05-26,2006-06-29,OPTSTK,REL,640.0,PA,0.0,0.0,0.0,40.35,114.7,0.0,0.0,0.0
2006-05-26,2006-06-29,OPTSTK,REL,660.0,PA,0.0,0.0,0.0,52.9,131.85,0.0,0.0,0.0
2006-05-26,2006-06-29,OPTSTK,REL,680.0,PA,0.0,0.0,0.0,67.05,149.65,0.0,0.0,0.0
2006-05-26,2006-06-29,OPTSTK,REL,700.0,PA,0.0,0.0,0.0,68.7,167.9,0.0,0.0,0.0
2006-05-26,2006-07-27,OPTSTK,REL,460.0,CA,0.0,0.0,0.0,83.6,99.2,0.0,0.0,0.0
2006-05-26,2006-07-27,OPTSTK,REL,480.0,CA,0.0,0.0,0.0,87.7,86.3,0.0,0.0,0.0
2006-05-26,2006-07-27,OPTSTK,REL,500.0,CA,0.0,0.0,0.0,75.55,74.65,0.0,0.0,0.0
2006-05-26,2006-07-27,OPTSTK,REL,520.0,CA,0.0,0.0,0.0,76.8,64.15,0.0,0.0,0.0
2006-05-26,2006-07-27,OPTSTK,REL,540.0,CA,0.0,0.0,0.0,86.4,54.8,0.0,0.0,0.0
2006-05-26,2006-07-27,OPTSTK,REL,560.0,CA,0.0,0.0,0.0,77.05,46.6,0.0,0.0,0.0
2006-05-26,2006-07-27,OPTSTK,REL,580.0,CA,0.0,0.0,0.0,63.1,39.4,0.0,0.0,0.0
2006-05-26,2006-07-27,OPTSTK,REL,600.0,CA,0.0,0.0,0.0,50.8,33.15,0.0,0.0,0.0
2006-05-26,2006-07-27,OPTSTK,REL,620.0,CA,0.0,0.0,0.0,40.2,27.8,0.0,0.0,0.0
2006-05-26,2006-07-27,OPTSTK,REL,640.0,CA,0.0,0.0,0.0,31.2,23.2,0.0,0.0,0.0
2006-05-26,2006-07-27,OPTSTK,REL,660.0,CA,0.0,0.0,0.0,23.85,19.3,0.0,0.0,0.0
2006-05-26,2006-07-27,OPTSTK,REL,680.0,CA,0.0,0.0,0.0,17.9,16.0,0.0,0.0,0.0
2006-05-26,2006-07-27,OPTSTK,REL,460.0,PA,0.0,0.0,0.0,26.4,21.7,0.0,0.0,0.0
2006-05-26,2006-07-27,OPTSTK,REL,480.0,PA,0.0,0.0,0.0,25.0,28.55,0.0,0.0,0.0
2006-05-26,2006-07-27,OPTSTK,REL,500.0,PA,0.0,0.0,0.0,32.65,36.65,0.0,0.0,0.0
2006-05-26,2006-07-27,OPTSTK,REL,520.0,PA,0.0,0.0,0.0,4.7,45.95,0.0,0.0,0.0
2006-05-26,2006-07-27,OPTSTK,REL,540.0,PA,0.0,0.0,0.0,7.95,56.4,0.0,0.0,0.0
2006-05-26,2006-07-27,OPTSTK,REL,560.0,PA,0.0,0.0,0.0,11.7,67.95,0.0,0.0,0.0
2006-05-26,2006-07-27,OPTSTK,REL,580.0,PA,0.0,0.0,0.0,17.4,80.5,0.0,0.0,0.0
2006-05-26,2006-07-27,OPTSTK,REL,600.0,PA,0.0,0.0,0.0,24.75,94.05,0.0,0.0,0.0
2006-05-26,2006-07-27,OPTSTK,REL,620.0,PA,0.0,0.0,0.0,33.75,108.45,0.0,0.0,0.0
2006-05-26,2006-07-27,OPTSTK,REL,640.0,PA,0.0,0.0,0.0,44.45,123.65,0.0,0.0,0.0
2006-05-26,2006-07-27,OPTSTK,REL,660.0,PA,0.0,0.0,0.0,56.75,139.5,0.0,0.0,0.0
2006-05-26,2006-07-27,OPTSTK,REL,680.0,PA,0.0,0.0,0.0,70.5,155.95,0.0,0.0,0.0
2006-05-26,2006-08-31,OPTSTK,REL,480.0,CA,0.0,0.0,0.0,107.15,100.15,0.0,0.0,0.0
2006-05-26,2006-08-31,OPTSTK,REL,500.0,CA,0.0,0.0,0.0,96.0,89.2,0.0,0.0,0.0
2006-05-26,2006-08-31,OPTSTK,REL,520.0,CA,0.0,0.0,0.0,85.8,79.25,0.0,0.0,0.0
2006-05-26,2006-08-31,OPTSTK,REL,540.0,CA,0.0,0.0,0.0,76.5,70.15,0.0,0.0,0.0
2006-05-26,2006-08-31,OPTSTK,REL,560.0,CA,0.0,0.0,0.0,68.0,61.95,0.0,0.0,0.0
2006-05-26,2006-08-31,OPTSTK,REL,580.0,CA,0.0,0.0,0.0,60.35,54.6,0.0,0.0,0.0
2006-05-26,2006-08-31,OPTSTK,REL,600.0,CA,0.0,0.0,0.0,53.45,48.0,0.0,0.0,0.0
2006-05-26,2006-08-31,OPTSTK,REL,480.0,PA,0.0,0.0,0.0,39.15,39.35,0.0,0.0,0.0
2006-05-26,2006-08-31,OPTSTK,REL,500.0,PA,0.0,0.0,0.0,47.65,48.05,0.0,0.0,0.0
2006-05-26,2006-08-31,OPTSTK,REL,520.0,PA,0.0,0.0,0.0,57.1,57.7,0.0,0.0,0.0
2006-05-26,2006-08-31,OPTSTK,REL,540.0,PA,0.0,0.0,0.0,67.4,68.25,0.0,0.0,0.0
2006-05-26,2006-08-31,OPTSTK,REL,560.0,PA,0.0,0.0,0.0,78.55,79.7,0.0,0.0,0.0
2006-05-26,2006-08-31,OPTSTK,REL,580.0,PA,0.0,0.0,0.0,90.55,92.0,0.0,0.0,0.0
2006-05-26,2006-08-31,OPTSTK,REL,600.0,PA,0.0,0.0,0.0,103.25,105.0,0.0,0.0,0.0
2006-05-26,2006-06-29,OPTSTK,RELCAPITAL,420.0,CA,0.0,0.0,0.0,71.2,74.5,0.0,0.0,0.0
2006-05-26,2006-06-29,OPTSTK,RELCAPITAL,430.0,CA,0.0,0.0,0.0,58.4,68.65,0.0,0.0,0.0
2006-05-26,2006-06-29,OPTSTK,RELCAPITAL,440.0,CA,0.0,0.0,0.0,91.75,63.15,0.0,0.0,0.0
2006-05-26,2006-06-29,OPTSTK,RELCAPITAL,450.0,CA,0.0,0.0,0.0,47.7,57.95,0.0,0.0,0.0
2006-05-26,2006-06-29,OPTSTK,RELCAPITAL,460.0,CA,48.2,48.2,48.2,48.2,48.2,1.0,5.59,1100.0
2006-05-26,2006-06-29,OPTSTK,RELCAPITAL,470.0,CA,42.6,42.6,32.6,32.6,32.6,2.0,11.16,1100.0
2006-05-26,2006-06-29,OPTSTK,RELCAPITAL,480.0,CA,33.0,39.85,30.0,31.4,31.4,48.0,271.19,53900.0
2006-05-26,2006-06-29,OPTSTK,RELCAPITAL,490.0,CA,30.0,30.0,30.0,30.0,30.0,1.0,5.72,1100.0
2006-05-26,2006-06-29,OPTSTK,RELCAPITAL,500.0,CA,22.0,29.9,20.65,24.4,24.4,27.0,155.85,23100.0
2006-05-26,2006-06-29,OPTSTK,RELCAPITAL,510.0,CA,0.0,0.0,0.0,36.95,33.4,0.0,0.0,0.0
2006-05-26,2006-06-29,OPTSTK,RELCAPITAL,520.0,CA,0.0,0.0,0.0,4.0,30.3,0.0,0.0,1100.0
2006-05-26,2006-06-29,OPTSTK,RELCAPITAL,530.0,CA,0.0,0.0,0.0,32.75,27.45,0.0,0.0,0.0
2006-05-26,2006-06-29,OPTSTK,RELCAPITAL,540.0,CA,0.0,0.0,0.0,43.65,24.9,0.0,0.0,0.0
2006-05-26,2006-06-29,OPTSTK,RELCAPITAL,560.0,CA,0.0,0.0,0.0,36.0,20.3,0.0,0.0,0.0
2006-05-26,2006-06-29,OPTSTK,RELCAPITAL,580.0,CA,0.0,0.0,0.0,11.0,16.5,0.0,0.0,1100.0
2006-05-26,2006-06-29,OPTSTK,RELCAPITAL,600.0,CA,0.0,0.0,0.0,25.0,13.35,0.0,0.0,0.0
2006-05-26,2006-06-29,OPTSTK,RELCAPITAL,620.0,CA,0.0,0.0,0.0,27.2,10.75,0.0,0.0,0.0
2006-05-26,2006-06-29,OPTSTK,RELCAPITAL,640.0,CA,0.0,0.0,0.0,19.55,8.65,0.0,0.0,0.0
2006-05-26,2006-06-29,OPTSTK,RELCAPITAL,660.0,CA,0.0,0.0,0.0,26.25,6.9,0.0,0.0,0.0
2006-05-26,2006-06-29,OPTSTK,RELCAPITAL,680.0,CA,0.0,0.0,0.0,30.1,5.5,0.0,0.0,0.0
2006-05-26,2006-06-29,OPTSTK,RELCAPITAL,700.0,CA,0.0,0.0,0.0,23.45,4.4,0.0,0.0,0.0
2006-05-26,2006-06-29,OPTSTK,RELCAPITAL,420.0,PA,0.0,0.0,0.0,34.45,26.8,0.0,0.0,0.0
2006-05-26,2006-06-29,OPTSTK,RELCAPITAL,430.0,PA,0.0,0.0,0.0,26.65,30.9,0.0,0.0,0.0
2006-05-26,2006-06-29,OPTSTK,RELCAPITAL,440.0,PA,0.0,0.0,0.0,14.45,35.3,0.0,0.0,0.0
2006-05-26,2006-06-29,OPTSTK,RELCAPITAL,450.0,PA,0.0,0.0,0.0,35.8,40.05,0.0,0.0,0.0
2006-05-26,2006-06-29,OPTSTK,RELCAPITAL,460.0,PA,0.0,0.0,0.0,20.8,45.15,0.0,0.0,0.0
2006-05-26,2006-06-29,OPTSTK,RELCAPITAL,470.0,PA,0.0,0.0,0.0,24.6,50.55,0.0,0.0,0.0
2006-05-26,2006-06-29,OPTSTK,RELCAPITAL,480.0,PA,45.0,45.0,45.0,45.0,45.0,1.0,5.77,1100.0
2006-05-26,2006-06-29,OPTSTK,RELCAPITAL,490.0,PA,0.0,0.0,0.0,33.4,62.25,0.0,0.0,0.0
2006-05-26,2006-06-29,OPTSTK,RELCAPITAL,500.0,PA,0.0,0.0,0.0,38.4,68.55,0.0,0.0,0.0
2006-05-26,2006-06-29,OPTSTK,RELCAPITAL,510.0,PA,0.0,0.0,0.0,43.75,75.15,0.0,0.0,0.0
2006-05-26,2006-06-29,OPTSTK,RELCAPITAL,520.0,PA,0.0,0.0,0.0,49.45,82.0,0.0,0.0,0.0
2006-05-26,2006-06-29,OPTSTK,RELCAPITAL,530.0,PA,0.0,0.0,0.0,58.05,89.1,0.0,0.0,0.0
2006-05-26,2006-06-29,OPTSTK,RELCAPITAL,540.0,PA,0.0,0.0,0.0,53.4,96.45,0.0,0.0,0.0
2006-05-26,2006-06-29,OPTSTK,RELCAPITAL,560.0,PA,0.0,0.0,0.0,65.3,111.75,0.0,0.0,0.0
2006-05-26,2006-06-29,OPTSTK,RELCAPITAL,580.0,PA,0.0,0.0,0.0,78.35,127.8,0.0,0.0,0.0
2006-05-26,2006-06-29,OPTSTK,RELCAPITAL,600.0,PA,0.0,0.0,0.0,82.45,144.5,0.0,0.0,0.0
2006-05-26,2006-06-29,OPTSTK,RELCAPITAL,620.0,PA,0.0,0.0,0.0,70.15,161.8,0.0,0.0,0.0
2006-05-26,2006-06-29,OPTSTK,RELCAPITAL,640.0,PA,0.0,0.0,0.0,81.65,179.55,0.0,0.0,0.0
2006-05-26,2006-06-29,OPTSTK,RELCAPITAL,660.0,PA,0.0,0.0,0.0,80.8,197.7,0.0,0.0,0.0
2006-05-26,2006-06-29,OPTSTK,RELCAPITAL,680.0,PA,0.0,0.0,0.0,81.25,216.2,0.0,0.0,0.0
2006-05-26,2006-06-29,OPTSTK,RELCAPITAL,700.0,PA,0.0,0.0,0.0,85.8,234.95,0.0,0.0,0.0
2006-05-26,2006-07-27,OPTSTK,RELCAPITAL,420.0,CA,0.0,0.0,0.0,88.55,91.0,0.0,0.0,0.0
2006-05-26,2006-07-27,OPTSTK,RELCAPITAL,430.0,CA,0.0,0.0,0.0,71.95,85.65,0.0,0.0,0.0
2006-05-26,2006-07-27,OPTSTK,RELCAPITAL,440.0,CA,0.0,0.0,0.0,66.75,80.55,0.0,0.0,0.0
2006-05-26,2006-07-27,OPTSTK,RELCAPITAL,450.0,CA,0.0,0.0,0.0,61.85,75.75,0.0,0.0,0.0
2006-05-26,2006-07-27,OPTSTK,RELCAPITAL,460.0,CA,0.0,0.0,0.0,104.65,71.15,0.0,0.0,0.0
2006-05-26,2006-07-27,OPTSTK,RELCAPITAL,470.0,CA,0.0,0.0,0.0,52.95,66.75,0.0,0.0,0.0
2006-05-26,2006-07-27,OPTSTK,RELCAPITAL,480.0,CA,0.0,0.0,0.0,86.65,62.65,0.0,0.0,0.0
2006-05-26,2006-07-27,OPTSTK,RELCAPITAL,490.0,CA,0.0,0.0,0.0,45.1,58.75,0.0,0.0,0.0
2006-05-26,2006-07-27,OPTSTK,RELCAPITAL,500.0,CA,0.0,0.0,0.0,73.75,55.05,0.0,0.0,0.0
2006-05-26,2006-07-27,OPTSTK,RELCAPITAL,520.0,CA,0.0,0.0,0.0,62.15,48.25,0.0,0.0,0.0
2006-05-26,2006-07-27,OPTSTK,RELCAPITAL,540.0,CA,0.0,0.0,0.0,51.95,42.2,0.0,0.0,0.0
2006-05-26,2006-07-27,OPTSTK,RELCAPITAL,560.0,CA,0.0,0.0,0.0,43.0,36.9,0.0,0.0,0.0
2006-05-26,2006-07-27,OPTSTK,RELCAPITAL,580.0,CA,0.0,0.0,0.0,35.35,32.2,0.0,0.0,0.0
2006-05-26,2006-07-27,OPTSTK,RELCAPITAL,600.0,CA,0.0,0.0,0.0,28.8,28.05,0.0,0.0,0.0
2006-05-26,2006-07-27,OPTSTK,RELCAPITAL,620.0,CA,0.0,0.0,0.0,37.15,24.45,0.0,0.0,0.0
2006-05-26,2006-07-27,OPTSTK,RELCAPITAL,640.0,CA,0.0,0.0,0.0,28.8,21.25,0.0,0.0,0.0
2006-05-26,2006-07-27,OPTSTK,RELCAPITAL,660.0,CA,0.0,0.0,0.0,37.2,18.45,0.0,0.0,0.0
2006-05-26,2006-07-27,OPTSTK,RELCAPITAL,680.0,CA,0.0,0.0,0.0,42.15,16.05,0.0,0.0,0.0
2006-05-26,2006-07-27,OPTSTK,RELCAPITAL,700.0,CA,0.0,0.0,0.0,35.35,13.9,0.0,0.0,0.0
2006-05-26,2006-07-27,OPTSTK,RELCAPITAL,420.0,PA,0.0,0.0,0.0,49.55,41.15,0.0,0.0,0.0
2006-05-26,2006-07-27,OPTSTK,RELCAPITAL,430.0,PA,0.0,0.0,0.0,37.95,45.7,0.0,0.0,0.0
2006-05-26,2006-07-27,OPTSTK,RELCAPITAL,440.0,PA,0.0,0.0,0.0,42.65,50.5,0.0,0.0,0.0
2006-05-26,2006-07-27,OPTSTK,RELCAPITAL,450.0,PA,0.0,0.0,0.0,47.6,55.55,0.0,0.0,0.0
2006-05-26,2006-07-27,OPTSTK,RELCAPITAL,460.0,PA,0.0,0.0,0.0,30.45,60.8,0.0,0.0,0.0
2006-05-26,2006-07-27,OPTSTK,RELCAPITAL,470.0,PA,0.0,0.0,0.0,58.45,66.35,0.0,0.0,0.0
2006-05-26,2006-07-27,OPTSTK,RELCAPITAL,480.0,PA,0.0,0.0,0.0,18.6,72.1,0.0,0.0,0.0
2006-05-26,2006-07-27,OPTSTK,RELCAPITAL,490.0,PA,0.0,0.0,0.0,70.35,78.05,0.0,0.0,0.0
2006-05-26,2006-07-27,OPTSTK,RELCAPITAL,500.0,PA,0.0,0.0,0.0,25.35,84.25,0.0,0.0,0.0
2006-05-26,2006-07-27,OPTSTK,RELCAPITAL,520.0,PA,0.0,0.0,0.0,33.4,97.25,0.0,0.0,0.0
2006-05-26,2006-07-27,OPTSTK,RELCAPITAL,540.0,PA,0.0,0.0,0.0,42.85,111.0,0.0,0.0,0.0
2006-05-26,2006-07-27,OPTSTK,RELCAPITAL,560.0,PA,0.0,0.0,0.0,53.6,125.45,0.0,0.0,0.0
2006-05-26,2006-07-27,OPTSTK,RELCAPITAL,580.0,PA,0.0,0.0,0.0,65.55,140.5,0.0,0.0,0.0
2006-05-26,2006-07-27,OPTSTK,RELCAPITAL,600.0,PA,0.0,0.0,0.0,78.7,156.15,0.0,0.0,0.0
2006-05-26,2006-07-27,OPTSTK,RELCAPITAL,620.0,PA,0.0,0.0,0.0,76.85,172.3,0.0,0.0,0.0
2006-05-26,2006-07-27,OPTSTK,RELCAPITAL,640.0,PA,0.0,0.0,0.0,87.6,188.85,0.0,0.0,0.0
2006-05-26,2006-07-27,OPTSTK,RELCAPITAL,660.0,PA,0.0,0.0,0.0,88.35,205.85,0.0,0.0,0.0
2006-05-26,2006-07-27,OPTSTK,RELCAPITAL,680.0,PA,0.0,0.0,0.0,89.75,223.2,0.0,0.0,0.0
2006-05-26,2006-07-27,OPTSTK,RELCAPITAL,700.0,PA,0.0,0.0,0.0,94.0,240.85,0.0,0.0,0.0
2006-05-26,2006-08-31,OPTSTK,RELCAPITAL,420.0,CA,0.0,0.0,0.0,97.75,107.3,0.0,0.0,0.0
2006-05-26,2006-08-31,OPTSTK,RELCAPITAL,430.0,CA,0.0,0.0,0.0,93.1,102.35,0.0,0.0,0.0
2006-05-26,2006-08-31,OPTSTK,RELCAPITAL,440.0,CA,0.0,0.0,0.0,88.7,97.6,0.0,0.0,0.0
2006-05-26,2006-08-31,OPTSTK,RELCAPITAL,450.0,CA,0.0,0.0,0.0,84.45,93.0,0.0,0.0,0.0
2006-05-26,2006-08-31,OPTSTK,RELCAPITAL,460.0,CA,0.0,0.0,0.0,80.4,88.65,0.0,0.0,0.0
2006-05-26,2006-08-31,OPTSTK,RELCAPITAL,470.0,CA,0.0,0.0,0.0,76.5,84.45,0.0,0.0,0.0
2006-05-26,2006-08-31,OPTSTK,RELCAPITAL,480.0,CA,0.0,0.0,0.0,72.8,80.45,0.0,0.0,0.0
2006-05-26,2006-08-31,OPTSTK,RELCAPITAL,490.0,CA,0.0,0.0,0.0,0.0,0.0,0.0,0.0,0.0
2006-05-26,2006-08-31,OPTSTK,RELCAPITAL,500.0,CA,0.0,0.0,0.0,0.0,0.0,0.0,0.0,0.0
2006-05-26,2006-08-31,OPTSTK,RELCAPITAL,420.0,PA,0.0,0.0,0.0,61.3,54.75,0.0,0.0,0.0
2006-05-26,2006-08-31,OPTSTK,RELCAPITAL,430.0,PA,0.0,0.0,0.0,66.5,59.6,0.0,0.0,0.0
2006-05-26,2006-08-31,OPTSTK,RELCAPITAL,440.0,PA,0.0,0.0,0.0,71.85,64.7,0.0,0.0,0.0
2006-05-26,2006-08-31,OPTSTK,RELCAPITAL,450.0,PA,0.0,0.0,0.0,77.45,69.95,0.0,0.0,0.0
2006-05-26,2006-08-31,OPTSTK,RELCAPITAL,460.0,PA,0.0,0.0,0.0,83.2,75.4,0.0,0.0,0.0
2006-05-26,2006-08-31,OPTSTK,RELCAPITAL,470.0,PA,0.0,0.0,0.0,89.15,81.0,0.0,0.0,0.0
2006-05-26,2006-08-31,OPTSTK,RELCAPITAL,480.0,PA,0.0,0.0,0.0,95.25,86.85,0.0,0.0,0.0
2006-05-26,2006-08-31,OPTSTK,RELCAPITAL,490.0,PA,0.0,0.0,0.0,0.0,0.0,0.0,0.0,0.0
2006-05-26,2006-08-31,OPTSTK,RELCAPITAL,500.0,PA,0.0,0.0,0.0,0.0,0.0,0.0,0.0,0.0
2006-05-26,2006-06-29,OPTSTK,RELIANCE,740.0,CA,0.0,0.0,0.0,79.65,229.55,0.0,0.0,0.0
2006-05-26,2006-06-29,OPTSTK,RELIANCE,760.0,CA,0.0,0.0,0.0,64.75,211.95,0.0,0.0,0.0
2006-05-26,2006-06-29,OPTSTK,RELIANCE,780.0,CA,0.0,0.0,0.0,51.45,194.9,0.0,0.0,0.0
2006-05-26,2006-06-29,OPTSTK,RELIANCE,800.0,CA,0.0,0.0,0.0,39.95,178.5,0.0,0.0,0.0
2006-05-26,2006-06-29,OPTSTK,RELIANCE,820.0,CA,0.0,0.0,0.0,30.3,162.8,0.0,0.0,0.0
2006-05-26,2006-06-29,OPTSTK,RELIANCE,840.0,CA,0.0,0.0,0.0,22.45,147.9,0.0,0.0,0.0
2006-05-26,2006-06-29,OPTSTK,RELIANCE,860.0,CA,0.0,0.0,0.0,16.2,133.75,0.0,0.0,0.0
2006-05-26,2006-06-29,OPTSTK,RELIANCE,880.0,CA,0.0,0.0,0.0,30.8,120.4,0.0,0.0,0.0
2006-05-26,2006-06-29,OPTSTK,RELIANCE,900.0,CA,0.0,0.0,0.0,25.9,108.0,0.0,0.0,0.0
2006-05-26,2006-06-29,OPTSTK,RELIANCE,920.0,CA,0.0,0.0,0.0,45.0,96.45,0.0,0.0,600.0
2006-05-26,2006-06-29,OPTSTK,RELIANCE,930.0,CA,0.0,0.0,0.0,124.5,91.0,0.0,0.0,0.0
2006-05-26,2006-06-29,OPTSTK,RELIANCE,940.0,CA,70.0,83.0,58.0,60.8,60.8,93.0,564.7,66600.0
2006-05-26,2006-06-29,OPTSTK,RELIANCE,960.0,CA,61.0,70.3,46.0,49.65,49.65,52.0,317.66,46800.0
2006-05-26,2006-06-29,OPTSTK,RELIANCE,980.0,CA,53.8,60.0,36.0,39.1,39.1,403.0,2487.83,188400.0
2006-05-26,2006-06-29,OPTSTK,RELIANCE,990.0,CA,0.0,0.0,0.0,83.95,62.9,0.0,0.0,600.0
2006-05-26,2006-06-29,OPTSTK,RELIANCE,1000.0,CA,45.95,46.95,27.0,28.85,28.85,1011.0,6287.39,528600.0
2006-05-26,2006-06-29,OPTSTK,RELIANCE,1020.0,CA,32.95,39.4,20.2,24.3,24.3,63.0,397.21,33000.0
2006-05-26,2006-06-29,OPTSTK,RELIANCE,1040.0,CA,27.0,29.9,18.1,18.6,18.6,49.0,313.12,27600.0
2006-05-26,2006-06-29,OPTSTK,RELIANCE,1050.0,CA,23.05,27.7,16.5,18.75,18.75,17.0,109.42,11400.0
2006-05-26,2006-06-29,OPTSTK,RELIANCE,1060.0,CA,18.0,25.0,16.0,16.05,16.05,25.0,162.26,22800.0
2006-05-26,2006-06-29,OPTSTK,RELIANCE,1080.0,CA,21.7,23.0,12.0,12.75,12.75,67.0,441.33,73800.0
2006-05-26,2006-06-29,OPTSTK,RELIANCE,1110.0,CA,20.0,20.0,11.5,11.5,11.5,12.0,81.07,16800.0
2006-05-26,2006-06-29,OPTSTK,RELIANCE,1140.0,CA,10.1,13.0,10.0,10.0,10.0,9.0,62.15,20400.0
2006-05-26,2006-06-29,OPTSTK,RELIANCE,1170.0,CA,0.0,0.0,0.0,76.0,17.1,0.0,0.0,1200.0
2006-05-26,2006-06-29,OPTSTK,RELIANCE,1200.0,CA,15.0,15.0,6.05,6.25,6.25,41.0,297.27,67800.0
2006-05-26,2006-06-29,OPTSTK,RELIANCE,1230.0,CA,5.0,5.0,5.0,5.0,5.0,1.0,7.41,600.0
2006-05-26,2006-06-29,OPTSTK,RELIANCE,1260.0,CA,6.9,6.9,6.9,6.9,6.9,1.0,7.6,7800.0
2006-05-26,2006-06-29,OPTSTK,RELIANCE,740.0,PA,0.0,0.0,0.0,8.2,6.4,0.0,0.0,0.0
2006-05-26,2006-06-29,OPTSTK,RELIANCE,760.0,PA,0.0,0.0,0.0,12.9,8.65,0.0,0.0,0.0
2006-05-26,2006-06-29,OPTSTK,RELIANCE,780.0,PA,0.0,0.0,0.0,19.15,11.5,0.0,0.0,0.0
2006-05-26,2006-06-29,OPTSTK,RELIANCE,800.0,PA,0.0,0.0,0.0,27.25,15.0,0.0,0.0,0.0
2006-05-26,2006-06-29,OPTSTK,RELIANCE,820.0,PA,0.0,0.0,0.0,37.15,19.15,0.0,0.0,0.0
2006-05-26,2006-06-29,OPTSTK,RELIANCE,840.0,PA,0.0,0.0,0.0,48.85,24.1,0.0,0.0,0.0
2006-05-26,2006-06-29,OPTSTK,RELIANCE,860.0,PA,11.95,12.0,11.95,12.0,12.0,2.0,10.46,1800.0
2006-05-26,2006-06-29,OPTSTK,RELIANCE,880.0,PA,16.0,16.0,16.0,16.0,16.0,1.0,5.37,1200.0
2006-05-26,2006-06-29,OPTSTK,RELIANCE,900.0,PA,23.45,26.5,14.1,26.05,26.05,32.0,176.31,33600.0
2006-05-26,2006-06-29,OPTSTK,RELIANCE,920.0,PA,0.0,0.0,0.0,29.95,52.15,0.0,0.0,600.0
2006-05-26,2006-06-29,OPTSTK,RELIANCE,930.0,PA,0.0,0.0,0.0,34.8,56.65,0.0,0.0,0.0
2006-05-26,2006-06-29,OPTSTK,RELIANCE,940.0,PA,45.25,45.25,30.0,41.9,41.9,107.0,626.93,58200.0
2006-05-26,2006-06-29,OPTSTK,RELIANCE,960.0,PA,46.0,51.0,36.0,51.0,51.0,14.0,84.33,8400.0
2006-05-26,2006-06-29,OPTSTK,RELIANCE,980.0,PA,46.0,62.5,46.0,62.4,62.4,42.0,260.27,24000.0
2006-05-26,2006-06-29,OPTSTK,RELIANCE,990.0,PA,0.0,0.0,0.0,58.8,88.15,0.0,0.0,0.0
2006-05-26,2006-06-29,OPTSTK,RELIANCE,1000.0,PA,50.0,74.8,50.0,74.8,74.8,16.0,101.76,7800.0
2006-05-26,2006-06-29,OPTSTK,RELIANCE,1020.0,PA,0.0,0.0,0.0,92.0,106.65,0.0,0.0,0.0
2006-05-26,2006-06-29,OPTSTK,RELIANCE,1040.0,PA,0.0,0.0,0.0,120.0,119.95,0.0,0.0,1200.0
2006-05-26,2006-06-29,OPTSTK,RELIANCE,1050.0,PA,0.0,0.0,0.0,90.5,126.85,0.0,0.0,0.0
2006-05-26,2006-06-29,OPTSTK,RELIANCE,1060.0,PA,0.0,0.0,0.0,115.8,133.95,0.0,0.0,0.0
2006-05-26,2006-06-29,OPTSTK,RELIANCE,1080.0,PA,0.0,0.0,0.0,109.1,148.6,0.0,0.0,0.0
2006-05-26,2006-06-29,OPTSTK,RELIANCE,1110.0,PA,0.0,0.0,0.0,100.0,171.7,0.0,0.0,600.0
2006-05-26,2006-06-29,OPTSTK,RELIANCE,1140.0,PA,0.0,0.0,0.0,126.05,195.95,0.0,0.0,0.0
2006-05-26,2006-06-29,OPTSTK,RELIANCE,1170.0,PA,0.0,0.0,0.0,122.9,221.2,0.0,0.0,0.0
2006-05-26,2006-06-29,OPTSTK,RELIANCE,1200.0,PA,0.0,0.0,0.0,130.0,247.35,0.0,0.0,0.0
2006-05-26,2006-06-29,OPTSTK,RELIANCE,1230.0,PA,0.0,0.0,0.0,121.85,274.2,0.0,0.0,0.0
2006-05-26,2006-06-29,OPTSTK,RELIANCE,1260.0,PA,0.0,0.0,0.0,141.8,301.7,0.0,0.0,0.0
2006-05-26,2006-07-27,OPTSTK,RELIANCE,860.0,CA,0.0,0.0,0.0,142.3,157.85,0.0,0.0,0.0
2006-05-26,2006-07-27,OPTSTK,RELIANCE,880.0,CA,0.0,0.0,0.0,131.25,145.75,0.0,0.0,0.0
2006-05-26,2006-07-27,OPTSTK,RELIANCE,900.0,CA,0.0,0.0,0.0,175.75,134.3,0.0,0.0,0.0
2006-05-26,2006-07-27,OPTSTK,RELIANCE,920.0,CA,0.0,0.0,0.0,144.0,123.55,0.0,0.0,0.0
2006-05-26,2006-07-27,OPTSTK,RELIANCE,930.0,CA,0.0,0.0,0.0,140.55,118.4,0.0,0.0,0.0
2006-05-26,2006-07-27,OPTSTK,RELIANCE,940.0,CA,0.0,0.0,0.0,129.5,113.4,0.0,0.0,0.0
2006-05-26,2006-07-27,OPTSTK,RELIANCE,960.0,CA,0.0,0.0,0.0,118.3,103.95,0.0,0.0,0.0
2006-05-26,2006-07-27,OPTSTK,RELIANCE,980.0,CA,0.0,0.0,0.0,107.8,95.1,0.0,0.0,0.0
2006-05-26,2006-07-27,OPTSTK,RELIANCE,990.0,CA,0.0,0.0,0.0,106.6,90.9,0.0,0.0,0.0
2006-05-26,2006-07-27,OPTSTK,RELIANCE,1000.0,CA,0.0,0.0,0.0,98.0,86.85,0.0,0.0,0.0
2006-05-26,2006-07-27,OPTSTK,RELIANCE,1020.0,CA,0.0,0.0,0.0,88.9,79.2,0.0,0.0,0.0
2006-05-26,2006-07-27,OPTSTK,RELIANCE,1040.0,CA,0.0,0.0,0.0,80.45,72.1,0.0,0.0,0.0
2006-05-26,2006-07-27,OPTSTK,RELIANCE,1050.0,CA,0.0,0.0,0.0,79.05,68.75,0.0,0.0,0.0
2006-05-26,2006-07-27,OPTSTK,RELIANCE,1060.0,CA,0.0,0.0,0.0,72.65,65.55,0.0,0.0,0.0
2006-05-26,2006-07-27,OPTSTK,RELIANCE,1080.0,CA,0.0,0.0,0.0,67.55,59.5,0.0,0.0,0.0
2006-05-26,2006-07-27,OPTSTK,RELIANCE,1110.0,CA,0.0,0.0,0.0,57.4,51.35,0.0,0.0,0.0
2006-05-26,2006-07-27,OPTSTK,RELIANCE,1140.0,CA,0.0,0.0,0.0,49.55,44.2,0.0,0.0,0.0
2006-05-26,2006-07-27,OPTSTK,RELIANCE,1170.0,CA,0.0,0.0,0.0,63.95,37.95,0.0,0.0,0.0
2006-05-26,2006-07-27,OPTSTK,RELIANCE,1200.0,CA,0.0,0.0,0.0,60.2,32.45,0.0,0.0,0.0
2006-05-26,2006-07-27,OPTSTK,RELIANCE,1230.0,CA,0.0,0.0,0.0,81.55,27.7,0.0,0.0,0.0
2006-05-26,2006-07-27,OPTSTK,RELIANCE,1260.0,CA,0.0,0.0,0.0,71.1,23.6,0.0,0.0,0.0
2006-05-26,2006-07-27,OPTSTK,RELIANCE,860.0,PA,0.0,0.0,0.0,62.3,49.5,0.0,0.0,0.0
2006-05-26,2006-07-27,OPTSTK,RELIANCE,880.0,PA,0.0,0.0,0.0,71.0,57.15,0.0,0.0,0.0
2006-05-26,2006-07-27,OPTSTK,RELIANCE,900.0,PA,0.0,0.0,0.0,59.2,65.5,0.0,0.0,0.0
2006-05-26,2006-07-27,OPTSTK,RELIANCE,920.0,PA,0.0,0.0,0.0,73.95,74.5,0.0,0.0,0.0
2006-05-26,2006-07-27,OPTSTK,RELIANCE,930.0,PA,0.0,0.0,0.0,45.95,79.25,0.0,0.0,0.0
2006-05-26,2006-07-27,OPTSTK,RELIANCE,940.0,PA,0.0,0.0,0.0,55.45,84.15,0.0,0.0,0.0
2006-05-26,2006-07-27,OPTSTK,RELIANCE,960.0,PA,0.0,0.0,0.0,63.95,94.45,0.0,0.0,0.0
2006-05-26,2006-07-27,OPTSTK,RELIANCE,980.0,PA,0.0,0.0,0.0,73.1,105.4,0.0,0.0,0.0
2006-05-26,2006-07-27,OPTSTK,RELIANCE,990.0,PA,0.0,0.0,0.0,71.05,111.05,0.0,0.0,0.0
2006-05-26,2006-07-27,OPTSTK,RELIANCE,1000.0,PA,0.0,0.0,0.0,82.95,116.9,0.0,0.0,0.0
2006-05-26,2006-07-27,OPTSTK,RELIANCE,1020.0,PA,0.0,0.0,0.0,93.5,129.0,0.0,0.0,0.0
2006-05-26,2006-07-27,OPTSTK,RELIANCE,1040.0,PA,0.0,0.0,0.0,104.7,141.7,0.0,0.0,0.0
2006-05-26,2006-07-27,OPTSTK,RELIANCE,1050.0,PA,0.0,0.0,0.0,102.45,148.25,0.0,0.0,0.0
2006-05-26,2006-07-27,OPTSTK,RELIANCE,1060.0,PA,0.0,0.0,0.0,116.55,154.9,0.0,0.0,0.0
2006-05-26,2006-07-27,OPTSTK,RELIANCE,1080.0,PA,0.0,0.0,0.0,120.45,168.65,0.0,0.0,0.0
2006-05-26,2006-07-27,OPTSTK,RELIANCE,1110.0,PA,0.0,0.0,0.0,139.8,190.1,0.0,0.0,0.0
2006-05-26,2006-07-27,OPTSTK,RELIANCE,1140.0,PA,0.0,0.0,0.0,135.85,212.65,0.0,0.0,0.0
2006-05-26,2006-07-27,OPTSTK,RELIANCE,1170.0,PA,0.0,0.0,0.0,135.3,236.05,0.0,0.0,0.0
2006-05-26,2006-07-27,OPTSTK,RELIANCE,1200.0,PA,0.0,0.0,0.0,142.05,260.2,0.0,0.0,0.0
2006-05-26,2006-07-27,OPTSTK,RELIANCE,1230.0,PA,0.0,0.0,0.0,137.85,285.1,0.0,0.0,0.0
2006-05-26,2006-07-27,OPTSTK,RELIANCE,1260.0,PA,0.0,0.0,0.0,156.95,310.65,0.0,0.0,0.0
2006-05-26,2006-08-31,OPTSTK,RELIANCE,900.0,CA,0.0,0.0,0.0,159.05,160.45,0.0,0.0,0.0
2006-05-26,2006-08-31,OPTSTK,RELIANCE,920.0,CA,0.0,0.0,0.0,149.1,150.25,0.0,0.0,0.0
2006-05-26,2006-08-31,OPTSTK,RELIANCE,940.0,CA,0.0,0.0,0.0,139.7,140.55,0.0,0.0,0.0
2006-05-26,2006-08-31,OPTSTK,RELIANCE,960.0,CA,0.0,0.0,0.0,130.8,131.35,0.0,0.0,0.0
2006-05-26,2006-08-31,OPTSTK,RELIANCE,980.0,CA,0.0,0.0,0.0,122.35,122.65,0.0,0.0,0.0
2006-05-26,2006-08-31,OPTSTK,RELIANCE,1000.0,CA,0.0,0.0,0.0,114.35,114.45,0.0,0.0,0.0
2006-05-26,2006-08-31,OPTSTK,RELIANCE,1020.0,CA,0.0,0.0,0.0,106.8,106.7,0.0,0.0,0.0
2006-05-26,2006-08-31,OPTSTK,RELIANCE,900.0,PA,0.0,0.0,0.0,92.65,85.9,0.0,0.0,0.0
2006-05-26,2006-08-31,OPTSTK,RELIANCE,920.0,PA,0.0,0.0,0.0,102.35,95.35,0.0,0.0,0.0
2006-05-26,2006-08-31,OPTSTK,RELIANCE,940.0,PA,0.0,0.0,0.0,112.6,105.25,0.0,0.0,0.0
2006-05-26,2006-08-31,OPTSTK,RELIANCE,960.0,PA,0.0,0.0,0.0,123.3,115.7,0.0,0.0,0.0
2006-05-26,2006-08-31,OPTSTK,RELIANCE,980.0,PA,0.0,0.0,0.0,134.5,126.65,0.0,0.0,0.0
2006-05-26,2006-08-31,OPTSTK,RELIANCE,1000.0,PA,0.0,0.0,0.0,146.15,138.1,0.0,0.0,0.0
2006-05-26,2006-08-31,OPTSTK,RELIANCE,1020.0,PA,0.0,0.0,0.0,158.25,150.0,0.0,0.0,0.0
2006-05-26,2006-06-29,OPTSTK,RPL,55.0,CA,0.0,0.0,0.0,18.2,16.9,0.0,0.0,0.0
2006-05-26,2006-06-29,OPTSTK,RPL,60.0,CA,0.0,0.0,0.0,16.2,12.6,0.0,0.0,0.0
2006-05-26,2006-06-29,OPTSTK,RPL,65.0,CA,9.0,9.0,7.5,7.75,7.75,6.0,14.67,20100.0
2006-05-26,2006-06-29,OPTSTK,RPL,70.0,CA,5.2,6.0,4.7,4.8,4.8,271.0,683.74,817400.0
2006-05-26,2006-06-29,OPTSTK,RPL,75.0,CA,3.45,3.95,2.6,2.75,2.75,193.0,506.81,1115550.0
2006-05-26,2006-06-29,OPTSTK,RPL,80.0,CA,2.1,2.45,1.7,1.75,1.75,150.0,412.66,1061950.0
2006-05-26,2006-06-29,OPTSTK,RPL,85.0,CA,1.4,1.5,0.9,1.0,1.0,65.0,187.6,432150.0
2006-05-26,2006-06-29,OPTSTK,RPL,90.0,CA,1.2,1.2,0.65,0.75,0.75,58.0,176.61,713550.0
2006-05-26,2006-06-29,OPTSTK,RPL,95.0,CA,0.75,0.75,0.55,0.55,0.55,13.0,41.65,93800.0
2006-05-26,2006-06-29,OPTSTK,RPL,100.0,CA,0.45,0.65,0.45,0.6,0.6,41.0,138.06,559450.0
2006-05-26,2006-06-29,OPTSTK,RPL,105.0,CA,0.0,0.0,0.0,1.0,0.1,0.0,0.0,6700.0
2006-05-26,2006-06-29,OPTSTK,RPL,110.0,CA,0.5,0.5,0.25,0.25,0.25,5.0,18.48,134000.0
2006-05-26,2006-06-29,OPTSTK,RPL,55.0,PA,0.0,0.0,0.0,0.5,0.35,0.0,0.0,0.0
2006-05-26,2006-06-29,OPTSTK,RPL,60.0,PA,1.2,1.2,0.95,0.95,0.95,2.0,4.09,6700.0
2006-05-26,2006-06-29,OPTSTK,RPL,65.0,PA,2.65,2.65,1.9,2.15,2.15,29.0,65.16,90450.0
2006-05-26,2006-06-29,OPTSTK,RPL,70.0,PA,4.3,4.8,4.0,4.5,4.5,41.0,102.15,241200.0
2006-05-26,2006-06-29,OPTSTK,RPL,75.0,PA,0.0,0.0,0.0,7.55,7.05,0.0,0.0,46900.0
2006-05-26,2006-06-29,OPTSTK,RPL,80.0,PA,0.0,0.0,0.0,10.7,10.55,0.0,0.0,13400.0
2006-05-26,2006-06-29,OPTSTK,RPL,85.0,PA,0.0,0.0,0.0,20.0,14.55,0.0,0.0,3350.0
2006-05-26,2006-06-29,OPTSTK,RPL,90.0,PA,0.0,0.0,0.0,29.15,18.95,0.0,0.0,0.0
2006-05-26,2006-06-29,OPTSTK,RPL,95.0,PA,0.0,0.0,0.0,34.1,23.6,0.0,0.0,0.0
2006-05-26,2006-06-29,OPTSTK,RPL,100.0,PA,0.0,0.0,0.0,39.05,28.4,0.0,0.0,0.0
2006-05-26,2006-06-29,OPTSTK,RPL,105.0,PA,0.0,0.0,0.0,44.0,33.25,0.0,0.0,0.0
2006-05-26,2006-06-29,OPTSTK,RPL,110.0,PA,0.0,0.0,0.0,48.95,38.15,0.0,0.0,0.0
2006-05-26,2006-07-27,OPTSTK,RPL,55.0,CA,0.0,0.0,0.0,19.15,17.85,0.0,0.0,0.0
2006-05-26,2006-07-27,OPTSTK,RPL,60.0,CA,0.0,0.0,0.0,17.2,13.95,0.0,0.0,0.0
2006-05-26,2006-07-27,OPTSTK,RPL,65.0,CA,0.0,0.0,0.0,15.75,10.6,0.0,0.0,0.0
2006-05-26,2006-07-27,OPTSTK,RPL,70.0,CA,0.0,0.0,0.0,0.4,7.85,0.0,0.0,0.0
2006-05-26,2006-07-27,OPTSTK,RPL,75.0,CA,0.0,0.0,0.0,0.1,5.65,0.0,0.0,0.0
2006-05-26,2006-07-27,OPTSTK,RPL,80.0,CA,0.0,0.0,0.0,0.05,4.0,0.0,0.0,0.0
2006-05-26,2006-07-27,OPTSTK,RPL,85.0,CA,0.0,0.0,0.0,60.0,2.75,0.0,0.0,0.0
2006-05-26,2006-07-27,OPTSTK,RPL,90.0,CA,0.0,0.0,0.0,1.0,1.9,0.0,0.0,3350.0
2006-05-26,2006-07-27,OPTSTK,RPL,95.0,CA,0.0,0.0,0.0,60.0,1.25,0.0,0.0,0.0
2006-05-26,2006-07-27,OPTSTK,RPL,100.0,CA,0.0,0.0,0.0,60.0,0.85,0.0,0.0,0.0
2006-05-26,2006-07-27,OPTSTK,RPL,105.0,CA,0.0,0.0,0.0,60.0,0.55,0.0,0.0,0.0
2006-05-26,2006-07-27,OPTSTK,RPL,110.0,CA,0.0,0.0,0.0,60.0,0.35,0.0,0.0,0.0
2006-05-26,2006-07-27,OPTSTK,RPL,55.0,PA,0.0,0.0,0.0,1.15,1.05,0.0,0.0,0.0
2006-05-26,2006-07-27,OPTSTK,RPL,60.0,PA,0.0,0.0,0.0,1.3,2.05,0.0,0.0,0.0
2006-05-26,2006-07-27,OPTSTK,RPL,65.0,PA,0.0,0.0,0.0,0.85,3.65,0.0,0.0,0.0
2006-05-26,2006-07-27,OPTSTK,RPL,70.0,PA,0.0,0.0,0.0,9.35,5.85,0.0,0.0,0.0
2006-05-26,2006-07-27,OPTSTK,RPL,75.0,PA,0.0,0.0,0.0,14.0,8.6,0.0,0.0,0.0
2006-05-26,2006-07-27,OPTSTK,RPL,80.0,PA,0.0,0.0,0.0,18.85,11.9,0.0,0.0,0.0
2006-05-26,2006-07-27,OPTSTK,RPL,85.0,PA,0.0,0.0,0.0,23.75,15.6,0.0,0.0,0.0
2006-05-26,2006-07-27,OPTSTK,RPL,90.0,PA,0.0,0.0,0.0,28.7,19.65,0.0,0.0,0.0
2006-05-26,2006-07-27,OPTSTK,RPL,95.0,PA,0.0,0.0,0.0,33.6,24.0,0.0,0.0,0.0
2006-05-26,2006-07-27,OPTSTK,RPL,100.0,PA,0.0,0.0,0.0,38.55,28.5,0.0,0.0,0.0
2006-05-26,2006-07-27,OPTSTK,RPL,105.0,PA,0.0,0.0,0.0,43.45,33.15,0.0,0.0,0.0
2006-05-26,2006-07-27,OPTSTK,RPL,110.0,PA,0.0,0.0,0.0,48.4,37.9,0.0,0.0,0.0
2006-05-26,2006-08-31,OPTSTK,RPL,55.0,CA,0.0,0.0,0.0,18.8,19.05,0.0,0.0,0.0
2006-05-26,2006-08-31,OPTSTK,RPL,60.0,CA,0.0,0.0,0.0,15.3,15.45,0.0,0.0,0.0
2006-05-26,2006-08-31,OPTSTK,RPL,65.0,CA,0.0,0.0,0.0,12.3,12.35,0.0,0.0,0.0
2006-05-26,2006-08-31,OPTSTK,RPL,70.0,CA,0.0,0.0,0.0,9.75,9.75,0.0,0.0,0.0
2006-05-26,2006-08-31,OPTSTK,RPL,75.0,CA,0.0,0.0,0.0,7.6,7.55,0.0,0.0,0.0
2006-05-26,2006-08-31,OPTSTK,RPL,80.0,CA,0.0,0.0,0.0,5.9,5.85,0.0,0.0,0.0
2006-05-26,2006-08-31,OPTSTK,RPL,85.0,CA,0.0,0.0,0.0,4.55,4.45,0.0,0.0,0.0
2006-05-26,2006-08-31,OPTSTK,RPL,55.0,PA,0.0,0.0,0.0,2.1,1.85,0.0,0.0,0.0
2006-05-26,2006-08-31,OPTSTK,RPL,60.0,PA,0.0,0.0,0.0,3.5,3.2,0.0,0.0,0.0
2006-05-26,2006-08-31,OPTSTK,RPL,65.0,PA,0.0,0.0,0.0,5.4,5.0,0.0,0.0,0.0
2006-05-26,2006-08-31,OPTSTK,RPL,70.0,PA,0.0,0.0,0.0,7.75,7.3,0.0,0.0,0.0
2006-05-26,2006-08-31,OPTSTK,RPL,75.0,PA,0.0,0.0,0.0,10.55,10.05,0.0,0.0,0.0
2006-05-26,2006-08-31,OPTSTK,RPL,80.0,PA,0.0,0.0,0.0,13.75,13.2,0.0,0.0,0.0
2006-05-26,2006-08-31,OPTSTK,RPL,85.0,PA,0.0,0.0,0.0,17.3,16.75,0.0,0.0,0.0
2006-05-26,2006-06-29,OPTSTK,SATYAMCOMP,600.0,CA,0.0,0.0,0.0,95.75,95.25,0.0,0.0,0.0
2006-05-26,2006-06-29,OPTSTK,SATYAMCOMP,620.0,CA,0.0,0.0,0.0,83.15,80.95,0.0,0.0,0.0
2006-05-26,2006-06-29,OPTSTK,SATYAMCOMP,640.0,CA,0.0,0.0,0.0,71.65,68.0,0.0,0.0,0.0
2006-05-26,2006-06-29,OPTSTK,SATYAMCOMP,660.0,CA,0.0,0.0,0.0,87.15,56.45,0.0,0.0,0.0
2006-05-26,2006-06-29,OPTSTK,SATYAMCOMP,680.0,CA,45.6,45.6,41.0,43.0,43.0,9.0,39.08,9600.0
2006-05-26,2006-06-29,OPTSTK,SATYAMCOMP,700.0,CA,40.05,46.0,30.05,33.0,33.0,95.0,421.19,77400.0
2006-05-26,2006-06-29,OPTSTK,SATYAMCOMP,720.0,CA,31.2,35.0,23.0,24.25,24.25,47.0,211.44,20400.0
2006-05-26,2006-06-29,OPTSTK,SATYAMCOMP,740.0,CA,27.0,27.0,20.0,20.0,20.0,22.0,100.73,18000.0
2006-05-26,2006-06-29,OPTSTK,SATYAMCOMP,760.0,CA,15.0,18.0,14.7,15.05,15.05,26.0,120.99,18000.0
2006-05-26,2006-06-29,OPTSTK,SATYAMCOMP,780.0,CA,13.9,13.9,10.0,10.95,10.95,6.0,28.5,10200.0
2006-05-26,2006-06-29,OPTSTK,SATYAMCOMP,800.0,CA,8.15,9.9,6.75,7.45,7.45,20.0,96.96,33600.0
2006-05-26,2006-06-29,OPTSTK,SATYAMCOMP,820.0,CA,0.0,0.0,0.0,7.0,8.6,0.0,0.0,600.0
2006-05-26,2006-06-29,OPTSTK,SATYAMCOMP,840.0,CA,0.0,0.0,0.0,5.0,6.55,0.0,0.0,3000.0
2006-05-26,2006-06-29,OPTSTK,SATYAMCOMP,860.0,CA,0.0,0.0,0.0,58.85,4.9,0.0,0.0,0.0
2006-05-26,2006-06-29,OPTSTK,SATYAMCOMP,880.0,CA,0.0,0.0,0.0,50.1,3.65,0.0,0.0,0.0
2006-05-26,2006-06-29,OPTSTK,SATYAMCOMP,900.0,CA,0.0,0.0,0.0,10.0,2.7,0.0,0.0,600.0
2006-05-26,2006-06-29,OPTSTK,SATYAMCOMP,920.0,CA,0.0,0.0,0.0,53.05,2.0,0.0,0.0,0.0
2006-05-26,2006-06-29,OPTSTK,SATYAMCOMP,940.0,CA,0.0,0.0,0.0,45.45,1.45,0.0,0.0,0.0
2006-05-26,2006-06-29,OPTSTK,SATYAMCOMP,600.0,PA,9.5,9.5,9.5,9.5,9.5,1.0,3.65,600.0
2006-05-26,2006-06-29,OPTSTK,SATYAMCOMP,620.0,PA,0.0,0.0,0.0,32.1,19.2,0.0,0.0,0.0
2006-05-26,2006-06-29,OPTSTK,SATYAMCOMP,640.0,PA,13.95,15.0,13.95,15.0,15.0,2.0,7.85,4200.0
2006-05-26,2006-06-29,OPTSTK,SATYAMCOMP,660.0,PA,18.0,25.0,18.0,25.0,25.0,3.0,12.24,6000.0
2006-05-26,2006-06-29,OPTSTK,SATYAMCOMP,680.0,PA,39.8,40.0,34.95,38.75,38.75,6.0,25.87,8400.0
2006-05-26,2006-06-29,OPTSTK,SATYAMCOMP,700.0,PA,35.0,53.0,34.0,53.0,53.0,16.0,71.22,8400.0
2006-05-26,2006-06-29,OPTSTK,SATYAMCOMP,720.0,PA,0.0,0.0,0.0,35.35,67.75,0.0,0.0,0.0
2006-05-26,2006-06-29,OPTSTK,SATYAMCOMP,740.0,PA,0.0,0.0,0.0,30.0,81.45,0.0,0.0,0.0
2006-05-26,2006-06-29,OPTSTK,SATYAMCOMP,760.0,PA,0.0,0.0,0.0,33.0,96.2,0.0,0.0,0.0
2006-05-26,2006-06-29,OPTSTK,SATYAMCOMP,780.0,PA,0.0,0.0,0.0,23.1,111.9,0.0,0.0,0.0
2006-05-26,2006-06-29,OPTSTK,SATYAMCOMP,800.0,PA,0.0,0.0,0.0,29.5,128.4,0.0,0.0,0.0
2006-05-26,2006-06-29,OPTSTK,SATYAMCOMP,820.0,PA,0.0,0.0,0.0,37.05,145.6,0.0,0.0,0.0
2006-05-26,2006-06-29,OPTSTK,SATYAMCOMP,840.0,PA,0.0,0.0,0.0,45.7,163.4,0.0,0.0,0.0
2006-05-26,2006-06-29,OPTSTK,SATYAMCOMP,860.0,PA,0.0,0.0,0.0,55.4,181.65,0.0,0.0,0.0
2006-05-26,2006-06-29,OPTSTK,SATYAMCOMP,880.0,PA,0.0,0.0,0.0,66.2,200.25,0.0,0.0,0.0
2006-05-26,2006-06-29,OPTSTK,SATYAMCOMP,900.0,PA,0.0,0.0,0.0,78.0,219.2,0.0,0.0,0.0
2006-05-26,2006-06-29,OPTSTK,SATYAMCOMP,920.0,PA,0.0,0.0,0.0,74.15,238.35,0.0,0.0,0.0
2006-05-26,2006-06-29,OPTSTK,SATYAMCOMP,940.0,PA,0.0,0.0,0.0,86.1,257.7,0.0,0.0,0.0
2006-05-26,2006-07-27,OPTSTK,SATYAMCOMP,600.0,CA,0.0,0.0,0.0,111.7,109.35,0.0,0.0,0.0
2006-05-26,2006-07-27,OPTSTK,SATYAMCOMP,620.0,CA,0.0,0.0,0.0,100.0,96.3,0.0,0.0,0.0
2006-05-26,2006-07-27,OPTSTK,SATYAMCOMP,640.0,CA,0.0,0.0,0.0,89.25,84.4,0.0,0.0,0.0
2006-05-26,2006-07-27,OPTSTK,SATYAMCOMP,660.0,CA,0.0,0.0,0.0,102.65,73.55,0.0,0.0,0.0
2006-05-26,2006-07-27,OPTSTK,SATYAMCOMP,680.0,CA,0.0,0.0,0.0,129.85,63.75,0.0,0.0,0.0
2006-05-26,2006-07-27,OPTSTK,SATYAMCOMP,700.0,CA,0.0,0.0,0.0,132.05,54.95,0.0,0.0,0.0
2006-05-26,2006-07-27,OPTSTK,SATYAMCOMP,720.0,CA,0.0,0.0,0.0,121.0,47.15,0.0,0.0,0.0
2006-05-26,2006-07-27,OPTSTK,SATYAMCOMP,740.0,CA,0.0,0.0,0.0,110.6,40.25,0.0,0.0,0.0
2006-05-26,2006-07-27,OPTSTK,SATYAMCOMP,760.0,CA,0.0,0.0,0.0,100.95,34.2,0.0,0.0,0.0
2006-05-26,2006-07-27,OPTSTK,SATYAMCOMP,780.0,CA,0.0,0.0,0.0,91.95,29.0,0.0,0.0,0.0
2006-05-26,2006-07-27,OPTSTK,SATYAMCOMP,800.0,CA,0.0,0.0,0.0,83.65,24.45,0.0,0.0,0.0
2006-05-26,2006-07-27,OPTSTK,SATYAMCOMP,820.0,CA,0.0,0.0,0.0,75.95,20.5,0.0,0.0,0.0
2006-05-26,2006-07-27,OPTSTK,SATYAMCOMP,840.0,CA,0.0,0.0,0.0,61.9,17.15,0.0,0.0,0.0
2006-05-26,2006-07-27,OPTSTK,SATYAMCOMP,600.0,PA,0.0,0.0,0.0,37.65,24.6,0.0,0.0,0.0
2006-05-26,2006-07-27,OPTSTK,SATYAMCOMP,620.0,PA,0.0,0.0,0.0,45.7,31.35,0.0,0.0,0.0
2006-05-26,2006-07-27,OPTSTK,SATYAMCOMP,640.0,PA,0.0,0.0,0.0,54.65,39.2,0.0,0.0,0.0
2006-05-26,2006-07-27,OPTSTK,SATYAMCOMP,660.0,PA,0.0,0.0,0.0,37.85,48.15,0.0,0.0,0.0
2006-05-26,2006-07-27,OPTSTK,SATYAMCOMP,680.0,PA,0.0,0.0,0.0,49.05,58.1,0.0,0.0,0.0
2006-05-26,2006-07-27,OPTSTK,SATYAMCOMP,700.0,PA,0.0,0.0,0.0,53.5,69.1,0.0,0.0,0.0
2006-05-26,2006-07-27,OPTSTK,SATYAMCOMP,720.0,PA,0.0,0.0,0.0,62.05,81.05,0.0,0.0,0.0
2006-05-26,2006-07-27,OPTSTK,SATYAMCOMP,740.0,PA,0.0,0.0,0.0,71.35,93.95,0.0,0.0,0.0
2006-05-26,2006-07-27,OPTSTK,SATYAMCOMP,760.0,PA,0.0,0.0,0.0,81.35,107.65,0.0,0.0,0.0
2006-05-26,2006-07-27,OPTSTK,SATYAMCOMP,780.0,PA,0.0,0.0,0.0,92.05,122.2,0.0,0.0,0.0
2006-05-26,2006-07-27,OPTSTK,SATYAMCOMP,800.0,PA,0.0,0.0,0.0,103.35,137.45,0.0,0.0,0.0
2006-05-26,2006-07-27,OPTSTK,SATYAMCOMP,820.0,PA,0.0,0.0,0.0,115.35,153.3,0.0,0.0,0.0
2006-05-26,2006-07-27,OPTSTK,SATYAMCOMP,840.0,PA,0.0,0.0,0.0,115.9,169.7,0.0,0.0,0.0
2006-05-26,2006-08-31,OPTSTK,SATYAMCOMP,620.0,CA,0.0,0.0,0.0,118.65,112.05,0.0,0.0,0.0
2006-05-26,2006-08-31,OPTSTK,SATYAMCOMP,640.0,CA,0.0,0.0,0.0,107.3,100.8,0.0,0.0,0.0
2006-05-26,2006-08-31,OPTSTK,SATYAMCOMP,660.0,CA,0.0,0.0,0.0,96.75,90.45,0.0,0.0,0.0
2006-05-26,2006-08-31,OPTSTK,SATYAMCOMP,680.0,CA,0.0,0.0,0.0,87.05,80.9,0.0,0.0,0.0
2006-05-26,2006-08-31,OPTSTK,SATYAMCOMP,700.0,CA,0.0,0.0,0.0,78.1,72.2,0.0,0.0,0.0
2006-05-26,2006-08-31,OPTSTK,SATYAMCOMP,720.0,CA,0.0,0.0,0.0,69.95,64.25,0.0,0.0,0.0
2006-05-26,2006-08-31,OPTSTK,SATYAMCOMP,740.0,CA,0.0,0.0,0.0,62.5,57.0,0.0,0.0,0.0
2006-05-26,2006-08-31,OPTSTK,SATYAMCOMP,620.0,PA,0.0,0.0,0.0,43.5,43.1,0.0,0.0,0.0
2006-05-26,2006-08-31,OPTSTK,SATYAMCOMP,640.0,PA,0.0,0.0,0.0,51.8,51.55,0.0,0.0,0.0
2006-05-26,2006-08-31,OPTSTK,SATYAMCOMP,660.0,PA,0.0,0.0,0.0,60.9,60.8,0.0,0.0,0.0
2006-05-26,2006-08-31,OPTSTK,SATYAMCOMP,680.0,PA,0.0,0.0,0.0,70.85,70.9,0.0,0.0,0.0
2006-05-26,2006-08-31,OPTSTK,SATYAMCOMP,700.0,PA,0.0,0.0,0.0,81.55,81.85,0.0,0.0,0.0
2006-05-26,2006-08-31,OPTSTK,SATYAMCOMP,720.0,PA,0.0,0.0,0.0,93.0,93.55,0.0,0.0,0.0
2006-05-26,2006-08-31,OPTSTK,SATYAMCOMP,740.0,PA,0.0,0.0,0.0,105.2,105.95,0.0,0.0,0.0
2006-05-26,2006-06-29,OPTSTK,SBIN,800.0,CA,0.0,0.0,0.0,114.1,104.15,0.0,0.0,0.0
2006-05-26,2006-06-29,OPTSTK,SBIN,820.0,CA,0.0,0.0,0.0,85.6,91.05,0.0,0.0,0.0
2006-05-26,2006-06-29,OPTSTK,SBIN,840.0,CA,0.0,0.0,0.0,70.0,79.0,0.0,0.0,500.0
2006-05-26,2006-06-29,OPTSTK,SBIN,860.0,CA,46.5,47.55,46.0,46.55,46.55,5.0,22.66,4500.0
2006-05-26,2006-06-29,OPTSTK,SBIN,880.0,CA,50.0,53.5,38.5,38.5,38.5,11.0,50.94,9500.0
2006-05-26,2006-06-29,OPTSTK,SBIN,900.0,CA,37.0,44.4,27.5,30.05,30.05,330.0,1545.23,142000.0
2006-05-26,2006-06-29,OPTSTK,SBIN,920.0,CA,29.75,34.0,19.15,20.9,20.9,25.0,118.15,11000.0
2006-05-26,2006-06-29,OPTSTK,SBIN,930.0,CA,0.0,0.0,0.0,108.85,38.35,0.0,0.0,0.0
2006-05-26,2006-06-29,OPTSTK,SBIN,940.0,CA,20.0,22.0,14.5,15.15,15.15,16.0,76.62,10500.0
2006-05-26,2006-06-29,OPTSTK,SBIN,960.0,CA,0.0,0.0,0.0,34.0,29.25,0.0,0.0,1500.0
2006-05-26,2006-06-29,OPTSTK,SBIN,980.0,CA,18.0,18.0,18.0,18.0,18.0,1.0,4.99,1500.0
2006-05-26,2006-06-29,OPTSTK,SBIN,990.0,CA,0.0,0.0,0.0,68.8,22.05,0.0,0.0,0.0
2006-05-26,2006-06-29,OPTSTK,SBIN,1000.0,CA,12.0,13.0,8.85,10.85,10.85,34.0,171.82,26500.0
2006-05-26,2006-06-29,OPTSTK,SBIN,1020.0,CA,0.0,0.0,0.0,37.7,16.35,0.0,0.0,0.0
2006-05-26,2006-06-29,OPTSTK,SBIN,1040.0,CA,0.0,0.0,0.0,35.3,13.3,0.0,0.0,0.0
2006-05-26,2006-06-29,OPTSTK,SBIN,1050.0,CA,0.0,0.0,0.0,39.7,11.95,0.0,0.0,0.0
2006-05-26,2006-06-29,OPTSTK,SBIN,1060.0,CA,0.0,0.0,0.0,32.95,10.75,0.0,0.0,0.0
2006-05-26,2006-06-29,OPTSTK,SBIN,1080.0,CA,0.0,0.0,0.0,29.15,8.65,0.0,0.0,0.0
2006-05-26,2006-06-29,OPTSTK,SBIN,1110.0,CA,0.0,0.0,0.0,20.95,6.2,0.0,0.0,0.0
2006-05-26,2006-06-29,OPTSTK,SBIN,800.0,PA,12.0,21.0,12.0,21.0,21.0,4.0,16.32,2000.0
2006-05-26,2006-06-29,OPTSTK,SBIN,820.0,PA,0.0,0.0,0.0,20.0,31.45,0.0,0.0,1000.0
2006-05-26,2006-06-29,OPTSTK,SBIN,840.0,PA,0.0,0.0,0.0,40.0,39.3,0.0,0.0,500.0
2006-05-26,2006-06-29,OPTSTK,SBIN,860.0,PA,32.95,44.95,32.95,41.35,41.35,9.0,40.42,4000.0
2006-05-26,2006-06-29,OPTSTK,SBIN,880.0,PA,48.75,55.0,45.0,55.0,55.0,9.0,41.8,4000.0
2006-05-26,2006-06-29,OPTSTK,SBIN,900.0,PA,30.3,48.0,30.3,48.0,48.0,3.0,14.13,2000.0
2006-05-26,2006-06-29,OPTSTK,SBIN,920.0,PA,0.0,0.0,0.0,23.85,81.6,0.0,0.0,0.0
2006-05-26,2006-06-29,OPTSTK,SBIN,930.0,PA,0.0,0.0,0.0,14.8,88.05,0.0,0.0,0.0
2006-05-26,2006-06-29,OPTSTK,SBIN,940.0,PA,0.0,0.0,0.0,30.75,94.7,0.0,0.0,0.0
2006-05-26,2006-06-29,OPTSTK,SBIN,960.0,PA,0.0,0.0,0.0,38.85,108.75,0.0,0.0,0.0
2006-05-26,2006-06-29,OPTSTK,SBIN,980.0,PA,0.0,0.0,0.0,48.2,123.65,0.0,0.0,0.0
2006-05-26,2006-06-29,OPTSTK,SBIN,990.0,PA,0.0,0.0,0.0,33.65,131.35,0.0,0.0,0.0
2006-05-26,2006-06-29,OPTSTK,SBIN,1000.0,PA,0.0,0.0,0.0,58.7,139.2,0.0,0.0,0.0
2006-05-26,2006-06-29,OPTSTK,SBIN,1020.0,PA,0.0,0.0,0.0,70.35,155.45,0.0,0.0,0.0
2006-05-26,2006-06-29,OPTSTK,SBIN,1040.0,PA,0.0,0.0,0.0,70.9,172.3,0.0,0.0,0.0
2006-05-26,2006-06-29,OPTSTK,SBIN,1050.0,PA,0.0,0.0,0.0,63.45,180.9,0.0,0.0,0.0
2006-05-26,2006-06-29,OPTSTK,SBIN,1060.0,PA,0.0,0.0,0.0,75.95,189.65,0.0,0.0,0.0
2006-05-26,2006-06-29,OPTSTK,SBIN,1080.0,PA,0.0,0.0,0.0,82.35,207.4,0.0,0.0,0.0
2006-05-26,2006-06-29,OPTSTK,SBIN,1110.0,PA,0.0,0.0,0.0,103.6,234.75,0.0,0.0,0.0
2006-05-26,2006-07-27,OPTSTK,SBIN,800.0,CA,0.0,0.0,0.0,135.8,123.95,0.0,0.0,0.0
2006-05-26,2006-07-27,OPTSTK,SBIN,820.0,CA,0.0,0.0,0.0,95.05,111.9,0.0,0.0,0.0
2006-05-26,2006-07-27,OPTSTK,SBIN,840.0,CA,0.0,0.0,0.0,88.75,100.7,0.0,0.0,0.0
2006-05-26,2006-07-27,OPTSTK,SBIN,860.0,CA,0.0,0.0,0.0,76.0,90.3,0.0,0.0,0.0
2006-05-26,2006-07-27,OPTSTK,SBIN,880.0,CA,0.0,0.0,0.0,64.45,80.7,0.0,0.0,0.0
2006-05-26,2006-07-27,OPTSTK,SBIN,900.0,CA,0.0,0.0,0.0,54.15,71.9,0.0,0.0,0.0
2006-05-26,2006-07-27,OPTSTK,SBIN,920.0,CA,0.0,0.0,0.0,45.1,63.9,0.0,0.0,0.0
2006-05-26,2006-07-27,OPTSTK,SBIN,930.0,CA,0.0,0.0,0.0,111.25,60.15,0.0,0.0,0.0
2006-05-26,2006-07-27,OPTSTK,SBIN,940.0,CA,0.0,0.0,0.0,37.2,56.6,0.0,0.0,0.0
2006-05-26,2006-07-27,OPTSTK,SBIN,960.0,CA,0.0,0.0,0.0,30.35,50.0,0.0,0.0,0.0
2006-05-26,2006-07-27,OPTSTK,SBIN,980.0,CA,0.0,0.0,0.0,36.4,44.05,0.0,0.0,0.0
2006-05-26,2006-07-27,OPTSTK,SBIN,990.0,CA,0.0,0.0,0.0,74.7,41.3,0.0,0.0,0.0
2006-05-26,2006-07-27,OPTSTK,SBIN,1000.0,CA,0.0,0.0,0.0,40.95,38.7,0.0,0.0,0.0
2006-05-26,2006-07-27,OPTSTK,SBIN,1020.0,CA,0.0,0.0,0.0,45.65,33.95,0.0,0.0,0.0
2006-05-26,2006-07-27,OPTSTK,SBIN,1040.0,CA,0.0,0.0,0.0,37.8,29.7,0.0,0.0,0.0
2006-05-26,2006-07-27,OPTSTK,SBIN,1050.0,CA,0.0,0.0,0.0,47.35,27.75,0.0,0.0,0.0
2006-05-26,2006-07-27,OPTSTK,SBIN,1080.0,CA,0.0,0.0,0.0,36.9,22.55,0.0,0.0,0.0
2006-05-26,2006-07-27,OPTSTK,SBIN,800.0,PA,0.0,0.0,0.0,56.35,40.3,0.0,0.0,0.0
2006-05-26,2006-07-27,OPTSTK,SBIN,820.0,PA,0.0,0.0,0.0,18.4,48.05,0.0,0.0,0.0
2006-05-26,2006-07-27,OPTSTK,SBIN,840.0,PA,0.0,0.0,0.0,23.0,56.6,0.0,0.0,0.0
2006-05-26,2006-07-27,OPTSTK,SBIN,860.0,PA,0.0,0.0,0.0,29.95,66.0,0.0,0.0,0.0
2006-05-26,2006-07-27,OPTSTK,SBIN,880.0,PA,0.0,0.0,0.0,38.05,76.2,0.0,0.0,0.0
2006-05-26,2006-07-27,OPTSTK,SBIN,900.0,PA,0.0,0.0,0.0,47.4,87.15,0.0,0.0,0.0
2006-05-26,2006-07-27,OPTSTK,SBIN,920.0,PA,0.0,0.0,0.0,58.0,98.9,0.0,0.0,0.0
2006-05-26,2006-07-27,OPTSTK,SBIN,930.0,PA,0.0,0.0,0.0,25.3,105.05,0.0,0.0,0.0
2006-05-26,2006-07-27,OPTSTK,SBIN,940.0,PA,0.0,0.0,0.0,69.75,111.4,0.0,0.0,0.0
2006-05-26,2006-07-27,OPTSTK,SBIN,960.0,PA,0.0,0.0,0.0,82.6,124.55,0.0,0.0,0.0
2006-05-26,2006-07-27,OPTSTK,SBIN,980.0,PA,0.0,0.0,0.0,87.0,138.35,0.0,0.0,0.0
2006-05-26,2006-07-27,OPTSTK,SBIN,990.0,PA,0.0,0.0,0.0,47.85,145.5,0.0,0.0,0.0
2006-05-26,2006-07-27,OPTSTK,SBIN,1000.0,PA,0.0,0.0,0.0,87.25,152.8,0.0,0.0,0.0
2006-05-26,2006-07-27,OPTSTK,SBIN,1020.0,PA,0.0,0.0,0.0,87.7,167.85,0.0,0.0,0.0
2006-05-26,2006-07-27,OPTSTK,SBIN,1040.0,PA,0.0,0.0,0.0,86.05,183.35,0.0,0.0,0.0
2006-05-26,2006-07-27,OPTSTK,SBIN,1050.0,PA,0.0,0.0,0.0,79.6,191.3,0.0,0.0,0.0
2006-05-26,2006-07-27,OPTSTK,SBIN,1080.0,PA,0.0,0.0,0.0,98.7,215.75,0.0,0.0,0.0
2006-05-26,2006-08-31,OPTSTK,SBIN,820.0,CA,0.0,0.0,0.0,133.6,132.85,0.0,0.0,0.0
2006-05-26,2006-08-31,OPTSTK,SBIN,840.0,CA,0.0,0.0,0.0,123.15,122.2,0.0,0.0,0.0
2006-05-26,2006-08-31,OPTSTK,SBIN,860.0,CA,0.0,0.0,0.0,113.35,112.2,0.0,0.0,0.0
2006-05-26,2006-08-31,OPTSTK,SBIN,880.0,CA,0.0,0.0,0.0,104.2,102.8,0.0,0.0,0.0
2006-05-26,2006-08-31,OPTSTK,SBIN,900.0,CA,0.0,0.0,0.0,95.6,94.1,0.0,0.0,0.0
2006-05-26,2006-08-31,OPTSTK,SBIN,920.0,CA,0.0,0.0,0.0,87.6,85.95,0.0,0.0,0.0
2006-05-26,2006-08-31,OPTSTK,SBIN,940.0,CA,0.0,0.0,0.0,80.2,78.4,0.0,0.0,0.0
2006-05-26,2006-08-31,OPTSTK,SBIN,820.0,PA,0.0,0.0,0.0,68.2,63.75,0.0,0.0,0.0
2006-05-26,2006-08-31,OPTSTK,SBIN,840.0,PA,0.0,0.0,0.0,77.4,72.75,0.0,0.0,0.0
2006-05-26,2006-08-31,OPTSTK,SBIN,860.0,PA,0.0,0.0,0.0,87.2,82.35,0.0,0.0,0.0
2006-05-26,2006-08-31,OPTSTK,SBIN,880.0,PA,0.0,0.0,0.0,97.65,92.65,0.0,0.0,0.0
2006-05-26,2006-08-31,OPTSTK,SBIN,900.0,PA,0.0,0.0,0.0,108.75,103.55,0.0,0.0,0.0
2006-05-26,2006-08-31,OPTSTK,SBIN,920.0,PA,0.0,0.0,0.0,120.35,115.1,0.0,0.0,0.0
2006-05-26,2006-08-31,OPTSTK,SBIN,940.0,PA,0.0,0.0,0.0,132.6,127.2,0.0,0.0,0.0
2006-05-26,2006-06-29,OPTSTK,SCI,115.0,CA,0.0,0.0,0.0,18.2,26.35,0.0,0.0,0.0
2006-05-26,2006-06-29,OPTSTK,SCI,120.0,CA,0.0,0.0,0.0,14.45,22.5,0.0,0.0,0.0
2006-05-26,2006-06-29,OPTSTK,SCI,125.0,CA,0.0,0.0,0.0,11.15,19.0,0.0,0.0,0.0
2006-05-26,2006-06-29,OPTSTK,SCI,130.0,CA,0.0,0.0,0.0,20.3,15.85,0.0,0.0,0.0
2006-05-26,2006-06-29,OPTSTK,SCI,135.0,CA,0.0,0.0,0.0,16.6,13.05,0.0,0.0,0.0
2006-05-26,2006-06-29,OPTSTK,SCI,140.0,CA,8.85,9.0,7.55,8.0,8.0,11.0,26.07,19200.0
2006-05-26,2006-06-29,OPTSTK,SCI,145.0,CA,0.0,0.0,0.0,22.0,8.6,0.0,0.0,0.0
2006-05-26,2006-06-29,OPTSTK,SCI,150.0,CA,4.85,4.85,3.65,4.2,4.2,15.0,37.02,22400.0
2006-05-26,2006-06-29,OPTSTK,SCI,155.0,CA,0.0,0.0,0.0,14.6,5.45,0.0,0.0,0.0
2006-05-26,2006-06-29,OPTSTK,SCI,160.0,CA,0.0,0.0,0.0,11.55,4.25,0.0,0.0,0.0
2006-05-26,2006-06-29,OPTSTK,SCI,165.0,CA,2.0,2.0,2.0,2.0,2.0,1.0,2.67,3200.0
2006-05-26,2006-06-29,OPTSTK,SCI,170.0,CA,0.0,0.0,0.0,5.0,2.55,0.0,0.0,1600.0
2006-05-26,2006-06-29,OPTSTK,SCI,175.0,CA,0.0,0.0,0.0,5.05,1.95,0.0,0.0,0.0
2006-05-26,2006-06-29,OPTSTK,SCI,180.0,CA,0.0,0.0,0.0,8.35,1.5,0.0,0.0,0.0
2006-05-26,2006-06-29,OPTSTK,SCI,185.0,CA,0.0,0.0,0.0,6.65,1.1,0.0,0.0,0.0
2006-05-26,2006-06-29,OPTSTK,SCI,115.0,PA,0.0,0.0,0.0,1.75,2.3,0.0,0.0,0.0
2006-05-26,2006-06-29,OPTSTK,SCI,120.0,PA,0.0,0.0,0.0,3.0,3.4,0.0,0.0,0.0
2006-05-26,2006-06-29,OPTSTK,SCI,125.0,PA,0.0,0.0,0.0,4.65,4.85,0.0,0.0,0.0
2006-05-26,2006-06-29,OPTSTK,SCI,130.0,PA,4.1,4.1,4.1,4.1,4.1,1.0,2.14,1600.0
2006-05-26,2006-06-29,OPTSTK,SCI,135.0,PA,0.0,0.0,0.0,3.55,8.85,0.0,0.0,0.0
2006-05-26,2006-06-29,OPTSTK,SCI,140.0,PA,0.0,0.0,0.0,1.5,11.45,0.0,0.0,0.0
2006-05-26,2006-06-29,OPTSTK,SCI,145.0,PA,0.0,0.0,0.0,1.7,14.35,0.0,0.0,0.0
2006-05-26,2006-06-29,OPTSTK,SCI,150.0,PA,0.0,0.0,0.0,2.7,17.55,0.0,0.0,0.0
2006-05-26,2006-06-29,OPTSTK,SCI,155.0,PA,0.0,0.0,0.0,4.15,21.1,0.0,0.0,0.0
2006-05-26,2006-06-29,OPTSTK,SCI,160.0,PA,0.0,0.0,0.0,5.95,24.9,0.0,0.0,0.0
2006-05-26,2006-06-29,OPTSTK,SCI,165.0,PA,0.0,0.0,0.0,8.25,28.9,0.0,0.0,0.0
2006-05-26,2006-06-29,OPTSTK,SCI,170.0,PA,0.0,0.0,0.0,11.0,33.15,0.0,0.0,0.0
2006-05-26,2006-06-29,OPTSTK,SCI,175.0,PA,0.0,0.0,0.0,14.15,37.5,0.0,0.0,0.0
2006-05-26,2006-06-29,OPTSTK,SCI,180.0,PA,0.0,0.0,0.0,15.05,42.0,0.0,0.0,0.0
2006-05-26,2006-06-29,OPTSTK,SCI,185.0,PA,0.0,0.0,0.0,18.25,46.6,0.0,0.0,0.0
2006-05-26,2006-07-27,OPTSTK,SCI,115.0,CA,0.0,0.0,0.0,20.25,29.25,0.0,0.0,0.0
2006-05-26,2006-07-27,OPTSTK,SCI,120.0,CA,0.0,0.0,0.0,16.8,25.8,0.0,0.0,0.0
2006-05-26,2006-07-27,OPTSTK,SCI,125.0,CA,0.0,0.0,0.0,13.75,22.65,0.0,0.0,0.0
2006-05-26,2006-07-27,OPTSTK,SCI,130.0,CA,0.0,0.0,0.0,22.65,19.75,0.0,0.0,0.0
2006-05-26,2006-07-27,OPTSTK,SCI,135.0,CA,0.0,0.0,0.0,19.25,17.15,0.0,0.0,0.0
2006-05-26,2006-07-27,OPTSTK,SCI,140.0,CA,0.0,0.0,0.0,21.5,14.8,0.0,0.0,0.0
2006-05-26,2006-07-27,OPTSTK,SCI,145.0,CA,0.0,0.0,0.0,17.8,12.75,0.0,0.0,0.0
2006-05-26,2006-07-27,OPTSTK,SCI,150.0,CA,0.0,0.0,0.0,14.5,10.9,0.0,0.0,0.0
2006-05-26,2006-07-27,OPTSTK,SCI,155.0,CA,0.0,0.0,0.0,11.55,9.3,0.0,0.0,0.0
2006-05-26,2006-07-27,OPTSTK,SCI,160.0,CA,0.0,0.0,0.0,9.1,7.9,0.0,0.0,0.0
2006-05-26,2006-07-27,OPTSTK,SCI,165.0,CA,0.0,0.0,0.0,7.0,6.7,0.0,0.0,0.0
2006-05-26,2006-07-27,OPTSTK,SCI,170.0,CA,0.0,0.0,0.0,5.35,5.65,0.0,0.0,0.0
2006-05-26,2006-07-27,OPTSTK,SCI,175.0,CA,0.0,0.0,0.0,4.5,4.75,0.0,0.0,0.0
2006-05-26,2006-07-27,OPTSTK,SCI,180.0,CA,0.0,0.0,0.0,4.75,4.0,0.0,0.0,0.0
2006-05-26,2006-07-27,OPTSTK,SCI,185.0,CA,0.0,0.0,0.0,3.5,3.35,0.0,0.0,0.0
2006-05-26,2006-07-27,OPTSTK,SCI,115.0,PA,0.0,0.0,0.0,3.25,4.6,0.0,0.0,0.0
2006-05-26,2006-07-27,OPTSTK,SCI,120.0,PA,0.0,0.0,0.0,4.75,6.1,0.0,0.0,0.0
2006-05-26,2006-07-27,OPTSTK,SCI,125.0,PA,0.0,0.0,0.0,6.65,7.85,0.0,0.0,0.0
2006-05-26,2006-07-27,OPTSTK,SCI,130.0,PA,0.0,0.0,0.0,3.95,9.95,0.0,0.0,0.0
2006-05-26,2006-07-27,OPTSTK,SCI,135.0,PA,0.0,0.0,0.0,5.5,12.25,0.0,0.0,0.0
2006-05-26,2006-07-27,OPTSTK,SCI,140.0,PA,0.0,0.0,0.0,2.3,14.85,0.0,0.0,0.0
2006-05-26,2006-07-27,OPTSTK,SCI,145.0,PA,0.0,0.0,0.0,3.5,17.75,0.0,0.0,0.0
2006-05-26,2006-07-27,OPTSTK,SCI,150.0,PA,0.0,0.0,0.0,5.1,20.85,0.0,0.0,0.0
2006-05-26,2006-07-27,OPTSTK,SCI,155.0,PA,0.0,0.0,0.0,7.1,24.2,0.0,0.0,0.0
2006-05-26,2006-07-27,OPTSTK,SCI,160.0,PA,0.0,0.0,0.0,9.55,27.7,0.0,0.0,0.0
2006-05-26,2006-07-27,OPTSTK,SCI,165.0,PA,0.0,0.0,0.0,12.4,31.45,0.0,0.0,0.0
2006-05-26,2006-07-27,OPTSTK,SCI,170.0,PA,0.0,0.0,0.0,15.6,35.35,0.0,0.0,0.0
2006-05-26,2006-07-27,OPTSTK,SCI,175.0,PA,0.0,0.0,0.0,17.2,39.4,0.0,0.0,0.0
2006-05-26,2006-07-27,OPTSTK,SCI,180.0,PA,0.0,0.0,0.0,18.35,43.6,0.0,0.0,0.0
2006-05-26,2006-07-27,OPTSTK,SCI,185.0,PA,0.0,0.0,0.0,18.15,47.85,0.0,0.0,0.0
2006-05-26,2006-08-31,OPTSTK,SCI,120.0,CA,0.0,0.0,0.0,26.4,29.3,0.0,0.0,0.0
2006-05-26,2006-08-31,OPTSTK,SCI,125.0,CA,0.0,0.0,0.0,23.65,26.35,0.0,0.0,0.0
2006-05-26,2006-08-31,OPTSTK,SCI,130.0,CA,0.0,0.0,0.0,21.15,23.65,0.0,0.0,0.0
2006-05-26,2006-08-31,OPTSTK,SCI,135.0,CA,0.0,0.0,0.0,18.85,21.15,0.0,0.0,0.0
2006-05-26,2006-08-31,OPTSTK,SCI,140.0,CA,0.0,0.0,0.0,16.75,18.9,0.0,0.0,0.0
2006-05-26,2006-08-31,OPTSTK,SCI,145.0,CA,0.0,0.0,0.0,14.85,16.85,0.0,0.0,0.0
2006-05-26,2006-08-31,OPTSTK,SCI,150.0,CA,0.0,0.0,0.0,13.15,14.95,0.0,0.0,0.0
2006-05-26,2006-08-31,OPTSTK,SCI,155.0,CA,0.0,0.0,0.0,0.0,0.0,0.0,0.0,0.0
2006-05-26,2006-08-31,OPTSTK,SCI,120.0,PA,0.0,0.0,0.0,10.1,8.8,0.0,0.0,0.0
2006-05-26,2006-08-31,OPTSTK,SCI,125.0,PA,0.0,0.0,0.0,12.25,10.75,0.0,0.0,0.0
2006-05-26,2006-08-31,OPTSTK,SCI,130.0,PA,0.0,0.0,0.0,14.65,13.0,0.0,0.0,0.0
2006-05-26,2006-08-31,OPTSTK,SCI,135.0,PA,0.0,0.0,0.0,17.25,15.4,0.0,0.0,0.0
2006-05-26,2006-08-31,OPTSTK,SCI,140.0,PA,0.0,0.0,0.0,20.1,18.05,0.0,0.0,0.0
2006-05-26,2006-08-31,OPTSTK,SCI,145.0,PA,0.0,0.0,0.0,23.1,20.9,0.0,0.0,0.0
2006-05-26,2006-08-31,OPTSTK,SCI,150.0,PA,0.0,0.0,0.0,26.35,23.95,0.0,0.0,0.0
2006-05-26,2006-08-31,OPTSTK,SCI,155.0,PA,0.0,0.0,0.0,0.0,0.0,0.0,0.0,0.0
2006-05-26,2006-06-29,OPTSTK,SIEMENS,4450.0,CA,0.0,0.0,0.0,496.35,841.8,0.0,0.0,0.0
2006-05-26,2006-06-29,OPTSTK,SIEMENS,4500.0,CA,0.0,0.0,0.0,470.9,812.95,0.0,0.0,0.0
2006-05-26,2006-06-29,OPTSTK,SIEMENS,4550.0,CA,0.0,0.0,0.0,446.45,784.85,0.0,0.0,0.0
2006-05-26,2006-06-29,OPTSTK,SIEMENS,4600.0,CA,0.0,0.0,0.0,422.95,757.45,0.0,0.0,0.0
2006-05-26,2006-06-29,OPTSTK,SIEMENS,4650.0,CA,0.0,0.0,0.0,400.4,730.8,0.0,0.0,0.0
2006-05-26,2006-06-29,OPTSTK,SIEMENS,4700.0,CA,0.0,0.0,0.0,378.75,704.85,0.0,0.0,0.0
2006-05-26,2006-06-29,OPTSTK,SIEMENS,4750.0,CA,0.0,0.0,0.0,358.05,679.65,0.0,0.0,0.0
2006-05-26,2006-06-29,OPTSTK,SIEMENS,4800.0,CA,0.0,0.0,0.0,338.25,655.1,0.0,0.0,0.0
2006-05-26,2006-06-29,OPTSTK,SIEMENS,4850.0,CA,0.0,0.0,0.0,549.6,631.25,0.0,0.0,0.0
2006-05-26,2006-06-29,OPTSTK,SIEMENS,4900.0,CA,0.0,0.0,0.0,524.5,608.15,0.0,0.0,0.0
2006-05-26,2006-06-29,OPTSTK,SIEMENS,4950.0,CA,0.0,0.0,0.0,500.3,585.7,0.0,0.0,0.0
2006-05-26,2006-06-29,OPTSTK,SIEMENS,5000.0,CA,0.0,0.0,0.0,477.0,563.9,0.0,0.0,0.0
2006-05-26,2006-06-29,OPTSTK,SIEMENS,5050.0,CA,0.0,0.0,0.0,454.5,542.75,0.0,0.0,0.0
2006-05-26,2006-06-29,OPTSTK,SIEMENS,5100.0,CA,0.0,0.0,0.0,432.8,522.3,0.0,0.0,0.0
2006-05-26,2006-06-29,OPTSTK,SIEMENS,5150.0,CA,0.0,0.0,0.0,411.95,502.45,0.0,0.0,0.0
2006-05-26,2006-06-29,OPTSTK,SIEMENS,5200.0,CA,0.0,0.0,0.0,558.7,483.25,0.0,0.0,0.0
2006-05-26,2006-06-29,OPTSTK,SIEMENS,5250.0,CA,0.0,0.0,0.0,532.75,464.7,0.0,0.0,0.0
2006-05-26,2006-06-29,OPTSTK,SIEMENS,5300.0,CA,0.0,0.0,0.0,507.65,446.7,0.0,0.0,0.0
2006-05-26,2006-06-29,OPTSTK,SIEMENS,5350.0,CA,0.0,0.0,0.0,483.45,429.3,0.0,0.0,0.0
2006-05-26,2006-06-29,OPTSTK,SIEMENS,5400.0,CA,0.0,0.0,0.0,570.3,412.5,0.0,0.0,0.0
2006-05-26,2006-06-29,OPTSTK,SIEMENS,5450.0,CA,0.0,0.0,0.0,543.7,396.25,0.0,0.0,0.0
2006-05-26,2006-06-29,OPTSTK,SIEMENS,5500.0,CA,0.0,0.0,0.0,75.0,380.55,0.0,0.0,450.0
2006-05-26,2006-06-29,OPTSTK,SIEMENS,5550.0,CA,0.0,0.0,0.0,493.2,365.4,0.0,0.0,0.0
2006-05-26,2006-06-29,OPTSTK,SIEMENS,5600.0,CA,0.0,0.0,0.0,469.25,350.75,0.0,0.0,0.0
2006-05-26,2006-06-29,OPTSTK,SIEMENS,5650.0,CA,0.0,0.0,0.0,446.2,336.65,0.0,0.0,0.0
2006-05-26,2006-06-29,OPTSTK,SIEMENS,5700.0,CA,0.0,0.0,0.0,424.0,323.0,0.0,0.0,0.0
2006-05-26,2006-06-29,OPTSTK,SIEMENS,5750.0,CA,0.0,0.0,0.0,476.9,309.9,0.0,0.0,0.0
2006-05-26,2006-06-29,OPTSTK,SIEMENS,5800.0,CA,0.0,0.0,0.0,454.05,297.45,0.0,0.0,0.0
2006-05-26,2006-06-29,OPTSTK,SIEMENS,5850.0,CA,0.0,0.0,0.0,765.5,285.3,0.0,0.0,0.0
2006-05-26,2006-06-29,OPTSTK,SIEMENS,5900.0,CA,0.0,0.0,0.0,739.2,273.6,0.0,0.0,0.0
2006-05-26,2006-06-29,OPTSTK,SIEMENS,5950.0,CA,0.0,0.0,0.0,713.55,262.3,0.0,0.0,0.0
2006-05-26,2006-06-29,OPTSTK,SIEMENS,6000.0,CA,0.0,0.0,0.0,688.6,251.45,0.0,0.0,0.0
2006-05-26,2006-06-29,OPTSTK,SIEMENS,6050.0,CA,0.0,0.0,0.0,664.25,241.0,0.0,0.0,0.0
2006-05-26,2006-06-29,OPTSTK,SIEMENS,6100.0,CA,0.0,0.0,0.0,640.6,230.95,0.0,0.0,0.0
2006-05-26,2006-06-29,OPTSTK,SIEMENS,6150.0,CA,0.0,0.0,0.0,617.6,221.25,0.0,0.0,0.0
2006-05-26,2006-06-29,OPTSTK,SIEMENS,6200.0,CA,0.0,0.0,0.0,595.2,211.95,0.0,0.0,0.0
2006-05-26,2006-06-29,OPTSTK,SIEMENS,6250.0,CA,0.0,0.0,0.0,556.2,203.0,0.0,0.0,0.0
2006-05-26,2006-06-29,OPTSTK,SIEMENS,6300.0,CA,0.0,0.0,0.0,586.2,194.45,0.0,0.0,0.0
2006-05-26,2006-06-29,OPTSTK,SIEMENS,6350.0,CA,0.0,0.0,0.0,564.0,185.95,0.0,0.0,0.0
2006-05-26,2006-06-29,OPTSTK,SIEMENS,4450.0,PA,0.0,0.0,0.0,324.85,330.75,0.0,0.0,0.0
2006-05-26,2006-06-29,OPTSTK,SIEMENS,4500.0,PA,0.0,0.0,0.0,349.1,351.6,0.0,0.0,0.0
2006-05-26,2006-06-29,OPTSTK,SIEMENS,4550.0,PA,0.0,0.0,0.0,374.25,373.15,0.0,0.0,0.0
2006-05-26,2006-06-29,OPTSTK,SIEMENS,4600.0,PA,0.0,0.0,0.0,400.4,395.45,0.0,0.0,0.0
2006-05-26,2006-06-29,OPTSTK,SIEMENS,4650.0,PA,0.0,0.0,0.0,427.5,418.5,0.0,0.0,0.0
2006-05-26,2006-06-29,OPTSTK,SIEMENS,4700.0,PA,0.0,0.0,0.0,455.5,442.2,0.0,0.0,0.0
2006-05-26,2006-06-29,OPTSTK,SIEMENS,4750.0,PA,0.0,0.0,0.0,484.45,466.7,0.0,0.0,0.0
2006-05-26,2006-06-29,OPTSTK,SIEMENS,4800.0,PA,0.0,0.0,0.0,514.3,491.8,0.0,0.0,0.0
2006-05-26,2006-06-29,OPTSTK,SIEMENS,4850.0,PA,0.0,0.0,0.0,375.7,517.7,0.0,0.0,0.0
2006-05-26,2006-06-29,OPTSTK,SIEMENS,4900.0,PA,0.0,0.0,0.0,400.2,544.25,0.0,0.0,0.0
2006-05-26,2006-06-29,OPTSTK,SIEMENS,4950.0,PA,0.0,0.0,0.0,425.65,571.45,0.0,0.0,0.0
2006-05-26,2006-06-29,OPTSTK,SIEMENS,5000.0,PA,255.0,255.0,255.0,255.0,255.0,1.0,7.88,150.0
2006-05-26,2006-06-29,OPTSTK,SIEMENS,5050.0,PA,0.0,0.0,0.0,479.05,627.95,0.0,0.0,0.0
2006-05-26,2006-06-29,OPTSTK,SIEMENS,5100.0,PA,0.0,0.0,0.0,507.0,657.15,0.0,0.0,0.0
2006-05-26,2006-06-29,OPTSTK,SIEMENS,5150.0,PA,0.0,0.0,0.0,535.75,687.0,0.0,0.0,0.0
2006-05-26,2006-06-29,OPTSTK,SIEMENS,5200.0,PA,0.0,0.0,0.0,349.2,717.5,0.0,0.0,0.0
2006-05-26,2006-06-29,OPTSTK,SIEMENS,5250.0,PA,0.0,0.0,0.0,372.85,748.55,0.0,0.0,0.0
2006-05-26,2006-06-29,OPTSTK,SIEMENS,5300.0,PA,0.0,0.0,0.0,397.35,780.25,0.0,0.0,0.0
2006-05-26,2006-06-29,OPTSTK,SIEMENS,5350.0,PA,0.0,0.0,0.0,422.75,812.55,0.0,0.0,0.0
2006-05-26,2006-06-29,OPTSTK,SIEMENS,5400.0,PA,0.0,0.0,0.0,318.6,845.45,0.0,0.0,0.0
2006-05-26,2006-06-29,OPTSTK,SIEMENS,5450.0,PA,0.0,0.0,0.0,340.95,878.85,0.0,0.0,0.0
2006-05-26,2006-06-29,OPTSTK,SIEMENS,5500.0,PA,0.0,0.0,0.0,364.2,912.85,0.0,0.0,0.0
2006-05-26,2006-06-29,OPTSTK,SIEMENS,5550.0,PA,0.0,0.0,0.0,388.3,947.4,0.0,0.0,0.0
2006-05-26,2006-06-29,OPTSTK,SIEMENS,5600.0,PA,0.0,0.0,0.0,413.3,982.45,0.0,0.0,0.0
2006-05-26,2006-06-29,OPTSTK,SIEMENS,5650.0,PA,0.0,0.0,0.0,439.2,1018.0,0.0,0.0,0.0
2006-05-26,2006-06-29,OPTSTK,SIEMENS,5700.0,PA,0.0,0.0,0.0,465.9,1054.1,0.0,0.0,0.0
2006-05-26,2006-06-29,OPTSTK,SIEMENS,5750.0,PA,0.0,0.0,0.0,433.1,1090.65,0.0,0.0,0.0
2006-05-26,2006-06-29,OPTSTK,SIEMENS,5800.0,PA,0.0,0.0,0.0,459.25,1127.9,0.0,0.0,0.0
2006-05-26,2006-06-29,OPTSTK,SIEMENS,5850.0,PA,0.0,0.0,0.0,425.3,1165.4,0.0,0.0,0.0
2006-05-26,2006-06-29,OPTSTK,SIEMENS,5900.0,PA,0.0,0.0,0.0,447.95,1203.4,0.0,0.0,0.0
2006-05-26,2006-06-29,OPTSTK,SIEMENS,5950.0,PA,0.0,0.0,0.0,471.3,1241.8,0.0,0.0,0.0
2006-05-26,2006-06-29,OPTSTK,SIEMENS,6000.0,PA,0.0,0.0,0.0,495.35,1280.6,0.0,0.0,0.0
2006-05-26,2006-06-29,OPTSTK,SIEMENS,6050.0,PA,0.0,0.0,0.0,520.0,1319.85,0.0,0.0,0.0
2006-05-26,2006-06-29,OPTSTK,SIEMENS,6100.0,PA,0.0,0.0,0.0,545.3,1359.5,0.0,0.0,0.0
2006-05-26,2006-06-29,OPTSTK,SIEMENS,6150.0,PA,0.0,0.0,0.0,571.3,1399.5,0.0,0.0,0.0
2006-05-26,2006-06-29,OPTSTK,SIEMENS,6200.0,PA,0.0,0.0,0.0,597.9,1439.9,0.0,0.0,0.0
2006-05-26,2006-06-29,OPTSTK,SIEMENS,6250.0,PA,0.0,0.0,0.0,601.45,1480.6,0.0,0.0,0.0
2006-05-26,2006-06-29,OPTSTK,SIEMENS,6300.0,PA,0.0,0.0,0.0,565.8,1521.7,0.0,0.0,0.0
2006-05-26,2006-06-29,OPTSTK,SIEMENS,6350.0,PA,0.0,0.0,0.0,592.65,1562.95,0.0,0.0,0.0
2006-05-26,2006-07-27,OPTSTK,SIEMENS,4450.0,CA,0.0,0.0,0.0,634.3,1034.65,0.0,0.0,0.0
2006-05-26,2006-07-27,OPTSTK,SIEMENS,4500.0,CA,0.0,0.0,0.0,610.05,1008.45,0.0,0.0,0.0
2006-05-26,2006-07-27,OPTSTK,SIEMENS,4550.0,CA,0.0,0.0,0.0,586.5,982.85,0.0,0.0,0.0
2006-05-26,2006-07-27,OPTSTK,SIEMENS,4600.0,CA,0.0,0.0,0.0,563.7,957.8,0.0,0.0,0.0
2006-05-26,2006-07-27,OPTSTK,SIEMENS,4650.0,CA,0.0,0.0,0.0,541.6,933.2,0.0,0.0,0.0
2006-05-26,2006-07-27,OPTSTK,SIEMENS,4700.0,CA,0.0,0.0,0.0,520.25,909.2,0.0,0.0,0.0
2006-05-26,2006-07-27,OPTSTK,SIEMENS,4750.0,CA,0.0,0.0,0.0,499.55,885.75,0.0,0.0,0.0
2006-05-26,2006-07-27,OPTSTK,SIEMENS,4800.0,CA,0.0,0.0,0.0,479.55,862.8,0.0,0.0,0.0
2006-05-26,2006-07-27,OPTSTK,SIEMENS,4850.0,CA,0.0,0.0,0.0,695.85,840.35,0.0,0.0,0.0
2006-05-26,2006-07-27,OPTSTK,SIEMENS,4900.0,CA,0.0,0.0,0.0,671.85,818.4,0.0,0.0,0.0
2006-05-26,2006-07-27,OPTSTK,SIEMENS,4950.0,CA,0.0,0.0,0.0,648.5,796.95,0.0,0.0,0.0
2006-05-26,2006-07-27,OPTSTK,SIEMENS,5000.0,CA,0.0,0.0,0.0,625.85,776.0,0.0,0.0,0.0
2006-05-26,2006-07-27,OPTSTK,SIEMENS,5050.0,CA,0.0,0.0,0.0,603.8,755.5,0.0,0.0,0.0
2006-05-26,2006-07-27,OPTSTK,SIEMENS,5100.0,CA,0.0,0.0,0.0,582.4,735.5,0.0,0.0,0.0
2006-05-26,2006-07-27,OPTSTK,SIEMENS,5150.0,CA,0.0,0.0,0.0,561.65,716.0,0.0,0.0,0.0
2006-05-26,2006-07-27,OPTSTK,SIEMENS,5200.0,CA,0.0,0.0,0.0,699.75,696.95,0.0,0.0,0.0
2006-05-26,2006-07-27,OPTSTK,SIEMENS,5250.0,CA,0.0,0.0,0.0,674.85,678.3,0.0,0.0,0.0
2006-05-26,2006-07-27,OPTSTK,SIEMENS,5300.0,CA,0.0,0.0,0.0,650.7,660.15,0.0,0.0,0.0
2006-05-26,2006-07-27,OPTSTK,SIEMENS,5350.0,CA,0.0,0.0,0.0,627.2,642.45,0.0,0.0,0.0
2006-05-26,2006-07-27,OPTSTK,SIEMENS,5400.0,CA,0.0,0.0,0.0,604.35,625.15,0.0,0.0,0.0
2006-05-26,2006-07-27,OPTSTK,SIEMENS,5450.0,CA,0.0,0.0,0.0,582.2,608.25,0.0,0.0,0.0
2006-05-26,2006-07-27,OPTSTK,SIEMENS,5500.0,CA,0.0,0.0,0.0,649.85,591.8,0.0,0.0,0.0
2006-05-26,2006-07-27,OPTSTK,SIEMENS,5550.0,CA,0.0,0.0,0.0,624.85,575.75,0.0,0.0,0.0
2006-05-26,2006-07-27,OPTSTK,SIEMENS,5600.0,CA,0.0,0.0,0.0,600.5,560.1,0.0,0.0,0.0
2006-05-26,2006-07-27,OPTSTK,SIEMENS,5650.0,CA,0.0,0.0,0.0,576.9,544.85,0.0,0.0,0.0
2006-05-26,2006-07-27,OPTSTK,SIEMENS,5700.0,CA,0.0,0.0,0.0,554.05,530.0,0.0,0.0,0.0
2006-05-26,2006-07-27,OPTSTK,SIEMENS,5750.0,CA,0.0,0.0,0.0,531.9,515.5,0.0,0.0,0.0
2006-05-26,2006-07-27,OPTSTK,SIEMENS,5800.0,CA,0.0,0.0,0.0,510.4,501.35,0.0,0.0,0.0
2006-05-26,2006-07-27,OPTSTK,SIEMENS,5850.0,CA,0.0,0.0,0.0,566.85,487.6,0.0,0.0,0.0
2006-05-26,2006-07-27,OPTSTK,SIEMENS,5900.0,CA,0.0,0.0,0.0,544.65,474.2,0.0,0.0,0.0
2006-05-26,2006-07-27,OPTSTK,SIEMENS,5950.0,CA,0.0,0.0,0.0,515.2,461.1,0.0,0.0,0.0
2006-05-26,2006-07-27,OPTSTK,SIEMENS,6000.0,CA,0.0,0.0,0.0,511.6,448.4,0.0,0.0,0.0
2006-05-26,2006-07-27,OPTSTK,SIEMENS,6050.0,CA,0.0,0.0,0.0,541.7,436.25,0.0,0.0,0.0
2006-05-26,2006-07-27,OPTSTK,SIEMENS,6100.0,CA,0.0,0.0,0.0,519.15,424.2,0.0,0.0,0.0
2006-05-26,2006-07-27,OPTSTK,SIEMENS,6150.0,CA,0.0,0.0,0.0,497.3,412.45,0.0,0.0,0.0
2006-05-26,2006-07-27,OPTSTK,SIEMENS,4450.0,PA,0.0,0.0,0.0,439.65,500.6,0.0,0.0,0.0
2006-05-26,2006-07-27,OPTSTK,SIEMENS,4500.0,PA,0.0,0.0,0.0,464.75,523.9,0.0,0.0,0.0
2006-05-26,2006-07-27,OPTSTK,SIEMENS,4550.0,PA,0.0,0.0,0.0,490.6,547.7,0.0,0.0,0.0
2006-05-26,2006-07-27,OPTSTK,SIEMENS,4600.0,PA,0.0,0.0,0.0,517.2,572.05,0.0,0.0,0.0
2006-05-26,2006-07-27,OPTSTK,SIEMENS,4650.0,PA,0.0,0.0,0.0,544.5,596.95,0.0,0.0,0.0
2006-05-26,2006-07-27,OPTSTK,SIEMENS,4700.0,PA,0.0,0.0,0.0,572.5,622.35,0.0,0.0,0.0
2006-05-26,2006-07-27,OPTSTK,SIEMENS,4750.0,PA,0.0,0.0,0.0,601.2,648.3,0.0,0.0,0.0
2006-05-26,2006-07-27,OPTSTK,SIEMENS,4800.0,PA,0.0,0.0,0.0,630.55,674.75,0.0,0.0,0.0
2006-05-26,2006-07-27,OPTSTK,SIEMENS,4850.0,PA,0.0,0.0,0.0,496.5,701.75,0.0,0.0,0.0
2006-05-26,2006-07-27,OPTSTK,SIEMENS,4900.0,PA,0.0,0.0,0.0,521.85,729.2,0.0,0.0,0.0
2006-05-26,2006-07-27,OPTSTK,SIEMENS,4950.0,PA,0.0,0.0,0.0,547.9,757.2,0.0,0.0,0.0
2006-05-26,2006-07-27,OPTSTK,SIEMENS,5000.0,PA,0.0,0.0,0.0,574.55,785.7,0.0,0.0,0.0
2006-05-26,2006-07-27,OPTSTK,SIEMENS,5050.0,PA,0.0,0.0,0.0,601.85,814.65,0.0,0.0,0.0
2006-05-26,2006-07-27,OPTSTK,SIEMENS,5100.0,PA,0.0,0.0,0.0,629.8,844.05,0.0,0.0,0.0
2006-05-26,2006-07-27,OPTSTK,SIEMENS,5150.0,PA,0.0,0.0,0.0,658.4,873.95,0.0,0.0,0.0
2006-05-26,2006-07-27,OPTSTK,SIEMENS,5200.0,PA,0.0,0.0,0.0,463.2,904.35,0.0,0.0,0.0
2006-05-26,2006-07-27,OPTSTK,SIEMENS,5250.0,PA,0.0,0.0,0.0,487.7,935.15,0.0,0.0,0.0
2006-05-26,2006-07-27,OPTSTK,SIEMENS,5300.0,PA,0.0,0.0,0.0,512.85,966.4,0.0,0.0,0.0
2006-05-26,2006-07-27,OPTSTK,SIEMENS,5350.0,PA,0.0,0.0,0.0,538.7,998.15,0.0,0.0,0.0
2006-05-26,2006-07-27,OPTSTK,SIEMENS,5400.0,PA,0.0,0.0,0.0,565.25,1030.25,0.0,0.0,0.0
2006-05-26,2006-07-27,OPTSTK,SIEMENS,5450.0,PA,0.0,0.0,0.0,592.4,1062.8,0.0,0.0,0.0
2006-05-26,2006-07-27,OPTSTK,SIEMENS,5500.0,PA,0.0,0.0,0.0,430.75,1095.8,0.0,0.0,0.0
2006-05-26,2006-07-27,OPTSTK,SIEMENS,5550.0,PA,0.0,0.0,0.0,454.85,1129.15,0.0,0.0,0.0
2006-05-26,2006-07-27,OPTSTK,SIEMENS,5600.0,PA,0.0,0.0,0.0,479.65,1162.95,0.0,0.0,0.0
2006-05-26,2006-07-27,OPTSTK,SIEMENS,5650.0,PA,0.0,0.0,0.0,505.25,1197.1,0.0,0.0,0.0
2006-05-26,2006-07-27,OPTSTK,SIEMENS,5700.0,PA,0.0,0.0,0.0,531.5,1231.65,0.0,0.0,0.0
2006-05-26,2006-07-27,OPTSTK,SIEMENS,5750.0,PA,0.0,0.0,0.0,558.5,1266.6,0.0,0.0,0.0
2006-05-26,2006-07-27,OPTSTK,SIEMENS,5800.0,PA,0.0,0.0,0.0,586.15,1301.9,0.0,0.0,0.0
2006-05-26,2006-07-27,OPTSTK,SIEMENS,5850.0,PA,0.0,0.0,0.0,543.55,1337.55,0.0,0.0,0.0
2006-05-26,2006-07-27,OPTSTK,SIEMENS,5900.0,PA,0.0,0.0,0.0,570.5,1373.55,0.0,0.0,0.0
2006-05-26,2006-07-27,OPTSTK,SIEMENS,5950.0,PA,0.0,0.0,0.0,568.35,1409.95,0.0,0.0,0.0
2006-05-26,2006-07-27,OPTSTK,SIEMENS,6000.0,PA,0.0,0.0,0.0,541.5,1446.65,0.0,0.0,0.0
2006-05-26,2006-07-27,OPTSTK,SIEMENS,6050.0,PA,0.0,0.0,0.0,507.8,1483.9,0.0,0.0,0.0
2006-05-26,2006-07-27,OPTSTK,SIEMENS,6100.0,PA,0.0,0.0,0.0,534.45,1521.3,0.0,0.0,0.0
2006-05-26,2006-07-27,OPTSTK,SIEMENS,6150.0,PA,0.0,0.0,0.0,561.8,1559.0,0.0,0.0,0.0
2006-05-26,2006-08-31,OPTSTK,SIEMENS,4550.0,CA,0.0,0.0,0.0,1046.95,1176.2,0.0,0.0,0.0
2006-05-26,2006-08-31,OPTSTK,SIEMENS,4600.0,CA,0.0,0.0,0.0,1025.4,1152.85,0.0,0.0,0.0
2006-05-26,2006-08-31,OPTSTK,SIEMENS,4650.0,CA,0.0,0.0,0.0,1004.3,1129.95,0.0,0.0,0.0
2006-05-26,2006-08-31,OPTSTK,SIEMENS,4700.0,CA,0.0,0.0,0.0,983.65,1107.5,0.0,0.0,0.0
2006-05-26,2006-08-31,OPTSTK,SIEMENS,4750.0,CA,0.0,0.0,0.0,963.35,1085.4,0.0,0.0,0.0
2006-05-26,2006-08-31,OPTSTK,SIEMENS,4800.0,CA,0.0,0.0,0.0,943.45,1063.75,0.0,0.0,0.0
2006-05-26,2006-08-31,OPTSTK,SIEMENS,4850.0,CA,0.0,0.0,0.0,923.95,1042.5,0.0,0.0,0.0
2006-05-26,2006-08-31,OPTSTK,SIEMENS,4900.0,CA,0.0,0.0,0.0,0.0,0.0,0.0,0.0,0.0
2006-05-26,2006-08-31,OPTSTK,SIEMENS,4950.0,CA,0.0,0.0,0.0,0.0,0.0,0.0,0.0,0.0
2006-05-26,2006-08-31,OPTSTK,SIEMENS,5000.0,CA,0.0,0.0,0.0,0.0,0.0,0.0,0.0,0.0
2006-05-26,2006-08-31,OPTSTK,SIEMENS,5050.0,CA,0.0,0.0,0.0,0.0,0.0,0.0,0.0,0.0
2006-05-26,2006-08-31,OPTSTK,SIEMENS,5100.0,CA,0.0,0.0,0.0,0.0,0.0,0.0,0.0,0.0
2006-05-26,2006-08-31,OPTSTK,SIEMENS,4550.0,PA,0.0,0.0,0.0,795.8,711.9,0.0,0.0,0.0
2006-05-26,2006-08-31,OPTSTK,SIEMENS,4600.0,PA,0.0,0.0,0.0,823.35,737.7,0.0,0.0,0.0
2006-05-26,2006-08-31,OPTSTK,SIEMENS,4650.0,PA,0.0,0.0,0.0,851.35,763.9,0.0,0.0,0.0
2006-05-26,2006-08-31,OPTSTK,SIEMENS,4700.0,PA,0.0,0.0,0.0,879.75,790.5,0.0,0.0,0.0
2006-05-26,2006-08-31,OPTSTK,SIEMENS,4750.0,PA,0.0,0.0,0.0,908.55,817.55,0.0,0.0,0.0
2006-05-26,2006-08-31,OPTSTK,SIEMENS,4800.0,PA,0.0,0.0,0.0,937.75,845.0,0.0,0.0,0.0
2006-05-26,2006-08-31,OPTSTK,SIEMENS,4850.0,PA,0.0,0.0,0.0,967.35,872.85,0.0,0.0,0.0
2006-05-26,2006-08-31,OPTSTK,SIEMENS,4900.0,PA,0.0,0.0,0.0,0.0,0.0,0.0,0.0,0.0
2006-05-26,2006-08-31,OPTSTK,SIEMENS,4950.0,PA,0.0,0.0,0.0,0.0,0.0,0.0,0.0,0.0
2006-05-26,2006-08-31,OPTSTK,SIEMENS,5000.0,PA,0.0,0.0,0.0,0.0,0.0,0.0,0.0,0.0
2006-05-26,2006-08-31,OPTSTK,SIEMENS,5050.0,PA,0.0,0.0,0.0,0.0,0.0,0.0,0.0,0.0
2006-05-26,2006-08-31,OPTSTK,SIEMENS,5100.0,PA,0.0,0.0,0.0,0.0,0.0,0.0,0.0,0.0
2006-05-26,2006-06-29,OPTSTK,SRF,175.0,CA,0.0,0.0,0.0,34.6,60.1,0.0,0.0,0.0
2006-05-26,2006-06-29,OPTSTK,SRF,180.0,CA,0.0,0.0,0.0,32.0,56.8,0.0,0.0,0.0
2006-05-26,2006-06-29,OPTSTK,SRF,185.0,CA,0.0,0.0,0.0,29.6,53.65,0.0,0.0,0.0
2006-05-26,2006-06-29,OPTSTK,SRF,190.0,CA,0.0,0.0,0.0,27.35,50.6,0.0,0.0,0.0
2006-05-26,2006-06-29,OPTSTK,SRF,195.0,CA,0.0,0.0,0.0,25.25,47.7,0.0,0.0,0.0
2006-05-26,2006-06-29,OPTSTK,SRF,200.0,CA,0.0,0.0,0.0,10.0,44.9,0.0,0.0,1500.0
2006-05-26,2006-06-29,OPTSTK,SRF,205.0,CA,0.0,0.0,0.0,40.85,42.3,0.0,0.0,0.0
2006-05-26,2006-06-29,OPTSTK,SRF,210.0,CA,0.0,0.0,0.0,38.35,39.75,0.0,0.0,0.0
2006-05-26,2006-06-29,OPTSTK,SRF,215.0,CA,0.0,0.0,0.0,35.95,37.4,0.0,0.0,0.0
2006-05-26,2006-06-29,OPTSTK,SRF,220.0,CA,0.0,0.0,0.0,19.95,35.1,0.0,0.0,1500.0
2006-05-26,2006-06-29,OPTSTK,SRF,225.0,CA,0.0,0.0,0.0,31.55,32.95,0.0,0.0,0.0
2006-05-26,2006-06-29,OPTSTK,SRF,230.0,CA,0.0,0.0,0.0,35.7,30.95,0.0,0.0,0.0
2006-05-26,2006-06-29,OPTSTK,SRF,235.0,CA,0.0,0.0,0.0,27.6,29.0,0.0,0.0,0.0
2006-05-26,2006-06-29,OPTSTK,SRF,240.0,CA,21.75,21.75,17.0,17.0,17.0,3.0,11.66,6000.0
2006-05-26,2006-06-29,OPTSTK,SRF,250.0,CA,0.0,0.0,0.0,23.3,23.85,0.0,0.0,0.0
2006-05-26,2006-06-29,OPTSTK,SRF,260.0,CA,0.0,0.0,0.0,18.35,20.9,0.0,0.0,0.0
2006-05-26,2006-06-29,OPTSTK,SRF,270.0,CA,0.0,0.0,0.0,39.35,18.3,0.0,0.0,0.0
2006-05-26,2006-06-29,OPTSTK,SRF,280.0,CA,0.0,0.0,0.0,45.95,16.0,0.0,0.0,0.0
2006-05-26,2006-06-29,OPTSTK,SRF,290.0,CA,0.0,0.0,0.0,3.95,13.95,0.0,0.0,1500.0
2006-05-26,2006-06-29,OPTSTK,SRF,300.0,CA,7.0,7.0,4.2,4.2,4.2,3.0,13.77,6000.0
2006-05-26,2006-06-29,OPTSTK,SRF,310.0,CA,0.0,0.0,0.0,61.9,10.6,0.0,0.0,0.0
2006-05-26,2006-06-29,OPTSTK,SRF,320.0,CA,0.0,0.0,0.0,5.05,9.25,0.0,0.0,1500.0
2006-05-26,2006-06-29,OPTSTK,SRF,330.0,CA,0.0,0.0,0.0,52.75,8.05,0.0,0.0,0.0
2006-05-26,2006-06-29,OPTSTK,SRF,340.0,CA,0.0,0.0,0.0,48.6,7.0,0.0,0.0,0.0
2006-05-26,2006-06-29,OPTSTK,SRF,350.0,CA,0.0,0.0,0.0,44.8,6.1,0.0,0.0,0.0
2006-05-26,2006-06-29,OPTSTK,SRF,360.0,CA,0.0,0.0,0.0,41.2,5.3,0.0,0.0,0.0
2006-05-26,2006-06-29,OPTSTK,SRF,370.0,CA,0.0,0.0,0.0,48.35,4.6,0.0,0.0,0.0
2006-05-26,2006-06-29,OPTSTK,SRF,380.0,CA,0.0,0.0,0.0,44.65,4.0,0.0,0.0,0.0
2006-05-26,2006-06-29,OPTSTK,SRF,390.0,CA,0.0,0.0,0.0,45.95,3.5,0.0,0.0,0.0
2006-05-26,2006-06-29,OPTSTK,SRF,175.0,PA,0.0,0.0,0.0,18.15,11.4,0.0,0.0,0.0
2006-05-26,2006-06-29,OPTSTK,SRF,180.0,PA,0.0,0.0,0.0,20.55,13.05,0.0,0.0,0.0
2006-05-26,2006-06-29,OPTSTK,SRF,185.0,PA,0.0,0.0,0.0,23.1,14.85,0.0,0.0,0.0
2006-05-26,2006-06-29,OPTSTK,SRF,190.0,PA,0.0,0.0,0.0,25.8,16.8,0.0,0.0,0.0
2006-05-26,2006-06-29,OPTSTK,SRF,195.0,PA,0.0,0.0,0.0,28.65,18.85,0.0,0.0,0.0
2006-05-26,2006-06-29,OPTSTK,SRF,200.0,PA,0.0,0.0,0.0,31.65,21.05,0.0,0.0,0.0
2006-05-26,2006-06-29,OPTSTK,SRF,205.0,PA,0.0,0.0,0.0,22.7,23.4,0.0,0.0,0.0
2006-05-26,2006-06-29,OPTSTK,SRF,210.0,PA,0.0,0.0,0.0,25.15,25.85,0.0,0.0,0.0
2006-05-26,2006-06-29,OPTSTK,SRF,215.0,PA,0.0,0.0,0.0,27.75,28.4,0.0,0.0,0.0
2006-05-26,2006-06-29,OPTSTK,SRF,220.0,PA,0.0,0.0,0.0,15.95,31.15,0.0,0.0,0.0
2006-05-26,2006-06-29,OPTSTK,SRF,225.0,PA,0.0,0.0,0.0,33.25,33.95,0.0,0.0,0.0
2006-05-26,2006-06-29,OPTSTK,SRF,230.0,PA,0.0,0.0,0.0,7.0,36.9,0.0,0.0,0.0
2006-05-26,2006-06-29,OPTSTK,SRF,235.0,PA,0.0,0.0,0.0,39.25,39.95,0.0,0.0,0.0
2006-05-26,2006-06-29,OPTSTK,SRF,240.0,PA,0.0,0.0,0.0,10.25,43.1,0.0,0.0,0.0
2006-05-26,2006-06-29,OPTSTK,SRF,250.0,PA,0.0,0.0,0.0,14.4,49.7,0.0,0.0,0.0
2006-05-26,2006-06-29,OPTSTK,SRF,260.0,PA,0.0,0.0,0.0,19.4,56.65,0.0,0.0,0.0
2006-05-26,2006-06-29,OPTSTK,SRF,270.0,PA,0.0,0.0,0.0,9.05,64.0,0.0,0.0,0.0
2006-05-26,2006-06-29,OPTSTK,SRF,280.0,PA,0.0,0.0,0.0,8.7,71.65,0.0,0.0,0.0
2006-05-26,2006-06-29,OPTSTK,SRF,290.0,PA,0.0,0.0,0.0,14.55,79.55,0.0,0.0,0.0
2006-05-26,2006-06-29,OPTSTK,SRF,300.0,PA,0.0,0.0,0.0,33.05,87.7,0.0,0.0,0.0
2006-05-26,2006-06-29,OPTSTK,SRF,310.0,PA,0.0,0.0,0.0,37.75,96.05,0.0,0.0,0.0
2006-05-26,2006-06-29,OPTSTK,SRF,320.0,PA,0.0,0.0,0.0,42.8,104.65,0.0,0.0,0.0
2006-05-26,2006-06-29,OPTSTK,SRF,330.0,PA,0.0,0.0,0.0,48.15,113.4,0.0,0.0,0.0
2006-05-26,2006-06-29,OPTSTK,SRF,340.0,PA,0.0,0.0,0.0,53.85,122.25,0.0,0.0,0.0
2006-05-26,2006-06-29,OPTSTK,SRF,350.0,PA,0.0,0.0,0.0,59.8,131.3,0.0,0.0,0.0
2006-05-26,2006-06-29,OPTSTK,SRF,360.0,PA,0.0,0.0,0.0,66.0,140.45,0.0,0.0,0.0
2006-05-26,2006-06-29,OPTSTK,SRF,370.0,PA,0.0,0.0,0.0,60.15,149.7,0.0,0.0,0.0
2006-05-26,2006-06-29,OPTSTK,SRF,380.0,PA,0.0,0.0,0.0,66.25,159.0,0.0,0.0,0.0
2006-05-26,2006-06-29,OPTSTK,SRF,390.0,PA,0.0,0.0,0.0,65.5,168.45,0.0,0.0,0.0
2006-05-26,2006-07-27,OPTSTK,SRF,175.0,CA,0.0,0.0,0.0,42.8,69.3,0.0,0.0,0.0
2006-05-26,2006-07-27,OPTSTK,SRF,180.0,CA,0.0,0.0,0.0,40.45,66.4,0.0,0.0,0.0
2006-05-26,2006-07-27,OPTSTK,SRF,185.0,CA,0.0,0.0,0.0,38.2,63.65,0.0,0.0,0.0
2006-05-26,2006-07-27,OPTSTK,SRF,190.0,CA,0.0,0.0,0.0,36.1,60.95,0.0,0.0,0.0
2006-05-26,2006-07-27,OPTSTK,SRF,195.0,CA,0.0,0.0,0.0,34.05,58.4,0.0,0.0,0.0
2006-05-26,2006-07-27,OPTSTK,SRF,200.0,CA,0.0,0.0,0.0,32.15,55.9,0.0,0.0,0.0
2006-05-26,2006-07-27,OPTSTK,SRF,205.0,CA,0.0,0.0,0.0,50.2,53.5,0.0,0.0,0.0
2006-05-26,2006-07-27,OPTSTK,SRF,210.0,CA,0.0,0.0,0.0,47.9,51.25,0.0,0.0,0.0
2006-05-26,2006-07-27,OPTSTK,SRF,215.0,CA,0.0,0.0,0.0,45.65,49.05,0.0,0.0,0.0
2006-05-26,2006-07-27,OPTSTK,SRF,220.0,CA,0.0,0.0,0.0,58.25,46.95,0.0,0.0,0.0
2006-05-26,2006-07-27,OPTSTK,SRF,225.0,CA,0.0,0.0,0.0,41.5,44.9,0.0,0.0,0.0
2006-05-26,2006-07-27,OPTSTK,SRF,230.0,CA,0.0,0.0,0.0,40.6,43.0,0.0,0.0,0.0
2006-05-26,2006-07-27,OPTSTK,SRF,235.0,CA,0.0,0.0,0.0,37.65,41.15,0.0,0.0,0.0
2006-05-26,2006-07-27,OPTSTK,SRF,240.0,CA,0.0,0.0,0.0,34.4,39.35,0.0,0.0,0.0
2006-05-26,2006-07-27,OPTSTK,SRF,250.0,CA,0.0,0.0,0.0,28.95,36.0,0.0,0.0,0.0
2006-05-26,2006-07-27,OPTSTK,SRF,260.0,CA,0.0,0.0,0.0,24.1,32.95,0.0,0.0,0.0
2006-05-26,2006-07-27,OPTSTK,SRF,270.0,CA,0.0,0.0,0.0,44.9,30.15,0.0,0.0,0.0
2006-05-26,2006-07-27,OPTSTK,SRF,280.0,CA,0.0,0.0,0.0,51.6,27.6,0.0,0.0,0.0
2006-05-26,2006-07-27,OPTSTK,SRF,290.0,CA,0.0,0.0,0.0,59.2,25.3,0.0,0.0,0.0
2006-05-26,2006-07-27,OPTSTK,SRF,300.0,CA,0.0,0.0,0.0,60.2,23.15,0.0,0.0,0.0
2006-05-26,2006-07-27,OPTSTK,SRF,310.0,CA,0.0,0.0,0.0,54.75,21.2,0.0,0.0,0.0
2006-05-26,2006-07-27,OPTSTK,SRF,320.0,CA,0.0,0.0,0.0,49.7,19.4,0.0,0.0,0.0
2006-05-26,2006-07-27,OPTSTK,SRF,330.0,CA,0.0,0.0,0.0,45.05,17.8,0.0,0.0,0.0
2006-05-26,2006-07-27,OPTSTK,SRF,340.0,CA,0.0,0.0,0.0,40.7,16.3,0.0,0.0,0.0
2006-05-26,2006-07-27,OPTSTK,SRF,350.0,CA,0.0,0.0,0.0,36.75,14.95,0.0,0.0,0.0
2006-05-26,2006-07-27,OPTSTK,SRF,360.0,CA,0.0,0.0,0.0,33.15,13.7,0.0,0.0,0.0
2006-05-26,2006-07-27,OPTSTK,SRF,370.0,CA,0.0,0.0,0.0,29.3,12.55,0.0,0.0,0.0
2006-05-26,2006-07-27,OPTSTK,SRF,175.0,PA,0.0,0.0,0.0,25.45,19.7,0.0,0.0,0.0
2006-05-26,2006-07-27,OPTSTK,SRF,180.0,PA,0.0,0.0,0.0,28.0,21.75,0.0,0.0,0.0
2006-05-26,2006-07-27,OPTSTK,SRF,185.0,PA,0.0,0.0,0.0,30.7,23.9,0.0,0.0,0.0
2006-05-26,2006-07-27,OPTSTK,SRF,190.0,PA,0.0,0.0,0.0,33.55,26.2,0.0,0.0,0.0
2006-05-26,2006-07-27,OPTSTK,SRF,195.0,PA,0.0,0.0,0.0,36.45,28.55,0.0,0.0,0.0
2006-05-26,2006-07-27,OPTSTK,SRF,200.0,PA,0.0,0.0,0.0,39.5,31.0,0.0,0.0,0.0
2006-05-26,2006-07-27,OPTSTK,SRF,205.0,PA,0.0,0.0,0.0,31.0,33.55,0.0,0.0,0.0
2006-05-26,2006-07-27,OPTSTK,SRF,210.0,PA,0.0,0.0,0.0,33.6,36.25,0.0,0.0,0.0
2006-05-26,2006-07-27,OPTSTK,SRF,215.0,PA,0.0,0.0,0.0,36.3,39.0,0.0,0.0,0.0
2006-05-26,2006-07-27,OPTSTK,SRF,220.0,PA,0.0,0.0,0.0,23.4,41.8,0.0,0.0,0.0
2006-05-26,2006-07-27,OPTSTK,SRF,225.0,PA,0.0,0.0,0.0,42.0,44.75,0.0,0.0,0.0
2006-05-26,2006-07-27,OPTSTK,SRF,230.0,PA,0.0,0.0,0.0,10.65,47.75,0.0,0.0,0.0
2006-05-26,2006-07-27,OPTSTK,SRF,235.0,PA,0.0,0.0,0.0,48.05,50.85,0.0,0.0,0.0
2006-05-26,2006-07-27,OPTSTK,SRF,240.0,PA,0.0,0.0,0.0,14.35,54.0,0.0,0.0,0.0
2006-05-26,2006-07-27,OPTSTK,SRF,250.0,PA,0.0,0.0,0.0,18.75,60.55,0.0,0.0,0.0
2006-05-26,2006-07-27,OPTSTK,SRF,260.0,PA,0.0,0.0,0.0,23.75,67.4,0.0,0.0,0.0
2006-05-26,2006-07-27,OPTSTK,SRF,270.0,PA,0.0,0.0,0.0,13.2,74.5,0.0,0.0,0.0
2006-05-26,2006-07-27,OPTSTK,SRF,280.0,PA,0.0,0.0,0.0,12.9,81.8,0.0,0.0,0.0
2006-05-26,2006-07-27,OPTSTK,SRF,290.0,PA,0.0,0.0,0.0,19.75,89.35,0.0,0.0,0.0
2006-05-26,2006-07-27,OPTSTK,SRF,300.0,PA,0.0,0.0,0.0,25.1,97.1,0.0,0.0,0.0
2006-05-26,2006-07-27,OPTSTK,SRF,310.0,PA,0.0,0.0,0.0,29.5,105.05,0.0,0.0,0.0
2006-05-26,2006-07-27,OPTSTK,SRF,320.0,PA,0.0,0.0,0.0,34.3,113.15,0.0,0.0,0.0
2006-05-26,2006-07-27,OPTSTK,SRF,330.0,PA,0.0,0.0,0.0,39.45,121.4,0.0,0.0,0.0
2006-05-26,2006-07-27,OPTSTK,SRF,340.0,PA,0.0,0.0,0.0,44.95,129.8,0.0,0.0,0.0
2006-05-26,2006-07-27,OPTSTK,SRF,350.0,PA,0.0,0.0,0.0,50.85,138.35,0.0,0.0,0.0
2006-05-26,2006-07-27,OPTSTK,SRF,360.0,PA,0.0,0.0,0.0,57.05,146.95,0.0,0.0,0.0
2006-05-26,2006-07-27,OPTSTK,SRF,370.0,PA,0.0,0.0,0.0,58.0,155.7,0.0,0.0,0.0
2006-05-26,2006-08-31,OPTSTK,SRF,200.0,CA,0.0,0.0,0.0,62.05,66.55,0.0,0.0,0.0
2006-05-26,2006-08-31,OPTSTK,SRF,205.0,CA,0.0,0.0,0.0,60.05,64.35,0.0,0.0,0.0
2006-05-26,2006-08-31,OPTSTK,SRF,210.0,CA,0.0,0.0,0.0,58.05,62.25,0.0,0.0,0.0
2006-05-26,2006-08-31,OPTSTK,SRF,215.0,CA,0.0,0.0,0.0,56.15,60.2,0.0,0.0,0.0
2006-05-26,2006-08-31,OPTSTK,SRF,220.0,CA,0.0,0.0,0.0,54.3,58.25,0.0,0.0,0.0
2006-05-26,2006-08-31,OPTSTK,SRF,225.0,CA,0.0,0.0,0.0,52.55,56.35,0.0,0.0,0.0
2006-05-26,2006-08-31,OPTSTK,SRF,230.0,CA,0.0,0.0,0.0,50.85,54.55,0.0,0.0,0.0
2006-05-26,2006-08-31,OPTSTK,SRF,235.0,CA,0.0,0.0,0.0,0.0,0.0,0.0,0.0,0.0
2006-05-26,2006-08-31,OPTSTK,SRF,240.0,CA,0.0,0.0,0.0,0.0,0.0,0.0,0.0,0.0
2006-05-26,2006-08-31,OPTSTK,SRF,200.0,PA,0.0,0.0,0.0,44.25,40.35,0.0,0.0,0.0
2006-05-26,2006-08-31,OPTSTK,SRF,205.0,PA,0.0,0.0,0.0,47.1,43.1,0.0,0.0,0.0
2006-05-26,2006-08-31,OPTSTK,SRF,210.0,PA,0.0,0.0,0.0,50.05,45.9,0.0,0.0,0.0
2006-05-26,2006-08-31,OPTSTK,SRF,215.0,PA,0.0,0.0,0.0,53.05,48.8,0.0,0.0,0.0
2006-05-26,2006-08-31,OPTSTK,SRF,220.0,PA,0.0,0.0,0.0,56.1,51.75,0.0,0.0,0.0
2006-05-26,2006-08-31,OPTSTK,SRF,225.0,PA,0.0,0.0,0.0,59.25,54.75,0.0,0.0,0.0
2006-05-26,2006-08-31,OPTSTK,SRF,230.0,PA,0.0,0.0,0.0,62.45,57.85,0.0,0.0,0.0
2006-05-26,2006-08-31,OPTSTK,SRF,235.0,PA,0.0,0.0,0.0,0.0,0.0,0.0,0.0,0.0
2006-05-26,2006-08-31,OPTSTK,SRF,240.0,PA,0.0,0.0,0.0,0.0,0.0,0.0,0.0,0.0
2006-05-26,2006-06-29,OPTSTK,STAR,220.0,CA,0.0,0.0,0.0,27.85,62.3,0.0,0.0,0.0
2006-05-26,2006-06-29,OPTSTK,STAR,225.0,CA,0.0,0.0,0.0,24.95,58.85,0.0,0.0,0.0
2006-05-26,2006-06-29,OPTSTK,STAR,230.0,CA,0.0,0.0,0.0,22.2,55.55,0.0,0.0,0.0
2006-05-26,2006-06-29,OPTSTK,STAR,235.0,CA,0.0,0.0,0.0,19.7,52.35,0.0,0.0,0.0
2006-05-26,2006-06-29,OPTSTK,STAR,240.0,CA,0.0,0.0,0.0,37.75,49.3,0.0,0.0,0.0
2006-05-26,2006-06-29,OPTSTK,STAR,245.0,CA,0.0,0.0,0.0,15.35,46.4,0.0,0.0,0.0
2006-05-26,2006-06-29,OPTSTK,STAR,250.0,CA,19.95,20.0,19.95,20.0,20.0,2.0,4.58,850.0
2006-05-26,2006-06-29,OPTSTK,STAR,255.0,CA,0.0,0.0,0.0,18.2,41.0,0.0,0.0,0.0
2006-05-26,2006-06-29,OPTSTK,STAR,260.0,CA,0.0,0.0,0.0,35.3,38.45,0.0,0.0,0.0
2006-05-26,2006-06-29,OPTSTK,STAR,270.0,CA,0.0,0.0,0.0,38.15,33.75,0.0,0.0,0.0
2006-05-26,2006-06-29,OPTSTK,STAR,280.0,CA,0.0,0.0,0.0,45.15,29.55,0.0,0.0,0.0
2006-05-26,2006-06-29,OPTSTK,STAR,290.0,CA,0.0,0.0,0.0,38.15,25.8,0.0,0.0,0.0
2006-05-26,2006-06-29,OPTSTK,STAR,300.0,CA,0.0,0.0,0.0,47.8,22.45,0.0,0.0,0.0
2006-05-26,2006-06-29,OPTSTK,STAR,310.0,CA,0.0,0.0,0.0,47.55,19.5,0.0,0.0,0.0
2006-05-26,2006-06-29,OPTSTK,STAR,320.0,CA,0.0,0.0,0.0,40.9,16.9,0.0,0.0,0.0
2006-05-26,2006-06-29,OPTSTK,STAR,330.0,CA,0.0,0.0,0.0,34.95,14.6,0.0,0.0,0.0
2006-05-26,2006-06-29,OPTSTK,STAR,340.0,CA,0.0,0.0,0.0,29.55,12.6,0.0,0.0,0.0
2006-05-26,2006-06-29,OPTSTK,STAR,350.0,CA,0.0,0.0,0.0,24.8,10.85,0.0,0.0,0.0
2006-05-26,2006-06-29,OPTSTK,STAR,360.0,CA,0.0,0.0,0.0,20.65,9.3,0.0,0.0,0.0
2006-05-26,2006-06-29,OPTSTK,STAR,370.0,CA,0.0,0.0,0.0,17.05,8.0,0.0,0.0,0.0
2006-05-26,2006-06-29,OPTSTK,STAR,380.0,CA,0.0,0.0,0.0,15.95,6.85,0.0,0.0,0.0
2006-05-26,2006-06-29,OPTSTK,STAR,390.0,CA,0.0,0.0,0.0,21.45,5.85,0.0,0.0,0.0
2006-05-26,2006-06-29,OPTSTK,STAR,400.0,CA,0.0,0.0,0.0,17.95,5.0,0.0,0.0,0.0
2006-05-26,2006-06-29,OPTSTK,STAR,220.0,PA,0.0,0.0,0.0,10.55,10.9,0.0,0.0,0.0
2006-05-26,2006-06-29,OPTSTK,STAR,225.0,PA,0.0,0.0,0.0,12.6,12.45,0.0,0.0,0.0
2006-05-26,2006-06-29,OPTSTK,STAR,230.0,PA,0.0,0.0,0.0,14.85,14.1,0.0,0.0,0.0
2006-05-26,2006-06-29,OPTSTK,STAR,235.0,PA,0.0,0.0,0.0,17.3,15.9,0.0,0.0,0.0
2006-05-26,2006-06-29,OPTSTK,STAR,240.0,PA,0.0,0.0,0.0,9.5,17.8,0.0,0.0,0.0
2006-05-26,2006-06-29,OPTSTK,STAR,245.0,PA,0.0,0.0,0.0,22.85,19.85,0.0,0.0,0.0
2006-05-26,2006-06-29,OPTSTK,STAR,250.0,PA,0.0,0.0,0.0,7.4,22.05,0.0,0.0,0.0
2006-05-26,2006-06-29,OPTSTK,STAR,255.0,PA,0.0,0.0,0.0,32.3,24.4,0.0,0.0,0.0
2006-05-26,2006-06-29,OPTSTK,STAR,260.0,PA,0.0,0.0,0.0,10.45,26.8,0.0,0.0,0.0
2006-05-26,2006-06-29,OPTSTK,STAR,270.0,PA,0.0,0.0,0.0,7.15,32.05,0.0,0.0,0.0
2006-05-26,2006-06-29,OPTSTK,STAR,280.0,PA,0.0,0.0,0.0,7.05,37.8,0.0,0.0,0.0
2006-05-26,2006-06-29,OPTSTK,STAR,290.0,PA,0.0,0.0,0.0,9.95,43.95,0.0,0.0,0.0
2006-05-26,2006-06-29,OPTSTK,STAR,300.0,PA,0.0,0.0,0.0,11.1,50.55,0.0,0.0,0.0
2006-05-26,2006-06-29,OPTSTK,STAR,310.0,PA,0.0,0.0,0.0,9.65,57.55,0.0,0.0,0.0
2006-05-26,2006-06-29,OPTSTK,STAR,320.0,PA,0.0,0.0,0.0,12.8,64.85,0.0,0.0,0.0
2006-05-26,2006-06-29,OPTSTK,STAR,330.0,PA,0.0,0.0,0.0,16.6,72.5,0.0,0.0,0.0
2006-05-26,2006-06-29,OPTSTK,STAR,340.0,PA,0.0,0.0,0.0,21.0,80.45,0.0,0.0,0.0
2006-05-26,2006-06-29,OPTSTK,STAR,350.0,PA,0.0,0.0,0.0,26.05,88.65,0.0,0.0,0.0
2006-05-26,2006-06-29,OPTSTK,STAR,360.0,PA,0.0,0.0,0.0,31.7,97.05,0.0,0.0,0.0
2006-05-26,2006-06-29,OPTSTK,STAR,370.0,PA,0.0,0.0,0.0,37.85,105.65,0.0,0.0,0.0
2006-05-26,2006-06-29,OPTSTK,STAR,380.0,PA,0.0,0.0,0.0,40.6,114.45,0.0,0.0,0.0
2006-05-26,2006-06-29,OPTSTK,STAR,390.0,PA,0.0,0.0,0.0,35.95,123.4,0.0,0.0,0.0
2006-05-26,2006-06-29,OPTSTK,STAR,400.0,PA,0.0,0.0,0.0,42.25,132.5,0.0,0.0,0.0
2006-05-26,2006-07-27,OPTSTK,STAR,220.0,CA,0.0,0.0,0.0,33.85,71.6,0.0,0.0,0.0
2006-05-26,2006-07-27,OPTSTK,STAR,225.0,CA,0.0,0.0,0.0,31.1,68.6,0.0,0.0,0.0
2006-05-26,2006-07-27,OPTSTK,STAR,230.0,CA,0.0,0.0,0.0,28.55,65.65,0.0,0.0,0.0
2006-05-26,2006-07-27,OPTSTK,STAR,235.0,CA,0.0,0.0,0.0,26.1,62.8,0.0,0.0,0.0
2006-05-26,2006-07-27,OPTSTK,STAR,240.0,CA,0.0,0.0,0.0,43.95,60.1,0.0,0.0,0.0
2006-05-26,2006-07-27,OPTSTK,STAR,245.0,CA,0.0,0.0,0.0,21.8,57.45,0.0,0.0,0.0
2006-05-26,2006-07-27,OPTSTK,STAR,250.0,CA,0.0,0.0,0.0,47.85,54.95,0.0,0.0,0.0
2006-05-26,2006-07-27,OPTSTK,STAR,255.0,CA,0.0,0.0,0.0,26.65,52.5,0.0,0.0,0.0
2006-05-26,2006-07-27,OPTSTK,STAR,260.0,CA,0.0,0.0,0.0,41.55,50.15,0.0,0.0,0.0
2006-05-26,2006-07-27,OPTSTK,STAR,270.0,CA,0.0,0.0,0.0,43.45,45.75,0.0,0.0,0.0
2006-05-26,2006-07-27,OPTSTK,STAR,280.0,CA,0.0,0.0,0.0,49.5,41.7,0.0,0.0,0.0
2006-05-26,2006-07-27,OPTSTK,STAR,290.0,CA,0.0,0.0,0.0,42.9,37.95,0.0,0.0,0.0
2006-05-26,2006-07-27,OPTSTK,STAR,300.0,CA,0.0,0.0,0.0,36.9,34.5,0.0,0.0,0.0
2006-05-26,2006-07-27,OPTSTK,STAR,310.0,CA,0.0,0.0,0.0,31.5,31.35,0.0,0.0,0.0
2006-05-26,2006-07-27,OPTSTK,STAR,320.0,CA,0.0,0.0,0.0,26.65,28.5,0.0,0.0,0.0
2006-05-26,2006-07-27,OPTSTK,STAR,330.0,CA,0.0,0.0,0.0,22.45,25.9,0.0,0.0,0.0
2006-05-26,2006-07-27,OPTSTK,STAR,340.0,CA,0.0,0.0,0.0,18.75,23.5,0.0,0.0,0.0
2006-05-26,2006-07-27,OPTSTK,STAR,350.0,CA,0.0,0.0,0.0,21.6,21.3,0.0,0.0,0.0
2006-05-26,2006-07-27,OPTSTK,STAR,360.0,CA,0.0,0.0,0.0,18.25,19.35,0.0,0.0,0.0
2006-05-26,2006-07-27,OPTSTK,STAR,220.0,PA,0.0,0.0,0.0,15.4,19.1,0.0,0.0,0.0
2006-05-26,2006-07-27,OPTSTK,STAR,225.0,PA,0.0,0.0,0.0,17.6,21.0,0.0,0.0,0.0
2006-05-26,2006-07-27,OPTSTK,STAR,230.0,PA,0.0,0.0,0.0,19.95,23.0,0.0,0.0,0.0
2006-05-26,2006-07-27,OPTSTK,STAR,235.0,PA,0.0,0.0,0.0,22.5,25.15,0.0,0.0,0.0
2006-05-26,2006-07-27,OPTSTK,STAR,240.0,PA,0.0,0.0,0.0,14.45,27.35,0.0,0.0,0.0
2006-05-26,2006-07-27,OPTSTK,STAR,245.0,PA,0.0,0.0,0.0,28.0,29.65,0.0,0.0,0.0
2006-05-26,2006-07-27,OPTSTK,STAR,250.0,PA,0.0,0.0,0.0,11.8,32.1,0.0,0.0,0.0
2006-05-26,2006-07-27,OPTSTK,STAR,255.0,PA,0.0,0.0,0.0,39.4,34.6,0.0,0.0,0.0
2006-05-26,2006-07-27,OPTSTK,STAR,260.0,PA,0.0,0.0,0.0,15.35,37.2,0.0,0.0,0.0
2006-05-26,2006-07-27,OPTSTK,STAR,270.0,PA,0.0,0.0,0.0,11.0,42.65,0.0,0.0,0.0
2006-05-26,2006-07-27,OPTSTK,STAR,280.0,PA,0.0,0.0,0.0,9.95,48.45,0.0,0.0,0.0
2006-05-26,2006-07-27,OPTSTK,STAR,290.0,PA,0.0,0.0,0.0,13.15,54.6,0.0,0.0,0.0
2006-05-26,2006-07-27,OPTSTK,STAR,300.0,PA,0.0,0.0,0.0,17.0,61.05,0.0,0.0,0.0
2006-05-26,2006-07-27,OPTSTK,STAR,310.0,PA,0.0,0.0,0.0,21.45,67.8,0.0,0.0,0.0
2006-05-26,2006-07-27,OPTSTK,STAR,320.0,PA,0.0,0.0,0.0,26.45,74.85,0.0,0.0,0.0
2006-05-26,2006-07-27,OPTSTK,STAR,330.0,PA,0.0,0.0,0.0,32.05,82.1,0.0,0.0,0.0
2006-05-26,2006-07-27,OPTSTK,STAR,340.0,PA,0.0,0.0,0.0,38.2,89.6,0.0,0.0,0.0
2006-05-26,2006-07-27,OPTSTK,STAR,350.0,PA,0.0,0.0,0.0,38.7,97.3,0.0,0.0,0.0
2006-05-26,2006-07-27,OPTSTK,STAR,360.0,PA,0.0,0.0,0.0,45.15,105.2,0.0,0.0,0.0
2006-05-26,2006-08-31,OPTSTK,STAR,220.0,CA,0.0,0.0,0.0,44.5,81.2,0.0,0.0,0.0
2006-05-26,2006-08-31,OPTSTK,STAR,225.0,CA,0.0,0.0,0.0,42.1,78.45,0.0,0.0,0.0
2006-05-26,2006-08-31,OPTSTK,STAR,230.0,CA,0.0,0.0,0.0,39.8,75.8,0.0,0.0,0.0
2006-05-26,2006-08-31,OPTSTK,STAR,235.0,CA,0.0,0.0,0.0,37.65,73.2,0.0,0.0,0.0
2006-05-26,2006-08-31,OPTSTK,STAR,240.0,CA,0.0,0.0,0.0,35.55,70.7,0.0,0.0,0.0
2006-05-26,2006-08-31,OPTSTK,STAR,245.0,CA,0.0,0.0,0.0,33.6,68.3,0.0,0.0,0.0
2006-05-26,2006-08-31,OPTSTK,STAR,250.0,CA,0.0,0.0,0.0,31.7,65.95,0.0,0.0,0.0
2006-05-26,2006-08-31,OPTSTK,STAR,260.0,CA,0.0,0.0,0.0,0.0,0.0,0.0,0.0,0.0
2006-05-26,2006-08-31,OPTSTK,STAR,270.0,CA,0.0,0.0,0.0,0.0,0.0,0.0,0.0,0.0
2006-05-26,2006-08-31,OPTSTK,STAR,280.0,CA,0.0,0.0,0.0,0.0,0.0,0.0,0.0,0.0
2006-05-26,2006-08-31,OPTSTK,STAR,290.0,CA,0.0,0.0,0.0,0.0,0.0,0.0,0.0,0.0
2006-05-26,2006-08-31,OPTSTK,STAR,300.0,CA,0.0,0.0,0.0,0.0,0.0,0.0,0.0,0.0
2006-05-26,2006-08-31,OPTSTK,STAR,220.0,PA,0.0,0.0,0.0,27.25,27.25,0.0,0.0,0.0
2006-05-26,2006-08-31,OPTSTK,STAR,225.0,PA,0.0,0.0,0.0,29.75,29.4,0.0,0.0,0.0
2006-05-26,2006-08-31,OPTSTK,STAR,230.0,PA,0.0,0.0,0.0,32.4,31.7,0.0,0.0,0.0
2006-05-26,2006-08-31,OPTSTK,STAR,235.0,PA,0.0,0.0,0.0,35.1,34.0,0.0,0.0,0.0
2006-05-26,2006-08-31,OPTSTK,STAR,240.0,PA,0.0,0.0,0.0,37.95,36.4,0.0,0.0,0.0
2006-05-26,2006-08-31,OPTSTK,STAR,245.0,PA,0.0,0.0,0.0,40.9,38.9,0.0,0.0,0.0
2006-05-26,2006-08-31,OPTSTK,STAR,250.0,PA,0.0,0.0,0.0,43.9,41.5,0.0,0.0,0.0
2006-05-26,2006-08-31,OPTSTK,STAR,260.0,PA,0.0,0.0,0.0,0.0,0.0,0.0,0.0,0.0
2006-05-26,2006-08-31,OPTSTK,STAR,270.0,PA,0.0,0.0,0.0,0.0,0.0,0.0,0.0,0.0
2006-05-26,2006-08-31,OPTSTK,STAR,280.0,PA,0.0,0.0,0.0,0.0,0.0,0.0,0.0,0.0
2006-05-26,2006-08-31,OPTSTK,STAR,290.0,PA,0.0,0.0,0.0,0.0,0.0,0.0,0.0,0.0
2006-05-26,2006-08-31,OPTSTK,STAR,300.0,PA,0.0,0.0,0.0,0.0,0.0,0.0,0.0,0.0
2006-05-26,2006-06-29,OPTSTK,STER,318.0,CA,0.0,0.0,0.0,237.05,115.25,0.0,0.0,0.0
2006-05-26,2006-06-29,OPTSTK,STER,324.0,CA,0.0,0.0,0.0,221.1,111.25,0.0,0.0,0.0
2006-05-26,2006-06-29,OPTSTK,STER,330.0,CA,0.0,0.0,0.0,205.95,107.35,0.0,0.0,0.0
2006-05-26,2006-06-29,OPTSTK,STER,336.0,CA,0.0,0.0,0.0,191.6,103.55,0.0,0.0,0.0
2006-05-26,2006-06-29,OPTSTK,STER,340.0,CA,0.0,0.0,0.0,64.95,101.1,0.0,0.0,0.0
2006-05-26,2006-06-29,OPTSTK,STER,342.0,CA,0.0,0.0,0.0,178.05,99.85,0.0,0.0,0.0
2006-05-26,2006-06-29,OPTSTK,STER,348.0,CA,0.0,0.0,0.0,165.25,96.25,0.0,0.0,0.0
2006-05-26,2006-06-29,OPTSTK,STER,350.0,CA,0.0,0.0,0.0,60.35,95.1,0.0,0.0,0.0
2006-05-26,2006-06-29,OPTSTK,STER,354.0,CA,0.0,0.0,0.0,153.2,92.8,0.0,0.0,0.0
2006-05-26,2006-06-29,OPTSTK,STER,360.0,CA,35.2,90.0,35.2,90.0,90.0,2.0,14.79,0.0
2006-05-26,2006-06-29,OPTSTK,STER,366.0,CA,0.0,0.0,0.0,174.75,86.1,0.0,0.0,0.0
2006-05-26,2006-06-29,OPTSTK,STER,370.0,CA,0.0,0.0,0.0,51.95,84.0,0.0,0.0,0.0
2006-05-26,2006-06-29,OPTSTK,STER,372.0,CA,0.0,0.0,0.0,176.65,82.95,0.0,0.0,0.0
2006-05-26,2006-06-29,OPTSTK,STER,378.0,CA,0.0,0.0,0.0,164.65,79.85,0.0,0.0,0.0
2006-05-26,2006-06-29,OPTSTK,STER,380.0,CA,0.0,0.0,0.0,78.6,78.85,0.0,0.0,0.0
2006-05-26,2006-06-29,OPTSTK,STER,384.0,CA,0.0,0.0,0.0,294.5,76.85,0.0,0.0,0.0
2006-05-26,2006-06-29,OPTSTK,STER,390.0,CA,0.0,0.0,0.0,280.55,73.95,0.0,0.0,0.0
2006-05-26,2006-06-29,OPTSTK,STER,396.0,CA,0.0,0.0,0.0,267.15,71.15,0.0,0.0,0.0
2006-05-26,2006-06-29,OPTSTK,STER,400.0,CA,0.0,0.0,0.0,85.85,69.35,0.0,0.0,0.0
2006-05-26,2006-06-29,OPTSTK,STER,402.0,CA,0.0,0.0,0.0,254.3,68.45,0.0,0.0,0.0
2006-05-26,2006-06-29,OPTSTK,STER,408.0,CA,0.0,0.0,0.0,241.95,65.8,0.0,0.0,0.0
2006-05-26,2006-06-29,OPTSTK,STER,410.0,CA,0.0,0.0,0.0,81.1,64.95,0.0,0.0,0.0
2006-05-26,2006-06-29,OPTSTK,STER,414.0,CA,0.0,0.0,0.0,242.4,63.25,0.0,0.0,0.0
2006-05-26,2006-06-29,OPTSTK,STER,420.0,CA,0.0,0.0,0.0,230.4,60.8,0.0,0.0,0.0
2006-05-26,2006-06-29,OPTSTK,STER,426.0,CA,0.0,0.0,0.0,270.2,58.45,0.0,0.0,0.0
2006-05-26,2006-06-29,OPTSTK,STER,430.0,CA,0.0,0.0,0.0,72.25,56.95,0.0,0.0,0.0
2006-05-26,2006-06-29,OPTSTK,STER,432.0,CA,0.0,0.0,0.0,257.6,56.15,0.0,0.0,0.0
2006-05-26,2006-06-29,OPTSTK,STER,438.0,CA,0.0,0.0,0.0,245.55,53.95,0.0,0.0,0.0
2006-05-26,2006-06-29,OPTSTK,STER,440.0,CA,0.0,0.0,0.0,98.65,53.25,0.0,0.0,0.0
2006-05-26,2006-06-29,OPTSTK,STER,444.0,CA,0.0,0.0,0.0,304.45,51.85,0.0,0.0,0.0
2006-05-26,2006-06-29,OPTSTK,STER,450.0,CA,0.0,0.0,0.0,291.45,49.8,0.0,0.0,0.0
2006-05-26,2006-06-29,OPTSTK,STER,456.0,CA,0.0,0.0,0.0,278.9,47.8,0.0,0.0,0.0
2006-05-26,2006-06-29,OPTSTK,STER,460.0,CA,0.0,0.0,0.0,80.0,46.55,0.0,0.0,0.0
2006-05-26,2006-06-29,OPTSTK,STER,462.0,CA,0.0,0.0,0.0,266.8,45.9,0.0,0.0,0.0
2006-05-26,2006-06-29,OPTSTK,STER,468.0,CA,0.0,0.0,0.0,322.75,44.05,0.0,0.0,0.0
2006-05-26,2006-06-29,OPTSTK,STER,474.0,CA,0.0,0.0,0.0,309.55,42.3,0.0,0.0,0.0
2006-05-26,2006-06-29,OPTSTK,STER,480.0,CA,0.0,0.0,0.0,296.8,40.6,0.0,0.0,0.0
2006-05-26,2006-06-29,OPTSTK,STER,486.0,CA,0.0,0.0,0.0,284.5,38.95,0.0,0.0,0.0
2006-05-26,2006-06-29,OPTSTK,STER,490.0,CA,0.0,0.0,0.0,352.25,37.9,0.0,0.0,0.0
2006-05-26,2006-06-29,OPTSTK,STER,492.0,CA,0.0,0.0,0.0,273.05,37.4,0.0,0.0,0.0
2006-05-26,2006-06-29,OPTSTK,STER,498.0,CA,0.0,0.0,0.0,260.05,35.9,0.0,0.0,0.0
2006-05-26,2006-06-29,OPTSTK,STER,500.0,CA,0.0,0.0,0.0,328.2,35.4,0.0,0.0,0.0
2006-05-26,2006-06-29,OPTSTK,STER,504.0,CA,0.0,0.0,0.0,247.55,34.45,0.0,0.0,0.0
2006-05-26,2006-06-29,OPTSTK,STER,510.0,CA,0.0,0.0,0.0,305.5,33.05,0.0,0.0,0.0
2006-05-26,2006-06-29,OPTSTK,STER,520.0,CA,0.0,0.0,0.0,284.05,30.8,0.0,0.0,0.0
2006-05-26,2006-06-29,OPTSTK,STER,530.0,CA,0.0,0.0,0.0,263.85,28.75,0.0,0.0,0.0
2006-05-26,2006-06-29,OPTSTK,STER,540.0,CA,0.0,0.0,0.0,244.9,26.8,0.0,0.0,0.0
2006-05-26,2006-06-29,OPTSTK,STER,550.0,CA,0.0,0.0,0.0,1.0,25.0,0.0,0.0,1750.0
2006-05-26,2006-06-29,OPTSTK,STER,560.0,CA,0.0,0.0,0.0,316.3,23.3,0.0,0.0,0.0
2006-05-26,2006-06-29,OPTSTK,STER,570.0,CA,0.0,0.0,0.0,296.5,21.75,0.0,0.0,0.0
2006-05-26,2006-06-29,OPTSTK,STER,580.0,CA,0.0,0.0,0.0,357.65,20.25,0.0,0.0,0.0
2006-05-26,2006-06-29,OPTSTK,STER,590.0,CA,0.0,0.0,0.0,336.85,18.85,0.0,0.0,0.0
2006-05-26,2006-06-29,OPTSTK,STER,600.0,CA,0.0,0.0,0.0,10.5,17.55,0.0,0.0,0.0
2006-05-26,2006-06-29,OPTSTK,STER,620.0,CA,0.0,0.0,0.0,52.7,15.25,0.0,0.0,0.0
2006-05-26,2006-06-29,OPTSTK,STER,640.0,CA,0.0,0.0,0.0,45.65,13.25,0.0,0.0,0.0
2006-05-26,2006-06-29,OPTSTK,STER,660.0,CA,0.0,0.0,0.0,36.25,11.45,0.0,0.0,0.0
2006-05-26,2006-06-29,OPTSTK,STER,318.0,PA,0.0,0.0,0.0,117.85,21.45,0.0,0.0,0.0
2006-05-26,2006-06-29,OPTSTK,STER,324.0,PA,0.0,0.0,0.0,131.25,23.4,0.0,0.0,0.0
2006-05-26,2006-06-29,OPTSTK,STER,330.0,PA,0.0,0.0,0.0,145.5,25.45,0.0,0.0,0.0
2006-05-26,2006-06-29,OPTSTK,STER,336.0,PA,0.0,0.0,0.0,160.5,27.65,0.0,0.0,0.0
2006-05-26,2006-06-29,OPTSTK,STER,340.0,PA,0.0,0.0,0.0,45.0,29.15,0.0,0.0,0.0
2006-05-26,2006-06-29,OPTSTK,STER,342.0,PA,0.0,0.0,0.0,176.3,29.9,0.0,0.0,0.0
2006-05-26,2006-06-29,OPTSTK,STER,348.0,PA,0.0,0.0,0.0,192.85,32.3,0.0,0.0,0.0
2006-05-26,2006-06-29,OPTSTK,STER,350.0,PA,0.0,0.0,0.0,50.3,33.1,0.0,0.0,0.0
2006-05-26,2006-06-29,OPTSTK,STER,354.0,PA,0.0,0.0,0.0,210.2,34.75,0.0,0.0,0.0
2006-05-26,2006-06-29,OPTSTK,STER,360.0,PA,0.0,0.0,0.0,198.95,37.35,0.0,0.0,0.0
2006-05-26,2006-06-29,OPTSTK,STER,366.0,PA,0.0,0.0,0.0,215.9,40.0,0.0,0.0,0.0
2006-05-26,2006-06-29,OPTSTK,STER,370.0,PA,0.0,0.0,0.0,61.8,41.85,0.0,0.0,0.0
2006-05-26,2006-06-29,OPTSTK,STER,372.0,PA,0.0,0.0,0.0,209.3,42.8,0.0,0.0,0.0
2006-05-26,2006-06-29,OPTSTK,STER,378.0,PA,0.0,0.0,0.0,226.7,45.65,0.0,0.0,0.0
2006-05-26,2006-06-29,OPTSTK,STER,380.0,PA,0.0,0.0,0.0,50.45,46.65,0.0,0.0,0.0
2006-05-26,2006-06-29,OPTSTK,STER,384.0,PA,0.0,0.0,0.0,216.15,48.65,0.0,0.0,0.0
2006-05-26,2006-06-29,OPTSTK,STER,390.0,PA,0.0,0.0,0.0,231.65,51.7,0.0,0.0,0.0
2006-05-26,2006-06-29,OPTSTK,STER,396.0,PA,0.0,0.0,0.0,247.65,54.85,0.0,0.0,0.0
2006-05-26,2006-06-29,OPTSTK,STER,400.0,PA,0.0,0.0,0.0,53.2,57.0,0.0,0.0,0.0
2006-05-26,2006-06-29,OPTSTK,STER,402.0,PA,0.0,0.0,0.0,264.25,58.1,0.0,0.0,0.0
2006-05-26,2006-06-29,OPTSTK,STER,408.0,PA,0.0,0.0,0.0,281.3,61.45,0.0,0.0,0.0
2006-05-26,2006-06-29,OPTSTK,STER,410.0,PA,0.0,0.0,0.0,58.35,62.55,0.0,0.0,0.0
2006-05-26,2006-06-29,OPTSTK,STER,414.0,PA,0.0,0.0,0.0,275.2,64.85,0.0,0.0,0.0
2006-05-26,2006-06-29,OPTSTK,STER,420.0,PA,0.0,0.0,0.0,292.65,68.4,0.0,0.0,0.0
2006-05-26,2006-06-29,OPTSTK,STER,426.0,PA,0.0,0.0,0.0,270.85,72.0,0.0,0.0,0.0
2006-05-26,2006-06-29,OPTSTK,STER,430.0,PA,0.0,0.0,0.0,69.35,74.4,0.0,0.0,0.0
2006-05-26,2006-06-29,OPTSTK,STER,432.0,PA,0.0,0.0,0.0,287.75,75.65,0.0,0.0,0.0
2006-05-26,2006-06-29,OPTSTK,STER,438.0,PA,0.0,0.0,0.0,305.15,79.4,0.0,0.0,0.0
2006-05-26,2006-06-29,OPTSTK,STER,440.0,PA,0.0,0.0,0.0,32.15,80.7,0.0,0.0,0.0
2006-05-26,2006-06-29,OPTSTK,STER,444.0,PA,0.0,0.0,0.0,276.3,83.25,0.0,0.0,0.0
2006-05-26,2006-06-29,OPTSTK,STER,450.0,PA,0.0,0.0,0.0,292.8,87.15,0.0,0.0,0.0
2006-05-26,2006-06-29,OPTSTK,STER,456.0,PA,0.0,0.0,0.0,309.75,91.15,0.0,0.0,0.0
2006-05-26,2006-06-29,OPTSTK,STER,460.0,PA,0.0,0.0,0.0,19.85,93.85,0.0,0.0,0.0
2006-05-26,2006-06-29,OPTSTK,STER,462.0,PA,0.0,0.0,0.0,327.15,95.2,0.0,0.0,0.0
2006-05-26,2006-06-29,OPTSTK,STER,468.0,PA,0.0,0.0,0.0,283.8,99.3,0.0,0.0,0.0
2006-05-26,2006-06-29,OPTSTK,STER,474.0,PA,0.0,0.0,0.0,300.1,103.5,0.0,0.0,0.0
2006-05-26,2006-06-29,OPTSTK,STER,480.0,PA,0.0,0.0,0.0,316.9,107.8,0.0,0.0,0.0
2006-05-26,2006-06-29,OPTSTK,STER,486.0,PA,0.0,0.0,0.0,334.1,112.1,0.0,0.0,0.0
2006-05-26,2006-06-29,OPTSTK,STER,490.0,PA,0.0,0.0,0.0,241.9,115.0,0.0,0.0,0.0
2006-05-26,2006-06-29,OPTSTK,STER,492.0,PA,0.0,0.0,0.0,267.0,116.5,0.0,0.0,0.0
2006-05-26,2006-06-29,OPTSTK,STER,498.0,PA,0.0,0.0,0.0,283.6,120.95,0.0,0.0,0.0
2006-05-26,2006-06-29,OPTSTK,STER,500.0,PA,0.0,0.0,0.0,267.3,122.45,0.0,0.0,0.0
2006-05-26,2006-06-29,OPTSTK,STER,504.0,PA,0.0,0.0,0.0,300.75,125.45,0.0,0.0,0.0
2006-05-26,2006-06-29,OPTSTK,STER,510.0,PA,0.0,0.0,0.0,293.95,130.0,0.0,0.0,0.0
2006-05-26,2006-06-29,OPTSTK,STER,520.0,PA,0.0,0.0,0.0,321.95,137.75,0.0,0.0,0.0
2006-05-26,2006-06-29,OPTSTK,STER,530.0,PA,0.0,0.0,0.0,351.15,145.6,0.0,0.0,0.0
2006-05-26,2006-06-29,OPTSTK,STER,540.0,PA,0.0,0.0,0.0,381.55,153.6,0.0,0.0,0.0
2006-05-26,2006-06-29,OPTSTK,STER,550.0,PA,0.0,0.0,0.0,344.55,161.75,0.0,0.0,0.0
2006-05-26,2006-06-29,OPTSTK,STER,560.0,PA,0.0,0.0,0.0,373.1,170.0,0.0,0.0,0.0
2006-05-26,2006-06-29,OPTSTK,STER,570.0,PA,0.0,0.0,0.0,402.7,178.35,0.0,0.0,0.0
2006-05-26,2006-06-29,OPTSTK,STER,580.0,PA,0.0,0.0,0.0,369.3,186.8,0.0,0.0,0.0
2006-05-26,2006-06-29,OPTSTK,STER,590.0,PA,7.0,7.0,7.0,7.0,7.0,1.0,10.44,1750.0
2006-05-26,2006-06-29,OPTSTK,STER,600.0,PA,0.0,0.0,0.0,427.55,204.0,0.0,0.0,0.0
2006-05-26,2006-06-29,OPTSTK,STER,620.0,PA,0.0,0.0,0.0,81.3,221.55,0.0,0.0,0.0
2006-05-26,2006-06-29,OPTSTK,STER,640.0,PA,0.0,0.0,0.0,94.0,239.4,0.0,0.0,0.0
2006-05-26,2006-06-29,OPTSTK,STER,660.0,PA,0.0,0.0,0.0,89.6,257.5,0.0,0.0,0.0
2006-05-26,2006-07-27,OPTSTK,STER,330.0,CA,0.0,0.0,0.0,87.05,125.75,0.0,0.0,0.0
2006-05-26,2006-07-27,OPTSTK,STER,340.0,CA,0.0,0.0,0.0,82.55,120.25,0.0,0.0,0.0
2006-05-26,2006-07-27,OPTSTK,STER,350.0,CA,0.0,0.0,0.0,78.3,115.0,0.0,0.0,0.0
2006-05-26,2006-07-27,OPTSTK,STER,360.0,CA,0.0,0.0,0.0,74.2,109.95,0.0,0.0,0.0
2006-05-26,2006-07-27,OPTSTK,STER,370.0,CA,0.0,0.0,0.0,70.35,105.1,0.0,0.0,0.0
2006-05-26,2006-07-27,OPTSTK,STER,380.0,CA,0.0,0.0,0.0,97.8,100.45,0.0,0.0,0.0
2006-05-26,2006-07-27,OPTSTK,STER,390.0,CA,0.0,0.0,0.0,93.4,96.0,0.0,0.0,0.0
2006-05-26,2006-07-27,OPTSTK,STER,400.0,CA,0.0,0.0,0.0,106.0,91.75,0.0,0.0,0.0
2006-05-26,2006-07-27,OPTSTK,STER,410.0,CA,0.0,0.0,0.0,101.6,87.7,0.0,0.0,0.0
2006-05-26,2006-07-27,OPTSTK,STER,420.0,CA,0.0,0.0,0.0,97.35,83.8,0.0,0.0,0.0
2006-05-26,2006-07-27,OPTSTK,STER,430.0,CA,0.0,0.0,0.0,93.3,80.05,0.0,0.0,0.0
2006-05-26,2006-07-27,OPTSTK,STER,440.0,CA,0.0,0.0,0.0,115.1,76.5,0.0,0.0,0.0
2006-05-26,2006-07-27,OPTSTK,STER,450.0,CA,0.0,0.0,0.0,85.7,73.05,0.0,0.0,0.0
2006-05-26,2006-07-27,OPTSTK,STER,460.0,CA,0.0,0.0,0.0,91.95,69.8,0.0,0.0,0.0
2006-05-26,2006-07-27,OPTSTK,STER,480.0,CA,0.0,0.0,0.0,440.95,63.75,0.0,0.0,0.0
2006-05-26,2006-07-27,OPTSTK,STER,490.0,CA,0.0,0.0,0.0,416.6,60.9,0.0,0.0,0.0
2006-05-26,2006-07-27,OPTSTK,STER,500.0,CA,0.0,0.0,0.0,393.35,58.15,0.0,0.0,0.0
2006-05-26,2006-07-27,OPTSTK,STER,510.0,CA,0.0,0.0,0.0,371.2,55.6,0.0,0.0,0.0
2006-05-26,2006-07-27,OPTSTK,STER,520.0,CA,0.0,0.0,0.0,350.15,53.15,0.0,0.0,0.0
2006-05-26,2006-07-27,OPTSTK,STER,530.0,CA,0.0,0.0,0.0,330.05,50.8,0.0,0.0,0.0
2006-05-26,2006-07-27,OPTSTK,STER,540.0,CA,0.0,0.0,0.0,311.0,48.55,0.0,0.0,0.0
2006-05-26,2006-07-27,OPTSTK,STER,550.0,CA,0.0,0.0,0.0,412.3,46.4,0.0,0.0,0.0
2006-05-26,2006-07-27,OPTSTK,STER,560.0,CA,0.0,0.0,0.0,391.8,44.35,0.0,0.0,0.0
2006-05-26,2006-07-27,OPTSTK,STER,570.0,CA,0.0,0.0,0.0,372.15,42.4,0.0,0.0,0.0
2006-05-26,2006-07-27,OPTSTK,STER,580.0,CA,0.0,0.0,0.0,438.7,40.5,0.0,0.0,0.0
2006-05-26,2006-07-27,OPTSTK,STER,590.0,CA,0.0,0.0,0.0,418.25,38.75,0.0,0.0,0.0
2006-05-26,2006-07-27,OPTSTK,STER,600.0,CA,0.0,0.0,0.0,398.65,37.05,0.0,0.0,0.0
2006-05-26,2006-07-27,OPTSTK,STER,620.0,CA,0.0,0.0,0.0,68.7,33.85,0.0,0.0,0.0
2006-05-26,2006-07-27,OPTSTK,STER,640.0,CA,0.0,0.0,0.0,61.5,31.0,0.0,0.0,0.0
2006-05-26,2006-07-27,OPTSTK,STER,660.0,CA,0.0,0.0,0.0,51.8,28.35,0.0,0.0,0.0
2006-05-26,2006-07-27,OPTSTK,STER,330.0,PA,0.0,0.0,0.0,55.45,42.15,0.0,0.0,0.0
2006-05-26,2006-07-27,OPTSTK,STER,340.0,PA,0.0,0.0,0.0,60.8,46.55,0.0,0.0,0.0
2006-05-26,2006-07-27,OPTSTK,STER,350.0,PA,0.0,0.0,0.0,66.4,51.2,0.0,0.0,0.0
2006-05-26,2006-07-27,OPTSTK,STER,360.0,PA,0.0,0.0,0.0,72.25,56.0,0.0,0.0,0.0
2006-05-26,2006-07-27,OPTSTK,STER,370.0,PA,0.0,0.0,0.0,78.25,61.05,0.0,0.0,0.0
2006-05-26,2006-07-27,OPTSTK,STER,380.0,PA,0.0,0.0,0.0,67.65,66.3,0.0,0.0,0.0
2006-05-26,2006-07-27,OPTSTK,STER,390.0,PA,0.0,0.0,0.0,73.15,71.75,0.0,0.0,0.0
2006-05-26,2006-07-27,OPTSTK,STER,400.0,PA,0.0,0.0,0.0,71.2,77.4,0.0,0.0,0.0
2006-05-26,2006-07-27,OPTSTK,STER,410.0,PA,0.0,0.0,0.0,76.7,83.2,0.0,0.0,0.0
2006-05-26,2006-07-27,OPTSTK,STER,420.0,PA,0.0,0.0,0.0,82.35,89.15,0.0,0.0,0.0
2006-05-26,2006-07-27,OPTSTK,STER,430.0,PA,0.0,0.0,0.0,88.15,95.35,0.0,0.0,0.0
2006-05-26,2006-07-27,OPTSTK,STER,440.0,PA,0.0,0.0,0.0,46.35,101.65,0.0,0.0,0.0
2006-05-26,2006-07-27,OPTSTK,STER,450.0,PA,0.0,0.0,0.0,100.25,108.1,0.0,0.0,0.0
2006-05-26,2006-07-27,OPTSTK,STER,460.0,PA,0.0,0.0,0.0,29.35,114.75,0.0,0.0,0.0
2006-05-26,2006-07-27,OPTSTK,STER,480.0,PA,0.0,0.0,0.0,268.65,128.45,0.0,0.0,0.0
2006-05-26,2006-07-27,OPTSTK,STER,490.0,PA,0.0,0.0,0.0,293.4,135.5,0.0,0.0,0.0
2006-05-26,2006-07-27,OPTSTK,STER,500.0,PA,0.0,0.0,0.0,319.35,142.65,0.0,0.0,0.0
2006-05-26,2006-07-27,OPTSTK,STER,510.0,PA,0.0,0.0,0.0,346.35,149.95,0.0,0.0,0.0
2006-05-26,2006-07-27,OPTSTK,STER,520.0,PA,0.0,0.0,0.0,374.4,157.4,0.0,0.0,0.0
2006-05-26,2006-07-27,OPTSTK,STER,530.0,PA,0.0,0.0,0.0,403.5,164.9,0.0,0.0,0.0
2006-05-26,2006-07-27,OPTSTK,STER,540.0,PA,0.0,0.0,0.0,433.6,172.55,0.0,0.0,0.0
2006-05-26,2006-07-27,OPTSTK,STER,550.0,PA,0.0,0.0,0.0,405.35,180.3,0.0,0.0,0.0
2006-05-26,2006-07-27,OPTSTK,STER,560.0,PA,0.0,0.0,0.0,433.95,188.1,0.0,0.0,0.0
2006-05-26,2006-07-27,OPTSTK,STER,570.0,PA,0.0,0.0,0.0,463.45,196.05,0.0,0.0,0.0
2006-05-26,2006-07-27,OPTSTK,STER,580.0,PA,0.0,0.0,0.0,435.25,204.05,0.0,0.0,0.0
2006-05-26,2006-07-27,OPTSTK,STER,590.0,PA,0.0,0.0,0.0,463.95,212.15,0.0,0.0,0.0
2006-05-26,2006-07-27,OPTSTK,STER,600.0,PA,0.0,0.0,0.0,493.5,220.35,0.0,0.0,0.0
2006-05-26,2006-07-27,OPTSTK,STER,620.0,PA,0.0,0.0,0.0,94.0,236.95,0.0,0.0,0.0
2006-05-26,2006-07-27,OPTSTK,STER,640.0,PA,0.0,0.0,0.0,106.5,253.85,0.0,0.0,0.0
2006-05-26,2006-07-27,OPTSTK,STER,660.0,PA,0.0,0.0,0.0,101.7,271.0,0.0,0.0,0.0
2006-05-26,2006-08-31,OPTSTK,STER,360.0,CA,0.0,0.0,0.0,121.1,129.85,0.0,0.0,0.0
2006-05-26,2006-08-31,OPTSTK,STER,370.0,CA,0.0,0.0,0.0,117.0,125.45,0.0,0.0,0.0
2006-05-26,2006-08-31,OPTSTK,STER,380.0,CA,0.0,0.0,0.0,113.0,121.2,0.0,0.0,0.0
2006-05-26,2006-08-31,OPTSTK,STER,390.0,CA,0.0,0.0,0.0,109.2,117.15,0.0,0.0,0.0
2006-05-26,2006-08-31,OPTSTK,STER,400.0,CA,0.0,0.0,0.0,105.5,113.2,0.0,0.0,0.0
2006-05-26,2006-08-31,OPTSTK,STER,410.0,CA,0.0,0.0,0.0,101.95,109.4,0.0,0.0,0.0
2006-05-26,2006-08-31,OPTSTK,STER,420.0,CA,0.0,0.0,0.0,98.55,105.75,0.0,0.0,0.0
2006-05-26,2006-08-31,OPTSTK,STER,430.0,CA,0.0,0.0,0.0,0.0,0.0,0.0,0.0,0.0
2006-05-26,2006-08-31,OPTSTK,STER,440.0,CA,0.0,0.0,0.0,0.0,0.0,0.0,0.0,0.0
2006-05-26,2006-08-31,OPTSTK,STER,360.0,PA,0.0,0.0,0.0,80.75,73.65,0.0,0.0,0.0
2006-05-26,2006-08-31,OPTSTK,STER,370.0,PA,0.0,0.0,0.0,86.45,79.05,0.0,0.0,0.0
2006-05-26,2006-08-31,OPTSTK,STER,380.0,PA,0.0,0.0,0.0,92.3,84.65,0.0,0.0,0.0
2006-05-26,2006-08-31,OPTSTK,STER,390.0,PA,0.0,0.0,0.0,98.3,90.35,0.0,0.0,0.0
2006-05-26,2006-08-31,OPTSTK,STER,400.0,PA,0.0,0.0,0.0,104.45,96.25,0.0,0.0,0.0
2006-05-26,2006-08-31,OPTSTK,STER,410.0,PA,0.0,0.0,0.0,110.7,102.25,0.0,0.0,0.0
2006-05-26,2006-08-31,OPTSTK,STER,420.0,PA,0.0,0.0,0.0,117.1,108.45,0.0,0.0,0.0
2006-05-26,2006-08-31,OPTSTK,STER,430.0,PA,0.0,0.0,0.0,0.0,0.0,0.0,0.0,0.0
2006-05-26,2006-08-31,OPTSTK,STER,440.0,PA,0.0,0.0,0.0,0.0,0.0,0.0,0.0,0.0
2006-05-26,2006-06-29,OPTSTK,SUNPHARMA,740.0,CA,0.0,0.0,0.0,86.25,122.85,0.0,0.0,0.0
2006-05-26,2006-06-29,OPTSTK,SUNPHARMA,760.0,CA,0.0,0.0,0.0,72.25,106.8,0.0,0.0,0.0
2006-05-26,2006-06-29,OPTSTK,SUNPHARMA,780.0,CA,0.0,0.0,0.0,104.5,91.9,0.0,0.0,0.0
2006-05-26,2006-06-29,OPTSTK,SUNPHARMA,800.0,CA,40.0,45.0,40.0,45.0,45.0,2.0,7.58,450.0
2006-05-26,2006-06-29,OPTSTK,SUNPHARMA,820.0,CA,0.0,0.0,0.0,106.2,65.75,0.0,0.0,0.0
2006-05-26,2006-06-29,OPTSTK,SUNPHARMA,840.0,CA,0.0,0.0,0.0,117.9,54.7,0.0,0.0,0.0
2006-05-26,2006-06-29,OPTSTK,SUNPHARMA,860.0,CA,0.0,0.0,0.0,105.4,45.0,0.0,0.0,0.0
2006-05-26,2006-06-29,OPTSTK,SUNPHARMA,880.0,CA,0.0,0.0,0.0,93.8,36.6,0.0,0.0,0.0
2006-05-26,2006-06-29,OPTSTK,SUNPHARMA,900.0,CA,0.0,0.0,0.0,83.1,29.45,0.0,0.0,0.0
2006-05-26,2006-06-29,OPTSTK,SUNPHARMA,920.0,CA,0.0,0.0,0.0,73.25,23.4,0.0,0.0,0.0
2006-05-26,2006-06-29,OPTSTK,SUNPHARMA,940.0,CA,0.0,0.0,0.0,64.35,18.5,0.0,0.0,0.0
2006-05-26,2006-06-29,OPTSTK,SUNPHARMA,960.0,CA,0.0,0.0,0.0,56.25,14.4,0.0,0.0,0.0
2006-05-26,2006-06-29,OPTSTK,SUNPHARMA,980.0,CA,0.0,0.0,0.0,59.05,11.1,0.0,0.0,0.0
2006-05-26,2006-06-29,OPTSTK,SUNPHARMA,740.0,PA,0.0,0.0,0.0,14.75,8.7,0.0,0.0,0.0
2006-05-26,2006-06-29,OPTSTK,SUNPHARMA,760.0,PA,0.0,0.0,0.0,20.6,12.55,0.0,0.0,0.0
2006-05-26,2006-06-29,OPTSTK,SUNPHARMA,780.0,PA,0.0,0.0,0.0,36.95,17.5,0.0,0.0,0.0
2006-05-26,2006-06-29,OPTSTK,SUNPHARMA,800.0,PA,0.0,0.0,0.0,41.75,23.6,0.0,0.0,0.0
2006-05-26,2006-06-29,OPTSTK,SUNPHARMA,820.0,PA,0.0,0.0,0.0,49.65,31.1,0.0,0.0,0.0
2006-05-26,2006-06-29,OPTSTK,SUNPHARMA,840.0,PA,0.0,0.0,0.0,32.2,39.9,0.0,0.0,0.0
2006-05-26,2006-06-29,OPTSTK,SUNPHARMA,860.0,PA,0.0,0.0,0.0,39.25,50.1,0.0,0.0,0.0
2006-05-26,2006-06-29,OPTSTK,SUNPHARMA,880.0,PA,0.0,0.0,0.0,47.2,61.55,0.0,0.0,0.0
2006-05-26,2006-06-29,OPTSTK,SUNPHARMA,900.0,PA,0.0,0.0,0.0,56.05,74.25,0.0,0.0,0.0
2006-05-26,2006-06-29,OPTSTK,SUNPHARMA,920.0,PA,0.0,0.0,0.0,65.85,88.1,0.0,0.0,0.0
2006-05-26,2006-06-29,OPTSTK,SUNPHARMA,940.0,PA,0.0,0.0,0.0,76.45,103.05,0.0,0.0,0.0
2006-05-26,2006-06-29,OPTSTK,SUNPHARMA,960.0,PA,0.0,0.0,0.0,87.95,118.85,0.0,0.0,0.0
2006-05-26,2006-06-29,OPTSTK,SUNPHARMA,980.0,PA,0.0,0.0,0.0,103.9,135.4,0.0,0.0,0.0
2006-05-26,2006-07-27,OPTSTK,SUNPHARMA,740.0,CA,0.0,0.0,0.0,99.6,136.1,0.0,0.0,0.0
2006-05-26,2006-07-27,OPTSTK,SUNPHARMA,760.0,CA,0.0,0.0,0.0,86.7,121.6,0.0,0.0,0.0
2006-05-26,2006-07-27,OPTSTK,SUNPHARMA,780.0,CA,0.0,0.0,0.0,118.45,108.0,0.0,0.0,0.0
2006-05-26,2006-07-27,OPTSTK,SUNPHARMA,800.0,CA,0.0,0.0,0.0,106.7,95.4,0.0,0.0,0.0
2006-05-26,2006-07-27,OPTSTK,SUNPHARMA,820.0,CA,0.0,0.0,0.0,95.8,83.8,0.0,0.0,0.0
2006-05-26,2006-07-27,OPTSTK,SUNPHARMA,840.0,CA,0.0,0.0,0.0,85.7,73.2,0.0,0.0,0.0
2006-05-26,2006-07-27,OPTSTK,SUNPHARMA,860.0,CA,0.0,0.0,0.0,76.45,63.6,0.0,0.0,0.0
2006-05-26,2006-07-27,OPTSTK,SUNPHARMA,880.0,CA,0.0,0.0,0.0,67.95,54.95,0.0,0.0,0.0
2006-05-26,2006-07-27,OPTSTK,SUNPHARMA,900.0,CA,0.0,0.0,0.0,60.25,47.25,0.0,0.0,0.0
2006-05-26,2006-07-27,OPTSTK,SUNPHARMA,920.0,CA,0.0,0.0,0.0,68.65,40.4,0.0,0.0,0.0
2006-05-26,2006-07-27,OPTSTK,SUNPHARMA,940.0,CA,0.0,0.0,0.0,61.25,34.4,0.0,0.0,0.0
2006-05-26,2006-07-27,OPTSTK,SUNPHARMA,960.0,CA,0.0,0.0,0.0,61.15,29.2,0.0,0.0,0.0
2006-05-26,2006-07-27,OPTSTK,SUNPHARMA,980.0,CA,0.0,0.0,0.0,60.15,24.65,0.0,0.0,0.0
2006-05-26,2006-07-27,OPTSTK,SUNPHARMA,740.0,PA,0.0,0.0,0.0,24.2,18.15,0.0,0.0,0.0
2006-05-26,2006-07-27,OPTSTK,SUNPHARMA,760.0,PA,0.0,0.0,0.0,31.05,23.4,0.0,0.0,0.0
2006-05-26,2006-07-27,OPTSTK,SUNPHARMA,780.0,PA,0.0,0.0,0.0,41.3,29.55,0.0,0.0,0.0
2006-05-26,2006-07-27,OPTSTK,SUNPHARMA,800.0,PA,0.0,0.0,0.0,49.25,36.75,0.0,0.0,0.0
2006-05-26,2006-07-27,OPTSTK,SUNPHARMA,820.0,PA,0.0,0.0,0.0,57.95,44.9,0.0,0.0,0.0
2006-05-26,2006-07-27,OPTSTK,SUNPHARMA,840.0,PA,0.0,0.0,0.0,67.55,54.1,0.0,0.0,0.0
2006-05-26,2006-07-27,OPTSTK,SUNPHARMA,860.0,PA,0.0,0.0,0.0,77.95,64.25,0.0,0.0,0.0
2006-05-26,2006-07-27,OPTSTK,SUNPHARMA,880.0,PA,0.0,0.0,0.0,89.1,75.4,0.0,0.0,0.0
2006-05-26,2006-07-27,OPTSTK,SUNPHARMA,900.0,PA,0.0,0.0,0.0,101.05,87.45,0.0,0.0,0.0
2006-05-26,2006-07-27,OPTSTK,SUNPHARMA,920.0,PA,0.0,0.0,0.0,99.75,100.4,0.0,0.0,0.0
2006-05-26,2006-07-27,OPTSTK,SUNPHARMA,940.0,PA,0.0,0.0,0.0,112.0,114.15,0.0,0.0,0.0
2006-05-26,2006-07-27,OPTSTK,SUNPHARMA,960.0,PA,0.0,0.0,0.0,104.25,128.7,0.0,0.0,0.0
2006-05-26,2006-07-27,OPTSTK,SUNPHARMA,980.0,PA,0.0,0.0,0.0,106.1,143.95,0.0,0.0,0.0
2006-05-26,2006-08-31,OPTSTK,SUNPHARMA,780.0,CA,0.0,0.0,0.0,0.0,0.0,0.0,0.0,0.0
2006-05-26,2006-08-31,OPTSTK,SUNPHARMA,800.0,CA,0.0,0.0,0.0,121.95,112.9,0.0,0.0,0.0
2006-05-26,2006-08-31,OPTSTK,SUNPHARMA,820.0,CA,0.0,0.0,0.0,110.55,101.8,0.0,0.0,0.0
2006-05-26,2006-08-31,OPTSTK,SUNPHARMA,840.0,CA,0.0,0.0,0.0,100.0,91.55,0.0,0.0,0.0
2006-05-26,2006-08-31,OPTSTK,SUNPHARMA,860.0,CA,0.0,0.0,0.0,90.15,82.05,0.0,0.0,0.0
2006-05-26,2006-08-31,OPTSTK,SUNPHARMA,880.0,CA,0.0,0.0,0.0,81.1,73.35,0.0,0.0,0.0
2006-05-26,2006-08-31,OPTSTK,SUNPHARMA,900.0,CA,0.0,0.0,0.0,72.75,65.4,0.0,0.0,0.0
2006-05-26,2006-08-31,OPTSTK,SUNPHARMA,920.0,CA,0.0,0.0,0.0,65.1,58.15,0.0,0.0,0.0
2006-05-26,2006-08-31,OPTSTK,SUNPHARMA,780.0,PA,0.0,0.0,0.0,0.0,0.0,0.0,0.0,0.0
2006-05-26,2006-08-31,OPTSTK,SUNPHARMA,800.0,PA,0.0,0.0,0.0,47.9,49.1,0.0,0.0,0.0
2006-05-26,2006-08-31,OPTSTK,SUNPHARMA,820.0,PA,0.0,0.0,0.0,56.2,57.65,0.0,0.0,0.0
2006-05-26,2006-08-31,OPTSTK,SUNPHARMA,840.0,PA,0.0,0.0,0.0,65.25,67.05,0.0,0.0,0.0
2006-05-26,2006-08-31,OPTSTK,SUNPHARMA,860.0,PA,0.0,0.0,0.0,75.05,77.2,0.0,0.0,0.0
2006-05-26,2006-08-31,OPTSTK,SUNPHARMA,880.0,PA,0.0,0.0,0.0,85.65,88.15,0.0,0.0,0.0
2006-05-26,2006-08-31,OPTSTK,SUNPHARMA,900.0,PA,0.0,0.0,0.0,96.95,99.85,0.0,0.0,0.0
2006-05-26,2006-08-31,OPTSTK,SUNPHARMA,920.0,PA,0.0,0.0,0.0,108.95,112.2,0.0,0.0,0.0
2006-05-26,2006-06-29,OPTSTK,SUNTV,1050.0,CA,0.0,0.0,0.0,184.95,211.65,0.0,0.0,0.0
2006-05-26,2006-06-29,OPTSTK,SUNTV,1080.0,CA,0.0,0.0,0.0,167.95,191.35,0.0,0.0,0.0
2006-05-26,2006-06-29,OPTSTK,SUNTV,1110.0,CA,0.0,0.0,0.0,182.5,172.45,0.0,0.0,0.0
2006-05-26,2006-06-29,OPTSTK,SUNTV,1120.0,CA,0.0,0.0,0.0,0.7,166.4,0.0,0.0,0.0
2006-05-26,2006-06-29,OPTSTK,SUNTV,1140.0,CA,0.0,0.0,0.0,0.45,154.8,0.0,0.0,0.0
2006-05-26,2006-06-29,OPTSTK,SUNTV,1160.0,CA,0.0,0.0,0.0,0.3,143.8,0.0,0.0,0.0
2006-05-26,2006-06-29,OPTSTK,SUNTV,1170.0,CA,0.0,0.0,0.0,251.95,138.5,0.0,0.0,0.0
2006-05-26,2006-06-29,OPTSTK,SUNTV,1180.0,CA,0.0,0.0,0.0,0.2,133.35,0.0,0.0,0.0
2006-05-26,2006-06-29,OPTSTK,SUNTV,1200.0,CA,0.0,0.0,0.0,0.15,123.5,0.0,0.0,0.0
2006-05-26,2006-06-29,OPTSTK,SUNTV,1220.0,CA,0.0,0.0,0.0,0.1,114.15,0.0,0.0,0.0
2006-05-26,2006-06-29,OPTSTK,SUNTV,1230.0,CA,0.0,0.0,0.0,239.95,109.7,0.0,0.0,0.0
2006-05-26,2006-06-29,OPTSTK,SUNTV,1240.0,CA,0.0,0.0,0.0,0.05,105.4,0.0,0.0,0.0
2006-05-26,2006-06-29,OPTSTK,SUNTV,1260.0,CA,0.0,0.0,0.0,0.05,97.2,0.0,0.0,0.0
2006-05-26,2006-06-29,OPTSTK,SUNTV,1280.0,CA,0.0,0.0,0.0,0.05,89.45,0.0,0.0,0.0
2006-05-26,2006-06-29,OPTSTK,SUNTV,1290.0,CA,0.0,0.0,0.0,211.55,85.8,0.0,0.0,0.0
2006-05-26,2006-06-29,OPTSTK,SUNTV,1300.0,CA,0.0,0.0,0.0,0.05,82.25,0.0,0.0,0.0
2006-05-26,2006-06-29,OPTSTK,SUNTV,1320.0,CA,0.0,0.0,0.0,875.0,75.55,0.0,0.0,0.0
2006-05-26,2006-06-29,OPTSTK,SUNTV,1340.0,CA,0.0,0.0,0.0,875.0,69.25,0.0,0.0,0.0
2006-05-26,2006-06-29,OPTSTK,SUNTV,1350.0,CA,0.0,0.0,0.0,186.0,66.3,0.0,0.0,0.0
2006-05-26,2006-06-29,OPTSTK,SUNTV,1360.0,CA,0.0,0.0,0.0,875.0,63.45,0.0,0.0,0.0
2006-05-26,2006-06-29,OPTSTK,SUNTV,1380.0,CA,0.0,0.0,0.0,875.0,58.05,0.0,0.0,0.0
2006-05-26,2006-06-29,OPTSTK,SUNTV,1400.0,CA,0.0,0.0,0.0,875.0,53.1,0.0,0.0,0.0
2006-05-26,2006-06-29,OPTSTK,SUNTV,1410.0,CA,0.0,0.0,0.0,252.75,50.75,0.0,0.0,0.0
2006-05-26,2006-06-29,OPTSTK,SUNTV,1420.0,CA,0.0,0.0,0.0,875.0,48.45,0.0,0.0,0.0
2006-05-26,2006-06-29,OPTSTK,SUNTV,1440.0,CA,0.0,0.0,0.0,875.0,44.2,0.0,0.0,0.0
2006-05-26,2006-06-29,OPTSTK,SUNTV,1460.0,CA,0.0,0.0,0.0,875.0,40.3,0.0,0.0,0.0
2006-05-26,2006-06-29,OPTSTK,SUNTV,1470.0,CA,0.0,0.0,0.0,225.75,38.4,0.0,0.0,0.0
2006-05-26,2006-06-29,OPTSTK,SUNTV,1480.0,CA,0.0,0.0,0.0,875.0,36.6,0.0,0.0,0.0
2006-05-26,2006-06-29,OPTSTK,SUNTV,1500.0,CA,0.0,0.0,0.0,213.2,33.3,0.0,0.0,0.0
2006-05-26,2006-06-29,OPTSTK,SUNTV,1530.0,CA,0.0,0.0,0.0,201.25,28.8,0.0,0.0,0.0
2006-05-26,2006-06-29,OPTSTK,SUNTV,1560.0,CA,0.0,0.0,0.0,189.9,24.85,0.0,0.0,0.0
2006-05-26,2006-06-29,OPTSTK,SUNTV,1050.0,PA,0.0,0.0,0.0,72.95,41.7,0.0,0.0,0.0
2006-05-26,2006-06-29,OPTSTK,SUNTV,1080.0,PA,0.0,0.0,0.0,85.7,51.2,0.0,0.0,0.0
2006-05-26,2006-06-29,OPTSTK,SUNTV,1110.0,PA,0.0,0.0,0.0,89.95,62.1,0.0,0.0,0.0
2006-05-26,2006-06-29,OPTSTK,SUNTV,1120.0,PA,0.0,0.0,0.0,231.1,66.0,0.0,0.0,0.0
2006-05-26,2006-06-29,OPTSTK,SUNTV,1140.0,PA,0.0,0.0,0.0,250.6,74.3,0.0,0.0,0.0
2006-05-26,2006-06-29,OPTSTK,SUNTV,1160.0,PA,0.0,0.0,0.0,270.15,83.15,0.0,0.0,0.0
2006-05-26,2006-06-29,OPTSTK,SUNTV,1170.0,PA,0.0,0.0,0.0,134.8,87.8,0.0,0.0,0.0
2006-05-26,2006-06-29,OPTSTK,SUNTV,1180.0,PA,0.0,0.0,0.0,289.8,92.6,0.0,0.0,0.0
2006-05-26,2006-06-29,OPTSTK,SUNTV,1200.0,PA,0.0,0.0,0.0,309.45,102.6,0.0,0.0,0.0
2006-05-26,2006-06-29,OPTSTK,SUNTV,1220.0,PA,0.0,0.0,0.0,329.15,113.15,0.0,0.0,0.0
2006-05-26,2006-06-29,OPTSTK,SUNTV,1230.0,PA,0.0,0.0,0.0,144.5,118.65,0.0,0.0,0.0
2006-05-26,2006-06-29,OPTSTK,SUNTV,1240.0,PA,0.0,0.0,0.0,348.9,124.25,0.0,0.0,0.0
2006-05-26,2006-06-29,OPTSTK,SUNTV,1260.0,PA,0.0,0.0,0.0,368.6,135.9,0.0,0.0,0.0
2006-05-26,2006-06-29,OPTSTK,SUNTV,1280.0,PA,0.0,0.0,0.0,388.35,148.05,0.0,0.0,0.0
2006-05-26,2006-06-29,OPTSTK,SUNTV,1290.0,PA,0.0,0.0,0.0,175.35,154.35,0.0,0.0,0.0
2006-05-26,2006-06-29,OPTSTK,SUNTV,1300.0,PA,0.0,0.0,0.0,408.05,160.75,0.0,0.0,0.0
2006-05-26,2006-06-29,OPTSTK,SUNTV,1320.0,PA,0.0,0.0,0.0,427.8,173.85,0.0,0.0,0.0
2006-05-26,2006-06-29,OPTSTK,SUNTV,1340.0,PA,0.0,0.0,0.0,447.55,187.5,0.0,0.0,0.0
2006-05-26,2006-06-29,OPTSTK,SUNTV,1350.0,PA,0.0,0.0,0.0,209.1,194.45,0.0,0.0,0.0
2006-05-26,2006-06-29,OPTSTK,SUNTV,1360.0,PA,0.0,0.0,0.0,467.25,201.55,0.0,0.0,0.0
2006-05-26,2006-06-29,OPTSTK,SUNTV,1380.0,PA,0.0,0.0,0.0,487.0,216.0,0.0,0.0,0.0
2006-05-26,2006-06-29,OPTSTK,SUNTV,1400.0,PA,0.0,0.0,0.0,506.75,230.9,0.0,0.0,0.0
2006-05-26,2006-06-29,OPTSTK,SUNTV,1410.0,PA,0.0,0.0,0.0,180.7,238.5,0.0,0.0,0.0
2006-05-26,2006-06-29,OPTSTK,SUNTV,1420.0,PA,0.0,0.0,0.0,526.5,246.2,0.0,0.0,0.0
2006-05-26,2006-06-29,OPTSTK,SUNTV,1440.0,PA,0.0,0.0,0.0,546.2,261.8,0.0,0.0,0.0
2006-05-26,2006-06-29,OPTSTK,SUNTV,1460.0,PA,0.0,0.0,0.0,565.95,277.75,0.0,0.0,0.0
2006-05-26,2006-06-29,OPTSTK,SUNTV,1470.0,PA,0.0,0.0,0.0,212.95,285.8,0.0,0.0,0.0
2006-05-26,2006-06-29,OPTSTK,SUNTV,1480.0,PA,0.0,0.0,0.0,585.7,293.95,0.0,0.0,0.0
2006-05-26,2006-06-29,OPTSTK,SUNTV,1500.0,PA,0.0,0.0,0.0,230.05,310.5,0.0,0.0,0.0
2006-05-26,2006-06-29,OPTSTK,SUNTV,1530.0,PA,0.0,0.0,0.0,247.75,335.8,0.0,0.0,0.0
2006-05-26,2006-06-29,OPTSTK,SUNTV,1560.0,PA,0.0,0.0,0.0,266.0,361.7,0.0,0.0,0.0
2006-05-26,2006-07-27,OPTSTK,SUNTV,1050.0,CA,0.0,0.0,0.0,224.0,246.5,0.0,0.0,0.0
2006-05-26,2006-07-27,OPTSTK,SUNTV,1080.0,CA,0.0,0.0,0.0,208.3,228.3,0.0,0.0,0.0
2006-05-26,2006-07-27,OPTSTK,SUNTV,1110.0,CA,0.0,0.0,0.0,222.9,211.1,0.0,0.0,0.0
2006-05-26,2006-07-27,OPTSTK,SUNTV,1140.0,CA,0.0,0.0,0.0,232.8,194.95,0.0,0.0,0.0
2006-05-26,2006-07-27,OPTSTK,SUNTV,1170.0,CA,0.0,0.0,0.0,291.75,179.7,0.0,0.0,0.0
2006-05-26,2006-07-27,OPTSTK,SUNTV,1200.0,CA,0.0,0.0,0.0,277.55,165.45,0.0,0.0,0.0
2006-05-26,2006-07-27,OPTSTK,SUNTV,1230.0,CA,0.0,0.0,0.0,302.95,152.15,0.0,0.0,0.0
2006-05-26,2006-07-27,OPTSTK,SUNTV,1260.0,CA,0.0,0.0,0.0,288.95,139.7,0.0,0.0,0.0
2006-05-26,2006-07-27,OPTSTK,SUNTV,1290.0,CA,0.0,0.0,0.0,275.6,128.1,0.0,0.0,0.0
2006-05-26,2006-07-27,OPTSTK,SUNTV,1320.0,CA,0.0,0.0,0.0,262.8,117.35,0.0,0.0,0.0
2006-05-26,2006-07-27,OPTSTK,SUNTV,1350.0,CA,0.0,0.0,0.0,250.5,107.4,0.0,0.0,0.0
2006-05-26,2006-07-27,OPTSTK,SUNTV,1380.0,CA,0.0,0.0,0.0,238.8,98.15,0.0,0.0,0.0
2006-05-26,2006-07-27,OPTSTK,SUNTV,1410.0,CA,0.0,0.0,0.0,227.6,89.65,0.0,0.0,0.0
2006-05-26,2006-07-27,OPTSTK,SUNTV,1440.0,CA,0.0,0.0,0.0,204.2,81.8,0.0,0.0,0.0
2006-05-26,2006-07-27,OPTSTK,SUNTV,1470.0,CA,0.0,0.0,0.0,192.7,74.65,0.0,0.0,0.0
2006-05-26,2006-07-27,OPTSTK,SUNTV,1500.0,CA,0.0,0.0,0.0,241.25,68.0,0.0,0.0,0.0
2006-05-26,2006-07-27,OPTSTK,SUNTV,1530.0,CA,0.0,0.0,0.0,229.1,61.9,0.0,0.0,0.0
2006-05-26,2006-07-27,OPTSTK,SUNTV,1560.0,CA,0.0,0.0,0.0,217.45,56.35,0.0,0.0,0.0
2006-05-26,2006-07-27,OPTSTK,SUNTV,1050.0,PA,0.0,0.0,0.0,106.5,71.1,0.0,0.0,0.0
2006-05-26,2006-07-27,OPTSTK,SUNTV,1080.0,PA,0.0,0.0,0.0,120.45,82.6,0.0,0.0,0.0
2006-05-26,2006-07-27,OPTSTK,SUNTV,1110.0,PA,0.0,0.0,0.0,124.5,95.05,0.0,0.0,0.0
2006-05-26,2006-07-27,OPTSTK,SUNTV,1140.0,PA,0.0,0.0,0.0,133.15,108.55,0.0,0.0,0.0
2006-05-26,2006-07-27,OPTSTK,SUNTV,1170.0,PA,0.0,0.0,0.0,168.5,122.95,0.0,0.0,0.0
2006-05-26,2006-07-27,OPTSTK,SUNTV,1200.0,PA,0.0,0.0,0.0,183.8,138.35,0.0,0.0,0.0
2006-05-26,2006-07-27,OPTSTK,SUNTV,1230.0,PA,0.0,0.0,0.0,183.8,154.7,0.0,0.0,0.0
2006-05-26,2006-07-27,OPTSTK,SUNTV,1260.0,PA,0.0,0.0,0.0,199.3,171.9,0.0,0.0,0.0
2006-05-26,2006-07-27,OPTSTK,SUNTV,1290.0,PA,0.0,0.0,0.0,215.4,190.0,0.0,0.0,0.0
2006-05-26,2006-07-27,OPTSTK,SUNTV,1320.0,PA,0.0,0.0,0.0,232.1,208.9,0.0,0.0,0.0
2006-05-26,2006-07-27,OPTSTK,SUNTV,1350.0,PA,0.0,0.0,0.0,249.35,228.6,0.0,0.0,0.0
2006-05-26,2006-07-27,OPTSTK,SUNTV,1380.0,PA,0.0,0.0,0.0,267.1,249.0,0.0,0.0,0.0
2006-05-26,2006-07-27,OPTSTK,SUNTV,1410.0,PA,0.0,0.0,0.0,285.35,270.15,0.0,0.0,0.0
2006-05-26,2006-07-27,OPTSTK,SUNTV,1440.0,PA,0.0,0.0,0.0,237.15,291.95,0.0,0.0,0.0
2006-05-26,2006-07-27,OPTSTK,SUNTV,1470.0,PA,0.0,0.0,0.0,255.2,314.45,0.0,0.0,0.0
2006-05-26,2006-07-27,OPTSTK,SUNTV,1500.0,PA,0.0,0.0,0.0,237.7,337.5,0.0,0.0,0.0
2006-05-26,2006-07-27,OPTSTK,SUNTV,1530.0,PA,0.0,0.0,0.0,255.05,361.05,0.0,0.0,0.0
2006-05-26,2006-07-27,OPTSTK,SUNTV,1560.0,PA,0.0,0.0,0.0,273.0,385.15,0.0,0.0,0.0
2006-05-26,2006-08-31,OPTSTK,SUNTV,1080.0,CA,0.0,0.0,0.0,238.7,265.5,0.0,0.0,0.0
2006-05-26,2006-08-31,OPTSTK,SUNTV,1110.0,CA,0.0,0.0,0.0,223.85,249.55,0.0,0.0,0.0
2006-05-26,2006-08-31,OPTSTK,SUNTV,1140.0,CA,0.0,0.0,0.0,209.8,234.4,0.0,0.0,0.0
2006-05-26,2006-08-31,OPTSTK,SUNTV,1170.0,CA,0.0,0.0,0.0,196.5,220.0,0.0,0.0,0.0
2006-05-26,2006-08-31,OPTSTK,SUNTV,1200.0,CA,0.0,0.0,0.0,183.9,206.35,0.0,0.0,0.0
2006-05-26,2006-08-31,OPTSTK,SUNTV,1230.0,CA,0.0,0.0,0.0,172.05,193.5,0.0,0.0,0.0
2006-05-26,2006-08-31,OPTSTK,SUNTV,1260.0,CA,0.0,0.0,0.0,160.9,181.3,0.0,0.0,0.0
2006-05-26,2006-08-31,OPTSTK,SUNTV,1290.0,CA,0.0,0.0,0.0,0.0,0.0,0.0,0.0,0.0
2006-05-26,2006-08-31,OPTSTK,SUNTV,1080.0,PA,0.0,0.0,0.0,127.95,112.9,0.0,0.0,0.0
2006-05-26,2006-08-31,OPTSTK,SUNTV,1110.0,PA,0.0,0.0,0.0,142.55,126.4,0.0,0.0,0.0
2006-05-26,2006-08-31,OPTSTK,SUNTV,1140.0,PA,0.0,0.0,0.0,157.95,140.7,0.0,0.0,0.0
2006-05-26,2006-08-31,OPTSTK,SUNTV,1170.0,PA,0.0,0.0,0.0,174.1,155.75,0.0,0.0,0.0
2006-05-26,2006-08-31,OPTSTK,SUNTV,1200.0,PA,0.0,0.0,0.0,190.95,171.6,0.0,0.0,0.0
2006-05-26,2006-08-31,OPTSTK,SUNTV,1230.0,PA,0.0,0.0,0.0,208.55,188.15,0.0,0.0,0.0
2006-05-26,2006-08-31,OPTSTK,SUNTV,1260.0,PA,0.0,0.0,0.0,226.85,205.45,0.0,0.0,0.0
2006-05-26,2006-08-31,OPTSTK,SUNTV,1290.0,PA,0.0,0.0,0.0,0.0,0.0,0.0,0.0,0.0
2006-05-26,2006-06-29,OPTSTK,SUZLON,900.0,CA,0.0,0.0,0.0,164.2,154.45,0.0,0.0,0.0
2006-05-26,2006-06-29,OPTSTK,SUZLON,920.0,CA,0.0,0.0,0.0,135.35,142.35,0.0,0.0,0.0
2006-05-26,2006-06-29,OPTSTK,SUZLON,930.0,CA,0.0,0.0,0.0,164.6,136.6,0.0,0.0,0.0
2006-05-26,2006-06-29,OPTSTK,SUZLON,940.0,CA,0.0,0.0,0.0,124.65,131.0,0.0,0.0,0.0
2006-05-26,2006-06-29,OPTSTK,SUZLON,960.0,CA,0.0,0.0,0.0,147.4,120.25,0.0,0.0,0.0
2006-05-26,2006-06-29,OPTSTK,SUZLON,980.0,CA,0.0,0.0,0.0,105.1,110.2,0.0,0.0,0.0
2006-05-26,2006-06-29,OPTSTK,SUZLON,990.0,CA,0.0,0.0,0.0,171.75,105.4,0.0,0.0,0.0
2006-05-26,2006-06-29,OPTSTK,SUZLON,1000.0,CA,0.0,0.0,0.0,96.25,100.8,0.0,0.0,0.0
2006-05-26,2006-06-29,OPTSTK,SUZLON,1020.0,CA,0.0,0.0,0.0,154.4,92.0,0.0,0.0,0.0
2006-05-26,2006-06-29,OPTSTK,SUZLON,1040.0,CA,0.0,0.0,0.0,80.35,83.85,0.0,0.0,0.0
2006-05-26,2006-06-29,OPTSTK,SUZLON,1050.0,CA,0.0,0.0,0.0,138.35,80.0,0.0,0.0,0.0
2006-05-26,2006-06-29,OPTSTK,SUZLON,1060.0,CA,0.0,0.0,0.0,0.0,0.0,0.0,0.0,0.0
2006-05-26,2006-06-29,OPTSTK,SUZLON,1080.0,CA,0.0,0.0,0.0,123.6,69.3,0.0,0.0,0.0
2006-05-26,2006-06-29,OPTSTK,SUZLON,1110.0,CA,0.0,0.0,0.0,150.45,59.8,0.0,0.0,0.0
2006-05-26,2006-06-29,OPTSTK,SUZLON,1140.0,CA,0.0,0.0,0.0,132.1,51.4,0.0,0.0,0.0
2006-05-26,2006-06-29,OPTSTK,SUZLON,1170.0,CA,0.0,0.0,0.0,172.0,44.15,0.0,0.0,0.0
2006-05-26,2006-06-29,OPTSTK,SUZLON,1200.0,CA,0.0,0.0,0.0,191.45,37.75,0.0,0.0,0.0
2006-05-26,2006-06-29,OPTSTK,SUZLON,1230.0,CA,0.0,0.0,0.0,175.0,32.15,0.0,0.0,0.0
2006-05-26,2006-06-29,OPTSTK,SUZLON,1260.0,CA,0.0,0.0,0.0,159.65,27.3,0.0,0.0,0.0
2006-05-26,2006-06-29,OPTSTK,SUZLON,1290.0,CA,0.0,0.0,0.0,145.3,23.15,0.0,0.0,0.0
2006-05-26,2006-06-29,OPTSTK,SUZLON,1320.0,CA,0.0,0.0,0.0,132.0,19.6,0.0,0.0,0.0
2006-05-26,2006-06-29,OPTSTK,SUZLON,1350.0,CA,0.0,0.0,0.0,119.65,16.55,0.0,0.0,0.0
2006-05-26,2006-06-29,OPTSTK,SUZLON,1380.0,CA,0.0,0.0,0.0,108.3,13.9,0.0,0.0,0.0
2006-05-26,2006-06-29,OPTSTK,SUZLON,1410.0,CA,0.0,0.0,0.0,108.0,11.7,0.0,0.0,0.0
2006-05-26,2006-06-29,OPTSTK,SUZLON,1440.0,CA,0.0,0.0,0.0,146.65,9.8,0.0,0.0,0.0
2006-05-26,2006-06-29,OPTSTK,SUZLON,1470.0,CA,0.0,0.0,0.0,134.3,8.2,0.0,0.0,0.0
2006-05-26,2006-06-29,OPTSTK,SUZLON,1500.0,CA,0.0,0.0,0.0,122.85,6.85,0.0,0.0,0.0
2006-05-26,2006-06-29,OPTSTK,SUZLON,900.0,PA,0.0,0.0,0.0,54.4,50.8,0.0,0.0,0.0
2006-05-26,2006-06-29,OPTSTK,SUZLON,920.0,PA,0.0,0.0,0.0,68.05,58.65,0.0,0.0,0.0
2006-05-26,2006-06-29,OPTSTK,SUZLON,930.0,PA,0.0,0.0,0.0,61.0,62.8,0.0,0.0,0.0
2006-05-26,2006-06-29,OPTSTK,SUZLON,940.0,PA,0.0,0.0,0.0,77.2,67.1,0.0,0.0,0.0
2006-05-26,2006-06-29,OPTSTK,SUZLON,960.0,PA,0.0,0.0,0.0,73.5,76.25,0.0,0.0,0.0
2006-05-26,2006-06-29,OPTSTK,SUZLON,980.0,PA,0.0,0.0,0.0,97.35,86.1,0.0,0.0,0.0
2006-05-26,2006-06-29,OPTSTK,SUZLON,990.0,PA,0.0,0.0,0.0,62.95,91.25,0.0,0.0,0.0
2006-05-26,2006-06-29,OPTSTK,SUZLON,1000.0,PA,0.0,0.0,0.0,108.4,96.55,0.0,0.0,0.0
2006-05-26,2006-06-29,OPTSTK,SUZLON,1020.0,PA,0.0,0.0,0.0,75.35,107.65,0.0,0.0,0.0
2006-05-26,2006-06-29,OPTSTK,SUZLON,1040.0,PA,0.0,0.0,0.0,132.2,119.35,0.0,0.0,0.0
2006-05-26,2006-06-29,OPTSTK,SUZLON,1050.0,PA,0.0,0.0,0.0,89.1,125.45,0.0,0.0,0.0
2006-05-26,2006-06-29,OPTSTK,SUZLON,1060.0,PA,0.0,0.0,0.0,0.0,0.0,0.0,0.0,0.0
2006-05-26,2006-06-29,OPTSTK,SUZLON,1080.0,PA,0.0,0.0,0.0,104.1,144.55,0.0,0.0,0.0
2006-05-26,2006-06-29,OPTSTK,SUZLON,1110.0,PA,0.0,0.0,0.0,46.45,164.85,0.0,0.0,0.0
2006-05-26,2006-06-29,OPTSTK,SUZLON,1140.0,PA,0.0,0.0,0.0,57.8,186.3,0.0,0.0,0.0
2006-05-26,2006-06-29,OPTSTK,SUZLON,1170.0,PA,0.0,0.0,0.0,54.0,208.8,0.0,0.0,0.0
2006-05-26,2006-06-29,OPTSTK,SUZLON,1200.0,PA,0.0,0.0,0.0,83.15,232.25,0.0,0.0,0.0
2006-05-26,2006-06-29,OPTSTK,SUZLON,1230.0,PA,0.0,0.0,0.0,96.1,256.45,0.0,0.0,0.0
2006-05-26,2006-06-29,OPTSTK,SUZLON,1260.0,PA,0.0,0.0,0.0,110.1,281.45,0.0,0.0,0.0
2006-05-26,2006-06-29,OPTSTK,SUZLON,1290.0,PA,0.0,0.0,0.0,125.1,307.1,0.0,0.0,0.0
2006-05-26,2006-06-29,OPTSTK,SUZLON,1320.0,PA,0.0,0.0,0.0,141.15,333.35,0.0,0.0,0.0
2006-05-26,2006-06-29,OPTSTK,SUZLON,1350.0,PA,0.0,0.0,0.0,158.2,360.1,0.0,0.0,0.0
2006-05-26,2006-06-29,OPTSTK,SUZLON,1380.0,PA,0.0,0.0,0.0,176.15,387.3,0.0,0.0,0.0
2006-05-26,2006-06-29,OPTSTK,SUZLON,1410.0,PA,0.0,0.0,0.0,165.2,414.85,0.0,0.0,0.0
2006-05-26,2006-06-29,OPTSTK,SUZLON,1440.0,PA,0.0,0.0,0.0,158.6,442.8,0.0,0.0,0.0
2006-05-26,2006-06-29,OPTSTK,SUZLON,1470.0,PA,0.0,0.0,0.0,175.75,471.0,0.0,0.0,0.0
2006-05-26,2006-06-29,OPTSTK,SUZLON,1500.0,PA,0.0,0.0,0.0,193.7,499.5,0.0,0.0,0.0
2006-05-26,2006-07-27,OPTSTK,SUZLON,900.0,CA,0.0,0.0,0.0,197.55,187.35,0.0,0.0,0.0
2006-05-26,2006-07-27,OPTSTK,SUZLON,920.0,CA,0.0,0.0,0.0,167.9,176.35,0.0,0.0,0.0
2006-05-26,2006-07-27,OPTSTK,SUZLON,930.0,CA,0.0,0.0,0.0,196.35,171.05,0.0,0.0,0.0
2006-05-26,2006-07-27,OPTSTK,SUZLON,940.0,CA,0.0,0.0,0.0,157.85,165.85,0.0,0.0,0.0
2006-05-26,2006-07-27,OPTSTK,SUZLON,960.0,CA,0.0,0.0,0.0,180.4,155.85,0.0,0.0,0.0
2006-05-26,2006-07-27,OPTSTK,SUZLON,980.0,CA,0.0,0.0,0.0,139.25,146.35,0.0,0.0,0.0
2006-05-26,2006-07-27,OPTSTK,SUZLON,990.0,CA,0.0,0.0,0.0,204.1,141.8,0.0,0.0,0.0
2006-05-26,2006-07-27,OPTSTK,SUZLON,1000.0,CA,0.0,0.0,0.0,130.65,137.35,0.0,0.0,0.0
2006-05-26,2006-07-27,OPTSTK,SUZLON,1020.0,CA,0.0,0.0,0.0,188.0,128.8,0.0,0.0,0.0
2006-05-26,2006-07-27,OPTSTK,SUZLON,1040.0,CA,0.0,0.0,0.0,114.75,120.7,0.0,0.0,0.0
2006-05-26,2006-07-27,OPTSTK,SUZLON,1050.0,CA,0.0,0.0,0.0,172.95,116.8,0.0,0.0,0.0
2006-05-26,2006-07-27,OPTSTK,SUZLON,1060.0,CA,0.0,0.0,0.0,0.0,0.0,0.0,0.0,0.0
2006-05-26,2006-07-27,OPTSTK,SUZLON,1080.0,CA,0.0,0.0,0.0,158.85,105.75,0.0,0.0,0.0
2006-05-26,2006-07-27,OPTSTK,SUZLON,1110.0,CA,0.0,0.0,0.0,186.15,95.65,0.0,0.0,0.0
2006-05-26,2006-07-27,OPTSTK,SUZLON,1140.0,CA,0.0,0.0,0.0,164.25,86.4,0.0,0.0,0.0
2006-05-26,2006-07-27,OPTSTK,SUZLON,1170.0,CA,0.0,0.0,0.0,199.25,77.95,0.0,0.0,0.0
2006-05-26,2006-07-27,OPTSTK,SUZLON,1200.0,CA,0.0,0.0,0.0,182.95,70.3,0.0,0.0,0.0
2006-05-26,2006-07-27,OPTSTK,SUZLON,1230.0,CA,0.0,0.0,0.0,167.7,63.3,0.0,0.0,0.0
2006-05-26,2006-07-27,OPTSTK,SUZLON,1260.0,CA,0.0,0.0,0.0,153.4,57.0,0.0,0.0,0.0
2006-05-26,2006-07-27,OPTSTK,SUZLON,1290.0,CA,0.0,0.0,0.0,140.1,51.25,0.0,0.0,0.0
2006-05-26,2006-07-27,OPTSTK,SUZLON,1320.0,CA,0.0,0.0,0.0,127.75,46.05,0.0,0.0,0.0
2006-05-26,2006-07-27,OPTSTK,SUZLON,1350.0,CA,0.0,0.0,0.0,116.3,41.3,0.0,0.0,0.0
2006-05-26,2006-07-27,OPTSTK,SUZLON,1380.0,CA,0.0,0.0,0.0,106.25,37.05,0.0,0.0,0.0
2006-05-26,2006-07-27,OPTSTK,SUZLON,1410.0,CA,0.0,0.0,0.0,119.45,33.2,0.0,0.0,0.0
2006-05-26,2006-07-27,OPTSTK,SUZLON,1440.0,CA,0.0,0.0,0.0,108.35,29.75,0.0,0.0,0.0
2006-05-26,2006-07-27,OPTSTK,SUZLON,1470.0,CA,0.0,0.0,0.0,98.4,26.65,0.0,0.0,0.0
2006-05-26,2006-07-27,OPTSTK,SUZLON,900.0,PA,0.0,0.0,0.0,83.0,79.05,0.0,0.0,0.0
2006-05-26,2006-07-27,OPTSTK,SUZLON,920.0,PA,0.0,0.0,0.0,95.8,87.85,0.0,0.0,0.0
2006-05-26,2006-07-27,OPTSTK,SUZLON,930.0,PA,0.0,0.0,0.0,87.85,92.45,0.0,0.0,0.0
2006-05-26,2006-07-27,OPTSTK,SUZLON,940.0,PA,0.0,0.0,0.0,105.5,97.15,0.0,0.0,0.0
2006-05-26,2006-07-27,OPTSTK,SUZLON,960.0,PA,0.0,0.0,0.0,101.5,106.9,0.0,0.0,0.0
2006-05-26,2006-07-27,OPTSTK,SUZLON,980.0,PA,0.0,0.0,0.0,126.4,117.2,0.0,0.0,0.0
2006-05-26,2006-07-27,OPTSTK,SUZLON,990.0,PA,0.0,0.0,0.0,90.15,122.5,0.0,0.0,0.0
2006-05-26,2006-07-27,OPTSTK,SUZLON,1000.0,PA,0.0,0.0,0.0,137.55,127.95,0.0,0.0,0.0
2006-05-26,2006-07-27,OPTSTK,SUZLON,1020.0,PA,0.0,0.0,0.0,103.7,139.15,0.0,0.0,0.0
2006-05-26,2006-07-27,OPTSTK,SUZLON,1040.0,PA,0.0,0.0,0.0,161.2,150.8,0.0,0.0,0.0
2006-05-26,2006-07-27,OPTSTK,SUZLON,1050.0,PA,0.0,0.0,0.0,118.2,156.8,0.0,0.0,0.0
2006-05-26,2006-07-27,OPTSTK,SUZLON,1060.0,PA,0.0,0.0,0.0,0.0,0.0,0.0,0.0,0.0
2006-05-26,2006-07-27,OPTSTK,SUZLON,1080.0,PA,0.0,0.0,0.0,133.75,175.45,0.0,0.0,0.0
2006-05-26,2006-07-27,OPTSTK,SUZLON,1110.0,PA,0.0,0.0,0.0,75.2,195.0,0.0,0.0,0.0
2006-05-26,2006-07-27,OPTSTK,SUZLON,1140.0,PA,0.0,0.0,0.0,66.15,215.4,0.0,0.0,0.0
2006-05-26,2006-07-27,OPTSTK,SUZLON,1170.0,PA,0.0,0.0,0.0,88.9,236.6,0.0,0.0,0.0
2006-05-26,2006-07-27,OPTSTK,SUZLON,1200.0,PA,0.0,0.0,0.0,102.1,258.6,0.0,0.0,0.0
2006-05-26,2006-07-27,OPTSTK,SUZLON,1230.0,PA,0.0,0.0,0.0,116.3,281.3,0.0,0.0,0.0
2006-05-26,2006-07-27,OPTSTK,SUZLON,1260.0,PA,0.0,0.0,0.0,131.5,304.6,0.0,0.0,0.0
2006-05-26,2006-07-27,OPTSTK,SUZLON,1290.0,PA,0.0,0.0,0.0,147.7,328.5,0.0,0.0,0.0
2006-05-26,2006-07-27,OPTSTK,SUZLON,1320.0,PA,0.0,0.0,0.0,164.8,352.95,0.0,0.0,0.0
2006-05-26,2006-07-27,OPTSTK,SUZLON,1350.0,PA,0.0,0.0,0.0,182.85,377.9,0.0,0.0,0.0
2006-05-26,2006-07-27,OPTSTK,SUZLON,1380.0,PA,0.0,0.0,0.0,182.3,403.3,0.0,0.0,0.0
2006-05-26,2006-07-27,OPTSTK,SUZLON,1410.0,PA,0.0,0.0,0.0,171.6,429.1,0.0,0.0,0.0
2006-05-26,2006-07-27,OPTSTK,SUZLON,1440.0,PA,0.0,0.0,0.0,190.05,455.3,0.0,0.0,0.0
2006-05-26,2006-07-27,OPTSTK,SUZLON,1470.0,PA,0.0,0.0,0.0,180.35,481.85,0.0,0.0,0.0
2006-05-26,2006-08-31,OPTSTK,SUZLON,920.0,CA,0.0,0.0,0.0,195.4,209.85,0.0,0.0,0.0
2006-05-26,2006-08-31,OPTSTK,SUZLON,940.0,CA,0.0,0.0,0.0,186.15,200.0,0.0,0.0,0.0
2006-05-26,2006-08-31,OPTSTK,SUZLON,960.0,CA,0.0,0.0,0.0,177.3,190.6,0.0,0.0,0.0
2006-05-26,2006-08-31,OPTSTK,SUZLON,980.0,CA,0.0,0.0,0.0,168.85,181.55,0.0,0.0,0.0
2006-05-26,2006-08-31,OPTSTK,SUZLON,1000.0,CA,0.0,0.0,0.0,160.7,172.9,0.0,0.0,0.0
2006-05-26,2006-08-31,OPTSTK,SUZLON,1020.0,CA,0.0,0.0,0.0,152.95,164.6,0.0,0.0,0.0
2006-05-26,2006-08-31,OPTSTK,SUZLON,1040.0,CA,0.0,0.0,0.0,145.5,156.65,0.0,0.0,0.0
2006-05-26,2006-08-31,OPTSTK,SUZLON,1060.0,CA,0.0,0.0,0.0,0.0,0.0,0.0,0.0,0.0
2006-05-26,2006-08-31,OPTSTK,SUZLON,920.0,PA,0.0,0.0,0.0,128.15,115.45,0.0,0.0,0.0
2006-05-26,2006-08-31,OPTSTK,SUZLON,940.0,PA,0.0,0.0,0.0,138.55,125.3,0.0,0.0,0.0
2006-05-26,2006-08-31,OPTSTK,SUZLON,960.0,PA,0.0,0.0,0.0,149.35,135.5,0.0,0.0,0.0
2006-05-26,2006-08-31,OPTSTK,SUZLON,980.0,PA,0.0,0.0,0.0,160.5,146.1,0.0,0.0,0.0
2006-05-26,2006-08-31,OPTSTK,SUZLON,1000.0,PA,0.0,0.0,0.0,172.0,157.1,0.0,0.0,0.0
2006-05-26,2006-08-31,OPTSTK,SUZLON,1020.0,PA,0.0,0.0,0.0,183.9,168.45,0.0,0.0,0.0
2006-05-26,2006-08-31,OPTSTK,SUZLON,1040.0,PA,0.0,0.0,0.0,196.1,180.15,0.0,0.0,0.0
2006-05-26,2006-08-31,OPTSTK,SUZLON,1060.0,PA,0.0,0.0,0.0,0.0,0.0,0.0,0.0,0.0
2006-05-26,2006-06-29,OPTSTK,SYNDIBANK,55.0,CA,0.0,0.0,0.0,15.5,23.95,0.0,0.0,0.0
2006-05-26,2006-06-29,OPTSTK,SYNDIBANK,60.0,CA,0.0,0.0,0.0,16.25,19.8,0.0,0.0,0.0
2006-05-26,2006-06-29,OPTSTK,SYNDIBANK,65.0,CA,0.0,0.0,0.0,17.5,16.1,0.0,0.0,0.0
2006-05-26,2006-06-29,OPTSTK,SYNDIBANK,70.0,CA,0.0,0.0,0.0,19.05,12.85,0.0,0.0,0.0
2006-05-26,2006-06-29,OPTSTK,SYNDIBANK,75.0,CA,0.0,0.0,0.0,14.95,10.1,0.0,0.0,0.0
2006-05-26,2006-06-29,OPTSTK,SYNDIBANK,80.0,CA,4.1,5.45,3.85,3.85,3.85,17.0,54.43,64600.0
2006-05-26,2006-06-29,OPTSTK,SYNDIBANK,85.0,CA,0.0,0.0,0.0,8.3,6.0,0.0,0.0,0.0
2006-05-26,2006-06-29,OPTSTK,SYNDIBANK,90.0,CA,0.0,0.0,0.0,5.9,4.55,0.0,0.0,0.0
2006-05-26,2006-06-29,OPTSTK,SYNDIBANK,95.0,CA,0.0,0.0,0.0,4.05,3.4,0.0,0.0,0.0
2006-05-26,2006-06-29,OPTSTK,SYNDIBANK,100.0,CA,0.0,0.0,0.0,2.7,2.55,0.0,0.0,0.0
2006-05-26,2006-06-29,OPTSTK,SYNDIBANK,105.0,CA,0.0,0.0,0.0,2.75,1.85,0.0,0.0,0.0
2006-05-26,2006-06-29,OPTSTK,SYNDIBANK,110.0,CA,0.0,0.0,0.0,2.25,1.35,0.0,0.0,0.0
2006-05-26,2006-06-29,OPTSTK,SYNDIBANK,115.0,CA,0.0,0.0,0.0,3.7,1.0,0.0,0.0,0.0
2006-05-26,2006-06-29,OPTSTK,SYNDIBANK,55.0,PA,0.0,0.0,0.0,1.7,0.9,0.0,0.0,0.0
2006-05-26,2006-06-29,OPTSTK,SYNDIBANK,60.0,PA,0.0,0.0,0.0,2.2,1.75,0.0,0.0,0.0
2006-05-26,2006-06-29,OPTSTK,SYNDIBANK,65.0,PA,0.0,0.0,0.0,0.6,3.0,0.0,0.0,0.0
2006-05-26,2006-06-29,OPTSTK,SYNDIBANK,70.0,PA,0.0,0.0,0.0,0.7,4.7,0.0,0.0,0.0
2006-05-26,2006-06-29,OPTSTK,SYNDIBANK,75.0,PA,0.0,0.0,0.0,1.5,6.95,0.0,0.0,0.0
2006-05-26,2006-06-29,OPTSTK,SYNDIBANK,80.0,PA,0.0,0.0,0.0,2.8,9.65,0.0,0.0,0.0
2006-05-26,2006-06-29,OPTSTK,SYNDIBANK,85.0,PA,0.0,0.0,0.0,4.65,12.75,0.0,0.0,0.0
2006-05-26,2006-06-29,OPTSTK,SYNDIBANK,90.0,PA,0.0,0.0,0.0,7.15,16.25,0.0,0.0,0.0
2006-05-26,2006-06-29,OPTSTK,SYNDIBANK,95.0,PA,0.0,0.0,0.0,10.2,20.1,0.0,0.0,0.0
2006-05-26,2006-06-29,OPTSTK,SYNDIBANK,100.0,PA,0.0,0.0,0.0,13.75,24.2,0.0,0.0,0.0
2006-05-26,2006-06-29,OPTSTK,SYNDIBANK,105.0,PA,0.0,0.0,0.0,15.75,28.5,0.0,0.0,0.0
2006-05-26,2006-06-29,OPTSTK,SYNDIBANK,110.0,PA,0.0,0.0,0.0,17.4,33.0,0.0,0.0,0.0
2006-05-26,2006-06-29,OPTSTK,SYNDIBANK,115.0,PA,0.0,0.0,0.0,19.65,37.6,0.0,0.0,0.0
2006-05-26,2006-07-27,OPTSTK,SYNDIBANK,55.0,CA,0.0,0.0,0.0,17.15,25.55,0.0,0.0,0.0
2006-05-26,2006-07-27,OPTSTK,SYNDIBANK,60.0,CA,0.0,0.0,0.0,18.1,21.9,0.0,0.0,0.0
2006-05-26,2006-07-27,OPTSTK,SYNDIBANK,65.0,CA,0.0,0.0,0.0,18.3,18.6,0.0,0.0,0.0
2006-05-26,2006-07-27,OPTSTK,SYNDIBANK,70.0,CA,0.0,0.0,0.0,14.4,15.7,0.0,0.0,0.0
2006-05-26,2006-07-27,OPTSTK,SYNDIBANK,75.0,CA,0.0,0.0,0.0,11.0,13.2,0.0,0.0,0.0
2006-05-26,2006-07-27,OPTSTK,SYNDIBANK,80.0,CA,0.0,0.0,0.0,8.2,11.0,0.0,0.0,0.0
2006-05-26,2006-07-27,OPTSTK,SYNDIBANK,85.0,CA,0.0,0.0,0.0,5.95,9.15,0.0,0.0,0.0
2006-05-26,2006-07-27,OPTSTK,SYNDIBANK,90.0,CA,0.0,0.0,0.0,4.2,7.55,0.0,0.0,0.0
2006-05-26,2006-07-27,OPTSTK,SYNDIBANK,95.0,CA,0.0,0.0,0.0,2.9,6.25,0.0,0.0,0.0
2006-05-26,2006-07-27,OPTSTK,SYNDIBANK,100.0,CA,0.0,0.0,0.0,3.15,5.15,0.0,0.0,0.0
2006-05-26,2006-07-27,OPTSTK,SYNDIBANK,105.0,CA,0.0,0.0,0.0,6.5,4.25,0.0,0.0,0.0
2006-05-26,2006-07-27,OPTSTK,SYNDIBANK,110.0,CA,0.0,0.0,0.0,6.8,3.5,0.0,0.0,0.0
2006-05-26,2006-07-27,OPTSTK,SYNDIBANK,115.0,CA,0.0,0.0,0.0,5.7,2.85,0.0,0.0,0.0
2006-05-26,2006-07-27,OPTSTK,SYNDIBANK,55.0,PA,0.0,0.0,0.0,3.1,2.2,0.0,0.0,0.0
2006-05-26,2006-07-27,OPTSTK,SYNDIBANK,60.0,PA,0.0,0.0,0.0,3.75,3.5,0.0,0.0,0.0
2006-05-26,2006-07-27,OPTSTK,SYNDIBANK,65.0,PA,0.0,0.0,0.0,1.05,5.15,0.0,0.0,0.0
2006-05-26,2006-07-27,OPTSTK,SYNDIBANK,70.0,PA,0.0,0.0,0.0,2.05,7.2,0.0,0.0,0.0
2006-05-26,2006-07-27,OPTSTK,SYNDIBANK,75.0,PA,0.0,0.0,0.0,3.55,9.6,0.0,0.0,0.0
2006-05-26,2006-07-27,OPTSTK,SYNDIBANK,80.0,PA,0.0,0.0,0.0,5.65,12.4,0.0,0.0,0.0
2006-05-26,2006-07-27,OPTSTK,SYNDIBANK,85.0,PA,0.0,0.0,0.0,8.3,15.45,0.0,0.0,0.0
2006-05-26,2006-07-27,OPTSTK,SYNDIBANK,90.0,PA,0.0,0.0,0.0,11.5,18.85,0.0,0.0,0.0
2006-05-26,2006-07-27,OPTSTK,SYNDIBANK,95.0,PA,0.0,0.0,0.0,15.15,22.45,0.0,0.0,0.0
2006-05-26,2006-07-27,OPTSTK,SYNDIBANK,100.0,PA,0.0,0.0,0.0,16.5,26.3,0.0,0.0,0.0
2006-05-26,2006-07-27,OPTSTK,SYNDIBANK,105.0,PA,0.0,0.0,0.0,17.4,30.35,0.0,0.0,0.0
2006-05-26,2006-07-27,OPTSTK,SYNDIBANK,110.0,PA,0.0,0.0,0.0,18.7,34.5,0.0,0.0,0.0
2006-05-26,2006-07-27,OPTSTK,SYNDIBANK,115.0,PA,0.0,0.0,0.0,21.05,38.85,0.0,0.0,0.0
2006-05-26,2006-08-31,OPTSTK,SYNDIBANK,60.0,CA,0.0,0.0,0.0,23.8,24.15,0.0,0.0,0.0
2006-05-26,2006-08-31,OPTSTK,SYNDIBANK,65.0,CA,0.0,0.0,0.0,20.9,21.2,0.0,0.0,0.0
2006-05-26,2006-08-31,OPTSTK,SYNDIBANK,70.0,CA,0.0,0.0,0.0,18.35,18.5,0.0,0.0,0.0
2006-05-26,2006-08-31,OPTSTK,SYNDIBANK,75.0,CA,0.0,0.0,0.0,16.05,16.15,0.0,0.0,0.0
2006-05-26,2006-08-31,OPTSTK,SYNDIBANK,80.0,CA,0.0,0.0,0.0,14.05,14.1,0.0,0.0,0.0
2006-05-26,2006-08-31,OPTSTK,SYNDIBANK,85.0,CA,0.0,0.0,0.0,12.25,12.25,0.0,0.0,0.0
2006-05-26,2006-08-31,OPTSTK,SYNDIBANK,90.0,CA,0.0,0.0,0.0,10.7,10.65,0.0,0.0,0.0
2006-05-26,2006-08-31,OPTSTK,SYNDIBANK,95.0,CA,0.0,0.0,0.0,0.0,0.0,0.0,0.0,0.0
2006-05-26,2006-08-31,OPTSTK,SYNDIBANK,60.0,PA,0.0,0.0,0.0,5.95,5.4,0.0,0.0,0.0
2006-05-26,2006-08-31,OPTSTK,SYNDIBANK,65.0,PA,0.0,0.0,0.0,7.95,7.3,0.0,0.0,0.0
2006-05-26,2006-08-31,OPTSTK,SYNDIBANK,70.0,PA,0.0,0.0,0.0,10.3,9.55,0.0,0.0,0.0
2006-05-26,2006-08-31,OPTSTK,SYNDIBANK,75.0,PA,0.0,0.0,0.0,12.95,12.1,0.0,0.0,0.0
2006-05-26,2006-08-31,OPTSTK,SYNDIBANK,80.0,PA,0.0,0.0,0.0,15.8,14.95,0.0,0.0,0.0
2006-05-26,2006-08-31,OPTSTK,SYNDIBANK,85.0,PA,0.0,0.0,0.0,18.95,18.05,0.0,0.0,0.0
2006-05-26,2006-08-31,OPTSTK,SYNDIBANK,90.0,PA,0.0,0.0,0.0,22.3,21.35,0.0,0.0,0.0
2006-05-26,2006-08-31,OPTSTK,SYNDIBANK,95.0,PA,0.0,0.0,0.0,0.0,0.0,0.0,0.0,0.0
2006-05-26,2006-06-29,OPTSTK,TATACHEM,190.0,CA,0.0,0.0,0.0,27.2,49.65,0.0,0.0,0.0
2006-05-26,2006-06-29,OPTSTK,TATACHEM,195.0,CA,0.0,0.0,0.0,24.35,45.9,0.0,0.0,0.0
2006-05-26,2006-06-29,OPTSTK,TATACHEM,200.0,CA,0.0,0.0,0.0,29.35,42.35,0.0,0.0,0.0
2006-05-26,2006-06-29,OPTSTK,TATACHEM,205.0,CA,0.0,0.0,0.0,26.5,38.95,0.0,0.0,0.0
2006-05-26,2006-06-29,OPTSTK,TATACHEM,210.0,CA,0.0,0.0,0.0,23.85,35.7,0.0,0.0,0.0
2006-05-26,2006-06-29,OPTSTK,TATACHEM,215.0,CA,0.0,0.0,0.0,28.35,32.65,0.0,0.0,0.0
2006-05-26,2006-06-29,OPTSTK,TATACHEM,220.0,CA,17.3,17.8,17.0,17.0,17.0,3.0,9.61,18900.0
2006-05-26,2006-06-29,OPTSTK,TATACHEM,225.0,CA,0.0,0.0,0.0,23.1,27.1,0.0,0.0,0.0
2006-05-26,2006-06-29,OPTSTK,TATACHEM,230.0,CA,0.0,0.0,0.0,43.4,24.6,0.0,0.0,0.0
2006-05-26,2006-06-29,OPTSTK,TATACHEM,235.0,CA,0.0,0.0,0.0,25.35,22.3,0.0,0.0,0.0
2006-05-26,2006-06-29,OPTSTK,TATACHEM,240.0,CA,0.0,0.0,0.0,22.1,20.15,0.0,0.0,0.0
2006-05-26,2006-06-29,OPTSTK,TATACHEM,245.0,CA,0.0,0.0,0.0,19.1,18.2,0.0,0.0,0.0
2006-05-26,2006-06-29,OPTSTK,TATACHEM,250.0,CA,0.0,0.0,0.0,8.1,16.35,0.0,0.0,1350.0
2006-05-26,2006-06-29,OPTSTK,TATACHEM,255.0,CA,0.0,0.0,0.0,13.9,14.7,0.0,0.0,0.0
2006-05-26,2006-06-29,OPTSTK,TATACHEM,260.0,CA,3.1,3.1,3.1,3.1,3.1,1.0,3.55,1350.0
2006-05-26,2006-06-29,OPTSTK,TATACHEM,265.0,CA,0.0,0.0,0.0,9.8,11.8,0.0,0.0,0.0
2006-05-26,2006-06-29,OPTSTK,TATACHEM,270.0,CA,0.0,0.0,0.0,19.15,10.55,0.0,0.0,0.0
2006-05-26,2006-06-29,OPTSTK,TATACHEM,280.0,CA,0.0,0.0,0.0,6.8,8.4,0.0,0.0,0.0
2006-05-26,2006-06-29,OPTSTK,TATACHEM,290.0,CA,0.0,0.0,0.0,11.7,6.6,0.0,0.0,0.0
2006-05-26,2006-06-29,OPTSTK,TATACHEM,300.0,CA,0.0,0.0,0.0,11.45,5.2,0.0,0.0,0.0
2006-05-26,2006-06-29,OPTSTK,TATACHEM,310.0,CA,0.0,0.0,0.0,10.3,4.05,0.0,0.0,0.0
2006-05-26,2006-06-29,OPTSTK,TATACHEM,190.0,PA,0.0,0.0,0.0,10.85,5.45,0.0,0.0,0.0
2006-05-26,2006-06-29,OPTSTK,TATACHEM,195.0,PA,0.0,0.0,0.0,12.95,6.65,0.0,0.0,0.0
2006-05-26,2006-06-29,OPTSTK,TATACHEM,200.0,PA,0.0,0.0,0.0,12.05,8.05,0.0,0.0,0.0
2006-05-26,2006-06-29,OPTSTK,TATACHEM,205.0,PA,0.0,0.0,0.0,14.15,9.6,0.0,0.0,0.0
2006-05-26,2006-06-29,OPTSTK,TATACHEM,210.0,PA,0.0,0.0,0.0,13.95,11.3,0.0,0.0,1350.0
2006-05-26,2006-06-29,OPTSTK,TATACHEM,215.0,PA,0.0,0.0,0.0,13.65,13.25,0.0,0.0,0.0
2006-05-26,2006-06-29,OPTSTK,TATACHEM,220.0,PA,5.25,9.45,5.25,9.45,9.45,3.0,9.21,4050.0
2006-05-26,2006-06-29,OPTSTK,TATACHEM,225.0,PA,0.0,0.0,0.0,18.35,17.65,0.0,0.0,0.0
2006-05-26,2006-06-29,OPTSTK,TATACHEM,230.0,PA,0.0,0.0,0.0,5.0,20.15,0.0,0.0,0.0
2006-05-26,2006-06-29,OPTSTK,TATACHEM,235.0,PA,0.0,0.0,0.0,5.8,22.8,0.0,0.0,0.0
2006-05-26,2006-06-29,OPTSTK,TATACHEM,240.0,PA,0.0,0.0,0.0,7.4,25.6,0.0,0.0,0.0
2006-05-26,2006-06-29,OPTSTK,TATACHEM,245.0,PA,0.0,0.0,0.0,9.3,28.6,0.0,0.0,0.0
2006-05-26,2006-06-29,OPTSTK,TATACHEM,250.0,PA,0.0,0.0,0.0,11.5,31.75,0.0,0.0,0.0
2006-05-26,2006-06-29,OPTSTK,TATACHEM,255.0,PA,0.0,0.0,0.0,13.9,35.05,0.0,0.0,0.0
2006-05-26,2006-06-29,OPTSTK,TATACHEM,260.0,PA,0.0,0.0,0.0,16.65,38.5,0.0,0.0,0.0
2006-05-26,2006-06-29,OPTSTK,TATACHEM,265.0,PA,0.0,0.0,0.0,19.6,42.1,0.0,0.0,0.0
2006-05-26,2006-06-29,OPTSTK,TATACHEM,270.0,PA,0.0,0.0,0.0,19.95,45.8,0.0,0.0,0.0
2006-05-26,2006-06-29,OPTSTK,TATACHEM,280.0,PA,0.0,0.0,0.0,25.6,53.55,0.0,0.0,0.0
2006-05-26,2006-06-29,OPTSTK,TATACHEM,290.0,PA,0.0,0.0,0.0,32.05,61.75,0.0,0.0,0.0
2006-05-26,2006-06-29,OPTSTK,TATACHEM,300.0,PA,0.0,0.0,0.0,34.65,70.25,0.0,0.0,0.0
2006-05-26,2006-06-29,OPTSTK,TATACHEM,310.0,PA,0.0,0.0,0.0,38.0,79.05,0.0,0.0,0.0
2006-05-26,2006-07-27,OPTSTK,TATACHEM,190.0,CA,0.0,0.0,0.0,33.1,55.7,0.0,0.0,0.0
2006-05-26,2006-07-27,OPTSTK,TATACHEM,195.0,CA,0.0,0.0,0.0,30.4,52.35,0.0,0.0,0.0
2006-05-26,2006-07-27,OPTSTK,TATACHEM,200.0,CA,0.0,0.0,0.0,35.4,49.15,0.0,0.0,0.0
2006-05-26,2006-07-27,OPTSTK,TATACHEM,205.0,CA,0.0,0.0,0.0,32.75,46.1,0.0,0.0,0.0
2006-05-26,2006-07-27,OPTSTK,TATACHEM,210.0,CA,0.0,0.0,0.0,30.25,43.15,0.0,0.0,0.0
2006-05-26,2006-07-27,OPTSTK,TATACHEM,215.0,CA,0.0,0.0,0.0,34.6,40.4,0.0,0.0,0.0
2006-05-26,2006-07-27,OPTSTK,TATACHEM,220.0,CA,0.0,0.0,0.0,43.3,37.75,0.0,0.0,0.0
2006-05-26,2006-07-27,OPTSTK,TATACHEM,225.0,CA,0.0,0.0,0.0,29.6,35.25,0.0,0.0,0.0
2006-05-26,2006-07-27,OPTSTK,TATACHEM,230.0,CA,0.0,0.0,0.0,36.3,32.9,0.0,0.0,0.0
2006-05-26,2006-07-27,OPTSTK,TATACHEM,235.0,CA,0.0,0.0,0.0,25.05,30.65,0.0,0.0,0.0
2006-05-26,2006-07-27,OPTSTK,TATACHEM,240.0,CA,0.0,0.0,0.0,30.1,28.55,0.0,0.0,0.0
2006-05-26,2006-07-27,OPTSTK,TATACHEM,245.0,CA,0.0,0.0,0.0,19.8,26.6,0.0,0.0,0.0
2006-05-26,2006-07-27,OPTSTK,TATACHEM,250.0,CA,0.0,0.0,0.0,24.65,24.7,0.0,0.0,0.0
2006-05-26,2006-07-27,OPTSTK,TATACHEM,255.0,CA,0.0,0.0,0.0,15.35,22.95,0.0,0.0,0.0
2006-05-26,2006-07-27,OPTSTK,TATACHEM,260.0,CA,0.0,0.0,0.0,19.95,21.3,0.0,0.0,0.0
2006-05-26,2006-07-27,OPTSTK,TATACHEM,270.0,CA,0.0,0.0,0.0,15.95,18.35,0.0,0.0,0.0
2006-05-26,2006-07-27,OPTSTK,TATACHEM,280.0,CA,0.0,0.0,0.0,12.6,15.75,0.0,0.0,0.0
2006-05-26,2006-07-27,OPTSTK,TATACHEM,290.0,CA,0.0,0.0,0.0,10.4,13.5,0.0,0.0,0.0
2006-05-26,2006-07-27,OPTSTK,TATACHEM,300.0,CA,0.0,0.0,0.0,9.1,11.55,0.0,0.0,0.0
2006-05-26,2006-07-27,OPTSTK,TATACHEM,190.0,PA,0.0,0.0,0.0,15.75,10.45,0.0,0.0,0.0
2006-05-26,2006-07-27,OPTSTK,TATACHEM,195.0,PA,0.0,0.0,0.0,18.0,12.05,0.0,0.0,0.0
2006-05-26,2006-07-27,OPTSTK,TATACHEM,200.0,PA,0.0,0.0,0.0,17.05,13.8,0.0,0.0,0.0
2006-05-26,2006-07-27,OPTSTK,TATACHEM,205.0,PA,0.0,0.0,0.0,19.35,15.7,0.0,0.0,0.0
2006-05-26,2006-07-27,OPTSTK,TATACHEM,210.0,PA,0.0,0.0,0.0,21.75,17.7,0.0,0.0,0.0
2006-05-26,2006-07-27,OPTSTK,TATACHEM,215.0,PA,0.0,0.0,0.0,18.8,19.9,0.0,0.0,0.0
2006-05-26,2006-07-27,OPTSTK,TATACHEM,220.0,PA,0.0,0.0,0.0,6.3,22.2,0.0,0.0,0.0
2006-05-26,2006-07-27,OPTSTK,TATACHEM,225.0,PA,0.0,0.0,0.0,23.65,24.65,0.0,0.0,0.0
2006-05-26,2006-07-27,OPTSTK,TATACHEM,230.0,PA,0.0,0.0,0.0,9.15,27.2,0.0,0.0,0.0
2006-05-26,2006-07-27,OPTSTK,TATACHEM,235.0,PA,0.0,0.0,0.0,12.05,29.95,0.0,0.0,0.0
2006-05-26,2006-07-27,OPTSTK,TATACHEM,240.0,PA,0.0,0.0,0.0,12.75,32.75,0.0,0.0,0.0
2006-05-26,2006-07-27,OPTSTK,TATACHEM,245.0,PA,0.0,0.0,0.0,16.65,35.7,0.0,0.0,0.0
2006-05-26,2006-07-27,OPTSTK,TATACHEM,250.0,PA,0.0,0.0,0.0,17.1,38.8,0.0,0.0,0.0
2006-05-26,2006-07-27,OPTSTK,TATACHEM,255.0,PA,0.0,0.0,0.0,22.1,42.0,0.0,0.0,0.0
2006-05-26,2006-07-27,OPTSTK,TATACHEM,260.0,PA,0.0,0.0,0.0,22.25,45.3,0.0,0.0,0.0
2006-05-26,2006-07-27,OPTSTK,TATACHEM,270.0,PA,0.0,0.0,0.0,28.1,52.2,0.0,0.0,0.0
2006-05-26,2006-07-27,OPTSTK,TATACHEM,280.0,PA,0.0,0.0,0.0,34.6,59.5,0.0,0.0,0.0
2006-05-26,2006-07-27,OPTSTK,TATACHEM,290.0,PA,0.0,0.0,0.0,37.45,67.1,0.0,0.0,0.0
2006-05-26,2006-07-27,OPTSTK,TATACHEM,300.0,PA,0.0,0.0,0.0,39.1,75.05,0.0,0.0,0.0
2006-05-26,2006-08-31,OPTSTK,TATACHEM,215.0,CA,0.0,0.0,0.0,46.75,48.05,0.0,0.0,0.0
2006-05-26,2006-08-31,OPTSTK,TATACHEM,220.0,CA,0.0,0.0,0.0,44.4,45.6,0.0,0.0,0.0
2006-05-26,2006-08-31,OPTSTK,TATACHEM,225.0,CA,0.0,0.0,0.0,42.15,43.2,0.0,0.0,0.0
2006-05-26,2006-08-31,OPTSTK,TATACHEM,230.0,CA,0.0,0.0,0.0,39.95,40.95,0.0,0.0,0.0
2006-05-26,2006-08-31,OPTSTK,TATACHEM,235.0,CA,0.0,0.0,0.0,37.9,38.8,0.0,0.0,0.0
2006-05-26,2006-08-31,OPTSTK,TATACHEM,240.0,CA,0.0,0.0,0.0,35.95,36.75,0.0,0.0,0.0
2006-05-26,2006-08-31,OPTSTK,TATACHEM,245.0,CA,0.0,0.0,0.0,34.05,34.8,0.0,0.0,0.0
2006-05-26,2006-08-31,OPTSTK,TATACHEM,250.0,CA,0.0,0.0,0.0,0.0,0.0,0.0,0.0,0.0
2006-05-26,2006-08-31,OPTSTK,TATACHEM,215.0,PA,0.0,0.0,0.0,28.45,26.15,0.0,0.0,0.0
2006-05-26,2006-08-31,OPTSTK,TATACHEM,220.0,PA,0.0,0.0,0.0,31.0,28.6,0.0,0.0,0.0
2006-05-26,2006-08-31,OPTSTK,TATACHEM,225.0,PA,0.0,0.0,0.0,33.65,31.15,0.0,0.0,0.0
2006-05-26,2006-08-31,OPTSTK,TATACHEM,230.0,PA,0.0,0.0,0.0,36.4,33.8,0.0,0.0,0.0
2006-05-26,2006-08-31,OPTSTK,TATACHEM,235.0,PA,0.0,0.0,0.0,39.2,36.55,0.0,0.0,0.0
2006-05-26,2006-08-31,OPTSTK,TATACHEM,240.0,PA,0.0,0.0,0.0,42.15,39.4,0.0,0.0,0.0
2006-05-26,2006-08-31,OPTSTK,TATACHEM,245.0,PA,0.0,0.0,0.0,45.2,42.35,0.0,0.0,0.0
2006-05-26,2006-08-31,OPTSTK,TATACHEM,250.0,PA,0.0,0.0,0.0,0.0,0.0,0.0,0.0,0.0
2006-05-26,2006-06-29,OPTSTK,TATAMOTORS,700.0,CA,0.0,0.0,0.0,97.9,140.4,0.0,0.0,0.0
2006-05-26,2006-06-29,OPTSTK,TATAMOTORS,720.0,CA,0.0,0.0,0.0,85.75,126.25,0.0,0.0,0.0
2006-05-26,2006-06-29,OPTSTK,TATAMOTORS,740.0,CA,0.0,0.0,0.0,74.7,113.0,0.0,0.0,0.0
2006-05-26,2006-06-29,OPTSTK,TATAMOTORS,760.0,CA,0.0,0.0,0.0,64.65,100.75,0.0,0.0,0.0
2006-05-26,2006-06-29,OPTSTK,TATAMOTORS,780.0,CA,0.0,0.0,0.0,108.8,89.4,0.0,0.0,0.0
2006-05-26,2006-06-29,OPTSTK,TATAMOTORS,800.0,CA,70.0,70.0,38.0,41.1,41.1,12.0,83.54,4950.0
2006-05-26,2006-06-29,OPTSTK,TATAMOTORS,820.0,CA,31.0,31.0,30.05,30.05,30.05,2.0,14.03,1650.0
2006-05-26,2006-06-29,OPTSTK,TATAMOTORS,840.0,CA,24.05,24.05,24.05,24.05,24.05,1.0,7.12,825.0
2006-05-26,2006-06-29,OPTSTK,TATAMOTORS,860.0,CA,24.5,24.5,18.0,18.0,18.0,9.0,65.38,8250.0
2006-05-26,2006-06-29,OPTSTK,TATAMOTORS,880.0,CA,0.0,0.0,0.0,94.55,46.25,0.0,0.0,0.0
2006-05-26,2006-06-29,OPTSTK,TATAMOTORS,900.0,CA,10.0,10.0,10.0,10.0,10.0,1.0,7.5,825.0
2006-05-26,2006-06-29,OPTSTK,TATAMOTORS,920.0,CA,0.0,0.0,0.0,73.7,34.6,0.0,0.0,0.0
2006-05-26,2006-06-29,OPTSTK,TATAMOTORS,940.0,CA,0.0,0.0,0.0,64.6,29.8,0.0,0.0,0.0
2006-05-26,2006-06-29,OPTSTK,TATAMOTORS,960.0,CA,0.0,0.0,0.0,56.4,25.6,0.0,0.0,0.0
2006-05-26,2006-06-29,OPTSTK,TATAMOTORS,980.0,CA,0.0,0.0,0.0,32.0,21.85,0.0,0.0,1650.0
2006-05-26,2006-06-29,OPTSTK,TATAMOTORS,1000.0,CA,0.0,0.0,0.0,51.05,18.65,0.0,0.0,0.0
2006-05-26,2006-06-29,OPTSTK,TATAMOTORS,1020.0,CA,0.0,0.0,0.0,67.9,15.85,0.0,0.0,0.0
2006-05-26,2006-06-29,OPTSTK,TATAMOTORS,1040.0,CA,0.0,0.0,0.0,60.25,13.45,0.0,0.0,0.0
2006-05-26,2006-06-29,OPTSTK,TATAMOTORS,700.0,PA,0.0,0.0,0.0,31.1,22.2,0.0,0.0,0.0
2006-05-26,2006-06-29,OPTSTK,TATAMOTORS,720.0,PA,0.0,0.0,0.0,38.85,28.0,0.0,0.0,0.0
2006-05-26,2006-06-29,OPTSTK,TATAMOTORS,740.0,PA,0.0,0.0,0.0,47.6,34.6,0.0,0.0,0.0
2006-05-26,2006-06-29,OPTSTK,TATAMOTORS,760.0,PA,0.0,0.0,0.0,57.45,42.2,0.0,0.0,0.0
2006-05-26,2006-06-29,OPTSTK,TATAMOTORS,780.0,PA,0.0,0.0,0.0,38.0,50.75,0.0,0.0,0.0
2006-05-26,2006-06-29,OPTSTK,TATAMOTORS,800.0,PA,0.0,0.0,0.0,45.95,60.25,0.0,0.0,0.0
2006-05-26,2006-06-29,OPTSTK,TATAMOTORS,820.0,PA,0.0,0.0,0.0,42.95,70.6,0.0,0.0,0.0
2006-05-26,2006-06-29,OPTSTK,TATAMOTORS,840.0,PA,0.0,0.0,0.0,37.0,81.9,0.0,0.0,0.0
2006-05-26,2006-06-29,OPTSTK,TATAMOTORS,860.0,PA,0.0,0.0,0.0,37.15,94.05,0.0,0.0,0.0
2006-05-26,2006-06-29,OPTSTK,TATAMOTORS,880.0,PA,0.0,0.0,0.0,44.9,106.95,0.0,0.0,0.0
2006-05-26,2006-06-29,OPTSTK,TATAMOTORS,900.0,PA,0.0,0.0,0.0,53.6,120.65,0.0,0.0,0.0
2006-05-26,2006-06-29,OPTSTK,TATAMOTORS,920.0,PA,0.0,0.0,0.0,63.2,135.05,0.0,0.0,0.0
2006-05-26,2006-06-29,OPTSTK,TATAMOTORS,940.0,PA,0.0,0.0,0.0,73.7,150.15,0.0,0.0,0.0
2006-05-26,2006-06-29,OPTSTK,TATAMOTORS,960.0,PA,0.0,0.0,0.0,85.05,165.8,0.0,0.0,0.0
2006-05-26,2006-06-29,OPTSTK,TATAMOTORS,980.0,PA,0.0,0.0,0.0,97.25,181.95,0.0,0.0,0.0
2006-05-26,2006-06-29,OPTSTK,TATAMOTORS,1000.0,PA,0.0,0.0,0.0,98.5,198.6,0.0,0.0,0.0
2006-05-26,2006-06-29,OPTSTK,TATAMOTORS,1020.0,PA,0.0,0.0,0.0,94.95,215.7,0.0,0.0,0.0
2006-05-26,2006-06-29,OPTSTK,TATAMOTORS,1040.0,PA,0.0,0.0,0.0,106.9,233.15,0.0,0.0,0.0
2006-05-26,2006-07-27,OPTSTK,TATAMOTORS,700.0,CA,0.0,0.0,0.0,117.15,161.3,0.0,0.0,0.0
2006-05-26,2006-07-27,OPTSTK,TATAMOTORS,720.0,CA,0.0,0.0,0.0,105.9,148.55,0.0,0.0,0.0
2006-05-26,2006-07-27,OPTSTK,TATAMOTORS,740.0,CA,0.0,0.0,0.0,95.4,136.6,0.0,0.0,0.0
2006-05-26,2006-07-27,OPTSTK,TATAMOTORS,760.0,CA,0.0,0.0,0.0,85.75,125.35,0.0,0.0,0.0
2006-05-26,2006-07-27,OPTSTK,TATAMOTORS,780.0,CA,0.0,0.0,0.0,129.85,114.85,0.0,0.0,0.0
2006-05-26,2006-07-27,OPTSTK,TATAMOTORS,800.0,CA,0.0,0.0,0.0,118.75,105.0,0.0,0.0,0.0
2006-05-26,2006-07-27,OPTSTK,TATAMOTORS,820.0,CA,0.0,0.0,0.0,129.25,95.8,0.0,0.0,0.0
2006-05-26,2006-07-27,OPTSTK,TATAMOTORS,840.0,CA,0.0,0.0,0.0,118.4,87.3,0.0,0.0,0.0
2006-05-26,2006-07-27,OPTSTK,TATAMOTORS,860.0,CA,0.0,0.0,0.0,134.1,79.4,0.0,0.0,0.0
2006-05-26,2006-07-27,OPTSTK,TATAMOTORS,880.0,CA,0.0,0.0,0.0,133.0,72.1,0.0,0.0,0.0
2006-05-26,2006-07-27,OPTSTK,TATAMOTORS,900.0,CA,0.0,0.0,0.0,122.0,65.4,0.0,0.0,0.0
2006-05-26,2006-07-27,OPTSTK,TATAMOTORS,920.0,CA,0.0,0.0,0.0,111.65,59.2,0.0,0.0,0.0
2006-05-26,2006-07-27,OPTSTK,TATAMOTORS,940.0,CA,0.0,0.0,0.0,102.0,53.55,0.0,0.0,0.0
2006-05-26,2006-07-27,OPTSTK,TATAMOTORS,960.0,CA,0.0,0.0,0.0,93.0,48.4,0.0,0.0,0.0
2006-05-26,2006-07-27,OPTSTK,TATAMOTORS,980.0,CA,0.0,0.0,0.0,84.6,43.7,0.0,0.0,0.0
2006-05-26,2006-07-27,OPTSTK,TATAMOTORS,1000.0,CA,0.0,0.0,0.0,76.85,39.4,0.0,0.0,0.0
2006-05-26,2006-07-27,OPTSTK,TATAMOTORS,1020.0,CA,0.0,0.0,0.0,71.9,35.45,0.0,0.0,0.0
2006-05-26,2006-07-27,OPTSTK,TATAMOTORS,1040.0,CA,0.0,0.0,0.0,62.85,31.9,0.0,0.0,0.0
2006-05-26,2006-07-27,OPTSTK,TATAMOTORS,700.0,PA,0.0,0.0,0.0,46.7,39.5,0.0,0.0,0.0
2006-05-26,2006-07-27,OPTSTK,TATAMOTORS,720.0,PA,0.0,0.0,0.0,55.2,46.6,0.0,0.0,0.0
2006-05-26,2006-07-27,OPTSTK,TATAMOTORS,740.0,PA,0.0,0.0,0.0,64.5,54.4,0.0,0.0,0.0
2006-05-26,2006-07-27,OPTSTK,TATAMOTORS,760.0,PA,0.0,0.0,0.0,74.6,62.9,0.0,0.0,0.0
2006-05-26,2006-07-27,OPTSTK,TATAMOTORS,780.0,PA,0.0,0.0,0.0,54.9,72.15,0.0,0.0,0.0
2006-05-26,2006-07-27,OPTSTK,TATAMOTORS,800.0,PA,0.0,0.0,0.0,63.55,82.05,0.0,0.0,0.0
2006-05-26,2006-07-27,OPTSTK,TATAMOTORS,820.0,PA,0.0,0.0,0.0,60.5,92.65,0.0,0.0,0.0
2006-05-26,2006-07-27,OPTSTK,TATAMOTORS,840.0,PA,0.0,0.0,0.0,69.4,103.9,0.0,0.0,0.0
2006-05-26,2006-07-27,OPTSTK,TATAMOTORS,860.0,PA,0.0,0.0,0.0,52.2,115.8,0.0,0.0,0.0
2006-05-26,2006-07-27,OPTSTK,TATAMOTORS,880.0,PA,0.0,0.0,0.0,59.05,128.3,0.0,0.0,0.0
2006-05-26,2006-07-27,OPTSTK,TATAMOTORS,900.0,PA,0.0,0.0,0.0,67.7,141.35,0.0,0.0,0.0
2006-05-26,2006-07-27,OPTSTK,TATAMOTORS,920.0,PA,0.0,0.0,0.0,77.0,154.95,0.0,0.0,0.0
2006-05-26,2006-07-27,OPTSTK,TATAMOTORS,940.0,PA,0.0,0.0,0.0,87.0,169.05,0.0,0.0,0.0
2006-05-26,2006-07-27,OPTSTK,TATAMOTORS,960.0,PA,0.0,0.0,0.0,97.65,183.65,0.0,0.0,0.0
2006-05-26,2006-07-27,OPTSTK,TATAMOTORS,980.0,PA,0.0,0.0,0.0,108.95,198.7,0.0,0.0,0.0
2006-05-26,2006-07-27,OPTSTK,TATAMOTORS,1000.0,PA,0.0,0.0,0.0,120.85,214.2,0.0,0.0,0.0
2006-05-26,2006-07-27,OPTSTK,TATAMOTORS,1020.0,PA,0.0,0.0,0.0,123.35,230.05,0.0,0.0,0.0
2006-05-26,2006-07-27,OPTSTK,TATAMOTORS,1040.0,PA,0.0,0.0,0.0,116.15,246.25,0.0,0.0,0.0
2006-05-26,2006-08-31,OPTSTK,TATAMOTORS,740.0,CA,0.0,0.0,0.0,159.85,160.3,0.0,0.0,0.0
2006-05-26,2006-08-31,OPTSTK,TATAMOTORS,760.0,CA,0.0,0.0,0.0,149.6,149.75,0.0,0.0,0.0
2006-05-26,2006-08-31,OPTSTK,TATAMOTORS,780.0,CA,0.0,0.0,0.0,139.9,139.8,0.0,0.0,0.0
2006-05-26,2006-08-31,OPTSTK,TATAMOTORS,800.0,CA,0.0,0.0,0.0,130.7,130.35,0.0,0.0,0.0
2006-05-26,2006-08-31,OPTSTK,TATAMOTORS,820.0,CA,0.0,0.0,0.0,122.05,121.5,0.0,0.0,0.0
2006-05-26,2006-08-31,OPTSTK,TATAMOTORS,840.0,CA,0.0,0.0,0.0,113.9,113.1,0.0,0.0,0.0
2006-05-26,2006-08-31,OPTSTK,TATAMOTORS,860.0,CA,0.0,0.0,0.0,106.2,105.25,0.0,0.0,0.0
2006-05-26,2006-08-31,OPTSTK,TATAMOTORS,880.0,CA,0.0,0.0,0.0,0.0,0.0,0.0,0.0,0.0
2006-05-26,2006-08-31,OPTSTK,TATAMOTORS,740.0,PA,0.0,0.0,0.0,78.9,73.3,0.0,0.0,0.0
2006-05-26,2006-08-31,OPTSTK,TATAMOTORS,760.0,PA,0.0,0.0,0.0,88.25,82.45,0.0,0.0,0.0
2006-05-26,2006-08-31,OPTSTK,TATAMOTORS,780.0,PA,0.0,0.0,0.0,98.2,92.1,0.0,0.0,0.0
2006-05-26,2006-08-31,OPTSTK,TATAMOTORS,800.0,PA,0.0,0.0,0.0,108.65,102.35,0.0,0.0,0.0
2006-05-26,2006-08-31,OPTSTK,TATAMOTORS,820.0,PA,0.0,0.0,0.0,119.65,113.1,0.0,0.0,0.0
2006-05-26,2006-08-31,OPTSTK,TATAMOTORS,840.0,PA,0.0,0.0,0.0,131.1,124.4,0.0,0.0,0.0
2006-05-26,2006-08-31,OPTSTK,TATAMOTORS,860.0,PA,0.0,0.0,0.0,143.05,136.15,0.0,0.0,0.0
2006-05-26,2006-08-31,OPTSTK,TATAMOTORS,880.0,PA,0.0,0.0,0.0,0.0,0.0,0.0,0.0,0.0
2006-05-26,2006-06-29,OPTSTK,TATAPOWER,440.0,CA,0.0,0.0,0.0,74.3,69.35,0.0,0.0,0.0
2006-05-26,2006-06-29,OPTSTK,TATAPOWER,460.0,CA,0.0,0.0,0.0,75.25,54.95,0.0,0.0,0.0
2006-05-26,2006-06-29,OPTSTK,TATAPOWER,470.0,CA,0.0,0.0,0.0,0.0,0.0,0.0,0.0,0.0
2006-05-26,2006-06-29,OPTSTK,TATAPOWER,480.0,CA,0.0,0.0,0.0,77.75,42.55,0.0,0.0,0.0
2006-05-26,2006-06-29,OPTSTK,TATAPOWER,490.0,CA,0.0,0.0,0.0,0.0,0.0,0.0,0.0,0.0
2006-05-26,2006-06-29,OPTSTK,TATAPOWER,500.0,CA,0.0,0.0,0.0,25.0,32.1,0.0,0.0,800.0
2006-05-26,2006-06-29,OPTSTK,TATAPOWER,510.0,CA,0.0,0.0,0.0,0.0,0.0,0.0,0.0,0.0
2006-05-26,2006-06-29,OPTSTK,TATAPOWER,520.0,CA,22.0,22.0,14.5,20.0,20.0,6.0,25.87,6400.0
2006-05-26,2006-06-29,OPTSTK,TATAPOWER,530.0,CA,0.0,0.0,0.0,0.0,0.0,0.0,0.0,0.0
2006-05-26,2006-06-29,OPTSTK,TATAPOWER,540.0,CA,8.5,8.5,8.5,8.5,8.5,1.0,4.38,800.0
2006-05-26,2006-06-29,OPTSTK,TATAPOWER,560.0,CA,0.0,0.0,0.0,52.35,12.05,0.0,0.0,0.0
2006-05-26,2006-06-29,OPTSTK,TATAPOWER,580.0,CA,0.0,0.0,0.0,41.95,8.3,0.0,0.0,0.0
2006-05-26,2006-06-29,OPTSTK,TATAPOWER,600.0,CA,0.0,0.0,0.0,33.1,5.65,0.0,0.0,0.0
2006-05-26,2006-06-29,OPTSTK,TATAPOWER,620.0,CA,0.0,0.0,0.0,25.75,3.75,0.0,0.0,0.0
2006-05-26,2006-06-29,OPTSTK,TATAPOWER,640.0,CA,0.0,0.0,0.0,19.75,2.45,0.0,0.0,0.0
2006-05-26,2006-06-29,OPTSTK,TATAPOWER,660.0,CA,0.0,0.0,0.0,15.05,1.6,0.0,0.0,0.0
2006-05-26,2006-06-29,OPTSTK,TATAPOWER,440.0,PA,0.0,0.0,0.0,8.75,8.75,0.0,0.0,0.0
2006-05-26,2006-06-29,OPTSTK,TATAPOWER,460.0,PA,0.0,0.0,0.0,4.2,14.25,0.0,0.0,0.0
2006-05-26,2006-06-29,OPTSTK,TATAPOWER,470.0,PA,0.0,0.0,0.0,0.0,0.0,0.0,0.0,0.0
2006-05-26,2006-06-29,OPTSTK,TATAPOWER,480.0,PA,0.0,0.0,0.0,4.0,21.7,0.0,0.0,0.0
2006-05-26,2006-06-29,OPTSTK,TATAPOWER,490.0,PA,0.0,0.0,0.0,0.0,0.0,0.0,0.0,0.0
2006-05-26,2006-06-29,OPTSTK,TATAPOWER,500.0,PA,0.0,0.0,0.0,7.55,31.15,0.0,0.0,0.0
2006-05-26,2006-06-29,OPTSTK,TATAPOWER,510.0,PA,0.0,0.0,0.0,0.0,0.0,0.0,0.0,0.0
2006-05-26,2006-06-29,OPTSTK,TATAPOWER,520.0,PA,0.0,0.0,0.0,13.05,42.6,0.0,0.0,0.0
2006-05-26,2006-06-29,OPTSTK,TATAPOWER,530.0,PA,0.0,0.0,0.0,0.0,0.0,0.0,0.0,0.0
2006-05-26,2006-06-29,OPTSTK,TATAPOWER,540.0,PA,0.0,0.0,0.0,19.0,55.85,0.0,0.0,0.0
2006-05-26,2006-06-29,OPTSTK,TATAPOWER,560.0,PA,0.0,0.0,0.0,26.55,70.75,0.0,0.0,0.0
2006-05-26,2006-06-29,OPTSTK,TATAPOWER,580.0,PA,0.0,0.0,0.0,35.7,86.85,0.0,0.0,0.0
2006-05-26,2006-06-29,OPTSTK,TATAPOWER,600.0,PA,0.0,0.0,0.0,46.4,104.05,0.0,0.0,0.0
2006-05-26,2006-06-29,OPTSTK,TATAPOWER,620.0,PA,0.0,0.0,0.0,58.65,122.05,0.0,0.0,0.0
2006-05-26,2006-06-29,OPTSTK,TATAPOWER,640.0,PA,0.0,0.0,0.0,72.2,140.6,0.0,0.0,0.0
2006-05-26,2006-06-29,OPTSTK,TATAPOWER,660.0,PA,0.0,0.0,0.0,71.8,159.65,0.0,0.0,0.0
2006-05-26,2006-07-27,OPTSTK,TATAPOWER,440.0,CA,0.0,0.0,0.0,84.05,79.05,0.0,0.0,0.0
2006-05-26,2006-07-27,OPTSTK,TATAPOWER,460.0,CA,0.0,0.0,0.0,81.8,65.95,0.0,0.0,0.0
2006-05-26,2006-07-27,OPTSTK,TATAPOWER,470.0,CA,0.0,0.0,0.0,0.0,0.0,0.0,0.0,0.0
2006-05-26,2006-07-27,OPTSTK,TATAPOWER,480.0,CA,0.0,0.0,0.0,83.5,54.4,0.0,0.0,0.0
2006-05-26,2006-07-27,OPTSTK,TATAPOWER,490.0,CA,0.0,0.0,0.0,0.0,0.0,0.0,0.0,0.0
2006-05-26,2006-07-27,OPTSTK,TATAPOWER,500.0,CA,0.0,0.0,0.0,73.5,44.35,0.0,0.0,0.0
2006-05-26,2006-07-27,OPTSTK,TATAPOWER,510.0,CA,0.0,0.0,0.0,0.0,0.0,0.0,0.0,0.0
2006-05-26,2006-07-27,OPTSTK,TATAPOWER,520.0,CA,0.0,0.0,0.0,60.1,35.8,0.0,0.0,0.0
2006-05-26,2006-07-27,OPTSTK,TATAPOWER,530.0,CA,0.0,0.0,0.0,0.0,0.0,0.0,0.0,0.0
2006-05-26,2006-07-27,OPTSTK,TATAPOWER,540.0,CA,0.0,0.0,0.0,48.4,28.55,0.0,0.0,0.0
2006-05-26,2006-07-27,OPTSTK,TATAPOWER,560.0,CA,0.0,0.0,0.0,38.35,22.55,0.0,0.0,0.0
2006-05-26,2006-07-27,OPTSTK,TATAPOWER,580.0,CA,0.0,0.0,0.0,29.95,17.7,0.0,0.0,0.0
2006-05-26,2006-07-27,OPTSTK,TATAPOWER,600.0,CA,0.0,0.0,0.0,23.0,13.75,0.0,0.0,0.0
2006-05-26,2006-07-27,OPTSTK,TATAPOWER,620.0,CA,0.0,0.0,0.0,17.45,10.6,0.0,0.0,0.0
2006-05-26,2006-07-27,OPTSTK,TATAPOWER,640.0,CA,0.0,0.0,0.0,18.7,8.1,0.0,0.0,0.0
2006-05-26,2006-07-27,OPTSTK,TATAPOWER,440.0,PA,0.0,0.0,0.0,16.2,16.2,0.0,0.0,0.0
2006-05-26,2006-07-27,OPTSTK,TATAPOWER,460.0,PA,0.0,0.0,0.0,8.35,22.9,0.0,0.0,0.0
2006-05-26,2006-07-27,OPTSTK,TATAPOWER,470.0,PA,0.0,0.0,0.0,0.0,0.0,0.0,0.0,0.0
2006-05-26,2006-07-27,OPTSTK,TATAPOWER,480.0,PA,0.0,0.0,0.0,9.0,31.1,0.0,0.0,0.0
2006-05-26,2006-07-27,OPTSTK,TATAPOWER,490.0,PA,0.0,0.0,0.0,0.0,0.0,0.0,0.0,0.0
2006-05-26,2006-07-27,OPTSTK,TATAPOWER,500.0,PA,0.0,0.0,0.0,13.65,40.85,0.0,0.0,0.0
2006-05-26,2006-07-27,OPTSTK,TATAPOWER,510.0,PA,0.0,0.0,0.0,0.0,0.0,0.0,0.0,0.0
2006-05-26,2006-07-27,OPTSTK,TATAPOWER,520.0,PA,0.0,0.0,0.0,19.9,52.05,0.0,0.0,0.0
2006-05-26,2006-07-27,OPTSTK,TATAPOWER,530.0,PA,0.0,0.0,0.0,0.0,0.0,0.0,0.0,0.0
2006-05-26,2006-07-27,OPTSTK,TATAPOWER,540.0,PA,0.0,0.0,0.0,27.85,64.6,0.0,0.0,0.0
2006-05-26,2006-07-27,OPTSTK,TATAPOWER,560.0,PA,0.0,0.0,0.0,37.5,78.35,0.0,0.0,0.0
2006-05-26,2006-07-27,OPTSTK,TATAPOWER,580.0,PA,0.0,0.0,0.0,48.7,93.25,0.0,0.0,0.0
2006-05-26,2006-07-27,OPTSTK,TATAPOWER,600.0,PA,0.0,0.0,0.0,61.45,109.05,0.0,0.0,0.0
2006-05-26,2006-07-27,OPTSTK,TATAPOWER,620.0,PA,0.0,0.0,0.0,75.55,125.7,0.0,0.0,0.0
2006-05-26,2006-07-27,OPTSTK,TATAPOWER,640.0,PA,0.0,0.0,0.0,72.2,143.0,0.0,0.0,0.0
2006-05-26,2006-08-31,OPTSTK,TATAPOWER,440.0,CA,0.0,0.0,0.0,94.5,89.35,0.0,0.0,0.0
2006-05-26,2006-08-31,OPTSTK,TATAPOWER,460.0,CA,0.0,0.0,0.0,82.15,77.15,0.0,0.0,0.0
2006-05-26,2006-08-31,OPTSTK,TATAPOWER,470.0,CA,0.0,0.0,0.0,0.0,0.0,0.0,0.0,0.0
2006-05-26,2006-08-31,OPTSTK,TATAPOWER,480.0,CA,0.0,0.0,0.0,71.05,66.2,0.0,0.0,0.0
2006-05-26,2006-08-31,OPTSTK,TATAPOWER,490.0,CA,0.0,0.0,0.0,0.0,0.0,0.0,0.0,0.0
2006-05-26,2006-08-31,OPTSTK,TATAPOWER,500.0,CA,0.0,0.0,0.0,61.1,56.45,0.0,0.0,0.0
2006-05-26,2006-08-31,OPTSTK,TATAPOWER,510.0,CA,0.0,0.0,0.0,0.0,0.0,0.0,0.0,0.0
2006-05-26,2006-08-31,OPTSTK,TATAPOWER,520.0,CA,0.0,0.0,0.0,52.25,47.85,0.0,0.0,0.0
2006-05-26,2006-08-31,OPTSTK,TATAPOWER,530.0,CA,0.0,0.0,0.0,0.0,0.0,0.0,0.0,0.0
2006-05-26,2006-08-31,OPTSTK,TATAPOWER,540.0,CA,0.0,0.0,0.0,44.45,40.35,0.0,0.0,0.0
2006-05-26,2006-08-31,OPTSTK,TATAPOWER,560.0,CA,0.0,0.0,0.0,37.65,33.85,0.0,0.0,0.0
2006-05-26,2006-08-31,OPTSTK,TATAPOWER,440.0,PA,0.0,0.0,0.0,23.85,23.7,0.0,0.0,0.0
2006-05-26,2006-08-31,OPTSTK,TATAPOWER,460.0,PA,0.0,0.0,0.0,31.15,31.15,0.0,0.0,0.0
2006-05-26,2006-08-31,OPTSTK,TATAPOWER,470.0,PA,0.0,0.0,0.0,0.0,0.0,0.0,0.0,0.0
2006-05-26,2006-08-31,OPTSTK,TATAPOWER,480.0,PA,0.0,0.0,0.0,39.65,39.85,0.0,0.0,0.0
2006-05-26,2006-08-31,OPTSTK,TATAPOWER,490.0,PA,0.0,0.0,0.0,0.0,0.0,0.0,0.0,0.0
2006-05-26,2006-08-31,OPTSTK,TATAPOWER,500.0,PA,0.0,0.0,0.0,49.35,49.7,0.0,0.0,0.0
2006-05-26,2006-08-31,OPTSTK,TATAPOWER,510.0,PA,0.0,0.0,0.0,0.0,0.0,0.0,0.0,0.0
2006-05-26,2006-08-31,OPTSTK,TATAPOWER,520.0,PA,0.0,0.0,0.0,60.1,60.75,0.0,0.0,0.0
2006-05-26,2006-08-31,OPTSTK,TATAPOWER,530.0,PA,0.0,0.0,0.0,0.0,0.0,0.0,0.0,0.0
2006-05-26,2006-08-31,OPTSTK,TATAPOWER,540.0,PA,0.0,0.0,0.0,72.0,72.9,0.0,0.0,0.0
2006-05-26,2006-08-31,OPTSTK,TATAPOWER,560.0,PA,0.0,0.0,0.0,84.8,86.05,0.0,0.0,0.0
2006-05-26,2006-06-29,OPTSTK,TATASTEEL,440.0,CA,0.0,0.0,0.0,97.55,124.8,0.0,0.0,0.0
2006-05-26,2006-06-29,OPTSTK,TATASTEEL,450.0,CA,0.0,0.0,0.0,66.95,118.05,0.0,0.0,0.0
2006-05-26,2006-06-29,OPTSTK,TATASTEEL,460.0,CA,100.0,101.0,100.0,101.0,101.0,2.0,7.56,1350.0
2006-05-26,2006-06-29,OPTSTK,TATASTEEL,470.0,CA,0.0,0.0,0.0,57.35,105.25,0.0,0.0,0.0
2006-05-26,2006-06-29,OPTSTK,TATASTEEL,480.0,CA,60.0,60.0,60.0,60.0,60.0,1.0,3.64,10125.0
2006-05-26,2006-06-29,OPTSTK,TATASTEEL,490.0,CA,0.0,0.0,0.0,48.9,93.5,0.0,0.0,0.0
2006-05-26,2006-06-29,OPTSTK,TATASTEEL,500.0,CA,40.0,72.0,39.5,57.2,57.2,222.0,835.62,93150.0
2006-05-26,2006-06-29,OPTSTK,TATASTEEL,510.0,CA,0.0,0.0,0.0,50.75,82.75,0.0,0.0,0.0
2006-05-26,2006-06-29,OPTSTK,TATASTEEL,520.0,CA,33.0,58.5,33.0,47.75,47.75,157.0,599.74,51300.0
2006-05-26,2006-06-29,OPTSTK,TATASTEEL,540.0,CA,27.5,45.0,24.8,33.95,33.95,517.0,2014.58,161325.0
2006-05-26,2006-06-29,OPTSTK,TATASTEEL,560.0,CA,19.7,36.0,18.4,26.05,26.05,258.0,1025.08,83025.0
2006-05-26,2006-06-29,OPTSTK,TATASTEEL,580.0,CA,14.5,25.0,14.5,18.6,18.6,82.0,332.43,26325.0
2006-05-26,2006-06-29,OPTSTK,TATASTEEL,600.0,CA,10.0,16.5,10.0,12.45,12.45,307.0,1271.09,365175.0
2006-05-26,2006-06-29,OPTSTK,TATASTEEL,620.0,CA,7.05,10.1,7.05,10.1,10.1,9.0,38.22,7425.0
2006-05-26,2006-06-29,OPTSTK,TATASTEEL,640.0,CA,6.0,8.0,6.0,6.95,6.95,19.0,82.94,34425.0
2006-05-26,2006-06-29,OPTSTK,TATASTEEL,660.0,CA,6.5,6.75,4.35,4.35,4.35,7.0,31.45,22275.0
2006-05-26,2006-06-29,OPTSTK,TATASTEEL,680.0,CA,0.0,0.0,0.0,25.0,26.2,0.0,0.0,1350.0
2006-05-26,2006-06-29,OPTSTK,TATASTEEL,700.0,CA,0.0,0.0,0.0,3.0,22.7,0.0,0.0,2025.0
2006-05-26,2006-06-29,OPTSTK,TATASTEEL,720.0,CA,0.0,0.0,0.0,41.6,19.55,0.0,0.0,0.0
2006-05-26,2006-06-29,OPTSTK,TATASTEEL,740.0,CA,0.0,0.0,0.0,38.5,16.85,0.0,0.0,0.0
2006-05-26,2006-06-29,OPTSTK,TATASTEEL,440.0,PA,5.55,5.55,5.55,5.55,5.55,1.0,3.0,675.0
2006-05-26,2006-06-29,OPTSTK,TATASTEEL,450.0,PA,0.0,0.0,0.0,42.85,26.25,0.0,0.0,0.0
2006-05-26,2006-06-29,OPTSTK,TATASTEEL,460.0,PA,0.0,0.0,0.0,13.7,29.7,0.0,0.0,0.0
2006-05-26,2006-06-29,OPTSTK,TATASTEEL,470.0,PA,0.0,0.0,0.0,53.1,33.35,0.0,0.0,0.0
2006-05-26,2006-06-29,OPTSTK,TATASTEEL,480.0,PA,13.0,13.6,10.95,12.85,12.85,15.0,49.84,11475.0
2006-05-26,2006-06-29,OPTSTK,TATASTEEL,490.0,PA,0.0,0.0,0.0,64.55,41.45,0.0,0.0,0.0
2006-05-26,2006-06-29,OPTSTK,TATASTEEL,500.0,PA,25.0,25.0,12.1,17.75,17.75,110.0,383.57,54675.0
2006-05-26,2006-06-29,OPTSTK,TATASTEEL,510.0,PA,0.0,0.0,0.0,73.35,50.6,0.0,0.0,0.0
2006-05-26,2006-06-29,OPTSTK,TATASTEEL,520.0,PA,25.15,28.0,19.0,24.85,24.85,46.0,168.83,17550.0
2006-05-26,2006-06-29,OPTSTK,TATASTEEL,540.0,PA,33.0,40.0,25.0,35.3,35.3,166.0,639.97,50625.0
2006-05-26,2006-06-29,OPTSTK,TATASTEEL,560.0,PA,43.0,43.0,43.0,43.0,43.0,1.0,4.07,675.0
2006-05-26,2006-06-29,OPTSTK,TATASTEEL,580.0,PA,50.0,50.0,50.0,50.0,50.0,1.0,4.25,675.0
2006-05-26,2006-06-29,OPTSTK,TATASTEEL,600.0,PA,0.0,0.0,0.0,58.0,103.25,0.0,0.0,675.0
2006-05-26,2006-06-29,OPTSTK,TATASTEEL,620.0,PA,0.0,0.0,0.0,40.0,117.2,0.0,0.0,1350.0
2006-05-26,2006-06-29,OPTSTK,TATASTEEL,640.0,PA,0.0,0.0,0.0,83.2,131.9,0.0,0.0,0.0
2006-05-26,2006-06-29,OPTSTK,TATASTEEL,660.0,PA,0.0,0.0,0.0,90.5,147.15,0.0,0.0,0.0
2006-05-26,2006-06-29,OPTSTK,TATASTEEL,680.0,PA,0.0,0.0,0.0,79.8,163.0,0.0,0.0,0.0
2006-05-26,2006-06-29,OPTSTK,TATASTEEL,700.0,PA,0.0,0.0,0.0,92.35,179.35,0.0,0.0,0.0
2006-05-26,2006-06-29,OPTSTK,TATASTEEL,720.0,PA,0.0,0.0,0.0,97.75,196.1,0.0,0.0,0.0
2006-05-26,2006-06-29,OPTSTK,TATASTEEL,740.0,PA,0.0,0.0,0.0,99.45,213.25,0.0,0.0,0.0
2006-05-26,2006-07-27,OPTSTK,TATASTEEL,440.0,CA,0.0,0.0,0.0,114.35,144.05,0.0,0.0,0.0
2006-05-26,2006-07-27,OPTSTK,TATASTEEL,450.0,CA,0.0,0.0,0.0,84.85,138.05,0.0,0.0,0.0
2006-05-26,2006-07-27,OPTSTK,TATASTEEL,460.0,CA,0.0,0.0,0.0,103.55,132.25,0.0,0.0,0.0
2006-05-26,2006-07-27,OPTSTK,TATASTEEL,470.0,CA,0.0,0.0,0.0,75.8,126.7,0.0,0.0,0.0
2006-05-26,2006-07-27,OPTSTK,TATASTEEL,480.0,CA,0.0,0.0,0.0,117.65,121.3,0.0,0.0,0.0
2006-05-26,2006-07-27,OPTSTK,TATASTEEL,490.0,CA,0.0,0.0,0.0,67.55,116.1,0.0,0.0,0.0
2006-05-26,2006-07-27,OPTSTK,TATASTEEL,500.0,CA,0.0,0.0,0.0,106.85,111.1,0.0,0.0,0.0
2006-05-26,2006-07-27,OPTSTK,TATASTEEL,510.0,CA,0.0,0.0,0.0,71.8,106.3,0.0,0.0,0.0
2006-05-26,2006-07-27,OPTSTK,TATASTEEL,520.0,CA,0.0,0.0,0.0,96.35,101.65,0.0,0.0,0.0
2006-05-26,2006-07-27,OPTSTK,TATASTEEL,540.0,CA,0.0,0.0,0.0,83.55,92.95,0.0,0.0,0.0
2006-05-26,2006-07-27,OPTSTK,TATASTEEL,560.0,CA,10.0,10.0,10.0,10.0,10.0,1.0,3.84,675.0
2006-05-26,2006-07-27,OPTSTK,TATASTEEL,580.0,CA,0.0,0.0,0.0,110.45,77.45,0.0,0.0,0.0
2006-05-26,2006-07-27,OPTSTK,TATASTEEL,600.0,CA,0.0,0.0,0.0,99.3,70.6,0.0,0.0,0.0
2006-05-26,2006-07-27,OPTSTK,TATASTEEL,620.0,CA,0.0,0.0,0.0,89.0,64.35,0.0,0.0,0.0
2006-05-26,2006-07-27,OPTSTK,TATASTEEL,640.0,CA,0.0,0.0,0.0,79.55,58.6,0.0,0.0,0.0
2006-05-26,2006-07-27,OPTSTK,TATASTEEL,660.0,CA,0.0,0.0,0.0,70.95,53.35,0.0,0.0,0.0
2006-05-26,2006-07-27,OPTSTK,TATASTEEL,680.0,CA,0.0,0.0,0.0,63.1,48.6,0.0,0.0,0.0
2006-05-26,2006-07-27,OPTSTK,TATASTEEL,700.0,CA,0.0,0.0,0.0,56.0,44.2,0.0,0.0,0.0
2006-05-26,2006-07-27,OPTSTK,TATASTEEL,720.0,CA,0.0,0.0,0.0,59.85,40.25,0.0,0.0,0.0
2006-05-26,2006-07-27,OPTSTK,TATASTEEL,740.0,CA,0.0,0.0,0.0,52.95,36.6,0.0,0.0,0.0
2006-05-26,2006-07-27,OPTSTK,TATASTEEL,440.0,PA,0.0,0.0,0.0,44.3,40.05,0.0,0.0,0.0
2006-05-26,2006-07-27,OPTSTK,TATASTEEL,450.0,PA,0.0,0.0,0.0,58.4,43.95,0.0,0.0,0.0
2006-05-26,2006-07-27,OPTSTK,TATASTEEL,460.0,PA,0.0,0.0,0.0,53.25,48.05,0.0,0.0,0.0
2006-05-26,2006-07-27,OPTSTK,TATASTEEL,470.0,PA,0.0,0.0,0.0,69.1,52.35,0.0,0.0,0.0
2006-05-26,2006-07-27,OPTSTK,TATASTEEL,480.0,PA,0.0,0.0,0.0,46.35,56.85,0.0,0.0,0.0
2006-05-26,2006-07-27,OPTSTK,TATASTEEL,490.0,PA,0.0,0.0,0.0,80.6,61.55,0.0,0.0,0.0
2006-05-26,2006-07-27,OPTSTK,TATASTEEL,500.0,PA,0.0,0.0,0.0,55.25,66.45,0.0,0.0,0.0
2006-05-26,2006-07-27,OPTSTK,TATASTEEL,510.0,PA,0.0,0.0,0.0,91.65,71.5,0.0,0.0,0.0
2006-05-26,2006-07-27,OPTSTK,TATASTEEL,520.0,PA,0.0,0.0,0.0,22.5,76.75,0.0,0.0,0.0
2006-05-26,2006-07-27,OPTSTK,TATASTEEL,540.0,PA,0.0,0.0,0.0,29.45,87.8,0.0,0.0,0.0
2006-05-26,2006-07-27,OPTSTK,TATASTEEL,560.0,PA,0.0,0.0,0.0,37.6,99.5,0.0,0.0,0.0
2006-05-26,2006-07-27,OPTSTK,TATASTEEL,580.0,PA,0.0,0.0,0.0,42.65,111.85,0.0,0.0,0.0
2006-05-26,2006-07-27,OPTSTK,TATASTEEL,600.0,PA,0.0,0.0,0.0,51.15,124.8,0.0,0.0,0.0
2006-05-26,2006-07-27,OPTSTK,TATASTEEL,620.0,PA,0.0,0.0,0.0,60.5,138.3,0.0,0.0,0.0
2006-05-26,2006-07-27,OPTSTK,TATASTEEL,640.0,PA,0.0,0.0,0.0,70.7,152.35,0.0,0.0,0.0
2006-05-26,2006-07-27,OPTSTK,TATASTEEL,660.0,PA,0.0,0.0,0.0,81.75,166.85,0.0,0.0,0.0
2006-05-26,2006-07-27,OPTSTK,TATASTEEL,680.0,PA,0.0,0.0,0.0,93.55,181.85,0.0,0.0,0.0
2006-05-26,2006-07-27,OPTSTK,TATASTEEL,700.0,PA,0.0,0.0,0.0,106.1,197.25,0.0,0.0,0.0
2006-05-26,2006-07-27,OPTSTK,TATASTEEL,720.0,PA,0.0,0.0,0.0,97.25,213.05,0.0,0.0,0.0
2006-05-26,2006-07-27,OPTSTK,TATASTEEL,740.0,PA,0.0,0.0,0.0,110.0,229.15,0.0,0.0,0.0
2006-05-26,2006-08-31,OPTSTK,TATASTEEL,460.0,CA,0.0,0.0,0.0,135.15,153.0,0.0,0.0,0.0
2006-05-26,2006-08-31,OPTSTK,TATASTEEL,480.0,CA,0.0,0.0,0.0,125.7,143.0,0.0,0.0,0.0
2006-05-26,2006-08-31,OPTSTK,TATASTEEL,500.0,CA,0.0,0.0,0.0,116.9,133.6,0.0,0.0,0.0
2006-05-26,2006-08-31,OPTSTK,TATASTEEL,520.0,CA,0.0,0.0,0.0,108.65,124.75,0.0,0.0,0.0
2006-05-26,2006-08-31,OPTSTK,TATASTEEL,540.0,CA,0.0,0.0,0.0,101.0,116.5,0.0,0.0,0.0
2006-05-26,2006-08-31,OPTSTK,TATASTEEL,560.0,CA,0.0,0.0,0.0,93.85,108.8,0.0,0.0,0.0
2006-05-26,2006-08-31,OPTSTK,TATASTEEL,580.0,CA,0.0,0.0,0.0,87.25,101.55,0.0,0.0,0.0
2006-05-26,2006-08-31,OPTSTK,TATASTEEL,600.0,CA,0.0,0.0,0.0,0.0,0.0,0.0,0.0,0.0
2006-05-26,2006-08-31,OPTSTK,TATASTEEL,460.0,PA,0.0,0.0,0.0,70.95,65.85,0.0,0.0,0.0
2006-05-26,2006-08-31,OPTSTK,TATASTEEL,480.0,PA,0.0,0.0,0.0,81.15,75.45,0.0,0.0,0.0
2006-05-26,2006-08-31,OPTSTK,TATASTEEL,500.0,PA,0.0,0.0,0.0,91.95,85.7,0.0,0.0,0.0
2006-05-26,2006-08-31,OPTSTK,TATASTEEL,520.0,PA,0.0,0.0,0.0,103.35,96.55,0.0,0.0,0.0
2006-05-26,2006-08-31,OPTSTK,TATASTEEL,540.0,PA,0.0,0.0,0.0,115.35,107.9,0.0,0.0,0.0
2006-05-26,2006-08-31,OPTSTK,TATASTEEL,560.0,PA,0.0,0.0,0.0,127.85,119.85,0.0,0.0,0.0
2006-05-26,2006-08-31,OPTSTK,TATASTEEL,580.0,PA,0.0,0.0,0.0,140.8,132.25,0.0,0.0,0.0
2006-05-26,2006-08-31,OPTSTK,TATASTEEL,600.0,PA,0.0,0.0,0.0,0.0,0.0,0.0,0.0,0.0
2006-05-26,2006-06-29,OPTSTK,TATATEA,580.0,CA,0.0,0.0,0.0,92.5,180.15,0.0,0.0,0.0
2006-05-26,2006-06-29,OPTSTK,TATATEA,600.0,CA,0.0,0.0,0.0,79.55,163.45,0.0,0.0,0.0
2006-05-26,2006-06-29,OPTSTK,TATATEA,620.0,CA,0.0,0.0,0.0,67.85,147.55,0.0,0.0,0.0
2006-05-26,2006-06-29,OPTSTK,TATATEA,640.0,CA,0.0,0.0,0.0,95.75,132.5,0.0,0.0,0.0
2006-05-26,2006-06-29,OPTSTK,TATATEA,660.0,CA,0.0,0.0,0.0,83.5,118.35,0.0,0.0,0.0
2006-05-26,2006-06-29,OPTSTK,TATATEA,680.0,CA,0.0,0.0,0.0,72.35,105.15,0.0,0.0,0.0
2006-05-26,2006-06-29,OPTSTK,TATATEA,700.0,CA,0.0,0.0,0.0,62.3,93.0,0.0,0.0,0.0
2006-05-26,2006-06-29,OPTSTK,TATATEA,720.0,CA,0.0,0.0,0.0,80.15,81.85,0.0,0.0,0.0
2006-05-26,2006-06-29,OPTSTK,TATATEA,740.0,CA,0.0,0.0,0.0,40.0,71.65,0.0,0.0,550.0
2006-05-26,2006-06-29,OPTSTK,TATATEA,760.0,CA,28.4,28.4,28.4,28.4,28.4,1.0,4.33,1100.0
2006-05-26,2006-06-29,OPTSTK,TATATEA,780.0,CA,0.0,0.0,0.0,91.05,54.2,0.0,0.0,0.0
2006-05-26,2006-06-29,OPTSTK,TATATEA,800.0,CA,10.0,10.0,10.0,10.0,10.0,1.0,4.45,550.0
2006-05-26,2006-06-29,OPTSTK,TATATEA,820.0,CA,0.0,0.0,0.0,78.15,40.25,0.0,0.0,0.0
2006-05-26,2006-06-29,OPTSTK,TATATEA,840.0,CA,0.0,0.0,0.0,65.8,34.5,0.0,0.0,0.0
2006-05-26,2006-06-29,OPTSTK,TATATEA,860.0,CA,0.0,0.0,0.0,54.8,29.5,0.0,0.0,0.0
2006-05-26,2006-06-29,OPTSTK,TATATEA,880.0,CA,0.0,0.0,0.0,45.1,25.1,0.0,0.0,0.0
2006-05-26,2006-06-29,OPTSTK,TATATEA,900.0,CA,0.0,0.0,0.0,36.7,21.25,0.0,0.0,0.0
2006-05-26,2006-06-29,OPTSTK,TATATEA,920.0,CA,0.0,0.0,0.0,29.55,17.95,0.0,0.0,0.0
2006-05-26,2006-06-29,OPTSTK,TATATEA,940.0,CA,0.0,0.0,0.0,24.55,15.1,0.0,0.0,0.0
2006-05-26,2006-06-29,OPTSTK,TATATEA,960.0,CA,0.0,0.0,0.0,39.85,12.7,0.0,0.0,0.0
2006-05-26,2006-06-29,OPTSTK,TATATEA,580.0,PA,0.0,0.0,0.0,21.7,8.4,0.0,0.0,0.0
2006-05-26,2006-06-29,OPTSTK,TATATEA,600.0,PA,0.0,0.0,0.0,28.65,11.6,0.0,0.0,0.0
2006-05-26,2006-06-29,OPTSTK,TATATEA,620.0,PA,0.0,0.0,0.0,36.8,15.55,0.0,0.0,0.0
2006-05-26,2006-06-29,OPTSTK,TATATEA,640.0,PA,0.0,0.0,0.0,28.65,20.4,0.0,0.0,0.0
2006-05-26,2006-06-29,OPTSTK,TATATEA,660.0,PA,0.0,0.0,0.0,36.25,26.1,0.0,0.0,0.0
2006-05-26,2006-06-29,OPTSTK,TATATEA,680.0,PA,0.0,0.0,0.0,44.95,32.8,0.0,0.0,0.0
2006-05-26,2006-06-29,OPTSTK,TATATEA,700.0,PA,0.0,0.0,0.0,54.75,40.5,0.0,0.0,0.0
2006-05-26,2006-06-29,OPTSTK,TATATEA,720.0,PA,0.0,0.0,0.0,23.45,49.2,0.0,0.0,0.0
2006-05-26,2006-06-29,OPTSTK,TATATEA,740.0,PA,0.0,0.0,0.0,30.9,58.9,0.0,0.0,0.0
2006-05-26,2006-06-29,OPTSTK,TATATEA,760.0,PA,0.0,0.0,0.0,14.4,69.55,0.0,0.0,0.0
2006-05-26,2006-06-29,OPTSTK,TATATEA,780.0,PA,0.0,0.0,0.0,21.35,81.15,0.0,0.0,0.0
2006-05-26,2006-06-29,OPTSTK,TATATEA,800.0,PA,0.0,0.0,0.0,16.8,93.65,0.0,0.0,0.0
2006-05-26,2006-06-29,OPTSTK,TATATEA,820.0,PA,0.0,0.0,0.0,22.7,107.0,0.0,0.0,0.0
2006-05-26,2006-06-29,OPTSTK,TATATEA,840.0,PA,0.0,0.0,0.0,29.95,121.1,0.0,0.0,0.0
2006-05-26,2006-06-29,OPTSTK,TATATEA,860.0,PA,0.0,0.0,0.0,38.5,135.95,0.0,0.0,0.0
2006-05-26,2006-06-29,OPTSTK,TATATEA,880.0,PA,0.0,0.0,0.0,48.35,151.45,0.0,0.0,0.0
2006-05-26,2006-06-29,OPTSTK,TATATEA,900.0,PA,0.0,0.0,0.0,59.55,167.5,0.0,0.0,0.0
2006-05-26,2006-06-29,OPTSTK,TATATEA,920.0,PA,0.0,0.0,0.0,71.95,184.05,0.0,0.0,0.0
2006-05-26,2006-06-29,OPTSTK,TATATEA,940.0,PA,0.0,0.0,0.0,75.5,201.1,0.0,0.0,0.0
2006-05-26,2006-06-29,OPTSTK,TATATEA,960.0,PA,0.0,0.0,0.0,77.4,218.55,0.0,0.0,0.0
2006-05-26,2006-07-27,OPTSTK,TATATEA,580.0,CA,0.0,0.0,0.0,108.1,194.45,0.0,0.0,0.0
2006-05-26,2006-07-27,OPTSTK,TATATEA,600.0,CA,0.0,0.0,0.0,96.2,179.55,0.0,0.0,0.0
2006-05-26,2006-07-27,OPTSTK,TATATEA,620.0,CA,0.0,0.0,0.0,85.3,165.35,0.0,0.0,0.0
2006-05-26,2006-07-27,OPTSTK,TATATEA,640.0,CA,0.0,0.0,0.0,112.85,151.9,0.0,0.0,0.0
2006-05-26,2006-07-27,OPTSTK,TATATEA,660.0,CA,0.0,0.0,0.0,101.45,139.2,0.0,0.0,0.0
2006-05-26,2006-07-27,OPTSTK,TATATEA,680.0,CA,0.0,0.0,0.0,90.95,127.25,0.0,0.0,0.0
2006-05-26,2006-07-27,OPTSTK,TATATEA,700.0,CA,0.0,0.0,0.0,81.25,116.1,0.0,0.0,0.0
2006-05-26,2006-07-27,OPTSTK,TATATEA,720.0,CA,0.0,0.0,0.0,94.75,105.7,0.0,0.0,0.0
2006-05-26,2006-07-27,OPTSTK,TATATEA,740.0,CA,0.0,0.0,0.0,83.05,96.05,0.0,0.0,0.0
2006-05-26,2006-07-27,OPTSTK,TATATEA,760.0,CA,0.0,0.0,0.0,97.85,87.1,0.0,0.0,0.0
2006-05-26,2006-07-27,OPTSTK,TATATEA,780.0,CA,0.0,0.0,0.0,84.75,78.8,0.0,0.0,0.0
2006-05-26,2006-07-27,OPTSTK,TATATEA,800.0,CA,0.0,0.0,0.0,72.9,71.2,0.0,0.0,0.0
2006-05-26,2006-07-27,OPTSTK,TATATEA,820.0,CA,0.0,0.0,0.0,62.2,64.2,0.0,0.0,0.0
2006-05-26,2006-07-27,OPTSTK,TATATEA,840.0,CA,0.0,0.0,0.0,52.6,57.85,0.0,0.0,0.0
2006-05-26,2006-07-27,OPTSTK,TATATEA,860.0,CA,0.0,0.0,0.0,44.2,52.0,0.0,0.0,0.0
2006-05-26,2006-07-27,OPTSTK,TATATEA,880.0,CA,0.0,0.0,0.0,36.8,46.7,0.0,0.0,0.0
2006-05-26,2006-07-27,OPTSTK,TATATEA,900.0,CA,0.0,0.0,0.0,33.55,41.9,0.0,0.0,0.0
2006-05-26,2006-07-27,OPTSTK,TATATEA,920.0,CA,0.0,0.0,0.0,42.3,37.55,0.0,0.0,0.0
2006-05-26,2006-07-27,OPTSTK,TATATEA,580.0,PA,0.0,0.0,0.0,34.3,19.7,0.0,0.0,0.0
2006-05-26,2006-07-27,OPTSTK,TATATEA,600.0,PA,0.0,0.0,0.0,42.15,24.6,0.0,0.0,0.0
2006-05-26,2006-07-27,OPTSTK,TATATEA,620.0,PA,0.0,0.0,0.0,51.0,30.15,0.0,0.0,0.0
2006-05-26,2006-07-27,OPTSTK,TATATEA,640.0,PA,0.0,0.0,0.0,42.4,36.45,0.0,0.0,0.0
2006-05-26,2006-07-27,OPTSTK,TATATEA,660.0,PA,0.0,0.0,0.0,50.75,43.5,0.0,0.0,0.0
2006-05-26,2006-07-27,OPTSTK,TATATEA,680.0,PA,0.0,0.0,0.0,59.95,51.35,0.0,0.0,0.0
2006-05-26,2006-07-27,OPTSTK,TATATEA,700.0,PA,0.0,0.0,0.0,70.0,60.0,0.0,0.0,0.0
2006-05-26,2006-07-27,OPTSTK,TATATEA,720.0,PA,0.0,0.0,0.0,34.3,69.35,0.0,0.0,0.0
2006-05-26,2006-07-27,OPTSTK,TATATEA,740.0,PA,0.0,0.0,0.0,42.35,79.45,0.0,0.0,0.0
2006-05-26,2006-07-27,OPTSTK,TATATEA,760.0,PA,0.0,0.0,0.0,22.55,90.25,0.0,0.0,0.0
2006-05-26,2006-07-27,OPTSTK,TATATEA,780.0,PA,0.0,0.0,0.0,29.15,101.8,0.0,0.0,0.0
2006-05-26,2006-07-27,OPTSTK,TATATEA,800.0,PA,0.0,0.0,0.0,36.9,113.95,0.0,0.0,0.0
2006-05-26,2006-07-27,OPTSTK,TATATEA,820.0,PA,0.0,0.0,0.0,45.85,126.75,0.0,0.0,0.0
2006-05-26,2006-07-27,OPTSTK,TATATEA,840.0,PA,0.0,0.0,0.0,55.95,140.1,0.0,0.0,0.0
2006-05-26,2006-07-27,OPTSTK,TATATEA,860.0,PA,0.0,0.0,0.0,67.15,154.05,0.0,0.0,0.0
2006-05-26,2006-07-27,OPTSTK,TATATEA,880.0,PA,0.0,0.0,0.0,79.45,168.5,0.0,0.0,0.0
2006-05-26,2006-07-27,OPTSTK,TATATEA,900.0,PA,0.0,0.0,0.0,85.05,183.5,0.0,0.0,0.0
2006-05-26,2006-07-27,OPTSTK,TATATEA,920.0,PA,0.0,0.0,0.0,81.5,198.9,0.0,0.0,0.0
2006-05-26,2006-08-31,OPTSTK,TATATEA,660.0,CA,0.0,0.0,0.0,137.05,160.45,0.0,0.0,0.0
2006-05-26,2006-08-31,OPTSTK,TATATEA,680.0,CA,0.0,0.0,0.0,126.9,149.4,0.0,0.0,0.0
2006-05-26,2006-08-31,OPTSTK,TATATEA,700.0,CA,0.0,0.0,0.0,117.35,138.95,0.0,0.0,0.0
2006-05-26,2006-08-31,OPTSTK,TATATEA,720.0,CA,0.0,0.0,0.0,108.45,129.1,0.0,0.0,0.0
2006-05-26,2006-08-31,OPTSTK,TATATEA,740.0,CA,0.0,0.0,0.0,100.1,119.85,0.0,0.0,0.0
2006-05-26,2006-08-31,OPTSTK,TATATEA,760.0,CA,0.0,0.0,0.0,92.3,111.15,0.0,0.0,0.0
2006-05-26,2006-08-31,OPTSTK,TATATEA,780.0,CA,0.0,0.0,0.0,85.05,103.0,0.0,0.0,0.0
2006-05-26,2006-08-31,OPTSTK,TATATEA,800.0,CA,0.0,0.0,0.0,0.0,0.0,0.0,0.0,0.0
2006-05-26,2006-08-31,OPTSTK,TATATEA,660.0,PA,0.0,0.0,0.0,69.7,60.55,0.0,0.0,0.0
2006-05-26,2006-08-31,OPTSTK,TATATEA,680.0,PA,0.0,0.0,0.0,79.15,69.15,0.0,0.0,0.0
2006-05-26,2006-08-31,OPTSTK,TATATEA,700.0,PA,0.0,0.0,0.0,89.25,78.35,0.0,0.0,0.0
2006-05-26,2006-08-31,OPTSTK,TATATEA,720.0,PA,0.0,0.0,0.0,100.0,88.15,0.0,0.0,0.0
2006-05-26,2006-08-31,OPTSTK,TATATEA,740.0,PA,0.0,0.0,0.0,111.25,98.55,0.0,0.0,0.0
2006-05-26,2006-08-31,OPTSTK,TATATEA,760.0,PA,0.0,0.0,0.0,123.1,109.5,0.0,0.0,0.0
2006-05-26,2006-08-31,OPTSTK,TATATEA,780.0,PA,0.0,0.0,0.0,135.5,120.95,0.0,0.0,0.0
2006-05-26,2006-08-31,OPTSTK,TATATEA,800.0,PA,0.0,0.0,0.0,0.0,0.0,0.0,0.0,0.0
2006-05-26,2006-06-29,OPTSTK,TCS,1680.0,CA,0.0,0.0,0.0,173.7,232.55,0.0,0.0,0.0
2006-05-26,2006-06-29,OPTSTK,TCS,1710.0,CA,0.0,0.0,0.0,150.0,210.9,0.0,0.0,500.0
2006-05-26,2006-06-29,OPTSTK,TCS,1740.0,CA,0.0,0.0,0.0,136.55,190.35,0.0,0.0,0.0
2006-05-26,2006-06-29,OPTSTK,TCS,1770.0,CA,0.0,0.0,0.0,120.1,171.1,0.0,0.0,0.0
2006-05-26,2006-06-29,OPTSTK,TCS,1800.0,CA,0.0,0.0,0.0,75.0,153.1,0.0,0.0,250.0
2006-05-26,2006-06-29,OPTSTK,TCS,1830.0,CA,0.0,0.0,0.0,189.85,136.4,0.0,0.0,0.0
2006-05-26,2006-06-29,OPTSTK,TCS,1860.0,CA,0.0,0.0,0.0,171.9,121.0,0.0,0.0,0.0
2006-05-26,2006-06-29,OPTSTK,TCS,1890.0,CA,75.0,75.0,60.0,60.0,60.0,4.0,19.58,1000.0
2006-05-26,2006-06-29,OPTSTK,TCS,1920.0,CA,0.0,0.0,0.0,166.7,93.95,0.0,0.0,0.0
2006-05-26,2006-06-29,OPTSTK,TCS,1950.0,CA,41.0,41.0,40.0,40.0,40.0,2.0,9.95,500.0
2006-05-26,2006-06-29,OPTSTK,TCS,1980.0,CA,0.0,0.0,0.0,134.4,71.7,0.0,0.0,0.0
2006-05-26,2006-06-29,OPTSTK,TCS,2010.0,CA,40.0,40.0,26.4,36.0,36.0,10.0,51.09,3500.0
2006-05-26,2006-06-29,OPTSTK,TCS,2040.0,CA,0.0,0.0,0.0,50.0,53.8,0.0,0.0,250.0
2006-05-26,2006-06-29,OPTSTK,TCS,2070.0,CA,0.0,0.0,0.0,15.0,46.4,0.0,0.0,750.0
2006-05-26,2006-06-29,OPTSTK,TCS,2100.0,CA,0.0,0.0,0.0,75.0,39.8,0.0,0.0,250.0
2006-05-26,2006-06-29,OPTSTK,TCS,2130.0,CA,0.0,0.0,0.0,35.0,34.0,0.0,0.0,250.0
2006-05-26,2006-06-29,OPTSTK,TCS,1680.0,PA,0.0,0.0,0.0,46.1,35.65,0.0,0.0,0.0
2006-05-26,2006-06-29,OPTSTK,TCS,1710.0,PA,20.0,20.0,20.0,20.0,20.0,1.0,4.32,250.0
2006-05-26,2006-06-29,OPTSTK,TCS,1740.0,PA,0.0,0.0,0.0,68.0,53.05,0.0,0.0,0.0
2006-05-26,2006-06-29,OPTSTK,TCS,1770.0,PA,0.0,0.0,0.0,81.0,63.6,0.0,0.0,0.0
2006-05-26,2006-06-29,OPTSTK,TCS,1800.0,PA,0.0,0.0,0.0,59.75,75.45,0.0,0.0,0.0
2006-05-26,2006-06-29,OPTSTK,TCS,1830.0,PA,0.0,0.0,0.0,66.5,88.55,0.0,0.0,0.0
2006-05-26,2006-06-29,OPTSTK,TCS,1860.0,PA,0.0,0.0,0.0,77.9,102.95,0.0,0.0,0.0
2006-05-26,2006-06-29,OPTSTK,TCS,1890.0,PA,0.0,0.0,0.0,66.25,118.6,0.0,0.0,0.0
2006-05-26,2006-06-29,OPTSTK,TCS,1920.0,PA,0.0,0.0,0.0,77.7,135.5,0.0,0.0,0.0
2006-05-26,2006-06-29,OPTSTK,TCS,1950.0,PA,0.0,0.0,0.0,90.35,153.65,0.0,0.0,0.0
2006-05-26,2006-06-29,OPTSTK,TCS,1980.0,PA,0.0,0.0,0.0,104.15,172.9,0.0,0.0,0.0
2006-05-26,2006-06-29,OPTSTK,TCS,2010.0,PA,0.0,0.0,0.0,119.1,193.25,0.0,0.0,0.0
2006-05-26,2006-06-29,OPTSTK,TCS,2040.0,PA,0.0,0.0,0.0,135.2,214.6,0.0,0.0,0.0
2006-05-26,2006-06-29,OPTSTK,TCS,2070.0,PA,0.0,0.0,0.0,152.4,237.05,0.0,0.0,0.0
2006-05-26,2006-06-29,OPTSTK,TCS,2100.0,PA,0.0,0.0,0.0,221.75,260.2,0.0,0.0,0.0
2006-05-26,2006-06-29,OPTSTK,TCS,2130.0,PA,0.0,0.0,0.0,174.7,284.25,0.0,0.0,0.0
2006-05-26,2006-07-27,OPTSTK,TCS,1680.0,CA,0.0,0.0,0.0,184.4,268.75,0.0,0.0,0.0
2006-05-26,2006-07-27,OPTSTK,TCS,1710.0,CA,0.0,0.0,0.0,166.25,248.95,0.0,0.0,0.0
2006-05-26,2006-07-27,OPTSTK,TCS,1740.0,CA,0.0,0.0,0.0,149.25,230.2,0.0,0.0,0.0
2006-05-26,2006-07-27,OPTSTK,TCS,1770.0,CA,0.0,0.0,0.0,133.5,212.35,0.0,0.0,0.0
2006-05-26,2006-07-27,OPTSTK,TCS,1800.0,CA,0.0,0.0,0.0,190.3,195.5,0.0,0.0,0.0
2006-05-26,2006-07-27,OPTSTK,TCS,1830.0,CA,0.0,0.0,0.0,196.6,179.55,0.0,0.0,0.0
2006-05-26,2006-07-27,OPTSTK,TCS,1860.0,CA,0.0,0.0,0.0,232.6,164.6,0.0,0.0,0.0
2006-05-26,2006-07-27,OPTSTK,TCS,1890.0,CA,0.0,0.0,0.0,216.25,150.6,0.0,0.0,0.0
2006-05-26,2006-07-27,OPTSTK,TCS,1920.0,CA,0.0,0.0,0.0,200.8,137.45,0.0,0.0,0.0
2006-05-26,2006-07-27,OPTSTK,TCS,1950.0,CA,0.0,0.0,0.0,186.15,125.25,0.0,0.0,0.0
2006-05-26,2006-07-27,OPTSTK,TCS,1980.0,CA,0.0,0.0,0.0,172.35,113.9,0.0,0.0,0.0
2006-05-26,2006-07-27,OPTSTK,TCS,2010.0,CA,0.0,0.0,0.0,159.3,103.4,0.0,0.0,0.0
2006-05-26,2006-07-27,OPTSTK,TCS,2040.0,CA,0.0,0.0,0.0,147.05,93.65,0.0,0.0,0.0
2006-05-26,2006-07-27,OPTSTK,TCS,2070.0,CA,0.0,0.0,0.0,147.1,84.7,0.0,0.0,0.0
2006-05-26,2006-07-27,OPTSTK,TCS,2100.0,CA,0.0,0.0,0.0,140.45,76.45,0.0,0.0,0.0
2006-05-26,2006-07-27,OPTSTK,TCS,2130.0,CA,0.0,0.0,0.0,132.3,69.0,0.0,0.0,0.0
2006-05-26,2006-07-27,OPTSTK,TCS,1680.0,PA,0.0,0.0,0.0,63.2,63.2,0.0,0.0,0.0
2006-05-26,2006-07-27,OPTSTK,TCS,1710.0,PA,0.0,0.0,0.0,74.65,73.05,0.0,0.0,0.0
2006-05-26,2006-07-27,OPTSTK,TCS,1740.0,PA,0.0,0.0,0.0,87.3,83.9,0.0,0.0,0.0
2006-05-26,2006-07-27,OPTSTK,TCS,1770.0,PA,0.0,0.0,0.0,101.2,95.75,0.0,0.0,0.0
2006-05-26,2006-07-27,OPTSTK,TCS,1800.0,PA,0.0,0.0,0.0,74.6,108.5,0.0,0.0,0.0
2006-05-26,2006-07-27,OPTSTK,TCS,1830.0,PA,0.0,0.0,0.0,77.1,122.25,0.0,0.0,0.0
2006-05-26,2006-07-27,OPTSTK,TCS,1860.0,PA,0.0,0.0,0.0,114.9,136.95,0.0,0.0,0.0
2006-05-26,2006-07-27,OPTSTK,TCS,1890.0,PA,0.0,0.0,0.0,128.1,152.6,0.0,0.0,0.0
2006-05-26,2006-07-27,OPTSTK,TCS,1920.0,PA,0.0,0.0,0.0,142.1,169.15,0.0,0.0,0.0
2006-05-26,2006-07-27,OPTSTK,TCS,1950.0,PA,0.0,0.0,0.0,156.95,186.6,0.0,0.0,0.0
2006-05-26,2006-07-27,OPTSTK,TCS,1980.0,PA,0.0,0.0,0.0,172.6,204.9,0.0,0.0,0.0
2006-05-26,2006-07-27,OPTSTK,TCS,2010.0,PA,0.0,0.0,0.0,189.05,224.0,0.0,0.0,0.0
2006-05-26,2006-07-27,OPTSTK,TCS,2040.0,PA,0.0,0.0,0.0,206.3,243.95,0.0,0.0,0.0
2006-05-26,2006-07-27,OPTSTK,TCS,2070.0,PA,0.0,0.0,0.0,204.2,264.65,0.0,0.0,0.0
2006-05-26,2006-07-27,OPTSTK,TCS,2100.0,PA,0.0,0.0,0.0,193.65,286.05,0.0,0.0,0.0
2006-05-26,2006-07-27,OPTSTK,TCS,2130.0,PA,0.0,0.0,0.0,196.8,308.25,0.0,0.0,0.0
2006-05-26,2006-08-31,OPTSTK,TCS,1770.0,CA,0.0,0.0,0.0,0.0,0.0,0.0,0.0,0.0
2006-05-26,2006-08-31,OPTSTK,TCS,1800.0,CA,0.0,0.0,0.0,251.1,237.7,0.0,0.0,0.0
2006-05-26,2006-08-31,OPTSTK,TCS,1830.0,CA,0.0,0.0,0.0,235.6,222.35,0.0,0.0,0.0
2006-05-26,2006-08-31,OPTSTK,TCS,1860.0,CA,0.0,0.0,0.0,220.85,207.75,0.0,0.0,0.0
2006-05-26,2006-08-31,OPTSTK,TCS,1890.0,CA,0.0,0.0,0.0,206.8,193.9,0.0,0.0,0.0
2006-05-26,2006-08-31,OPTSTK,TCS,1920.0,CA,0.0,0.0,0.0,193.45,180.75,0.0,0.0,0.0
2006-05-26,2006-08-31,OPTSTK,TCS,1950.0,CA,0.0,0.0,0.0,180.8,168.35,0.0,0.0,0.0
2006-05-26,2006-08-31,OPTSTK,TCS,1980.0,CA,0.0,0.0,0.0,168.8,156.65,0.0,0.0,0.0
2006-05-26,2006-08-31,OPTSTK,TCS,1770.0,PA,0.0,0.0,0.0,0.0,0.0,0.0,0.0,0.0
2006-05-26,2006-08-31,OPTSTK,TCS,1800.0,PA,0.0,0.0,0.0,141.4,139.2,0.0,0.0,0.0
2006-05-26,2006-08-31,OPTSTK,TCS,1830.0,PA,0.0,0.0,0.0,155.35,153.3,0.0,0.0,0.0
2006-05-26,2006-08-31,OPTSTK,TCS,1860.0,PA,0.0,0.0,0.0,170.05,168.2,0.0,0.0,0.0
2006-05-26,2006-08-31,OPTSTK,TCS,1890.0,PA,0.0,0.0,0.0,185.45,183.8,0.0,0.0,0.0
2006-05-26,2006-08-31,OPTSTK,TCS,1920.0,PA,0.0,0.0,0.0,201.55,200.15,0.0,0.0,0.0
2006-05-26,2006-08-31,OPTSTK,TCS,1950.0,PA,0.0,0.0,0.0,218.35,217.2,0.0,0.0,0.0
2006-05-26,2006-08-31,OPTSTK,TCS,1980.0,PA,0.0,0.0,0.0,235.85,234.9,0.0,0.0,0.0
2006-05-26,2006-06-29,OPTSTK,TITAN,500.0,CA,0.0,0.0,0.0,95.05,163.35,0.0,0.0,0.0
2006-05-26,2006-06-29,OPTSTK,TITAN,520.0,CA,0.0,0.0,0.0,82.25,148.7,0.0,0.0,0.0
2006-05-26,2006-06-29,OPTSTK,TITAN,540.0,CA,0.0,0.0,0.0,70.7,134.85,0.0,0.0,0.0
2006-05-26,2006-06-29,OPTSTK,TITAN,560.0,CA,0.0,0.0,0.0,60.35,121.85,0.0,0.0,0.0
2006-05-26,2006-06-29,OPTSTK,TITAN,580.0,CA,0.0,0.0,0.0,102.75,109.85,0.0,0.0,0.0
2006-05-26,2006-06-29,OPTSTK,TITAN,600.0,CA,0.0,0.0,0.0,90.65,98.7,0.0,0.0,0.0
2006-05-26,2006-06-29,OPTSTK,TITAN,620.0,CA,0.0,0.0,0.0,105.4,88.4,0.0,0.0,0.0
2006-05-26,2006-06-29,OPTSTK,TITAN,640.0,CA,0.0,0.0,0.0,93.2,79.0,0.0,0.0,0.0
2006-05-26,2006-06-29,OPTSTK,TITAN,660.0,CA,0.0,0.0,0.0,88.3,70.4,0.0,0.0,0.0
2006-05-26,2006-06-29,OPTSTK,TITAN,680.0,CA,0.0,0.0,0.0,95.8,62.6,0.0,0.0,0.0
2006-05-26,2006-06-29,OPTSTK,TITAN,700.0,CA,0.0,0.0,0.0,110.25,55.5,0.0,0.0,0.0
2006-05-26,2006-06-29,OPTSTK,TITAN,720.0,CA,0.0,0.0,0.0,114.2,49.15,0.0,0.0,0.0
2006-05-26,2006-06-29,OPTSTK,TITAN,740.0,CA,0.0,0.0,0.0,101.75,43.4,0.0,0.0,0.0
2006-05-26,2006-06-29,OPTSTK,TITAN,760.0,CA,0.0,0.0,0.0,90.25,38.3,0.0,0.0,0.0
2006-05-26,2006-06-29,OPTSTK,TITAN,780.0,CA,0.0,0.0,0.0,79.7,33.75,0.0,0.0,0.0
2006-05-26,2006-06-29,OPTSTK,TITAN,800.0,CA,0.0,0.0,0.0,70.05,29.65,0.0,0.0,0.0
2006-05-26,2006-06-29,OPTSTK,TITAN,820.0,CA,0.0,0.0,0.0,61.3,26.05,0.0,0.0,0.0
2006-05-26,2006-06-29,OPTSTK,TITAN,840.0,CA,0.0,0.0,0.0,53.4,22.8,0.0,0.0,0.0
2006-05-26,2006-06-29,OPTSTK,TITAN,860.0,CA,0.0,0.0,0.0,80.45,19.95,0.0,0.0,0.0
2006-05-26,2006-06-29,OPTSTK,TITAN,880.0,CA,0.0,0.0,0.0,72.2,17.45,0.0,0.0,0.0
2006-05-26,2006-06-29,OPTSTK,TITAN,900.0,CA,0.0,0.0,0.0,64.65,15.25,0.0,0.0,0.0
2006-05-26,2006-06-29,OPTSTK,TITAN,500.0,PA,0.0,0.0,0.0,22.45,18.3,0.0,0.0,0.0
2006-05-26,2006-06-29,OPTSTK,TITAN,520.0,PA,0.0,0.0,0.0,29.5,23.5,0.0,0.0,0.0
2006-05-26,2006-06-29,OPTSTK,TITAN,540.0,PA,0.0,0.0,0.0,37.8,29.55,0.0,0.0,0.0
2006-05-26,2006-06-29,OPTSTK,TITAN,560.0,PA,0.0,0.0,0.0,47.3,36.45,0.0,0.0,0.0
2006-05-26,2006-06-29,OPTSTK,TITAN,580.0,PA,0.0,0.0,0.0,31.25,44.3,0.0,0.0,0.0
2006-05-26,2006-06-29,OPTSTK,TITAN,600.0,PA,0.0,0.0,0.0,39.0,53.0,0.0,0.0,0.0
2006-05-26,2006-06-29,OPTSTK,TITAN,620.0,PA,0.0,0.0,0.0,31.9,62.6,0.0,0.0,0.0
2006-05-26,2006-06-29,OPTSTK,TITAN,640.0,PA,0.0,0.0,0.0,39.55,73.05,0.0,0.0,0.0
2006-05-26,2006-06-29,OPTSTK,TITAN,660.0,PA,0.0,0.0,0.0,14.4,84.35,0.0,0.0,0.0
2006-05-26,2006-06-29,OPTSTK,TITAN,680.0,PA,0.0,0.0,0.0,20.95,96.4,0.0,0.0,0.0
2006-05-26,2006-06-29,OPTSTK,TITAN,700.0,PA,0.0,0.0,0.0,32.6,109.2,0.0,0.0,0.0
2006-05-26,2006-06-29,OPTSTK,TITAN,720.0,PA,0.0,0.0,0.0,30.75,122.7,0.0,0.0,0.0
2006-05-26,2006-06-29,OPTSTK,TITAN,740.0,PA,0.0,0.0,0.0,37.85,136.85,0.0,0.0,0.0
2006-05-26,2006-06-29,OPTSTK,TITAN,760.0,PA,0.0,0.0,0.0,45.9,151.6,0.0,0.0,0.0
2006-05-26,2006-06-29,OPTSTK,TITAN,780.0,PA,0.0,0.0,0.0,54.9,166.9,0.0,0.0,0.0
2006-05-26,2006-06-29,OPTSTK,TITAN,800.0,PA,0.0,0.0,0.0,64.85,182.7,0.0,0.0,0.0
2006-05-26,2006-06-29,OPTSTK,TITAN,820.0,PA,0.0,0.0,0.0,75.7,199.0,0.0,0.0,0.0
2006-05-26,2006-06-29,OPTSTK,TITAN,840.0,PA,0.0,0.0,0.0,87.4,215.6,0.0,0.0,0.0
2006-05-26,2006-06-29,OPTSTK,TITAN,860.0,PA,0.0,0.0,0.0,86.25,232.65,0.0,0.0,0.0
2006-05-26,2006-06-29,OPTSTK,TITAN,880.0,PA,0.0,0.0,0.0,97.6,250.0,0.0,0.0,0.0
2006-05-26,2006-06-29,OPTSTK,TITAN,900.0,PA,0.0,0.0,0.0,109.6,267.7,0.0,0.0,0.0
2006-05-26,2006-07-27,OPTSTK,TITAN,500.0,CA,0.0,0.0,0.0,110.75,182.85,0.0,0.0,0.0
2006-05-26,2006-07-27,OPTSTK,TITAN,520.0,CA,0.0,0.0,0.0,99.05,169.9,0.0,0.0,0.0
2006-05-26,2006-07-27,OPTSTK,TITAN,540.0,CA,0.0,0.0,0.0,88.35,157.65,0.0,0.0,0.0
2006-05-26,2006-07-27,OPTSTK,TITAN,560.0,CA,0.0,0.0,0.0,78.55,146.1,0.0,0.0,0.0
2006-05-26,2006-07-27,OPTSTK,TITAN,580.0,CA,0.0,0.0,0.0,120.85,135.3,0.0,0.0,0.0
2006-05-26,2006-07-27,OPTSTK,TITAN,600.0,CA,0.0,0.0,0.0,109.65,125.1,0.0,0.0,0.0
2006-05-26,2006-07-27,OPTSTK,TITAN,620.0,CA,0.0,0.0,0.0,123.65,115.6,0.0,0.0,0.0
2006-05-26,2006-07-27,OPTSTK,TITAN,640.0,CA,0.0,0.0,0.0,112.4,106.7,0.0,0.0,0.0
2006-05-26,2006-07-27,OPTSTK,TITAN,660.0,CA,0.0,0.0,0.0,99.85,98.45,0.0,0.0,0.0
2006-05-26,2006-07-27,OPTSTK,TITAN,680.0,CA,0.0,0.0,0.0,106.8,90.7,0.0,0.0,0.0
2006-05-26,2006-07-27,OPTSTK,TITAN,700.0,CA,0.0,0.0,0.0,101.5,83.55,0.0,0.0,0.0
2006-05-26,2006-07-27,OPTSTK,TITAN,720.0,CA,0.0,0.0,0.0,89.75,76.9,0.0,0.0,0.0
2006-05-26,2006-07-27,OPTSTK,TITAN,740.0,CA,0.0,0.0,0.0,78.95,70.75,0.0,0.0,0.0
2006-05-26,2006-07-27,OPTSTK,TITAN,760.0,CA,0.0,0.0,0.0,69.15,65.05,0.0,0.0,0.0
2006-05-26,2006-07-27,OPTSTK,TITAN,780.0,CA,0.0,0.0,0.0,60.25,59.8,0.0,0.0,0.0
2006-05-26,2006-07-27,OPTSTK,TITAN,800.0,CA,0.0,0.0,0.0,52.3,54.95,0.0,0.0,0.0
2006-05-26,2006-07-27,OPTSTK,TITAN,820.0,CA,0.0,0.0,0.0,45.15,50.5,0.0,0.0,0.0
2006-05-26,2006-07-27,OPTSTK,TITAN,840.0,CA,0.0,0.0,0.0,66.45,46.35,0.0,0.0,0.0
2006-05-26,2006-07-27,OPTSTK,TITAN,860.0,CA,0.0,0.0,0.0,59.1,42.55,0.0,0.0,0.0
2006-05-26,2006-07-27,OPTSTK,TITAN,500.0,PA,0.0,0.0,0.0,35.5,35.2,0.0,0.0,0.0
2006-05-26,2006-07-27,OPTSTK,TITAN,520.0,PA,0.0,0.0,0.0,43.6,42.05,0.0,0.0,0.0
2006-05-26,2006-07-27,OPTSTK,TITAN,540.0,PA,0.0,0.0,0.0,52.65,49.55,0.0,0.0,0.0
2006-05-26,2006-07-27,OPTSTK,TITAN,560.0,PA,0.0,0.0,0.0,62.6,57.8,0.0,0.0,0.0
2006-05-26,2006-07-27,OPTSTK,TITAN,580.0,PA,0.0,0.0,0.0,46.3,66.75,0.0,0.0,0.0
2006-05-26,2006-07-27,OPTSTK,TITAN,600.0,PA,0.0,0.0,0.0,54.9,76.35,0.0,0.0,0.0
2006-05-26,2006-07-27,OPTSTK,TITAN,620.0,PA,0.0,0.0,0.0,46.9,86.6,0.0,0.0,0.0
2006-05-26,2006-07-27,OPTSTK,TITAN,640.0,PA,0.0,0.0,0.0,55.4,97.5,0.0,0.0,0.0
2006-05-26,2006-07-27,OPTSTK,TITAN,660.0,PA,0.0,0.0,0.0,22.45,108.95,0.0,0.0,0.0
2006-05-26,2006-07-27,OPTSTK,TITAN,680.0,PA,0.0,0.0,0.0,28.45,121.05,0.0,0.0,0.0
2006-05-26,2006-07-27,OPTSTK,TITAN,700.0,PA,0.0,0.0,0.0,34.85,133.65,0.0,0.0,0.0
2006-05-26,2006-07-27,OPTSTK,TITAN,720.0,PA,0.0,0.0,0.0,42.75,146.75,0.0,0.0,0.0
2006-05-26,2006-07-27,OPTSTK,TITAN,740.0,PA,0.0,0.0,0.0,51.6,160.4,0.0,0.0,0.0
2006-05-26,2006-07-27,OPTSTK,TITAN,760.0,PA,0.0,0.0,0.0,61.45,174.45,0.0,0.0,0.0
2006-05-26,2006-07-27,OPTSTK,TITAN,780.0,PA,0.0,0.0,0.0,72.2,188.95,0.0,0.0,0.0
2006-05-26,2006-07-27,OPTSTK,TITAN,800.0,PA,0.0,0.0,0.0,83.9,203.9,0.0,0.0,0.0
2006-05-26,2006-07-27,OPTSTK,TITAN,820.0,PA,0.0,0.0,0.0,96.45,219.2,0.0,0.0,0.0
2006-05-26,2006-07-27,OPTSTK,TITAN,840.0,PA,0.0,0.0,0.0,97.05,234.85,0.0,0.0,0.0
2006-05-26,2006-07-27,OPTSTK,TITAN,860.0,PA,0.0,0.0,0.0,109.35,250.8,0.0,0.0,0.0
2006-05-26,2006-08-31,OPTSTK,TITAN,520.0,CA,0.0,0.0,0.0,141.15,191.85,0.0,0.0,0.0
2006-05-26,2006-08-31,OPTSTK,TITAN,540.0,CA,0.0,0.0,0.0,131.25,180.75,0.0,0.0,0.0
2006-05-26,2006-08-31,OPTSTK,TITAN,560.0,CA,0.0,0.0,0.0,121.95,170.25,0.0,0.0,0.0
2006-05-26,2006-08-31,OPTSTK,TITAN,580.0,CA,0.0,0.0,0.0,113.25,160.25,0.0,0.0,0.0
2006-05-26,2006-08-31,OPTSTK,TITAN,600.0,CA,0.0,0.0,0.0,105.15,150.85,0.0,0.0,0.0
2006-05-26,2006-08-31,OPTSTK,TITAN,620.0,CA,0.0,0.0,0.0,97.55,141.9,0.0,0.0,0.0
2006-05-26,2006-08-31,OPTSTK,TITAN,640.0,CA,0.0,0.0,0.0,90.5,133.5,0.0,0.0,0.0
2006-05-26,2006-08-31,OPTSTK,TITAN,660.0,CA,0.0,0.0,0.0,0.0,0.0,0.0,0.0,0.0
2006-05-26,2006-08-31,OPTSTK,TITAN,680.0,CA,0.0,0.0,0.0,0.0,0.0,0.0,0.0,0.0
2006-05-26,2006-08-31,OPTSTK,TITAN,700.0,CA,0.0,0.0,0.0,0.0,0.0,0.0,0.0,0.0
2006-05-26,2006-08-31,OPTSTK,TITAN,520.0,PA,0.0,0.0,0.0,68.4,60.65,0.0,0.0,0.0
2006-05-26,2006-08-31,OPTSTK,TITAN,540.0,PA,0.0,0.0,0.0,78.15,69.2,0.0,0.0,0.0
2006-05-26,2006-08-31,OPTSTK,TITAN,560.0,PA,0.0,0.0,0.0,88.5,78.35,0.0,0.0,0.0
2006-05-26,2006-08-31,OPTSTK,TITAN,580.0,PA,0.0,0.0,0.0,99.4,88.0,0.0,0.0,0.0
2006-05-26,2006-08-31,OPTSTK,TITAN,600.0,PA,0.0,0.0,0.0,110.95,98.2,0.0,0.0,0.0
2006-05-26,2006-08-31,OPTSTK,TITAN,620.0,PA,0.0,0.0,0.0,123.0,108.95,0.0,0.0,0.0
2006-05-26,2006-08-31,OPTSTK,TITAN,640.0,PA,0.0,0.0,0.0,135.55,120.15,0.0,0.0,0.0
2006-05-26,2006-08-31,OPTSTK,TITAN,660.0,PA,0.0,0.0,0.0,0.0,0.0,0.0,0.0,0.0
2006-05-26,2006-08-31,OPTSTK,TITAN,680.0,PA,0.0,0.0,0.0,0.0,0.0,0.0,0.0,0.0
2006-05-26,2006-08-31,OPTSTK,TITAN,700.0,PA,0.0,0.0,0.0,0.0,0.0,0.0,0.0,0.0
2006-05-26,2006-06-29,OPTSTK,TVSMOTOR,105.0,CA,0.0,0.0,0.0,20.0,28.55,0.0,0.0,0.0
2006-05-26,2006-06-29,OPTSTK,TVSMOTOR,110.0,CA,0.0,0.0,0.0,17.0,24.95,0.0,0.0,0.0
2006-05-26,2006-06-29,OPTSTK,TVSMOTOR,115.0,CA,0.0,0.0,0.0,21.85,21.65,0.0,0.0,0.0
2006-05-26,2006-06-29,OPTSTK,TVSMOTOR,120.0,CA,0.0,0.0,0.0,18.85,18.65,0.0,0.0,0.0
2006-05-26,2006-06-29,OPTSTK,TVSMOTOR,125.0,CA,0.0,0.0,0.0,22.1,16.0,0.0,0.0,0.0
2006-05-26,2006-06-29,OPTSTK,TVSMOTOR,130.0,CA,0.0,0.0,0.0,19.0,13.6,0.0,0.0,0.0
2006-05-26,2006-06-29,OPTSTK,TVSMOTOR,135.0,CA,0.0,0.0,0.0,16.2,11.55,0.0,0.0,0.0
2006-05-26,2006-06-29,OPTSTK,TVSMOTOR,140.0,CA,0.0,0.0,0.0,13.7,9.7,0.0,0.0,0.0
2006-05-26,2006-06-29,OPTSTK,TVSMOTOR,145.0,CA,0.0,0.0,0.0,11.5,8.15,0.0,0.0,0.0
2006-05-26,2006-06-29,OPTSTK,TVSMOTOR,150.0,CA,0.0,0.0,0.0,9.6,6.8,0.0,0.0,0.0
2006-05-26,2006-06-29,OPTSTK,TVSMOTOR,155.0,CA,0.0,0.0,0.0,7.95,5.65,0.0,0.0,0.0
2006-05-26,2006-06-29,OPTSTK,TVSMOTOR,160.0,CA,0.0,0.0,0.0,10.0,4.65,0.0,0.0,0.0
2006-05-26,2006-06-29,OPTSTK,TVSMOTOR,165.0,CA,0.0,0.0,0.0,16.85,3.85,0.0,0.0,0.0
2006-05-26,2006-06-29,OPTSTK,TVSMOTOR,170.0,CA,0.0,0.0,0.0,1.0,3.15,0.0,0.0,0.0
2006-05-26,2006-06-29,OPTSTK,TVSMOTOR,175.0,CA,0.0,0.0,0.0,13.7,2.6,0.0,0.0,0.0
2006-05-26,2006-06-29,OPTSTK,TVSMOTOR,180.0,CA,0.0,0.0,0.0,26.85,2.1,0.0,0.0,0.0
2006-05-26,2006-06-29,OPTSTK,TVSMOTOR,185.0,CA,0.0,0.0,0.0,24.85,1.75,0.0,0.0,0.0
2006-05-26,2006-06-29,OPTSTK,TVSMOTOR,190.0,CA,0.0,0.0,0.0,22.95,1.4,0.0,0.0,0.0
2006-05-26,2006-06-29,OPTSTK,TVSMOTOR,105.0,PA,0.0,0.0,0.0,5.6,3.6,0.0,0.0,0.0
2006-05-26,2006-06-29,OPTSTK,TVSMOTOR,110.0,PA,0.0,0.0,0.0,7.55,5.0,0.0,0.0,0.0
2006-05-26,2006-06-29,OPTSTK,TVSMOTOR,115.0,PA,0.0,0.0,0.0,6.75,6.65,0.0,0.0,0.0
2006-05-26,2006-06-29,OPTSTK,TVSMOTOR,120.0,PA,0.0,0.0,0.0,8.75,8.65,0.0,0.0,0.0
2006-05-26,2006-06-29,OPTSTK,TVSMOTOR,125.0,PA,0.0,0.0,0.0,5.55,10.95,0.0,0.0,0.0
2006-05-26,2006-06-29,OPTSTK,TVSMOTOR,130.0,PA,0.0,0.0,0.0,7.3,13.55,0.0,0.0,0.0
2006-05-26,2006-06-29,OPTSTK,TVSMOTOR,135.0,PA,0.0,0.0,0.0,9.4,16.45,0.0,0.0,0.0
2006-05-26,2006-06-29,OPTSTK,TVSMOTOR,140.0,PA,0.0,0.0,0.0,11.8,19.55,0.0,0.0,0.0
2006-05-26,2006-06-29,OPTSTK,TVSMOTOR,145.0,PA,0.0,0.0,0.0,14.55,22.95,0.0,0.0,0.0
2006-05-26,2006-06-29,OPTSTK,TVSMOTOR,150.0,PA,0.0,0.0,0.0,17.5,26.6,0.0,0.0,0.0
2006-05-26,2006-06-29,OPTSTK,TVSMOTOR,155.0,PA,0.0,0.0,0.0,20.75,30.4,0.0,0.0,0.0
2006-05-26,2006-06-29,OPTSTK,TVSMOTOR,160.0,PA,0.0,0.0,0.0,20.25,34.4,0.0,0.0,0.0
2006-05-26,2006-06-29,OPTSTK,TVSMOTOR,165.0,PA,0.0,0.0,0.0,23.15,38.55,0.0,0.0,0.0
2006-05-26,2006-06-29,OPTSTK,TVSMOTOR,170.0,PA,0.0,0.0,0.0,26.25,42.85,0.0,0.0,0.0
2006-05-26,2006-06-29,OPTSTK,TVSMOTOR,175.0,PA,0.0,0.0,0.0,27.8,47.25,0.0,0.0,0.0
2006-05-26,2006-06-29,OPTSTK,TVSMOTOR,180.0,PA,0.0,0.0,0.0,27.4,51.75,0.0,0.0,0.0
2006-05-26,2006-06-29,OPTSTK,TVSMOTOR,185.0,PA,0.0,0.0,0.0,30.3,56.3,0.0,0.0,0.0
2006-05-26,2006-06-29,OPTSTK,TVSMOTOR,190.0,PA,0.0,0.0,0.0,33.35,60.95,0.0,0.0,0.0
2006-05-26,2006-07-27,OPTSTK,TVSMOTOR,105.0,CA,0.0,0.0,0.0,23.6,32.2,0.0,0.0,0.0
2006-05-26,2006-07-27,OPTSTK,TVSMOTOR,110.0,CA,0.0,0.0,0.0,20.8,29.0,0.0,0.0,0.0
2006-05-26,2006-07-27,OPTSTK,TVSMOTOR,115.0,CA,0.0,0.0,0.0,25.7,26.05,0.0,0.0,0.0
2006-05-26,2006-07-27,OPTSTK,TVSMOTOR,120.0,CA,0.0,0.0,0.0,22.95,23.35,0.0,0.0,0.0
2006-05-26,2006-07-27,OPTSTK,TVSMOTOR,125.0,CA,0.0,0.0,0.0,26.5,20.85,0.0,0.0,0.0
2006-05-26,2006-07-27,OPTSTK,TVSMOTOR,130.0,CA,0.0,0.0,0.0,23.6,18.6,0.0,0.0,0.0
2006-05-26,2006-07-27,OPTSTK,TVSMOTOR,135.0,CA,0.0,0.0,0.0,30.1,16.55,0.0,0.0,0.0
2006-05-26,2006-07-27,OPTSTK,TVSMOTOR,140.0,CA,0.0,0.0,0.0,27.3,14.7,0.0,0.0,0.0
2006-05-26,2006-07-27,OPTSTK,TVSMOTOR,145.0,CA,0.0,0.0,0.0,24.75,13.05,0.0,0.0,0.0
2006-05-26,2006-07-27,OPTSTK,TVSMOTOR,150.0,CA,0.0,0.0,0.0,22.35,11.55,0.0,0.0,0.0
2006-05-26,2006-07-27,OPTSTK,TVSMOTOR,155.0,CA,0.0,0.0,0.0,20.15,10.2,0.0,0.0,0.0
2006-05-26,2006-07-27,OPTSTK,TVSMOTOR,160.0,CA,0.0,0.0,0.0,18.15,9.0,0.0,0.0,0.0
2006-05-26,2006-07-27,OPTSTK,TVSMOTOR,165.0,CA,0.0,0.0,0.0,16.3,7.95,0.0,0.0,0.0
2006-05-26,2006-07-27,OPTSTK,TVSMOTOR,170.0,CA,0.0,0.0,0.0,15.2,7.0,0.0,0.0,0.0
2006-05-26,2006-07-27,OPTSTK,TVSMOTOR,175.0,CA,0.0,0.0,0.0,16.8,6.2,0.0,0.0,0.0
2006-05-26,2006-07-27,OPTSTK,TVSMOTOR,180.0,CA,0.0,0.0,0.0,15.2,5.45,0.0,0.0,0.0
2006-05-26,2006-07-27,OPTSTK,TVSMOTOR,185.0,CA,0.0,0.0,0.0,14.55,4.75,0.0,0.0,0.0
2006-05-26,2006-07-27,OPTSTK,TVSMOTOR,105.0,PA,0.0,0.0,0.0,8.65,6.75,0.0,0.0,0.0
2006-05-26,2006-07-27,OPTSTK,TVSMOTOR,110.0,PA,0.0,0.0,0.0,10.8,8.5,0.0,0.0,0.0
2006-05-26,2006-07-27,OPTSTK,TVSMOTOR,115.0,PA,0.0,0.0,0.0,10.0,10.5,0.0,0.0,0.0
2006-05-26,2006-07-27,OPTSTK,TVSMOTOR,120.0,PA,0.0,0.0,0.0,12.2,12.75,0.0,0.0,0.0
2006-05-26,2006-07-27,OPTSTK,TVSMOTOR,125.0,PA,0.0,0.0,0.0,9.0,15.2,0.0,0.0,0.0
2006-05-26,2006-07-27,OPTSTK,TVSMOTOR,130.0,PA,0.0,0.0,0.0,11.05,17.85,0.0,0.0,0.0
2006-05-26,2006-07-27,OPTSTK,TVSMOTOR,135.0,PA,0.0,0.0,0.0,11.2,20.75,0.0,0.0,0.0
2006-05-26,2006-07-27,OPTSTK,TVSMOTOR,140.0,PA,0.0,0.0,0.0,13.3,23.85,0.0,0.0,0.0
2006-05-26,2006-07-27,OPTSTK,TVSMOTOR,145.0,PA,0.0,0.0,0.0,15.65,27.15,0.0,0.0,0.0
2006-05-26,2006-07-27,OPTSTK,TVSMOTOR,150.0,PA,0.0,0.0,0.0,18.2,30.6,0.0,0.0,0.0
2006-05-26,2006-07-27,OPTSTK,TVSMOTOR,155.0,PA,0.0,0.0,0.0,20.9,34.2,0.0,0.0,0.0
2006-05-26,2006-07-27,OPTSTK,TVSMOTOR,160.0,PA,0.0,0.0,0.0,23.8,37.95,0.0,0.0,0.0
2006-05-26,2006-07-27,OPTSTK,TVSMOTOR,165.0,PA,0.0,0.0,0.0,26.9,41.8,0.0,0.0,0.0
2006-05-26,2006-07-27,OPTSTK,TVSMOTOR,170.0,PA,0.0,0.0,0.0,28.2,45.8,0.0,0.0,0.0
2006-05-26,2006-07-27,OPTSTK,TVSMOTOR,175.0,PA,0.0,0.0,0.0,28.15,49.9,0.0,0.0,0.0
2006-05-26,2006-07-27,OPTSTK,TVSMOTOR,180.0,PA,0.0,0.0,0.0,29.35,54.1,0.0,0.0,0.0
2006-05-26,2006-07-27,OPTSTK,TVSMOTOR,185.0,PA,0.0,0.0,0.0,27.0,58.4,0.0,0.0,0.0
2006-05-26,2006-08-31,OPTSTK,TVSMOTOR,105.0,CA,0.0,0.0,0.0,30.65,36.1,0.0,0.0,0.0
2006-05-26,2006-08-31,OPTSTK,TVSMOTOR,110.0,CA,0.0,0.0,0.0,28.0,33.2,0.0,0.0,0.0
2006-05-26,2006-08-31,OPTSTK,TVSMOTOR,115.0,CA,0.0,0.0,0.0,25.5,30.45,0.0,0.0,0.0
2006-05-26,2006-08-31,OPTSTK,TVSMOTOR,120.0,CA,0.0,0.0,0.0,23.25,27.95,0.0,0.0,0.0
2006-05-26,2006-08-31,OPTSTK,TVSMOTOR,125.0,CA,0.0,0.0,0.0,21.15,25.6,0.0,0.0,0.0
2006-05-26,2006-08-31,OPTSTK,TVSMOTOR,130.0,CA,0.0,0.0,0.0,19.2,23.45,0.0,0.0,0.0
2006-05-26,2006-08-31,OPTSTK,TVSMOTOR,135.0,CA,0.0,0.0,0.0,17.45,21.45,0.0,0.0,0.0
2006-05-26,2006-08-31,OPTSTK,TVSMOTOR,140.0,CA,0.0,0.0,0.0,0.0,0.0,0.0,0.0,0.0
2006-05-26,2006-08-31,OPTSTK,TVSMOTOR,145.0,CA,0.0,0.0,0.0,0.0,0.0,0.0,0.0,0.0
2006-05-26,2006-08-31,OPTSTK,TVSMOTOR,105.0,PA,0.0,0.0,0.0,11.5,9.95,0.0,0.0,0.0
2006-05-26,2006-08-31,OPTSTK,TVSMOTOR,110.0,PA,0.0,0.0,0.0,13.75,11.95,0.0,0.0,0.0
2006-05-26,2006-08-31,OPTSTK,TVSMOTOR,115.0,PA,0.0,0.0,0.0,16.15,14.15,0.0,0.0,0.0
2006-05-26,2006-08-31,OPTSTK,TVSMOTOR,120.0,PA,0.0,0.0,0.0,18.8,16.55,0.0,0.0,0.0
2006-05-26,2006-08-31,OPTSTK,TVSMOTOR,125.0,PA,0.0,0.0,0.0,21.6,19.15,0.0,0.0,0.0
2006-05-26,2006-08-31,OPTSTK,TVSMOTOR,130.0,PA,0.0,0.0,0.0,24.6,21.9,0.0,0.0,0.0
2006-05-26,2006-08-31,OPTSTK,TVSMOTOR,135.0,PA,0.0,0.0,0.0,27.75,24.8,0.0,0.0,0.0
2006-05-26,2006-08-31,OPTSTK,TVSMOTOR,140.0,PA,0.0,0.0,0.0,0.0,0.0,0.0,0.0,0.0
2006-05-26,2006-08-31,OPTSTK,TVSMOTOR,145.0,PA,0.0,0.0,0.0,0.0,0.0,0.0,0.0,0.0
2006-05-26,2006-06-29,OPTSTK,UNIONBANK,85.0,CA,0.0,0.0,0.0,18.25,27.55,0.0,0.0,0.0
2006-05-26,2006-06-29,OPTSTK,UNIONBANK,90.0,CA,0.0,0.0,0.0,14.65,23.35,0.0,0.0,0.0
2006-05-26,2006-06-29,OPTSTK,UNIONBANK,95.0,CA,0.0,0.0,0.0,18.8,19.55,0.0,0.0,0.0
2006-05-26,2006-06-29,OPTSTK,UNIONBANK,100.0,CA,13.0,13.0,13.0,13.0,13.0,1.0,2.37,2100.0
2006-05-26,2006-06-29,OPTSTK,UNIONBANK,105.0,CA,0.0,0.0,0.0,19.65,13.1,0.0,0.0,0.0
2006-05-26,2006-06-29,OPTSTK,UNIONBANK,110.0,CA,6.0,7.0,6.0,6.5,6.5,4.0,9.78,8400.0
2006-05-26,2006-06-29,OPTSTK,UNIONBANK,115.0,CA,5.5,5.5,4.6,5.4,5.4,5.0,12.61,6300.0
2006-05-26,2006-06-29,OPTSTK,UNIONBANK,120.0,CA,3.2,3.65,3.1,3.3,3.3,24.0,62.06,60900.0
2006-05-26,2006-06-29,OPTSTK,UNIONBANK,125.0,CA,1.05,1.1,1.0,1.1,1.1,3.0,7.94,10500.0
2006-05-26,2006-06-29,OPTSTK,UNIONBANK,130.0,CA,0.0,0.0,0.0,5.0,3.85,0.0,0.0,0.0
2006-05-26,2006-06-29,OPTSTK,UNIONBANK,135.0,CA,0.0,0.0,0.0,3.5,2.9,0.0,0.0,0.0
2006-05-26,2006-06-29,OPTSTK,UNIONBANK,140.0,CA,0.0,0.0,0.0,3.45,2.2,0.0,0.0,0.0
2006-05-26,2006-06-29,OPTSTK,UNIONBANK,145.0,CA,0.0,0.0,0.0,2.7,1.6,0.0,0.0,0.0
2006-05-26,2006-06-29,OPTSTK,UNIONBANK,85.0,PA,0.0,0.0,0.0,2.2,1.15,0.0,0.0,0.0
2006-05-26,2006-06-29,OPTSTK,UNIONBANK,90.0,PA,0.0,0.0,0.0,3.55,1.95,0.0,0.0,0.0
2006-05-26,2006-06-29,OPTSTK,UNIONBANK,95.0,PA,0.0,0.0,0.0,3.1,3.1,0.0,0.0,0.0
2006-05-26,2006-06-29,OPTSTK,UNIONBANK,100.0,PA,0.0,0.0,0.0,0.65,4.6,0.0,0.0,0.0
2006-05-26,2006-06-29,OPTSTK,UNIONBANK,105.0,PA,0.0,0.0,0.0,1.3,6.55,0.0,0.0,0.0
2006-05-26,2006-06-29,OPTSTK,UNIONBANK,110.0,PA,0.0,0.0,0.0,2.25,8.95,0.0,0.0,0.0
2006-05-26,2006-06-29,OPTSTK,UNIONBANK,115.0,PA,0.0,0.0,0.0,3.7,11.7,0.0,0.0,0.0
2006-05-26,2006-06-29,OPTSTK,UNIONBANK,120.0,PA,0.0,0.0,0.0,5.65,14.9,0.0,0.0,0.0
2006-05-26,2006-06-29,OPTSTK,UNIONBANK,125.0,PA,0.0,0.0,0.0,8.1,18.35,0.0,0.0,0.0
2006-05-26,2006-06-29,OPTSTK,UNIONBANK,130.0,PA,0.0,0.0,0.0,11.05,22.15,0.0,0.0,0.0
2006-05-26,2006-06-29,OPTSTK,UNIONBANK,135.0,PA,0.0,0.0,0.0,14.5,26.2,0.0,0.0,0.0
2006-05-26,2006-06-29,OPTSTK,UNIONBANK,140.0,PA,0.0,0.0,0.0,15.2,30.45,0.0,0.0,0.0
2006-05-26,2006-06-29,OPTSTK,UNIONBANK,145.0,PA,0.0,0.0,0.0,17.8,34.85,0.0,0.0,0.0
2006-05-26,2006-07-27,OPTSTK,UNIONBANK,85.0,CA,0.0,0.0,0.0,20.4,29.55,0.0,0.0,0.0
2006-05-26,2006-07-27,OPTSTK,UNIONBANK,90.0,CA,0.0,0.0,0.0,17.15,25.85,0.0,0.0,0.0
2006-05-26,2006-07-27,OPTSTK,UNIONBANK,95.0,CA,0.0,0.0,0.0,21.25,22.45,0.0,0.0,0.0
2006-05-26,2006-07-27,OPTSTK,UNIONBANK,100.0,CA,0.0,0.0,0.0,19.95,19.35,0.0,0.0,0.0
2006-05-26,2006-07-27,OPTSTK,UNIONBANK,105.0,CA,0.0,0.0,0.0,15.95,16.55,0.0,0.0,0.0
2006-05-26,2006-07-27,OPTSTK,UNIONBANK,110.0,CA,0.0,0.0,0.0,12.45,14.1,0.0,0.0,0.0
2006-05-26,2006-07-27,OPTSTK,UNIONBANK,115.0,CA,0.0,0.0,0.0,9.4,11.95,0.0,0.0,0.0
2006-05-26,2006-07-27,OPTSTK,UNIONBANK,120.0,CA,0.0,0.0,0.0,6.95,10.1,0.0,0.0,0.0
2006-05-26,2006-07-27,OPTSTK,UNIONBANK,125.0,CA,0.0,0.0,0.0,5.0,8.45,0.0,0.0,0.0
2006-05-26,2006-07-27,OPTSTK,UNIONBANK,130.0,CA,0.0,0.0,0.0,3.5,7.05,0.0,0.0,0.0
2006-05-26,2006-07-27,OPTSTK,UNIONBANK,135.0,CA,0.0,0.0,0.0,2.35,5.9,0.0,0.0,0.0
2006-05-26,2006-07-27,OPTSTK,UNIONBANK,140.0,CA,0.0,0.0,0.0,5.7,4.9,0.0,0.0,0.0
2006-05-26,2006-07-27,OPTSTK,UNIONBANK,145.0,CA,0.0,0.0,0.0,4.3,4.05,0.0,0.0,0.0
2006-05-26,2006-07-27,OPTSTK,UNIONBANK,85.0,PA,0.0,0.0,0.0,3.9,2.75,0.0,0.0,0.0
2006-05-26,2006-07-27,OPTSTK,UNIONBANK,90.0,PA,0.0,0.0,0.0,5.6,3.95,0.0,0.0,0.0
2006-05-26,2006-07-27,OPTSTK,UNIONBANK,95.0,PA,0.0,0.0,0.0,5.05,5.5,0.0,0.0,0.0
2006-05-26,2006-07-27,OPTSTK,UNIONBANK,100.0,PA,0.0,0.0,0.0,1.15,7.35,0.0,0.0,0.0
2006-05-26,2006-07-27,OPTSTK,UNIONBANK,105.0,PA,0.0,0.0,0.0,2.05,9.5,0.0,0.0,0.0
2006-05-26,2006-07-27,OPTSTK,UNIONBANK,110.0,PA,0.0,0.0,0.0,3.45,12.0,0.0,0.0,0.0
2006-05-26,2006-07-27,OPTSTK,UNIONBANK,115.0,PA,0.0,0.0,0.0,5.35,14.8,0.0,0.0,0.0
2006-05-26,2006-07-27,OPTSTK,UNIONBANK,120.0,PA,0.0,0.0,0.0,7.8,17.85,0.0,0.0,0.0
2006-05-26,2006-07-27,OPTSTK,UNIONBANK,125.0,PA,0.0,0.0,0.0,10.75,21.15,0.0,0.0,0.0
2006-05-26,2006-07-27,OPTSTK,UNIONBANK,130.0,PA,0.0,0.0,0.0,14.15,24.75,0.0,0.0,0.0
2006-05-26,2006-07-27,OPTSTK,UNIONBANK,135.0,PA,0.0,0.0,0.0,16.25,28.5,0.0,0.0,0.0
2006-05-26,2006-07-27,OPTSTK,UNIONBANK,140.0,PA,0.0,0.0,0.0,15.15,32.45,0.0,0.0,0.0
2006-05-26,2006-07-27,OPTSTK,UNIONBANK,145.0,PA,0.0,0.0,0.0,18.7,36.55,0.0,0.0,0.0
2006-05-26,2006-08-31,OPTSTK,UNIONBANK,95.0,CA,0.0,0.0,0.0,24.2,25.45,0.0,0.0,0.0
2006-05-26,2006-08-31,OPTSTK,UNIONBANK,100.0,CA,0.0,0.0,0.0,21.45,22.6,0.0,0.0,0.0
2006-05-26,2006-08-31,OPTSTK,UNIONBANK,105.0,CA,0.0,0.0,0.0,19.0,20.0,0.0,0.0,0.0
2006-05-26,2006-08-31,OPTSTK,UNIONBANK,110.0,CA,0.0,0.0,0.0,16.8,17.65,0.0,0.0,0.0
2006-05-26,2006-08-31,OPTSTK,UNIONBANK,115.0,CA,0.0,0.0,0.0,14.8,15.55,0.0,0.0,0.0
2006-05-26,2006-08-31,OPTSTK,UNIONBANK,120.0,CA,0.0,0.0,0.0,13.0,13.65,0.0,0.0,0.0
2006-05-26,2006-08-31,OPTSTK,UNIONBANK,125.0,CA,0.0,0.0,0.0,11.4,11.95,0.0,0.0,0.0
2006-05-26,2006-08-31,OPTSTK,UNIONBANK,95.0,PA,0.0,0.0,0.0,8.85,7.9,0.0,0.0,0.0
2006-05-26,2006-08-31,OPTSTK,UNIONBANK,100.0,PA,0.0,0.0,0.0,11.05,9.95,0.0,0.0,0.0
2006-05-26,2006-08-31,OPTSTK,UNIONBANK,105.0,PA,0.0,0.0,0.0,13.5,12.3,0.0,0.0,0.0
2006-05-26,2006-08-31,OPTSTK,UNIONBANK,110.0,PA,0.0,0.0,0.0,16.2,14.85,0.0,0.0,0.0
2006-05-26,2006-08-31,OPTSTK,UNIONBANK,115.0,PA,0.0,0.0,0.0,19.1,17.65,0.0,0.0,0.0
2006-05-26,2006-08-31,OPTSTK,UNIONBANK,120.0,PA,0.0,0.0,0.0,22.2,20.65,0.0,0.0,0.0
2006-05-26,2006-08-31,OPTSTK,UNIONBANK,125.0,PA,0.0,0.0,0.0,25.55,23.9,0.0,0.0,0.0
2006-05-26,2006-06-29,OPTSTK,UTIBANK,270.0,CA,0.0,0.0,0.0,35.7,40.1,0.0,0.0,0.0
2006-05-26,2006-06-29,OPTSTK,UTIBANK,280.0,CA,0.0,0.0,0.0,37.25,33.0,0.0,0.0,0.0
2006-05-26,2006-06-29,OPTSTK,UTIBANK,290.0,CA,0.0,0.0,0.0,46.65,26.7,0.0,0.0,0.0
2006-05-26,2006-06-29,OPTSTK,UTIBANK,300.0,CA,0.0,0.0,0.0,40.5,21.25,0.0,0.0,0.0
2006-05-26,2006-06-29,OPTSTK,UTIBANK,310.0,CA,0.0,0.0,0.0,53.2,16.6,0.0,0.0,0.0
2006-05-26,2006-06-29,OPTSTK,UTIBANK,320.0,CA,0.0,0.0,0.0,47.2,12.75,0.0,0.0,0.0
2006-05-26,2006-06-29,OPTSTK,UTIBANK,330.0,CA,0.0,0.0,0.0,41.65,9.65,0.0,0.0,0.0
2006-05-26,2006-06-29,OPTSTK,UTIBANK,340.0,CA,0.0,0.0,0.0,36.6,7.2,0.0,0.0,0.0
2006-05-26,2006-06-29,OPTSTK,UTIBANK,350.0,CA,0.0,0.0,0.0,32.05,5.3,0.0,0.0,0.0
2006-05-26,2006-06-29,OPTSTK,UTIBANK,360.0,CA,0.0,0.0,0.0,27.9,3.85,0.0,0.0,0.0
2006-05-26,2006-06-29,OPTSTK,UTIBANK,370.0,CA,0.0,0.0,0.0,24.2,2.75,0.0,0.0,0.0
2006-05-26,2006-06-29,OPTSTK,UTIBANK,380.0,CA,0.0,0.0,0.0,29.35,1.95,0.0,0.0,0.0
2006-05-26,2006-06-29,OPTSTK,UTIBANK,390.0,CA,0.0,0.0,0.0,25.8,1.35,0.0,0.0,0.0
2006-05-26,2006-06-29,OPTSTK,UTIBANK,400.0,CA,0.0,0.0,0.0,25.15,0.95,0.0,0.0,0.0
2006-05-26,2006-06-29,OPTSTK,UTIBANK,270.0,PA,0.0,0.0,0.0,7.45,5.7,0.0,0.0,0.0
2006-05-26,2006-06-29,OPTSTK,UTIBANK,280.0,PA,0.0,0.0,0.0,7.45,8.55,0.0,0.0,0.0
2006-05-26,2006-06-29,OPTSTK,UTIBANK,290.0,PA,0.0,0.0,0.0,13.25,12.15,0.0,0.0,0.0
2006-05-26,2006-06-29,OPTSTK,UTIBANK,300.0,PA,0.0,0.0,0.0,16.95,16.65,0.0,0.0,0.0
2006-05-26,2006-06-29,OPTSTK,UTIBANK,310.0,PA,0.0,0.0,0.0,15.75,21.95,0.0,0.0,0.0
2006-05-26,2006-06-29,OPTSTK,UTIBANK,320.0,PA,0.0,0.0,0.0,19.55,28.05,0.0,0.0,0.0
2006-05-26,2006-06-29,OPTSTK,UTIBANK,330.0,PA,0.0,0.0,0.0,23.8,34.9,0.0,0.0,0.0
2006-05-26,2006-06-29,OPTSTK,UTIBANK,340.0,PA,0.0,0.0,0.0,28.5,42.4,0.0,0.0,0.0
2006-05-26,2006-06-29,OPTSTK,UTIBANK,350.0,PA,0.0,0.0,0.0,33.75,50.4,0.0,0.0,0.0
2006-05-26,2006-06-29,OPTSTK,UTIBANK,360.0,PA,0.0,0.0,0.0,39.4,58.9,0.0,0.0,0.0
2006-05-26,2006-06-29,OPTSTK,UTIBANK,370.0,PA,0.0,0.0,0.0,45.5,67.7,0.0,0.0,0.0
2006-05-26,2006-06-29,OPTSTK,UTIBANK,380.0,PA,0.0,0.0,0.0,45.4,76.85,0.0,0.0,0.0
2006-05-26,2006-06-29,OPTSTK,UTIBANK,390.0,PA,0.0,0.0,0.0,51.65,86.2,0.0,0.0,0.0
2006-05-26,2006-06-29,OPTSTK,UTIBANK,400.0,PA,0.0,0.0,0.0,49.85,95.7,0.0,0.0,0.0
2006-05-26,2006-07-27,OPTSTK,UTIBANK,270.0,CA,0.0,0.0,0.0,41.95,46.1,0.0,0.0,0.0
2006-05-26,2006-07-27,OPTSTK,UTIBANK,280.0,CA,0.0,0.0,0.0,43.5,39.6,0.0,0.0,0.0
2006-05-26,2006-07-27,OPTSTK,UTIBANK,290.0,CA,0.0,0.0,0.0,50.45,33.75,0.0,0.0,0.0
2006-05-26,2006-07-27,OPTSTK,UTIBANK,300.0,CA,0.0,0.0,0.0,46.3,28.55,0.0,0.0,0.0
2006-05-26,2006-07-27,OPTSTK,UTIBANK,310.0,CA,0.0,0.0,0.0,46.8,23.95,0.0,0.0,0.0
2006-05-26,2006-07-27,OPTSTK,UTIBANK,320.0,CA,0.0,0.0,0.0,54.6,19.95,0.0,0.0,0.0
2006-05-26,2006-07-27,OPTSTK,UTIBANK,330.0,CA,0.0,0.0,0.0,48.95,16.45,0.0,0.0,0.0
2006-05-26,2006-07-27,OPTSTK,UTIBANK,340.0,CA,0.0,0.0,0.0,43.75,13.5,0.0,0.0,0.0
2006-05-26,2006-07-27,OPTSTK,UTIBANK,350.0,CA,0.0,0.0,0.0,39.0,11.05,0.0,0.0,0.0
2006-05-26,2006-07-27,OPTSTK,UTIBANK,360.0,CA,0.0,0.0,0.0,34.65,8.95,0.0,0.0,0.0
2006-05-26,2006-07-27,OPTSTK,UTIBANK,370.0,CA,0.0,0.0,0.0,30.7,7.2,0.0,0.0,0.0
2006-05-26,2006-07-27,OPTSTK,UTIBANK,380.0,CA,0.0,0.0,0.0,27.1,5.8,0.0,0.0,0.0
2006-05-26,2006-07-27,OPTSTK,UTIBANK,390.0,CA,0.0,0.0,0.0,31.1,4.6,0.0,0.0,0.0
2006-05-26,2006-07-27,OPTSTK,UTIBANK,400.0,CA,0.0,0.0,0.0,27.6,3.65,0.0,0.0,0.0
2006-05-26,2006-07-27,OPTSTK,UTIBANK,270.0,PA,0.0,0.0,0.0,12.3,10.3,0.0,0.0,0.0
2006-05-26,2006-07-27,OPTSTK,UTIBANK,280.0,PA,0.0,0.0,0.0,12.25,13.7,0.0,0.0,0.0
2006-05-26,2006-07-27,OPTSTK,UTIBANK,290.0,PA,0.0,0.0,0.0,12.95,17.75,0.0,0.0,0.0
2006-05-26,2006-07-27,OPTSTK,UTIBANK,300.0,PA,0.0,0.0,0.0,17.05,22.4,0.0,0.0,0.0
2006-05-26,2006-07-27,OPTSTK,UTIBANK,310.0,PA,0.0,0.0,0.0,15.25,27.7,0.0,0.0,0.0
2006-05-26,2006-07-27,OPTSTK,UTIBANK,320.0,PA,0.0,0.0,0.0,21.1,33.55,0.0,0.0,0.0
2006-05-26,2006-07-27,OPTSTK,UTIBANK,330.0,PA,0.0,0.0,0.0,25.25,40.0,0.0,0.0,0.0
2006-05-26,2006-07-27,OPTSTK,UTIBANK,340.0,PA,0.0,0.0,0.0,29.9,46.95,0.0,0.0,0.0
2006-05-26,2006-07-27,OPTSTK,UTIBANK,350.0,PA,0.0,0.0,0.0,34.95,54.35,0.0,0.0,0.0
2006-05-26,2006-07-27,OPTSTK,UTIBANK,360.0,PA,0.0,0.0,0.0,40.45,62.15,0.0,0.0,0.0
2006-05-26,2006-07-27,OPTSTK,UTIBANK,370.0,PA,0.0,0.0,0.0,46.3,70.3,0.0,0.0,0.0
2006-05-26,2006-07-27,OPTSTK,UTIBANK,380.0,PA,0.0,0.0,0.0,52.55,78.75,0.0,0.0,0.0
2006-05-26,2006-07-27,OPTSTK,UTIBANK,390.0,PA,0.0,0.0,0.0,49.05,87.45,0.0,0.0,0.0
2006-05-26,2006-07-27,OPTSTK,UTIBANK,400.0,PA,0.0,0.0,0.0,55.4,96.4,0.0,0.0,0.0
2006-05-26,2006-08-31,OPTSTK,UTIBANK,270.0,CA,0.0,0.0,0.0,48.4,52.4,0.0,0.0,0.0
2006-05-26,2006-08-31,OPTSTK,UTIBANK,280.0,CA,0.0,0.0,0.0,42.7,46.35,0.0,0.0,0.0
2006-05-26,2006-08-31,OPTSTK,UTIBANK,290.0,CA,0.0,0.0,0.0,37.45,40.8,0.0,0.0,0.0
2006-05-26,2006-08-31,OPTSTK,UTIBANK,300.0,CA,0.0,0.0,0.0,32.75,35.75,0.0,0.0,0.0
2006-05-26,2006-08-31,OPTSTK,UTIBANK,310.0,CA,0.0,0.0,0.0,28.5,31.2,0.0,0.0,0.0
2006-05-26,2006-08-31,OPTSTK,UTIBANK,320.0,CA,0.0,0.0,0.0,24.75,27.15,0.0,0.0,0.0
2006-05-26,2006-08-31,OPTSTK,UTIBANK,330.0,CA,0.0,0.0,0.0,21.35,23.5,0.0,0.0,0.0
2006-05-26,2006-08-31,OPTSTK,UTIBANK,270.0,PA,0.0,0.0,0.0,17.05,14.85,0.0,0.0,0.0
2006-05-26,2006-08-31,OPTSTK,UTIBANK,280.0,PA,0.0,0.0,0.0,21.15,18.65,0.0,0.0,0.0
2006-05-26,2006-08-31,OPTSTK,UTIBANK,290.0,PA,0.0,0.0,0.0,25.75,22.9,0.0,0.0,0.0
2006-05-26,2006-08-31,OPTSTK,UTIBANK,300.0,PA,0.0,0.0,0.0,30.85,27.7,0.0,0.0,0.0
2006-05-26,2006-08-31,OPTSTK,UTIBANK,310.0,PA,0.0,0.0,0.0,36.4,33.0,0.0,0.0,0.0
2006-05-26,2006-08-31,OPTSTK,UTIBANK,320.0,PA,0.0,0.0,0.0,42.45,38.7,0.0,0.0,0.0
2006-05-26,2006-08-31,OPTSTK,UTIBANK,330.0,PA,0.0,0.0,0.0,48.9,44.9,0.0,0.0,0.0
2006-05-26,2006-06-29,OPTSTK,VIJAYABANK,30.0,CA,0.0,0.0,0.0,9.2,17.4,0.0,0.0,0.0
2006-05-26,2006-06-29,OPTSTK,VIJAYABANK,32.5,CA,0.0,0.0,0.0,7.1,15.25,0.0,0.0,0.0
2006-05-26,2006-06-29,OPTSTK,VIJAYABANK,35.0,CA,0.0,0.0,0.0,15.9,13.25,0.0,0.0,0.0
2006-05-26,2006-06-29,OPTSTK,VIJAYABANK,37.5,CA,5.0,5.0,5.0,5.0,5.0,1.0,1.46,3450.0
2006-05-26,2006-06-29,OPTSTK,VIJAYABANK,40.0,CA,0.0,0.0,0.0,11.1,9.75,0.0,0.0,0.0
2006-05-26,2006-06-29,OPTSTK,VIJAYABANK,42.5,CA,0.0,0.0,0.0,7.25,8.25,0.0,0.0,0.0
2006-05-26,2006-06-29,OPTSTK,VIJAYABANK,45.0,CA,3.0,3.9,3.0,3.9,3.9,3.0,5.01,6900.0
2006-05-26,2006-06-29,OPTSTK,VIJAYABANK,47.5,CA,0.0,0.0,0.0,3.55,5.85,0.0,0.0,0.0
2006-05-26,2006-06-29,OPTSTK,VIJAYABANK,50.0,CA,1.3,2.05,1.0,1.9,1.9,44.0,78.16,144900.0
2006-05-26,2006-06-29,OPTSTK,VIJAYABANK,52.5,CA,0.8,0.9,0.8,0.9,0.9,4.0,7.36,13800.0
2006-05-26,2006-06-29,OPTSTK,VIJAYABANK,55.0,CA,0.75,0.75,0.75,0.75,0.75,3.0,5.77,17250.0
2006-05-26,2006-06-29,OPTSTK,VIJAYABANK,57.5,CA,0.0,0.0,0.0,0.45,2.75,0.0,0.0,0.0
2006-05-26,2006-06-29,OPTSTK,VIJAYABANK,60.0,CA,0.0,0.0,0.0,0.5,2.25,0.0,0.0,3450.0
2006-05-26,2006-06-29,OPTSTK,VIJAYABANK,65.0,CA,0.0,0.0,0.0,0.1,1.5,0.0,0.0,0.0
2006-05-26,2006-06-29,OPTSTK,VIJAYABANK,70.0,CA,0.0,0.0,0.0,0.45,1.0,0.0,0.0,0.0
2006-05-26,2006-06-29,OPTSTK,VIJAYABANK,30.0,PA,0.0,0.0,0.0,0.35,0.45,0.0,0.0,0.0
2006-05-26,2006-06-29,OPTSTK,VIJAYABANK,32.5,PA,0.0,0.0,0.0,0.75,0.8,0.0,0.0,0.0
2006-05-26,2006-06-29,OPTSTK,VIJAYABANK,35.0,PA,0.0,0.0,0.0,50.6,1.3,0.0,0.0,0.0
2006-05-26,2006-06-29,OPTSTK,VIJAYABANK,37.5,PA,0.0,0.0,0.0,0.55,1.95,0.0,0.0,0.0
2006-05-26,2006-06-29,OPTSTK,VIJAYABANK,40.0,PA,1.0,1.0,1.0,1.0,1.0,1.0,1.41,3450.0
2006-05-26,2006-06-29,OPTSTK,VIJAYABANK,42.5,PA,0.0,0.0,0.0,0.35,3.75,0.0,0.0,0.0
2006-05-26,2006-06-29,OPTSTK,VIJAYABANK,45.0,PA,0.0,0.0,0.0,0.5,4.95,0.0,0.0,0.0
2006-05-26,2006-06-29,OPTSTK,VIJAYABANK,47.5,PA,0.0,0.0,0.0,1.65,6.3,0.0,0.0,0.0
2006-05-26,2006-06-29,OPTSTK,VIJAYABANK,50.0,PA,0.0,0.0,0.0,2.0,7.8,0.0,0.0,0.0
2006-05-26,2006-06-29,OPTSTK,VIJAYABANK,52.5,PA,0.0,0.0,0.0,4.45,9.45,0.0,0.0,0.0
2006-05-26,2006-06-29,OPTSTK,VIJAYABANK,55.0,PA,0.0,0.0,0.0,4.9,11.2,0.0,0.0,0.0
2006-05-26,2006-06-29,OPTSTK,VIJAYABANK,57.5,PA,0.0,0.0,0.0,8.45,13.1,0.0,0.0,0.0
2006-05-26,2006-06-29,OPTSTK,VIJAYABANK,60.0,PA,0.0,0.0,0.0,8.95,15.1,0.0,0.0,0.0
2006-05-26,2006-06-29,OPTSTK,VIJAYABANK,65.0,PA,0.0,0.0,0.0,13.6,19.35,0.0,0.0,0.0
2006-05-26,2006-06-29,OPTSTK,VIJAYABANK,70.0,PA,0.0,0.0,0.0,14.7,23.8,0.0,0.0,0.0
2006-05-26,2006-07-27,OPTSTK,VIJAYABANK,30.0,CA,0.0,0.0,0.0,9.8,18.35,0.0,0.0,0.0
2006-05-26,2006-07-27,OPTSTK,VIJAYABANK,32.5,CA,0.0,0.0,0.0,7.9,16.45,0.0,0.0,0.0
2006-05-26,2006-07-27,OPTSTK,VIJAYABANK,35.0,CA,0.0,0.0,0.0,17.4,14.7,0.0,0.0,0.0
2006-05-26,2006-07-27,OPTSTK,VIJAYABANK,37.5,CA,0.0,0.0,0.0,9.55,13.1,0.0,0.0,0.0
2006-05-26,2006-07-27,OPTSTK,VIJAYABANK,40.0,CA,0.0,0.0,0.0,12.6,11.6,0.0,0.0,0.0
2006-05-26,2006-07-27,OPTSTK,VIJAYABANK,42.5,CA,0.0,0.0,0.0,7.8,10.3,0.0,0.0,0.0
2006-05-26,2006-07-27,OPTSTK,VIJAYABANK,45.0,CA,0.0,0.0,0.0,8.25,9.1,0.0,0.0,0.0
2006-05-26,2006-07-27,OPTSTK,VIJAYABANK,47.5,CA,0.0,0.0,0.0,4.35,8.0,0.0,0.0,0.0
2006-05-26,2006-07-27,OPTSTK,VIJAYABANK,50.0,CA,0.0,0.0,0.0,4.75,7.05,0.0,0.0,0.0
2006-05-26,2006-07-27,OPTSTK,VIJAYABANK,52.5,CA,0.0,0.0,0.0,2.1,6.2,0.0,0.0,0.0
2006-05-26,2006-07-27,OPTSTK,VIJAYABANK,55.0,CA,0.0,0.0,0.0,2.4,5.45,0.0,0.0,0.0
2006-05-26,2006-07-27,OPTSTK,VIJAYABANK,57.5,CA,0.0,0.0,0.0,0.9,4.8,0.0,0.0,0.0
2006-05-26,2006-07-27,OPTSTK,VIJAYABANK,60.0,CA,0.0,0.0,0.0,1.1,4.2,0.0,0.0,0.0
2006-05-26,2006-07-27,OPTSTK,VIJAYABANK,65.0,CA,0.0,0.0,0.0,0.45,3.25,0.0,0.0,0.0
2006-05-26,2006-07-27,OPTSTK,VIJAYABANK,70.0,CA,0.0,0.0,0.0,0.25,2.5,0.0,0.0,0.0
2006-05-26,2006-07-27,OPTSTK,VIJAYABANK,30.0,PA,0.0,0.0,0.0,0.75,1.25,0.0,0.0,0.0
2006-05-26,2006-07-27,OPTSTK,VIJAYABANK,32.5,PA,0.0,0.0,0.0,1.35,1.85,0.0,0.0,0.0
2006-05-26,2006-07-27,OPTSTK,VIJAYABANK,35.0,PA,0.0,0.0,0.0,0.05,2.55,0.0,0.0,0.0
2006-05-26,2006-07-27,OPTSTK,VIJAYABANK,37.5,PA,0.0,0.0,0.0,1.05,3.4,0.0,0.0,0.0
2006-05-26,2006-07-27,OPTSTK,VIJAYABANK,40.0,PA,0.0,0.0,0.0,0.15,4.4,0.0,0.0,0.0
2006-05-26,2006-07-27,OPTSTK,VIJAYABANK,42.5,PA,0.0,0.0,0.0,0.7,5.55,0.0,0.0,0.0
2006-05-26,2006-07-27,OPTSTK,VIJAYABANK,45.0,PA,0.0,0.0,0.0,0.7,6.8,0.0,0.0,0.0
2006-05-26,2006-07-27,OPTSTK,VIJAYABANK,47.5,PA,0.0,0.0,0.0,2.2,8.2,0.0,0.0,0.0
2006-05-26,2006-07-27,OPTSTK,VIJAYABANK,50.0,PA,0.0,0.0,0.0,2.15,9.75,0.0,0.0,0.0
2006-05-26,2006-07-27,OPTSTK,VIJAYABANK,52.5,PA,0.0,0.0,0.0,4.9,11.35,0.0,0.0,0.0
2006-05-26,2006-07-27,OPTSTK,VIJAYABANK,55.0,PA,0.0,0.0,0.0,4.7,13.05,0.0,0.0,0.0
2006-05-26,2006-07-27,OPTSTK,VIJAYABANK,57.5,PA,0.0,0.0,0.0,8.6,14.9,0.0,0.0,0.0
2006-05-26,2006-07-27,OPTSTK,VIJAYABANK,60.0,PA,0.0,0.0,0.0,8.3,16.75,0.0,0.0,0.0
2006-05-26,2006-07-27,OPTSTK,VIJAYABANK,65.0,PA,0.0,0.0,0.0,12.6,20.75,0.0,0.0,0.0
2006-05-26,2006-07-27,OPTSTK,VIJAYABANK,70.0,PA,0.0,0.0,0.0,15.75,24.95,0.0,0.0,0.0
2006-05-26,2006-08-31,OPTSTK,VIJAYABANK,32.5,CA,0.0,0.0,0.0,11.1,17.8,0.0,0.0,0.0
2006-05-26,2006-08-31,OPTSTK,VIJAYABANK,35.0,CA,0.0,0.0,0.0,9.65,16.25,0.0,0.0,0.0
2006-05-26,2006-08-31,OPTSTK,VIJAYABANK,37.5,CA,0.0,0.0,0.0,8.35,14.8,0.0,0.0,0.0
2006-05-26,2006-08-31,OPTSTK,VIJAYABANK,40.0,CA,0.0,0.0,0.0,7.2,13.45,0.0,0.0,0.0
2006-05-26,2006-08-31,OPTSTK,VIJAYABANK,42.5,CA,0.0,0.0,0.0,6.2,12.25,0.0,0.0,0.0
2006-05-26,2006-08-31,OPTSTK,VIJAYABANK,45.0,CA,0.0,0.0,0.0,5.3,11.1,0.0,0.0,0.0
2006-05-26,2006-08-31,OPTSTK,VIJAYABANK,47.5,CA,0.0,0.0,0.0,4.55,10.1,0.0,0.0,0.0
2006-05-26,2006-08-31,OPTSTK,VIJAYABANK,50.0,CA,0.0,0.0,0.0,0.0,0.0,0.0,0.0,0.0
2006-05-26,2006-08-31,OPTSTK,VIJAYABANK,52.5,CA,0.0,0.0,0.0,0.0,0.0,0.0,0.0,0.0
2006-05-26,2006-08-31,OPTSTK,VIJAYABANK,55.0,CA,0.0,0.0,0.0,0.0,0.0,0.0,0.0,0.0
2006-05-26,2006-08-31,OPTSTK,VIJAYABANK,32.5,PA,0.0,0.0,0.0,2.8,3.0,0.0,0.0,0.0
2006-05-26,2006-08-31,OPTSTK,VIJAYABANK,35.0,PA,0.0,0.0,0.0,3.75,3.85,0.0,0.0,0.0
2006-05-26,2006-08-31,OPTSTK,VIJAYABANK,37.5,PA,0.0,0.0,0.0,4.9,4.85,0.0,0.0,0.0
2006-05-26,2006-08-31,OPTSTK,VIJAYABANK,40.0,PA,0.0,0.0,0.0,6.2,6.0,0.0,0.0,0.0
2006-05-26,2006-08-31,OPTSTK,VIJAYABANK,42.5,PA,0.0,0.0,0.0,7.65,7.25,0.0,0.0,0.0
2006-05-26,2006-08-31,OPTSTK,VIJAYABANK,45.0,PA,0.0,0.0,0.0,9.25,8.55,0.0,0.0,0.0
2006-05-26,2006-08-31,OPTSTK,VIJAYABANK,47.5,PA,0.0,0.0,0.0,10.95,10.0,0.0,0.0,0.0
2006-05-26,2006-08-31,OPTSTK,VIJAYABANK,50.0,PA,0.0,0.0,0.0,0.0,0.0,0.0,0.0,0.0
2006-05-26,2006-08-31,OPTSTK,VIJAYABANK,52.5,PA,0.0,0.0,0.0,0.0,0.0,0.0,0.0,0.0
2006-05-26,2006-08-31,OPTSTK,VIJAYABANK,55.0,PA,0.0,0.0,0.0,0.0,0.0,0.0,0.0,0.0
2006-05-26,2006-06-29,OPTSTK,VSNL,350.0,CA,0.0,0.0,0.0,62.65,96.15,0.0,0.0,0.0
2006-05-26,2006-06-29,OPTSTK,VSNL,360.0,CA,0.0,0.0,0.0,57.6,89.3,0.0,0.0,0.0
2006-05-26,2006-06-29,OPTSTK,VSNL,370.0,CA,0.0,0.0,0.0,67.3,82.75,0.0,0.0,0.0
2006-05-26,2006-06-29,OPTSTK,VSNL,380.0,CA,0.0,0.0,0.0,71.95,76.6,0.0,0.0,0.0
2006-05-26,2006-06-29,OPTSTK,VSNL,390.0,CA,0.0,0.0,0.0,67.25,70.75,0.0,0.0,0.0
2006-05-26,2006-06-29,OPTSTK,VSNL,400.0,CA,42.6,45.0,42.6,45.0,45.0,2.0,9.31,2100.0
2006-05-26,2006-06-29,OPTSTK,VSNL,410.0,CA,0.0,0.0,0.0,63.5,60.05,0.0,0.0,0.0
2006-05-26,2006-06-29,OPTSTK,VSNL,420.0,CA,0.0,0.0,0.0,67.55,55.2,0.0,0.0,0.0
2006-05-26,2006-06-29,OPTSTK,VSNL,430.0,CA,0.0,0.0,0.0,11.0,50.7,0.0,0.0,1050.0
2006-05-26,2006-06-29,OPTSTK,VSNL,440.0,CA,24.1,34.0,21.5,24.3,24.3,31.0,152.1,18900.0
2006-05-26,2006-06-29,OPTSTK,VSNL,450.0,CA,20.0,22.85,18.1,21.45,21.45,12.0,59.3,12600.0
2006-05-26,2006-06-29,OPTSTK,VSNL,460.0,CA,13.45,22.55,13.45,14.75,14.75,26.0,130.54,12600.0
2006-05-26,2006-06-29,OPTSTK,VSNL,470.0,CA,15.5,15.5,15.5,15.5,15.5,1.0,5.09,1050.0
2006-05-26,2006-06-29,OPTSTK,VSNL,480.0,CA,10.5,10.5,10.5,10.5,10.5,4.0,20.6,4200.0
2006-05-26,2006-06-29,OPTSTK,VSNL,490.0,CA,0.0,0.0,0.0,48.85,29.5,0.0,0.0,0.0
2006-05-26,2006-06-29,OPTSTK,VSNL,500.0,CA,0.0,0.0,0.0,45.05,26.85,0.0,0.0,0.0
2006-05-26,2006-06-29,OPTSTK,VSNL,510.0,CA,0.0,0.0,0.0,48.9,24.4,0.0,0.0,0.0
2006-05-26,2006-06-29,OPTSTK,VSNL,520.0,CA,0.0,0.0,0.0,53.5,22.2,0.0,0.0,0.0
2006-05-26,2006-06-29,OPTSTK,VSNL,540.0,CA,0.0,0.0,0.0,45.8,18.25,0.0,0.0,0.0
2006-05-26,2006-06-29,OPTSTK,VSNL,560.0,CA,0.0,0.0,0.0,39.1,14.95,0.0,0.0,0.0
2006-05-26,2006-06-29,OPTSTK,VSNL,350.0,PA,0.0,0.0,0.0,34.95,16.7,0.0,0.0,0.0
2006-05-26,2006-06-29,OPTSTK,VSNL,360.0,PA,0.0,0.0,0.0,39.85,19.75,0.0,0.0,0.0
2006-05-26,2006-06-29,OPTSTK,VSNL,370.0,PA,0.0,0.0,0.0,39.2,23.15,0.0,0.0,0.0
2006-05-26,2006-06-29,OPTSTK,VSNL,380.0,PA,0.0,0.0,0.0,41.45,26.95,0.0,0.0,0.0
2006-05-26,2006-06-29,OPTSTK,VSNL,390.0,PA,0.0,0.0,0.0,27.75,31.05,0.0,0.0,0.0
2006-05-26,2006-06-29,OPTSTK,VSNL,400.0,PA,9.0,9.0,9.0,9.0,9.0,1.0,4.29,1050.0
2006-05-26,2006-06-29,OPTSTK,VSNL,410.0,PA,0.0,0.0,0.0,40.6,40.25,0.0,0.0,0.0
2006-05-26,2006-06-29,OPTSTK,VSNL,420.0,PA,0.0,0.0,0.0,29.15,45.3,0.0,0.0,0.0
2006-05-26,2006-06-29,OPTSTK,VSNL,430.0,PA,0.0,0.0,0.0,33.45,50.75,0.0,0.0,0.0
2006-05-26,2006-06-29,OPTSTK,VSNL,440.0,PA,0.0,0.0,0.0,36.8,56.45,0.0,0.0,0.0
2006-05-26,2006-06-29,OPTSTK,VSNL,450.0,PA,0.0,0.0,0.0,41.35,62.45,0.0,0.0,0.0
2006-05-26,2006-06-29,OPTSTK,VSNL,460.0,PA,0.0,0.0,0.0,46.25,68.75,0.0,0.0,0.0
2006-05-26,2006-06-29,OPTSTK,VSNL,470.0,PA,0.0,0.0,0.0,51.4,75.3,0.0,0.0,0.0
2006-05-26,2006-06-29,OPTSTK,VSNL,480.0,PA,0.0,0.0,0.0,56.8,82.1,0.0,0.0,0.0
2006-05-26,2006-06-29,OPTSTK,VSNL,490.0,PA,0.0,0.0,0.0,62.55,89.15,0.0,0.0,0.0
2006-05-26,2006-06-29,OPTSTK,VSNL,500.0,PA,0.0,0.0,0.0,68.5,96.45,0.0,0.0,0.0
2006-05-26,2006-06-29,OPTSTK,VSNL,510.0,PA,0.0,0.0,0.0,62.95,103.95,0.0,0.0,0.0
2006-05-26,2006-06-29,OPTSTK,VSNL,520.0,PA,0.0,0.0,0.0,63.5,111.65,0.0,0.0,0.0
2006-05-26,2006-06-29,OPTSTK,VSNL,540.0,PA,0.0,0.0,0.0,75.45,127.6,0.0,0.0,0.0
2006-05-26,2006-06-29,OPTSTK,VSNL,560.0,PA,0.0,0.0,0.0,88.35,144.2,0.0,0.0,0.0
2006-05-26,2006-07-27,OPTSTK,VSNL,350.0,CA,0.0,0.0,0.0,78.15,110.55,0.0,0.0,0.0
2006-05-26,2006-07-27,OPTSTK,VSNL,360.0,CA,0.0,0.0,0.0,73.45,104.45,0.0,0.0,0.0
2006-05-26,2006-07-27,OPTSTK,VSNL,370.0,CA,0.0,0.0,0.0,83.25,98.65,0.0,0.0,0.0
2006-05-26,2006-07-27,OPTSTK,VSNL,380.0,CA,0.0,0.0,0.0,88.45,93.15,0.0,0.0,0.0
2006-05-26,2006-07-27,OPTSTK,VSNL,390.0,CA,0.0,0.0,0.0,74.85,87.85,0.0,0.0,0.0
2006-05-26,2006-07-27,OPTSTK,VSNL,400.0,CA,0.0,0.0,0.0,69.6,82.8,0.0,0.0,0.0
2006-05-26,2006-07-27,OPTSTK,VSNL,410.0,CA,0.0,0.0,0.0,64.65,78.05,0.0,0.0,0.0
2006-05-26,2006-07-27,OPTSTK,VSNL,420.0,CA,0.0,0.0,0.0,60.0,73.5,0.0,0.0,0.0
2006-05-26,2006-07-27,OPTSTK,VSNL,430.0,CA,0.0,0.0,0.0,55.65,69.15,0.0,0.0,0.0
2006-05-26,2006-07-27,OPTSTK,VSNL,440.0,CA,0.0,0.0,0.0,51.55,65.1,0.0,0.0,0.0
2006-05-26,2006-07-27,OPTSTK,VSNL,450.0,CA,0.0,0.0,0.0,47.7,61.2,0.0,0.0,0.0
2006-05-26,2006-07-27,OPTSTK,VSNL,460.0,CA,0.0,0.0,0.0,54.9,57.55,0.0,0.0,0.0
2006-05-26,2006-07-27,OPTSTK,VSNL,470.0,CA,0.0,0.0,0.0,51.05,54.05,0.0,0.0,0.0
2006-05-26,2006-07-27,OPTSTK,VSNL,480.0,CA,0.0,0.0,0.0,56.85,50.8,0.0,0.0,0.0
2006-05-26,2006-07-27,OPTSTK,VSNL,490.0,CA,0.0,0.0,0.0,52.9,47.7,0.0,0.0,0.0
2006-05-26,2006-07-27,OPTSTK,VSNL,500.0,CA,0.0,0.0,0.0,64.2,44.8,0.0,0.0,0.0
2006-05-26,2006-07-27,OPTSTK,VSNL,510.0,CA,0.0,0.0,0.0,60.15,42.05,0.0,0.0,0.0
2006-05-26,2006-07-27,OPTSTK,VSNL,520.0,CA,0.0,0.0,0.0,56.3,39.45,0.0,0.0,0.0
2006-05-26,2006-07-27,OPTSTK,VSNL,350.0,PA,0.0,0.0,0.0,48.6,29.3,0.0,0.0,0.0
2006-05-26,2006-07-27,OPTSTK,VSNL,360.0,PA,0.0,0.0,0.0,53.8,33.1,0.0,0.0,0.0
2006-05-26,2006-07-27,OPTSTK,VSNL,370.0,PA,0.0,0.0,0.0,53.2,37.2,0.0,0.0,0.0
2006-05-26,2006-07-27,OPTSTK,VSNL,380.0,PA,0.0,0.0,0.0,55.95,41.55,0.0,0.0,0.0
2006-05-26,2006-07-27,OPTSTK,VSNL,390.0,PA,0.0,0.0,0.0,36.35,46.15,0.0,0.0,0.0
2006-05-26,2006-07-27,OPTSTK,VSNL,400.0,PA,0.0,0.0,0.0,40.95,51.0,0.0,0.0,0.0
2006-05-26,2006-07-27,OPTSTK,VSNL,410.0,PA,0.0,0.0,0.0,45.85,56.1,0.0,0.0,0.0
2006-05-26,2006-07-27,OPTSTK,VSNL,420.0,PA,0.0,0.0,0.0,51.05,61.45,0.0,0.0,0.0
2006-05-26,2006-07-27,OPTSTK,VSNL,430.0,PA,0.0,0.0,0.0,56.5,67.0,0.0,0.0,0.0
2006-05-26,2006-07-27,OPTSTK,VSNL,440.0,PA,0.0,0.0,0.0,62.2,72.8,0.0,0.0,0.0
2006-05-26,2006-07-27,OPTSTK,VSNL,450.0,PA,0.0,0.0,0.0,68.2,78.8,0.0,0.0,0.0
2006-05-26,2006-07-27,OPTSTK,VSNL,460.0,PA,0.0,0.0,0.0,66.5,85.0,0.0,0.0,0.0
2006-05-26,2006-07-27,OPTSTK,VSNL,470.0,PA,0.0,0.0,0.0,72.5,91.45,0.0,0.0,0.0
2006-05-26,2006-07-27,OPTSTK,VSNL,480.0,PA,0.0,0.0,0.0,65.85,98.05,0.0,0.0,0.0
2006-05-26,2006-07-27,OPTSTK,VSNL,490.0,PA,0.0,0.0,0.0,71.75,104.85,0.0,0.0,0.0
2006-05-26,2006-07-27,OPTSTK,VSNL,500.0,PA,0.0,0.0,0.0,67.75,111.8,0.0,0.0,0.0
2006-05-26,2006-07-27,OPTSTK,VSNL,510.0,PA,0.0,0.0,0.0,73.5,118.95,0.0,0.0,0.0
2006-05-26,2006-07-27,OPTSTK,VSNL,520.0,PA,0.0,0.0,0.0,79.5,126.25,0.0,0.0,0.0
2006-05-26,2006-08-31,OPTSTK,VSNL,400.0,CA,0.0,0.0,0.0,105.25,99.9,0.0,0.0,0.0
2006-05-26,2006-08-31,OPTSTK,VSNL,410.0,CA,0.0,0.0,0.0,100.75,95.45,0.0,0.0,0.0
2006-05-26,2006-08-31,OPTSTK,VSNL,420.0,CA,0.0,0.0,0.0,96.45,91.15,0.0,0.0,0.0
2006-05-26,2006-08-31,OPTSTK,VSNL,430.0,CA,0.0,0.0,0.0,92.35,87.05,0.0,0.0,0.0
2006-05-26,2006-08-31,OPTSTK,VSNL,440.0,CA,0.0,0.0,0.0,88.35,83.1,0.0,0.0,0.0
2006-05-26,2006-08-31,OPTSTK,VSNL,450.0,CA,0.0,0.0,0.0,84.55,79.35,0.0,0.0,0.0
2006-05-26,2006-08-31,OPTSTK,VSNL,460.0,CA,0.0,0.0,0.0,80.95,75.75,0.0,0.0,0.0
2006-05-26,2006-08-31,OPTSTK,VSNL,400.0,PA,0.0,0.0,0.0,67.05,65.55,0.0,0.0,0.0
2006-05-26,2006-08-31,OPTSTK,VSNL,410.0,PA,0.0,0.0,0.0,72.35,70.85,0.0,0.0,0.0
2006-05-26,2006-08-31,OPTSTK,VSNL,420.0,PA,0.0,0.0,0.0,77.85,76.4,0.0,0.0,0.0
2006-05-26,2006-08-31,OPTSTK,VSNL,430.0,PA,0.0,0.0,0.0,83.55,82.1,0.0,0.0,0.0
2006-05-26,2006-08-31,OPTSTK,VSNL,440.0,PA,0.0,0.0,0.0,89.4,88.0,0.0,0.0,0.0
2006-05-26,2006-08-31,OPTSTK,VSNL,450.0,PA,0.0,0.0,0.0,95.45,94.05,0.0,0.0,0.0
2006-05-26,2006-08-31,OPTSTK,VSNL,460.0,PA,0.0,0.0,0.0,101.6,100.3,0.0,0.0,0.0
2006-05-26,2006-06-29,OPTSTK,WIPRO,410.0,CA,0.0,0.0,0.0,47.35,82.95,0.0,0.0,0.0
2006-05-26,2006-06-29,OPTSTK,WIPRO,420.0,CA,0.0,0.0,0.0,40.95,76.1,0.0,0.0,0.0
2006-05-26,2006-06-29,OPTSTK,WIPRO,430.0,CA,0.0,0.0,0.0,35.15,69.6,0.0,0.0,0.0
2006-05-26,2006-06-29,OPTSTK,WIPRO,440.0,CA,0.0,0.0,0.0,77.6,63.45,0.0,0.0,0.0
2006-05-26,2006-06-29,OPTSTK,WIPRO,450.0,CA,0.0,0.0,0.0,25.25,57.75,0.0,0.0,0.0
2006-05-26,2006-06-29,OPTSTK,WIPRO,460.0,CA,20.05,52.0,20.05,52.0,52.0,6.0,17.67,4800.0
2006-05-26,2006-06-29,OPTSTK,WIPRO,470.0,CA,0.0,0.0,0.0,42.7,47.4,0.0,0.0,0.0
2006-05-26,2006-06-29,OPTSTK,WIPRO,480.0,CA,30.0,32.0,19.5,24.5,24.5,14.0,42.48,6000.0
2006-05-26,2006-06-29,OPTSTK,WIPRO,490.0,CA,0.0,0.0,0.0,32.3,38.5,0.0,0.0,0.0
2006-05-26,2006-06-29,OPTSTK,WIPRO,500.0,CA,13.1,18.0,13.1,18.0,18.0,16.0,49.37,6600.0
2006-05-26,2006-06-29,OPTSTK,WIPRO,510.0,CA,0.0,0.0,0.0,23.8,30.95,0.0,0.0,0.0
2006-05-26,2006-06-29,OPTSTK,WIPRO,520.0,CA,0.0,0.0,0.0,82.1,27.7,0.0,0.0,0.0
2006-05-26,2006-06-29,OPTSTK,WIPRO,540.0,CA,0.0,0.0,0.0,25.0,22.0,0.0,0.0,600.0
2006-05-26,2006-06-29,OPTSTK,WIPRO,560.0,CA,0.0,0.0,0.0,58.65,17.35,0.0,0.0,0.0
2006-05-26,2006-06-29,OPTSTK,WIPRO,580.0,CA,0.0,0.0,0.0,48.85,13.55,0.0,0.0,0.0
2006-05-26,2006-06-29,OPTSTK,WIPRO,600.0,CA,0.0,0.0,0.0,12.0,10.55,0.0,0.0,600.0
2006-05-26,2006-06-29,OPTSTK,WIPRO,620.0,CA,0.0,0.0,0.0,33.1,8.15,0.0,0.0,0.0
2006-05-26,2006-06-29,OPTSTK,WIPRO,640.0,CA,0.0,0.0,0.0,28.8,6.25,0.0,0.0,0.0
2006-05-26,2006-06-29,OPTSTK,WIPRO,410.0,PA,0.0,0.0,0.0,12.65,15.35,0.0,0.0,0.0
2006-05-26,2006-06-29,OPTSTK,WIPRO,420.0,PA,0.0,0.0,0.0,16.2,18.45,0.0,0.0,0.0
2006-05-26,2006-06-29,OPTSTK,WIPRO,430.0,PA,0.0,0.0,0.0,20.3,21.85,0.0,0.0,0.0
2006-05-26,2006-06-29,OPTSTK,WIPRO,440.0,PA,0.0,0.0,0.0,6.6,25.7,0.0,0.0,0.0
2006-05-26,2006-06-29,OPTSTK,WIPRO,450.0,PA,0.0,0.0,0.0,30.25,29.9,0.0,0.0,0.0
2006-05-26,2006-06-29,OPTSTK,WIPRO,460.0,PA,0.0,0.0,0.0,11.55,34.45,0.0,0.0,0.0
2006-05-26,2006-06-29,OPTSTK,WIPRO,470.0,PA,0.0,0.0,0.0,21.4,39.4,0.0,0.0,0.0
2006-05-26,2006-06-29,OPTSTK,WIPRO,480.0,PA,0.0,0.0,0.0,13.25,44.75,0.0,0.0,0.0
2006-05-26,2006-06-29,OPTSTK,WIPRO,490.0,PA,0.0,0.0,0.0,30.8,50.4,0.0,0.0,0.0
2006-05-26,2006-06-29,OPTSTK,WIPRO,500.0,PA,0.0,0.0,0.0,15.3,56.4,0.0,0.0,0.0
2006-05-26,2006-06-29,OPTSTK,WIPRO,510.0,PA,0.0,0.0,0.0,42.2,62.75,0.0,0.0,0.0
2006-05-26,2006-06-29,OPTSTK,WIPRO,520.0,PA,0.0,0.0,0.0,21.15,69.4,0.0,0.0,0.0
2006-05-26,2006-06-29,OPTSTK,WIPRO,540.0,PA,0.0,0.0,0.0,28.35,83.6,0.0,0.0,0.0
2006-05-26,2006-06-29,OPTSTK,WIPRO,560.0,PA,0.0,0.0,0.0,36.85,98.8,0.0,0.0,0.0
2006-05-26,2006-06-29,OPTSTK,WIPRO,580.0,PA,0.0,0.0,0.0,46.65,114.9,0.0,0.0,0.0
2006-05-26,2006-06-29,OPTSTK,WIPRO,600.0,PA,0.0,0.0,0.0,57.75,131.75,0.0,0.0,0.0
2006-05-26,2006-06-29,OPTSTK,WIPRO,620.0,PA,0.0,0.0,0.0,70.05,149.2,0.0,0.0,0.0
2006-05-26,2006-06-29,OPTSTK,WIPRO,640.0,PA,0.0,0.0,0.0,88.95,167.2,0.0,0.0,0.0
2006-05-26,2006-07-27,OPTSTK,WIPRO,410.0,CA,0.0,0.0,0.0,56.25,96.25,0.0,0.0,0.0
2006-05-26,2006-07-27,OPTSTK,WIPRO,420.0,CA,0.0,0.0,0.0,50.3,90.05,0.0,0.0,0.0
2006-05-26,2006-07-27,OPTSTK,WIPRO,430.0,CA,0.0,0.0,0.0,44.75,84.15,0.0,0.0,0.0
2006-05-26,2006-07-27,OPTSTK,WIPRO,440.0,CA,0.0,0.0,0.0,85.25,78.6,0.0,0.0,0.0
2006-05-26,2006-07-27,OPTSTK,WIPRO,450.0,CA,0.0,0.0,0.0,35.05,73.3,0.0,0.0,0.0
2006-05-26,2006-07-27,OPTSTK,WIPRO,460.0,CA,0.0,0.0,0.0,71.2,68.25,0.0,0.0,0.0
2006-05-26,2006-07-27,OPTSTK,WIPRO,470.0,CA,0.0,0.0,0.0,52.95,63.55,0.0,0.0,0.0
2006-05-26,2006-07-27,OPTSTK,WIPRO,480.0,CA,0.0,0.0,0.0,95.1,59.05,0.0,0.0,0.0
2006-05-26,2006-07-27,OPTSTK,WIPRO,490.0,CA,0.0,0.0,0.0,42.8,54.85,0.0,0.0,0.0
2006-05-26,2006-07-27,OPTSTK,WIPRO,500.0,CA,0.0,0.0,0.0,82.05,50.85,0.0,0.0,0.0
2006-05-26,2006-07-27,OPTSTK,WIPRO,510.0,CA,0.0,0.0,0.0,34.2,47.15,0.0,0.0,0.0
2006-05-26,2006-07-27,OPTSTK,WIPRO,520.0,CA,0.0,0.0,0.0,70.3,43.65,0.0,0.0,0.0
2006-05-26,2006-07-27,OPTSTK,WIPRO,540.0,CA,0.0,0.0,0.0,59.8,37.35,0.0,0.0,0.0
2006-05-26,2006-07-27,OPTSTK,WIPRO,560.0,CA,0.0,0.0,0.0,50.45,31.85,0.0,0.0,0.0
2006-05-26,2006-07-27,OPTSTK,WIPRO,580.0,CA,0.0,0.0,0.0,42.35,27.15,0.0,0.0,0.0
2006-05-26,2006-07-27,OPTSTK,WIPRO,600.0,CA,0.0,0.0,0.0,35.3,23.05,0.0,0.0,0.0
2006-05-26,2006-07-27,OPTSTK,WIPRO,410.0,PA,0.0,0.0,0.0,19.4,26.55,0.0,0.0,0.0
2006-05-26,2006-07-27,OPTSTK,WIPRO,420.0,PA,0.0,0.0,0.0,23.3,30.25,0.0,0.0,0.0
2006-05-26,2006-07-27,OPTSTK,WIPRO,430.0,PA,0.0,0.0,0.0,27.65,34.25,0.0,0.0,0.0
2006-05-26,2006-07-27,OPTSTK,WIPRO,440.0,PA,0.0,0.0,0.0,11.95,38.55,0.0,0.0,0.0
2006-05-26,2006-07-27,OPTSTK,WIPRO,450.0,PA,0.0,0.0,0.0,37.7,43.15,0.0,0.0,0.0
2006-05-26,2006-07-27,OPTSTK,WIPRO,460.0,PA,0.0,0.0,0.0,17.65,48.0,0.0,0.0,0.0
2006-05-26,2006-07-27,OPTSTK,WIPRO,470.0,PA,0.0,0.0,0.0,29.15,53.15,0.0,0.0,0.0
2006-05-26,2006-07-27,OPTSTK,WIPRO,480.0,PA,0.0,0.0,0.0,19.65,58.55,0.0,0.0,0.0
2006-05-26,2006-07-27,OPTSTK,WIPRO,490.0,PA,0.0,0.0,0.0,38.75,64.25,0.0,0.0,0.0
2006-05-26,2006-07-27,OPTSTK,WIPRO,500.0,PA,0.0,0.0,0.0,26.25,70.15,0.0,0.0,0.0
2006-05-26,2006-07-27,OPTSTK,WIPRO,510.0,PA,0.0,0.0,0.0,49.9,76.3,0.0,0.0,0.0
2006-05-26,2006-07-27,OPTSTK,WIPRO,520.0,PA,0.0,0.0,0.0,34.15,82.7,0.0,0.0,0.0
2006-05-26,2006-07-27,OPTSTK,WIPRO,540.0,PA,0.0,0.0,0.0,43.3,96.15,0.0,0.0,0.0
2006-05-26,2006-07-27,OPTSTK,WIPRO,560.0,PA,0.0,0.0,0.0,53.65,110.45,0.0,0.0,0.0
2006-05-26,2006-07-27,OPTSTK,WIPRO,580.0,PA,0.0,0.0,0.0,65.15,125.5,0.0,0.0,0.0
2006-05-26,2006-07-27,OPTSTK,WIPRO,600.0,PA,0.0,0.0,0.0,77.75,141.15,0.0,0.0,0.0
2006-05-26,2006-08-31,OPTSTK,WIPRO,450.0,CA,0.0,0.0,0.0,0.0,0.0,0.0,0.0,0.0
2006-05-26,2006-08-31,OPTSTK,WIPRO,460.0,CA,0.0,0.0,0.0,92.9,83.8,0.0,0.0,0.0
2006-05-26,2006-08-31,OPTSTK,WIPRO,470.0,CA,0.0,0.0,0.0,88.15,79.25,0.0,0.0,0.0
2006-05-26,2006-08-31,OPTSTK,WIPRO,480.0,CA,0.0,0.0,0.0,83.6,74.95,0.0,0.0,0.0
2006-05-26,2006-08-31,OPTSTK,WIPRO,490.0,CA,0.0,0.0,0.0,79.25,70.8,0.0,0.0,0.0
2006-05-26,2006-08-31,OPTSTK,WIPRO,500.0,CA,0.0,0.0,0.0,75.15,66.9,0.0,0.0,0.0
2006-05-26,2006-08-31,OPTSTK,WIPRO,510.0,CA,0.0,0.0,0.0,71.2,63.15,0.0,0.0,0.0
2006-05-26,2006-08-31,OPTSTK,WIPRO,520.0,CA,0.0,0.0,0.0,67.4,59.6,0.0,0.0,0.0
2006-05-26,2006-08-31,OPTSTK,WIPRO,450.0,PA,0.0,0.0,0.0,0.0,0.0,0.0,0.0,0.0
2006-05-26,2006-08-31,OPTSTK,WIPRO,460.0,PA,0.0,0.0,0.0,58.25,60.6,0.0,0.0,0.0
2006-05-26,2006-08-31,OPTSTK,WIPRO,470.0,PA,0.0,0.0,0.0,63.35,65.9,0.0,0.0,0.0
2006-05-26,2006-08-31,OPTSTK,WIPRO,480.0,PA,0.0,0.0,0.0,68.6,71.35,0.0,0.0,0.0
2006-05-26,2006-08-31,OPTSTK,WIPRO,490.0,PA,0.0,0.0,0.0,74.1,77.05,0.0,0.0,0.0
2006-05-26,2006-08-31,OPTSTK,WIPRO,500.0,PA,0.0,0.0,0.0,79.8,82.95,0.0,0.0,0.0
2006-05-26,2006-08-31,OPTSTK,WIPRO,510.0,PA,0.0,0.0,0.0,85.65,89.05,0.0,0.0,0.0
2006-05-26,2006-08-31,OPTSTK,WIPRO,520.0,PA,0.0,0.0,0.0,91.7,95.35,0.0,0.0,0.0
2006-05-26,2006-06-29,OPTSTK,WOCKPHARMA,350.0,CA,0.0,0.0,0.0,44.95,53.7,0.0,0.0,0.0
2006-05-26,2006-06-29,OPTSTK,WOCKPHARMA,360.0,CA,0.0,0.0,0.0,38.6,46.65,0.0,0.0,0.0
2006-05-26,2006-06-29,OPTSTK,WOCKPHARMA,370.0,CA,0.0,0.0,0.0,48.4,40.15,0.0,0.0,0.0
2006-05-26,2006-06-29,OPTSTK,WOCKPHARMA,380.0,CA,0.0,0.0,0.0,42.05,34.3,0.0,0.0,0.0
2006-05-26,2006-06-29,OPTSTK,WOCKPHARMA,390.0,CA,0.0,0.0,0.0,48.5,29.05,0.0,0.0,0.0
2006-05-26,2006-06-29,OPTSTK,WOCKPHARMA,400.0,CA,0.0,0.0,0.0,55.3,24.4,0.0,0.0,0.0
2006-05-26,2006-06-29,OPTSTK,WOCKPHARMA,410.0,CA,0.0,0.0,0.0,49.1,20.35,0.0,0.0,0.0
2006-05-26,2006-06-29,OPTSTK,WOCKPHARMA,420.0,CA,0.0,0.0,0.0,54.05,16.8,0.0,0.0,0.0
2006-05-26,2006-06-29,OPTSTK,WOCKPHARMA,430.0,CA,0.0,0.0,0.0,57.0,13.8,0.0,0.0,0.0
2006-05-26,2006-06-29,OPTSTK,WOCKPHARMA,440.0,CA,0.0,0.0,0.0,12.0,11.25,0.0,0.0,600.0
2006-05-26,2006-06-29,OPTSTK,WOCKPHARMA,450.0,CA,0.0,0.0,0.0,45.15,9.05,0.0,0.0,0.0
2006-05-26,2006-06-29,OPTSTK,WOCKPHARMA,460.0,CA,0.0,0.0,0.0,65.25,7.3,0.0,0.0,0.0
2006-05-26,2006-06-29,OPTSTK,WOCKPHARMA,470.0,CA,0.0,0.0,0.0,53.05,5.8,0.0,0.0,0.0
2006-05-26,2006-06-29,OPTSTK,WOCKPHARMA,480.0,CA,4.0,4.0,4.0,4.0,4.0,1.0,2.9,1200.0
2006-05-26,2006-06-29,OPTSTK,WOCKPHARMA,490.0,CA,0.0,0.0,0.0,40.95,3.65,0.0,0.0,0.0
2006-05-26,2006-06-29,OPTSTK,WOCKPHARMA,500.0,CA,0.0,0.0,0.0,10.0,2.85,0.0,0.0,1200.0
2006-05-26,2006-06-29,OPTSTK,WOCKPHARMA,510.0,CA,0.0,0.0,0.0,30.8,2.2,0.0,0.0,0.0
2006-05-26,2006-06-29,OPTSTK,WOCKPHARMA,520.0,CA,0.0,0.0,0.0,26.45,1.7,0.0,0.0,0.0
2006-05-26,2006-06-29,OPTSTK,WOCKPHARMA,530.0,CA,0.0,0.0,0.0,22.6,1.3,0.0,0.0,0.0
2006-05-26,2006-06-29,OPTSTK,WOCKPHARMA,540.0,CA,0.0,0.0,0.0,21.7,1.0,0.0,0.0,0.0
2006-05-26,2006-06-29,OPTSTK,WOCKPHARMA,560.0,CA,0.0,0.0,0.0,15.55,0.6,0.0,0.0,0.0
2006-05-26,2006-06-29,OPTSTK,WOCKPHARMA,580.0,CA,0.0,0.0,0.0,15.65,0.35,0.0,0.0,0.0
2006-05-26,2006-06-29,OPTSTK,WOCKPHARMA,600.0,CA,0.0,0.0,0.0,20.1,0.2,0.0,0.0,0.0
2006-05-26,2006-06-29,OPTSTK,WOCKPHARMA,350.0,PA,0.0,0.0,0.0,11.6,8.7,0.0,0.0,0.0
2006-05-26,2006-06-29,OPTSTK,WOCKPHARMA,360.0,PA,0.0,0.0,0.0,15.1,11.55,0.0,0.0,0.0
2006-05-26,2006-06-29,OPTSTK,WOCKPHARMA,370.0,PA,0.0,0.0,0.0,13.1,15.05,0.0,0.0,0.0
2006-05-26,2006-06-29,OPTSTK,WOCKPHARMA,380.0,PA,0.0,0.0,0.0,16.7,19.1,0.0,0.0,0.0
2006-05-26,2006-06-29,OPTSTK,WOCKPHARMA,390.0,PA,0.0,0.0,0.0,12.65,23.8,0.0,0.0,0.0
2006-05-26,2006-06-29,OPTSTK,WOCKPHARMA,400.0,PA,0.0,0.0,0.0,16.35,29.1,0.0,0.0,0.0
2006-05-26,2006-06-29,OPTSTK,WOCKPHARMA,410.0,PA,0.0,0.0,0.0,20.05,34.95,0.0,0.0,0.0
2006-05-26,2006-06-29,OPTSTK,WOCKPHARMA,420.0,PA,0.0,0.0,0.0,15.75,41.35,0.0,0.0,0.0
2006-05-26,2006-06-29,OPTSTK,WOCKPHARMA,430.0,PA,0.0,0.0,0.0,17.3,48.25,0.0,0.0,0.0
2006-05-26,2006-06-29,OPTSTK,WOCKPHARMA,440.0,PA,0.0,0.0,0.0,5.5,55.65,0.0,0.0,0.0
2006-05-26,2006-06-29,OPTSTK,WOCKPHARMA,450.0,PA,0.0,0.0,0.0,25.2,63.45,0.0,0.0,0.0
2006-05-26,2006-06-29,OPTSTK,WOCKPHARMA,460.0,PA,0.0,0.0,0.0,9.55,71.6,0.0,0.0,0.0
2006-05-26,2006-06-29,OPTSTK,WOCKPHARMA,470.0,PA,0.0,0.0,0.0,14.3,80.05,0.0,0.0,0.0
2006-05-26,2006-06-29,OPTSTK,WOCKPHARMA,480.0,PA,0.0,0.0,0.0,17.8,88.8,0.0,0.0,0.0
2006-05-26,2006-06-29,OPTSTK,WOCKPHARMA,490.0,PA,0.0,0.0,0.0,21.75,97.75,0.0,0.0,0.0
2006-05-26,2006-06-29,OPTSTK,WOCKPHARMA,500.0,PA,0.0,0.0,0.0,26.2,106.9,0.0,0.0,0.0
2006-05-26,2006-06-29,OPTSTK,WOCKPHARMA,510.0,PA,0.0,0.0,0.0,31.2,116.2,0.0,0.0,0.0
2006-05-26,2006-06-29,OPTSTK,WOCKPHARMA,520.0,PA,0.0,0.0,0.0,36.65,125.65,0.0,0.0,0.0
2006-05-26,2006-06-29,OPTSTK,WOCKPHARMA,530.0,PA,0.0,0.0,0.0,42.55,135.2,0.0,0.0,0.0
2006-05-26,2006-06-29,OPTSTK,WOCKPHARMA,540.0,PA,0.0,0.0,0.0,44.4,144.8,0.0,0.0,0.0
2006-05-26,2006-06-29,OPTSTK,WOCKPHARMA,560.0,PA,0.0,0.0,0.0,57.8,164.25,0.0,0.0,0.0
2006-05-26,2006-06-29,OPTSTK,WOCKPHARMA,580.0,PA,0.0,0.0,0.0,63.9,183.9,0.0,0.0,0.0
2006-05-26,2006-06-29,OPTSTK,WOCKPHARMA,600.0,PA,0.0,0.0,0.0,65.6,203.65,0.0,0.0,0.0
2006-05-26,2006-07-27,OPTSTK,WOCKPHARMA,350.0,CA,0.0,0.0,0.0,53.15,62.1,0.0,0.0,0.0
2006-05-26,2006-07-27,OPTSTK,WOCKPHARMA,360.0,CA,0.0,0.0,0.0,47.2,55.65,0.0,0.0,0.0
2006-05-26,2006-07-27,OPTSTK,WOCKPHARMA,370.0,CA,0.0,0.0,0.0,56.85,49.7,0.0,0.0,0.0
2006-05-26,2006-07-27,OPTSTK,WOCKPHARMA,380.0,CA,0.0,0.0,0.0,50.95,44.25,0.0,0.0,0.0
2006-05-26,2006-07-27,OPTSTK,WOCKPHARMA,390.0,CA,0.0,0.0,0.0,56.75,39.2,0.0,0.0,0.0
2006-05-26,2006-07-27,OPTSTK,WOCKPHARMA,400.0,CA,0.0,0.0,0.0,62.45,34.6,0.0,0.0,0.0
2006-05-26,2006-07-27,OPTSTK,WOCKPHARMA,410.0,CA,0.0,0.0,0.0,56.55,30.45,0.0,0.0,0.0
2006-05-26,2006-07-27,OPTSTK,WOCKPHARMA,420.0,CA,0.0,0.0,0.0,51.05,26.65,0.0,0.0,0.0
2006-05-26,2006-07-27,OPTSTK,WOCKPHARMA,430.0,CA,0.0,0.0,0.0,45.95,23.3,0.0,0.0,0.0
2006-05-26,2006-07-27,OPTSTK,WOCKPHARMA,440.0,CA,0.0,0.0,0.0,41.2,20.25,0.0,0.0,0.0
2006-05-26,2006-07-27,OPTSTK,WOCKPHARMA,450.0,CA,0.0,0.0,0.0,36.9,17.6,0.0,0.0,0.0
2006-05-26,2006-07-27,OPTSTK,WOCKPHARMA,460.0,CA,0.0,0.0,0.0,32.9,15.25,0.0,0.0,0.0
2006-05-26,2006-07-27,OPTSTK,WOCKPHARMA,470.0,CA,0.0,0.0,0.0,32.1,13.15,0.0,0.0,0.0
2006-05-26,2006-07-27,OPTSTK,WOCKPHARMA,480.0,CA,0.0,0.0,0.0,28.95,11.3,0.0,0.0,0.0
2006-05-26,2006-07-27,OPTSTK,WOCKPHARMA,490.0,CA,0.0,0.0,0.0,23.05,9.7,0.0,0.0,0.0
2006-05-26,2006-07-27,OPTSTK,WOCKPHARMA,350.0,PA,0.0,0.0,0.0,17.9,15.25,0.0,0.0,0.0
2006-05-26,2006-07-27,OPTSTK,WOCKPHARMA,360.0,PA,0.0,0.0,0.0,21.85,18.75,0.0,0.0,0.0
2006-05-26,2006-07-27,OPTSTK,WOCKPHARMA,370.0,PA,0.0,0.0,0.0,19.65,22.7,0.0,0.0,0.0
2006-05-26,2006-07-27,OPTSTK,WOCKPHARMA,380.0,PA,0.0,0.0,0.0,23.6,27.1,0.0,0.0,0.0
2006-05-26,2006-07-27,OPTSTK,WOCKPHARMA,390.0,PA,0.0,0.0,0.0,18.85,31.95,0.0,0.0,0.0
2006-05-26,2006-07-27,OPTSTK,WOCKPHARMA,400.0,PA,0.0,0.0,0.0,21.4,37.2,0.0,0.0,0.0
2006-05-26,2006-07-27,OPTSTK,WOCKPHARMA,410.0,PA,0.0,0.0,0.0,25.35,42.95,0.0,0.0,0.0
2006-05-26,2006-07-27,OPTSTK,WOCKPHARMA,420.0,PA,0.0,0.0,0.0,29.65,49.05,0.0,0.0,0.0
2006-05-26,2006-07-27,OPTSTK,WOCKPHARMA,430.0,PA,0.0,0.0,0.0,34.4,55.55,0.0,0.0,0.0
2006-05-26,2006-07-27,OPTSTK,WOCKPHARMA,440.0,PA,0.0,0.0,0.0,39.5,62.45,0.0,0.0,0.0
2006-05-26,2006-07-27,OPTSTK,WOCKPHARMA,450.0,PA,0.0,0.0,0.0,45.0,69.65,0.0,0.0,0.0
2006-05-26,2006-07-27,OPTSTK,WOCKPHARMA,460.0,PA,0.0,0.0,0.0,50.85,77.2,0.0,0.0,0.0
2006-05-26,2006-07-27,OPTSTK,WOCKPHARMA,470.0,PA,0.0,0.0,0.0,52.0,85.0,0.0,0.0,0.0
2006-05-26,2006-07-27,OPTSTK,WOCKPHARMA,480.0,PA,0.0,0.0,0.0,54.85,93.0,0.0,0.0,0.0
2006-05-26,2006-07-27,OPTSTK,WOCKPHARMA,490.0,PA,0.0,0.0,0.0,41.45,101.3,0.0,0.0,0.0
2006-05-26,2006-08-31,OPTSTK,WOCKPHARMA,350.0,CA,0.0,0.0,0.0,58.5,70.85,0.0,0.0,0.0
2006-05-26,2006-08-31,OPTSTK,WOCKPHARMA,360.0,CA,0.0,0.0,0.0,53.05,64.9,0.0,0.0,0.0
2006-05-26,2006-08-31,OPTSTK,WOCKPHARMA,370.0,CA,0.0,0.0,0.0,47.95,59.3,0.0,0.0,0.0
2006-05-26,2006-08-31,OPTSTK,WOCKPHARMA,380.0,CA,0.0,0.0,0.0,43.25,54.05,0.0,0.0,0.0
2006-05-26,2006-08-31,OPTSTK,WOCKPHARMA,390.0,CA,0.0,0.0,0.0,38.95,49.2,0.0,0.0,0.0
2006-05-26,2006-08-31,OPTSTK,WOCKPHARMA,400.0,CA,0.0,0.0,0.0,34.95,44.65,0.0,0.0,0.0
2006-05-26,2006-08-31,OPTSTK,WOCKPHARMA,410.0,CA,0.0,0.0,0.0,31.35,40.5,0.0,0.0,0.0
2006-05-26,2006-08-31,OPTSTK,WOCKPHARMA,420.0,CA,0.0,0.0,0.0,0.0,0.0,0.0,0.0,0.0
2006-05-26,2006-08-31,OPTSTK,WOCKPHARMA,350.0,PA,0.0,0.0,0.0,25.35,21.8,0.0,0.0,0.0
2006-05-26,2006-08-31,OPTSTK,WOCKPHARMA,360.0,PA,0.0,0.0,0.0,29.75,25.65,0.0,0.0,0.0
2006-05-26,2006-08-31,OPTSTK,WOCKPHARMA,370.0,PA,0.0,0.0,0.0,34.45,29.9,0.0,0.0,0.0
2006-05-26,2006-08-31,OPTSTK,WOCKPHARMA,380.0,PA,0.0,0.0,0.0,39.6,34.45,0.0,0.0,0.0
2006-05-26,2006-08-31,OPTSTK,WOCKPHARMA,390.0,PA,0.0,0.0,0.0,45.1,39.4,0.0,0.0,0.0
2006-05-26,2006-08-31,OPTSTK,WOCKPHARMA,400.0,PA,0.0,0.0,0.0,50.95,44.7,0.0,0.0,0.0
2006-05-26,2006-08-31,OPTSTK,WOCKPHARMA,410.0,PA,0.0,0.0,0.0,57.15,50.35,0.0,0.0,0.0
2006-05-26,2006-08-31,OPTSTK,WOCKPHARMA,420.0,PA,0.0,0.0,0.0,0.0,0.0,0.0,0.0,0.0
2006-05-26,2006-06-29,UNDINT,NSE10Y06,0.0,FF,0.0,0.0,0.0,0.0,0.0,0.0,0.0,0.0
2006-05-26,2006-06-29,UNDINT,NSE10YZC,0.0,FF,0.0,0.0,0.0,0.0,0.0,0.0,0.0,0.0
2006-05-26,2006-06-29,UNDINT,NSETB91D,0.0,FF,0.0,0.0,0.0,0.0,0.0,0.0,0.0,0.0
