Ticker,Date,Time,Expiry Date,Open,High,Low,Close,Volume,Open Interest,Padding Flag
BANKNIFTY09OCT2451100CE.NFO,2024-09-05,09:15:00,2024-10-09,1382.95,1382.95,1382.95,1382.95,0,1000,1
BANKNIFTY09OCT2451100CE.NFO,2024-09-05,09:16:00,2024-10-09,1382.95,1382.95,1382.95,1382.95,0,1000,1
BANKNIFTY09OCT2451100CE.NFO,2024-09-05,09:17:00,2024-10-09,1382.95,1382.95,1382.95,1382.95,0,1000,1
BANKNIFTY09OCT2451100CE.NFO,2024-09-05,09:18:00,2024-10-09,1382.95,1382.95,1382.95,1382.95,0,1000,1
BANKNIFTY09OCT2451100CE.NFO,2024-09-05,09:19:00,2024-10-09,1382.95,1382.95,1382.95,1382.95,0,1000,1
BANKNIFTY09OCT2451100CE.NFO,2024-09-05,09:20:00,2024-10-09,1382.95,1382.95,1382.95,1382.95,0,1000,1
BANKNIFTY09OCT2451100CE.NFO,2024-09-05,09:21:00,2024-10-09,1382.95,1382.95,1382.95,1382.95,0,1000,1
BANKNIFTY09OCT2451100CE.NFO,2024-09-05,09:22:00,2024-10-09,1382.95,1382.95,1382.95,1382.95,0,1000,1
BANKNIFTY09OCT2451100CE.NFO,2024-09-05,09:23:00,2024-10-09,1382.95,1382.95,1382.95,1382.95,0,1000,1
BANKNIFTY09OCT2451100CE.NFO,2024-09-05,09:24:00,2024-10-09,1382.95,1382.95,1382.95,1382.95,0,1000,1
BANKNIFTY09OCT2451100CE.NFO,2024-09-05,09:25:00,2024-10-09,1382.95,1382.95,1382.95,1382.95,0,1000,1
BANKNIFTY09OCT2451100CE.NFO,2024-09-05,09:26:00,2024-10-09,1382.95,1382.95,1382.95,1382.95,0,1000,1
BANKNIFTY09OCT2451100CE.NFO,2024-09-05,09:27:00,2024-10-09,1382.95,1382.95,1382.95,1382.95,0,1000,1
BANKNIFTY09OCT2451100CE.NFO,2024-09-05,09:28:00,2024-10-09,1382.95,1382.95,1382.95,1382.95,0,1000,1
BANKNIFTY09OCT2451100CE.NFO,2024-09-05,09:29:00,2024-10-09,1382.95,1382.95,1382.95,1382.95,0,1000,1
BANKNIFTY09OCT2451100CE.NFO,2024-09-05,09:30:00,2024-10-09,1382.95,1382.95,1382.95,1382.95,0,1000,1
BANKNIFTY09OCT2451100CE.NFO,2024-09-05,09:31:00,2024-10-09,1382.95,1382.95,1382.95,1382.95,0,1000,1
BANKNIFTY09OCT2451100CE.NFO,2024-09-05,09:32:00,2024-10-09,1382.95,1382.95,1382.95,1382.95,0,1000,1
BANKNIFTY09OCT2451100CE.NFO,2024-09-05,09:33:00,2024-10-09,1382.95,1382.95,1382.95,1382.95,0,1000,1
BANKNIFTY09OCT2451100CE.NFO,2024-09-05,09:34:00,2024-10-09,1382.95,1382.95,1382.95,1382.95,0,1000,1
BANKNIFTY09OCT2451100CE.NFO,2024-09-05,09:35:00,2024-10-09,1382.95,1382.95,1382.95,1382.95,0,1000,1
BANKNIFTY09OCT2451100CE.NFO,2024-09-05,09:36:00,2024-10-09,1382.95,1382.95,1382.95,1382.95,0,1000,1
BANKNIFTY09OCT2451100CE.NFO,2024-09-05,09:37:00,2024-10-09,1382.95,1382.95,1382.95,1382.95,0,1000,1
BANKNIFTY09OCT2451100CE.NFO,2024-09-05,09:38:00,2024-10-09,1382.95,1382.95,1382.95,1382.95,0,1000,1
BANKNIFTY09OCT2451100CE.NFO,2024-09-05,09:39:00,2024-10-09,1382.95,1382.95,1382.95,1382.95,0,1000,1
BANKNIFTY09OCT2451100CE.NFO,2024-09-05,09:40:00,2024-10-09,1382.95,1382.95,1382.95,1382.95,0,1000,1
BANKNIFTY09OCT2451100CE.NFO,2024-09-05,09:41:00,2024-10-09,1382.95,1382.95,1382.95,1382.95,0,1000,1
BANKNIFTY09OCT2451100CE.NFO,2024-09-05,09:42:00,2024-10-09,1382.95,1382.95,1382.95,1382.95,0,1000,1
BANKNIFTY09OCT2451100CE.NFO,2024-09-05,09:43:00,2024-10-09,1382.95,1382.95,1382.95,1382.95,0,1000,1
BANKNIFTY09OCT2451100CE.NFO,2024-09-05,09:44:00,2024-10-09,1382.95,1382.95,1382.95,1382.95,0,1000,1
BANKNIFTY09OCT2451100CE.NFO,2024-09-05,09:45:00,2024-10-09,1382.95,1382.95,1382.95,1382.95,0,1000,1
BANKNIFTY09OCT2451100CE.NFO,2024-09-05,09:46:00,2024-10-09,1382.95,1382.95,1382.95,1382.95,0,1000,1
BANKNIFTY09OCT2451100CE.NFO,2024-09-05,09:47:00,2024-10-09,1382.95,1382.95,1382.95,1382.95,0,1000,1
BANKNIFTY09OCT2451100CE.NFO,2024-09-05,09:48:00,2024-10-09,1382.95,1382.95,1382.95,1382.95,0,1000,1
BANKNIFTY09OCT2451100CE.NFO,2024-09-05,09:49:00,2024-10-09,1382.95,1382.95,1382.95,1382.95,0,1000,1
BANKNIFTY09OCT2451100CE.NFO,2024-09-05,09:50:00,2024-10-09,1382.95,1382.95,1382.95,1382.95,0,1000,1
BANKNIFTY09OCT2451100CE.NFO,2024-09-05,09:51:00,2024-10-09,1382.95,1382.95,1382.95,1382.95,0,1000,1
BANKNIFTY09OCT2451100CE.NFO,2024-09-05,09:52:00,2024-10-09,1382.95,1382.95,1382.95,1382.95,0,1000,1
BANKNIFTY09OCT2451100CE.NFO,2024-09-05,09:53:00,2024-10-09,1382.95,1382.95,1382.95,1382.95,0,1000,1
BANKNIFTY09OCT2451100CE.NFO,2024-09-05,09:54:00,2024-10-09,1382.95,1382.95,1382.95,1382.95,0,1000,1
BANKNIFTY09OCT2451100CE.NFO,2024-09-05,09:55:00,2024-10-09,1382.95,1382.95,1382.95,1382.95,0,1000,1
BANKNIFTY09OCT2451100CE.NFO,2024-09-05,09:56:00,2024-10-09,1382.95,1382.95,1382.95,1382.95,0,1000,1
BANKNIFTY09OCT2451100CE.NFO,2024-09-05,09:57:00,2024-10-09,1382.95,1382.95,1382.95,1382.95,0,1000,1
BANKNIFTY09OCT2451100CE.NFO,2024-09-05,09:58:00,2024-10-09,1382.95,1382.95,1382.95,1382.95,0,1000,1
BANKNIFTY09OCT2451100CE.NFO,2024-09-05,09:59:00,2024-10-09,1382.95,1382.95,1382.95,1382.95,0,1000,1
BANKNIFTY09OCT2451100CE.NFO,2024-09-05,10:00:00,2024-10-09,1382.95,1382.95,1382.95,1382.95,0,1000,1
BANKNIFTY09OCT2451100CE.NFO,2024-09-05,10:01:00,2024-10-09,1382.95,1382.95,1382.95,1382.95,0,1000,1
BANKNIFTY09OCT2451100CE.NFO,2024-09-05,10:02:00,2024-10-09,1382.95,1382.95,1382.95,1382.95,0,1000,1
BANKNIFTY09OCT2451100CE.NFO,2024-09-05,10:03:00,2024-10-09,1382.95,1382.95,1382.95,1382.95,0,1000,1
BANKNIFTY09OCT2451100CE.NFO,2024-09-05,10:04:00,2024-10-09,1382.95,1382.95,1382.95,1382.95,0,1000,1
BANKNIFTY09OCT2451100CE.NFO,2024-09-05,10:05:00,2024-10-09,1382.95,1382.95,1382.95,1382.95,0,1000,1
BANKNIFTY09OCT2451100CE.NFO,2024-09-05,10:06:00,2024-10-09,1382.95,1382.95,1382.95,1382.95,0,1000,1
BANKNIFTY09OCT2451100CE.NFO,2024-09-05,10:07:00,2024-10-09,1382.95,1382.95,1382.95,1382.95,0,1000,1
BANKNIFTY09OCT2451100CE.NFO,2024-09-05,10:08:00,2024-10-09,1382.95,1382.95,1382.95,1382.95,0,1000,1
BANKNIFTY09OCT2451100CE.NFO,2024-09-05,10:09:00,2024-10-09,1382.95,1382.95,1382.95,1382.95,0,1000,1
BANKNIFTY09OCT2451100CE.NFO,2024-09-05,10:10:00,2024-10-09,1382.95,1382.95,1382.95,1382.95,0,1000,1
BANKNIFTY09OCT2451100CE.NFO,2024-09-05,10:11:00,2024-10-09,1382.95,1382.95,1382.95,1382.95,0,1000,1
BANKNIFTY09OCT2451100CE.NFO,2024-09-05,10:12:00,2024-10-09,1382.95,1382.95,1382.95,1382.95,0,1000,1
BANKNIFTY09OCT2451100CE.NFO,2024-09-05,10:13:00,2024-10-09,1382.95,1382.95,1382.95,1382.95,0,1000,1
BANKNIFTY09OCT2451100CE.NFO,2024-09-05,10:14:00,2024-10-09,1382.95,1382.95,1382.95,1382.95,0,1000,1
BANKNIFTY09OCT2451100CE.NFO,2024-09-05,10:15:00,2024-10-09,1382.95,1382.95,1382.95,1382.95,0,1000,1
BANKNIFTY09OCT2451100CE.NFO,2024-09-05,10:16:00,2024-10-09,1382.95,1382.95,1382.95,1382.95,0,1000,1
BANKNIFTY09OCT2451100CE.NFO,2024-09-05,10:17:00,2024-10-09,1382.95,1382.95,1382.95,1382.95,0,1000,1
BANKNIFTY09OCT2451100CE.NFO,2024-09-05,10:18:00,2024-10-09,1382.95,1382.95,1382.95,1382.95,0,1000,1
BANKNIFTY09OCT2451100CE.NFO,2024-09-05,10:19:00,2024-10-09,1382.95,1382.95,1382.95,1382.95,0,1000,1
BANKNIFTY09OCT2451100CE.NFO,2024-09-05,10:20:00,2024-10-09,1382.95,1382.95,1382.95,1382.95,0,1000,1
BANKNIFTY09OCT2451100CE.NFO,2024-09-05,10:21:00,2024-10-09,1382.95,1382.95,1382.95,1382.95,0,1000,1
BANKNIFTY09OCT2451100CE.NFO,2024-09-05,10:22:00,2024-10-09,1382.95,1382.95,1382.95,1382.95,0,1000,1
BANKNIFTY09OCT2451100CE.NFO,2024-09-05,10:23:00,2024-10-09,1382.95,1382.95,1382.95,1382.95,0,1000,1
BANKNIFTY09OCT2451100CE.NFO,2024-09-05,10:24:00,2024-10-09,1382.95,1382.95,1382.95,1382.95,0,1000,1
BANKNIFTY09OCT2451100CE.NFO,2024-09-05,10:25:00,2024-10-09,1382.95,1382.95,1382.95,1382.95,0,1000,1
BANKNIFTY09OCT2451100CE.NFO,2024-09-05,10:26:00,2024-10-09,1382.95,1382.95,1382.95,1382.95,0,1000,1
BANKNIFTY09OCT2451100CE.NFO,2024-09-05,10:27:00,2024-10-09,1382.95,1382.95,1382.95,1382.95,0,1000,1
BANKNIFTY09OCT2451100CE.NFO,2024-09-05,10:28:00,2024-10-09,1382.95,1382.95,1382.95,1382.95,0,1000,1
BANKNIFTY09OCT2451100CE.NFO,2024-09-05,10:29:00,2024-10-09,1382.95,1382.95,1382.95,1382.95,0,1000,1
BANKNIFTY09OCT2451100CE.NFO,2024-09-05,10:30:00,2024-10-09,1382.95,1382.95,1382.95,1382.95,0,1000,1
BANKNIFTY09OCT2451100CE.NFO,2024-09-05,10:31:00,2024-10-09,1382.95,1382.95,1382.95,1382.95,0,1000,1
BANKNIFTY09OCT2451100CE.NFO,2024-09-05,10:32:00,2024-10-09,1382.95,1382.95,1382.95,1382.95,0,1000,1
BANKNIFTY09OCT2451100CE.NFO,2024-09-05,10:33:00,2024-10-09,1382.95,1382.95,1382.95,1382.95,0,1000,1
BANKNIFTY09OCT2451100CE.NFO,2024-09-05,10:34:00,2024-10-09,1382.95,1382.95,1382.95,1382.95,0,1000,1
BANKNIFTY09OCT2451100CE.NFO,2024-09-05,10:35:00,2024-10-09,1382.95,1382.95,1382.95,1382.95,0,1000,1
BANKNIFTY09OCT2451100CE.NFO,2024-09-05,10:36:00,2024-10-09,1382.95,1382.95,1382.95,1382.95,0,1000,1
BANKNIFTY09OCT2451100CE.NFO,2024-09-05,10:37:00,2024-10-09,1382.95,1382.95,1382.95,1382.95,0,1000,1
BANKNIFTY09OCT2451100CE.NFO,2024-09-05,10:38:00,2024-10-09,1382.95,1382.95,1382.95,1382.95,0,1000,1
BANKNIFTY09OCT2451100CE.NFO,2024-09-05,10:39:00,2024-10-09,1382.95,1382.95,1382.95,1382.95,0,1000,1
BANKNIFTY09OCT2451100CE.NFO,2024-09-05,10:40:00,2024-10-09,1382.95,1382.95,1382.95,1382.95,0,1000,1
BANKNIFTY09OCT2451100CE.NFO,2024-09-05,10:41:00,2024-10-09,1382.95,1382.95,1382.95,1382.95,0,1000,1
BANKNIFTY09OCT2451100CE.NFO,2024-09-05,10:42:00,2024-10-09,1382.95,1382.95,1382.95,1382.95,0,1000,1
BANKNIFTY09OCT2451100CE.NFO,2024-09-05,10:43:00,2024-10-09,1382.95,1382.95,1382.95,1382.95,0,1000,1
BANKNIFTY09OCT2451100CE.NFO,2024-09-05,10:44:00,2024-10-09,1382.95,1382.95,1382.95,1382.95,0,1000,1
BANKNIFTY09OCT2451100CE.NFO,2024-09-05,10:45:00,2024-10-09,1382.95,1382.95,1382.95,1382.95,0,1000,1
BANKNIFTY09OCT2451100CE.NFO,2024-09-05,10:46:00,2024-10-09,1382.95,1382.95,1382.95,1382.95,0,1000,1
BANKNIFTY09OCT2451100CE.NFO,2024-09-05,10:47:00,2024-10-09,1382.95,1382.95,1382.95,1382.95,0,1000,1
BANKNIFTY09OCT2451100CE.NFO,2024-09-05,10:48:00,2024-10-09,1382.95,1382.95,1382.95,1382.95,0,1000,1
BANKNIFTY09OCT2451100CE.NFO,2024-09-05,10:49:00,2024-10-09,1382.95,1382.95,1382.95,1382.95,0,1000,1
BANKNIFTY09OCT2451100CE.NFO,2024-09-05,10:50:00,2024-10-09,1382.95,1382.95,1382.95,1382.95,0,1000,1
BANKNIFTY09OCT2451100CE.NFO,2024-09-05,10:51:00,2024-10-09,1382.95,1382.95,1382.95,1382.95,0,1000,1
BANKNIFTY09OCT2451100CE.NFO,2024-09-05,10:52:00,2024-10-09,1382.95,1382.95,1382.95,1382.95,0,1000,1
BANKNIFTY09OCT2451100CE.NFO,2024-09-05,10:53:00,2024-10-09,1382.95,1382.95,1382.95,1382.95,0,1000,1
BANKNIFTY09OCT2451100CE.NFO,2024-09-05,10:54:00,2024-10-09,1382.95,1382.95,1382.95,1382.95,0,1000,1
BANKNIFTY09OCT2451100CE.NFO,2024-09-05,10:55:00,2024-10-09,1382.95,1382.95,1382.95,1382.95,0,1000,1
BANKNIFTY09OCT2451100CE.NFO,2024-09-05,10:56:00,2024-10-09,1382.95,1382.95,1382.95,1382.95,0,1000,1
BANKNIFTY09OCT2451100CE.NFO,2024-09-05,10:57:00,2024-10-09,1382.95,1382.95,1382.95,1382.95,0,1000,1
BANKNIFTY09OCT2451100CE.NFO,2024-09-05,10:58:00,2024-10-09,1382.95,1382.95,1382.95,1382.95,0,1000,1
BANKNIFTY09OCT2451100CE.NFO,2024-09-05,10:59:00,2024-10-09,1382.95,1382.95,1382.95,1382.95,0,1000,1
BANKNIFTY09OCT2451100CE.NFO,2024-09-05,11:00:00,2024-10-09,1382.95,1382.95,1382.95,1382.95,0,1000,1
BANKNIFTY09OCT2451100CE.NFO,2024-09-05,11:01:00,2024-10-09,1382.95,1382.95,1382.95,1382.95,0,1000,1
BANKNIFTY09OCT2451100CE.NFO,2024-09-05,11:02:00,2024-10-09,1382.95,1382.95,1382.95,1382.95,0,1000,1
BANKNIFTY09OCT2451100CE.NFO,2024-09-05,11:03:00,2024-10-09,1382.95,1382.95,1382.95,1382.95,0,1000,1
BANKNIFTY09OCT2451100CE.NFO,2024-09-05,11:04:00,2024-10-09,1382.95,1382.95,1382.95,1382.95,0,1000,1
BANKNIFTY09OCT2451100CE.NFO,2024-09-05,11:05:00,2024-10-09,1382.95,1382.95,1382.95,1382.95,0,1000,1
BANKNIFTY09OCT2451100CE.NFO,2024-09-05,11:06:00,2024-10-09,1382.95,1382.95,1382.95,1382.95,0,1000,1
BANKNIFTY09OCT2451100CE.NFO,2024-09-05,11:07:00,2024-10-09,1382.95,1382.95,1382.95,1382.95,0,1000,1
BANKNIFTY09OCT2451100CE.NFO,2024-09-05,11:08:00,2024-10-09,1382.95,1382.95,1382.95,1382.95,0,1000,1
BANKNIFTY09OCT2451100CE.NFO,2024-09-05,11:09:00,2024-10-09,1382.95,1382.95,1382.95,1382.95,0,1000,1
BANKNIFTY09OCT2451100CE.NFO,2024-09-05,11:10:00,2024-10-09,1382.95,1382.95,1382.95,1382.95,0,1000,1
BANKNIFTY09OCT2451100CE.NFO,2024-09-05,11:11:00,2024-10-09,1382.95,1382.95,1382.95,1382.95,0,1000,1
BANKNIFTY09OCT2451100CE.NFO,2024-09-05,11:12:00,2024-10-09,1382.95,1382.95,1382.95,1382.95,0,1000,1
BANKNIFTY09OCT2451100CE.NFO,2024-09-05,11:13:00,2024-10-09,1382.95,1382.95,1382.95,1382.95,0,1000,1
BANKNIFTY09OCT2451100CE.NFO,2024-09-05,11:14:00,2024-10-09,1382.95,1382.95,1382.95,1382.95,0,1000,1
BANKNIFTY09OCT2451100CE.NFO,2024-09-05,11:15:00,2024-10-09,1382.95,1382.95,1382.95,1382.95,0,1000,1
BANKNIFTY09OCT2451100CE.NFO,2024-09-05,11:16:00,2024-10-09,1382.95,1382.95,1382.95,1382.95,0,1000,1
BANKNIFTY09OCT2451100CE.NFO,2024-09-05,11:17:00,2024-10-09,1382.95,1382.95,1382.95,1382.95,0,1000,1
BANKNIFTY09OCT2451100CE.NFO,2024-09-05,11:18:00,2024-10-09,1382.95,1382.95,1382.95,1382.95,0,1000,1
BANKNIFTY09OCT2451100CE.NFO,2024-09-05,11:19:00,2024-10-09,1382.95,1382.95,1382.95,1382.95,0,1000,1
BANKNIFTY09OCT2451100CE.NFO,2024-09-05,11:20:00,2024-10-09,1382.95,1382.95,1382.95,1382.95,0,1000,1
BANKNIFTY09OCT2451100CE.NFO,2024-09-05,11:21:00,2024-10-09,1382.95,1382.95,1382.95,1382.95,0,1000,1
BANKNIFTY09OCT2451100CE.NFO,2024-09-05,11:22:00,2024-10-09,1382.95,1382.95,1382.95,1382.95,0,1000,1
BANKNIFTY09OCT2451100CE.NFO,2024-09-05,11:23:00,2024-10-09,1382.95,1382.95,1382.95,1382.95,0,1000,1
BANKNIFTY09OCT2451100CE.NFO,2024-09-05,11:24:00,2024-10-09,1382.95,1382.95,1382.95,1382.95,0,1000,1
BANKNIFTY09OCT2451100CE.NFO,2024-09-05,11:25:00,2024-10-09,1382.95,1382.95,1382.95,1382.95,0,1000,1
BANKNIFTY09OCT2451100CE.NFO,2024-09-05,11:26:00,2024-10-09,1382.95,1382.95,1382.95,1382.95,0,1000,1
BANKNIFTY09OCT2451100CE.NFO,2024-09-05,11:27:00,2024-10-09,1382.95,1382.95,1382.95,1382.95,0,1000,1
BANKNIFTY09OCT2451100CE.NFO,2024-09-05,11:28:00,2024-10-09,1382.95,1382.95,1382.95,1382.95,0,1000,1
BANKNIFTY09OCT2451100CE.NFO,2024-09-05,11:29:00,2024-10-09,1382.95,1382.95,1382.95,1382.95,0,1000,1
BANKNIFTY09OCT2451100CE.NFO,2024-09-05,11:30:00,2024-10-09,1382.95,1382.95,1382.95,1382.95,0,1000,1
BANKNIFTY09OCT2451100CE.NFO,2024-09-05,11:31:00,2024-10-09,1382.95,1382.95,1382.95,1382.95,0,1000,1
BANKNIFTY09OCT2451100CE.NFO,2024-09-05,11:32:00,2024-10-09,1382.95,1382.95,1382.95,1382.95,0,1000,1
BANKNIFTY09OCT2451100CE.NFO,2024-09-05,11:33:00,2024-10-09,1382.95,1382.95,1382.95,1382.95,0,1000,1
BANKNIFTY09OCT2451100CE.NFO,2024-09-05,11:34:00,2024-10-09,1382.95,1382.95,1382.95,1382.95,0,1000,1
BANKNIFTY09OCT2451100CE.NFO,2024-09-05,11:35:00,2024-10-09,1382.95,1382.95,1382.95,1382.95,0,1000,1
BANKNIFTY09OCT2451100CE.NFO,2024-09-05,11:36:00,2024-10-09,1382.95,1382.95,1382.95,1382.95,0,1000,1
BANKNIFTY09OCT2451100CE.NFO,2024-09-05,11:37:00,2024-10-09,1382.95,1382.95,1382.95,1382.95,0,1000,1
BANKNIFTY09OCT2451100CE.NFO,2024-09-05,11:38:00,2024-10-09,1382.95,1382.95,1382.95,1382.95,0,1000,1
BANKNIFTY09OCT2451100CE.NFO,2024-09-05,11:39:00,2024-10-09,1382.95,1382.95,1382.95,1382.95,0,1000,1
BANKNIFTY09OCT2451100CE.NFO,2024-09-05,11:40:00,2024-10-09,1382.95,1382.95,1382.95,1382.95,0,1000,1
BANKNIFTY09OCT2451100CE.NFO,2024-09-05,11:41:00,2024-10-09,1382.95,1382.95,1382.95,1382.95,0,1000,1
BANKNIFTY09OCT2451100CE.NFO,2024-09-05,11:42:00,2024-10-09,1382.95,1382.95,1382.95,1382.95,0,1000,1
BANKNIFTY09OCT2451100CE.NFO,2024-09-05,11:43:00,2024-10-09,1382.95,1382.95,1382.95,1382.95,0,1000,1
BANKNIFTY09OCT2451100CE.NFO,2024-09-05,11:44:00,2024-10-09,1382.95,1382.95,1382.95,1382.95,0,1000,1
BANKNIFTY09OCT2451100CE.NFO,2024-09-05,11:45:00,2024-10-09,1382.95,1382.95,1382.95,1382.95,0,1000,1
BANKNIFTY09OCT2451100CE.NFO,2024-09-05,11:46:00,2024-10-09,1382.95,1382.95,1382.95,1382.95,0,1000,1
BANKNIFTY09OCT2451100CE.NFO,2024-09-05,11:47:00,2024-10-09,1382.95,1382.95,1382.95,1382.95,0,1000,1
BANKNIFTY09OCT2451100CE.NFO,2024-09-05,11:48:00,2024-10-09,1382.95,1382.95,1382.95,1382.95,0,1000,1
BANKNIFTY09OCT2451100CE.NFO,2024-09-05,11:49:00,2024-10-09,1382.95,1382.95,1382.95,1382.95,0,1000,1
BANKNIFTY09OCT2451100CE.NFO,2024-09-05,11:50:00,2024-10-09,1382.95,1382.95,1382.95,1382.95,0,1000,1
BANKNIFTY09OCT2451100CE.NFO,2024-09-05,11:51:00,2024-10-09,1382.95,1382.95,1382.95,1382.95,0,1000,1
BANKNIFTY09OCT2451100CE.NFO,2024-09-05,11:52:00,2024-10-09,1382.95,1382.95,1382.95,1382.95,0,1000,1
BANKNIFTY09OCT2451100CE.NFO,2024-09-05,11:53:00,2024-10-09,1382.95,1382.95,1382.95,1382.95,0,1000,1
BANKNIFTY09OCT2451100CE.NFO,2024-09-05,11:54:00,2024-10-09,1382.95,1382.95,1382.95,1382.95,0,1000,1
BANKNIFTY09OCT2451100CE.NFO,2024-09-05,11:55:00,2024-10-09,1382.95,1382.95,1382.95,1382.95,0,1000,1
BANKNIFTY09OCT2451100CE.NFO,2024-09-05,11:56:00,2024-10-09,1382.95,1382.95,1382.95,1382.95,0,1000,1
BANKNIFTY09OCT2451100CE.NFO,2024-09-05,11:57:00,2024-10-09,1382.95,1382.95,1382.95,1382.95,0,1000,1
BANKNIFTY09OCT2451100CE.NFO,2024-09-05,11:58:00,2024-10-09,1382.95,1382.95,1382.95,1382.95,0,1000,1
BANKNIFTY09OCT2451100CE.NFO,2024-09-05,11:59:00,2024-10-09,1382.95,1382.95,1382.95,1382.95,0,1000,1
BANKNIFTY09OCT2451100CE.NFO,2024-09-05,12:00:00,2024-10-09,1382.95,1382.95,1382.95,1382.95,0,1000,1
BANKNIFTY09OCT2451100CE.NFO,2024-09-05,12:01:00,2024-10-09,1382.95,1382.95,1382.95,1382.95,0,1000,1
BANKNIFTY09OCT2451100CE.NFO,2024-09-05,12:02:00,2024-10-09,1382.95,1382.95,1382.95,1382.95,0,1000,1
BANKNIFTY09OCT2451100CE.NFO,2024-09-05,12:03:00,2024-10-09,1382.95,1382.95,1382.95,1382.95,0,1000,1
BANKNIFTY09OCT2451100CE.NFO,2024-09-05,12:04:00,2024-10-09,1382.95,1382.95,1382.95,1382.95,0,1000,1
BANKNIFTY09OCT2451100CE.NFO,2024-09-05,12:05:00,2024-10-09,1382.95,1382.95,1382.95,1382.95,0,1000,1
BANKNIFTY09OCT2451100CE.NFO,2024-09-05,12:06:00,2024-10-09,1382.95,1382.95,1382.95,1382.95,0,1000,1
BANKNIFTY09OCT2451100CE.NFO,2024-09-05,12:07:00,2024-10-09,1382.95,1382.95,1382.95,1382.95,0,1000,1
BANKNIFTY09OCT2451100CE.NFO,2024-09-05,12:08:00,2024-10-09,1382.95,1382.95,1382.95,1382.95,0,1000,1
BANKNIFTY09OCT2451100CE.NFO,2024-09-05,12:09:00,2024-10-09,1382.95,1382.95,1382.95,1382.95,0,1000,1
BANKNIFTY09OCT2451100CE.NFO,2024-09-05,12:10:00,2024-10-09,1382.95,1382.95,1382.95,1382.95,0,1000,1
BANKNIFTY09OCT2451100CE.NFO,2024-09-05,12:11:00,2024-10-09,1382.95,1382.95,1382.95,1382.95,0,1000,1
BANKNIFTY09OCT2451100CE.NFO,2024-09-05,12:12:00,2024-10-09,1382.95,1382.95,1382.95,1382.95,0,1000,1
BANKNIFTY09OCT2451100CE.NFO,2024-09-05,12:13:00,2024-10-09,1382.95,1382.95,1382.95,1382.95,0,1000,1
BANKNIFTY09OCT2451100CE.NFO,2024-09-05,12:14:00,2024-10-09,1382.95,1382.95,1382.95,1382.95,0,1000,1
BANKNIFTY09OCT2451100CE.NFO,2024-09-05,12:15:00,2024-10-09,1382.95,1382.95,1382.95,1382.95,0,1000,1
BANKNIFTY09OCT2451100CE.NFO,2024-09-05,12:16:00,2024-10-09,1382.95,1382.95,1382.95,1382.95,0,1000,1
BANKNIFTY09OCT2451100CE.NFO,2024-09-05,12:17:00,2024-10-09,1382.95,1382.95,1382.95,1382.95,0,1000,1
BANKNIFTY09OCT2451100CE.NFO,2024-09-05,12:18:00,2024-10-09,1382.95,1382.95,1382.95,1382.95,0,1000,1
BANKNIFTY09OCT2451100CE.NFO,2024-09-05,12:19:00,2024-10-09,1382.95,1382.95,1382.95,1382.95,0,1000,1
BANKNIFTY09OCT2451100CE.NFO,2024-09-05,12:20:00,2024-10-09,1382.95,1382.95,1382.95,1382.95,0,1000,1
BANKNIFTY09OCT2451100CE.NFO,2024-09-05,12:21:00,2024-10-09,1382.95,1382.95,1382.95,1382.95,0,1000,1
BANKNIFTY09OCT2451100CE.NFO,2024-09-05,12:22:00,2024-10-09,1382.95,1382.95,1382.95,1382.95,0,1000,1
BANKNIFTY09OCT2451100CE.NFO,2024-09-05,12:23:00,2024-10-09,1382.95,1382.95,1382.95,1382.95,0,1000,1
BANKNIFTY09OCT2451100CE.NFO,2024-09-05,12:24:00,2024-10-09,1382.95,1382.95,1382.95,1382.95,0,1000,1
BANKNIFTY09OCT2451100CE.NFO,2024-09-05,12:25:00,2024-10-09,1382.95,1382.95,1382.95,1382.95,0,1000,1
BANKNIFTY09OCT2451100CE.NFO,2024-09-05,12:26:00,2024-10-09,1382.95,1382.95,1382.95,1382.95,0,1000,1
BANKNIFTY09OCT2451100CE.NFO,2024-09-05,12:27:00,2024-10-09,1382.95,1382.95,1382.95,1382.95,0,1000,1
BANKNIFTY09OCT2451100CE.NFO,2024-09-05,12:28:00,2024-10-09,1382.95,1382.95,1382.95,1382.95,0,1000,1
BANKNIFTY09OCT2451100CE.NFO,2024-09-05,12:29:00,2024-10-09,1382.95,1382.95,1382.95,1382.95,0,1000,1
BANKNIFTY09OCT2451100CE.NFO,2024-09-05,12:30:00,2024-10-09,1382.95,1382.95,1382.95,1382.95,0,1000,1
BANKNIFTY09OCT2451100CE.NFO,2024-09-05,12:31:00,2024-10-09,1382.95,1382.95,1382.95,1382.95,0,1000,1
BANKNIFTY09OCT2451100CE.NFO,2024-09-05,12:32:00,2024-10-09,1382.95,1382.95,1382.95,1382.95,0,1000,1
BANKNIFTY09OCT2451100CE.NFO,2024-09-05,12:33:00,2024-10-09,1382.95,1382.95,1382.95,1382.95,0,1000,1
BANKNIFTY09OCT2451100CE.NFO,2024-09-05,12:34:00,2024-10-09,1382.95,1382.95,1382.95,1382.95,0,1000,1
BANKNIFTY09OCT2451100CE.NFO,2024-09-05,12:35:00,2024-10-09,1382.95,1382.95,1382.95,1382.95,0,1000,1
BANKNIFTY09OCT2451100CE.NFO,2024-09-05,12:36:00,2024-10-09,1382.95,1382.95,1382.95,1382.95,0,1000,1
BANKNIFTY09OCT2451100CE.NFO,2024-09-05,12:37:00,2024-10-09,1382.95,1382.95,1382.95,1382.95,0,1000,1
BANKNIFTY09OCT2451100CE.NFO,2024-09-05,12:38:00,2024-10-09,1382.95,1382.95,1382.95,1382.95,0,1000,1
BANKNIFTY09OCT2451100CE.NFO,2024-09-05,12:39:00,2024-10-09,1382.95,1382.95,1382.95,1382.95,0,1000,1
BANKNIFTY09OCT2451100CE.NFO,2024-09-05,12:40:00,2024-10-09,1382.95,1382.95,1382.95,1382.95,0,1000,1
BANKNIFTY09OCT2451100CE.NFO,2024-09-05,12:41:00,2024-10-09,1382.95,1382.95,1382.95,1382.95,0,1000,1
BANKNIFTY09OCT2451100CE.NFO,2024-09-05,12:42:00,2024-10-09,1382.95,1382.95,1382.95,1382.95,0,1000,1
BANKNIFTY09OCT2451100CE.NFO,2024-09-05,12:43:00,2024-10-09,1382.95,1382.95,1382.95,1382.95,0,1000,1
BANKNIFTY09OCT2451100CE.NFO,2024-09-05,12:44:00,2024-10-09,1382.95,1382.95,1382.95,1382.95,0,1000,1
BANKNIFTY09OCT2451100CE.NFO,2024-09-05,12:45:00,2024-10-09,1382.95,1382.95,1382.95,1382.95,0,1000,1
BANKNIFTY09OCT2451100CE.NFO,2024-09-05,12:46:00,2024-10-09,1382.95,1382.95,1382.95,1382.95,0,1000,1
BANKNIFTY09OCT2451100CE.NFO,2024-09-05,12:47:00,2024-10-09,1382.95,1382.95,1382.95,1382.95,0,1000,1
BANKNIFTY09OCT2451100CE.NFO,2024-09-05,12:48:00,2024-10-09,1382.95,1382.95,1382.95,1382.95,0,1000,1
BANKNIFTY09OCT2451100CE.NFO,2024-09-05,12:49:00,2024-10-09,1382.95,1382.95,1382.95,1382.95,0,1000,1
BANKNIFTY09OCT2451100CE.NFO,2024-09-05,12:50:00,2024-10-09,1382.95,1382.95,1382.95,1382.95,0,1000,1
BANKNIFTY09OCT2451100CE.NFO,2024-09-05,12:51:00,2024-10-09,1382.95,1382.95,1382.95,1382.95,0,1000,1
BANKNIFTY09OCT2451100CE.NFO,2024-09-05,12:52:00,2024-10-09,1382.95,1382.95,1382.95,1382.95,0,1000,1
BANKNIFTY09OCT2451100CE.NFO,2024-09-05,12:53:00,2024-10-09,1382.95,1382.95,1382.95,1382.95,0,1000,1
BANKNIFTY09OCT2451100CE.NFO,2024-09-05,12:54:00,2024-10-09,1382.95,1382.95,1382.95,1382.95,0,1000,1
BANKNIFTY09OCT2451100CE.NFO,2024-09-05,12:55:00,2024-10-09,1382.95,1382.95,1382.95,1382.95,0,1000,1
BANKNIFTY09OCT2451100CE.NFO,2024-09-05,12:56:00,2024-10-09,1382.95,1382.95,1382.95,1382.95,0,1000,1
BANKNIFTY09OCT2451100CE.NFO,2024-09-05,12:57:00,2024-10-09,1382.95,1382.95,1382.95,1382.95,0,1000,1
BANKNIFTY09OCT2451100CE.NFO,2024-09-05,12:58:00,2024-10-09,1382.95,1382.95,1382.95,1382.95,0,1000,1
BANKNIFTY09OCT2451100CE.NFO,2024-09-05,12:59:00,2024-10-09,1382.95,1382.95,1382.95,1382.95,0,1000,1
BANKNIFTY09OCT2451100CE.NFO,2024-09-05,13:00:00,2024-10-09,1382.95,1382.95,1382.95,1382.95,0,1000,1
BANKNIFTY09OCT2451100CE.NFO,2024-09-05,13:01:00,2024-10-09,1382.95,1382.95,1382.95,1382.95,0,1000,1
BANKNIFTY09OCT2451100CE.NFO,2024-09-05,13:02:00,2024-10-09,1382.95,1382.95,1382.95,1382.95,0,1000,1
BANKNIFTY09OCT2451100CE.NFO,2024-09-05,13:03:00,2024-10-09,1382.95,1382.95,1382.95,1382.95,0,1000,1
BANKNIFTY09OCT2451100CE.NFO,2024-09-05,13:04:00,2024-10-09,1382.95,1382.95,1382.95,1382.95,0,1000,1
BANKNIFTY09OCT2451100CE.NFO,2024-09-05,13:05:00,2024-10-09,1382.95,1382.95,1382.95,1382.95,0,1000,1
BANKNIFTY09OCT2451100CE.NFO,2024-09-05,13:06:00,2024-10-09,1382.95,1382.95,1382.95,1382.95,0,1000,1
BANKNIFTY09OCT2451100CE.NFO,2024-09-05,13:07:00,2024-10-09,1382.95,1382.95,1382.95,1382.95,0,1000,1
BANKNIFTY09OCT2451100CE.NFO,2024-09-05,13:08:00,2024-10-09,1382.95,1382.95,1382.95,1382.95,0,1000,1
BANKNIFTY09OCT2451100CE.NFO,2024-09-05,13:09:00,2024-10-09,1382.95,1382.95,1382.95,1382.95,0,1000,1
BANKNIFTY09OCT2451100CE.NFO,2024-09-05,13:10:00,2024-10-09,1382.95,1382.95,1382.95,1382.95,0,1000,1
BANKNIFTY09OCT2451100CE.NFO,2024-09-05,13:11:00,2024-10-09,1382.95,1382.95,1382.95,1382.95,0,1000,1
BANKNIFTY09OCT2451100CE.NFO,2024-09-05,13:12:00,2024-10-09,1382.95,1382.95,1382.95,1382.95,0,1000,1
BANKNIFTY09OCT2451100CE.NFO,2024-09-05,13:13:00,2024-10-09,1382.95,1382.95,1382.95,1382.95,0,1000,1
BANKNIFTY09OCT2451100CE.NFO,2024-09-05,13:14:00,2024-10-09,1382.95,1382.95,1382.95,1382.95,0,1000,1
BANKNIFTY09OCT2451100CE.NFO,2024-09-05,13:15:00,2024-10-09,1382.95,1382.95,1382.95,1382.95,0,1000,1
BANKNIFTY09OCT2451100CE.NFO,2024-09-05,13:16:00,2024-10-09,1382.95,1382.95,1382.95,1382.95,0,1000,1
BANKNIFTY09OCT2451100CE.NFO,2024-09-05,13:17:00,2024-10-09,1382.95,1382.95,1382.95,1382.95,0,1000,1
BANKNIFTY09OCT2451100CE.NFO,2024-09-05,13:18:00,2024-10-09,1382.95,1382.95,1382.95,1382.95,0,1000,1
BANKNIFTY09OCT2451100CE.NFO,2024-09-05,13:19:00,2024-10-09,1382.95,1382.95,1382.95,1382.95,0,1000,1
BANKNIFTY09OCT2451100CE.NFO,2024-09-05,13:20:00,2024-10-09,1382.95,1382.95,1382.95,1382.95,0,1000,1
BANKNIFTY09OCT2451100CE.NFO,2024-09-05,13:21:00,2024-10-09,1382.95,1382.95,1382.95,1382.95,0,1000,1
BANKNIFTY09OCT2451100CE.NFO,2024-09-05,13:22:00,2024-10-09,1382.95,1382.95,1382.95,1382.95,0,1000,1
BANKNIFTY09OCT2451100CE.NFO,2024-09-05,13:23:00,2024-10-09,1382.95,1382.95,1382.95,1382.95,0,1000,1
BANKNIFTY09OCT2451100CE.NFO,2024-09-05,13:24:00,2024-10-09,1382.95,1382.95,1382.95,1382.95,0,1000,1
BANKNIFTY09OCT2451100CE.NFO,2024-09-05,13:25:00,2024-10-09,1382.95,1382.95,1382.95,1382.95,0,1000,1
BANKNIFTY09OCT2451100CE.NFO,2024-09-05,13:26:00,2024-10-09,1382.95,1382.95,1382.95,1382.95,0,1000,1
BANKNIFTY09OCT2451100CE.NFO,2024-09-05,13:27:00,2024-10-09,1382.95,1382.95,1382.95,1382.95,0,1000,1
BANKNIFTY09OCT2451100CE.NFO,2024-09-05,13:28:00,2024-10-09,1382.95,1382.95,1382.95,1382.95,0,1000,1
BANKNIFTY09OCT2451100CE.NFO,2024-09-05,13:29:00,2024-10-09,1382.95,1382.95,1382.95,1382.95,0,1000,1
BANKNIFTY09OCT2451100CE.NFO,2024-09-05,13:30:00,2024-10-09,1382.95,1382.95,1382.95,1382.95,0,1000,1
BANKNIFTY09OCT2451100CE.NFO,2024-09-05,13:31:00,2024-10-09,1382.95,1382.95,1382.95,1382.95,0,1000,1
BANKNIFTY09OCT2451100CE.NFO,2024-09-05,13:32:00,2024-10-09,1382.95,1382.95,1382.95,1382.95,0,1000,1
BANKNIFTY09OCT2451100CE.NFO,2024-09-05,13:33:00,2024-10-09,1382.95,1382.95,1382.95,1382.95,0,1000,1
BANKNIFTY09OCT2451100CE.NFO,2024-09-05,13:34:00,2024-10-09,1382.95,1382.95,1382.95,1382.95,0,1000,1
BANKNIFTY09OCT2451100CE.NFO,2024-09-05,13:35:00,2024-10-09,1382.95,1382.95,1382.95,1382.95,0,1000,1
BANKNIFTY09OCT2451100CE.NFO,2024-09-05,13:36:00,2024-10-09,1382.95,1382.95,1382.95,1382.95,0,1000,1
BANKNIFTY09OCT2451100CE.NFO,2024-09-05,13:37:00,2024-10-09,1382.95,1382.95,1382.95,1382.95,0,1000,1
BANKNIFTY09OCT2451100CE.NFO,2024-09-05,13:38:00,2024-10-09,1382.95,1382.95,1382.95,1382.95,0,1000,1
BANKNIFTY09OCT2451100CE.NFO,2024-09-05,13:39:00,2024-10-09,1382.95,1382.95,1382.95,1382.95,0,1000,1
BANKNIFTY09OCT2451100CE.NFO,2024-09-05,13:40:00,2024-10-09,1382.95,1382.95,1382.95,1382.95,0,1000,1
BANKNIFTY09OCT2451100CE.NFO,2024-09-05,13:41:00,2024-10-09,1382.95,1382.95,1382.95,1382.95,0,1000,1
BANKNIFTY09OCT2451100CE.NFO,2024-09-05,13:42:00,2024-10-09,1382.95,1382.95,1382.95,1382.95,0,1000,1
BANKNIFTY09OCT2451100CE.NFO,2024-09-05,13:43:00,2024-10-09,1382.95,1382.95,1382.95,1382.95,0,1000,1
BANKNIFTY09OCT2451100CE.NFO,2024-09-05,13:44:00,2024-10-09,1382.95,1382.95,1382.95,1382.95,0,1000,1
BANKNIFTY09OCT2451100CE.NFO,2024-09-05,13:45:00,2024-10-09,1382.95,1382.95,1382.95,1382.95,0,1000,1
BANKNIFTY09OCT2451100CE.NFO,2024-09-05,13:46:00,2024-10-09,1382.95,1382.95,1382.95,1382.95,0,1000,1
BANKNIFTY09OCT2451100CE.NFO,2024-09-05,13:47:00,2024-10-09,1382.95,1382.95,1382.95,1382.95,0,1000,1
BANKNIFTY09OCT2451100CE.NFO,2024-09-05,13:48:00,2024-10-09,1382.95,1382.95,1382.95,1382.95,0,1000,1
BANKNIFTY09OCT2451100CE.NFO,2024-09-05,13:49:00,2024-10-09,1382.95,1382.95,1382.95,1382.95,0,1000,1
BANKNIFTY09OCT2451100CE.NFO,2024-09-05,13:50:00,2024-10-09,1382.95,1382.95,1382.95,1382.95,0,1000,1
BANKNIFTY09OCT2451100CE.NFO,2024-09-05,13:51:00,2024-10-09,1382.95,1382.95,1382.95,1382.95,0,1000,1
BANKNIFTY09OCT2451100CE.NFO,2024-09-05,13:52:00,2024-10-09,1382.95,1382.95,1382.95,1382.95,0,1000,1
BANKNIFTY09OCT2451100CE.NFO,2024-09-05,13:53:00,2024-10-09,1382.95,1382.95,1382.95,1382.95,0,1000,1
BANKNIFTY09OCT2451100CE.NFO,2024-09-05,13:54:00,2024-10-09,1382.95,1382.95,1382.95,1382.95,0,1000,1
BANKNIFTY09OCT2451100CE.NFO,2024-09-05,13:55:00,2024-10-09,1382.95,1382.95,1382.95,1382.95,0,1000,1
BANKNIFTY09OCT2451100CE.NFO,2024-09-05,13:56:00,2024-10-09,1382.95,1382.95,1382.95,1382.95,0,1000,1
BANKNIFTY09OCT2451100CE.NFO,2024-09-05,13:57:00,2024-10-09,1382.95,1382.95,1382.95,1382.95,0,1000,1
BANKNIFTY09OCT2451100CE.NFO,2024-09-05,13:58:00,2024-10-09,1382.95,1382.95,1382.95,1382.95,0,1000,1
BANKNIFTY09OCT2451100CE.NFO,2024-09-05,13:59:00,2024-10-09,1382.95,1382.95,1382.95,1382.95,0,1000,1
BANKNIFTY09OCT2451100CE.NFO,2024-09-05,14:00:00,2024-10-09,1382.95,1382.95,1382.95,1382.95,0,1000,1
BANKNIFTY09OCT2451100CE.NFO,2024-09-05,14:01:00,2024-10-09,1382.95,1382.95,1382.95,1382.95,0,1000,1
BANKNIFTY09OCT2451100CE.NFO,2024-09-05,14:02:00,2024-10-09,1382.95,1382.95,1382.95,1382.95,0,1000,1
BANKNIFTY09OCT2451100CE.NFO,2024-09-05,14:03:00,2024-10-09,1382.95,1382.95,1382.95,1382.95,0,1000,1
BANKNIFTY09OCT2451100CE.NFO,2024-09-05,14:04:00,2024-10-09,1382.95,1382.95,1382.95,1382.95,0,1000,1
BANKNIFTY09OCT2451100CE.NFO,2024-09-05,14:05:00,2024-10-09,1382.95,1382.95,1382.95,1382.95,0,1000,1
BANKNIFTY09OCT2451100CE.NFO,2024-09-05,14:06:00,2024-10-09,1382.95,1382.95,1382.95,1382.95,0,1000,1
BANKNIFTY09OCT2451100CE.NFO,2024-09-05,14:07:00,2024-10-09,1382.95,1382.95,1382.95,1382.95,0,1000,1
BANKNIFTY09OCT2451100CE.NFO,2024-09-05,14:08:00,2024-10-09,1382.95,1382.95,1382.95,1382.95,0,1000,1
BANKNIFTY09OCT2451100CE.NFO,2024-09-05,14:09:00,2024-10-09,1382.95,1382.95,1382.95,1382.95,0,1000,1
BANKNIFTY09OCT2451100CE.NFO,2024-09-05,14:10:00,2024-10-09,1382.95,1382.95,1382.95,1382.95,0,1000,1
BANKNIFTY09OCT2451100CE.NFO,2024-09-05,14:11:00,2024-10-09,1382.95,1382.95,1382.95,1382.95,0,1000,1
BANKNIFTY09OCT2451100CE.NFO,2024-09-05,14:12:00,2024-10-09,1382.95,1382.95,1382.95,1382.95,0,1000,1
BANKNIFTY09OCT2451100CE.NFO,2024-09-05,14:13:00,2024-10-09,1382.95,1382.95,1382.95,1382.95,0,1000,1
BANKNIFTY09OCT2451100CE.NFO,2024-09-05,14:14:00,2024-10-09,1382.95,1382.95,1382.95,1382.95,0,1000,1
BANKNIFTY09OCT2451100CE.NFO,2024-09-05,14:15:00,2024-10-09,1382.95,1382.95,1382.95,1382.95,0,1000,1
BANKNIFTY09OCT2451100CE.NFO,2024-09-05,14:16:00,2024-10-09,1382.95,1382.95,1382.95,1382.95,0,1000,1
BANKNIFTY09OCT2451100CE.NFO,2024-09-05,14:17:00,2024-10-09,1382.95,1382.95,1382.95,1382.95,0,1000,1
BANKNIFTY09OCT2451100CE.NFO,2024-09-05,14:18:00,2024-10-09,1382.95,1382.95,1382.95,1382.95,0,1000,1
BANKNIFTY09OCT2451100CE.NFO,2024-09-05,14:19:00,2024-10-09,1382.95,1382.95,1382.95,1382.95,0,1000,1
BANKNIFTY09OCT2451100CE.NFO,2024-09-05,14:20:00,2024-10-09,1382.95,1382.95,1382.95,1382.95,0,1000,1
BANKNIFTY09OCT2451100CE.NFO,2024-09-05,14:21:00,2024-10-09,1382.95,1382.95,1382.95,1382.95,0,1000,1
BANKNIFTY09OCT2451100CE.NFO,2024-09-05,14:22:00,2024-10-09,1382.95,1382.95,1382.95,1382.95,0,1000,1
BANKNIFTY09OCT2451100CE.NFO,2024-09-05,14:23:00,2024-10-09,1382.95,1382.95,1382.95,1382.95,0,1000,1
BANKNIFTY09OCT2451100CE.NFO,2024-09-05,14:24:00,2024-10-09,1382.95,1382.95,1382.95,1382.95,0,1000,1
BANKNIFTY09OCT2451100CE.NFO,2024-09-05,14:25:00,2024-10-09,1382.95,1382.95,1382.95,1382.95,0,1000,1
BANKNIFTY09OCT2451100CE.NFO,2024-09-05,14:26:00,2024-10-09,1382.95,1382.95,1382.95,1382.95,0,1000,1
BANKNIFTY09OCT2451100CE.NFO,2024-09-05,14:27:00,2024-10-09,1382.95,1382.95,1382.95,1382.95,0,1000,1
BANKNIFTY09OCT2451100CE.NFO,2024-09-05,14:28:00,2024-10-09,1382.95,1382.95,1382.95,1382.95,0,1000,1
BANKNIFTY09OCT2451100CE.NFO,2024-09-05,14:29:00,2024-10-09,1382.95,1382.95,1382.95,1382.95,0,1000,1
BANKNIFTY09OCT2451100CE.NFO,2024-09-05,14:30:00,2024-10-09,1382.95,1382.95,1382.95,1382.95,0,1000,1
BANKNIFTY09OCT2451100CE.NFO,2024-09-05,14:31:00,2024-10-09,1382.95,1382.95,1382.95,1382.95,0,1000,1
BANKNIFTY09OCT2451100CE.NFO,2024-09-05,14:32:00,2024-10-09,1382.95,1382.95,1382.95,1382.95,0,1000,1
BANKNIFTY09OCT2451100CE.NFO,2024-09-05,14:33:00,2024-10-09,1382.95,1382.95,1382.95,1382.95,0,1000,1
BANKNIFTY09OCT2451100CE.NFO,2024-09-05,14:34:00,2024-10-09,1382.95,1382.95,1382.95,1382.95,0,1000,1
BANKNIFTY09OCT2451100CE.NFO,2024-09-05,14:35:00,2024-10-09,1382.95,1382.95,1382.95,1382.95,0,1000,1
BANKNIFTY09OCT2451100CE.NFO,2024-09-05,14:36:00,2024-10-09,1382.95,1382.95,1382.95,1382.95,0,1000,1
BANKNIFTY09OCT2451100CE.NFO,2024-09-05,14:37:00,2024-10-09,1382.95,1382.95,1382.95,1382.95,0,1000,1
BANKNIFTY09OCT2451100CE.NFO,2024-09-05,14:38:00,2024-10-09,1382.95,1382.95,1382.95,1382.95,0,1000,1
BANKNIFTY09OCT2451100CE.NFO,2024-09-05,14:39:00,2024-10-09,1382.95,1382.95,1382.95,1382.95,0,1000,1
BANKNIFTY09OCT2451100CE.NFO,2024-09-05,14:40:00,2024-10-09,1382.95,1382.95,1382.95,1382.95,0,1000,1
BANKNIFTY09OCT2451100CE.NFO,2024-09-05,14:41:00,2024-10-09,1382.95,1382.95,1382.95,1382.95,0,1000,1
BANKNIFTY09OCT2451100CE.NFO,2024-09-05,14:42:00,2024-10-09,1382.95,1382.95,1382.95,1382.95,0,1000,1
BANKNIFTY09OCT2451100CE.NFO,2024-09-05,14:43:00,2024-10-09,1382.95,1382.95,1382.95,1382.95,0,1000,1
BANKNIFTY09OCT2451100CE.NFO,2024-09-05,14:44:00,2024-10-09,1382.95,1382.95,1382.95,1382.95,0,1000,1
BANKNIFTY09OCT2451100CE.NFO,2024-09-05,14:45:00,2024-10-09,1382.95,1382.95,1382.95,1382.95,0,1000,1
BANKNIFTY09OCT2451100CE.NFO,2024-09-05,14:46:00,2024-10-09,1382.95,1382.95,1382.95,1382.95,0,1000,1
BANKNIFTY09OCT2451100CE.NFO,2024-09-05,14:47:00,2024-10-09,1382.95,1382.95,1382.95,1382.95,0,1000,1
BANKNIFTY09OCT2451100CE.NFO,2024-09-05,14:48:00,2024-10-09,1382.95,1382.95,1382.95,1382.95,0,1000,1
BANKNIFTY09OCT2451100CE.NFO,2024-09-05,14:49:00,2024-10-09,1382.95,1382.95,1382.95,1382.95,0,1000,1
BANKNIFTY09OCT2451100CE.NFO,2024-09-05,14:50:00,2024-10-09,1382.95,1382.95,1382.95,1382.95,0,1000,1
BANKNIFTY09OCT2451100CE.NFO,2024-09-05,14:51:00,2024-10-09,1382.95,1382.95,1382.95,1382.95,0,1000,1
BANKNIFTY09OCT2451100CE.NFO,2024-09-05,14:52:00,2024-10-09,1382.95,1382.95,1382.95,1382.95,0,1000,1
BANKNIFTY09OCT2451100CE.NFO,2024-09-05,14:53:00,2024-10-09,1382.95,1382.95,1382.95,1382.95,0,1000,1
BANKNIFTY09OCT2451100CE.NFO,2024-09-05,14:54:00,2024-10-09,1382.95,1382.95,1382.95,1382.95,0,1000,0
BANKNIFTY09OCT2451100CE.NFO,2024-09-05,14:55:00,2024-10-09,1382.95,1382.95,1382.95,1382.95,0,1000,0
BANKNIFTY09OCT2451100CE.NFO,2024-09-05,14:56:00,2024-10-09,1382.95,1382.95,1382.95,1382.95,0,1000,0
BANKNIFTY09OCT2451100CE.NFO,2024-09-05,14:57:00,2024-10-09,1382.95,1382.95,1382.95,1382.95,0,1000,0
BANKNIFTY09OCT2451100CE.NFO,2024-09-05,14:58:00,2024-10-09,1382.95,1382.95,1382.95,1382.95,0,1000,0
BANKNIFTY09OCT2451100CE.NFO,2024-09-05,14:59:00,2024-10-09,1382.95,1382.95,1382.95,1382.95,0,1000,0
BANKNIFTY09OCT2451100CE.NFO,2024-09-05,15:00:00,2024-10-09,1382.95,1382.95,1382.95,1382.95,0,1000,0
BANKNIFTY09OCT2451100CE.NFO,2024-09-05,15:01:00,2024-10-09,1382.95,1382.95,1382.95,1382.95,0,1000,0
BANKNIFTY09OCT2451100CE.NFO,2024-09-05,15:02:00,2024-10-09,1382.95,1382.95,1382.95,1382.95,0,1000,0
BANKNIFTY09OCT2451100CE.NFO,2024-09-05,15:03:00,2024-10-09,1382.95,1382.95,1382.95,1382.95,0,1000,0
BANKNIFTY09OCT2451100CE.NFO,2024-09-05,15:04:00,2024-10-09,1382.95,1382.95,1382.95,1382.95,0,1000,0
BANKNIFTY09OCT2451100CE.NFO,2024-09-05,15:05:00,2024-10-09,1382.95,1382.95,1382.95,1382.95,0,1000,0
BANKNIFTY09OCT2451100CE.NFO,2024-09-05,15:06:00,2024-10-09,1382.95,1382.95,1382.95,1382.95,0,1000,0
BANKNIFTY09OCT2451100CE.NFO,2024-09-05,15:07:00,2024-10-09,1382.95,1382.95,1382.95,1382.95,0,1000,0
BANKNIFTY09OCT2451100CE.NFO,2024-09-05,15:08:00,2024-10-09,1382.95,1382.95,1382.95,1382.95,0,1000,0
BANKNIFTY09OCT2451100CE.NFO,2024-09-05,15:09:00,2024-10-09,1382.95,1382.95,1382.95,1382.95,0,1000,0
BANKNIFTY09OCT2451100CE.NFO,2024-09-05,15:10:00,2024-10-09,1382.95,1382.95,1382.95,1382.95,0,1000,0
BANKNIFTY09OCT2451100CE.NFO,2024-09-05,15:11:00,2024-10-09,1382.95,1382.95,1382.95,1382.95,0,1000,0
BANKNIFTY09OCT2451100CE.NFO,2024-09-05,15:12:00,2024-10-09,1382.95,1382.95,1382.95,1382.95,0,1000,0
BANKNIFTY09OCT2451100CE.NFO,2024-09-05,15:13:00,2024-10-09,1382.95,1382.95,1382.95,1382.95,0,1000,0
BANKNIFTY09OCT2451100CE.NFO,2024-09-05,15:14:00,2024-10-09,1382.95,1382.95,1382.95,1382.95,0,1000,0
BANKNIFTY09OCT2451100CE.NFO,2024-09-05,15:15:00,2024-10-09,1382.95,1382.95,1382.95,1382.95,0,1000,0
BANKNIFTY09OCT2451100CE.NFO,2024-09-05,15:16:00,2024-10-09,1382.95,1382.95,1382.95,1382.95,0,1000,0
BANKNIFTY09OCT2451100CE.NFO,2024-09-05,15:17:00,2024-10-09,1382.95,1382.95,1382.95,1382.95,0,1000,0
BANKNIFTY09OCT2451100CE.NFO,2024-09-05,15:18:00,2024-10-09,1382.95,1382.95,1382.95,1382.95,0,1000,0
BANKNIFTY09OCT2451100CE.NFO,2024-09-05,15:19:00,2024-10-09,1382.95,1382.95,1382.95,1382.95,0,1000,0
BANKNIFTY09OCT2451100CE.NFO,2024-09-05,15:20:00,2024-10-09,1382.95,1382.95,1382.95,1382.95,0,1000,0
BANKNIFTY09OCT2451100CE.NFO,2024-09-05,15:21:00,2024-10-09,1382.95,1382.95,1382.95,1382.95,0,1000,0
BANKNIFTY09OCT2451100CE.NFO,2024-09-05,15:22:00,2024-10-09,1382.95,1382.95,1382.95,1382.95,0,1000,0
BANKNIFTY09OCT2451100CE.NFO,2024-09-05,15:23:00,2024-10-09,1382.95,1382.95,1382.95,1382.95,0,1000,0
BANKNIFTY09OCT2451100CE.NFO,2024-09-05,15:24:00,2024-10-09,1382.95,1382.95,1382.95,1382.95,0,1000,0
BANKNIFTY09OCT2451100CE.NFO,2024-09-05,15:25:00,2024-10-09,1382.95,1382.95,1382.95,1382.95,0,1000,0
BANKNIFTY09OCT2451100CE.NFO,2024-09-05,15:26:00,2024-10-09,1382.95,1382.95,1382.95,1382.95,0,1000,0
BANKNIFTY09OCT2451100CE.NFO,2024-09-05,15:27:00,2024-10-09,1382.95,1382.95,1382.95,1382.95,0,1000,0
BANKNIFTY09OCT2451100CE.NFO,2024-09-05,15:28:00,2024-10-09,1382.95,1382.95,1382.95,1382.95,0,1000,0
BANKNIFTY09OCT2451100CE.NFO,2024-09-05,15:29:00,2024-10-09,1382.95,1382.95,1382.95,1382.95,0,1000,0
BANKNIFTY09OCT2451100CE.NFO,2024-09-05,15:30:00,2024-10-09,1382.95,1382.95,1382.95,1382.95,0,1000,1
BANKNIFTY09OCT2451100CE.NFO,2024-09-09,09:15:00,2024-10-09,958.0,958.0,958.0,958.0,0,30,1
BANKNIFTY09OCT2451100CE.NFO,2024-09-09,09:16:00,2024-10-09,958.0,958.0,958.0,958.0,0,30,1
BANKNIFTY09OCT2451100CE.NFO,2024-09-09,09:17:00,2024-10-09,958.0,958.0,958.0,958.0,0,30,1
BANKNIFTY09OCT2451100CE.NFO,2024-09-09,09:18:00,2024-10-09,958.0,958.0,958.0,958.0,0,30,1
BANKNIFTY09OCT2451100CE.NFO,2024-09-09,09:19:00,2024-10-09,958.0,958.0,958.0,958.0,0,30,1
BANKNIFTY09OCT2451100CE.NFO,2024-09-09,09:20:00,2024-10-09,958.0,958.0,958.0,958.0,0,30,1
BANKNIFTY09OCT2451100CE.NFO,2024-09-09,09:21:00,2024-10-09,958.0,958.0,958.0,958.0,0,30,1
BANKNIFTY09OCT2451100CE.NFO,2024-09-09,09:22:00,2024-10-09,958.0,958.0,958.0,958.0,0,30,1
BANKNIFTY09OCT2451100CE.NFO,2024-09-09,09:23:00,2024-10-09,958.0,958.0,958.0,958.0,0,30,1
BANKNIFTY09OCT2451100CE.NFO,2024-09-09,09:24:00,2024-10-09,958.0,958.0,958.0,958.0,0,30,1
BANKNIFTY09OCT2451100CE.NFO,2024-09-09,09:25:00,2024-10-09,958.0,958.0,958.0,958.0,0,30,1
BANKNIFTY09OCT2451100CE.NFO,2024-09-09,09:26:00,2024-10-09,958.0,958.0,958.0,958.0,0,30,1
BANKNIFTY09OCT2451100CE.NFO,2024-09-09,09:27:00,2024-10-09,958.0,958.0,958.0,958.0,0,30,1
BANKNIFTY09OCT2451100CE.NFO,2024-09-09,09:28:00,2024-10-09,958.0,958.0,958.0,958.0,0,30,1
BANKNIFTY09OCT2451100CE.NFO,2024-09-09,09:29:00,2024-10-09,958.0,958.0,958.0,958.0,0,30,1
BANKNIFTY09OCT2451100CE.NFO,2024-09-09,09:30:00,2024-10-09,958.0,958.0,958.0,958.0,0,30,1
BANKNIFTY09OCT2451100CE.NFO,2024-09-09,09:31:00,2024-10-09,958.0,958.0,958.0,958.0,0,30,1
BANKNIFTY09OCT2451100CE.NFO,2024-09-09,09:32:00,2024-10-09,958.0,958.0,958.0,958.0,0,30,1
BANKNIFTY09OCT2451100CE.NFO,2024-09-09,09:33:00,2024-10-09,958.0,958.0,958.0,958.0,0,30,1
BANKNIFTY09OCT2451100CE.NFO,2024-09-09,09:34:00,2024-10-09,958.0,958.0,958.0,958.0,0,30,1
BANKNIFTY09OCT2451100CE.NFO,2024-09-09,09:35:00,2024-10-09,958.0,958.0,958.0,958.0,0,30,1
BANKNIFTY09OCT2451100CE.NFO,2024-09-09,09:36:00,2024-10-09,958.0,958.0,958.0,958.0,0,30,1
BANKNIFTY09OCT2451100CE.NFO,2024-09-09,09:37:00,2024-10-09,958.0,958.0,958.0,958.0,0,30,1
BANKNIFTY09OCT2451100CE.NFO,2024-09-09,09:38:00,2024-10-09,958.0,958.0,958.0,958.0,0,30,1
BANKNIFTY09OCT2451100CE.NFO,2024-09-09,09:39:00,2024-10-09,958.0,958.0,958.0,958.0,0,30,1
BANKNIFTY09OCT2451100CE.NFO,2024-09-09,09:40:00,2024-10-09,958.0,958.0,958.0,958.0,0,30,1
BANKNIFTY09OCT2451100CE.NFO,2024-09-09,09:41:00,2024-10-09,958.0,958.0,958.0,958.0,0,30,1
BANKNIFTY09OCT2451100CE.NFO,2024-09-09,09:42:00,2024-10-09,958.0,958.0,958.0,958.0,0,30,1
BANKNIFTY09OCT2451100CE.NFO,2024-09-09,09:43:00,2024-10-09,958.0,958.0,958.0,958.0,0,30,1
BANKNIFTY09OCT2451100CE.NFO,2024-09-09,09:44:00,2024-10-09,958.0,958.0,958.0,958.0,0,30,1
BANKNIFTY09OCT2451100CE.NFO,2024-09-09,09:45:00,2024-10-09,958.0,958.0,958.0,958.0,0,30,1
BANKNIFTY09OCT2451100CE.NFO,2024-09-09,09:46:00,2024-10-09,958.0,958.0,958.0,958.0,0,30,1
BANKNIFTY09OCT2451100CE.NFO,2024-09-09,09:47:00,2024-10-09,958.0,958.0,958.0,958.0,0,30,1
BANKNIFTY09OCT2451100CE.NFO,2024-09-09,09:48:00,2024-10-09,958.0,958.0,958.0,958.0,0,30,1
BANKNIFTY09OCT2451100CE.NFO,2024-09-09,09:49:00,2024-10-09,958.0,958.0,958.0,958.0,0,30,1
BANKNIFTY09OCT2451100CE.NFO,2024-09-09,09:50:00,2024-10-09,958.0,958.0,958.0,958.0,0,30,1
BANKNIFTY09OCT2451100CE.NFO,2024-09-09,09:51:00,2024-10-09,958.0,958.0,958.0,958.0,0,30,1
BANKNIFTY09OCT2451100CE.NFO,2024-09-09,09:52:00,2024-10-09,958.0,958.0,958.0,958.0,0,30,1
BANKNIFTY09OCT2451100CE.NFO,2024-09-09,09:53:00,2024-10-09,958.0,958.0,958.0,958.0,0,30,1
BANKNIFTY09OCT2451100CE.NFO,2024-09-09,09:54:00,2024-10-09,958.0,958.0,958.0,958.0,0,30,1
BANKNIFTY09OCT2451100CE.NFO,2024-09-09,09:55:00,2024-10-09,958.0,958.0,958.0,958.0,0,30,1
BANKNIFTY09OCT2451100CE.NFO,2024-09-09,09:56:00,2024-10-09,958.0,958.0,958.0,958.0,0,30,1
BANKNIFTY09OCT2451100CE.NFO,2024-09-09,09:57:00,2024-10-09,958.0,958.0,958.0,958.0,0,30,1
BANKNIFTY09OCT2451100CE.NFO,2024-09-09,09:58:00,2024-10-09,958.0,958.0,958.0,958.0,0,30,1
BANKNIFTY09OCT2451100CE.NFO,2024-09-09,09:59:00,2024-10-09,958.0,958.0,958.0,958.0,0,30,1
BANKNIFTY09OCT2451100CE.NFO,2024-09-09,10:00:00,2024-10-09,958.0,958.0,958.0,958.0,0,30,1
BANKNIFTY09OCT2451100CE.NFO,2024-09-09,10:01:00,2024-10-09,958.0,958.0,958.0,958.0,0,30,1
BANKNIFTY09OCT2451100CE.NFO,2024-09-09,10:02:00,2024-10-09,958.0,958.0,958.0,958.0,0,30,1
BANKNIFTY09OCT2451100CE.NFO,2024-09-09,10:03:00,2024-10-09,958.0,958.0,958.0,958.0,0,30,1
BANKNIFTY09OCT2451100CE.NFO,2024-09-09,10:04:00,2024-10-09,958.0,958.0,958.0,958.0,0,30,1
BANKNIFTY09OCT2451100CE.NFO,2024-09-09,10:05:00,2024-10-09,958.0,958.0,958.0,958.0,0,30,1
BANKNIFTY09OCT2451100CE.NFO,2024-09-09,10:06:00,2024-10-09,958.0,958.0,958.0,958.0,0,30,1
BANKNIFTY09OCT2451100CE.NFO,2024-09-09,10:07:00,2024-10-09,958.0,958.0,958.0,958.0,0,30,1
BANKNIFTY09OCT2451100CE.NFO,2024-09-09,10:08:00,2024-10-09,958.0,958.0,958.0,958.0,0,30,1
BANKNIFTY09OCT2451100CE.NFO,2024-09-09,10:09:00,2024-10-09,958.0,958.0,958.0,958.0,0,30,1
BANKNIFTY09OCT2451100CE.NFO,2024-09-09,10:10:00,2024-10-09,958.0,958.0,958.0,958.0,0,30,1
BANKNIFTY09OCT2451100CE.NFO,2024-09-09,10:11:00,2024-10-09,958.0,958.0,958.0,958.0,0,30,1
BANKNIFTY09OCT2451100CE.NFO,2024-09-09,10:12:00,2024-10-09,958.0,958.0,958.0,958.0,0,30,1
BANKNIFTY09OCT2451100CE.NFO,2024-09-09,10:13:00,2024-10-09,958.0,958.0,958.0,958.0,0,30,1
BANKNIFTY09OCT2451100CE.NFO,2024-09-09,10:14:00,2024-10-09,958.0,958.0,958.0,958.0,0,30,1
BANKNIFTY09OCT2451100CE.NFO,2024-09-09,10:15:00,2024-10-09,958.0,958.0,958.0,958.0,0,30,1
BANKNIFTY09OCT2451100CE.NFO,2024-09-09,10:16:00,2024-10-09,958.0,958.0,958.0,958.0,0,30,1
BANKNIFTY09OCT2451100CE.NFO,2024-09-09,10:17:00,2024-10-09,958.0,958.0,958.0,958.0,0,30,1
BANKNIFTY09OCT2451100CE.NFO,2024-09-09,10:18:00,2024-10-09,958.0,958.0,958.0,958.0,0,30,1
BANKNIFTY09OCT2451100CE.NFO,2024-09-09,10:19:00,2024-10-09,958.0,958.0,958.0,958.0,0,30,1
BANKNIFTY09OCT2451100CE.NFO,2024-09-09,10:20:00,2024-10-09,958.0,958.0,958.0,958.0,0,30,1
BANKNIFTY09OCT2451100CE.NFO,2024-09-09,10:21:00,2024-10-09,958.0,958.0,958.0,958.0,0,30,1
BANKNIFTY09OCT2451100CE.NFO,2024-09-09,10:22:00,2024-10-09,958.0,958.0,958.0,958.0,0,30,1
BANKNIFTY09OCT2451100CE.NFO,2024-09-09,10:23:00,2024-10-09,958.0,958.0,958.0,958.0,0,30,1
BANKNIFTY09OCT2451100CE.NFO,2024-09-09,10:24:00,2024-10-09,958.0,958.0,958.0,958.0,0,30,1
BANKNIFTY09OCT2451100CE.NFO,2024-09-09,10:25:00,2024-10-09,958.0,958.0,958.0,958.0,0,30,1
BANKNIFTY09OCT2451100CE.NFO,2024-09-09,10:26:00,2024-10-09,958.0,958.0,958.0,958.0,0,30,1
BANKNIFTY09OCT2451100CE.NFO,2024-09-09,10:27:00,2024-10-09,958.0,958.0,958.0,958.0,0,30,1
BANKNIFTY09OCT2451100CE.NFO,2024-09-09,10:28:00,2024-10-09,958.0,958.0,958.0,958.0,0,30,1
BANKNIFTY09OCT2451100CE.NFO,2024-09-09,10:29:00,2024-10-09,958.0,958.0,958.0,958.0,0,30,1
BANKNIFTY09OCT2451100CE.NFO,2024-09-09,10:30:00,2024-10-09,958.0,958.0,958.0,958.0,0,30,1
BANKNIFTY09OCT2451100CE.NFO,2024-09-09,10:31:00,2024-10-09,958.0,958.0,958.0,958.0,0,30,1
BANKNIFTY09OCT2451100CE.NFO,2024-09-09,10:32:00,2024-10-09,958.0,958.0,958.0,958.0,0,30,1
BANKNIFTY09OCT2451100CE.NFO,2024-09-09,10:33:00,2024-10-09,958.0,958.0,958.0,958.0,0,30,1
BANKNIFTY09OCT2451100CE.NFO,2024-09-09,10:34:00,2024-10-09,958.0,958.0,958.0,958.0,0,30,1
BANKNIFTY09OCT2451100CE.NFO,2024-09-09,10:35:00,2024-10-09,958.0,958.0,958.0,958.0,0,30,1
BANKNIFTY09OCT2451100CE.NFO,2024-09-09,10:36:00,2024-10-09,958.0,958.0,958.0,958.0,0,30,1
BANKNIFTY09OCT2451100CE.NFO,2024-09-09,10:37:00,2024-10-09,958.0,958.0,958.0,958.0,0,30,1
BANKNIFTY09OCT2451100CE.NFO,2024-09-09,10:38:00,2024-10-09,958.0,958.0,958.0,958.0,0,30,1
BANKNIFTY09OCT2451100CE.NFO,2024-09-09,10:39:00,2024-10-09,958.0,958.0,958.0,958.0,0,30,1
BANKNIFTY09OCT2451100CE.NFO,2024-09-09,10:40:00,2024-10-09,958.0,958.0,958.0,958.0,0,30,1
BANKNIFTY09OCT2451100CE.NFO,2024-09-09,10:41:00,2024-10-09,958.0,958.0,958.0,958.0,0,30,1
BANKNIFTY09OCT2451100CE.NFO,2024-09-09,10:42:00,2024-10-09,958.0,958.0,958.0,958.0,0,30,1
BANKNIFTY09OCT2451100CE.NFO,2024-09-09,10:43:00,2024-10-09,958.0,958.0,958.0,958.0,0,30,1
BANKNIFTY09OCT2451100CE.NFO,2024-09-09,10:44:00,2024-10-09,958.0,958.0,958.0,958.0,0,30,1
BANKNIFTY09OCT2451100CE.NFO,2024-09-09,10:45:00,2024-10-09,958.0,958.0,958.0,958.0,0,30,1
BANKNIFTY09OCT2451100CE.NFO,2024-09-09,10:46:00,2024-10-09,958.0,958.0,958.0,958.0,0,30,1
BANKNIFTY09OCT2451100CE.NFO,2024-09-09,10:47:00,2024-10-09,958.0,958.0,958.0,958.0,0,30,1
BANKNIFTY09OCT2451100CE.NFO,2024-09-09,10:48:00,2024-10-09,958.0,958.0,958.0,958.0,0,30,1
BANKNIFTY09OCT2451100CE.NFO,2024-09-09,10:49:00,2024-10-09,958.0,958.0,958.0,958.0,0,30,1
BANKNIFTY09OCT2451100CE.NFO,2024-09-09,10:50:00,2024-10-09,958.0,958.0,958.0,958.0,0,30,1
BANKNIFTY09OCT2451100CE.NFO,2024-09-09,10:51:00,2024-10-09,958.0,958.0,958.0,958.0,0,30,1
BANKNIFTY09OCT2451100CE.NFO,2024-09-09,10:52:00,2024-10-09,958.0,958.0,958.0,958.0,0,30,1
BANKNIFTY09OCT2451100CE.NFO,2024-09-09,10:53:00,2024-10-09,958.0,958.0,958.0,958.0,0,30,1
BANKNIFTY09OCT2451100CE.NFO,2024-09-09,10:54:00,2024-10-09,958.0,958.0,958.0,958.0,0,30,1
BANKNIFTY09OCT2451100CE.NFO,2024-09-09,10:55:00,2024-10-09,958.0,958.0,958.0,958.0,0,30,1
BANKNIFTY09OCT2451100CE.NFO,2024-09-09,10:56:00,2024-10-09,958.0,958.0,958.0,958.0,0,30,1
BANKNIFTY09OCT2451100CE.NFO,2024-09-09,10:57:00,2024-10-09,958.0,958.0,958.0,958.0,0,30,1
BANKNIFTY09OCT2451100CE.NFO,2024-09-09,10:58:00,2024-10-09,958.0,958.0,958.0,958.0,0,30,1
BANKNIFTY09OCT2451100CE.NFO,2024-09-09,10:59:00,2024-10-09,958.0,958.0,958.0,958.0,0,30,1
BANKNIFTY09OCT2451100CE.NFO,2024-09-09,11:00:00,2024-10-09,958.0,958.0,958.0,958.0,0,30,1
BANKNIFTY09OCT2451100CE.NFO,2024-09-09,11:01:00,2024-10-09,958.0,958.0,958.0,958.0,0,30,1
BANKNIFTY09OCT2451100CE.NFO,2024-09-09,11:02:00,2024-10-09,958.0,958.0,958.0,958.0,0,30,1
BANKNIFTY09OCT2451100CE.NFO,2024-09-09,11:03:00,2024-10-09,958.0,958.0,958.0,958.0,0,30,1
BANKNIFTY09OCT2451100CE.NFO,2024-09-09,11:04:00,2024-10-09,958.0,958.0,958.0,958.0,0,30,1
BANKNIFTY09OCT2451100CE.NFO,2024-09-09,11:05:00,2024-10-09,958.0,958.0,958.0,958.0,0,30,1
BANKNIFTY09OCT2451100CE.NFO,2024-09-09,11:06:00,2024-10-09,958.0,958.0,958.0,958.0,0,30,1
BANKNIFTY09OCT2451100CE.NFO,2024-09-09,11:07:00,2024-10-09,958.0,958.0,958.0,958.0,0,30,1
BANKNIFTY09OCT2451100CE.NFO,2024-09-09,11:08:00,2024-10-09,958.0,958.0,958.0,958.0,0,30,1
BANKNIFTY09OCT2451100CE.NFO,2024-09-09,11:09:00,2024-10-09,958.0,958.0,958.0,958.0,0,30,1
BANKNIFTY09OCT2451100CE.NFO,2024-09-09,11:10:00,2024-10-09,958.0,958.0,958.0,958.0,0,30,1
BANKNIFTY09OCT2451100CE.NFO,2024-09-09,11:11:00,2024-10-09,958.0,958.0,958.0,958.0,0,30,1
BANKNIFTY09OCT2451100CE.NFO,2024-09-09,11:12:00,2024-10-09,958.0,958.0,958.0,958.0,0,30,1
BANKNIFTY09OCT2451100CE.NFO,2024-09-09,11:13:00,2024-10-09,958.0,958.0,958.0,958.0,0,30,1
BANKNIFTY09OCT2451100CE.NFO,2024-09-09,11:14:00,2024-10-09,958.0,958.0,958.0,958.0,0,30,1
BANKNIFTY09OCT2451100CE.NFO,2024-09-09,11:15:00,2024-10-09,958.0,958.0,958.0,958.0,0,30,1
BANKNIFTY09OCT2451100CE.NFO,2024-09-09,11:16:00,2024-10-09,958.0,958.0,958.0,958.0,0,30,1
BANKNIFTY09OCT2451100CE.NFO,2024-09-09,11:17:00,2024-10-09,958.0,958.0,958.0,958.0,0,30,1
BANKNIFTY09OCT2451100CE.NFO,2024-09-09,11:18:00,2024-10-09,958.0,958.0,958.0,958.0,0,30,1
BANKNIFTY09OCT2451100CE.NFO,2024-09-09,11:19:00,2024-10-09,958.0,958.0,958.0,958.0,0,30,1
BANKNIFTY09OCT2451100CE.NFO,2024-09-09,11:20:00,2024-10-09,958.0,958.0,958.0,958.0,0,30,1
BANKNIFTY09OCT2451100CE.NFO,2024-09-09,11:21:00,2024-10-09,958.0,958.0,958.0,958.0,0,30,1
BANKNIFTY09OCT2451100CE.NFO,2024-09-09,11:22:00,2024-10-09,958.0,958.0,958.0,958.0,0,30,1
BANKNIFTY09OCT2451100CE.NFO,2024-09-09,11:23:00,2024-10-09,958.0,958.0,958.0,958.0,0,30,1
BANKNIFTY09OCT2451100CE.NFO,2024-09-09,11:24:00,2024-10-09,958.0,958.0,958.0,958.0,0,30,1
BANKNIFTY09OCT2451100CE.NFO,2024-09-09,11:25:00,2024-10-09,958.0,958.0,958.0,958.0,0,30,1
BANKNIFTY09OCT2451100CE.NFO,2024-09-09,11:26:00,2024-10-09,958.0,958.0,958.0,958.0,0,30,1
BANKNIFTY09OCT2451100CE.NFO,2024-09-09,11:27:00,2024-10-09,958.0,958.0,958.0,958.0,0,30,1
BANKNIFTY09OCT2451100CE.NFO,2024-09-09,11:28:00,2024-10-09,958.0,958.0,958.0,958.0,0,30,1
BANKNIFTY09OCT2451100CE.NFO,2024-09-09,11:29:00,2024-10-09,958.0,958.0,958.0,958.0,0,30,1
BANKNIFTY09OCT2451100CE.NFO,2024-09-09,11:30:00,2024-10-09,958.0,958.0,958.0,958.0,0,30,1
BANKNIFTY09OCT2451100CE.NFO,2024-09-09,11:31:00,2024-10-09,958.0,958.0,958.0,958.0,0,30,1
BANKNIFTY09OCT2451100CE.NFO,2024-09-09,11:32:00,2024-10-09,958.0,958.0,958.0,958.0,0,30,1
BANKNIFTY09OCT2451100CE.NFO,2024-09-09,11:33:00,2024-10-09,958.0,958.0,958.0,958.0,0,30,1
BANKNIFTY09OCT2451100CE.NFO,2024-09-09,11:34:00,2024-10-09,958.0,958.0,958.0,958.0,0,30,1
BANKNIFTY09OCT2451100CE.NFO,2024-09-09,11:35:00,2024-10-09,958.0,958.0,958.0,958.0,0,30,1
BANKNIFTY09OCT2451100CE.NFO,2024-09-09,11:36:00,2024-10-09,958.0,958.0,958.0,958.0,0,30,1
BANKNIFTY09OCT2451100CE.NFO,2024-09-09,11:37:00,2024-10-09,958.0,958.0,958.0,958.0,0,30,1
BANKNIFTY09OCT2451100CE.NFO,2024-09-09,11:38:00,2024-10-09,958.0,958.0,958.0,958.0,0,30,1
BANKNIFTY09OCT2451100CE.NFO,2024-09-09,11:39:00,2024-10-09,958.0,958.0,958.0,958.0,0,30,1
BANKNIFTY09OCT2451100CE.NFO,2024-09-09,11:40:00,2024-10-09,958.0,958.0,958.0,958.0,0,30,1
BANKNIFTY09OCT2451100CE.NFO,2024-09-09,11:41:00,2024-10-09,958.0,958.0,958.0,958.0,0,30,1
BANKNIFTY09OCT2451100CE.NFO,2024-09-09,11:42:00,2024-10-09,958.0,958.0,958.0,958.0,0,30,1
BANKNIFTY09OCT2451100CE.NFO,2024-09-09,11:43:00,2024-10-09,958.0,958.0,958.0,958.0,0,30,1
BANKNIFTY09OCT2451100CE.NFO,2024-09-09,11:44:00,2024-10-09,958.0,958.0,958.0,958.0,0,30,1
BANKNIFTY09OCT2451100CE.NFO,2024-09-09,11:45:00,2024-10-09,958.0,958.0,958.0,958.0,0,30,1
BANKNIFTY09OCT2451100CE.NFO,2024-09-09,11:46:00,2024-10-09,958.0,958.0,958.0,958.0,0,30,1
BANKNIFTY09OCT2451100CE.NFO,2024-09-09,11:47:00,2024-10-09,958.0,958.0,958.0,958.0,0,30,1
BANKNIFTY09OCT2451100CE.NFO,2024-09-09,11:48:00,2024-10-09,958.0,958.0,958.0,958.0,0,30,1
BANKNIFTY09OCT2451100CE.NFO,2024-09-09,11:49:00,2024-10-09,958.0,958.0,958.0,958.0,0,30,1
BANKNIFTY09OCT2451100CE.NFO,2024-09-09,11:50:00,2024-10-09,958.0,958.0,958.0,958.0,0,30,1
BANKNIFTY09OCT2451100CE.NFO,2024-09-09,11:51:00,2024-10-09,958.0,958.0,958.0,958.0,0,30,0
BANKNIFTY09OCT2451100CE.NFO,2024-09-09,11:52:00,2024-10-09,958.0,958.0,958.0,958.0,0,30,0
BANKNIFTY09OCT2451100CE.NFO,2024-09-09,11:53:00,2024-10-09,958.0,958.0,958.0,958.0,0,30,0
BANKNIFTY09OCT2451100CE.NFO,2024-09-09,11:54:00,2024-10-09,958.0,958.0,958.0,958.0,0,30,0
BANKNIFTY09OCT2451100CE.NFO,2024-09-09,11:55:00,2024-10-09,958.0,958.0,958.0,958.0,0,30,0
BANKNIFTY09OCT2451100CE.NFO,2024-09-09,11:56:00,2024-10-09,958.0,958.0,958.0,958.0,0,30,0
BANKNIFTY09OCT2451100CE.NFO,2024-09-09,11:57:00,2024-10-09,958.0,958.0,958.0,958.0,0,30,0
BANKNIFTY09OCT2451100CE.NFO,2024-09-09,11:58:00,2024-10-09,958.0,958.0,958.0,958.0,0,30,0
BANKNIFTY09OCT2451100CE.NFO,2024-09-09,11:59:00,2024-10-09,958.0,958.0,958.0,958.0,0,30,1
BANKNIFTY09OCT2451100CE.NFO,2024-09-09,12:00:00,2024-10-09,958.0,958.0,958.0,958.0,0,30,0
BANKNIFTY09OCT2451100CE.NFO,2024-09-09,12:01:00,2024-10-09,958.0,958.0,958.0,958.0,0,30,0
BANKNIFTY09OCT2451100CE.NFO,2024-09-09,12:02:00,2024-10-09,958.0,958.0,958.0,958.0,0,30,0
BANKNIFTY09OCT2451100CE.NFO,2024-09-09,12:03:00,2024-10-09,958.0,958.0,958.0,958.0,0,30,0
BANKNIFTY09OCT2451100CE.NFO,2024-09-09,12:04:00,2024-10-09,958.0,958.0,958.0,958.0,0,30,0
BANKNIFTY09OCT2451100CE.NFO,2024-09-09,12:05:00,2024-10-09,958.0,958.0,958.0,958.0,0,30,0
BANKNIFTY09OCT2451100CE.NFO,2024-09-09,12:06:00,2024-10-09,958.0,958.0,958.0,958.0,0,30,0
BANKNIFTY09OCT2451100CE.NFO,2024-09-09,12:07:00,2024-10-09,958.0,958.0,958.0,958.0,0,30,0
BANKNIFTY09OCT2451100CE.NFO,2024-09-09,12:08:00,2024-10-09,958.0,958.0,958.0,958.0,0,30,0
BANKNIFTY09OCT2451100CE.NFO,2024-09-09,12:09:00,2024-10-09,958.0,958.0,958.0,958.0,0,30,0
BANKNIFTY09OCT2451100CE.NFO,2024-09-09,12:10:00,2024-10-09,958.0,958.0,958.0,958.0,0,30,0
BANKNIFTY09OCT2451100CE.NFO,2024-09-09,12:11:00,2024-10-09,958.0,958.0,958.0,958.0,0,30,0
BANKNIFTY09OCT2451100CE.NFO,2024-09-09,12:12:00,2024-10-09,958.0,958.0,958.0,958.0,0,30,1
BANKNIFTY09OCT2451100CE.NFO,2024-09-09,12:13:00,2024-10-09,958.0,958.0,958.0,958.0,0,30,0
BANKNIFTY09OCT2451100CE.NFO,2024-09-09,12:14:00,2024-10-09,958.0,958.0,958.0,958.0,0,30,0
BANKNIFTY09OCT2451100CE.NFO,2024-09-09,12:15:00,2024-10-09,958.0,958.0,958.0,958.0,0,30,0
BANKNIFTY09OCT2451100CE.NFO,2024-09-09,12:16:00,2024-10-09,958.0,958.0,958.0,958.0,0,30,0
BANKNIFTY09OCT2451100CE.NFO,2024-09-09,12:17:00,2024-10-09,958.0,958.0,958.0,958.0,0,30,0
BANKNIFTY09OCT2451100CE.NFO,2024-09-09,12:18:00,2024-10-09,958.0,958.0,958.0,958.0,0,30,0
BANKNIFTY09OCT2451100CE.NFO,2024-09-09,12:19:00,2024-10-09,958.0,958.0,958.0,958.0,0,30,0
BANKNIFTY09OCT2451100CE.NFO,2024-09-09,12:20:00,2024-10-09,958.0,958.0,958.0,958.0,0,30,0
BANKNIFTY09OCT2451100CE.NFO,2024-09-09,12:21:00,2024-10-09,958.0,958.0,958.0,958.0,0,30,0
BANKNIFTY09OCT2451100CE.NFO,2024-09-09,12:22:00,2024-10-09,958.0,958.0,958.0,958.0,0,30,0
BANKNIFTY09OCT2451100CE.NFO,2024-09-09,12:23:00,2024-10-09,958.0,958.0,958.0,958.0,0,30,0
BANKNIFTY09OCT2451100CE.NFO,2024-09-09,12:24:00,2024-10-09,958.0,958.0,958.0,958.0,0,30,0
BANKNIFTY09OCT2451100CE.NFO,2024-09-09,12:25:00,2024-10-09,958.0,958.0,958.0,958.0,0,30,1
BANKNIFTY09OCT2451100CE.NFO,2024-09-09,12:26:00,2024-10-09,958.0,958.0,958.0,958.0,0,30,0
BANKNIFTY09OCT2451100CE.NFO,2024-09-09,12:27:00,2024-10-09,958.0,958.0,958.0,958.0,0,30,0
BANKNIFTY09OCT2451100CE.NFO,2024-09-09,12:28:00,2024-10-09,958.0,958.0,958.0,958.0,0,30,0
BANKNIFTY09OCT2451100CE.NFO,2024-09-09,12:29:00,2024-10-09,958.0,958.0,958.0,958.0,0,30,0
BANKNIFTY09OCT2451100CE.NFO,2024-09-09,12:30:00,2024-10-09,958.0,958.0,958.0,958.0,0,30,0
BANKNIFTY09OCT2451100CE.NFO,2024-09-09,12:31:00,2024-10-09,958.0,958.0,958.0,958.0,0,30,0
BANKNIFTY09OCT2451100CE.NFO,2024-09-09,12:32:00,2024-10-09,958.0,958.0,958.0,958.0,0,30,0
BANKNIFTY09OCT2451100CE.NFO,2024-09-09,12:33:00,2024-10-09,958.0,958.0,958.0,958.0,0,30,0
BANKNIFTY09OCT2451100CE.NFO,2024-09-09,12:34:00,2024-10-09,958.0,958.0,958.0,958.0,0,30,0
BANKNIFTY09OCT2451100CE.NFO,2024-09-09,12:35:00,2024-10-09,958.0,958.0,958.0,958.0,0,30,0
BANKNIFTY09OCT2451100CE.NFO,2024-09-09,12:36:00,2024-10-09,958.0,958.0,958.0,958.0,0,30,0
BANKNIFTY09OCT2451100CE.NFO,2024-09-09,12:37:00,2024-10-09,958.0,958.0,958.0,958.0,0,30,0
BANKNIFTY09OCT2451100CE.NFO,2024-09-09,12:38:00,2024-10-09,958.0,958.0,958.0,958.0,0,30,0
BANKNIFTY09OCT2451100CE.NFO,2024-09-09,12:39:00,2024-10-09,958.0,958.0,958.0,958.0,0,30,0
BANKNIFTY09OCT2451100CE.NFO,2024-09-09,12:40:00,2024-10-09,958.0,958.0,958.0,958.0,0,30,0
BANKNIFTY09OCT2451100CE.NFO,2024-09-09,12:41:00,2024-10-09,958.0,958.0,958.0,958.0,0,30,0
BANKNIFTY09OCT2451100CE.NFO,2024-09-09,12:42:00,2024-10-09,958.0,958.0,958.0,958.0,0,30,0
BANKNIFTY09OCT2451100CE.NFO,2024-09-09,12:43:00,2024-10-09,958.0,958.0,958.0,958.0,0,30,0
BANKNIFTY09OCT2451100CE.NFO,2024-09-09,12:44:00,2024-10-09,958.0,958.0,958.0,958.0,0,30,1
BANKNIFTY09OCT2451100CE.NFO,2024-09-09,12:45:00,2024-10-09,958.0,958.0,958.0,958.0,0,30,0
BANKNIFTY09OCT2451100CE.NFO,2024-09-09,12:46:00,2024-10-09,958.0,958.0,958.0,958.0,0,30,0
BANKNIFTY09OCT2451100CE.NFO,2024-09-09,12:47:00,2024-10-09,958.0,958.0,958.0,958.0,0,30,0
BANKNIFTY09OCT2451100CE.NFO,2024-09-09,12:48:00,2024-10-09,958.0,958.0,958.0,958.0,0,30,0
BANKNIFTY09OCT2451100CE.NFO,2024-09-09,12:49:00,2024-10-09,958.0,958.0,958.0,958.0,0,30,0
BANKNIFTY09OCT2451100CE.NFO,2024-09-09,12:50:00,2024-10-09,958.0,958.0,958.0,958.0,0,30,0
BANKNIFTY09OCT2451100CE.NFO,2024-09-09,12:51:00,2024-10-09,958.0,958.0,958.0,958.0,0,30,0
BANKNIFTY09OCT2451100CE.NFO,2024-09-09,12:52:00,2024-10-09,958.0,958.0,958.0,958.0,0,30,0
BANKNIFTY09OCT2451100CE.NFO,2024-09-09,12:53:00,2024-10-09,958.0,958.0,958.0,958.0,0,30,0
BANKNIFTY09OCT2451100CE.NFO,2024-09-09,12:54:00,2024-10-09,958.0,958.0,958.0,958.0,0,30,0
BANKNIFTY09OCT2451100CE.NFO,2024-09-09,12:55:00,2024-10-09,958.0,958.0,958.0,958.0,0,30,0
BANKNIFTY09OCT2451100CE.NFO,2024-09-09,12:56:00,2024-10-09,958.0,958.0,958.0,958.0,0,30,0
BANKNIFTY09OCT2451100CE.NFO,2024-09-09,12:57:00,2024-10-09,958.0,958.0,958.0,958.0,0,30,0
BANKNIFTY09OCT2451100CE.NFO,2024-09-09,12:58:00,2024-10-09,958.0,958.0,958.0,958.0,0,30,0
BANKNIFTY09OCT2451100CE.NFO,2024-09-09,12:59:00,2024-10-09,958.0,958.0,958.0,958.0,0,30,0
BANKNIFTY09OCT2451100CE.NFO,2024-09-09,13:00:00,2024-10-09,958.0,958.0,958.0,958.0,0,30,0
BANKNIFTY09OCT2451100CE.NFO,2024-09-09,13:01:00,2024-10-09,958.0,958.0,958.0,958.0,0,30,0
BANKNIFTY09OCT2451100CE.NFO,2024-09-09,13:02:00,2024-10-09,958.0,958.0,958.0,958.0,0,30,0
BANKNIFTY09OCT2451100CE.NFO,2024-09-09,13:03:00,2024-10-09,958.0,958.0,958.0,958.0,0,30,0
BANKNIFTY09OCT2451100CE.NFO,2024-09-09,13:04:00,2024-10-09,958.0,958.0,958.0,958.0,0,30,0
BANKNIFTY09OCT2451100CE.NFO,2024-09-09,13:05:00,2024-10-09,958.0,958.0,958.0,958.0,0,30,0
BANKNIFTY09OCT2451100CE.NFO,2024-09-09,13:06:00,2024-10-09,958.0,958.0,958.0,958.0,0,30,0
BANKNIFTY09OCT2451100CE.NFO,2024-09-09,13:07:00,2024-10-09,958.0,958.0,958.0,958.0,0,30,0
BANKNIFTY09OCT2451100CE.NFO,2024-09-09,13:08:00,2024-10-09,958.0,958.0,958.0,958.0,0,30,0
BANKNIFTY09OCT2451100CE.NFO,2024-09-09,13:09:00,2024-10-09,958.0,958.0,958.0,958.0,0,30,0
BANKNIFTY09OCT2451100CE.NFO,2024-09-09,13:10:00,2024-10-09,958.0,958.0,958.0,958.0,0,30,0
BANKNIFTY09OCT2451100CE.NFO,2024-09-09,13:11:00,2024-10-09,958.0,958.0,958.0,958.0,0,30,0
BANKNIFTY09OCT2451100CE.NFO,2024-09-09,13:12:00,2024-10-09,958.0,958.0,958.0,958.0,0,30,0
BANKNIFTY09OCT2451100CE.NFO,2024-09-09,13:13:00,2024-10-09,958.0,958.0,958.0,958.0,0,30,0
BANKNIFTY09OCT2451100CE.NFO,2024-09-09,13:14:00,2024-10-09,958.0,958.0,958.0,958.0,0,30,0
BANKNIFTY09OCT2451100CE.NFO,2024-09-09,13:15:00,2024-10-09,958.0,958.0,958.0,958.0,0,30,0
BANKNIFTY09OCT2451100CE.NFO,2024-09-09,13:16:00,2024-10-09,958.0,958.0,958.0,958.0,0,30,0
BANKNIFTY09OCT2451100CE.NFO,2024-09-09,13:17:00,2024-10-09,958.0,958.0,958.0,958.0,0,30,0
BANKNIFTY09OCT2451100CE.NFO,2024-09-09,13:18:00,2024-10-09,958.0,958.0,958.0,958.0,0,30,0
BANKNIFTY09OCT2451100CE.NFO,2024-09-09,13:19:00,2024-10-09,958.0,958.0,958.0,958.0,0,30,0
BANKNIFTY09OCT2451100CE.NFO,2024-09-09,13:20:00,2024-10-09,958.0,958.0,958.0,958.0,0,30,0
BANKNIFTY09OCT2451100CE.NFO,2024-09-09,13:21:00,2024-10-09,958.0,958.0,958.0,958.0,0,30,0
BANKNIFTY09OCT2451100CE.NFO,2024-09-09,13:22:00,2024-10-09,958.0,958.0,958.0,958.0,0,30,0
BANKNIFTY09OCT2451100CE.NFO,2024-09-09,13:23:00,2024-10-09,958.0,958.0,958.0,958.0,0,30,0
BANKNIFTY09OCT2451100CE.NFO,2024-09-09,13:24:00,2024-10-09,958.0,958.0,958.0,958.0,0,30,0
BANKNIFTY09OCT2451100CE.NFO,2024-09-09,13:25:00,2024-10-09,958.0,958.0,958.0,958.0,0,30,0
BANKNIFTY09OCT2451100CE.NFO,2024-09-09,13:26:00,2024-10-09,958.0,958.0,958.0,958.0,0,30,0
BANKNIFTY09OCT2451100CE.NFO,2024-09-09,13:27:00,2024-10-09,958.0,958.0,958.0,958.0,0,30,0
BANKNIFTY09OCT2451100CE.NFO,2024-09-09,13:28:00,2024-10-09,958.0,958.0,958.0,958.0,0,30,0
BANKNIFTY09OCT2451100CE.NFO,2024-09-09,13:29:00,2024-10-09,958.0,958.0,958.0,958.0,0,30,0
BANKNIFTY09OCT2451100CE.NFO,2024-09-09,13:30:00,2024-10-09,958.0,958.0,958.0,958.0,0,30,0
BANKNIFTY09OCT2451100CE.NFO,2024-09-09,13:31:00,2024-10-09,958.0,958.0,958.0,958.0,0,30,0
BANKNIFTY09OCT2451100CE.NFO,2024-09-09,13:32:00,2024-10-09,958.0,958.0,958.0,958.0,0,30,0
BANKNIFTY09OCT2451100CE.NFO,2024-09-09,13:33:00,2024-10-09,958.0,958.0,958.0,958.0,0,30,0
BANKNIFTY09OCT2451100CE.NFO,2024-09-09,13:34:00,2024-10-09,958.0,958.0,958.0,958.0,0,30,1
BANKNIFTY09OCT2451100CE.NFO,2024-09-09,13:35:00,2024-10-09,958.0,958.0,958.0,958.0,0,30,0
BANKNIFTY09OCT2451100CE.NFO,2024-09-09,13:36:00,2024-10-09,958.0,958.0,958.0,958.0,0,30,0
BANKNIFTY09OCT2451100CE.NFO,2024-09-09,13:37:00,2024-10-09,958.0,958.0,958.0,958.0,0,30,0
BANKNIFTY09OCT2451100CE.NFO,2024-09-09,13:38:00,2024-10-09,958.0,958.0,958.0,958.0,0,30,0
BANKNIFTY09OCT2451100CE.NFO,2024-09-09,13:39:00,2024-10-09,958.0,958.0,958.0,958.0,0,30,0
BANKNIFTY09OCT2451100CE.NFO,2024-09-09,13:40:00,2024-10-09,958.0,958.0,958.0,958.0,0,30,0
BANKNIFTY09OCT2451100CE.NFO,2024-09-09,13:41:00,2024-10-09,958.0,958.0,958.0,958.0,0,30,0
BANKNIFTY09OCT2451100CE.NFO,2024-09-09,13:42:00,2024-10-09,958.0,958.0,958.0,958.0,0,30,0
BANKNIFTY09OCT2451100CE.NFO,2024-09-09,13:43:00,2024-10-09,958.0,958.0,876.25,876.25,15,45,0
BANKNIFTY09OCT2451100CE.NFO,2024-09-09,13:44:00,2024-10-09,876.25,876.25,876.25,876.25,0,45,0
BANKNIFTY09OCT2451100CE.NFO,2024-09-09,13:45:00,2024-10-09,876.25,876.25,876.25,876.25,0,45,0
BANKNIFTY09OCT2451100CE.NFO,2024-09-09,13:46:00,2024-10-09,876.25,876.25,876.25,876.25,0,45,0
BANKNIFTY09OCT2451100CE.NFO,2024-09-09,13:47:00,2024-10-09,876.25,876.25,876.25,876.25,0,45,0
BANKNIFTY09OCT2451100CE.NFO,2024-09-09,13:48:00,2024-10-09,876.25,876.25,876.25,876.25,0,45,0
BANKNIFTY09OCT2451100CE.NFO,2024-09-09,13:49:00,2024-10-09,876.25,876.25,876.25,876.25,0,45,0
BANKNIFTY09OCT2451100CE.NFO,2024-09-09,13:50:00,2024-10-09,876.25,876.25,876.25,876.25,0,45,0
BANKNIFTY09OCT2451100CE.NFO,2024-09-09,13:51:00,2024-10-09,876.25,876.25,876.25,876.25,0,45,0
BANKNIFTY09OCT2451100CE.NFO,2024-09-09,13:52:00,2024-10-09,876.25,876.25,876.25,876.25,0,45,0
BANKNIFTY09OCT2451100CE.NFO,2024-09-09,13:53:00,2024-10-09,876.25,876.25,876.25,876.25,0,45,0
BANKNIFTY09OCT2451100CE.NFO,2024-09-09,13:54:00,2024-10-09,876.25,876.25,876.25,876.25,0,45,0
BANKNIFTY09OCT2451100CE.NFO,2024-09-09,13:55:00,2024-10-09,876.25,876.25,876.25,876.25,0,45,0
BANKNIFTY09OCT2451100CE.NFO,2024-09-09,13:56:00,2024-10-09,876.25,876.25,876.25,876.25,0,45,0
BANKNIFTY09OCT2451100CE.NFO,2024-09-09,13:57:00,2024-10-09,876.25,876.25,876.25,876.25,0,45,0
BANKNIFTY09OCT2451100CE.NFO,2024-09-09,13:58:00,2024-10-09,876.25,876.25,876.25,876.25,0,45,0
BANKNIFTY09OCT2451100CE.NFO,2024-09-09,13:59:00,2024-10-09,876.25,876.25,876.25,876.25,0,45,0
BANKNIFTY09OCT2451100CE.NFO,2024-09-09,14:00:00,2024-10-09,876.25,876.25,876.25,876.25,0,45,1
BANKNIFTY09OCT2451100CE.NFO,2024-09-09,14:01:00,2024-10-09,876.25,876.25,876.25,876.25,0,45,0
BANKNIFTY09OCT2451100CE.NFO,2024-09-09,14:02:00,2024-10-09,876.25,876.25,876.25,876.25,0,45,0
BANKNIFTY09OCT2451100CE.NFO,2024-09-09,14:03:00,2024-10-09,876.25,876.25,876.25,876.25,0,45,0
BANKNIFTY09OCT2451100CE.NFO,2024-09-09,14:04:00,2024-10-09,876.25,876.25,876.25,876.25,0,45,0
BANKNIFTY09OCT2451100CE.NFO,2024-09-09,14:05:00,2024-10-09,876.25,876.25,876.25,876.25,0,45,0
BANKNIFTY09OCT2451100CE.NFO,2024-09-09,14:06:00,2024-10-09,876.25,876.25,876.25,876.25,0,45,0
BANKNIFTY09OCT2451100CE.NFO,2024-09-09,14:07:00,2024-10-09,876.25,876.25,876.25,876.25,0,45,0
BANKNIFTY09OCT2451100CE.NFO,2024-09-09,14:08:00,2024-10-09,876.25,876.25,876.25,876.25,0,45,0
BANKNIFTY09OCT2451100CE.NFO,2024-09-09,14:09:00,2024-10-09,876.25,876.25,876.25,876.25,0,45,0
BANKNIFTY09OCT2451100CE.NFO,2024-09-09,14:10:00,2024-10-09,876.25,876.25,876.25,876.25,0,45,0
BANKNIFTY09OCT2451100CE.NFO,2024-09-09,14:11:00,2024-10-09,876.25,876.25,876.25,876.25,0,45,0
BANKNIFTY09OCT2451100CE.NFO,2024-09-09,14:12:00,2024-10-09,876.25,876.25,876.25,876.25,0,45,0
BANKNIFTY09OCT2451100CE.NFO,2024-09-09,14:13:00,2024-10-09,876.25,876.25,876.25,876.25,0,45,0
BANKNIFTY09OCT2451100CE.NFO,2024-09-09,14:14:00,2024-10-09,876.25,876.25,876.25,876.25,0,45,0
BANKNIFTY09OCT2451100CE.NFO,2024-09-09,14:15:00,2024-10-09,876.25,876.25,876.25,876.25,0,45,0
BANKNIFTY09OCT2451100CE.NFO,2024-09-09,14:16:00,2024-10-09,876.25,876.25,876.25,876.25,0,45,1
BANKNIFTY09OCT2451100CE.NFO,2024-09-09,14:17:00,2024-10-09,876.25,876.25,876.25,876.25,0,45,0
BANKNIFTY09OCT2451100CE.NFO,2024-09-09,14:18:00,2024-10-09,876.25,876.25,876.25,876.25,0,45,0
BANKNIFTY09OCT2451100CE.NFO,2024-09-09,14:19:00,2024-10-09,876.25,876.25,876.25,876.25,0,45,0
BANKNIFTY09OCT2451100CE.NFO,2024-09-09,14:20:00,2024-10-09,876.25,876.25,876.25,876.25,0,45,0
BANKNIFTY09OCT2451100CE.NFO,2024-09-09,14:21:00,2024-10-09,876.25,876.25,876.25,876.25,0,45,0
BANKNIFTY09OCT2451100CE.NFO,2024-09-09,14:22:00,2024-10-09,876.25,876.25,876.25,876.25,0,45,0
BANKNIFTY09OCT2451100CE.NFO,2024-09-09,14:23:00,2024-10-09,876.25,876.25,876.25,876.25,0,45,0
BANKNIFTY09OCT2451100CE.NFO,2024-09-09,14:24:00,2024-10-09,876.25,876.25,876.25,876.25,0,45,0
BANKNIFTY09OCT2451100CE.NFO,2024-09-09,14:25:00,2024-10-09,876.25,876.25,876.25,876.25,0,45,0
BANKNIFTY09OCT2451100CE.NFO,2024-09-09,14:26:00,2024-10-09,876.25,876.25,876.25,876.25,0,45,0
BANKNIFTY09OCT2451100CE.NFO,2024-09-09,14:27:00,2024-10-09,876.25,876.25,876.25,876.25,0,45,0
BANKNIFTY09OCT2451100CE.NFO,2024-09-09,14:28:00,2024-10-09,876.25,876.25,876.25,876.25,0,45,0
BANKNIFTY09OCT2451100CE.NFO,2024-09-09,14:29:00,2024-10-09,876.25,876.25,876.25,876.25,0,45,0
BANKNIFTY09OCT2451100CE.NFO,2024-09-09,14:30:00,2024-10-09,876.25,876.25,876.25,876.25,0,45,0
BANKNIFTY09OCT2451100CE.NFO,2024-09-09,14:31:00,2024-10-09,876.25,876.25,876.25,876.25,0,45,1
BANKNIFTY09OCT2451100CE.NFO,2024-09-09,14:32:00,2024-10-09,876.25,876.25,876.25,876.25,0,45,0
BANKNIFTY09OCT2451100CE.NFO,2024-09-09,14:33:00,2024-10-09,876.25,876.25,876.25,876.25,0,45,0
BANKNIFTY09OCT2451100CE.NFO,2024-09-09,14:34:00,2024-10-09,876.25,876.25,876.25,876.25,0,45,0
BANKNIFTY09OCT2451100CE.NFO,2024-09-09,14:35:00,2024-10-09,876.25,876.25,876.25,876.25,0,45,0
BANKNIFTY09OCT2451100CE.NFO,2024-09-09,14:36:00,2024-10-09,876.25,876.25,876.25,876.25,0,45,0
BANKNIFTY09OCT2451100CE.NFO,2024-09-09,14:37:00,2024-10-09,876.25,876.25,876.25,876.25,0,45,0
BANKNIFTY09OCT2451100CE.NFO,2024-09-09,14:38:00,2024-10-09,876.25,876.25,876.25,876.25,0,45,0
BANKNIFTY09OCT2451100CE.NFO,2024-09-09,14:39:00,2024-10-09,876.25,876.25,876.25,876.25,0,45,0
BANKNIFTY09OCT2451100CE.NFO,2024-09-09,14:40:00,2024-10-09,876.25,876.25,876.25,876.25,0,45,0
BANKNIFTY09OCT2451100CE.NFO,2024-09-09,14:41:00,2024-10-09,876.25,876.25,876.25,876.25,0,45,1
BANKNIFTY09OCT2451100CE.NFO,2024-09-09,14:42:00,2024-10-09,876.25,876.25,876.25,876.25,0,45,0
BANKNIFTY09OCT2451100CE.NFO,2024-09-09,14:43:00,2024-10-09,876.25,876.25,876.25,876.25,0,45,0
BANKNIFTY09OCT2451100CE.NFO,2024-09-09,14:44:00,2024-10-09,876.25,876.25,876.25,876.25,0,45,0
BANKNIFTY09OCT2451100CE.NFO,2024-09-09,14:45:00,2024-10-09,876.25,876.25,876.25,876.25,0,45,0
BANKNIFTY09OCT2451100CE.NFO,2024-09-09,14:46:00,2024-10-09,876.25,876.25,876.25,876.25,0,45,0
BANKNIFTY09OCT2451100CE.NFO,2024-09-09,14:47:00,2024-10-09,876.25,876.25,876.25,876.25,0,45,0
BANKNIFTY09OCT2451100CE.NFO,2024-09-09,14:48:00,2024-10-09,876.25,876.25,876.25,876.25,0,45,0
BANKNIFTY09OCT2451100CE.NFO,2024-09-09,14:49:00,2024-10-09,876.25,876.25,876.25,876.25,0,45,1
BANKNIFTY09OCT2451100CE.NFO,2024-09-09,14:50:00,2024-10-09,876.25,876.25,876.25,876.25,0,45,0
BANKNIFTY09OCT2451100CE.NFO,2024-09-09,14:51:00,2024-10-09,876.25,876.25,876.25,876.25,0,45,0
BANKNIFTY09OCT2451100CE.NFO,2024-09-09,14:52:00,2024-10-09,876.25,876.25,876.25,876.25,0,45,0
BANKNIFTY09OCT2451100CE.NFO,2024-09-09,14:53:00,2024-10-09,876.25,876.25,876.25,876.25,0,45,0
BANKNIFTY09OCT2451100CE.NFO,2024-09-09,14:54:00,2024-10-09,876.25,876.25,876.25,876.25,0,45,0
BANKNIFTY09OCT2451100CE.NFO,2024-09-09,14:55:00,2024-10-09,876.25,876.25,876.25,876.25,0,45,0
BANKNIFTY09OCT2451100CE.NFO,2024-09-09,14:56:00,2024-10-09,876.25,876.25,876.25,876.25,0,45,0
BANKNIFTY09OCT2451100CE.NFO,2024-09-09,14:57:00,2024-10-09,876.25,876.25,876.25,876.25,0,45,0
BANKNIFTY09OCT2451100CE.NFO,2024-09-09,14:58:00,2024-10-09,876.25,876.25,876.25,876.25,0,45,1
BANKNIFTY09OCT2451100CE.NFO,2024-09-09,14:59:00,2024-10-09,876.25,876.25,876.25,876.25,0,45,0
BANKNIFTY09OCT2451100CE.NFO,2024-09-09,15:00:00,2024-10-09,876.25,876.25,876.25,876.25,0,45,0
BANKNIFTY09OCT2451100CE.NFO,2024-09-09,15:01:00,2024-10-09,876.25,876.25,876.25,876.25,0,45,0
BANKNIFTY09OCT2451100CE.NFO,2024-09-09,15:02:00,2024-10-09,876.25,876.25,876.25,876.25,0,45,0
BANKNIFTY09OCT2451100CE.NFO,2024-09-09,15:03:00,2024-10-09,876.25,876.25,876.25,876.25,0,45,0
BANKNIFTY09OCT2451100CE.NFO,2024-09-09,15:04:00,2024-10-09,876.25,876.25,876.25,876.25,0,45,0
BANKNIFTY09OCT2451100CE.NFO,2024-09-09,15:05:00,2024-10-09,876.25,876.25,876.25,876.25,0,45,0
BANKNIFTY09OCT2451100CE.NFO,2024-09-09,15:06:00,2024-10-09,876.25,876.25,876.25,876.25,0,45,0
BANKNIFTY09OCT2451100CE.NFO,2024-09-09,15:07:00,2024-10-09,876.25,876.25,876.25,876.25,0,45,0
BANKNIFTY09OCT2451100CE.NFO,2024-09-09,15:08:00,2024-10-09,876.25,876.25,876.25,876.25,0,45,0
BANKNIFTY09OCT2451100CE.NFO,2024-09-09,15:09:00,2024-10-09,876.25,876.25,876.25,876.25,0,45,0
BANKNIFTY09OCT2451100CE.NFO,2024-09-09,15:10:00,2024-10-09,876.25,876.25,876.25,876.25,0,45,0
BANKNIFTY09OCT2451100CE.NFO,2024-09-09,15:11:00,2024-10-09,876.25,876.25,876.25,876.25,0,45,0
BANKNIFTY09OCT2451100CE.NFO,2024-09-09,15:12:00,2024-10-09,876.25,876.25,876.25,876.25,0,45,0
BANKNIFTY09OCT2451100CE.NFO,2024-09-09,15:13:00,2024-10-09,876.25,876.25,876.25,876.25,0,45,0
BANKNIFTY09OCT2451100CE.NFO,2024-09-09,15:14:00,2024-10-09,876.25,876.25,876.25,876.25,0,45,0
BANKNIFTY09OCT2451100CE.NFO,2024-09-09,15:15:00,2024-10-09,876.25,876.25,876.25,876.25,0,45,0
BANKNIFTY09OCT2451100CE.NFO,2024-09-09,15:16:00,2024-10-09,876.25,876.25,876.25,876.25,0,45,0
BANKNIFTY09OCT2451100CE.NFO,2024-09-09,15:17:00,2024-10-09,876.25,876.25,876.25,876.25,0,45,0
BANKNIFTY09OCT2451100CE.NFO,2024-09-09,15:18:00,2024-10-09,876.25,876.25,876.25,876.25,0,45,0
BANKNIFTY09OCT2451100CE.NFO,2024-09-09,15:19:00,2024-10-09,876.25,876.25,876.25,876.25,0,45,0
BANKNIFTY09OCT2451100CE.NFO,2024-09-09,15:20:00,2024-10-09,876.25,876.25,876.25,876.25,0,45,0
BANKNIFTY09OCT2451100CE.NFO,2024-09-09,15:21:00,2024-10-09,876.25,876.25,876.25,876.25,0,45,0
BANKNIFTY09OCT2451100CE.NFO,2024-09-09,15:22:00,2024-10-09,876.25,876.25,876.25,876.25,0,45,0
BANKNIFTY09OCT2451100CE.NFO,2024-09-09,15:23:00,2024-10-09,876.25,876.25,876.25,876.25,0,45,0
BANKNIFTY09OCT2451100CE.NFO,2024-09-09,15:24:00,2024-10-09,876.25,876.25,876.25,876.25,0,45,0
BANKNIFTY09OCT2451100CE.NFO,2024-09-09,15:25:00,2024-10-09,876.25,876.25,876.25,876.25,0,45,0
BANKNIFTY09OCT2451100CE.NFO,2024-09-09,15:26:00,2024-10-09,876.25,876.25,876.25,876.25,0,45,0
BANKNIFTY09OCT2451100CE.NFO,2024-09-09,15:27:00,2024-10-09,876.25,876.25,876.25,876.25,0,45,0
BANKNIFTY09OCT2451100CE.NFO,2024-09-09,15:28:00,2024-10-09,876.25,876.25,876.25,876.25,0,45,0
BANKNIFTY09OCT2451100CE.NFO,2024-09-09,15:29:00,2024-10-09,876.25,876.25,876.25,876.25,0,45,0
BANKNIFTY09OCT2451100CE.NFO,2024-09-09,15:30:00,2024-10-09,876.25,876.25,876.25,876.25,0,45,1
BANKNIFTY09OCT2451100CE.NFO,2024-09-10,09:15:00,2024-10-09,1056.9,1056.9,1056.9,1056.9,0,60,1
BANKNIFTY09OCT2451100CE.NFO,2024-09-10,09:16:00,2024-10-09,1056.9,1056.9,1056.9,1056.9,0,60,1
BANKNIFTY09OCT2451100CE.NFO,2024-09-10,09:17:00,2024-10-09,1056.9,1056.9,1056.9,1056.9,0,60,1
BANKNIFTY09OCT2451100CE.NFO,2024-09-10,09:18:00,2024-10-09,1056.9,1056.9,1056.9,1056.9,0,60,1
BANKNIFTY09OCT2451100CE.NFO,2024-09-10,09:19:00,2024-10-09,1056.9,1056.9,1056.9,1056.9,0,60,1
BANKNIFTY09OCT2451100CE.NFO,2024-09-10,09:20:00,2024-10-09,1056.9,1056.9,1056.9,1056.9,0,60,1
BANKNIFTY09OCT2451100CE.NFO,2024-09-10,09:21:00,2024-10-09,1056.9,1056.9,1056.9,1056.9,0,60,1
BANKNIFTY09OCT2451100CE.NFO,2024-09-10,09:22:00,2024-10-09,1056.9,1056.9,1056.9,1056.9,0,60,1
BANKNIFTY09OCT2451100CE.NFO,2024-09-10,09:23:00,2024-10-09,1056.9,1056.9,1056.9,1056.9,0,60,1
BANKNIFTY09OCT2451100CE.NFO,2024-09-10,09:24:00,2024-10-09,1056.9,1056.9,1056.9,1056.9,0,60,1
BANKNIFTY09OCT2451100CE.NFO,2024-09-10,09:25:00,2024-10-09,1056.9,1056.9,1056.9,1056.9,0,60,1
BANKNIFTY09OCT2451100CE.NFO,2024-09-10,09:26:00,2024-10-09,1056.9,1056.9,1056.9,1056.9,0,60,1
BANKNIFTY09OCT2451100CE.NFO,2024-09-10,09:27:00,2024-10-09,1056.9,1056.9,1056.9,1056.9,0,60,1
BANKNIFTY09OCT2451100CE.NFO,2024-09-10,09:28:00,2024-10-09,1056.9,1056.9,1056.9,1056.9,0,60,1
BANKNIFTY09OCT2451100CE.NFO,2024-09-10,09:29:00,2024-10-09,1056.9,1056.9,1056.9,1056.9,0,60,1
BANKNIFTY09OCT2451100CE.NFO,2024-09-10,09:30:00,2024-10-09,1056.9,1056.9,1056.9,1056.9,0,60,1
BANKNIFTY09OCT2451100CE.NFO,2024-09-10,09:31:00,2024-10-09,1056.9,1056.9,1056.9,1056.9,0,60,1
BANKNIFTY09OCT2451100CE.NFO,2024-09-10,09:32:00,2024-10-09,1056.9,1056.9,1056.9,1056.9,0,60,1
BANKNIFTY09OCT2451100CE.NFO,2024-09-10,09:33:00,2024-10-09,1056.9,1056.9,1056.9,1056.9,0,60,1
BANKNIFTY09OCT2451100CE.NFO,2024-09-10,09:34:00,2024-10-09,1056.9,1056.9,1056.9,1056.9,0,60,1
BANKNIFTY09OCT2451100CE.NFO,2024-09-10,09:35:00,2024-10-09,1056.9,1056.9,1056.9,1056.9,0,60,1
BANKNIFTY09OCT2451100CE.NFO,2024-09-10,09:36:00,2024-10-09,1056.9,1056.9,1056.9,1056.9,0,60,1
BANKNIFTY09OCT2451100CE.NFO,2024-09-10,09:37:00,2024-10-09,1056.9,1056.9,1056.9,1056.9,0,60,1
BANKNIFTY09OCT2451100CE.NFO,2024-09-10,09:38:00,2024-10-09,1056.9,1056.9,1056.9,1056.9,0,60,1
BANKNIFTY09OCT2451100CE.NFO,2024-09-10,09:39:00,2024-10-09,1056.9,1056.9,1056.9,1056.9,0,60,1
BANKNIFTY09OCT2451100CE.NFO,2024-09-10,09:40:00,2024-10-09,1056.9,1056.9,1056.9,1056.9,0,60,1
BANKNIFTY09OCT2451100CE.NFO,2024-09-10,09:41:00,2024-10-09,1056.9,1056.9,1056.9,1056.9,0,60,1
BANKNIFTY09OCT2451100CE.NFO,2024-09-10,09:42:00,2024-10-09,1056.9,1056.9,1056.9,1056.9,0,60,1
BANKNIFTY09OCT2451100CE.NFO,2024-09-10,09:43:00,2024-10-09,1056.9,1056.9,1056.9,1056.9,0,60,1
BANKNIFTY09OCT2451100CE.NFO,2024-09-10,09:44:00,2024-10-09,1056.9,1056.9,1056.9,1056.9,0,60,1
BANKNIFTY09OCT2451100CE.NFO,2024-09-10,09:45:00,2024-10-09,1056.9,1056.9,1056.9,1056.9,0,60,1
BANKNIFTY09OCT2451100CE.NFO,2024-09-10,09:46:00,2024-10-09,1056.9,1056.9,1056.9,1056.9,0,60,1
BANKNIFTY09OCT2451100CE.NFO,2024-09-10,09:47:00,2024-10-09,1056.9,1056.9,1056.9,1056.9,0,60,1
BANKNIFTY09OCT2451100CE.NFO,2024-09-10,09:48:00,2024-10-09,1056.9,1056.9,1056.9,1056.9,0,60,1
BANKNIFTY09OCT2451100CE.NFO,2024-09-10,09:49:00,2024-10-09,1056.9,1056.9,1056.9,1056.9,0,60,1
BANKNIFTY09OCT2451100CE.NFO,2024-09-10,09:50:00,2024-10-09,1056.9,1056.9,1056.9,1056.9,0,60,1
BANKNIFTY09OCT2451100CE.NFO,2024-09-10,09:51:00,2024-10-09,1056.9,1056.9,1056.9,1056.9,0,60,1
BANKNIFTY09OCT2451100CE.NFO,2024-09-10,09:52:00,2024-10-09,1056.9,1056.9,1056.9,1056.9,0,60,1
BANKNIFTY09OCT2451100CE.NFO,2024-09-10,09:53:00,2024-10-09,1056.9,1056.9,1056.9,1056.9,0,60,1
BANKNIFTY09OCT2451100CE.NFO,2024-09-10,09:54:00,2024-10-09,1056.9,1056.9,1056.9,1056.9,0,60,1
BANKNIFTY09OCT2451100CE.NFO,2024-09-10,09:55:00,2024-10-09,1056.9,1056.9,1056.9,1056.9,0,60,1
BANKNIFTY09OCT2451100CE.NFO,2024-09-10,09:56:00,2024-10-09,1056.9,1056.9,1056.9,1056.9,0,60,1
BANKNIFTY09OCT2451100CE.NFO,2024-09-10,09:57:00,2024-10-09,1056.9,1056.9,1056.9,1056.9,0,60,1
BANKNIFTY09OCT2451100CE.NFO,2024-09-10,09:58:00,2024-10-09,1056.9,1056.9,1056.9,1056.9,0,60,1
BANKNIFTY09OCT2451100CE.NFO,2024-09-10,09:59:00,2024-10-09,1056.9,1056.9,1056.9,1056.9,0,60,1
BANKNIFTY09OCT2451100CE.NFO,2024-09-10,10:00:00,2024-10-09,1056.9,1056.9,1056.9,1056.9,0,60,1
BANKNIFTY09OCT2451100CE.NFO,2024-09-10,10:01:00,2024-10-09,1056.9,1056.9,1056.9,1056.9,0,60,1
BANKNIFTY09OCT2451100CE.NFO,2024-09-10,10:02:00,2024-10-09,1056.9,1056.9,1056.9,1056.9,0,60,1
BANKNIFTY09OCT2451100CE.NFO,2024-09-10,10:03:00,2024-10-09,1056.9,1056.9,1056.9,1056.9,0,60,1
BANKNIFTY09OCT2451100CE.NFO,2024-09-10,10:04:00,2024-10-09,1056.9,1056.9,1056.9,1056.9,0,60,1
BANKNIFTY09OCT2451100CE.NFO,2024-09-10,10:05:00,2024-10-09,1056.9,1056.9,1056.9,1056.9,0,60,1
BANKNIFTY09OCT2451100CE.NFO,2024-09-10,10:06:00,2024-10-09,1056.9,1056.9,1056.9,1056.9,0,60,1
BANKNIFTY09OCT2451100CE.NFO,2024-09-10,10:07:00,2024-10-09,1056.9,1056.9,1056.9,1056.9,0,60,1
BANKNIFTY09OCT2451100CE.NFO,2024-09-10,10:08:00,2024-10-09,1056.9,1056.9,1056.9,1056.9,0,60,1
BANKNIFTY09OCT2451100CE.NFO,2024-09-10,10:09:00,2024-10-09,1056.9,1056.9,1056.9,1056.9,0,60,1
BANKNIFTY09OCT2451100CE.NFO,2024-09-10,10:10:00,2024-10-09,1056.9,1056.9,1056.9,1056.9,0,60,1
BANKNIFTY09OCT2451100CE.NFO,2024-09-10,10:11:00,2024-10-09,1056.9,1056.9,1056.9,1056.9,0,60,1
BANKNIFTY09OCT2451100CE.NFO,2024-09-10,10:12:00,2024-10-09,1056.9,1056.9,1056.9,1056.9,0,60,1
BANKNIFTY09OCT2451100CE.NFO,2024-09-10,10:13:00,2024-10-09,1056.9,1056.9,1056.9,1056.9,0,60,1
BANKNIFTY09OCT2451100CE.NFO,2024-09-10,10:14:00,2024-10-09,1056.9,1056.9,1056.9,1056.9,0,60,1
BANKNIFTY09OCT2451100CE.NFO,2024-09-10,10:15:00,2024-10-09,1056.9,1056.9,1056.9,1056.9,0,60,1
BANKNIFTY09OCT2451100CE.NFO,2024-09-10,10:16:00,2024-10-09,1056.9,1056.9,1056.9,1056.9,0,60,1
BANKNIFTY09OCT2451100CE.NFO,2024-09-10,10:17:00,2024-10-09,1056.9,1056.9,1056.9,1056.9,0,60,1
BANKNIFTY09OCT2451100CE.NFO,2024-09-10,10:18:00,2024-10-09,1056.9,1056.9,1056.9,1056.9,0,60,1
BANKNIFTY09OCT2451100CE.NFO,2024-09-10,10:19:00,2024-10-09,1056.9,1056.9,1056.9,1056.9,0,60,1
BANKNIFTY09OCT2451100CE.NFO,2024-09-10,10:20:00,2024-10-09,1056.9,1056.9,1056.9,1056.9,0,60,1
BANKNIFTY09OCT2451100CE.NFO,2024-09-10,10:21:00,2024-10-09,1056.9,1056.9,1056.9,1056.9,0,60,1
BANKNIFTY09OCT2451100CE.NFO,2024-09-10,10:22:00,2024-10-09,1056.9,1056.9,1056.9,1056.9,0,60,1
BANKNIFTY09OCT2451100CE.NFO,2024-09-10,10:23:00,2024-10-09,1056.9,1056.9,1056.9,1056.9,0,60,1
BANKNIFTY09OCT2451100CE.NFO,2024-09-10,10:24:00,2024-10-09,1056.9,1056.9,1056.9,1056.9,0,60,1
BANKNIFTY09OCT2451100CE.NFO,2024-09-10,10:25:00,2024-10-09,1056.9,1056.9,1056.9,1056.9,0,60,1
BANKNIFTY09OCT2451100CE.NFO,2024-09-10,10:26:00,2024-10-09,1056.9,1056.9,1056.9,1056.9,0,60,1
BANKNIFTY09OCT2451100CE.NFO,2024-09-10,10:27:00,2024-10-09,1056.9,1056.9,1056.9,1056.9,0,60,1
BANKNIFTY09OCT2451100CE.NFO,2024-09-10,10:28:00,2024-10-09,1056.9,1056.9,1056.9,1056.9,0,60,1
BANKNIFTY09OCT2451100CE.NFO,2024-09-10,10:29:00,2024-10-09,1056.9,1056.9,1056.9,1056.9,0,60,1
BANKNIFTY09OCT2451100CE.NFO,2024-09-10,10:30:00,2024-10-09,1056.9,1056.9,1056.9,1056.9,0,60,1
BANKNIFTY09OCT2451100CE.NFO,2024-09-10,10:31:00,2024-10-09,1056.9,1056.9,1056.9,1056.9,0,60,0
BANKNIFTY09OCT2451100CE.NFO,2024-09-10,10:32:00,2024-10-09,1056.9,1056.9,1056.9,1056.9,0,60,0
BANKNIFTY09OCT2451100CE.NFO,2024-09-10,10:33:00,2024-10-09,1056.9,1056.9,1056.9,1056.9,0,60,0
BANKNIFTY09OCT2451100CE.NFO,2024-09-10,10:34:00,2024-10-09,1056.9,1056.9,1056.9,1056.9,0,60,0
BANKNIFTY09OCT2451100CE.NFO,2024-09-10,10:35:00,2024-10-09,1056.9,1056.9,1056.9,1056.9,0,60,1
BANKNIFTY09OCT2451100CE.NFO,2024-09-10,10:36:00,2024-10-09,1056.9,1056.9,1056.9,1056.9,0,60,0
BANKNIFTY09OCT2451100CE.NFO,2024-09-10,10:37:00,2024-10-09,1056.9,1056.9,1056.9,1056.9,0,60,0
BANKNIFTY09OCT2451100CE.NFO,2024-09-10,10:38:00,2024-10-09,1056.9,1056.9,1056.9,1056.9,0,60,0
BANKNIFTY09OCT2451100CE.NFO,2024-09-10,10:39:00,2024-10-09,1056.9,1056.9,1056.9,1056.9,0,60,0
BANKNIFTY09OCT2451100CE.NFO,2024-09-10,10:40:00,2024-10-09,1056.9,1056.9,1056.9,1056.9,0,60,0
BANKNIFTY09OCT2451100CE.NFO,2024-09-10,10:41:00,2024-10-09,1056.9,1056.9,1056.9,1056.9,0,60,0
BANKNIFTY09OCT2451100CE.NFO,2024-09-10,10:42:00,2024-10-09,1056.9,1056.9,1056.9,1056.9,0,60,0
BANKNIFTY09OCT2451100CE.NFO,2024-09-10,10:43:00,2024-10-09,1056.9,1056.9,1056.9,1056.9,0,60,0
BANKNIFTY09OCT2451100CE.NFO,2024-09-10,10:44:00,2024-10-09,1056.9,1056.9,1056.9,1056.9,0,60,0
BANKNIFTY09OCT2451100CE.NFO,2024-09-10,10:45:00,2024-10-09,1056.9,1056.9,1056.9,1056.9,0,60,0
BANKNIFTY09OCT2451100CE.NFO,2024-09-10,10:46:00,2024-10-09,1056.9,1056.9,1056.9,1056.9,0,60,0
BANKNIFTY09OCT2451100CE.NFO,2024-09-10,10:47:00,2024-10-09,1056.9,1056.9,1056.9,1056.9,0,60,0
BANKNIFTY09OCT2451100CE.NFO,2024-09-10,10:48:00,2024-10-09,1056.9,1056.9,1056.9,1056.9,0,60,0
BANKNIFTY09OCT2451100CE.NFO,2024-09-10,10:49:00,2024-10-09,1056.9,1056.9,1056.9,1056.9,0,60,0
BANKNIFTY09OCT2451100CE.NFO,2024-09-10,10:50:00,2024-10-09,1056.9,1056.9,1056.9,1056.9,0,60,0
BANKNIFTY09OCT2451100CE.NFO,2024-09-10,10:51:00,2024-10-09,1056.9,1056.9,1056.9,1056.9,0,60,0
BANKNIFTY09OCT2451100CE.NFO,2024-09-10,10:52:00,2024-10-09,1056.9,1056.9,1056.9,1056.9,0,60,0
BANKNIFTY09OCT2451100CE.NFO,2024-09-10,10:53:00,2024-10-09,1056.9,1056.9,1056.9,1056.9,0,60,0
BANKNIFTY09OCT2451100CE.NFO,2024-09-10,10:54:00,2024-10-09,1056.9,1056.9,1056.9,1056.9,0,60,0
BANKNIFTY09OCT2451100CE.NFO,2024-09-10,10:55:00,2024-10-09,1056.9,1056.9,1056.9,1056.9,0,60,0
BANKNIFTY09OCT2451100CE.NFO,2024-09-10,10:56:00,2024-10-09,1056.9,1056.9,1056.9,1056.9,0,60,0
BANKNIFTY09OCT2451100CE.NFO,2024-09-10,10:57:00,2024-10-09,1056.9,1056.9,1056.9,1056.9,0,60,0
BANKNIFTY09OCT2451100CE.NFO,2024-09-10,10:58:00,2024-10-09,1056.9,1056.9,1056.9,1056.9,0,60,0
BANKNIFTY09OCT2451100CE.NFO,2024-09-10,10:59:00,2024-10-09,1056.9,1056.9,1056.9,1056.9,0,60,0
BANKNIFTY09OCT2451100CE.NFO,2024-09-10,11:00:00,2024-10-09,1056.9,1056.9,1056.9,1056.9,0,60,0
BANKNIFTY09OCT2451100CE.NFO,2024-09-10,11:01:00,2024-10-09,1056.9,1056.9,1056.9,1056.9,0,60,0
BANKNIFTY09OCT2451100CE.NFO,2024-09-10,11:02:00,2024-10-09,1056.9,1056.9,1056.9,1056.9,0,60,0
BANKNIFTY09OCT2451100CE.NFO,2024-09-10,11:03:00,2024-10-09,1056.9,1056.9,1056.9,1056.9,0,60,0
BANKNIFTY09OCT2451100CE.NFO,2024-09-10,11:04:00,2024-10-09,1056.9,1056.9,1056.9,1056.9,0,60,0
BANKNIFTY09OCT2451100CE.NFO,2024-09-10,11:05:00,2024-10-09,1056.9,1056.9,1056.9,1056.9,0,60,0
BANKNIFTY09OCT2451100CE.NFO,2024-09-10,11:06:00,2024-10-09,1056.9,1056.9,1056.9,1056.9,0,60,0
BANKNIFTY09OCT2451100CE.NFO,2024-09-10,11:07:00,2024-10-09,1056.9,1056.9,1056.9,1056.9,0,60,0
BANKNIFTY09OCT2451100CE.NFO,2024-09-10,11:08:00,2024-10-09,1056.9,1056.9,1056.9,1056.9,0,60,0
BANKNIFTY09OCT2451100CE.NFO,2024-09-10,11:09:00,2024-10-09,1056.9,1056.9,1056.9,1056.9,0,60,0
BANKNIFTY09OCT2451100CE.NFO,2024-09-10,11:10:00,2024-10-09,1056.9,1056.9,1056.9,1056.9,0,60,0
BANKNIFTY09OCT2451100CE.NFO,2024-09-10,11:11:00,2024-10-09,1056.9,1056.9,1056.9,1056.9,0,60,0
BANKNIFTY09OCT2451100CE.NFO,2024-09-10,11:12:00,2024-10-09,1056.9,1056.9,1056.9,1056.9,0,60,0
BANKNIFTY09OCT2451100CE.NFO,2024-09-10,11:13:00,2024-10-09,1056.9,1056.9,1056.9,1056.9,0,60,0
BANKNIFTY09OCT2451100CE.NFO,2024-09-10,11:14:00,2024-10-09,1056.9,1056.9,1056.9,1056.9,0,60,0
BANKNIFTY09OCT2451100CE.NFO,2024-09-10,11:15:00,2024-10-09,1056.9,1056.9,1056.9,1056.9,0,60,0
BANKNIFTY09OCT2451100CE.NFO,2024-09-10,11:16:00,2024-10-09,1056.9,1056.9,1056.9,1056.9,0,60,0
BANKNIFTY09OCT2451100CE.NFO,2024-09-10,11:17:00,2024-10-09,1056.9,1056.9,1056.9,1056.9,0,60,0
BANKNIFTY09OCT2451100CE.NFO,2024-09-10,11:18:00,2024-10-09,1056.9,1056.9,1056.9,1056.9,0,60,0
BANKNIFTY09OCT2451100CE.NFO,2024-09-10,11:19:00,2024-10-09,1056.9,1056.9,1056.9,1056.9,0,90,0
BANKNIFTY09OCT2451100CE.NFO,2024-09-10,11:20:00,2024-10-09,1056.9,1056.9,1056.9,1056.9,15,90,0
BANKNIFTY09OCT2451100CE.NFO,2024-09-10,11:21:00,2024-10-09,1056.9,1056.9,1056.9,1056.9,0,90,0
BANKNIFTY09OCT2451100CE.NFO,2024-09-10,11:22:00,2024-10-09,1056.9,1056.9,1056.9,1056.9,0,90,0
BANKNIFTY09OCT2451100CE.NFO,2024-09-10,11:23:00,2024-10-09,1056.9,1056.9,1056.9,1056.9,0,90,0
BANKNIFTY09OCT2451100CE.NFO,2024-09-10,11:24:00,2024-10-09,1056.9,1056.9,1056.9,1056.9,0,90,0
BANKNIFTY09OCT2451100CE.NFO,2024-09-10,11:25:00,2024-10-09,1056.9,1056.9,1056.9,1056.9,0,90,0
BANKNIFTY09OCT2451100CE.NFO,2024-09-10,11:26:00,2024-10-09,1056.9,1056.9,1056.9,1056.9,0,90,0
BANKNIFTY09OCT2451100CE.NFO,2024-09-10,11:27:00,2024-10-09,1056.9,1056.9,1056.9,1056.9,0,90,0
BANKNIFTY09OCT2451100CE.NFO,2024-09-10,11:28:00,2024-10-09,1056.9,1056.9,1056.9,1056.9,0,90,0
BANKNIFTY09OCT2451100CE.NFO,2024-09-10,11:29:00,2024-10-09,1056.9,1056.9,1056.9,1056.9,0,90,0
BANKNIFTY09OCT2451100CE.NFO,2024-09-10,11:30:00,2024-10-09,1056.9,1056.9,1056.9,1056.9,0,90,0
BANKNIFTY09OCT2451100CE.NFO,2024-09-10,11:31:00,2024-10-09,1056.9,1056.9,1056.9,1056.9,0,90,0
BANKNIFTY09OCT2451100CE.NFO,2024-09-10,11:32:00,2024-10-09,1056.9,1056.9,1056.9,1056.9,0,90,0
BANKNIFTY09OCT2451100CE.NFO,2024-09-10,11:33:00,2024-10-09,1056.9,1056.9,1056.9,1056.9,0,90,0
BANKNIFTY09OCT2451100CE.NFO,2024-09-10,11:34:00,2024-10-09,1056.9,1056.9,1056.9,1056.9,0,90,0
BANKNIFTY09OCT2451100CE.NFO,2024-09-10,11:35:00,2024-10-09,1056.9,1056.9,1056.9,1056.9,0,90,0
BANKNIFTY09OCT2451100CE.NFO,2024-09-10,11:36:00,2024-10-09,1056.9,1056.9,1056.9,1056.9,0,90,0
BANKNIFTY09OCT2451100CE.NFO,2024-09-10,11:37:00,2024-10-09,1056.9,1056.9,1056.9,1056.9,0,90,0
BANKNIFTY09OCT2451100CE.NFO,2024-09-10,11:38:00,2024-10-09,1056.9,1056.9,1056.9,1056.9,0,90,0
BANKNIFTY09OCT2451100CE.NFO,2024-09-10,11:39:00,2024-10-09,1056.9,1056.9,1056.9,1056.9,0,90,0
BANKNIFTY09OCT2451100CE.NFO,2024-09-10,11:40:00,2024-10-09,1056.9,1056.9,1056.9,1056.9,0,90,0
BANKNIFTY09OCT2451100CE.NFO,2024-09-10,11:41:00,2024-10-09,1056.9,1056.9,1056.9,1056.9,0,90,0
BANKNIFTY09OCT2451100CE.NFO,2024-09-10,11:42:00,2024-10-09,1056.9,1056.9,1056.9,1056.9,0,90,0
BANKNIFTY09OCT2451100CE.NFO,2024-09-10,11:43:00,2024-10-09,1056.9,1056.9,1056.9,1056.9,0,90,0
BANKNIFTY09OCT2451100CE.NFO,2024-09-10,11:44:00,2024-10-09,1056.9,1056.9,1056.9,1056.9,0,90,0
BANKNIFTY09OCT2451100CE.NFO,2024-09-10,11:45:00,2024-10-09,1056.9,1056.9,1056.9,1056.9,0,90,0
BANKNIFTY09OCT2451100CE.NFO,2024-09-10,11:46:00,2024-10-09,1056.9,1056.9,1056.9,1056.9,0,90,0
BANKNIFTY09OCT2451100CE.NFO,2024-09-10,11:47:00,2024-10-09,1056.9,1056.9,1056.9,1056.9,0,90,0
BANKNIFTY09OCT2451100CE.NFO,2024-09-10,11:48:00,2024-10-09,1056.9,1056.9,1056.9,1056.9,0,90,0
BANKNIFTY09OCT2451100CE.NFO,2024-09-10,11:49:00,2024-10-09,1056.9,1056.9,1056.9,1056.9,0,90,0
BANKNIFTY09OCT2451100CE.NFO,2024-09-10,11:50:00,2024-10-09,1056.9,1056.9,1056.9,1056.9,0,90,0
BANKNIFTY09OCT2451100CE.NFO,2024-09-10,11:51:00,2024-10-09,1056.9,1056.9,1056.9,1056.9,0,90,0
BANKNIFTY09OCT2451100CE.NFO,2024-09-10,11:52:00,2024-10-09,1056.9,1056.9,1056.9,1056.9,0,90,0
BANKNIFTY09OCT2451100CE.NFO,2024-09-10,11:53:00,2024-10-09,1056.9,1056.9,1056.9,1056.9,0,90,0
BANKNIFTY09OCT2451100CE.NFO,2024-09-10,11:54:00,2024-10-09,1056.9,1056.9,1056.9,1056.9,0,90,0
BANKNIFTY09OCT2451100CE.NFO,2024-09-10,11:55:00,2024-10-09,1056.9,1056.9,1056.9,1056.9,0,90,0
BANKNIFTY09OCT2451100CE.NFO,2024-09-10,11:56:00,2024-10-09,1056.9,1056.9,1056.9,1056.9,0,90,0
BANKNIFTY09OCT2451100CE.NFO,2024-09-10,11:57:00,2024-10-09,1056.9,1056.9,1056.9,1056.9,0,90,0
BANKNIFTY09OCT2451100CE.NFO,2024-09-10,11:58:00,2024-10-09,1056.9,1056.9,1056.9,1056.9,0,90,0
BANKNIFTY09OCT2451100CE.NFO,2024-09-10,11:59:00,2024-10-09,1056.9,1056.9,1056.9,1056.9,0,90,0
BANKNIFTY09OCT2451100CE.NFO,2024-09-10,12:00:00,2024-10-09,1056.9,1056.9,1056.9,1056.9,0,90,0
BANKNIFTY09OCT2451100CE.NFO,2024-09-10,12:01:00,2024-10-09,1056.9,1056.9,1056.9,1056.9,0,90,0
BANKNIFTY09OCT2451100CE.NFO,2024-09-10,12:02:00,2024-10-09,1056.9,1056.9,1056.9,1056.9,0,90,0
BANKNIFTY09OCT2451100CE.NFO,2024-09-10,12:03:00,2024-10-09,1056.9,1056.9,1056.9,1056.9,0,90,0
BANKNIFTY09OCT2451100CE.NFO,2024-09-10,12:04:00,2024-10-09,1056.9,1056.9,1056.9,1056.9,0,90,0
BANKNIFTY09OCT2451100CE.NFO,2024-09-10,12:05:00,2024-10-09,1056.9,1056.9,1056.9,1056.9,0,90,0
BANKNIFTY09OCT2451100CE.NFO,2024-09-10,12:06:00,2024-10-09,1056.9,1056.9,1056.9,1056.9,0,90,0
BANKNIFTY09OCT2451100CE.NFO,2024-09-10,12:07:00,2024-10-09,1056.9,1056.9,1056.9,1056.9,0,90,0
BANKNIFTY09OCT2451100CE.NFO,2024-09-10,12:08:00,2024-10-09,1056.9,1056.9,1056.9,1056.9,0,90,0
BANKNIFTY09OCT2451100CE.NFO,2024-09-10,12:09:00,2024-10-09,1056.9,1056.9,1056.9,1056.9,0,90,0
BANKNIFTY09OCT2451100CE.NFO,2024-09-10,12:10:00,2024-10-09,1056.9,1056.9,1056.9,1056.9,0,90,0
BANKNIFTY09OCT2451100CE.NFO,2024-09-10,12:11:00,2024-10-09,1056.9,1056.9,1056.9,1056.9,0,90,0
BANKNIFTY09OCT2451100CE.NFO,2024-09-10,12:12:00,2024-10-09,1056.9,1056.9,1056.9,1056.9,0,90,0
BANKNIFTY09OCT2451100CE.NFO,2024-09-10,12:13:00,2024-10-09,1056.9,1056.9,1056.9,1056.9,0,90,0
BANKNIFTY09OCT2451100CE.NFO,2024-09-10,12:14:00,2024-10-09,1056.9,1056.9,1056.9,1056.9,0,90,0
BANKNIFTY09OCT2451100CE.NFO,2024-09-10,12:15:00,2024-10-09,1056.9,1056.9,1056.9,1056.9,0,90,0
BANKNIFTY09OCT2451100CE.NFO,2024-09-10,12:16:00,2024-10-09,1056.9,1056.9,1056.9,1056.9,0,90,0
BANKNIFTY09OCT2451100CE.NFO,2024-09-10,12:17:00,2024-10-09,1056.9,1056.9,1056.9,1056.9,0,90,0
BANKNIFTY09OCT2451100CE.NFO,2024-09-10,12:18:00,2024-10-09,1056.9,1056.9,1056.9,1056.9,0,90,0
BANKNIFTY09OCT2451100CE.NFO,2024-09-10,12:19:00,2024-10-09,1056.9,1056.9,1056.9,1056.9,0,90,0
BANKNIFTY09OCT2451100CE.NFO,2024-09-10,12:20:00,2024-10-09,1056.9,1056.9,1056.9,1056.9,0,90,0
BANKNIFTY09OCT2451100CE.NFO,2024-09-10,12:21:00,2024-10-09,1056.9,1056.9,1056.9,1056.9,0,90,0
BANKNIFTY09OCT2451100CE.NFO,2024-09-10,12:22:00,2024-10-09,1056.9,1056.9,1056.9,1056.9,0,90,0
BANKNIFTY09OCT2451100CE.NFO,2024-09-10,12:23:00,2024-10-09,1056.9,1056.9,1056.9,1056.9,0,90,0
BANKNIFTY09OCT2451100CE.NFO,2024-09-10,12:24:00,2024-10-09,1056.9,1056.9,1056.9,1056.9,0,90,0
BANKNIFTY09OCT2451100CE.NFO,2024-09-10,12:25:00,2024-10-09,1056.9,1056.9,1056.9,1056.9,0,90,0
BANKNIFTY09OCT2451100CE.NFO,2024-09-10,12:26:00,2024-10-09,1056.9,1056.9,1056.9,1056.9,0,90,0
BANKNIFTY09OCT2451100CE.NFO,2024-09-10,12:27:00,2024-10-09,1056.9,1056.9,1056.9,1056.9,0,90,0
BANKNIFTY09OCT2451100CE.NFO,2024-09-10,12:28:00,2024-10-09,1056.9,1056.9,1056.9,1056.9,0,90,0
BANKNIFTY09OCT2451100CE.NFO,2024-09-10,12:29:00,2024-10-09,1056.9,1056.9,1056.9,1056.9,0,90,0
BANKNIFTY09OCT2451100CE.NFO,2024-09-10,12:30:00,2024-10-09,1056.9,1056.9,1056.9,1056.9,0,90,0
BANKNIFTY09OCT2451100CE.NFO,2024-09-10,12:31:00,2024-10-09,1056.9,1056.9,1056.9,1056.9,0,90,0
BANKNIFTY09OCT2451100CE.NFO,2024-09-10,12:32:00,2024-10-09,1056.9,1056.9,1056.9,1056.9,0,90,0
BANKNIFTY09OCT2451100CE.NFO,2024-09-10,12:33:00,2024-10-09,1056.9,1056.9,1056.9,1056.9,0,90,0
BANKNIFTY09OCT2451100CE.NFO,2024-09-10,12:34:00,2024-10-09,1056.9,1056.9,1056.9,1056.9,0,90,0
BANKNIFTY09OCT2451100CE.NFO,2024-09-10,12:35:00,2024-10-09,1056.9,1056.9,1056.9,1056.9,0,90,0
BANKNIFTY09OCT2451100CE.NFO,2024-09-10,12:36:00,2024-10-09,1056.9,1056.9,1056.9,1056.9,0,90,0
BANKNIFTY09OCT2451100CE.NFO,2024-09-10,12:37:00,2024-10-09,1056.9,1056.9,1056.9,1056.9,0,90,0
BANKNIFTY09OCT2451100CE.NFO,2024-09-10,12:38:00,2024-10-09,1056.9,1056.9,1056.9,1056.9,0,90,0
BANKNIFTY09OCT2451100CE.NFO,2024-09-10,12:39:00,2024-10-09,1056.9,1056.9,1056.9,1056.9,0,90,0
BANKNIFTY09OCT2451100CE.NFO,2024-09-10,12:40:00,2024-10-09,1056.9,1056.9,1056.9,1056.9,0,90,0
BANKNIFTY09OCT2451100CE.NFO,2024-09-10,12:41:00,2024-10-09,1056.9,1056.9,1056.9,1056.9,0,90,0
BANKNIFTY09OCT2451100CE.NFO,2024-09-10,12:42:00,2024-10-09,1056.9,1056.9,1056.9,1056.9,0,90,0
BANKNIFTY09OCT2451100CE.NFO,2024-09-10,12:43:00,2024-10-09,1056.9,1056.9,1056.9,1056.9,0,90,0
BANKNIFTY09OCT2451100CE.NFO,2024-09-10,12:44:00,2024-10-09,1056.9,1056.9,1056.9,1056.9,0,90,0
BANKNIFTY09OCT2451100CE.NFO,2024-09-10,12:45:00,2024-10-09,1056.9,1056.9,1056.9,1056.9,0,90,0
BANKNIFTY09OCT2451100CE.NFO,2024-09-10,12:46:00,2024-10-09,1056.9,1056.9,1056.9,1056.9,0,90,0
BANKNIFTY09OCT2451100CE.NFO,2024-09-10,12:47:00,2024-10-09,1056.9,1056.9,1056.9,1056.9,0,90,0
BANKNIFTY09OCT2451100CE.NFO,2024-09-10,12:48:00,2024-10-09,1056.9,1056.9,1056.9,1056.9,0,90,0
BANKNIFTY09OCT2451100CE.NFO,2024-09-10,12:49:00,2024-10-09,1056.9,1056.9,1056.9,1056.9,0,90,0
BANKNIFTY09OCT2451100CE.NFO,2024-09-10,12:50:00,2024-10-09,1056.9,1056.9,1056.9,1056.9,0,90,0
BANKNIFTY09OCT2451100CE.NFO,2024-09-10,12:51:00,2024-10-09,1056.9,1056.9,1056.9,1056.9,0,90,0
BANKNIFTY09OCT2451100CE.NFO,2024-09-10,12:52:00,2024-10-09,1056.9,1056.9,1056.9,1056.9,0,90,0
BANKNIFTY09OCT2451100CE.NFO,2024-09-10,12:53:00,2024-10-09,1056.9,1056.9,1056.9,1056.9,0,90,0
BANKNIFTY09OCT2451100CE.NFO,2024-09-10,12:54:00,2024-10-09,1056.9,1056.9,1056.9,1056.9,0,90,0
BANKNIFTY09OCT2451100CE.NFO,2024-09-10,12:55:00,2024-10-09,1056.9,1056.9,1056.9,1056.9,0,90,0
BANKNIFTY09OCT2451100CE.NFO,2024-09-10,12:56:00,2024-10-09,1056.9,1056.9,1056.9,1056.9,0,90,0
BANKNIFTY09OCT2451100CE.NFO,2024-09-10,12:57:00,2024-10-09,1056.9,1056.9,1056.9,1056.9,0,90,0
BANKNIFTY09OCT2451100CE.NFO,2024-09-10,12:58:00,2024-10-09,1056.9,1056.9,1056.9,1056.9,0,90,0
BANKNIFTY09OCT2451100CE.NFO,2024-09-10,12:59:00,2024-10-09,1056.9,1056.9,1056.9,1056.9,0,90,0
BANKNIFTY09OCT2451100CE.NFO,2024-09-10,13:00:00,2024-10-09,1056.9,1056.9,1056.9,1056.9,0,90,0
BANKNIFTY09OCT2451100CE.NFO,2024-09-10,13:01:00,2024-10-09,1056.9,1056.9,1056.9,1056.9,0,90,0
BANKNIFTY09OCT2451100CE.NFO,2024-09-10,13:02:00,2024-10-09,1056.9,1056.9,1056.9,1056.9,0,90,0
BANKNIFTY09OCT2451100CE.NFO,2024-09-10,13:03:00,2024-10-09,1056.9,1056.9,1056.9,1056.9,0,90,0
BANKNIFTY09OCT2451100CE.NFO,2024-09-10,13:04:00,2024-10-09,1056.9,1056.9,1056.9,1056.9,0,90,0
BANKNIFTY09OCT2451100CE.NFO,2024-09-10,13:05:00,2024-10-09,1056.9,1056.9,1056.9,1056.9,0,90,0
BANKNIFTY09OCT2451100CE.NFO,2024-09-10,13:06:00,2024-10-09,1056.9,1056.9,1056.9,1056.9,0,90,0
BANKNIFTY09OCT2451100CE.NFO,2024-09-10,13:07:00,2024-10-09,1056.9,1056.9,1056.9,1056.9,0,90,0
BANKNIFTY09OCT2451100CE.NFO,2024-09-10,13:08:00,2024-10-09,1056.9,1056.9,1056.9,1056.9,0,90,0
BANKNIFTY09OCT2451100CE.NFO,2024-09-10,13:09:00,2024-10-09,1056.9,1056.9,1056.9,1056.9,0,90,0
BANKNIFTY09OCT2451100CE.NFO,2024-09-10,13:10:00,2024-10-09,1056.9,1056.9,1056.9,1056.9,0,90,0
BANKNIFTY09OCT2451100CE.NFO,2024-09-10,13:11:00,2024-10-09,1056.9,1056.9,1056.9,1056.9,0,90,0
BANKNIFTY09OCT2451100CE.NFO,2024-09-10,13:12:00,2024-10-09,1056.9,1056.9,1056.9,1056.9,0,90,0
BANKNIFTY09OCT2451100CE.NFO,2024-09-10,13:13:00,2024-10-09,1056.9,1056.9,1056.9,1056.9,0,90,0
BANKNIFTY09OCT2451100CE.NFO,2024-09-10,13:14:00,2024-10-09,1056.9,1056.9,1056.9,1056.9,0,90,0
BANKNIFTY09OCT2451100CE.NFO,2024-09-10,13:15:00,2024-10-09,1056.9,1056.9,1056.9,1056.9,0,90,0
BANKNIFTY09OCT2451100CE.NFO,2024-09-10,13:16:00,2024-10-09,1056.9,1056.9,1056.9,1056.9,0,90,0
BANKNIFTY09OCT2451100CE.NFO,2024-09-10,13:17:00,2024-10-09,1056.9,1056.9,1056.9,1056.9,0,90,0
BANKNIFTY09OCT2451100CE.NFO,2024-09-10,13:18:00,2024-10-09,1056.9,1056.9,1056.9,1056.9,0,90,0
BANKNIFTY09OCT2451100CE.NFO,2024-09-10,13:19:00,2024-10-09,1056.9,1056.9,1056.9,1056.9,0,90,0
BANKNIFTY09OCT2451100CE.NFO,2024-09-10,13:20:00,2024-10-09,1056.9,1056.9,1056.9,1056.9,0,90,0
BANKNIFTY09OCT2451100CE.NFO,2024-09-10,13:21:00,2024-10-09,1056.9,1056.9,1056.9,1056.9,0,90,0
BANKNIFTY09OCT2451100CE.NFO,2024-09-10,13:22:00,2024-10-09,1056.9,1056.9,1056.9,1056.9,0,90,0
BANKNIFTY09OCT2451100CE.NFO,2024-09-10,13:23:00,2024-10-09,1056.9,1056.9,1056.9,1056.9,0,90,0
BANKNIFTY09OCT2451100CE.NFO,2024-09-10,13:24:00,2024-10-09,1056.9,1056.9,1056.9,1056.9,0,90,0
BANKNIFTY09OCT2451100CE.NFO,2024-09-10,13:25:00,2024-10-09,1056.9,1056.9,1056.9,1056.9,0,90,0
BANKNIFTY09OCT2451100CE.NFO,2024-09-10,13:26:00,2024-10-09,1056.9,1056.9,1056.9,1056.9,0,90,0
BANKNIFTY09OCT2451100CE.NFO,2024-09-10,13:27:00,2024-10-09,1056.9,1056.9,1056.9,1056.9,0,90,0
BANKNIFTY09OCT2451100CE.NFO,2024-09-10,13:28:00,2024-10-09,1056.9,1056.9,1056.9,1056.9,0,90,0
BANKNIFTY09OCT2451100CE.NFO,2024-09-10,13:29:00,2024-10-09,1056.9,1056.9,1056.9,1056.9,0,90,0
BANKNIFTY09OCT2451100CE.NFO,2024-09-10,13:30:00,2024-10-09,1056.9,1056.9,1056.9,1056.9,0,90,0
BANKNIFTY09OCT2451100CE.NFO,2024-09-10,13:31:00,2024-10-09,1056.9,1056.9,1056.9,1056.9,0,90,0
BANKNIFTY09OCT2451100CE.NFO,2024-09-10,13:32:00,2024-10-09,1056.9,1056.9,1056.9,1056.9,0,90,0
BANKNIFTY09OCT2451100CE.NFO,2024-09-10,13:33:00,2024-10-09,1056.9,1056.9,1056.9,1056.9,0,90,0
BANKNIFTY09OCT2451100CE.NFO,2024-09-10,13:34:00,2024-10-09,1056.9,1056.9,1056.9,1056.9,0,90,0
BANKNIFTY09OCT2451100CE.NFO,2024-09-10,13:35:00,2024-10-09,1056.9,1056.9,1056.9,1056.9,0,90,0
BANKNIFTY09OCT2451100CE.NFO,2024-09-10,13:36:00,2024-10-09,1056.9,1056.9,1056.9,1056.9,0,90,0
BANKNIFTY09OCT2451100CE.NFO,2024-09-10,13:37:00,2024-10-09,1056.9,1056.9,1056.9,1056.9,0,90,0
BANKNIFTY09OCT2451100CE.NFO,2024-09-10,13:38:00,2024-10-09,1056.9,1056.9,1056.9,1056.9,0,90,0
BANKNIFTY09OCT2451100CE.NFO,2024-09-10,13:39:00,2024-10-09,1056.9,1056.9,1056.9,1056.9,0,90,0
BANKNIFTY09OCT2451100CE.NFO,2024-09-10,13:40:00,2024-10-09,1056.9,1056.9,1056.9,1056.9,0,90,0
BANKNIFTY09OCT2451100CE.NFO,2024-09-10,13:41:00,2024-10-09,1056.9,1056.9,1056.9,1056.9,0,90,0
BANKNIFTY09OCT2451100CE.NFO,2024-09-10,13:42:00,2024-10-09,1056.9,1056.9,1056.9,1056.9,0,90,0
BANKNIFTY09OCT2451100CE.NFO,2024-09-10,13:43:00,2024-10-09,1056.9,1056.9,1056.9,1056.9,0,90,0
BANKNIFTY09OCT2451100CE.NFO,2024-09-10,13:44:00,2024-10-09,1056.9,1056.9,1056.9,1056.9,0,90,0
BANKNIFTY09OCT2451100CE.NFO,2024-09-10,13:45:00,2024-10-09,1056.9,1056.9,1056.9,1056.9,0,90,0
BANKNIFTY09OCT2451100CE.NFO,2024-09-10,13:46:00,2024-10-09,1056.9,1056.9,1056.9,1056.9,0,90,0
BANKNIFTY09OCT2451100CE.NFO,2024-09-10,13:47:00,2024-10-09,1056.9,1056.9,1056.9,1056.9,0,90,0
BANKNIFTY09OCT2451100CE.NFO,2024-09-10,13:48:00,2024-10-09,1056.9,1056.9,1056.9,1056.9,0,90,0
BANKNIFTY09OCT2451100CE.NFO,2024-09-10,13:49:00,2024-10-09,1056.9,1056.9,1056.9,1056.9,0,90,0
BANKNIFTY09OCT2451100CE.NFO,2024-09-10,13:50:00,2024-10-09,1056.9,1056.9,1056.9,1056.9,0,90,0
BANKNIFTY09OCT2451100CE.NFO,2024-09-10,13:51:00,2024-10-09,1056.9,1056.9,1056.9,1056.9,0,90,0
BANKNIFTY09OCT2451100CE.NFO,2024-09-10,13:52:00,2024-10-09,1056.9,1056.9,1056.9,1056.9,0,90,0
BANKNIFTY09OCT2451100CE.NFO,2024-09-10,13:53:00,2024-10-09,1056.9,1056.9,1056.9,1056.9,0,90,0
BANKNIFTY09OCT2451100CE.NFO,2024-09-10,13:54:00,2024-10-09,1056.9,1056.9,1056.9,1056.9,0,90,0
BANKNIFTY09OCT2451100CE.NFO,2024-09-10,13:55:00,2024-10-09,1056.9,1056.9,1056.9,1056.9,0,90,0
BANKNIFTY09OCT2451100CE.NFO,2024-09-10,13:56:00,2024-10-09,1056.9,1056.9,1056.9,1056.9,0,90,0
BANKNIFTY09OCT2451100CE.NFO,2024-09-10,13:57:00,2024-10-09,1056.9,1056.9,1056.9,1056.9,0,90,0
BANKNIFTY09OCT2451100CE.NFO,2024-09-10,13:58:00,2024-10-09,1056.9,1056.9,1056.9,1056.9,0,90,0
BANKNIFTY09OCT2451100CE.NFO,2024-09-10,13:59:00,2024-10-09,1056.9,1056.9,1056.9,1056.9,0,90,0
BANKNIFTY09OCT2451100CE.NFO,2024-09-10,14:00:00,2024-10-09,1056.9,1056.9,1056.9,1056.9,0,90,0
BANKNIFTY09OCT2451100CE.NFO,2024-09-10,14:01:00,2024-10-09,1056.9,1056.9,1056.9,1056.9,0,90,0
BANKNIFTY09OCT2451100CE.NFO,2024-09-10,14:02:00,2024-10-09,1056.9,1056.9,1056.9,1056.9,0,90,0
BANKNIFTY09OCT2451100CE.NFO,2024-09-10,14:03:00,2024-10-09,1056.9,1056.9,1056.9,1056.9,0,90,0
BANKNIFTY09OCT2451100CE.NFO,2024-09-10,14:04:00,2024-10-09,1056.9,1056.9,1056.9,1056.9,0,90,0
BANKNIFTY09OCT2451100CE.NFO,2024-09-10,14:05:00,2024-10-09,1056.9,1056.9,1056.9,1056.9,0,90,0
BANKNIFTY09OCT2451100CE.NFO,2024-09-10,14:06:00,2024-10-09,1056.9,1056.9,1056.9,1056.9,0,90,0
BANKNIFTY09OCT2451100CE.NFO,2024-09-10,14:07:00,2024-10-09,1056.9,1056.9,1056.9,1056.9,0,90,0
BANKNIFTY09OCT2451100CE.NFO,2024-09-10,14:08:00,2024-10-09,1056.9,1056.9,1056.9,1056.9,0,90,0
BANKNIFTY09OCT2451100CE.NFO,2024-09-10,14:09:00,2024-10-09,1056.9,1056.9,1056.9,1056.9,0,90,0
BANKNIFTY09OCT2451100CE.NFO,2024-09-10,14:10:00,2024-10-09,1056.9,1056.9,1056.9,1056.9,0,90,0
BANKNIFTY09OCT2451100CE.NFO,2024-09-10,14:11:00,2024-10-09,1056.9,1056.9,1056.9,1056.9,0,90,0
BANKNIFTY09OCT2451100CE.NFO,2024-09-10,14:12:00,2024-10-09,1056.9,1056.9,1056.9,1056.9,0,90,0
BANKNIFTY09OCT2451100CE.NFO,2024-09-10,14:13:00,2024-10-09,1056.9,1056.9,1056.9,1056.9,0,90,0
BANKNIFTY09OCT2451100CE.NFO,2024-09-10,14:14:00,2024-10-09,1056.9,1056.9,1056.9,1056.9,0,90,0
BANKNIFTY09OCT2451100CE.NFO,2024-09-10,14:15:00,2024-10-09,1056.9,1056.9,1056.9,1056.9,0,90,0
BANKNIFTY09OCT2451100CE.NFO,2024-09-10,14:16:00,2024-10-09,1056.9,1056.9,1056.9,1056.9,0,90,0
BANKNIFTY09OCT2451100CE.NFO,2024-09-10,14:17:00,2024-10-09,1056.9,1056.9,1056.9,1056.9,0,90,0
BANKNIFTY09OCT2451100CE.NFO,2024-09-10,14:18:00,2024-10-09,1056.9,1056.9,1056.9,1056.9,0,90,0
BANKNIFTY09OCT2451100CE.NFO,2024-09-10,14:19:00,2024-10-09,1056.9,1056.9,1056.9,1056.9,0,90,0
BANKNIFTY09OCT2451100CE.NFO,2024-09-10,14:20:00,2024-10-09,1056.9,1056.9,1056.9,1056.9,0,90,0
BANKNIFTY09OCT2451100CE.NFO,2024-09-10,14:21:00,2024-10-09,1056.9,1056.9,1056.9,1056.9,0,90,0
BANKNIFTY09OCT2451100CE.NFO,2024-09-10,14:22:00,2024-10-09,1056.9,1056.9,1056.9,1056.9,0,90,0
BANKNIFTY09OCT2451100CE.NFO,2024-09-10,14:23:00,2024-10-09,1056.9,1056.9,1056.9,1056.9,0,90,0
BANKNIFTY09OCT2451100CE.NFO,2024-09-10,14:24:00,2024-10-09,1056.9,1056.9,1056.9,1056.9,0,90,0
BANKNIFTY09OCT2451100CE.NFO,2024-09-10,14:25:00,2024-10-09,1056.9,1056.9,1056.9,1056.9,0,90,0
BANKNIFTY09OCT2451100CE.NFO,2024-09-10,14:26:00,2024-10-09,1056.9,1056.9,1056.9,1056.9,0,90,0
BANKNIFTY09OCT2451100CE.NFO,2024-09-10,14:27:00,2024-10-09,1056.9,1056.9,1056.9,1056.9,0,90,0
BANKNIFTY09OCT2451100CE.NFO,2024-09-10,14:28:00,2024-10-09,1056.9,1056.9,1056.9,1056.9,0,90,0
BANKNIFTY09OCT2451100CE.NFO,2024-09-10,14:29:00,2024-10-09,1056.9,1056.9,1056.9,1056.9,0,90,0
BANKNIFTY09OCT2451100CE.NFO,2024-09-10,14:30:00,2024-10-09,1056.9,1056.9,1056.9,1056.9,0,90,0
BANKNIFTY09OCT2451100CE.NFO,2024-09-10,14:31:00,2024-10-09,1056.9,1056.9,1056.9,1056.9,0,90,0
BANKNIFTY09OCT2451100CE.NFO,2024-09-10,14:32:00,2024-10-09,1056.9,1056.9,1056.9,1056.9,0,90,0
BANKNIFTY09OCT2451100CE.NFO,2024-09-10,14:33:00,2024-10-09,1056.9,1056.9,1056.9,1056.9,0,90,0
BANKNIFTY09OCT2451100CE.NFO,2024-09-10,14:34:00,2024-10-09,1056.9,1056.9,1056.9,1056.9,0,90,0
BANKNIFTY09OCT2451100CE.NFO,2024-09-10,14:35:00,2024-10-09,1056.9,1056.9,1056.9,1056.9,0,90,0
BANKNIFTY09OCT2451100CE.NFO,2024-09-10,14:36:00,2024-10-09,1056.9,1056.9,1056.9,1056.9,0,90,0
BANKNIFTY09OCT2451100CE.NFO,2024-09-10,14:37:00,2024-10-09,1056.9,1056.9,1056.9,1056.9,0,90,0
BANKNIFTY09OCT2451100CE.NFO,2024-09-10,14:38:00,2024-10-09,1056.9,1056.9,1056.9,1056.9,0,90,0
BANKNIFTY09OCT2451100CE.NFO,2024-09-10,14:39:00,2024-10-09,1056.9,1056.9,1056.9,1056.9,0,90,0
BANKNIFTY09OCT2451100CE.NFO,2024-09-10,14:40:00,2024-10-09,1056.9,1056.9,1056.9,1056.9,0,90,0
BANKNIFTY09OCT2451100CE.NFO,2024-09-10,14:41:00,2024-10-09,1056.9,1056.9,1056.9,1056.9,0,90,0
BANKNIFTY09OCT2451100CE.NFO,2024-09-10,14:42:00,2024-10-09,1056.9,1056.9,1056.9,1056.9,0,90,0
BANKNIFTY09OCT2451100CE.NFO,2024-09-10,14:43:00,2024-10-09,1056.9,1056.9,1056.9,1056.9,0,90,0
BANKNIFTY09OCT2451100CE.NFO,2024-09-10,14:44:00,2024-10-09,1056.9,1056.9,1056.9,1056.9,0,90,0
BANKNIFTY09OCT2451100CE.NFO,2024-09-10,14:45:00,2024-10-09,1056.9,1056.9,1056.9,1056.9,0,90,0
BANKNIFTY09OCT2451100CE.NFO,2024-09-10,14:46:00,2024-10-09,1056.9,1056.9,1056.9,1056.9,0,90,0
BANKNIFTY09OCT2451100CE.NFO,2024-09-10,14:47:00,2024-10-09,1056.9,1056.9,1056.9,1056.9,0,90,0
BANKNIFTY09OCT2451100CE.NFO,2024-09-10,14:48:00,2024-10-09,1056.9,1056.9,1056.9,1056.9,0,90,0
BANKNIFTY09OCT2451100CE.NFO,2024-09-10,14:49:00,2024-10-09,1056.9,1056.9,1056.9,1056.9,0,90,0
BANKNIFTY09OCT2451100CE.NFO,2024-09-10,14:50:00,2024-10-09,1056.9,1056.9,1056.9,1056.9,0,90,0
BANKNIFTY09OCT2451100CE.NFO,2024-09-10,14:51:00,2024-10-09,1056.9,1056.9,1056.9,1056.9,0,90,0
BANKNIFTY09OCT2451100CE.NFO,2024-09-10,14:52:00,2024-10-09,1056.9,1056.9,1056.9,1056.9,0,90,0
BANKNIFTY09OCT2451100CE.NFO,2024-09-10,14:53:00,2024-10-09,1056.9,1056.9,1056.9,1056.9,0,90,0
BANKNIFTY09OCT2451100CE.NFO,2024-09-10,14:54:00,2024-10-09,1056.9,1056.9,1056.9,1056.9,0,90,0
BANKNIFTY09OCT2451100CE.NFO,2024-09-10,14:55:00,2024-10-09,1056.9,1056.9,1056.9,1056.9,0,90,0
BANKNIFTY09OCT2451100CE.NFO,2024-09-10,14:56:00,2024-10-09,1056.9,1056.9,1056.9,1056.9,0,90,0
BANKNIFTY09OCT2451100CE.NFO,2024-09-10,14:57:00,2024-10-09,1056.9,1056.9,1056.9,1056.9,0,90,0
BANKNIFTY09OCT2451100CE.NFO,2024-09-10,14:58:00,2024-10-09,1056.9,1056.9,1056.9,1056.9,0,90,0
BANKNIFTY09OCT2451100CE.NFO,2024-09-10,14:59:00,2024-10-09,1056.9,1056.9,1056.9,1056.9,0,90,0
BANKNIFTY09OCT2451100CE.NFO,2024-09-10,15:00:00,2024-10-09,1056.9,1056.9,1056.9,1056.9,0,90,0
BANKNIFTY09OCT2451100CE.NFO,2024-09-10,15:01:00,2024-10-09,1056.9,1056.9,1056.9,1056.9,0,90,0
BANKNIFTY09OCT2451100CE.NFO,2024-09-10,15:02:00,2024-10-09,1056.9,1056.9,1056.9,1056.9,0,90,0
BANKNIFTY09OCT2451100CE.NFO,2024-09-10,15:03:00,2024-10-09,1056.9,1056.9,1056.9,1056.9,0,90,0
BANKNIFTY09OCT2451100CE.NFO,2024-09-10,15:04:00,2024-10-09,1056.9,1056.9,1056.9,1056.9,0,90,0
BANKNIFTY09OCT2451100CE.NFO,2024-09-10,15:05:00,2024-10-09,1056.9,1056.9,1056.9,1056.9,0,90,0
BANKNIFTY09OCT2451100CE.NFO,2024-09-10,15:06:00,2024-10-09,1056.9,1056.9,1056.9,1056.9,0,90,0
BANKNIFTY09OCT2451100CE.NFO,2024-09-10,15:07:00,2024-10-09,1056.9,1056.9,1056.9,1056.9,0,90,0
BANKNIFTY09OCT2451100CE.NFO,2024-09-10,15:08:00,2024-10-09,1056.9,1056.9,1056.9,1056.9,0,90,0
BANKNIFTY09OCT2451100CE.NFO,2024-09-10,15:09:00,2024-10-09,1056.9,1056.9,1056.9,1056.9,0,90,0
BANKNIFTY09OCT2451100CE.NFO,2024-09-10,15:10:00,2024-10-09,1056.9,1056.9,1056.9,1056.9,0,90,0
BANKNIFTY09OCT2451100CE.NFO,2024-09-10,15:11:00,2024-10-09,1056.9,1056.9,1056.9,1056.9,0,90,0
BANKNIFTY09OCT2451100CE.NFO,2024-09-10,15:12:00,2024-10-09,1056.9,1056.9,1056.9,1056.9,0,90,0
BANKNIFTY09OCT2451100CE.NFO,2024-09-10,15:13:00,2024-10-09,1056.9,1056.9,1056.9,1056.9,0,90,0
BANKNIFTY09OCT2451100CE.NFO,2024-09-10,15:14:00,2024-10-09,1056.9,1056.9,1056.9,1056.9,0,90,0
BANKNIFTY09OCT2451100CE.NFO,2024-09-10,15:15:00,2024-10-09,1056.9,1056.9,1056.9,1056.9,0,90,0
BANKNIFTY09OCT2451100CE.NFO,2024-09-10,15:16:00,2024-10-09,1056.9,1056.9,1056.9,1056.9,0,90,0
BANKNIFTY09OCT2451100CE.NFO,2024-09-10,15:17:00,2024-10-09,1056.9,1056.9,1056.9,1056.9,0,90,0
BANKNIFTY09OCT2451100CE.NFO,2024-09-10,15:18:00,2024-10-09,1056.9,1056.9,1056.9,1056.9,0,90,0
BANKNIFTY09OCT2451100CE.NFO,2024-09-10,15:19:00,2024-10-09,1056.9,1056.9,1056.9,1056.9,0,90,0
BANKNIFTY09OCT2451100CE.NFO,2024-09-10,15:20:00,2024-10-09,1056.9,1056.9,1056.9,1056.9,0,90,0
BANKNIFTY09OCT2451100CE.NFO,2024-09-10,15:21:00,2024-10-09,1056.9,1056.9,1056.9,1056.9,0,90,0
BANKNIFTY09OCT2451100CE.NFO,2024-09-10,15:22:00,2024-10-09,1056.9,1056.9,1056.9,1056.9,0,90,0
BANKNIFTY09OCT2451100CE.NFO,2024-09-10,15:23:00,2024-10-09,1056.9,1056.9,1056.9,1056.9,0,90,0
BANKNIFTY09OCT2451100CE.NFO,2024-09-10,15:24:00,2024-10-09,1056.9,1056.9,1056.9,1056.9,0,90,0
BANKNIFTY09OCT2451100CE.NFO,2024-09-10,15:25:00,2024-10-09,1056.9,1056.9,1056.9,1056.9,0,90,0
BANKNIFTY09OCT2451100CE.NFO,2024-09-10,15:26:00,2024-10-09,1056.9,1056.9,1056.9,1056.9,0,90,0
BANKNIFTY09OCT2451100CE.NFO,2024-09-10,15:27:00,2024-10-09,1056.9,1056.9,1056.9,1056.9,0,90,0
BANKNIFTY09OCT2451100CE.NFO,2024-09-10,15:28:00,2024-10-09,1056.9,1056.9,1056.9,1056.9,0,90,0
BANKNIFTY09OCT2451100CE.NFO,2024-09-10,15:29:00,2024-10-09,1056.9,1056.9,1056.9,1056.9,0,90,0
BANKNIFTY09OCT2451100CE.NFO,2024-09-10,15:30:00,2024-10-09,1056.9,1056.9,1056.9,1056.9,0,90,1
BANKNIFTY09OCT2451100CE.NFO,2024-09-11,09:15:00,2024-10-09,1025.9,1025.9,1025.9,1025.9,0,0,0
BANKNIFTY09OCT2451100CE.NFO,2024-09-11,09:16:00,2024-10-09,1025.9,1025.9,1025.9,1025.9,0,0,1
BANKNIFTY09OCT2451100CE.NFO,2024-09-11,09:17:00,2024-10-09,1025.9,1025.9,1025.9,1025.9,0,0,1
BANKNIFTY09OCT2451100CE.NFO,2024-09-11,09:18:00,2024-10-09,1025.9,1025.9,1025.9,1025.9,0,0,1
BANKNIFTY09OCT2451100CE.NFO,2024-09-11,09:19:00,2024-10-09,1025.9,1025.9,1025.9,1025.9,0,0,1
BANKNIFTY09OCT2451100CE.NFO,2024-09-11,09:20:00,2024-10-09,1025.9,1025.9,1025.9,1025.9,0,0,1
BANKNIFTY09OCT2451100CE.NFO,2024-09-11,09:21:00,2024-10-09,1030.0,1030.0,1025.9,1025.9,0,90,0
BANKNIFTY09OCT2451100CE.NFO,2024-09-11,09:22:00,2024-10-09,1030.0,1030.0,1030.0,1030.0,0,90,0
BANKNIFTY09OCT2451100CE.NFO,2024-09-11,09:23:00,2024-10-09,1030.0,1030.0,1030.0,1030.0,0,90,0
BANKNIFTY09OCT2451100CE.NFO,2024-09-11,09:24:00,2024-10-09,1030.0,1030.0,1030.0,1030.0,0,90,0
BANKNIFTY09OCT2451100CE.NFO,2024-09-11,09:25:00,2024-10-09,1030.0,1030.0,1030.0,1030.0,0,90,0
BANKNIFTY09OCT2451100CE.NFO,2024-09-11,09:26:00,2024-10-09,1030.0,1030.0,1030.0,1030.0,0,90,0
BANKNIFTY09OCT2451100CE.NFO,2024-09-11,09:27:00,2024-10-09,1030.0,1030.0,1030.0,1030.0,0,90,0
BANKNIFTY09OCT2451100CE.NFO,2024-09-11,09:28:00,2024-10-09,1030.0,1030.0,1030.0,1030.0,0,90,0
BANKNIFTY09OCT2451100CE.NFO,2024-09-11,09:29:00,2024-10-09,1030.0,1030.0,1030.0,1030.0,0,90,0
BANKNIFTY09OCT2451100CE.NFO,2024-09-11,09:30:00,2024-10-09,1030.0,1030.0,1030.0,1030.0,0,90,0
BANKNIFTY09OCT2451100CE.NFO,2024-09-11,09:31:00,2024-10-09,1030.0,1030.0,1030.0,1030.0,0,90,0
BANKNIFTY09OCT2451100CE.NFO,2024-09-11,09:32:00,2024-10-09,1030.0,1030.0,1030.0,1030.0,0,90,0
BANKNIFTY09OCT2451100CE.NFO,2024-09-11,09:33:00,2024-10-09,1030.0,1030.0,1030.0,1030.0,0,90,0
BANKNIFTY09OCT2451100CE.NFO,2024-09-11,09:34:00,2024-10-09,997.4,997.4,997.35,997.35,30,120,0
BANKNIFTY09OCT2451100CE.NFO,2024-09-11,09:35:00,2024-10-09,997.35,997.35,997.35,997.35,0,120,0
BANKNIFTY09OCT2451100CE.NFO,2024-09-11,09:36:00,2024-10-09,997.35,997.35,997.35,997.35,0,120,0
BANKNIFTY09OCT2451100CE.NFO,2024-09-11,09:37:00,2024-10-09,997.35,997.35,997.35,997.35,0,120,0
BANKNIFTY09OCT2451100CE.NFO,2024-09-11,09:38:00,2024-10-09,997.35,997.35,997.35,997.35,0,120,0
BANKNIFTY09OCT2451100CE.NFO,2024-09-11,09:39:00,2024-10-09,1050.0,1050.0,1050.0,1050.0,45,150,0
BANKNIFTY09OCT2451100CE.NFO,2024-09-11,09:40:00,2024-10-09,1050.0,1050.0,1050.0,1050.0,0,150,0
BANKNIFTY09OCT2451100CE.NFO,2024-09-11,09:41:00,2024-10-09,1050.0,1050.0,1050.0,1050.0,0,150,1
BANKNIFTY09OCT2451100CE.NFO,2024-09-11,09:42:00,2024-10-09,1050.0,1050.0,1050.0,1050.0,0,150,0
BANKNIFTY09OCT2451100CE.NFO,2024-09-11,09:43:00,2024-10-09,1050.0,1050.0,1050.0,1050.0,0,150,0
BANKNIFTY09OCT2451100CE.NFO,2024-09-11,09:44:00,2024-10-09,1050.0,1050.0,1050.0,1050.0,0,150,0
BANKNIFTY09OCT2451100CE.NFO,2024-09-11,09:45:00,2024-10-09,1050.0,1050.0,1050.0,1050.0,0,150,0
BANKNIFTY09OCT2451100CE.NFO,2024-09-11,09:46:00,2024-10-09,1050.0,1050.0,1050.0,1050.0,0,150,0
BANKNIFTY09OCT2451100CE.NFO,2024-09-11,09:47:00,2024-10-09,1050.0,1050.0,1050.0,1050.0,0,150,0
BANKNIFTY09OCT2451100CE.NFO,2024-09-11,09:48:00,2024-10-09,1050.0,1050.0,1050.0,1050.0,0,150,0
BANKNIFTY09OCT2451100CE.NFO,2024-09-11,09:49:00,2024-10-09,1050.0,1050.0,1050.0,1050.0,0,150,0
BANKNIFTY09OCT2451100CE.NFO,2024-09-11,09:50:00,2024-10-09,1050.0,1050.0,1050.0,1050.0,0,150,0
BANKNIFTY09OCT2451100CE.NFO,2024-09-11,09:51:00,2024-10-09,1050.0,1050.0,1050.0,1050.0,0,150,0
BANKNIFTY09OCT2451100CE.NFO,2024-09-11,09:52:00,2024-10-09,1050.0,1050.0,1050.0,1050.0,0,150,0
BANKNIFTY09OCT2451100CE.NFO,2024-09-11,09:53:00,2024-10-09,1050.0,1050.0,1050.0,1050.0,0,150,0
BANKNIFTY09OCT2451100CE.NFO,2024-09-11,09:54:00,2024-10-09,1050.0,1060.8,1050.0,1060.8,15,150,0
BANKNIFTY09OCT2451100CE.NFO,2024-09-11,09:55:00,2024-10-09,1060.8,1060.95,1060.8,1060.95,15,150,0
BANKNIFTY09OCT2451100CE.NFO,2024-09-11,09:56:00,2024-10-09,1060.95,1060.95,1060.95,1060.95,0,150,0
BANKNIFTY09OCT2451100CE.NFO,2024-09-11,09:57:00,2024-10-09,1060.95,1060.95,1060.95,1060.95,0,150,0
BANKNIFTY09OCT2451100CE.NFO,2024-09-11,09:58:00,2024-10-09,1060.95,1060.95,1060.95,1060.95,0,150,0
BANKNIFTY09OCT2451100CE.NFO,2024-09-11,09:59:00,2024-10-09,1060.95,1060.95,1060.95,1060.95,0,150,0
BANKNIFTY09OCT2451100CE.NFO,2024-09-11,10:00:00,2024-10-09,1060.95,1060.95,1060.95,1060.95,0,150,0
BANKNIFTY09OCT2451100CE.NFO,2024-09-11,10:01:00,2024-10-09,1060.95,1060.95,1060.95,1060.95,0,150,0
BANKNIFTY09OCT2451100CE.NFO,2024-09-11,10:02:00,2024-10-09,1060.95,1060.95,1060.95,1060.95,0,150,0
BANKNIFTY09OCT2451100CE.NFO,2024-09-11,10:03:00,2024-10-09,1060.95,1060.95,1060.95,1060.95,0,150,0
BANKNIFTY09OCT2451100CE.NFO,2024-09-11,10:04:00,2024-10-09,1060.95,1060.95,1060.95,1060.95,0,150,0
BANKNIFTY09OCT2451100CE.NFO,2024-09-11,10:05:00,2024-10-09,1060.95,1060.95,1060.95,1060.95,0,150,0
BANKNIFTY09OCT2451100CE.NFO,2024-09-11,10:06:00,2024-10-09,1060.95,1060.95,1060.95,1060.95,0,150,0
BANKNIFTY09OCT2451100CE.NFO,2024-09-11,10:07:00,2024-10-09,1060.95,1060.95,1060.95,1060.95,0,150,0
BANKNIFTY09OCT2451100CE.NFO,2024-09-11,10:08:00,2024-10-09,1060.95,1060.95,1060.95,1060.95,0,150,0
BANKNIFTY09OCT2451100CE.NFO,2024-09-11,10:09:00,2024-10-09,1060.95,1060.95,1060.95,1060.95,0,150,0
BANKNIFTY09OCT2451100CE.NFO,2024-09-11,10:10:00,2024-10-09,1060.95,1060.95,1060.95,1060.95,0,150,0
BANKNIFTY09OCT2451100CE.NFO,2024-09-11,10:11:00,2024-10-09,1060.95,1060.95,1060.95,1060.95,0,150,0
BANKNIFTY09OCT2451100CE.NFO,2024-09-11,10:12:00,2024-10-09,1060.95,1060.95,1060.95,1060.95,0,150,0
BANKNIFTY09OCT2451100CE.NFO,2024-09-11,10:13:00,2024-10-09,1060.95,1060.95,1060.95,1060.95,0,150,0
BANKNIFTY09OCT2451100CE.NFO,2024-09-11,10:14:00,2024-10-09,1060.95,1060.95,1060.95,1060.95,0,150,0
BANKNIFTY09OCT2451100CE.NFO,2024-09-11,10:15:00,2024-10-09,1060.95,1060.95,1060.95,1060.95,0,150,0
BANKNIFTY09OCT2451100CE.NFO,2024-09-11,10:16:00,2024-10-09,1060.95,1060.95,1060.95,1060.95,0,150,0
BANKNIFTY09OCT2451100CE.NFO,2024-09-11,10:17:00,2024-10-09,1060.95,1060.95,1060.95,1060.95,0,150,0
BANKNIFTY09OCT2451100CE.NFO,2024-09-11,10:18:00,2024-10-09,1060.95,1060.95,1060.95,1060.95,0,150,0
BANKNIFTY09OCT2451100CE.NFO,2024-09-11,10:19:00,2024-10-09,1060.95,1060.95,1060.95,1060.95,0,150,0
BANKNIFTY09OCT2451100CE.NFO,2024-09-11,10:20:00,2024-10-09,1060.95,1060.95,1060.95,1060.95,0,150,0
BANKNIFTY09OCT2451100CE.NFO,2024-09-11,10:21:00,2024-10-09,1060.95,1060.95,1060.95,1060.95,0,150,0
BANKNIFTY09OCT2451100CE.NFO,2024-09-11,10:22:00,2024-10-09,1060.95,1060.95,1060.95,1060.95,0,150,0
BANKNIFTY09OCT2451100CE.NFO,2024-09-11,10:23:00,2024-10-09,1060.95,1060.95,1060.95,1060.95,0,150,0
BANKNIFTY09OCT2451100CE.NFO,2024-09-11,10:24:00,2024-10-09,1060.95,1060.95,1060.95,1060.95,0,150,0
BANKNIFTY09OCT2451100CE.NFO,2024-09-11,10:25:00,2024-10-09,1060.95,1060.95,1060.95,1060.95,0,150,0
BANKNIFTY09OCT2451100CE.NFO,2024-09-11,10:26:00,2024-10-09,1060.95,1060.95,1060.95,1060.95,0,150,0
BANKNIFTY09OCT2451100CE.NFO,2024-09-11,10:27:00,2024-10-09,1060.95,1060.95,1060.95,1060.95,0,150,0
BANKNIFTY09OCT2451100CE.NFO,2024-09-11,10:28:00,2024-10-09,1060.95,1060.95,1060.95,1060.95,0,150,0
BANKNIFTY09OCT2451100CE.NFO,2024-09-11,10:29:00,2024-10-09,1060.95,1060.95,1060.95,1060.95,0,150,0
BANKNIFTY09OCT2451100CE.NFO,2024-09-11,10:30:00,2024-10-09,1060.95,1060.95,1060.95,1060.95,0,150,0
BANKNIFTY09OCT2451100CE.NFO,2024-09-11,10:31:00,2024-10-09,1060.95,1060.95,1060.95,1060.95,0,150,0
BANKNIFTY09OCT2451100CE.NFO,2024-09-11,10:32:00,2024-10-09,1060.95,1060.95,1060.95,1060.95,0,150,0
BANKNIFTY09OCT2451100CE.NFO,2024-09-11,10:33:00,2024-10-09,1060.95,1060.95,1060.95,1060.95,0,150,0
BANKNIFTY09OCT2451100CE.NFO,2024-09-11,10:34:00,2024-10-09,1060.95,1060.95,1060.95,1060.95,0,150,0
BANKNIFTY09OCT2451100CE.NFO,2024-09-11,10:35:00,2024-10-09,1060.95,1060.95,1060.95,1060.95,0,150,0
BANKNIFTY09OCT2451100CE.NFO,2024-09-11,10:36:00,2024-10-09,1060.95,1060.95,1060.95,1060.95,0,150,0
BANKNIFTY09OCT2451100CE.NFO,2024-09-11,10:37:00,2024-10-09,1060.95,1060.95,1060.95,1060.95,0,150,0
BANKNIFTY09OCT2451100CE.NFO,2024-09-11,10:38:00,2024-10-09,1119.7,1119.7,1119.7,1119.7,15,120,0
BANKNIFTY09OCT2451100CE.NFO,2024-09-11,10:39:00,2024-10-09,1119.7,1119.7,1119.7,1119.7,0,120,0
BANKNIFTY09OCT2451100CE.NFO,2024-09-11,10:40:00,2024-10-09,1119.7,1119.7,1119.7,1119.7,0,120,0
BANKNIFTY09OCT2451100CE.NFO,2024-09-11,10:41:00,2024-10-09,1119.7,1119.7,1119.7,1119.7,0,120,0
BANKNIFTY09OCT2451100CE.NFO,2024-09-11,10:42:00,2024-10-09,1119.7,1119.7,1119.7,1119.7,0,120,0
BANKNIFTY09OCT2451100CE.NFO,2024-09-11,10:43:00,2024-10-09,1119.7,1119.7,1119.7,1119.7,0,120,0
BANKNIFTY09OCT2451100CE.NFO,2024-09-11,10:44:00,2024-10-09,1119.7,1119.7,1119.7,1119.7,0,120,0
BANKNIFTY09OCT2451100CE.NFO,2024-09-11,10:45:00,2024-10-09,1119.7,1119.7,1119.7,1119.7,0,120,0
BANKNIFTY09OCT2451100CE.NFO,2024-09-11,10:46:00,2024-10-09,1119.7,1119.7,1095.4,1095.4,0,135,0
BANKNIFTY09OCT2451100CE.NFO,2024-09-11,10:47:00,2024-10-09,1095.4,1095.4,1095.4,1095.4,15,135,0
BANKNIFTY09OCT2451100CE.NFO,2024-09-11,10:48:00,2024-10-09,1095.4,1095.4,1095.4,1095.4,0,135,0
BANKNIFTY09OCT2451100CE.NFO,2024-09-11,10:49:00,2024-10-09,1095.4,1095.4,1095.4,1095.4,0,135,0
BANKNIFTY09OCT2451100CE.NFO,2024-09-11,10:50:00,2024-10-09,1095.4,1095.4,1095.4,1095.4,0,135,0
BANKNIFTY09OCT2451100CE.NFO,2024-09-11,10:51:00,2024-10-09,1095.4,1095.4,1095.4,1095.4,0,135,0
BANKNIFTY09OCT2451100CE.NFO,2024-09-11,10:52:00,2024-10-09,1095.4,1095.4,1095.4,1095.4,0,135,0
BANKNIFTY09OCT2451100CE.NFO,2024-09-11,10:53:00,2024-10-09,1095.4,1095.4,1095.4,1095.4,0,135,0
BANKNIFTY09OCT2451100CE.NFO,2024-09-11,10:54:00,2024-10-09,1095.4,1095.4,1095.4,1095.4,0,135,0
BANKNIFTY09OCT2451100CE.NFO,2024-09-11,10:55:00,2024-10-09,1095.4,1095.4,1095.4,1095.4,0,135,0
BANKNIFTY09OCT2451100CE.NFO,2024-09-11,10:56:00,2024-10-09,1095.4,1095.4,1095.4,1095.4,0,135,0
BANKNIFTY09OCT2451100CE.NFO,2024-09-11,10:57:00,2024-10-09,1095.4,1095.4,1095.4,1095.4,0,135,0
BANKNIFTY09OCT2451100CE.NFO,2024-09-11,10:58:00,2024-10-09,1025.0,1025.0,1025.0,1025.0,15,120,0
BANKNIFTY09OCT2451100CE.NFO,2024-09-11,10:59:00,2024-10-09,1025.0,1025.0,1025.0,1025.0,0,120,0
BANKNIFTY09OCT2451100CE.NFO,2024-09-11,11:00:00,2024-10-09,1025.0,1025.0,1025.0,1025.0,0,120,0
BANKNIFTY09OCT2451100CE.NFO,2024-09-11,11:01:00,2024-10-09,1025.0,1025.0,1025.0,1025.0,0,120,0
BANKNIFTY09OCT2451100CE.NFO,2024-09-11,11:02:00,2024-10-09,1025.0,1025.0,1025.0,1025.0,0,120,0
BANKNIFTY09OCT2451100CE.NFO,2024-09-11,11:03:00,2024-10-09,1025.0,1025.0,1025.0,1025.0,0,120,0
BANKNIFTY09OCT2451100CE.NFO,2024-09-11,11:04:00,2024-10-09,1025.0,1025.0,1025.0,1025.0,0,120,0
BANKNIFTY09OCT2451100CE.NFO,2024-09-11,11:05:00,2024-10-09,1025.0,1025.0,1025.0,1025.0,0,120,0
BANKNIFTY09OCT2451100CE.NFO,2024-09-11,11:06:00,2024-10-09,1025.0,1025.0,1025.0,1025.0,0,120,0
BANKNIFTY09OCT2451100CE.NFO,2024-09-11,11:07:00,2024-10-09,1025.0,1025.0,1025.0,1025.0,0,120,0
BANKNIFTY09OCT2451100CE.NFO,2024-09-11,11:08:00,2024-10-09,1025.0,1025.0,1025.0,1025.0,0,120,0
BANKNIFTY09OCT2451100CE.NFO,2024-09-11,11:09:00,2024-10-09,1025.0,1025.0,1025.0,1025.0,0,120,0
BANKNIFTY09OCT2451100CE.NFO,2024-09-11,11:10:00,2024-10-09,1025.0,1025.0,1025.0,1025.0,0,120,0
BANKNIFTY09OCT2451100CE.NFO,2024-09-11,11:11:00,2024-10-09,1025.0,1025.0,1025.0,1025.0,0,120,0
BANKNIFTY09OCT2451100CE.NFO,2024-09-11,11:12:00,2024-10-09,1025.0,1025.0,1025.0,1025.0,0,120,0
BANKNIFTY09OCT2451100CE.NFO,2024-09-11,11:13:00,2024-10-09,1025.0,1025.0,1025.0,1025.0,0,120,0
BANKNIFTY09OCT2451100CE.NFO,2024-09-11,11:14:00,2024-10-09,1025.0,1025.0,1025.0,1025.0,0,120,0
BANKNIFTY09OCT2451100CE.NFO,2024-09-11,11:15:00,2024-10-09,1025.0,1025.0,1025.0,1025.0,0,120,0
BANKNIFTY09OCT2451100CE.NFO,2024-09-11,11:16:00,2024-10-09,1025.0,1025.0,1025.0,1025.0,0,120,0
BANKNIFTY09OCT2451100CE.NFO,2024-09-11,11:17:00,2024-10-09,1025.0,1025.0,1025.0,1025.0,0,120,0
BANKNIFTY09OCT2451100CE.NFO,2024-09-11,11:18:00,2024-10-09,1025.0,1025.0,1025.0,1025.0,0,120,0
BANKNIFTY09OCT2451100CE.NFO,2024-09-11,11:19:00,2024-10-09,1025.0,1025.0,1025.0,1025.0,0,120,0
BANKNIFTY09OCT2451100CE.NFO,2024-09-11,11:20:00,2024-10-09,1025.0,1025.0,1025.0,1025.0,0,120,0
BANKNIFTY09OCT2451100CE.NFO,2024-09-11,11:21:00,2024-10-09,1025.0,1025.0,1025.0,1025.0,0,120,0
BANKNIFTY09OCT2451100CE.NFO,2024-09-11,11:22:00,2024-10-09,1025.0,1025.0,1025.0,1025.0,0,120,0
BANKNIFTY09OCT2451100CE.NFO,2024-09-11,11:23:00,2024-10-09,1025.0,1025.0,1025.0,1025.0,0,120,0
BANKNIFTY09OCT2451100CE.NFO,2024-09-11,11:24:00,2024-10-09,1025.0,1025.0,1025.0,1025.0,0,120,0
BANKNIFTY09OCT2451100CE.NFO,2024-09-11,11:25:00,2024-10-09,1025.0,1025.0,1025.0,1025.0,0,120,0
BANKNIFTY09OCT2451100CE.NFO,2024-09-11,11:26:00,2024-10-09,1025.0,1025.0,1025.0,1025.0,0,120,0
BANKNIFTY09OCT2451100CE.NFO,2024-09-11,11:27:00,2024-10-09,1025.0,1025.0,1025.0,1025.0,0,120,0
BANKNIFTY09OCT2451100CE.NFO,2024-09-11,11:28:00,2024-10-09,1025.0,1025.0,1025.0,1025.0,0,120,0
BANKNIFTY09OCT2451100CE.NFO,2024-09-11,11:29:00,2024-10-09,1025.0,1025.0,1025.0,1025.0,0,120,0
BANKNIFTY09OCT2451100CE.NFO,2024-09-11,11:30:00,2024-10-09,1025.0,1025.0,1025.0,1025.0,0,120,0
BANKNIFTY09OCT2451100CE.NFO,2024-09-11,11:31:00,2024-10-09,1025.0,1025.0,1025.0,1025.0,0,120,0
BANKNIFTY09OCT2451100CE.NFO,2024-09-11,11:32:00,2024-10-09,1025.0,1025.0,1025.0,1025.0,0,120,0
BANKNIFTY09OCT2451100CE.NFO,2024-09-11,11:33:00,2024-10-09,1025.0,1025.0,1025.0,1025.0,0,120,0
BANKNIFTY09OCT2451100CE.NFO,2024-09-11,11:34:00,2024-10-09,1025.0,1025.0,1025.0,1025.0,0,120,0
BANKNIFTY09OCT2451100CE.NFO,2024-09-11,11:35:00,2024-10-09,1025.0,1025.0,1025.0,1025.0,0,120,0
BANKNIFTY09OCT2451100CE.NFO,2024-09-11,11:36:00,2024-10-09,1025.0,1025.0,1025.0,1025.0,0,120,0
BANKNIFTY09OCT2451100CE.NFO,2024-09-11,11:37:00,2024-10-09,1025.0,1025.0,1025.0,1025.0,0,120,0
BANKNIFTY09OCT2451100CE.NFO,2024-09-11,11:38:00,2024-10-09,1025.0,1025.0,1025.0,1025.0,0,120,0
BANKNIFTY09OCT2451100CE.NFO,2024-09-11,11:39:00,2024-10-09,1025.0,1025.0,968.4,968.4,30,120,0
BANKNIFTY09OCT2451100CE.NFO,2024-09-11,11:40:00,2024-10-09,968.4,968.4,968.4,968.4,0,120,0
BANKNIFTY09OCT2451100CE.NFO,2024-09-11,11:41:00,2024-10-09,968.4,968.4,968.4,968.4,0,120,0
BANKNIFTY09OCT2451100CE.NFO,2024-09-11,11:42:00,2024-10-09,968.4,968.4,968.4,968.4,0,120,0
BANKNIFTY09OCT2451100CE.NFO,2024-09-11,11:43:00,2024-10-09,968.4,968.4,968.4,968.4,0,120,0
BANKNIFTY09OCT2451100CE.NFO,2024-09-11,11:44:00,2024-10-09,968.4,968.4,968.4,968.4,0,120,0
BANKNIFTY09OCT2451100CE.NFO,2024-09-11,11:45:00,2024-10-09,968.4,968.4,968.4,968.4,0,120,0
BANKNIFTY09OCT2451100CE.NFO,2024-09-11,11:46:00,2024-10-09,968.4,968.4,968.4,968.4,0,120,0
BANKNIFTY09OCT2451100CE.NFO,2024-09-11,11:47:00,2024-10-09,968.4,968.4,968.4,968.4,0,120,0
BANKNIFTY09OCT2451100CE.NFO,2024-09-11,11:48:00,2024-10-09,968.4,968.4,968.4,968.4,0,120,0
BANKNIFTY09OCT2451100CE.NFO,2024-09-11,11:49:00,2024-10-09,968.4,968.4,968.4,968.4,0,120,0
BANKNIFTY09OCT2451100CE.NFO,2024-09-11,11:50:00,2024-10-09,968.4,968.4,968.4,968.4,0,120,0
BANKNIFTY09OCT2451100CE.NFO,2024-09-11,11:51:00,2024-10-09,968.4,968.4,968.4,968.4,0,120,0
BANKNIFTY09OCT2451100CE.NFO,2024-09-11,11:52:00,2024-10-09,968.4,968.4,968.4,968.4,0,120,0
BANKNIFTY09OCT2451100CE.NFO,2024-09-11,11:53:00,2024-10-09,968.4,968.4,968.4,968.4,0,120,0
BANKNIFTY09OCT2451100CE.NFO,2024-09-11,11:54:00,2024-10-09,968.4,968.4,968.4,968.4,0,120,0
BANKNIFTY09OCT2451100CE.NFO,2024-09-11,11:55:00,2024-10-09,968.4,968.4,968.4,968.4,0,120,0
BANKNIFTY09OCT2451100CE.NFO,2024-09-11,11:56:00,2024-10-09,968.4,968.4,968.4,968.4,0,120,0
BANKNIFTY09OCT2451100CE.NFO,2024-09-11,11:57:00,2024-10-09,968.4,968.4,968.4,968.4,0,120,0
BANKNIFTY09OCT2451100CE.NFO,2024-09-11,11:58:00,2024-10-09,968.4,968.4,968.4,968.4,0,120,0
BANKNIFTY09OCT2451100CE.NFO,2024-09-11,11:59:00,2024-10-09,968.4,968.4,968.4,968.4,0,120,0
BANKNIFTY09OCT2451100CE.NFO,2024-09-11,12:00:00,2024-10-09,968.4,968.4,968.4,968.4,0,120,0
BANKNIFTY09OCT2451100CE.NFO,2024-09-11,12:01:00,2024-10-09,968.4,968.4,968.4,968.4,0,120,0
BANKNIFTY09OCT2451100CE.NFO,2024-09-11,12:02:00,2024-10-09,968.4,968.4,968.4,968.4,0,120,0
BANKNIFTY09OCT2451100CE.NFO,2024-09-11,12:03:00,2024-10-09,968.4,968.4,968.4,968.4,0,120,0
BANKNIFTY09OCT2451100CE.NFO,2024-09-11,12:04:00,2024-10-09,968.4,968.4,968.4,968.4,0,120,0
BANKNIFTY09OCT2451100CE.NFO,2024-09-11,12:05:00,2024-10-09,968.4,968.4,968.4,968.4,0,120,0
BANKNIFTY09OCT2451100CE.NFO,2024-09-11,12:06:00,2024-10-09,968.4,968.4,968.4,968.4,0,120,0
BANKNIFTY09OCT2451100CE.NFO,2024-09-11,12:07:00,2024-10-09,968.4,968.4,968.4,968.4,0,120,0
BANKNIFTY09OCT2451100CE.NFO,2024-09-11,12:08:00,2024-10-09,968.4,968.4,968.4,968.4,0,120,0
BANKNIFTY09OCT2451100CE.NFO,2024-09-11,12:09:00,2024-10-09,968.4,968.4,968.4,968.4,0,120,0
BANKNIFTY09OCT2451100CE.NFO,2024-09-11,12:10:00,2024-10-09,968.4,968.4,968.4,968.4,0,120,0
BANKNIFTY09OCT2451100CE.NFO,2024-09-11,12:11:00,2024-10-09,968.4,968.4,968.4,968.4,0,120,0
BANKNIFTY09OCT2451100CE.NFO,2024-09-11,12:12:00,2024-10-09,968.4,968.4,968.4,968.4,0,120,0
BANKNIFTY09OCT2451100CE.NFO,2024-09-11,12:13:00,2024-10-09,968.4,968.4,968.4,968.4,0,120,0
BANKNIFTY09OCT2451100CE.NFO,2024-09-11,12:14:00,2024-10-09,968.4,968.4,968.4,968.4,0,120,0
BANKNIFTY09OCT2451100CE.NFO,2024-09-11,12:15:00,2024-10-09,968.4,968.4,968.4,968.4,0,120,0
BANKNIFTY09OCT2451100CE.NFO,2024-09-11,12:16:00,2024-10-09,968.4,968.4,968.4,968.4,0,120,0
BANKNIFTY09OCT2451100CE.NFO,2024-09-11,12:17:00,2024-10-09,968.4,968.4,968.4,968.4,0,120,0
BANKNIFTY09OCT2451100CE.NFO,2024-09-11,12:18:00,2024-10-09,968.4,968.4,968.4,968.4,0,120,0
BANKNIFTY09OCT2451100CE.NFO,2024-09-11,12:19:00,2024-10-09,968.4,968.4,968.4,968.4,0,120,0
BANKNIFTY09OCT2451100CE.NFO,2024-09-11,12:20:00,2024-10-09,968.4,968.4,968.4,968.4,0,120,0
BANKNIFTY09OCT2451100CE.NFO,2024-09-11,12:21:00,2024-10-09,968.4,968.4,968.4,968.4,0,120,0
BANKNIFTY09OCT2451100CE.NFO,2024-09-11,12:22:00,2024-10-09,968.4,968.4,968.4,968.4,0,120,0
BANKNIFTY09OCT2451100CE.NFO,2024-09-11,12:23:00,2024-10-09,968.4,968.4,968.4,968.4,0,120,0
BANKNIFTY09OCT2451100CE.NFO,2024-09-11,12:24:00,2024-10-09,968.4,968.4,968.4,968.4,0,120,0
BANKNIFTY09OCT2451100CE.NFO,2024-09-11,12:25:00,2024-10-09,968.4,968.4,968.4,968.4,0,120,0
BANKNIFTY09OCT2451100CE.NFO,2024-09-11,12:26:00,2024-10-09,968.4,968.4,968.4,968.4,0,120,0
BANKNIFTY09OCT2451100CE.NFO,2024-09-11,12:27:00,2024-10-09,968.4,968.4,968.4,968.4,0,120,0
BANKNIFTY09OCT2451100CE.NFO,2024-09-11,12:28:00,2024-10-09,968.4,968.4,968.4,968.4,0,120,0
BANKNIFTY09OCT2451100CE.NFO,2024-09-11,12:29:00,2024-10-09,968.4,968.4,968.4,968.4,0,120,0
BANKNIFTY09OCT2451100CE.NFO,2024-09-11,12:30:00,2024-10-09,968.4,968.4,968.4,968.4,0,120,0
BANKNIFTY09OCT2451100CE.NFO,2024-09-11,12:31:00,2024-10-09,968.4,968.4,968.4,968.4,0,120,0
BANKNIFTY09OCT2451100CE.NFO,2024-09-11,12:32:00,2024-10-09,968.4,968.4,968.4,968.4,0,120,0
BANKNIFTY09OCT2451100CE.NFO,2024-09-11,12:33:00,2024-10-09,968.4,968.4,968.4,968.4,0,120,0
BANKNIFTY09OCT2451100CE.NFO,2024-09-11,12:34:00,2024-10-09,968.4,968.4,968.4,968.4,0,120,0
BANKNIFTY09OCT2451100CE.NFO,2024-09-11,12:35:00,2024-10-09,968.4,968.4,968.4,968.4,0,120,0
BANKNIFTY09OCT2451100CE.NFO,2024-09-11,12:36:00,2024-10-09,968.4,968.4,968.4,968.4,0,120,0
BANKNIFTY09OCT2451100CE.NFO,2024-09-11,12:37:00,2024-10-09,968.4,968.4,968.4,968.4,0,120,0
BANKNIFTY09OCT2451100CE.NFO,2024-09-11,12:38:00,2024-10-09,968.4,968.4,968.4,968.4,0,120,0
BANKNIFTY09OCT2451100CE.NFO,2024-09-11,12:39:00,2024-10-09,968.4,968.4,968.4,968.4,0,120,0
BANKNIFTY09OCT2451100CE.NFO,2024-09-11,12:40:00,2024-10-09,968.4,968.4,968.4,968.4,0,120,0
BANKNIFTY09OCT2451100CE.NFO,2024-09-11,12:41:00,2024-10-09,968.4,968.4,968.4,968.4,0,120,0
BANKNIFTY09OCT2451100CE.NFO,2024-09-11,12:42:00,2024-10-09,968.4,968.4,968.4,968.4,0,120,0
BANKNIFTY09OCT2451100CE.NFO,2024-09-11,12:43:00,2024-10-09,968.4,968.4,968.4,968.4,0,120,0
BANKNIFTY09OCT2451100CE.NFO,2024-09-11,12:44:00,2024-10-09,968.4,968.4,968.4,968.4,0,120,0
BANKNIFTY09OCT2451100CE.NFO,2024-09-11,12:45:00,2024-10-09,968.4,968.4,968.4,968.4,0,120,0
BANKNIFTY09OCT2451100CE.NFO,2024-09-11,12:46:00,2024-10-09,968.4,968.4,968.4,968.4,0,120,0
BANKNIFTY09OCT2451100CE.NFO,2024-09-11,12:47:00,2024-10-09,968.4,968.4,968.4,968.4,0,120,0
BANKNIFTY09OCT2451100CE.NFO,2024-09-11,12:48:00,2024-10-09,968.4,968.4,968.4,968.4,0,120,0
BANKNIFTY09OCT2451100CE.NFO,2024-09-11,12:49:00,2024-10-09,968.4,968.4,968.4,968.4,0,120,0
BANKNIFTY09OCT2451100CE.NFO,2024-09-11,12:50:00,2024-10-09,968.4,968.4,968.4,968.4,0,120,0
BANKNIFTY09OCT2451100CE.NFO,2024-09-11,12:51:00,2024-10-09,968.4,968.4,968.4,968.4,0,120,0
BANKNIFTY09OCT2451100CE.NFO,2024-09-11,12:52:00,2024-10-09,968.4,968.4,968.4,968.4,0,120,0
BANKNIFTY09OCT2451100CE.NFO,2024-09-11,12:53:00,2024-10-09,968.4,968.4,968.4,968.4,0,120,0
BANKNIFTY09OCT2451100CE.NFO,2024-09-11,12:54:00,2024-10-09,968.4,968.4,968.4,968.4,0,120,0
BANKNIFTY09OCT2451100CE.NFO,2024-09-11,12:55:00,2024-10-09,968.4,968.4,968.4,968.4,0,120,0
BANKNIFTY09OCT2451100CE.NFO,2024-09-11,12:56:00,2024-10-09,968.4,968.4,968.4,968.4,0,120,0
BANKNIFTY09OCT2451100CE.NFO,2024-09-11,12:57:00,2024-10-09,968.4,968.4,968.4,968.4,0,120,0
BANKNIFTY09OCT2451100CE.NFO,2024-09-11,12:58:00,2024-10-09,968.4,968.4,968.4,968.4,0,120,0
BANKNIFTY09OCT2451100CE.NFO,2024-09-11,12:59:00,2024-10-09,968.4,968.4,968.4,968.4,0,120,0
BANKNIFTY09OCT2451100CE.NFO,2024-09-11,13:00:00,2024-10-09,968.4,968.4,968.4,968.4,0,120,0
BANKNIFTY09OCT2451100CE.NFO,2024-09-11,13:01:00,2024-10-09,968.4,968.4,968.4,968.4,0,120,0
BANKNIFTY09OCT2451100CE.NFO,2024-09-11,13:02:00,2024-10-09,968.4,968.4,968.4,968.4,0,120,0
BANKNIFTY09OCT2451100CE.NFO,2024-09-11,13:03:00,2024-10-09,968.4,968.4,968.4,968.4,0,120,0
BANKNIFTY09OCT2451100CE.NFO,2024-09-11,13:04:00,2024-10-09,968.4,1015.85,968.4,1015.85,15,90,0
BANKNIFTY09OCT2451100CE.NFO,2024-09-11,13:05:00,2024-10-09,1015.85,1015.85,1015.85,1015.85,0,90,0
BANKNIFTY09OCT2451100CE.NFO,2024-09-11,13:06:00,2024-10-09,1015.85,1015.85,1015.85,1015.85,0,90,0
BANKNIFTY09OCT2451100CE.NFO,2024-09-11,13:07:00,2024-10-09,1015.85,1015.85,1015.85,1015.85,0,90,0
BANKNIFTY09OCT2451100CE.NFO,2024-09-11,13:08:00,2024-10-09,1015.85,1015.85,1015.85,1015.85,0,90,0
BANKNIFTY09OCT2451100CE.NFO,2024-09-11,13:09:00,2024-10-09,1015.85,1015.85,1015.85,1015.85,0,90,0
BANKNIFTY09OCT2451100CE.NFO,2024-09-11,13:10:00,2024-10-09,1015.85,1015.85,1015.85,1015.85,0,90,0
BANKNIFTY09OCT2451100CE.NFO,2024-09-11,13:11:00,2024-10-09,1015.85,1015.85,1015.85,1015.85,0,90,0
BANKNIFTY09OCT2451100CE.NFO,2024-09-11,13:12:00,2024-10-09,1015.85,1015.85,1015.85,1015.85,0,90,0
BANKNIFTY09OCT2451100CE.NFO,2024-09-11,13:13:00,2024-10-09,1015.85,1015.85,1015.85,1015.85,0,90,0
BANKNIFTY09OCT2451100CE.NFO,2024-09-11,13:14:00,2024-10-09,1015.85,1015.85,1015.85,1015.85,0,90,0
BANKNIFTY09OCT2451100CE.NFO,2024-09-11,13:15:00,2024-10-09,1015.85,1015.85,1015.85,1015.85,0,90,0
BANKNIFTY09OCT2451100CE.NFO,2024-09-11,13:16:00,2024-10-09,1015.85,1015.85,1015.85,1015.85,0,90,0
BANKNIFTY09OCT2451100CE.NFO,2024-09-11,13:17:00,2024-10-09,1015.85,1015.85,1015.85,1015.85,0,90,0
BANKNIFTY09OCT2451100CE.NFO,2024-09-11,13:18:00,2024-10-09,1015.85,1015.85,1015.85,1015.85,0,90,0
BANKNIFTY09OCT2451100CE.NFO,2024-09-11,13:19:00,2024-10-09,1015.85,1015.85,1015.85,1015.85,0,90,0
BANKNIFTY09OCT2451100CE.NFO,2024-09-11,13:20:00,2024-10-09,1015.85,1015.85,1015.85,1015.85,0,90,0
BANKNIFTY09OCT2451100CE.NFO,2024-09-11,13:21:00,2024-10-09,1015.85,1015.85,1015.85,1015.85,0,90,0
BANKNIFTY09OCT2451100CE.NFO,2024-09-11,13:22:00,2024-10-09,1015.85,1015.85,1015.85,1015.85,0,90,0
BANKNIFTY09OCT2451100CE.NFO,2024-09-11,13:23:00,2024-10-09,1015.85,1015.85,1015.85,1015.85,0,90,0
BANKNIFTY09OCT2451100CE.NFO,2024-09-11,13:24:00,2024-10-09,1015.85,1015.85,1015.85,1015.85,0,90,0
BANKNIFTY09OCT2451100CE.NFO,2024-09-11,13:25:00,2024-10-09,1015.85,1015.85,1015.85,1015.85,0,90,0
BANKNIFTY09OCT2451100CE.NFO,2024-09-11,13:26:00,2024-10-09,1015.85,1015.85,1015.85,1015.85,0,90,0
BANKNIFTY09OCT2451100CE.NFO,2024-09-11,13:27:00,2024-10-09,1015.85,1015.85,1015.85,1015.85,0,90,0
BANKNIFTY09OCT2451100CE.NFO,2024-09-11,13:28:00,2024-10-09,1015.85,1015.85,1015.85,1015.85,0,90,0
BANKNIFTY09OCT2451100CE.NFO,2024-09-11,13:29:00,2024-10-09,1015.85,1015.85,1015.85,1015.85,0,90,0
BANKNIFTY09OCT2451100CE.NFO,2024-09-11,13:30:00,2024-10-09,1015.85,1015.85,1015.85,1015.85,0,90,0
BANKNIFTY09OCT2451100CE.NFO,2024-09-11,13:31:00,2024-10-09,1015.85,1015.85,1015.85,1015.85,0,90,0
BANKNIFTY09OCT2451100CE.NFO,2024-09-11,13:32:00,2024-10-09,1015.85,1015.85,1015.85,1015.85,0,90,0
BANKNIFTY09OCT2451100CE.NFO,2024-09-11,13:33:00,2024-10-09,1015.85,1015.85,1015.85,1015.85,0,90,0
BANKNIFTY09OCT2451100CE.NFO,2024-09-11,13:34:00,2024-10-09,985.0,985.0,985.0,985.0,120,105,0
BANKNIFTY09OCT2451100CE.NFO,2024-09-11,13:35:00,2024-10-09,985.0,985.0,985.0,985.0,0,105,0
BANKNIFTY09OCT2451100CE.NFO,2024-09-11,13:36:00,2024-10-09,985.0,985.0,976.3,976.3,0,210,0
BANKNIFTY09OCT2451100CE.NFO,2024-09-11,13:37:00,2024-10-09,976.3,976.3,976.3,976.3,15,210,0
BANKNIFTY09OCT2451100CE.NFO,2024-09-11,13:38:00,2024-10-09,976.3,976.3,976.3,976.3,0,210,0
BANKNIFTY09OCT2451100CE.NFO,2024-09-11,13:39:00,2024-10-09,976.3,976.3,976.3,976.3,0,210,0
BANKNIFTY09OCT2451100CE.NFO,2024-09-11,13:40:00,2024-10-09,976.3,979.05,976.3,979.05,15,210,0
BANKNIFTY09OCT2451100CE.NFO,2024-09-11,13:41:00,2024-10-09,979.05,979.05,979.05,979.05,0,210,0
BANKNIFTY09OCT2451100CE.NFO,2024-09-11,13:42:00,2024-10-09,979.05,979.05,979.05,979.05,0,210,0
BANKNIFTY09OCT2451100CE.NFO,2024-09-11,13:43:00,2024-10-09,979.05,979.05,979.05,979.05,0,210,0
BANKNIFTY09OCT2451100CE.NFO,2024-09-11,13:44:00,2024-10-09,979.05,979.05,979.05,979.05,0,210,0
BANKNIFTY09OCT2451100CE.NFO,2024-09-11,13:45:00,2024-10-09,979.05,979.05,979.05,979.05,0,210,0
BANKNIFTY09OCT2451100CE.NFO,2024-09-11,13:46:00,2024-10-09,979.05,979.05,979.05,979.05,0,210,0
BANKNIFTY09OCT2451100CE.NFO,2024-09-11,13:47:00,2024-10-09,979.05,979.05,979.05,979.05,0,210,0
BANKNIFTY09OCT2451100CE.NFO,2024-09-11,13:48:00,2024-10-09,979.05,979.05,979.05,979.05,0,210,0
BANKNIFTY09OCT2451100CE.NFO,2024-09-11,13:49:00,2024-10-09,979.05,979.05,979.05,979.05,0,210,0
BANKNIFTY09OCT2451100CE.NFO,2024-09-11,13:50:00,2024-10-09,979.05,979.05,979.05,979.05,0,210,0
BANKNIFTY09OCT2451100CE.NFO,2024-09-11,13:51:00,2024-10-09,979.05,979.05,979.05,979.05,0,210,0
BANKNIFTY09OCT2451100CE.NFO,2024-09-11,13:52:00,2024-10-09,979.05,979.05,979.05,979.05,0,210,0
BANKNIFTY09OCT2451100CE.NFO,2024-09-11,13:53:00,2024-10-09,979.05,979.05,979.05,979.05,0,210,0
BANKNIFTY09OCT2451100CE.NFO,2024-09-11,13:54:00,2024-10-09,979.05,979.05,979.05,979.05,0,210,0
BANKNIFTY09OCT2451100CE.NFO,2024-09-11,13:55:00,2024-10-09,979.05,979.05,979.05,979.05,0,210,0
BANKNIFTY09OCT2451100CE.NFO,2024-09-11,13:56:00,2024-10-09,979.05,979.05,979.05,979.05,0,210,0
BANKNIFTY09OCT2451100CE.NFO,2024-09-11,13:57:00,2024-10-09,979.05,979.05,979.05,979.05,0,210,0
BANKNIFTY09OCT2451100CE.NFO,2024-09-11,13:58:00,2024-10-09,979.05,979.05,979.05,979.05,0,210,0
BANKNIFTY09OCT2451100CE.NFO,2024-09-11,13:59:00,2024-10-09,979.05,979.05,979.05,979.05,0,210,0
BANKNIFTY09OCT2451100CE.NFO,2024-09-11,14:00:00,2024-10-09,979.05,979.05,979.05,979.05,0,210,0
BANKNIFTY09OCT2451100CE.NFO,2024-09-11,14:01:00,2024-10-09,979.05,979.05,979.05,979.05,0,210,0
BANKNIFTY09OCT2451100CE.NFO,2024-09-11,14:02:00,2024-10-09,979.05,979.05,979.05,979.05,0,210,0
BANKNIFTY09OCT2451100CE.NFO,2024-09-11,14:03:00,2024-10-09,979.05,979.05,979.05,979.05,0,210,0
BANKNIFTY09OCT2451100CE.NFO,2024-09-11,14:04:00,2024-10-09,979.05,979.05,979.05,979.05,0,210,0
BANKNIFTY09OCT2451100CE.NFO,2024-09-11,14:05:00,2024-10-09,979.05,979.05,979.05,979.05,15,210,0
BANKNIFTY09OCT2451100CE.NFO,2024-09-11,14:06:00,2024-10-09,979.05,979.05,979.05,979.05,0,210,0
BANKNIFTY09OCT2451100CE.NFO,2024-09-11,14:07:00,2024-10-09,979.05,979.05,979.05,979.05,0,210,0
BANKNIFTY09OCT2451100CE.NFO,2024-09-11,14:08:00,2024-10-09,979.05,979.05,979.05,979.05,0,210,0
BANKNIFTY09OCT2451100CE.NFO,2024-09-11,14:09:00,2024-10-09,979.05,979.05,979.05,979.05,0,210,0
BANKNIFTY09OCT2451100CE.NFO,2024-09-11,14:10:00,2024-10-09,979.05,979.05,957.15,957.15,15,210,0
BANKNIFTY09OCT2451100CE.NFO,2024-09-11,14:11:00,2024-10-09,957.15,957.15,957.15,957.15,0,210,0
BANKNIFTY09OCT2451100CE.NFO,2024-09-11,14:12:00,2024-10-09,957.15,957.15,957.15,957.15,0,210,0
BANKNIFTY09OCT2451100CE.NFO,2024-09-11,14:13:00,2024-10-09,957.15,957.15,957.15,957.15,0,210,0
BANKNIFTY09OCT2451100CE.NFO,2024-09-11,14:14:00,2024-10-09,957.15,957.15,957.15,957.15,0,210,0
BANKNIFTY09OCT2451100CE.NFO,2024-09-11,14:15:00,2024-10-09,957.15,957.15,957.15,957.15,0,210,0
BANKNIFTY09OCT2451100CE.NFO,2024-09-11,14:16:00,2024-10-09,957.15,957.15,957.15,957.15,0,210,0
BANKNIFTY09OCT2451100CE.NFO,2024-09-11,14:17:00,2024-10-09,957.15,957.15,957.15,957.15,0,210,0
BANKNIFTY09OCT2451100CE.NFO,2024-09-11,14:18:00,2024-10-09,957.15,957.15,957.15,957.15,0,210,0
BANKNIFTY09OCT2451100CE.NFO,2024-09-11,14:19:00,2024-10-09,957.15,957.15,957.15,957.15,0,210,0
BANKNIFTY09OCT2451100CE.NFO,2024-09-11,14:20:00,2024-10-09,957.15,957.15,957.15,957.15,0,210,0
BANKNIFTY09OCT2451100CE.NFO,2024-09-11,14:21:00,2024-10-09,957.15,957.15,957.15,957.15,0,210,0
BANKNIFTY09OCT2451100CE.NFO,2024-09-11,14:22:00,2024-10-09,957.15,957.15,957.15,957.15,0,210,0
BANKNIFTY09OCT2451100CE.NFO,2024-09-11,14:23:00,2024-10-09,957.15,957.15,957.15,957.15,0,210,0
BANKNIFTY09OCT2451100CE.NFO,2024-09-11,14:24:00,2024-10-09,957.15,957.15,957.15,957.15,0,210,0
BANKNIFTY09OCT2451100CE.NFO,2024-09-11,14:25:00,2024-10-09,957.15,957.15,957.15,957.15,0,210,0
BANKNIFTY09OCT2451100CE.NFO,2024-09-11,14:26:00,2024-10-09,957.15,957.15,957.15,957.15,0,210,0
BANKNIFTY09OCT2451100CE.NFO,2024-09-11,14:27:00,2024-10-09,957.15,957.15,957.15,957.15,0,210,0
BANKNIFTY09OCT2451100CE.NFO,2024-09-11,14:28:00,2024-10-09,957.15,957.15,957.15,957.15,0,210,0
BANKNIFTY09OCT2451100CE.NFO,2024-09-11,14:29:00,2024-10-09,957.15,957.15,957.15,957.15,0,210,0
BANKNIFTY09OCT2451100CE.NFO,2024-09-11,14:30:00,2024-10-09,957.15,957.15,957.15,957.15,0,210,0
BANKNIFTY09OCT2451100CE.NFO,2024-09-11,14:31:00,2024-10-09,957.15,957.15,957.15,957.15,0,210,0
BANKNIFTY09OCT2451100CE.NFO,2024-09-11,14:32:00,2024-10-09,957.15,957.15,957.15,957.15,0,210,0
BANKNIFTY09OCT2451100CE.NFO,2024-09-11,14:33:00,2024-10-09,957.15,957.15,957.15,957.15,0,210,0
BANKNIFTY09OCT2451100CE.NFO,2024-09-11,14:34:00,2024-10-09,957.15,957.15,957.15,957.15,0,210,0
BANKNIFTY09OCT2451100CE.NFO,2024-09-11,14:35:00,2024-10-09,957.15,957.15,957.15,957.15,0,210,0
BANKNIFTY09OCT2451100CE.NFO,2024-09-11,14:36:00,2024-10-09,957.15,957.15,957.15,957.15,0,210,0
BANKNIFTY09OCT2451100CE.NFO,2024-09-11,14:37:00,2024-10-09,957.15,957.15,957.15,957.15,0,210,0
BANKNIFTY09OCT2451100CE.NFO,2024-09-11,14:38:00,2024-10-09,957.15,957.15,957.15,957.15,0,210,0
BANKNIFTY09OCT2451100CE.NFO,2024-09-11,14:39:00,2024-10-09,957.15,957.15,957.15,957.15,0,210,0
BANKNIFTY09OCT2451100CE.NFO,2024-09-11,14:40:00,2024-10-09,957.15,957.15,957.15,957.15,0,210,0
BANKNIFTY09OCT2451100CE.NFO,2024-09-11,14:41:00,2024-10-09,957.15,957.15,957.15,957.15,0,210,0
BANKNIFTY09OCT2451100CE.NFO,2024-09-11,14:42:00,2024-10-09,957.15,957.15,957.15,957.15,0,210,0
BANKNIFTY09OCT2451100CE.NFO,2024-09-11,14:43:00,2024-10-09,957.15,957.15,957.15,957.15,0,210,0
BANKNIFTY09OCT2451100CE.NFO,2024-09-11,14:44:00,2024-10-09,957.15,957.15,957.15,957.15,0,210,0
BANKNIFTY09OCT2451100CE.NFO,2024-09-11,14:45:00,2024-10-09,957.15,957.15,957.15,957.15,0,210,0
BANKNIFTY09OCT2451100CE.NFO,2024-09-11,14:46:00,2024-10-09,957.15,957.15,957.15,957.15,0,210,0
BANKNIFTY09OCT2451100CE.NFO,2024-09-11,14:47:00,2024-10-09,957.15,957.15,957.15,957.15,0,210,0
BANKNIFTY09OCT2451100CE.NFO,2024-09-11,14:48:00,2024-10-09,957.15,957.15,957.15,957.15,0,210,0
BANKNIFTY09OCT2451100CE.NFO,2024-09-11,14:49:00,2024-10-09,957.15,957.15,957.15,957.15,0,210,0
BANKNIFTY09OCT2451100CE.NFO,2024-09-11,14:50:00,2024-10-09,957.15,957.15,957.15,957.15,0,210,0
BANKNIFTY09OCT2451100CE.NFO,2024-09-11,14:51:00,2024-10-09,957.15,957.15,957.15,957.15,0,210,0
BANKNIFTY09OCT2451100CE.NFO,2024-09-11,14:52:00,2024-10-09,957.15,957.15,957.15,957.15,0,210,0
BANKNIFTY09OCT2451100CE.NFO,2024-09-11,14:53:00,2024-10-09,957.15,957.15,957.15,957.15,0,210,0
BANKNIFTY09OCT2451100CE.NFO,2024-09-11,14:54:00,2024-10-09,957.15,957.15,957.15,957.15,0,210,0
BANKNIFTY09OCT2451100CE.NFO,2024-09-11,14:55:00,2024-10-09,957.15,957.15,950.0,950.0,0,225,0
BANKNIFTY09OCT2451100CE.NFO,2024-09-11,14:56:00,2024-10-09,950.0,950.0,950.0,950.0,15,225,0
BANKNIFTY09OCT2451100CE.NFO,2024-09-11,14:57:00,2024-10-09,950.0,950.0,950.0,950.0,0,225,0
BANKNIFTY09OCT2451100CE.NFO,2024-09-11,14:58:00,2024-10-09,950.0,950.0,950.0,950.0,0,225,0
BANKNIFTY09OCT2451100CE.NFO,2024-09-11,14:59:00,2024-10-09,950.0,950.0,950.0,950.0,0,225,0
BANKNIFTY09OCT2451100CE.NFO,2024-09-11,15:00:00,2024-10-09,950.0,950.0,950.0,950.0,0,225,0
BANKNIFTY09OCT2451100CE.NFO,2024-09-11,15:01:00,2024-10-09,950.0,950.0,950.0,950.0,0,225,1
BANKNIFTY09OCT2451100CE.NFO,2024-09-11,15:02:00,2024-10-09,950.0,950.0,950.0,950.0,0,225,0
BANKNIFTY09OCT2451100CE.NFO,2024-09-11,15:03:00,2024-10-09,950.0,950.0,950.0,950.0,0,225,0
BANKNIFTY09OCT2451100CE.NFO,2024-09-11,15:04:00,2024-10-09,950.0,950.0,950.0,950.0,0,225,0
BANKNIFTY09OCT2451100CE.NFO,2024-09-11,15:05:00,2024-10-09,950.0,963.75,950.0,963.75,0,225,0
BANKNIFTY09OCT2451100CE.NFO,2024-09-11,15:06:00,2024-10-09,963.75,963.75,940.0,940.0,105,225,0
BANKNIFTY09OCT2451100CE.NFO,2024-09-11,15:07:00,2024-10-09,963.75,963.75,963.75,963.75,0,225,0
BANKNIFTY09OCT2451100CE.NFO,2024-09-11,15:08:00,2024-10-09,963.75,963.75,963.75,963.75,0,225,0
BANKNIFTY09OCT2451100CE.NFO,2024-09-11,15:09:00,2024-10-09,963.75,963.75,963.75,963.75,0,225,0
BANKNIFTY09OCT2451100CE.NFO,2024-09-11,15:10:00,2024-10-09,931.55,931.55,924.55,924.55,45,270,0
BANKNIFTY09OCT2451100CE.NFO,2024-09-11,15:11:00,2024-10-09,924.55,924.55,924.55,924.55,15,270,0
BANKNIFTY09OCT2451100CE.NFO,2024-09-11,15:12:00,2024-10-09,924.55,924.55,924.55,924.55,0,270,0
BANKNIFTY09OCT2451100CE.NFO,2024-09-11,15:13:00,2024-10-09,924.55,924.55,924.55,924.55,0,270,0
BANKNIFTY09OCT2451100CE.NFO,2024-09-11,15:14:00,2024-10-09,924.55,924.55,924.55,924.55,0,270,0
BANKNIFTY09OCT2451100CE.NFO,2024-09-11,15:15:00,2024-10-09,924.55,924.55,924.55,924.55,0,270,0
BANKNIFTY09OCT2451100CE.NFO,2024-09-11,15:16:00,2024-10-09,924.55,924.55,924.55,924.55,0,270,0
BANKNIFTY09OCT2451100CE.NFO,2024-09-11,15:17:00,2024-10-09,924.55,924.55,924.55,924.55,0,270,0
BANKNIFTY09OCT2451100CE.NFO,2024-09-11,15:18:00,2024-10-09,924.55,924.55,924.55,924.55,0,270,0
BANKNIFTY09OCT2451100CE.NFO,2024-09-11,15:19:00,2024-10-09,924.55,924.55,924.55,924.55,0,270,0
BANKNIFTY09OCT2451100CE.NFO,2024-09-11,15:20:00,2024-10-09,924.55,924.55,924.55,924.55,0,270,0
BANKNIFTY09OCT2451100CE.NFO,2024-09-11,15:21:00,2024-10-09,927.15,927.15,927.15,927.15,15,255,0
BANKNIFTY09OCT2451100CE.NFO,2024-09-11,15:22:00,2024-10-09,927.15,927.15,927.15,927.15,0,255,0
BANKNIFTY09OCT2451100CE.NFO,2024-09-11,15:23:00,2024-10-09,927.15,927.15,927.15,927.15,0,255,0
BANKNIFTY09OCT2451100CE.NFO,2024-09-11,15:24:00,2024-10-09,927.15,927.15,927.15,927.15,0,255,0
BANKNIFTY09OCT2451100CE.NFO,2024-09-11,15:25:00,2024-10-09,927.15,927.15,927.15,927.15,0,255,0
BANKNIFTY09OCT2451100CE.NFO,2024-09-11,15:26:00,2024-10-09,927.15,927.15,927.15,927.15,0,255,0
BANKNIFTY09OCT2451100CE.NFO,2024-09-11,15:27:00,2024-10-09,927.15,927.15,927.15,927.15,0,255,0
BANKNIFTY09OCT2451100CE.NFO,2024-09-11,15:28:00,2024-10-09,927.15,927.15,927.15,927.15,0,255,0
BANKNIFTY09OCT2451100CE.NFO,2024-09-11,15:29:00,2024-10-09,927.15,927.15,927.15,927.15,0,255,0
BANKNIFTY09OCT2451100CE.NFO,2024-09-11,15:30:00,2024-10-09,927.15,927.15,927.15,927.15,0,255,1
BANKNIFTY09OCT2451100CE.NFO,2024-09-12,09:15:00,2024-10-09,1000.0,1000.0,1000.0,1000.0,0,240,1
BANKNIFTY09OCT2451100CE.NFO,2024-09-12,09:16:00,2024-10-09,1000.0,1000.0,1000.0,1000.0,0,240,1
BANKNIFTY09OCT2451100CE.NFO,2024-09-12,09:17:00,2024-10-09,1000.0,1000.0,1000.0,1000.0,0,240,1
BANKNIFTY09OCT2451100CE.NFO,2024-09-12,09:18:00,2024-10-09,1000.0,1000.0,1000.0,1000.0,0,240,1
BANKNIFTY09OCT2451100CE.NFO,2024-09-12,09:19:00,2024-10-09,1000.0,1000.0,1000.0,1000.0,0,240,1
BANKNIFTY09OCT2451100CE.NFO,2024-09-12,09:20:00,2024-10-09,1000.0,1000.0,1000.0,1000.0,0,240,1
BANKNIFTY09OCT2451100CE.NFO,2024-09-12,09:21:00,2024-10-09,1000.0,1000.0,1000.0,1000.0,0,240,1
BANKNIFTY09OCT2451100CE.NFO,2024-09-12,09:22:00,2024-10-09,1000.0,1000.0,1000.0,1000.0,0,240,1
BANKNIFTY09OCT2451100CE.NFO,2024-09-12,09:23:00,2024-10-09,1000.0,1000.0,1000.0,1000.0,0,240,1
BANKNIFTY09OCT2451100CE.NFO,2024-09-12,09:24:00,2024-10-09,1000.0,1000.0,1000.0,1000.0,0,240,1
BANKNIFTY09OCT2451100CE.NFO,2024-09-12,09:25:00,2024-10-09,1000.0,1000.0,1000.0,1000.0,0,240,1
BANKNIFTY09OCT2451100CE.NFO,2024-09-12,09:26:00,2024-10-09,1000.0,1000.0,1000.0,1000.0,0,240,1
BANKNIFTY09OCT2451100CE.NFO,2024-09-12,09:27:00,2024-10-09,1000.0,1000.0,1000.0,1000.0,0,240,1
BANKNIFTY09OCT2451100CE.NFO,2024-09-12,09:28:00,2024-10-09,1000.0,1000.0,1000.0,1000.0,0,240,1
BANKNIFTY09OCT2451100CE.NFO,2024-09-12,09:29:00,2024-10-09,1000.0,1000.0,1000.0,1000.0,0,240,1
BANKNIFTY09OCT2451100CE.NFO,2024-09-12,09:30:00,2024-10-09,1000.0,1000.0,1000.0,1000.0,0,240,1
BANKNIFTY09OCT2451100CE.NFO,2024-09-12,09:31:00,2024-10-09,1000.0,1000.0,1000.0,1000.0,0,240,1
BANKNIFTY09OCT2451100CE.NFO,2024-09-12,09:32:00,2024-10-09,1000.0,1000.0,1000.0,1000.0,0,240,1
BANKNIFTY09OCT2451100CE.NFO,2024-09-12,09:33:00,2024-10-09,1000.0,1000.0,1000.0,1000.0,0,240,1
BANKNIFTY09OCT2451100CE.NFO,2024-09-12,09:34:00,2024-10-09,1000.0,1000.0,1000.0,1000.0,0,240,1
BANKNIFTY09OCT2451100CE.NFO,2024-09-12,09:35:00,2024-10-09,1000.0,1000.0,1000.0,1000.0,0,240,1
BANKNIFTY09OCT2451100CE.NFO,2024-09-12,09:36:00,2024-10-09,1000.0,1000.0,1000.0,1000.0,0,240,1
BANKNIFTY09OCT2451100CE.NFO,2024-09-12,09:37:00,2024-10-09,1000.0,1000.0,1000.0,1000.0,0,240,1
BANKNIFTY09OCT2451100CE.NFO,2024-09-12,09:38:00,2024-10-09,1000.0,1000.0,1000.0,1000.0,0,240,1
BANKNIFTY09OCT2451100CE.NFO,2024-09-12,09:39:00,2024-10-09,1000.0,1000.0,1000.0,1000.0,0,240,1
BANKNIFTY09OCT2451100CE.NFO,2024-09-12,09:40:00,2024-10-09,1000.0,1000.0,1000.0,1000.0,0,240,1
BANKNIFTY09OCT2451100CE.NFO,2024-09-12,09:41:00,2024-10-09,1000.0,1000.0,1000.0,1000.0,0,240,1
BANKNIFTY09OCT2451100CE.NFO,2024-09-12,09:42:00,2024-10-09,1000.0,1000.0,1000.0,1000.0,0,240,1
BANKNIFTY09OCT2451100CE.NFO,2024-09-12,09:43:00,2024-10-09,1000.0,1000.0,1000.0,1000.0,0,240,1
BANKNIFTY09OCT2451100CE.NFO,2024-09-12,09:44:00,2024-10-09,1000.0,1000.0,1000.0,1000.0,0,240,1
BANKNIFTY09OCT2451100CE.NFO,2024-09-12,09:45:00,2024-10-09,1000.0,1000.0,1000.0,1000.0,0,240,1
BANKNIFTY09OCT2451100CE.NFO,2024-09-12,09:46:00,2024-10-09,1000.0,1000.0,1000.0,1000.0,0,240,1
BANKNIFTY09OCT2451100CE.NFO,2024-09-12,09:47:00,2024-10-09,1000.0,1000.0,1000.0,1000.0,0,240,1
BANKNIFTY09OCT2451100CE.NFO,2024-09-12,09:48:00,2024-10-09,1000.0,1000.0,1000.0,1000.0,0,240,1
BANKNIFTY09OCT2451100CE.NFO,2024-09-12,09:49:00,2024-10-09,1000.0,1000.0,1000.0,1000.0,0,240,1
BANKNIFTY09OCT2451100CE.NFO,2024-09-12,09:50:00,2024-10-09,1000.0,1000.0,1000.0,1000.0,0,240,1
BANKNIFTY09OCT2451100CE.NFO,2024-09-12,09:51:00,2024-10-09,1000.0,1000.0,1000.0,1000.0,0,240,1
BANKNIFTY09OCT2451100CE.NFO,2024-09-12,09:52:00,2024-10-09,1000.0,1000.0,1000.0,1000.0,0,240,1
BANKNIFTY09OCT2451100CE.NFO,2024-09-12,09:53:00,2024-10-09,1000.0,1000.0,1000.0,1000.0,0,240,1
BANKNIFTY09OCT2451100CE.NFO,2024-09-12,09:54:00,2024-10-09,1000.0,1000.0,1000.0,1000.0,0,240,1
BANKNIFTY09OCT2451100CE.NFO,2024-09-12,09:55:00,2024-10-09,1000.0,1000.0,1000.0,1000.0,0,240,1
BANKNIFTY09OCT2451100CE.NFO,2024-09-12,09:56:00,2024-10-09,1000.0,1000.0,1000.0,1000.0,0,240,1
BANKNIFTY09OCT2451100CE.NFO,2024-09-12,09:57:00,2024-10-09,1000.0,1000.0,1000.0,1000.0,0,240,1
BANKNIFTY09OCT2451100CE.NFO,2024-09-12,09:58:00,2024-10-09,1000.0,1000.0,1000.0,1000.0,0,240,1
BANKNIFTY09OCT2451100CE.NFO,2024-09-12,09:59:00,2024-10-09,1000.0,1000.0,1000.0,1000.0,0,240,1
BANKNIFTY09OCT2451100CE.NFO,2024-09-12,10:00:00,2024-10-09,1000.0,1000.0,1000.0,1000.0,0,240,1
BANKNIFTY09OCT2451100CE.NFO,2024-09-12,10:01:00,2024-10-09,1000.0,1000.0,1000.0,1000.0,0,240,1
BANKNIFTY09OCT2451100CE.NFO,2024-09-12,10:02:00,2024-10-09,1000.0,1000.0,1000.0,1000.0,0,240,1
BANKNIFTY09OCT2451100CE.NFO,2024-09-12,10:03:00,2024-10-09,1000.0,1000.0,1000.0,1000.0,0,240,1
BANKNIFTY09OCT2451100CE.NFO,2024-09-12,10:04:00,2024-10-09,1000.0,1000.0,1000.0,1000.0,0,240,1
BANKNIFTY09OCT2451100CE.NFO,2024-09-12,10:05:00,2024-10-09,1000.0,1000.0,1000.0,1000.0,0,240,1
BANKNIFTY09OCT2451100CE.NFO,2024-09-12,10:06:00,2024-10-09,1000.0,1000.0,1000.0,1000.0,0,240,1
BANKNIFTY09OCT2451100CE.NFO,2024-09-12,10:07:00,2024-10-09,1000.0,1000.0,1000.0,1000.0,0,240,1
BANKNIFTY09OCT2451100CE.NFO,2024-09-12,10:08:00,2024-10-09,1000.0,1000.0,1000.0,1000.0,0,240,1
BANKNIFTY09OCT2451100CE.NFO,2024-09-12,10:09:00,2024-10-09,1000.0,1000.0,1000.0,1000.0,0,240,1
BANKNIFTY09OCT2451100CE.NFO,2024-09-12,10:10:00,2024-10-09,1000.0,1000.0,1000.0,1000.0,0,240,1
BANKNIFTY09OCT2451100CE.NFO,2024-09-12,10:11:00,2024-10-09,1000.0,1000.0,1000.0,1000.0,0,240,1
BANKNIFTY09OCT2451100CE.NFO,2024-09-12,10:12:00,2024-10-09,1000.0,1000.0,1000.0,1000.0,0,240,1
BANKNIFTY09OCT2451100CE.NFO,2024-09-12,10:13:00,2024-10-09,1000.0,1000.0,1000.0,1000.0,0,240,0
BANKNIFTY09OCT2451100CE.NFO,2024-09-12,10:14:00,2024-10-09,1000.0,1000.0,1000.0,1000.0,0,240,0
BANKNIFTY09OCT2451100CE.NFO,2024-09-12,10:15:00,2024-10-09,1000.0,1000.0,1000.0,1000.0,0,225,0
BANKNIFTY09OCT2451100CE.NFO,2024-09-12,10:16:00,2024-10-09,1000.0,1000.0,1000.0,1000.0,15,225,0
BANKNIFTY09OCT2451100CE.NFO,2024-09-12,10:17:00,2024-10-09,1000.0,1000.0,1000.0,1000.0,0,225,0
BANKNIFTY09OCT2451100CE.NFO,2024-09-12,10:18:00,2024-10-09,1000.0,1000.0,1000.0,1000.0,0,225,0
BANKNIFTY09OCT2451100CE.NFO,2024-09-12,10:19:00,2024-10-09,1000.0,1000.0,1000.0,1000.0,0,225,0
BANKNIFTY09OCT2451100CE.NFO,2024-09-12,10:20:00,2024-10-09,1000.0,1000.0,1000.0,1000.0,0,225,0
BANKNIFTY09OCT2451100CE.NFO,2024-09-12,10:21:00,2024-10-09,1000.0,1000.0,1000.0,1000.0,0,225,0
BANKNIFTY09OCT2451100CE.NFO,2024-09-12,10:22:00,2024-10-09,1000.0,1000.0,1000.0,1000.0,0,225,0
BANKNIFTY09OCT2451100CE.NFO,2024-09-12,10:23:00,2024-10-09,1000.0,1000.0,1000.0,1000.0,0,225,0
BANKNIFTY09OCT2451100CE.NFO,2024-09-12,10:24:00,2024-10-09,1000.0,1000.0,1000.0,1000.0,0,225,0
BANKNIFTY09OCT2451100CE.NFO,2024-09-12,10:25:00,2024-10-09,1000.0,1000.0,1000.0,1000.0,0,225,0
BANKNIFTY09OCT2451100CE.NFO,2024-09-12,10:26:00,2024-10-09,1000.0,1000.0,1000.0,1000.0,0,225,0
BANKNIFTY09OCT2451100CE.NFO,2024-09-12,10:27:00,2024-10-09,1000.0,1000.0,1000.0,1000.0,0,225,0
BANKNIFTY09OCT2451100CE.NFO,2024-09-12,10:28:00,2024-10-09,1000.0,1000.0,1000.0,1000.0,0,225,0
BANKNIFTY09OCT2451100CE.NFO,2024-09-12,10:29:00,2024-10-09,1000.0,1000.0,1000.0,1000.0,0,225,0
BANKNIFTY09OCT2451100CE.NFO,2024-09-12,10:30:00,2024-10-09,1000.0,1000.0,1000.0,1000.0,0,225,0
BANKNIFTY09OCT2451100CE.NFO,2024-09-12,10:31:00,2024-10-09,1000.0,1000.0,1000.0,1000.0,0,225,0
BANKNIFTY09OCT2451100CE.NFO,2024-09-12,10:32:00,2024-10-09,1000.0,1000.0,1000.0,1000.0,0,225,0
BANKNIFTY09OCT2451100CE.NFO,2024-09-12,10:33:00,2024-10-09,1000.0,1000.0,1000.0,1000.0,0,225,0
BANKNIFTY09OCT2451100CE.NFO,2024-09-12,10:34:00,2024-10-09,1000.0,1000.0,1000.0,1000.0,0,225,0
BANKNIFTY09OCT2451100CE.NFO,2024-09-12,10:35:00,2024-10-09,1000.0,1000.0,1000.0,1000.0,0,225,0
BANKNIFTY09OCT2451100CE.NFO,2024-09-12,10:36:00,2024-10-09,1000.0,1000.0,1000.0,1000.0,0,225,0
BANKNIFTY09OCT2451100CE.NFO,2024-09-12,10:37:00,2024-10-09,1000.0,1000.0,1000.0,1000.0,0,225,0
BANKNIFTY09OCT2451100CE.NFO,2024-09-12,10:38:00,2024-10-09,1000.0,1000.0,1000.0,1000.0,0,225,0
BANKNIFTY09OCT2451100CE.NFO,2024-09-12,10:39:00,2024-10-09,1000.0,1000.0,1000.0,1000.0,0,225,0
BANKNIFTY09OCT2451100CE.NFO,2024-09-12,10:40:00,2024-10-09,1000.0,1000.0,1000.0,1000.0,0,225,0
BANKNIFTY09OCT2451100CE.NFO,2024-09-12,10:41:00,2024-10-09,1000.0,1000.0,1000.0,1000.0,0,225,0
BANKNIFTY09OCT2451100CE.NFO,2024-09-12,10:42:00,2024-10-09,1000.0,1000.0,1000.0,1000.0,0,225,0
BANKNIFTY09OCT2451100CE.NFO,2024-09-12,10:43:00,2024-10-09,1000.0,1000.0,1000.0,1000.0,0,225,0
BANKNIFTY09OCT2451100CE.NFO,2024-09-12,10:44:00,2024-10-09,1000.0,1000.0,1000.0,1000.0,0,225,0
BANKNIFTY09OCT2451100CE.NFO,2024-09-12,10:45:00,2024-10-09,1000.0,1000.0,1000.0,1000.0,0,225,0
BANKNIFTY09OCT2451100CE.NFO,2024-09-12,10:46:00,2024-10-09,1000.0,1000.0,1000.0,1000.0,0,225,0
BANKNIFTY09OCT2451100CE.NFO,2024-09-12,10:47:00,2024-10-09,1000.0,1000.0,1000.0,1000.0,0,225,0
BANKNIFTY09OCT2451100CE.NFO,2024-09-12,10:48:00,2024-10-09,1000.0,1000.0,1000.0,1000.0,0,225,0
BANKNIFTY09OCT2451100CE.NFO,2024-09-12,10:49:00,2024-10-09,1000.0,1000.0,1000.0,1000.0,0,225,0
BANKNIFTY09OCT2451100CE.NFO,2024-09-12,10:50:00,2024-10-09,1000.0,1000.0,1000.0,1000.0,0,225,0
BANKNIFTY09OCT2451100CE.NFO,2024-09-12,10:51:00,2024-10-09,1000.0,1000.0,1000.0,1000.0,0,225,0
BANKNIFTY09OCT2451100CE.NFO,2024-09-12,10:52:00,2024-10-09,1000.0,1000.0,1000.0,1000.0,0,225,0
BANKNIFTY09OCT2451100CE.NFO,2024-09-12,10:53:00,2024-10-09,1000.0,1000.0,1000.0,1000.0,0,225,0
BANKNIFTY09OCT2451100CE.NFO,2024-09-12,10:54:00,2024-10-09,1000.0,1000.0,1000.0,1000.0,0,225,0
BANKNIFTY09OCT2451100CE.NFO,2024-09-12,10:55:00,2024-10-09,1000.0,1000.0,1000.0,1000.0,0,225,0
BANKNIFTY09OCT2451100CE.NFO,2024-09-12,10:56:00,2024-10-09,1000.0,1000.0,1000.0,1000.0,0,225,0
BANKNIFTY09OCT2451100CE.NFO,2024-09-12,10:57:00,2024-10-09,1000.0,1000.0,1000.0,1000.0,0,225,0
BANKNIFTY09OCT2451100CE.NFO,2024-09-12,10:58:00,2024-10-09,1000.0,1000.0,1000.0,1000.0,0,225,0
BANKNIFTY09OCT2451100CE.NFO,2024-09-12,10:59:00,2024-10-09,1000.0,1000.0,1000.0,1000.0,0,225,0
BANKNIFTY09OCT2451100CE.NFO,2024-09-12,11:00:00,2024-10-09,1000.0,1000.0,1000.0,1000.0,0,225,0
BANKNIFTY09OCT2451100CE.NFO,2024-09-12,11:01:00,2024-10-09,1000.0,1000.0,1000.0,1000.0,0,225,0
BANKNIFTY09OCT2451100CE.NFO,2024-09-12,11:02:00,2024-10-09,1000.0,1000.0,1000.0,1000.0,0,225,0
BANKNIFTY09OCT2451100CE.NFO,2024-09-12,11:03:00,2024-10-09,1000.0,1000.0,1000.0,1000.0,0,225,0
BANKNIFTY09OCT2451100CE.NFO,2024-09-12,11:04:00,2024-10-09,1000.0,1000.0,1000.0,1000.0,0,225,0
BANKNIFTY09OCT2451100CE.NFO,2024-09-12,11:05:00,2024-10-09,1000.0,1000.0,1000.0,1000.0,0,225,0
BANKNIFTY09OCT2451100CE.NFO,2024-09-12,11:06:00,2024-10-09,1000.0,1000.0,1000.0,1000.0,0,225,0
BANKNIFTY09OCT2451100CE.NFO,2024-09-12,11:07:00,2024-10-09,1000.0,1000.0,1000.0,1000.0,0,225,0
BANKNIFTY09OCT2451100CE.NFO,2024-09-12,11:08:00,2024-10-09,1000.0,1000.0,1000.0,1000.0,0,225,0
BANKNIFTY09OCT2451100CE.NFO,2024-09-12,11:09:00,2024-10-09,1000.0,1000.0,1000.0,1000.0,0,225,0
BANKNIFTY09OCT2451100CE.NFO,2024-09-12,11:10:00,2024-10-09,1000.0,1000.0,1000.0,1000.0,0,225,0
BANKNIFTY09OCT2451100CE.NFO,2024-09-12,11:11:00,2024-10-09,1000.0,1000.0,1000.0,1000.0,0,225,0
BANKNIFTY09OCT2451100CE.NFO,2024-09-12,11:12:00,2024-10-09,1000.0,1000.0,1000.0,1000.0,0,225,0
BANKNIFTY09OCT2451100CE.NFO,2024-09-12,11:13:00,2024-10-09,1000.0,1000.0,1000.0,1000.0,0,225,0
BANKNIFTY09OCT2451100CE.NFO,2024-09-12,11:14:00,2024-10-09,1000.0,1000.0,1000.0,1000.0,0,225,0
BANKNIFTY09OCT2451100CE.NFO,2024-09-12,11:15:00,2024-10-09,1000.0,1000.0,1000.0,1000.0,0,225,0
BANKNIFTY09OCT2451100CE.NFO,2024-09-12,11:16:00,2024-10-09,1000.0,1000.0,1000.0,1000.0,0,225,0
BANKNIFTY09OCT2451100CE.NFO,2024-09-12,11:17:00,2024-10-09,1000.0,1000.0,1000.0,1000.0,0,225,0
BANKNIFTY09OCT2451100CE.NFO,2024-09-12,11:18:00,2024-10-09,1000.0,1000.0,1000.0,1000.0,0,225,0
BANKNIFTY09OCT2451100CE.NFO,2024-09-12,11:19:00,2024-10-09,1000.0,1000.0,1000.0,1000.0,0,225,0
BANKNIFTY09OCT2451100CE.NFO,2024-09-12,11:20:00,2024-10-09,1000.0,1000.0,1000.0,1000.0,0,225,0
BANKNIFTY09OCT2451100CE.NFO,2024-09-12,11:21:00,2024-10-09,1000.0,1000.0,1000.0,1000.0,0,225,0
BANKNIFTY09OCT2451100CE.NFO,2024-09-12,11:22:00,2024-10-09,1000.0,1000.0,1000.0,1000.0,0,225,0
BANKNIFTY09OCT2451100CE.NFO,2024-09-12,11:23:00,2024-10-09,1000.0,1000.0,1000.0,1000.0,0,225,0
BANKNIFTY09OCT2451100CE.NFO,2024-09-12,11:24:00,2024-10-09,1000.0,1000.0,1000.0,1000.0,0,225,0
BANKNIFTY09OCT2451100CE.NFO,2024-09-12,11:25:00,2024-10-09,1000.0,1000.0,1000.0,1000.0,0,225,0
BANKNIFTY09OCT2451100CE.NFO,2024-09-12,11:26:00,2024-10-09,1000.0,1000.0,1000.0,1000.0,0,225,0
BANKNIFTY09OCT2451100CE.NFO,2024-09-12,11:27:00,2024-10-09,1000.0,1000.0,1000.0,1000.0,0,225,0
BANKNIFTY09OCT2451100CE.NFO,2024-09-12,11:28:00,2024-10-09,1000.0,1000.0,1000.0,1000.0,0,225,0
BANKNIFTY09OCT2451100CE.NFO,2024-09-12,11:29:00,2024-10-09,1000.0,1000.0,1000.0,1000.0,0,225,0
BANKNIFTY09OCT2451100CE.NFO,2024-09-12,11:30:00,2024-10-09,1000.0,1000.0,1000.0,1000.0,0,225,0
BANKNIFTY09OCT2451100CE.NFO,2024-09-12,11:31:00,2024-10-09,1000.0,1000.0,1000.0,1000.0,0,225,0
BANKNIFTY09OCT2451100CE.NFO,2024-09-12,11:32:00,2024-10-09,1000.0,1000.0,1000.0,1000.0,0,225,0
BANKNIFTY09OCT2451100CE.NFO,2024-09-12,11:33:00,2024-10-09,1000.0,1000.0,1000.0,1000.0,0,225,0
BANKNIFTY09OCT2451100CE.NFO,2024-09-12,11:34:00,2024-10-09,1000.0,1000.0,1000.0,1000.0,0,225,0
BANKNIFTY09OCT2451100CE.NFO,2024-09-12,11:35:00,2024-10-09,1000.0,1000.0,1000.0,1000.0,0,225,0
BANKNIFTY09OCT2451100CE.NFO,2024-09-12,11:36:00,2024-10-09,1000.0,1000.0,1000.0,1000.0,0,225,0
BANKNIFTY09OCT2451100CE.NFO,2024-09-12,11:37:00,2024-10-09,1000.0,1000.0,1000.0,1000.0,0,225,0
BANKNIFTY09OCT2451100CE.NFO,2024-09-12,11:38:00,2024-10-09,1000.0,1000.0,1000.0,1000.0,0,225,0
BANKNIFTY09OCT2451100CE.NFO,2024-09-12,11:39:00,2024-10-09,1000.0,1000.0,1000.0,1000.0,0,225,0
BANKNIFTY09OCT2451100CE.NFO,2024-09-12,11:40:00,2024-10-09,1000.0,1000.0,1000.0,1000.0,0,225,0
BANKNIFTY09OCT2451100CE.NFO,2024-09-12,11:41:00,2024-10-09,1000.0,1000.0,1000.0,1000.0,0,225,0
BANKNIFTY09OCT2451100CE.NFO,2024-09-12,11:42:00,2024-10-09,1000.0,1000.0,1000.0,1000.0,0,225,0
BANKNIFTY09OCT2451100CE.NFO,2024-09-12,11:43:00,2024-10-09,1000.0,1000.0,1000.0,1000.0,0,225,0
BANKNIFTY09OCT2451100CE.NFO,2024-09-12,11:44:00,2024-10-09,1000.0,1000.0,1000.0,1000.0,0,225,0
BANKNIFTY09OCT2451100CE.NFO,2024-09-12,11:45:00,2024-10-09,1000.0,1000.0,1000.0,1000.0,0,225,0
BANKNIFTY09OCT2451100CE.NFO,2024-09-12,11:46:00,2024-10-09,1000.0,1000.0,1000.0,1000.0,0,225,0
BANKNIFTY09OCT2451100CE.NFO,2024-09-12,11:47:00,2024-10-09,1000.0,1000.0,1000.0,1000.0,0,225,0
BANKNIFTY09OCT2451100CE.NFO,2024-09-12,11:48:00,2024-10-09,1000.0,1000.0,1000.0,1000.0,0,225,0
BANKNIFTY09OCT2451100CE.NFO,2024-09-12,11:49:00,2024-10-09,1000.0,1000.0,1000.0,1000.0,0,225,0
BANKNIFTY09OCT2451100CE.NFO,2024-09-12,11:50:00,2024-10-09,1000.0,1000.0,1000.0,1000.0,0,225,0
BANKNIFTY09OCT2451100CE.NFO,2024-09-12,11:51:00,2024-10-09,1000.0,1000.0,1000.0,1000.0,0,225,0
BANKNIFTY09OCT2451100CE.NFO,2024-09-12,11:52:00,2024-10-09,1000.0,1000.0,1000.0,1000.0,0,225,0
BANKNIFTY09OCT2451100CE.NFO,2024-09-12,11:53:00,2024-10-09,1000.0,1000.0,1000.0,1000.0,0,225,0
BANKNIFTY09OCT2451100CE.NFO,2024-09-12,11:54:00,2024-10-09,1000.0,1000.0,1000.0,1000.0,0,225,0
BANKNIFTY09OCT2451100CE.NFO,2024-09-12,11:55:00,2024-10-09,1000.0,1000.0,1000.0,1000.0,0,225,0
BANKNIFTY09OCT2451100CE.NFO,2024-09-12,11:56:00,2024-10-09,1000.0,1000.0,1000.0,1000.0,0,225,0
BANKNIFTY09OCT2451100CE.NFO,2024-09-12,11:57:00,2024-10-09,1000.0,1000.0,1000.0,1000.0,0,225,0
BANKNIFTY09OCT2451100CE.NFO,2024-09-12,11:58:00,2024-10-09,1000.0,1000.0,1000.0,1000.0,0,225,0
BANKNIFTY09OCT2451100CE.NFO,2024-09-12,11:59:00,2024-10-09,1000.0,1000.0,1000.0,1000.0,0,225,0
BANKNIFTY09OCT2451100CE.NFO,2024-09-12,12:00:00,2024-10-09,1000.0,1000.0,985.5,985.5,0,225,0
BANKNIFTY09OCT2451100CE.NFO,2024-09-12,12:01:00,2024-10-09,985.5,985.5,985.5,985.5,15,225,0
BANKNIFTY09OCT2451100CE.NFO,2024-09-12,12:02:00,2024-10-09,985.5,985.5,985.5,985.5,0,225,0
BANKNIFTY09OCT2451100CE.NFO,2024-09-12,12:03:00,2024-10-09,985.5,985.5,985.5,985.5,0,225,0
BANKNIFTY09OCT2451100CE.NFO,2024-09-12,12:04:00,2024-10-09,985.5,985.5,985.5,985.5,0,225,0
BANKNIFTY09OCT2451100CE.NFO,2024-09-12,12:05:00,2024-10-09,985.5,985.5,985.5,985.5,0,225,0
BANKNIFTY09OCT2451100CE.NFO,2024-09-12,12:06:00,2024-10-09,985.5,985.5,985.5,985.5,0,225,0
BANKNIFTY09OCT2451100CE.NFO,2024-09-12,12:07:00,2024-10-09,985.5,985.5,985.5,985.5,0,225,0
BANKNIFTY09OCT2451100CE.NFO,2024-09-12,12:08:00,2024-10-09,985.5,985.5,985.5,985.5,0,225,0
BANKNIFTY09OCT2451100CE.NFO,2024-09-12,12:09:00,2024-10-09,985.5,985.5,985.5,985.5,0,225,0
BANKNIFTY09OCT2451100CE.NFO,2024-09-12,12:10:00,2024-10-09,985.5,985.5,985.5,985.5,0,225,0
BANKNIFTY09OCT2451100CE.NFO,2024-09-12,12:11:00,2024-10-09,985.5,985.5,985.5,985.5,0,225,0
BANKNIFTY09OCT2451100CE.NFO,2024-09-12,12:12:00,2024-10-09,985.5,985.5,985.5,985.5,0,225,0
BANKNIFTY09OCT2451100CE.NFO,2024-09-12,12:13:00,2024-10-09,985.5,985.5,985.5,985.5,0,225,0
BANKNIFTY09OCT2451100CE.NFO,2024-09-12,12:14:00,2024-10-09,985.5,985.5,985.5,985.5,0,225,0
BANKNIFTY09OCT2451100CE.NFO,2024-09-12,12:15:00,2024-10-09,985.5,985.5,985.5,985.5,0,225,0
BANKNIFTY09OCT2451100CE.NFO,2024-09-12,12:16:00,2024-10-09,985.5,985.5,985.5,985.5,0,225,0
BANKNIFTY09OCT2451100CE.NFO,2024-09-12,12:17:00,2024-10-09,985.5,985.5,985.5,985.5,0,225,0
BANKNIFTY09OCT2451100CE.NFO,2024-09-12,12:18:00,2024-10-09,985.5,985.5,985.5,985.5,0,225,0
BANKNIFTY09OCT2451100CE.NFO,2024-09-12,12:19:00,2024-10-09,985.5,985.5,985.5,985.5,0,225,0
BANKNIFTY09OCT2451100CE.NFO,2024-09-12,12:20:00,2024-10-09,985.5,985.5,985.45,985.45,15,225,0
BANKNIFTY09OCT2451100CE.NFO,2024-09-12,12:21:00,2024-10-09,985.45,985.45,985.45,985.45,0,225,0
BANKNIFTY09OCT2451100CE.NFO,2024-09-12,12:22:00,2024-10-09,985.45,985.45,985.45,985.45,0,225,0
BANKNIFTY09OCT2451100CE.NFO,2024-09-12,12:23:00,2024-10-09,985.45,985.45,985.45,985.45,0,225,0
BANKNIFTY09OCT2451100CE.NFO,2024-09-12,12:24:00,2024-10-09,985.45,985.45,985.45,985.45,0,225,0
BANKNIFTY09OCT2451100CE.NFO,2024-09-12,12:25:00,2024-10-09,993.45,993.45,982.2,982.2,30,225,0
BANKNIFTY09OCT2451100CE.NFO,2024-09-12,12:26:00,2024-10-09,993.45,993.45,993.45,993.45,0,225,0
BANKNIFTY09OCT2451100CE.NFO,2024-09-12,12:27:00,2024-10-09,993.45,993.45,993.45,993.45,0,225,0
BANKNIFTY09OCT2451100CE.NFO,2024-09-12,12:28:00,2024-10-09,993.45,993.45,993.45,993.45,0,225,0
BANKNIFTY09OCT2451100CE.NFO,2024-09-12,12:29:00,2024-10-09,993.45,993.45,993.45,993.45,0,225,0
BANKNIFTY09OCT2451100CE.NFO,2024-09-12,12:30:00,2024-10-09,993.45,993.45,993.45,993.45,0,225,0
BANKNIFTY09OCT2451100CE.NFO,2024-09-12,12:31:00,2024-10-09,993.45,993.45,993.45,993.45,0,225,0
BANKNIFTY09OCT2451100CE.NFO,2024-09-12,12:32:00,2024-10-09,993.45,993.45,993.45,993.45,0,225,0
BANKNIFTY09OCT2451100CE.NFO,2024-09-12,12:33:00,2024-10-09,993.45,993.45,993.45,993.45,0,225,0
BANKNIFTY09OCT2451100CE.NFO,2024-09-12,12:34:00,2024-10-09,993.45,993.45,993.45,993.45,0,225,0
BANKNIFTY09OCT2451100CE.NFO,2024-09-12,12:35:00,2024-10-09,993.45,993.45,993.45,993.45,0,225,0
BANKNIFTY09OCT2451100CE.NFO,2024-09-12,12:36:00,2024-10-09,993.45,993.45,993.45,993.45,0,225,0
BANKNIFTY09OCT2451100CE.NFO,2024-09-12,12:37:00,2024-10-09,993.45,993.45,993.45,993.45,0,225,0
BANKNIFTY09OCT2451100CE.NFO,2024-09-12,12:38:00,2024-10-09,993.45,993.45,993.45,993.45,0,225,0
BANKNIFTY09OCT2451100CE.NFO,2024-09-12,12:39:00,2024-10-09,993.45,993.45,993.45,993.45,0,225,0
BANKNIFTY09OCT2451100CE.NFO,2024-09-12,12:40:00,2024-10-09,993.45,993.45,993.45,993.45,0,225,0
BANKNIFTY09OCT2451100CE.NFO,2024-09-12,12:41:00,2024-10-09,993.45,995.25,993.45,995.25,15,255,0
BANKNIFTY09OCT2451100CE.NFO,2024-09-12,12:42:00,2024-10-09,995.25,995.25,995.25,995.25,0,255,0
BANKNIFTY09OCT2451100CE.NFO,2024-09-12,12:43:00,2024-10-09,995.25,995.25,995.25,995.25,0,255,0
BANKNIFTY09OCT2451100CE.NFO,2024-09-12,12:44:00,2024-10-09,995.25,995.25,995.25,995.25,0,255,0
BANKNIFTY09OCT2451100CE.NFO,2024-09-12,12:45:00,2024-10-09,995.25,995.25,995.25,995.25,0,255,0
BANKNIFTY09OCT2451100CE.NFO,2024-09-12,12:46:00,2024-10-09,995.25,995.25,995.25,995.25,0,255,0
BANKNIFTY09OCT2451100CE.NFO,2024-09-12,12:47:00,2024-10-09,995.25,995.25,995.25,995.25,0,255,0
BANKNIFTY09OCT2451100CE.NFO,2024-09-12,12:48:00,2024-10-09,995.25,995.25,995.25,995.25,0,255,0
BANKNIFTY09OCT2451100CE.NFO,2024-09-12,12:49:00,2024-10-09,995.25,995.25,995.25,995.25,0,255,0
BANKNIFTY09OCT2451100CE.NFO,2024-09-12,12:50:00,2024-10-09,995.25,995.25,995.25,995.25,0,255,0
BANKNIFTY09OCT2451100CE.NFO,2024-09-12,12:51:00,2024-10-09,995.25,995.25,995.25,995.25,0,255,0
BANKNIFTY09OCT2451100CE.NFO,2024-09-12,12:52:00,2024-10-09,995.25,995.25,995.25,995.25,0,255,0
BANKNIFTY09OCT2451100CE.NFO,2024-09-12,12:53:00,2024-10-09,995.25,995.25,995.25,995.25,0,255,0
BANKNIFTY09OCT2451100CE.NFO,2024-09-12,12:54:00,2024-10-09,995.25,995.25,995.25,995.25,0,255,0
BANKNIFTY09OCT2451100CE.NFO,2024-09-12,12:55:00,2024-10-09,995.25,995.25,995.25,995.25,0,255,0
BANKNIFTY09OCT2451100CE.NFO,2024-09-12,12:56:00,2024-10-09,995.25,995.25,995.25,995.25,0,255,0
BANKNIFTY09OCT2451100CE.NFO,2024-09-12,12:57:00,2024-10-09,995.25,995.25,995.25,995.25,0,255,0
BANKNIFTY09OCT2451100CE.NFO,2024-09-12,12:58:00,2024-10-09,995.25,995.25,995.25,995.25,0,255,0
BANKNIFTY09OCT2451100CE.NFO,2024-09-12,12:59:00,2024-10-09,995.25,995.25,995.25,995.25,0,255,0
BANKNIFTY09OCT2451100CE.NFO,2024-09-12,13:00:00,2024-10-09,995.25,995.25,995.25,995.25,0,255,0
BANKNIFTY09OCT2451100CE.NFO,2024-09-12,13:01:00,2024-10-09,995.25,995.25,995.25,995.25,0,255,0
BANKNIFTY09OCT2451100CE.NFO,2024-09-12,13:02:00,2024-10-09,995.25,995.25,995.25,995.25,0,255,0
BANKNIFTY09OCT2451100CE.NFO,2024-09-12,13:03:00,2024-10-09,995.25,995.25,995.25,995.25,0,255,0
BANKNIFTY09OCT2451100CE.NFO,2024-09-12,13:04:00,2024-10-09,995.25,995.25,976.65,976.65,30,270,0
BANKNIFTY09OCT2451100CE.NFO,2024-09-12,13:05:00,2024-10-09,976.65,976.65,976.65,976.65,0,270,0
BANKNIFTY09OCT2451100CE.NFO,2024-09-12,13:06:00,2024-10-09,976.65,976.65,976.65,976.65,0,270,0
BANKNIFTY09OCT2451100CE.NFO,2024-09-12,13:07:00,2024-10-09,976.65,976.65,976.65,976.65,0,270,0
BANKNIFTY09OCT2451100CE.NFO,2024-09-12,13:08:00,2024-10-09,976.65,976.65,976.65,976.65,0,270,0
BANKNIFTY09OCT2451100CE.NFO,2024-09-12,13:09:00,2024-10-09,976.65,976.65,976.65,976.65,0,270,0
BANKNIFTY09OCT2451100CE.NFO,2024-09-12,13:10:00,2024-10-09,976.65,976.65,976.65,976.65,0,270,0
BANKNIFTY09OCT2451100CE.NFO,2024-09-12,13:11:00,2024-10-09,976.65,976.65,976.65,976.65,0,270,0
BANKNIFTY09OCT2451100CE.NFO,2024-09-12,13:12:00,2024-10-09,976.65,976.65,976.65,976.65,0,270,0
BANKNIFTY09OCT2451100CE.NFO,2024-09-12,13:13:00,2024-10-09,976.65,976.65,976.65,976.65,0,270,0
BANKNIFTY09OCT2451100CE.NFO,2024-09-12,13:14:00,2024-10-09,976.65,976.65,976.65,976.65,0,270,0
BANKNIFTY09OCT2451100CE.NFO,2024-09-12,13:15:00,2024-10-09,976.65,976.65,976.65,976.65,0,270,0
BANKNIFTY09OCT2451100CE.NFO,2024-09-12,13:16:00,2024-10-09,976.65,976.65,976.65,976.65,0,270,0
BANKNIFTY09OCT2451100CE.NFO,2024-09-12,13:17:00,2024-10-09,976.65,976.65,976.65,976.65,0,270,0
BANKNIFTY09OCT2451100CE.NFO,2024-09-12,13:18:00,2024-10-09,976.65,976.65,976.65,976.65,0,270,0
BANKNIFTY09OCT2451100CE.NFO,2024-09-12,13:19:00,2024-10-09,976.65,976.65,976.65,976.65,0,270,0
BANKNIFTY09OCT2451100CE.NFO,2024-09-12,13:20:00,2024-10-09,976.65,976.65,976.65,976.65,0,270,0
BANKNIFTY09OCT2451100CE.NFO,2024-09-12,13:21:00,2024-10-09,976.65,976.65,976.65,976.65,0,270,0
BANKNIFTY09OCT2451100CE.NFO,2024-09-12,13:22:00,2024-10-09,976.65,976.65,976.65,976.65,0,270,0
BANKNIFTY09OCT2451100CE.NFO,2024-09-12,13:23:00,2024-10-09,976.65,976.65,976.65,976.65,0,270,0
BANKNIFTY09OCT2451100CE.NFO,2024-09-12,13:24:00,2024-10-09,976.65,976.65,976.65,976.65,0,270,0
BANKNIFTY09OCT2451100CE.NFO,2024-09-12,13:25:00,2024-10-09,976.65,976.65,976.65,976.65,0,270,0
BANKNIFTY09OCT2451100CE.NFO,2024-09-12,13:26:00,2024-10-09,976.65,976.65,976.65,976.65,0,270,0
BANKNIFTY09OCT2451100CE.NFO,2024-09-12,13:27:00,2024-10-09,976.65,976.65,976.65,976.65,0,270,0
BANKNIFTY09OCT2451100CE.NFO,2024-09-12,13:28:00,2024-10-09,976.65,976.65,976.65,976.65,0,270,0
BANKNIFTY09OCT2451100CE.NFO,2024-09-12,13:29:00,2024-10-09,976.65,976.65,976.65,976.65,0,270,0
BANKNIFTY09OCT2451100CE.NFO,2024-09-12,13:30:00,2024-10-09,976.65,976.65,976.65,976.65,0,270,0
BANKNIFTY09OCT2451100CE.NFO,2024-09-12,13:31:00,2024-10-09,976.65,976.65,976.65,976.65,0,270,0
BANKNIFTY09OCT2451100CE.NFO,2024-09-12,13:32:00,2024-10-09,976.65,976.65,976.65,976.65,0,270,0
BANKNIFTY09OCT2451100CE.NFO,2024-09-12,13:33:00,2024-10-09,976.65,976.65,976.65,976.65,0,270,0
BANKNIFTY09OCT2451100CE.NFO,2024-09-12,13:34:00,2024-10-09,976.65,976.65,976.65,976.65,0,270,0
BANKNIFTY09OCT2451100CE.NFO,2024-09-12,13:35:00,2024-10-09,976.65,976.65,976.65,976.65,0,270,0
BANKNIFTY09OCT2451100CE.NFO,2024-09-12,13:36:00,2024-10-09,976.65,976.65,976.65,976.65,0,270,0
BANKNIFTY09OCT2451100CE.NFO,2024-09-12,13:37:00,2024-10-09,976.65,976.65,976.65,976.65,0,270,0
BANKNIFTY09OCT2451100CE.NFO,2024-09-12,13:38:00,2024-10-09,976.65,976.65,976.65,976.65,0,270,0
BANKNIFTY09OCT2451100CE.NFO,2024-09-12,13:39:00,2024-10-09,976.65,976.65,976.65,976.65,0,270,0
BANKNIFTY09OCT2451100CE.NFO,2024-09-12,13:40:00,2024-10-09,976.65,976.65,976.65,976.65,0,270,0
BANKNIFTY09OCT2451100CE.NFO,2024-09-12,13:41:00,2024-10-09,976.65,976.65,976.65,976.65,0,270,0
BANKNIFTY09OCT2451100CE.NFO,2024-09-12,13:42:00,2024-10-09,976.65,976.65,976.65,976.65,0,270,0
BANKNIFTY09OCT2451100CE.NFO,2024-09-12,13:43:00,2024-10-09,976.65,976.65,976.65,976.65,0,270,0
BANKNIFTY09OCT2451100CE.NFO,2024-09-12,13:44:00,2024-10-09,976.65,976.65,976.65,976.65,0,270,0
BANKNIFTY09OCT2451100CE.NFO,2024-09-12,13:45:00,2024-10-09,976.65,976.65,976.65,976.65,0,270,0
BANKNIFTY09OCT2451100CE.NFO,2024-09-12,13:46:00,2024-10-09,976.65,976.65,976.65,976.65,0,270,0
BANKNIFTY09OCT2451100CE.NFO,2024-09-12,13:47:00,2024-10-09,976.65,976.65,976.65,976.65,0,270,0
BANKNIFTY09OCT2451100CE.NFO,2024-09-12,13:48:00,2024-10-09,976.65,976.65,976.65,976.65,0,270,0
BANKNIFTY09OCT2451100CE.NFO,2024-09-12,13:49:00,2024-10-09,976.65,976.65,976.65,976.65,0,270,0
BANKNIFTY09OCT2451100CE.NFO,2024-09-12,13:50:00,2024-10-09,976.65,976.65,976.65,976.65,0,270,0
BANKNIFTY09OCT2451100CE.NFO,2024-09-12,13:51:00,2024-10-09,976.65,976.65,976.65,976.65,0,270,0
BANKNIFTY09OCT2451100CE.NFO,2024-09-12,13:52:00,2024-10-09,976.65,976.65,976.65,976.65,0,270,0
BANKNIFTY09OCT2451100CE.NFO,2024-09-12,13:53:00,2024-10-09,976.65,976.65,976.65,976.65,0,270,0
BANKNIFTY09OCT2451100CE.NFO,2024-09-12,13:54:00,2024-10-09,976.65,976.65,976.65,976.65,0,270,0
BANKNIFTY09OCT2451100CE.NFO,2024-09-12,13:55:00,2024-10-09,976.65,976.65,976.65,976.65,0,270,0
BANKNIFTY09OCT2451100CE.NFO,2024-09-12,13:56:00,2024-10-09,976.65,976.65,976.65,976.65,0,270,0
BANKNIFTY09OCT2451100CE.NFO,2024-09-12,13:57:00,2024-10-09,976.65,976.65,976.65,976.65,0,270,0
BANKNIFTY09OCT2451100CE.NFO,2024-09-12,13:58:00,2024-10-09,976.65,976.65,976.65,976.65,0,270,0
BANKNIFTY09OCT2451100CE.NFO,2024-09-12,13:59:00,2024-10-09,976.65,976.65,976.65,976.65,0,270,0
BANKNIFTY09OCT2451100CE.NFO,2024-09-12,14:00:00,2024-10-09,976.65,976.65,976.65,976.65,0,270,0
BANKNIFTY09OCT2451100CE.NFO,2024-09-12,14:01:00,2024-10-09,976.65,976.65,976.65,976.65,0,270,0
BANKNIFTY09OCT2451100CE.NFO,2024-09-12,14:02:00,2024-10-09,976.65,976.65,976.65,976.65,0,270,0
BANKNIFTY09OCT2451100CE.NFO,2024-09-12,14:03:00,2024-10-09,976.65,976.65,976.65,976.65,0,270,0
BANKNIFTY09OCT2451100CE.NFO,2024-09-12,14:04:00,2024-10-09,976.65,976.65,976.65,976.65,0,270,0
BANKNIFTY09OCT2451100CE.NFO,2024-09-12,14:05:00,2024-10-09,976.65,976.65,976.65,976.65,0,270,0
BANKNIFTY09OCT2451100CE.NFO,2024-09-12,14:06:00,2024-10-09,976.65,1090.5,976.65,1090.5,15,240,0
BANKNIFTY09OCT2451100CE.NFO,2024-09-12,14:07:00,2024-10-09,1090.5,1090.5,1090.5,1090.5,0,240,0
BANKNIFTY09OCT2451100CE.NFO,2024-09-12,14:08:00,2024-10-09,1090.5,1090.5,1090.5,1090.5,0,240,0
BANKNIFTY09OCT2451100CE.NFO,2024-09-12,14:09:00,2024-10-09,1090.5,1090.5,1090.5,1090.5,0,240,0
BANKNIFTY09OCT2451100CE.NFO,2024-09-12,14:10:00,2024-10-09,1090.5,1090.5,1090.5,1090.5,0,240,0
BANKNIFTY09OCT2451100CE.NFO,2024-09-12,14:11:00,2024-10-09,1090.5,1090.5,1090.5,1090.5,0,240,0
BANKNIFTY09OCT2451100CE.NFO,2024-09-12,14:12:00,2024-10-09,1090.5,1122.45,1090.5,1122.45,0,240,0
BANKNIFTY09OCT2451100CE.NFO,2024-09-12,14:13:00,2024-10-09,1122.45,1122.45,1122.45,1122.45,75,240,0
BANKNIFTY09OCT2451100CE.NFO,2024-09-12,14:14:00,2024-10-09,1122.45,1122.45,1122.45,1122.45,0,240,0
BANKNIFTY09OCT2451100CE.NFO,2024-09-12,14:15:00,2024-10-09,1122.45,1122.45,1122.45,1122.45,0,240,0
BANKNIFTY09OCT2451100CE.NFO,2024-09-12,14:16:00,2024-10-09,1122.45,1122.45,1122.45,1122.45,0,240,0
BANKNIFTY09OCT2451100CE.NFO,2024-09-12,14:17:00,2024-10-09,1122.45,1122.45,1122.45,1122.45,0,240,0
BANKNIFTY09OCT2451100CE.NFO,2024-09-12,14:18:00,2024-10-09,1122.45,1122.45,1122.45,1122.45,0,240,0
BANKNIFTY09OCT2451100CE.NFO,2024-09-12,14:19:00,2024-10-09,1122.45,1137.7,1122.45,1137.7,0,300,0
BANKNIFTY09OCT2451100CE.NFO,2024-09-12,14:20:00,2024-10-09,1137.7,1137.7,1137.7,1137.7,15,300,0
BANKNIFTY09OCT2451100CE.NFO,2024-09-12,14:21:00,2024-10-09,1137.7,1137.7,1137.7,1137.7,0,300,0
BANKNIFTY09OCT2451100CE.NFO,2024-09-12,14:22:00,2024-10-09,1137.7,1137.7,1137.7,1137.7,0,300,0
BANKNIFTY09OCT2451100CE.NFO,2024-09-12,14:23:00,2024-10-09,1137.7,1137.7,1137.7,1137.7,0,300,0
BANKNIFTY09OCT2451100CE.NFO,2024-09-12,14:24:00,2024-10-09,1137.7,1137.7,1137.7,1137.7,0,300,0
BANKNIFTY09OCT2451100CE.NFO,2024-09-12,14:25:00,2024-10-09,1137.7,1137.7,1137.7,1137.7,0,300,0
BANKNIFTY09OCT2451100CE.NFO,2024-09-12,14:26:00,2024-10-09,1137.7,1137.7,1137.7,1137.7,0,300,0
BANKNIFTY09OCT2451100CE.NFO,2024-09-12,14:27:00,2024-10-09,1137.7,1206.75,1137.7,1206.75,15,300,0
BANKNIFTY09OCT2451100CE.NFO,2024-09-12,14:28:00,2024-10-09,1206.75,1206.75,1206.75,1206.75,0,300,0
BANKNIFTY09OCT2451100CE.NFO,2024-09-12,14:29:00,2024-10-09,1206.75,1206.75,1206.75,1206.75,0,300,0
BANKNIFTY09OCT2451100CE.NFO,2024-09-12,14:30:00,2024-10-09,1206.75,1206.75,1206.75,1206.75,0,300,0
BANKNIFTY09OCT2451100CE.NFO,2024-09-12,14:31:00,2024-10-09,1177.55,1177.55,1177.55,1177.55,15,300,0
BANKNIFTY09OCT2451100CE.NFO,2024-09-12,14:32:00,2024-10-09,1160.05,1160.05,1160.05,1160.05,105,300,0
BANKNIFTY09OCT2451100CE.NFO,2024-09-12,14:33:00,2024-10-09,1160.05,1160.05,1160.05,1160.05,0,300,0
BANKNIFTY09OCT2451100CE.NFO,2024-09-12,14:34:00,2024-10-09,1160.05,1160.05,1160.05,1160.05,0,300,0
BANKNIFTY09OCT2451100CE.NFO,2024-09-12,14:35:00,2024-10-09,1160.05,1160.05,1160.05,1160.05,0,300,0
BANKNIFTY09OCT2451100CE.NFO,2024-09-12,14:36:00,2024-10-09,1160.05,1160.05,1160.05,1160.05,0,300,0
BANKNIFTY09OCT2451100CE.NFO,2024-09-12,14:37:00,2024-10-09,1160.05,1160.05,1160.05,1160.05,0,300,0
BANKNIFTY09OCT2451100CE.NFO,2024-09-12,14:38:00,2024-10-09,1160.05,1160.05,1160.05,1160.05,0,300,0
BANKNIFTY09OCT2451100CE.NFO,2024-09-12,14:39:00,2024-10-09,1160.05,1160.05,1160.05,1160.05,0,300,0
BANKNIFTY09OCT2451100CE.NFO,2024-09-12,14:40:00,2024-10-09,1160.05,1160.05,1160.05,1160.05,0,300,0
BANKNIFTY09OCT2451100CE.NFO,2024-09-12,14:41:00,2024-10-09,1160.05,1160.05,1160.05,1160.05,0,300,0
BANKNIFTY09OCT2451100CE.NFO,2024-09-12,14:42:00,2024-10-09,1160.05,1160.05,1160.05,1160.05,0,300,0
BANKNIFTY09OCT2451100CE.NFO,2024-09-12,14:43:00,2024-10-09,1160.05,1160.05,1160.05,1160.05,0,300,0
BANKNIFTY09OCT2451100CE.NFO,2024-09-12,14:44:00,2024-10-09,1160.05,1160.05,1160.05,1160.05,0,300,0
BANKNIFTY09OCT2451100CE.NFO,2024-09-12,14:45:00,2024-10-09,1160.05,1160.05,1160.05,1160.05,0,300,0
BANKNIFTY09OCT2451100CE.NFO,2024-09-12,14:46:00,2024-10-09,1160.05,1160.05,1160.05,1160.05,0,300,0
BANKNIFTY09OCT2451100CE.NFO,2024-09-12,14:47:00,2024-10-09,1160.05,1160.05,1160.05,1160.05,0,300,0
BANKNIFTY09OCT2451100CE.NFO,2024-09-12,14:48:00,2024-10-09,1160.05,1160.05,1160.05,1160.05,0,300,0
BANKNIFTY09OCT2451100CE.NFO,2024-09-12,14:49:00,2024-10-09,1160.05,1160.05,1160.05,1160.05,0,300,0
BANKNIFTY09OCT2451100CE.NFO,2024-09-12,14:50:00,2024-10-09,1160.05,1160.05,1160.05,1160.05,0,300,0
BANKNIFTY09OCT2451100CE.NFO,2024-09-12,14:51:00,2024-10-09,1160.05,1160.05,1160.05,1160.05,0,300,0
BANKNIFTY09OCT2451100CE.NFO,2024-09-12,14:52:00,2024-10-09,1160.05,1160.05,1160.05,1160.05,0,300,0
BANKNIFTY09OCT2451100CE.NFO,2024-09-12,14:53:00,2024-10-09,1160.05,1160.05,1160.05,1160.05,0,300,0
BANKNIFTY09OCT2451100CE.NFO,2024-09-12,14:54:00,2024-10-09,1160.05,1160.05,1160.05,1160.05,0,300,0
BANKNIFTY09OCT2451100CE.NFO,2024-09-12,14:55:00,2024-10-09,1160.05,1160.05,1160.05,1160.05,0,300,0
BANKNIFTY09OCT2451100CE.NFO,2024-09-12,14:56:00,2024-10-09,1160.05,1160.05,1160.05,1160.05,0,300,0
BANKNIFTY09OCT2451100CE.NFO,2024-09-12,14:57:00,2024-10-09,1160.05,1160.05,1160.05,1160.05,0,300,0
BANKNIFTY09OCT2451100CE.NFO,2024-09-12,14:58:00,2024-10-09,1160.05,1160.05,1160.05,1160.05,0,300,0
BANKNIFTY09OCT2451100CE.NFO,2024-09-12,14:59:00,2024-10-09,1160.05,1160.05,1160.05,1160.05,0,300,0
BANKNIFTY09OCT2451100CE.NFO,2024-09-12,15:00:00,2024-10-09,1160.05,1160.05,1160.05,1160.05,0,300,0
BANKNIFTY09OCT2451100CE.NFO,2024-09-12,15:01:00,2024-10-09,1160.05,1160.05,1160.05,1160.05,0,300,0
BANKNIFTY09OCT2451100CE.NFO,2024-09-12,15:02:00,2024-10-09,1160.05,1270.0,1160.05,1270.0,15,315,0
BANKNIFTY09OCT2451100CE.NFO,2024-09-12,15:03:00,2024-10-09,1270.0,1270.0,1270.0,1270.0,0,315,0
BANKNIFTY09OCT2451100CE.NFO,2024-09-12,15:04:00,2024-10-09,1270.0,1270.0,1270.0,1270.0,0,315,0
BANKNIFTY09OCT2451100CE.NFO,2024-09-12,15:05:00,2024-10-09,1270.0,1270.0,1270.0,1270.0,0,315,0
BANKNIFTY09OCT2451100CE.NFO,2024-09-12,15:06:00,2024-10-09,1270.0,1270.0,1270.0,1270.0,0,315,0
BANKNIFTY09OCT2451100CE.NFO,2024-09-12,15:07:00,2024-10-09,1270.0,1270.0,1270.0,1270.0,0,315,0
BANKNIFTY09OCT2451100CE.NFO,2024-09-12,15:08:00,2024-10-09,1270.0,1270.0,1270.0,1270.0,0,315,0
BANKNIFTY09OCT2451100CE.NFO,2024-09-12,15:09:00,2024-10-09,1270.0,1270.0,1270.0,1270.0,0,315,0
BANKNIFTY09OCT2451100CE.NFO,2024-09-12,15:10:00,2024-10-09,1270.0,1270.0,1270.0,1270.0,0,315,0
BANKNIFTY09OCT2451100CE.NFO,2024-09-12,15:11:00,2024-10-09,1270.0,1353.85,1270.0,1353.85,0,315,0
BANKNIFTY09OCT2451100CE.NFO,2024-09-12,15:12:00,2024-10-09,1353.85,1353.85,1353.85,1353.85,60,315,0
BANKNIFTY09OCT2451100CE.NFO,2024-09-12,15:13:00,2024-10-09,1353.85,1353.85,1353.85,1353.85,0,315,0
BANKNIFTY09OCT2451100CE.NFO,2024-09-12,15:14:00,2024-10-09,1353.85,1353.85,1353.85,1353.85,0,315,0
BANKNIFTY09OCT2451100CE.NFO,2024-09-12,15:15:00,2024-10-09,1353.85,1353.85,1353.85,1353.85,0,315,0
BANKNIFTY09OCT2451100CE.NFO,2024-09-12,15:16:00,2024-10-09,1353.85,1353.85,1353.85,1353.85,0,315,0
BANKNIFTY09OCT2451100CE.NFO,2024-09-12,15:17:00,2024-10-09,1353.85,1353.85,1353.85,1353.85,0,315,0
BANKNIFTY09OCT2451100CE.NFO,2024-09-12,15:18:00,2024-10-09,1353.85,1353.85,1096.65,1096.65,0,375,0
BANKNIFTY09OCT2451100CE.NFO,2024-09-12,15:19:00,2024-10-09,1096.65,1150.0,1096.65,1150.0,30,375,0
BANKNIFTY09OCT2451100CE.NFO,2024-09-12,15:20:00,2024-10-09,1150.0,1155.95,1150.0,1155.95,30,345,0
BANKNIFTY09OCT2451100CE.NFO,2024-09-12,15:21:00,2024-10-09,1155.95,1155.95,1155.95,1155.95,0,345,0
BANKNIFTY09OCT2451100CE.NFO,2024-09-12,15:22:00,2024-10-09,1155.95,1155.95,1155.95,1155.95,0,345,0
BANKNIFTY09OCT2451100CE.NFO,2024-09-12,15:23:00,2024-10-09,1155.95,1155.95,1155.95,1155.95,0,345,0
BANKNIFTY09OCT2451100CE.NFO,2024-09-12,15:24:00,2024-10-09,1155.95,1155.95,1155.95,1155.95,0,345,0
BANKNIFTY09OCT2451100CE.NFO,2024-09-12,15:25:00,2024-10-09,1155.95,1155.95,1155.95,1155.95,0,345,0
BANKNIFTY09OCT2451100CE.NFO,2024-09-12,15:26:00,2024-10-09,1155.95,1155.95,1155.95,1155.95,0,345,0
BANKNIFTY09OCT2451100CE.NFO,2024-09-12,15:27:00,2024-10-09,1155.95,1155.95,1155.95,1155.95,0,345,0
BANKNIFTY09OCT2451100CE.NFO,2024-09-12,15:28:00,2024-10-09,1155.95,1155.95,1155.95,1155.95,0,345,0
BANKNIFTY09OCT2451100CE.NFO,2024-09-12,15:29:00,2024-10-09,1155.95,1155.95,1155.95,1155.95,0,345,0
BANKNIFTY09OCT2451100CE.NFO,2024-09-12,15:30:00,2024-10-09,1155.95,1155.95,1155.95,1155.95,0,345,1
BANKNIFTY09OCT2451100CE.NFO,2024-09-16,09:15:00,2024-10-09,1594.55,1594.55,1594.55,1594.55,0,300,1
BANKNIFTY09OCT2451100CE.NFO,2024-09-16,09:16:00,2024-10-09,1594.55,1594.55,1594.55,1594.55,0,300,1
BANKNIFTY09OCT2451100CE.NFO,2024-09-16,09:17:00,2024-10-09,1594.55,1594.55,1594.55,1594.55,0,300,1
BANKNIFTY09OCT2451100CE.NFO,2024-09-16,09:18:00,2024-10-09,1594.55,1594.55,1594.55,1594.55,0,300,1
BANKNIFTY09OCT2451100CE.NFO,2024-09-16,09:19:00,2024-10-09,1594.55,1594.55,1594.55,1594.55,0,300,1
BANKNIFTY09OCT2451100CE.NFO,2024-09-16,09:20:00,2024-10-09,1594.55,1594.55,1594.55,1594.55,0,300,1
BANKNIFTY09OCT2451100CE.NFO,2024-09-16,09:21:00,2024-10-09,1594.55,1594.55,1594.55,1594.55,0,300,1
BANKNIFTY09OCT2451100CE.NFO,2024-09-16,09:22:00,2024-10-09,1594.55,1594.55,1594.55,1594.55,0,300,1
BANKNIFTY09OCT2451100CE.NFO,2024-09-16,09:23:00,2024-10-09,1594.55,1594.55,1594.55,1594.55,0,300,1
BANKNIFTY09OCT2451100CE.NFO,2024-09-16,09:24:00,2024-10-09,1594.55,1594.55,1594.55,1594.55,0,300,1
BANKNIFTY09OCT2451100CE.NFO,2024-09-16,09:25:00,2024-10-09,1594.55,1594.55,1594.55,1594.55,0,300,1
BANKNIFTY09OCT2451100CE.NFO,2024-09-16,09:26:00,2024-10-09,1594.55,1594.55,1594.55,1594.55,0,300,1
BANKNIFTY09OCT2451100CE.NFO,2024-09-16,09:27:00,2024-10-09,1594.55,1594.55,1594.55,1594.55,0,300,1
BANKNIFTY09OCT2451100CE.NFO,2024-09-16,09:28:00,2024-10-09,1594.55,1594.55,1594.55,1594.55,0,300,1
BANKNIFTY09OCT2451100CE.NFO,2024-09-16,09:29:00,2024-10-09,1594.55,1594.55,1594.55,1594.55,0,300,1
BANKNIFTY09OCT2451100CE.NFO,2024-09-16,09:30:00,2024-10-09,1594.55,1594.55,1594.55,1594.55,0,300,1
BANKNIFTY09OCT2451100CE.NFO,2024-09-16,09:31:00,2024-10-09,1594.55,1594.55,1594.55,1594.55,0,300,1
BANKNIFTY09OCT2451100CE.NFO,2024-09-16,09:32:00,2024-10-09,1594.55,1594.55,1594.55,1594.55,0,300,1
BANKNIFTY09OCT2451100CE.NFO,2024-09-16,09:33:00,2024-10-09,1594.55,1594.55,1594.55,1594.55,0,300,1
BANKNIFTY09OCT2451100CE.NFO,2024-09-16,09:34:00,2024-10-09,1594.55,1594.55,1594.55,1594.55,0,300,1
BANKNIFTY09OCT2451100CE.NFO,2024-09-16,09:35:00,2024-10-09,1594.55,1594.55,1594.55,1594.55,0,300,1
BANKNIFTY09OCT2451100CE.NFO,2024-09-16,09:36:00,2024-10-09,1594.55,1594.55,1594.55,1594.55,0,300,1
BANKNIFTY09OCT2451100CE.NFO,2024-09-16,09:37:00,2024-10-09,1594.55,1594.55,1594.55,1594.55,0,300,1
BANKNIFTY09OCT2451100CE.NFO,2024-09-16,09:38:00,2024-10-09,1594.55,1594.55,1594.55,1594.55,0,300,1
BANKNIFTY09OCT2451100CE.NFO,2024-09-16,09:39:00,2024-10-09,1594.55,1594.55,1594.55,1594.55,0,300,1
BANKNIFTY09OCT2451100CE.NFO,2024-09-16,09:40:00,2024-10-09,1594.55,1594.55,1594.55,1594.55,0,300,1
BANKNIFTY09OCT2451100CE.NFO,2024-09-16,09:41:00,2024-10-09,1594.55,1594.55,1594.55,1594.55,0,300,1
BANKNIFTY09OCT2451100CE.NFO,2024-09-16,09:42:00,2024-10-09,1594.55,1594.55,1594.55,1594.55,0,300,1
BANKNIFTY09OCT2451100CE.NFO,2024-09-16,09:43:00,2024-10-09,1594.55,1594.55,1594.55,1594.55,0,300,1
BANKNIFTY09OCT2451100CE.NFO,2024-09-16,09:44:00,2024-10-09,1594.55,1594.55,1594.55,1594.55,0,300,1
BANKNIFTY09OCT2451100CE.NFO,2024-09-16,09:45:00,2024-10-09,1594.55,1594.55,1594.55,1594.55,0,300,1
BANKNIFTY09OCT2451100CE.NFO,2024-09-16,09:46:00,2024-10-09,1594.55,1594.55,1594.55,1594.55,0,300,1
BANKNIFTY09OCT2451100CE.NFO,2024-09-16,09:47:00,2024-10-09,1594.55,1594.55,1594.55,1594.55,0,300,1
BANKNIFTY09OCT2451100CE.NFO,2024-09-16,09:48:00,2024-10-09,1594.55,1594.55,1594.55,1594.55,0,300,1
BANKNIFTY09OCT2451100CE.NFO,2024-09-16,09:49:00,2024-10-09,1594.55,1594.55,1594.55,1594.55,0,300,1
BANKNIFTY09OCT2451100CE.NFO,2024-09-16,09:50:00,2024-10-09,1594.55,1594.55,1594.55,1594.55,0,300,1
BANKNIFTY09OCT2451100CE.NFO,2024-09-16,09:51:00,2024-10-09,1594.55,1594.55,1594.55,1594.55,0,300,1
BANKNIFTY09OCT2451100CE.NFO,2024-09-16,09:52:00,2024-10-09,1594.55,1594.55,1594.55,1594.55,0,300,1
BANKNIFTY09OCT2451100CE.NFO,2024-09-16,09:53:00,2024-10-09,1594.55,1594.55,1594.55,1594.55,0,300,1
BANKNIFTY09OCT2451100CE.NFO,2024-09-16,09:54:00,2024-10-09,1594.55,1594.55,1594.55,1594.55,0,300,1
BANKNIFTY09OCT2451100CE.NFO,2024-09-16,09:55:00,2024-10-09,1594.55,1594.55,1594.55,1594.55,0,300,1
BANKNIFTY09OCT2451100CE.NFO,2024-09-16,09:56:00,2024-10-09,1594.55,1594.55,1594.55,1594.55,0,300,1
BANKNIFTY09OCT2451100CE.NFO,2024-09-16,09:57:00,2024-10-09,1594.55,1594.55,1594.55,1594.55,0,300,1
BANKNIFTY09OCT2451100CE.NFO,2024-09-16,09:58:00,2024-10-09,1594.55,1594.55,1594.55,1594.55,0,300,1
BANKNIFTY09OCT2451100CE.NFO,2024-09-16,09:59:00,2024-10-09,1594.55,1594.55,1594.55,1594.55,0,300,1
BANKNIFTY09OCT2451100CE.NFO,2024-09-16,10:00:00,2024-10-09,1594.55,1594.55,1594.55,1594.55,0,300,1
BANKNIFTY09OCT2451100CE.NFO,2024-09-16,10:01:00,2024-10-09,1594.55,1594.55,1594.55,1594.55,0,300,1
BANKNIFTY09OCT2451100CE.NFO,2024-09-16,10:02:00,2024-10-09,1594.55,1594.55,1594.55,1594.55,0,300,1
BANKNIFTY09OCT2451100CE.NFO,2024-09-16,10:03:00,2024-10-09,1594.55,1594.55,1594.55,1594.55,0,300,1
BANKNIFTY09OCT2451100CE.NFO,2024-09-16,10:04:00,2024-10-09,1594.55,1594.55,1594.55,1594.55,0,300,1
BANKNIFTY09OCT2451100CE.NFO,2024-09-16,10:05:00,2024-10-09,1594.55,1594.55,1594.55,1594.55,0,300,1
BANKNIFTY09OCT2451100CE.NFO,2024-09-16,10:06:00,2024-10-09,1594.55,1594.55,1594.55,1594.55,0,300,1
BANKNIFTY09OCT2451100CE.NFO,2024-09-16,10:07:00,2024-10-09,1594.55,1594.55,1594.55,1594.55,0,300,1
BANKNIFTY09OCT2451100CE.NFO,2024-09-16,10:08:00,2024-10-09,1594.55,1594.55,1594.55,1594.55,0,300,1
BANKNIFTY09OCT2451100CE.NFO,2024-09-16,10:09:00,2024-10-09,1594.55,1594.55,1594.55,1594.55,0,300,1
BANKNIFTY09OCT2451100CE.NFO,2024-09-16,10:10:00,2024-10-09,1594.55,1594.55,1594.55,1594.55,0,300,1
BANKNIFTY09OCT2451100CE.NFO,2024-09-16,10:11:00,2024-10-09,1594.55,1594.55,1594.55,1594.55,0,300,1
BANKNIFTY09OCT2451100CE.NFO,2024-09-16,10:12:00,2024-10-09,1594.55,1594.55,1594.55,1594.55,0,300,1
BANKNIFTY09OCT2451100CE.NFO,2024-09-16,10:13:00,2024-10-09,1594.55,1594.55,1594.55,1594.55,0,300,1
BANKNIFTY09OCT2451100CE.NFO,2024-09-16,10:14:00,2024-10-09,1594.55,1594.55,1594.55,1594.55,0,300,1
BANKNIFTY09OCT2451100CE.NFO,2024-09-16,10:15:00,2024-10-09,1594.55,1594.55,1594.55,1594.55,0,300,1
BANKNIFTY09OCT2451100CE.NFO,2024-09-16,10:16:00,2024-10-09,1594.55,1594.55,1594.55,1594.55,0,300,1
BANKNIFTY09OCT2451100CE.NFO,2024-09-16,10:17:00,2024-10-09,1594.55,1594.55,1594.55,1594.55,0,300,1
BANKNIFTY09OCT2451100CE.NFO,2024-09-16,10:18:00,2024-10-09,1594.55,1594.55,1594.55,1594.55,0,300,1
BANKNIFTY09OCT2451100CE.NFO,2024-09-16,10:19:00,2024-10-09,1594.55,1594.55,1594.55,1594.55,0,300,1
BANKNIFTY09OCT2451100CE.NFO,2024-09-16,10:20:00,2024-10-09,1594.55,1594.55,1594.55,1594.55,0,300,1
BANKNIFTY09OCT2451100CE.NFO,2024-09-16,10:21:00,2024-10-09,1594.55,1594.55,1594.55,1594.55,0,300,1
BANKNIFTY09OCT2451100CE.NFO,2024-09-16,10:22:00,2024-10-09,1594.55,1594.55,1594.55,1594.55,0,300,1
BANKNIFTY09OCT2451100CE.NFO,2024-09-16,10:23:00,2024-10-09,1594.55,1594.55,1594.55,1594.55,0,300,1
BANKNIFTY09OCT2451100CE.NFO,2024-09-16,10:24:00,2024-10-09,1594.55,1594.55,1594.55,1594.55,0,300,1
BANKNIFTY09OCT2451100CE.NFO,2024-09-16,10:25:00,2024-10-09,1594.55,1594.55,1594.55,1594.55,0,300,1
BANKNIFTY09OCT2451100CE.NFO,2024-09-16,10:26:00,2024-10-09,1594.55,1594.55,1594.55,1594.55,0,300,1
BANKNIFTY09OCT2451100CE.NFO,2024-09-16,10:27:00,2024-10-09,1594.55,1594.55,1594.55,1594.55,0,300,1
BANKNIFTY09OCT2451100CE.NFO,2024-09-16,10:28:00,2024-10-09,1594.55,1594.65,1594.55,1594.55,0,300,0
BANKNIFTY09OCT2451100CE.NFO,2024-09-16,10:29:00,2024-10-09,1594.55,1594.55,1594.55,1594.55,0,300,0
BANKNIFTY09OCT2451100CE.NFO,2024-09-16,10:30:00,2024-10-09,1594.55,1602.95,1594.55,1602.95,0,300,0
BANKNIFTY09OCT2451100CE.NFO,2024-09-16,10:31:00,2024-10-09,1602.95,1602.95,1602.95,1602.95,105,300,0
BANKNIFTY09OCT2451100CE.NFO,2024-09-16,10:32:00,2024-10-09,1602.95,1602.95,1602.95,1602.95,0,300,0
BANKNIFTY09OCT2451100CE.NFO,2024-09-16,10:33:00,2024-10-09,1602.95,1602.95,1602.95,1602.95,0,300,0
BANKNIFTY09OCT2451100CE.NFO,2024-09-16,10:34:00,2024-10-09,1602.95,1602.95,1602.95,1602.95,0,300,0
BANKNIFTY09OCT2451100CE.NFO,2024-09-16,10:35:00,2024-10-09,1602.95,1602.95,1602.95,1602.95,0,300,0
BANKNIFTY09OCT2451100CE.NFO,2024-09-16,10:36:00,2024-10-09,1602.95,1602.95,1602.95,1602.95,0,300,0
BANKNIFTY09OCT2451100CE.NFO,2024-09-16,10:37:00,2024-10-09,1602.95,1602.95,1602.95,1602.95,0,300,0
BANKNIFTY09OCT2451100CE.NFO,2024-09-16,10:38:00,2024-10-09,1602.95,1602.95,1602.95,1602.95,0,300,0
BANKNIFTY09OCT2451100CE.NFO,2024-09-16,10:39:00,2024-10-09,1602.95,1602.95,1602.95,1602.95,0,300,0
BANKNIFTY09OCT2451100CE.NFO,2024-09-16,10:40:00,2024-10-09,1602.95,1602.95,1602.95,1602.95,0,300,0
BANKNIFTY09OCT2451100CE.NFO,2024-09-16,10:41:00,2024-10-09,1602.95,1602.95,1602.95,1602.95,0,300,0
BANKNIFTY09OCT2451100CE.NFO,2024-09-16,10:42:00,2024-10-09,1602.95,1602.95,1602.95,1602.95,0,300,0
BANKNIFTY09OCT2451100CE.NFO,2024-09-16,10:43:00,2024-10-09,1602.95,1602.95,1602.95,1602.95,0,300,0
BANKNIFTY09OCT2451100CE.NFO,2024-09-16,10:44:00,2024-10-09,1602.95,1602.95,1602.95,1602.95,0,300,0
BANKNIFTY09OCT2451100CE.NFO,2024-09-16,10:45:00,2024-10-09,1602.95,1602.95,1602.95,1602.95,0,300,0
BANKNIFTY09OCT2451100CE.NFO,2024-09-16,10:46:00,2024-10-09,1602.95,1602.95,1602.95,1602.95,0,300,0
BANKNIFTY09OCT2451100CE.NFO,2024-09-16,10:47:00,2024-10-09,1602.95,1602.95,1602.95,1602.95,0,300,0
BANKNIFTY09OCT2451100CE.NFO,2024-09-16,10:48:00,2024-10-09,1602.95,1602.95,1602.95,1602.95,0,300,0
BANKNIFTY09OCT2451100CE.NFO,2024-09-16,10:49:00,2024-10-09,1602.95,1602.95,1602.95,1602.95,0,300,0
BANKNIFTY09OCT2451100CE.NFO,2024-09-16,10:50:00,2024-10-09,1602.95,1602.95,1602.95,1602.95,0,300,0
BANKNIFTY09OCT2451100CE.NFO,2024-09-16,10:51:00,2024-10-09,1602.95,1602.95,1602.95,1602.95,0,300,0
BANKNIFTY09OCT2451100CE.NFO,2024-09-16,10:52:00,2024-10-09,1602.95,1602.95,1602.95,1602.95,0,300,0
BANKNIFTY09OCT2451100CE.NFO,2024-09-16,10:53:00,2024-10-09,1602.95,1602.95,1602.95,1602.95,0,300,0
BANKNIFTY09OCT2451100CE.NFO,2024-09-16,10:54:00,2024-10-09,1602.95,1602.95,1602.95,1602.95,0,300,0
BANKNIFTY09OCT2451100CE.NFO,2024-09-16,10:55:00,2024-10-09,1602.95,1602.95,1602.95,1602.95,0,300,0
BANKNIFTY09OCT2451100CE.NFO,2024-09-16,10:56:00,2024-10-09,1602.95,1602.95,1602.95,1602.95,0,300,0
BANKNIFTY09OCT2451100CE.NFO,2024-09-16,10:57:00,2024-10-09,1602.95,1602.95,1602.95,1602.95,0,300,0
BANKNIFTY09OCT2451100CE.NFO,2024-09-16,10:58:00,2024-10-09,1602.95,1602.95,1602.95,1602.95,0,300,0
BANKNIFTY09OCT2451100CE.NFO,2024-09-16,10:59:00,2024-10-09,1602.95,1602.95,1602.95,1602.95,0,300,0
BANKNIFTY09OCT2451100CE.NFO,2024-09-16,11:00:00,2024-10-09,1602.95,1602.95,1602.95,1602.95,0,300,0
BANKNIFTY09OCT2451100CE.NFO,2024-09-16,11:01:00,2024-10-09,1602.95,1602.95,1602.95,1602.95,0,300,0
BANKNIFTY09OCT2451100CE.NFO,2024-09-16,11:02:00,2024-10-09,1602.95,1602.95,1602.95,1602.95,0,300,0
BANKNIFTY09OCT2451100CE.NFO,2024-09-16,11:03:00,2024-10-09,1602.95,1602.95,1602.95,1602.95,0,300,0
BANKNIFTY09OCT2451100CE.NFO,2024-09-16,11:04:00,2024-10-09,1602.95,1602.95,1602.95,1602.95,0,300,0
BANKNIFTY09OCT2451100CE.NFO,2024-09-16,11:05:00,2024-10-09,1602.95,1602.95,1602.95,1602.95,0,300,0
BANKNIFTY09OCT2451100CE.NFO,2024-09-16,11:06:00,2024-10-09,1602.95,1602.95,1602.95,1602.95,0,300,0
BANKNIFTY09OCT2451100CE.NFO,2024-09-16,11:07:00,2024-10-09,1602.95,1602.95,1602.95,1602.95,0,300,0
BANKNIFTY09OCT2451100CE.NFO,2024-09-16,11:08:00,2024-10-09,1602.95,1602.95,1602.95,1602.95,0,300,0
BANKNIFTY09OCT2451100CE.NFO,2024-09-16,11:09:00,2024-10-09,1602.95,1602.95,1602.95,1602.95,0,300,0
BANKNIFTY09OCT2451100CE.NFO,2024-09-16,11:10:00,2024-10-09,1602.95,1602.95,1602.95,1602.95,0,300,0
BANKNIFTY09OCT2451100CE.NFO,2024-09-16,11:11:00,2024-10-09,1602.95,1602.95,1602.95,1602.95,0,300,0
BANKNIFTY09OCT2451100CE.NFO,2024-09-16,11:12:00,2024-10-09,1602.95,1602.95,1602.95,1602.95,0,300,0
BANKNIFTY09OCT2451100CE.NFO,2024-09-16,11:13:00,2024-10-09,1602.95,1602.95,1602.95,1602.95,0,300,0
BANKNIFTY09OCT2451100CE.NFO,2024-09-16,11:14:00,2024-10-09,1602.95,1602.95,1602.95,1602.95,0,300,0
BANKNIFTY09OCT2451100CE.NFO,2024-09-16,11:15:00,2024-10-09,1602.95,1602.95,1602.95,1602.95,0,300,0
BANKNIFTY09OCT2451100CE.NFO,2024-09-16,11:16:00,2024-10-09,1602.95,1602.95,1602.95,1602.95,0,300,0
BANKNIFTY09OCT2451100CE.NFO,2024-09-16,11:17:00,2024-10-09,1602.95,1602.95,1602.95,1602.95,0,300,0
BANKNIFTY09OCT2451100CE.NFO,2024-09-16,11:18:00,2024-10-09,1602.95,1602.95,1602.95,1602.95,0,300,0
BANKNIFTY09OCT2451100CE.NFO,2024-09-16,11:19:00,2024-10-09,1602.95,1602.95,1602.95,1602.95,0,300,0
BANKNIFTY09OCT2451100CE.NFO,2024-09-16,11:20:00,2024-10-09,1602.95,1602.95,1602.95,1602.95,0,300,0
BANKNIFTY09OCT2451100CE.NFO,2024-09-16,11:21:00,2024-10-09,1602.95,1602.95,1602.95,1602.95,0,300,0
BANKNIFTY09OCT2451100CE.NFO,2024-09-16,11:22:00,2024-10-09,1602.95,1602.95,1602.95,1602.95,0,300,0
BANKNIFTY09OCT2451100CE.NFO,2024-09-16,11:23:00,2024-10-09,1602.95,1602.95,1602.95,1602.95,0,300,0
BANKNIFTY09OCT2451100CE.NFO,2024-09-16,11:24:00,2024-10-09,1602.95,1602.95,1602.95,1602.95,0,300,0
BANKNIFTY09OCT2451100CE.NFO,2024-09-16,11:25:00,2024-10-09,1602.95,1602.95,1602.95,1602.95,0,300,0
BANKNIFTY09OCT2451100CE.NFO,2024-09-16,11:26:00,2024-10-09,1602.95,1602.95,1602.95,1602.95,0,300,0
BANKNIFTY09OCT2451100CE.NFO,2024-09-16,11:27:00,2024-10-09,1602.95,1602.95,1602.95,1602.95,0,300,0
BANKNIFTY09OCT2451100CE.NFO,2024-09-16,11:28:00,2024-10-09,1602.95,1602.95,1602.95,1602.95,0,300,0
BANKNIFTY09OCT2451100CE.NFO,2024-09-16,11:29:00,2024-10-09,1602.95,1602.95,1602.95,1602.95,0,300,0
BANKNIFTY09OCT2451100CE.NFO,2024-09-16,11:30:00,2024-10-09,1602.95,1602.95,1602.95,1602.95,0,300,0
BANKNIFTY09OCT2451100CE.NFO,2024-09-16,11:31:00,2024-10-09,1602.95,1602.95,1602.95,1602.95,0,300,0
BANKNIFTY09OCT2451100CE.NFO,2024-09-16,11:32:00,2024-10-09,1602.95,1602.95,1602.95,1602.95,0,300,0
BANKNIFTY09OCT2451100CE.NFO,2024-09-16,11:33:00,2024-10-09,1602.95,1602.95,1602.95,1602.95,0,300,0
BANKNIFTY09OCT2451100CE.NFO,2024-09-16,11:34:00,2024-10-09,1602.95,1602.95,1602.95,1602.95,0,300,0
BANKNIFTY09OCT2451100CE.NFO,2024-09-16,11:35:00,2024-10-09,1602.95,1602.95,1602.95,1602.95,0,300,0
BANKNIFTY09OCT2451100CE.NFO,2024-09-16,11:36:00,2024-10-09,1602.95,1602.95,1602.95,1602.95,0,300,0
BANKNIFTY09OCT2451100CE.NFO,2024-09-16,11:37:00,2024-10-09,1602.95,1602.95,1602.95,1602.95,0,300,0
BANKNIFTY09OCT2451100CE.NFO,2024-09-16,11:38:00,2024-10-09,1602.95,1602.95,1602.95,1602.95,0,300,0
BANKNIFTY09OCT2451100CE.NFO,2024-09-16,11:39:00,2024-10-09,1602.95,1602.95,1602.95,1602.95,0,300,0
BANKNIFTY09OCT2451100CE.NFO,2024-09-16,11:40:00,2024-10-09,1602.95,1602.95,1602.95,1602.95,0,300,0
BANKNIFTY09OCT2451100CE.NFO,2024-09-16,11:41:00,2024-10-09,1602.95,1602.95,1602.95,1602.95,0,300,0
BANKNIFTY09OCT2451100CE.NFO,2024-09-16,11:42:00,2024-10-09,1602.95,1602.95,1602.95,1602.95,0,300,0
BANKNIFTY09OCT2451100CE.NFO,2024-09-16,11:43:00,2024-10-09,1602.95,1602.95,1602.95,1602.95,0,300,0
BANKNIFTY09OCT2451100CE.NFO,2024-09-16,11:44:00,2024-10-09,1602.95,1602.95,1602.95,1602.95,0,300,0
BANKNIFTY09OCT2451100CE.NFO,2024-09-16,11:45:00,2024-10-09,1602.95,1602.95,1602.95,1602.95,0,300,0
BANKNIFTY09OCT2451100CE.NFO,2024-09-16,11:46:00,2024-10-09,1602.95,1602.95,1602.95,1602.95,0,300,0
BANKNIFTY09OCT2451100CE.NFO,2024-09-16,11:47:00,2024-10-09,1602.95,1602.95,1602.95,1602.95,0,300,0
BANKNIFTY09OCT2451100CE.NFO,2024-09-16,11:48:00,2024-10-09,1602.95,1602.95,1602.95,1602.95,0,300,0
BANKNIFTY09OCT2451100CE.NFO,2024-09-16,11:49:00,2024-10-09,1602.95,1602.95,1602.95,1602.95,0,300,0
BANKNIFTY09OCT2451100CE.NFO,2024-09-16,11:50:00,2024-10-09,1602.95,1602.95,1602.95,1602.95,0,300,0
BANKNIFTY09OCT2451100CE.NFO,2024-09-16,11:51:00,2024-10-09,1602.95,1602.95,1602.95,1602.95,0,300,0
BANKNIFTY09OCT2451100CE.NFO,2024-09-16,11:52:00,2024-10-09,1602.95,1602.95,1602.95,1602.95,0,300,0
BANKNIFTY09OCT2451100CE.NFO,2024-09-16,11:53:00,2024-10-09,1602.95,1602.95,1602.95,1602.95,0,300,0
BANKNIFTY09OCT2451100CE.NFO,2024-09-16,11:54:00,2024-10-09,1602.95,1602.95,1602.95,1602.95,0,300,0
BANKNIFTY09OCT2451100CE.NFO,2024-09-16,11:55:00,2024-10-09,1602.95,1602.95,1602.95,1602.95,0,300,0
BANKNIFTY09OCT2451100CE.NFO,2024-09-16,11:56:00,2024-10-09,1602.95,1602.95,1602.95,1602.95,0,300,0
BANKNIFTY09OCT2451100CE.NFO,2024-09-16,11:57:00,2024-10-09,1602.95,1602.95,1602.95,1602.95,0,300,0
BANKNIFTY09OCT2451100CE.NFO,2024-09-16,11:58:00,2024-10-09,1602.95,1602.95,1602.95,1602.95,0,300,0
BANKNIFTY09OCT2451100CE.NFO,2024-09-16,11:59:00,2024-10-09,1602.95,1602.95,1602.95,1602.95,0,300,0
BANKNIFTY09OCT2451100CE.NFO,2024-09-16,12:00:00,2024-10-09,1602.95,1602.95,1602.95,1602.95,0,300,0
BANKNIFTY09OCT2451100CE.NFO,2024-09-16,12:01:00,2024-10-09,1602.95,1602.95,1602.95,1602.95,0,300,0
BANKNIFTY09OCT2451100CE.NFO,2024-09-16,12:02:00,2024-10-09,1602.95,1602.95,1602.95,1602.95,0,300,0
BANKNIFTY09OCT2451100CE.NFO,2024-09-16,12:03:00,2024-10-09,1602.95,1602.95,1602.95,1602.95,0,300,0
BANKNIFTY09OCT2451100CE.NFO,2024-09-16,12:04:00,2024-10-09,1602.95,1602.95,1602.95,1602.95,0,300,0
BANKNIFTY09OCT2451100CE.NFO,2024-09-16,12:05:00,2024-10-09,1602.95,1602.95,1602.95,1602.95,0,300,0
BANKNIFTY09OCT2451100CE.NFO,2024-09-16,12:06:00,2024-10-09,1602.95,1602.95,1602.95,1602.95,0,300,0
BANKNIFTY09OCT2451100CE.NFO,2024-09-16,12:07:00,2024-10-09,1602.95,1602.95,1602.95,1602.95,0,300,0
BANKNIFTY09OCT2451100CE.NFO,2024-09-16,12:08:00,2024-10-09,1602.95,1602.95,1602.95,1602.95,0,300,0
BANKNIFTY09OCT2451100CE.NFO,2024-09-16,12:09:00,2024-10-09,1602.95,1602.95,1602.95,1602.95,0,300,0
BANKNIFTY09OCT2451100CE.NFO,2024-09-16,12:10:00,2024-10-09,1602.95,1602.95,1602.95,1602.95,0,300,0
BANKNIFTY09OCT2451100CE.NFO,2024-09-16,12:11:00,2024-10-09,1602.95,1602.95,1602.95,1602.95,0,300,0
BANKNIFTY09OCT2451100CE.NFO,2024-09-16,12:12:00,2024-10-09,1602.95,1602.95,1602.95,1602.95,0,300,0
BANKNIFTY09OCT2451100CE.NFO,2024-09-16,12:13:00,2024-10-09,1602.95,1602.95,1602.95,1602.95,0,300,0
BANKNIFTY09OCT2451100CE.NFO,2024-09-16,12:14:00,2024-10-09,1602.95,1602.95,1602.95,1602.95,0,300,0
BANKNIFTY09OCT2451100CE.NFO,2024-09-16,12:15:00,2024-10-09,1602.95,1602.95,1602.95,1602.95,0,300,0
BANKNIFTY09OCT2451100CE.NFO,2024-09-16,12:16:00,2024-10-09,1602.95,1602.95,1602.95,1602.95,0,300,0
BANKNIFTY09OCT2451100CE.NFO,2024-09-16,12:17:00,2024-10-09,1602.95,1602.95,1602.95,1602.95,0,300,0
BANKNIFTY09OCT2451100CE.NFO,2024-09-16,12:18:00,2024-10-09,1602.95,1602.95,1602.95,1602.95,0,300,0
BANKNIFTY09OCT2451100CE.NFO,2024-09-16,12:19:00,2024-10-09,1602.95,1602.95,1602.95,1602.95,0,300,0
BANKNIFTY09OCT2451100CE.NFO,2024-09-16,12:20:00,2024-10-09,1602.95,1602.95,1602.95,1602.95,0,300,0
BANKNIFTY09OCT2451100CE.NFO,2024-09-16,12:21:00,2024-10-09,1602.95,1602.95,1602.95,1602.95,0,300,0
BANKNIFTY09OCT2451100CE.NFO,2024-09-16,12:22:00,2024-10-09,1602.95,1602.95,1602.95,1602.95,0,300,0
BANKNIFTY09OCT2451100CE.NFO,2024-09-16,12:23:00,2024-10-09,1602.95,1602.95,1602.95,1602.95,0,300,0
BANKNIFTY09OCT2451100CE.NFO,2024-09-16,12:24:00,2024-10-09,1602.95,1602.95,1602.95,1602.95,0,300,0
BANKNIFTY09OCT2451100CE.NFO,2024-09-16,12:25:00,2024-10-09,1602.95,1602.95,1602.95,1602.95,0,300,0
BANKNIFTY09OCT2451100CE.NFO,2024-09-16,12:26:00,2024-10-09,1602.95,1602.95,1602.95,1602.95,0,300,0
BANKNIFTY09OCT2451100CE.NFO,2024-09-16,12:27:00,2024-10-09,1602.95,1602.95,1602.95,1602.95,0,300,0
BANKNIFTY09OCT2451100CE.NFO,2024-09-16,12:28:00,2024-10-09,1602.95,1602.95,1602.95,1602.95,0,300,0
BANKNIFTY09OCT2451100CE.NFO,2024-09-16,12:29:00,2024-10-09,1602.95,1602.95,1602.95,1602.95,0,300,0
BANKNIFTY09OCT2451100CE.NFO,2024-09-16,12:30:00,2024-10-09,1602.95,1602.95,1602.95,1602.95,0,300,0
BANKNIFTY09OCT2451100CE.NFO,2024-09-16,12:31:00,2024-10-09,1602.95,1602.95,1602.95,1602.95,0,300,0
BANKNIFTY09OCT2451100CE.NFO,2024-09-16,12:32:00,2024-10-09,1602.95,1602.95,1602.95,1602.95,0,300,0
BANKNIFTY09OCT2451100CE.NFO,2024-09-16,12:33:00,2024-10-09,1602.95,1602.95,1602.95,1602.95,0,300,0
BANKNIFTY09OCT2451100CE.NFO,2024-09-16,12:34:00,2024-10-09,1602.95,1602.95,1602.95,1602.95,0,300,0
BANKNIFTY09OCT2451100CE.NFO,2024-09-16,12:35:00,2024-10-09,1602.95,1602.95,1602.95,1602.95,0,300,0
BANKNIFTY09OCT2451100CE.NFO,2024-09-16,12:36:00,2024-10-09,1602.95,1602.95,1602.95,1602.95,0,300,0
BANKNIFTY09OCT2451100CE.NFO,2024-09-16,12:37:00,2024-10-09,1602.95,1602.95,1602.95,1602.95,0,300,0
BANKNIFTY09OCT2451100CE.NFO,2024-09-16,12:38:00,2024-10-09,1602.95,1602.95,1602.95,1602.95,0,300,0
BANKNIFTY09OCT2451100CE.NFO,2024-09-16,12:39:00,2024-10-09,1602.95,1602.95,1602.95,1602.95,0,300,0
BANKNIFTY09OCT2451100CE.NFO,2024-09-16,12:40:00,2024-10-09,1602.95,1602.95,1602.95,1602.95,0,300,0
BANKNIFTY09OCT2451100CE.NFO,2024-09-16,12:41:00,2024-10-09,1602.95,1602.95,1602.95,1602.95,0,300,0
BANKNIFTY09OCT2451100CE.NFO,2024-09-16,12:42:00,2024-10-09,1602.95,1602.95,1602.95,1602.95,0,300,0
BANKNIFTY09OCT2451100CE.NFO,2024-09-16,12:43:00,2024-10-09,1602.95,1602.95,1602.95,1602.95,0,300,0
BANKNIFTY09OCT2451100CE.NFO,2024-09-16,12:44:00,2024-10-09,1602.95,1602.95,1602.95,1602.95,0,300,0
BANKNIFTY09OCT2451100CE.NFO,2024-09-16,12:45:00,2024-10-09,1602.95,1602.95,1602.95,1602.95,0,300,0
BANKNIFTY09OCT2451100CE.NFO,2024-09-16,12:46:00,2024-10-09,1602.95,1602.95,1602.95,1602.95,0,300,0
BANKNIFTY09OCT2451100CE.NFO,2024-09-16,12:47:00,2024-10-09,1602.95,1602.95,1602.95,1602.95,0,300,0
BANKNIFTY09OCT2451100CE.NFO,2024-09-16,12:48:00,2024-10-09,1602.95,1602.95,1602.95,1602.95,0,300,0
BANKNIFTY09OCT2451100CE.NFO,2024-09-16,12:49:00,2024-10-09,1602.95,1602.95,1602.95,1602.95,0,300,0
BANKNIFTY09OCT2451100CE.NFO,2024-09-16,12:50:00,2024-10-09,1602.95,1602.95,1602.95,1602.95,0,300,0
BANKNIFTY09OCT2451100CE.NFO,2024-09-16,12:51:00,2024-10-09,1602.95,1602.95,1602.95,1602.95,0,300,0
BANKNIFTY09OCT2451100CE.NFO,2024-09-16,12:52:00,2024-10-09,1602.95,1602.95,1602.95,1602.95,0,300,0
BANKNIFTY09OCT2451100CE.NFO,2024-09-16,12:53:00,2024-10-09,1602.95,1602.95,1602.95,1602.95,0,300,0
BANKNIFTY09OCT2451100CE.NFO,2024-09-16,12:54:00,2024-10-09,1602.95,1602.95,1602.95,1602.95,0,300,0
BANKNIFTY09OCT2451100CE.NFO,2024-09-16,12:55:00,2024-10-09,1602.95,1602.95,1602.95,1602.95,0,300,0
BANKNIFTY09OCT2451100CE.NFO,2024-09-16,12:56:00,2024-10-09,1602.95,1602.95,1602.95,1602.95,0,300,0
BANKNIFTY09OCT2451100CE.NFO,2024-09-16,12:57:00,2024-10-09,1602.95,1602.95,1602.95,1602.95,0,300,0
BANKNIFTY09OCT2451100CE.NFO,2024-09-16,12:58:00,2024-10-09,1602.95,1602.95,1602.95,1602.95,0,300,0
BANKNIFTY09OCT2451100CE.NFO,2024-09-16,12:59:00,2024-10-09,1602.95,1602.95,1602.95,1602.95,0,300,0
BANKNIFTY09OCT2451100CE.NFO,2024-09-16,13:00:00,2024-10-09,1602.95,1602.95,1602.95,1602.95,0,300,0
BANKNIFTY09OCT2451100CE.NFO,2024-09-16,13:01:00,2024-10-09,1602.95,1602.95,1602.95,1602.95,0,300,0
BANKNIFTY09OCT2451100CE.NFO,2024-09-16,13:02:00,2024-10-09,1602.95,1602.95,1602.95,1602.95,0,300,0
BANKNIFTY09OCT2451100CE.NFO,2024-09-16,13:03:00,2024-10-09,1602.95,1602.95,1602.95,1602.95,0,300,0
BANKNIFTY09OCT2451100CE.NFO,2024-09-16,13:04:00,2024-10-09,1602.95,1602.95,1602.95,1602.95,0,300,0
BANKNIFTY09OCT2451100CE.NFO,2024-09-16,13:05:00,2024-10-09,1602.95,1602.95,1602.95,1602.95,0,300,0
BANKNIFTY09OCT2451100CE.NFO,2024-09-16,13:06:00,2024-10-09,1602.95,1602.95,1602.95,1602.95,0,300,0
BANKNIFTY09OCT2451100CE.NFO,2024-09-16,13:07:00,2024-10-09,1602.95,1602.95,1602.95,1602.95,0,300,0
BANKNIFTY09OCT2451100CE.NFO,2024-09-16,13:08:00,2024-10-09,1602.95,1602.95,1602.95,1602.95,0,300,0
BANKNIFTY09OCT2451100CE.NFO,2024-09-16,13:09:00,2024-10-09,1602.95,1602.95,1602.95,1602.95,0,300,0
BANKNIFTY09OCT2451100CE.NFO,2024-09-16,13:10:00,2024-10-09,1602.95,1602.95,1602.95,1602.95,0,300,0
BANKNIFTY09OCT2451100CE.NFO,2024-09-16,13:11:00,2024-10-09,1602.95,1602.95,1602.95,1602.95,0,300,0
BANKNIFTY09OCT2451100CE.NFO,2024-09-16,13:12:00,2024-10-09,1602.95,1602.95,1602.95,1602.95,0,300,0
BANKNIFTY09OCT2451100CE.NFO,2024-09-16,13:13:00,2024-10-09,1602.95,1602.95,1602.95,1602.95,0,300,0
BANKNIFTY09OCT2451100CE.NFO,2024-09-16,13:14:00,2024-10-09,1602.95,1602.95,1602.95,1602.95,0,300,0
BANKNIFTY09OCT2451100CE.NFO,2024-09-16,13:15:00,2024-10-09,1602.95,1602.95,1602.95,1602.95,0,300,0
BANKNIFTY09OCT2451100CE.NFO,2024-09-16,13:16:00,2024-10-09,1602.95,1602.95,1602.95,1602.95,0,300,0
BANKNIFTY09OCT2451100CE.NFO,2024-09-16,13:17:00,2024-10-09,1602.95,1602.95,1602.95,1602.95,0,300,0
BANKNIFTY09OCT2451100CE.NFO,2024-09-16,13:18:00,2024-10-09,1602.95,1602.95,1602.95,1602.95,0,300,0
BANKNIFTY09OCT2451100CE.NFO,2024-09-16,13:19:00,2024-10-09,1602.95,1602.95,1602.95,1602.95,0,300,0
BANKNIFTY09OCT2451100CE.NFO,2024-09-16,13:20:00,2024-10-09,1602.95,1602.95,1602.95,1602.95,0,300,0
BANKNIFTY09OCT2451100CE.NFO,2024-09-16,13:21:00,2024-10-09,1602.95,1602.95,1602.95,1602.95,0,300,0
BANKNIFTY09OCT2451100CE.NFO,2024-09-16,13:22:00,2024-10-09,1602.95,1602.95,1602.95,1602.95,0,300,0
BANKNIFTY09OCT2451100CE.NFO,2024-09-16,13:23:00,2024-10-09,1602.95,1602.95,1602.95,1602.95,0,300,0
BANKNIFTY09OCT2451100CE.NFO,2024-09-16,13:24:00,2024-10-09,1602.95,1602.95,1602.95,1602.95,0,300,0
BANKNIFTY09OCT2451100CE.NFO,2024-09-16,13:25:00,2024-10-09,1602.95,1602.95,1602.95,1602.95,0,300,0
BANKNIFTY09OCT2451100CE.NFO,2024-09-16,13:26:00,2024-10-09,1602.95,1602.95,1602.95,1602.95,0,300,0
BANKNIFTY09OCT2451100CE.NFO,2024-09-16,13:27:00,2024-10-09,1602.95,1602.95,1602.95,1602.95,0,300,0
BANKNIFTY09OCT2451100CE.NFO,2024-09-16,13:28:00,2024-10-09,1602.95,1602.95,1602.95,1602.95,0,300,0
BANKNIFTY09OCT2451100CE.NFO,2024-09-16,13:29:00,2024-10-09,1602.95,1602.95,1602.95,1602.95,0,300,0
BANKNIFTY09OCT2451100CE.NFO,2024-09-16,13:30:00,2024-10-09,1602.95,1602.95,1602.95,1602.95,0,300,0
BANKNIFTY09OCT2451100CE.NFO,2024-09-16,13:31:00,2024-10-09,1602.95,1602.95,1602.95,1602.95,0,300,0
BANKNIFTY09OCT2451100CE.NFO,2024-09-16,13:32:00,2024-10-09,1602.95,1602.95,1602.95,1602.95,0,300,0
BANKNIFTY09OCT2451100CE.NFO,2024-09-16,13:33:00,2024-10-09,1602.95,1602.95,1602.95,1602.95,0,300,0
BANKNIFTY09OCT2451100CE.NFO,2024-09-16,13:34:00,2024-10-09,1602.95,1602.95,1602.95,1602.95,0,300,0
BANKNIFTY09OCT2451100CE.NFO,2024-09-16,13:35:00,2024-10-09,1602.95,1602.95,1602.95,1602.95,0,300,0
BANKNIFTY09OCT2451100CE.NFO,2024-09-16,13:36:00,2024-10-09,1602.95,1602.95,1602.95,1602.95,0,300,0
BANKNIFTY09OCT2451100CE.NFO,2024-09-16,13:37:00,2024-10-09,1602.95,1602.95,1602.95,1602.95,0,300,0
BANKNIFTY09OCT2451100CE.NFO,2024-09-16,13:38:00,2024-10-09,1602.95,1602.95,1602.95,1602.95,0,300,0
BANKNIFTY09OCT2451100CE.NFO,2024-09-16,13:39:00,2024-10-09,1602.95,1602.95,1602.95,1602.95,0,300,0
BANKNIFTY09OCT2451100CE.NFO,2024-09-16,13:40:00,2024-10-09,1602.95,1602.95,1602.95,1602.95,0,300,0
BANKNIFTY09OCT2451100CE.NFO,2024-09-16,13:41:00,2024-10-09,1602.95,1602.95,1602.95,1602.95,0,300,0
BANKNIFTY09OCT2451100CE.NFO,2024-09-16,13:42:00,2024-10-09,1602.95,1602.95,1602.95,1602.95,0,300,0
BANKNIFTY09OCT2451100CE.NFO,2024-09-16,13:43:00,2024-10-09,1602.95,1602.95,1602.95,1602.95,0,300,0
BANKNIFTY09OCT2451100CE.NFO,2024-09-16,13:44:00,2024-10-09,1602.95,1602.95,1602.95,1602.95,0,300,0
BANKNIFTY09OCT2451100CE.NFO,2024-09-16,13:45:00,2024-10-09,1602.95,1602.95,1602.95,1602.95,0,300,0
BANKNIFTY09OCT2451100CE.NFO,2024-09-16,13:46:00,2024-10-09,1602.95,1602.95,1602.95,1602.95,0,300,0
BANKNIFTY09OCT2451100CE.NFO,2024-09-16,13:47:00,2024-10-09,1602.95,1602.95,1602.95,1602.95,0,300,0
BANKNIFTY09OCT2451100CE.NFO,2024-09-16,13:48:00,2024-10-09,1602.95,1602.95,1602.95,1602.95,0,300,0
BANKNIFTY09OCT2451100CE.NFO,2024-09-16,13:49:00,2024-10-09,1602.95,1602.95,1602.95,1602.95,0,300,0
BANKNIFTY09OCT2451100CE.NFO,2024-09-16,13:50:00,2024-10-09,1602.95,1602.95,1602.95,1602.95,0,300,0
BANKNIFTY09OCT2451100CE.NFO,2024-09-16,13:51:00,2024-10-09,1602.95,1602.95,1602.95,1602.95,0,300,0
BANKNIFTY09OCT2451100CE.NFO,2024-09-16,13:52:00,2024-10-09,1602.95,1602.95,1602.95,1602.95,0,300,0
BANKNIFTY09OCT2451100CE.NFO,2024-09-16,13:53:00,2024-10-09,1602.95,1602.95,1602.95,1602.95,0,300,0
BANKNIFTY09OCT2451100CE.NFO,2024-09-16,13:54:00,2024-10-09,1602.95,1602.95,1602.95,1602.95,0,300,0
BANKNIFTY09OCT2451100CE.NFO,2024-09-16,13:55:00,2024-10-09,1602.95,1602.95,1602.95,1602.95,0,300,0
BANKNIFTY09OCT2451100CE.NFO,2024-09-16,13:56:00,2024-10-09,1602.95,1602.95,1602.95,1602.95,0,300,0
BANKNIFTY09OCT2451100CE.NFO,2024-09-16,13:57:00,2024-10-09,1602.95,1602.95,1602.95,1602.95,0,300,0
BANKNIFTY09OCT2451100CE.NFO,2024-09-16,13:58:00,2024-10-09,1602.95,1602.95,1602.95,1602.95,0,300,0
BANKNIFTY09OCT2451100CE.NFO,2024-09-16,13:59:00,2024-10-09,1602.95,1602.95,1602.95,1602.95,0,300,0
BANKNIFTY09OCT2451100CE.NFO,2024-09-16,14:00:00,2024-10-09,1602.95,1602.95,1602.95,1602.95,0,300,0
BANKNIFTY09OCT2451100CE.NFO,2024-09-16,14:01:00,2024-10-09,1602.95,1602.95,1602.95,1602.95,0,300,0
BANKNIFTY09OCT2451100CE.NFO,2024-09-16,14:02:00,2024-10-09,1602.95,1602.95,1602.95,1602.95,0,300,0
BANKNIFTY09OCT2451100CE.NFO,2024-09-16,14:03:00,2024-10-09,1602.95,1602.95,1602.95,1602.95,0,300,0
BANKNIFTY09OCT2451100CE.NFO,2024-09-16,14:04:00,2024-10-09,1602.95,1602.95,1602.95,1602.95,0,300,0
BANKNIFTY09OCT2451100CE.NFO,2024-09-16,14:05:00,2024-10-09,1602.95,1602.95,1602.95,1602.95,0,300,0
BANKNIFTY09OCT2451100CE.NFO,2024-09-16,14:06:00,2024-10-09,1602.95,1602.95,1602.95,1602.95,0,300,0
BANKNIFTY09OCT2451100CE.NFO,2024-09-16,14:07:00,2024-10-09,1602.95,1602.95,1602.95,1602.95,0,300,0
BANKNIFTY09OCT2451100CE.NFO,2024-09-16,14:08:00,2024-10-09,1602.95,1602.95,1602.95,1602.95,0,300,0
BANKNIFTY09OCT2451100CE.NFO,2024-09-16,14:09:00,2024-10-09,1602.95,1602.95,1602.95,1602.95,0,300,0
BANKNIFTY09OCT2451100CE.NFO,2024-09-16,14:10:00,2024-10-09,1602.95,1602.95,1602.95,1602.95,0,300,0
BANKNIFTY09OCT2451100CE.NFO,2024-09-16,14:11:00,2024-10-09,1602.95,1602.95,1602.95,1602.95,0,300,0
BANKNIFTY09OCT2451100CE.NFO,2024-09-16,14:12:00,2024-10-09,1602.95,1602.95,1602.95,1602.95,0,300,0
BANKNIFTY09OCT2451100CE.NFO,2024-09-16,14:13:00,2024-10-09,1602.95,1602.95,1602.95,1602.95,0,300,0
BANKNIFTY09OCT2451100CE.NFO,2024-09-16,14:14:00,2024-10-09,1602.95,1602.95,1602.95,1602.95,0,300,0
BANKNIFTY09OCT2451100CE.NFO,2024-09-16,14:15:00,2024-10-09,1602.95,1602.95,1602.95,1602.95,0,300,0
BANKNIFTY09OCT2451100CE.NFO,2024-09-16,14:16:00,2024-10-09,1602.95,1602.95,1602.95,1602.95,0,300,0
BANKNIFTY09OCT2451100CE.NFO,2024-09-16,14:17:00,2024-10-09,1602.95,1602.95,1602.95,1602.95,0,300,0
BANKNIFTY09OCT2451100CE.NFO,2024-09-16,14:18:00,2024-10-09,1602.95,1602.95,1602.95,1602.95,0,300,0
BANKNIFTY09OCT2451100CE.NFO,2024-09-16,14:19:00,2024-10-09,1602.95,1602.95,1602.95,1602.95,0,300,0
BANKNIFTY09OCT2451100CE.NFO,2024-09-16,14:20:00,2024-10-09,1602.95,1602.95,1602.95,1602.95,0,300,0
BANKNIFTY09OCT2451100CE.NFO,2024-09-16,14:21:00,2024-10-09,1602.95,1602.95,1602.95,1602.95,0,300,0
BANKNIFTY09OCT2451100CE.NFO,2024-09-16,14:22:00,2024-10-09,1602.95,1602.95,1602.95,1602.95,0,300,0
BANKNIFTY09OCT2451100CE.NFO,2024-09-16,14:23:00,2024-10-09,1602.95,1602.95,1602.95,1602.95,0,300,0
BANKNIFTY09OCT2451100CE.NFO,2024-09-16,14:24:00,2024-10-09,1602.95,1602.95,1602.95,1602.95,0,300,0
BANKNIFTY09OCT2451100CE.NFO,2024-09-16,14:25:00,2024-10-09,1602.95,1602.95,1602.95,1602.95,0,300,0
BANKNIFTY09OCT2451100CE.NFO,2024-09-16,14:26:00,2024-10-09,1602.95,1602.95,1602.95,1602.95,0,300,0
BANKNIFTY09OCT2451100CE.NFO,2024-09-16,14:27:00,2024-10-09,1602.95,1602.95,1602.95,1602.95,0,300,0
BANKNIFTY09OCT2451100CE.NFO,2024-09-16,14:28:00,2024-10-09,1602.95,1602.95,1602.95,1602.95,0,300,0
BANKNIFTY09OCT2451100CE.NFO,2024-09-16,14:29:00,2024-10-09,1602.95,1602.95,1602.95,1602.95,0,300,0
BANKNIFTY09OCT2451100CE.NFO,2024-09-16,14:30:00,2024-10-09,1602.95,1602.95,1602.95,1602.95,0,300,0
BANKNIFTY09OCT2451100CE.NFO,2024-09-16,14:31:00,2024-10-09,1602.95,1602.95,1602.95,1602.95,0,300,0
BANKNIFTY09OCT2451100CE.NFO,2024-09-16,14:32:00,2024-10-09,1602.95,1602.95,1602.95,1602.95,0,300,0
BANKNIFTY09OCT2451100CE.NFO,2024-09-16,14:33:00,2024-10-09,1602.95,1602.95,1602.95,1602.95,0,300,0
BANKNIFTY09OCT2451100CE.NFO,2024-09-16,14:34:00,2024-10-09,1602.95,1602.95,1602.95,1602.95,0,300,0
BANKNIFTY09OCT2451100CE.NFO,2024-09-16,14:35:00,2024-10-09,1602.95,1602.95,1602.95,1602.95,0,300,0
BANKNIFTY09OCT2451100CE.NFO,2024-09-16,14:36:00,2024-10-09,1602.95,1602.95,1602.95,1602.95,0,300,0
BANKNIFTY09OCT2451100CE.NFO,2024-09-16,14:37:00,2024-10-09,1602.95,1602.95,1602.95,1602.95,0,300,0
BANKNIFTY09OCT2451100CE.NFO,2024-09-16,14:38:00,2024-10-09,1602.95,1602.95,1602.95,1602.95,0,300,0
BANKNIFTY09OCT2451100CE.NFO,2024-09-16,14:39:00,2024-10-09,1602.95,1602.95,1602.95,1602.95,0,300,0
BANKNIFTY09OCT2451100CE.NFO,2024-09-16,14:40:00,2024-10-09,1602.95,1602.95,1602.95,1602.95,0,300,0
BANKNIFTY09OCT2451100CE.NFO,2024-09-16,14:41:00,2024-10-09,1602.95,1602.95,1602.95,1602.95,0,300,0
BANKNIFTY09OCT2451100CE.NFO,2024-09-16,14:42:00,2024-10-09,1602.95,1602.95,1602.95,1602.95,0,300,0
BANKNIFTY09OCT2451100CE.NFO,2024-09-16,14:43:00,2024-10-09,1602.95,1602.95,1602.95,1602.95,0,300,0
BANKNIFTY09OCT2451100CE.NFO,2024-09-16,14:44:00,2024-10-09,1602.95,1602.95,1602.95,1602.95,0,300,1
BANKNIFTY09OCT2451100CE.NFO,2024-09-16,14:45:00,2024-10-09,1602.95,1602.95,1602.95,1602.95,0,300,0
BANKNIFTY09OCT2451100CE.NFO,2024-09-16,14:46:00,2024-10-09,1602.95,1602.95,1602.95,1602.95,0,300,0
BANKNIFTY09OCT2451100CE.NFO,2024-09-16,14:47:00,2024-10-09,1602.95,1602.95,1602.95,1602.95,0,300,0
BANKNIFTY09OCT2451100CE.NFO,2024-09-16,14:48:00,2024-10-09,1602.95,1602.95,1602.95,1602.95,0,300,0
BANKNIFTY09OCT2451100CE.NFO,2024-09-16,14:49:00,2024-10-09,1602.95,1602.95,1602.95,1602.95,0,300,0
BANKNIFTY09OCT2451100CE.NFO,2024-09-16,14:50:00,2024-10-09,1602.95,1602.95,1602.95,1602.95,0,300,0
BANKNIFTY09OCT2451100CE.NFO,2024-09-16,14:51:00,2024-10-09,1602.95,1602.95,1602.95,1602.95,0,300,0
BANKNIFTY09OCT2451100CE.NFO,2024-09-16,14:52:00,2024-10-09,1602.95,1602.95,1602.95,1602.95,0,300,0
BANKNIFTY09OCT2451100CE.NFO,2024-09-16,14:53:00,2024-10-09,1602.95,1602.95,1602.95,1602.95,0,300,0
BANKNIFTY09OCT2451100CE.NFO,2024-09-16,14:54:00,2024-10-09,1602.95,1602.95,1602.95,1602.95,0,300,0
BANKNIFTY09OCT2451100CE.NFO,2024-09-16,14:55:00,2024-10-09,1602.95,1602.95,1602.95,1602.95,0,300,0
BANKNIFTY09OCT2451100CE.NFO,2024-09-16,14:56:00,2024-10-09,1602.95,1602.95,1602.95,1602.95,0,300,0
BANKNIFTY09OCT2451100CE.NFO,2024-09-16,14:57:00,2024-10-09,1602.95,1602.95,1602.95,1602.95,0,300,0
BANKNIFTY09OCT2451100CE.NFO,2024-09-16,14:58:00,2024-10-09,1602.95,1602.95,1602.95,1602.95,0,300,0
BANKNIFTY09OCT2451100CE.NFO,2024-09-16,14:59:00,2024-10-09,1602.95,1602.95,1602.95,1602.95,0,300,0
BANKNIFTY09OCT2451100CE.NFO,2024-09-16,15:00:00,2024-10-09,1602.95,1602.95,1602.95,1602.95,0,300,0
BANKNIFTY09OCT2451100CE.NFO,2024-09-16,15:01:00,2024-10-09,1602.95,1602.95,1602.95,1602.95,0,300,0
BANKNIFTY09OCT2451100CE.NFO,2024-09-16,15:02:00,2024-10-09,1602.95,1602.95,1602.95,1602.95,0,300,0
BANKNIFTY09OCT2451100CE.NFO,2024-09-16,15:03:00,2024-10-09,1602.95,1602.95,1602.95,1602.95,0,300,0
BANKNIFTY09OCT2451100CE.NFO,2024-09-16,15:04:00,2024-10-09,1602.95,1602.95,1602.95,1602.95,0,300,0
BANKNIFTY09OCT2451100CE.NFO,2024-09-16,15:05:00,2024-10-09,1602.95,1602.95,1602.95,1602.95,0,300,0
BANKNIFTY09OCT2451100CE.NFO,2024-09-16,15:06:00,2024-10-09,1602.95,1602.95,1602.95,1602.95,0,300,0
BANKNIFTY09OCT2451100CE.NFO,2024-09-16,15:07:00,2024-10-09,1602.95,1602.95,1602.95,1602.95,0,300,0
BANKNIFTY09OCT2451100CE.NFO,2024-09-16,15:08:00,2024-10-09,1602.95,1602.95,1602.95,1602.95,0,300,0
BANKNIFTY09OCT2451100CE.NFO,2024-09-16,15:09:00,2024-10-09,1602.95,1602.95,1602.95,1602.95,0,300,0
BANKNIFTY09OCT2451100CE.NFO,2024-09-16,15:10:00,2024-10-09,1602.95,1602.95,1602.95,1602.95,0,300,0
BANKNIFTY09OCT2451100CE.NFO,2024-09-16,15:11:00,2024-10-09,1602.95,1602.95,1602.95,1602.95,0,300,0
BANKNIFTY09OCT2451100CE.NFO,2024-09-16,15:12:00,2024-10-09,1602.95,1602.95,1602.95,1602.95,0,300,0
BANKNIFTY09OCT2451100CE.NFO,2024-09-16,15:13:00,2024-10-09,1602.95,1602.95,1602.95,1602.95,0,300,0
BANKNIFTY09OCT2451100CE.NFO,2024-09-16,15:14:00,2024-10-09,1602.95,1602.95,1602.95,1602.95,0,300,0
BANKNIFTY09OCT2451100CE.NFO,2024-09-16,15:15:00,2024-10-09,1602.95,1602.95,1602.95,1602.95,0,300,0
BANKNIFTY09OCT2451100CE.NFO,2024-09-16,15:16:00,2024-10-09,1602.95,1602.95,1602.95,1602.95,0,300,0
BANKNIFTY09OCT2451100CE.NFO,2024-09-16,15:17:00,2024-10-09,1602.95,1602.95,1602.95,1602.95,0,300,0
BANKNIFTY09OCT2451100CE.NFO,2024-09-16,15:18:00,2024-10-09,1602.95,1602.95,1602.95,1602.95,0,300,0
BANKNIFTY09OCT2451100CE.NFO,2024-09-16,15:19:00,2024-10-09,1602.95,1602.95,1602.95,1602.95,0,300,0
BANKNIFTY09OCT2451100CE.NFO,2024-09-16,15:20:00,2024-10-09,1602.95,1602.95,1602.95,1602.95,0,300,0
BANKNIFTY09OCT2451100CE.NFO,2024-09-16,15:21:00,2024-10-09,1602.95,1602.95,1602.95,1602.95,0,300,0
BANKNIFTY09OCT2451100CE.NFO,2024-09-16,15:22:00,2024-10-09,1602.95,1602.95,1602.95,1602.95,0,300,0
BANKNIFTY09OCT2451100CE.NFO,2024-09-16,15:23:00,2024-10-09,1602.95,1602.95,1602.95,1602.95,0,300,0
BANKNIFTY09OCT2451100CE.NFO,2024-09-16,15:24:00,2024-10-09,1602.95,1602.95,1602.95,1602.95,0,300,0
BANKNIFTY09OCT2451100CE.NFO,2024-09-16,15:25:00,2024-10-09,1602.95,1602.95,1602.95,1602.95,0,300,0
BANKNIFTY09OCT2451100CE.NFO,2024-09-16,15:26:00,2024-10-09,1602.95,1602.95,1602.95,1602.95,0,300,0
BANKNIFTY09OCT2451100CE.NFO,2024-09-16,15:27:00,2024-10-09,1602.95,1602.95,1602.95,1602.95,0,300,0
BANKNIFTY09OCT2451100CE.NFO,2024-09-16,15:28:00,2024-10-09,1602.95,1602.95,1602.95,1602.95,0,300,0
BANKNIFTY09OCT2451100CE.NFO,2024-09-16,15:29:00,2024-10-09,1602.95,1602.95,1602.95,1602.95,0,300,0
BANKNIFTY09OCT2451100CE.NFO,2024-09-16,15:30:00,2024-10-09,1602.95,1602.95,1602.95,1602.95,0,300,1
BANKNIFTY09OCT2451100CE.NFO,2024-09-17,09:15:00,2024-10-09,1554.6,1554.6,1554.6,1554.6,0,180,1
BANKNIFTY09OCT2451100CE.NFO,2024-09-17,09:16:00,2024-10-09,1554.6,1554.6,1554.6,1554.6,0,180,1
BANKNIFTY09OCT2451100CE.NFO,2024-09-17,09:17:00,2024-10-09,1554.6,1554.6,1554.6,1554.6,0,180,1
BANKNIFTY09OCT2451100CE.NFO,2024-09-17,09:18:00,2024-10-09,1554.6,1554.6,1554.6,1554.6,0,180,1
BANKNIFTY09OCT2451100CE.NFO,2024-09-17,09:19:00,2024-10-09,1554.6,1554.6,1554.6,1554.6,0,180,1
BANKNIFTY09OCT2451100CE.NFO,2024-09-17,09:20:00,2024-10-09,1554.6,1554.6,1554.6,1554.6,0,180,1
BANKNIFTY09OCT2451100CE.NFO,2024-09-17,09:21:00,2024-10-09,1554.6,1554.6,1554.6,1554.6,0,180,1
BANKNIFTY09OCT2451100CE.NFO,2024-09-17,09:22:00,2024-10-09,1554.6,1554.6,1554.6,1554.6,0,180,1
BANKNIFTY09OCT2451100CE.NFO,2024-09-17,09:23:00,2024-10-09,1554.6,1554.6,1554.6,1554.6,0,180,1
BANKNIFTY09OCT2451100CE.NFO,2024-09-17,09:24:00,2024-10-09,1554.6,1554.6,1554.6,1554.6,0,180,1
BANKNIFTY09OCT2451100CE.NFO,2024-09-17,09:25:00,2024-10-09,1554.6,1554.6,1554.6,1554.6,0,180,1
BANKNIFTY09OCT2451100CE.NFO,2024-09-17,09:26:00,2024-10-09,1554.6,1554.6,1554.6,1554.6,0,180,1
BANKNIFTY09OCT2451100CE.NFO,2024-09-17,09:27:00,2024-10-09,1554.6,1554.6,1554.6,1554.6,0,180,1
BANKNIFTY09OCT2451100CE.NFO,2024-09-17,09:28:00,2024-10-09,1554.6,1554.6,1554.6,1554.6,0,180,1
BANKNIFTY09OCT2451100CE.NFO,2024-09-17,09:29:00,2024-10-09,1554.6,1554.6,1554.6,1554.6,0,180,1
BANKNIFTY09OCT2451100CE.NFO,2024-09-17,09:30:00,2024-10-09,1554.6,1554.6,1554.6,1554.6,0,180,1
BANKNIFTY09OCT2451100CE.NFO,2024-09-17,09:31:00,2024-10-09,1554.6,1554.6,1554.6,1554.6,0,180,1
BANKNIFTY09OCT2451100CE.NFO,2024-09-17,09:32:00,2024-10-09,1554.6,1554.6,1554.6,1554.6,0,180,1
BANKNIFTY09OCT2451100CE.NFO,2024-09-17,09:33:00,2024-10-09,1554.6,1554.6,1554.6,1554.6,0,180,1
BANKNIFTY09OCT2451100CE.NFO,2024-09-17,09:34:00,2024-10-09,1554.6,1554.6,1554.6,1554.6,0,180,1
BANKNIFTY09OCT2451100CE.NFO,2024-09-17,09:35:00,2024-10-09,1554.6,1554.6,1554.6,1554.6,0,180,1
BANKNIFTY09OCT2451100CE.NFO,2024-09-17,09:36:00,2024-10-09,1554.6,1554.6,1554.6,1554.6,0,180,1
BANKNIFTY09OCT2451100CE.NFO,2024-09-17,09:37:00,2024-10-09,1554.6,1554.6,1554.6,1554.6,0,180,1
BANKNIFTY09OCT2451100CE.NFO,2024-09-17,09:38:00,2024-10-09,1554.6,1554.6,1554.6,1554.6,0,180,1
BANKNIFTY09OCT2451100CE.NFO,2024-09-17,09:39:00,2024-10-09,1554.6,1554.6,1554.6,1554.6,0,180,1
BANKNIFTY09OCT2451100CE.NFO,2024-09-17,09:40:00,2024-10-09,1554.6,1554.6,1554.6,1554.6,0,180,1
BANKNIFTY09OCT2451100CE.NFO,2024-09-17,09:41:00,2024-10-09,1554.6,1554.6,1554.6,1554.6,0,180,1
BANKNIFTY09OCT2451100CE.NFO,2024-09-17,09:42:00,2024-10-09,1554.6,1554.6,1554.6,1554.6,0,180,1
BANKNIFTY09OCT2451100CE.NFO,2024-09-17,09:43:00,2024-10-09,1554.6,1554.6,1554.6,1554.6,0,180,1
BANKNIFTY09OCT2451100CE.NFO,2024-09-17,09:44:00,2024-10-09,1554.6,1554.6,1554.6,1554.6,0,180,1
BANKNIFTY09OCT2451100CE.NFO,2024-09-17,09:45:00,2024-10-09,1554.6,1554.6,1554.6,1554.6,0,180,1
BANKNIFTY09OCT2451100CE.NFO,2024-09-17,09:46:00,2024-10-09,1554.6,1554.6,1554.6,1554.6,0,180,1
BANKNIFTY09OCT2451100CE.NFO,2024-09-17,09:47:00,2024-10-09,1554.6,1554.6,1554.6,1554.6,0,180,1
BANKNIFTY09OCT2451100CE.NFO,2024-09-17,09:48:00,2024-10-09,1554.6,1554.6,1554.6,1554.6,0,180,1
BANKNIFTY09OCT2451100CE.NFO,2024-09-17,09:49:00,2024-10-09,1554.6,1554.6,1554.6,1554.6,0,180,1
BANKNIFTY09OCT2451100CE.NFO,2024-09-17,09:50:00,2024-10-09,1554.6,1554.6,1554.6,1554.6,0,180,1
BANKNIFTY09OCT2451100CE.NFO,2024-09-17,09:51:00,2024-10-09,1554.6,1554.6,1554.6,1554.6,0,180,1
BANKNIFTY09OCT2451100CE.NFO,2024-09-17,09:52:00,2024-10-09,1554.6,1554.6,1554.6,1554.6,0,180,1
BANKNIFTY09OCT2451100CE.NFO,2024-09-17,09:53:00,2024-10-09,1554.6,1554.6,1554.6,1554.6,0,180,1
BANKNIFTY09OCT2451100CE.NFO,2024-09-17,09:54:00,2024-10-09,1554.6,1554.6,1554.6,1554.6,0,180,1
BANKNIFTY09OCT2451100CE.NFO,2024-09-17,09:55:00,2024-10-09,1554.6,1554.6,1554.6,1554.6,0,180,1
BANKNIFTY09OCT2451100CE.NFO,2024-09-17,09:56:00,2024-10-09,1554.6,1554.6,1554.6,1554.6,0,180,1
BANKNIFTY09OCT2451100CE.NFO,2024-09-17,09:57:00,2024-10-09,1554.6,1554.6,1554.6,1554.6,0,180,1
BANKNIFTY09OCT2451100CE.NFO,2024-09-17,09:58:00,2024-10-09,1554.6,1554.6,1554.6,1554.6,0,180,1
BANKNIFTY09OCT2451100CE.NFO,2024-09-17,09:59:00,2024-10-09,1554.6,1554.6,1554.6,1554.6,0,180,1
BANKNIFTY09OCT2451100CE.NFO,2024-09-17,10:00:00,2024-10-09,1554.6,1554.6,1554.6,1554.6,0,180,1
BANKNIFTY09OCT2451100CE.NFO,2024-09-17,10:01:00,2024-10-09,1554.6,1554.6,1554.6,1554.6,0,180,1
BANKNIFTY09OCT2451100CE.NFO,2024-09-17,10:02:00,2024-10-09,1554.6,1554.6,1554.6,1554.6,0,180,1
BANKNIFTY09OCT2451100CE.NFO,2024-09-17,10:03:00,2024-10-09,1554.6,1554.6,1554.6,1554.6,0,180,1
BANKNIFTY09OCT2451100CE.NFO,2024-09-17,10:04:00,2024-10-09,1554.6,1554.6,1554.6,1554.6,0,180,1
BANKNIFTY09OCT2451100CE.NFO,2024-09-17,10:05:00,2024-10-09,1554.6,1554.6,1554.6,1554.6,0,180,1
BANKNIFTY09OCT2451100CE.NFO,2024-09-17,10:06:00,2024-10-09,1554.6,1554.6,1554.6,1554.6,0,180,1
BANKNIFTY09OCT2451100CE.NFO,2024-09-17,10:07:00,2024-10-09,1554.6,1554.6,1554.6,1554.6,0,180,1
BANKNIFTY09OCT2451100CE.NFO,2024-09-17,10:08:00,2024-10-09,1554.6,1554.6,1554.6,1554.6,0,180,1
BANKNIFTY09OCT2451100CE.NFO,2024-09-17,10:09:00,2024-10-09,1554.6,1554.6,1554.6,1554.6,0,180,1
BANKNIFTY09OCT2451100CE.NFO,2024-09-17,10:10:00,2024-10-09,1554.6,1554.6,1554.6,1554.6,0,180,1
BANKNIFTY09OCT2451100CE.NFO,2024-09-17,10:11:00,2024-10-09,1554.6,1554.6,1554.6,1554.6,0,180,1
BANKNIFTY09OCT2451100CE.NFO,2024-09-17,10:12:00,2024-10-09,1554.6,1554.6,1554.6,1554.6,0,180,1
BANKNIFTY09OCT2451100CE.NFO,2024-09-17,10:13:00,2024-10-09,1554.6,1554.6,1554.6,1554.6,0,180,1
BANKNIFTY09OCT2451100CE.NFO,2024-09-17,10:14:00,2024-10-09,1554.6,1554.6,1554.6,1554.6,0,180,1
BANKNIFTY09OCT2451100CE.NFO,2024-09-17,10:15:00,2024-10-09,1554.6,1554.6,1554.6,1554.6,0,180,1
BANKNIFTY09OCT2451100CE.NFO,2024-09-17,10:16:00,2024-10-09,1554.6,1554.6,1554.6,1554.6,0,180,1
BANKNIFTY09OCT2451100CE.NFO,2024-09-17,10:17:00,2024-10-09,1554.6,1554.6,1554.6,1554.6,0,180,0
BANKNIFTY09OCT2451100CE.NFO,2024-09-17,10:18:00,2024-10-09,1554.6,1554.6,1554.6,1554.6,0,180,0
BANKNIFTY09OCT2451100CE.NFO,2024-09-17,10:19:00,2024-10-09,1554.6,1554.6,1554.6,1554.6,0,180,0
BANKNIFTY09OCT2451100CE.NFO,2024-09-17,10:20:00,2024-10-09,1554.6,1554.6,1554.6,1554.6,0,180,0
BANKNIFTY09OCT2451100CE.NFO,2024-09-17,10:21:00,2024-10-09,1554.6,1554.6,1554.6,1554.6,0,180,0
BANKNIFTY09OCT2451100CE.NFO,2024-09-17,10:22:00,2024-10-09,1554.6,1554.6,1554.6,1554.6,0,180,0
BANKNIFTY09OCT2451100CE.NFO,2024-09-17,10:23:00,2024-10-09,1554.6,1554.6,1554.6,1554.6,0,180,0
BANKNIFTY09OCT2451100CE.NFO,2024-09-17,10:24:00,2024-10-09,1554.6,1554.6,1554.6,1554.6,0,180,0
BANKNIFTY09OCT2451100CE.NFO,2024-09-17,10:25:00,2024-10-09,1554.6,1554.6,1554.6,1554.6,0,180,0
BANKNIFTY09OCT2451100CE.NFO,2024-09-17,10:26:00,2024-10-09,1554.6,1554.6,1554.6,1554.6,0,180,0
BANKNIFTY09OCT2451100CE.NFO,2024-09-17,10:27:00,2024-10-09,1554.6,1554.6,1554.6,1554.6,0,180,0
BANKNIFTY09OCT2451100CE.NFO,2024-09-17,10:28:00,2024-10-09,1554.6,1554.6,1554.6,1554.6,0,180,0
BANKNIFTY09OCT2451100CE.NFO,2024-09-17,10:29:00,2024-10-09,1554.6,1554.6,1554.6,1554.6,0,180,0
BANKNIFTY09OCT2451100CE.NFO,2024-09-17,10:30:00,2024-10-09,1554.6,1554.6,1554.6,1554.6,0,180,0
BANKNIFTY09OCT2451100CE.NFO,2024-09-17,10:31:00,2024-10-09,1554.6,1554.6,1554.6,1554.6,0,180,0
BANKNIFTY09OCT2451100CE.NFO,2024-09-17,10:32:00,2024-10-09,1554.6,1554.6,1554.6,1554.6,0,180,0
BANKNIFTY09OCT2451100CE.NFO,2024-09-17,10:33:00,2024-10-09,1554.6,1554.6,1554.6,1554.6,0,180,0
BANKNIFTY09OCT2451100CE.NFO,2024-09-17,10:34:00,2024-10-09,1554.6,1554.6,1554.6,1554.6,0,180,0
BANKNIFTY09OCT2451100CE.NFO,2024-09-17,10:35:00,2024-10-09,1554.6,1554.6,1554.6,1554.6,0,180,0
BANKNIFTY09OCT2451100CE.NFO,2024-09-17,10:36:00,2024-10-09,1554.6,1554.6,1554.6,1554.6,0,180,0
BANKNIFTY09OCT2451100CE.NFO,2024-09-17,10:37:00,2024-10-09,1554.6,1554.6,1554.6,1554.6,0,180,0
BANKNIFTY09OCT2451100CE.NFO,2024-09-17,10:38:00,2024-10-09,1554.6,1554.6,1554.6,1554.6,0,180,0
BANKNIFTY09OCT2451100CE.NFO,2024-09-17,10:39:00,2024-10-09,1554.6,1554.6,1554.6,1554.6,0,180,0
BANKNIFTY09OCT2451100CE.NFO,2024-09-17,10:40:00,2024-10-09,1554.6,1554.6,1554.6,1554.6,0,180,0
BANKNIFTY09OCT2451100CE.NFO,2024-09-17,10:41:00,2024-10-09,1554.6,1554.6,1554.6,1554.6,0,180,0
BANKNIFTY09OCT2451100CE.NFO,2024-09-17,10:42:00,2024-10-09,1554.6,1554.6,1554.6,1554.6,0,180,0
BANKNIFTY09OCT2451100CE.NFO,2024-09-17,10:43:00,2024-10-09,1554.6,1554.6,1554.6,1554.6,0,180,0
BANKNIFTY09OCT2451100CE.NFO,2024-09-17,10:44:00,2024-10-09,1554.6,1554.6,1554.6,1554.6,0,180,0
BANKNIFTY09OCT2451100CE.NFO,2024-09-17,10:45:00,2024-10-09,1554.6,1554.6,1554.6,1554.6,0,180,0
BANKNIFTY09OCT2451100CE.NFO,2024-09-17,10:46:00,2024-10-09,1554.6,1554.6,1554.6,1554.6,0,180,0
BANKNIFTY09OCT2451100CE.NFO,2024-09-17,10:47:00,2024-10-09,1554.6,1554.6,1554.6,1554.6,0,180,0
BANKNIFTY09OCT2451100CE.NFO,2024-09-17,10:48:00,2024-10-09,1554.6,1554.6,1554.6,1554.6,0,180,0
BANKNIFTY09OCT2451100CE.NFO,2024-09-17,10:49:00,2024-10-09,1554.6,1554.6,1554.6,1554.6,0,180,0
BANKNIFTY09OCT2451100CE.NFO,2024-09-17,10:50:00,2024-10-09,1554.6,1554.6,1554.6,1554.6,0,180,0
BANKNIFTY09OCT2451100CE.NFO,2024-09-17,10:51:00,2024-10-09,1554.6,1554.6,1554.6,1554.6,0,180,0
BANKNIFTY09OCT2451100CE.NFO,2024-09-17,10:52:00,2024-10-09,1554.6,1554.6,1554.6,1554.6,0,180,0
BANKNIFTY09OCT2451100CE.NFO,2024-09-17,10:53:00,2024-10-09,1554.6,1554.6,1554.6,1554.6,0,180,0
BANKNIFTY09OCT2451100CE.NFO,2024-09-17,10:54:00,2024-10-09,1554.6,1554.6,1554.6,1554.6,0,180,0
BANKNIFTY09OCT2451100CE.NFO,2024-09-17,10:55:00,2024-10-09,1554.6,1554.6,1554.6,1554.6,0,180,0
BANKNIFTY09OCT2451100CE.NFO,2024-09-17,10:56:00,2024-10-09,1554.6,1554.6,1554.6,1554.6,0,180,0
BANKNIFTY09OCT2451100CE.NFO,2024-09-17,10:57:00,2024-10-09,1554.6,1554.6,1554.6,1554.6,0,180,0
BANKNIFTY09OCT2451100CE.NFO,2024-09-17,10:58:00,2024-10-09,1554.6,1554.6,1554.6,1554.6,0,180,0
BANKNIFTY09OCT2451100CE.NFO,2024-09-17,10:59:00,2024-10-09,1554.6,1554.6,1554.6,1554.6,0,180,0
BANKNIFTY09OCT2451100CE.NFO,2024-09-17,11:00:00,2024-10-09,1554.6,1554.6,1554.6,1554.6,0,180,0
BANKNIFTY09OCT2451100CE.NFO,2024-09-17,11:01:00,2024-10-09,1554.6,1554.6,1554.6,1554.6,0,180,0
BANKNIFTY09OCT2451100CE.NFO,2024-09-17,11:02:00,2024-10-09,1554.6,1554.6,1554.6,1554.6,0,180,0
BANKNIFTY09OCT2451100CE.NFO,2024-09-17,11:03:00,2024-10-09,1554.6,1554.6,1554.6,1554.6,0,180,0
BANKNIFTY09OCT2451100CE.NFO,2024-09-17,11:04:00,2024-10-09,1554.6,1554.6,1554.6,1554.6,0,180,0
BANKNIFTY09OCT2451100CE.NFO,2024-09-17,11:05:00,2024-10-09,1554.6,1554.6,1554.6,1554.6,0,180,0
BANKNIFTY09OCT2451100CE.NFO,2024-09-17,11:06:00,2024-10-09,1554.6,1554.6,1554.6,1554.6,0,180,0
BANKNIFTY09OCT2451100CE.NFO,2024-09-17,11:07:00,2024-10-09,1554.6,1554.6,1554.6,1554.6,0,180,0
BANKNIFTY09OCT2451100CE.NFO,2024-09-17,11:08:00,2024-10-09,1554.6,1554.6,1554.6,1554.6,0,180,0
BANKNIFTY09OCT2451100CE.NFO,2024-09-17,11:09:00,2024-10-09,1554.6,1554.6,1554.6,1554.6,0,180,0
BANKNIFTY09OCT2451100CE.NFO,2024-09-17,11:10:00,2024-10-09,1554.6,1554.6,1554.6,1554.6,0,180,0
BANKNIFTY09OCT2451100CE.NFO,2024-09-17,11:11:00,2024-10-09,1554.6,1554.6,1554.6,1554.6,0,180,0
BANKNIFTY09OCT2451100CE.NFO,2024-09-17,11:12:00,2024-10-09,1554.6,1554.6,1554.6,1554.6,0,180,0
BANKNIFTY09OCT2451100CE.NFO,2024-09-17,11:13:00,2024-10-09,1554.6,1554.6,1554.6,1554.6,0,180,0
BANKNIFTY09OCT2451100CE.NFO,2024-09-17,11:14:00,2024-10-09,1554.6,1554.6,1554.6,1554.6,0,180,0
BANKNIFTY09OCT2451100CE.NFO,2024-09-17,11:15:00,2024-10-09,1554.6,1554.6,1554.6,1554.6,0,180,0
BANKNIFTY09OCT2451100CE.NFO,2024-09-17,11:16:00,2024-10-09,1554.6,1554.6,1554.6,1554.6,0,180,0
BANKNIFTY09OCT2451100CE.NFO,2024-09-17,11:17:00,2024-10-09,1554.6,1554.6,1554.6,1554.6,0,180,0
BANKNIFTY09OCT2451100CE.NFO,2024-09-17,11:18:00,2024-10-09,1554.6,1554.6,1554.6,1554.6,0,180,0
BANKNIFTY09OCT2451100CE.NFO,2024-09-17,11:19:00,2024-10-09,1554.6,1554.6,1554.6,1554.6,0,180,0
BANKNIFTY09OCT2451100CE.NFO,2024-09-17,11:20:00,2024-10-09,1554.6,1554.6,1554.6,1554.6,0,180,0
BANKNIFTY09OCT2451100CE.NFO,2024-09-17,11:21:00,2024-10-09,1554.6,1554.6,1554.6,1554.6,0,180,0
BANKNIFTY09OCT2451100CE.NFO,2024-09-17,11:22:00,2024-10-09,1554.6,1554.6,1554.6,1554.6,0,180,0
BANKNIFTY09OCT2451100CE.NFO,2024-09-17,11:23:00,2024-10-09,1554.6,1554.6,1554.6,1554.6,0,180,0
BANKNIFTY09OCT2451100CE.NFO,2024-09-17,11:24:00,2024-10-09,1554.6,1554.6,1554.6,1554.6,0,180,0
BANKNIFTY09OCT2451100CE.NFO,2024-09-17,11:25:00,2024-10-09,1554.6,1554.6,1554.6,1554.6,0,180,0
BANKNIFTY09OCT2451100CE.NFO,2024-09-17,11:26:00,2024-10-09,1554.6,1554.6,1554.6,1554.6,0,180,0
BANKNIFTY09OCT2451100CE.NFO,2024-09-17,11:27:00,2024-10-09,1554.6,1554.6,1554.6,1554.6,0,180,0
BANKNIFTY09OCT2451100CE.NFO,2024-09-17,11:28:00,2024-10-09,1554.6,1554.6,1554.6,1554.6,0,180,0
BANKNIFTY09OCT2451100CE.NFO,2024-09-17,11:29:00,2024-10-09,1554.6,1554.6,1554.6,1554.6,0,180,0
BANKNIFTY09OCT2451100CE.NFO,2024-09-17,11:30:00,2024-10-09,1554.6,1554.6,1554.6,1554.6,0,180,0
BANKNIFTY09OCT2451100CE.NFO,2024-09-17,11:31:00,2024-10-09,1554.6,1554.6,1554.6,1554.6,0,180,0
BANKNIFTY09OCT2451100CE.NFO,2024-09-17,11:32:00,2024-10-09,1554.6,1554.6,1554.6,1554.6,0,180,0
BANKNIFTY09OCT2451100CE.NFO,2024-09-17,11:33:00,2024-10-09,1554.6,1554.6,1554.6,1554.6,0,180,0
BANKNIFTY09OCT2451100CE.NFO,2024-09-17,11:34:00,2024-10-09,1554.6,1554.6,1554.6,1554.6,0,180,0
BANKNIFTY09OCT2451100CE.NFO,2024-09-17,11:35:00,2024-10-09,1554.6,1554.6,1554.6,1554.6,0,180,0
BANKNIFTY09OCT2451100CE.NFO,2024-09-17,11:36:00,2024-10-09,1554.6,1554.6,1554.6,1554.6,0,180,0
BANKNIFTY09OCT2451100CE.NFO,2024-09-17,11:37:00,2024-10-09,1554.6,1554.6,1554.6,1554.6,0,180,0
BANKNIFTY09OCT2451100CE.NFO,2024-09-17,11:38:00,2024-10-09,1554.6,1554.6,1554.6,1554.6,0,180,0
BANKNIFTY09OCT2451100CE.NFO,2024-09-17,11:39:00,2024-10-09,1554.6,1554.6,1554.6,1554.6,0,180,0
BANKNIFTY09OCT2451100CE.NFO,2024-09-17,11:40:00,2024-10-09,1554.6,1554.6,1554.6,1554.6,0,180,0
BANKNIFTY09OCT2451100CE.NFO,2024-09-17,11:41:00,2024-10-09,1554.6,1554.6,1554.6,1554.6,0,180,0
BANKNIFTY09OCT2451100CE.NFO,2024-09-17,11:42:00,2024-10-09,1554.6,1554.6,1554.6,1554.6,0,180,0
BANKNIFTY09OCT2451100CE.NFO,2024-09-17,11:43:00,2024-10-09,1554.6,1554.6,1554.6,1554.6,0,180,0
BANKNIFTY09OCT2451100CE.NFO,2024-09-17,11:44:00,2024-10-09,1554.6,1554.6,1554.6,1554.6,0,180,0
BANKNIFTY09OCT2451100CE.NFO,2024-09-17,11:45:00,2024-10-09,1554.6,1554.6,1554.6,1554.6,0,180,0
BANKNIFTY09OCT2451100CE.NFO,2024-09-17,11:46:00,2024-10-09,1554.6,1554.6,1554.6,1554.6,0,180,0
BANKNIFTY09OCT2451100CE.NFO,2024-09-17,11:47:00,2024-10-09,1554.6,1554.6,1554.6,1554.6,0,180,0
BANKNIFTY09OCT2451100CE.NFO,2024-09-17,11:48:00,2024-10-09,1554.6,1554.6,1554.6,1554.6,0,180,0
BANKNIFTY09OCT2451100CE.NFO,2024-09-17,11:49:00,2024-10-09,1554.6,1554.6,1554.6,1554.6,0,180,0
BANKNIFTY09OCT2451100CE.NFO,2024-09-17,11:50:00,2024-10-09,1554.6,1554.6,1554.6,1554.6,0,180,0
BANKNIFTY09OCT2451100CE.NFO,2024-09-17,11:51:00,2024-10-09,1554.6,1554.6,1554.6,1554.6,0,180,0
BANKNIFTY09OCT2451100CE.NFO,2024-09-17,11:52:00,2024-10-09,1554.6,1554.6,1554.6,1554.6,0,180,0
BANKNIFTY09OCT2451100CE.NFO,2024-09-17,11:53:00,2024-10-09,1554.6,1554.6,1554.6,1554.6,0,180,0
BANKNIFTY09OCT2451100CE.NFO,2024-09-17,11:54:00,2024-10-09,1554.6,1554.6,1554.6,1554.6,0,180,0
BANKNIFTY09OCT2451100CE.NFO,2024-09-17,11:55:00,2024-10-09,1554.6,1554.6,1554.6,1554.6,0,180,0
BANKNIFTY09OCT2451100CE.NFO,2024-09-17,11:56:00,2024-10-09,1554.6,1554.6,1554.6,1554.6,0,180,0
BANKNIFTY09OCT2451100CE.NFO,2024-09-17,11:57:00,2024-10-09,1554.6,1554.6,1554.6,1554.6,0,180,0
BANKNIFTY09OCT2451100CE.NFO,2024-09-17,11:58:00,2024-10-09,1554.6,1554.6,1554.6,1554.6,0,180,0
BANKNIFTY09OCT2451100CE.NFO,2024-09-17,11:59:00,2024-10-09,1554.6,1554.6,1554.6,1554.6,0,180,0
BANKNIFTY09OCT2451100CE.NFO,2024-09-17,12:00:00,2024-10-09,1554.6,1554.6,1554.6,1554.6,0,180,0
BANKNIFTY09OCT2451100CE.NFO,2024-09-17,12:01:00,2024-10-09,1554.6,1554.6,1554.6,1554.6,0,180,0
BANKNIFTY09OCT2451100CE.NFO,2024-09-17,12:02:00,2024-10-09,1554.6,1554.6,1554.6,1554.6,0,180,0
BANKNIFTY09OCT2451100CE.NFO,2024-09-17,12:03:00,2024-10-09,1554.6,1554.6,1554.6,1554.6,0,180,0
BANKNIFTY09OCT2451100CE.NFO,2024-09-17,12:04:00,2024-10-09,1554.6,1554.6,1554.6,1554.6,0,180,0
BANKNIFTY09OCT2451100CE.NFO,2024-09-17,12:05:00,2024-10-09,1554.6,1554.6,1554.6,1554.6,0,180,0
BANKNIFTY09OCT2451100CE.NFO,2024-09-17,12:06:00,2024-10-09,1554.6,1554.6,1554.6,1554.6,0,180,0
BANKNIFTY09OCT2451100CE.NFO,2024-09-17,12:07:00,2024-10-09,1554.6,1554.6,1554.6,1554.6,0,180,0
BANKNIFTY09OCT2451100CE.NFO,2024-09-17,12:08:00,2024-10-09,1554.6,1554.6,1554.6,1554.6,0,180,0
BANKNIFTY09OCT2451100CE.NFO,2024-09-17,12:09:00,2024-10-09,1554.6,1554.6,1554.6,1554.6,0,180,0
BANKNIFTY09OCT2451100CE.NFO,2024-09-17,12:10:00,2024-10-09,1554.6,1554.6,1554.6,1554.6,0,180,0
BANKNIFTY09OCT2451100CE.NFO,2024-09-17,12:11:00,2024-10-09,1554.6,1554.6,1554.6,1554.6,0,180,0
BANKNIFTY09OCT2451100CE.NFO,2024-09-17,12:12:00,2024-10-09,1554.6,1554.6,1554.6,1554.6,0,180,0
BANKNIFTY09OCT2451100CE.NFO,2024-09-17,12:13:00,2024-10-09,1554.6,1554.6,1554.6,1554.6,0,180,0
BANKNIFTY09OCT2451100CE.NFO,2024-09-17,12:14:00,2024-10-09,1554.6,1554.6,1554.6,1554.6,0,180,0
BANKNIFTY09OCT2451100CE.NFO,2024-09-17,12:15:00,2024-10-09,1554.6,1554.6,1554.6,1554.6,0,180,0
BANKNIFTY09OCT2451100CE.NFO,2024-09-17,12:16:00,2024-10-09,1554.6,1554.6,1554.6,1554.6,0,180,0
BANKNIFTY09OCT2451100CE.NFO,2024-09-17,12:17:00,2024-10-09,1554.6,1554.6,1554.6,1554.6,0,180,0
BANKNIFTY09OCT2451100CE.NFO,2024-09-17,12:18:00,2024-10-09,1554.6,1554.6,1554.6,1554.6,0,180,0
BANKNIFTY09OCT2451100CE.NFO,2024-09-17,12:19:00,2024-10-09,1554.6,1554.6,1554.6,1554.6,0,180,0
BANKNIFTY09OCT2451100CE.NFO,2024-09-17,12:20:00,2024-10-09,1554.6,1554.6,1554.6,1554.6,0,180,0
BANKNIFTY09OCT2451100CE.NFO,2024-09-17,12:21:00,2024-10-09,1554.6,1554.6,1554.6,1554.6,0,180,0
BANKNIFTY09OCT2451100CE.NFO,2024-09-17,12:22:00,2024-10-09,1554.6,1554.6,1554.6,1554.6,0,180,0
BANKNIFTY09OCT2451100CE.NFO,2024-09-17,12:23:00,2024-10-09,1554.6,1554.6,1554.6,1554.6,0,180,0
BANKNIFTY09OCT2451100CE.NFO,2024-09-17,12:24:00,2024-10-09,1554.6,1554.6,1554.6,1554.6,0,180,0
BANKNIFTY09OCT2451100CE.NFO,2024-09-17,12:25:00,2024-10-09,1554.6,1554.6,1554.6,1554.6,0,180,0
BANKNIFTY09OCT2451100CE.NFO,2024-09-17,12:26:00,2024-10-09,1554.6,1554.6,1554.6,1554.6,0,180,0
BANKNIFTY09OCT2451100CE.NFO,2024-09-17,12:27:00,2024-10-09,1554.6,1554.6,1554.6,1554.6,0,180,0
BANKNIFTY09OCT2451100CE.NFO,2024-09-17,12:28:00,2024-10-09,1554.6,1554.6,1554.6,1554.6,0,180,0
BANKNIFTY09OCT2451100CE.NFO,2024-09-17,12:29:00,2024-10-09,1554.6,1554.6,1554.6,1554.6,0,180,0
BANKNIFTY09OCT2451100CE.NFO,2024-09-17,12:30:00,2024-10-09,1554.6,1554.6,1554.6,1554.6,0,180,0
BANKNIFTY09OCT2451100CE.NFO,2024-09-17,12:31:00,2024-10-09,1554.6,1554.6,1554.6,1554.6,0,180,0
BANKNIFTY09OCT2451100CE.NFO,2024-09-17,12:32:00,2024-10-09,1554.6,1554.6,1554.6,1554.6,0,180,0
BANKNIFTY09OCT2451100CE.NFO,2024-09-17,12:33:00,2024-10-09,1554.6,1554.6,1554.6,1554.6,0,180,0
BANKNIFTY09OCT2451100CE.NFO,2024-09-17,12:34:00,2024-10-09,1554.6,1554.6,1554.6,1554.6,0,180,0
BANKNIFTY09OCT2451100CE.NFO,2024-09-17,12:35:00,2024-10-09,1554.6,1554.6,1554.6,1554.6,0,180,0
BANKNIFTY09OCT2451100CE.NFO,2024-09-17,12:36:00,2024-10-09,1554.6,1554.6,1554.6,1554.6,0,180,0
BANKNIFTY09OCT2451100CE.NFO,2024-09-17,12:37:00,2024-10-09,1554.6,1554.6,1554.6,1554.6,0,180,0
BANKNIFTY09OCT2451100CE.NFO,2024-09-17,12:38:00,2024-10-09,1554.6,1554.6,1554.6,1554.6,0,180,0
BANKNIFTY09OCT2451100CE.NFO,2024-09-17,12:39:00,2024-10-09,1554.6,1554.6,1554.6,1554.6,0,180,0
BANKNIFTY09OCT2451100CE.NFO,2024-09-17,12:40:00,2024-10-09,1554.6,1554.6,1554.6,1554.6,0,180,0
BANKNIFTY09OCT2451100CE.NFO,2024-09-17,12:41:00,2024-10-09,1554.6,1554.6,1554.6,1554.6,0,180,0
BANKNIFTY09OCT2451100CE.NFO,2024-09-17,12:42:00,2024-10-09,1554.6,1554.6,1554.6,1554.6,0,180,0
BANKNIFTY09OCT2451100CE.NFO,2024-09-17,12:43:00,2024-10-09,1554.6,1554.6,1554.6,1554.6,0,180,0
BANKNIFTY09OCT2451100CE.NFO,2024-09-17,12:44:00,2024-10-09,1554.6,1554.6,1554.6,1554.6,0,180,0
BANKNIFTY09OCT2451100CE.NFO,2024-09-17,12:45:00,2024-10-09,1554.6,1554.6,1554.6,1554.6,0,180,0
BANKNIFTY09OCT2451100CE.NFO,2024-09-17,12:46:00,2024-10-09,1554.6,1554.6,1554.6,1554.6,0,180,0
BANKNIFTY09OCT2451100CE.NFO,2024-09-17,12:47:00,2024-10-09,1554.6,1554.6,1554.6,1554.6,0,180,0
BANKNIFTY09OCT2451100CE.NFO,2024-09-17,12:48:00,2024-10-09,1554.6,1554.6,1554.6,1554.6,0,180,0
BANKNIFTY09OCT2451100CE.NFO,2024-09-17,12:49:00,2024-10-09,1554.6,1554.6,1554.6,1554.6,0,180,0
BANKNIFTY09OCT2451100CE.NFO,2024-09-17,12:50:00,2024-10-09,1554.6,1554.6,1554.6,1554.6,0,180,0
BANKNIFTY09OCT2451100CE.NFO,2024-09-17,12:51:00,2024-10-09,1554.6,1554.6,1554.6,1554.6,0,180,0
BANKNIFTY09OCT2451100CE.NFO,2024-09-17,12:52:00,2024-10-09,1554.6,1554.6,1554.6,1554.6,0,180,0
BANKNIFTY09OCT2451100CE.NFO,2024-09-17,12:53:00,2024-10-09,1554.6,1554.6,1554.6,1554.6,0,180,0
BANKNIFTY09OCT2451100CE.NFO,2024-09-17,12:54:00,2024-10-09,1554.6,1554.6,1554.6,1554.6,0,180,0
BANKNIFTY09OCT2451100CE.NFO,2024-09-17,12:55:00,2024-10-09,1554.6,1554.6,1554.6,1554.6,0,180,0
BANKNIFTY09OCT2451100CE.NFO,2024-09-17,12:56:00,2024-10-09,1554.6,1554.6,1554.6,1554.6,0,180,0
BANKNIFTY09OCT2451100CE.NFO,2024-09-17,12:57:00,2024-10-09,1554.6,1554.6,1554.6,1554.6,0,180,0
BANKNIFTY09OCT2451100CE.NFO,2024-09-17,12:58:00,2024-10-09,1554.6,1554.6,1554.6,1554.6,0,180,0
BANKNIFTY09OCT2451100CE.NFO,2024-09-17,12:59:00,2024-10-09,1554.6,1554.6,1554.6,1554.6,0,180,0
BANKNIFTY09OCT2451100CE.NFO,2024-09-17,13:00:00,2024-10-09,1554.6,1554.6,1554.6,1554.6,0,180,0
BANKNIFTY09OCT2451100CE.NFO,2024-09-17,13:01:00,2024-10-09,1554.6,1554.6,1554.6,1554.6,0,180,0
BANKNIFTY09OCT2451100CE.NFO,2024-09-17,13:02:00,2024-10-09,1554.6,1554.6,1554.6,1554.6,0,180,0
BANKNIFTY09OCT2451100CE.NFO,2024-09-17,13:03:00,2024-10-09,1554.6,1554.6,1554.6,1554.6,0,180,0
BANKNIFTY09OCT2451100CE.NFO,2024-09-17,13:04:00,2024-10-09,1554.6,1554.6,1554.6,1554.6,0,180,0
BANKNIFTY09OCT2451100CE.NFO,2024-09-17,13:05:00,2024-10-09,1554.6,1554.6,1554.6,1554.6,0,180,0
BANKNIFTY09OCT2451100CE.NFO,2024-09-17,13:06:00,2024-10-09,1554.6,1554.6,1554.6,1554.6,0,180,0
BANKNIFTY09OCT2451100CE.NFO,2024-09-17,13:07:00,2024-10-09,1554.6,1554.6,1554.6,1554.6,0,180,0
BANKNIFTY09OCT2451100CE.NFO,2024-09-17,13:08:00,2024-10-09,1554.6,1554.6,1554.6,1554.6,0,180,0
BANKNIFTY09OCT2451100CE.NFO,2024-09-17,13:09:00,2024-10-09,1554.6,1554.6,1554.6,1554.6,0,180,0
BANKNIFTY09OCT2451100CE.NFO,2024-09-17,13:10:00,2024-10-09,1554.6,1554.6,1554.6,1554.6,0,180,0
BANKNIFTY09OCT2451100CE.NFO,2024-09-17,13:11:00,2024-10-09,1554.6,1554.6,1554.6,1554.6,0,180,0
BANKNIFTY09OCT2451100CE.NFO,2024-09-17,13:12:00,2024-10-09,1554.6,1554.6,1554.6,1554.6,0,180,0
BANKNIFTY09OCT2451100CE.NFO,2024-09-17,13:13:00,2024-10-09,1554.6,1554.6,1554.6,1554.6,0,180,0
BANKNIFTY09OCT2451100CE.NFO,2024-09-17,13:14:00,2024-10-09,1554.6,1554.6,1554.6,1554.6,0,180,0
BANKNIFTY09OCT2451100CE.NFO,2024-09-17,13:15:00,2024-10-09,1554.6,1554.6,1554.6,1554.6,0,180,0
BANKNIFTY09OCT2451100CE.NFO,2024-09-17,13:16:00,2024-10-09,1554.6,1554.6,1554.6,1554.6,0,180,0
BANKNIFTY09OCT2451100CE.NFO,2024-09-17,13:17:00,2024-10-09,1554.6,1554.6,1554.6,1554.6,0,180,0
BANKNIFTY09OCT2451100CE.NFO,2024-09-17,13:18:00,2024-10-09,1554.6,1554.6,1554.6,1554.6,0,180,0
BANKNIFTY09OCT2451100CE.NFO,2024-09-17,13:19:00,2024-10-09,1554.6,1554.6,1554.6,1554.6,0,180,0
BANKNIFTY09OCT2451100CE.NFO,2024-09-17,13:20:00,2024-10-09,1554.6,1554.6,1554.6,1554.6,0,180,0
BANKNIFTY09OCT2451100CE.NFO,2024-09-17,13:21:00,2024-10-09,1554.6,1554.6,1554.6,1554.6,0,180,0
BANKNIFTY09OCT2451100CE.NFO,2024-09-17,13:22:00,2024-10-09,1554.6,1554.6,1554.6,1554.6,0,180,0
BANKNIFTY09OCT2451100CE.NFO,2024-09-17,13:23:00,2024-10-09,1554.6,1554.6,1554.6,1554.6,0,180,0
BANKNIFTY09OCT2451100CE.NFO,2024-09-17,13:24:00,2024-10-09,1554.6,1554.6,1554.6,1554.6,0,180,0
BANKNIFTY09OCT2451100CE.NFO,2024-09-17,13:25:00,2024-10-09,1554.6,1554.6,1554.6,1554.6,0,180,0
BANKNIFTY09OCT2451100CE.NFO,2024-09-17,13:26:00,2024-10-09,1554.6,1554.6,1554.6,1554.6,0,180,0
BANKNIFTY09OCT2451100CE.NFO,2024-09-17,13:27:00,2024-10-09,1554.6,1554.6,1554.6,1554.6,0,180,0
BANKNIFTY09OCT2451100CE.NFO,2024-09-17,13:28:00,2024-10-09,1554.6,1554.6,1554.6,1554.6,0,180,0
BANKNIFTY09OCT2451100CE.NFO,2024-09-17,13:29:00,2024-10-09,1554.6,1554.6,1554.6,1554.6,0,180,0
BANKNIFTY09OCT2451100CE.NFO,2024-09-17,13:30:00,2024-10-09,1554.6,1554.6,1554.6,1554.6,0,180,0
BANKNIFTY09OCT2451100CE.NFO,2024-09-17,13:31:00,2024-10-09,1554.6,1554.6,1554.6,1554.6,0,180,0
BANKNIFTY09OCT2451100CE.NFO,2024-09-17,13:32:00,2024-10-09,1554.6,1554.6,1554.6,1554.6,0,180,0
BANKNIFTY09OCT2451100CE.NFO,2024-09-17,13:33:00,2024-10-09,1554.6,1554.6,1554.6,1554.6,0,180,0
BANKNIFTY09OCT2451100CE.NFO,2024-09-17,13:34:00,2024-10-09,1554.6,1554.6,1554.6,1554.6,0,180,0
BANKNIFTY09OCT2451100CE.NFO,2024-09-17,13:35:00,2024-10-09,1554.6,1554.6,1554.6,1554.6,0,180,0
BANKNIFTY09OCT2451100CE.NFO,2024-09-17,13:36:00,2024-10-09,1554.6,1554.6,1554.6,1554.6,0,180,0
BANKNIFTY09OCT2451100CE.NFO,2024-09-17,13:37:00,2024-10-09,1554.6,1554.6,1554.6,1554.6,0,180,0
BANKNIFTY09OCT2451100CE.NFO,2024-09-17,13:38:00,2024-10-09,1554.6,1554.6,1554.6,1554.6,0,180,0
BANKNIFTY09OCT2451100CE.NFO,2024-09-17,13:39:00,2024-10-09,1554.6,1554.6,1554.6,1554.6,0,180,0
BANKNIFTY09OCT2451100CE.NFO,2024-09-17,13:40:00,2024-10-09,1554.6,1554.6,1554.6,1554.6,0,180,0
BANKNIFTY09OCT2451100CE.NFO,2024-09-17,13:41:00,2024-10-09,1554.6,1554.6,1554.6,1554.6,0,180,0
BANKNIFTY09OCT2451100CE.NFO,2024-09-17,13:42:00,2024-10-09,1554.6,1554.6,1554.6,1554.6,0,180,0
BANKNIFTY09OCT2451100CE.NFO,2024-09-17,13:43:00,2024-10-09,1554.6,1554.6,1554.6,1554.6,0,180,0
BANKNIFTY09OCT2451100CE.NFO,2024-09-17,13:44:00,2024-10-09,1554.6,1554.6,1554.6,1554.6,0,180,0
BANKNIFTY09OCT2451100CE.NFO,2024-09-17,13:45:00,2024-10-09,1554.6,1554.6,1554.6,1554.6,0,180,0
BANKNIFTY09OCT2451100CE.NFO,2024-09-17,13:46:00,2024-10-09,1554.6,1554.6,1554.6,1554.6,0,180,0
BANKNIFTY09OCT2451100CE.NFO,2024-09-17,13:47:00,2024-10-09,1554.6,1554.6,1554.6,1554.6,0,180,0
BANKNIFTY09OCT2451100CE.NFO,2024-09-17,13:48:00,2024-10-09,1554.6,1554.6,1554.6,1554.6,0,180,0
BANKNIFTY09OCT2451100CE.NFO,2024-09-17,13:49:00,2024-10-09,1554.6,1554.6,1554.6,1554.6,0,180,0
BANKNIFTY09OCT2451100CE.NFO,2024-09-17,13:50:00,2024-10-09,1554.6,1554.6,1554.6,1554.6,0,180,0
BANKNIFTY09OCT2451100CE.NFO,2024-09-17,13:51:00,2024-10-09,1554.6,1554.6,1554.6,1554.6,0,180,0
BANKNIFTY09OCT2451100CE.NFO,2024-09-17,13:52:00,2024-10-09,1554.6,1554.6,1554.6,1554.6,0,180,0
BANKNIFTY09OCT2451100CE.NFO,2024-09-17,13:53:00,2024-10-09,1554.6,1554.6,1554.6,1554.6,0,180,0
BANKNIFTY09OCT2451100CE.NFO,2024-09-17,13:54:00,2024-10-09,1554.6,1554.6,1554.6,1554.6,0,180,0
BANKNIFTY09OCT2451100CE.NFO,2024-09-17,13:55:00,2024-10-09,1554.6,1554.6,1554.6,1554.6,0,180,0
BANKNIFTY09OCT2451100CE.NFO,2024-09-17,13:56:00,2024-10-09,1554.6,1554.6,1554.6,1554.6,0,180,0
BANKNIFTY09OCT2451100CE.NFO,2024-09-17,13:57:00,2024-10-09,1554.6,1554.6,1554.6,1554.6,0,180,0
BANKNIFTY09OCT2451100CE.NFO,2024-09-17,13:58:00,2024-10-09,1554.6,1554.6,1554.6,1554.6,0,180,0
BANKNIFTY09OCT2451100CE.NFO,2024-09-17,13:59:00,2024-10-09,1554.6,1554.6,1554.6,1554.6,0,180,0
BANKNIFTY09OCT2451100CE.NFO,2024-09-17,14:00:00,2024-10-09,1554.6,1554.6,1554.6,1554.6,0,180,0
BANKNIFTY09OCT2451100CE.NFO,2024-09-17,14:01:00,2024-10-09,1554.6,1554.6,1554.6,1554.6,0,180,0
BANKNIFTY09OCT2451100CE.NFO,2024-09-17,14:02:00,2024-10-09,1554.6,1554.6,1554.6,1554.6,0,180,0
BANKNIFTY09OCT2451100CE.NFO,2024-09-17,14:03:00,2024-10-09,1554.6,1554.6,1554.6,1554.6,0,180,0
BANKNIFTY09OCT2451100CE.NFO,2024-09-17,14:04:00,2024-10-09,1554.6,1554.6,1554.6,1554.6,0,180,0
BANKNIFTY09OCT2451100CE.NFO,2024-09-17,14:05:00,2024-10-09,1554.6,1554.6,1554.6,1554.6,0,180,0
BANKNIFTY09OCT2451100CE.NFO,2024-09-17,14:06:00,2024-10-09,1554.6,1554.6,1554.6,1554.6,0,180,0
BANKNIFTY09OCT2451100CE.NFO,2024-09-17,14:07:00,2024-10-09,1554.6,1554.6,1554.6,1554.6,0,180,0
BANKNIFTY09OCT2451100CE.NFO,2024-09-17,14:08:00,2024-10-09,1554.6,1554.6,1554.6,1554.6,0,180,0
BANKNIFTY09OCT2451100CE.NFO,2024-09-17,14:09:00,2024-10-09,1554.6,1554.6,1554.6,1554.6,0,180,0
BANKNIFTY09OCT2451100CE.NFO,2024-09-17,14:10:00,2024-10-09,1554.6,1554.6,1554.6,1554.6,0,180,0
BANKNIFTY09OCT2451100CE.NFO,2024-09-17,14:11:00,2024-10-09,1554.6,1554.6,1554.6,1554.6,0,180,0
BANKNIFTY09OCT2451100CE.NFO,2024-09-17,14:12:00,2024-10-09,1554.6,1554.6,1554.6,1554.6,0,180,0
BANKNIFTY09OCT2451100CE.NFO,2024-09-17,14:13:00,2024-10-09,1554.6,1554.6,1554.6,1554.6,0,180,0
BANKNIFTY09OCT2451100CE.NFO,2024-09-17,14:14:00,2024-10-09,1554.6,1554.6,1554.6,1554.6,0,180,0
BANKNIFTY09OCT2451100CE.NFO,2024-09-17,14:15:00,2024-10-09,1554.6,1554.6,1554.6,1554.6,0,180,0
BANKNIFTY09OCT2451100CE.NFO,2024-09-17,14:16:00,2024-10-09,1554.6,1554.6,1554.6,1554.6,0,180,0
BANKNIFTY09OCT2451100CE.NFO,2024-09-17,14:17:00,2024-10-09,1554.6,1554.6,1554.6,1554.6,0,180,0
BANKNIFTY09OCT2451100CE.NFO,2024-09-17,14:18:00,2024-10-09,1554.6,1554.6,1554.6,1554.6,0,180,0
BANKNIFTY09OCT2451100CE.NFO,2024-09-17,14:19:00,2024-10-09,1554.6,1554.6,1554.6,1554.6,0,180,0
BANKNIFTY09OCT2451100CE.NFO,2024-09-17,14:20:00,2024-10-09,1554.6,1554.6,1554.6,1554.6,0,180,0
BANKNIFTY09OCT2451100CE.NFO,2024-09-17,14:21:00,2024-10-09,1554.6,1554.6,1554.6,1554.6,0,180,0
BANKNIFTY09OCT2451100CE.NFO,2024-09-17,14:22:00,2024-10-09,1554.6,1554.6,1554.6,1554.6,0,180,0
BANKNIFTY09OCT2451100CE.NFO,2024-09-17,14:23:00,2024-10-09,1554.6,1554.6,1554.6,1554.6,0,180,0
BANKNIFTY09OCT2451100CE.NFO,2024-09-17,14:24:00,2024-10-09,1554.6,1554.6,1554.6,1554.6,0,180,0
BANKNIFTY09OCT2451100CE.NFO,2024-09-17,14:25:00,2024-10-09,1554.6,1554.6,1554.6,1554.6,0,180,0
BANKNIFTY09OCT2451100CE.NFO,2024-09-17,14:26:00,2024-10-09,1554.6,1554.6,1554.6,1554.6,0,180,0
BANKNIFTY09OCT2451100CE.NFO,2024-09-17,14:27:00,2024-10-09,1554.6,1554.6,1554.6,1554.6,0,180,0
BANKNIFTY09OCT2451100CE.NFO,2024-09-17,14:28:00,2024-10-09,1554.6,1554.6,1554.6,1554.6,0,180,0
BANKNIFTY09OCT2451100CE.NFO,2024-09-17,14:29:00,2024-10-09,1554.6,1554.6,1554.6,1554.6,0,180,0
BANKNIFTY09OCT2451100CE.NFO,2024-09-17,14:30:00,2024-10-09,1554.6,1554.6,1554.6,1554.6,0,180,0
BANKNIFTY09OCT2451100CE.NFO,2024-09-17,14:31:00,2024-10-09,1554.6,1554.6,1554.6,1554.6,0,180,0
BANKNIFTY09OCT2451100CE.NFO,2024-09-17,14:32:00,2024-10-09,1554.6,1554.6,1554.6,1554.6,0,180,0
BANKNIFTY09OCT2451100CE.NFO,2024-09-17,14:33:00,2024-10-09,1554.6,1554.6,1554.6,1554.6,0,180,0
BANKNIFTY09OCT2451100CE.NFO,2024-09-17,14:34:00,2024-10-09,1554.6,1554.6,1554.6,1554.6,0,180,0
BANKNIFTY09OCT2451100CE.NFO,2024-09-17,14:35:00,2024-10-09,1554.6,1554.6,1554.6,1554.6,0,180,0
BANKNIFTY09OCT2451100CE.NFO,2024-09-17,14:36:00,2024-10-09,1554.6,1554.6,1554.6,1554.6,0,180,0
BANKNIFTY09OCT2451100CE.NFO,2024-09-17,14:37:00,2024-10-09,1554.6,1554.6,1554.6,1554.6,0,180,0
BANKNIFTY09OCT2451100CE.NFO,2024-09-17,14:38:00,2024-10-09,1554.6,1554.6,1554.6,1554.6,0,180,0
BANKNIFTY09OCT2451100CE.NFO,2024-09-17,14:39:00,2024-10-09,1554.6,1554.6,1554.6,1554.6,0,180,0
BANKNIFTY09OCT2451100CE.NFO,2024-09-17,14:40:00,2024-10-09,1554.6,1554.6,1554.6,1554.6,0,180,0
BANKNIFTY09OCT2451100CE.NFO,2024-09-17,14:41:00,2024-10-09,1554.6,1554.6,1554.6,1554.6,0,180,0
BANKNIFTY09OCT2451100CE.NFO,2024-09-17,14:42:00,2024-10-09,1554.6,1554.6,1554.6,1554.6,0,180,0
BANKNIFTY09OCT2451100CE.NFO,2024-09-17,14:43:00,2024-10-09,1554.6,1554.6,1554.6,1554.6,0,180,0
BANKNIFTY09OCT2451100CE.NFO,2024-09-17,14:44:00,2024-10-09,1554.6,1554.6,1554.6,1554.6,0,180,0
BANKNIFTY09OCT2451100CE.NFO,2024-09-17,14:45:00,2024-10-09,1554.6,1554.6,1554.6,1554.6,0,180,0
BANKNIFTY09OCT2451100CE.NFO,2024-09-17,14:46:00,2024-10-09,1554.6,1554.6,1554.6,1554.6,0,180,0
BANKNIFTY09OCT2451100CE.NFO,2024-09-17,14:47:00,2024-10-09,1554.6,1554.6,1554.6,1554.6,0,180,0
BANKNIFTY09OCT2451100CE.NFO,2024-09-17,14:48:00,2024-10-09,1554.6,1554.6,1554.6,1554.6,0,180,0
BANKNIFTY09OCT2451100CE.NFO,2024-09-17,14:49:00,2024-10-09,1554.6,1554.6,1554.6,1554.6,0,180,0
BANKNIFTY09OCT2451100CE.NFO,2024-09-17,14:50:00,2024-10-09,1554.6,1554.6,1554.6,1554.6,0,180,0
BANKNIFTY09OCT2451100CE.NFO,2024-09-17,14:51:00,2024-10-09,1554.6,1554.6,1554.6,1554.6,0,180,0
BANKNIFTY09OCT2451100CE.NFO,2024-09-17,14:52:00,2024-10-09,1554.6,1554.6,1554.6,1554.6,0,180,0
BANKNIFTY09OCT2451100CE.NFO,2024-09-17,14:53:00,2024-10-09,1554.6,1554.6,1554.6,1554.6,0,180,0
BANKNIFTY09OCT2451100CE.NFO,2024-09-17,14:54:00,2024-10-09,1554.6,1554.6,1554.6,1554.6,0,180,0
BANKNIFTY09OCT2451100CE.NFO,2024-09-17,14:55:00,2024-10-09,1554.6,1554.6,1554.6,1554.6,0,180,0
BANKNIFTY09OCT2451100CE.NFO,2024-09-17,14:56:00,2024-10-09,1554.6,1554.6,1554.6,1554.6,0,180,0
BANKNIFTY09OCT2451100CE.NFO,2024-09-17,14:57:00,2024-10-09,1554.6,1554.6,1554.6,1554.6,0,180,0
BANKNIFTY09OCT2451100CE.NFO,2024-09-17,14:58:00,2024-10-09,1554.6,1554.6,1554.6,1554.6,0,180,0
BANKNIFTY09OCT2451100CE.NFO,2024-09-17,14:59:00,2024-10-09,1554.6,1554.6,1554.6,1554.6,0,180,0
BANKNIFTY09OCT2451100CE.NFO,2024-09-17,15:00:00,2024-10-09,1554.6,1554.6,1554.6,1554.6,0,180,0
BANKNIFTY09OCT2451100CE.NFO,2024-09-17,15:01:00,2024-10-09,1554.6,1554.6,1554.6,1554.6,0,180,0
BANKNIFTY09OCT2451100CE.NFO,2024-09-17,15:02:00,2024-10-09,1554.6,1554.6,1554.6,1554.6,0,180,0
BANKNIFTY09OCT2451100CE.NFO,2024-09-17,15:03:00,2024-10-09,1554.6,1554.6,1554.6,1554.6,0,180,0
BANKNIFTY09OCT2451100CE.NFO,2024-09-17,15:04:00,2024-10-09,1554.6,1554.6,1554.6,1554.6,0,180,0
BANKNIFTY09OCT2451100CE.NFO,2024-09-17,15:05:00,2024-10-09,1554.6,1554.6,1554.6,1554.6,0,180,0
BANKNIFTY09OCT2451100CE.NFO,2024-09-17,15:06:00,2024-10-09,1554.6,1554.6,1554.6,1554.6,0,180,0
BANKNIFTY09OCT2451100CE.NFO,2024-09-17,15:07:00,2024-10-09,1554.6,1554.6,1554.6,1554.6,0,180,0
BANKNIFTY09OCT2451100CE.NFO,2024-09-17,15:08:00,2024-10-09,1554.6,1554.6,1554.6,1554.6,0,180,0
BANKNIFTY09OCT2451100CE.NFO,2024-09-17,15:09:00,2024-10-09,1554.6,1554.6,1554.6,1554.6,0,180,0
BANKNIFTY09OCT2451100CE.NFO,2024-09-17,15:10:00,2024-10-09,1554.6,1554.6,1554.6,1554.6,0,180,0
BANKNIFTY09OCT2451100CE.NFO,2024-09-17,15:11:00,2024-10-09,1554.6,1554.6,1554.6,1554.6,0,180,0
BANKNIFTY09OCT2451100CE.NFO,2024-09-17,15:12:00,2024-10-09,1554.6,1554.6,1554.6,1554.6,0,180,0
BANKNIFTY09OCT2451100CE.NFO,2024-09-17,15:13:00,2024-10-09,1554.6,1554.6,1554.6,1554.6,0,180,0
BANKNIFTY09OCT2451100CE.NFO,2024-09-17,15:14:00,2024-10-09,1554.6,1554.6,1554.6,1554.6,0,180,0
BANKNIFTY09OCT2451100CE.NFO,2024-09-17,15:15:00,2024-10-09,1554.6,1554.6,1554.6,1554.6,0,180,0
BANKNIFTY09OCT2451100CE.NFO,2024-09-17,15:16:00,2024-10-09,1554.6,1554.6,1554.6,1554.6,0,180,0
BANKNIFTY09OCT2451100CE.NFO,2024-09-17,15:17:00,2024-10-09,1554.6,1554.6,1554.6,1554.6,0,180,0
BANKNIFTY09OCT2451100CE.NFO,2024-09-17,15:18:00,2024-10-09,1554.6,1554.6,1554.6,1554.6,0,180,0
BANKNIFTY09OCT2451100CE.NFO,2024-09-17,15:19:00,2024-10-09,1554.6,1554.6,1554.6,1554.6,0,180,0
BANKNIFTY09OCT2451100CE.NFO,2024-09-17,15:20:00,2024-10-09,1554.6,1554.6,1554.6,1554.6,0,180,0
BANKNIFTY09OCT2451100CE.NFO,2024-09-17,15:21:00,2024-10-09,1554.6,1554.6,1554.6,1554.6,0,180,0
BANKNIFTY09OCT2451100CE.NFO,2024-09-17,15:22:00,2024-10-09,1554.6,1554.6,1554.6,1554.6,0,180,0
BANKNIFTY09OCT2451100CE.NFO,2024-09-17,15:23:00,2024-10-09,1554.6,1554.6,1554.6,1554.6,0,180,0
BANKNIFTY09OCT2451100CE.NFO,2024-09-17,15:24:00,2024-10-09,1554.6,1554.6,1554.6,1554.6,0,180,0
BANKNIFTY09OCT2451100CE.NFO,2024-09-17,15:25:00,2024-10-09,1554.6,1554.6,1554.6,1554.6,0,180,0
BANKNIFTY09OCT2451100CE.NFO,2024-09-17,15:26:00,2024-10-09,1554.6,1554.6,1554.6,1554.6,0,180,0
BANKNIFTY09OCT2451100CE.NFO,2024-09-17,15:27:00,2024-10-09,1554.6,1554.6,1554.6,1554.6,0,180,0
BANKNIFTY09OCT2451100CE.NFO,2024-09-17,15:28:00,2024-10-09,1554.6,1554.6,1554.6,1554.6,0,180,0
BANKNIFTY09OCT2451100CE.NFO,2024-09-17,15:29:00,2024-10-09,1554.6,1554.6,1554.6,1554.6,0,180,0
BANKNIFTY09OCT2451100CE.NFO,2024-09-17,15:30:00,2024-10-09,1554.6,1554.6,1554.6,1554.6,0,180,1
BANKNIFTY09OCT2451100CE.NFO,2024-09-18,09:15:00,2024-10-09,1642.8,1642.8,1642.8,1642.8,0,180,1
BANKNIFTY09OCT2451100CE.NFO,2024-09-18,09:16:00,2024-10-09,1642.8,1642.8,1642.8,1642.8,0,180,1
BANKNIFTY09OCT2451100CE.NFO,2024-09-18,09:17:00,2024-10-09,1642.8,1642.8,1642.8,1642.8,0,180,1
BANKNIFTY09OCT2451100CE.NFO,2024-09-18,09:18:00,2024-10-09,1642.8,1642.8,1642.8,1642.8,0,180,1
BANKNIFTY09OCT2451100CE.NFO,2024-09-18,09:19:00,2024-10-09,1642.8,1642.8,1642.8,1642.8,0,180,1
BANKNIFTY09OCT2451100CE.NFO,2024-09-18,09:20:00,2024-10-09,1642.8,1642.8,1642.8,1642.8,0,180,1
BANKNIFTY09OCT2451100CE.NFO,2024-09-18,09:21:00,2024-10-09,1642.8,1642.8,1642.8,1642.8,0,180,1
BANKNIFTY09OCT2451100CE.NFO,2024-09-18,09:22:00,2024-10-09,1642.8,1642.8,1642.8,1642.8,0,180,1
BANKNIFTY09OCT2451100CE.NFO,2024-09-18,09:23:00,2024-10-09,1642.8,1642.8,1642.8,1642.8,0,180,1
BANKNIFTY09OCT2451100CE.NFO,2024-09-18,09:24:00,2024-10-09,1642.8,1642.8,1642.8,1642.8,0,180,1
BANKNIFTY09OCT2451100CE.NFO,2024-09-18,09:25:00,2024-10-09,1642.8,1642.8,1642.8,1642.8,0,180,1
BANKNIFTY09OCT2451100CE.NFO,2024-09-18,09:26:00,2024-10-09,1642.8,1642.8,1642.8,1642.8,0,180,1
BANKNIFTY09OCT2451100CE.NFO,2024-09-18,09:27:00,2024-10-09,1642.8,1642.8,1642.8,1642.8,0,180,1
BANKNIFTY09OCT2451100CE.NFO,2024-09-18,09:28:00,2024-10-09,1642.8,1642.8,1642.8,1642.8,0,180,1
BANKNIFTY09OCT2451100CE.NFO,2024-09-18,09:29:00,2024-10-09,1642.8,1642.8,1642.8,1642.8,0,180,1
BANKNIFTY09OCT2451100CE.NFO,2024-09-18,09:30:00,2024-10-09,1642.8,1642.8,1642.8,1642.8,0,180,1
BANKNIFTY09OCT2451100CE.NFO,2024-09-18,09:31:00,2024-10-09,1642.8,1642.8,1642.8,1642.8,0,180,1
BANKNIFTY09OCT2451100CE.NFO,2024-09-18,09:32:00,2024-10-09,1642.8,1642.8,1642.8,1642.8,0,180,1
BANKNIFTY09OCT2451100CE.NFO,2024-09-18,09:33:00,2024-10-09,1642.8,1642.8,1642.8,1642.8,0,180,1
BANKNIFTY09OCT2451100CE.NFO,2024-09-18,09:34:00,2024-10-09,1642.8,1642.8,1642.8,1642.8,0,180,1
BANKNIFTY09OCT2451100CE.NFO,2024-09-18,09:35:00,2024-10-09,1642.8,1642.8,1642.8,1642.8,0,180,1
BANKNIFTY09OCT2451100CE.NFO,2024-09-18,09:36:00,2024-10-09,1642.8,1642.8,1642.8,1642.8,0,180,1
BANKNIFTY09OCT2451100CE.NFO,2024-09-18,09:37:00,2024-10-09,1642.8,1642.8,1642.8,1642.8,0,180,1
BANKNIFTY09OCT2451100CE.NFO,2024-09-18,09:38:00,2024-10-09,1642.8,1642.8,1642.8,1642.8,0,180,1
BANKNIFTY09OCT2451100CE.NFO,2024-09-18,09:39:00,2024-10-09,1642.8,1642.8,1642.8,1642.8,0,180,1
BANKNIFTY09OCT2451100CE.NFO,2024-09-18,09:40:00,2024-10-09,1642.8,1642.8,1642.8,1642.8,0,180,1
BANKNIFTY09OCT2451100CE.NFO,2024-09-18,09:41:00,2024-10-09,1642.8,1642.8,1642.8,1642.8,0,180,1
BANKNIFTY09OCT2451100CE.NFO,2024-09-18,09:42:00,2024-10-09,1642.8,1642.8,1642.8,1642.8,0,180,1
BANKNIFTY09OCT2451100CE.NFO,2024-09-18,09:43:00,2024-10-09,1642.8,1642.8,1642.8,1642.8,0,180,1
BANKNIFTY09OCT2451100CE.NFO,2024-09-18,09:44:00,2024-10-09,1642.8,1642.8,1642.8,1642.8,0,180,1
BANKNIFTY09OCT2451100CE.NFO,2024-09-18,09:45:00,2024-10-09,1642.8,1642.8,1642.8,1642.8,0,180,1
BANKNIFTY09OCT2451100CE.NFO,2024-09-18,09:46:00,2024-10-09,1642.8,1642.8,1642.8,1642.8,0,180,1
BANKNIFTY09OCT2451100CE.NFO,2024-09-18,09:47:00,2024-10-09,1642.8,1642.8,1642.8,1642.8,0,180,1
BANKNIFTY09OCT2451100CE.NFO,2024-09-18,09:48:00,2024-10-09,1642.8,1642.8,1642.8,1642.8,0,180,1
BANKNIFTY09OCT2451100CE.NFO,2024-09-18,09:49:00,2024-10-09,1642.8,1642.8,1642.8,1642.8,0,180,1
BANKNIFTY09OCT2451100CE.NFO,2024-09-18,09:50:00,2024-10-09,1642.8,1642.8,1642.8,1642.8,0,180,1
BANKNIFTY09OCT2451100CE.NFO,2024-09-18,09:51:00,2024-10-09,1642.8,1642.8,1642.8,1642.8,0,180,1
BANKNIFTY09OCT2451100CE.NFO,2024-09-18,09:52:00,2024-10-09,1642.8,1642.8,1642.8,1642.8,0,180,1
BANKNIFTY09OCT2451100CE.NFO,2024-09-18,09:53:00,2024-10-09,1642.8,1642.8,1642.8,1642.8,0,180,1
BANKNIFTY09OCT2451100CE.NFO,2024-09-18,09:54:00,2024-10-09,1642.8,1642.8,1642.8,1642.8,0,180,1
BANKNIFTY09OCT2451100CE.NFO,2024-09-18,09:55:00,2024-10-09,1642.8,1642.8,1642.8,1642.8,0,180,1
BANKNIFTY09OCT2451100CE.NFO,2024-09-18,09:56:00,2024-10-09,1642.8,1642.8,1642.8,1642.8,0,180,1
BANKNIFTY09OCT2451100CE.NFO,2024-09-18,09:57:00,2024-10-09,1642.8,1642.8,1642.8,1642.8,0,180,1
BANKNIFTY09OCT2451100CE.NFO,2024-09-18,09:58:00,2024-10-09,1642.8,1642.8,1642.8,1642.8,0,180,1
BANKNIFTY09OCT2451100CE.NFO,2024-09-18,09:59:00,2024-10-09,1642.8,1642.8,1642.8,1642.8,0,180,1
BANKNIFTY09OCT2451100CE.NFO,2024-09-18,10:00:00,2024-10-09,1642.8,1642.8,1642.8,1642.8,0,180,1
BANKNIFTY09OCT2451100CE.NFO,2024-09-18,10:01:00,2024-10-09,1642.8,1642.8,1642.8,1642.8,0,180,1
BANKNIFTY09OCT2451100CE.NFO,2024-09-18,10:02:00,2024-10-09,1642.8,1642.8,1642.8,1642.8,0,180,1
BANKNIFTY09OCT2451100CE.NFO,2024-09-18,10:03:00,2024-10-09,1642.8,1642.8,1642.8,1642.8,0,180,1
BANKNIFTY09OCT2451100CE.NFO,2024-09-18,10:04:00,2024-10-09,1642.8,1642.8,1642.8,1642.8,0,180,1
BANKNIFTY09OCT2451100CE.NFO,2024-09-18,10:05:00,2024-10-09,1642.8,1642.8,1642.8,1642.8,0,180,1
BANKNIFTY09OCT2451100CE.NFO,2024-09-18,10:06:00,2024-10-09,1642.8,1642.8,1642.8,1642.8,0,180,1
BANKNIFTY09OCT2451100CE.NFO,2024-09-18,10:07:00,2024-10-09,1642.8,1642.8,1642.8,1642.8,0,180,1
BANKNIFTY09OCT2451100CE.NFO,2024-09-18,10:08:00,2024-10-09,1642.8,1642.8,1642.8,1642.8,0,180,1
BANKNIFTY09OCT2451100CE.NFO,2024-09-18,10:09:00,2024-10-09,1642.8,1642.8,1642.8,1642.8,0,180,1
BANKNIFTY09OCT2451100CE.NFO,2024-09-18,10:10:00,2024-10-09,1642.8,1642.8,1642.8,1642.8,0,180,1
BANKNIFTY09OCT2451100CE.NFO,2024-09-18,10:11:00,2024-10-09,1642.8,1642.8,1642.8,1642.8,0,180,1
BANKNIFTY09OCT2451100CE.NFO,2024-09-18,10:12:00,2024-10-09,1642.8,1642.8,1642.8,1642.8,0,180,1
BANKNIFTY09OCT2451100CE.NFO,2024-09-18,10:13:00,2024-10-09,1642.8,1642.8,1642.8,1642.8,0,180,1
BANKNIFTY09OCT2451100CE.NFO,2024-09-18,10:14:00,2024-10-09,1642.8,1642.8,1642.8,1642.8,0,180,1
BANKNIFTY09OCT2451100CE.NFO,2024-09-18,10:15:00,2024-10-09,1642.8,1642.8,1642.8,1642.8,0,180,1
BANKNIFTY09OCT2451100CE.NFO,2024-09-18,10:16:00,2024-10-09,1642.8,1642.8,1642.8,1642.8,0,180,1
BANKNIFTY09OCT2451100CE.NFO,2024-09-18,10:17:00,2024-10-09,1642.8,1642.8,1642.8,1642.8,0,180,1
BANKNIFTY09OCT2451100CE.NFO,2024-09-18,10:18:00,2024-10-09,1642.8,1642.8,1642.8,1642.8,0,180,1
BANKNIFTY09OCT2451100CE.NFO,2024-09-18,10:19:00,2024-10-09,1642.8,1642.8,1642.8,1642.8,0,180,1
BANKNIFTY09OCT2451100CE.NFO,2024-09-18,10:20:00,2024-10-09,1642.8,1642.8,1642.8,1642.8,0,180,1
BANKNIFTY09OCT2451100CE.NFO,2024-09-18,10:21:00,2024-10-09,1642.8,1642.8,1642.8,1642.8,0,180,1
BANKNIFTY09OCT2451100CE.NFO,2024-09-18,10:22:00,2024-10-09,1642.8,1642.8,1642.8,1642.8,0,180,1
BANKNIFTY09OCT2451100CE.NFO,2024-09-18,10:23:00,2024-10-09,1642.8,1642.8,1642.8,1642.8,0,180,1
BANKNIFTY09OCT2451100CE.NFO,2024-09-18,10:24:00,2024-10-09,1642.8,1642.8,1642.8,1642.8,0,180,1
BANKNIFTY09OCT2451100CE.NFO,2024-09-18,10:25:00,2024-10-09,1642.8,1642.8,1642.8,1642.8,0,180,1
BANKNIFTY09OCT2451100CE.NFO,2024-09-18,10:26:00,2024-10-09,1642.8,1642.8,1642.8,1642.8,0,180,1
BANKNIFTY09OCT2451100CE.NFO,2024-09-18,10:27:00,2024-10-09,1642.8,1642.8,1642.8,1642.8,0,180,1
BANKNIFTY09OCT2451100CE.NFO,2024-09-18,10:28:00,2024-10-09,1642.8,1642.8,1642.8,1642.8,0,180,1
BANKNIFTY09OCT2451100CE.NFO,2024-09-18,10:29:00,2024-10-09,1642.8,1642.8,1642.8,1642.8,0,180,1
BANKNIFTY09OCT2451100CE.NFO,2024-09-18,10:30:00,2024-10-09,1642.8,1642.8,1642.8,1642.8,0,180,1
BANKNIFTY09OCT2451100CE.NFO,2024-09-18,10:31:00,2024-10-09,1642.8,1642.8,1642.8,1642.8,0,180,1
BANKNIFTY09OCT2451100CE.NFO,2024-09-18,10:32:00,2024-10-09,1642.8,1642.8,1642.8,1642.8,0,180,1
BANKNIFTY09OCT2451100CE.NFO,2024-09-18,10:33:00,2024-10-09,1642.8,1642.8,1642.8,1642.8,0,180,1
BANKNIFTY09OCT2451100CE.NFO,2024-09-18,10:34:00,2024-10-09,1642.8,1642.8,1642.8,1642.8,0,180,1
BANKNIFTY09OCT2451100CE.NFO,2024-09-18,10:35:00,2024-10-09,1642.8,1642.8,1642.8,1642.8,0,180,1
BANKNIFTY09OCT2451100CE.NFO,2024-09-18,10:36:00,2024-10-09,1642.8,1642.8,1642.8,1642.8,0,180,1
BANKNIFTY09OCT2451100CE.NFO,2024-09-18,10:37:00,2024-10-09,1642.8,1642.8,1642.8,1642.8,0,180,1
BANKNIFTY09OCT2451100CE.NFO,2024-09-18,10:38:00,2024-10-09,1642.8,1642.8,1642.8,1642.8,0,180,1
BANKNIFTY09OCT2451100CE.NFO,2024-09-18,10:39:00,2024-10-09,1642.8,1642.8,1642.8,1642.8,0,180,1
BANKNIFTY09OCT2451100CE.NFO,2024-09-18,10:40:00,2024-10-09,1642.8,1642.8,1642.8,1642.8,0,180,1
BANKNIFTY09OCT2451100CE.NFO,2024-09-18,10:41:00,2024-10-09,1642.8,1642.8,1642.8,1642.8,0,180,1
BANKNIFTY09OCT2451100CE.NFO,2024-09-18,10:42:00,2024-10-09,1642.8,1642.8,1642.8,1642.8,0,180,1
BANKNIFTY09OCT2451100CE.NFO,2024-09-18,10:43:00,2024-10-09,1642.8,1642.8,1642.8,1642.8,0,180,1
BANKNIFTY09OCT2451100CE.NFO,2024-09-18,10:44:00,2024-10-09,1642.8,1642.8,1642.8,1642.8,0,180,1
BANKNIFTY09OCT2451100CE.NFO,2024-09-18,10:45:00,2024-10-09,1642.8,1642.8,1642.8,1642.8,0,180,1
BANKNIFTY09OCT2451100CE.NFO,2024-09-18,10:46:00,2024-10-09,1642.8,1642.8,1642.8,1642.8,0,180,1
BANKNIFTY09OCT2451100CE.NFO,2024-09-18,10:47:00,2024-10-09,1642.8,1642.8,1642.8,1642.8,0,180,1
BANKNIFTY09OCT2451100CE.NFO,2024-09-18,10:48:00,2024-10-09,1642.8,1642.8,1642.8,1642.8,0,180,1
BANKNIFTY09OCT2451100CE.NFO,2024-09-18,10:49:00,2024-10-09,1642.8,1642.8,1642.8,1642.8,0,180,1
BANKNIFTY09OCT2451100CE.NFO,2024-09-18,10:50:00,2024-10-09,1642.8,1642.8,1642.8,1642.8,0,180,1
BANKNIFTY09OCT2451100CE.NFO,2024-09-18,10:51:00,2024-10-09,1642.8,1642.8,1642.8,1642.8,0,180,1
BANKNIFTY09OCT2451100CE.NFO,2024-09-18,10:52:00,2024-10-09,1642.8,1642.8,1642.8,1642.8,0,180,1
BANKNIFTY09OCT2451100CE.NFO,2024-09-18,10:53:00,2024-10-09,1642.8,1642.8,1642.8,1642.8,0,180,0
BANKNIFTY09OCT2451100CE.NFO,2024-09-18,10:54:00,2024-10-09,1642.8,1642.8,1642.8,1642.8,0,180,0
BANKNIFTY09OCT2451100CE.NFO,2024-09-18,10:55:00,2024-10-09,1642.8,1642.8,1642.8,1642.8,0,180,0
BANKNIFTY09OCT2451100CE.NFO,2024-09-18,10:56:00,2024-10-09,1642.8,1642.8,1642.8,1642.8,0,180,0
BANKNIFTY09OCT2451100CE.NFO,2024-09-18,10:57:00,2024-10-09,1642.8,1642.8,1642.8,1642.8,0,180,1
BANKNIFTY09OCT2451100CE.NFO,2024-09-18,10:58:00,2024-10-09,1642.8,1642.8,1642.8,1642.8,0,180,1
BANKNIFTY09OCT2451100CE.NFO,2024-09-18,10:59:00,2024-10-09,1642.8,1642.8,1642.8,1642.8,0,180,1
BANKNIFTY09OCT2451100CE.NFO,2024-09-18,11:00:00,2024-10-09,1642.8,1642.8,1642.8,1642.8,0,180,1
BANKNIFTY09OCT2451100CE.NFO,2024-09-18,11:01:00,2024-10-09,1642.8,1642.8,1642.8,1642.8,0,180,0
BANKNIFTY09OCT2451100CE.NFO,2024-09-18,11:02:00,2024-10-09,1642.8,1642.8,1642.8,1642.8,0,180,0
BANKNIFTY09OCT2451100CE.NFO,2024-09-18,11:03:00,2024-10-09,1642.8,1642.8,1642.8,1642.8,0,180,0
BANKNIFTY09OCT2451100CE.NFO,2024-09-18,11:04:00,2024-10-09,1642.8,1642.8,1642.8,1642.8,0,180,0
BANKNIFTY09OCT2451100CE.NFO,2024-09-18,11:05:00,2024-10-09,1642.8,1642.8,1642.8,1642.8,0,180,0
BANKNIFTY09OCT2451100CE.NFO,2024-09-18,11:06:00,2024-10-09,1642.8,1642.8,1642.8,1642.8,0,180,0
BANKNIFTY09OCT2451100CE.NFO,2024-09-18,11:07:00,2024-10-09,1642.8,1642.8,1642.8,1642.8,0,180,0
BANKNIFTY09OCT2451100CE.NFO,2024-09-18,11:08:00,2024-10-09,1642.8,1642.8,1642.8,1642.8,0,180,0
BANKNIFTY09OCT2451100CE.NFO,2024-09-18,11:09:00,2024-10-09,1642.8,1642.8,1642.8,1642.8,0,180,0
BANKNIFTY09OCT2451100CE.NFO,2024-09-18,11:10:00,2024-10-09,1642.8,1642.8,1642.8,1642.8,0,180,0
BANKNIFTY09OCT2451100CE.NFO,2024-09-18,11:11:00,2024-10-09,1642.8,1642.8,1642.8,1642.8,0,180,0
BANKNIFTY09OCT2451100CE.NFO,2024-09-18,11:12:00,2024-10-09,1642.8,1642.8,1642.8,1642.8,0,180,0
BANKNIFTY09OCT2451100CE.NFO,2024-09-18,11:13:00,2024-10-09,1642.8,1642.8,1642.8,1642.8,0,180,0
BANKNIFTY09OCT2451100CE.NFO,2024-09-18,11:14:00,2024-10-09,1642.8,1642.8,1642.8,1642.8,0,180,0
BANKNIFTY09OCT2451100CE.NFO,2024-09-18,11:15:00,2024-10-09,1642.8,1642.8,1642.8,1642.8,0,180,0
BANKNIFTY09OCT2451100CE.NFO,2024-09-18,11:16:00,2024-10-09,1642.8,1642.8,1642.8,1642.8,0,180,0
BANKNIFTY09OCT2451100CE.NFO,2024-09-18,11:17:00,2024-10-09,1642.8,1642.8,1642.8,1642.8,0,180,0
BANKNIFTY09OCT2451100CE.NFO,2024-09-18,11:18:00,2024-10-09,1642.8,1642.8,1642.8,1642.8,0,180,0
BANKNIFTY09OCT2451100CE.NFO,2024-09-18,11:19:00,2024-10-09,1642.8,1642.8,1642.8,1642.8,0,180,0
BANKNIFTY09OCT2451100CE.NFO,2024-09-18,11:20:00,2024-10-09,1642.8,1642.8,1642.8,1642.8,0,180,0
BANKNIFTY09OCT2451100CE.NFO,2024-09-18,11:21:00,2024-10-09,1642.8,1642.8,1642.8,1642.8,0,180,0
BANKNIFTY09OCT2451100CE.NFO,2024-09-18,11:22:00,2024-10-09,1642.8,1642.8,1642.8,1642.8,0,180,1
BANKNIFTY09OCT2451100CE.NFO,2024-09-18,11:23:00,2024-10-09,1642.8,1642.8,1642.8,1642.8,0,180,0
BANKNIFTY09OCT2451100CE.NFO,2024-09-18,11:24:00,2024-10-09,1642.8,1642.8,1642.8,1642.8,0,180,0
BANKNIFTY09OCT2451100CE.NFO,2024-09-18,11:25:00,2024-10-09,1642.8,1642.8,1642.8,1642.8,0,180,0
BANKNIFTY09OCT2451100CE.NFO,2024-09-18,11:26:00,2024-10-09,1642.8,1642.8,1642.8,1642.8,0,180,0
BANKNIFTY09OCT2451100CE.NFO,2024-09-18,11:27:00,2024-10-09,1642.8,1642.8,1642.8,1642.8,0,180,0
BANKNIFTY09OCT2451100CE.NFO,2024-09-18,11:28:00,2024-10-09,1642.8,1642.8,1642.8,1642.8,0,180,0
BANKNIFTY09OCT2451100CE.NFO,2024-09-18,11:29:00,2024-10-09,1642.8,1642.8,1642.8,1642.8,0,180,1
BANKNIFTY09OCT2451100CE.NFO,2024-09-18,11:30:00,2024-10-09,1642.8,1642.8,1642.8,1642.8,0,180,1
BANKNIFTY09OCT2451100CE.NFO,2024-09-18,11:31:00,2024-10-09,1642.8,1642.8,1642.8,1642.8,0,180,0
BANKNIFTY09OCT2451100CE.NFO,2024-09-18,11:32:00,2024-10-09,1642.8,1642.8,1642.8,1642.8,0,180,0
BANKNIFTY09OCT2451100CE.NFO,2024-09-18,11:33:00,2024-10-09,1642.8,1642.8,1642.8,1642.8,0,180,0
BANKNIFTY09OCT2451100CE.NFO,2024-09-18,11:34:00,2024-10-09,1642.8,1642.8,1642.8,1642.8,0,180,0
BANKNIFTY09OCT2451100CE.NFO,2024-09-18,11:35:00,2024-10-09,1642.8,1642.8,1642.8,1642.8,0,180,0
BANKNIFTY09OCT2451100CE.NFO,2024-09-18,11:36:00,2024-10-09,1642.8,1642.8,1642.8,1642.8,0,180,0
BANKNIFTY09OCT2451100CE.NFO,2024-09-18,11:37:00,2024-10-09,1642.8,1642.8,1642.8,1642.8,0,180,0
BANKNIFTY09OCT2451100CE.NFO,2024-09-18,11:38:00,2024-10-09,1642.8,1642.8,1642.8,1642.8,0,180,0
BANKNIFTY09OCT2451100CE.NFO,2024-09-18,11:39:00,2024-10-09,1642.8,1642.8,1642.8,1642.8,0,180,0
BANKNIFTY09OCT2451100CE.NFO,2024-09-18,11:40:00,2024-10-09,1642.8,1642.8,1642.8,1642.8,0,180,0
BANKNIFTY09OCT2451100CE.NFO,2024-09-18,11:41:00,2024-10-09,1642.8,1642.8,1642.8,1642.8,0,180,0
BANKNIFTY09OCT2451100CE.NFO,2024-09-18,11:42:00,2024-10-09,1642.8,1642.8,1642.8,1642.8,0,180,0
BANKNIFTY09OCT2451100CE.NFO,2024-09-18,11:43:00,2024-10-09,1642.8,1642.8,1642.8,1642.8,0,180,1
BANKNIFTY09OCT2451100CE.NFO,2024-09-18,11:44:00,2024-10-09,1642.8,1642.8,1642.8,1642.8,0,180,0
BANKNIFTY09OCT2451100CE.NFO,2024-09-18,11:45:00,2024-10-09,1642.8,1642.8,1642.8,1642.8,0,180,0
BANKNIFTY09OCT2451100CE.NFO,2024-09-18,11:46:00,2024-10-09,1642.8,1642.8,1642.8,1642.8,0,180,0
BANKNIFTY09OCT2451100CE.NFO,2024-09-18,11:47:00,2024-10-09,1642.8,1642.8,1642.8,1642.8,0,180,0
BANKNIFTY09OCT2451100CE.NFO,2024-09-18,11:48:00,2024-10-09,1642.8,1642.8,1642.8,1642.8,0,180,0
BANKNIFTY09OCT2451100CE.NFO,2024-09-18,11:49:00,2024-10-09,1642.8,1642.8,1642.8,1642.8,0,180,0
BANKNIFTY09OCT2451100CE.NFO,2024-09-18,11:50:00,2024-10-09,1642.8,1642.8,1642.8,1642.8,0,180,0
BANKNIFTY09OCT2451100CE.NFO,2024-09-18,11:51:00,2024-10-09,1642.8,1642.8,1642.8,1642.8,0,180,0
BANKNIFTY09OCT2451100CE.NFO,2024-09-18,11:52:00,2024-10-09,1642.8,1642.8,1642.8,1642.8,0,180,0
BANKNIFTY09OCT2451100CE.NFO,2024-09-18,11:53:00,2024-10-09,1642.8,1642.8,1642.8,1642.8,0,180,0
BANKNIFTY09OCT2451100CE.NFO,2024-09-18,11:54:00,2024-10-09,1642.8,1642.8,1642.8,1642.8,0,180,0
BANKNIFTY09OCT2451100CE.NFO,2024-09-18,11:55:00,2024-10-09,1642.8,1642.8,1642.8,1642.8,0,180,0
BANKNIFTY09OCT2451100CE.NFO,2024-09-18,11:56:00,2024-10-09,1642.8,1642.8,1642.8,1642.8,0,180,1
BANKNIFTY09OCT2451100CE.NFO,2024-09-18,11:57:00,2024-10-09,1642.8,1642.8,1642.8,1642.8,0,180,0
BANKNIFTY09OCT2451100CE.NFO,2024-09-18,11:58:00,2024-10-09,1642.8,1642.8,1642.8,1642.8,0,180,0
BANKNIFTY09OCT2451100CE.NFO,2024-09-18,11:59:00,2024-10-09,1642.8,1642.8,1642.8,1642.8,0,180,0
BANKNIFTY09OCT2451100CE.NFO,2024-09-18,12:00:00,2024-10-09,1642.8,1642.8,1642.8,1642.8,0,180,0
BANKNIFTY09OCT2451100CE.NFO,2024-09-18,12:01:00,2024-10-09,1642.8,1642.8,1642.8,1642.8,0,180,0
BANKNIFTY09OCT2451100CE.NFO,2024-09-18,12:02:00,2024-10-09,1642.8,1642.8,1642.8,1642.8,0,180,0
BANKNIFTY09OCT2451100CE.NFO,2024-09-18,12:03:00,2024-10-09,1642.8,1642.8,1642.8,1642.8,0,180,0
BANKNIFTY09OCT2451100CE.NFO,2024-09-18,12:04:00,2024-10-09,1642.8,1642.8,1642.8,1642.8,0,180,0
BANKNIFTY09OCT2451100CE.NFO,2024-09-18,12:05:00,2024-10-09,1642.8,1642.8,1642.8,1642.8,0,180,0
BANKNIFTY09OCT2451100CE.NFO,2024-09-18,12:06:00,2024-10-09,1642.8,1642.8,1642.8,1642.8,0,180,0
BANKNIFTY09OCT2451100CE.NFO,2024-09-18,12:07:00,2024-10-09,1642.8,1642.8,1642.8,1642.8,0,180,0
BANKNIFTY09OCT2451100CE.NFO,2024-09-18,12:08:00,2024-10-09,1642.8,1642.8,1642.8,1642.8,0,180,0
BANKNIFTY09OCT2451100CE.NFO,2024-09-18,12:09:00,2024-10-09,1642.8,1642.8,1642.8,1642.8,0,180,1
BANKNIFTY09OCT2451100CE.NFO,2024-09-18,12:10:00,2024-10-09,1642.8,1642.8,1642.8,1642.8,0,180,0
BANKNIFTY09OCT2451100CE.NFO,2024-09-18,12:11:00,2024-10-09,1642.8,1642.8,1642.8,1642.8,0,180,0
BANKNIFTY09OCT2451100CE.NFO,2024-09-18,12:12:00,2024-10-09,1642.8,1642.8,1642.8,1642.8,0,180,0
BANKNIFTY09OCT2451100CE.NFO,2024-09-18,12:13:00,2024-10-09,1642.8,1642.8,1642.8,1642.8,0,180,0
BANKNIFTY09OCT2451100CE.NFO,2024-09-18,12:14:00,2024-10-09,1642.8,1642.8,1642.8,1642.8,0,180,0
BANKNIFTY09OCT2451100CE.NFO,2024-09-18,12:15:00,2024-10-09,1642.8,1642.8,1642.8,1642.8,0,180,0
BANKNIFTY09OCT2451100CE.NFO,2024-09-18,12:16:00,2024-10-09,1642.8,1642.8,1642.8,1642.8,0,180,0
BANKNIFTY09OCT2451100CE.NFO,2024-09-18,12:17:00,2024-10-09,1642.8,1642.8,1642.8,1642.8,0,180,0
BANKNIFTY09OCT2451100CE.NFO,2024-09-18,12:18:00,2024-10-09,1642.8,1642.8,1642.8,1642.8,0,180,0
BANKNIFTY09OCT2451100CE.NFO,2024-09-18,12:19:00,2024-10-09,1642.8,1642.8,1642.8,1642.8,0,180,0
BANKNIFTY09OCT2451100CE.NFO,2024-09-18,12:20:00,2024-10-09,1642.8,1642.8,1642.8,1642.8,0,180,0
BANKNIFTY09OCT2451100CE.NFO,2024-09-18,12:21:00,2024-10-09,1642.8,1642.8,1642.8,1642.8,0,180,0
BANKNIFTY09OCT2451100CE.NFO,2024-09-18,12:22:00,2024-10-09,1642.8,1642.8,1642.8,1642.8,0,180,0
BANKNIFTY09OCT2451100CE.NFO,2024-09-18,12:23:00,2024-10-09,1642.8,1642.8,1642.8,1642.8,0,180,0
BANKNIFTY09OCT2451100CE.NFO,2024-09-18,12:24:00,2024-10-09,1642.8,1642.8,1642.8,1642.8,0,180,0
BANKNIFTY09OCT2451100CE.NFO,2024-09-18,12:25:00,2024-10-09,1642.8,1642.8,1642.8,1642.8,0,180,0
BANKNIFTY09OCT2451100CE.NFO,2024-09-18,12:26:00,2024-10-09,1642.8,1642.8,1642.8,1642.8,0,180,0
BANKNIFTY09OCT2451100CE.NFO,2024-09-18,12:27:00,2024-10-09,1642.8,1642.8,1642.8,1642.8,0,180,0
BANKNIFTY09OCT2451100CE.NFO,2024-09-18,12:28:00,2024-10-09,1642.8,1642.8,1642.8,1642.8,0,180,0
BANKNIFTY09OCT2451100CE.NFO,2024-09-18,12:29:00,2024-10-09,1642.8,1642.8,1642.8,1642.8,0,180,0
BANKNIFTY09OCT2451100CE.NFO,2024-09-18,12:30:00,2024-10-09,1642.8,1642.8,1642.8,1642.8,0,180,0
BANKNIFTY09OCT2451100CE.NFO,2024-09-18,12:31:00,2024-10-09,1642.8,1642.8,1642.8,1642.8,0,180,0
BANKNIFTY09OCT2451100CE.NFO,2024-09-18,12:32:00,2024-10-09,1642.8,1642.8,1642.8,1642.8,0,180,0
BANKNIFTY09OCT2451100CE.NFO,2024-09-18,12:33:00,2024-10-09,1642.8,1642.8,1642.8,1642.8,0,180,0
BANKNIFTY09OCT2451100CE.NFO,2024-09-18,12:34:00,2024-10-09,1642.8,1642.8,1642.8,1642.8,0,180,0
BANKNIFTY09OCT2451100CE.NFO,2024-09-18,12:35:00,2024-10-09,1642.8,1642.8,1642.8,1642.8,0,180,0
BANKNIFTY09OCT2451100CE.NFO,2024-09-18,12:36:00,2024-10-09,1642.8,1642.8,1642.8,1642.8,0,180,1
BANKNIFTY09OCT2451100CE.NFO,2024-09-18,12:37:00,2024-10-09,1642.8,1642.8,1642.8,1642.8,0,180,0
BANKNIFTY09OCT2451100CE.NFO,2024-09-18,12:38:00,2024-10-09,1642.8,1642.8,1642.8,1642.8,0,180,0
BANKNIFTY09OCT2451100CE.NFO,2024-09-18,12:39:00,2024-10-09,1642.8,1642.8,1642.8,1642.8,0,180,0
BANKNIFTY09OCT2451100CE.NFO,2024-09-18,12:40:00,2024-10-09,1642.8,1642.8,1642.8,1642.8,0,180,0
BANKNIFTY09OCT2451100CE.NFO,2024-09-18,12:41:00,2024-10-09,1642.8,1642.8,1642.8,1642.8,0,180,0
BANKNIFTY09OCT2451100CE.NFO,2024-09-18,12:42:00,2024-10-09,1642.8,1642.8,1642.8,1642.8,0,180,0
BANKNIFTY09OCT2451100CE.NFO,2024-09-18,12:43:00,2024-10-09,1642.8,1642.8,1642.8,1642.8,0,180,0
BANKNIFTY09OCT2451100CE.NFO,2024-09-18,12:44:00,2024-10-09,1642.8,1642.8,1642.8,1642.8,0,180,0
BANKNIFTY09OCT2451100CE.NFO,2024-09-18,12:45:00,2024-10-09,1642.8,1642.8,1642.8,1642.8,0,180,0
BANKNIFTY09OCT2451100CE.NFO,2024-09-18,12:46:00,2024-10-09,1642.8,1642.8,1642.8,1642.8,0,180,1
BANKNIFTY09OCT2451100CE.NFO,2024-09-18,12:47:00,2024-10-09,1642.8,1642.8,1642.8,1642.8,0,180,0
BANKNIFTY09OCT2451100CE.NFO,2024-09-18,12:48:00,2024-10-09,1642.8,1642.8,1642.8,1642.8,0,180,0
BANKNIFTY09OCT2451100CE.NFO,2024-09-18,12:49:00,2024-10-09,1642.8,1642.8,1642.8,1642.8,0,180,0
BANKNIFTY09OCT2451100CE.NFO,2024-09-18,12:50:00,2024-10-09,1642.8,1642.8,1642.8,1642.8,0,180,0
BANKNIFTY09OCT2451100CE.NFO,2024-09-18,12:51:00,2024-10-09,1642.8,1642.8,1642.8,1642.8,0,180,0
BANKNIFTY09OCT2451100CE.NFO,2024-09-18,12:52:00,2024-10-09,1642.8,1642.8,1642.8,1642.8,0,180,0
BANKNIFTY09OCT2451100CE.NFO,2024-09-18,12:53:00,2024-10-09,1642.8,1642.8,1642.8,1642.8,0,180,0
BANKNIFTY09OCT2451100CE.NFO,2024-09-18,12:54:00,2024-10-09,1642.8,1642.8,1642.8,1642.8,0,180,0
BANKNIFTY09OCT2451100CE.NFO,2024-09-18,12:55:00,2024-10-09,1642.8,1642.8,1642.8,1642.8,0,180,0
BANKNIFTY09OCT2451100CE.NFO,2024-09-18,12:56:00,2024-10-09,1642.8,1642.8,1642.8,1642.8,0,180,0
BANKNIFTY09OCT2451100CE.NFO,2024-09-18,12:57:00,2024-10-09,1642.8,1642.8,1642.8,1642.8,0,180,0
BANKNIFTY09OCT2451100CE.NFO,2024-09-18,12:58:00,2024-10-09,1642.8,1642.8,1642.8,1642.8,0,180,1
BANKNIFTY09OCT2451100CE.NFO,2024-09-18,12:59:00,2024-10-09,1642.8,1642.8,1642.8,1642.8,0,180,0
BANKNIFTY09OCT2451100CE.NFO,2024-09-18,13:00:00,2024-10-09,1642.8,1642.8,1642.8,1642.8,0,180,0
BANKNIFTY09OCT2451100CE.NFO,2024-09-18,13:01:00,2024-10-09,1642.8,1642.8,1642.8,1642.8,0,180,0
BANKNIFTY09OCT2451100CE.NFO,2024-09-18,13:02:00,2024-10-09,1642.8,1642.8,1642.8,1642.8,0,180,0
BANKNIFTY09OCT2451100CE.NFO,2024-09-18,13:03:00,2024-10-09,1642.8,1642.8,1642.8,1642.8,0,180,0
BANKNIFTY09OCT2451100CE.NFO,2024-09-18,13:04:00,2024-10-09,1642.8,1642.8,1642.8,1642.8,0,180,0
BANKNIFTY09OCT2451100CE.NFO,2024-09-18,13:05:00,2024-10-09,1642.8,1642.8,1642.8,1642.8,0,180,0
BANKNIFTY09OCT2451100CE.NFO,2024-09-18,13:06:00,2024-10-09,1642.8,1642.8,1642.8,1642.8,0,180,0
BANKNIFTY09OCT2451100CE.NFO,2024-09-18,13:07:00,2024-10-09,1642.8,1642.8,1642.8,1642.8,0,180,1
BANKNIFTY09OCT2451100CE.NFO,2024-09-18,13:08:00,2024-10-09,1642.8,1642.8,1642.8,1642.8,0,180,0
BANKNIFTY09OCT2451100CE.NFO,2024-09-18,13:09:00,2024-10-09,1642.8,1642.8,1642.8,1642.8,0,180,0
BANKNIFTY09OCT2451100CE.NFO,2024-09-18,13:10:00,2024-10-09,1642.8,1642.8,1642.8,1642.8,0,180,0
BANKNIFTY09OCT2451100CE.NFO,2024-09-18,13:11:00,2024-10-09,1642.8,1642.8,1642.8,1642.8,0,180,0
BANKNIFTY09OCT2451100CE.NFO,2024-09-18,13:12:00,2024-10-09,1642.8,1642.8,1642.8,1642.8,0,180,0
BANKNIFTY09OCT2451100CE.NFO,2024-09-18,13:13:00,2024-10-09,1642.8,1642.8,1642.8,1642.8,0,180,0
BANKNIFTY09OCT2451100CE.NFO,2024-09-18,13:14:00,2024-10-09,1642.8,1642.8,1642.8,1642.8,0,180,0
BANKNIFTY09OCT2451100CE.NFO,2024-09-18,13:15:00,2024-10-09,1642.8,1642.8,1642.8,1642.8,0,180,0
BANKNIFTY09OCT2451100CE.NFO,2024-09-18,13:16:00,2024-10-09,1642.8,1642.8,1642.8,1642.8,0,180,0
BANKNIFTY09OCT2451100CE.NFO,2024-09-18,13:17:00,2024-10-09,1642.8,1642.8,1642.8,1642.8,0,180,0
BANKNIFTY09OCT2451100CE.NFO,2024-09-18,13:18:00,2024-10-09,1642.8,1642.8,1642.8,1642.8,0,180,0
BANKNIFTY09OCT2451100CE.NFO,2024-09-18,13:19:00,2024-10-09,1642.8,1642.8,1642.8,1642.8,0,180,0
BANKNIFTY09OCT2451100CE.NFO,2024-09-18,13:20:00,2024-10-09,1642.8,1642.8,1642.8,1642.8,0,180,0
BANKNIFTY09OCT2451100CE.NFO,2024-09-18,13:21:00,2024-10-09,1642.8,1642.8,1642.8,1642.8,0,180,0
BANKNIFTY09OCT2451100CE.NFO,2024-09-18,13:22:00,2024-10-09,1642.8,1642.8,1642.8,1642.8,0,180,1
BANKNIFTY09OCT2451100CE.NFO,2024-09-18,13:23:00,2024-10-09,1642.8,1642.8,1642.8,1642.8,0,180,0
BANKNIFTY09OCT2451100CE.NFO,2024-09-18,13:24:00,2024-10-09,1642.8,1642.8,1642.8,1642.8,0,180,0
BANKNIFTY09OCT2451100CE.NFO,2024-09-18,13:25:00,2024-10-09,1642.8,1642.8,1642.8,1642.8,0,180,0
BANKNIFTY09OCT2451100CE.NFO,2024-09-18,13:26:00,2024-10-09,1642.8,1642.8,1642.8,1642.8,0,180,0
BANKNIFTY09OCT2451100CE.NFO,2024-09-18,13:27:00,2024-10-09,1642.8,1642.8,1642.8,1642.8,0,180,0
BANKNIFTY09OCT2451100CE.NFO,2024-09-18,13:28:00,2024-10-09,1642.8,1642.8,1642.8,1642.8,0,180,0
BANKNIFTY09OCT2451100CE.NFO,2024-09-18,13:29:00,2024-10-09,1642.8,1642.8,1642.8,1642.8,0,180,0
BANKNIFTY09OCT2451100CE.NFO,2024-09-18,13:30:00,2024-10-09,1642.8,1642.8,1642.8,1642.8,0,180,0
BANKNIFTY09OCT2451100CE.NFO,2024-09-18,13:31:00,2024-10-09,1642.8,1642.8,1642.8,1642.8,0,180,0
BANKNIFTY09OCT2451100CE.NFO,2024-09-18,13:32:00,2024-10-09,1642.8,1642.8,1642.8,1642.8,0,180,0
BANKNIFTY09OCT2451100CE.NFO,2024-09-18,13:33:00,2024-10-09,1642.8,1642.8,1642.8,1642.8,0,180,0
BANKNIFTY09OCT2451100CE.NFO,2024-09-18,13:34:00,2024-10-09,1642.8,1642.8,1642.8,1642.8,0,180,0
BANKNIFTY09OCT2451100CE.NFO,2024-09-18,13:35:00,2024-10-09,1642.8,1642.8,1642.8,1642.8,0,180,0
BANKNIFTY09OCT2451100CE.NFO,2024-09-18,13:36:00,2024-10-09,1642.8,1642.8,1642.8,1642.8,0,180,0
BANKNIFTY09OCT2451100CE.NFO,2024-09-18,13:37:00,2024-10-09,1642.8,1642.8,1642.8,1642.8,0,180,0
BANKNIFTY09OCT2451100CE.NFO,2024-09-18,13:38:00,2024-10-09,1642.8,1642.8,1642.8,1642.8,0,180,0
BANKNIFTY09OCT2451100CE.NFO,2024-09-18,13:39:00,2024-10-09,1642.8,1642.8,1642.8,1642.8,0,180,0
BANKNIFTY09OCT2451100CE.NFO,2024-09-18,13:40:00,2024-10-09,1642.8,1642.8,1642.8,1642.8,0,180,0
BANKNIFTY09OCT2451100CE.NFO,2024-09-18,13:41:00,2024-10-09,1642.8,1642.8,1642.8,1642.8,0,180,0
BANKNIFTY09OCT2451100CE.NFO,2024-09-18,13:42:00,2024-10-09,1642.8,1642.8,1642.8,1642.8,0,180,1
BANKNIFTY09OCT2451100CE.NFO,2024-09-18,13:43:00,2024-10-09,1642.8,1642.8,1642.8,1642.8,0,180,0
BANKNIFTY09OCT2451100CE.NFO,2024-09-18,13:44:00,2024-10-09,1642.8,1642.8,1642.8,1642.8,0,180,0
BANKNIFTY09OCT2451100CE.NFO,2024-09-18,13:45:00,2024-10-09,1642.8,1642.8,1642.8,1642.8,0,180,0
BANKNIFTY09OCT2451100CE.NFO,2024-09-18,13:46:00,2024-10-09,1642.8,1642.8,1642.8,1642.8,0,180,0
BANKNIFTY09OCT2451100CE.NFO,2024-09-18,13:47:00,2024-10-09,1642.8,1642.8,1642.8,1642.8,0,180,0
BANKNIFTY09OCT2451100CE.NFO,2024-09-18,13:48:00,2024-10-09,1642.8,1642.8,1642.8,1642.8,0,180,0
BANKNIFTY09OCT2451100CE.NFO,2024-09-18,13:49:00,2024-10-09,1642.8,1642.8,1642.8,1642.8,0,180,0
BANKNIFTY09OCT2451100CE.NFO,2024-09-18,13:50:00,2024-10-09,1642.8,1642.8,1642.8,1642.8,0,180,0
BANKNIFTY09OCT2451100CE.NFO,2024-09-18,13:51:00,2024-10-09,1642.8,1642.8,1642.8,1642.8,0,180,0
BANKNIFTY09OCT2451100CE.NFO,2024-09-18,13:52:00,2024-10-09,1642.8,1642.8,1642.8,1642.8,0,180,0
BANKNIFTY09OCT2451100CE.NFO,2024-09-18,13:53:00,2024-10-09,1642.8,1642.8,1642.8,1642.8,0,180,0
BANKNIFTY09OCT2451100CE.NFO,2024-09-18,13:54:00,2024-10-09,1642.8,1642.8,1642.8,1642.8,0,180,0
BANKNIFTY09OCT2451100CE.NFO,2024-09-18,13:55:00,2024-10-09,1642.8,1642.8,1642.8,1642.8,0,180,0
BANKNIFTY09OCT2451100CE.NFO,2024-09-18,13:56:00,2024-10-09,1642.8,1642.8,1642.8,1642.8,0,180,1
BANKNIFTY09OCT2451100CE.NFO,2024-09-18,13:57:00,2024-10-09,1642.8,1642.8,1642.8,1642.8,0,180,0
BANKNIFTY09OCT2451100CE.NFO,2024-09-18,13:58:00,2024-10-09,1642.8,1642.8,1642.8,1642.8,0,180,0
BANKNIFTY09OCT2451100CE.NFO,2024-09-18,13:59:00,2024-10-09,1642.8,1642.8,1642.8,1642.8,0,180,0
BANKNIFTY09OCT2451100CE.NFO,2024-09-18,14:00:00,2024-10-09,1642.8,1642.8,1642.8,1642.8,0,180,0
BANKNIFTY09OCT2451100CE.NFO,2024-09-18,14:01:00,2024-10-09,1642.8,1642.8,1642.8,1642.8,0,180,0
BANKNIFTY09OCT2451100CE.NFO,2024-09-18,14:02:00,2024-10-09,1642.8,1642.8,1642.8,1642.8,0,180,0
BANKNIFTY09OCT2451100CE.NFO,2024-09-18,14:03:00,2024-10-09,1642.8,1642.8,1642.8,1642.8,0,180,0
BANKNIFTY09OCT2451100CE.NFO,2024-09-18,14:04:00,2024-10-09,1642.8,1642.8,1642.8,1642.8,0,180,0
BANKNIFTY09OCT2451100CE.NFO,2024-09-18,14:05:00,2024-10-09,1642.8,1642.8,1642.8,1642.8,0,180,0
BANKNIFTY09OCT2451100CE.NFO,2024-09-18,14:06:00,2024-10-09,1642.8,1642.8,1642.8,1642.8,0,180,0
BANKNIFTY09OCT2451100CE.NFO,2024-09-18,14:07:00,2024-10-09,1642.8,1642.8,1642.8,1642.8,0,180,0
BANKNIFTY09OCT2451100CE.NFO,2024-09-18,14:08:00,2024-10-09,1642.8,1642.8,1642.8,1642.8,0,180,0
BANKNIFTY09OCT2451100CE.NFO,2024-09-18,14:09:00,2024-10-09,1642.8,1642.8,1642.8,1642.8,0,180,0
BANKNIFTY09OCT2451100CE.NFO,2024-09-18,14:10:00,2024-10-09,1642.8,1642.8,1642.8,1642.8,0,180,0
BANKNIFTY09OCT2451100CE.NFO,2024-09-18,14:11:00,2024-10-09,1642.8,1642.8,1642.8,1642.8,0,180,0
BANKNIFTY09OCT2451100CE.NFO,2024-09-18,14:12:00,2024-10-09,1642.8,1642.8,1642.8,1642.8,0,180,0
BANKNIFTY09OCT2451100CE.NFO,2024-09-18,14:13:00,2024-10-09,1642.8,1642.8,1642.8,1642.8,0,180,0
BANKNIFTY09OCT2451100CE.NFO,2024-09-18,14:14:00,2024-10-09,1642.8,1642.8,1642.8,1642.8,0,180,0
BANKNIFTY09OCT2451100CE.NFO,2024-09-18,14:15:00,2024-10-09,1642.8,1642.8,1642.8,1642.8,0,180,1
BANKNIFTY09OCT2451100CE.NFO,2024-09-18,14:16:00,2024-10-09,1642.8,1642.8,1642.8,1642.8,0,180,0
BANKNIFTY09OCT2451100CE.NFO,2024-09-18,14:17:00,2024-10-09,1642.8,1642.8,1642.8,1642.8,0,180,0
BANKNIFTY09OCT2451100CE.NFO,2024-09-18,14:18:00,2024-10-09,1642.8,1642.8,1642.8,1642.8,0,180,0
BANKNIFTY09OCT2451100CE.NFO,2024-09-18,14:19:00,2024-10-09,1642.8,1642.8,1642.8,1642.8,0,180,0
BANKNIFTY09OCT2451100CE.NFO,2024-09-18,14:20:00,2024-10-09,1642.8,1642.8,1642.8,1642.8,0,180,0
BANKNIFTY09OCT2451100CE.NFO,2024-09-18,14:21:00,2024-10-09,1642.8,1642.8,1642.8,1642.8,0,180,0
BANKNIFTY09OCT2451100CE.NFO,2024-09-18,14:22:00,2024-10-09,1642.8,1642.8,1642.8,1642.8,0,180,0
BANKNIFTY09OCT2451100CE.NFO,2024-09-18,14:23:00,2024-10-09,1642.8,1642.8,1642.8,1642.8,0,180,0
BANKNIFTY09OCT2451100CE.NFO,2024-09-18,14:24:00,2024-10-09,1642.8,1642.8,1642.8,1642.8,0,180,0
BANKNIFTY09OCT2451100CE.NFO,2024-09-18,14:25:00,2024-10-09,1642.8,1642.8,1642.8,1642.8,0,180,0
BANKNIFTY09OCT2451100CE.NFO,2024-09-18,14:26:00,2024-10-09,1642.8,1642.8,1642.8,1642.8,0,180,0
BANKNIFTY09OCT2451100CE.NFO,2024-09-18,14:27:00,2024-10-09,1642.8,1642.8,1642.8,1642.8,0,180,0
BANKNIFTY09OCT2451100CE.NFO,2024-09-18,14:28:00,2024-10-09,1642.8,1642.8,1642.8,1642.8,0,180,0
BANKNIFTY09OCT2451100CE.NFO,2024-09-18,14:29:00,2024-10-09,1642.8,1642.8,1642.8,1642.8,0,180,0
BANKNIFTY09OCT2451100CE.NFO,2024-09-18,14:30:00,2024-10-09,1642.8,1642.8,1642.8,1642.8,0,180,0
BANKNIFTY09OCT2451100CE.NFO,2024-09-18,14:31:00,2024-10-09,1642.8,1642.8,1642.8,1642.8,0,180,0
BANKNIFTY09OCT2451100CE.NFO,2024-09-18,14:32:00,2024-10-09,1642.8,1642.8,1642.8,1642.8,0,180,0
BANKNIFTY09OCT2451100CE.NFO,2024-09-18,14:33:00,2024-10-09,1642.8,1642.8,1642.8,1642.8,0,180,0
BANKNIFTY09OCT2451100CE.NFO,2024-09-18,14:34:00,2024-10-09,1642.8,1642.8,1642.8,1642.8,0,180,1
BANKNIFTY09OCT2451100CE.NFO,2024-09-18,14:35:00,2024-10-09,1642.8,1642.8,1642.8,1642.8,0,180,0
BANKNIFTY09OCT2451100CE.NFO,2024-09-18,14:36:00,2024-10-09,1642.8,1642.8,1642.8,1642.8,0,180,0
BANKNIFTY09OCT2451100CE.NFO,2024-09-18,14:37:00,2024-10-09,1642.8,1642.8,1642.8,1642.8,0,180,0
BANKNIFTY09OCT2451100CE.NFO,2024-09-18,14:38:00,2024-10-09,1642.8,1642.8,1642.8,1642.8,0,180,0
BANKNIFTY09OCT2451100CE.NFO,2024-09-18,14:39:00,2024-10-09,1642.8,1642.8,1642.8,1642.8,0,180,0
BANKNIFTY09OCT2451100CE.NFO,2024-09-18,14:40:00,2024-10-09,1642.8,1642.8,1642.8,1642.8,0,180,0
BANKNIFTY09OCT2451100CE.NFO,2024-09-18,14:41:00,2024-10-09,1642.8,1642.8,1642.8,1642.8,0,180,0
BANKNIFTY09OCT2451100CE.NFO,2024-09-18,14:42:00,2024-10-09,1642.8,1642.8,1642.8,1642.8,0,180,0
BANKNIFTY09OCT2451100CE.NFO,2024-09-18,14:43:00,2024-10-09,1642.8,1642.8,1642.8,1642.8,0,180,0
BANKNIFTY09OCT2451100CE.NFO,2024-09-18,14:44:00,2024-10-09,1642.8,1642.8,1642.8,1642.8,0,180,0
BANKNIFTY09OCT2451100CE.NFO,2024-09-18,14:45:00,2024-10-09,1642.8,1642.8,1642.8,1642.8,0,180,0
BANKNIFTY09OCT2451100CE.NFO,2024-09-18,14:46:00,2024-10-09,1642.8,1642.8,1642.8,1642.8,0,180,0
BANKNIFTY09OCT2451100CE.NFO,2024-09-18,14:47:00,2024-10-09,1642.8,1642.8,1642.8,1642.8,0,180,0
BANKNIFTY09OCT2451100CE.NFO,2024-09-18,14:48:00,2024-10-09,1642.8,1642.8,1642.8,1642.8,0,180,0
BANKNIFTY09OCT2451100CE.NFO,2024-09-18,14:49:00,2024-10-09,1642.8,1642.8,1642.8,1642.8,0,180,0
BANKNIFTY09OCT2451100CE.NFO,2024-09-18,14:50:00,2024-10-09,1642.8,1642.8,1642.8,1642.8,0,180,0
BANKNIFTY09OCT2451100CE.NFO,2024-09-18,14:51:00,2024-10-09,1642.8,1642.8,1642.8,1642.8,0,180,0
BANKNIFTY09OCT2451100CE.NFO,2024-09-18,14:52:00,2024-10-09,1642.8,1642.8,1642.8,1642.8,0,180,0
BANKNIFTY09OCT2451100CE.NFO,2024-09-18,14:53:00,2024-10-09,1642.8,1642.8,1642.8,1642.8,0,180,0
BANKNIFTY09OCT2451100CE.NFO,2024-09-18,14:54:00,2024-10-09,1642.8,1642.8,1642.8,1642.8,0,180,0
BANKNIFTY09OCT2451100CE.NFO,2024-09-18,14:55:00,2024-10-09,1642.8,1642.8,1642.8,1642.8,0,180,0
BANKNIFTY09OCT2451100CE.NFO,2024-09-18,14:56:00,2024-10-09,1642.8,1642.8,1642.8,1642.8,0,180,0
BANKNIFTY09OCT2451100CE.NFO,2024-09-18,14:57:00,2024-10-09,1642.8,1642.8,1642.8,1642.8,0,180,0
BANKNIFTY09OCT2451100CE.NFO,2024-09-18,14:58:00,2024-10-09,1642.8,1642.8,1642.8,1642.8,0,180,0
BANKNIFTY09OCT2451100CE.NFO,2024-09-18,14:59:00,2024-10-09,1642.8,1642.8,1642.8,1642.8,0,180,0
BANKNIFTY09OCT2451100CE.NFO,2024-09-18,15:00:00,2024-10-09,1642.8,1642.8,1642.8,1642.8,0,180,1
BANKNIFTY09OCT2451100CE.NFO,2024-09-18,15:01:00,2024-10-09,1642.8,1642.8,1642.8,1642.8,0,180,0
BANKNIFTY09OCT2451100CE.NFO,2024-09-18,15:02:00,2024-10-09,1642.8,1642.8,1642.8,1642.8,0,180,0
BANKNIFTY09OCT2451100CE.NFO,2024-09-18,15:03:00,2024-10-09,1642.8,1642.8,1642.8,1642.8,0,180,0
BANKNIFTY09OCT2451100CE.NFO,2024-09-18,15:04:00,2024-10-09,1642.8,1642.8,1642.8,1642.8,0,180,0
BANKNIFTY09OCT2451100CE.NFO,2024-09-18,15:05:00,2024-10-09,1642.8,1642.8,1642.8,1642.8,0,180,0
BANKNIFTY09OCT2451100CE.NFO,2024-09-18,15:06:00,2024-10-09,1642.8,1642.8,1642.8,1642.8,0,180,0
BANKNIFTY09OCT2451100CE.NFO,2024-09-18,15:07:00,2024-10-09,1642.8,1642.8,1642.8,1642.8,0,180,0
BANKNIFTY09OCT2451100CE.NFO,2024-09-18,15:08:00,2024-10-09,1642.8,1642.8,1642.8,1642.8,0,180,0
BANKNIFTY09OCT2451100CE.NFO,2024-09-18,15:09:00,2024-10-09,1642.8,1642.8,1642.8,1642.8,0,180,0
BANKNIFTY09OCT2451100CE.NFO,2024-09-18,15:10:00,2024-10-09,1642.8,1642.8,1642.8,1642.8,0,180,0
BANKNIFTY09OCT2451100CE.NFO,2024-09-18,15:11:00,2024-10-09,1642.8,1642.8,1642.8,1642.8,0,180,0
BANKNIFTY09OCT2451100CE.NFO,2024-09-18,15:12:00,2024-10-09,1642.8,1642.8,1642.8,1642.8,0,180,0
BANKNIFTY09OCT2451100CE.NFO,2024-09-18,15:13:00,2024-10-09,1642.8,1642.8,1642.8,1642.8,0,180,0
BANKNIFTY09OCT2451100CE.NFO,2024-09-18,15:14:00,2024-10-09,1642.8,1642.8,1642.8,1642.8,0,180,0
BANKNIFTY09OCT2451100CE.NFO,2024-09-18,15:15:00,2024-10-09,1642.8,1642.8,1642.8,1642.8,0,180,0
BANKNIFTY09OCT2451100CE.NFO,2024-09-18,15:16:00,2024-10-09,1642.8,1642.8,1642.8,1642.8,0,180,0
BANKNIFTY09OCT2451100CE.NFO,2024-09-18,15:17:00,2024-10-09,1642.8,1642.8,1642.8,1642.8,0,180,0
BANKNIFTY09OCT2451100CE.NFO,2024-09-18,15:18:00,2024-10-09,1642.8,1642.8,1642.8,1642.8,0,180,1
BANKNIFTY09OCT2451100CE.NFO,2024-09-18,15:19:00,2024-10-09,1642.8,1642.8,1642.8,1642.8,0,180,0
BANKNIFTY09OCT2451100CE.NFO,2024-09-18,15:20:00,2024-10-09,1642.8,1642.8,1642.8,1642.8,0,180,0
BANKNIFTY09OCT2451100CE.NFO,2024-09-18,15:21:00,2024-10-09,1642.8,1642.8,1642.8,1642.8,0,180,0
BANKNIFTY09OCT2451100CE.NFO,2024-09-18,15:22:00,2024-10-09,1642.8,1642.8,1642.8,1642.8,0,180,0
BANKNIFTY09OCT2451100CE.NFO,2024-09-18,15:23:00,2024-10-09,1642.8,1642.8,1642.8,1642.8,0,180,0
BANKNIFTY09OCT2451100CE.NFO,2024-09-18,15:24:00,2024-10-09,1642.8,1642.8,1642.8,1642.8,0,180,0
BANKNIFTY09OCT2451100CE.NFO,2024-09-18,15:25:00,2024-10-09,1642.8,1642.8,1642.8,1642.8,0,180,0
BANKNIFTY09OCT2451100CE.NFO,2024-09-18,15:26:00,2024-10-09,1642.8,1642.8,1642.8,1642.8,0,180,0
BANKNIFTY09OCT2451100CE.NFO,2024-09-18,15:27:00,2024-10-09,1642.8,1642.8,1642.8,1642.8,0,180,0
BANKNIFTY09OCT2451100CE.NFO,2024-09-18,15:28:00,2024-10-09,1642.8,1642.8,1642.8,1642.8,0,180,0
BANKNIFTY09OCT2451100CE.NFO,2024-09-18,15:29:00,2024-10-09,1642.8,1642.8,1642.8,1642.8,0,180,0
BANKNIFTY09OCT2451100CE.NFO,2024-09-18,15:30:00,2024-10-09,1642.8,1642.8,1642.8,1642.8,0,180,1
BANKNIFTY09OCT2451100CE.NFO,2024-09-19,09:15:00,2024-10-09,2203.9,2203.9,2203.9,2203.9,0,165,1
BANKNIFTY09OCT2451100CE.NFO,2024-09-19,09:16:00,2024-10-09,2203.9,2203.9,2203.9,2203.9,0,165,1
BANKNIFTY09OCT2451100CE.NFO,2024-09-19,09:17:00,2024-10-09,2203.9,2203.9,2203.9,2203.9,0,165,1
BANKNIFTY09OCT2451100CE.NFO,2024-09-19,09:18:00,2024-10-09,2203.9,2203.9,2203.9,2203.9,0,165,1
BANKNIFTY09OCT2451100CE.NFO,2024-09-19,09:19:00,2024-10-09,2203.9,2203.9,2203.9,2203.9,0,165,1
BANKNIFTY09OCT2451100CE.NFO,2024-09-19,09:20:00,2024-10-09,2203.9,2203.9,2203.9,2203.9,0,165,1
BANKNIFTY09OCT2451100CE.NFO,2024-09-19,09:21:00,2024-10-09,2203.9,2203.9,2203.9,2203.9,0,165,1
BANKNIFTY09OCT2451100CE.NFO,2024-09-19,09:22:00,2024-10-09,2203.9,2203.9,2203.9,2203.9,0,165,1
BANKNIFTY09OCT2451100CE.NFO,2024-09-19,09:23:00,2024-10-09,2203.9,2203.9,2203.9,2203.9,0,165,1
BANKNIFTY09OCT2451100CE.NFO,2024-09-19,09:24:00,2024-10-09,2203.9,2203.9,2203.9,2203.9,0,165,1
BANKNIFTY09OCT2451100CE.NFO,2024-09-19,09:25:00,2024-10-09,2203.9,2203.9,2203.9,2203.9,0,165,1
BANKNIFTY09OCT2451100CE.NFO,2024-09-19,09:26:00,2024-10-09,2203.9,2203.9,2203.9,2203.9,0,165,1
BANKNIFTY09OCT2451100CE.NFO,2024-09-19,09:27:00,2024-10-09,2203.9,2203.9,2203.9,2203.9,0,165,1
BANKNIFTY09OCT2451100CE.NFO,2024-09-19,09:28:00,2024-10-09,2203.9,2203.9,2203.9,2203.9,0,165,1
BANKNIFTY09OCT2451100CE.NFO,2024-09-19,09:29:00,2024-10-09,2203.9,2203.9,2203.9,2203.9,0,165,1
BANKNIFTY09OCT2451100CE.NFO,2024-09-19,09:30:00,2024-10-09,2203.9,2203.9,2203.9,2203.9,0,165,1
BANKNIFTY09OCT2451100CE.NFO,2024-09-19,09:31:00,2024-10-09,2203.9,2203.9,2203.9,2203.9,0,165,1
BANKNIFTY09OCT2451100CE.NFO,2024-09-19,09:32:00,2024-10-09,2203.9,2203.9,2203.9,2203.9,0,165,1
BANKNIFTY09OCT2451100CE.NFO,2024-09-19,09:33:00,2024-10-09,2203.9,2203.9,2203.9,2203.9,0,165,1
BANKNIFTY09OCT2451100CE.NFO,2024-09-19,09:34:00,2024-10-09,2203.9,2203.9,2203.9,2203.9,0,165,1
BANKNIFTY09OCT2451100CE.NFO,2024-09-19,09:35:00,2024-10-09,2203.9,2203.9,2203.9,2203.9,0,165,1
BANKNIFTY09OCT2451100CE.NFO,2024-09-19,09:36:00,2024-10-09,2203.9,2203.9,2203.9,2203.9,0,165,1
BANKNIFTY09OCT2451100CE.NFO,2024-09-19,09:37:00,2024-10-09,2203.9,2203.9,2203.9,2203.9,0,165,1
BANKNIFTY09OCT2451100CE.NFO,2024-09-19,09:38:00,2024-10-09,2203.9,2203.9,2203.9,2203.9,0,165,1
BANKNIFTY09OCT2451100CE.NFO,2024-09-19,09:39:00,2024-10-09,2203.9,2203.9,2203.9,2203.9,0,165,1
BANKNIFTY09OCT2451100CE.NFO,2024-09-19,09:40:00,2024-10-09,2203.9,2203.9,2203.9,2203.9,0,165,1
BANKNIFTY09OCT2451100CE.NFO,2024-09-19,09:41:00,2024-10-09,2203.9,2203.9,2203.9,2203.9,0,165,1
BANKNIFTY09OCT2451100CE.NFO,2024-09-19,09:42:00,2024-10-09,2203.9,2203.9,2203.9,2203.9,0,165,1
BANKNIFTY09OCT2451100CE.NFO,2024-09-19,09:43:00,2024-10-09,2203.9,2203.9,2203.9,2203.9,0,165,1
BANKNIFTY09OCT2451100CE.NFO,2024-09-19,09:44:00,2024-10-09,2203.9,2203.9,2203.9,2203.9,0,165,1
BANKNIFTY09OCT2451100CE.NFO,2024-09-19,09:45:00,2024-10-09,2203.9,2203.9,2203.9,2203.9,0,165,1
BANKNIFTY09OCT2451100CE.NFO,2024-09-19,09:46:00,2024-10-09,2203.9,2203.9,2203.9,2203.9,0,165,1
BANKNIFTY09OCT2451100CE.NFO,2024-09-19,09:47:00,2024-10-09,2203.9,2203.9,2203.9,2203.9,0,165,1
BANKNIFTY09OCT2451100CE.NFO,2024-09-19,09:48:00,2024-10-09,2203.9,2203.9,2203.9,2203.9,0,165,1
BANKNIFTY09OCT2451100CE.NFO,2024-09-19,09:49:00,2024-10-09,2203.9,2203.9,2203.9,2203.9,0,165,1
BANKNIFTY09OCT2451100CE.NFO,2024-09-19,09:50:00,2024-10-09,2203.9,2203.9,2203.9,2203.9,0,165,1
BANKNIFTY09OCT2451100CE.NFO,2024-09-19,09:51:00,2024-10-09,2203.9,2203.9,2203.9,2203.9,0,165,1
BANKNIFTY09OCT2451100CE.NFO,2024-09-19,09:52:00,2024-10-09,2203.9,2203.9,2203.9,2203.9,0,165,1
BANKNIFTY09OCT2451100CE.NFO,2024-09-19,09:53:00,2024-10-09,2203.9,2203.9,2203.9,2203.9,0,165,1
BANKNIFTY09OCT2451100CE.NFO,2024-09-19,09:54:00,2024-10-09,2203.9,2203.9,2203.9,2203.9,0,165,1
BANKNIFTY09OCT2451100CE.NFO,2024-09-19,09:55:00,2024-10-09,2203.9,2203.9,2203.9,2203.9,0,165,1
BANKNIFTY09OCT2451100CE.NFO,2024-09-19,09:56:00,2024-10-09,2203.9,2203.9,2203.9,2203.9,0,165,1
BANKNIFTY09OCT2451100CE.NFO,2024-09-19,09:57:00,2024-10-09,2203.9,2203.9,2203.9,2203.9,0,165,0
BANKNIFTY09OCT2451100CE.NFO,2024-09-19,09:58:00,2024-10-09,2203.9,2203.9,2203.9,2203.9,0,165,0
BANKNIFTY09OCT2451100CE.NFO,2024-09-19,09:59:00,2024-10-09,2203.9,2203.9,2203.9,2203.9,0,165,0
BANKNIFTY09OCT2451100CE.NFO,2024-09-19,10:00:00,2024-10-09,2203.9,2203.9,2203.9,2203.9,0,165,0
BANKNIFTY09OCT2451100CE.NFO,2024-09-19,10:01:00,2024-10-09,2203.9,2203.9,2203.9,2203.9,0,165,0
BANKNIFTY09OCT2451100CE.NFO,2024-09-19,10:02:00,2024-10-09,2203.9,2203.9,2203.9,2203.9,0,165,0
BANKNIFTY09OCT2451100CE.NFO,2024-09-19,10:03:00,2024-10-09,2203.9,2203.9,2203.9,2203.9,0,165,0
BANKNIFTY09OCT2451100CE.NFO,2024-09-19,10:04:00,2024-10-09,2203.9,2203.9,2203.9,2203.9,0,165,0
BANKNIFTY09OCT2451100CE.NFO,2024-09-19,10:05:00,2024-10-09,2203.9,2203.9,2203.9,2203.9,0,165,0
BANKNIFTY09OCT2451100CE.NFO,2024-09-19,10:06:00,2024-10-09,2203.9,2203.9,2203.9,2203.9,0,165,0
BANKNIFTY09OCT2451100CE.NFO,2024-09-19,10:07:00,2024-10-09,2203.9,2203.9,2203.9,2203.9,0,165,0
BANKNIFTY09OCT2451100CE.NFO,2024-09-19,10:08:00,2024-10-09,2203.9,2203.9,2203.9,2203.9,0,165,0
BANKNIFTY09OCT2451100CE.NFO,2024-09-19,10:09:00,2024-10-09,2203.9,2203.9,2203.9,2203.9,0,165,0
BANKNIFTY09OCT2451100CE.NFO,2024-09-19,10:10:00,2024-10-09,2203.9,2203.9,2203.9,2203.9,0,165,0
BANKNIFTY09OCT2451100CE.NFO,2024-09-19,10:11:00,2024-10-09,2203.9,2203.9,2203.9,2203.9,0,165,0
BANKNIFTY09OCT2451100CE.NFO,2024-09-19,10:12:00,2024-10-09,2203.9,2203.9,2203.9,2203.9,0,165,0
BANKNIFTY09OCT2451100CE.NFO,2024-09-19,10:13:00,2024-10-09,2203.9,2203.9,2203.9,2203.9,0,165,0
BANKNIFTY09OCT2451100CE.NFO,2024-09-19,10:14:00,2024-10-09,2203.9,2203.9,2203.9,2203.9,0,165,0
BANKNIFTY09OCT2451100CE.NFO,2024-09-19,10:15:00,2024-10-09,2203.9,2203.9,2203.9,2203.9,0,165,0
BANKNIFTY09OCT2451100CE.NFO,2024-09-19,10:16:00,2024-10-09,2203.9,2203.9,2203.9,2203.9,0,165,0
BANKNIFTY09OCT2451100CE.NFO,2024-09-19,10:17:00,2024-10-09,2203.9,2203.9,2203.9,2203.9,0,165,0
BANKNIFTY09OCT2451100CE.NFO,2024-09-19,10:18:00,2024-10-09,2203.9,2203.9,2203.9,2203.9,0,165,0
BANKNIFTY09OCT2451100CE.NFO,2024-09-19,10:19:00,2024-10-09,2203.9,2203.9,2203.9,2203.9,0,165,0
BANKNIFTY09OCT2451100CE.NFO,2024-09-19,10:20:00,2024-10-09,2203.9,2203.9,2203.9,2203.9,0,165,0
BANKNIFTY09OCT2451100CE.NFO,2024-09-19,10:21:00,2024-10-09,2203.9,2203.9,2203.9,2203.9,0,165,0
BANKNIFTY09OCT2451100CE.NFO,2024-09-19,10:22:00,2024-10-09,2203.9,2203.9,2203.9,2203.9,0,165,0
BANKNIFTY09OCT2451100CE.NFO,2024-09-19,10:23:00,2024-10-09,2203.9,2203.9,2203.9,2203.9,0,165,0
BANKNIFTY09OCT2451100CE.NFO,2024-09-19,10:24:00,2024-10-09,2203.9,2203.9,2203.9,2203.9,0,165,0
BANKNIFTY09OCT2451100CE.NFO,2024-09-19,10:25:00,2024-10-09,2203.9,2203.9,2203.9,2203.9,0,165,0
BANKNIFTY09OCT2451100CE.NFO,2024-09-19,10:26:00,2024-10-09,2203.9,2203.9,2203.9,2203.9,0,165,0
BANKNIFTY09OCT2451100CE.NFO,2024-09-19,10:27:00,2024-10-09,2203.9,2203.9,2203.9,2203.9,0,165,0
BANKNIFTY09OCT2451100CE.NFO,2024-09-19,10:28:00,2024-10-09,2203.9,2203.9,2203.9,2203.9,0,165,0
BANKNIFTY09OCT2451100CE.NFO,2024-09-19,10:29:00,2024-10-09,2203.9,2203.9,2203.9,2203.9,0,165,0
BANKNIFTY09OCT2451100CE.NFO,2024-09-19,10:30:00,2024-10-09,2203.9,2205.0,2203.9,2205.0,0,165,0
BANKNIFTY09OCT2451100CE.NFO,2024-09-19,10:31:00,2024-10-09,2205.0,2205.0,2205.0,2205.0,15,165,0
BANKNIFTY09OCT2451100CE.NFO,2024-09-19,10:32:00,2024-10-09,2205.0,2205.0,2205.0,2205.0,0,165,0
BANKNIFTY09OCT2451100CE.NFO,2024-09-19,10:33:00,2024-10-09,2205.0,2205.0,2205.0,2205.0,0,165,0
BANKNIFTY09OCT2451100CE.NFO,2024-09-19,10:34:00,2024-10-09,2205.0,2205.0,2205.0,2205.0,0,165,0
BANKNIFTY09OCT2451100CE.NFO,2024-09-19,10:35:00,2024-10-09,2205.0,2205.0,2205.0,2205.0,0,165,0
BANKNIFTY09OCT2451100CE.NFO,2024-09-19,10:36:00,2024-10-09,2205.0,2205.0,2205.0,2205.0,0,165,0
BANKNIFTY09OCT2451100CE.NFO,2024-09-19,10:37:00,2024-10-09,2205.0,2205.0,2205.0,2205.0,0,165,0
BANKNIFTY09OCT2451100CE.NFO,2024-09-19,10:38:00,2024-10-09,2205.0,2205.0,2205.0,2205.0,0,165,0
BANKNIFTY09OCT2451100CE.NFO,2024-09-19,10:39:00,2024-10-09,2205.0,2205.0,2205.0,2205.0,0,165,0
BANKNIFTY09OCT2451100CE.NFO,2024-09-19,10:40:00,2024-10-09,2205.0,2205.0,2205.0,2205.0,0,165,0
BANKNIFTY09OCT2451100CE.NFO,2024-09-19,10:41:00,2024-10-09,2205.0,2205.0,2205.0,2205.0,0,165,0
BANKNIFTY09OCT2451100CE.NFO,2024-09-19,10:42:00,2024-10-09,2205.0,2205.0,2205.0,2205.0,0,165,0
BANKNIFTY09OCT2451100CE.NFO,2024-09-19,10:43:00,2024-10-09,2205.0,2205.0,2205.0,2205.0,0,165,0
BANKNIFTY09OCT2451100CE.NFO,2024-09-19,10:44:00,2024-10-09,2205.0,2205.0,2205.0,2205.0,0,165,0
BANKNIFTY09OCT2451100CE.NFO,2024-09-19,10:45:00,2024-10-09,2205.0,2205.0,2205.0,2205.0,0,165,0
BANKNIFTY09OCT2451100CE.NFO,2024-09-19,10:46:00,2024-10-09,2205.0,2205.0,2205.0,2205.0,0,165,0
BANKNIFTY09OCT2451100CE.NFO,2024-09-19,10:47:00,2024-10-09,2205.0,2205.0,2205.0,2205.0,0,165,0
BANKNIFTY09OCT2451100CE.NFO,2024-09-19,10:48:00,2024-10-09,2205.0,2205.0,2205.0,2205.0,0,165,0
BANKNIFTY09OCT2451100CE.NFO,2024-09-19,10:49:00,2024-10-09,2205.0,2205.0,2205.0,2205.0,0,165,0
BANKNIFTY09OCT2451100CE.NFO,2024-09-19,10:50:00,2024-10-09,2205.0,2205.0,2205.0,2205.0,0,165,0
BANKNIFTY09OCT2451100CE.NFO,2024-09-19,10:51:00,2024-10-09,2205.0,2205.0,2205.0,2205.0,0,165,0
BANKNIFTY09OCT2451100CE.NFO,2024-09-19,10:52:00,2024-10-09,2205.0,2205.0,2205.0,2205.0,0,165,0
BANKNIFTY09OCT2451100CE.NFO,2024-09-19,10:53:00,2024-10-09,2205.0,2205.0,2205.0,2205.0,0,165,0
BANKNIFTY09OCT2451100CE.NFO,2024-09-19,10:54:00,2024-10-09,2205.0,2205.0,2205.0,2205.0,0,165,0
BANKNIFTY09OCT2451100CE.NFO,2024-09-19,10:55:00,2024-10-09,2205.0,2205.0,2205.0,2205.0,0,165,0
BANKNIFTY09OCT2451100CE.NFO,2024-09-19,10:56:00,2024-10-09,2205.0,2205.0,2205.0,2205.0,0,165,0
BANKNIFTY09OCT2451100CE.NFO,2024-09-19,10:57:00,2024-10-09,2205.0,2205.0,2205.0,2205.0,0,165,0
BANKNIFTY09OCT2451100CE.NFO,2024-09-19,10:58:00,2024-10-09,2205.0,2205.0,2205.0,2205.0,0,165,0
BANKNIFTY09OCT2451100CE.NFO,2024-09-19,10:59:00,2024-10-09,2205.0,2205.0,2205.0,2205.0,0,165,0
BANKNIFTY09OCT2451100CE.NFO,2024-09-19,11:00:00,2024-10-09,2205.0,2205.0,2205.0,2205.0,0,165,0
BANKNIFTY09OCT2451100CE.NFO,2024-09-19,11:01:00,2024-10-09,2205.0,2205.0,2205.0,2205.0,0,165,0
BANKNIFTY09OCT2451100CE.NFO,2024-09-19,11:02:00,2024-10-09,2205.0,2205.0,2205.0,2205.0,0,165,0
BANKNIFTY09OCT2451100CE.NFO,2024-09-19,11:03:00,2024-10-09,2205.0,2205.0,2205.0,2205.0,0,165,0
BANKNIFTY09OCT2451100CE.NFO,2024-09-19,11:04:00,2024-10-09,2205.0,2205.0,2205.0,2205.0,0,165,0
BANKNIFTY09OCT2451100CE.NFO,2024-09-19,11:05:00,2024-10-09,2205.0,2205.0,2205.0,2205.0,0,165,0
BANKNIFTY09OCT2451100CE.NFO,2024-09-19,11:06:00,2024-10-09,2205.0,2205.0,2205.0,2205.0,0,165,0
BANKNIFTY09OCT2451100CE.NFO,2024-09-19,11:07:00,2024-10-09,2205.0,2205.0,2205.0,2205.0,0,165,0
BANKNIFTY09OCT2451100CE.NFO,2024-09-19,11:08:00,2024-10-09,2205.0,2205.0,2205.0,2205.0,0,165,0
BANKNIFTY09OCT2451100CE.NFO,2024-09-19,11:09:00,2024-10-09,2205.0,2205.0,2205.0,2205.0,0,165,0
BANKNIFTY09OCT2451100CE.NFO,2024-09-19,11:10:00,2024-10-09,2205.0,2205.0,2205.0,2205.0,0,165,0
BANKNIFTY09OCT2451100CE.NFO,2024-09-19,11:11:00,2024-10-09,2205.0,2205.0,2205.0,2205.0,0,165,0
BANKNIFTY09OCT2451100CE.NFO,2024-09-19,11:12:00,2024-10-09,2205.0,2205.0,2205.0,2205.0,0,165,0
BANKNIFTY09OCT2451100CE.NFO,2024-09-19,11:13:00,2024-10-09,2205.0,2205.0,2205.0,2205.0,0,165,0
BANKNIFTY09OCT2451100CE.NFO,2024-09-19,11:14:00,2024-10-09,2205.0,2205.0,2205.0,2205.0,0,165,0
BANKNIFTY09OCT2451100CE.NFO,2024-09-19,11:15:00,2024-10-09,2205.0,2205.0,2205.0,2205.0,0,165,0
BANKNIFTY09OCT2451100CE.NFO,2024-09-19,11:16:00,2024-10-09,2205.0,2205.0,2205.0,2205.0,0,165,0
BANKNIFTY09OCT2451100CE.NFO,2024-09-19,11:17:00,2024-10-09,2205.0,2205.0,2205.0,2205.0,0,165,0
BANKNIFTY09OCT2451100CE.NFO,2024-09-19,11:18:00,2024-10-09,2205.0,2205.0,2205.0,2205.0,0,165,0
BANKNIFTY09OCT2451100CE.NFO,2024-09-19,11:19:00,2024-10-09,2205.0,2205.0,2205.0,2205.0,0,165,0
BANKNIFTY09OCT2451100CE.NFO,2024-09-19,11:20:00,2024-10-09,2205.0,2205.0,2205.0,2205.0,0,165,0
BANKNIFTY09OCT2451100CE.NFO,2024-09-19,11:21:00,2024-10-09,2205.0,2205.0,2205.0,2205.0,0,165,0
BANKNIFTY09OCT2451100CE.NFO,2024-09-19,11:22:00,2024-10-09,2205.0,2205.0,2205.0,2205.0,0,165,0
BANKNIFTY09OCT2451100CE.NFO,2024-09-19,11:23:00,2024-10-09,2205.0,2205.0,2205.0,2205.0,0,165,0
BANKNIFTY09OCT2451100CE.NFO,2024-09-19,11:24:00,2024-10-09,2205.0,2205.0,2205.0,2205.0,0,165,0
BANKNIFTY09OCT2451100CE.NFO,2024-09-19,11:25:00,2024-10-09,2205.0,2205.0,2205.0,2205.0,0,165,0
BANKNIFTY09OCT2451100CE.NFO,2024-09-19,11:26:00,2024-10-09,2205.0,2205.0,2205.0,2205.0,0,165,0
BANKNIFTY09OCT2451100CE.NFO,2024-09-19,11:27:00,2024-10-09,2205.0,2205.0,2205.0,2205.0,0,165,0
BANKNIFTY09OCT2451100CE.NFO,2024-09-19,11:28:00,2024-10-09,2205.0,2205.0,2205.0,2205.0,0,165,0
BANKNIFTY09OCT2451100CE.NFO,2024-09-19,11:29:00,2024-10-09,2205.0,2205.0,2205.0,2205.0,0,165,0
BANKNIFTY09OCT2451100CE.NFO,2024-09-19,11:30:00,2024-10-09,2205.0,2205.0,2205.0,2205.0,0,165,0
BANKNIFTY09OCT2451100CE.NFO,2024-09-19,11:31:00,2024-10-09,2205.0,2205.0,2205.0,2205.0,0,165,0
BANKNIFTY09OCT2451100CE.NFO,2024-09-19,11:32:00,2024-10-09,2205.0,2205.0,2205.0,2205.0,0,165,0
BANKNIFTY09OCT2451100CE.NFO,2024-09-19,11:33:00,2024-10-09,2205.0,2205.0,2205.0,2205.0,0,165,0
BANKNIFTY09OCT2451100CE.NFO,2024-09-19,11:34:00,2024-10-09,2205.0,2205.0,2205.0,2205.0,0,165,0
BANKNIFTY09OCT2451100CE.NFO,2024-09-19,11:35:00,2024-10-09,2205.0,2205.0,2205.0,2205.0,0,165,0
BANKNIFTY09OCT2451100CE.NFO,2024-09-19,11:36:00,2024-10-09,2205.0,2205.0,2205.0,2205.0,0,165,0
BANKNIFTY09OCT2451100CE.NFO,2024-09-19,11:37:00,2024-10-09,2205.0,2205.0,2205.0,2205.0,0,165,0
BANKNIFTY09OCT2451100CE.NFO,2024-09-19,11:38:00,2024-10-09,2205.0,2205.0,2205.0,2205.0,0,165,0
BANKNIFTY09OCT2451100CE.NFO,2024-09-19,11:39:00,2024-10-09,2205.0,2205.0,2205.0,2205.0,0,165,0
BANKNIFTY09OCT2451100CE.NFO,2024-09-19,11:40:00,2024-10-09,2205.0,2205.0,2205.0,2205.0,0,165,0
BANKNIFTY09OCT2451100CE.NFO,2024-09-19,11:41:00,2024-10-09,2205.0,2205.0,2205.0,2205.0,0,165,0
BANKNIFTY09OCT2451100CE.NFO,2024-09-19,11:42:00,2024-10-09,2205.0,2205.0,2205.0,2205.0,0,165,0
BANKNIFTY09OCT2451100CE.NFO,2024-09-19,11:43:00,2024-10-09,2205.0,2205.0,2205.0,2205.0,0,165,0
BANKNIFTY09OCT2451100CE.NFO,2024-09-19,11:44:00,2024-10-09,2205.0,2205.0,2205.0,2205.0,0,165,0
BANKNIFTY09OCT2451100CE.NFO,2024-09-19,11:45:00,2024-10-09,2205.0,2205.0,2205.0,2205.0,0,165,0
BANKNIFTY09OCT2451100CE.NFO,2024-09-19,11:46:00,2024-10-09,2205.0,2205.0,2205.0,2205.0,0,165,0
BANKNIFTY09OCT2451100CE.NFO,2024-09-19,11:47:00,2024-10-09,2205.0,2205.0,2205.0,2205.0,0,165,0
BANKNIFTY09OCT2451100CE.NFO,2024-09-19,11:48:00,2024-10-09,2205.0,2205.0,2205.0,2205.0,0,165,0
BANKNIFTY09OCT2451100CE.NFO,2024-09-19,11:49:00,2024-10-09,2205.0,2205.0,2205.0,2205.0,0,165,0
BANKNIFTY09OCT2451100CE.NFO,2024-09-19,11:50:00,2024-10-09,2205.0,2205.0,2205.0,2205.0,0,165,0
BANKNIFTY09OCT2451100CE.NFO,2024-09-19,11:51:00,2024-10-09,2205.0,2205.0,2205.0,2205.0,0,165,0
BANKNIFTY09OCT2451100CE.NFO,2024-09-19,11:52:00,2024-10-09,2205.0,2205.0,2205.0,2205.0,0,165,0
BANKNIFTY09OCT2451100CE.NFO,2024-09-19,11:53:00,2024-10-09,2205.0,2205.0,2205.0,2205.0,0,165,0
BANKNIFTY09OCT2451100CE.NFO,2024-09-19,11:54:00,2024-10-09,2205.0,2205.0,2205.0,2205.0,0,165,0
BANKNIFTY09OCT2451100CE.NFO,2024-09-19,11:55:00,2024-10-09,2205.0,2205.0,2205.0,2205.0,0,165,0
BANKNIFTY09OCT2451100CE.NFO,2024-09-19,11:56:00,2024-10-09,2205.0,2205.0,2205.0,2205.0,0,165,0
BANKNIFTY09OCT2451100CE.NFO,2024-09-19,11:57:00,2024-10-09,2205.0,2205.0,2205.0,2205.0,0,165,0
BANKNIFTY09OCT2451100CE.NFO,2024-09-19,11:58:00,2024-10-09,2205.0,2205.0,2205.0,2205.0,0,165,0
BANKNIFTY09OCT2451100CE.NFO,2024-09-19,11:59:00,2024-10-09,2205.0,2205.0,2205.0,2205.0,0,165,0
BANKNIFTY09OCT2451100CE.NFO,2024-09-19,12:00:00,2024-10-09,2205.0,2205.0,2205.0,2205.0,0,165,0
BANKNIFTY09OCT2451100CE.NFO,2024-09-19,12:01:00,2024-10-09,2205.0,2205.0,2205.0,2205.0,0,165,0
BANKNIFTY09OCT2451100CE.NFO,2024-09-19,12:02:00,2024-10-09,2205.0,2205.0,2205.0,2205.0,0,165,0
BANKNIFTY09OCT2451100CE.NFO,2024-09-19,12:03:00,2024-10-09,2205.0,2205.0,2205.0,2205.0,0,165,0
BANKNIFTY09OCT2451100CE.NFO,2024-09-19,12:04:00,2024-10-09,2205.0,2205.0,2205.0,2205.0,0,165,0
BANKNIFTY09OCT2451100CE.NFO,2024-09-19,12:05:00,2024-10-09,2205.0,2205.0,2205.0,2205.0,0,165,0
BANKNIFTY09OCT2451100CE.NFO,2024-09-19,12:06:00,2024-10-09,2205.0,2205.0,2205.0,2205.0,0,165,0
BANKNIFTY09OCT2451100CE.NFO,2024-09-19,12:07:00,2024-10-09,2205.0,2205.0,2205.0,2205.0,0,165,0
BANKNIFTY09OCT2451100CE.NFO,2024-09-19,12:08:00,2024-10-09,2205.0,2205.0,2205.0,2205.0,0,165,0
BANKNIFTY09OCT2451100CE.NFO,2024-09-19,12:09:00,2024-10-09,2205.0,2205.0,2205.0,2205.0,0,165,0
BANKNIFTY09OCT2451100CE.NFO,2024-09-19,12:10:00,2024-10-09,2205.0,2205.0,2205.0,2205.0,0,165,0
BANKNIFTY09OCT2451100CE.NFO,2024-09-19,12:11:00,2024-10-09,2205.0,2205.0,2205.0,2205.0,0,165,0
BANKNIFTY09OCT2451100CE.NFO,2024-09-19,12:12:00,2024-10-09,2205.0,2205.0,2205.0,2205.0,0,165,0
BANKNIFTY09OCT2451100CE.NFO,2024-09-19,12:13:00,2024-10-09,2205.0,2205.0,2205.0,2205.0,0,165,0
BANKNIFTY09OCT2451100CE.NFO,2024-09-19,12:14:00,2024-10-09,2205.0,2205.0,2205.0,2205.0,0,165,0
BANKNIFTY09OCT2451100CE.NFO,2024-09-19,12:15:00,2024-10-09,2205.0,2205.0,2205.0,2205.0,0,165,0
BANKNIFTY09OCT2451100CE.NFO,2024-09-19,12:16:00,2024-10-09,2205.0,2205.0,2205.0,2205.0,0,165,0
BANKNIFTY09OCT2451100CE.NFO,2024-09-19,12:17:00,2024-10-09,2205.0,2205.0,2205.0,2205.0,0,165,0
BANKNIFTY09OCT2451100CE.NFO,2024-09-19,12:18:00,2024-10-09,2205.0,2205.0,2205.0,2205.0,0,165,0
BANKNIFTY09OCT2451100CE.NFO,2024-09-19,12:19:00,2024-10-09,2205.0,2205.0,2205.0,2205.0,0,165,0
BANKNIFTY09OCT2451100CE.NFO,2024-09-19,12:20:00,2024-10-09,2205.0,2205.0,2205.0,2205.0,0,165,0
BANKNIFTY09OCT2451100CE.NFO,2024-09-19,12:21:00,2024-10-09,2205.0,2205.0,2205.0,2205.0,0,165,0
BANKNIFTY09OCT2451100CE.NFO,2024-09-19,12:22:00,2024-10-09,2205.0,2205.0,2205.0,2205.0,0,165,0
BANKNIFTY09OCT2451100CE.NFO,2024-09-19,12:23:00,2024-10-09,2205.0,2205.0,2205.0,2205.0,0,165,0
BANKNIFTY09OCT2451100CE.NFO,2024-09-19,12:24:00,2024-10-09,2205.0,2205.0,2205.0,2205.0,0,165,0
BANKNIFTY09OCT2451100CE.NFO,2024-09-19,12:25:00,2024-10-09,2205.0,2205.0,2205.0,2205.0,0,165,0
BANKNIFTY09OCT2451100CE.NFO,2024-09-19,12:26:00,2024-10-09,2205.0,2205.0,2205.0,2205.0,0,165,0
BANKNIFTY09OCT2451100CE.NFO,2024-09-19,12:27:00,2024-10-09,2205.0,2205.0,2205.0,2205.0,0,165,0
BANKNIFTY09OCT2451100CE.NFO,2024-09-19,12:28:00,2024-10-09,2205.0,2205.0,2205.0,2205.0,0,165,0
BANKNIFTY09OCT2451100CE.NFO,2024-09-19,12:29:00,2024-10-09,2205.0,2205.0,2205.0,2205.0,0,165,0
BANKNIFTY09OCT2451100CE.NFO,2024-09-19,12:30:00,2024-10-09,2205.0,2205.0,2205.0,2205.0,0,165,0
BANKNIFTY09OCT2451100CE.NFO,2024-09-19,12:31:00,2024-10-09,2205.0,2205.0,2205.0,2205.0,0,165,0
BANKNIFTY09OCT2451100CE.NFO,2024-09-19,12:32:00,2024-10-09,2205.0,2205.0,2205.0,2205.0,0,165,0
BANKNIFTY09OCT2451100CE.NFO,2024-09-19,12:33:00,2024-10-09,2205.0,2205.0,2205.0,2205.0,0,165,0
BANKNIFTY09OCT2451100CE.NFO,2024-09-19,12:34:00,2024-10-09,2205.0,2205.0,2205.0,2205.0,0,165,0
BANKNIFTY09OCT2451100CE.NFO,2024-09-19,12:35:00,2024-10-09,2205.0,2205.0,2205.0,2205.0,0,165,0
BANKNIFTY09OCT2451100CE.NFO,2024-09-19,12:36:00,2024-10-09,2205.0,2205.0,2205.0,2205.0,0,165,0
BANKNIFTY09OCT2451100CE.NFO,2024-09-19,12:37:00,2024-10-09,2205.0,2205.0,2205.0,2205.0,0,165,0
BANKNIFTY09OCT2451100CE.NFO,2024-09-19,12:38:00,2024-10-09,2205.0,2205.0,2205.0,2205.0,0,165,0
BANKNIFTY09OCT2451100CE.NFO,2024-09-19,12:39:00,2024-10-09,2205.0,2205.0,2205.0,2205.0,0,165,0
BANKNIFTY09OCT2451100CE.NFO,2024-09-19,12:40:00,2024-10-09,2205.0,2205.0,2205.0,2205.0,0,165,0
BANKNIFTY09OCT2451100CE.NFO,2024-09-19,12:41:00,2024-10-09,2205.0,2205.0,2205.0,2205.0,0,165,0
BANKNIFTY09OCT2451100CE.NFO,2024-09-19,12:42:00,2024-10-09,2205.0,2205.0,2205.0,2205.0,0,165,0
BANKNIFTY09OCT2451100CE.NFO,2024-09-19,12:43:00,2024-10-09,2205.0,2205.0,2205.0,2205.0,0,165,0
BANKNIFTY09OCT2451100CE.NFO,2024-09-19,12:44:00,2024-10-09,2205.0,2205.0,2205.0,2205.0,0,165,0
BANKNIFTY09OCT2451100CE.NFO,2024-09-19,12:45:00,2024-10-09,2205.0,2205.0,2205.0,2205.0,0,165,0
BANKNIFTY09OCT2451100CE.NFO,2024-09-19,12:46:00,2024-10-09,2205.0,2205.0,2205.0,2205.0,0,165,0
BANKNIFTY09OCT2451100CE.NFO,2024-09-19,12:47:00,2024-10-09,2205.0,2205.0,2205.0,2205.0,0,165,0
BANKNIFTY09OCT2451100CE.NFO,2024-09-19,12:48:00,2024-10-09,2205.0,2205.0,2205.0,2205.0,0,165,0
BANKNIFTY09OCT2451100CE.NFO,2024-09-19,12:49:00,2024-10-09,2205.0,2205.0,2205.0,2205.0,0,165,0
BANKNIFTY09OCT2451100CE.NFO,2024-09-19,12:50:00,2024-10-09,2205.0,2205.0,2205.0,2205.0,0,165,0
BANKNIFTY09OCT2451100CE.NFO,2024-09-19,12:51:00,2024-10-09,2205.0,2205.0,2205.0,2205.0,0,165,0
BANKNIFTY09OCT2451100CE.NFO,2024-09-19,12:52:00,2024-10-09,2205.0,2205.0,2205.0,2205.0,0,165,0
BANKNIFTY09OCT2451100CE.NFO,2024-09-19,12:53:00,2024-10-09,2205.0,2205.0,2205.0,2205.0,0,165,0
BANKNIFTY09OCT2451100CE.NFO,2024-09-19,12:54:00,2024-10-09,2205.0,2205.0,2205.0,2205.0,0,165,0
BANKNIFTY09OCT2451100CE.NFO,2024-09-19,12:55:00,2024-10-09,2205.0,2205.0,2205.0,2205.0,0,165,0
BANKNIFTY09OCT2451100CE.NFO,2024-09-19,12:56:00,2024-10-09,2205.0,2205.0,2205.0,2205.0,0,165,0
BANKNIFTY09OCT2451100CE.NFO,2024-09-19,12:57:00,2024-10-09,2205.0,2205.0,2205.0,2205.0,0,165,0
BANKNIFTY09OCT2451100CE.NFO,2024-09-19,12:58:00,2024-10-09,2205.0,2205.0,2205.0,2205.0,0,165,0
BANKNIFTY09OCT2451100CE.NFO,2024-09-19,12:59:00,2024-10-09,2205.0,2205.0,2205.0,2205.0,0,165,0
BANKNIFTY09OCT2451100CE.NFO,2024-09-19,13:00:00,2024-10-09,2205.0,2205.0,2205.0,2205.0,0,165,1
BANKNIFTY09OCT2451100CE.NFO,2024-09-19,13:01:00,2024-10-09,2205.0,2205.0,2205.0,2205.0,0,165,0
BANKNIFTY09OCT2451100CE.NFO,2024-09-19,13:02:00,2024-10-09,2205.0,2205.0,2205.0,2205.0,0,165,0
BANKNIFTY09OCT2451100CE.NFO,2024-09-19,13:03:00,2024-10-09,2205.0,2205.0,2205.0,2205.0,0,165,0
BANKNIFTY09OCT2451100CE.NFO,2024-09-19,13:04:00,2024-10-09,2205.0,2205.0,2205.0,2205.0,0,165,0
BANKNIFTY09OCT2451100CE.NFO,2024-09-19,13:05:00,2024-10-09,2205.0,2205.0,2205.0,2205.0,0,165,0
BANKNIFTY09OCT2451100CE.NFO,2024-09-19,13:06:00,2024-10-09,2205.0,2205.0,2205.0,2205.0,0,165,0
BANKNIFTY09OCT2451100CE.NFO,2024-09-19,13:07:00,2024-10-09,2205.0,2205.0,2205.0,2205.0,0,165,0
BANKNIFTY09OCT2451100CE.NFO,2024-09-19,13:08:00,2024-10-09,2205.0,2205.0,2205.0,2205.0,0,165,0
BANKNIFTY09OCT2451100CE.NFO,2024-09-19,13:09:00,2024-10-09,2205.0,2205.0,2205.0,2205.0,0,165,0
BANKNIFTY09OCT2451100CE.NFO,2024-09-19,13:10:00,2024-10-09,2205.0,2205.0,2205.0,2205.0,0,165,0
BANKNIFTY09OCT2451100CE.NFO,2024-09-19,13:11:00,2024-10-09,2205.0,2205.0,2205.0,2205.0,0,165,0
BANKNIFTY09OCT2451100CE.NFO,2024-09-19,13:12:00,2024-10-09,2205.0,2205.0,2205.0,2205.0,0,165,0
BANKNIFTY09OCT2451100CE.NFO,2024-09-19,13:13:00,2024-10-09,2205.0,2205.0,2205.0,2205.0,0,165,0
BANKNIFTY09OCT2451100CE.NFO,2024-09-19,13:14:00,2024-10-09,2205.0,2205.0,2205.0,2205.0,0,165,0
BANKNIFTY09OCT2451100CE.NFO,2024-09-19,13:15:00,2024-10-09,2205.0,2205.0,2205.0,2205.0,0,165,0
BANKNIFTY09OCT2451100CE.NFO,2024-09-19,13:16:00,2024-10-09,2205.0,2205.0,2205.0,2205.0,0,165,0
BANKNIFTY09OCT2451100CE.NFO,2024-09-19,13:17:00,2024-10-09,2205.0,2205.0,2205.0,2205.0,0,165,0
BANKNIFTY09OCT2451100CE.NFO,2024-09-19,13:18:00,2024-10-09,2205.0,2205.0,2205.0,2205.0,0,165,0
BANKNIFTY09OCT2451100CE.NFO,2024-09-19,13:19:00,2024-10-09,2205.0,2205.0,2205.0,2205.0,0,165,0
BANKNIFTY09OCT2451100CE.NFO,2024-09-19,13:20:00,2024-10-09,2205.0,2205.0,2205.0,2205.0,0,165,0
BANKNIFTY09OCT2451100CE.NFO,2024-09-19,13:21:00,2024-10-09,2205.0,2205.0,2205.0,2205.0,0,165,0
BANKNIFTY09OCT2451100CE.NFO,2024-09-19,13:22:00,2024-10-09,2205.0,2205.0,2205.0,2205.0,0,165,0
BANKNIFTY09OCT2451100CE.NFO,2024-09-19,13:23:00,2024-10-09,2205.0,2205.0,2205.0,2205.0,0,165,0
BANKNIFTY09OCT2451100CE.NFO,2024-09-19,13:24:00,2024-10-09,2205.0,2205.0,2205.0,2205.0,0,165,0
BANKNIFTY09OCT2451100CE.NFO,2024-09-19,13:25:00,2024-10-09,2205.0,2205.0,2205.0,2205.0,0,165,0
BANKNIFTY09OCT2451100CE.NFO,2024-09-19,13:26:00,2024-10-09,2205.0,2205.0,2205.0,2205.0,0,165,0
BANKNIFTY09OCT2451100CE.NFO,2024-09-19,13:27:00,2024-10-09,2205.0,2205.0,2205.0,2205.0,0,165,0
BANKNIFTY09OCT2451100CE.NFO,2024-09-19,13:28:00,2024-10-09,2205.0,2205.0,2205.0,2205.0,0,165,0
BANKNIFTY09OCT2451100CE.NFO,2024-09-19,13:29:00,2024-10-09,2205.0,2205.0,2205.0,2205.0,0,165,0
BANKNIFTY09OCT2451100CE.NFO,2024-09-19,13:30:00,2024-10-09,2205.0,2205.0,2205.0,2205.0,0,165,0
BANKNIFTY09OCT2451100CE.NFO,2024-09-19,13:31:00,2024-10-09,2205.0,2205.0,2205.0,2205.0,0,165,0
BANKNIFTY09OCT2451100CE.NFO,2024-09-19,13:32:00,2024-10-09,2205.0,2205.0,2205.0,2205.0,0,165,0
BANKNIFTY09OCT2451100CE.NFO,2024-09-19,13:33:00,2024-10-09,2205.0,2205.0,2205.0,2205.0,0,165,0
BANKNIFTY09OCT2451100CE.NFO,2024-09-19,13:34:00,2024-10-09,2205.0,2205.0,2205.0,2205.0,0,165,0
BANKNIFTY09OCT2451100CE.NFO,2024-09-19,13:35:00,2024-10-09,2205.0,2205.0,2205.0,2205.0,0,165,0
BANKNIFTY09OCT2451100CE.NFO,2024-09-19,13:36:00,2024-10-09,2205.0,2205.0,2205.0,2205.0,0,165,0
BANKNIFTY09OCT2451100CE.NFO,2024-09-19,13:37:00,2024-10-09,2205.0,2205.0,2205.0,2205.0,0,165,0
BANKNIFTY09OCT2451100CE.NFO,2024-09-19,13:38:00,2024-10-09,2205.0,2205.0,2205.0,2205.0,0,165,0
BANKNIFTY09OCT2451100CE.NFO,2024-09-19,13:39:00,2024-10-09,2205.0,2205.0,2205.0,2205.0,0,165,0
BANKNIFTY09OCT2451100CE.NFO,2024-09-19,13:40:00,2024-10-09,2205.0,2205.0,2205.0,2205.0,0,165,0
BANKNIFTY09OCT2451100CE.NFO,2024-09-19,13:41:00,2024-10-09,2205.0,2205.0,2205.0,2205.0,0,165,0
BANKNIFTY09OCT2451100CE.NFO,2024-09-19,13:42:00,2024-10-09,2205.0,2205.0,2205.0,2205.0,0,165,0
BANKNIFTY09OCT2451100CE.NFO,2024-09-19,13:43:00,2024-10-09,2205.0,2205.0,2205.0,2205.0,0,165,0
BANKNIFTY09OCT2451100CE.NFO,2024-09-19,13:44:00,2024-10-09,2205.0,2205.0,2205.0,2205.0,0,165,0
BANKNIFTY09OCT2451100CE.NFO,2024-09-19,13:45:00,2024-10-09,2205.0,2205.0,2205.0,2205.0,0,165,0
BANKNIFTY09OCT2451100CE.NFO,2024-09-19,13:46:00,2024-10-09,2205.0,2205.0,2205.0,2205.0,0,165,0
BANKNIFTY09OCT2451100CE.NFO,2024-09-19,13:47:00,2024-10-09,2205.0,2205.0,2205.0,2205.0,0,165,0
BANKNIFTY09OCT2451100CE.NFO,2024-09-19,13:48:00,2024-10-09,2205.0,2205.0,2205.0,2205.0,0,165,0
BANKNIFTY09OCT2451100CE.NFO,2024-09-19,13:49:00,2024-10-09,2205.0,2205.0,2205.0,2205.0,0,165,0
BANKNIFTY09OCT2451100CE.NFO,2024-09-19,13:50:00,2024-10-09,2205.0,2205.0,2205.0,2205.0,0,165,0
BANKNIFTY09OCT2451100CE.NFO,2024-09-19,13:51:00,2024-10-09,2205.0,2205.0,2205.0,2205.0,0,165,0
BANKNIFTY09OCT2451100CE.NFO,2024-09-19,13:52:00,2024-10-09,2205.0,2205.0,2205.0,2205.0,0,165,0
BANKNIFTY09OCT2451100CE.NFO,2024-09-19,13:53:00,2024-10-09,2205.0,2205.0,2205.0,2205.0,0,165,0
BANKNIFTY09OCT2451100CE.NFO,2024-09-19,13:54:00,2024-10-09,2205.0,2205.0,2205.0,2205.0,0,165,0
BANKNIFTY09OCT2451100CE.NFO,2024-09-19,13:55:00,2024-10-09,2205.0,2205.0,2205.0,2205.0,0,165,0
BANKNIFTY09OCT2451100CE.NFO,2024-09-19,13:56:00,2024-10-09,2205.0,2205.0,2205.0,2205.0,0,165,0
BANKNIFTY09OCT2451100CE.NFO,2024-09-19,13:57:00,2024-10-09,2205.0,2205.0,2205.0,2205.0,0,165,0
BANKNIFTY09OCT2451100CE.NFO,2024-09-19,13:58:00,2024-10-09,2205.0,2205.0,2205.0,2205.0,0,165,0
BANKNIFTY09OCT2451100CE.NFO,2024-09-19,13:59:00,2024-10-09,2205.0,2205.0,2205.0,2205.0,0,165,0
BANKNIFTY09OCT2451100CE.NFO,2024-09-19,14:00:00,2024-10-09,2205.0,2205.0,2205.0,2205.0,0,165,0
BANKNIFTY09OCT2451100CE.NFO,2024-09-19,14:01:00,2024-10-09,2205.0,2205.0,2205.0,2205.0,0,165,0
BANKNIFTY09OCT2451100CE.NFO,2024-09-19,14:02:00,2024-10-09,2205.0,2205.0,2205.0,2205.0,0,165,0
BANKNIFTY09OCT2451100CE.NFO,2024-09-19,14:03:00,2024-10-09,2205.0,2205.0,2205.0,2205.0,0,165,0
BANKNIFTY09OCT2451100CE.NFO,2024-09-19,14:04:00,2024-10-09,2205.0,2205.0,2205.0,2205.0,0,165,0
BANKNIFTY09OCT2451100CE.NFO,2024-09-19,14:05:00,2024-10-09,2205.0,2205.0,2205.0,2205.0,0,165,0
BANKNIFTY09OCT2451100CE.NFO,2024-09-19,14:06:00,2024-10-09,2205.0,2205.0,2205.0,2205.0,0,165,0
BANKNIFTY09OCT2451100CE.NFO,2024-09-19,14:07:00,2024-10-09,2205.0,2205.0,2205.0,2205.0,0,165,0
BANKNIFTY09OCT2451100CE.NFO,2024-09-19,14:08:00,2024-10-09,2205.0,2205.0,2205.0,2205.0,0,165,0
BANKNIFTY09OCT2451100CE.NFO,2024-09-19,14:09:00,2024-10-09,2205.0,2205.0,2205.0,2205.0,0,165,0
BANKNIFTY09OCT2451100CE.NFO,2024-09-19,14:10:00,2024-10-09,2205.0,2205.0,2205.0,2205.0,0,165,0
BANKNIFTY09OCT2451100CE.NFO,2024-09-19,14:11:00,2024-10-09,2205.0,2205.0,2205.0,2205.0,0,165,0
BANKNIFTY09OCT2451100CE.NFO,2024-09-19,14:12:00,2024-10-09,2205.0,2205.0,2205.0,2205.0,0,165,0
BANKNIFTY09OCT2451100CE.NFO,2024-09-19,14:13:00,2024-10-09,2205.0,2205.0,2205.0,2205.0,0,165,0
BANKNIFTY09OCT2451100CE.NFO,2024-09-19,14:14:00,2024-10-09,2205.0,2205.0,2205.0,2205.0,0,165,0
BANKNIFTY09OCT2451100CE.NFO,2024-09-19,14:15:00,2024-10-09,2205.0,2205.0,2205.0,2205.0,0,165,0
BANKNIFTY09OCT2451100CE.NFO,2024-09-19,14:16:00,2024-10-09,2205.0,2205.0,2205.0,2205.0,0,165,0
BANKNIFTY09OCT2451100CE.NFO,2024-09-19,14:17:00,2024-10-09,2205.0,2205.0,2205.0,2205.0,0,165,0
BANKNIFTY09OCT2451100CE.NFO,2024-09-19,14:18:00,2024-10-09,2205.0,2205.0,2205.0,2205.0,0,165,0
BANKNIFTY09OCT2451100CE.NFO,2024-09-19,14:19:00,2024-10-09,2205.0,2205.0,2205.0,2205.0,0,165,0
BANKNIFTY09OCT2451100CE.NFO,2024-09-19,14:20:00,2024-10-09,2205.0,2205.0,2205.0,2205.0,0,165,0
BANKNIFTY09OCT2451100CE.NFO,2024-09-19,14:21:00,2024-10-09,2205.0,2205.0,2205.0,2205.0,0,165,0
BANKNIFTY09OCT2451100CE.NFO,2024-09-19,14:22:00,2024-10-09,2205.0,2205.0,2205.0,2205.0,0,165,0
BANKNIFTY09OCT2451100CE.NFO,2024-09-19,14:23:00,2024-10-09,2205.0,2205.0,2205.0,2205.0,0,165,0
BANKNIFTY09OCT2451100CE.NFO,2024-09-19,14:24:00,2024-10-09,2205.0,2205.0,2205.0,2205.0,0,165,0
BANKNIFTY09OCT2451100CE.NFO,2024-09-19,14:25:00,2024-10-09,2205.0,2205.0,2205.0,2205.0,0,165,0
BANKNIFTY09OCT2451100CE.NFO,2024-09-19,14:26:00,2024-10-09,2205.0,2205.0,2205.0,2205.0,0,165,0
BANKNIFTY09OCT2451100CE.NFO,2024-09-19,14:27:00,2024-10-09,2205.0,2205.0,2205.0,2205.0,0,165,0
BANKNIFTY09OCT2451100CE.NFO,2024-09-19,14:28:00,2024-10-09,2205.0,2205.0,2205.0,2205.0,0,165,0
BANKNIFTY09OCT2451100CE.NFO,2024-09-19,14:29:00,2024-10-09,2205.0,2205.0,2205.0,2205.0,0,165,0
BANKNIFTY09OCT2451100CE.NFO,2024-09-19,14:30:00,2024-10-09,2205.0,2205.0,2205.0,2205.0,0,165,0
BANKNIFTY09OCT2451100CE.NFO,2024-09-19,14:31:00,2024-10-09,2205.0,2205.0,2205.0,2205.0,0,165,0
BANKNIFTY09OCT2451100CE.NFO,2024-09-19,14:32:00,2024-10-09,2205.0,2205.0,2205.0,2205.0,0,165,0
BANKNIFTY09OCT2451100CE.NFO,2024-09-19,14:33:00,2024-10-09,2205.0,2205.0,2205.0,2205.0,0,165,0
BANKNIFTY09OCT2451100CE.NFO,2024-09-19,14:34:00,2024-10-09,2205.0,2205.0,2205.0,2205.0,0,165,0
BANKNIFTY09OCT2451100CE.NFO,2024-09-19,14:35:00,2024-10-09,2205.0,2205.0,2205.0,2205.0,0,165,0
BANKNIFTY09OCT2451100CE.NFO,2024-09-19,14:36:00,2024-10-09,2205.0,2205.0,2205.0,2205.0,0,165,0
BANKNIFTY09OCT2451100CE.NFO,2024-09-19,14:37:00,2024-10-09,2205.0,2205.0,2205.0,2205.0,0,165,0
BANKNIFTY09OCT2451100CE.NFO,2024-09-19,14:38:00,2024-10-09,2205.0,2205.0,2205.0,2205.0,0,165,0
BANKNIFTY09OCT2451100CE.NFO,2024-09-19,14:39:00,2024-10-09,2205.0,2205.0,2205.0,2205.0,0,165,0
BANKNIFTY09OCT2451100CE.NFO,2024-09-19,14:40:00,2024-10-09,2205.0,2205.0,2205.0,2205.0,0,165,0
BANKNIFTY09OCT2451100CE.NFO,2024-09-19,14:41:00,2024-10-09,2205.0,2205.0,2205.0,2205.0,0,165,0
BANKNIFTY09OCT2451100CE.NFO,2024-09-19,14:42:00,2024-10-09,2205.0,2205.0,2205.0,2205.0,0,165,0
BANKNIFTY09OCT2451100CE.NFO,2024-09-19,14:43:00,2024-10-09,2205.0,2205.0,2205.0,2205.0,0,165,0
BANKNIFTY09OCT2451100CE.NFO,2024-09-19,14:44:00,2024-10-09,2205.0,2205.0,2205.0,2205.0,0,165,0
BANKNIFTY09OCT2451100CE.NFO,2024-09-19,14:45:00,2024-10-09,2205.0,2205.0,2205.0,2205.0,0,165,0
BANKNIFTY09OCT2451100CE.NFO,2024-09-19,14:46:00,2024-10-09,2205.0,2205.0,2205.0,2205.0,0,165,0
BANKNIFTY09OCT2451100CE.NFO,2024-09-19,14:47:00,2024-10-09,2205.0,2205.0,2205.0,2205.0,0,165,0
BANKNIFTY09OCT2451100CE.NFO,2024-09-19,14:48:00,2024-10-09,2205.0,2205.0,2205.0,2205.0,0,165,0
BANKNIFTY09OCT2451100CE.NFO,2024-09-19,14:49:00,2024-10-09,2205.0,2205.0,2205.0,2205.0,0,165,0
BANKNIFTY09OCT2451100CE.NFO,2024-09-19,14:50:00,2024-10-09,2205.0,2205.0,2205.0,2205.0,0,165,0
BANKNIFTY09OCT2451100CE.NFO,2024-09-19,14:51:00,2024-10-09,2205.0,2205.0,2205.0,2205.0,0,165,0
BANKNIFTY09OCT2451100CE.NFO,2024-09-19,14:52:00,2024-10-09,2205.0,2205.0,2205.0,2205.0,0,165,0
BANKNIFTY09OCT2451100CE.NFO,2024-09-19,14:53:00,2024-10-09,2205.0,2205.0,2205.0,2205.0,0,165,0
BANKNIFTY09OCT2451100CE.NFO,2024-09-19,14:54:00,2024-10-09,2205.0,2205.0,2205.0,2205.0,0,165,0
BANKNIFTY09OCT2451100CE.NFO,2024-09-19,14:55:00,2024-10-09,2205.0,2205.0,2205.0,2205.0,0,165,0
BANKNIFTY09OCT2451100CE.NFO,2024-09-19,14:56:00,2024-10-09,2205.0,2205.0,2205.0,2205.0,0,165,0
BANKNIFTY09OCT2451100CE.NFO,2024-09-19,14:57:00,2024-10-09,2205.0,2205.0,2205.0,2205.0,0,165,0
BANKNIFTY09OCT2451100CE.NFO,2024-09-19,14:58:00,2024-10-09,2205.0,2205.0,2205.0,2205.0,0,165,0
BANKNIFTY09OCT2451100CE.NFO,2024-09-19,14:59:00,2024-10-09,2205.0,2205.0,2205.0,2205.0,0,165,0
BANKNIFTY09OCT2451100CE.NFO,2024-09-19,15:00:00,2024-10-09,2205.0,2205.0,2205.0,2205.0,0,165,0
BANKNIFTY09OCT2451100CE.NFO,2024-09-19,15:01:00,2024-10-09,2205.0,2205.0,2205.0,2205.0,0,165,0
BANKNIFTY09OCT2451100CE.NFO,2024-09-19,15:02:00,2024-10-09,2205.0,2205.0,2205.0,2205.0,0,165,0
BANKNIFTY09OCT2451100CE.NFO,2024-09-19,15:03:00,2024-10-09,2205.0,2205.0,2205.0,2205.0,0,165,0
BANKNIFTY09OCT2451100CE.NFO,2024-09-19,15:04:00,2024-10-09,2205.0,2205.0,2205.0,2205.0,0,165,0
BANKNIFTY09OCT2451100CE.NFO,2024-09-19,15:05:00,2024-10-09,2205.0,2205.0,2205.0,2205.0,0,165,0
BANKNIFTY09OCT2451100CE.NFO,2024-09-19,15:06:00,2024-10-09,2205.0,2205.0,2205.0,2205.0,0,165,0
BANKNIFTY09OCT2451100CE.NFO,2024-09-19,15:07:00,2024-10-09,2205.0,2205.0,2205.0,2205.0,0,165,0
BANKNIFTY09OCT2451100CE.NFO,2024-09-19,15:08:00,2024-10-09,2205.0,2205.0,2205.0,2205.0,0,165,0
BANKNIFTY09OCT2451100CE.NFO,2024-09-19,15:09:00,2024-10-09,2205.0,2205.0,2205.0,2205.0,0,165,0
BANKNIFTY09OCT2451100CE.NFO,2024-09-19,15:10:00,2024-10-09,2205.0,2205.0,2205.0,2205.0,0,165,0
BANKNIFTY09OCT2451100CE.NFO,2024-09-19,15:11:00,2024-10-09,2205.0,2205.0,2205.0,2205.0,0,165,0
BANKNIFTY09OCT2451100CE.NFO,2024-09-19,15:12:00,2024-10-09,2205.0,2205.0,2205.0,2205.0,0,165,0
BANKNIFTY09OCT2451100CE.NFO,2024-09-19,15:13:00,2024-10-09,2205.0,2205.0,2205.0,2205.0,0,165,0
BANKNIFTY09OCT2451100CE.NFO,2024-09-19,15:14:00,2024-10-09,2205.0,2205.0,2205.0,2205.0,0,165,0
BANKNIFTY09OCT2451100CE.NFO,2024-09-19,15:15:00,2024-10-09,2205.0,2205.0,2205.0,2205.0,0,165,0
BANKNIFTY09OCT2451100CE.NFO,2024-09-19,15:16:00,2024-10-09,2205.0,2205.0,2205.0,2205.0,0,165,0
BANKNIFTY09OCT2451100CE.NFO,2024-09-19,15:17:00,2024-10-09,2205.0,2205.0,2205.0,2205.0,0,165,0
BANKNIFTY09OCT2451100CE.NFO,2024-09-19,15:18:00,2024-10-09,2205.0,2205.0,2205.0,2205.0,0,165,0
BANKNIFTY09OCT2451100CE.NFO,2024-09-19,15:19:00,2024-10-09,2205.0,2205.0,2205.0,2205.0,0,165,0
BANKNIFTY09OCT2451100CE.NFO,2024-09-19,15:20:00,2024-10-09,2205.0,2205.0,2205.0,2205.0,0,165,0
BANKNIFTY09OCT2451100CE.NFO,2024-09-19,15:21:00,2024-10-09,2205.0,2205.0,2205.0,2205.0,0,165,0
BANKNIFTY09OCT2451100CE.NFO,2024-09-19,15:22:00,2024-10-09,2205.0,2205.0,2205.0,2205.0,0,165,0
BANKNIFTY09OCT2451100CE.NFO,2024-09-19,15:23:00,2024-10-09,2205.0,2205.0,2205.0,2205.0,0,165,0
BANKNIFTY09OCT2451100CE.NFO,2024-09-19,15:24:00,2024-10-09,2205.0,2205.0,2205.0,2205.0,0,165,0
BANKNIFTY09OCT2451100CE.NFO,2024-09-19,15:25:00,2024-10-09,2205.0,2205.0,2205.0,2205.0,0,165,0
BANKNIFTY09OCT2451100CE.NFO,2024-09-19,15:26:00,2024-10-09,2205.0,2205.0,2205.0,2205.0,0,165,0
BANKNIFTY09OCT2451100CE.NFO,2024-09-19,15:27:00,2024-10-09,2205.0,2205.0,2205.0,2205.0,0,165,0
BANKNIFTY09OCT2451100CE.NFO,2024-09-19,15:28:00,2024-10-09,2205.0,2205.0,2205.0,2205.0,0,165,0
BANKNIFTY09OCT2451100CE.NFO,2024-09-19,15:29:00,2024-10-09,2205.0,2205.0,2205.0,2205.0,0,165,0
BANKNIFTY09OCT2451100CE.NFO,2024-09-19,15:30:00,2024-10-09,2205.0,2205.0,2205.0,2205.0,0,165,1
BANKNIFTY09OCT2451100CE.NFO,2024-09-20,09:15:00,2024-10-09,2430.0,2430.0,2430.0,2430.0,0,165,1
BANKNIFTY09OCT2451100CE.NFO,2024-09-20,09:16:00,2024-10-09,2430.0,2430.0,2430.0,2430.0,0,165,1
BANKNIFTY09OCT2451100CE.NFO,2024-09-20,09:17:00,2024-10-09,2430.0,2430.0,2430.0,2430.0,0,165,1
BANKNIFTY09OCT2451100CE.NFO,2024-09-20,09:18:00,2024-10-09,2430.0,2430.0,2430.0,2430.0,0,165,1
BANKNIFTY09OCT2451100CE.NFO,2024-09-20,09:19:00,2024-10-09,2430.0,2430.0,2430.0,2430.0,0,165,1
BANKNIFTY09OCT2451100CE.NFO,2024-09-20,09:20:00,2024-10-09,2430.0,2430.0,2430.0,2430.0,0,165,1
BANKNIFTY09OCT2451100CE.NFO,2024-09-20,09:21:00,2024-10-09,2430.0,2430.0,2430.0,2430.0,0,165,1
BANKNIFTY09OCT2451100CE.NFO,2024-09-20,09:22:00,2024-10-09,2430.0,2430.0,2430.0,2430.0,0,165,1
BANKNIFTY09OCT2451100CE.NFO,2024-09-20,09:23:00,2024-10-09,2430.0,2430.0,2430.0,2430.0,0,165,1
BANKNIFTY09OCT2451100CE.NFO,2024-09-20,09:24:00,2024-10-09,2430.0,2430.0,2430.0,2430.0,0,165,1
BANKNIFTY09OCT2451100CE.NFO,2024-09-20,09:25:00,2024-10-09,2430.0,2430.0,2430.0,2430.0,0,165,1
BANKNIFTY09OCT2451100CE.NFO,2024-09-20,09:26:00,2024-10-09,2430.0,2430.0,2430.0,2430.0,0,165,1
BANKNIFTY09OCT2451100CE.NFO,2024-09-20,09:27:00,2024-10-09,2430.0,2430.0,2430.0,2430.0,0,165,1
BANKNIFTY09OCT2451100CE.NFO,2024-09-20,09:28:00,2024-10-09,2430.0,2430.0,2430.0,2430.0,0,165,1
BANKNIFTY09OCT2451100CE.NFO,2024-09-20,09:29:00,2024-10-09,2430.0,2430.0,2430.0,2430.0,0,165,1
BANKNIFTY09OCT2451100CE.NFO,2024-09-20,09:30:00,2024-10-09,2430.0,2430.0,2430.0,2430.0,0,165,1
BANKNIFTY09OCT2451100CE.NFO,2024-09-20,09:31:00,2024-10-09,2430.0,2430.0,2430.0,2430.0,0,165,1
BANKNIFTY09OCT2451100CE.NFO,2024-09-20,09:32:00,2024-10-09,2430.0,2430.0,2430.0,2430.0,0,165,1
BANKNIFTY09OCT2451100CE.NFO,2024-09-20,09:33:00,2024-10-09,2430.0,2430.0,2430.0,2430.0,0,165,1
BANKNIFTY09OCT2451100CE.NFO,2024-09-20,09:34:00,2024-10-09,2430.0,2430.0,2430.0,2430.0,0,165,1
BANKNIFTY09OCT2451100CE.NFO,2024-09-20,09:35:00,2024-10-09,2430.0,2430.0,2430.0,2430.0,0,165,1
BANKNIFTY09OCT2451100CE.NFO,2024-09-20,09:36:00,2024-10-09,2430.0,2430.0,2430.0,2430.0,0,165,1
BANKNIFTY09OCT2451100CE.NFO,2024-09-20,09:37:00,2024-10-09,2430.0,2430.0,2430.0,2430.0,0,165,1
BANKNIFTY09OCT2451100CE.NFO,2024-09-20,09:38:00,2024-10-09,2430.0,2430.0,2430.0,2430.0,0,165,1
BANKNIFTY09OCT2451100CE.NFO,2024-09-20,09:39:00,2024-10-09,2430.0,2430.0,2430.0,2430.0,0,165,1
BANKNIFTY09OCT2451100CE.NFO,2024-09-20,09:40:00,2024-10-09,2430.0,2430.0,2430.0,2430.0,0,165,1
BANKNIFTY09OCT2451100CE.NFO,2024-09-20,09:41:00,2024-10-09,2430.0,2430.0,2430.0,2430.0,0,165,1
BANKNIFTY09OCT2451100CE.NFO,2024-09-20,09:42:00,2024-10-09,2430.0,2430.0,2430.0,2430.0,0,165,1
BANKNIFTY09OCT2451100CE.NFO,2024-09-20,09:43:00,2024-10-09,2430.0,2430.0,2430.0,2430.0,0,165,1
BANKNIFTY09OCT2451100CE.NFO,2024-09-20,09:44:00,2024-10-09,2430.0,2430.0,2430.0,2430.0,0,165,1
BANKNIFTY09OCT2451100CE.NFO,2024-09-20,09:45:00,2024-10-09,2430.0,2430.0,2430.0,2430.0,0,165,1
BANKNIFTY09OCT2451100CE.NFO,2024-09-20,09:46:00,2024-10-09,2430.0,2430.0,2430.0,2430.0,0,165,1
BANKNIFTY09OCT2451100CE.NFO,2024-09-20,09:47:00,2024-10-09,2430.0,2430.0,2430.0,2430.0,0,165,1
BANKNIFTY09OCT2451100CE.NFO,2024-09-20,09:48:00,2024-10-09,2430.0,2430.0,2430.0,2430.0,0,165,1
BANKNIFTY09OCT2451100CE.NFO,2024-09-20,09:49:00,2024-10-09,2430.0,2430.0,2430.0,2430.0,0,165,1
BANKNIFTY09OCT2451100CE.NFO,2024-09-20,09:50:00,2024-10-09,2430.0,2430.0,2430.0,2430.0,0,165,1
BANKNIFTY09OCT2451100CE.NFO,2024-09-20,09:51:00,2024-10-09,2430.0,2430.0,2430.0,2430.0,0,165,1
BANKNIFTY09OCT2451100CE.NFO,2024-09-20,09:52:00,2024-10-09,2430.0,2430.0,2430.0,2430.0,0,165,1
BANKNIFTY09OCT2451100CE.NFO,2024-09-20,09:53:00,2024-10-09,2430.0,2430.0,2430.0,2430.0,0,165,1
BANKNIFTY09OCT2451100CE.NFO,2024-09-20,09:54:00,2024-10-09,2430.0,2430.0,2430.0,2430.0,0,165,1
BANKNIFTY09OCT2451100CE.NFO,2024-09-20,09:55:00,2024-10-09,2430.0,2430.0,2430.0,2430.0,0,165,1
BANKNIFTY09OCT2451100CE.NFO,2024-09-20,09:56:00,2024-10-09,2430.0,2430.0,2430.0,2430.0,0,165,1
BANKNIFTY09OCT2451100CE.NFO,2024-09-20,09:57:00,2024-10-09,2430.0,2430.0,2430.0,2430.0,0,165,1
BANKNIFTY09OCT2451100CE.NFO,2024-09-20,09:58:00,2024-10-09,2430.0,2430.0,2430.0,2430.0,0,165,1
BANKNIFTY09OCT2451100CE.NFO,2024-09-20,09:59:00,2024-10-09,2430.0,2430.0,2430.0,2430.0,0,165,1
BANKNIFTY09OCT2451100CE.NFO,2024-09-20,10:00:00,2024-10-09,2430.0,2430.0,2430.0,2430.0,0,165,1
BANKNIFTY09OCT2451100CE.NFO,2024-09-20,10:01:00,2024-10-09,2430.0,2430.0,2430.0,2430.0,0,165,1
BANKNIFTY09OCT2451100CE.NFO,2024-09-20,10:02:00,2024-10-09,2430.0,2430.0,2430.0,2430.0,0,165,1
BANKNIFTY09OCT2451100CE.NFO,2024-09-20,10:03:00,2024-10-09,2430.0,2430.0,2430.0,2430.0,0,165,1
BANKNIFTY09OCT2451100CE.NFO,2024-09-20,10:04:00,2024-10-09,2430.0,2430.0,2430.0,2430.0,0,165,1
BANKNIFTY09OCT2451100CE.NFO,2024-09-20,10:05:00,2024-10-09,2430.0,2430.0,2430.0,2430.0,0,165,1
BANKNIFTY09OCT2451100CE.NFO,2024-09-20,10:06:00,2024-10-09,2430.0,2430.0,2430.0,2430.0,0,165,1
BANKNIFTY09OCT2451100CE.NFO,2024-09-20,10:07:00,2024-10-09,2430.0,2430.0,2430.0,2430.0,0,165,1
BANKNIFTY09OCT2451100CE.NFO,2024-09-20,10:08:00,2024-10-09,2430.0,2430.0,2430.0,2430.0,0,165,1
BANKNIFTY09OCT2451100CE.NFO,2024-09-20,10:09:00,2024-10-09,2430.0,2430.0,2430.0,2430.0,0,165,1
BANKNIFTY09OCT2451100CE.NFO,2024-09-20,10:10:00,2024-10-09,2430.0,2430.0,2430.0,2430.0,0,165,1
BANKNIFTY09OCT2451100CE.NFO,2024-09-20,10:11:00,2024-10-09,2430.0,2430.0,2430.0,2430.0,0,165,1
BANKNIFTY09OCT2451100CE.NFO,2024-09-20,10:12:00,2024-10-09,2430.0,2430.0,2430.0,2430.0,0,165,1
BANKNIFTY09OCT2451100CE.NFO,2024-09-20,10:13:00,2024-10-09,2430.0,2430.0,2430.0,2430.0,0,165,1
BANKNIFTY09OCT2451100CE.NFO,2024-09-20,10:14:00,2024-10-09,2430.0,2430.0,2430.0,2430.0,0,165,1
BANKNIFTY09OCT2451100CE.NFO,2024-09-20,10:15:00,2024-10-09,2430.0,2430.0,2430.0,2430.0,0,165,1
BANKNIFTY09OCT2451100CE.NFO,2024-09-20,10:16:00,2024-10-09,2430.0,2430.0,2430.0,2430.0,0,165,1
BANKNIFTY09OCT2451100CE.NFO,2024-09-20,10:17:00,2024-10-09,2430.0,2430.0,2430.0,2430.0,0,165,1
BANKNIFTY09OCT2451100CE.NFO,2024-09-20,10:18:00,2024-10-09,2430.0,2430.0,2430.0,2430.0,0,165,1
BANKNIFTY09OCT2451100CE.NFO,2024-09-20,10:19:00,2024-10-09,2430.0,2430.0,2430.0,2430.0,0,165,1
BANKNIFTY09OCT2451100CE.NFO,2024-09-20,10:20:00,2024-10-09,2430.0,2430.0,2430.0,2430.0,0,165,1
BANKNIFTY09OCT2451100CE.NFO,2024-09-20,10:21:00,2024-10-09,2430.0,2430.0,2430.0,2430.0,0,165,1
BANKNIFTY09OCT2451100CE.NFO,2024-09-20,10:22:00,2024-10-09,2430.0,2430.0,2430.0,2430.0,0,165,1
BANKNIFTY09OCT2451100CE.NFO,2024-09-20,10:23:00,2024-10-09,2430.0,2430.0,2430.0,2430.0,0,165,1
BANKNIFTY09OCT2451100CE.NFO,2024-09-20,10:24:00,2024-10-09,2430.0,2430.0,2430.0,2430.0,0,165,1
BANKNIFTY09OCT2451100CE.NFO,2024-09-20,10:25:00,2024-10-09,2430.0,2430.0,2430.0,2430.0,0,165,1
BANKNIFTY09OCT2451100CE.NFO,2024-09-20,10:26:00,2024-10-09,2430.0,2430.0,2430.0,2430.0,0,165,1
BANKNIFTY09OCT2451100CE.NFO,2024-09-20,10:27:00,2024-10-09,2430.0,2430.0,2430.0,2430.0,0,165,1
BANKNIFTY09OCT2451100CE.NFO,2024-09-20,10:28:00,2024-10-09,2430.0,2430.0,2430.0,2430.0,0,165,1
BANKNIFTY09OCT2451100CE.NFO,2024-09-20,10:29:00,2024-10-09,2430.0,2430.0,2430.0,2430.0,0,165,1
BANKNIFTY09OCT2451100CE.NFO,2024-09-20,10:30:00,2024-10-09,2430.0,2430.0,2430.0,2430.0,0,165,1
BANKNIFTY09OCT2451100CE.NFO,2024-09-20,10:31:00,2024-10-09,2430.0,2430.0,2430.0,2430.0,0,165,1
BANKNIFTY09OCT2451100CE.NFO,2024-09-20,10:32:00,2024-10-09,2430.0,2430.0,2430.0,2430.0,0,165,1
BANKNIFTY09OCT2451100CE.NFO,2024-09-20,10:33:00,2024-10-09,2430.0,2430.0,2430.0,2430.0,0,165,1
BANKNIFTY09OCT2451100CE.NFO,2024-09-20,10:34:00,2024-10-09,2430.0,2430.0,2430.0,2430.0,0,165,1
BANKNIFTY09OCT2451100CE.NFO,2024-09-20,10:35:00,2024-10-09,2430.0,2430.0,2430.0,2430.0,0,165,1
BANKNIFTY09OCT2451100CE.NFO,2024-09-20,10:36:00,2024-10-09,2430.0,2430.0,2430.0,2430.0,0,165,1
BANKNIFTY09OCT2451100CE.NFO,2024-09-20,10:37:00,2024-10-09,2430.0,2430.0,2430.0,2430.0,0,165,1
BANKNIFTY09OCT2451100CE.NFO,2024-09-20,10:38:00,2024-10-09,2430.0,2430.0,2430.0,2430.0,0,165,1
BANKNIFTY09OCT2451100CE.NFO,2024-09-20,10:39:00,2024-10-09,2430.0,2430.0,2430.0,2430.0,0,165,1
BANKNIFTY09OCT2451100CE.NFO,2024-09-20,10:40:00,2024-10-09,2430.0,2430.0,2430.0,2430.0,0,165,1
BANKNIFTY09OCT2451100CE.NFO,2024-09-20,10:41:00,2024-10-09,2430.0,2430.0,2430.0,2430.0,0,165,1
BANKNIFTY09OCT2451100CE.NFO,2024-09-20,10:42:00,2024-10-09,2430.0,2430.0,2430.0,2430.0,0,165,1
BANKNIFTY09OCT2451100CE.NFO,2024-09-20,10:43:00,2024-10-09,2430.0,2430.0,2430.0,2430.0,0,165,1
BANKNIFTY09OCT2451100CE.NFO,2024-09-20,10:44:00,2024-10-09,2430.0,2430.0,2430.0,2430.0,0,165,1
BANKNIFTY09OCT2451100CE.NFO,2024-09-20,10:45:00,2024-10-09,2430.0,2430.0,2430.0,2430.0,0,165,1
BANKNIFTY09OCT2451100CE.NFO,2024-09-20,10:46:00,2024-10-09,2430.0,2430.0,2430.0,2430.0,0,165,1
BANKNIFTY09OCT2451100CE.NFO,2024-09-20,10:47:00,2024-10-09,2430.0,2430.0,2430.0,2430.0,0,165,1
BANKNIFTY09OCT2451100CE.NFO,2024-09-20,10:48:00,2024-10-09,2430.0,2430.0,2430.0,2430.0,0,165,1
BANKNIFTY09OCT2451100CE.NFO,2024-09-20,10:49:00,2024-10-09,2430.0,2430.0,2430.0,2430.0,0,165,1
BANKNIFTY09OCT2451100CE.NFO,2024-09-20,10:50:00,2024-10-09,2430.0,2430.0,2430.0,2430.0,0,165,1
BANKNIFTY09OCT2451100CE.NFO,2024-09-20,10:51:00,2024-10-09,2430.0,2430.0,2430.0,2430.0,0,165,1
BANKNIFTY09OCT2451100CE.NFO,2024-09-20,10:52:00,2024-10-09,2430.0,2430.0,2430.0,2430.0,0,165,1
BANKNIFTY09OCT2451100CE.NFO,2024-09-20,10:53:00,2024-10-09,2430.0,2430.0,2430.0,2430.0,0,165,1
BANKNIFTY09OCT2451100CE.NFO,2024-09-20,10:54:00,2024-10-09,2430.0,2430.0,2430.0,2430.0,0,165,1
BANKNIFTY09OCT2451100CE.NFO,2024-09-20,10:55:00,2024-10-09,2430.0,2430.0,2430.0,2430.0,0,165,1
BANKNIFTY09OCT2451100CE.NFO,2024-09-20,10:56:00,2024-10-09,2430.0,2430.0,2430.0,2430.0,0,165,1
BANKNIFTY09OCT2451100CE.NFO,2024-09-20,10:57:00,2024-10-09,2430.0,2430.0,2430.0,2430.0,0,165,1
BANKNIFTY09OCT2451100CE.NFO,2024-09-20,10:58:00,2024-10-09,2430.0,2430.0,2430.0,2430.0,0,165,1
BANKNIFTY09OCT2451100CE.NFO,2024-09-20,10:59:00,2024-10-09,2430.0,2430.0,2430.0,2430.0,0,165,1
BANKNIFTY09OCT2451100CE.NFO,2024-09-20,11:00:00,2024-10-09,2430.0,2430.0,2430.0,2430.0,0,165,1
BANKNIFTY09OCT2451100CE.NFO,2024-09-20,11:01:00,2024-10-09,2430.0,2430.0,2430.0,2430.0,0,165,1
BANKNIFTY09OCT2451100CE.NFO,2024-09-20,11:02:00,2024-10-09,2430.0,2430.0,2430.0,2430.0,0,165,1
BANKNIFTY09OCT2451100CE.NFO,2024-09-20,11:03:00,2024-10-09,2430.0,2430.0,2430.0,2430.0,0,165,1
BANKNIFTY09OCT2451100CE.NFO,2024-09-20,11:04:00,2024-10-09,2430.0,2430.0,2430.0,2430.0,0,165,1
BANKNIFTY09OCT2451100CE.NFO,2024-09-20,11:05:00,2024-10-09,2430.0,2430.0,2430.0,2430.0,0,165,1
BANKNIFTY09OCT2451100CE.NFO,2024-09-20,11:06:00,2024-10-09,2430.0,2430.0,2430.0,2430.0,0,165,1
BANKNIFTY09OCT2451100CE.NFO,2024-09-20,11:07:00,2024-10-09,2430.0,2430.0,2430.0,2430.0,0,165,1
BANKNIFTY09OCT2451100CE.NFO,2024-09-20,11:08:00,2024-10-09,2430.0,2430.0,2430.0,2430.0,0,165,1
BANKNIFTY09OCT2451100CE.NFO,2024-09-20,11:09:00,2024-10-09,2430.0,2430.0,2430.0,2430.0,0,165,1
BANKNIFTY09OCT2451100CE.NFO,2024-09-20,11:10:00,2024-10-09,2430.0,2430.0,2430.0,2430.0,0,165,1
BANKNIFTY09OCT2451100CE.NFO,2024-09-20,11:11:00,2024-10-09,2430.0,2430.0,2430.0,2430.0,0,165,1
BANKNIFTY09OCT2451100CE.NFO,2024-09-20,11:12:00,2024-10-09,2430.0,2430.0,2430.0,2430.0,0,165,1
BANKNIFTY09OCT2451100CE.NFO,2024-09-20,11:13:00,2024-10-09,2430.0,2430.0,2430.0,2430.0,0,165,1
BANKNIFTY09OCT2451100CE.NFO,2024-09-20,11:14:00,2024-10-09,2430.0,2430.0,2430.0,2430.0,0,165,1
BANKNIFTY09OCT2451100CE.NFO,2024-09-20,11:15:00,2024-10-09,2430.0,2430.0,2430.0,2430.0,0,165,1
BANKNIFTY09OCT2451100CE.NFO,2024-09-20,11:16:00,2024-10-09,2430.0,2430.0,2430.0,2430.0,0,165,1
BANKNIFTY09OCT2451100CE.NFO,2024-09-20,11:17:00,2024-10-09,2430.0,2430.0,2430.0,2430.0,0,165,1
BANKNIFTY09OCT2451100CE.NFO,2024-09-20,11:18:00,2024-10-09,2430.0,2430.0,2430.0,2430.0,0,165,1
BANKNIFTY09OCT2451100CE.NFO,2024-09-20,11:19:00,2024-10-09,2430.0,2430.0,2430.0,2430.0,0,165,1
BANKNIFTY09OCT2451100CE.NFO,2024-09-20,11:20:00,2024-10-09,2430.0,2430.0,2430.0,2430.0,0,165,1
BANKNIFTY09OCT2451100CE.NFO,2024-09-20,11:21:00,2024-10-09,2430.0,2430.0,2430.0,2430.0,0,165,1
BANKNIFTY09OCT2451100CE.NFO,2024-09-20,11:22:00,2024-10-09,2430.0,2430.0,2430.0,2430.0,0,165,1
BANKNIFTY09OCT2451100CE.NFO,2024-09-20,11:23:00,2024-10-09,2430.0,2430.0,2430.0,2430.0,0,165,1
BANKNIFTY09OCT2451100CE.NFO,2024-09-20,11:24:00,2024-10-09,2430.0,2430.0,2430.0,2430.0,0,165,1
BANKNIFTY09OCT2451100CE.NFO,2024-09-20,11:25:00,2024-10-09,2430.0,2430.0,2430.0,2430.0,0,165,1
BANKNIFTY09OCT2451100CE.NFO,2024-09-20,11:26:00,2024-10-09,2430.0,2430.0,2430.0,2430.0,0,165,1
BANKNIFTY09OCT2451100CE.NFO,2024-09-20,11:27:00,2024-10-09,2430.0,2430.0,2430.0,2430.0,0,165,1
BANKNIFTY09OCT2451100CE.NFO,2024-09-20,11:28:00,2024-10-09,2430.0,2430.0,2430.0,2430.0,0,165,1
BANKNIFTY09OCT2451100CE.NFO,2024-09-20,11:29:00,2024-10-09,2430.0,2430.0,2430.0,2430.0,0,165,1
BANKNIFTY09OCT2451100CE.NFO,2024-09-20,11:30:00,2024-10-09,2430.0,2430.0,2430.0,2430.0,0,165,1
BANKNIFTY09OCT2451100CE.NFO,2024-09-20,11:31:00,2024-10-09,2430.0,2430.0,2430.0,2430.0,0,165,1
BANKNIFTY09OCT2451100CE.NFO,2024-09-20,11:32:00,2024-10-09,2430.0,2430.0,2430.0,2430.0,0,165,1
BANKNIFTY09OCT2451100CE.NFO,2024-09-20,11:33:00,2024-10-09,2430.0,2430.0,2430.0,2430.0,0,165,1
BANKNIFTY09OCT2451100CE.NFO,2024-09-20,11:34:00,2024-10-09,2430.0,2430.0,2430.0,2430.0,0,165,1
BANKNIFTY09OCT2451100CE.NFO,2024-09-20,11:35:00,2024-10-09,2430.0,2430.0,2430.0,2430.0,0,165,1
BANKNIFTY09OCT2451100CE.NFO,2024-09-20,11:36:00,2024-10-09,2430.0,2430.0,2430.0,2430.0,0,165,1
BANKNIFTY09OCT2451100CE.NFO,2024-09-20,11:37:00,2024-10-09,2430.0,2430.0,2430.0,2430.0,0,165,1
BANKNIFTY09OCT2451100CE.NFO,2024-09-20,11:38:00,2024-10-09,2430.0,2430.0,2430.0,2430.0,0,165,1
BANKNIFTY09OCT2451100CE.NFO,2024-09-20,11:39:00,2024-10-09,2430.0,2430.0,2430.0,2430.0,0,165,1
BANKNIFTY09OCT2451100CE.NFO,2024-09-20,11:40:00,2024-10-09,2430.0,2430.0,2430.0,2430.0,0,165,1
BANKNIFTY09OCT2451100CE.NFO,2024-09-20,11:41:00,2024-10-09,2430.0,2430.0,2430.0,2430.0,0,165,1
BANKNIFTY09OCT2451100CE.NFO,2024-09-20,11:42:00,2024-10-09,2430.0,2430.0,2430.0,2430.0,0,165,1
BANKNIFTY09OCT2451100CE.NFO,2024-09-20,11:43:00,2024-10-09,2430.0,2430.0,2430.0,2430.0,0,165,1
BANKNIFTY09OCT2451100CE.NFO,2024-09-20,11:44:00,2024-10-09,2430.0,2430.0,2430.0,2430.0,0,165,1
BANKNIFTY09OCT2451100CE.NFO,2024-09-20,11:45:00,2024-10-09,2430.0,2430.0,2430.0,2430.0,0,165,1
BANKNIFTY09OCT2451100CE.NFO,2024-09-20,11:46:00,2024-10-09,2430.0,2430.0,2430.0,2430.0,0,165,1
BANKNIFTY09OCT2451100CE.NFO,2024-09-20,11:47:00,2024-10-09,2430.0,2430.0,2430.0,2430.0,0,165,1
BANKNIFTY09OCT2451100CE.NFO,2024-09-20,11:48:00,2024-10-09,2430.0,2430.0,2430.0,2430.0,0,165,1
BANKNIFTY09OCT2451100CE.NFO,2024-09-20,11:49:00,2024-10-09,2430.0,2430.0,2430.0,2430.0,0,165,1
BANKNIFTY09OCT2451100CE.NFO,2024-09-20,11:50:00,2024-10-09,2430.0,2430.0,2430.0,2430.0,0,165,1
BANKNIFTY09OCT2451100CE.NFO,2024-09-20,11:51:00,2024-10-09,2430.0,2430.0,2430.0,2430.0,0,165,1
BANKNIFTY09OCT2451100CE.NFO,2024-09-20,11:52:00,2024-10-09,2430.0,2430.0,2430.0,2430.0,0,165,1
BANKNIFTY09OCT2451100CE.NFO,2024-09-20,11:53:00,2024-10-09,2430.0,2430.0,2430.0,2430.0,0,165,1
BANKNIFTY09OCT2451100CE.NFO,2024-09-20,11:54:00,2024-10-09,2430.0,2430.0,2430.0,2430.0,0,165,1
BANKNIFTY09OCT2451100CE.NFO,2024-09-20,11:55:00,2024-10-09,2430.0,2430.0,2430.0,2430.0,0,165,1
BANKNIFTY09OCT2451100CE.NFO,2024-09-20,11:56:00,2024-10-09,2430.0,2430.0,2430.0,2430.0,0,165,1
BANKNIFTY09OCT2451100CE.NFO,2024-09-20,11:57:00,2024-10-09,2430.0,2430.0,2430.0,2430.0,0,165,1
BANKNIFTY09OCT2451100CE.NFO,2024-09-20,11:58:00,2024-10-09,2430.0,2430.0,2430.0,2430.0,0,165,1
BANKNIFTY09OCT2451100CE.NFO,2024-09-20,11:59:00,2024-10-09,2430.0,2430.0,2430.0,2430.0,0,165,1
BANKNIFTY09OCT2451100CE.NFO,2024-09-20,12:00:00,2024-10-09,2430.0,2430.0,2430.0,2430.0,0,165,1
BANKNIFTY09OCT2451100CE.NFO,2024-09-20,12:01:00,2024-10-09,2430.0,2430.0,2430.0,2430.0,0,165,1
BANKNIFTY09OCT2451100CE.NFO,2024-09-20,12:02:00,2024-10-09,2430.0,2430.0,2430.0,2430.0,0,165,1
BANKNIFTY09OCT2451100CE.NFO,2024-09-20,12:03:00,2024-10-09,2430.0,2430.0,2430.0,2430.0,0,165,1
BANKNIFTY09OCT2451100CE.NFO,2024-09-20,12:04:00,2024-10-09,2430.0,2430.0,2430.0,2430.0,0,165,1
BANKNIFTY09OCT2451100CE.NFO,2024-09-20,12:05:00,2024-10-09,2430.0,2430.0,2430.0,2430.0,0,165,1
BANKNIFTY09OCT2451100CE.NFO,2024-09-20,12:06:00,2024-10-09,2430.0,2430.0,2430.0,2430.0,0,165,1
BANKNIFTY09OCT2451100CE.NFO,2024-09-20,12:07:00,2024-10-09,2430.0,2430.0,2430.0,2430.0,0,165,1
BANKNIFTY09OCT2451100CE.NFO,2024-09-20,12:08:00,2024-10-09,2430.0,2430.0,2430.0,2430.0,0,165,1
BANKNIFTY09OCT2451100CE.NFO,2024-09-20,12:09:00,2024-10-09,2430.0,2430.0,2430.0,2430.0,0,165,1
BANKNIFTY09OCT2451100CE.NFO,2024-09-20,12:10:00,2024-10-09,2430.0,2430.0,2430.0,2430.0,0,165,1
BANKNIFTY09OCT2451100CE.NFO,2024-09-20,12:11:00,2024-10-09,2430.0,2430.0,2430.0,2430.0,0,165,1
BANKNIFTY09OCT2451100CE.NFO,2024-09-20,12:12:00,2024-10-09,2430.0,2430.0,2430.0,2430.0,0,165,1
BANKNIFTY09OCT2451100CE.NFO,2024-09-20,12:13:00,2024-10-09,2430.0,2430.0,2430.0,2430.0,0,165,1
BANKNIFTY09OCT2451100CE.NFO,2024-09-20,12:14:00,2024-10-09,2430.0,2430.0,2430.0,2430.0,0,165,1
BANKNIFTY09OCT2451100CE.NFO,2024-09-20,12:15:00,2024-10-09,2430.0,2430.0,2430.0,2430.0,0,165,1
BANKNIFTY09OCT2451100CE.NFO,2024-09-20,12:16:00,2024-10-09,2430.0,2430.0,2430.0,2430.0,0,165,1
BANKNIFTY09OCT2451100CE.NFO,2024-09-20,12:17:00,2024-10-09,2430.0,2430.0,2430.0,2430.0,0,165,1
BANKNIFTY09OCT2451100CE.NFO,2024-09-20,12:18:00,2024-10-09,2430.0,2430.0,2430.0,2430.0,0,165,1
BANKNIFTY09OCT2451100CE.NFO,2024-09-20,12:19:00,2024-10-09,2430.0,2430.0,2430.0,2430.0,0,165,1
BANKNIFTY09OCT2451100CE.NFO,2024-09-20,12:20:00,2024-10-09,2430.0,2430.0,2430.0,2430.0,0,165,1
BANKNIFTY09OCT2451100CE.NFO,2024-09-20,12:21:00,2024-10-09,2430.0,2430.0,2430.0,2430.0,0,165,1
BANKNIFTY09OCT2451100CE.NFO,2024-09-20,12:22:00,2024-10-09,2430.0,2430.0,2430.0,2430.0,0,165,1
BANKNIFTY09OCT2451100CE.NFO,2024-09-20,12:23:00,2024-10-09,2430.0,2430.0,2430.0,2430.0,0,165,1
BANKNIFTY09OCT2451100CE.NFO,2024-09-20,12:24:00,2024-10-09,2430.0,2430.0,2430.0,2430.0,0,165,1
BANKNIFTY09OCT2451100CE.NFO,2024-09-20,12:25:00,2024-10-09,2430.0,2430.0,2430.0,2430.0,0,165,1
BANKNIFTY09OCT2451100CE.NFO,2024-09-20,12:26:00,2024-10-09,2430.0,2430.0,2430.0,2430.0,0,165,1
BANKNIFTY09OCT2451100CE.NFO,2024-09-20,12:27:00,2024-10-09,2430.0,2430.0,2430.0,2430.0,0,165,1
BANKNIFTY09OCT2451100CE.NFO,2024-09-20,12:28:00,2024-10-09,2430.0,2430.0,2430.0,2430.0,0,165,1
BANKNIFTY09OCT2451100CE.NFO,2024-09-20,12:29:00,2024-10-09,2430.0,2430.0,2430.0,2430.0,0,165,1
BANKNIFTY09OCT2451100CE.NFO,2024-09-20,12:30:00,2024-10-09,2430.0,2430.0,2430.0,2430.0,0,165,1
BANKNIFTY09OCT2451100CE.NFO,2024-09-20,12:31:00,2024-10-09,2430.0,2430.0,2430.0,2430.0,0,165,1
BANKNIFTY09OCT2451100CE.NFO,2024-09-20,12:32:00,2024-10-09,2430.0,2430.0,2430.0,2430.0,0,165,1
BANKNIFTY09OCT2451100CE.NFO,2024-09-20,12:33:00,2024-10-09,2430.0,2430.0,2430.0,2430.0,0,165,1
BANKNIFTY09OCT2451100CE.NFO,2024-09-20,12:34:00,2024-10-09,2430.0,2430.0,2430.0,2430.0,0,165,1
BANKNIFTY09OCT2451100CE.NFO,2024-09-20,12:35:00,2024-10-09,2430.0,2430.0,2430.0,2430.0,0,165,1
BANKNIFTY09OCT2451100CE.NFO,2024-09-20,12:36:00,2024-10-09,2430.0,2430.0,2430.0,2430.0,0,165,1
BANKNIFTY09OCT2451100CE.NFO,2024-09-20,12:37:00,2024-10-09,2430.0,2430.0,2430.0,2430.0,0,165,1
BANKNIFTY09OCT2451100CE.NFO,2024-09-20,12:38:00,2024-10-09,2430.0,2430.0,2430.0,2430.0,0,165,1
BANKNIFTY09OCT2451100CE.NFO,2024-09-20,12:39:00,2024-10-09,2430.0,2430.0,2430.0,2430.0,0,165,1
BANKNIFTY09OCT2451100CE.NFO,2024-09-20,12:40:00,2024-10-09,2430.0,2430.0,2430.0,2430.0,0,165,1
BANKNIFTY09OCT2451100CE.NFO,2024-09-20,12:41:00,2024-10-09,2430.0,2430.0,2430.0,2430.0,0,165,1
BANKNIFTY09OCT2451100CE.NFO,2024-09-20,12:42:00,2024-10-09,2430.0,2430.0,2430.0,2430.0,0,165,1
BANKNIFTY09OCT2451100CE.NFO,2024-09-20,12:43:00,2024-10-09,2430.0,2430.0,2430.0,2430.0,0,165,1
BANKNIFTY09OCT2451100CE.NFO,2024-09-20,12:44:00,2024-10-09,2430.0,2430.0,2430.0,2430.0,0,165,1
BANKNIFTY09OCT2451100CE.NFO,2024-09-20,12:45:00,2024-10-09,2430.0,2430.0,2430.0,2430.0,0,165,1
BANKNIFTY09OCT2451100CE.NFO,2024-09-20,12:46:00,2024-10-09,2430.0,2430.0,2430.0,2430.0,0,165,1
BANKNIFTY09OCT2451100CE.NFO,2024-09-20,12:47:00,2024-10-09,2430.0,2430.0,2430.0,2430.0,0,165,1
BANKNIFTY09OCT2451100CE.NFO,2024-09-20,12:48:00,2024-10-09,2430.0,2430.0,2430.0,2430.0,0,165,1
BANKNIFTY09OCT2451100CE.NFO,2024-09-20,12:49:00,2024-10-09,2430.0,2430.0,2430.0,2430.0,0,165,1
BANKNIFTY09OCT2451100CE.NFO,2024-09-20,12:50:00,2024-10-09,2430.0,2430.0,2430.0,2430.0,0,165,1
BANKNIFTY09OCT2451100CE.NFO,2024-09-20,12:51:00,2024-10-09,2430.0,2430.0,2430.0,2430.0,0,165,1
BANKNIFTY09OCT2451100CE.NFO,2024-09-20,12:52:00,2024-10-09,2430.0,2430.0,2430.0,2430.0,0,165,1
BANKNIFTY09OCT2451100CE.NFO,2024-09-20,12:53:00,2024-10-09,2430.0,2430.0,2430.0,2430.0,0,165,1
BANKNIFTY09OCT2451100CE.NFO,2024-09-20,12:54:00,2024-10-09,2430.0,2430.0,2430.0,2430.0,0,165,1
BANKNIFTY09OCT2451100CE.NFO,2024-09-20,12:55:00,2024-10-09,2430.0,2430.0,2430.0,2430.0,0,165,1
BANKNIFTY09OCT2451100CE.NFO,2024-09-20,12:56:00,2024-10-09,2430.0,2430.0,2430.0,2430.0,0,165,1
BANKNIFTY09OCT2451100CE.NFO,2024-09-20,12:57:00,2024-10-09,2430.0,2430.0,2430.0,2430.0,0,165,1
BANKNIFTY09OCT2451100CE.NFO,2024-09-20,12:58:00,2024-10-09,2430.0,2430.0,2430.0,2430.0,0,165,1
BANKNIFTY09OCT2451100CE.NFO,2024-09-20,12:59:00,2024-10-09,2430.0,2430.0,2430.0,2430.0,0,165,1
BANKNIFTY09OCT2451100CE.NFO,2024-09-20,13:00:00,2024-10-09,2430.0,2430.0,2430.0,2430.0,0,165,1
BANKNIFTY09OCT2451100CE.NFO,2024-09-20,13:01:00,2024-10-09,2430.0,2430.0,2430.0,2430.0,0,165,1
BANKNIFTY09OCT2451100CE.NFO,2024-09-20,13:02:00,2024-10-09,2430.0,2430.0,2430.0,2430.0,0,165,1
BANKNIFTY09OCT2451100CE.NFO,2024-09-20,13:03:00,2024-10-09,2430.0,2430.0,2430.0,2430.0,0,165,1
BANKNIFTY09OCT2451100CE.NFO,2024-09-20,13:04:00,2024-10-09,2430.0,2430.0,2430.0,2430.0,0,165,1
BANKNIFTY09OCT2451100CE.NFO,2024-09-20,13:05:00,2024-10-09,2430.0,2430.0,2430.0,2430.0,0,165,1
BANKNIFTY09OCT2451100CE.NFO,2024-09-20,13:06:00,2024-10-09,2430.0,2430.0,2430.0,2430.0,0,165,1
BANKNIFTY09OCT2451100CE.NFO,2024-09-20,13:07:00,2024-10-09,2430.0,2430.0,2430.0,2430.0,0,165,1
BANKNIFTY09OCT2451100CE.NFO,2024-09-20,13:08:00,2024-10-09,2430.0,2430.0,2430.0,2430.0,0,165,1
BANKNIFTY09OCT2451100CE.NFO,2024-09-20,13:09:00,2024-10-09,2430.0,2430.0,2430.0,2430.0,0,165,1
BANKNIFTY09OCT2451100CE.NFO,2024-09-20,13:10:00,2024-10-09,2430.0,2430.0,2430.0,2430.0,0,165,1
BANKNIFTY09OCT2451100CE.NFO,2024-09-20,13:11:00,2024-10-09,2430.0,2430.0,2430.0,2430.0,0,165,1
BANKNIFTY09OCT2451100CE.NFO,2024-09-20,13:12:00,2024-10-09,2430.0,2430.0,2430.0,2430.0,0,165,1
BANKNIFTY09OCT2451100CE.NFO,2024-09-20,13:13:00,2024-10-09,2430.0,2430.0,2430.0,2430.0,0,165,1
BANKNIFTY09OCT2451100CE.NFO,2024-09-20,13:14:00,2024-10-09,2430.0,2430.0,2430.0,2430.0,0,165,1
BANKNIFTY09OCT2451100CE.NFO,2024-09-20,13:15:00,2024-10-09,2430.0,2430.0,2430.0,2430.0,0,165,1
BANKNIFTY09OCT2451100CE.NFO,2024-09-20,13:16:00,2024-10-09,2430.0,2430.0,2430.0,2430.0,0,165,1
BANKNIFTY09OCT2451100CE.NFO,2024-09-20,13:17:00,2024-10-09,2430.0,2430.0,2430.0,2430.0,0,165,1
BANKNIFTY09OCT2451100CE.NFO,2024-09-20,13:18:00,2024-10-09,2430.0,2430.0,2430.0,2430.0,0,165,1
BANKNIFTY09OCT2451100CE.NFO,2024-09-20,13:19:00,2024-10-09,2430.0,2430.0,2430.0,2430.0,0,165,1
BANKNIFTY09OCT2451100CE.NFO,2024-09-20,13:20:00,2024-10-09,2430.0,2430.0,2430.0,2430.0,0,165,1
BANKNIFTY09OCT2451100CE.NFO,2024-09-20,13:21:00,2024-10-09,2430.0,2430.0,2430.0,2430.0,0,165,1
BANKNIFTY09OCT2451100CE.NFO,2024-09-20,13:22:00,2024-10-09,2430.0,2430.0,2430.0,2430.0,0,165,1
BANKNIFTY09OCT2451100CE.NFO,2024-09-20,13:23:00,2024-10-09,2430.0,2430.0,2430.0,2430.0,0,165,1
BANKNIFTY09OCT2451100CE.NFO,2024-09-20,13:24:00,2024-10-09,2430.0,2430.0,2430.0,2430.0,0,165,1
BANKNIFTY09OCT2451100CE.NFO,2024-09-20,13:25:00,2024-10-09,2430.0,2430.0,2430.0,2430.0,0,165,1
BANKNIFTY09OCT2451100CE.NFO,2024-09-20,13:26:00,2024-10-09,2430.0,2430.0,2430.0,2430.0,0,165,1
BANKNIFTY09OCT2451100CE.NFO,2024-09-20,13:27:00,2024-10-09,2430.0,2430.0,2430.0,2430.0,0,165,1
BANKNIFTY09OCT2451100CE.NFO,2024-09-20,13:28:00,2024-10-09,2430.0,2430.0,2430.0,2430.0,0,165,1
BANKNIFTY09OCT2451100CE.NFO,2024-09-20,13:29:00,2024-10-09,2430.0,2430.0,2430.0,2430.0,0,165,1
BANKNIFTY09OCT2451100CE.NFO,2024-09-20,13:30:00,2024-10-09,2430.0,2430.0,2430.0,2430.0,0,165,1
BANKNIFTY09OCT2451100CE.NFO,2024-09-20,13:31:00,2024-10-09,2430.0,2430.0,2430.0,2430.0,0,165,1
BANKNIFTY09OCT2451100CE.NFO,2024-09-20,13:32:00,2024-10-09,2430.0,2430.0,2430.0,2430.0,0,165,1
BANKNIFTY09OCT2451100CE.NFO,2024-09-20,13:33:00,2024-10-09,2430.0,2430.0,2430.0,2430.0,0,165,1
BANKNIFTY09OCT2451100CE.NFO,2024-09-20,13:34:00,2024-10-09,2430.0,2430.0,2430.0,2430.0,0,165,1
BANKNIFTY09OCT2451100CE.NFO,2024-09-20,13:35:00,2024-10-09,2430.0,2430.0,2430.0,2430.0,0,165,1
BANKNIFTY09OCT2451100CE.NFO,2024-09-20,13:36:00,2024-10-09,2430.0,2430.0,2430.0,2430.0,0,165,1
BANKNIFTY09OCT2451100CE.NFO,2024-09-20,13:37:00,2024-10-09,2430.0,2430.0,2430.0,2430.0,0,165,1
BANKNIFTY09OCT2451100CE.NFO,2024-09-20,13:38:00,2024-10-09,2430.0,2430.0,2430.0,2430.0,0,165,1
BANKNIFTY09OCT2451100CE.NFO,2024-09-20,13:39:00,2024-10-09,2430.0,2430.0,2430.0,2430.0,0,165,1
BANKNIFTY09OCT2451100CE.NFO,2024-09-20,13:40:00,2024-10-09,2430.0,2430.0,2430.0,2430.0,0,165,1
BANKNIFTY09OCT2451100CE.NFO,2024-09-20,13:41:00,2024-10-09,2430.0,2430.0,2430.0,2430.0,0,165,1
BANKNIFTY09OCT2451100CE.NFO,2024-09-20,13:42:00,2024-10-09,2430.0,2430.0,2430.0,2430.0,0,165,1
BANKNIFTY09OCT2451100CE.NFO,2024-09-20,13:43:00,2024-10-09,2430.0,2430.0,2430.0,2430.0,0,165,1
BANKNIFTY09OCT2451100CE.NFO,2024-09-20,13:44:00,2024-10-09,2430.0,2430.0,2430.0,2430.0,0,165,1
BANKNIFTY09OCT2451100CE.NFO,2024-09-20,13:45:00,2024-10-09,2430.0,2430.0,2430.0,2430.0,0,165,1
BANKNIFTY09OCT2451100CE.NFO,2024-09-20,13:46:00,2024-10-09,2430.0,2430.0,2430.0,2430.0,0,165,1
BANKNIFTY09OCT2451100CE.NFO,2024-09-20,13:47:00,2024-10-09,2430.0,2430.0,2430.0,2430.0,0,165,1
BANKNIFTY09OCT2451100CE.NFO,2024-09-20,13:48:00,2024-10-09,2430.0,2430.0,2430.0,2430.0,0,165,1
BANKNIFTY09OCT2451100CE.NFO,2024-09-20,13:49:00,2024-10-09,2430.0,2430.0,2430.0,2430.0,0,165,1
BANKNIFTY09OCT2451100CE.NFO,2024-09-20,13:50:00,2024-10-09,2430.0,2430.0,2430.0,2430.0,0,165,1
BANKNIFTY09OCT2451100CE.NFO,2024-09-20,13:51:00,2024-10-09,2430.0,2430.0,2430.0,2430.0,0,165,1
BANKNIFTY09OCT2451100CE.NFO,2024-09-20,13:52:00,2024-10-09,2430.0,2430.0,2430.0,2430.0,0,165,1
BANKNIFTY09OCT2451100CE.NFO,2024-09-20,13:53:00,2024-10-09,2430.0,2430.0,2430.0,2430.0,0,165,1
BANKNIFTY09OCT2451100CE.NFO,2024-09-20,13:54:00,2024-10-09,2430.0,2430.0,2430.0,2430.0,0,165,1
BANKNIFTY09OCT2451100CE.NFO,2024-09-20,13:55:00,2024-10-09,2430.0,2430.0,2430.0,2430.0,0,165,1
BANKNIFTY09OCT2451100CE.NFO,2024-09-20,13:56:00,2024-10-09,2430.0,2430.0,2430.0,2430.0,0,165,1
BANKNIFTY09OCT2451100CE.NFO,2024-09-20,13:57:00,2024-10-09,2430.0,2430.0,2430.0,2430.0,0,165,1
BANKNIFTY09OCT2451100CE.NFO,2024-09-20,13:58:00,2024-10-09,2430.0,2430.0,2430.0,2430.0,0,165,1
BANKNIFTY09OCT2451100CE.NFO,2024-09-20,13:59:00,2024-10-09,2430.0,2430.0,2430.0,2430.0,0,165,1
BANKNIFTY09OCT2451100CE.NFO,2024-09-20,14:00:00,2024-10-09,2430.0,2430.0,2430.0,2430.0,0,165,1
BANKNIFTY09OCT2451100CE.NFO,2024-09-20,14:01:00,2024-10-09,2430.0,2430.0,2430.0,2430.0,0,165,1
BANKNIFTY09OCT2451100CE.NFO,2024-09-20,14:02:00,2024-10-09,2430.0,2430.0,2430.0,2430.0,0,165,1
BANKNIFTY09OCT2451100CE.NFO,2024-09-20,14:03:00,2024-10-09,2430.0,2430.0,2430.0,2430.0,0,165,1
BANKNIFTY09OCT2451100CE.NFO,2024-09-20,14:04:00,2024-10-09,2430.0,2430.0,2430.0,2430.0,0,165,1
BANKNIFTY09OCT2451100CE.NFO,2024-09-20,14:05:00,2024-10-09,2430.0,2430.0,2430.0,2430.0,0,165,1
BANKNIFTY09OCT2451100CE.NFO,2024-09-20,14:06:00,2024-10-09,2430.0,2430.0,2430.0,2430.0,0,165,1
BANKNIFTY09OCT2451100CE.NFO,2024-09-20,14:07:00,2024-10-09,2430.0,2430.0,2430.0,2430.0,0,165,1
BANKNIFTY09OCT2451100CE.NFO,2024-09-20,14:08:00,2024-10-09,2430.0,2430.0,2430.0,2430.0,0,165,1
BANKNIFTY09OCT2451100CE.NFO,2024-09-20,14:09:00,2024-10-09,2430.0,2430.0,2430.0,2430.0,0,165,1
BANKNIFTY09OCT2451100CE.NFO,2024-09-20,14:10:00,2024-10-09,2430.0,2430.0,2430.0,2430.0,0,165,1
BANKNIFTY09OCT2451100CE.NFO,2024-09-20,14:11:00,2024-10-09,2430.0,2430.0,2430.0,2430.0,0,165,1
BANKNIFTY09OCT2451100CE.NFO,2024-09-20,14:12:00,2024-10-09,2430.0,2430.0,2430.0,2430.0,0,165,1
BANKNIFTY09OCT2451100CE.NFO,2024-09-20,14:13:00,2024-10-09,2430.0,2430.0,2430.0,2430.0,0,165,1
BANKNIFTY09OCT2451100CE.NFO,2024-09-20,14:14:00,2024-10-09,2430.0,2430.0,2430.0,2430.0,0,165,1
BANKNIFTY09OCT2451100CE.NFO,2024-09-20,14:15:00,2024-10-09,2430.0,2430.0,2430.0,2430.0,0,165,1
BANKNIFTY09OCT2451100CE.NFO,2024-09-20,14:16:00,2024-10-09,2430.0,2430.0,2430.0,2430.0,0,165,1
BANKNIFTY09OCT2451100CE.NFO,2024-09-20,14:17:00,2024-10-09,2430.0,2430.0,2430.0,2430.0,0,165,1
BANKNIFTY09OCT2451100CE.NFO,2024-09-20,14:18:00,2024-10-09,2430.0,2430.0,2430.0,2430.0,0,165,1
BANKNIFTY09OCT2451100CE.NFO,2024-09-20,14:19:00,2024-10-09,2430.0,2430.0,2430.0,2430.0,0,165,1
BANKNIFTY09OCT2451100CE.NFO,2024-09-20,14:20:00,2024-10-09,2430.0,2430.0,2430.0,2430.0,0,165,1
BANKNIFTY09OCT2451100CE.NFO,2024-09-20,14:21:00,2024-10-09,2430.0,2430.0,2430.0,2430.0,0,165,1
BANKNIFTY09OCT2451100CE.NFO,2024-09-20,14:22:00,2024-10-09,2430.0,2430.0,2430.0,2430.0,0,165,1
BANKNIFTY09OCT2451100CE.NFO,2024-09-20,14:23:00,2024-10-09,2430.0,2430.0,2430.0,2430.0,0,165,1
BANKNIFTY09OCT2451100CE.NFO,2024-09-20,14:24:00,2024-10-09,2430.0,2430.0,2430.0,2430.0,0,165,1
BANKNIFTY09OCT2451100CE.NFO,2024-09-20,14:25:00,2024-10-09,2430.0,2430.0,2430.0,2430.0,0,165,1
BANKNIFTY09OCT2451100CE.NFO,2024-09-20,14:26:00,2024-10-09,2430.0,2430.0,2430.0,2430.0,0,165,1
BANKNIFTY09OCT2451100CE.NFO,2024-09-20,14:27:00,2024-10-09,2430.0,2430.0,2430.0,2430.0,0,165,1
BANKNIFTY09OCT2451100CE.NFO,2024-09-20,14:28:00,2024-10-09,2430.0,2430.0,2430.0,2430.0,0,165,1
BANKNIFTY09OCT2451100CE.NFO,2024-09-20,14:29:00,2024-10-09,2430.0,2430.0,2430.0,2430.0,0,165,1
BANKNIFTY09OCT2451100CE.NFO,2024-09-20,14:30:00,2024-10-09,2430.0,2430.0,2430.0,2430.0,0,165,1
BANKNIFTY09OCT2451100CE.NFO,2024-09-20,14:31:00,2024-10-09,2430.0,2430.0,2430.0,2430.0,0,165,1
BANKNIFTY09OCT2451100CE.NFO,2024-09-20,14:32:00,2024-10-09,2430.0,2430.0,2430.0,2430.0,0,165,1
BANKNIFTY09OCT2451100CE.NFO,2024-09-20,14:33:00,2024-10-09,2430.0,2430.0,2430.0,2430.0,0,165,1
BANKNIFTY09OCT2451100CE.NFO,2024-09-20,14:34:00,2024-10-09,2430.0,2430.0,2430.0,2430.0,0,165,1
BANKNIFTY09OCT2451100CE.NFO,2024-09-20,14:35:00,2024-10-09,2430.0,2430.0,2430.0,2430.0,0,165,1
BANKNIFTY09OCT2451100CE.NFO,2024-09-20,14:36:00,2024-10-09,2430.0,2430.0,2430.0,2430.0,0,165,1
BANKNIFTY09OCT2451100CE.NFO,2024-09-20,14:37:00,2024-10-09,2430.0,2430.0,2430.0,2430.0,0,165,1
BANKNIFTY09OCT2451100CE.NFO,2024-09-20,14:38:00,2024-10-09,2430.0,2430.0,2430.0,2430.0,0,165,1
BANKNIFTY09OCT2451100CE.NFO,2024-09-20,14:39:00,2024-10-09,2430.0,2430.0,2430.0,2430.0,0,165,1
BANKNIFTY09OCT2451100CE.NFO,2024-09-20,14:40:00,2024-10-09,2430.0,2430.0,2430.0,2430.0,0,165,1
BANKNIFTY09OCT2451100CE.NFO,2024-09-20,14:41:00,2024-10-09,2430.0,2430.0,2430.0,2430.0,0,165,1
BANKNIFTY09OCT2451100CE.NFO,2024-09-20,14:42:00,2024-10-09,2430.0,2430.0,2430.0,2430.0,0,165,1
BANKNIFTY09OCT2451100CE.NFO,2024-09-20,14:43:00,2024-10-09,2430.0,2430.0,2430.0,2430.0,0,165,1
BANKNIFTY09OCT2451100CE.NFO,2024-09-20,14:44:00,2024-10-09,2430.0,2430.0,2430.0,2430.0,0,165,1
BANKNIFTY09OCT2451100CE.NFO,2024-09-20,14:45:00,2024-10-09,2430.0,2430.0,2430.0,2430.0,0,165,1
BANKNIFTY09OCT2451100CE.NFO,2024-09-20,14:46:00,2024-10-09,2430.0,2430.0,2430.0,2430.0,0,165,1
BANKNIFTY09OCT2451100CE.NFO,2024-09-20,14:47:00,2024-10-09,2430.0,2430.0,2430.0,2430.0,0,165,1
BANKNIFTY09OCT2451100CE.NFO,2024-09-20,14:48:00,2024-10-09,2430.0,2430.0,2430.0,2430.0,0,165,1
BANKNIFTY09OCT2451100CE.NFO,2024-09-20,14:49:00,2024-10-09,2430.0,2430.0,2430.0,2430.0,0,165,1
BANKNIFTY09OCT2451100CE.NFO,2024-09-20,14:50:00,2024-10-09,2430.0,2430.0,2430.0,2430.0,0,165,1
BANKNIFTY09OCT2451100CE.NFO,2024-09-20,14:51:00,2024-10-09,2430.0,2430.0,2430.0,2430.0,0,165,1
BANKNIFTY09OCT2451100CE.NFO,2024-09-20,14:52:00,2024-10-09,2430.0,2430.0,2430.0,2430.0,0,165,1
BANKNIFTY09OCT2451100CE.NFO,2024-09-20,14:53:00,2024-10-09,2430.0,2430.0,2430.0,2430.0,0,165,1
BANKNIFTY09OCT2451100CE.NFO,2024-09-20,14:54:00,2024-10-09,2430.0,2430.0,2430.0,2430.0,0,165,1
BANKNIFTY09OCT2451100CE.NFO,2024-09-20,14:55:00,2024-10-09,2430.0,2430.0,2430.0,2430.0,0,165,1
BANKNIFTY09OCT2451100CE.NFO,2024-09-20,14:56:00,2024-10-09,2430.0,2430.0,2430.0,2430.0,0,165,1
BANKNIFTY09OCT2451100CE.NFO,2024-09-20,14:57:00,2024-10-09,2430.0,2430.0,2430.0,2430.0,0,165,0
BANKNIFTY09OCT2451100CE.NFO,2024-09-20,14:58:00,2024-10-09,2430.0,2430.0,2430.0,2430.0,0,165,0
BANKNIFTY09OCT2451100CE.NFO,2024-09-20,14:59:00,2024-10-09,2430.0,2430.0,2384.4,2384.4,0,165,0
BANKNIFTY09OCT2451100CE.NFO,2024-09-20,15:00:00,2024-10-09,2384.4,2384.4,2384.4,2384.4,45,165,0
BANKNIFTY09OCT2451100CE.NFO,2024-09-20,15:01:00,2024-10-09,2384.4,2384.4,2384.4,2384.4,45,165,1
BANKNIFTY09OCT2451100CE.NFO,2024-09-20,15:02:00,2024-10-09,2384.4,2384.4,2384.4,2384.4,0,165,0
BANKNIFTY09OCT2451100CE.NFO,2024-09-20,15:03:00,2024-10-09,2384.4,2384.4,2384.4,2384.4,0,165,0
BANKNIFTY09OCT2451100CE.NFO,2024-09-20,15:04:00,2024-10-09,2384.4,2384.4,2384.4,2384.4,0,165,0
BANKNIFTY09OCT2451100CE.NFO,2024-09-20,15:05:00,2024-10-09,2384.4,2384.4,2384.4,2384.4,0,165,0
BANKNIFTY09OCT2451100CE.NFO,2024-09-20,15:06:00,2024-10-09,2384.4,2384.4,2384.4,2384.4,0,165,0
BANKNIFTY09OCT2451100CE.NFO,2024-09-20,15:07:00,2024-10-09,2384.4,2384.4,2384.4,2384.4,0,165,0
BANKNIFTY09OCT2451100CE.NFO,2024-09-20,15:08:00,2024-10-09,2384.4,2384.4,2384.4,2384.4,0,165,0
BANKNIFTY09OCT2451100CE.NFO,2024-09-20,15:09:00,2024-10-09,2384.4,2384.4,2384.4,2384.4,0,165,0
BANKNIFTY09OCT2451100CE.NFO,2024-09-20,15:10:00,2024-10-09,2384.4,2384.4,2384.4,2384.4,0,165,1
BANKNIFTY09OCT2451100CE.NFO,2024-09-20,15:11:00,2024-10-09,2384.4,2384.4,2384.4,2384.4,0,165,0
BANKNIFTY09OCT2451100CE.NFO,2024-09-20,15:12:00,2024-10-09,2384.4,2384.4,2384.4,2384.4,0,165,0
BANKNIFTY09OCT2451100CE.NFO,2024-09-20,15:13:00,2024-10-09,2384.4,2384.4,2384.4,2384.4,0,165,0
BANKNIFTY09OCT2451100CE.NFO,2024-09-20,15:14:00,2024-10-09,2384.4,2384.4,2384.4,2384.4,0,165,0
BANKNIFTY09OCT2451100CE.NFO,2024-09-20,15:15:00,2024-10-09,2384.4,2384.4,2384.4,2384.4,0,165,0
BANKNIFTY09OCT2451100CE.NFO,2024-09-20,15:16:00,2024-10-09,2384.4,2384.4,2384.4,2384.4,0,165,0
BANKNIFTY09OCT2451100CE.NFO,2024-09-20,15:17:00,2024-10-09,2384.4,2384.4,2384.4,2384.4,0,165,0
BANKNIFTY09OCT2451100CE.NFO,2024-09-20,15:18:00,2024-10-09,2384.4,2384.4,2384.4,2384.4,0,165,0
BANKNIFTY09OCT2451100CE.NFO,2024-09-20,15:19:00,2024-10-09,2384.4,2384.4,2384.4,2384.4,0,165,0
BANKNIFTY09OCT2451100CE.NFO,2024-09-20,15:20:00,2024-10-09,2384.4,2384.4,2384.4,2384.4,0,165,0
BANKNIFTY09OCT2451100CE.NFO,2024-09-20,15:21:00,2024-10-09,2384.4,2384.4,2384.4,2384.4,0,165,0
BANKNIFTY09OCT2451100CE.NFO,2024-09-20,15:22:00,2024-10-09,2384.4,2384.4,2384.4,2384.4,0,165,0
BANKNIFTY09OCT2451100CE.NFO,2024-09-20,15:23:00,2024-10-09,2384.4,2384.4,2384.4,2384.4,0,165,0
BANKNIFTY09OCT2451100CE.NFO,2024-09-20,15:24:00,2024-10-09,2384.4,2384.4,2384.4,2384.4,0,165,0
BANKNIFTY09OCT2451100CE.NFO,2024-09-20,15:25:00,2024-10-09,2384.4,2384.4,2384.4,2384.4,0,165,0
BANKNIFTY09OCT2451100CE.NFO,2024-09-20,15:26:00,2024-10-09,2384.4,2384.4,2384.4,2384.4,0,165,1
BANKNIFTY09OCT2451100CE.NFO,2024-09-20,15:27:00,2024-10-09,2384.4,2384.4,2384.4,2384.4,0,165,0
BANKNIFTY09OCT2451100CE.NFO,2024-09-20,15:28:00,2024-10-09,2384.4,2384.4,2384.4,2384.4,0,165,0
BANKNIFTY09OCT2451100CE.NFO,2024-09-20,15:29:00,2024-10-09,2384.4,2384.4,2384.4,2384.4,0,165,0
BANKNIFTY09OCT2451100CE.NFO,2024-09-20,15:30:00,2024-10-09,2384.4,2384.4,2384.4,2384.4,0,165,1
BANKNIFTY09OCT2451100CE.NFO,2024-09-23,09:15:00,2024-10-09,3248.45,3248.45,3248.45,3248.45,0,165,1
BANKNIFTY09OCT2451100CE.NFO,2024-09-23,09:16:00,2024-10-09,3248.45,3248.45,3248.45,3248.45,0,165,1
BANKNIFTY09OCT2451100CE.NFO,2024-09-23,09:17:00,2024-10-09,3248.45,3248.45,3248.45,3248.45,0,165,1
BANKNIFTY09OCT2451100CE.NFO,2024-09-23,09:18:00,2024-10-09,3248.45,3248.45,3248.45,3248.45,0,165,1
BANKNIFTY09OCT2451100CE.NFO,2024-09-23,09:19:00,2024-10-09,3248.45,3248.45,3248.45,3248.45,0,165,1
BANKNIFTY09OCT2451100CE.NFO,2024-09-23,09:20:00,2024-10-09,3248.45,3248.45,3248.45,3248.45,0,165,1
BANKNIFTY09OCT2451100CE.NFO,2024-09-23,09:21:00,2024-10-09,3248.45,3248.45,3248.45,3248.45,0,165,1
BANKNIFTY09OCT2451100CE.NFO,2024-09-23,09:22:00,2024-10-09,3248.45,3248.45,3248.45,3248.45,0,165,1
BANKNIFTY09OCT2451100CE.NFO,2024-09-23,09:23:00,2024-10-09,3248.45,3248.45,3248.45,3248.45,0,165,1
BANKNIFTY09OCT2451100CE.NFO,2024-09-23,09:24:00,2024-10-09,3248.45,3248.45,3248.45,3248.45,0,165,1
BANKNIFTY09OCT2451100CE.NFO,2024-09-23,09:25:00,2024-10-09,3248.45,3248.45,3248.45,3248.45,0,165,1
BANKNIFTY09OCT2451100CE.NFO,2024-09-23,09:26:00,2024-10-09,3248.45,3248.45,3248.45,3248.45,0,165,1
BANKNIFTY09OCT2451100CE.NFO,2024-09-23,09:27:00,2024-10-09,3248.45,3248.45,3248.45,3248.45,0,165,1
BANKNIFTY09OCT2451100CE.NFO,2024-09-23,09:28:00,2024-10-09,3248.45,3248.45,3248.45,3248.45,0,165,1
BANKNIFTY09OCT2451100CE.NFO,2024-09-23,09:29:00,2024-10-09,3248.45,3248.45,3248.45,3248.45,0,165,1
BANKNIFTY09OCT2451100CE.NFO,2024-09-23,09:30:00,2024-10-09,3248.45,3248.45,3248.45,3248.45,0,165,1
BANKNIFTY09OCT2451100CE.NFO,2024-09-23,09:31:00,2024-10-09,3248.45,3248.45,3248.45,3248.45,0,165,1
BANKNIFTY09OCT2451100CE.NFO,2024-09-23,09:32:00,2024-10-09,3248.45,3248.45,3248.45,3248.45,0,165,1
BANKNIFTY09OCT2451100CE.NFO,2024-09-23,09:33:00,2024-10-09,3248.45,3248.45,3248.45,3248.45,0,165,1
BANKNIFTY09OCT2451100CE.NFO,2024-09-23,09:34:00,2024-10-09,3248.45,3248.45,3248.45,3248.45,0,165,1
BANKNIFTY09OCT2451100CE.NFO,2024-09-23,09:35:00,2024-10-09,3248.45,3248.45,3248.45,3248.45,0,165,1
BANKNIFTY09OCT2451100CE.NFO,2024-09-23,09:36:00,2024-10-09,3248.45,3248.45,3248.45,3248.45,0,165,1
BANKNIFTY09OCT2451100CE.NFO,2024-09-23,09:37:00,2024-10-09,3248.45,3248.45,3248.45,3248.45,0,165,1
BANKNIFTY09OCT2451100CE.NFO,2024-09-23,09:38:00,2024-10-09,3248.45,3248.45,3248.45,3248.45,0,165,1
BANKNIFTY09OCT2451100CE.NFO,2024-09-23,09:39:00,2024-10-09,3248.45,3248.45,3248.45,3248.45,0,165,1
BANKNIFTY09OCT2451100CE.NFO,2024-09-23,09:40:00,2024-10-09,3248.45,3248.45,3248.45,3248.45,0,165,1
BANKNIFTY09OCT2451100CE.NFO,2024-09-23,09:41:00,2024-10-09,3248.45,3248.45,3248.45,3248.45,0,165,1
BANKNIFTY09OCT2451100CE.NFO,2024-09-23,09:42:00,2024-10-09,3248.45,3248.45,3248.45,3248.45,0,165,1
BANKNIFTY09OCT2451100CE.NFO,2024-09-23,09:43:00,2024-10-09,3248.45,3248.45,3248.45,3248.45,0,165,1
BANKNIFTY09OCT2451100CE.NFO,2024-09-23,09:44:00,2024-10-09,3248.45,3248.45,3248.45,3248.45,0,165,1
BANKNIFTY09OCT2451100CE.NFO,2024-09-23,09:45:00,2024-10-09,3248.45,3248.45,3248.45,3248.45,0,165,1
BANKNIFTY09OCT2451100CE.NFO,2024-09-23,09:46:00,2024-10-09,3248.45,3248.45,3248.45,3248.45,0,165,1
BANKNIFTY09OCT2451100CE.NFO,2024-09-23,09:47:00,2024-10-09,3248.45,3248.45,3248.45,3248.45,0,165,1
BANKNIFTY09OCT2451100CE.NFO,2024-09-23,09:48:00,2024-10-09,3248.45,3248.45,3248.45,3248.45,0,165,1
BANKNIFTY09OCT2451100CE.NFO,2024-09-23,09:49:00,2024-10-09,3248.45,3248.45,3248.45,3248.45,0,165,1
BANKNIFTY09OCT2451100CE.NFO,2024-09-23,09:50:00,2024-10-09,3248.45,3248.45,3248.45,3248.45,0,165,1
BANKNIFTY09OCT2451100CE.NFO,2024-09-23,09:51:00,2024-10-09,3248.45,3248.45,3248.45,3248.45,0,165,1
BANKNIFTY09OCT2451100CE.NFO,2024-09-23,09:52:00,2024-10-09,3248.45,3248.45,3248.45,3248.45,0,165,1
BANKNIFTY09OCT2451100CE.NFO,2024-09-23,09:53:00,2024-10-09,3248.45,3248.45,3248.45,3248.45,0,165,1
BANKNIFTY09OCT2451100CE.NFO,2024-09-23,09:54:00,2024-10-09,3248.45,3248.45,3248.45,3248.45,0,165,1
BANKNIFTY09OCT2451100CE.NFO,2024-09-23,09:55:00,2024-10-09,3248.45,3248.45,3248.45,3248.45,0,165,1
BANKNIFTY09OCT2451100CE.NFO,2024-09-23,09:56:00,2024-10-09,3248.45,3248.45,3248.45,3248.45,0,165,1
BANKNIFTY09OCT2451100CE.NFO,2024-09-23,09:57:00,2024-10-09,3248.45,3248.45,3248.45,3248.45,0,165,1
BANKNIFTY09OCT2451100CE.NFO,2024-09-23,09:58:00,2024-10-09,3248.45,3248.45,3248.45,3248.45,0,165,1
BANKNIFTY09OCT2451100CE.NFO,2024-09-23,09:59:00,2024-10-09,3248.45,3248.45,3248.45,3248.45,0,165,1
BANKNIFTY09OCT2451100CE.NFO,2024-09-23,10:00:00,2024-10-09,3248.45,3248.45,3248.45,3248.45,0,165,1
BANKNIFTY09OCT2451100CE.NFO,2024-09-23,10:01:00,2024-10-09,3248.45,3248.45,3248.45,3248.45,0,165,1
BANKNIFTY09OCT2451100CE.NFO,2024-09-23,10:02:00,2024-10-09,3248.45,3248.45,3248.45,3248.45,0,165,1
BANKNIFTY09OCT2451100CE.NFO,2024-09-23,10:03:00,2024-10-09,3248.45,3248.45,3248.45,3248.45,0,165,1
BANKNIFTY09OCT2451100CE.NFO,2024-09-23,10:04:00,2024-10-09,3248.45,3248.45,3248.45,3248.45,0,165,1
BANKNIFTY09OCT2451100CE.NFO,2024-09-23,10:05:00,2024-10-09,3248.45,3248.45,3248.45,3248.45,0,165,1
BANKNIFTY09OCT2451100CE.NFO,2024-09-23,10:06:00,2024-10-09,3248.45,3248.45,3248.45,3248.45,0,165,1
BANKNIFTY09OCT2451100CE.NFO,2024-09-23,10:07:00,2024-10-09,3248.45,3248.45,3248.45,3248.45,0,165,1
BANKNIFTY09OCT2451100CE.NFO,2024-09-23,10:08:00,2024-10-09,3248.45,3248.45,3248.45,3248.45,0,165,1
BANKNIFTY09OCT2451100CE.NFO,2024-09-23,10:09:00,2024-10-09,3248.45,3248.45,3248.45,3248.45,0,165,1
BANKNIFTY09OCT2451100CE.NFO,2024-09-23,10:10:00,2024-10-09,3248.45,3248.45,3248.45,3248.45,0,165,1
BANKNIFTY09OCT2451100CE.NFO,2024-09-23,10:11:00,2024-10-09,3248.45,3248.45,3248.45,3248.45,0,165,1
BANKNIFTY09OCT2451100CE.NFO,2024-09-23,10:12:00,2024-10-09,3248.45,3248.45,3248.45,3248.45,0,165,1
BANKNIFTY09OCT2451100CE.NFO,2024-09-23,10:13:00,2024-10-09,3248.45,3248.45,3248.45,3248.45,0,165,1
BANKNIFTY09OCT2451100CE.NFO,2024-09-23,10:14:00,2024-10-09,3248.45,3248.45,3248.45,3248.45,0,165,1
BANKNIFTY09OCT2451100CE.NFO,2024-09-23,10:15:00,2024-10-09,3248.45,3248.45,3248.45,3248.45,0,165,1
BANKNIFTY09OCT2451100CE.NFO,2024-09-23,10:16:00,2024-10-09,3248.45,3248.45,3248.45,3248.45,0,165,1
BANKNIFTY09OCT2451100CE.NFO,2024-09-23,10:17:00,2024-10-09,3248.45,3248.45,3248.45,3248.45,0,165,1
BANKNIFTY09OCT2451100CE.NFO,2024-09-23,10:18:00,2024-10-09,3248.45,3248.45,3248.45,3248.45,0,165,1
BANKNIFTY09OCT2451100CE.NFO,2024-09-23,10:19:00,2024-10-09,3248.45,3248.45,3248.45,3248.45,0,165,1
BANKNIFTY09OCT2451100CE.NFO,2024-09-23,10:20:00,2024-10-09,3248.45,3248.45,3248.45,3248.45,0,165,1
BANKNIFTY09OCT2451100CE.NFO,2024-09-23,10:21:00,2024-10-09,3248.45,3248.45,3248.45,3248.45,0,165,1
BANKNIFTY09OCT2451100CE.NFO,2024-09-23,10:22:00,2024-10-09,3248.45,3248.45,3248.45,3248.45,0,165,1
BANKNIFTY09OCT2451100CE.NFO,2024-09-23,10:23:00,2024-10-09,3248.45,3248.45,3248.45,3248.45,0,165,1
BANKNIFTY09OCT2451100CE.NFO,2024-09-23,10:24:00,2024-10-09,3248.45,3248.45,3248.45,3248.45,0,165,1
BANKNIFTY09OCT2451100CE.NFO,2024-09-23,10:25:00,2024-10-09,3248.45,3248.45,3248.45,3248.45,0,165,1
BANKNIFTY09OCT2451100CE.NFO,2024-09-23,10:26:00,2024-10-09,3248.45,3248.45,3248.45,3248.45,0,165,1
BANKNIFTY09OCT2451100CE.NFO,2024-09-23,10:27:00,2024-10-09,3248.45,3248.45,3248.45,3248.45,0,165,1
BANKNIFTY09OCT2451100CE.NFO,2024-09-23,10:28:00,2024-10-09,3248.45,3248.45,3248.45,3248.45,0,165,1
BANKNIFTY09OCT2451100CE.NFO,2024-09-23,10:29:00,2024-10-09,3248.45,3248.45,3248.45,3248.45,0,165,1
BANKNIFTY09OCT2451100CE.NFO,2024-09-23,10:30:00,2024-10-09,3248.45,3248.45,3248.45,3248.45,0,165,1
BANKNIFTY09OCT2451100CE.NFO,2024-09-23,10:31:00,2024-10-09,3248.45,3248.45,3248.45,3248.45,0,165,1
BANKNIFTY09OCT2451100CE.NFO,2024-09-23,10:32:00,2024-10-09,3248.45,3248.45,3248.45,3248.45,0,165,1
BANKNIFTY09OCT2451100CE.NFO,2024-09-23,10:33:00,2024-10-09,3248.45,3248.45,3248.45,3248.45,0,165,1
BANKNIFTY09OCT2451100CE.NFO,2024-09-23,10:34:00,2024-10-09,3248.45,3248.45,3248.45,3248.45,0,165,1
BANKNIFTY09OCT2451100CE.NFO,2024-09-23,10:35:00,2024-10-09,3248.45,3248.45,3248.45,3248.45,0,165,1
BANKNIFTY09OCT2451100CE.NFO,2024-09-23,10:36:00,2024-10-09,3248.45,3248.45,3248.45,3248.45,0,165,1
BANKNIFTY09OCT2451100CE.NFO,2024-09-23,10:37:00,2024-10-09,3248.45,3248.45,3248.45,3248.45,0,165,1
BANKNIFTY09OCT2451100CE.NFO,2024-09-23,10:38:00,2024-10-09,3248.45,3248.45,3248.45,3248.45,0,165,1
BANKNIFTY09OCT2451100CE.NFO,2024-09-23,10:39:00,2024-10-09,3248.45,3248.45,3248.45,3248.45,0,165,1
BANKNIFTY09OCT2451100CE.NFO,2024-09-23,10:40:00,2024-10-09,3248.45,3248.45,3248.45,3248.45,0,165,1
BANKNIFTY09OCT2451100CE.NFO,2024-09-23,10:41:00,2024-10-09,3248.45,3248.45,3248.45,3248.45,0,165,1
BANKNIFTY09OCT2451100CE.NFO,2024-09-23,10:42:00,2024-10-09,3248.45,3248.45,3248.45,3248.45,0,165,1
BANKNIFTY09OCT2451100CE.NFO,2024-09-23,10:43:00,2024-10-09,3248.45,3248.45,3248.45,3248.45,0,165,1
BANKNIFTY09OCT2451100CE.NFO,2024-09-23,10:44:00,2024-10-09,3248.45,3248.45,3248.45,3248.45,0,165,1
BANKNIFTY09OCT2451100CE.NFO,2024-09-23,10:45:00,2024-10-09,3248.45,3248.45,3248.45,3248.45,0,165,1
BANKNIFTY09OCT2451100CE.NFO,2024-09-23,10:46:00,2024-10-09,3248.45,3248.45,3248.45,3248.45,0,165,1
BANKNIFTY09OCT2451100CE.NFO,2024-09-23,10:47:00,2024-10-09,3248.45,3248.45,3248.45,3248.45,0,165,1
BANKNIFTY09OCT2451100CE.NFO,2024-09-23,10:48:00,2024-10-09,3248.45,3248.45,3248.45,3248.45,0,165,1
BANKNIFTY09OCT2451100CE.NFO,2024-09-23,10:49:00,2024-10-09,3248.45,3248.45,3248.45,3248.45,0,165,1
BANKNIFTY09OCT2451100CE.NFO,2024-09-23,10:50:00,2024-10-09,3248.45,3248.45,3248.45,3248.45,0,165,1
BANKNIFTY09OCT2451100CE.NFO,2024-09-23,10:51:00,2024-10-09,3248.45,3248.45,3248.45,3248.45,0,165,1
BANKNIFTY09OCT2451100CE.NFO,2024-09-23,10:52:00,2024-10-09,3248.45,3248.45,3248.45,3248.45,0,165,1
BANKNIFTY09OCT2451100CE.NFO,2024-09-23,10:53:00,2024-10-09,3248.45,3248.45,3248.45,3248.45,0,165,1
BANKNIFTY09OCT2451100CE.NFO,2024-09-23,10:54:00,2024-10-09,3248.45,3248.45,3248.45,3248.45,0,165,1
BANKNIFTY09OCT2451100CE.NFO,2024-09-23,10:55:00,2024-10-09,3248.45,3248.45,3248.45,3248.45,0,165,1
BANKNIFTY09OCT2451100CE.NFO,2024-09-23,10:56:00,2024-10-09,3248.45,3248.45,3248.45,3248.45,0,165,1
BANKNIFTY09OCT2451100CE.NFO,2024-09-23,10:57:00,2024-10-09,3248.45,3248.45,3248.45,3248.45,0,165,1
BANKNIFTY09OCT2451100CE.NFO,2024-09-23,10:58:00,2024-10-09,3248.45,3248.45,3248.45,3248.45,0,165,1
BANKNIFTY09OCT2451100CE.NFO,2024-09-23,10:59:00,2024-10-09,3248.45,3248.45,3248.45,3248.45,0,165,1
BANKNIFTY09OCT2451100CE.NFO,2024-09-23,11:00:00,2024-10-09,3248.45,3248.45,3248.45,3248.45,0,165,1
BANKNIFTY09OCT2451100CE.NFO,2024-09-23,11:01:00,2024-10-09,3248.45,3248.45,3248.45,3248.45,0,165,1
BANKNIFTY09OCT2451100CE.NFO,2024-09-23,11:02:00,2024-10-09,3248.45,3248.45,3248.45,3248.45,0,165,1
BANKNIFTY09OCT2451100CE.NFO,2024-09-23,11:03:00,2024-10-09,3248.45,3248.45,3248.45,3248.45,0,165,1
BANKNIFTY09OCT2451100CE.NFO,2024-09-23,11:04:00,2024-10-09,3248.45,3248.45,3248.45,3248.45,0,165,1
BANKNIFTY09OCT2451100CE.NFO,2024-09-23,11:05:00,2024-10-09,3248.45,3248.45,3248.45,3248.45,0,165,1
BANKNIFTY09OCT2451100CE.NFO,2024-09-23,11:06:00,2024-10-09,3248.45,3248.45,3248.45,3248.45,0,165,1
BANKNIFTY09OCT2451100CE.NFO,2024-09-23,11:07:00,2024-10-09,3248.45,3248.45,3248.45,3248.45,0,165,1
BANKNIFTY09OCT2451100CE.NFO,2024-09-23,11:08:00,2024-10-09,3248.45,3248.45,3248.45,3248.45,0,165,1
BANKNIFTY09OCT2451100CE.NFO,2024-09-23,11:09:00,2024-10-09,3248.45,3248.45,3248.45,3248.45,0,165,1
BANKNIFTY09OCT2451100CE.NFO,2024-09-23,11:10:00,2024-10-09,3248.45,3248.45,3248.45,3248.45,0,165,1
BANKNIFTY09OCT2451100CE.NFO,2024-09-23,11:11:00,2024-10-09,3248.45,3248.45,3248.45,3248.45,0,165,1
BANKNIFTY09OCT2451100CE.NFO,2024-09-23,11:12:00,2024-10-09,3248.45,3248.45,3248.45,3248.45,0,165,1
BANKNIFTY09OCT2451100CE.NFO,2024-09-23,11:13:00,2024-10-09,3248.45,3248.45,3248.45,3248.45,0,165,1
BANKNIFTY09OCT2451100CE.NFO,2024-09-23,11:14:00,2024-10-09,3248.45,3248.45,3248.45,3248.45,0,165,1
BANKNIFTY09OCT2451100CE.NFO,2024-09-23,11:15:00,2024-10-09,3248.45,3248.45,3248.45,3248.45,0,165,1
BANKNIFTY09OCT2451100CE.NFO,2024-09-23,11:16:00,2024-10-09,3248.45,3248.45,3248.45,3248.45,0,165,1
BANKNIFTY09OCT2451100CE.NFO,2024-09-23,11:17:00,2024-10-09,3248.45,3248.45,3248.45,3248.45,0,165,1
BANKNIFTY09OCT2451100CE.NFO,2024-09-23,11:18:00,2024-10-09,3248.45,3248.45,3248.45,3248.45,0,165,1
BANKNIFTY09OCT2451100CE.NFO,2024-09-23,11:19:00,2024-10-09,3248.45,3248.45,3248.45,3248.45,0,165,1
BANKNIFTY09OCT2451100CE.NFO,2024-09-23,11:20:00,2024-10-09,3248.45,3248.45,3248.45,3248.45,0,165,1
BANKNIFTY09OCT2451100CE.NFO,2024-09-23,11:21:00,2024-10-09,3248.45,3248.45,3248.45,3248.45,0,165,1
BANKNIFTY09OCT2451100CE.NFO,2024-09-23,11:22:00,2024-10-09,3248.45,3248.45,3248.45,3248.45,0,165,1
BANKNIFTY09OCT2451100CE.NFO,2024-09-23,11:23:00,2024-10-09,3248.45,3248.45,3248.45,3248.45,0,165,1
BANKNIFTY09OCT2451100CE.NFO,2024-09-23,11:24:00,2024-10-09,3248.45,3248.45,3248.45,3248.45,0,165,1
BANKNIFTY09OCT2451100CE.NFO,2024-09-23,11:25:00,2024-10-09,3248.45,3248.45,3248.45,3248.45,0,165,1
BANKNIFTY09OCT2451100CE.NFO,2024-09-23,11:26:00,2024-10-09,3248.45,3248.45,3248.45,3248.45,0,165,1
BANKNIFTY09OCT2451100CE.NFO,2024-09-23,11:27:00,2024-10-09,3248.45,3248.45,3248.45,3248.45,0,165,1
BANKNIFTY09OCT2451100CE.NFO,2024-09-23,11:28:00,2024-10-09,3248.45,3248.45,3248.45,3248.45,0,165,1
BANKNIFTY09OCT2451100CE.NFO,2024-09-23,11:29:00,2024-10-09,3248.45,3248.45,3248.45,3248.45,0,165,1
BANKNIFTY09OCT2451100CE.NFO,2024-09-23,11:30:00,2024-10-09,3248.45,3248.45,3248.45,3248.45,0,165,1
BANKNIFTY09OCT2451100CE.NFO,2024-09-23,11:31:00,2024-10-09,3248.45,3248.45,3248.45,3248.45,0,165,1
BANKNIFTY09OCT2451100CE.NFO,2024-09-23,11:32:00,2024-10-09,3248.45,3248.45,3248.45,3248.45,0,165,1
BANKNIFTY09OCT2451100CE.NFO,2024-09-23,11:33:00,2024-10-09,3248.45,3248.45,3248.45,3248.45,0,165,1
BANKNIFTY09OCT2451100CE.NFO,2024-09-23,11:34:00,2024-10-09,3248.45,3248.45,3248.45,3248.45,0,165,1
BANKNIFTY09OCT2451100CE.NFO,2024-09-23,11:35:00,2024-10-09,3248.45,3248.45,3248.45,3248.45,0,165,1
BANKNIFTY09OCT2451100CE.NFO,2024-09-23,11:36:00,2024-10-09,3248.45,3248.45,3248.45,3248.45,0,165,1
BANKNIFTY09OCT2451100CE.NFO,2024-09-23,11:37:00,2024-10-09,3248.45,3248.45,3248.45,3248.45,0,165,1
BANKNIFTY09OCT2451100CE.NFO,2024-09-23,11:38:00,2024-10-09,3248.45,3248.45,3248.45,3248.45,0,165,1
BANKNIFTY09OCT2451100CE.NFO,2024-09-23,11:39:00,2024-10-09,3248.45,3248.45,3248.45,3248.45,0,165,1
BANKNIFTY09OCT2451100CE.NFO,2024-09-23,11:40:00,2024-10-09,3248.45,3248.45,3248.45,3248.45,0,165,1
BANKNIFTY09OCT2451100CE.NFO,2024-09-23,11:41:00,2024-10-09,3248.45,3248.45,3248.45,3248.45,0,165,1
BANKNIFTY09OCT2451100CE.NFO,2024-09-23,11:42:00,2024-10-09,3248.45,3248.45,3248.45,3248.45,0,165,1
BANKNIFTY09OCT2451100CE.NFO,2024-09-23,11:43:00,2024-10-09,3248.45,3248.45,3248.45,3248.45,0,165,1
BANKNIFTY09OCT2451100CE.NFO,2024-09-23,11:44:00,2024-10-09,3248.45,3248.45,3248.45,3248.45,0,165,1
BANKNIFTY09OCT2451100CE.NFO,2024-09-23,11:45:00,2024-10-09,3248.45,3248.45,3248.45,3248.45,0,165,1
BANKNIFTY09OCT2451100CE.NFO,2024-09-23,11:46:00,2024-10-09,3248.45,3248.45,3248.45,3248.45,0,165,1
BANKNIFTY09OCT2451100CE.NFO,2024-09-23,11:47:00,2024-10-09,3248.45,3248.45,3248.45,3248.45,0,165,1
BANKNIFTY09OCT2451100CE.NFO,2024-09-23,11:48:00,2024-10-09,3248.45,3248.45,3248.45,3248.45,0,165,1
BANKNIFTY09OCT2451100CE.NFO,2024-09-23,11:49:00,2024-10-09,3248.45,3248.45,3248.45,3248.45,0,165,1
BANKNIFTY09OCT2451100CE.NFO,2024-09-23,11:50:00,2024-10-09,3248.45,3248.45,3248.45,3248.45,0,165,1
BANKNIFTY09OCT2451100CE.NFO,2024-09-23,11:51:00,2024-10-09,3248.45,3248.45,3248.45,3248.45,0,165,1
BANKNIFTY09OCT2451100CE.NFO,2024-09-23,11:52:00,2024-10-09,3248.45,3248.45,3248.45,3248.45,0,165,1
BANKNIFTY09OCT2451100CE.NFO,2024-09-23,11:53:00,2024-10-09,3248.45,3248.45,3248.45,3248.45,0,165,1
BANKNIFTY09OCT2451100CE.NFO,2024-09-23,11:54:00,2024-10-09,3248.45,3248.45,3248.45,3248.45,0,165,1
BANKNIFTY09OCT2451100CE.NFO,2024-09-23,11:55:00,2024-10-09,3248.45,3248.45,3248.45,3248.45,0,165,1
BANKNIFTY09OCT2451100CE.NFO,2024-09-23,11:56:00,2024-10-09,3248.45,3248.45,3248.45,3248.45,0,165,1
BANKNIFTY09OCT2451100CE.NFO,2024-09-23,11:57:00,2024-10-09,3248.45,3248.45,3248.45,3248.45,0,165,1
BANKNIFTY09OCT2451100CE.NFO,2024-09-23,11:58:00,2024-10-09,3248.45,3248.45,3248.45,3248.45,0,165,1
BANKNIFTY09OCT2451100CE.NFO,2024-09-23,11:59:00,2024-10-09,3248.45,3248.45,3248.45,3248.45,0,165,1
BANKNIFTY09OCT2451100CE.NFO,2024-09-23,12:00:00,2024-10-09,3248.45,3248.45,3248.45,3248.45,0,165,1
BANKNIFTY09OCT2451100CE.NFO,2024-09-23,12:01:00,2024-10-09,3248.45,3248.45,3248.45,3248.45,0,165,1
BANKNIFTY09OCT2451100CE.NFO,2024-09-23,12:02:00,2024-10-09,3248.45,3248.45,3248.45,3248.45,0,165,1
BANKNIFTY09OCT2451100CE.NFO,2024-09-23,12:03:00,2024-10-09,3248.45,3248.45,3248.45,3248.45,0,165,1
BANKNIFTY09OCT2451100CE.NFO,2024-09-23,12:04:00,2024-10-09,3248.45,3248.45,3248.45,3248.45,0,165,1
BANKNIFTY09OCT2451100CE.NFO,2024-09-23,12:05:00,2024-10-09,3248.45,3248.45,3248.45,3248.45,0,165,1
BANKNIFTY09OCT2451100CE.NFO,2024-09-23,12:06:00,2024-10-09,3248.45,3248.45,3248.45,3248.45,0,165,1
BANKNIFTY09OCT2451100CE.NFO,2024-09-23,12:07:00,2024-10-09,3248.45,3248.45,3248.45,3248.45,0,165,1
BANKNIFTY09OCT2451100CE.NFO,2024-09-23,12:08:00,2024-10-09,3248.45,3248.45,3248.45,3248.45,0,165,1
BANKNIFTY09OCT2451100CE.NFO,2024-09-23,12:09:00,2024-10-09,3248.45,3248.45,3248.45,3248.45,0,165,1
BANKNIFTY09OCT2451100CE.NFO,2024-09-23,12:10:00,2024-10-09,3248.45,3248.45,3248.45,3248.45,0,165,1
BANKNIFTY09OCT2451100CE.NFO,2024-09-23,12:11:00,2024-10-09,3248.45,3248.45,3248.45,3248.45,0,165,1
BANKNIFTY09OCT2451100CE.NFO,2024-09-23,12:12:00,2024-10-09,3248.45,3248.45,3248.45,3248.45,0,165,1
BANKNIFTY09OCT2451100CE.NFO,2024-09-23,12:13:00,2024-10-09,3248.45,3248.45,3248.45,3248.45,0,165,1
BANKNIFTY09OCT2451100CE.NFO,2024-09-23,12:14:00,2024-10-09,3248.45,3248.45,3248.45,3248.45,0,165,1
BANKNIFTY09OCT2451100CE.NFO,2024-09-23,12:15:00,2024-10-09,3248.45,3248.45,3248.45,3248.45,0,165,1
BANKNIFTY09OCT2451100CE.NFO,2024-09-23,12:16:00,2024-10-09,3248.45,3248.45,3248.45,3248.45,0,165,1
BANKNIFTY09OCT2451100CE.NFO,2024-09-23,12:17:00,2024-10-09,3248.45,3248.45,3248.45,3248.45,0,165,1
BANKNIFTY09OCT2451100CE.NFO,2024-09-23,12:18:00,2024-10-09,3248.45,3248.45,3248.45,3248.45,0,165,1
BANKNIFTY09OCT2451100CE.NFO,2024-09-23,12:19:00,2024-10-09,3248.45,3248.45,3248.45,3248.45,0,165,1
BANKNIFTY09OCT2451100CE.NFO,2024-09-23,12:20:00,2024-10-09,3248.45,3248.45,3248.45,3248.45,0,165,1
BANKNIFTY09OCT2451100CE.NFO,2024-09-23,12:21:00,2024-10-09,3248.45,3248.45,3248.45,3248.45,0,165,1
BANKNIFTY09OCT2451100CE.NFO,2024-09-23,12:22:00,2024-10-09,3248.45,3248.45,3248.45,3248.45,0,165,1
BANKNIFTY09OCT2451100CE.NFO,2024-09-23,12:23:00,2024-10-09,3248.45,3248.45,3248.45,3248.45,0,165,1
BANKNIFTY09OCT2451100CE.NFO,2024-09-23,12:24:00,2024-10-09,3248.45,3248.45,3248.45,3248.45,0,165,1
BANKNIFTY09OCT2451100CE.NFO,2024-09-23,12:25:00,2024-10-09,3248.45,3248.45,3248.45,3248.45,0,165,1
BANKNIFTY09OCT2451100CE.NFO,2024-09-23,12:26:00,2024-10-09,3248.45,3248.45,3248.45,3248.45,0,165,1
BANKNIFTY09OCT2451100CE.NFO,2024-09-23,12:27:00,2024-10-09,3248.45,3248.45,3248.45,3248.45,0,165,1
BANKNIFTY09OCT2451100CE.NFO,2024-09-23,12:28:00,2024-10-09,3248.45,3248.45,3248.45,3248.45,0,165,1
BANKNIFTY09OCT2451100CE.NFO,2024-09-23,12:29:00,2024-10-09,3248.45,3248.45,3248.45,3248.45,0,165,1
BANKNIFTY09OCT2451100CE.NFO,2024-09-23,12:30:00,2024-10-09,3248.45,3248.45,3248.45,3248.45,0,165,1
BANKNIFTY09OCT2451100CE.NFO,2024-09-23,12:31:00,2024-10-09,3248.45,3248.45,3248.45,3248.45,0,165,1
BANKNIFTY09OCT2451100CE.NFO,2024-09-23,12:32:00,2024-10-09,3248.45,3248.45,3248.45,3248.45,0,165,1
BANKNIFTY09OCT2451100CE.NFO,2024-09-23,12:33:00,2024-10-09,3248.45,3248.45,3248.45,3248.45,0,165,1
BANKNIFTY09OCT2451100CE.NFO,2024-09-23,12:34:00,2024-10-09,3248.45,3248.45,3248.45,3248.45,0,165,1
BANKNIFTY09OCT2451100CE.NFO,2024-09-23,12:35:00,2024-10-09,3248.45,3248.45,3248.45,3248.45,0,165,1
BANKNIFTY09OCT2451100CE.NFO,2024-09-23,12:36:00,2024-10-09,3248.45,3248.45,3248.45,3248.45,0,165,1
BANKNIFTY09OCT2451100CE.NFO,2024-09-23,12:37:00,2024-10-09,3248.45,3248.45,3248.45,3248.45,0,165,1
BANKNIFTY09OCT2451100CE.NFO,2024-09-23,12:38:00,2024-10-09,3248.45,3248.45,3248.45,3248.45,0,165,1
BANKNIFTY09OCT2451100CE.NFO,2024-09-23,12:39:00,2024-10-09,3248.45,3248.45,3248.45,3248.45,0,165,1
BANKNIFTY09OCT2451100CE.NFO,2024-09-23,12:40:00,2024-10-09,3248.45,3248.45,3248.45,3248.45,0,165,1
BANKNIFTY09OCT2451100CE.NFO,2024-09-23,12:41:00,2024-10-09,3248.45,3248.45,3248.45,3248.45,0,165,1
BANKNIFTY09OCT2451100CE.NFO,2024-09-23,12:42:00,2024-10-09,3248.45,3248.45,3248.45,3248.45,0,165,1
BANKNIFTY09OCT2451100CE.NFO,2024-09-23,12:43:00,2024-10-09,3248.45,3248.45,3248.45,3248.45,0,165,1
BANKNIFTY09OCT2451100CE.NFO,2024-09-23,12:44:00,2024-10-09,3248.45,3248.45,3248.45,3248.45,0,165,1
BANKNIFTY09OCT2451100CE.NFO,2024-09-23,12:45:00,2024-10-09,3248.45,3248.45,3248.45,3248.45,0,165,1
BANKNIFTY09OCT2451100CE.NFO,2024-09-23,12:46:00,2024-10-09,3248.45,3248.45,3248.45,3248.45,0,165,1
BANKNIFTY09OCT2451100CE.NFO,2024-09-23,12:47:00,2024-10-09,3248.45,3248.45,3248.45,3248.45,0,165,1
BANKNIFTY09OCT2451100CE.NFO,2024-09-23,12:48:00,2024-10-09,3248.45,3248.45,3248.45,3248.45,0,165,1
BANKNIFTY09OCT2451100CE.NFO,2024-09-23,12:49:00,2024-10-09,3248.45,3248.45,3248.45,3248.45,0,165,1
BANKNIFTY09OCT2451100CE.NFO,2024-09-23,12:50:00,2024-10-09,3248.45,3248.45,3248.45,3248.45,0,165,1
BANKNIFTY09OCT2451100CE.NFO,2024-09-23,12:51:00,2024-10-09,3248.45,3248.45,3248.45,3248.45,0,165,1
BANKNIFTY09OCT2451100CE.NFO,2024-09-23,12:52:00,2024-10-09,3248.45,3248.45,3248.45,3248.45,0,165,1
BANKNIFTY09OCT2451100CE.NFO,2024-09-23,12:53:00,2024-10-09,3248.45,3248.45,3248.45,3248.45,0,165,1
BANKNIFTY09OCT2451100CE.NFO,2024-09-23,12:54:00,2024-10-09,3248.45,3248.45,3248.45,3248.45,0,165,1
BANKNIFTY09OCT2451100CE.NFO,2024-09-23,12:55:00,2024-10-09,3248.45,3248.45,3248.45,3248.45,0,165,1
BANKNIFTY09OCT2451100CE.NFO,2024-09-23,12:56:00,2024-10-09,3248.45,3248.45,3248.45,3248.45,0,165,1
BANKNIFTY09OCT2451100CE.NFO,2024-09-23,12:57:00,2024-10-09,3248.45,3248.45,3248.45,3248.45,0,165,1
BANKNIFTY09OCT2451100CE.NFO,2024-09-23,12:58:00,2024-10-09,3248.45,3248.45,3248.45,3248.45,0,165,1
BANKNIFTY09OCT2451100CE.NFO,2024-09-23,12:59:00,2024-10-09,3248.45,3248.45,3248.45,3248.45,0,165,1
BANKNIFTY09OCT2451100CE.NFO,2024-09-23,13:00:00,2024-10-09,3248.45,3248.45,3248.45,3248.45,0,165,1
BANKNIFTY09OCT2451100CE.NFO,2024-09-23,13:01:00,2024-10-09,3248.45,3248.45,3248.45,3248.45,0,165,1
BANKNIFTY09OCT2451100CE.NFO,2024-09-23,13:02:00,2024-10-09,3248.45,3248.45,3248.45,3248.45,0,165,1
BANKNIFTY09OCT2451100CE.NFO,2024-09-23,13:03:00,2024-10-09,3248.45,3248.45,3248.45,3248.45,0,165,1
BANKNIFTY09OCT2451100CE.NFO,2024-09-23,13:04:00,2024-10-09,3248.45,3248.45,3248.45,3248.45,0,165,1
BANKNIFTY09OCT2451100CE.NFO,2024-09-23,13:05:00,2024-10-09,3248.45,3248.45,3248.45,3248.45,0,165,1
BANKNIFTY09OCT2451100CE.NFO,2024-09-23,13:06:00,2024-10-09,3248.45,3248.45,3248.45,3248.45,0,165,1
BANKNIFTY09OCT2451100CE.NFO,2024-09-23,13:07:00,2024-10-09,3248.45,3248.45,3248.45,3248.45,0,165,1
BANKNIFTY09OCT2451100CE.NFO,2024-09-23,13:08:00,2024-10-09,3248.45,3248.45,3248.45,3248.45,0,165,1
BANKNIFTY09OCT2451100CE.NFO,2024-09-23,13:09:00,2024-10-09,3248.45,3248.45,3248.45,3248.45,0,165,1
BANKNIFTY09OCT2451100CE.NFO,2024-09-23,13:10:00,2024-10-09,3248.45,3248.45,3248.45,3248.45,0,165,1
BANKNIFTY09OCT2451100CE.NFO,2024-09-23,13:11:00,2024-10-09,3248.45,3248.45,3248.45,3248.45,0,165,1
BANKNIFTY09OCT2451100CE.NFO,2024-09-23,13:12:00,2024-10-09,3248.45,3248.45,3248.45,3248.45,0,165,1
BANKNIFTY09OCT2451100CE.NFO,2024-09-23,13:13:00,2024-10-09,3248.45,3248.45,3248.45,3248.45,0,165,1
BANKNIFTY09OCT2451100CE.NFO,2024-09-23,13:14:00,2024-10-09,3248.45,3248.45,3248.45,3248.45,0,165,1
BANKNIFTY09OCT2451100CE.NFO,2024-09-23,13:15:00,2024-10-09,3248.45,3248.45,3248.45,3248.45,0,165,1
BANKNIFTY09OCT2451100CE.NFO,2024-09-23,13:16:00,2024-10-09,3248.45,3248.45,3248.45,3248.45,0,165,1
BANKNIFTY09OCT2451100CE.NFO,2024-09-23,13:17:00,2024-10-09,3248.45,3248.45,3248.45,3248.45,0,165,1
BANKNIFTY09OCT2451100CE.NFO,2024-09-23,13:18:00,2024-10-09,3248.45,3248.45,3248.45,3248.45,0,165,1
BANKNIFTY09OCT2451100CE.NFO,2024-09-23,13:19:00,2024-10-09,3248.45,3248.45,3248.45,3248.45,0,165,1
BANKNIFTY09OCT2451100CE.NFO,2024-09-23,13:20:00,2024-10-09,3248.45,3248.45,3248.45,3248.45,0,165,1
BANKNIFTY09OCT2451100CE.NFO,2024-09-23,13:21:00,2024-10-09,3248.45,3248.45,3248.45,3248.45,0,165,1
BANKNIFTY09OCT2451100CE.NFO,2024-09-23,13:22:00,2024-10-09,3248.45,3248.45,3248.45,3248.45,0,165,1
BANKNIFTY09OCT2451100CE.NFO,2024-09-23,13:23:00,2024-10-09,3248.45,3248.45,3248.45,3248.45,0,165,1
BANKNIFTY09OCT2451100CE.NFO,2024-09-23,13:24:00,2024-10-09,3248.45,3248.45,3248.45,3248.45,0,165,1
BANKNIFTY09OCT2451100CE.NFO,2024-09-23,13:25:00,2024-10-09,3248.45,3248.45,3248.45,3248.45,0,165,1
BANKNIFTY09OCT2451100CE.NFO,2024-09-23,13:26:00,2024-10-09,3248.45,3248.45,3248.45,3248.45,0,165,1
BANKNIFTY09OCT2451100CE.NFO,2024-09-23,13:27:00,2024-10-09,3248.45,3248.45,3248.45,3248.45,0,165,1
BANKNIFTY09OCT2451100CE.NFO,2024-09-23,13:28:00,2024-10-09,3248.45,3248.45,3248.45,3248.45,0,165,1
BANKNIFTY09OCT2451100CE.NFO,2024-09-23,13:29:00,2024-10-09,3248.45,3248.45,3248.45,3248.45,0,165,1
BANKNIFTY09OCT2451100CE.NFO,2024-09-23,13:30:00,2024-10-09,3248.45,3248.45,3248.45,3248.45,0,165,1
BANKNIFTY09OCT2451100CE.NFO,2024-09-23,13:31:00,2024-10-09,3248.45,3248.45,3248.45,3248.45,0,165,1
BANKNIFTY09OCT2451100CE.NFO,2024-09-23,13:32:00,2024-10-09,3248.45,3248.45,3248.45,3248.45,0,165,1
BANKNIFTY09OCT2451100CE.NFO,2024-09-23,13:33:00,2024-10-09,3248.45,3248.45,3248.45,3248.45,0,165,1
BANKNIFTY09OCT2451100CE.NFO,2024-09-23,13:34:00,2024-10-09,3248.45,3248.45,3248.45,3248.45,0,165,1
BANKNIFTY09OCT2451100CE.NFO,2024-09-23,13:35:00,2024-10-09,3248.45,3248.45,3248.45,3248.45,0,165,1
BANKNIFTY09OCT2451100CE.NFO,2024-09-23,13:36:00,2024-10-09,3248.45,3248.45,3248.45,3248.45,0,165,1
BANKNIFTY09OCT2451100CE.NFO,2024-09-23,13:37:00,2024-10-09,3248.45,3248.45,3248.45,3248.45,0,165,1
BANKNIFTY09OCT2451100CE.NFO,2024-09-23,13:38:00,2024-10-09,3248.45,3248.45,3248.45,3248.45,0,165,1
BANKNIFTY09OCT2451100CE.NFO,2024-09-23,13:39:00,2024-10-09,3248.45,3248.45,3248.45,3248.45,0,165,1
BANKNIFTY09OCT2451100CE.NFO,2024-09-23,13:40:00,2024-10-09,3248.45,3248.45,3248.45,3248.45,0,165,1
BANKNIFTY09OCT2451100CE.NFO,2024-09-23,13:41:00,2024-10-09,3248.45,3248.45,3248.45,3248.45,0,165,1
BANKNIFTY09OCT2451100CE.NFO,2024-09-23,13:42:00,2024-10-09,3248.45,3248.45,3248.45,3248.45,0,165,1
BANKNIFTY09OCT2451100CE.NFO,2024-09-23,13:43:00,2024-10-09,3248.45,3248.45,3248.45,3248.45,0,165,1
BANKNIFTY09OCT2451100CE.NFO,2024-09-23,13:44:00,2024-10-09,3248.45,3248.45,3248.45,3248.45,0,165,1
BANKNIFTY09OCT2451100CE.NFO,2024-09-23,13:45:00,2024-10-09,3248.45,3248.45,3248.45,3248.45,0,165,1
BANKNIFTY09OCT2451100CE.NFO,2024-09-23,13:46:00,2024-10-09,3248.45,3248.45,3248.45,3248.45,0,165,1
BANKNIFTY09OCT2451100CE.NFO,2024-09-23,13:47:00,2024-10-09,3248.45,3248.45,3248.45,3248.45,0,165,1
BANKNIFTY09OCT2451100CE.NFO,2024-09-23,13:48:00,2024-10-09,3248.45,3248.45,3248.45,3248.45,0,165,1
BANKNIFTY09OCT2451100CE.NFO,2024-09-23,13:49:00,2024-10-09,3248.45,3248.45,3248.45,3248.45,0,165,1
BANKNIFTY09OCT2451100CE.NFO,2024-09-23,13:50:00,2024-10-09,3248.45,3248.45,3248.45,3248.45,0,165,1
BANKNIFTY09OCT2451100CE.NFO,2024-09-23,13:51:00,2024-10-09,3248.45,3248.45,3248.45,3248.45,0,165,1
BANKNIFTY09OCT2451100CE.NFO,2024-09-23,13:52:00,2024-10-09,3248.45,3248.45,3248.45,3248.45,0,165,1
BANKNIFTY09OCT2451100CE.NFO,2024-09-23,13:53:00,2024-10-09,3248.45,3248.45,3248.45,3248.45,0,165,1
BANKNIFTY09OCT2451100CE.NFO,2024-09-23,13:54:00,2024-10-09,3248.45,3248.45,3248.45,3248.45,0,165,1
BANKNIFTY09OCT2451100CE.NFO,2024-09-23,13:55:00,2024-10-09,3248.45,3248.45,3248.45,3248.45,0,165,1
BANKNIFTY09OCT2451100CE.NFO,2024-09-23,13:56:00,2024-10-09,3248.45,3248.45,3248.45,3248.45,0,165,1
BANKNIFTY09OCT2451100CE.NFO,2024-09-23,13:57:00,2024-10-09,3248.45,3248.45,3248.45,3248.45,0,165,1
BANKNIFTY09OCT2451100CE.NFO,2024-09-23,13:58:00,2024-10-09,3248.45,3248.45,3248.45,3248.45,0,165,1
BANKNIFTY09OCT2451100CE.NFO,2024-09-23,13:59:00,2024-10-09,3248.45,3248.45,3248.45,3248.45,0,165,1
BANKNIFTY09OCT2451100CE.NFO,2024-09-23,14:00:00,2024-10-09,3248.45,3248.45,3248.45,3248.45,0,165,1
BANKNIFTY09OCT2451100CE.NFO,2024-09-23,14:01:00,2024-10-09,3248.45,3248.45,3248.45,3248.45,0,165,1
BANKNIFTY09OCT2451100CE.NFO,2024-09-23,14:02:00,2024-10-09,3248.45,3248.45,3248.45,3248.45,0,165,1
BANKNIFTY09OCT2451100CE.NFO,2024-09-23,14:03:00,2024-10-09,3248.45,3248.45,3248.45,3248.45,0,165,1
BANKNIFTY09OCT2451100CE.NFO,2024-09-23,14:04:00,2024-10-09,3248.45,3248.45,3248.45,3248.45,0,165,1
BANKNIFTY09OCT2451100CE.NFO,2024-09-23,14:05:00,2024-10-09,3248.45,3248.45,3248.45,3248.45,0,165,1
BANKNIFTY09OCT2451100CE.NFO,2024-09-23,14:06:00,2024-10-09,3248.45,3248.45,3248.45,3248.45,0,165,1
BANKNIFTY09OCT2451100CE.NFO,2024-09-23,14:07:00,2024-10-09,3248.45,3248.45,3248.45,3248.45,0,165,1
BANKNIFTY09OCT2451100CE.NFO,2024-09-23,14:08:00,2024-10-09,3248.45,3248.45,3248.45,3248.45,0,165,1
BANKNIFTY09OCT2451100CE.NFO,2024-09-23,14:09:00,2024-10-09,3248.45,3248.45,3248.45,3248.45,0,165,1
BANKNIFTY09OCT2451100CE.NFO,2024-09-23,14:10:00,2024-10-09,3248.45,3248.45,3248.45,3248.45,0,165,1
BANKNIFTY09OCT2451100CE.NFO,2024-09-23,14:11:00,2024-10-09,3248.45,3248.45,3248.45,3248.45,0,165,1
BANKNIFTY09OCT2451100CE.NFO,2024-09-23,14:12:00,2024-10-09,3248.45,3248.45,3248.45,3248.45,0,165,1
BANKNIFTY09OCT2451100CE.NFO,2024-09-23,14:13:00,2024-10-09,3248.45,3248.45,3248.45,3248.45,0,165,1
BANKNIFTY09OCT2451100CE.NFO,2024-09-23,14:14:00,2024-10-09,3248.45,3248.45,3248.45,3248.45,0,165,1
BANKNIFTY09OCT2451100CE.NFO,2024-09-23,14:15:00,2024-10-09,3248.45,3248.45,3248.45,3248.45,0,165,1
BANKNIFTY09OCT2451100CE.NFO,2024-09-23,14:16:00,2024-10-09,3248.45,3248.45,3248.45,3248.45,0,165,1
BANKNIFTY09OCT2451100CE.NFO,2024-09-23,14:17:00,2024-10-09,3248.45,3248.45,3248.45,3248.45,0,165,1
BANKNIFTY09OCT2451100CE.NFO,2024-09-23,14:18:00,2024-10-09,3248.45,3248.45,3248.45,3248.45,0,165,1
BANKNIFTY09OCT2451100CE.NFO,2024-09-23,14:19:00,2024-10-09,3248.45,3248.45,3248.45,3248.45,0,165,1
BANKNIFTY09OCT2451100CE.NFO,2024-09-23,14:20:00,2024-10-09,3248.45,3248.45,3248.45,3248.45,0,165,1
BANKNIFTY09OCT2451100CE.NFO,2024-09-23,14:21:00,2024-10-09,3248.45,3248.45,3248.45,3248.45,0,165,1
BANKNIFTY09OCT2451100CE.NFO,2024-09-23,14:22:00,2024-10-09,3248.45,3248.45,3248.45,3248.45,0,165,1
BANKNIFTY09OCT2451100CE.NFO,2024-09-23,14:23:00,2024-10-09,3248.45,3248.45,3248.45,3248.45,0,165,0
BANKNIFTY09OCT2451100CE.NFO,2024-09-23,14:24:00,2024-10-09,3248.45,3248.45,3248.45,3248.45,0,165,1
BANKNIFTY09OCT2451100CE.NFO,2024-09-23,14:25:00,2024-10-09,3248.45,3248.45,3248.45,3248.45,0,165,0
BANKNIFTY09OCT2451100CE.NFO,2024-09-23,14:26:00,2024-10-09,3248.45,3248.45,3248.45,3248.45,0,165,0
BANKNIFTY09OCT2451100CE.NFO,2024-09-23,14:27:00,2024-10-09,3248.45,3248.45,3248.45,3248.45,0,165,0
BANKNIFTY09OCT2451100CE.NFO,2024-09-23,14:28:00,2024-10-09,3248.45,3248.45,3248.45,3248.45,0,165,1
BANKNIFTY09OCT2451100CE.NFO,2024-09-23,14:29:00,2024-10-09,3248.45,3248.45,3248.45,3248.45,0,165,0
BANKNIFTY09OCT2451100CE.NFO,2024-09-23,14:30:00,2024-10-09,3248.45,3248.45,3248.45,3248.45,0,165,0
BANKNIFTY09OCT2451100CE.NFO,2024-09-23,14:31:00,2024-10-09,3248.45,3248.45,3248.45,3248.45,0,165,0
BANKNIFTY09OCT2451100CE.NFO,2024-09-23,14:32:00,2024-10-09,3248.45,3248.45,3248.45,3248.45,0,165,1
BANKNIFTY09OCT2451100CE.NFO,2024-09-23,14:33:00,2024-10-09,3248.45,3248.45,3248.45,3248.45,0,165,0
BANKNIFTY09OCT2451100CE.NFO,2024-09-23,14:34:00,2024-10-09,3248.45,3248.45,3248.45,3248.45,0,165,0
BANKNIFTY09OCT2451100CE.NFO,2024-09-23,14:35:00,2024-10-09,3248.45,3248.45,3248.45,3248.45,0,165,0
BANKNIFTY09OCT2451100CE.NFO,2024-09-23,14:36:00,2024-10-09,3248.45,3248.45,3248.45,3248.45,0,165,1
BANKNIFTY09OCT2451100CE.NFO,2024-09-23,14:37:00,2024-10-09,3248.45,3248.45,3248.45,3248.45,0,165,0
BANKNIFTY09OCT2451100CE.NFO,2024-09-23,14:38:00,2024-10-09,3248.45,3248.45,3248.45,3248.45,0,165,0
BANKNIFTY09OCT2451100CE.NFO,2024-09-23,14:39:00,2024-10-09,3248.45,3248.45,3248.45,3248.45,0,165,0
BANKNIFTY09OCT2451100CE.NFO,2024-09-23,14:40:00,2024-10-09,3248.45,3248.45,3248.45,3248.45,0,165,0
BANKNIFTY09OCT2451100CE.NFO,2024-09-23,14:41:00,2024-10-09,3248.45,3248.45,3248.45,3248.45,0,165,1
BANKNIFTY09OCT2451100CE.NFO,2024-09-23,14:42:00,2024-10-09,3248.45,3248.45,3248.45,3248.45,0,165,0
BANKNIFTY09OCT2451100CE.NFO,2024-09-23,14:43:00,2024-10-09,3248.45,3248.45,3248.45,3248.45,0,165,0
BANKNIFTY09OCT2451100CE.NFO,2024-09-23,14:44:00,2024-10-09,3248.45,3248.45,3248.45,3248.45,0,165,0
BANKNIFTY09OCT2451100CE.NFO,2024-09-23,14:45:00,2024-10-09,3248.45,3248.45,3248.45,3248.45,0,165,0
BANKNIFTY09OCT2451100CE.NFO,2024-09-23,14:46:00,2024-10-09,3248.45,3248.45,3248.45,3248.45,0,165,1
BANKNIFTY09OCT2451100CE.NFO,2024-09-23,14:47:00,2024-10-09,3248.45,3248.45,3248.45,3248.45,0,165,0
BANKNIFTY09OCT2451100CE.NFO,2024-09-23,14:48:00,2024-10-09,3248.45,3248.45,3248.45,3248.45,0,165,0
BANKNIFTY09OCT2451100CE.NFO,2024-09-23,14:49:00,2024-10-09,3248.45,3248.45,3248.45,3248.45,0,165,0
BANKNIFTY09OCT2451100CE.NFO,2024-09-23,14:50:00,2024-10-09,3248.45,3248.45,3248.45,3248.45,0,165,1
BANKNIFTY09OCT2451100CE.NFO,2024-09-23,14:51:00,2024-10-09,3248.45,3248.45,3248.45,3248.45,0,165,0
BANKNIFTY09OCT2451100CE.NFO,2024-09-23,14:52:00,2024-10-09,3248.45,3248.45,3248.45,3248.45,0,165,0
BANKNIFTY09OCT2451100CE.NFO,2024-09-23,14:53:00,2024-10-09,3248.45,3248.45,3248.45,3248.45,0,165,0
BANKNIFTY09OCT2451100CE.NFO,2024-09-23,14:54:00,2024-10-09,3248.45,3248.45,3248.45,3248.45,0,165,1
BANKNIFTY09OCT2451100CE.NFO,2024-09-23,14:55:00,2024-10-09,3248.45,3248.45,3248.45,3248.45,0,165,0
BANKNIFTY09OCT2451100CE.NFO,2024-09-23,14:56:00,2024-10-09,3248.45,3248.45,3248.45,3248.45,0,165,0
BANKNIFTY09OCT2451100CE.NFO,2024-09-23,14:57:00,2024-10-09,3248.45,3248.45,3248.45,3248.45,0,165,0
BANKNIFTY09OCT2451100CE.NFO,2024-09-23,14:58:00,2024-10-09,3248.45,3248.45,3248.45,3248.45,0,165,0
BANKNIFTY09OCT2451100CE.NFO,2024-09-23,14:59:00,2024-10-09,3248.45,3248.45,3248.45,3248.45,0,165,1
BANKNIFTY09OCT2451100CE.NFO,2024-09-23,15:00:00,2024-10-09,3248.45,3248.45,3248.45,3248.45,0,165,0
BANKNIFTY09OCT2451100CE.NFO,2024-09-23,15:01:00,2024-10-09,3248.45,3248.45,3248.45,3248.45,0,165,0
BANKNIFTY09OCT2451100CE.NFO,2024-09-23,15:02:00,2024-10-09,3248.45,3248.45,3248.45,3248.45,0,165,0
BANKNIFTY09OCT2451100CE.NFO,2024-09-23,15:03:00,2024-10-09,3248.45,3248.45,3248.45,3248.45,0,165,1
BANKNIFTY09OCT2451100CE.NFO,2024-09-23,15:04:00,2024-10-09,3248.45,3248.45,3248.45,3248.45,0,165,0
BANKNIFTY09OCT2451100CE.NFO,2024-09-23,15:05:00,2024-10-09,3248.45,3248.45,3248.45,3248.45,0,165,0
BANKNIFTY09OCT2451100CE.NFO,2024-09-23,15:06:00,2024-10-09,3248.45,3248.45,3248.45,3248.45,0,165,0
BANKNIFTY09OCT2451100CE.NFO,2024-09-23,15:07:00,2024-10-09,3248.45,3248.45,3248.45,3248.45,0,165,0
BANKNIFTY09OCT2451100CE.NFO,2024-09-23,15:08:00,2024-10-09,3248.45,3248.45,3248.45,3248.45,0,165,0
BANKNIFTY09OCT2451100CE.NFO,2024-09-23,15:09:00,2024-10-09,3248.45,3248.45,3248.45,3248.45,0,165,0
BANKNIFTY09OCT2451100CE.NFO,2024-09-23,15:10:00,2024-10-09,3248.45,3248.45,3248.45,3248.45,0,165,0
BANKNIFTY09OCT2451100CE.NFO,2024-09-23,15:11:00,2024-10-09,3248.45,3248.45,3248.45,3248.45,0,165,0
BANKNIFTY09OCT2451100CE.NFO,2024-09-23,15:12:00,2024-10-09,3248.45,3248.45,3248.45,3248.45,0,165,0
BANKNIFTY09OCT2451100CE.NFO,2024-09-23,15:13:00,2024-10-09,3248.45,3248.45,3248.45,3248.45,0,165,0
BANKNIFTY09OCT2451100CE.NFO,2024-09-23,15:14:00,2024-10-09,3248.45,3248.45,3248.45,3248.45,0,165,1
BANKNIFTY09OCT2451100CE.NFO,2024-09-23,15:15:00,2024-10-09,3248.45,3248.45,3248.45,3248.45,0,165,0
BANKNIFTY09OCT2451100CE.NFO,2024-09-23,15:16:00,2024-10-09,3248.45,3248.45,3248.45,3248.45,0,165,0
BANKNIFTY09OCT2451100CE.NFO,2024-09-23,15:17:00,2024-10-09,3248.45,3248.45,3248.45,3248.45,0,165,0
BANKNIFTY09OCT2451100CE.NFO,2024-09-23,15:18:00,2024-10-09,3248.45,3248.45,3248.45,3248.45,0,165,0
BANKNIFTY09OCT2451100CE.NFO,2024-09-23,15:19:00,2024-10-09,3248.45,3248.45,3248.45,3248.45,0,165,1
BANKNIFTY09OCT2451100CE.NFO,2024-09-23,15:20:00,2024-10-09,3248.45,3248.45,3248.45,3248.45,0,165,0
BANKNIFTY09OCT2451100CE.NFO,2024-09-23,15:21:00,2024-10-09,3248.45,3248.45,3248.45,3248.45,0,165,0
BANKNIFTY09OCT2451100CE.NFO,2024-09-23,15:22:00,2024-10-09,3248.45,3248.45,3248.45,3248.45,0,165,0
BANKNIFTY09OCT2451100CE.NFO,2024-09-23,15:23:00,2024-10-09,3248.45,3248.45,3248.45,3248.45,0,165,0
BANKNIFTY09OCT2451100CE.NFO,2024-09-23,15:24:00,2024-10-09,3248.45,3248.45,3248.45,3248.45,0,165,0
BANKNIFTY09OCT2451100CE.NFO,2024-09-23,15:25:00,2024-10-09,3248.45,3248.45,3248.45,3248.45,0,165,0
BANKNIFTY09OCT2451100CE.NFO,2024-09-23,15:26:00,2024-10-09,3248.45,3248.45,3248.45,3248.45,0,165,0
BANKNIFTY09OCT2451100CE.NFO,2024-09-23,15:27:00,2024-10-09,3248.45,3248.45,3248.45,3248.45,0,165,0
BANKNIFTY09OCT2451100CE.NFO,2024-09-23,15:28:00,2024-10-09,3248.45,3248.45,3248.45,3248.45,0,165,1
BANKNIFTY09OCT2451100CE.NFO,2024-09-23,15:29:00,2024-10-09,3248.45,3248.45,3248.45,3248.45,0,165,0
BANKNIFTY09OCT2451100CE.NFO,2024-09-23,15:30:00,2024-10-09,3248.45,3248.45,3248.45,3248.45,0,165,1
BANKNIFTY09OCT2451100CE.NFO,2024-10-01,09:15:00,2024-10-09,2000.0,2000.0,2000.0,2000.0,0,165,1
BANKNIFTY09OCT2451100CE.NFO,2024-10-01,09:16:00,2024-10-09,2000.0,2000.0,2000.0,2000.0,0,165,1
BANKNIFTY09OCT2451100CE.NFO,2024-10-01,09:17:00,2024-10-09,2000.0,2000.0,2000.0,2000.0,0,165,1
BANKNIFTY09OCT2451100CE.NFO,2024-10-01,09:18:00,2024-10-09,2000.0,2000.0,2000.0,2000.0,0,165,1
BANKNIFTY09OCT2451100CE.NFO,2024-10-01,09:19:00,2024-10-09,2000.0,2000.0,2000.0,2000.0,0,165,1
BANKNIFTY09OCT2451100CE.NFO,2024-10-01,09:20:00,2024-10-09,2000.0,2000.0,2000.0,2000.0,0,165,1
BANKNIFTY09OCT2451100CE.NFO,2024-10-01,09:21:00,2024-10-09,2000.0,2000.0,2000.0,2000.0,0,165,1
BANKNIFTY09OCT2451100CE.NFO,2024-10-01,09:22:00,2024-10-09,2000.0,2000.0,2000.0,2000.0,0,165,1
BANKNIFTY09OCT2451100CE.NFO,2024-10-01,09:23:00,2024-10-09,2000.0,2000.0,2000.0,2000.0,0,165,1
BANKNIFTY09OCT2451100CE.NFO,2024-10-01,09:24:00,2024-10-09,2000.0,2000.0,2000.0,2000.0,0,165,1
BANKNIFTY09OCT2451100CE.NFO,2024-10-01,09:25:00,2024-10-09,2000.0,2000.0,2000.0,2000.0,0,165,1
BANKNIFTY09OCT2451100CE.NFO,2024-10-01,09:26:00,2024-10-09,2000.0,2000.0,2000.0,2000.0,0,165,1
BANKNIFTY09OCT2451100CE.NFO,2024-10-01,09:27:00,2024-10-09,2000.0,2000.0,2000.0,2000.0,0,165,1
BANKNIFTY09OCT2451100CE.NFO,2024-10-01,09:28:00,2024-10-09,2000.0,2000.0,2000.0,2000.0,0,165,1
BANKNIFTY09OCT2451100CE.NFO,2024-10-01,09:29:00,2024-10-09,2000.0,2000.0,2000.0,2000.0,0,165,1
BANKNIFTY09OCT2451100CE.NFO,2024-10-01,09:30:00,2024-10-09,2000.0,2000.0,2000.0,2000.0,0,165,1
BANKNIFTY09OCT2451100CE.NFO,2024-10-01,09:31:00,2024-10-09,2000.0,2000.0,2000.0,2000.0,0,165,1
BANKNIFTY09OCT2451100CE.NFO,2024-10-01,09:32:00,2024-10-09,2000.0,2000.0,2000.0,2000.0,0,165,1
BANKNIFTY09OCT2451100CE.NFO,2024-10-01,09:33:00,2024-10-09,2000.0,2000.0,2000.0,2000.0,0,165,1
BANKNIFTY09OCT2451100CE.NFO,2024-10-01,09:34:00,2024-10-09,2000.0,2000.0,2000.0,2000.0,0,165,1
BANKNIFTY09OCT2451100CE.NFO,2024-10-01,09:35:00,2024-10-09,2000.0,2000.0,2000.0,2000.0,0,165,1
BANKNIFTY09OCT2451100CE.NFO,2024-10-01,09:36:00,2024-10-09,2000.0,2000.0,2000.0,2000.0,0,165,1
BANKNIFTY09OCT2451100CE.NFO,2024-10-01,09:37:00,2024-10-09,2000.0,2000.0,2000.0,2000.0,0,165,1
BANKNIFTY09OCT2451100CE.NFO,2024-10-01,09:38:00,2024-10-09,2000.0,2000.0,2000.0,2000.0,0,165,1
BANKNIFTY09OCT2451100CE.NFO,2024-10-01,09:39:00,2024-10-09,2000.0,2000.0,2000.0,2000.0,0,165,1
BANKNIFTY09OCT2451100CE.NFO,2024-10-01,09:40:00,2024-10-09,2000.0,2000.0,2000.0,2000.0,0,165,1
BANKNIFTY09OCT2451100CE.NFO,2024-10-01,09:41:00,2024-10-09,2000.0,2000.0,2000.0,2000.0,0,165,1
BANKNIFTY09OCT2451100CE.NFO,2024-10-01,09:42:00,2024-10-09,2000.0,2000.0,2000.0,2000.0,0,165,1
BANKNIFTY09OCT2451100CE.NFO,2024-10-01,09:43:00,2024-10-09,2000.0,2000.0,2000.0,2000.0,0,165,1
BANKNIFTY09OCT2451100CE.NFO,2024-10-01,09:44:00,2024-10-09,2000.0,2000.0,2000.0,2000.0,0,165,1
BANKNIFTY09OCT2451100CE.NFO,2024-10-01,09:45:00,2024-10-09,2000.0,2000.0,2000.0,2000.0,0,165,1
BANKNIFTY09OCT2451100CE.NFO,2024-10-01,09:46:00,2024-10-09,2000.0,2000.0,2000.0,2000.0,0,165,1
BANKNIFTY09OCT2451100CE.NFO,2024-10-01,09:47:00,2024-10-09,2000.0,2000.0,2000.0,2000.0,0,165,1
BANKNIFTY09OCT2451100CE.NFO,2024-10-01,09:48:00,2024-10-09,2000.0,2000.0,2000.0,2000.0,0,165,1
BANKNIFTY09OCT2451100CE.NFO,2024-10-01,09:49:00,2024-10-09,2000.0,2000.0,2000.0,2000.0,0,165,1
BANKNIFTY09OCT2451100CE.NFO,2024-10-01,09:50:00,2024-10-09,2000.0,2000.0,2000.0,2000.0,0,165,1
BANKNIFTY09OCT2451100CE.NFO,2024-10-01,09:51:00,2024-10-09,2000.0,2000.0,2000.0,2000.0,0,165,1
BANKNIFTY09OCT2451100CE.NFO,2024-10-01,09:52:00,2024-10-09,2000.0,2000.0,2000.0,2000.0,0,165,1
BANKNIFTY09OCT2451100CE.NFO,2024-10-01,09:53:00,2024-10-09,2000.0,2000.0,2000.0,2000.0,0,165,1
BANKNIFTY09OCT2451100CE.NFO,2024-10-01,09:54:00,2024-10-09,2000.0,2000.0,2000.0,2000.0,0,165,1
BANKNIFTY09OCT2451100CE.NFO,2024-10-01,09:55:00,2024-10-09,2000.0,2000.0,2000.0,2000.0,0,165,1
BANKNIFTY09OCT2451100CE.NFO,2024-10-01,09:56:00,2024-10-09,2000.0,2000.0,2000.0,2000.0,0,165,1
BANKNIFTY09OCT2451100CE.NFO,2024-10-01,09:57:00,2024-10-09,2000.0,2000.0,2000.0,2000.0,0,165,1
BANKNIFTY09OCT2451100CE.NFO,2024-10-01,09:58:00,2024-10-09,2000.0,2000.0,2000.0,2000.0,0,165,1
BANKNIFTY09OCT2451100CE.NFO,2024-10-01,09:59:00,2024-10-09,2000.0,2000.0,2000.0,2000.0,0,165,1
BANKNIFTY09OCT2451100CE.NFO,2024-10-01,10:00:00,2024-10-09,2000.0,2000.0,2000.0,2000.0,0,165,1
BANKNIFTY09OCT2451100CE.NFO,2024-10-01,10:01:00,2024-10-09,2000.0,2000.0,2000.0,2000.0,0,165,1
BANKNIFTY09OCT2451100CE.NFO,2024-10-01,10:02:00,2024-10-09,2000.0,2000.0,2000.0,2000.0,0,165,1
BANKNIFTY09OCT2451100CE.NFO,2024-10-01,10:03:00,2024-10-09,2000.0,2000.0,2000.0,2000.0,0,165,1
BANKNIFTY09OCT2451100CE.NFO,2024-10-01,10:04:00,2024-10-09,2000.0,2000.0,2000.0,2000.0,0,165,1
BANKNIFTY09OCT2451100CE.NFO,2024-10-01,10:05:00,2024-10-09,2000.0,2000.0,2000.0,2000.0,0,165,1
BANKNIFTY09OCT2451100CE.NFO,2024-10-01,10:06:00,2024-10-09,2000.0,2000.0,2000.0,2000.0,0,165,1
BANKNIFTY09OCT2451100CE.NFO,2024-10-01,10:07:00,2024-10-09,2000.0,2000.0,2000.0,2000.0,0,165,1
BANKNIFTY09OCT2451100CE.NFO,2024-10-01,10:08:00,2024-10-09,2000.0,2000.0,2000.0,2000.0,0,165,1
BANKNIFTY09OCT2451100CE.NFO,2024-10-01,10:09:00,2024-10-09,2000.0,2000.0,2000.0,2000.0,0,165,1
BANKNIFTY09OCT2451100CE.NFO,2024-10-01,10:10:00,2024-10-09,2000.0,2000.0,2000.0,2000.0,0,165,1
BANKNIFTY09OCT2451100CE.NFO,2024-10-01,10:11:00,2024-10-09,2000.0,2000.0,2000.0,2000.0,0,165,1
BANKNIFTY09OCT2451100CE.NFO,2024-10-01,10:12:00,2024-10-09,2000.0,2000.0,2000.0,2000.0,0,165,1
BANKNIFTY09OCT2451100CE.NFO,2024-10-01,10:13:00,2024-10-09,2000.0,2000.0,2000.0,2000.0,0,165,1
BANKNIFTY09OCT2451100CE.NFO,2024-10-01,10:14:00,2024-10-09,2000.0,2000.0,2000.0,2000.0,0,165,1
BANKNIFTY09OCT2451100CE.NFO,2024-10-01,10:15:00,2024-10-09,2000.0,2000.0,2000.0,2000.0,0,165,1
BANKNIFTY09OCT2451100CE.NFO,2024-10-01,10:16:00,2024-10-09,2000.0,2000.0,2000.0,2000.0,0,165,1
BANKNIFTY09OCT2451100CE.NFO,2024-10-01,10:17:00,2024-10-09,2000.0,2000.0,2000.0,2000.0,0,165,1
BANKNIFTY09OCT2451100CE.NFO,2024-10-01,10:18:00,2024-10-09,2000.0,2000.0,2000.0,2000.0,0,165,1
BANKNIFTY09OCT2451100CE.NFO,2024-10-01,10:19:00,2024-10-09,2000.0,2000.0,2000.0,2000.0,0,165,1
BANKNIFTY09OCT2451100CE.NFO,2024-10-01,10:20:00,2024-10-09,2000.0,2000.0,2000.0,2000.0,0,165,1
BANKNIFTY09OCT2451100CE.NFO,2024-10-01,10:21:00,2024-10-09,2000.0,2000.0,2000.0,2000.0,0,165,1
BANKNIFTY09OCT2451100CE.NFO,2024-10-01,10:22:00,2024-10-09,2000.0,2000.0,2000.0,2000.0,0,165,1
BANKNIFTY09OCT2451100CE.NFO,2024-10-01,10:23:00,2024-10-09,2000.0,2000.0,2000.0,2000.0,0,165,1
BANKNIFTY09OCT2451100CE.NFO,2024-10-01,10:24:00,2024-10-09,2000.0,2000.0,2000.0,2000.0,0,165,1
BANKNIFTY09OCT2451100CE.NFO,2024-10-01,10:25:00,2024-10-09,2000.0,2000.0,2000.0,2000.0,0,165,1
BANKNIFTY09OCT2451100CE.NFO,2024-10-01,10:26:00,2024-10-09,2000.0,2000.0,2000.0,2000.0,0,165,1
BANKNIFTY09OCT2451100CE.NFO,2024-10-01,10:27:00,2024-10-09,2000.0,2000.0,2000.0,2000.0,0,165,1
BANKNIFTY09OCT2451100CE.NFO,2024-10-01,10:28:00,2024-10-09,2000.0,2000.0,2000.0,2000.0,0,165,1
BANKNIFTY09OCT2451100CE.NFO,2024-10-01,10:29:00,2024-10-09,2000.0,2000.0,2000.0,2000.0,0,165,1
BANKNIFTY09OCT2451100CE.NFO,2024-10-01,10:30:00,2024-10-09,2000.0,2000.0,2000.0,2000.0,0,165,1
BANKNIFTY09OCT2451100CE.NFO,2024-10-01,10:31:00,2024-10-09,2000.0,2000.0,2000.0,2000.0,0,165,1
BANKNIFTY09OCT2451100CE.NFO,2024-10-01,10:32:00,2024-10-09,2000.0,2000.0,2000.0,2000.0,0,165,1
BANKNIFTY09OCT2451100CE.NFO,2024-10-01,10:33:00,2024-10-09,2000.0,2000.0,2000.0,2000.0,0,165,1
BANKNIFTY09OCT2451100CE.NFO,2024-10-01,10:34:00,2024-10-09,2000.0,2000.0,2000.0,2000.0,0,165,1
BANKNIFTY09OCT2451100CE.NFO,2024-10-01,10:35:00,2024-10-09,2000.0,2000.0,2000.0,2000.0,0,165,1
BANKNIFTY09OCT2451100CE.NFO,2024-10-01,10:36:00,2024-10-09,2000.0,2000.0,2000.0,2000.0,0,165,1
BANKNIFTY09OCT2451100CE.NFO,2024-10-01,10:37:00,2024-10-09,2000.0,2000.0,2000.0,2000.0,0,165,1
BANKNIFTY09OCT2451100CE.NFO,2024-10-01,10:38:00,2024-10-09,2000.0,2000.0,2000.0,2000.0,0,165,1
BANKNIFTY09OCT2451100CE.NFO,2024-10-01,10:39:00,2024-10-09,2000.0,2000.0,2000.0,2000.0,0,165,1
BANKNIFTY09OCT2451100CE.NFO,2024-10-01,10:40:00,2024-10-09,2000.0,2000.0,2000.0,2000.0,0,165,1
BANKNIFTY09OCT2451100CE.NFO,2024-10-01,10:41:00,2024-10-09,2000.0,2000.0,2000.0,2000.0,0,165,1
BANKNIFTY09OCT2451100CE.NFO,2024-10-01,10:42:00,2024-10-09,2000.0,2000.0,2000.0,2000.0,0,165,1
BANKNIFTY09OCT2451100CE.NFO,2024-10-01,10:43:00,2024-10-09,2000.0,2000.0,2000.0,2000.0,0,165,1
BANKNIFTY09OCT2451100CE.NFO,2024-10-01,10:44:00,2024-10-09,2000.0,2000.0,2000.0,2000.0,0,165,1
BANKNIFTY09OCT2451100CE.NFO,2024-10-01,10:45:00,2024-10-09,2000.0,2000.0,2000.0,2000.0,0,165,1
BANKNIFTY09OCT2451100CE.NFO,2024-10-01,10:46:00,2024-10-09,2000.0,2000.0,2000.0,2000.0,0,165,1
BANKNIFTY09OCT2451100CE.NFO,2024-10-01,10:47:00,2024-10-09,2000.0,2000.0,2000.0,2000.0,0,165,1
BANKNIFTY09OCT2451100CE.NFO,2024-10-01,10:48:00,2024-10-09,2000.0,2000.0,2000.0,2000.0,0,165,1
BANKNIFTY09OCT2451100CE.NFO,2024-10-01,10:49:00,2024-10-09,2000.0,2000.0,2000.0,2000.0,0,165,1
BANKNIFTY09OCT2451100CE.NFO,2024-10-01,10:50:00,2024-10-09,2000.0,2000.0,2000.0,2000.0,0,165,1
BANKNIFTY09OCT2451100CE.NFO,2024-10-01,10:51:00,2024-10-09,2000.0,2000.0,2000.0,2000.0,0,165,1
BANKNIFTY09OCT2451100CE.NFO,2024-10-01,10:52:00,2024-10-09,2000.0,2000.0,2000.0,2000.0,0,165,1
BANKNIFTY09OCT2451100CE.NFO,2024-10-01,10:53:00,2024-10-09,2000.0,2000.0,2000.0,2000.0,0,165,1
BANKNIFTY09OCT2451100CE.NFO,2024-10-01,10:54:00,2024-10-09,2000.0,2000.0,2000.0,2000.0,0,165,1
BANKNIFTY09OCT2451100CE.NFO,2024-10-01,10:55:00,2024-10-09,2000.0,2000.0,2000.0,2000.0,0,165,1
BANKNIFTY09OCT2451100CE.NFO,2024-10-01,10:56:00,2024-10-09,2000.0,2000.0,2000.0,2000.0,0,165,1
BANKNIFTY09OCT2451100CE.NFO,2024-10-01,10:57:00,2024-10-09,2000.0,2000.0,2000.0,2000.0,0,165,1
BANKNIFTY09OCT2451100CE.NFO,2024-10-01,10:58:00,2024-10-09,2000.0,2000.0,2000.0,2000.0,0,165,1
BANKNIFTY09OCT2451100CE.NFO,2024-10-01,10:59:00,2024-10-09,2000.0,2000.0,2000.0,2000.0,0,165,1
BANKNIFTY09OCT2451100CE.NFO,2024-10-01,11:00:00,2024-10-09,2000.0,2000.0,2000.0,2000.0,0,165,1
BANKNIFTY09OCT2451100CE.NFO,2024-10-01,11:01:00,2024-10-09,2000.0,2000.0,2000.0,2000.0,0,165,1
BANKNIFTY09OCT2451100CE.NFO,2024-10-01,11:02:00,2024-10-09,2000.0,2000.0,2000.0,2000.0,0,165,1
BANKNIFTY09OCT2451100CE.NFO,2024-10-01,11:03:00,2024-10-09,2000.0,2000.0,2000.0,2000.0,0,165,1
BANKNIFTY09OCT2451100CE.NFO,2024-10-01,11:04:00,2024-10-09,2000.0,2000.0,2000.0,2000.0,0,165,1
BANKNIFTY09OCT2451100CE.NFO,2024-10-01,11:05:00,2024-10-09,2000.0,2000.0,2000.0,2000.0,0,165,1
BANKNIFTY09OCT2451100CE.NFO,2024-10-01,11:06:00,2024-10-09,2000.0,2000.0,2000.0,2000.0,0,165,1
BANKNIFTY09OCT2451100CE.NFO,2024-10-01,11:07:00,2024-10-09,2000.0,2000.0,2000.0,2000.0,0,165,1
BANKNIFTY09OCT2451100CE.NFO,2024-10-01,11:08:00,2024-10-09,2000.0,2000.0,2000.0,2000.0,0,165,1
BANKNIFTY09OCT2451100CE.NFO,2024-10-01,11:09:00,2024-10-09,2000.0,2000.0,2000.0,2000.0,0,165,1
BANKNIFTY09OCT2451100CE.NFO,2024-10-01,11:10:00,2024-10-09,2000.0,2000.0,2000.0,2000.0,0,165,1
BANKNIFTY09OCT2451100CE.NFO,2024-10-01,11:11:00,2024-10-09,2000.0,2000.0,2000.0,2000.0,0,165,1
BANKNIFTY09OCT2451100CE.NFO,2024-10-01,11:12:00,2024-10-09,2000.0,2000.0,2000.0,2000.0,0,165,1
BANKNIFTY09OCT2451100CE.NFO,2024-10-01,11:13:00,2024-10-09,2000.0,2000.0,2000.0,2000.0,0,165,1
BANKNIFTY09OCT2451100CE.NFO,2024-10-01,11:14:00,2024-10-09,2000.0,2000.0,2000.0,2000.0,0,165,1
BANKNIFTY09OCT2451100CE.NFO,2024-10-01,11:15:00,2024-10-09,2000.0,2000.0,2000.0,2000.0,0,165,1
BANKNIFTY09OCT2451100CE.NFO,2024-10-01,11:16:00,2024-10-09,2000.0,2000.0,2000.0,2000.0,0,165,1
BANKNIFTY09OCT2451100CE.NFO,2024-10-01,11:17:00,2024-10-09,2000.0,2000.0,2000.0,2000.0,0,165,1
BANKNIFTY09OCT2451100CE.NFO,2024-10-01,11:18:00,2024-10-09,2000.0,2000.0,2000.0,2000.0,0,165,1
BANKNIFTY09OCT2451100CE.NFO,2024-10-01,11:19:00,2024-10-09,2000.0,2000.0,2000.0,2000.0,0,165,1
BANKNIFTY09OCT2451100CE.NFO,2024-10-01,11:20:00,2024-10-09,2000.0,2000.0,2000.0,2000.0,0,165,1
BANKNIFTY09OCT2451100CE.NFO,2024-10-01,11:21:00,2024-10-09,2000.0,2000.0,2000.0,2000.0,0,165,1
BANKNIFTY09OCT2451100CE.NFO,2024-10-01,11:22:00,2024-10-09,2000.0,2000.0,2000.0,2000.0,0,165,1
BANKNIFTY09OCT2451100CE.NFO,2024-10-01,11:23:00,2024-10-09,2000.0,2000.0,2000.0,2000.0,0,165,1
BANKNIFTY09OCT2451100CE.NFO,2024-10-01,11:24:00,2024-10-09,2000.0,2000.0,2000.0,2000.0,0,165,1
BANKNIFTY09OCT2451100CE.NFO,2024-10-01,11:25:00,2024-10-09,2000.0,2000.0,2000.0,2000.0,0,165,1
BANKNIFTY09OCT2451100CE.NFO,2024-10-01,11:26:00,2024-10-09,2000.0,2000.0,2000.0,2000.0,0,165,1
BANKNIFTY09OCT2451100CE.NFO,2024-10-01,11:27:00,2024-10-09,2000.0,2000.0,2000.0,2000.0,0,165,1
BANKNIFTY09OCT2451100CE.NFO,2024-10-01,11:28:00,2024-10-09,2000.0,2000.0,2000.0,2000.0,0,165,1
BANKNIFTY09OCT2451100CE.NFO,2024-10-01,11:29:00,2024-10-09,2000.0,2000.0,2000.0,2000.0,0,165,1
BANKNIFTY09OCT2451100CE.NFO,2024-10-01,11:30:00,2024-10-09,2000.0,2000.0,2000.0,2000.0,0,165,1
BANKNIFTY09OCT2451100CE.NFO,2024-10-01,11:31:00,2024-10-09,2000.0,2000.0,2000.0,2000.0,0,165,1
BANKNIFTY09OCT2451100CE.NFO,2024-10-01,11:32:00,2024-10-09,2000.0,2000.0,2000.0,2000.0,0,165,1
BANKNIFTY09OCT2451100CE.NFO,2024-10-01,11:33:00,2024-10-09,2000.0,2000.0,2000.0,2000.0,0,165,1
BANKNIFTY09OCT2451100CE.NFO,2024-10-01,11:34:00,2024-10-09,2000.0,2000.0,2000.0,2000.0,0,165,1
BANKNIFTY09OCT2451100CE.NFO,2024-10-01,11:35:00,2024-10-09,2000.0,2000.0,2000.0,2000.0,0,165,1
BANKNIFTY09OCT2451100CE.NFO,2024-10-01,11:36:00,2024-10-09,2000.0,2000.0,2000.0,2000.0,0,165,1
BANKNIFTY09OCT2451100CE.NFO,2024-10-01,11:37:00,2024-10-09,2000.0,2000.0,2000.0,2000.0,0,165,1
BANKNIFTY09OCT2451100CE.NFO,2024-10-01,11:38:00,2024-10-09,2000.0,2000.0,2000.0,2000.0,0,165,1
BANKNIFTY09OCT2451100CE.NFO,2024-10-01,11:39:00,2024-10-09,2000.0,2000.0,2000.0,2000.0,0,165,1
BANKNIFTY09OCT2451100CE.NFO,2024-10-01,11:40:00,2024-10-09,2000.0,2000.0,2000.0,2000.0,0,165,1
BANKNIFTY09OCT2451100CE.NFO,2024-10-01,11:41:00,2024-10-09,2000.0,2000.0,2000.0,2000.0,0,165,1
BANKNIFTY09OCT2451100CE.NFO,2024-10-01,11:42:00,2024-10-09,2000.0,2000.0,2000.0,2000.0,0,165,1
BANKNIFTY09OCT2451100CE.NFO,2024-10-01,11:43:00,2024-10-09,2000.0,2000.0,2000.0,2000.0,0,165,1
BANKNIFTY09OCT2451100CE.NFO,2024-10-01,11:44:00,2024-10-09,2000.0,2000.0,2000.0,2000.0,0,165,1
BANKNIFTY09OCT2451100CE.NFO,2024-10-01,11:45:00,2024-10-09,2000.0,2000.0,2000.0,2000.0,0,165,1
BANKNIFTY09OCT2451100CE.NFO,2024-10-01,11:46:00,2024-10-09,2000.0,2000.0,2000.0,2000.0,0,165,1
BANKNIFTY09OCT2451100CE.NFO,2024-10-01,11:47:00,2024-10-09,2000.0,2000.0,2000.0,2000.0,0,165,1
BANKNIFTY09OCT2451100CE.NFO,2024-10-01,11:48:00,2024-10-09,2000.0,2000.0,2000.0,2000.0,0,165,1
BANKNIFTY09OCT2451100CE.NFO,2024-10-01,11:49:00,2024-10-09,2000.0,2000.0,2000.0,2000.0,0,165,1
BANKNIFTY09OCT2451100CE.NFO,2024-10-01,11:50:00,2024-10-09,2000.0,2000.0,2000.0,2000.0,0,165,1
BANKNIFTY09OCT2451100CE.NFO,2024-10-01,11:51:00,2024-10-09,2000.0,2000.0,2000.0,2000.0,0,165,1
BANKNIFTY09OCT2451100CE.NFO,2024-10-01,11:52:00,2024-10-09,2000.0,2000.0,2000.0,2000.0,0,165,1
BANKNIFTY09OCT2451100CE.NFO,2024-10-01,11:53:00,2024-10-09,2000.0,2000.0,2000.0,2000.0,0,165,1
BANKNIFTY09OCT2451100CE.NFO,2024-10-01,11:54:00,2024-10-09,2000.0,2000.0,2000.0,2000.0,0,165,1
BANKNIFTY09OCT2451100CE.NFO,2024-10-01,11:55:00,2024-10-09,2000.0,2000.0,2000.0,2000.0,0,165,1
BANKNIFTY09OCT2451100CE.NFO,2024-10-01,11:56:00,2024-10-09,2000.0,2000.0,2000.0,2000.0,0,165,1
BANKNIFTY09OCT2451100CE.NFO,2024-10-01,11:57:00,2024-10-09,2000.0,2000.0,2000.0,2000.0,0,165,1
BANKNIFTY09OCT2451100CE.NFO,2024-10-01,11:58:00,2024-10-09,2000.0,2000.0,2000.0,2000.0,0,165,1
BANKNIFTY09OCT2451100CE.NFO,2024-10-01,11:59:00,2024-10-09,2000.0,2000.0,2000.0,2000.0,0,165,1
BANKNIFTY09OCT2451100CE.NFO,2024-10-01,12:00:00,2024-10-09,2000.0,2000.0,2000.0,2000.0,0,165,1
BANKNIFTY09OCT2451100CE.NFO,2024-10-01,12:01:00,2024-10-09,2000.0,2000.0,2000.0,2000.0,0,165,1
BANKNIFTY09OCT2451100CE.NFO,2024-10-01,12:02:00,2024-10-09,2000.0,2000.0,2000.0,2000.0,0,165,1
BANKNIFTY09OCT2451100CE.NFO,2024-10-01,12:03:00,2024-10-09,2000.0,2000.0,2000.0,2000.0,0,165,1
BANKNIFTY09OCT2451100CE.NFO,2024-10-01,12:04:00,2024-10-09,2000.0,2000.0,2000.0,2000.0,0,165,1
BANKNIFTY09OCT2451100CE.NFO,2024-10-01,12:05:00,2024-10-09,2000.0,2000.0,2000.0,2000.0,0,165,1
BANKNIFTY09OCT2451100CE.NFO,2024-10-01,12:06:00,2024-10-09,2000.0,2000.0,2000.0,2000.0,0,165,1
BANKNIFTY09OCT2451100CE.NFO,2024-10-01,12:07:00,2024-10-09,2000.0,2000.0,2000.0,2000.0,0,165,1
BANKNIFTY09OCT2451100CE.NFO,2024-10-01,12:08:00,2024-10-09,2000.0,2000.0,2000.0,2000.0,0,165,1
BANKNIFTY09OCT2451100CE.NFO,2024-10-01,12:09:00,2024-10-09,2000.0,2000.0,2000.0,2000.0,0,165,1
BANKNIFTY09OCT2451100CE.NFO,2024-10-01,12:10:00,2024-10-09,2000.0,2000.0,2000.0,2000.0,0,165,1
BANKNIFTY09OCT2451100CE.NFO,2024-10-01,12:11:00,2024-10-09,2000.0,2000.0,2000.0,2000.0,0,165,1
BANKNIFTY09OCT2451100CE.NFO,2024-10-01,12:12:00,2024-10-09,2000.0,2000.0,2000.0,2000.0,0,165,1
BANKNIFTY09OCT2451100CE.NFO,2024-10-01,12:13:00,2024-10-09,2000.0,2000.0,2000.0,2000.0,0,165,1
BANKNIFTY09OCT2451100CE.NFO,2024-10-01,12:14:00,2024-10-09,2000.0,2000.0,2000.0,2000.0,0,165,1
BANKNIFTY09OCT2451100CE.NFO,2024-10-01,12:15:00,2024-10-09,2000.0,2000.0,2000.0,2000.0,0,165,1
BANKNIFTY09OCT2451100CE.NFO,2024-10-01,12:16:00,2024-10-09,2000.0,2000.0,2000.0,2000.0,0,165,1
BANKNIFTY09OCT2451100CE.NFO,2024-10-01,12:17:00,2024-10-09,2000.0,2000.0,2000.0,2000.0,0,165,1
BANKNIFTY09OCT2451100CE.NFO,2024-10-01,12:18:00,2024-10-09,2000.0,2000.0,2000.0,2000.0,0,165,1
BANKNIFTY09OCT2451100CE.NFO,2024-10-01,12:19:00,2024-10-09,2000.0,2000.0,2000.0,2000.0,0,165,1
BANKNIFTY09OCT2451100CE.NFO,2024-10-01,12:20:00,2024-10-09,2000.0,2000.0,2000.0,2000.0,0,165,1
BANKNIFTY09OCT2451100CE.NFO,2024-10-01,12:21:00,2024-10-09,2000.0,2000.0,2000.0,2000.0,0,165,1
BANKNIFTY09OCT2451100CE.NFO,2024-10-01,12:22:00,2024-10-09,2000.0,2000.0,2000.0,2000.0,0,165,1
BANKNIFTY09OCT2451100CE.NFO,2024-10-01,12:23:00,2024-10-09,2000.0,2000.0,2000.0,2000.0,0,165,1
BANKNIFTY09OCT2451100CE.NFO,2024-10-01,12:24:00,2024-10-09,2000.0,2000.0,2000.0,2000.0,0,165,1
BANKNIFTY09OCT2451100CE.NFO,2024-10-01,12:25:00,2024-10-09,2000.0,2000.0,2000.0,2000.0,0,165,1
BANKNIFTY09OCT2451100CE.NFO,2024-10-01,12:26:00,2024-10-09,2000.0,2000.0,2000.0,2000.0,0,165,1
BANKNIFTY09OCT2451100CE.NFO,2024-10-01,12:27:00,2024-10-09,2000.0,2000.0,2000.0,2000.0,0,165,1
BANKNIFTY09OCT2451100CE.NFO,2024-10-01,12:28:00,2024-10-09,2000.0,2000.0,2000.0,2000.0,0,165,1
BANKNIFTY09OCT2451100CE.NFO,2024-10-01,12:29:00,2024-10-09,2000.0,2000.0,2000.0,2000.0,0,165,1
BANKNIFTY09OCT2451100CE.NFO,2024-10-01,12:30:00,2024-10-09,2000.0,2000.0,2000.0,2000.0,0,165,1
BANKNIFTY09OCT2451100CE.NFO,2024-10-01,12:31:00,2024-10-09,2000.0,2000.0,2000.0,2000.0,0,165,1
BANKNIFTY09OCT2451100CE.NFO,2024-10-01,12:32:00,2024-10-09,2000.0,2000.0,2000.0,2000.0,0,165,1
BANKNIFTY09OCT2451100CE.NFO,2024-10-01,12:33:00,2024-10-09,2000.0,2000.0,2000.0,2000.0,0,165,1
BANKNIFTY09OCT2451100CE.NFO,2024-10-01,12:34:00,2024-10-09,2000.0,2000.0,2000.0,2000.0,0,165,1
BANKNIFTY09OCT2451100CE.NFO,2024-10-01,12:35:00,2024-10-09,2000.0,2000.0,2000.0,2000.0,0,165,1
BANKNIFTY09OCT2451100CE.NFO,2024-10-01,12:36:00,2024-10-09,2000.0,2000.0,2000.0,2000.0,0,165,1
BANKNIFTY09OCT2451100CE.NFO,2024-10-01,12:37:00,2024-10-09,2000.0,2000.0,2000.0,2000.0,0,165,1
BANKNIFTY09OCT2451100CE.NFO,2024-10-01,12:38:00,2024-10-09,2000.0,2000.0,2000.0,2000.0,0,165,1
BANKNIFTY09OCT2451100CE.NFO,2024-10-01,12:39:00,2024-10-09,2000.0,2000.0,2000.0,2000.0,0,165,1
BANKNIFTY09OCT2451100CE.NFO,2024-10-01,12:40:00,2024-10-09,2000.0,2000.0,2000.0,2000.0,0,165,1
BANKNIFTY09OCT2451100CE.NFO,2024-10-01,12:41:00,2024-10-09,2000.0,2000.0,2000.0,2000.0,0,165,1
BANKNIFTY09OCT2451100CE.NFO,2024-10-01,12:42:00,2024-10-09,2000.0,2000.0,2000.0,2000.0,0,165,1
BANKNIFTY09OCT2451100CE.NFO,2024-10-01,12:43:00,2024-10-09,2000.0,2000.0,2000.0,2000.0,0,165,1
BANKNIFTY09OCT2451100CE.NFO,2024-10-01,12:44:00,2024-10-09,2000.0,2000.0,2000.0,2000.0,0,165,1
BANKNIFTY09OCT2451100CE.NFO,2024-10-01,12:45:00,2024-10-09,2000.0,2000.0,2000.0,2000.0,0,165,1
BANKNIFTY09OCT2451100CE.NFO,2024-10-01,12:46:00,2024-10-09,2000.0,2000.0,2000.0,2000.0,0,165,1
BANKNIFTY09OCT2451100CE.NFO,2024-10-01,12:47:00,2024-10-09,2000.0,2000.0,2000.0,2000.0,0,165,1
BANKNIFTY09OCT2451100CE.NFO,2024-10-01,12:48:00,2024-10-09,2000.0,2000.0,2000.0,2000.0,0,165,1
BANKNIFTY09OCT2451100CE.NFO,2024-10-01,12:49:00,2024-10-09,2000.0,2000.0,2000.0,2000.0,0,165,0
BANKNIFTY09OCT2451100CE.NFO,2024-10-01,12:50:00,2024-10-09,2000.0,2000.0,2000.0,2000.0,0,165,0
BANKNIFTY09OCT2451100CE.NFO,2024-10-01,12:51:00,2024-10-09,2000.0,2000.0,2000.0,2000.0,0,165,0
BANKNIFTY09OCT2451100CE.NFO,2024-10-01,12:52:00,2024-10-09,2000.0,2000.0,2000.0,2000.0,0,165,0
BANKNIFTY09OCT2451100CE.NFO,2024-10-01,12:53:00,2024-10-09,2000.0,2000.0,2000.0,2000.0,0,165,0
BANKNIFTY09OCT2451100CE.NFO,2024-10-01,12:54:00,2024-10-09,2000.0,2000.0,2000.0,2000.0,0,165,0
BANKNIFTY09OCT2451100CE.NFO,2024-10-01,12:55:00,2024-10-09,2000.0,2000.0,2000.0,2000.0,0,165,1
BANKNIFTY09OCT2451100CE.NFO,2024-10-01,12:56:00,2024-10-09,2000.0,2000.0,2000.0,2000.0,0,165,0
BANKNIFTY09OCT2451100CE.NFO,2024-10-01,12:57:00,2024-10-09,2000.0,2000.0,2000.0,2000.0,0,165,0
BANKNIFTY09OCT2451100CE.NFO,2024-10-01,12:58:00,2024-10-09,2000.0,2000.0,2000.0,2000.0,0,165,0
BANKNIFTY09OCT2451100CE.NFO,2024-10-01,12:59:00,2024-10-09,2000.0,2000.0,2000.0,2000.0,0,165,0
BANKNIFTY09OCT2451100CE.NFO,2024-10-01,13:00:00,2024-10-09,2000.0,2000.0,2000.0,2000.0,0,165,0
BANKNIFTY09OCT2451100CE.NFO,2024-10-01,13:01:00,2024-10-09,2000.0,2000.0,2000.0,2000.0,0,165,0
BANKNIFTY09OCT2451100CE.NFO,2024-10-01,13:02:00,2024-10-09,2000.0,2000.0,2000.0,2000.0,0,165,0
BANKNIFTY09OCT2451100CE.NFO,2024-10-01,13:03:00,2024-10-09,2000.0,2000.0,2000.0,2000.0,0,165,0
BANKNIFTY09OCT2451100CE.NFO,2024-10-01,13:04:00,2024-10-09,2000.0,2000.0,2000.0,2000.0,0,165,0
BANKNIFTY09OCT2451100CE.NFO,2024-10-01,13:05:00,2024-10-09,2000.0,2000.0,2000.0,2000.0,0,165,0
BANKNIFTY09OCT2451100CE.NFO,2024-10-01,13:06:00,2024-10-09,2000.0,2000.0,2000.0,2000.0,0,165,0
BANKNIFTY09OCT2451100CE.NFO,2024-10-01,13:07:00,2024-10-09,2000.0,2000.0,2000.0,2000.0,0,165,0
BANKNIFTY09OCT2451100CE.NFO,2024-10-01,13:08:00,2024-10-09,2000.0,2000.0,2000.0,2000.0,0,165,1
BANKNIFTY09OCT2451100CE.NFO,2024-10-01,13:09:00,2024-10-09,2000.0,2000.0,2000.0,2000.0,0,165,0
BANKNIFTY09OCT2451100CE.NFO,2024-10-01,13:10:00,2024-10-09,2000.0,2000.0,2000.0,2000.0,0,165,0
BANKNIFTY09OCT2451100CE.NFO,2024-10-01,13:11:00,2024-10-09,2000.0,2000.0,2000.0,2000.0,0,165,0
BANKNIFTY09OCT2451100CE.NFO,2024-10-01,13:12:00,2024-10-09,2000.0,2000.0,2000.0,2000.0,0,165,0
BANKNIFTY09OCT2451100CE.NFO,2024-10-01,13:13:00,2024-10-09,2000.0,2000.0,2000.0,2000.0,0,165,0
BANKNIFTY09OCT2451100CE.NFO,2024-10-01,13:14:00,2024-10-09,2000.0,2000.0,2000.0,2000.0,0,165,0
BANKNIFTY09OCT2451100CE.NFO,2024-10-01,13:15:00,2024-10-09,2000.0,2000.0,2000.0,2000.0,0,165,0
BANKNIFTY09OCT2451100CE.NFO,2024-10-01,13:16:00,2024-10-09,2000.0,2000.0,2000.0,2000.0,0,165,0
BANKNIFTY09OCT2451100CE.NFO,2024-10-01,13:17:00,2024-10-09,2000.0,2000.0,2000.0,2000.0,0,165,0
BANKNIFTY09OCT2451100CE.NFO,2024-10-01,13:18:00,2024-10-09,2000.0,2000.0,2000.0,2000.0,0,165,1
BANKNIFTY09OCT2451100CE.NFO,2024-10-01,13:19:00,2024-10-09,2000.0,2000.0,2000.0,2000.0,0,165,0
BANKNIFTY09OCT2451100CE.NFO,2024-10-01,13:20:00,2024-10-09,2000.0,2000.0,2000.0,2000.0,0,165,0
BANKNIFTY09OCT2451100CE.NFO,2024-10-01,13:21:00,2024-10-09,2000.0,2000.0,2000.0,2000.0,0,165,0
BANKNIFTY09OCT2451100CE.NFO,2024-10-01,13:22:00,2024-10-09,2000.0,2000.0,2000.0,2000.0,0,165,0
BANKNIFTY09OCT2451100CE.NFO,2024-10-01,13:23:00,2024-10-09,2000.0,2000.0,2000.0,2000.0,0,165,0
BANKNIFTY09OCT2451100CE.NFO,2024-10-01,13:24:00,2024-10-09,2000.0,2000.0,2000.0,2000.0,0,165,0
BANKNIFTY09OCT2451100CE.NFO,2024-10-01,13:25:00,2024-10-09,2000.0,2000.0,2000.0,2000.0,0,165,0
BANKNIFTY09OCT2451100CE.NFO,2024-10-01,13:26:00,2024-10-09,2000.0,2000.0,2000.0,2000.0,0,165,1
BANKNIFTY09OCT2451100CE.NFO,2024-10-01,13:27:00,2024-10-09,2000.0,2000.0,2000.0,2000.0,0,165,0
BANKNIFTY09OCT2451100CE.NFO,2024-10-01,13:28:00,2024-10-09,2000.0,2000.0,2000.0,2000.0,0,165,0
BANKNIFTY09OCT2451100CE.NFO,2024-10-01,13:29:00,2024-10-09,2000.0,2000.0,2000.0,2000.0,0,165,0
BANKNIFTY09OCT2451100CE.NFO,2024-10-01,13:30:00,2024-10-09,2000.0,2000.0,2000.0,2000.0,0,165,0
BANKNIFTY09OCT2451100CE.NFO,2024-10-01,13:31:00,2024-10-09,2000.0,2000.0,2000.0,2000.0,0,165,0
BANKNIFTY09OCT2451100CE.NFO,2024-10-01,13:32:00,2024-10-09,2000.0,2000.0,2000.0,2000.0,0,165,0
BANKNIFTY09OCT2451100CE.NFO,2024-10-01,13:33:00,2024-10-09,2000.0,2000.0,2000.0,2000.0,0,165,0
BANKNIFTY09OCT2451100CE.NFO,2024-10-01,13:34:00,2024-10-09,2000.0,2000.0,2000.0,2000.0,0,165,0
BANKNIFTY09OCT2451100CE.NFO,2024-10-01,13:35:00,2024-10-09,2000.0,2000.0,2000.0,2000.0,0,165,0
BANKNIFTY09OCT2451100CE.NFO,2024-10-01,13:36:00,2024-10-09,2000.0,2000.0,2000.0,2000.0,0,165,0
BANKNIFTY09OCT2451100CE.NFO,2024-10-01,13:37:00,2024-10-09,2000.0,2000.0,2000.0,2000.0,0,165,0
BANKNIFTY09OCT2451100CE.NFO,2024-10-01,13:38:00,2024-10-09,2000.0,2000.0,2000.0,2000.0,0,165,0
BANKNIFTY09OCT2451100CE.NFO,2024-10-01,13:39:00,2024-10-09,2000.0,2000.0,2000.0,2000.0,15,195,0
BANKNIFTY09OCT2451100CE.NFO,2024-10-01,13:40:00,2024-10-09,2000.0,2000.0,2000.0,2000.0,0,195,0
BANKNIFTY09OCT2451100CE.NFO,2024-10-01,13:41:00,2024-10-09,2000.0,2000.0,2000.0,2000.0,0,195,0
BANKNIFTY09OCT2451100CE.NFO,2024-10-01,13:42:00,2024-10-09,2000.0,2000.0,2000.0,2000.0,0,195,0
BANKNIFTY09OCT2451100CE.NFO,2024-10-01,13:43:00,2024-10-09,2000.0,2000.0,2000.0,2000.0,0,195,0
BANKNIFTY09OCT2451100CE.NFO,2024-10-01,13:44:00,2024-10-09,2000.0,2000.0,2000.0,2000.0,0,195,0
BANKNIFTY09OCT2451100CE.NFO,2024-10-01,13:45:00,2024-10-09,2000.0,2000.0,2000.0,2000.0,0,195,0
BANKNIFTY09OCT2451100CE.NFO,2024-10-01,13:46:00,2024-10-09,2000.0,2000.0,2000.0,2000.0,0,195,0
BANKNIFTY09OCT2451100CE.NFO,2024-10-01,13:47:00,2024-10-09,2000.0,2000.0,2000.0,2000.0,0,195,0
BANKNIFTY09OCT2451100CE.NFO,2024-10-01,13:48:00,2024-10-09,2000.0,2000.0,2000.0,2000.0,0,195,0
BANKNIFTY09OCT2451100CE.NFO,2024-10-01,13:49:00,2024-10-09,2000.0,2000.0,2000.0,2000.0,0,195,0
BANKNIFTY09OCT2451100CE.NFO,2024-10-01,13:50:00,2024-10-09,2000.0,2000.0,2000.0,2000.0,0,195,0
BANKNIFTY09OCT2451100CE.NFO,2024-10-01,13:51:00,2024-10-09,2000.0,2000.0,2000.0,2000.0,0,195,0
BANKNIFTY09OCT2451100CE.NFO,2024-10-01,13:52:00,2024-10-09,2000.0,2000.0,2000.0,2000.0,0,195,0
BANKNIFTY09OCT2451100CE.NFO,2024-10-01,13:53:00,2024-10-09,2000.0,2000.0,2000.0,2000.0,0,195,0
BANKNIFTY09OCT2451100CE.NFO,2024-10-01,13:54:00,2024-10-09,2000.0,2000.0,2000.0,2000.0,0,195,0
BANKNIFTY09OCT2451100CE.NFO,2024-10-01,13:55:00,2024-10-09,2000.0,2000.0,2000.0,2000.0,0,195,0
BANKNIFTY09OCT2451100CE.NFO,2024-10-01,13:56:00,2024-10-09,2000.0,2000.0,2000.0,2000.0,0,195,0
BANKNIFTY09OCT2451100CE.NFO,2024-10-01,13:57:00,2024-10-09,2000.0,2000.0,2000.0,2000.0,0,195,0
BANKNIFTY09OCT2451100CE.NFO,2024-10-01,13:58:00,2024-10-09,2000.0,2000.0,2000.0,2000.0,0,195,0
BANKNIFTY09OCT2451100CE.NFO,2024-10-01,13:59:00,2024-10-09,2000.0,2000.0,2000.0,2000.0,0,195,0
BANKNIFTY09OCT2451100CE.NFO,2024-10-01,14:00:00,2024-10-09,2000.0,2000.0,2000.0,2000.0,0,195,0
BANKNIFTY09OCT2451100CE.NFO,2024-10-01,14:01:00,2024-10-09,2000.0,2000.0,2000.0,2000.0,0,195,0
BANKNIFTY09OCT2451100CE.NFO,2024-10-01,14:02:00,2024-10-09,2000.0,2000.0,2000.0,2000.0,0,195,0
BANKNIFTY09OCT2451100CE.NFO,2024-10-01,14:03:00,2024-10-09,2000.0,2000.0,2000.0,2000.0,0,195,0
BANKNIFTY09OCT2451100CE.NFO,2024-10-01,14:04:00,2024-10-09,2000.0,2000.0,2000.0,2000.0,0,195,0
BANKNIFTY09OCT2451100CE.NFO,2024-10-01,14:05:00,2024-10-09,2000.0,2000.0,2000.0,2000.0,0,195,0
BANKNIFTY09OCT2451100CE.NFO,2024-10-01,14:06:00,2024-10-09,2000.0,2000.0,2000.0,2000.0,0,195,0
BANKNIFTY09OCT2451100CE.NFO,2024-10-01,14:07:00,2024-10-09,2000.0,2000.0,2000.0,2000.0,0,195,0
BANKNIFTY09OCT2451100CE.NFO,2024-10-01,14:08:00,2024-10-09,2000.0,2000.0,2000.0,2000.0,0,195,0
BANKNIFTY09OCT2451100CE.NFO,2024-10-01,14:09:00,2024-10-09,2000.0,2000.0,2000.0,2000.0,0,195,0
BANKNIFTY09OCT2451100CE.NFO,2024-10-01,14:10:00,2024-10-09,2000.0,2000.0,2000.0,2000.0,0,195,0
BANKNIFTY09OCT2451100CE.NFO,2024-10-01,14:11:00,2024-10-09,2000.0,2000.0,2000.0,2000.0,0,195,0
BANKNIFTY09OCT2451100CE.NFO,2024-10-01,14:12:00,2024-10-09,2000.0,2000.0,2000.0,2000.0,0,195,0
BANKNIFTY09OCT2451100CE.NFO,2024-10-01,14:13:00,2024-10-09,2000.0,2000.0,2000.0,2000.0,0,195,0
BANKNIFTY09OCT2451100CE.NFO,2024-10-01,14:14:00,2024-10-09,2000.0,2000.0,2000.0,2000.0,0,195,0
BANKNIFTY09OCT2451100CE.NFO,2024-10-01,14:15:00,2024-10-09,2000.0,2000.0,2000.0,2000.0,0,195,0
BANKNIFTY09OCT2451100CE.NFO,2024-10-01,14:16:00,2024-10-09,2000.0,2000.0,2000.0,2000.0,0,195,0
BANKNIFTY09OCT2451100CE.NFO,2024-10-01,14:17:00,2024-10-09,2000.0,2000.0,2000.0,2000.0,0,195,0
BANKNIFTY09OCT2451100CE.NFO,2024-10-01,14:18:00,2024-10-09,2000.0,2000.0,2000.0,2000.0,0,195,0
BANKNIFTY09OCT2451100CE.NFO,2024-10-01,14:19:00,2024-10-09,2000.0,2000.0,2000.0,2000.0,0,195,0
BANKNIFTY09OCT2451100CE.NFO,2024-10-01,14:20:00,2024-10-09,2000.0,2000.0,2000.0,2000.0,0,195,0
BANKNIFTY09OCT2451100CE.NFO,2024-10-01,14:21:00,2024-10-09,2000.0,2000.0,2000.0,2000.0,0,195,0
BANKNIFTY09OCT2451100CE.NFO,2024-10-01,14:22:00,2024-10-09,2000.0,2000.0,2000.0,2000.0,0,195,0
BANKNIFTY09OCT2451100CE.NFO,2024-10-01,14:23:00,2024-10-09,2000.0,2000.0,2000.0,2000.0,0,195,0
BANKNIFTY09OCT2451100CE.NFO,2024-10-01,14:24:00,2024-10-09,2000.0,2000.0,2000.0,2000.0,0,195,0
BANKNIFTY09OCT2451100CE.NFO,2024-10-01,14:25:00,2024-10-09,2000.0,2000.0,2000.0,2000.0,0,195,0
BANKNIFTY09OCT2451100CE.NFO,2024-10-01,14:26:00,2024-10-09,2000.0,2000.0,2000.0,2000.0,0,195,0
BANKNIFTY09OCT2451100CE.NFO,2024-10-01,14:27:00,2024-10-09,2000.0,2000.0,2000.0,2000.0,0,195,0
BANKNIFTY09OCT2451100CE.NFO,2024-10-01,14:28:00,2024-10-09,2000.0,2000.0,2000.0,2000.0,0,195,0
BANKNIFTY09OCT2451100CE.NFO,2024-10-01,14:29:00,2024-10-09,2000.0,2000.0,2000.0,2000.0,0,195,0
BANKNIFTY09OCT2451100CE.NFO,2024-10-01,14:30:00,2024-10-09,2000.0,2000.0,2000.0,2000.0,0,195,0
BANKNIFTY09OCT2451100CE.NFO,2024-10-01,14:31:00,2024-10-09,2000.0,2000.0,2000.0,2000.0,0,195,0
BANKNIFTY09OCT2451100CE.NFO,2024-10-01,14:32:00,2024-10-09,2000.0,2000.0,2000.0,2000.0,0,195,0
BANKNIFTY09OCT2451100CE.NFO,2024-10-01,14:33:00,2024-10-09,2000.0,2000.0,2000.0,2000.0,0,195,0
BANKNIFTY09OCT2451100CE.NFO,2024-10-01,14:34:00,2024-10-09,2000.0,2000.0,2000.0,2000.0,0,195,0
BANKNIFTY09OCT2451100CE.NFO,2024-10-01,14:35:00,2024-10-09,2000.0,2000.0,2000.0,2000.0,0,195,0
BANKNIFTY09OCT2451100CE.NFO,2024-10-01,14:36:00,2024-10-09,2000.0,2000.0,2000.0,2000.0,0,195,0
BANKNIFTY09OCT2451100CE.NFO,2024-10-01,14:37:00,2024-10-09,2000.0,2000.0,2000.0,2000.0,0,195,0
BANKNIFTY09OCT2451100CE.NFO,2024-10-01,14:38:00,2024-10-09,2000.0,2000.0,2000.0,2000.0,0,195,0
BANKNIFTY09OCT2451100CE.NFO,2024-10-01,14:39:00,2024-10-09,2000.0,2000.0,2000.0,2000.0,0,195,0
BANKNIFTY09OCT2451100CE.NFO,2024-10-01,14:40:00,2024-10-09,2000.0,2000.0,2000.0,2000.0,0,195,0
BANKNIFTY09OCT2451100CE.NFO,2024-10-01,14:41:00,2024-10-09,2000.0,2000.0,2000.0,2000.0,0,195,0
BANKNIFTY09OCT2451100CE.NFO,2024-10-01,14:42:00,2024-10-09,2000.0,2000.0,2000.0,2000.0,0,195,0
BANKNIFTY09OCT2451100CE.NFO,2024-10-01,14:43:00,2024-10-09,2000.0,2000.0,2000.0,2000.0,0,195,0
BANKNIFTY09OCT2451100CE.NFO,2024-10-01,14:44:00,2024-10-09,2000.0,2000.0,2000.0,2000.0,0,195,0
BANKNIFTY09OCT2451100CE.NFO,2024-10-01,14:45:00,2024-10-09,2000.0,2000.0,2000.0,2000.0,0,195,0
BANKNIFTY09OCT2451100CE.NFO,2024-10-01,14:46:00,2024-10-09,2000.0,2000.0,2000.0,2000.0,0,195,0
BANKNIFTY09OCT2451100CE.NFO,2024-10-01,14:47:00,2024-10-09,2000.0,2000.0,2000.0,2000.0,0,195,0
BANKNIFTY09OCT2451100CE.NFO,2024-10-01,14:48:00,2024-10-09,2000.0,2000.0,2000.0,2000.0,0,195,0
BANKNIFTY09OCT2451100CE.NFO,2024-10-01,14:49:00,2024-10-09,2000.0,2000.0,2000.0,2000.0,0,195,0
BANKNIFTY09OCT2451100CE.NFO,2024-10-01,14:50:00,2024-10-09,2000.0,2000.0,2000.0,2000.0,0,195,0
BANKNIFTY09OCT2451100CE.NFO,2024-10-01,14:51:00,2024-10-09,2000.0,2000.0,2000.0,2000.0,0,195,0
BANKNIFTY09OCT2451100CE.NFO,2024-10-01,14:52:00,2024-10-09,2000.0,2000.0,2000.0,2000.0,0,195,0
BANKNIFTY09OCT2451100CE.NFO,2024-10-01,14:53:00,2024-10-09,2000.0,2000.0,2000.0,2000.0,0,195,0
BANKNIFTY09OCT2451100CE.NFO,2024-10-01,14:54:00,2024-10-09,2000.0,2000.0,2000.0,2000.0,0,195,0
BANKNIFTY09OCT2451100CE.NFO,2024-10-01,14:55:00,2024-10-09,2000.0,2000.0,2000.0,2000.0,0,195,0
BANKNIFTY09OCT2451100CE.NFO,2024-10-01,14:56:00,2024-10-09,2000.0,2000.0,2000.0,2000.0,0,195,0
BANKNIFTY09OCT2451100CE.NFO,2024-10-01,14:57:00,2024-10-09,2000.0,2000.0,2000.0,2000.0,0,195,0
BANKNIFTY09OCT2451100CE.NFO,2024-10-01,14:58:00,2024-10-09,2000.0,2000.0,2000.0,2000.0,0,195,0
BANKNIFTY09OCT2451100CE.NFO,2024-10-01,14:59:00,2024-10-09,2000.0,2000.0,2000.0,2000.0,0,195,0
BANKNIFTY09OCT2451100CE.NFO,2024-10-01,15:00:00,2024-10-09,2000.0,2000.0,2000.0,2000.0,0,195,0
BANKNIFTY09OCT2451100CE.NFO,2024-10-01,15:01:00,2024-10-09,2000.0,2000.0,2000.0,2000.0,0,195,0
BANKNIFTY09OCT2451100CE.NFO,2024-10-01,15:02:00,2024-10-09,2000.0,2000.0,2000.0,2000.0,0,195,0
BANKNIFTY09OCT2451100CE.NFO,2024-10-01,15:03:00,2024-10-09,2000.0,2000.0,2000.0,2000.0,0,195,0
BANKNIFTY09OCT2451100CE.NFO,2024-10-01,15:04:00,2024-10-09,2000.0,2000.0,2000.0,2000.0,0,195,0
BANKNIFTY09OCT2451100CE.NFO,2024-10-01,15:05:00,2024-10-09,2000.0,2000.0,2000.0,2000.0,0,195,0
BANKNIFTY09OCT2451100CE.NFO,2024-10-01,15:06:00,2024-10-09,2000.0,2000.0,2000.0,2000.0,0,195,0
BANKNIFTY09OCT2451100CE.NFO,2024-10-01,15:07:00,2024-10-09,2000.0,2000.0,2000.0,2000.0,0,195,0
BANKNIFTY09OCT2451100CE.NFO,2024-10-01,15:08:00,2024-10-09,2000.0,2000.0,2000.0,2000.0,0,195,0
BANKNIFTY09OCT2451100CE.NFO,2024-10-01,15:09:00,2024-10-09,2000.0,2000.0,2000.0,2000.0,0,195,0
BANKNIFTY09OCT2451100CE.NFO,2024-10-01,15:10:00,2024-10-09,2000.0,2000.0,2000.0,2000.0,0,195,0
BANKNIFTY09OCT2451100CE.NFO,2024-10-01,15:11:00,2024-10-09,2000.0,2000.0,2000.0,2000.0,0,195,0
BANKNIFTY09OCT2451100CE.NFO,2024-10-01,15:12:00,2024-10-09,2000.0,2000.0,2000.0,2000.0,0,195,0
BANKNIFTY09OCT2451100CE.NFO,2024-10-01,15:13:00,2024-10-09,2000.0,2000.0,2000.0,2000.0,0,195,0
BANKNIFTY09OCT2451100CE.NFO,2024-10-01,15:14:00,2024-10-09,2000.0,2000.0,2000.0,2000.0,0,195,0
BANKNIFTY09OCT2451100CE.NFO,2024-10-01,15:15:00,2024-10-09,2000.0,2000.0,2000.0,2000.0,0,195,0
BANKNIFTY09OCT2451100CE.NFO,2024-10-01,15:16:00,2024-10-09,2000.0,2000.0,2000.0,2000.0,0,195,0
BANKNIFTY09OCT2451100CE.NFO,2024-10-01,15:17:00,2024-10-09,2000.0,2000.0,2000.0,2000.0,0,195,0
BANKNIFTY09OCT2451100CE.NFO,2024-10-01,15:18:00,2024-10-09,2000.0,2000.0,2000.0,2000.0,0,195,0
BANKNIFTY09OCT2451100CE.NFO,2024-10-01,15:19:00,2024-10-09,2000.0,2000.0,2000.0,2000.0,0,195,0
BANKNIFTY09OCT2451100CE.NFO,2024-10-01,15:20:00,2024-10-09,2000.0,2000.0,2000.0,2000.0,0,195,0
BANKNIFTY09OCT2451100CE.NFO,2024-10-01,15:21:00,2024-10-09,2000.0,2000.0,2000.0,2000.0,0,195,0
BANKNIFTY09OCT2451100CE.NFO,2024-10-01,15:22:00,2024-10-09,2000.0,2000.0,2000.0,2000.0,0,195,0
BANKNIFTY09OCT2451100CE.NFO,2024-10-01,15:23:00,2024-10-09,2000.0,2000.0,2000.0,2000.0,0,195,0
BANKNIFTY09OCT2451100CE.NFO,2024-10-01,15:24:00,2024-10-09,2000.0,2000.0,2000.0,2000.0,0,195,0
BANKNIFTY09OCT2451100CE.NFO,2024-10-01,15:25:00,2024-10-09,2000.0,2000.0,2000.0,2000.0,0,195,0
BANKNIFTY09OCT2451100CE.NFO,2024-10-01,15:26:00,2024-10-09,2000.0,2000.0,2000.0,2000.0,0,195,0
BANKNIFTY09OCT2451100CE.NFO,2024-10-01,15:27:00,2024-10-09,2000.0,2000.0,2000.0,2000.0,0,195,0
BANKNIFTY09OCT2451100CE.NFO,2024-10-01,15:28:00,2024-10-09,2000.0,2000.0,2000.0,2000.0,0,195,0
BANKNIFTY09OCT2451100CE.NFO,2024-10-01,15:29:00,2024-10-09,2000.0,2000.0,2000.0,2000.0,0,195,0
BANKNIFTY09OCT2451100CE.NFO,2024-10-01,15:30:00,2024-10-09,2000.0,2000.0,2000.0,2000.0,0,195,1
BANKNIFTY09OCT2451100CE.NFO,2024-10-03,09:15:00,2024-10-09,1500.0,1500.0,1500.0,1500.0,0,210,1
BANKNIFTY09OCT2451100CE.NFO,2024-10-03,09:16:00,2024-10-09,1500.0,1500.0,1500.0,1500.0,0,210,1
BANKNIFTY09OCT2451100CE.NFO,2024-10-03,09:17:00,2024-10-09,1500.0,1500.0,1500.0,1500.0,0,210,1
BANKNIFTY09OCT2451100CE.NFO,2024-10-03,09:18:00,2024-10-09,1500.0,1500.0,1500.0,1500.0,0,210,1
BANKNIFTY09OCT2451100CE.NFO,2024-10-03,09:19:00,2024-10-09,1500.0,1500.0,1500.0,1500.0,0,210,1
BANKNIFTY09OCT2451100CE.NFO,2024-10-03,09:20:00,2024-10-09,1500.0,1500.0,1500.0,1500.0,0,210,1
BANKNIFTY09OCT2451100CE.NFO,2024-10-03,09:21:00,2024-10-09,1500.0,1500.0,1500.0,1500.0,0,210,0
BANKNIFTY09OCT2451100CE.NFO,2024-10-03,09:22:00,2024-10-09,1500.0,1500.0,1500.0,1500.0,0,210,0
BANKNIFTY09OCT2451100CE.NFO,2024-10-03,09:23:00,2024-10-09,1500.0,1500.0,1500.0,1500.0,0,210,0
BANKNIFTY09OCT2451100CE.NFO,2024-10-03,09:24:00,2024-10-09,1500.0,1500.0,1500.0,1500.0,0,210,0
BANKNIFTY09OCT2451100CE.NFO,2024-10-03,09:25:00,2024-10-09,1500.0,1500.0,1500.0,1500.0,0,210,0
BANKNIFTY09OCT2451100CE.NFO,2024-10-03,09:26:00,2024-10-09,1500.0,1500.0,1500.0,1500.0,0,210,0
BANKNIFTY09OCT2451100CE.NFO,2024-10-03,09:27:00,2024-10-09,1500.0,1500.0,1500.0,1500.0,0,210,0
BANKNIFTY09OCT2451100CE.NFO,2024-10-03,09:28:00,2024-10-09,1500.0,1500.0,1500.0,1500.0,0,210,0
BANKNIFTY09OCT2451100CE.NFO,2024-10-03,09:29:00,2024-10-09,1500.0,1500.0,1500.0,1500.0,0,210,0
BANKNIFTY09OCT2451100CE.NFO,2024-10-03,09:30:00,2024-10-09,1500.0,1500.0,1500.0,1500.0,0,210,0
BANKNIFTY09OCT2451100CE.NFO,2024-10-03,09:31:00,2024-10-09,1500.0,1500.0,1500.0,1500.0,0,210,0
BANKNIFTY09OCT2451100CE.NFO,2024-10-03,09:32:00,2024-10-09,1500.0,1500.0,1500.0,1500.0,0,210,0
BANKNIFTY09OCT2451100CE.NFO,2024-10-03,09:33:00,2024-10-09,1500.0,1500.0,1500.0,1500.0,0,210,0
BANKNIFTY09OCT2451100CE.NFO,2024-10-03,09:34:00,2024-10-09,1500.0,1500.0,1500.0,1500.0,0,210,0
BANKNIFTY09OCT2451100CE.NFO,2024-10-03,09:35:00,2024-10-09,1500.0,1500.0,1500.0,1500.0,0,210,0
BANKNIFTY09OCT2451100CE.NFO,2024-10-03,09:36:00,2024-10-09,1500.0,1500.0,1500.0,1500.0,0,210,0
BANKNIFTY09OCT2451100CE.NFO,2024-10-03,09:37:00,2024-10-09,1500.0,1500.0,1500.0,1500.0,0,210,0
BANKNIFTY09OCT2451100CE.NFO,2024-10-03,09:38:00,2024-10-09,1500.0,1500.0,1500.0,1500.0,0,210,0
BANKNIFTY09OCT2451100CE.NFO,2024-10-03,09:39:00,2024-10-09,1500.0,1500.0,1500.0,1500.0,0,210,0
BANKNIFTY09OCT2451100CE.NFO,2024-10-03,09:40:00,2024-10-09,1500.0,1500.0,1500.0,1500.0,0,210,0
BANKNIFTY09OCT2451100CE.NFO,2024-10-03,09:41:00,2024-10-09,1500.0,1500.0,1500.0,1500.0,0,210,0
BANKNIFTY09OCT2451100CE.NFO,2024-10-03,09:42:00,2024-10-09,1500.0,1500.0,1500.0,1500.0,0,210,0
BANKNIFTY09OCT2451100CE.NFO,2024-10-03,09:43:00,2024-10-09,1500.0,1617.3,1500.0,1617.3,15,210,0
BANKNIFTY09OCT2451100CE.NFO,2024-10-03,09:44:00,2024-10-09,1617.3,1617.3,1617.3,1617.3,0,210,0
BANKNIFTY09OCT2451100CE.NFO,2024-10-03,09:45:00,2024-10-09,1617.3,1617.3,1617.3,1617.3,105,210,0
BANKNIFTY09OCT2451100CE.NFO,2024-10-03,09:46:00,2024-10-09,1617.3,1617.3,1617.3,1617.3,0,210,0
BANKNIFTY09OCT2451100CE.NFO,2024-10-03,09:47:00,2024-10-09,1617.3,1617.3,1617.3,1617.3,0,210,0
BANKNIFTY09OCT2451100CE.NFO,2024-10-03,09:48:00,2024-10-09,1617.3,1617.3,1617.3,1617.3,0,210,0
BANKNIFTY09OCT2451100CE.NFO,2024-10-03,09:49:00,2024-10-09,1617.3,1617.3,1586.8,1586.8,30,300,0
BANKNIFTY09OCT2451100CE.NFO,2024-10-03,09:50:00,2024-10-09,1586.8,1586.8,1586.8,1586.8,0,300,0
BANKNIFTY09OCT2451100CE.NFO,2024-10-03,09:51:00,2024-10-09,1586.8,1586.8,1586.8,1586.8,0,300,0
BANKNIFTY09OCT2451100CE.NFO,2024-10-03,09:52:00,2024-10-09,1586.8,1607.85,1586.8,1607.85,15,300,0
BANKNIFTY09OCT2451100CE.NFO,2024-10-03,09:53:00,2024-10-09,1607.85,1607.85,1607.85,1607.85,0,300,0
BANKNIFTY09OCT2451100CE.NFO,2024-10-03,09:54:00,2024-10-09,1607.85,1607.85,1607.85,1607.85,0,300,0
BANKNIFTY09OCT2451100CE.NFO,2024-10-03,09:55:00,2024-10-09,1607.85,1607.85,1607.85,1607.85,0,300,0
BANKNIFTY09OCT2451100CE.NFO,2024-10-03,09:56:00,2024-10-09,1607.85,1607.85,1607.85,1607.85,0,300,0
BANKNIFTY09OCT2451100CE.NFO,2024-10-03,09:57:00,2024-10-09,1607.85,1607.85,1607.85,1607.85,0,300,0
BANKNIFTY09OCT2451100CE.NFO,2024-10-03,09:58:00,2024-10-09,1607.85,1607.85,1607.85,1607.85,0,300,0
BANKNIFTY09OCT2451100CE.NFO,2024-10-03,09:59:00,2024-10-09,1607.85,1607.85,1607.85,1607.85,0,300,0
BANKNIFTY09OCT2451100CE.NFO,2024-10-03,10:00:00,2024-10-09,1607.85,1607.85,1607.85,1607.85,0,300,0
BANKNIFTY09OCT2451100CE.NFO,2024-10-03,10:01:00,2024-10-09,1607.85,1607.85,1485.7,1485.7,105,285,0
BANKNIFTY09OCT2451100CE.NFO,2024-10-03,10:02:00,2024-10-09,1485.7,1485.7,1485.7,1485.7,0,285,0
BANKNIFTY09OCT2451100CE.NFO,2024-10-03,10:03:00,2024-10-09,1485.7,1485.7,1485.7,1485.7,0,285,0
BANKNIFTY09OCT2451100CE.NFO,2024-10-03,10:04:00,2024-10-09,1485.7,1485.7,1485.7,1485.7,0,285,0
BANKNIFTY09OCT2451100CE.NFO,2024-10-03,10:05:00,2024-10-09,1485.7,1485.7,1485.7,1485.7,0,285,0
BANKNIFTY09OCT2451100CE.NFO,2024-10-03,10:06:00,2024-10-09,1485.7,1485.7,1485.7,1485.7,0,285,0
BANKNIFTY09OCT2451100CE.NFO,2024-10-03,10:07:00,2024-10-09,1485.7,1485.7,1485.7,1485.7,0,285,0
BANKNIFTY09OCT2451100CE.NFO,2024-10-03,10:08:00,2024-10-09,1485.7,1487.75,1485.7,1487.75,15,285,0
BANKNIFTY09OCT2451100CE.NFO,2024-10-03,10:09:00,2024-10-09,1487.75,1487.75,1487.75,1487.75,0,285,0
BANKNIFTY09OCT2451100CE.NFO,2024-10-03,10:10:00,2024-10-09,1487.75,1487.75,1487.75,1487.75,0,285,0
BANKNIFTY09OCT2451100CE.NFO,2024-10-03,10:11:00,2024-10-09,1487.75,1487.75,1487.75,1487.75,0,285,0
BANKNIFTY09OCT2451100CE.NFO,2024-10-03,10:12:00,2024-10-09,1487.75,1487.75,1444.5,1444.55,45,300,0
BANKNIFTY09OCT2451100CE.NFO,2024-10-03,10:13:00,2024-10-09,1444.55,1444.55,1444.55,1444.55,0,300,0
BANKNIFTY09OCT2451100CE.NFO,2024-10-03,10:14:00,2024-10-09,1444.55,1444.55,1444.55,1444.55,0,300,0
BANKNIFTY09OCT2451100CE.NFO,2024-10-03,10:15:00,2024-10-09,1444.55,1444.55,1444.55,1444.55,0,300,0
BANKNIFTY09OCT2451100CE.NFO,2024-10-03,10:16:00,2024-10-09,1444.55,1444.55,1444.55,1444.55,0,300,0
BANKNIFTY09OCT2451100CE.NFO,2024-10-03,10:17:00,2024-10-09,1444.55,1444.55,1385.5,1385.5,30,345,0
BANKNIFTY09OCT2451100CE.NFO,2024-10-03,10:18:00,2024-10-09,1385.5,1385.5,1346.2,1346.2,60,345,0
BANKNIFTY09OCT2451100CE.NFO,2024-10-03,10:19:00,2024-10-09,1346.2,1346.2,1346.2,1346.2,0,345,0
BANKNIFTY09OCT2451100CE.NFO,2024-10-03,10:20:00,2024-10-09,1346.2,1346.2,1346.2,1346.2,0,345,0
BANKNIFTY09OCT2451100CE.NFO,2024-10-03,10:21:00,2024-10-09,1346.2,1381.2,1346.2,1381.2,30,375,0
BANKNIFTY09OCT2451100CE.NFO,2024-10-03,10:22:00,2024-10-09,1381.2,1381.2,1381.2,1381.2,0,375,0
BANKNIFTY09OCT2451100CE.NFO,2024-10-03,10:23:00,2024-10-09,1381.2,1381.2,1381.2,1381.2,0,375,0
BANKNIFTY09OCT2451100CE.NFO,2024-10-03,10:24:00,2024-10-09,1381.2,1381.2,1381.2,1381.2,0,375,0
BANKNIFTY09OCT2451100CE.NFO,2024-10-03,10:25:00,2024-10-09,1381.2,1381.2,1381.2,1381.2,0,375,0
BANKNIFTY09OCT2451100CE.NFO,2024-10-03,10:26:00,2024-10-09,1381.2,1381.2,1381.2,1381.2,0,375,0
BANKNIFTY09OCT2451100CE.NFO,2024-10-03,10:27:00,2024-10-09,1381.2,1408.05,1381.2,1408.05,60,375,0
BANKNIFTY09OCT2451100CE.NFO,2024-10-03,10:28:00,2024-10-09,1408.05,1408.05,1408.05,1408.05,0,375,0
BANKNIFTY09OCT2451100CE.NFO,2024-10-03,10:29:00,2024-10-09,1408.05,1408.05,1408.05,1408.05,0,375,0
BANKNIFTY09OCT2451100CE.NFO,2024-10-03,10:30:00,2024-10-09,1408.05,1408.05,1385.6,1385.6,30,330,0
BANKNIFTY09OCT2451100CE.NFO,2024-10-03,10:31:00,2024-10-09,1385.6,1385.6,1385.6,1385.6,0,330,0
BANKNIFTY09OCT2451100CE.NFO,2024-10-03,10:32:00,2024-10-09,1385.6,1385.6,1385.6,1385.6,0,330,0
BANKNIFTY09OCT2451100CE.NFO,2024-10-03,10:33:00,2024-10-09,1385.6,1385.6,1385.6,1385.6,0,330,0
BANKNIFTY09OCT2451100CE.NFO,2024-10-03,10:34:00,2024-10-09,1385.6,1385.6,1385.6,1385.6,0,330,0
BANKNIFTY09OCT2451100CE.NFO,2024-10-03,10:35:00,2024-10-09,1385.6,1385.6,1385.6,1385.6,0,330,0
BANKNIFTY09OCT2451100CE.NFO,2024-10-03,10:36:00,2024-10-09,1385.6,1385.6,1385.6,1385.6,0,330,0
BANKNIFTY09OCT2451100CE.NFO,2024-10-03,10:37:00,2024-10-09,1385.6,1385.6,1385.6,1385.6,0,330,0
BANKNIFTY09OCT2451100CE.NFO,2024-10-03,10:38:00,2024-10-09,1385.6,1385.6,1385.6,1385.6,0,330,0
BANKNIFTY09OCT2451100CE.NFO,2024-10-03,10:39:00,2024-10-09,1385.6,1385.6,1385.6,1385.6,0,330,0
BANKNIFTY09OCT2451100CE.NFO,2024-10-03,10:40:00,2024-10-09,1385.6,1385.6,1385.6,1385.6,0,330,0
BANKNIFTY09OCT2451100CE.NFO,2024-10-03,10:41:00,2024-10-09,1385.6,1385.6,1385.6,1385.6,0,330,0
BANKNIFTY09OCT2451100CE.NFO,2024-10-03,10:42:00,2024-10-09,1385.6,1385.6,1385.6,1385.6,0,330,0
BANKNIFTY09OCT2451100CE.NFO,2024-10-03,10:43:00,2024-10-09,1385.6,1385.6,1385.6,1385.6,0,330,0
BANKNIFTY09OCT2451100CE.NFO,2024-10-03,10:44:00,2024-10-09,1385.6,1454.85,1385.6,1454.85,15,360,0
BANKNIFTY09OCT2451100CE.NFO,2024-10-03,10:45:00,2024-10-09,1454.85,1454.85,1454.85,1454.85,0,360,0
BANKNIFTY09OCT2451100CE.NFO,2024-10-03,10:46:00,2024-10-09,1454.85,1454.85,1454.85,1454.85,0,360,0
BANKNIFTY09OCT2451100CE.NFO,2024-10-03,10:47:00,2024-10-09,1454.85,1454.85,1436.7,1436.7,15,360,0
BANKNIFTY09OCT2451100CE.NFO,2024-10-03,10:48:00,2024-10-09,1436.7,1436.7,1436.7,1436.7,0,360,0
BANKNIFTY09OCT2451100CE.NFO,2024-10-03,10:49:00,2024-10-09,1436.7,1436.7,1436.7,1436.7,0,360,0
BANKNIFTY09OCT2451100CE.NFO,2024-10-03,10:50:00,2024-10-09,1436.7,1436.7,1436.7,1436.7,0,360,0
BANKNIFTY09OCT2451100CE.NFO,2024-10-03,10:51:00,2024-10-09,1436.7,1452.05,1436.7,1452.05,15,360,0
BANKNIFTY09OCT2451100CE.NFO,2024-10-03,10:52:00,2024-10-09,1452.05,1452.05,1452.05,1452.05,0,360,0
BANKNIFTY09OCT2451100CE.NFO,2024-10-03,10:53:00,2024-10-09,1452.05,1452.05,1452.05,1452.05,0,360,0
BANKNIFTY09OCT2451100CE.NFO,2024-10-03,10:54:00,2024-10-09,1452.05,1452.05,1452.05,1452.05,0,360,0
BANKNIFTY09OCT2451100CE.NFO,2024-10-03,10:55:00,2024-10-09,1452.05,1452.05,1452.05,1452.05,0,360,0
BANKNIFTY09OCT2451100CE.NFO,2024-10-03,10:56:00,2024-10-09,1452.05,1452.05,1452.05,1452.05,0,360,0
BANKNIFTY09OCT2451100CE.NFO,2024-10-03,10:57:00,2024-10-09,1452.05,1452.05,1452.05,1452.05,0,360,0
BANKNIFTY09OCT2451100CE.NFO,2024-10-03,10:58:00,2024-10-09,1452.05,1452.05,1452.05,1452.05,0,360,0
BANKNIFTY09OCT2451100CE.NFO,2024-10-03,10:59:00,2024-10-09,1452.05,1452.05,1452.05,1452.05,0,360,0
BANKNIFTY09OCT2451100CE.NFO,2024-10-03,11:00:00,2024-10-09,1452.05,1452.05,1413.55,1413.55,15,360,0
BANKNIFTY09OCT2451100CE.NFO,2024-10-03,11:01:00,2024-10-09,1413.55,1413.55,1413.55,1413.55,0,360,0
BANKNIFTY09OCT2451100CE.NFO,2024-10-03,11:02:00,2024-10-09,1413.55,1413.55,1413.55,1413.55,0,360,0
BANKNIFTY09OCT2451100CE.NFO,2024-10-03,11:03:00,2024-10-09,1413.55,1413.55,1413.55,1413.55,0,360,0
BANKNIFTY09OCT2451100CE.NFO,2024-10-03,11:04:00,2024-10-09,1413.55,1413.55,1413.55,1413.55,0,360,0
BANKNIFTY09OCT2451100CE.NFO,2024-10-03,11:05:00,2024-10-09,1413.55,1413.55,1413.55,1413.55,0,360,0
BANKNIFTY09OCT2451100CE.NFO,2024-10-03,11:06:00,2024-10-09,1413.55,1413.55,1413.55,1413.55,0,360,0
BANKNIFTY09OCT2451100CE.NFO,2024-10-03,11:07:00,2024-10-09,1413.55,1413.55,1413.55,1413.55,0,360,0
BANKNIFTY09OCT2451100CE.NFO,2024-10-03,11:08:00,2024-10-09,1413.55,1413.55,1413.55,1413.55,0,360,0
BANKNIFTY09OCT2451100CE.NFO,2024-10-03,11:09:00,2024-10-09,1413.55,1413.55,1413.55,1413.55,0,360,0
BANKNIFTY09OCT2451100CE.NFO,2024-10-03,11:10:00,2024-10-09,1413.55,1413.55,1413.55,1413.55,0,360,0
BANKNIFTY09OCT2451100CE.NFO,2024-10-03,11:11:00,2024-10-09,1413.55,1413.55,1413.55,1413.55,0,360,0
BANKNIFTY09OCT2451100CE.NFO,2024-10-03,11:12:00,2024-10-09,1413.55,1413.55,1413.55,1413.55,0,360,0
BANKNIFTY09OCT2451100CE.NFO,2024-10-03,11:13:00,2024-10-09,1413.55,1413.55,1413.55,1413.55,0,360,0
BANKNIFTY09OCT2451100CE.NFO,2024-10-03,11:14:00,2024-10-09,1413.55,1413.55,1413.55,1413.55,0,360,0
BANKNIFTY09OCT2451100CE.NFO,2024-10-03,11:15:00,2024-10-09,1413.55,1413.55,1413.55,1413.55,0,360,0
BANKNIFTY09OCT2451100CE.NFO,2024-10-03,11:16:00,2024-10-09,1413.55,1413.55,1413.55,1413.55,0,360,0
BANKNIFTY09OCT2451100CE.NFO,2024-10-03,11:17:00,2024-10-09,1413.55,1413.55,1413.55,1413.55,0,360,0
BANKNIFTY09OCT2451100CE.NFO,2024-10-03,11:18:00,2024-10-09,1413.55,1413.55,1400.8,1400.8,15,360,0
BANKNIFTY09OCT2451100CE.NFO,2024-10-03,11:19:00,2024-10-09,1400.8,1400.8,1390.05,1390.05,15,360,0
BANKNIFTY09OCT2451100CE.NFO,2024-10-03,11:20:00,2024-10-09,1390.05,1390.05,1390.05,1390.05,0,360,0
BANKNIFTY09OCT2451100CE.NFO,2024-10-03,11:21:00,2024-10-09,1390.05,1390.05,1390.05,1390.05,0,360,0
BANKNIFTY09OCT2451100CE.NFO,2024-10-03,11:22:00,2024-10-09,1390.05,1390.05,1390.05,1390.05,0,360,0
BANKNIFTY09OCT2451100CE.NFO,2024-10-03,11:23:00,2024-10-09,1390.05,1390.05,1390.05,1390.05,0,360,0
BANKNIFTY09OCT2451100CE.NFO,2024-10-03,11:24:00,2024-10-09,1390.05,1390.05,1390.05,1390.05,0,360,0
BANKNIFTY09OCT2451100CE.NFO,2024-10-03,11:25:00,2024-10-09,1390.05,1390.05,1390.05,1390.05,0,360,0
BANKNIFTY09OCT2451100CE.NFO,2024-10-03,11:26:00,2024-10-09,1390.05,1390.05,1390.05,1390.05,0,360,0
BANKNIFTY09OCT2451100CE.NFO,2024-10-03,11:27:00,2024-10-09,1390.05,1390.05,1320.0,1320.0,15,360,0
BANKNIFTY09OCT2451100CE.NFO,2024-10-03,11:28:00,2024-10-09,1320.0,1320.0,1320.0,1320.0,0,360,0
BANKNIFTY09OCT2451100CE.NFO,2024-10-03,11:29:00,2024-10-09,1320.0,1320.0,1320.0,1320.0,0,360,0
BANKNIFTY09OCT2451100CE.NFO,2024-10-03,11:30:00,2024-10-09,1320.0,1320.0,1320.0,1320.0,0,360,0
BANKNIFTY09OCT2451100CE.NFO,2024-10-03,11:31:00,2024-10-09,1320.0,1320.0,1320.0,1320.0,0,360,0
BANKNIFTY09OCT2451100CE.NFO,2024-10-03,11:32:00,2024-10-09,1320.0,1320.0,1320.0,1320.0,0,360,0
BANKNIFTY09OCT2451100CE.NFO,2024-10-03,11:33:00,2024-10-09,1320.0,1320.0,1320.0,1320.0,0,360,0
BANKNIFTY09OCT2451100CE.NFO,2024-10-03,11:34:00,2024-10-09,1320.0,1320.0,1295.75,1295.75,30,360,0
BANKNIFTY09OCT2451100CE.NFO,2024-10-03,11:35:00,2024-10-09,1295.75,1295.75,1295.75,1295.75,0,360,0
BANKNIFTY09OCT2451100CE.NFO,2024-10-03,11:36:00,2024-10-09,1295.75,1295.75,1295.75,1295.75,0,360,0
BANKNIFTY09OCT2451100CE.NFO,2024-10-03,11:37:00,2024-10-09,1295.75,1295.75,1295.75,1295.75,0,360,0
BANKNIFTY09OCT2451100CE.NFO,2024-10-03,11:38:00,2024-10-09,1295.75,1295.75,1295.75,1295.75,0,360,0
BANKNIFTY09OCT2451100CE.NFO,2024-10-03,11:39:00,2024-10-09,1295.75,1295.75,1295.75,1295.75,0,360,0
BANKNIFTY09OCT2451100CE.NFO,2024-10-03,11:40:00,2024-10-09,1295.75,1295.75,1295.75,1295.75,0,360,0
BANKNIFTY09OCT2451100CE.NFO,2024-10-03,11:41:00,2024-10-09,1295.75,1295.75,1295.75,1295.75,0,360,0
BANKNIFTY09OCT2451100CE.NFO,2024-10-03,11:42:00,2024-10-09,1295.75,1295.75,1295.75,1295.75,0,360,0
BANKNIFTY09OCT2451100CE.NFO,2024-10-03,11:43:00,2024-10-09,1295.75,1319.1,1295.75,1319.1,15,360,0
BANKNIFTY09OCT2451100CE.NFO,2024-10-03,11:44:00,2024-10-09,1319.1,1319.1,1319.1,1319.1,0,360,0
BANKNIFTY09OCT2451100CE.NFO,2024-10-03,11:45:00,2024-10-09,1319.1,1319.1,1319.1,1319.1,0,360,0
BANKNIFTY09OCT2451100CE.NFO,2024-10-03,11:46:00,2024-10-09,1319.1,1319.1,1319.1,1319.1,0,360,0
BANKNIFTY09OCT2451100CE.NFO,2024-10-03,11:47:00,2024-10-09,1319.1,1319.1,1319.1,1319.1,0,360,0
BANKNIFTY09OCT2451100CE.NFO,2024-10-03,11:48:00,2024-10-09,1319.1,1319.1,1319.1,1319.1,0,360,0
BANKNIFTY09OCT2451100CE.NFO,2024-10-03,11:49:00,2024-10-09,1319.1,1319.1,1319.1,1319.1,0,360,0
BANKNIFTY09OCT2451100CE.NFO,2024-10-03,11:50:00,2024-10-09,1319.1,1319.1,1295.75,1295.75,15,345,0
BANKNIFTY09OCT2451100CE.NFO,2024-10-03,11:51:00,2024-10-09,1295.75,1295.75,1295.75,1295.75,0,345,0
BANKNIFTY09OCT2451100CE.NFO,2024-10-03,11:52:00,2024-10-09,1295.75,1295.75,1295.75,1295.75,0,345,0
BANKNIFTY09OCT2451100CE.NFO,2024-10-03,11:53:00,2024-10-09,1295.75,1295.75,1295.75,1295.75,0,345,0
BANKNIFTY09OCT2451100CE.NFO,2024-10-03,11:54:00,2024-10-09,1295.75,1295.75,1295.75,1295.75,0,345,0
BANKNIFTY09OCT2451100CE.NFO,2024-10-03,11:55:00,2024-10-09,1295.75,1295.75,1295.75,1295.75,0,345,0
BANKNIFTY09OCT2451100CE.NFO,2024-10-03,11:56:00,2024-10-09,1295.75,1295.75,1295.75,1295.75,0,345,0
BANKNIFTY09OCT2451100CE.NFO,2024-10-03,11:57:00,2024-10-09,1295.75,1295.75,1295.75,1295.75,0,345,0
BANKNIFTY09OCT2451100CE.NFO,2024-10-03,11:58:00,2024-10-09,1295.75,1295.75,1295.75,1295.75,0,345,0
BANKNIFTY09OCT2451100CE.NFO,2024-10-03,11:59:00,2024-10-09,1295.75,1295.75,1295.75,1295.75,0,345,0
BANKNIFTY09OCT2451100CE.NFO,2024-10-03,12:00:00,2024-10-09,1295.75,1295.75,1295.75,1295.75,0,345,0
BANKNIFTY09OCT2451100CE.NFO,2024-10-03,12:01:00,2024-10-09,1295.75,1309.35,1295.75,1309.35,15,345,0
BANKNIFTY09OCT2451100CE.NFO,2024-10-03,12:02:00,2024-10-09,1309.35,1309.35,1307.35,1307.35,15,345,0
BANKNIFTY09OCT2451100CE.NFO,2024-10-03,12:03:00,2024-10-09,1307.35,1307.35,1304.65,1304.65,15,345,0
BANKNIFTY09OCT2451100CE.NFO,2024-10-03,12:04:00,2024-10-09,1304.65,1304.65,1283.85,1283.85,0,345,0
BANKNIFTY09OCT2451100CE.NFO,2024-10-03,12:05:00,2024-10-09,1283.85,1283.85,1283.85,1283.85,0,345,0
BANKNIFTY09OCT2451100CE.NFO,2024-10-03,12:06:00,2024-10-09,1283.85,1283.85,1283.85,1283.85,0,345,0
BANKNIFTY09OCT2451100CE.NFO,2024-10-03,12:07:00,2024-10-09,1283.85,1283.85,1283.85,1283.85,0,345,0
BANKNIFTY09OCT2451100CE.NFO,2024-10-03,12:08:00,2024-10-09,1283.85,1283.85,1283.85,1283.85,0,345,0
BANKNIFTY09OCT2451100CE.NFO,2024-10-03,12:09:00,2024-10-09,1283.85,1283.85,1283.85,1283.85,0,345,0
BANKNIFTY09OCT2451100CE.NFO,2024-10-03,12:10:00,2024-10-09,1283.85,1283.85,1283.85,1283.85,0,345,0
BANKNIFTY09OCT2451100CE.NFO,2024-10-03,12:11:00,2024-10-09,1283.85,1283.85,1283.85,1283.85,0,345,0
BANKNIFTY09OCT2451100CE.NFO,2024-10-03,12:12:00,2024-10-09,1283.85,1283.85,1283.85,1283.85,0,345,0
BANKNIFTY09OCT2451100CE.NFO,2024-10-03,12:13:00,2024-10-09,1283.85,1283.85,1283.85,1283.85,0,345,0
BANKNIFTY09OCT2451100CE.NFO,2024-10-03,12:14:00,2024-10-09,1283.85,1283.85,1283.85,1283.85,0,345,0
BANKNIFTY09OCT2451100CE.NFO,2024-10-03,12:15:00,2024-10-09,1283.85,1288.15,1283.85,1288.15,15,345,0
BANKNIFTY09OCT2451100CE.NFO,2024-10-03,12:16:00,2024-10-09,1288.15,1288.15,1288.15,1288.15,0,345,0
BANKNIFTY09OCT2451100CE.NFO,2024-10-03,12:17:00,2024-10-09,1288.15,1288.15,1288.15,1288.15,0,345,0
BANKNIFTY09OCT2451100CE.NFO,2024-10-03,12:18:00,2024-10-09,1288.15,1288.15,1288.15,1288.15,0,345,0
BANKNIFTY09OCT2451100CE.NFO,2024-10-03,12:19:00,2024-10-09,1288.15,1288.15,1288.15,1288.15,0,345,0
BANKNIFTY09OCT2451100CE.NFO,2024-10-03,12:20:00,2024-10-09,1288.15,1288.15,1255.0,1255.0,15,360,0
BANKNIFTY09OCT2451100CE.NFO,2024-10-03,12:21:00,2024-10-09,1255.0,1255.0,1255.0,1255.0,0,360,0
BANKNIFTY09OCT2451100CE.NFO,2024-10-03,12:22:00,2024-10-09,1255.0,1255.0,1255.0,1255.0,0,360,0
BANKNIFTY09OCT2451100CE.NFO,2024-10-03,12:23:00,2024-10-09,1255.0,1255.0,1255.0,1255.0,0,360,0
BANKNIFTY09OCT2451100CE.NFO,2024-10-03,12:24:00,2024-10-09,1255.0,1255.0,1255.0,1255.0,0,360,0
BANKNIFTY09OCT2451100CE.NFO,2024-10-03,12:25:00,2024-10-09,1255.0,1255.0,1252.3,1252.3,15,375,0
BANKNIFTY09OCT2451100CE.NFO,2024-10-03,12:26:00,2024-10-09,1252.3,1252.3,1237.3,1237.3,30,375,0
BANKNIFTY09OCT2451100CE.NFO,2024-10-03,12:27:00,2024-10-09,1237.3,1254.85,1231.45,1254.85,30,405,0
BANKNIFTY09OCT2451100CE.NFO,2024-10-03,12:28:00,2024-10-09,1254.85,1254.85,1233.5,1233.5,15,405,0
BANKNIFTY09OCT2451100CE.NFO,2024-10-03,12:29:00,2024-10-09,1233.5,1233.5,1233.5,1233.5,0,405,0
BANKNIFTY09OCT2451100CE.NFO,2024-10-03,12:30:00,2024-10-09,1233.5,1233.5,1216.7,1216.7,15,405,0
BANKNIFTY09OCT2451100CE.NFO,2024-10-03,12:31:00,2024-10-09,1216.7,1216.7,1216.7,1216.7,0,405,0
BANKNIFTY09OCT2451100CE.NFO,2024-10-03,12:32:00,2024-10-09,1216.7,1229.9,1216.7,1224.6,30,435,0
BANKNIFTY09OCT2451100CE.NFO,2024-10-03,12:33:00,2024-10-09,1224.6,1224.6,1224.6,1224.6,0,435,0
BANKNIFTY09OCT2451100CE.NFO,2024-10-03,12:34:00,2024-10-09,1224.6,1224.6,1224.6,1224.6,0,435,0
BANKNIFTY09OCT2451100CE.NFO,2024-10-03,12:35:00,2024-10-09,1224.6,1224.6,1224.6,1224.6,0,435,0
BANKNIFTY09OCT2451100CE.NFO,2024-10-03,12:36:00,2024-10-09,1224.6,1224.6,1224.6,1224.6,0,435,0
BANKNIFTY09OCT2451100CE.NFO,2024-10-03,12:37:00,2024-10-09,1224.6,1224.6,1224.6,1224.6,0,435,0
BANKNIFTY09OCT2451100CE.NFO,2024-10-03,12:38:00,2024-10-09,1224.6,1262.55,1224.6,1262.55,15,450,0
BANKNIFTY09OCT2451100CE.NFO,2024-10-03,12:39:00,2024-10-09,1262.55,1262.55,1262.55,1262.55,0,450,0
BANKNIFTY09OCT2451100CE.NFO,2024-10-03,12:40:00,2024-10-09,1262.55,1262.55,1262.55,1262.55,0,450,0
BANKNIFTY09OCT2451100CE.NFO,2024-10-03,12:41:00,2024-10-09,1262.55,1262.55,1262.55,1262.55,0,450,0
BANKNIFTY09OCT2451100CE.NFO,2024-10-03,12:42:00,2024-10-09,1262.55,1262.55,1262.55,1262.55,0,450,0
BANKNIFTY09OCT2451100CE.NFO,2024-10-03,12:43:00,2024-10-09,1262.55,1262.55,1262.55,1262.55,0,450,0
BANKNIFTY09OCT2451100CE.NFO,2024-10-03,12:44:00,2024-10-09,1262.55,1262.55,1246.45,1246.45,30,435,0
BANKNIFTY09OCT2451100CE.NFO,2024-10-03,12:45:00,2024-10-09,1246.45,1246.45,1246.45,1246.45,0,435,0
BANKNIFTY09OCT2451100CE.NFO,2024-10-03,12:46:00,2024-10-09,1246.45,1246.45,1246.45,1246.45,0,435,0
BANKNIFTY09OCT2451100CE.NFO,2024-10-03,12:47:00,2024-10-09,1246.45,1246.45,1246.45,1246.45,0,435,0
BANKNIFTY09OCT2451100CE.NFO,2024-10-03,12:48:00,2024-10-09,1246.45,1246.45,1246.45,1246.45,0,435,0
BANKNIFTY09OCT2451100CE.NFO,2024-10-03,12:49:00,2024-10-09,1246.45,1246.45,1246.45,1246.45,0,435,0
BANKNIFTY09OCT2451100CE.NFO,2024-10-03,12:50:00,2024-10-09,1246.45,1246.45,1246.45,1246.45,0,435,0
BANKNIFTY09OCT2451100CE.NFO,2024-10-03,12:51:00,2024-10-09,1246.45,1246.45,1246.45,1246.45,0,435,0
BANKNIFTY09OCT2451100CE.NFO,2024-10-03,12:52:00,2024-10-09,1246.45,1246.45,1246.45,1246.45,0,435,0
BANKNIFTY09OCT2451100CE.NFO,2024-10-03,12:53:00,2024-10-09,1246.45,1246.45,1246.45,1246.45,0,435,0
BANKNIFTY09OCT2451100CE.NFO,2024-10-03,12:54:00,2024-10-09,1246.45,1246.45,1246.45,1246.45,0,435,0
BANKNIFTY09OCT2451100CE.NFO,2024-10-03,12:55:00,2024-10-09,1246.45,1246.45,1246.45,1246.45,0,435,0
BANKNIFTY09OCT2451100CE.NFO,2024-10-03,12:56:00,2024-10-09,1246.45,1246.45,1246.45,1246.45,0,435,0
BANKNIFTY09OCT2451100CE.NFO,2024-10-03,12:57:00,2024-10-09,1246.45,1246.45,1246.45,1246.45,0,435,0
BANKNIFTY09OCT2451100CE.NFO,2024-10-03,12:58:00,2024-10-09,1246.45,1246.45,1210.0,1210.0,30,435,0
BANKNIFTY09OCT2451100CE.NFO,2024-10-03,12:59:00,2024-10-09,1210.0,1210.0,1210.0,1210.0,0,435,0
BANKNIFTY09OCT2451100CE.NFO,2024-10-03,13:00:00,2024-10-09,1210.0,1210.0,1191.1,1191.1,150,435,0
BANKNIFTY09OCT2451100CE.NFO,2024-10-03,13:01:00,2024-10-09,1191.1,1195.45,1191.1,1195.45,30,600,0
BANKNIFTY09OCT2451100CE.NFO,2024-10-03,13:02:00,2024-10-09,1195.45,1195.45,1195.45,1195.45,0,600,0
BANKNIFTY09OCT2451100CE.NFO,2024-10-03,13:03:00,2024-10-09,1195.45,1195.45,1159.55,1159.55,135,600,0
BANKNIFTY09OCT2451100CE.NFO,2024-10-03,13:04:00,2024-10-09,1159.55,1159.55,1159.55,1159.55,0,600,0
BANKNIFTY09OCT2451100CE.NFO,2024-10-03,13:05:00,2024-10-09,1159.55,1164.3,1159.55,1164.3,15,600,0
BANKNIFTY09OCT2451100CE.NFO,2024-10-03,13:06:00,2024-10-09,1164.3,1164.3,1164.3,1164.3,0,600,0
BANKNIFTY09OCT2451100CE.NFO,2024-10-03,13:07:00,2024-10-09,1164.3,1164.3,1164.3,1164.3,0,600,0
BANKNIFTY09OCT2451100CE.NFO,2024-10-03,13:08:00,2024-10-09,1164.3,1164.3,1154.6,1154.6,45,615,0
BANKNIFTY09OCT2451100CE.NFO,2024-10-03,13:09:00,2024-10-09,1154.6,1154.6,1140.0,1140.0,30,615,0
BANKNIFTY09OCT2451100CE.NFO,2024-10-03,13:10:00,2024-10-09,1140.0,1140.0,1140.0,1140.0,0,615,0
BANKNIFTY09OCT2451100CE.NFO,2024-10-03,13:11:00,2024-10-09,1140.0,1140.0,1105.0,1110.35,45,645,0
BANKNIFTY09OCT2451100CE.NFO,2024-10-03,13:12:00,2024-10-09,1110.35,1110.35,1105.8,1105.8,15,645,0
BANKNIFTY09OCT2451100CE.NFO,2024-10-03,13:13:00,2024-10-09,1105.8,1105.8,1105.8,1105.8,0,645,0
BANKNIFTY09OCT2451100CE.NFO,2024-10-03,13:14:00,2024-10-09,1105.8,1107.55,1105.8,1107.55,60,675,0
BANKNIFTY09OCT2451100CE.NFO,2024-10-03,13:15:00,2024-10-09,1107.55,1107.55,1107.55,1107.55,0,675,0
BANKNIFTY09OCT2451100CE.NFO,2024-10-03,13:16:00,2024-10-09,1107.55,1107.55,1093.55,1093.55,45,660,0
BANKNIFTY09OCT2451100CE.NFO,2024-10-03,13:17:00,2024-10-09,1093.55,1100.0,1093.55,1100.0,105,660,0
BANKNIFTY09OCT2451100CE.NFO,2024-10-03,13:18:00,2024-10-09,1100.0,1100.0,1077.0,1078.1,45,660,0
BANKNIFTY09OCT2451100CE.NFO,2024-10-03,13:19:00,2024-10-09,1078.1,1078.1,1078.1,1078.1,0,660,0
BANKNIFTY09OCT2451100CE.NFO,2024-10-03,13:20:00,2024-10-09,1078.1,1078.1,1078.1,1078.1,0,660,0
BANKNIFTY09OCT2451100CE.NFO,2024-10-03,13:21:00,2024-10-09,1078.1,1078.1,1078.1,1078.1,0,660,0
BANKNIFTY09OCT2451100CE.NFO,2024-10-03,13:22:00,2024-10-09,1078.1,1091.9,1078.1,1091.9,15,810,0
BANKNIFTY09OCT2451100CE.NFO,2024-10-03,13:23:00,2024-10-09,1091.9,1091.9,1091.9,1091.9,0,810,0
BANKNIFTY09OCT2451100CE.NFO,2024-10-03,13:24:00,2024-10-09,1091.9,1091.9,1091.9,1091.9,0,810,0
BANKNIFTY09OCT2451100CE.NFO,2024-10-03,13:25:00,2024-10-09,1091.9,1091.9,1091.9,1091.9,0,810,0
BANKNIFTY09OCT2451100CE.NFO,2024-10-03,13:26:00,2024-10-09,1091.9,1091.9,1091.9,1091.9,0,810,0
BANKNIFTY09OCT2451100CE.NFO,2024-10-03,13:27:00,2024-10-09,1091.9,1091.9,1091.9,1091.9,0,810,0
BANKNIFTY09OCT2451100CE.NFO,2024-10-03,13:28:00,2024-10-09,1091.9,1091.9,1091.9,1091.9,0,810,0
BANKNIFTY09OCT2451100CE.NFO,2024-10-03,13:29:00,2024-10-09,1091.9,1091.9,1091.9,1091.9,0,810,0
BANKNIFTY09OCT2451100CE.NFO,2024-10-03,13:30:00,2024-10-09,1091.9,1091.9,1091.9,1091.9,0,810,0
BANKNIFTY09OCT2451100CE.NFO,2024-10-03,13:31:00,2024-10-09,1091.9,1120.0,1091.9,1120.0,45,810,0
BANKNIFTY09OCT2451100CE.NFO,2024-10-03,13:32:00,2024-10-09,1120.0,1120.0,1120.0,1120.0,0,810,0
BANKNIFTY09OCT2451100CE.NFO,2024-10-03,13:33:00,2024-10-09,1120.0,1120.0,1110.0,1110.0,30,810,0
BANKNIFTY09OCT2451100CE.NFO,2024-10-03,13:34:00,2024-10-09,1110.0,1110.0,1110.0,1110.0,0,810,0
BANKNIFTY09OCT2451100CE.NFO,2024-10-03,13:35:00,2024-10-09,1110.0,1110.0,1064.2,1064.2,45,810,0
BANKNIFTY09OCT2451100CE.NFO,2024-10-03,13:36:00,2024-10-09,1064.2,1064.2,1064.2,1064.2,0,810,0
BANKNIFTY09OCT2451100CE.NFO,2024-10-03,13:37:00,2024-10-09,1064.2,1064.2,1064.2,1064.2,0,810,0
BANKNIFTY09OCT2451100CE.NFO,2024-10-03,13:38:00,2024-10-09,1064.2,1073.9,1059.0,1073.9,270,810,0
BANKNIFTY09OCT2451100CE.NFO,2024-10-03,13:39:00,2024-10-09,1073.9,1073.9,1073.9,1073.9,0,810,0
BANKNIFTY09OCT2451100CE.NFO,2024-10-03,13:40:00,2024-10-09,1073.9,1073.9,1052.0,1052.0,30,1005,0
BANKNIFTY09OCT2451100CE.NFO,2024-10-03,13:41:00,2024-10-09,1052.0,1052.0,1052.0,1052.0,0,1005,0
BANKNIFTY09OCT2451100CE.NFO,2024-10-03,13:42:00,2024-10-09,1052.0,1075.1,1052.0,1075.1,15,1005,0
BANKNIFTY09OCT2451100CE.NFO,2024-10-03,13:43:00,2024-10-09,1075.1,1075.1,1075.1,1075.1,0,1005,0
BANKNIFTY09OCT2451100CE.NFO,2024-10-03,13:44:00,2024-10-09,1075.1,1075.1,1055.65,1055.65,120,1020,0
BANKNIFTY09OCT2451100CE.NFO,2024-10-03,13:45:00,2024-10-09,1055.65,1055.65,1029.0,1029.0,30,1020,0
BANKNIFTY09OCT2451100CE.NFO,2024-10-03,13:46:00,2024-10-09,1029.0,1029.0,1021.05,1021.05,300,1155,0
BANKNIFTY09OCT2451100CE.NFO,2024-10-03,13:47:00,2024-10-09,1021.05,1021.05,1021.05,1021.05,0,1155,0
BANKNIFTY09OCT2451100CE.NFO,2024-10-03,13:48:00,2024-10-09,1021.05,1021.05,1005.05,1005.05,75,1155,0
BANKNIFTY09OCT2451100CE.NFO,2024-10-03,13:49:00,2024-10-09,1005.05,1025.9,1005.05,1025.9,120,1365,0
BANKNIFTY09OCT2451100CE.NFO,2024-10-03,13:50:00,2024-10-09,1025.9,1025.9,1025.9,1025.9,0,1365,0
BANKNIFTY09OCT2451100CE.NFO,2024-10-03,13:51:00,2024-10-09,1025.9,1025.9,987.0,987.0,195,1365,0
BANKNIFTY09OCT2451100CE.NFO,2024-10-03,13:52:00,2024-10-09,987.0,987.0,976.35,978.8,630,1365,0
BANKNIFTY09OCT2451100CE.NFO,2024-10-03,13:53:00,2024-10-09,978.8,978.8,951.25,951.25,270,1365,0
BANKNIFTY09OCT2451100CE.NFO,2024-10-03,13:54:00,2024-10-09,951.25,957.1,951.25,956.4,270,1365,0
BANKNIFTY09OCT2451100CE.NFO,2024-10-03,13:55:00,2024-10-09,956.4,973.3,933.65,933.65,390,2025,0
BANKNIFTY09OCT2451100CE.NFO,2024-10-03,13:56:00,2024-10-09,933.65,939.6,930.8,930.8,180,2025,0
BANKNIFTY09OCT2451100CE.NFO,2024-10-03,13:57:00,2024-10-09,930.8,1001.55,930.8,992.0,270,2025,0
BANKNIFTY09OCT2451100CE.NFO,2024-10-03,13:58:00,2024-10-09,992.0,996.35,972.0,979.55,330,1905,0
BANKNIFTY09OCT2451100CE.NFO,2024-10-03,13:59:00,2024-10-09,979.55,1000.0,979.55,1000.0,30,1905,0
BANKNIFTY09OCT2451100CE.NFO,2024-10-03,14:00:00,2024-10-09,1000.0,1000.0,964.9,964.9,105,1905,0
BANKNIFTY09OCT2451100CE.NFO,2024-10-03,14:01:00,2024-10-09,964.9,1000.0,964.9,978.4,105,2040,0
BANKNIFTY09OCT2451100CE.NFO,2024-10-03,14:02:00,2024-10-09,978.4,978.4,950.8,959.15,405,2040,0
BANKNIFTY09OCT2451100CE.NFO,2024-10-03,14:03:00,2024-10-09,959.15,959.15,946.4,947.2,570,2040,0
BANKNIFTY09OCT2451100CE.NFO,2024-10-03,14:04:00,2024-10-09,947.2,949.6,947.2,949.6,15,1920,0
BANKNIFTY09OCT2451100CE.NFO,2024-10-03,14:05:00,2024-10-09,949.6,990.0,949.6,990.0,60,1920,0
BANKNIFTY09OCT2451100CE.NFO,2024-10-03,14:06:00,2024-10-09,990.0,990.0,974.0,974.0,150,1920,0
BANKNIFTY09OCT2451100CE.NFO,2024-10-03,14:07:00,2024-10-09,974.0,979.6,967.65,978.75,240,1890,0
BANKNIFTY09OCT2451100CE.NFO,2024-10-03,14:08:00,2024-10-09,978.75,978.75,963.5,964.55,630,1890,0
BANKNIFTY09OCT2451100CE.NFO,2024-10-03,14:09:00,2024-10-09,964.55,980.4,961.6,980.4,420,1890,0
BANKNIFTY09OCT2451100CE.NFO,2024-10-03,14:10:00,2024-10-09,980.4,980.4,971.6,971.6,120,2025,0
BANKNIFTY09OCT2451100CE.NFO,2024-10-03,14:11:00,2024-10-09,971.6,974.45,971.6,974.45,15,2025,0
BANKNIFTY09OCT2451100CE.NFO,2024-10-03,14:12:00,2024-10-09,974.45,974.45,965.65,965.65,45,2025,0
BANKNIFTY09OCT2451100CE.NFO,2024-10-03,14:13:00,2024-10-09,965.65,965.65,951.15,951.15,60,2115,0
BANKNIFTY09OCT2451100CE.NFO,2024-10-03,14:14:00,2024-10-09,951.15,1010.0,951.15,1010.0,60,2115,0
BANKNIFTY09OCT2451100CE.NFO,2024-10-03,14:15:00,2024-10-09,1010.0,1010.0,986.4,986.4,180,2115,0
BANKNIFTY09OCT2451100CE.NFO,2024-10-03,14:16:00,2024-10-09,986.4,1003.6,986.4,994.75,105,2145,0
BANKNIFTY09OCT2451100CE.NFO,2024-10-03,14:17:00,2024-10-09,994.75,994.75,976.8,985.05,270,2145,0
BANKNIFTY09OCT2451100CE.NFO,2024-10-03,14:18:00,2024-10-09,985.05,985.05,964.35,967.2,480,2145,0
BANKNIFTY09OCT2451100CE.NFO,2024-10-03,14:19:00,2024-10-09,967.2,967.2,937.3,946.75,855,2535,0
BANKNIFTY09OCT2451100CE.NFO,2024-10-03,14:20:00,2024-10-09,946.75,975.6,946.75,961.15,255,2535,0
BANKNIFTY09OCT2451100CE.NFO,2024-10-03,14:21:00,2024-10-09,961.15,962.9,949.2,949.2,375,2535,0
BANKNIFTY09OCT2451100CE.NFO,2024-10-03,14:22:00,2024-10-09,949.2,961.95,934.4,961.95,225,2700,0
BANKNIFTY09OCT2451100CE.NFO,2024-10-03,14:23:00,2024-10-09,961.95,969.6,960.8,969.6,45,2700,0
BANKNIFTY09OCT2451100CE.NFO,2024-10-03,14:24:00,2024-10-09,969.6,969.6,961.6,961.6,420,2700,0
BANKNIFTY09OCT2451100CE.NFO,2024-10-03,14:25:00,2024-10-09,961.6,961.6,949.35,958.4,300,2730,0
BANKNIFTY09OCT2451100CE.NFO,2024-10-03,14:26:00,2024-10-09,958.4,965.0,958.4,965.0,15,2730,0
BANKNIFTY09OCT2451100CE.NFO,2024-10-03,14:27:00,2024-10-09,965.0,966.0,965.0,966.0,45,2730,0
BANKNIFTY09OCT2451100CE.NFO,2024-10-03,14:28:00,2024-10-09,966.0,966.0,960.8,960.8,450,2730,0
BANKNIFTY09OCT2451100CE.NFO,2024-10-03,14:29:00,2024-10-09,960.8,960.8,941.65,950.0,240,3075,0
BANKNIFTY09OCT2451100CE.NFO,2024-10-03,14:30:00,2024-10-09,950.0,950.0,936.0,936.0,105,3075,0
BANKNIFTY09OCT2451100CE.NFO,2024-10-03,14:31:00,2024-10-09,936.0,974.95,936.0,974.95,1290,2490,0
BANKNIFTY09OCT2451100CE.NFO,2024-10-03,14:32:00,2024-10-09,974.95,1021.4,974.95,1021.4,300,2490,0
BANKNIFTY09OCT2451100CE.NFO,2024-10-03,14:33:00,2024-10-09,1021.4,1021.4,983.2,995.2,465,2490,0
BANKNIFTY09OCT2451100CE.NFO,2024-10-03,14:34:00,2024-10-09,995.2,1006.0,988.8,988.8,45,3270,0
BANKNIFTY09OCT2451100CE.NFO,2024-10-03,14:35:00,2024-10-09,988.8,989.9,978.0,978.0,75,3270,0
BANKNIFTY09OCT2451100CE.NFO,2024-10-03,14:36:00,2024-10-09,978.0,979.0,968.4,971.6,75,3270,0
BANKNIFTY09OCT2451100CE.NFO,2024-10-03,14:37:00,2024-10-09,971.6,979.6,971.6,979.6,30,3195,0
BANKNIFTY09OCT2451100CE.NFO,2024-10-03,14:38:00,2024-10-09,979.6,979.6,976.6,976.6,15,3195,0
BANKNIFTY09OCT2451100CE.NFO,2024-10-03,14:39:00,2024-10-09,976.6,976.6,946.0,946.0,240,3195,0
BANKNIFTY09OCT2451100CE.NFO,2024-10-03,14:40:00,2024-10-09,946.0,957.95,939.25,957.95,75,3210,0
BANKNIFTY09OCT2451100CE.NFO,2024-10-03,14:41:00,2024-10-09,957.95,974.0,957.95,974.0,30,3210,0
BANKNIFTY09OCT2451100CE.NFO,2024-10-03,14:42:00,2024-10-09,974.0,974.0,974.0,974.0,0,3210,0
BANKNIFTY09OCT2451100CE.NFO,2024-10-03,14:43:00,2024-10-09,974.0,974.0,963.75,963.75,105,3210,0
BANKNIFTY09OCT2451100CE.NFO,2024-10-03,14:44:00,2024-10-09,963.75,963.75,960.55,960.55,15,3210,0
BANKNIFTY09OCT2451100CE.NFO,2024-10-03,14:45:00,2024-10-09,960.55,972.8,960.55,972.8,45,3210,0
BANKNIFTY09OCT2451100CE.NFO,2024-10-03,14:46:00,2024-10-09,972.8,984.8,972.8,984.8,90,3210,0
BANKNIFTY09OCT2451100CE.NFO,2024-10-03,14:47:00,2024-10-09,984.8,995.65,984.8,992.2,30,3210,0
BANKNIFTY09OCT2451100CE.NFO,2024-10-03,14:48:00,2024-10-09,992.2,992.2,968.4,968.4,15,3210,0
BANKNIFTY09OCT2451100CE.NFO,2024-10-03,14:49:00,2024-10-09,968.4,997.2,968.4,997.2,300,3210,0
BANKNIFTY09OCT2451100CE.NFO,2024-10-03,14:50:00,2024-10-09,997.2,1023.2,997.2,1023.2,165,3210,0
BANKNIFTY09OCT2451100CE.NFO,2024-10-03,14:51:00,2024-10-09,1023.2,1074.0,1023.2,1060.35,165,3210,0
BANKNIFTY09OCT2451100CE.NFO,2024-10-03,14:52:00,2024-10-09,1060.35,1061.6,1060.35,1061.6,45,3000,0
BANKNIFTY09OCT2451100CE.NFO,2024-10-03,14:53:00,2024-10-09,1061.6,1086.8,1055.45,1055.45,165,3000,0
BANKNIFTY09OCT2451100CE.NFO,2024-10-03,14:54:00,2024-10-09,1055.45,1099.95,1055.45,1099.95,45,3000,0
BANKNIFTY09OCT2451100CE.NFO,2024-10-03,14:55:00,2024-10-09,1099.95,1135.6,1099.95,1131.05,270,2910,0
BANKNIFTY09OCT2451100CE.NFO,2024-10-03,14:56:00,2024-10-09,1131.05,1131.05,1076.95,1082.35,120,2910,0
BANKNIFTY09OCT2451100CE.NFO,2024-10-03,14:57:00,2024-10-09,1082.35,1082.35,1066.8,1066.8,75,2910,0
BANKNIFTY09OCT2451100CE.NFO,2024-10-03,14:58:00,2024-10-09,1066.8,1067.0,1055.1,1065.35,525,2805,0
BANKNIFTY09OCT2451100CE.NFO,2024-10-03,14:59:00,2024-10-09,1065.35,1068.55,1065.35,1068.55,30,2805,0
BANKNIFTY09OCT2451100CE.NFO,2024-10-03,15:00:00,2024-10-09,1068.55,1175.55,1068.55,1118.75,465,2805,0
BANKNIFTY09OCT2451100CE.NFO,2024-10-03,15:01:00,2024-10-09,1118.75,1118.75,1086.45,1104.1,315,3060,0
BANKNIFTY09OCT2451100CE.NFO,2024-10-03,15:02:00,2024-10-09,1104.1,1104.1,1086.35,1086.35,120,3060,0
BANKNIFTY09OCT2451100CE.NFO,2024-10-03,15:03:00,2024-10-09,1086.35,1098.4,1086.35,1089.8,120,3060,0
BANKNIFTY09OCT2451100CE.NFO,2024-10-03,15:04:00,2024-10-09,1089.8,1089.8,1089.8,1089.8,0,3060,0
BANKNIFTY09OCT2451100CE.NFO,2024-10-03,15:05:00,2024-10-09,1089.8,1089.8,1043.05,1043.05,105,3135,0
BANKNIFTY09OCT2451100CE.NFO,2024-10-03,15:06:00,2024-10-09,1043.05,1043.05,1043.05,1043.05,0,3135,0
BANKNIFTY09OCT2451100CE.NFO,2024-10-03,15:07:00,2024-10-09,1043.05,1064.05,1043.05,1064.05,30,3105,0
BANKNIFTY09OCT2451100CE.NFO,2024-10-03,15:08:00,2024-10-09,1064.05,1065.8,1064.05,1065.8,15,3105,0
BANKNIFTY09OCT2451100CE.NFO,2024-10-03,15:09:00,2024-10-09,1065.8,1065.8,1065.8,1065.8,0,3105,0
BANKNIFTY09OCT2451100CE.NFO,2024-10-03,15:10:00,2024-10-09,1065.8,1065.8,1065.8,1065.8,0,3105,0
BANKNIFTY09OCT2451100CE.NFO,2024-10-03,15:11:00,2024-10-09,1065.8,1065.8,1047.15,1051.65,75,3075,0
BANKNIFTY09OCT2451100CE.NFO,2024-10-03,15:12:00,2024-10-09,1051.65,1056.3,1050.05,1056.3,30,3075,0
BANKNIFTY09OCT2451100CE.NFO,2024-10-03,15:13:00,2024-10-09,1056.3,1056.3,1056.3,1056.3,0,3075,0
BANKNIFTY09OCT2451100CE.NFO,2024-10-03,15:14:00,2024-10-09,1079.9,1089.4,1079.7,1079.7,30,3075,0
BANKNIFTY09OCT2451100CE.NFO,2024-10-03,15:15:00,2024-10-09,1079.7,1079.7,1079.7,1079.7,0,3075,0
BANKNIFTY09OCT2451100CE.NFO,2024-10-03,15:16:00,2024-10-09,1079.7,1079.7,1050.2,1050.2,15,3075,0
BANKNIFTY09OCT2451100CE.NFO,2024-10-03,15:17:00,2024-10-09,1050.2,1054.15,1050.2,1050.95,165,3075,0
BANKNIFTY09OCT2451100CE.NFO,2024-10-03,15:18:00,2024-10-09,1050.95,1060.4,1045.15,1045.15,105,3075,0
BANKNIFTY09OCT2451100CE.NFO,2024-10-03,15:19:00,2024-10-09,1045.15,1051.55,1045.15,1050.1,45,3075,0
BANKNIFTY09OCT2451100CE.NFO,2024-10-03,15:20:00,2024-10-09,1050.1,1067.2,1050.1,1067.2,165,3075,0
BANKNIFTY09OCT2451100CE.NFO,2024-10-03,15:21:00,2024-10-09,1066.1,1066.1,1059.1,1060.45,60,3075,0
BANKNIFTY09OCT2451100CE.NFO,2024-10-03,15:22:00,2024-10-09,1060.45,1060.45,1060.45,1060.45,0,3075,0
BANKNIFTY09OCT2451100CE.NFO,2024-10-03,15:23:00,2024-10-09,1060.45,1060.45,1060.45,1060.45,45,2910,0
BANKNIFTY09OCT2451100CE.NFO,2024-10-03,15:24:00,2024-10-09,1060.45,1060.45,1060.45,1060.45,0,2910,0
BANKNIFTY09OCT2451100CE.NFO,2024-10-03,15:25:00,2024-10-09,1060.45,1087.45,1060.45,1087.45,60,2955,0
BANKNIFTY09OCT2451100CE.NFO,2024-10-03,15:26:00,2024-10-09,1087.45,1087.45,1087.45,1087.45,0,2955,0
BANKNIFTY09OCT2451100CE.NFO,2024-10-03,15:27:00,2024-10-09,1087.45,1099.45,1087.45,1089.15,390,2955,0
BANKNIFTY09OCT2451100CE.NFO,2024-10-03,15:28:00,2024-10-09,1089.15,1100.95,1089.15,1093.55,165,3015,0
BANKNIFTY09OCT2451100CE.NFO,2024-10-03,15:29:00,2024-10-09,1093.55,1099.45,1084.15,1084.15,420,3015,0
BANKNIFTY09OCT2451100CE.NFO,2024-10-03,15:30:00,2024-10-09,1084.15,1084.15,1084.15,1084.15,420,3015,1
BANKNIFTY09OCT2451100CE.NFO,2024-10-04,09:15:00,2024-10-09,1184.3,1184.3,1006.85,1006.85,660,3150,0
BANKNIFTY09OCT2451100CE.NFO,2024-10-04,09:16:00,2024-10-09,1006.85,1006.85,891.05,899.55,750,3150,0
BANKNIFTY09OCT2451100CE.NFO,2024-10-04,09:17:00,2024-10-09,899.55,938.45,890.45,935.35,990,3150,0
BANKNIFTY09OCT2451100CE.NFO,2024-10-04,09:18:00,2024-10-09,935.35,944.95,893.15,914.75,990,4500,0
BANKNIFTY09OCT2451100CE.NFO,2024-10-04,09:19:00,2024-10-09,914.75,943.1,903.15,915.15,315,4500,0
BANKNIFTY09OCT2451100CE.NFO,2024-10-04,09:20:00,2024-10-09,907.2,974.05,907.2,974.05,1155,4500,0
BANKNIFTY09OCT2451100CE.NFO,2024-10-04,09:21:00,2024-10-09,974.05,992.8,965.2,965.2,645,4890,0
BANKNIFTY09OCT2451100CE.NFO,2024-10-04,09:22:00,2024-10-09,965.2,965.2,941.6,947.2,315,4890,0
BANKNIFTY09OCT2451100CE.NFO,2024-10-04,09:23:00,2024-10-09,947.2,975.55,947.2,964.8,225,4890,0
BANKNIFTY09OCT2451100CE.NFO,2024-10-04,09:24:00,2024-10-09,964.8,964.8,905.2,915.2,225,4815,0
BANKNIFTY09OCT2451100CE.NFO,2024-10-04,09:25:00,2024-10-09,915.2,950.8,914.4,950.8,60,4815,0
BANKNIFTY09OCT2451100CE.NFO,2024-10-04,09:26:00,2024-10-09,950.8,950.8,931.6,931.6,120,4815,0
BANKNIFTY09OCT2451100CE.NFO,2024-10-04,09:27:00,2024-10-09,931.6,935.2,924.45,924.45,120,4860,0
BANKNIFTY09OCT2451100CE.NFO,2024-10-04,09:28:00,2024-10-09,924.45,945.0,924.45,945.0,285,4860,0
BANKNIFTY09OCT2451100CE.NFO,2024-10-04,09:29:00,2024-10-09,945.0,975.0,945.0,951.9,1380,4860,0
BANKNIFTY09OCT2451100CE.NFO,2024-10-04,09:30:00,2024-10-09,951.9,978.8,942.4,974.8,915,5295,0
BANKNIFTY09OCT2451100CE.NFO,2024-10-04,09:31:00,2024-10-09,980.0,980.0,940.0,940.0,705,5295,0
BANKNIFTY09OCT2451100CE.NFO,2024-10-04,09:32:00,2024-10-09,940.0,942.05,929.6,931.95,120,5295,0
BANKNIFTY09OCT2451100CE.NFO,2024-10-04,09:33:00,2024-10-09,931.95,991.95,931.95,987.55,540,5325,0
BANKNIFTY09OCT2451100CE.NFO,2024-10-04,09:34:00,2024-10-09,987.55,1010.0,961.95,999.2,1050,5325,0
BANKNIFTY09OCT2451100CE.NFO,2024-10-04,09:35:00,2024-10-09,999.2,1092.0,996.4,1073.95,1845,5325,0
BANKNIFTY09OCT2451100CE.NFO,2024-10-04,09:36:00,2024-10-09,1073.95,1073.95,1020.9,1024.05,2190,6015,0
BANKNIFTY09OCT2451100CE.NFO,2024-10-04,09:37:00,2024-10-09,1024.05,1055.0,1024.05,1055.0,1140,6015,0
BANKNIFTY09OCT2451100CE.NFO,2024-10-04,09:38:00,2024-10-09,1055.0,1078.0,1055.0,1078.0,90,6015,0
BANKNIFTY09OCT2451100CE.NFO,2024-10-04,09:39:00,2024-10-09,1103.85,1173.2,1103.85,1173.2,2850,7185,0
BANKNIFTY09OCT2451100CE.NFO,2024-10-04,09:40:00,2024-10-09,1173.2,1174.3,1110.8,1145.8,1350,7185,0
BANKNIFTY09OCT2451100CE.NFO,2024-10-04,09:41:00,2024-10-09,1145.8,1145.8,1100.0,1110.9,180,7185,0
BANKNIFTY09OCT2451100CE.NFO,2024-10-04,09:42:00,2024-10-09,1110.9,1110.9,1074.25,1094.6,825,6525,0
BANKNIFTY09OCT2451100CE.NFO,2024-10-04,09:43:00,2024-10-09,1094.6,1122.25,1072.45,1122.25,240,6525,0
BANKNIFTY09OCT2451100CE.NFO,2024-10-04,09:44:00,2024-10-09,1122.25,1122.25,1026.95,1026.95,330,6525,0
BANKNIFTY09OCT2451100CE.NFO,2024-10-04,09:45:00,2024-10-09,1026.95,1063.2,1026.95,1041.6,465,7200,0
BANKNIFTY09OCT2451100CE.NFO,2024-10-04,09:46:00,2024-10-09,1041.6,1041.6,1000.5,1010.25,690,7200,0
BANKNIFTY09OCT2451100CE.NFO,2024-10-04,09:47:00,2024-10-09,1010.25,1040.0,999.25,1040.0,240,7200,0
BANKNIFTY09OCT2451100CE.NFO,2024-10-04,09:48:00,2024-10-09,1040.0,1042.8,1030.05,1030.05,45,6645,0
BANKNIFTY09OCT2451100CE.NFO,2024-10-04,09:49:00,2024-10-09,1030.05,1061.95,1030.05,1061.2,270,6645,0
BANKNIFTY09OCT2451100CE.NFO,2024-10-04,09:50:00,2024-10-09,1061.2,1123.85,1037.05,1102.05,945,6645,0
BANKNIFTY09OCT2451100CE.NFO,2024-10-04,09:51:00,2024-10-09,1102.05,1102.45,1049.45,1052.95,870,7320,0
BANKNIFTY09OCT2451100CE.NFO,2024-10-04,09:52:00,2024-10-09,1052.95,1067.6,1042.6,1042.6,420,7320,0
BANKNIFTY09OCT2451100CE.NFO,2024-10-04,09:53:00,2024-10-09,1042.6,1063.5,1037.6,1063.5,90,7320,0
BANKNIFTY09OCT2451100CE.NFO,2024-10-04,09:54:00,2024-10-09,1063.5,1063.5,1059.45,1059.45,15,7035,0
BANKNIFTY09OCT2451100CE.NFO,2024-10-04,09:55:00,2024-10-09,1059.45,1068.2,1059.45,1062.8,30,7035,0
BANKNIFTY09OCT2451100CE.NFO,2024-10-04,09:56:00,2024-10-09,1062.8,1120.0,1062.8,1109.3,720,7035,0
BANKNIFTY09OCT2451100CE.NFO,2024-10-04,09:57:00,2024-10-09,1109.3,1166.6,1100.0,1157.15,210,6975,0
BANKNIFTY09OCT2451100CE.NFO,2024-10-04,09:58:00,2024-10-09,1157.15,1157.15,1127.8,1148.45,630,6975,0
BANKNIFTY09OCT2451100CE.NFO,2024-10-04,09:59:00,2024-10-09,1148.45,1180.0,1148.45,1180.0,285,6975,0
BANKNIFTY09OCT2451100CE.NFO,2024-10-04,10:00:00,2024-10-09,1180.0,1211.55,1167.05,1204.8,525,6810,0
BANKNIFTY09OCT2451100CE.NFO,2024-10-04,10:01:00,2024-10-09,1204.8,1204.8,1145.1,1145.1,750,6810,0
BANKNIFTY09OCT2451100CE.NFO,2024-10-04,10:02:00,2024-10-09,1145.1,1147.7,1138.45,1139.1,450,6810,0
BANKNIFTY09OCT2451100CE.NFO,2024-10-04,10:03:00,2024-10-09,1139.1,1153.0,1119.8,1153.0,120,7320,0
BANKNIFTY09OCT2451100CE.NFO,2024-10-04,10:04:00,2024-10-09,1153.0,1159.9,1136.75,1156.75,165,7320,0
BANKNIFTY09OCT2451100CE.NFO,2024-10-04,10:05:00,2024-10-09,1156.75,1156.75,1100.0,1100.0,375,7320,0
BANKNIFTY09OCT2451100CE.NFO,2024-10-04,10:06:00,2024-10-09,1100.0,1100.0,1100.0,1100.0,30,7530,0
BANKNIFTY09OCT2451100CE.NFO,2024-10-04,10:07:00,2024-10-09,1100.0,1100.0,1100.0,1100.0,0,7530,0
BANKNIFTY09OCT2451100CE.NFO,2024-10-04,10:08:00,2024-10-09,1100.0,1125.45,1100.0,1110.7,75,7530,0
BANKNIFTY09OCT2451100CE.NFO,2024-10-04,10:09:00,2024-10-09,1110.7,1110.7,1075.35,1080.0,135,7515,0
BANKNIFTY09OCT2451100CE.NFO,2024-10-04,10:10:00,2024-10-09,1080.0,1080.0,1045.65,1045.65,105,7515,0
BANKNIFTY09OCT2451100CE.NFO,2024-10-04,10:11:00,2024-10-09,1045.65,1064.0,1034.85,1064.0,270,7515,0
BANKNIFTY09OCT2451100CE.NFO,2024-10-04,10:12:00,2024-10-09,1064.0,1075.55,1048.2,1048.2,195,7605,0
BANKNIFTY09OCT2451100CE.NFO,2024-10-04,10:13:00,2024-10-09,1048.2,1048.2,1013.7,1029.45,345,7605,0
BANKNIFTY09OCT2451100CE.NFO,2024-10-04,10:14:00,2024-10-09,1029.45,1049.65,1029.45,1049.65,30,7605,0
BANKNIFTY09OCT2451100CE.NFO,2024-10-04,10:15:00,2024-10-09,1049.65,1059.8,1007.75,1009.1,630,7785,0
BANKNIFTY09OCT2451100CE.NFO,2024-10-04,10:16:00,2024-10-09,1009.1,1024.0,1008.45,1008.75,360,7785,0
BANKNIFTY09OCT2451100CE.NFO,2024-10-04,10:17:00,2024-10-09,1008.75,1047.05,1008.75,1045.0,120,7785,0
BANKNIFTY09OCT2451100CE.NFO,2024-10-04,10:18:00,2024-10-09,1045.0,1049.5,1021.5,1021.5,45,7860,0
BANKNIFTY09OCT2451100CE.NFO,2024-10-04,10:19:00,2024-10-09,1021.5,1021.5,977.0,978.45,510,7860,0
BANKNIFTY09OCT2451100CE.NFO,2024-10-04,10:20:00,2024-10-09,978.45,1013.6,978.45,1013.6,675,7860,0
BANKNIFTY09OCT2451100CE.NFO,2024-10-04,10:21:00,2024-10-09,1013.6,1032.8,1013.6,1032.8,30,7815,0
BANKNIFTY09OCT2451100CE.NFO,2024-10-04,10:22:00,2024-10-09,1032.8,1032.8,982.55,982.55,90,7815,0
BANKNIFTY09OCT2451100CE.NFO,2024-10-04,10:23:00,2024-10-09,982.55,1003.55,975.0,1002.8,435,7815,0
BANKNIFTY09OCT2451100CE.NFO,2024-10-04,10:24:00,2024-10-09,1002.8,1002.8,993.6,993.6,45,7935,0
BANKNIFTY09OCT2451100CE.NFO,2024-10-04,10:25:00,2024-10-09,993.6,1009.9,975.7,975.7,285,7935,0
BANKNIFTY09OCT2451100CE.NFO,2024-10-04,10:26:00,2024-10-09,975.7,1002.35,975.7,1002.35,45,7935,0
BANKNIFTY09OCT2451100CE.NFO,2024-10-04,10:27:00,2024-10-09,1002.35,1019.6,1002.0,1002.0,120,7890,0
BANKNIFTY09OCT2451100CE.NFO,2024-10-04,10:28:00,2024-10-09,1002.0,1002.0,970.05,970.05,120,7890,0
BANKNIFTY09OCT2451100CE.NFO,2024-10-04,10:29:00,2024-10-09,970.05,984.75,970.05,981.95,270,7890,0
BANKNIFTY09OCT2451100CE.NFO,2024-10-04,10:30:00,2024-10-09,981.95,989.55,971.4,989.55,765,8145,0
BANKNIFTY09OCT2451100CE.NFO,2024-10-04,10:31:00,2024-10-09,989.55,989.55,980.75,980.75,30,8145,0
BANKNIFTY09OCT2451100CE.NFO,2024-10-04,10:32:00,2024-10-09,980.75,1004.3,980.75,999.6,870,8145,0
BANKNIFTY09OCT2451100CE.NFO,2024-10-04,10:33:00,2024-10-09,999.6,1017.2,978.5,1015.95,135,8175,0
BANKNIFTY09OCT2451100CE.NFO,2024-10-04,10:34:00,2024-10-09,1015.95,1050.0,1015.95,1041.2,345,8175,0
BANKNIFTY09OCT2451100CE.NFO,2024-10-04,10:35:00,2024-10-09,1041.2,1050.65,1029.55,1029.55,765,8175,0
BANKNIFTY09OCT2451100CE.NFO,2024-10-04,10:36:00,2024-10-09,1029.55,1029.55,1010.25,1025.6,390,8640,0
BANKNIFTY09OCT2451100CE.NFO,2024-10-04,10:37:00,2024-10-09,1025.6,1052.1,1023.7,1050.0,660,8640,0
BANKNIFTY09OCT2451100CE.NFO,2024-10-04,10:38:00,2024-10-09,1050.0,1060.0,1050.0,1060.0,270,8640,0
BANKNIFTY09OCT2451100CE.NFO,2024-10-04,10:39:00,2024-10-09,1060.0,1075.0,1058.5,1075.0,225,8880,0
BANKNIFTY09OCT2451100CE.NFO,2024-10-04,10:40:00,2024-10-09,1075.0,1103.0,1072.0,1081.85,495,8880,0
BANKNIFTY09OCT2451100CE.NFO,2024-10-04,10:41:00,2024-10-09,1081.85,1081.85,1081.85,1081.85,0,8880,0
BANKNIFTY09OCT2451100CE.NFO,2024-10-04,10:42:00,2024-10-09,1081.85,1146.45,1081.85,1127.9,660,8850,0
BANKNIFTY09OCT2451100CE.NFO,2024-10-04,10:43:00,2024-10-09,1127.9,1151.0,1118.55,1146.75,915,8850,0
BANKNIFTY09OCT2451100CE.NFO,2024-10-04,10:44:00,2024-10-09,1146.75,1190.45,1146.75,1176.25,435,8850,0
BANKNIFTY09OCT2451100CE.NFO,2024-10-04,10:45:00,2024-10-09,1176.25,1241.85,1176.25,1241.85,1515,7980,0
BANKNIFTY09OCT2451100CE.NFO,2024-10-04,10:46:00,2024-10-09,1241.85,1242.4,1203.0,1220.15,420,7980,0
BANKNIFTY09OCT2451100CE.NFO,2024-10-04,10:47:00,2024-10-09,1220.15,1220.15,1199.2,1199.2,15,7980,0
BANKNIFTY09OCT2451100CE.NFO,2024-10-04,10:48:00,2024-10-09,1199.2,1235.0,1196.1,1235.0,150,7755,0
BANKNIFTY09OCT2451100CE.NFO,2024-10-04,10:49:00,2024-10-09,1235.0,1238.2,1209.25,1209.25,165,7755,0
BANKNIFTY09OCT2451100CE.NFO,2024-10-04,10:50:00,2024-10-09,1208.4,1248.0,1208.4,1238.25,210,7755,0
BANKNIFTY09OCT2451100CE.NFO,2024-10-04,10:51:00,2024-10-09,1238.25,1290.2,1238.25,1285.15,405,7725,0
BANKNIFTY09OCT2451100CE.NFO,2024-10-04,10:52:00,2024-10-09,1285.15,1328.1,1285.15,1299.65,90,7725,0
BANKNIFTY09OCT2451100CE.NFO,2024-10-04,10:53:00,2024-10-09,1299.65,1328.45,1283.2,1283.2,90,7725,0
BANKNIFTY09OCT2451100CE.NFO,2024-10-04,10:54:00,2024-10-09,1283.2,1330.0,1283.2,1314.8,360,7605,0
BANKNIFTY09OCT2451100CE.NFO,2024-10-04,10:55:00,2024-10-09,1314.8,1348.75,1314.8,1334.8,360,7605,0
BANKNIFTY09OCT2451100CE.NFO,2024-10-04,10:56:00,2024-10-09,1334.8,1359.5,1334.8,1338.7,90,7605,0
BANKNIFTY09OCT2451100CE.NFO,2024-10-04,10:57:00,2024-10-09,1338.7,1350.0,1319.3,1320.0,60,7575,0
BANKNIFTY09OCT2451100CE.NFO,2024-10-04,10:58:00,2024-10-09,1320.0,1361.95,1320.0,1361.7,135,7575,0
BANKNIFTY09OCT2451100CE.NFO,2024-10-04,10:59:00,2024-10-09,1361.7,1361.7,1340.4,1340.4,180,7575,0
BANKNIFTY09OCT2451100CE.NFO,2024-10-04,11:00:00,2024-10-09,1340.4,1340.4,1336.45,1336.45,15,7710,0
BANKNIFTY09OCT2451100CE.NFO,2024-10-04,11:01:00,2024-10-09,1336.45,1336.45,1294.05,1294.05,1125,7710,0
BANKNIFTY09OCT2451100CE.NFO,2024-10-04,11:02:00,2024-10-09,1294.05,1295.85,1269.45,1269.45,180,7710,0
BANKNIFTY09OCT2451100CE.NFO,2024-10-04,11:03:00,2024-10-09,1269.45,1269.45,1211.0,1236.1,810,8805,0
BANKNIFTY09OCT2451100CE.NFO,2024-10-04,11:04:00,2024-10-09,1236.1,1243.0,1228.45,1240.45,270,8805,0
BANKNIFTY09OCT2451100CE.NFO,2024-10-04,11:05:00,2024-10-09,1240.45,1251.4,1226.6,1226.6,225,8805,0
BANKNIFTY09OCT2451100CE.NFO,2024-10-04,11:06:00,2024-10-09,1226.6,1245.85,1200.25,1200.25,675,9015,0
BANKNIFTY09OCT2451100CE.NFO,2024-10-04,11:07:00,2024-10-09,1200.25,1250.05,1200.25,1249.0,240,9015,0
BANKNIFTY09OCT2451100CE.NFO,2024-10-04,11:08:00,2024-10-09,1249.0,1279.55,1249.0,1258.55,240,9015,0
BANKNIFTY09OCT2451100CE.NFO,2024-10-04,11:09:00,2024-10-09,1258.55,1260.25,1257.85,1260.25,75,9015,0
BANKNIFTY09OCT2451100CE.NFO,2024-10-04,11:10:00,2024-10-09,1260.25,1260.25,1219.15,1219.15,15,9060,0
BANKNIFTY09OCT2451100CE.NFO,2024-10-04,11:11:00,2024-10-09,1219.15,1219.15,1219.15,1219.15,0,9060,0
BANKNIFTY09OCT2451100CE.NFO,2024-10-04,11:12:00,2024-10-09,1219.15,1254.85,1219.15,1254.85,15,9060,0
BANKNIFTY09OCT2451100CE.NFO,2024-10-04,11:13:00,2024-10-09,1254.85,1297.1,1254.85,1290.5,150,9060,0
BANKNIFTY09OCT2451100CE.NFO,2024-10-04,11:14:00,2024-10-09,1290.5,1308.9,1279.05,1300.0,210,9060,0
BANKNIFTY09OCT2451100CE.NFO,2024-10-04,11:15:00,2024-10-09,1300.0,1300.0,1283.4,1283.4,150,9060,0
BANKNIFTY09OCT2451100CE.NFO,2024-10-04,11:16:00,2024-10-09,1283.4,1283.4,1283.4,1283.4,0,9060,0
BANKNIFTY09OCT2451100CE.NFO,2024-10-04,11:17:00,2024-10-09,1283.4,1350.1,1283.4,1350.1,1155,9090,0
BANKNIFTY09OCT2451100CE.NFO,2024-10-04,11:18:00,2024-10-09,1350.1,1358.2,1318.35,1318.35,255,8400,0
BANKNIFTY09OCT2451100CE.NFO,2024-10-04,11:19:00,2024-10-09,1318.35,1331.4,1318.35,1331.4,30,8400,0
BANKNIFTY09OCT2451100CE.NFO,2024-10-04,11:20:00,2024-10-09,1331.4,1331.4,1296.95,1326.2,255,8400,0
BANKNIFTY09OCT2451100CE.NFO,2024-10-04,11:21:00,2024-10-09,1326.2,1326.2,1296.95,1314.9,540,8190,0
BANKNIFTY09OCT2451100CE.NFO,2024-10-04,11:22:00,2024-10-09,1314.9,1314.9,1314.9,1314.9,0,8190,0
BANKNIFTY09OCT2451100CE.NFO,2024-10-04,11:23:00,2024-10-09,1314.9,1314.9,1275.5,1275.5,45,8190,0
BANKNIFTY09OCT2451100CE.NFO,2024-10-04,11:24:00,2024-10-09,1275.5,1275.5,1248.1,1248.1,285,8145,0
BANKNIFTY09OCT2451100CE.NFO,2024-10-04,11:25:00,2024-10-09,1248.1,1248.1,1244.6,1244.6,15,8145,0
BANKNIFTY09OCT2451100CE.NFO,2024-10-04,11:26:00,2024-10-09,1244.6,1244.6,1236.45,1239.7,30,8145,0
BANKNIFTY09OCT2451100CE.NFO,2024-10-04,11:27:00,2024-10-09,1239.7,1274.4,1239.7,1274.4,75,8115,0
BANKNIFTY09OCT2451100CE.NFO,2024-10-04,11:28:00,2024-10-09,1274.4,1274.4,1213.5,1213.5,285,8115,0
BANKNIFTY09OCT2451100CE.NFO,2024-10-04,11:29:00,2024-10-09,1213.5,1244.1,1205.6,1244.1,30,8115,0
BANKNIFTY09OCT2451100CE.NFO,2024-10-04,11:30:00,2024-10-09,1244.1,1251.5,1241.5,1241.5,225,8370,0
BANKNIFTY09OCT2451100CE.NFO,2024-10-04,11:31:00,2024-10-09,1241.5,1241.5,1211.0,1211.0,30,8370,0
BANKNIFTY09OCT2451100CE.NFO,2024-10-04,11:32:00,2024-10-09,1211.0,1211.0,1211.0,1211.0,75,8370,0
BANKNIFTY09OCT2451100CE.NFO,2024-10-04,11:33:00,2024-10-09,1211.0,1211.0,1182.0,1183.95,180,8475,0
BANKNIFTY09OCT2451100CE.NFO,2024-10-04,11:34:00,2024-10-09,1183.95,1194.05,1183.95,1194.05,30,8475,0
BANKNIFTY09OCT2451100CE.NFO,2024-10-04,11:35:00,2024-10-09,1194.05,1211.5,1181.75,1211.5,405,8475,0
BANKNIFTY09OCT2451100CE.NFO,2024-10-04,11:36:00,2024-10-09,1211.5,1215.35,1198.45,1198.45,45,8385,0
BANKNIFTY09OCT2451100CE.NFO,2024-10-04,11:37:00,2024-10-09,1198.45,1223.15,1198.25,1223.15,420,8385,0
BANKNIFTY09OCT2451100CE.NFO,2024-10-04,11:38:00,2024-10-09,1223.15,1234.35,1223.15,1234.35,15,8385,0
BANKNIFTY09OCT2451100CE.NFO,2024-10-04,11:39:00,2024-10-09,1234.35,1242.1,1234.35,1242.1,90,8385,0
BANKNIFTY09OCT2451100CE.NFO,2024-10-04,11:40:00,2024-10-09,1242.1,1246.45,1218.6,1218.6,270,8250,0
BANKNIFTY09OCT2451100CE.NFO,2024-10-04,11:41:00,2024-10-09,1218.6,1226.3,1218.6,1226.3,135,8250,0
BANKNIFTY09OCT2451100CE.NFO,2024-10-04,11:42:00,2024-10-09,1226.3,1260.0,1226.3,1240.3,450,8265,0
BANKNIFTY09OCT2451100CE.NFO,2024-10-04,11:43:00,2024-10-09,1240.3,1240.3,1227.25,1227.25,360,8265,0
BANKNIFTY09OCT2451100CE.NFO,2024-10-04,11:44:00,2024-10-09,1227.25,1234.85,1227.25,1234.85,645,8265,0
BANKNIFTY09OCT2451100CE.NFO,2024-10-04,11:45:00,2024-10-09,1234.85,1234.85,1234.85,1234.85,0,8265,0
BANKNIFTY09OCT2451100CE.NFO,2024-10-04,11:46:00,2024-10-09,1234.85,1239.5,1234.85,1239.5,15,8490,0
BANKNIFTY09OCT2451100CE.NFO,2024-10-04,11:47:00,2024-10-09,1239.5,1239.5,1225.4,1225.4,15,8490,0
BANKNIFTY09OCT2451100CE.NFO,2024-10-04,11:48:00,2024-10-09,1225.4,1225.4,1225.4,1225.4,0,8490,0
BANKNIFTY09OCT2451100CE.NFO,2024-10-04,11:49:00,2024-10-09,1225.4,1225.4,1225.4,1225.4,0,8490,0
BANKNIFTY09OCT2451100CE.NFO,2024-10-04,11:50:00,2024-10-09,1225.4,1259.95,1225.4,1259.95,15,8490,0
BANKNIFTY09OCT2451100CE.NFO,2024-10-04,11:51:00,2024-10-09,1259.95,1285.55,1259.95,1277.95,330,8385,0
BANKNIFTY09OCT2451100CE.NFO,2024-10-04,11:52:00,2024-10-09,1277.95,1302.85,1277.95,1302.85,30,8385,0
BANKNIFTY09OCT2451100CE.NFO,2024-10-04,11:53:00,2024-10-09,1302.85,1325.2,1302.85,1325.2,210,8385,0
BANKNIFTY09OCT2451100CE.NFO,2024-10-04,11:54:00,2024-10-09,1325.2,1325.2,1325.2,1325.2,0,8385,0
BANKNIFTY09OCT2451100CE.NFO,2024-10-04,11:55:00,2024-10-09,1325.2,1325.2,1316.65,1316.65,15,8400,0
BANKNIFTY09OCT2451100CE.NFO,2024-10-04,11:56:00,2024-10-09,1316.65,1317.45,1316.65,1317.45,15,8400,0
BANKNIFTY09OCT2451100CE.NFO,2024-10-04,11:57:00,2024-10-09,1317.45,1317.45,1317.45,1317.45,0,8400,0
BANKNIFTY09OCT2451100CE.NFO,2024-10-04,11:58:00,2024-10-09,1317.45,1351.3,1316.55,1351.3,90,8415,0
BANKNIFTY09OCT2451100CE.NFO,2024-10-04,11:59:00,2024-10-09,1351.3,1351.3,1351.3,1351.3,0,8415,0
BANKNIFTY09OCT2451100CE.NFO,2024-10-04,12:00:00,2024-10-09,1351.3,1355.0,1322.1,1322.1,105,8430,0
BANKNIFTY09OCT2451100CE.NFO,2024-10-04,12:01:00,2024-10-09,1322.1,1322.1,1322.1,1322.1,0,8430,0
BANKNIFTY09OCT2451100CE.NFO,2024-10-04,12:02:00,2024-10-09,1322.1,1330.0,1322.1,1330.0,15,8430,0
BANKNIFTY09OCT2451100CE.NFO,2024-10-04,12:03:00,2024-10-09,1330.0,1337.35,1330.0,1337.35,15,8400,0
BANKNIFTY09OCT2451100CE.NFO,2024-10-04,12:04:00,2024-10-09,1337.35,1337.35,1337.35,1337.35,0,8400,0
BANKNIFTY09OCT2451100CE.NFO,2024-10-04,12:05:00,2024-10-09,1337.35,1337.35,1335.85,1335.85,15,8400,0
BANKNIFTY09OCT2451100CE.NFO,2024-10-04,12:06:00,2024-10-09,1335.85,1335.85,1330.0,1331.45,45,8370,0
BANKNIFTY09OCT2451100CE.NFO,2024-10-04,12:07:00,2024-10-09,1331.45,1331.45,1331.45,1331.45,0,8370,0
BANKNIFTY09OCT2451100CE.NFO,2024-10-04,12:08:00,2024-10-09,1331.45,1331.45,1331.45,1331.45,0,8370,0
BANKNIFTY09OCT2451100CE.NFO,2024-10-04,12:09:00,2024-10-09,1331.45,1380.25,1331.45,1365.4,150,8355,0
BANKNIFTY09OCT2451100CE.NFO,2024-10-04,12:10:00,2024-10-09,1365.4,1412.1,1365.4,1412.1,135,8355,0
BANKNIFTY09OCT2451100CE.NFO,2024-10-04,12:11:00,2024-10-09,1412.1,1412.1,1412.1,1412.1,0,8355,0
BANKNIFTY09OCT2451100CE.NFO,2024-10-04,12:12:00,2024-10-09,1412.1,1412.1,1388.65,1388.65,45,8355,0
BANKNIFTY09OCT2451100CE.NFO,2024-10-04,12:13:00,2024-10-09,1388.65,1388.65,1379.9,1379.9,15,8370,0
BANKNIFTY09OCT2451100CE.NFO,2024-10-04,12:14:00,2024-10-09,1379.9,1388.75,1379.9,1388.75,30,8370,0
BANKNIFTY09OCT2451100CE.NFO,2024-10-04,12:15:00,2024-10-09,1388.75,1388.75,1388.75,1388.75,0,8370,0
BANKNIFTY09OCT2451100CE.NFO,2024-10-04,12:16:00,2024-10-09,1388.75,1388.75,1388.75,1388.75,0,8370,0
BANKNIFTY09OCT2451100CE.NFO,2024-10-04,12:17:00,2024-10-09,1388.75,1388.75,1353.6,1353.6,90,8385,0
BANKNIFTY09OCT2451100CE.NFO,2024-10-04,12:18:00,2024-10-09,1353.6,1353.6,1353.6,1353.6,45,8385,0
BANKNIFTY09OCT2451100CE.NFO,2024-10-04,12:19:00,2024-10-09,1353.6,1353.6,1351.3,1351.3,15,8325,0
BANKNIFTY09OCT2451100CE.NFO,2024-10-04,12:20:00,2024-10-09,1351.3,1351.3,1351.3,1351.3,0,8325,0
BANKNIFTY09OCT2451100CE.NFO,2024-10-04,12:21:00,2024-10-09,1351.3,1351.3,1351.3,1351.3,0,8325,0
BANKNIFTY09OCT2451100CE.NFO,2024-10-04,12:22:00,2024-10-09,1351.3,1351.3,1351.3,1351.3,0,8325,0
BANKNIFTY09OCT2451100CE.NFO,2024-10-04,12:23:00,2024-10-09,1351.3,1359.0,1351.3,1359.0,15,8325,0
BANKNIFTY09OCT2451100CE.NFO,2024-10-04,12:24:00,2024-10-09,1359.0,1359.0,1355.05,1355.05,30,8325,0
BANKNIFTY09OCT2451100CE.NFO,2024-10-04,12:25:00,2024-10-09,1355.05,1355.05,1355.05,1355.05,0,8325,0
BANKNIFTY09OCT2451100CE.NFO,2024-10-04,12:26:00,2024-10-09,1355.05,1355.05,1355.05,1355.05,0,8325,0
BANKNIFTY09OCT2451100CE.NFO,2024-10-04,12:27:00,2024-10-09,1355.05,1355.05,1355.05,1355.05,0,8325,0
BANKNIFTY09OCT2451100CE.NFO,2024-10-04,12:28:00,2024-10-09,1355.05,1376.1,1348.0,1348.0,30,8325,0
BANKNIFTY09OCT2451100CE.NFO,2024-10-04,12:29:00,2024-10-09,1348.0,1348.0,1348.0,1348.0,15,8325,0
BANKNIFTY09OCT2451100CE.NFO,2024-10-04,12:30:00,2024-10-09,1348.0,1348.0,1309.0,1309.0,15,8325,0
BANKNIFTY09OCT2451100CE.NFO,2024-10-04,12:31:00,2024-10-09,1309.0,1309.0,1309.0,1309.0,0,8325,0
BANKNIFTY09OCT2451100CE.NFO,2024-10-04,12:32:00,2024-10-09,1309.0,1311.5,1309.0,1311.5,15,8325,0
BANKNIFTY09OCT2451100CE.NFO,2024-10-04,12:33:00,2024-10-09,1311.5,1311.5,1297.45,1297.45,90,8310,0
BANKNIFTY09OCT2451100CE.NFO,2024-10-04,12:34:00,2024-10-09,1297.45,1297.45,1210.2,1210.2,375,8310,0
BANKNIFTY09OCT2451100CE.NFO,2024-10-04,12:35:00,2024-10-09,1210.2,1283.9,1210.2,1283.9,420,8310,0
BANKNIFTY09OCT2451100CE.NFO,2024-10-04,12:36:00,2024-10-09,1283.9,1283.9,1283.9,1283.9,0,8310,0
BANKNIFTY09OCT2451100CE.NFO,2024-10-04,12:37:00,2024-10-09,1283.9,1283.9,1199.75,1211.85,480,8250,0
BANKNIFTY09OCT2451100CE.NFO,2024-10-04,12:38:00,2024-10-09,1211.85,1212.95,1173.65,1173.65,240,8250,0
BANKNIFTY09OCT2451100CE.NFO,2024-10-04,12:39:00,2024-10-09,1173.65,1173.65,1091.85,1119.0,375,8535,0
BANKNIFTY09OCT2451100CE.NFO,2024-10-04,12:40:00,2024-10-09,1119.0,1138.5,1104.2,1108.4,390,8535,0
BANKNIFTY09OCT2451100CE.NFO,2024-10-04,12:41:00,2024-10-09,1108.4,1128.25,1093.9,1128.25,270,8535,0
BANKNIFTY09OCT2451100CE.NFO,2024-10-04,12:42:00,2024-10-09,1128.25,1128.25,1056.25,1084.75,825,8550,0
BANKNIFTY09OCT2451100CE.NFO,2024-10-04,12:43:00,2024-10-09,1084.75,1084.75,1039.35,1040.05,210,8550,0
BANKNIFTY09OCT2451100CE.NFO,2024-10-04,12:44:00,2024-10-09,1040.05,1053.5,1015.8,1030.8,1500,8550,0
BANKNIFTY09OCT2451100CE.NFO,2024-10-04,12:45:00,2024-10-09,1030.8,1066.55,1028.75,1050.9,420,10200,0
BANKNIFTY09OCT2451100CE.NFO,2024-10-04,12:46:00,2024-10-09,1050.9,1078.4,1038.95,1078.4,210,10200,0
BANKNIFTY09OCT2451100CE.NFO,2024-10-04,12:47:00,2024-10-09,1051.85,1056.8,987.45,991.0,750,10200,0
BANKNIFTY09OCT2451100CE.NFO,2024-10-04,12:48:00,2024-10-09,991.0,1018.55,991.0,1018.55,150,10095,0
BANKNIFTY09OCT2451100CE.NFO,2024-10-04,12:49:00,2024-10-09,1018.55,1018.55,954.5,972.95,285,10095,0
BANKNIFTY09OCT2451100CE.NFO,2024-10-04,12:50:00,2024-10-09,972.95,996.15,966.4,996.15,495,10095,0
BANKNIFTY09OCT2451100CE.NFO,2024-10-04,12:51:00,2024-10-09,996.15,996.15,963.05,963.05,150,10425,0
BANKNIFTY09OCT2451100CE.NFO,2024-10-04,12:52:00,2024-10-09,963.05,1018.0,963.05,1004.05,225,10425,0
BANKNIFTY09OCT2451100CE.NFO,2024-10-04,12:53:00,2024-10-09,1004.05,1015.2,985.6,1003.95,285,10425,0
BANKNIFTY09OCT2451100CE.NFO,2024-10-04,12:54:00,2024-10-09,1003.95,1012.8,1003.95,1003.95,90,10650,0
BANKNIFTY09OCT2451100CE.NFO,2024-10-04,12:55:00,2024-10-09,1003.95,1003.95,1001.7,1001.7,15,10650,0
BANKNIFTY09OCT2451100CE.NFO,2024-10-04,12:56:00,2024-10-09,1001.7,1001.7,938.05,954.15,630,10650,0
BANKNIFTY09OCT2451100CE.NFO,2024-10-04,12:57:00,2024-10-09,954.15,975.1,954.15,957.65,225,10980,0
BANKNIFTY09OCT2451100CE.NFO,2024-10-04,12:58:00,2024-10-09,957.65,969.35,957.65,969.35,60,10980,0
BANKNIFTY09OCT2451100CE.NFO,2024-10-04,12:59:00,2024-10-09,969.35,969.35,912.0,912.0,615,10980,0
BANKNIFTY09OCT2451100CE.NFO,2024-10-04,13:00:00,2024-10-09,912.0,924.8,905.15,922.05,1035,11550,0
BANKNIFTY09OCT2451100CE.NFO,2024-10-04,13:01:00,2024-10-09,922.05,941.4,919.6,938.6,1320,11550,0
BANKNIFTY09OCT2451100CE.NFO,2024-10-04,13:02:00,2024-10-09,936.4,949.75,919.3,949.75,2220,11550,0
BANKNIFTY09OCT2451100CE.NFO,2024-10-04,13:03:00,2024-10-09,949.75,954.35,944.05,954.35,165,11550,0
BANKNIFTY09OCT2451100CE.NFO,2024-10-04,13:04:00,2024-10-09,954.35,954.35,936.0,944.4,975,13275,0
BANKNIFTY09OCT2451100CE.NFO,2024-10-04,13:05:00,2024-10-09,944.4,948.8,927.2,944.8,495,13275,0
BANKNIFTY09OCT2451100CE.NFO,2024-10-04,13:06:00,2024-10-09,944.8,980.9,944.25,980.9,15,13005,0
BANKNIFTY09OCT2451100CE.NFO,2024-10-04,13:07:00,2024-10-09,980.9,980.9,953.7,953.7,105,13005,0
BANKNIFTY09OCT2451100CE.NFO,2024-10-04,13:08:00,2024-10-09,953.7,953.7,953.7,953.7,0,13005,0
BANKNIFTY09OCT2451100CE.NFO,2024-10-04,13:09:00,2024-10-09,953.7,953.7,949.0,951.65,90,13005,0
BANKNIFTY09OCT2451100CE.NFO,2024-10-04,13:10:00,2024-10-09,951.65,951.65,943.0,943.0,90,13350,0
BANKNIFTY09OCT2451100CE.NFO,2024-10-04,13:11:00,2024-10-09,943.0,978.0,943.0,978.0,165,13350,0
BANKNIFTY09OCT2451100CE.NFO,2024-10-04,13:12:00,2024-10-09,978.0,978.0,966.15,976.15,60,13350,0
BANKNIFTY09OCT2451100CE.NFO,2024-10-04,13:13:00,2024-10-09,976.15,976.15,945.0,945.0,30,13410,0
BANKNIFTY09OCT2451100CE.NFO,2024-10-04,13:14:00,2024-10-09,945.0,954.4,941.75,947.4,300,13410,0
BANKNIFTY09OCT2451100CE.NFO,2024-10-04,13:15:00,2024-10-09,947.4,962.0,926.05,934.95,315,13350,0
BANKNIFTY09OCT2451100CE.NFO,2024-10-04,13:16:00,2024-10-09,929.75,963.7,929.75,963.7,285,13350,0
BANKNIFTY09OCT2451100CE.NFO,2024-10-04,13:17:00,2024-10-09,963.7,963.7,955.5,955.5,30,13350,0
BANKNIFTY09OCT2451100CE.NFO,2024-10-04,13:18:00,2024-10-09,955.5,955.5,953.15,953.15,15,13350,0
BANKNIFTY09OCT2451100CE.NFO,2024-10-04,13:19:00,2024-10-09,953.15,960.4,938.4,939.5,450,13290,0
BANKNIFTY09OCT2451100CE.NFO,2024-10-04,13:20:00,2024-10-09,939.5,939.6,929.5,929.5,375,13290,0
BANKNIFTY09OCT2451100CE.NFO,2024-10-04,13:21:00,2024-10-09,929.5,930.4,919.6,930.4,540,13290,0
BANKNIFTY09OCT2451100CE.NFO,2024-10-04,13:22:00,2024-10-09,930.4,938.05,930.4,937.2,180,14025,0
BANKNIFTY09OCT2451100CE.NFO,2024-10-04,13:23:00,2024-10-09,937.2,940.8,936.05,940.8,165,14025,0
BANKNIFTY09OCT2451100CE.NFO,2024-10-04,13:24:00,2024-10-09,940.8,940.8,908.5,908.5,780,14085,0
BANKNIFTY09OCT2451100CE.NFO,2024-10-04,13:25:00,2024-10-09,908.5,917.55,900.0,900.0,540,14085,0
BANKNIFTY09OCT2451100CE.NFO,2024-10-04,13:26:00,2024-10-09,900.0,908.9,887.75,904.6,3780,14085,0
BANKNIFTY09OCT2451100CE.NFO,2024-10-04,13:27:00,2024-10-09,904.6,929.6,904.6,919.85,1110,13665,0
BANKNIFTY09OCT2451100CE.NFO,2024-10-04,13:28:00,2024-10-09,919.85,936.0,919.85,936.0,540,13665,0
BANKNIFTY09OCT2451100CE.NFO,2024-10-04,13:29:00,2024-10-09,936.0,936.0,921.05,921.25,1125,13665,0
BANKNIFTY09OCT2451100CE.NFO,2024-10-04,13:30:00,2024-10-09,921.25,921.25,901.95,902.6,705,13665,0
BANKNIFTY09OCT2451100CE.NFO,2024-10-04,13:31:00,2024-10-09,902.6,902.6,874.4,886.4,1020,14490,0
BANKNIFTY09OCT2451100CE.NFO,2024-10-04,13:32:00,2024-10-09,886.4,900.0,880.0,880.0,510,14490,0
BANKNIFTY09OCT2451100CE.NFO,2024-10-04,13:33:00,2024-10-09,880.0,880.0,839.4,850.75,1695,15495,0
BANKNIFTY09OCT2451100CE.NFO,2024-10-04,13:34:00,2024-10-09,850.75,854.4,830.0,854.4,1005,15495,0
BANKNIFTY09OCT2451100CE.NFO,2024-10-04,13:35:00,2024-10-09,854.4,854.4,813.3,822.1,2025,15495,0
BANKNIFTY09OCT2451100CE.NFO,2024-10-04,13:36:00,2024-10-09,821.1,826.8,810.75,820.1,975,15495,0
BANKNIFTY09OCT2451100CE.NFO,2024-10-04,13:37:00,2024-10-09,820.1,843.1,816.95,843.1,300,16170,0
BANKNIFTY09OCT2451100CE.NFO,2024-10-04,13:38:00,2024-10-09,843.1,843.1,819.6,819.6,1305,16170,0
BANKNIFTY09OCT2451100CE.NFO,2024-10-04,13:39:00,2024-10-09,819.6,819.6,792.25,794.75,885,15825,0
BANKNIFTY09OCT2451100CE.NFO,2024-10-04,13:40:00,2024-10-09,794.75,804.9,774.55,777.55,765,15825,0
BANKNIFTY09OCT2451100CE.NFO,2024-10-04,13:41:00,2024-10-09,777.55,777.55,741.8,763.45,1305,15825,0
BANKNIFTY09OCT2451100CE.NFO,2024-10-04,13:42:00,2024-10-09,763.45,775.15,753.5,774.6,1440,16515,0
BANKNIFTY09OCT2451100CE.NFO,2024-10-04,13:43:00,2024-10-09,776.5,778.9,750.0,751.35,630,16515,0
BANKNIFTY09OCT2451100CE.NFO,2024-10-04,13:44:00,2024-10-09,751.35,776.35,751.35,773.1,1500,16515,0
BANKNIFTY09OCT2451100CE.NFO,2024-10-04,13:45:00,2024-10-09,773.1,773.1,722.05,728.75,2505,18105,0
BANKNIFTY09OCT2451100CE.NFO,2024-10-04,13:46:00,2024-10-09,728.75,733.0,706.4,706.4,2895,18105,0
BANKNIFTY09OCT2451100CE.NFO,2024-10-04,13:47:00,2024-10-09,706.75,726.4,696.05,726.4,4740,18105,0
BANKNIFTY09OCT2451100CE.NFO,2024-10-04,13:48:00,2024-10-09,726.4,726.95,703.95,722.25,2025,19965,0
BANKNIFTY09OCT2451100CE.NFO,2024-10-04,13:49:00,2024-10-09,722.25,754.35,717.55,748.9,4095,19965,0
BANKNIFTY09OCT2451100CE.NFO,2024-10-04,13:50:00,2024-10-09,748.9,754.8,734.5,753.1,2040,19965,0
BANKNIFTY09OCT2451100CE.NFO,2024-10-04,13:51:00,2024-10-09,753.1,756.9,729.85,749.8,1770,20100,0
BANKNIFTY09OCT2451100CE.NFO,2024-10-04,13:52:00,2024-10-09,749.8,764.9,747.65,763.3,1860,20100,0
BANKNIFTY09OCT2451100CE.NFO,2024-10-04,13:53:00,2024-10-09,763.3,785.1,755.15,781.9,1620,20100,0
BANKNIFTY09OCT2451100CE.NFO,2024-10-04,13:54:00,2024-10-09,781.9,781.9,743.5,745.75,1680,19695,0
BANKNIFTY09OCT2451100CE.NFO,2024-10-04,13:55:00,2024-10-09,745.75,773.25,745.75,771.0,510,19695,0
BANKNIFTY09OCT2451100CE.NFO,2024-10-04,13:56:00,2024-10-09,771.0,775.75,740.5,740.75,1095,19695,0
BANKNIFTY09OCT2451100CE.NFO,2024-10-04,13:57:00,2024-10-09,740.75,749.5,733.15,746.55,495,19455,0
BANKNIFTY09OCT2451100CE.NFO,2024-10-04,13:58:00,2024-10-09,746.55,755.0,732.25,742.75,1380,19455,0
BANKNIFTY09OCT2451100CE.NFO,2024-10-04,13:59:00,2024-10-09,742.75,753.3,735.0,735.0,990,19455,0
BANKNIFTY09OCT2451100CE.NFO,2024-10-04,14:00:00,2024-10-09,735.0,741.95,730.4,730.4,990,20460,0
BANKNIFTY09OCT2451100CE.NFO,2024-10-04,14:01:00,2024-10-09,730.4,749.35,720.05,727.55,1935,20460,0
BANKNIFTY09OCT2451100CE.NFO,2024-10-04,14:02:00,2024-10-09,727.55,750.45,724.6,749.75,1335,20460,0
BANKNIFTY09OCT2451100CE.NFO,2024-10-04,14:03:00,2024-10-09,749.75,751.4,737.6,737.6,900,20460,0
BANKNIFTY09OCT2451100CE.NFO,2024-10-04,14:04:00,2024-10-09,737.6,737.6,727.8,727.8,330,21360,0
BANKNIFTY09OCT2451100CE.NFO,2024-10-04,14:05:00,2024-10-09,727.8,733.65,716.9,716.9,855,21360,0
BANKNIFTY09OCT2451100CE.NFO,2024-10-04,14:06:00,2024-10-09,716.9,720.0,709.05,714.05,630,21420,0
BANKNIFTY09OCT2451100CE.NFO,2024-10-04,14:07:00,2024-10-09,714.05,735.0,714.05,734.6,1080,21420,0
BANKNIFTY09OCT2451100CE.NFO,2024-10-04,14:08:00,2024-10-09,734.6,734.6,714.5,717.05,780,21420,0
BANKNIFTY09OCT2451100CE.NFO,2024-10-04,14:09:00,2024-10-09,717.05,717.05,695.25,698.8,1590,22980,0
BANKNIFTY09OCT2451100CE.NFO,2024-10-04,14:10:00,2024-10-09,698.8,707.2,691.25,703.8,1395,22980,0
BANKNIFTY09OCT2451100CE.NFO,2024-10-04,14:11:00,2024-10-09,703.8,708.3,683.2,697.4,1965,22980,0
BANKNIFTY09OCT2451100CE.NFO,2024-10-04,14:12:00,2024-10-09,697.4,710.15,697.15,702.05,2040,22980,0
BANKNIFTY09OCT2451100CE.NFO,2024-10-04,14:13:00,2024-10-09,702.05,715.0,701.5,712.5,1245,25185,0
BANKNIFTY09OCT2451100CE.NFO,2024-10-04,14:14:00,2024-10-09,714.75,733.9,712.3,727.6,1740,25185,0
BANKNIFTY09OCT2451100CE.NFO,2024-10-04,14:15:00,2024-10-09,727.6,739.15,724.6,725.5,1560,25920,0
BANKNIFTY09OCT2451100CE.NFO,2024-10-04,14:16:00,2024-10-09,725.5,731.9,716.15,721.95,465,25920,0
BANKNIFTY09OCT2451100CE.NFO,2024-10-04,14:17:00,2024-10-09,721.95,721.95,704.2,706.6,1110,25920,0
BANKNIFTY09OCT2451100CE.NFO,2024-10-04,14:18:00,2024-10-09,706.6,709.05,690.0,695.05,6810,24735,0
BANKNIFTY09OCT2451100CE.NFO,2024-10-04,14:19:00,2024-10-09,696.55,696.55,678.95,693.6,2160,24735,0
BANKNIFTY09OCT2451100CE.NFO,2024-10-04,14:20:00,2024-10-09,693.6,697.75,670.55,670.55,2265,24735,0
BANKNIFTY09OCT2451100CE.NFO,2024-10-04,14:21:00,2024-10-09,671.05,690.1,670.35,673.75,1725,26730,0
BANKNIFTY09OCT2451100CE.NFO,2024-10-04,14:22:00,2024-10-09,673.75,695.0,673.75,695.0,420,26730,0
BANKNIFTY09OCT2451100CE.NFO,2024-10-04,14:23:00,2024-10-09,695.0,698.3,673.4,677.65,1350,26730,0
BANKNIFTY09OCT2451100CE.NFO,2024-10-04,14:24:00,2024-10-09,677.65,688.9,672.0,676.5,360,26805,0
BANKNIFTY09OCT2451100CE.NFO,2024-10-04,14:25:00,2024-10-09,676.5,677.6,659.3,661.55,375,26805,0
BANKNIFTY09OCT2451100CE.NFO,2024-10-04,14:26:00,2024-10-09,661.55,665.55,655.0,661.6,1830,26805,0
BANKNIFTY09OCT2451100CE.NFO,2024-10-04,14:27:00,2024-10-09,661.6,674.7,657.55,673.25,3075,27750,0
BANKNIFTY09OCT2451100CE.NFO,2024-10-04,14:28:00,2024-10-09,673.25,686.35,671.85,686.35,1830,27750,0
BANKNIFTY09OCT2451100CE.NFO,2024-10-04,14:29:00,2024-10-09,686.35,718.85,682.05,718.3,1890,27750,0
BANKNIFTY09OCT2451100CE.NFO,2024-10-04,14:30:00,2024-10-09,718.3,761.55,716.3,750.0,4995,28125,0
BANKNIFTY09OCT2451100CE.NFO,2024-10-04,14:31:00,2024-10-09,748.0,762.85,729.2,733.65,4275,28125,0
BANKNIFTY09OCT2451100CE.NFO,2024-10-04,14:32:00,2024-10-09,733.65,733.65,706.0,711.0,1860,28125,0
BANKNIFTY09OCT2451100CE.NFO,2024-10-04,14:33:00,2024-10-09,711.0,718.8,694.5,700.65,1035,28125,0
BANKNIFTY09OCT2451100CE.NFO,2024-10-04,14:34:00,2024-10-09,700.65,708.1,686.7,708.1,720,28770,0
BANKNIFTY09OCT2451100CE.NFO,2024-10-04,14:35:00,2024-10-09,708.1,713.2,694.45,697.0,1215,28770,0
BANKNIFTY09OCT2451100CE.NFO,2024-10-04,14:36:00,2024-10-09,697.0,697.0,688.05,688.1,570,28770,0
BANKNIFTY09OCT2451100CE.NFO,2024-10-04,14:37:00,2024-10-09,688.1,706.4,684.55,706.4,2115,28440,0
BANKNIFTY09OCT2451100CE.NFO,2024-10-04,14:38:00,2024-10-09,706.4,710.0,691.5,692.8,735,28440,0
BANKNIFTY09OCT2451100CE.NFO,2024-10-04,14:39:00,2024-10-09,692.8,692.8,680.0,680.0,45,28440,0
BANKNIFTY09OCT2451100CE.NFO,2024-10-04,14:40:00,2024-10-09,680.0,694.15,680.0,691.2,540,28530,0
BANKNIFTY09OCT2451100CE.NFO,2024-10-04,14:41:00,2024-10-09,691.2,692.5,681.2,692.5,225,28530,0
BANKNIFTY09OCT2451100CE.NFO,2024-10-04,14:42:00,2024-10-09,692.5,692.5,673.55,673.55,135,28530,0
BANKNIFTY09OCT2451100CE.NFO,2024-10-04,14:43:00,2024-10-09,673.55,675.5,669.25,674.0,330,28215,0
BANKNIFTY09OCT2451100CE.NFO,2024-10-04,14:44:00,2024-10-09,674.0,674.0,659.9,661.8,600,28215,0
BANKNIFTY09OCT2451100CE.NFO,2024-10-04,14:45:00,2024-10-09,666.4,687.0,666.4,672.25,990,28215,0
BANKNIFTY09OCT2451100CE.NFO,2024-10-04,14:46:00,2024-10-09,672.25,681.2,670.6,676.75,285,28680,0
BANKNIFTY09OCT2451100CE.NFO,2024-10-04,14:47:00,2024-10-09,676.75,680.2,672.15,672.15,105,28680,0
BANKNIFTY09OCT2451100CE.NFO,2024-10-04,14:48:00,2024-10-09,672.15,679.6,672.15,675.9,375,28680,0
BANKNIFTY09OCT2451100CE.NFO,2024-10-04,14:49:00,2024-10-09,675.9,675.9,660.75,662.3,420,28980,0
BANKNIFTY09OCT2451100CE.NFO,2024-10-04,14:50:00,2024-10-09,662.3,668.2,651.75,660.15,1500,28980,0
BANKNIFTY09OCT2451100CE.NFO,2024-10-04,14:51:00,2024-10-09,660.15,660.15,648.0,654.85,1695,28980,0
BANKNIFTY09OCT2451100CE.NFO,2024-10-04,14:52:00,2024-10-09,654.85,654.85,643.2,648.8,780,30870,0
BANKNIFTY09OCT2451100CE.NFO,2024-10-04,14:53:00,2024-10-09,648.8,648.8,628.1,630.35,1785,30870,0
BANKNIFTY09OCT2451100CE.NFO,2024-10-04,14:54:00,2024-10-09,630.35,630.35,621.15,622.95,2745,30870,0
BANKNIFTY09OCT2451100CE.NFO,2024-10-04,14:55:00,2024-10-09,622.95,655.8,618.15,655.05,4380,31755,0
BANKNIFTY09OCT2451100CE.NFO,2024-10-04,14:56:00,2024-10-09,655.05,655.05,625.5,631.65,900,31755,0
BANKNIFTY09OCT2451100CE.NFO,2024-10-04,14:57:00,2024-10-09,631.65,631.65,617.0,617.0,1530,31755,0
BANKNIFTY09OCT2451100CE.NFO,2024-10-04,14:58:00,2024-10-09,618.65,618.65,602.0,607.25,1320,32295,0
BANKNIFTY09OCT2451100CE.NFO,2024-10-04,14:59:00,2024-10-09,607.25,629.2,607.25,615.95,1440,32295,0
BANKNIFTY09OCT2451100CE.NFO,2024-10-04,15:00:00,2024-10-09,615.95,615.95,589.5,591.65,4305,32295,0
BANKNIFTY09OCT2451100CE.NFO,2024-10-04,15:01:00,2024-10-09,591.65,602.4,589.35,599.1,945,32070,0
BANKNIFTY09OCT2451100CE.NFO,2024-10-04,15:02:00,2024-10-09,599.1,606.5,582.6,590.15,1950,32070,0
BANKNIFTY09OCT2451100CE.NFO,2024-10-04,15:03:00,2024-10-09,588.65,588.9,566.2,575.7,4425,32070,0
BANKNIFTY09OCT2451100CE.NFO,2024-10-04,15:04:00,2024-10-09,575.7,575.7,555.65,555.65,1530,34125,0
BANKNIFTY09OCT2451100CE.NFO,2024-10-04,15:05:00,2024-10-09,555.65,561.95,548.65,555.9,3675,34125,0
BANKNIFTY09OCT2451100CE.NFO,2024-10-04,15:06:00,2024-10-09,557.35,579.25,550.0,576.3,6975,34125,0
BANKNIFTY09OCT2451100CE.NFO,2024-10-04,15:07:00,2024-10-09,570.0,588.25,570.0,588.25,4035,35625,0
BANKNIFTY09OCT2451100CE.NFO,2024-10-04,15:08:00,2024-10-09,588.25,597.7,580.05,581.2,5115,35625,0
BANKNIFTY09OCT2451100CE.NFO,2024-10-04,15:09:00,2024-10-09,581.2,616.3,577.4,616.3,2790,35625,0
BANKNIFTY09OCT2451100CE.NFO,2024-10-04,15:10:00,2024-10-09,616.3,633.75,600.55,600.55,8010,35925,0
BANKNIFTY09OCT2451100CE.NFO,2024-10-04,15:11:00,2024-10-09,600.55,613.7,592.15,613.7,3000,35925,0
BANKNIFTY09OCT2451100CE.NFO,2024-10-04,15:12:00,2024-10-09,613.7,613.7,597.95,599.85,1125,35925,0
BANKNIFTY09OCT2451100CE.NFO,2024-10-04,15:13:00,2024-10-09,599.85,610.0,585.55,605.9,2925,36750,0
BANKNIFTY09OCT2451100CE.NFO,2024-10-04,15:14:00,2024-10-09,605.9,610.0,599.4,599.4,1350,36750,0
BANKNIFTY09OCT2451100CE.NFO,2024-10-04,15:15:00,2024-10-09,599.4,635.0,599.4,635.0,3150,36750,0
BANKNIFTY09OCT2451100CE.NFO,2024-10-04,15:16:00,2024-10-09,640.0,653.4,633.75,644.45,5010,37305,0
BANKNIFTY09OCT2451100CE.NFO,2024-10-04,15:17:00,2024-10-09,644.45,644.45,625.0,635.0,1020,37305,0
BANKNIFTY09OCT2451100CE.NFO,2024-10-04,15:18:00,2024-10-09,635.0,636.9,621.15,631.55,975,37305,0
BANKNIFTY09OCT2451100CE.NFO,2024-10-04,15:19:00,2024-10-09,631.55,644.6,625.0,635.1,3375,36195,0
BANKNIFTY09OCT2451100CE.NFO,2024-10-04,15:20:00,2024-10-09,633.5,646.5,629.1,629.1,3585,36195,0
BANKNIFTY09OCT2451100CE.NFO,2024-10-04,15:21:00,2024-10-09,629.0,643.35,620.25,641.15,3540,36195,0
BANKNIFTY09OCT2451100CE.NFO,2024-10-04,15:22:00,2024-10-09,639.3,649.5,633.4,639.4,1215,34080,0
BANKNIFTY09OCT2451100CE.NFO,2024-10-04,15:23:00,2024-10-09,640.2,652.8,636.5,640.4,2805,34080,0
BANKNIFTY09OCT2451100CE.NFO,2024-10-04,15:24:00,2024-10-09,640.4,641.7,619.95,620.45,1980,34080,0
BANKNIFTY09OCT2451100CE.NFO,2024-10-04,15:25:00,2024-10-09,621.9,627.95,605.1,612.0,1470,32805,0
BANKNIFTY09OCT2451100CE.NFO,2024-10-04,15:26:00,2024-10-09,613.25,616.9,606.05,613.4,585,32805,0
BANKNIFTY09OCT2451100CE.NFO,2024-10-04,15:27:00,2024-10-09,613.4,624.5,613.4,624.5,1215,32805,0
BANKNIFTY09OCT2451100CE.NFO,2024-10-04,15:28:00,2024-10-09,624.5,642.0,624.5,636.25,1800,33180,0
BANKNIFTY09OCT2451100CE.NFO,2024-10-04,15:29:00,2024-10-09,636.25,642.8,626.7,635.3,1995,33180,0
BANKNIFTY09OCT2451100CE.NFO,2024-10-04,15:30:00,2024-10-09,635.3,635.3,635.3,635.3,1995,33180,1
BANKNIFTY09OCT2451100CE.NFO,2024-10-07,09:15:00,2024-10-09,671.4,782.65,671.4,769.05,4350,32835,0
BANKNIFTY09OCT2451100CE.NFO,2024-10-07,09:16:00,2024-10-09,769.05,807.75,759.4,789.15,4125,32835,0
BANKNIFTY09OCT2451100CE.NFO,2024-10-07,09:17:00,2024-10-09,789.15,789.15,752.55,772.65,1605,32835,0
BANKNIFTY09OCT2451100CE.NFO,2024-10-07,09:18:00,2024-10-09,772.65,782.5,760.55,767.55,2955,33585,0
BANKNIFTY09OCT2451100CE.NFO,2024-10-07,09:19:00,2024-10-09,766.2,766.2,691.6,717.25,3330,33585,0
BANKNIFTY09OCT2451100CE.NFO,2024-10-07,09:20:00,2024-10-09,717.25,736.25,685.9,701.2,8160,33585,0
BANKNIFTY09OCT2451100CE.NFO,2024-10-07,09:21:00,2024-10-09,701.2,764.9,698.0,760.0,6435,34365,0
BANKNIFTY09OCT2451100CE.NFO,2024-10-07,09:22:00,2024-10-09,760.0,769.2,724.0,726.65,3225,34365,0
BANKNIFTY09OCT2451100CE.NFO,2024-10-07,09:23:00,2024-10-09,726.65,732.35,690.0,732.35,4440,34365,0
BANKNIFTY09OCT2451100CE.NFO,2024-10-07,09:24:00,2024-10-09,732.3,733.75,712.85,716.85,1620,34500,0
BANKNIFTY09OCT2451100CE.NFO,2024-10-07,09:25:00,2024-10-09,716.85,740.0,682.45,684.05,1380,34500,0
BANKNIFTY09OCT2451100CE.NFO,2024-10-07,09:26:00,2024-10-09,684.05,708.0,665.6,673.95,7860,34500,0
BANKNIFTY09OCT2451100CE.NFO,2024-10-07,09:27:00,2024-10-09,673.95,706.0,673.95,700.95,3825,34440,0
BANKNIFTY09OCT2451100CE.NFO,2024-10-07,09:28:00,2024-10-09,700.95,730.1,691.95,730.1,5100,34440,0
BANKNIFTY09OCT2451100CE.NFO,2024-10-07,09:29:00,2024-10-09,729.35,731.0,695.5,711.65,1800,34440,0
BANKNIFTY09OCT2451100CE.NFO,2024-10-07,09:30:00,2024-10-09,711.65,718.95,692.75,697.8,1080,31935,0
BANKNIFTY09OCT2451100CE.NFO,2024-10-07,09:31:00,2024-10-09,697.8,700.6,669.75,684.9,5550,31935,0
BANKNIFTY09OCT2451100CE.NFO,2024-10-07,09:32:00,2024-10-09,692.45,697.6,637.4,637.4,5160,31935,0
BANKNIFTY09OCT2451100CE.NFO,2024-10-07,09:33:00,2024-10-09,649.35,667.0,644.6,654.85,4245,30465,0
BANKNIFTY09OCT2451100CE.NFO,2024-10-07,09:34:00,2024-10-09,654.85,691.7,650.0,688.45,5955,30465,0
BANKNIFTY09OCT2451100CE.NFO,2024-10-07,09:35:00,2024-10-09,688.45,710.2,676.2,680.45,5985,30465,0
BANKNIFTY09OCT2451100CE.NFO,2024-10-07,09:36:00,2024-10-09,680.45,681.25,650.0,658.15,8550,32145,0
BANKNIFTY09OCT2451100CE.NFO,2024-10-07,09:37:00,2024-10-09,658.15,681.55,657.55,657.55,7770,32145,0
BANKNIFTY09OCT2451100CE.NFO,2024-10-07,09:38:00,2024-10-09,657.55,662.9,623.0,629.15,10560,32145,0
BANKNIFTY09OCT2451100CE.NFO,2024-10-07,09:39:00,2024-10-09,629.15,667.45,629.15,659.55,6315,37830,0
BANKNIFTY09OCT2451100CE.NFO,2024-10-07,09:40:00,2024-10-09,659.55,676.0,634.45,666.4,3540,37830,0
BANKNIFTY09OCT2451100CE.NFO,2024-10-07,09:41:00,2024-10-09,666.4,686.25,662.05,662.05,5895,37830,0
BANKNIFTY09OCT2451100CE.NFO,2024-10-07,09:42:00,2024-10-09,662.05,663.1,639.6,644.35,7215,35610,0
BANKNIFTY09OCT2451100CE.NFO,2024-10-07,09:43:00,2024-10-09,644.35,662.55,632.55,648.6,3840,35610,0
BANKNIFTY09OCT2451100CE.NFO,2024-10-07,09:44:00,2024-10-09,648.6,658.6,643.1,655.85,1815,35610,0
BANKNIFTY09OCT2451100CE.NFO,2024-10-07,09:45:00,2024-10-09,655.85,657.45,631.35,650.65,6015,37755,0
BANKNIFTY09OCT2451100CE.NFO,2024-10-07,09:46:00,2024-10-09,650.65,659.0,629.0,629.0,4320,37755,0
BANKNIFTY09OCT2451100CE.NFO,2024-10-07,09:47:00,2024-10-09,629.0,641.1,606.35,612.5,7725,37755,0
BANKNIFTY09OCT2451100CE.NFO,2024-10-07,09:48:00,2024-10-09,613.5,623.5,598.75,610.85,5445,38055,0
BANKNIFTY09OCT2451100CE.NFO,2024-10-07,09:49:00,2024-10-09,610.85,623.1,606.3,610.5,2910,38055,0
BANKNIFTY09OCT2451100CE.NFO,2024-10-07,09:50:00,2024-10-09,610.5,622.0,586.2,610.5,7680,38055,0
BANKNIFTY09OCT2451100CE.NFO,2024-10-07,09:51:00,2024-10-09,608.1,640.05,608.1,636.1,7440,36645,0
BANKNIFTY09OCT2451100CE.NFO,2024-10-07,09:52:00,2024-10-09,636.1,656.9,622.6,622.6,4110,36645,0
BANKNIFTY09OCT2451100CE.NFO,2024-10-07,09:53:00,2024-10-09,622.6,665.0,622.6,638.3,10845,36645,0
BANKNIFTY09OCT2451100CE.NFO,2024-10-07,09:54:00,2024-10-09,638.3,671.45,638.3,671.45,3180,39135,0
BANKNIFTY09OCT2451100CE.NFO,2024-10-07,09:55:00,2024-10-09,671.45,675.85,644.9,646.45,4800,39135,0
BANKNIFTY09OCT2451100CE.NFO,2024-10-07,09:56:00,2024-10-09,646.45,655.0,640.0,652.75,2475,39135,0
BANKNIFTY09OCT2451100CE.NFO,2024-10-07,09:57:00,2024-10-09,652.75,667.25,649.05,663.1,3840,38745,0
BANKNIFTY09OCT2451100CE.NFO,2024-10-07,09:58:00,2024-10-09,663.1,697.0,657.15,692.1,8880,38745,0
BANKNIFTY09OCT2451100CE.NFO,2024-10-07,09:59:00,2024-10-09,692.1,712.3,687.25,699.35,6675,38745,0
BANKNIFTY09OCT2451100CE.NFO,2024-10-07,10:00:00,2024-10-09,699.35,722.7,684.65,684.65,5550,37230,0
BANKNIFTY09OCT2451100CE.NFO,2024-10-07,10:01:00,2024-10-09,684.65,684.65,638.4,638.8,4440,37230,0
BANKNIFTY09OCT2451100CE.NFO,2024-10-07,10:02:00,2024-10-09,638.8,651.3,626.0,645.0,3420,37230,0
BANKNIFTY09OCT2451100CE.NFO,2024-10-07,10:03:00,2024-10-09,645.0,661.65,630.95,630.95,2085,37005,0
BANKNIFTY09OCT2451100CE.NFO,2024-10-07,10:04:00,2024-10-09,630.95,646.15,630.95,641.5,975,37005,0
BANKNIFTY09OCT2451100CE.NFO,2024-10-07,10:05:00,2024-10-09,641.5,652.75,619.9,643.2,3360,37005,0
BANKNIFTY09OCT2451100CE.NFO,2024-10-07,10:06:00,2024-10-09,643.2,657.35,643.2,653.5,1215,36600,0
BANKNIFTY09OCT2451100CE.NFO,2024-10-07,10:07:00,2024-10-09,653.5,655.15,638.25,645.65,600,36600,0
BANKNIFTY09OCT2451100CE.NFO,2024-10-07,10:08:00,2024-10-09,645.65,671.1,644.55,664.6,2475,36600,0
BANKNIFTY09OCT2451100CE.NFO,2024-10-07,10:09:00,2024-10-09,664.6,669.6,653.65,665.0,1425,36795,0
BANKNIFTY09OCT2451100CE.NFO,2024-10-07,10:10:00,2024-10-09,665.0,674.5,652.2,657.15,4350,36795,0
BANKNIFTY09OCT2451100CE.NFO,2024-10-07,10:11:00,2024-10-09,654.15,670.0,641.9,670.0,1065,36795,0
BANKNIFTY09OCT2451100CE.NFO,2024-10-07,10:12:00,2024-10-09,670.0,697.7,664.75,687.0,5175,37440,0
BANKNIFTY09OCT2451100CE.NFO,2024-10-07,10:13:00,2024-10-09,687.0,696.0,673.0,673.0,2895,37440,0
BANKNIFTY09OCT2451100CE.NFO,2024-10-07,10:14:00,2024-10-09,673.0,686.85,668.4,683.75,1935,37440,0
BANKNIFTY09OCT2451100CE.NFO,2024-10-07,10:15:00,2024-10-09,683.75,705.0,673.25,703.75,4125,38700,0
BANKNIFTY09OCT2451100CE.NFO,2024-10-07,10:16:00,2024-10-09,703.75,703.75,680.1,690.05,1695,38700,0
BANKNIFTY09OCT2451100CE.NFO,2024-10-07,10:17:00,2024-10-09,690.05,711.6,687.35,696.8,3180,38700,0
BANKNIFTY09OCT2451100CE.NFO,2024-10-07,10:18:00,2024-10-09,696.8,712.3,694.7,708.0,2445,39255,0
BANKNIFTY09OCT2451100CE.NFO,2024-10-07,10:19:00,2024-10-09,708.0,708.0,670.8,678.1,3135,39255,0
BANKNIFTY09OCT2451100CE.NFO,2024-10-07,10:20:00,2024-10-09,678.1,678.5,650.0,654.05,5745,39255,0
BANKNIFTY09OCT2451100CE.NFO,2024-10-07,10:21:00,2024-10-09,654.05,681.75,654.05,664.3,2055,38385,0
BANKNIFTY09OCT2451100CE.NFO,2024-10-07,10:22:00,2024-10-09,664.3,677.0,652.85,677.0,1650,38385,0
BANKNIFTY09OCT2451100CE.NFO,2024-10-07,10:23:00,2024-10-09,677.0,689.0,675.2,683.55,1800,38385,0
BANKNIFTY09OCT2451100CE.NFO,2024-10-07,10:24:00,2024-10-09,679.0,691.1,668.45,672.65,1635,38895,0
BANKNIFTY09OCT2451100CE.NFO,2024-10-07,10:25:00,2024-10-09,672.65,672.65,660.0,660.75,1065,38895,0
BANKNIFTY09OCT2451100CE.NFO,2024-10-07,10:26:00,2024-10-09,660.75,678.6,645.0,652.75,5235,38895,0
BANKNIFTY09OCT2451100CE.NFO,2024-10-07,10:27:00,2024-10-09,655.0,665.05,654.0,660.65,2070,40845,0
BANKNIFTY09OCT2451100CE.NFO,2024-10-07,10:28:00,2024-10-09,660.65,667.0,647.6,648.7,2460,40845,0
BANKNIFTY09OCT2451100CE.NFO,2024-10-07,10:29:00,2024-10-09,648.7,659.65,640.0,640.0,4890,40845,0
BANKNIFTY09OCT2451100CE.NFO,2024-10-07,10:30:00,2024-10-09,644.0,661.55,639.95,658.9,1170,41040,0
BANKNIFTY09OCT2451100CE.NFO,2024-10-07,10:31:00,2024-10-09,658.9,670.7,632.7,634.8,4485,41040,0
BANKNIFTY09OCT2451100CE.NFO,2024-10-07,10:32:00,2024-10-09,638.35,661.5,638.35,656.55,2835,41040,0
BANKNIFTY09OCT2451100CE.NFO,2024-10-07,10:33:00,2024-10-09,656.55,662.0,654.5,656.0,1245,41010,0
BANKNIFTY09OCT2451100CE.NFO,2024-10-07,10:34:00,2024-10-09,656.0,661.65,646.05,655.9,1350,41010,0
BANKNIFTY09OCT2451100CE.NFO,2024-10-07,10:35:00,2024-10-09,655.9,669.25,649.75,649.75,2130,41010,0
BANKNIFTY09OCT2451100CE.NFO,2024-10-07,10:36:00,2024-10-09,649.75,653.75,640.0,650.5,1140,41565,0
BANKNIFTY09OCT2451100CE.NFO,2024-10-07,10:37:00,2024-10-09,650.5,658.4,646.5,650.8,1125,41565,0
BANKNIFTY09OCT2451100CE.NFO,2024-10-07,10:38:00,2024-10-09,650.8,650.8,637.0,640.35,3780,41565,0
BANKNIFTY09OCT2451100CE.NFO,2024-10-07,10:39:00,2024-10-09,637.05,650.05,634.65,636.7,4365,43815,0
BANKNIFTY09OCT2451100CE.NFO,2024-10-07,10:40:00,2024-10-09,636.7,643.7,633.2,639.0,2250,43815,0
BANKNIFTY09OCT2451100CE.NFO,2024-10-07,10:41:00,2024-10-09,639.0,658.0,639.0,654.4,2775,43815,0
BANKNIFTY09OCT2451100CE.NFO,2024-10-07,10:42:00,2024-10-09,654.4,660.75,646.8,654.4,3855,42855,0
BANKNIFTY09OCT2451100CE.NFO,2024-10-07,10:43:00,2024-10-09,654.4,654.4,632.0,638.95,3900,42855,0
BANKNIFTY09OCT2451100CE.NFO,2024-10-07,10:44:00,2024-10-09,638.95,644.1,634.6,634.6,930,42855,0
BANKNIFTY09OCT2451100CE.NFO,2024-10-07,10:45:00,2024-10-09,634.6,638.75,564.0,566.8,9135,43335,0
BANKNIFTY09OCT2451100CE.NFO,2024-10-07,10:46:00,2024-10-09,566.8,570.35,534.35,551.05,14325,43335,0
BANKNIFTY09OCT2451100CE.NFO,2024-10-07,10:47:00,2024-10-09,551.05,563.6,514.75,518.25,11475,43335,0
BANKNIFTY09OCT2451100CE.NFO,2024-10-07,10:48:00,2024-10-09,519.95,525.4,491.9,498.05,14040,50205,0
BANKNIFTY09OCT2451100CE.NFO,2024-10-07,10:49:00,2024-10-09,497.2,501.75,472.4,473.75,14910,50205,0
BANKNIFTY09OCT2451100CE.NFO,2024-10-07,10:50:00,2024-10-09,473.75,504.65,473.55,500.8,18135,50205,0
BANKNIFTY09OCT2451100CE.NFO,2024-10-07,10:51:00,2024-10-09,500.8,508.85,483.65,487.5,10215,58875,0
BANKNIFTY09OCT2451100CE.NFO,2024-10-07,10:52:00,2024-10-09,487.5,495.3,455.0,474.45,21555,58875,0
BANKNIFTY09OCT2451100CE.NFO,2024-10-07,10:53:00,2024-10-09,472.45,490.4,472.45,486.75,27495,58875,0
BANKNIFTY09OCT2451100CE.NFO,2024-10-07,10:54:00,2024-10-09,486.75,503.55,485.65,502.55,23160,80250,0
BANKNIFTY09OCT2451100CE.NFO,2024-10-07,10:55:00,2024-10-09,502.55,502.7,484.9,491.95,17715,80250,0
BANKNIFTY09OCT2451100CE.NFO,2024-10-07,10:56:00,2024-10-09,491.95,492.6,471.15,474.4,7965,80250,0
BANKNIFTY09OCT2451100CE.NFO,2024-10-07,10:57:00,2024-10-09,474.4,475.85,447.35,456.7,23175,97425,0
BANKNIFTY09OCT2451100CE.NFO,2024-10-07,10:58:00,2024-10-09,456.7,479.0,456.7,466.75,15495,97425,0
BANKNIFTY09OCT2451100CE.NFO,2024-10-07,10:59:00,2024-10-09,466.75,475.25,457.35,459.5,9240,97425,0
BANKNIFTY09OCT2451100CE.NFO,2024-10-07,11:00:00,2024-10-09,459.5,460.0,445.0,452.0,15765,111480,0
BANKNIFTY09OCT2451100CE.NFO,2024-10-07,11:01:00,2024-10-09,454.8,460.5,430.4,434.45,30855,111480,0
BANKNIFTY09OCT2451100CE.NFO,2024-10-07,11:02:00,2024-10-09,432.95,441.65,420.0,425.0,28560,111480,0
BANKNIFTY09OCT2451100CE.NFO,2024-10-07,11:03:00,2024-10-09,425.0,432.1,416.25,416.25,26685,141240,0
BANKNIFTY09OCT2451100CE.NFO,2024-10-07,11:04:00,2024-10-09,416.25,418.95,399.55,415.2,56475,141240,0
BANKNIFTY09OCT2451100CE.NFO,2024-10-07,11:05:00,2024-10-09,415.2,416.9,396.3,396.65,42120,141240,0
BANKNIFTY09OCT2451100CE.NFO,2024-10-07,11:06:00,2024-10-09,396.65,411.0,386.75,411.0,54870,182250,0
BANKNIFTY09OCT2451100CE.NFO,2024-10-07,11:07:00,2024-10-09,411.0,425.0,406.7,424.25,70845,182250,0
BANKNIFTY09OCT2451100CE.NFO,2024-10-07,11:08:00,2024-10-09,423.5,430.65,418.65,424.05,58485,182250,0
BANKNIFTY09OCT2451100CE.NFO,2024-10-07,11:09:00,2024-10-09,424.05,434.65,410.0,410.0,47145,199815,0
BANKNIFTY09OCT2451100CE.NFO,2024-10-07,11:10:00,2024-10-09,410.0,413.1,400.0,406.5,54330,199815,0
BANKNIFTY09OCT2451100CE.NFO,2024-10-07,11:11:00,2024-10-09,406.45,431.7,406.45,423.6,65670,199815,0
BANKNIFTY09OCT2451100CE.NFO,2024-10-07,11:12:00,2024-10-09,423.1,428.9,418.35,422.2,25860,230745,0
BANKNIFTY09OCT2451100CE.NFO,2024-10-07,11:13:00,2024-10-09,420.95,435.0,417.05,431.85,36675,230745,0
BANKNIFTY09OCT2451100CE.NFO,2024-10-07,11:14:00,2024-10-09,430.55,438.0,425.95,428.7,37575,230745,0
BANKNIFTY09OCT2451100CE.NFO,2024-10-07,11:15:00,2024-10-09,428.7,447.5,427.15,439.35,38010,236130,0
BANKNIFTY09OCT2451100CE.NFO,2024-10-07,11:16:00,2024-10-09,439.35,489.8,439.35,479.35,95610,236130,0
BANKNIFTY09OCT2451100CE.NFO,2024-10-07,11:17:00,2024-10-09,479.35,484.25,462.2,482.8,32520,236130,0
BANKNIFTY09OCT2451100CE.NFO,2024-10-07,11:18:00,2024-10-09,482.8,482.8,457.2,463.25,18555,209190,0
BANKNIFTY09OCT2451100CE.NFO,2024-10-07,11:19:00,2024-10-09,464.45,485.3,458.7,460.45,31335,209190,0
BANKNIFTY09OCT2451100CE.NFO,2024-10-07,11:20:00,2024-10-09,459.8,474.9,454.65,473.6,24720,209190,0
BANKNIFTY09OCT2451100CE.NFO,2024-10-07,11:21:00,2024-10-09,473.05,482.4,462.45,479.05,23625,205455,0
BANKNIFTY09OCT2451100CE.NFO,2024-10-07,11:22:00,2024-10-09,478.2,485.0,474.0,485.0,33405,205455,0
BANKNIFTY09OCT2451100CE.NFO,2024-10-07,11:23:00,2024-10-09,483.2,598.0,480.25,596.55,96720,205455,0
BANKNIFTY09OCT2451100CE.NFO,2024-10-07,11:24:00,2024-10-09,607.15,675.35,606.25,636.5,92895,169260,0
BANKNIFTY09OCT2451100CE.NFO,2024-10-07,11:25:00,2024-10-09,636.5,673.25,634.15,650.0,23190,169260,0
BANKNIFTY09OCT2451100CE.NFO,2024-10-07,11:26:00,2024-10-09,650.0,688.2,609.95,613.9,32625,169260,0
BANKNIFTY09OCT2451100CE.NFO,2024-10-07,11:27:00,2024-10-09,613.9,618.1,586.6,591.1,21585,145590,0
BANKNIFTY09OCT2451100CE.NFO,2024-10-07,11:28:00,2024-10-09,591.7,613.55,565.55,570.5,11625,145590,0
BANKNIFTY09OCT2451100CE.NFO,2024-10-07,11:29:00,2024-10-09,573.55,591.6,513.5,547.6,21750,145590,0
BANKNIFTY09OCT2451100CE.NFO,2024-10-07,11:30:00,2024-10-09,547.6,563.95,528.6,535.65,17520,144765,0
BANKNIFTY09OCT2451100CE.NFO,2024-10-07,11:31:00,2024-10-09,535.15,550.0,514.9,520.5,14280,144765,0
BANKNIFTY09OCT2451100CE.NFO,2024-10-07,11:32:00,2024-10-09,520.5,541.1,513.25,539.3,11925,144765,0
BANKNIFTY09OCT2451100CE.NFO,2024-10-07,11:33:00,2024-10-09,539.3,540.85,507.35,512.5,12615,150270,0
BANKNIFTY09OCT2451100CE.NFO,2024-10-07,11:34:00,2024-10-09,512.5,534.4,502.0,530.0,7245,150270,0
BANKNIFTY09OCT2451100CE.NFO,2024-10-07,11:35:00,2024-10-09,530.0,533.8,517.05,520.45,7380,150270,0
BANKNIFTY09OCT2451100CE.NFO,2024-10-07,11:36:00,2024-10-09,520.45,537.75,492.0,499.0,16290,152250,0
BANKNIFTY09OCT2451100CE.NFO,2024-10-07,11:37:00,2024-10-09,499.0,507.4,479.6,487.1,13575,152250,0
BANKNIFTY09OCT2451100CE.NFO,2024-10-07,11:38:00,2024-10-09,487.1,498.95,473.6,477.9,15120,152250,0
BANKNIFTY09OCT2451100CE.NFO,2024-10-07,11:39:00,2024-10-09,476.25,486.8,466.65,479.0,15135,155550,0
BANKNIFTY09OCT2451100CE.NFO,2024-10-07,11:40:00,2024-10-09,479.4,490.75,469.0,490.15,12300,155550,0
BANKNIFTY09OCT2451100CE.NFO,2024-10-07,11:41:00,2024-10-09,488.75,499.0,470.0,471.8,18060,155550,0
BANKNIFTY09OCT2451100CE.NFO,2024-10-07,11:42:00,2024-10-09,471.8,492.0,471.8,478.2,12750,163740,0
BANKNIFTY09OCT2451100CE.NFO,2024-10-07,11:43:00,2024-10-09,479.3,486.5,470.25,472.55,10515,163740,0
BANKNIFTY09OCT2451100CE.NFO,2024-10-07,11:44:00,2024-10-09,473.7,475.0,454.5,458.45,19275,163740,0
BANKNIFTY09OCT2451100CE.NFO,2024-10-07,11:45:00,2024-10-09,455.85,476.55,454.95,466.9,16395,168645,0
BANKNIFTY09OCT2451100CE.NFO,2024-10-07,11:46:00,2024-10-09,464.1,480.65,463.15,480.55,10380,168645,0
BANKNIFTY09OCT2451100CE.NFO,2024-10-07,11:47:00,2024-10-09,480.55,480.55,467.3,473.95,5700,168645,0
BANKNIFTY09OCT2451100CE.NFO,2024-10-07,11:48:00,2024-10-09,473.95,473.95,440.05,444.85,33180,170670,0
BANKNIFTY09OCT2451100CE.NFO,2024-10-07,11:49:00,2024-10-09,450.05,455.55,437.2,440.1,29490,170670,0
BANKNIFTY09OCT2451100CE.NFO,2024-10-07,11:50:00,2024-10-09,441.2,451.9,435.2,449.15,32550,170670,0
BANKNIFTY09OCT2451100CE.NFO,2024-10-07,11:51:00,2024-10-09,449.15,459.55,442.65,445.45,24270,181815,0
BANKNIFTY09OCT2451100CE.NFO,2024-10-07,11:52:00,2024-10-09,445.65,446.95,393.75,396.2,92580,181815,0
BANKNIFTY09OCT2451100CE.NFO,2024-10-07,11:53:00,2024-10-09,395.7,405.65,383.05,392.4,85140,181815,0
BANKNIFTY09OCT2451100CE.NFO,2024-10-07,11:54:00,2024-10-09,392.25,405.75,384.15,384.3,59475,228195,0
BANKNIFTY09OCT2451100CE.NFO,2024-10-07,11:55:00,2024-10-09,386.5,407.0,386.5,399.9,60660,228195,0
BANKNIFTY09OCT2451100CE.NFO,2024-10-07,11:56:00,2024-10-09,403.0,414.8,397.6,407.35,85395,228195,0
BANKNIFTY09OCT2451100CE.NFO,2024-10-07,11:57:00,2024-10-09,407.35,407.35,397.0,405.4,57495,270960,0
BANKNIFTY09OCT2451100CE.NFO,2024-10-07,11:58:00,2024-10-09,405.4,406.5,378.0,386.05,98790,270960,0
BANKNIFTY09OCT2451100CE.NFO,2024-10-07,11:59:00,2024-10-09,386.05,398.25,384.55,394.05,54345,270960,0
BANKNIFTY09OCT2451100CE.NFO,2024-10-07,12:00:00,2024-10-09,394.05,417.4,391.8,397.4,98010,313290,0
BANKNIFTY09OCT2451100CE.NFO,2024-10-07,12:01:00,2024-10-09,397.4,402.0,383.1,399.75,59430,313290,0
BANKNIFTY09OCT2451100CE.NFO,2024-10-07,12:02:00,2024-10-09,399.75,408.9,397.9,407.45,56505,313290,0
BANKNIFTY09OCT2451100CE.NFO,2024-10-07,12:03:00,2024-10-09,407.45,414.9,395.85,400.0,44040,338340,0
BANKNIFTY09OCT2451100CE.NFO,2024-10-07,12:04:00,2024-10-09,400.0,406.2,388.4,388.65,37530,338340,0
BANKNIFTY09OCT2451100CE.NFO,2024-10-07,12:05:00,2024-10-09,388.9,397.25,385.25,394.25,32415,338340,0
BANKNIFTY09OCT2451100CE.NFO,2024-10-07,12:06:00,2024-10-09,393.9,410.75,392.7,406.15,52275,360765,0
BANKNIFTY09OCT2451100CE.NFO,2024-10-07,12:07:00,2024-10-09,407.15,425.05,397.05,425.05,67740,360765,0
BANKNIFTY09OCT2451100CE.NFO,2024-10-07,12:08:00,2024-10-09,423.55,433.8,410.05,413.2,91455,360765,0
BANKNIFTY09OCT2451100CE.NFO,2024-10-07,12:09:00,2024-10-09,413.35,416.05,399.0,401.75,48165,354705,0
BANKNIFTY09OCT2451100CE.NFO,2024-10-07,12:10:00,2024-10-09,401.95,413.65,392.85,405.6,45375,354705,0
BANKNIFTY09OCT2451100CE.NFO,2024-10-07,12:11:00,2024-10-09,406.65,418.55,393.4,398.45,42585,354705,0
BANKNIFTY09OCT2451100CE.NFO,2024-10-07,12:12:00,2024-10-09,398.45,398.45,385.65,394.8,40695,372690,0
BANKNIFTY09OCT2451100CE.NFO,2024-10-07,12:13:00,2024-10-09,392.3,421.0,390.1,420.05,61395,372690,0
BANKNIFTY09OCT2451100CE.NFO,2024-10-07,12:14:00,2024-10-09,420.7,427.5,414.85,418.0,73230,372690,0
BANKNIFTY09OCT2451100CE.NFO,2024-10-07,12:15:00,2024-10-09,418.65,452.1,408.95,449.2,111780,372750,0
BANKNIFTY09OCT2451100CE.NFO,2024-10-07,12:16:00,2024-10-09,450.1,452.05,425.3,430.45,110520,372750,0
BANKNIFTY09OCT2451100CE.NFO,2024-10-07,12:17:00,2024-10-09,430.05,431.85,412.6,428.35,59280,372750,0
BANKNIFTY09OCT2451100CE.NFO,2024-10-07,12:18:00,2024-10-09,426.15,438.15,421.45,431.15,32760,369645,0
BANKNIFTY09OCT2451100CE.NFO,2024-10-07,12:19:00,2024-10-09,432.7,438.0,420.55,436.75,29790,369645,0
BANKNIFTY09OCT2451100CE.NFO,2024-10-07,12:20:00,2024-10-09,436.75,453.6,432.25,450.4,77745,369645,0
BANKNIFTY09OCT2451100CE.NFO,2024-10-07,12:21:00,2024-10-09,452.95,475.25,446.65,469.2,123225,361230,0
BANKNIFTY09OCT2451100CE.NFO,2024-10-07,12:22:00,2024-10-09,469.2,478.85,455.4,466.4,78705,361230,0
BANKNIFTY09OCT2451100CE.NFO,2024-10-07,12:23:00,2024-10-09,467.65,487.25,463.25,464.5,78390,361230,0
BANKNIFTY09OCT2451100CE.NFO,2024-10-07,12:24:00,2024-10-09,464.5,468.15,459.5,467.7,52065,322020,0
BANKNIFTY09OCT2451100CE.NFO,2024-10-07,12:25:00,2024-10-09,467.7,481.45,451.95,455.05,68055,322020,0
BANKNIFTY09OCT2451100CE.NFO,2024-10-07,12:26:00,2024-10-09,455.05,474.85,444.2,472.7,68355,322020,0
BANKNIFTY09OCT2451100CE.NFO,2024-10-07,12:27:00,2024-10-09,473.0,499.0,463.7,481.9,82920,321225,0
BANKNIFTY09OCT2451100CE.NFO,2024-10-07,12:28:00,2024-10-09,481.9,495.0,479.45,493.15,31125,321225,0
BANKNIFTY09OCT2451100CE.NFO,2024-10-07,12:29:00,2024-10-09,495.0,496.3,457.4,464.85,48660,321225,0
BANKNIFTY09OCT2451100CE.NFO,2024-10-07,12:30:00,2024-10-09,464.85,467.15,437.6,446.4,50565,305085,0
BANKNIFTY09OCT2451100CE.NFO,2024-10-07,12:31:00,2024-10-09,446.95,452.2,415.7,419.9,92085,305085,0
BANKNIFTY09OCT2451100CE.NFO,2024-10-07,12:32:00,2024-10-09,423.4,441.7,415.0,439.95,63030,305085,0
BANKNIFTY09OCT2451100CE.NFO,2024-10-07,12:33:00,2024-10-09,439.95,444.15,432.5,435.5,45345,306765,0
BANKNIFTY09OCT2451100CE.NFO,2024-10-07,12:34:00,2024-10-09,435.5,436.75,419.75,429.55,28410,306765,0
BANKNIFTY09OCT2451100CE.NFO,2024-10-07,12:35:00,2024-10-09,429.55,441.1,423.25,432.65,22890,306765,0
BANKNIFTY09OCT2451100CE.NFO,2024-10-07,12:36:00,2024-10-09,431.5,432.7,406.5,419.0,50325,312675,0
BANKNIFTY09OCT2451100CE.NFO,2024-10-07,12:37:00,2024-10-09,419.65,425.8,413.0,419.3,36450,312675,0
BANKNIFTY09OCT2451100CE.NFO,2024-10-07,12:38:00,2024-10-09,418.0,427.9,406.15,422.5,38580,312675,0
BANKNIFTY09OCT2451100CE.NFO,2024-10-07,12:39:00,2024-10-09,423.7,425.0,400.95,406.1,42225,319785,0
BANKNIFTY09OCT2451100CE.NFO,2024-10-07,12:40:00,2024-10-09,407.9,417.0,406.0,416.95,26970,319785,0
BANKNIFTY09OCT2451100CE.NFO,2024-10-07,12:41:00,2024-10-09,416.35,416.35,388.4,393.85,64920,319785,0
BANKNIFTY09OCT2451100CE.NFO,2024-10-07,12:42:00,2024-10-09,396.0,400.65,375.6,379.25,65865,347955,0
BANKNIFTY09OCT2451100CE.NFO,2024-10-07,12:43:00,2024-10-09,381.9,397.35,379.0,396.05,38805,347955,0
BANKNIFTY09OCT2451100CE.NFO,2024-10-07,12:44:00,2024-10-09,396.6,400.4,372.0,377.25,62550,347955,0
BANKNIFTY09OCT2451100CE.NFO,2024-10-07,12:45:00,2024-10-09,378.8,379.2,357.9,366.5,88335,374265,0
BANKNIFTY09OCT2451100CE.NFO,2024-10-07,12:46:00,2024-10-09,368.6,373.6,351.85,364.65,69915,374265,0
BANKNIFTY09OCT2451100CE.NFO,2024-10-07,12:47:00,2024-10-09,363.45,370.8,349.4,352.05,68040,374265,0
BANKNIFTY09OCT2451100CE.NFO,2024-10-07,12:48:00,2024-10-09,352.05,363.95,347.6,347.6,57375,418875,0
BANKNIFTY09OCT2451100CE.NFO,2024-10-07,12:49:00,2024-10-09,343.15,347.65,315.75,316.2,135060,418875,0
BANKNIFTY09OCT2451100CE.NFO,2024-10-07,12:50:00,2024-10-09,316.2,325.75,302.65,302.65,97395,418875,0
BANKNIFTY09OCT2451100CE.NFO,2024-10-07,12:51:00,2024-10-09,305.55,314.75,286.3,290.55,126555,428685,0
BANKNIFTY09OCT2451100CE.NFO,2024-10-07,12:52:00,2024-10-09,290.55,305.0,282.25,295.25,84870,428685,0
BANKNIFTY09OCT2451100CE.NFO,2024-10-07,12:53:00,2024-10-09,296.05,307.4,295.0,306.95,55050,428685,0
BANKNIFTY09OCT2451100CE.NFO,2024-10-07,12:54:00,2024-10-09,304.55,304.55,286.25,289.2,52005,452280,0
BANKNIFTY09OCT2451100CE.NFO,2024-10-07,12:55:00,2024-10-09,289.2,293.45,282.7,286.3,41265,452280,0
BANKNIFTY09OCT2451100CE.NFO,2024-10-07,12:56:00,2024-10-09,286.3,299.2,280.0,282.1,50490,452280,0
BANKNIFTY09OCT2451100CE.NFO,2024-10-07,12:57:00,2024-10-09,282.1,303.6,282.1,294.9,44115,465060,0
BANKNIFTY09OCT2451100CE.NFO,2024-10-07,12:58:00,2024-10-09,294.5,304.0,291.2,304.0,21615,465060,0
BANKNIFTY09OCT2451100CE.NFO,2024-10-07,12:59:00,2024-10-09,304.0,304.0,296.1,296.1,24405,465060,0
BANKNIFTY09OCT2451100CE.NFO,2024-10-07,13:00:00,2024-10-09,296.7,306.35,293.3,293.65,24000,467145,0
BANKNIFTY09OCT2451100CE.NFO,2024-10-07,13:01:00,2024-10-09,293.65,296.0,284.15,286.2,50520,467145,0
BANKNIFTY09OCT2451100CE.NFO,2024-10-07,13:02:00,2024-10-09,286.2,288.5,276.4,278.0,42120,467145,0
BANKNIFTY09OCT2451100CE.NFO,2024-10-07,13:03:00,2024-10-09,277.85,279.45,267.85,272.75,71745,463920,0
BANKNIFTY09OCT2451100CE.NFO,2024-10-07,13:04:00,2024-10-09,272.75,282.75,268.2,274.75,41820,463920,0
BANKNIFTY09OCT2451100CE.NFO,2024-10-07,13:05:00,2024-10-09,270.1,282.2,270.1,279.55,28410,463920,0
BANKNIFTY09OCT2451100CE.NFO,2024-10-07,13:06:00,2024-10-09,278.9,287.7,274.35,284.5,32835,472920,0
BANKNIFTY09OCT2451100CE.NFO,2024-10-07,13:07:00,2024-10-09,282.85,286.45,275.7,276.35,26505,472920,0
BANKNIFTY09OCT2451100CE.NFO,2024-10-07,13:08:00,2024-10-09,275.25,278.3,268.25,269.45,30690,472920,0
BANKNIFTY09OCT2451100CE.NFO,2024-10-07,13:09:00,2024-10-09,269.45,272.15,252.25,253.7,72435,476325,0
BANKNIFTY09OCT2451100CE.NFO,2024-10-07,13:10:00,2024-10-09,254.45,258.7,247.1,257.65,68190,476325,0
BANKNIFTY09OCT2451100CE.NFO,2024-10-07,13:11:00,2024-10-09,257.25,263.15,253.0,263.15,36420,476325,0
BANKNIFTY09OCT2451100CE.NFO,2024-10-07,13:12:00,2024-10-09,263.6,266.6,256.55,266.55,30930,484035,0
BANKNIFTY09OCT2451100CE.NFO,2024-10-07,13:13:00,2024-10-09,266.55,267.95,257.25,267.95,18690,484035,0
BANKNIFTY09OCT2451100CE.NFO,2024-10-07,13:14:00,2024-10-09,266.8,266.8,256.9,263.5,17985,484035,0
BANKNIFTY09OCT2451100CE.NFO,2024-10-07,13:15:00,2024-10-09,265.0,272.05,261.65,266.2,38070,490815,0
BANKNIFTY09OCT2451100CE.NFO,2024-10-07,13:16:00,2024-10-09,266.7,283.3,265.25,279.0,33285,490815,0
BANKNIFTY09OCT2451100CE.NFO,2024-10-07,13:17:00,2024-10-09,279.0,279.0,266.15,270.6,32130,490815,0
BANKNIFTY09OCT2451100CE.NFO,2024-10-07,13:18:00,2024-10-09,268.75,268.95,260.4,262.85,29985,502335,0
BANKNIFTY09OCT2451100CE.NFO,2024-10-07,13:19:00,2024-10-09,262.85,263.45,248.5,254.0,55035,502335,0
BANKNIFTY09OCT2451100CE.NFO,2024-10-07,13:20:00,2024-10-09,254.25,262.0,251.65,257.0,23295,502335,0
BANKNIFTY09OCT2451100CE.NFO,2024-10-07,13:21:00,2024-10-09,256.25,268.15,256.25,266.9,18960,510915,0
BANKNIFTY09OCT2451100CE.NFO,2024-10-07,13:22:00,2024-10-09,267.2,274.6,260.2,262.05,33900,510915,0
BANKNIFTY09OCT2451100CE.NFO,2024-10-07,13:23:00,2024-10-09,263.0,264.4,249.4,254.6,33135,510915,0
BANKNIFTY09OCT2451100CE.NFO,2024-10-07,13:24:00,2024-10-09,254.6,261.5,251.5,260.85,23550,525330,0
BANKNIFTY09OCT2451100CE.NFO,2024-10-07,13:25:00,2024-10-09,260.85,261.45,253.9,256.2,20235,525330,0
BANKNIFTY09OCT2451100CE.NFO,2024-10-07,13:26:00,2024-10-09,256.2,259.0,251.25,257.85,25830,525330,0
BANKNIFTY09OCT2451100CE.NFO,2024-10-07,13:27:00,2024-10-09,255.0,255.0,227.3,230.55,76170,519675,0
BANKNIFTY09OCT2451100CE.NFO,2024-10-07,13:28:00,2024-10-09,231.5,250.0,229.05,249.3,48195,519675,0
BANKNIFTY09OCT2451100CE.NFO,2024-10-07,13:29:00,2024-10-09,249.3,249.3,238.65,242.75,26655,519675,0
BANKNIFTY09OCT2451100CE.NFO,2024-10-07,13:30:00,2024-10-09,242.75,247.95,235.15,240.0,34395,522135,0
BANKNIFTY09OCT2451100CE.NFO,2024-10-07,13:31:00,2024-10-09,240.5,241.45,231.2,231.2,35550,522135,0
BANKNIFTY09OCT2451100CE.NFO,2024-10-07,13:32:00,2024-10-09,232.45,238.35,228.6,229.3,41985,522135,0
BANKNIFTY09OCT2451100CE.NFO,2024-10-07,13:33:00,2024-10-09,229.8,229.8,211.1,214.15,99375,542595,0
BANKNIFTY09OCT2451100CE.NFO,2024-10-07,13:34:00,2024-10-09,213.1,217.6,200.6,201.3,73815,542595,0
BANKNIFTY09OCT2451100CE.NFO,2024-10-07,13:35:00,2024-10-09,202.8,207.15,191.6,196.65,85965,542595,0
BANKNIFTY09OCT2451100CE.NFO,2024-10-07,13:36:00,2024-10-09,199.2,203.55,191.0,191.0,69555,569925,0
BANKNIFTY09OCT2451100CE.NFO,2024-10-07,13:37:00,2024-10-09,190.2,195.45,186.75,193.55,75090,569925,0
BANKNIFTY09OCT2451100CE.NFO,2024-10-07,13:38:00,2024-10-09,193.9,195.25,184.55,187.7,88680,569925,0
BANKNIFTY09OCT2451100CE.NFO,2024-10-07,13:39:00,2024-10-09,188.8,193.4,184.2,184.2,87030,537810,0
BANKNIFTY09OCT2451100CE.NFO,2024-10-07,13:40:00,2024-10-09,185.5,185.5,177.5,182.0,64500,537810,0
BANKNIFTY09OCT2451100CE.NFO,2024-10-07,13:41:00,2024-10-09,180.9,184.4,169.55,171.05,107775,537810,0
BANKNIFTY09OCT2451100CE.NFO,2024-10-07,13:42:00,2024-10-09,170.3,172.95,160.5,166.7,67815,518550,0
BANKNIFTY09OCT2451100CE.NFO,2024-10-07,13:43:00,2024-10-09,166.3,184.8,166.3,178.8,73200,518550,0
BANKNIFTY09OCT2451100CE.NFO,2024-10-07,13:44:00,2024-10-09,178.9,182.0,172.65,176.15,63930,518550,0
BANKNIFTY09OCT2451100CE.NFO,2024-10-07,13:45:00,2024-10-09,176.95,185.65,170.0,184.0,56520,528255,0
BANKNIFTY09OCT2451100CE.NFO,2024-10-07,13:46:00,2024-10-09,184.0,199.55,179.0,195.65,56100,528255,0
BANKNIFTY09OCT2451100CE.NFO,2024-10-07,13:47:00,2024-10-09,195.6,196.45,175.95,181.1,55230,528255,0
BANKNIFTY09OCT2451100CE.NFO,2024-10-07,13:48:00,2024-10-09,181.6,185.35,175.0,178.65,31740,539250,0
BANKNIFTY09OCT2451100CE.NFO,2024-10-07,13:49:00,2024-10-09,178.75,182.25,171.35,172.9,29715,539250,0
BANKNIFTY09OCT2451100CE.NFO,2024-10-07,13:50:00,2024-10-09,172.9,187.55,170.5,187.1,21090,539250,0
BANKNIFTY09OCT2451100CE.NFO,2024-10-07,13:51:00,2024-10-09,187.1,191.35,181.6,183.4,39600,542370,0
BANKNIFTY09OCT2451100CE.NFO,2024-10-07,13:52:00,2024-10-09,183.4,193.6,183.4,192.45,32970,542370,0
BANKNIFTY09OCT2451100CE.NFO,2024-10-07,13:53:00,2024-10-09,191.4,194.45,184.5,192.0,25410,542370,0
BANKNIFTY09OCT2451100CE.NFO,2024-10-07,13:54:00,2024-10-09,192.05,204.1,190.85,200.25,61800,540000,0
BANKNIFTY09OCT2451100CE.NFO,2024-10-07,13:55:00,2024-10-09,200.25,226.3,198.0,226.0,85440,540000,0
BANKNIFTY09OCT2451100CE.NFO,2024-10-07,13:56:00,2024-10-09,225.85,226.45,205.35,226.1,62265,540000,0
BANKNIFTY09OCT2451100CE.NFO,2024-10-07,13:57:00,2024-10-09,225.75,266.7,225.75,256.05,152175,524805,0
BANKNIFTY09OCT2451100CE.NFO,2024-10-07,13:58:00,2024-10-09,257.1,260.05,218.75,242.75,100740,524805,0
BANKNIFTY09OCT2451100CE.NFO,2024-10-07,13:59:00,2024-10-09,242.9,247.65,230.85,236.5,43755,524805,0
BANKNIFTY09OCT2451100CE.NFO,2024-10-07,14:00:00,2024-10-09,238.15,264.15,235.65,257.55,68010,544680,0
BANKNIFTY09OCT2451100CE.NFO,2024-10-07,14:01:00,2024-10-09,255.5,264.75,245.0,248.1,55710,544680,0
BANKNIFTY09OCT2451100CE.NFO,2024-10-07,14:02:00,2024-10-09,249.65,249.65,223.8,223.95,65130,544680,0
BANKNIFTY09OCT2451100CE.NFO,2024-10-07,14:03:00,2024-10-09,224.4,236.9,220.1,232.15,45660,541770,0
BANKNIFTY09OCT2451100CE.NFO,2024-10-07,14:04:00,2024-10-09,234.45,236.25,222.6,234.75,27060,541770,0
BANKNIFTY09OCT2451100CE.NFO,2024-10-07,14:05:00,2024-10-09,233.25,250.85,232.25,248.55,43395,541770,0
BANKNIFTY09OCT2451100CE.NFO,2024-10-07,14:06:00,2024-10-09,247.65,260.5,241.5,244.45,37755,536085,0
BANKNIFTY09OCT2451100CE.NFO,2024-10-07,14:07:00,2024-10-09,243.45,254.8,231.2,254.8,30345,536085,0
BANKNIFTY09OCT2451100CE.NFO,2024-10-07,14:08:00,2024-10-09,255.4,275.65,250.0,272.5,74580,536085,0
BANKNIFTY09OCT2451100CE.NFO,2024-10-07,14:09:00,2024-10-09,270.05,277.0,256.4,264.75,55920,512865,0
BANKNIFTY09OCT2451100CE.NFO,2024-10-07,14:10:00,2024-10-09,264.85,294.15,258.15,284.85,84855,512865,0
BANKNIFTY09OCT2451100CE.NFO,2024-10-07,14:11:00,2024-10-09,280.85,286.65,266.7,269.15,71910,512865,0
BANKNIFTY09OCT2451100CE.NFO,2024-10-07,14:12:00,2024-10-09,270.1,270.1,248.0,253.75,61245,520455,0
BANKNIFTY09OCT2451100CE.NFO,2024-10-07,14:13:00,2024-10-09,253.75,257.8,228.85,233.2,58920,520455,0
BANKNIFTY09OCT2451100CE.NFO,2024-10-07,14:14:00,2024-10-09,232.95,238.75,213.0,214.2,56265,520455,0
BANKNIFTY09OCT2451100CE.NFO,2024-10-07,14:15:00,2024-10-09,213.7,221.65,203.0,210.0,84225,501660,0
BANKNIFTY09OCT2451100CE.NFO,2024-10-07,14:16:00,2024-10-09,212.85,218.0,193.05,193.4,60810,501660,0
BANKNIFTY09OCT2451100CE.NFO,2024-10-07,14:17:00,2024-10-09,193.4,201.0,180.75,188.05,50415,501660,0
BANKNIFTY09OCT2451100CE.NFO,2024-10-07,14:18:00,2024-10-09,188.3,190.2,175.0,190.2,50730,501810,0
BANKNIFTY09OCT2451100CE.NFO,2024-10-07,14:19:00,2024-10-09,188.95,195.0,177.15,181.1,31695,501810,0
BANKNIFTY09OCT2451100CE.NFO,2024-10-07,14:20:00,2024-10-09,181.05,187.0,176.65,181.9,22320,501810,0
BANKNIFTY09OCT2451100CE.NFO,2024-10-07,14:21:00,2024-10-09,181.1,195.75,179.6,189.6,29730,502035,0
BANKNIFTY09OCT2451100CE.NFO,2024-10-07,14:22:00,2024-10-09,188.45,189.3,177.6,183.65,24315,502035,0
BANKNIFTY09OCT2451100CE.NFO,2024-10-07,14:23:00,2024-10-09,183.2,185.25,173.1,173.1,17880,502035,0
BANKNIFTY09OCT2451100CE.NFO,2024-10-07,14:24:00,2024-10-09,173.1,175.25,166.0,170.05,41235,506880,0
BANKNIFTY09OCT2451100CE.NFO,2024-10-07,14:25:00,2024-10-09,170.05,184.4,168.05,183.0,37680,506880,0
BANKNIFTY09OCT2451100CE.NFO,2024-10-07,14:26:00,2024-10-09,182.75,188.55,175.0,175.55,33375,506880,0
BANKNIFTY09OCT2451100CE.NFO,2024-10-07,14:27:00,2024-10-09,175.8,187.0,175.8,185.25,17040,503325,0
BANKNIFTY09OCT2451100CE.NFO,2024-10-07,14:28:00,2024-10-09,184.45,186.45,180.65,185.1,16770,503325,0
BANKNIFTY09OCT2451100CE.NFO,2024-10-07,14:29:00,2024-10-09,185.1,186.5,161.0,162.5,49215,503325,0
BANKNIFTY09OCT2451100CE.NFO,2024-10-07,14:30:00,2024-10-09,162.45,174.25,162.25,168.7,28380,505695,0
BANKNIFTY09OCT2451100CE.NFO,2024-10-07,14:31:00,2024-10-09,168.85,188.0,167.8,188.0,24810,505695,0
BANKNIFTY09OCT2451100CE.NFO,2024-10-07,14:32:00,2024-10-09,185.95,211.7,185.95,205.7,52875,505695,0
BANKNIFTY09OCT2451100CE.NFO,2024-10-07,14:33:00,2024-10-09,204.25,228.0,200.75,219.6,84420,489390,0
BANKNIFTY09OCT2451100CE.NFO,2024-10-07,14:34:00,2024-10-09,218.7,234.9,217.1,222.6,55485,489390,0
BANKNIFTY09OCT2451100CE.NFO,2024-10-07,14:35:00,2024-10-09,223.8,253.6,223.8,238.45,80835,489390,0
BANKNIFTY09OCT2451100CE.NFO,2024-10-07,14:36:00,2024-10-09,237.4,241.55,210.8,218.85,65115,476655,0
BANKNIFTY09OCT2451100CE.NFO,2024-10-07,14:37:00,2024-10-09,218.25,229.0,207.45,212.35,44175,476655,0
BANKNIFTY09OCT2451100CE.NFO,2024-10-07,14:38:00,2024-10-09,214.9,216.7,197.2,204.85,48330,476655,0
BANKNIFTY09OCT2451100CE.NFO,2024-10-07,14:39:00,2024-10-09,204.05,204.2,188.6,200.0,34440,471195,0
BANKNIFTY09OCT2451100CE.NFO,2024-10-07,14:40:00,2024-10-09,198.7,202.2,186.6,194.25,37530,471195,0
BANKNIFTY09OCT2451100CE.NFO,2024-10-07,14:41:00,2024-10-09,192.65,219.5,192.45,218.25,30360,471195,0
BANKNIFTY09OCT2451100CE.NFO,2024-10-07,14:42:00,2024-10-09,216.75,224.05,211.5,221.5,34575,469155,0
BANKNIFTY09OCT2451100CE.NFO,2024-10-07,14:43:00,2024-10-09,218.1,248.2,213.5,245.35,69990,469155,0
BANKNIFTY09OCT2451100CE.NFO,2024-10-07,14:44:00,2024-10-09,245.35,290.25,245.35,290.0,128895,469155,0
BANKNIFTY09OCT2451100CE.NFO,2024-10-07,14:45:00,2024-10-09,285.9,333.6,266.3,332.5,193320,439305,0
BANKNIFTY09OCT2451100CE.NFO,2024-10-07,14:46:00,2024-10-09,325.5,400.8,315.0,388.15,283605,439305,0
BANKNIFTY09OCT2451100CE.NFO,2024-10-07,14:47:00,2024-10-09,385.95,455.15,351.95,452.3,421950,439305,0
BANKNIFTY09OCT2451100CE.NFO,2024-10-07,14:48:00,2024-10-09,452.3,457.4,372.65,440.1,290010,402120,0
BANKNIFTY09OCT2451100CE.NFO,2024-10-07,14:49:00,2024-10-09,440.1,454.5,403.9,454.5,159240,402120,0
BANKNIFTY09OCT2451100CE.NFO,2024-10-07,14:50:00,2024-10-09,454.5,572.05,445.95,572.05,267930,402120,0
BANKNIFTY09OCT2451100CE.NFO,2024-10-07,14:51:00,2024-10-09,570.6,574.1,514.35,542.7,165945,363825,0
BANKNIFTY09OCT2451100CE.NFO,2024-10-07,14:52:00,2024-10-09,542.7,543.85,439.65,464.1,141270,363825,0
BANKNIFTY09OCT2451100CE.NFO,2024-10-07,14:53:00,2024-10-09,464.1,540.7,462.9,506.7,115605,363825,0
BANKNIFTY09OCT2451100CE.NFO,2024-10-07,14:54:00,2024-10-09,506.7,509.6,458.15,476.55,77835,328140,0
BANKNIFTY09OCT2451100CE.NFO,2024-10-07,14:55:00,2024-10-09,480.3,491.75,419.4,421.95,93585,328140,0
BANKNIFTY09OCT2451100CE.NFO,2024-10-07,14:56:00,2024-10-09,421.6,421.6,316.25,316.25,148560,328140,0
BANKNIFTY09OCT2451100CE.NFO,2024-10-07,14:57:00,2024-10-09,311.0,354.5,286.4,299.4,179325,328140,0
BANKNIFTY09OCT2451100CE.NFO,2024-10-07,14:58:00,2024-10-09,299.75,325.05,299.6,303.2,115335,355560,0
BANKNIFTY09OCT2451100CE.NFO,2024-10-07,14:59:00,2024-10-09,295.65,318.15,259.0,264.65,97335,355560,0
BANKNIFTY09OCT2451100CE.NFO,2024-10-07,15:00:00,2024-10-09,266.55,306.4,247.05,276.25,126150,355560,0
BANKNIFTY09OCT2451100CE.NFO,2024-10-07,15:01:00,2024-10-09,272.2,278.25,258.65,269.5,79785,373905,0
BANKNIFTY09OCT2451100CE.NFO,2024-10-07,15:02:00,2024-10-09,270.45,284.0,239.45,240.1,81375,373905,0
BANKNIFTY09OCT2451100CE.NFO,2024-10-07,15:03:00,2024-10-09,241.2,249.15,218.35,218.9,79485,373905,0
BANKNIFTY09OCT2451100CE.NFO,2024-10-07,15:04:00,2024-10-09,219.2,240.75,219.15,225.95,76755,391155,0
BANKNIFTY09OCT2451100CE.NFO,2024-10-07,15:05:00,2024-10-09,229.85,232.65,211.6,219.15,60315,391155,0
BANKNIFTY09OCT2451100CE.NFO,2024-10-07,15:06:00,2024-10-09,220.25,223.8,189.45,192.2,68070,391155,0
BANKNIFTY09OCT2451100CE.NFO,2024-10-07,15:07:00,2024-10-09,192.0,221.1,192.0,202.0,53880,374040,0
BANKNIFTY09OCT2451100CE.NFO,2024-10-07,15:08:00,2024-10-09,205.3,209.9,198.1,209.9,34185,374040,0
BANKNIFTY09OCT2451100CE.NFO,2024-10-07,15:09:00,2024-10-09,209.65,210.6,190.15,200.05,40770,374040,0
BANKNIFTY09OCT2451100CE.NFO,2024-10-07,15:10:00,2024-10-09,201.05,201.05,189.9,190.45,40050,385425,0
BANKNIFTY09OCT2451100CE.NFO,2024-10-07,15:11:00,2024-10-09,193.05,193.05,171.15,180.4,68430,385425,0
BANKNIFTY09OCT2451100CE.NFO,2024-10-07,15:12:00,2024-10-09,180.9,197.4,173.35,194.75,44895,385425,0
BANKNIFTY09OCT2451100CE.NFO,2024-10-07,15:13:00,2024-10-09,194.8,199.15,186.2,190.4,39615,386580,0
BANKNIFTY09OCT2451100CE.NFO,2024-10-07,15:14:00,2024-10-09,191.4,195.6,174.75,178.35,41385,386580,0
BANKNIFTY09OCT2451100CE.NFO,2024-10-07,15:15:00,2024-10-09,178.6,204.7,175.6,196.35,73755,386580,0
BANKNIFTY09OCT2451100CE.NFO,2024-10-07,15:16:00,2024-10-09,196.0,207.15,190.5,190.5,55845,393210,0
BANKNIFTY09OCT2451100CE.NFO,2024-10-07,15:17:00,2024-10-09,192.4,193.4,179.35,186.65,30855,393210,0
BANKNIFTY09OCT2451100CE.NFO,2024-10-07,15:18:00,2024-10-09,188.2,200.0,187.85,197.65,28455,393210,0
BANKNIFTY09OCT2451100CE.NFO,2024-10-07,15:19:00,2024-10-09,197.3,215.8,196.55,214.9,47250,394995,0
BANKNIFTY09OCT2451100CE.NFO,2024-10-07,15:20:00,2024-10-09,214.9,216.8,200.0,210.5,47700,394995,0
BANKNIFTY09OCT2451100CE.NFO,2024-10-07,15:21:00,2024-10-09,211.25,217.6,204.15,216.55,45975,394995,0
BANKNIFTY09OCT2451100CE.NFO,2024-10-07,15:22:00,2024-10-09,216.55,216.55,190.5,195.3,38595,386595,0
BANKNIFTY09OCT2451100CE.NFO,2024-10-07,15:23:00,2024-10-09,195.15,202.3,185.2,185.2,36195,386595,0
BANKNIFTY09OCT2451100CE.NFO,2024-10-07,15:24:00,2024-10-09,186.0,197.9,183.65,194.8,44040,386595,0
BANKNIFTY09OCT2451100CE.NFO,2024-10-07,15:25:00,2024-10-09,195.4,199.4,191.85,195.85,41460,343185,0
BANKNIFTY09OCT2451100CE.NFO,2024-10-07,15:26:00,2024-10-09,196.45,197.9,189.15,195.4,57015,343185,0
BANKNIFTY09OCT2451100CE.NFO,2024-10-07,15:27:00,2024-10-09,196.3,205.55,194.5,203.5,58545,343185,0
BANKNIFTY09OCT2451100CE.NFO,2024-10-07,15:28:00,2024-10-09,201.7,204.8,195.55,200.25,39615,368220,0
BANKNIFTY09OCT2451100CE.NFO,2024-10-07,15:29:00,2024-10-09,200.15,201.75,190.0,199.2,52185,368220,0
BANKNIFTY09OCT2451100CE.NFO,2024-10-07,15:30:00,2024-10-09,199.2,199.2,199.2,199.2,52185,368220,1
BANKNIFTY09OCT2451100CE.NFO,2024-10-08,09:15:00,2024-10-09,221.1,238.0,173.85,195.0,172560,366480,0
BANKNIFTY09OCT2451100CE.NFO,2024-10-08,09:16:00,2024-10-09,195.0,217.15,193.45,202.5,118260,366480,0
BANKNIFTY09OCT2451100CE.NFO,2024-10-08,09:17:00,2024-10-09,202.5,249.0,195.4,222.2,150720,366480,0
BANKNIFTY09OCT2451100CE.NFO,2024-10-08,09:18:00,2024-10-09,222.2,222.2,187.3,194.45,95055,404610,0
BANKNIFTY09OCT2451100CE.NFO,2024-10-08,09:19:00,2024-10-09,194.45,206.45,191.25,200.3,69975,404610,0
BANKNIFTY09OCT2451100CE.NFO,2024-10-08,09:20:00,2024-10-09,202.5,223.1,202.3,214.95,125805,404610,0
BANKNIFTY09OCT2451100CE.NFO,2024-10-08,09:21:00,2024-10-09,213.65,236.5,210.1,230.7,106305,435585,0
BANKNIFTY09OCT2451100CE.NFO,2024-10-08,09:22:00,2024-10-09,232.0,232.0,201.7,216.95,84150,435585,0
BANKNIFTY09OCT2451100CE.NFO,2024-10-08,09:23:00,2024-10-09,216.0,217.0,179.3,184.45,125925,435585,0
BANKNIFTY09OCT2451100CE.NFO,2024-10-08,09:24:00,2024-10-09,187.2,198.25,172.55,191.4,107085,492420,0
BANKNIFTY09OCT2451100CE.NFO,2024-10-08,09:25:00,2024-10-09,191.4,192.5,167.5,168.45,103260,492420,0
BANKNIFTY09OCT2451100CE.NFO,2024-10-08,09:26:00,2024-10-09,166.65,175.7,161.9,161.9,106530,492420,0
BANKNIFTY09OCT2451100CE.NFO,2024-10-08,09:27:00,2024-10-09,161.9,191.5,156.8,190.4,131085,536865,0
BANKNIFTY09OCT2451100CE.NFO,2024-10-08,09:28:00,2024-10-09,190.4,223.8,186.85,208.7,175395,536865,0
BANKNIFTY09OCT2451100CE.NFO,2024-10-08,09:29:00,2024-10-09,208.7,227.1,202.05,223.35,149565,536865,0
BANKNIFTY09OCT2451100CE.NFO,2024-10-08,09:30:00,2024-10-09,223.35,238.85,216.0,221.65,119100,520785,0
BANKNIFTY09OCT2451100CE.NFO,2024-10-08,09:31:00,2024-10-09,221.65,226.55,206.25,214.05,96645,520785,0
BANKNIFTY09OCT2451100CE.NFO,2024-10-08,09:32:00,2024-10-09,214.05,215.0,185.05,194.5,111405,520785,0
BANKNIFTY09OCT2451100CE.NFO,2024-10-08,09:33:00,2024-10-09,194.5,201.55,179.7,194.25,91935,554760,0
BANKNIFTY09OCT2451100CE.NFO,2024-10-08,09:34:00,2024-10-09,194.25,228.0,194.25,203.1,130440,554760,0
BANKNIFTY09OCT2451100CE.NFO,2024-10-08,09:35:00,2024-10-09,203.1,205.2,188.0,205.2,74985,554760,0
BANKNIFTY09OCT2451100CE.NFO,2024-10-08,09:36:00,2024-10-09,205.2,232.0,198.85,223.85,100425,566730,0
BANKNIFTY09OCT2451100CE.NFO,2024-10-08,09:37:00,2024-10-09,223.25,224.4,190.8,196.7,89145,566730,0
BANKNIFTY09OCT2451100CE.NFO,2024-10-08,09:38:00,2024-10-09,195.2,202.45,183.75,200.05,61575,566730,0
BANKNIFTY09OCT2451100CE.NFO,2024-10-08,09:39:00,2024-10-09,197.95,212.7,196.5,197.8,72735,591765,0
BANKNIFTY09OCT2451100CE.NFO,2024-10-08,09:40:00,2024-10-09,197.8,214.15,192.9,201.7,57420,591765,0
BANKNIFTY09OCT2451100CE.NFO,2024-10-08,09:41:00,2024-10-09,201.7,206.6,188.4,200.0,64995,591765,0
BANKNIFTY09OCT2451100CE.NFO,2024-10-08,09:42:00,2024-10-09,200.0,210.25,194.6,204.55,61470,623100,0
BANKNIFTY09OCT2451100CE.NFO,2024-10-08,09:43:00,2024-10-09,204.55,226.85,203.95,222.35,113010,623100,0
BANKNIFTY09OCT2451100CE.NFO,2024-10-08,09:44:00,2024-10-09,222.35,257.4,215.0,234.5,220200,623100,0
BANKNIFTY09OCT2451100CE.NFO,2024-10-08,09:45:00,2024-10-09,234.5,271.95,234.5,271.95,235740,629565,0
BANKNIFTY09OCT2451100CE.NFO,2024-10-08,09:46:00,2024-10-09,264.55,297.05,264.55,276.65,314055,629565,0
BANKNIFTY09OCT2451100CE.NFO,2024-10-08,09:47:00,2024-10-09,267.6,300.0,260.4,298.5,194490,629565,0
BANKNIFTY09OCT2451100CE.NFO,2024-10-08,09:48:00,2024-10-09,298.35,315.0,279.45,293.35,238920,616515,0
BANKNIFTY09OCT2451100CE.NFO,2024-10-08,09:49:00,2024-10-09,291.3,322.45,287.1,317.2,277095,616515,0
BANKNIFTY09OCT2451100CE.NFO,2024-10-08,09:50:00,2024-10-09,316.75,332.85,305.35,319.25,330300,616515,0
BANKNIFTY09OCT2451100CE.NFO,2024-10-08,09:51:00,2024-10-09,321.45,329.95,277.15,293.1,285825,697065,0
BANKNIFTY09OCT2451100CE.NFO,2024-10-08,09:52:00,2024-10-09,290.3,309.0,284.0,291.45,136155,697065,0
BANKNIFTY09OCT2451100CE.NFO,2024-10-08,09:53:00,2024-10-09,291.45,308.0,261.45,264.75,224205,697065,0
BANKNIFTY09OCT2451100CE.NFO,2024-10-08,09:54:00,2024-10-09,264.75,282.05,262.85,280.8,129210,772350,0
BANKNIFTY09OCT2451100CE.NFO,2024-10-08,09:55:00,2024-10-09,280.8,294.05,272.35,286.15,138555,772350,0
BANKNIFTY09OCT2451100CE.NFO,2024-10-08,09:56:00,2024-10-09,286.15,286.7,256.95,266.1,141000,772350,0
BANKNIFTY09OCT2451100CE.NFO,2024-10-08,09:57:00,2024-10-09,263.35,283.15,251.4,282.75,138315,817860,0
BANKNIFTY09OCT2451100CE.NFO,2024-10-08,09:58:00,2024-10-09,280.85,288.55,254.95,254.95,122790,817860,0
BANKNIFTY09OCT2451100CE.NFO,2024-10-08,09:59:00,2024-10-09,255.5,257.25,212.5,216.6,248460,817860,0
BANKNIFTY09OCT2451100CE.NFO,2024-10-08,10:00:00,2024-10-09,216.6,226.15,193.0,215.9,238200,800760,0
BANKNIFTY09OCT2451100CE.NFO,2024-10-08,10:01:00,2024-10-09,215.8,215.8,156.15,175.4,212130,800760,0
BANKNIFTY09OCT2451100CE.NFO,2024-10-08,10:02:00,2024-10-09,175.4,200.0,171.5,192.95,128475,800760,0
BANKNIFTY09OCT2451100CE.NFO,2024-10-08,10:03:00,2024-10-09,193.3,202.85,180.25,202.85,76785,815910,0
BANKNIFTY09OCT2451100CE.NFO,2024-10-08,10:04:00,2024-10-09,207.9,219.3,204.75,216.45,128430,815910,0
BANKNIFTY09OCT2451100CE.NFO,2024-10-08,10:05:00,2024-10-09,216.15,220.5,194.9,203.1,104205,815910,0
BANKNIFTY09OCT2451100CE.NFO,2024-10-08,10:06:00,2024-10-09,203.05,210.0,194.4,199.65,84825,833430,0
BANKNIFTY09OCT2451100CE.NFO,2024-10-08,10:07:00,2024-10-09,198.65,213.2,197.85,200.2,49785,833430,0
BANKNIFTY09OCT2451100CE.NFO,2024-10-08,10:08:00,2024-10-09,200.2,209.8,197.3,207.8,54600,833430,0
BANKNIFTY09OCT2451100CE.NFO,2024-10-08,10:09:00,2024-10-09,208.35,220.7,200.85,200.85,103170,834945,0
BANKNIFTY09OCT2451100CE.NFO,2024-10-08,10:10:00,2024-10-09,201.9,202.75,176.25,177.9,97155,834945,0
BANKNIFTY09OCT2451100CE.NFO,2024-10-08,10:11:00,2024-10-09,178.55,202.0,178.55,194.8,75735,834945,0
BANKNIFTY09OCT2451100CE.NFO,2024-10-08,10:12:00,2024-10-09,194.8,203.45,188.3,196.2,53415,833910,0
BANKNIFTY09OCT2451100CE.NFO,2024-10-08,10:13:00,2024-10-09,196.2,211.5,191.75,195.4,63510,833910,0
BANKNIFTY09OCT2451100CE.NFO,2024-10-08,10:14:00,2024-10-09,193.25,198.2,184.85,190.7,50490,833910,0
BANKNIFTY09OCT2451100CE.NFO,2024-10-08,10:15:00,2024-10-09,192.1,192.65,177.2,180.7,61770,842880,0
BANKNIFTY09OCT2451100CE.NFO,2024-10-08,10:16:00,2024-10-09,181.7,190.75,178.5,184.45,48750,842880,0
BANKNIFTY09OCT2451100CE.NFO,2024-10-08,10:17:00,2024-10-09,181.8,191.35,172.65,173.9,54525,842880,0
BANKNIFTY09OCT2451100CE.NFO,2024-10-08,10:18:00,2024-10-09,173.9,185.75,173.9,179.45,47535,858600,0
BANKNIFTY09OCT2451100CE.NFO,2024-10-08,10:19:00,2024-10-09,179.45,182.05,167.5,168.6,75615,858600,0
BANKNIFTY09OCT2451100CE.NFO,2024-10-08,10:20:00,2024-10-09,169.4,180.2,167.4,177.9,53055,858600,0
BANKNIFTY09OCT2451100CE.NFO,2024-10-08,10:21:00,2024-10-09,175.95,195.95,175.65,192.55,60945,857955,0
BANKNIFTY09OCT2451100CE.NFO,2024-10-08,10:22:00,2024-10-09,190.6,194.0,183.35,183.35,58830,857955,0
BANKNIFTY09OCT2451100CE.NFO,2024-10-08,10:23:00,2024-10-09,183.35,185.75,172.0,180.7,60405,857955,0
BANKNIFTY09OCT2451100CE.NFO,2024-10-08,10:24:00,2024-10-09,180.7,189.8,180.15,182.35,30900,873675,0
BANKNIFTY09OCT2451100CE.NFO,2024-10-08,10:25:00,2024-10-09,182.35,209.55,182.35,209.55,101160,873675,0
BANKNIFTY09OCT2451100CE.NFO,2024-10-08,10:26:00,2024-10-09,209.55,259.2,206.2,240.45,333405,873675,0
BANKNIFTY09OCT2451100CE.NFO,2024-10-08,10:27:00,2024-10-09,240.45,259.2,235.2,251.45,130485,822810,0
BANKNIFTY09OCT2451100CE.NFO,2024-10-08,10:28:00,2024-10-09,251.45,259.8,235.25,236.7,121485,822810,0
BANKNIFTY09OCT2451100CE.NFO,2024-10-08,10:29:00,2024-10-09,236.0,252.4,235.15,249.05,82590,822810,0
BANKNIFTY09OCT2451100CE.NFO,2024-10-08,10:30:00,2024-10-09,249.25,261.0,242.9,254.7,133815,824400,0
BANKNIFTY09OCT2451100CE.NFO,2024-10-08,10:31:00,2024-10-09,255.0,283.5,252.15,258.5,202965,824400,0
BANKNIFTY09OCT2451100CE.NFO,2024-10-08,10:32:00,2024-10-09,259.25,276.9,258.55,264.95,111120,824400,0
BANKNIFTY09OCT2451100CE.NFO,2024-10-08,10:33:00,2024-10-09,264.95,289.85,261.25,289.7,142890,812790,0
BANKNIFTY09OCT2451100CE.NFO,2024-10-08,10:34:00,2024-10-09,289.7,295.2,267.25,286.15,186375,812790,0
BANKNIFTY09OCT2451100CE.NFO,2024-10-08,10:35:00,2024-10-09,286.55,299.65,268.05,296.0,178290,812790,0
BANKNIFTY09OCT2451100CE.NFO,2024-10-08,10:36:00,2024-10-09,296.0,308.05,280.05,288.65,343650,861540,0
BANKNIFTY09OCT2451100CE.NFO,2024-10-08,10:37:00,2024-10-09,288.65,305.6,286.4,296.0,186510,861540,0
BANKNIFTY09OCT2451100CE.NFO,2024-10-08,10:38:00,2024-10-09,296.75,301.0,283.5,296.4,184650,861540,0
BANKNIFTY09OCT2451100CE.NFO,2024-10-08,10:39:00,2024-10-09,295.45,308.6,287.65,306.55,174765,895635,0
BANKNIFTY09OCT2451100CE.NFO,2024-10-08,10:40:00,2024-10-09,304.35,324.95,287.15,289.6,368070,895635,0
BANKNIFTY09OCT2451100CE.NFO,2024-10-08,10:41:00,2024-10-09,292.25,308.05,280.65,280.75,202005,895635,0
BANKNIFTY09OCT2451100CE.NFO,2024-10-08,10:42:00,2024-10-09,282.75,296.55,280.05,291.6,165390,918810,0
BANKNIFTY09OCT2451100CE.NFO,2024-10-08,10:43:00,2024-10-09,292.5,314.9,289.7,310.2,242445,918810,0
BANKNIFTY09OCT2451100CE.NFO,2024-10-08,10:44:00,2024-10-09,310.2,310.2,276.5,277.65,255765,918810,0
BANKNIFTY09OCT2451100CE.NFO,2024-10-08,10:45:00,2024-10-09,277.65,290.4,242.25,253.65,296595,946695,0
BANKNIFTY09OCT2451100CE.NFO,2024-10-08,10:46:00,2024-10-09,253.2,274.85,250.6,266.15,132885,946695,0
BANKNIFTY09OCT2451100CE.NFO,2024-10-08,10:47:00,2024-10-09,266.15,274.85,261.6,273.25,96375,946695,0
BANKNIFTY09OCT2451100CE.NFO,2024-10-08,10:48:00,2024-10-09,274.9,284.05,266.0,273.95,108480,941535,0
BANKNIFTY09OCT2451100CE.NFO,2024-10-08,10:49:00,2024-10-09,274.55,281.95,268.0,278.95,62115,941535,0
BANKNIFTY09OCT2451100CE.NFO,2024-10-08,10:50:00,2024-10-09,281.9,294.4,274.1,276.45,193125,941535,0
BANKNIFTY09OCT2451100CE.NFO,2024-10-08,10:51:00,2024-10-09,276.55,292.85,275.5,289.0,118710,1002960,0
BANKNIFTY09OCT2451100CE.NFO,2024-10-08,10:52:00,2024-10-09,289.0,301.0,283.7,294.1,189000,1002960,0
BANKNIFTY09OCT2451100CE.NFO,2024-10-08,10:53:00,2024-10-09,294.55,301.85,283.2,287.6,154815,1002960,0
BANKNIFTY09OCT2451100CE.NFO,2024-10-08,10:54:00,2024-10-09,287.6,294.9,265.55,272.35,211065,1047435,0
BANKNIFTY09OCT2451100CE.NFO,2024-10-08,10:55:00,2024-10-09,272.35,273.45,252.7,254.25,153300,1047435,0
BANKNIFTY09OCT2451100CE.NFO,2024-10-08,10:56:00,2024-10-09,254.75,276.55,248.1,276.55,158400,1047435,0
BANKNIFTY09OCT2451100CE.NFO,2024-10-08,10:57:00,2024-10-09,277.0,277.0,253.85,253.85,101655,1028340,0
BANKNIFTY09OCT2451100CE.NFO,2024-10-08,10:58:00,2024-10-09,254.65,273.95,252.15,273.0,81390,1028340,0
BANKNIFTY09OCT2451100CE.NFO,2024-10-08,10:59:00,2024-10-09,273.3,275.9,255.55,256.55,94935,1028340,0
BANKNIFTY09OCT2451100CE.NFO,2024-10-08,11:00:00,2024-10-09,256.55,266.15,251.05,255.5,88395,1052415,0
BANKNIFTY09OCT2451100CE.NFO,2024-10-08,11:01:00,2024-10-09,255.5,270.15,254.5,265.7,53625,1052415,0
BANKNIFTY09OCT2451100CE.NFO,2024-10-08,11:02:00,2024-10-09,266.3,272.3,260.25,267.75,78210,1052415,0
BANKNIFTY09OCT2451100CE.NFO,2024-10-08,11:03:00,2024-10-09,267.75,274.6,267.0,272.0,74655,1069725,0
BANKNIFTY09OCT2451100CE.NFO,2024-10-08,11:04:00,2024-10-09,272.0,286.6,271.95,279.5,139920,1069725,0
BANKNIFTY09OCT2451100CE.NFO,2024-10-08,11:05:00,2024-10-09,279.5,289.9,278.5,285.15,148245,1069725,0
BANKNIFTY09OCT2451100CE.NFO,2024-10-08,11:06:00,2024-10-09,289.5,303.05,287.45,295.3,232905,1082130,0
BANKNIFTY09OCT2451100CE.NFO,2024-10-08,11:07:00,2024-10-09,295.3,299.25,284.0,299.25,137265,1082130,0
BANKNIFTY09OCT2451100CE.NFO,2024-10-08,11:08:00,2024-10-09,298.1,310.45,291.95,299.85,228720,1082130,0
BANKNIFTY09OCT2451100CE.NFO,2024-10-08,11:09:00,2024-10-09,301.35,309.75,289.85,289.85,202440,1137285,0
BANKNIFTY09OCT2451100CE.NFO,2024-10-08,11:10:00,2024-10-09,291.25,307.75,287.05,287.05,180720,1137285,0
BANKNIFTY09OCT2451100CE.NFO,2024-10-08,11:11:00,2024-10-09,281.45,288.0,266.7,269.95,219780,1137285,0
BANKNIFTY09OCT2451100CE.NFO,2024-10-08,11:12:00,2024-10-09,269.95,284.75,267.4,280.7,100665,1128825,0
BANKNIFTY09OCT2451100CE.NFO,2024-10-08,11:13:00,2024-10-09,280.0,281.5,253.95,264.2,179520,1128825,0
BANKNIFTY09OCT2451100CE.NFO,2024-10-08,11:14:00,2024-10-09,264.2,269.65,258.65,265.7,75975,1128825,0
BANKNIFTY09OCT2451100CE.NFO,2024-10-08,11:15:00,2024-10-09,265.7,275.35,260.95,263.15,72390,1105575,0
BANKNIFTY09OCT2451100CE.NFO,2024-10-08,11:16:00,2024-10-09,263.15,265.65,241.05,246.35,190950,1105575,0
BANKNIFTY09OCT2451100CE.NFO,2024-10-08,11:17:00,2024-10-09,246.35,247.95,226.8,240.95,168990,1105575,0
BANKNIFTY09OCT2451100CE.NFO,2024-10-08,11:18:00,2024-10-09,240.95,249.35,240.95,246.4,68310,1033695,0
BANKNIFTY09OCT2451100CE.NFO,2024-10-08,11:19:00,2024-10-09,246.4,250.7,240.9,246.45,39390,1033695,0
BANKNIFTY09OCT2451100CE.NFO,2024-10-08,11:20:00,2024-10-09,246.45,256.55,242.0,248.4,77505,1033695,0
BANKNIFTY09OCT2451100CE.NFO,2024-10-08,11:21:00,2024-10-09,248.4,252.85,241.15,245.95,60690,1035495,0
BANKNIFTY09OCT2451100CE.NFO,2024-10-08,11:22:00,2024-10-09,245.95,254.0,244.6,249.95,53925,1035495,0
BANKNIFTY09OCT2451100CE.NFO,2024-10-08,11:23:00,2024-10-09,249.95,261.45,248.85,259.9,80625,1035495,0
BANKNIFTY09OCT2451100CE.NFO,2024-10-08,11:24:00,2024-10-09,260.75,274.35,260.75,271.15,192240,1057200,0
BANKNIFTY09OCT2451100CE.NFO,2024-10-08,11:25:00,2024-10-09,271.75,274.55,266.4,272.75,120825,1057200,0
BANKNIFTY09OCT2451100CE.NFO,2024-10-08,11:26:00,2024-10-09,273.05,291.5,271.55,286.0,207450,1057200,0
BANKNIFTY09OCT2451100CE.NFO,2024-10-08,11:27:00,2024-10-09,286.0,289.75,276.3,277.4,143340,1083510,0
BANKNIFTY09OCT2451100CE.NFO,2024-10-08,11:28:00,2024-10-09,277.4,278.05,262.7,265.05,135540,1083510,0
BANKNIFTY09OCT2451100CE.NFO,2024-10-08,11:29:00,2024-10-09,268.45,277.0,264.25,264.25,92565,1083510,0
BANKNIFTY09OCT2451100CE.NFO,2024-10-08,11:30:00,2024-10-09,264.25,265.0,249.4,258.4,206550,1076970,0
BANKNIFTY09OCT2451100CE.NFO,2024-10-08,11:31:00,2024-10-09,258.4,265.0,253.0,257.45,73830,1076970,0
BANKNIFTY09OCT2451100CE.NFO,2024-10-08,11:32:00,2024-10-09,257.95,260.0,246.65,247.15,88305,1076970,0
BANKNIFTY09OCT2451100CE.NFO,2024-10-08,11:33:00,2024-10-09,247.1,249.7,240.1,244.4,99480,1088370,0
BANKNIFTY09OCT2451100CE.NFO,2024-10-08,11:34:00,2024-10-09,243.7,254.6,242.15,250.55,53085,1088370,0
BANKNIFTY09OCT2451100CE.NFO,2024-10-08,11:35:00,2024-10-09,248.75,255.95,246.9,247.05,66945,1088370,0
BANKNIFTY09OCT2451100CE.NFO,2024-10-08,11:36:00,2024-10-09,246.3,252.2,243.0,243.6,40620,1096185,0
BANKNIFTY09OCT2451100CE.NFO,2024-10-08,11:37:00,2024-10-09,243.6,257.55,242.85,255.45,73335,1096185,0
BANKNIFTY09OCT2451100CE.NFO,2024-10-08,11:38:00,2024-10-09,255.8,264.45,255.8,259.25,108720,1096185,0
BANKNIFTY09OCT2451100CE.NFO,2024-10-08,11:39:00,2024-10-09,259.25,260.2,240.45,247.75,110685,1119930,0
BANKNIFTY09OCT2451100CE.NFO,2024-10-08,11:40:00,2024-10-09,247.75,261.15,241.8,260.7,70635,1119930,0
BANKNIFTY09OCT2451100CE.NFO,2024-10-08,11:41:00,2024-10-09,260.7,266.4,259.15,264.2,109155,1119930,0
BANKNIFTY09OCT2451100CE.NFO,2024-10-08,11:42:00,2024-10-09,264.2,270.45,256.0,260.05,123735,1132080,0
BANKNIFTY09OCT2451100CE.NFO,2024-10-08,11:43:00,2024-10-09,260.05,264.9,256.9,258.5,64035,1132080,0
BANKNIFTY09OCT2451100CE.NFO,2024-10-08,11:44:00,2024-10-09,258.5,261.9,251.15,257.75,95145,1132080,0
BANKNIFTY09OCT2451100CE.NFO,2024-10-08,11:45:00,2024-10-09,257.75,273.15,256.85,264.6,155520,1139835,0
BANKNIFTY09OCT2451100CE.NFO,2024-10-08,11:46:00,2024-10-09,265.25,291.45,265.25,291.45,233520,1139835,0
BANKNIFTY09OCT2451100CE.NFO,2024-10-08,11:47:00,2024-10-09,291.45,298.25,277.8,280.15,275865,1139835,0
BANKNIFTY09OCT2451100CE.NFO,2024-10-08,11:48:00,2024-10-09,280.15,285.9,269.0,269.45,147585,1184505,0
BANKNIFTY09OCT2451100CE.NFO,2024-10-08,11:49:00,2024-10-09,268.65,271.0,258.05,259.6,157245,1184505,0
BANKNIFTY09OCT2451100CE.NFO,2024-10-08,11:50:00,2024-10-09,258.35,276.0,258.35,274.05,119715,1184505,0
BANKNIFTY09OCT2451100CE.NFO,2024-10-08,11:51:00,2024-10-09,274.4,278.0,262.1,262.95,108750,1216905,0
BANKNIFTY09OCT2451100CE.NFO,2024-10-08,11:52:00,2024-10-09,263.2,267.1,247.35,255.4,185550,1216905,0
BANKNIFTY09OCT2451100CE.NFO,2024-10-08,11:53:00,2024-10-09,255.95,259.25,249.15,252.25,73395,1216905,0
BANKNIFTY09OCT2451100CE.NFO,2024-10-08,11:54:00,2024-10-09,252.25,262.0,252.25,253.95,60360,1199205,0
BANKNIFTY09OCT2451100CE.NFO,2024-10-08,11:55:00,2024-10-09,253.95,267.6,253.95,258.15,103515,1199205,0
BANKNIFTY09OCT2451100CE.NFO,2024-10-08,11:56:00,2024-10-09,256.75,257.5,245.3,249.8,159975,1199205,0
BANKNIFTY09OCT2451100CE.NFO,2024-10-08,11:57:00,2024-10-09,249.8,250.35,195.9,209.1,437670,1127490,0
BANKNIFTY09OCT2451100CE.NFO,2024-10-08,11:58:00,2024-10-09,209.15,226.85,207.65,225.6,129735,1127490,0
BANKNIFTY09OCT2451100CE.NFO,2024-10-08,11:59:00,2024-10-09,225.6,243.45,224.35,242.0,138360,1127490,0
BANKNIFTY09OCT2451100CE.NFO,2024-10-08,12:00:00,2024-10-09,242.4,243.7,214.1,222.65,165360,1147080,0
BANKNIFTY09OCT2451100CE.NFO,2024-10-08,12:01:00,2024-10-09,222.25,231.5,217.25,222.75,80580,1147080,0
BANKNIFTY09OCT2451100CE.NFO,2024-10-08,12:02:00,2024-10-09,223.35,227.1,215.2,216.4,58485,1147080,0
BANKNIFTY09OCT2451100CE.NFO,2024-10-08,12:03:00,2024-10-09,216.8,221.05,201.75,213.85,144180,1131060,0
BANKNIFTY09OCT2451100CE.NFO,2024-10-08,12:04:00,2024-10-09,213.85,223.75,213.75,217.2,77775,1131060,0
BANKNIFTY09OCT2451100CE.NFO,2024-10-08,12:05:00,2024-10-09,217.2,217.7,198.3,198.65,105165,1131060,0
BANKNIFTY09OCT2451100CE.NFO,2024-10-08,12:06:00,2024-10-09,199.4,217.45,199.4,216.05,85410,1122285,0
BANKNIFTY09OCT2451100CE.NFO,2024-10-08,12:07:00,2024-10-09,216.05,217.3,204.0,210.45,55995,1122285,0
BANKNIFTY09OCT2451100CE.NFO,2024-10-08,12:08:00,2024-10-09,211.05,217.75,202.75,203.1,46380,1122285,0
BANKNIFTY09OCT2451100CE.NFO,2024-10-08,12:09:00,2024-10-09,203.1,214.3,203.1,209.2,41310,1128930,0
BANKNIFTY09OCT2451100CE.NFO,2024-10-08,12:10:00,2024-10-09,209.2,221.1,209.2,217.35,51960,1128930,0
BANKNIFTY09OCT2451100CE.NFO,2024-10-08,12:11:00,2024-10-09,217.35,217.35,206.75,215.75,43845,1128930,0
BANKNIFTY09OCT2451100CE.NFO,2024-10-08,12:12:00,2024-10-09,215.75,227.9,214.2,225.85,73665,1121250,0
BANKNIFTY09OCT2451100CE.NFO,2024-10-08,12:13:00,2024-10-09,225.85,238.0,225.2,236.6,144525,1121250,0
BANKNIFTY09OCT2451100CE.NFO,2024-10-08,12:14:00,2024-10-09,236.6,240.5,231.65,232.95,116535,1121250,0
BANKNIFTY09OCT2451100CE.NFO,2024-10-08,12:15:00,2024-10-09,232.95,244.2,229.95,241.25,123495,1194405,0
BANKNIFTY09OCT2451100CE.NFO,2024-10-08,12:16:00,2024-10-09,241.25,252.4,240.6,243.0,212940,1194405,0
BANKNIFTY09OCT2451100CE.NFO,2024-10-08,12:17:00,2024-10-09,242.75,243.0,229.1,229.45,120450,1194405,0
BANKNIFTY09OCT2451100CE.NFO,2024-10-08,12:18:00,2024-10-09,229.35,232.85,216.65,217.9,140895,1149870,0
BANKNIFTY09OCT2451100CE.NFO,2024-10-08,12:19:00,2024-10-09,219.05,226.0,210.0,212.8,98145,1149870,0
BANKNIFTY09OCT2451100CE.NFO,2024-10-08,12:20:00,2024-10-09,211.6,215.85,202.15,204.0,98910,1149870,0
BANKNIFTY09OCT2451100CE.NFO,2024-10-08,12:21:00,2024-10-09,203.15,214.6,203.15,208.45,49320,1156545,0
BANKNIFTY09OCT2451100CE.NFO,2024-10-08,12:22:00,2024-10-09,208.45,223.05,208.45,222.3,57630,1156545,0
BANKNIFTY09OCT2451100CE.NFO,2024-10-08,12:23:00,2024-10-09,222.3,224.0,217.35,220.3,57105,1156545,0
BANKNIFTY09OCT2451100CE.NFO,2024-10-08,12:24:00,2024-10-09,220.3,226.65,217.7,220.3,81000,1173090,0
BANKNIFTY09OCT2451100CE.NFO,2024-10-08,12:25:00,2024-10-09,220.3,227.25,220.3,224.05,58965,1173090,0
BANKNIFTY09OCT2451100CE.NFO,2024-10-08,12:26:00,2024-10-09,222.9,226.8,218.95,220.6,44400,1173090,0
BANKNIFTY09OCT2451100CE.NFO,2024-10-08,12:27:00,2024-10-09,221.2,222.95,212.35,218.1,56385,1191195,0
BANKNIFTY09OCT2451100CE.NFO,2024-10-08,12:28:00,2024-10-09,218.15,219.0,210.6,213.8,56235,1191195,0
BANKNIFTY09OCT2451100CE.NFO,2024-10-08,12:29:00,2024-10-09,213.25,216.0,207.7,209.8,39795,1191195,0
BANKNIFTY09OCT2451100CE.NFO,2024-10-08,12:30:00,2024-10-09,210.35,214.55,198.55,201.0,120330,1188975,0
BANKNIFTY09OCT2451100CE.NFO,2024-10-08,12:31:00,2024-10-09,201.0,201.35,184.3,186.65,172920,1188975,0
BANKNIFTY09OCT2451100CE.NFO,2024-10-08,12:32:00,2024-10-09,186.65,191.7,180.15,183.6,127860,1188975,0
BANKNIFTY09OCT2451100CE.NFO,2024-10-08,12:33:00,2024-10-09,183.85,197.6,183.4,196.7,71865,1150560,0
BANKNIFTY09OCT2451100CE.NFO,2024-10-08,12:34:00,2024-10-09,196.75,198.0,189.15,191.3,52320,1150560,0
BANKNIFTY09OCT2451100CE.NFO,2024-10-08,12:35:00,2024-10-09,191.25,200.95,189.25,196.4,66105,1150560,0
BANKNIFTY09OCT2451100CE.NFO,2024-10-08,12:36:00,2024-10-09,196.4,202.15,194.55,194.85,46920,1165155,0
BANKNIFTY09OCT2451100CE.NFO,2024-10-08,12:37:00,2024-10-09,193.9,199.9,187.0,187.1,40275,1165155,0
BANKNIFTY09OCT2451100CE.NFO,2024-10-08,12:38:00,2024-10-09,187.1,204.25,187.1,202.2,77010,1165155,0
BANKNIFTY09OCT2451100CE.NFO,2024-10-08,12:39:00,2024-10-09,202.95,216.15,202.95,216.15,137865,1178925,0
BANKNIFTY09OCT2451100CE.NFO,2024-10-08,12:40:00,2024-10-09,216.15,217.9,205.55,209.5,101205,1178925,0
BANKNIFTY09OCT2451100CE.NFO,2024-10-08,12:41:00,2024-10-09,209.5,211.05,197.0,198.4,103860,1178925,0
BANKNIFTY09OCT2451100CE.NFO,2024-10-08,12:42:00,2024-10-09,197.8,202.0,184.4,187.0,130965,1178925,0
BANKNIFTY09OCT2451100CE.NFO,2024-10-08,12:43:00,2024-10-09,186.65,195.75,186.55,188.4,63165,1204680,0
BANKNIFTY09OCT2451100CE.NFO,2024-10-08,12:44:00,2024-10-09,188.1,189.6,181.2,182.75,50475,1204680,0
BANKNIFTY09OCT2451100CE.NFO,2024-10-08,12:45:00,2024-10-09,181.65,188.35,178.3,186.6,86865,1204680,0
BANKNIFTY09OCT2451100CE.NFO,2024-10-08,12:46:00,2024-10-09,186.65,192.8,182.4,184.8,51495,1191330,0
BANKNIFTY09OCT2451100CE.NFO,2024-10-08,12:47:00,2024-10-09,184.4,186.25,167.8,169.35,157155,1191330,0
BANKNIFTY09OCT2451100CE.NFO,2024-10-08,12:48:00,2024-10-09,169.35,185.0,169.35,181.8,75105,1191330,0
BANKNIFTY09OCT2451100CE.NFO,2024-10-08,12:49:00,2024-10-09,181.8,186.0,178.2,178.45,43815,1159050,0
BANKNIFTY09OCT2451100CE.NFO,2024-10-08,12:50:00,2024-10-09,178.45,186.75,176.25,185.45,56355,1159050,0
BANKNIFTY09OCT2451100CE.NFO,2024-10-08,12:51:00,2024-10-09,185.45,191.05,182.85,185.75,49275,1159050,0
BANKNIFTY09OCT2451100CE.NFO,2024-10-08,12:52:00,2024-10-09,185.75,186.7,180.25,185.3,30720,1169055,0
BANKNIFTY09OCT2451100CE.NFO,2024-10-08,12:53:00,2024-10-09,186.0,190.0,185.15,189.55,42270,1169055,0
BANKNIFTY09OCT2451100CE.NFO,2024-10-08,12:54:00,2024-10-09,189.85,190.0,180.0,182.35,39030,1169055,0
BANKNIFTY09OCT2451100CE.NFO,2024-10-08,12:55:00,2024-10-09,182.35,183.35,170.15,170.55,68175,1170195,0
BANKNIFTY09OCT2451100CE.NFO,2024-10-08,12:56:00,2024-10-09,170.55,175.7,166.75,172.35,73920,1170195,0
BANKNIFTY09OCT2451100CE.NFO,2024-10-08,12:57:00,2024-10-09,173.45,175.0,162.7,166.7,88725,1170195,0
BANKNIFTY09OCT2451100CE.NFO,2024-10-08,12:58:00,2024-10-09,166.25,177.0,164.25,176.15,50655,1163775,0
BANKNIFTY09OCT2451100CE.NFO,2024-10-08,12:59:00,2024-10-09,176.15,184.0,173.85,180.5,56220,1163775,0
BANKNIFTY09OCT2451100CE.NFO,2024-10-08,13:00:00,2024-10-09,181.1,185.0,173.8,174.4,68715,1163775,0
BANKNIFTY09OCT2451100CE.NFO,2024-10-08,13:01:00,2024-10-09,174.4,184.3,170.85,184.25,36945,1152180,0
BANKNIFTY09OCT2451100CE.NFO,2024-10-08,13:02:00,2024-10-09,183.85,197.8,183.75,194.0,133200,1152180,0
BANKNIFTY09OCT2451100CE.NFO,2024-10-08,13:03:00,2024-10-09,194.55,218.0,194.55,218.0,272640,1152180,0
BANKNIFTY09OCT2451100CE.NFO,2024-10-08,13:04:00,2024-10-09,219.1,227.5,211.9,223.3,234240,1182810,0
BANKNIFTY09OCT2451100CE.NFO,2024-10-08,13:05:00,2024-10-09,224.15,242.45,223.45,227.85,352335,1182810,0
BANKNIFTY09OCT2451100CE.NFO,2024-10-08,13:06:00,2024-10-09,227.85,238.15,220.05,229.25,205395,1182810,0
BANKNIFTY09OCT2451100CE.NFO,2024-10-08,13:07:00,2024-10-09,229.25,240.55,227.6,235.35,194025,1217910,0
BANKNIFTY09OCT2451100CE.NFO,2024-10-08,13:08:00,2024-10-09,235.95,265.0,230.1,250.65,370005,1217910,0
BANKNIFTY09OCT2451100CE.NFO,2024-10-08,13:09:00,2024-10-09,251.5,284.0,246.65,271.8,530310,1217910,0
BANKNIFTY09OCT2451100CE.NFO,2024-10-08,13:10:00,2024-10-09,270.5,292.2,259.1,260.85,613695,1205640,0
BANKNIFTY09OCT2451100CE.NFO,2024-10-08,13:11:00,2024-10-09,261.45,264.35,248.9,254.25,309675,1205640,0
BANKNIFTY09OCT2451100CE.NFO,2024-10-08,13:12:00,2024-10-09,252.9,273.85,246.5,267.7,311850,1205640,0
BANKNIFTY09OCT2451100CE.NFO,2024-10-08,13:13:00,2024-10-09,268.65,277.55,258.75,271.8,262665,1311495,0
BANKNIFTY09OCT2451100CE.NFO,2024-10-08,13:14:00,2024-10-09,270.3,273.7,250.3,252.65,198255,1311495,0
BANKNIFTY09OCT2451100CE.NFO,2024-10-08,13:15:00,2024-10-09,252.65,257.0,232.3,233.05,337935,1311495,0
BANKNIFTY09OCT2451100CE.NFO,2024-10-08,13:16:00,2024-10-09,233.3,241.25,223.3,232.7,222120,1305195,0
BANKNIFTY09OCT2451100CE.NFO,2024-10-08,13:17:00,2024-10-09,232.7,238.7,228.85,235.0,93285,1305195,0
BANKNIFTY09OCT2451100CE.NFO,2024-10-08,13:18:00,2024-10-09,235.05,246.5,234.55,237.9,152130,1305195,0
BANKNIFTY09OCT2451100CE.NFO,2024-10-08,13:19:00,2024-10-09,237.15,240.55,233.1,239.55,89790,1318380,0
BANKNIFTY09OCT2451100CE.NFO,2024-10-08,13:20:00,2024-10-09,239.75,240.05,214.7,222.35,274365,1318380,0
BANKNIFTY09OCT2451100CE.NFO,2024-10-08,13:21:00,2024-10-09,221.85,228.8,218.1,220.95,113910,1318380,0
BANKNIFTY09OCT2451100CE.NFO,2024-10-08,13:22:00,2024-10-09,220.2,232.5,219.95,225.25,102285,1314480,0
BANKNIFTY09OCT2451100CE.NFO,2024-10-08,13:23:00,2024-10-09,225.5,226.2,208.55,208.55,148785,1314480,0
BANKNIFTY09OCT2451100CE.NFO,2024-10-08,13:24:00,2024-10-09,209.35,220.55,201.25,219.25,202350,1314480,0
BANKNIFTY09OCT2451100CE.NFO,2024-10-08,13:25:00,2024-10-09,219.4,227.45,213.45,222.65,114825,1293525,0
BANKNIFTY09OCT2451100CE.NFO,2024-10-08,13:26:00,2024-10-09,222.65,233.35,218.6,233.2,168270,1293525,0
BANKNIFTY09OCT2451100CE.NFO,2024-10-08,13:27:00,2024-10-09,233.05,243.75,226.15,242.2,216915,1293525,0
BANKNIFTY09OCT2451100CE.NFO,2024-10-08,13:28:00,2024-10-09,240.9,244.0,236.0,237.55,168900,1338345,0
BANKNIFTY09OCT2451100CE.NFO,2024-10-08,13:29:00,2024-10-09,238.0,238.0,220.35,223.7,184830,1338345,0
BANKNIFTY09OCT2451100CE.NFO,2024-10-08,13:30:00,2024-10-09,224.45,236.15,221.05,230.0,180825,1338345,0
BANKNIFTY09OCT2451100CE.NFO,2024-10-08,13:31:00,2024-10-09,230.0,247.6,228.35,244.0,193995,1347495,0
BANKNIFTY09OCT2451100CE.NFO,2024-10-08,13:32:00,2024-10-09,244.55,265.7,241.45,260.75,305880,1347495,0
BANKNIFTY09OCT2451100CE.NFO,2024-10-08,13:33:00,2024-10-09,260.75,265.7,248.55,255.75,230985,1347495,0
BANKNIFTY09OCT2451100CE.NFO,2024-10-08,13:34:00,2024-10-09,254.9,262.5,238.0,245.0,214260,1301955,0
BANKNIFTY09OCT2451100CE.NFO,2024-10-08,13:35:00,2024-10-09,245.0,268.5,240.5,261.2,225855,1301955,0
BANKNIFTY09OCT2451100CE.NFO,2024-10-08,13:36:00,2024-10-09,261.6,274.35,257.8,265.6,291585,1301955,0
BANKNIFTY09OCT2451100CE.NFO,2024-10-08,13:37:00,2024-10-09,264.7,273.6,260.0,262.8,234015,1321665,0
BANKNIFTY09OCT2451100CE.NFO,2024-10-08,13:38:00,2024-10-09,262.55,270.35,251.15,251.55,180930,1321665,0
BANKNIFTY09OCT2451100CE.NFO,2024-10-08,13:39:00,2024-10-09,251.65,280.0,251.65,274.2,308265,1321665,0
BANKNIFTY09OCT2451100CE.NFO,2024-10-08,13:40:00,2024-10-09,276.05,284.9,262.75,268.15,381375,1279860,0
BANKNIFTY09OCT2451100CE.NFO,2024-10-08,13:41:00,2024-10-09,268.7,270.3,253.0,266.9,229965,1279860,0
BANKNIFTY09OCT2451100CE.NFO,2024-10-08,13:42:00,2024-10-09,266.95,267.55,225.9,232.65,420420,1279860,0
BANKNIFTY09OCT2451100CE.NFO,2024-10-08,13:43:00,2024-10-09,233.5,241.15,226.6,229.6,167370,1242270,0
BANKNIFTY09OCT2451100CE.NFO,2024-10-08,13:44:00,2024-10-09,229.6,234.65,219.3,225.8,171765,1242270,0
BANKNIFTY09OCT2451100CE.NFO,2024-10-08,13:45:00,2024-10-09,226.05,248.7,226.05,244.35,236385,1242270,0
BANKNIFTY09OCT2451100CE.NFO,2024-10-08,13:46:00,2024-10-09,245.3,251.3,241.25,251.3,133425,1254120,0
BANKNIFTY09OCT2451100CE.NFO,2024-10-08,13:47:00,2024-10-09,250.8,257.05,249.8,255.05,182550,1254120,0
BANKNIFTY09OCT2451100CE.NFO,2024-10-08,13:48:00,2024-10-09,254.15,270.0,254.15,266.5,212190,1254120,0
BANKNIFTY09OCT2451100CE.NFO,2024-10-08,13:49:00,2024-10-09,264.45,268.95,249.35,254.5,176820,1240725,0
BANKNIFTY09OCT2451100CE.NFO,2024-10-08,13:50:00,2024-10-09,253.2,268.0,251.85,255.0,159255,1240725,0
BANKNIFTY09OCT2451100CE.NFO,2024-10-08,13:51:00,2024-10-09,253.5,254.8,237.35,243.75,204645,1240725,0
BANKNIFTY09OCT2451100CE.NFO,2024-10-08,13:52:00,2024-10-09,243.75,253.1,238.55,247.65,118260,1246290,0
BANKNIFTY09OCT2451100CE.NFO,2024-10-08,13:53:00,2024-10-09,248.45,252.9,237.6,238.2,103935,1246290,0
BANKNIFTY09OCT2451100CE.NFO,2024-10-08,13:54:00,2024-10-09,238.2,243.9,234.5,236.15,122010,1246290,0
BANKNIFTY09OCT2451100CE.NFO,2024-10-08,13:55:00,2024-10-09,236.15,240.95,226.5,239.8,165960,1239405,0
BANKNIFTY09OCT2451100CE.NFO,2024-10-08,13:56:00,2024-10-09,239.8,249.7,239.75,248.85,181455,1239405,0
BANKNIFTY09OCT2451100CE.NFO,2024-10-08,13:57:00,2024-10-09,248.85,249.0,232.3,238.7,150240,1239405,0
BANKNIFTY09OCT2451100CE.NFO,2024-10-08,13:58:00,2024-10-09,238.7,238.85,230.65,234.1,85770,1289670,0
BANKNIFTY09OCT2451100CE.NFO,2024-10-08,13:59:00,2024-10-09,233.25,239.0,228.55,234.0,109200,1289670,0
BANKNIFTY09OCT2451100CE.NFO,2024-10-08,14:00:00,2024-10-09,234.4,245.2,228.65,229.05,151080,1289670,0
BANKNIFTY09OCT2451100CE.NFO,2024-10-08,14:01:00,2024-10-09,229.05,237.3,227.45,235.3,95895,1329885,0
BANKNIFTY09OCT2451100CE.NFO,2024-10-08,14:02:00,2024-10-09,236.05,248.2,232.3,247.15,121170,1329885,0
BANKNIFTY09OCT2451100CE.NFO,2024-10-08,14:03:00,2024-10-09,248.05,252.75,245.3,248.2,192645,1329885,0
BANKNIFTY09OCT2451100CE.NFO,2024-10-08,14:04:00,2024-10-09,248.05,250.85,232.3,233.15,146835,1354965,0
BANKNIFTY09OCT2451100CE.NFO,2024-10-08,14:05:00,2024-10-09,234.9,244.45,231.25,238.75,99495,1354965,0
BANKNIFTY09OCT2451100CE.NFO,2024-10-08,14:06:00,2024-10-09,237.25,258.8,237.25,255.35,143310,1354965,0
BANKNIFTY09OCT2451100CE.NFO,2024-10-08,14:07:00,2024-10-09,255.55,267.15,254.8,259.3,261180,1351800,0
BANKNIFTY09OCT2451100CE.NFO,2024-10-08,14:08:00,2024-10-09,258.65,266.85,248.75,252.15,142080,1351800,0
BANKNIFTY09OCT2451100CE.NFO,2024-10-08,14:09:00,2024-10-09,252.15,264.0,247.55,263.5,150345,1351800,0
BANKNIFTY09OCT2451100CE.NFO,2024-10-08,14:10:00,2024-10-09,262.85,262.85,247.4,251.95,137595,1322595,0
BANKNIFTY09OCT2451100CE.NFO,2024-10-08,14:11:00,2024-10-09,251.95,262.9,251.65,255.9,102645,1322595,0
BANKNIFTY09OCT2451100CE.NFO,2024-10-08,14:12:00,2024-10-09,255.9,269.5,255.2,261.35,220755,1322595,0
BANKNIFTY09OCT2451100CE.NFO,2024-10-08,14:13:00,2024-10-09,261.15,262.9,250.7,254.9,126840,1360695,0
BANKNIFTY09OCT2451100CE.NFO,2024-10-08,14:14:00,2024-10-09,256.0,267.4,254.35,266.35,124890,1360695,0
BANKNIFTY09OCT2451100CE.NFO,2024-10-08,14:15:00,2024-10-09,269.35,282.85,268.25,278.65,400110,1360695,0
BANKNIFTY09OCT2451100CE.NFO,2024-10-08,14:16:00,2024-10-09,280.15,284.95,268.8,269.2,335655,1342485,0
BANKNIFTY09OCT2451100CE.NFO,2024-10-08,14:17:00,2024-10-09,270.7,276.55,257.8,258.65,220875,1342485,0
BANKNIFTY09OCT2451100CE.NFO,2024-10-08,14:18:00,2024-10-09,258.65,261.4,246.75,249.65,202665,1342485,0
BANKNIFTY09OCT2451100CE.NFO,2024-10-08,14:19:00,2024-10-09,249.7,262.2,243.8,246.25,173955,1342875,0
BANKNIFTY09OCT2451100CE.NFO,2024-10-08,14:20:00,2024-10-09,246.25,251.05,241.4,242.1,134100,1342875,0
BANKNIFTY09OCT2451100CE.NFO,2024-10-08,14:21:00,2024-10-09,242.1,254.7,241.5,251.5,135330,1342875,0
BANKNIFTY09OCT2451100CE.NFO,2024-10-08,14:22:00,2024-10-09,251.05,260.8,251.05,256.7,137595,1379550,0
BANKNIFTY09OCT2451100CE.NFO,2024-10-08,14:23:00,2024-10-09,256.7,262.6,249.35,251.85,138945,1379550,0
BANKNIFTY09OCT2451100CE.NFO,2024-10-08,14:24:00,2024-10-09,251.85,259.0,251.85,258.35,83895,1379550,0
BANKNIFTY09OCT2451100CE.NFO,2024-10-08,14:25:00,2024-10-09,258.35,266.35,254.15,263.55,130605,1382850,0
BANKNIFTY09OCT2451100CE.NFO,2024-10-08,14:26:00,2024-10-09,263.55,267.15,252.55,256.5,144810,1382850,0
BANKNIFTY09OCT2451100CE.NFO,2024-10-08,14:27:00,2024-10-09,256.7,266.5,253.05,265.75,122865,1382850,0
BANKNIFTY09OCT2451100CE.NFO,2024-10-08,14:28:00,2024-10-09,265.75,271.4,259.05,270.7,137400,1374225,0
BANKNIFTY09OCT2451100CE.NFO,2024-10-08,14:29:00,2024-10-09,270.25,281.0,265.0,267.8,225675,1374225,0
BANKNIFTY09OCT2451100CE.NFO,2024-10-08,14:30:00,2024-10-09,267.3,269.7,252.5,254.1,158685,1374225,0
BANKNIFTY09OCT2451100CE.NFO,2024-10-08,14:31:00,2024-10-09,254.25,256.0,245.85,254.7,160380,1346115,0
BANKNIFTY09OCT2451100CE.NFO,2024-10-08,14:32:00,2024-10-09,253.0,254.9,234.95,238.1,203460,1346115,0
BANKNIFTY09OCT2451100CE.NFO,2024-10-08,14:33:00,2024-10-09,236.7,239.2,213.9,223.85,367260,1346115,0
BANKNIFTY09OCT2451100CE.NFO,2024-10-08,14:34:00,2024-10-09,224.8,232.7,221.6,225.5,145305,1315710,0
BANKNIFTY09OCT2451100CE.NFO,2024-10-08,14:35:00,2024-10-09,224.65,230.8,195.85,204.35,294525,1315710,0
BANKNIFTY09OCT2451100CE.NFO,2024-10-08,14:36:00,2024-10-09,204.35,211.05,193.1,207.1,229635,1315710,0
BANKNIFTY09OCT2451100CE.NFO,2024-10-08,14:37:00,2024-10-09,206.6,213.4,190.75,191.6,225285,1301865,0
BANKNIFTY09OCT2451100CE.NFO,2024-10-08,14:38:00,2024-10-09,191.6,206.0,188.65,189.95,165825,1301865,0
BANKNIFTY09OCT2451100CE.NFO,2024-10-08,14:39:00,2024-10-09,190.9,199.1,180.4,199.1,192300,1301865,0
BANKNIFTY09OCT2451100CE.NFO,2024-10-08,14:40:00,2024-10-09,198.1,201.85,185.25,194.35,134385,1326855,0
BANKNIFTY09OCT2451100CE.NFO,2024-10-08,14:41:00,2024-10-09,194.0,199.95,187.0,198.8,78030,1326855,0
BANKNIFTY09OCT2451100CE.NFO,2024-10-08,14:42:00,2024-10-09,198.8,199.65,185.0,188.95,112035,1326855,0
BANKNIFTY09OCT2451100CE.NFO,2024-10-08,14:43:00,2024-10-09,189.9,194.6,179.0,179.0,115860,1352580,0
BANKNIFTY09OCT2451100CE.NFO,2024-10-08,14:44:00,2024-10-09,181.3,185.0,169.3,176.85,253470,1352580,0
BANKNIFTY09OCT2451100CE.NFO,2024-10-08,14:45:00,2024-10-09,176.9,178.2,162.55,175.6,239385,1352580,0
BANKNIFTY09OCT2451100CE.NFO,2024-10-08,14:46:00,2024-10-09,175.45,197.45,175.45,196.4,269250,1317015,0
BANKNIFTY09OCT2451100CE.NFO,2024-10-08,14:47:00,2024-10-09,195.25,195.45,180.35,185.15,162000,1317015,0
BANKNIFTY09OCT2451100CE.NFO,2024-10-08,14:48:00,2024-10-09,185.15,191.4,177.0,190.05,126285,1317015,0
BANKNIFTY09OCT2451100CE.NFO,2024-10-08,14:49:00,2024-10-09,190.05,197.0,187.45,188.0,121110,1327515,0
BANKNIFTY09OCT2451100CE.NFO,2024-10-08,14:50:00,2024-10-09,186.9,188.8,178.55,184.9,123690,1327515,0
BANKNIFTY09OCT2451100CE.NFO,2024-10-08,14:51:00,2024-10-09,184.6,191.95,179.25,184.7,124530,1327515,0
BANKNIFTY09OCT2451100CE.NFO,2024-10-08,14:52:00,2024-10-09,184.45,184.45,167.55,176.95,222345,1302495,0
BANKNIFTY09OCT2451100CE.NFO,2024-10-08,14:53:00,2024-10-09,176.95,179.2,169.0,170.95,91800,1302495,0
BANKNIFTY09OCT2451100CE.NFO,2024-10-08,14:54:00,2024-10-09,170.95,175.35,162.4,170.35,158055,1302495,0
BANKNIFTY09OCT2451100CE.NFO,2024-10-08,14:55:00,2024-10-09,170.45,178.55,167.0,178.55,87165,1273830,0
BANKNIFTY09OCT2451100CE.NFO,2024-10-08,14:56:00,2024-10-09,177.95,183.95,171.0,174.55,119100,1273830,0
BANKNIFTY09OCT2451100CE.NFO,2024-10-08,14:57:00,2024-10-09,173.0,173.6,155.5,165.6,154245,1273830,0
BANKNIFTY09OCT2451100CE.NFO,2024-10-08,14:58:00,2024-10-09,165.95,180.6,164.55,177.8,137685,1293330,0
BANKNIFTY09OCT2451100CE.NFO,2024-10-08,14:59:00,2024-10-09,177.55,181.85,167.1,180.0,153390,1293330,0
BANKNIFTY09OCT2451100CE.NFO,2024-10-08,15:00:00,2024-10-09,181.0,201.7,170.35,174.6,404220,1293330,0
BANKNIFTY09OCT2451100CE.NFO,2024-10-08,15:01:00,2024-10-09,176.8,182.1,163.2,170.15,168705,1308930,0
BANKNIFTY09OCT2451100CE.NFO,2024-10-08,15:02:00,2024-10-09,170.8,185.75,170.15,179.65,162795,1308930,0
BANKNIFTY09OCT2451100CE.NFO,2024-10-08,15:03:00,2024-10-09,179.05,188.8,172.9,178.4,172095,1308930,0
BANKNIFTY09OCT2451100CE.NFO,2024-10-08,15:04:00,2024-10-09,177.65,182.65,171.9,179.1,102300,1333410,0
BANKNIFTY09OCT2451100CE.NFO,2024-10-08,15:05:00,2024-10-09,180.1,185.3,173.55,176.95,128355,1333410,0
BANKNIFTY09OCT2451100CE.NFO,2024-10-08,15:06:00,2024-10-09,177.2,179.2,166.75,167.15,104265,1333410,0
BANKNIFTY09OCT2451100CE.NFO,2024-10-08,15:07:00,2024-10-09,166.95,176.0,163.15,175.05,142095,1291980,0
BANKNIFTY09OCT2451100CE.NFO,2024-10-08,15:08:00,2024-10-09,175.3,176.9,168.3,171.0,102810,1291980,0
BANKNIFTY09OCT2451100CE.NFO,2024-10-08,15:09:00,2024-10-09,170.1,174.15,166.15,170.85,77085,1291980,0
BANKNIFTY09OCT2451100CE.NFO,2024-10-08,15:10:00,2024-10-09,171.15,173.25,166.75,173.0,81210,1295490,0
BANKNIFTY09OCT2451100CE.NFO,2024-10-08,15:11:00,2024-10-09,173.0,187.55,171.7,187.55,148200,1295490,0
BANKNIFTY09OCT2451100CE.NFO,2024-10-08,15:12:00,2024-10-09,187.25,203.55,187.25,200.4,338145,1295490,0
BANKNIFTY09OCT2451100CE.NFO,2024-10-08,15:13:00,2024-10-09,200.4,203.0,182.9,182.9,246645,1260300,0
BANKNIFTY09OCT2451100CE.NFO,2024-10-08,15:14:00,2024-10-09,182.9,188.6,175.95,187.45,183285,1260300,0
BANKNIFTY09OCT2451100CE.NFO,2024-10-08,15:15:00,2024-10-09,188.1,195.55,183.55,192.7,180780,1260300,0
BANKNIFTY09OCT2451100CE.NFO,2024-10-08,15:16:00,2024-10-09,192.8,195.5,188.1,191.1,151920,1217280,0
BANKNIFTY09OCT2451100CE.NFO,2024-10-08,15:17:00,2024-10-09,190.7,200.9,190.2,193.15,190155,1217280,0
BANKNIFTY09OCT2451100CE.NFO,2024-10-08,15:18:00,2024-10-09,193.15,198.4,192.6,197.25,121980,1217280,0
BANKNIFTY09OCT2451100CE.NFO,2024-10-08,15:19:00,2024-10-09,198.5,200.5,188.9,191.2,167895,1156725,0
BANKNIFTY09OCT2451100CE.NFO,2024-10-08,15:20:00,2024-10-09,191.2,200.95,191.2,197.15,140895,1156725,0
BANKNIFTY09OCT2451100CE.NFO,2024-10-08,15:21:00,2024-10-09,197.3,198.45,193.4,195.75,90360,1156725,0
BANKNIFTY09OCT2451100CE.NFO,2024-10-08,15:22:00,2024-10-09,195.4,200.75,195.3,198.25,118440,1131735,0
BANKNIFTY09OCT2451100CE.NFO,2024-10-08,15:23:00,2024-10-09,198.5,200.05,195.8,200.05,104235,1131735,0
BANKNIFTY09OCT2451100CE.NFO,2024-10-08,15:24:00,2024-10-09,200.2,206.0,198.25,203.1,170130,1131735,0
BANKNIFTY09OCT2451100CE.NFO,2024-10-08,15:25:00,2024-10-09,203.7,204.6,195.4,203.35,158010,1084155,0
BANKNIFTY09OCT2451100CE.NFO,2024-10-08,15:26:00,2024-10-09,203.15,204.55,199.25,202.25,124875,1084155,0
BANKNIFTY09OCT2451100CE.NFO,2024-10-08,15:27:00,2024-10-09,202.25,206.0,200.55,205.3,121440,1084155,0
BANKNIFTY09OCT2451100CE.NFO,2024-10-08,15:28:00,2024-10-09,205.35,214.25,205.0,214.25,157815,1028775,0
BANKNIFTY09OCT2451100CE.NFO,2024-10-08,15:29:00,2024-10-09,214.85,219.0,200.8,200.95,233550,1028775,0
BANKNIFTY09OCT2451100CE.NFO,2024-10-08,15:30:00,2024-10-09,200.95,200.95,200.95,200.95,233550,1028775,1
BANKNIFTY09OCT2451100CE.NFO,2024-10-09,09:15:00,2024-10-09,210.0,275.0,209.95,259.5,985485,1082445,0
BANKNIFTY09OCT2451100CE.NFO,2024-10-09,09:16:00,2024-10-09,259.5,280.0,245.05,249.0,837330,1082445,0
BANKNIFTY09OCT2451100CE.NFO,2024-10-09,09:17:00,2024-10-09,247.0,247.55,231.15,245.85,861780,1082445,0
BANKNIFTY09OCT2451100CE.NFO,2024-10-09,09:18:00,2024-10-09,245.85,253.25,235.0,236.25,907635,1789260,0
BANKNIFTY09OCT2451100CE.NFO,2024-10-09,09:19:00,2024-10-09,233.95,234.3,214.05,222.25,1111335,1789260,0
BANKNIFTY09OCT2451100CE.NFO,2024-10-09,09:20:00,2024-10-09,215.2,226.85,206.85,224.3,711735,1789260,0
BANKNIFTY09OCT2451100CE.NFO,2024-10-09,09:21:00,2024-10-09,224.3,233.5,221.1,229.2,698850,2352660,0
BANKNIFTY09OCT2451100CE.NFO,2024-10-09,09:22:00,2024-10-09,227.5,229.5,206.4,220.5,753315,2352660,0
BANKNIFTY09OCT2451100CE.NFO,2024-10-09,09:23:00,2024-10-09,220.5,220.5,195.55,208.55,799215,2352660,0
BANKNIFTY09OCT2451100CE.NFO,2024-10-09,09:24:00,2024-10-09,208.55,212.4,199.1,199.45,498645,2832105,0
BANKNIFTY09OCT2451100CE.NFO,2024-10-09,09:25:00,2024-10-09,198.05,201.0,183.0,187.6,756015,2832105,0
BANKNIFTY09OCT2451100CE.NFO,2024-10-09,09:26:00,2024-10-09,187.6,198.75,181.6,195.25,530580,2832105,0
BANKNIFTY09OCT2451100CE.NFO,2024-10-09,09:27:00,2024-10-09,195.25,206.65,193.75,193.75,487965,3082935,0
BANKNIFTY09OCT2451100CE.NFO,2024-10-09,09:28:00,2024-10-09,193.75,206.2,186.7,192.05,505200,3082935,0
BANKNIFTY09OCT2451100CE.NFO,2024-10-09,09:29:00,2024-10-09,192.05,198.3,187.8,193.25,256920,3082935,0
BANKNIFTY09OCT2451100CE.NFO,2024-10-09,09:30:00,2024-10-09,193.25,198.25,178.35,195.95,666315,3293640,0
BANKNIFTY09OCT2451100CE.NFO,2024-10-09,09:31:00,2024-10-09,195.95,203.35,190.5,199.55,336255,3293640,0
BANKNIFTY09OCT2451100CE.NFO,2024-10-09,09:32:00,2024-10-09,199.55,211.95,193.55,193.55,477465,3293640,0
BANKNIFTY09OCT2451100CE.NFO,2024-10-09,09:33:00,2024-10-09,193.55,210.5,192.85,202.6,340230,3176940,0
BANKNIFTY09OCT2451100CE.NFO,2024-10-09,09:34:00,2024-10-09,202.6,210.1,198.0,207.3,333690,3176940,0
BANKNIFTY09OCT2451100CE.NFO,2024-10-09,09:35:00,2024-10-09,207.3,220.8,195.95,201.75,691095,3176940,0
BANKNIFTY09OCT2451100CE.NFO,2024-10-09,09:36:00,2024-10-09,201.75,214.2,198.05,199.2,457830,3289050,0
BANKNIFTY09OCT2451100CE.NFO,2024-10-09,09:37:00,2024-10-09,199.2,232.75,195.95,225.15,1668315,3289050,0
BANKNIFTY09OCT2451100CE.NFO,2024-10-09,09:38:00,2024-10-09,225.15,225.15,207.4,219.05,550710,3289050,0
BANKNIFTY09OCT2451100CE.NFO,2024-10-09,09:39:00,2024-10-09,219.5,222.8,214.05,217.65,377325,2602275,0
BANKNIFTY09OCT2451100CE.NFO,2024-10-09,09:40:00,2024-10-09,219.5,222.25,207.6,221.65,480360,2602275,0
BANKNIFTY09OCT2451100CE.NFO,2024-10-09,09:41:00,2024-10-09,219.9,230.7,210.4,220.55,529185,2602275,0
BANKNIFTY09OCT2451100CE.NFO,2024-10-09,09:42:00,2024-10-09,220.25,262.3,220.25,251.95,1199460,2435325,0
BANKNIFTY09OCT2451100CE.NFO,2024-10-09,09:43:00,2024-10-09,251.55,273.65,248.15,259.1,1349955,2435325,0
BANKNIFTY09OCT2451100CE.NFO,2024-10-09,09:44:00,2024-10-09,259.3,285.0,243.5,247.3,1004790,2435325,0
BANKNIFTY09OCT2451100CE.NFO,2024-10-09,09:45:00,2024-10-09,246.75,257.9,221.1,221.7,634545,2520735,0
BANKNIFTY09OCT2451100CE.NFO,2024-10-09,09:46:00,2024-10-09,221.7,233.65,212.85,230.1,568635,2520735,0
BANKNIFTY09OCT2451100CE.NFO,2024-10-09,09:47:00,2024-10-09,230.1,233.8,219.3,228.95,367590,2520735,0
BANKNIFTY09OCT2451100CE.NFO,2024-10-09,09:48:00,2024-10-09,229.0,230.85,207.3,210.0,408240,2839065,0
BANKNIFTY09OCT2451100CE.NFO,2024-10-09,09:49:00,2024-10-09,208.65,219.4,204.15,208.9,455550,2839065,0
BANKNIFTY09OCT2451100CE.NFO,2024-10-09,09:50:00,2024-10-09,206.9,222.45,206.9,218.0,323355,2839065,0
BANKNIFTY09OCT2451100CE.NFO,2024-10-09,09:51:00,2024-10-09,219.0,227.9,215.35,215.45,375765,2931810,0
BANKNIFTY09OCT2451100CE.NFO,2024-10-09,09:52:00,2024-10-09,214.55,219.1,207.7,212.3,277020,2931810,0
BANKNIFTY09OCT2451100CE.NFO,2024-10-09,09:53:00,2024-10-09,212.3,219.5,207.25,210.45,249810,2931810,0
BANKNIFTY09OCT2451100CE.NFO,2024-10-09,09:54:00,2024-10-09,210.45,221.5,196.15,206.65,582090,3033210,0
BANKNIFTY09OCT2451100CE.NFO,2024-10-09,09:55:00,2024-10-09,206.65,212.35,195.75,202.0,333885,3033210,0
BANKNIFTY09OCT2451100CE.NFO,2024-10-09,09:56:00,2024-10-09,202.0,207.8,192.95,199.5,378375,3033210,0
BANKNIFTY09OCT2451100CE.NFO,2024-10-09,09:57:00,2024-10-09,199.35,207.2,194.05,202.35,279195,3022545,0
BANKNIFTY09OCT2451100CE.NFO,2024-10-09,09:58:00,2024-10-09,202.6,207.2,194.2,199.45,340500,3022545,0
BANKNIFTY09OCT2451100CE.NFO,2024-10-09,09:59:00,2024-10-09,199.45,213.0,198.9,209.25,323070,3022545,0
BANKNIFTY09OCT2451100CE.NFO,2024-10-09,10:00:00,2024-10-09,209.25,213.95,198.9,212.65,425880,3029070,0
BANKNIFTY09OCT2451100CE.NFO,2024-10-09,10:01:00,2024-10-09,212.65,214.05,185.5,194.6,699450,3029070,0
BANKNIFTY09OCT2451100CE.NFO,2024-10-09,10:02:00,2024-10-09,194.6,200.85,185.95,198.1,343335,3029070,0
BANKNIFTY09OCT2451100CE.NFO,2024-10-09,10:03:00,2024-10-09,198.1,205.4,190.7,199.15,291090,3220665,0
BANKNIFTY09OCT2451100CE.NFO,2024-10-09,10:04:00,2024-10-09,199.15,200.4,160.4,163.3,913755,3220665,0
BANKNIFTY09OCT2451100CE.NFO,2024-10-09,10:05:00,2024-10-09,163.3,182.15,158.0,177.85,734010,3220665,0
BANKNIFTY09OCT2451100CE.NFO,2024-10-09,10:06:00,2024-10-09,177.85,246.95,177.85,246.95,1698135,3140955,0
BANKNIFTY09OCT2451100CE.NFO,2024-10-09,10:07:00,2024-10-09,233.8,259.75,232.75,247.05,1645380,3140955,0
BANKNIFTY09OCT2451100CE.NFO,2024-10-09,10:08:00,2024-10-09,247.4,339.95,226.15,339.95,2003250,3140955,0
BANKNIFTY09OCT2451100CE.NFO,2024-10-09,10:09:00,2024-10-09,325.35,462.5,317.85,462.5,1544340,1760550,0
BANKNIFTY09OCT2451100CE.NFO,2024-10-09,10:10:00,2024-10-09,460.4,533.7,396.15,486.5,1053510,1760550,0
BANKNIFTY09OCT2451100CE.NFO,2024-10-09,10:11:00,2024-10-09,480.3,489.1,426.95,450.1,409095,1760550,0
BANKNIFTY09OCT2451100CE.NFO,2024-10-09,10:12:00,2024-10-09,453.35,482.85,451.95,472.8,259650,1070685,0
BANKNIFTY09OCT2451100CE.NFO,2024-10-09,10:13:00,2024-10-09,470.95,510.75,428.85,504.6,340095,1070685,0
BANKNIFTY09OCT2451100CE.NFO,2024-10-09,10:14:00,2024-10-09,502.9,561.65,492.8,552.0,339330,1070685,0
BANKNIFTY09OCT2451100CE.NFO,2024-10-09,10:15:00,2024-10-09,552.0,570.0,518.9,544.45,223920,836385,0
BANKNIFTY09OCT2451100CE.NFO,2024-10-09,10:16:00,2024-10-09,544.45,544.45,430.35,431.15,246870,836385,0
BANKNIFTY09OCT2451100CE.NFO,2024-10-09,10:17:00,2024-10-09,431.15,489.05,415.35,472.25,206610,836385,0
BANKNIFTY09OCT2451100CE.NFO,2024-10-09,10:18:00,2024-10-09,479.45,484.6,415.5,417.3,164835,786015,0
BANKNIFTY09OCT2451100CE.NFO,2024-10-09,10:19:00,2024-10-09,424.6,445.0,404.7,409.3,143835,786015,0
BANKNIFTY09OCT2451100CE.NFO,2024-10-09,10:20:00,2024-10-09,409.3,438.1,395.8,423.6,123630,786015,0
BANKNIFTY09OCT2451100CE.NFO,2024-10-09,10:21:00,2024-10-09,423.6,439.85,364.7,365.9,152685,784305,0
BANKNIFTY09OCT2451100CE.NFO,2024-10-09,10:22:00,2024-10-09,365.9,384.25,356.95,383.2,109740,784305,0
BANKNIFTY09OCT2451100CE.NFO,2024-10-09,10:23:00,2024-10-09,383.2,401.9,366.2,380.8,90675,784305,0
BANKNIFTY09OCT2451100CE.NFO,2024-10-09,10:24:00,2024-10-09,382.4,393.8,348.25,351.85,124980,796800,0
BANKNIFTY09OCT2451100CE.NFO,2024-10-09,10:25:00,2024-10-09,351.85,355.15,284.7,296.35,287610,796800,0
BANKNIFTY09OCT2451100CE.NFO,2024-10-09,10:26:00,2024-10-09,296.35,303.45,249.95,266.8,301275,796800,0
BANKNIFTY09OCT2451100CE.NFO,2024-10-09,10:27:00,2024-10-09,266.8,266.8,224.3,240.1,378015,947205,0
BANKNIFTY09OCT2451100CE.NFO,2024-10-09,10:28:00,2024-10-09,240.1,240.1,200.75,209.6,412680,947205,0
BANKNIFTY09OCT2451100CE.NFO,2024-10-09,10:29:00,2024-10-09,208.0,218.95,197.5,214.3,487110,947205,0
BANKNIFTY09OCT2451100CE.NFO,2024-10-09,10:30:00,2024-10-09,214.3,247.4,206.8,240.8,545625,1138275,0
BANKNIFTY09OCT2451100CE.NFO,2024-10-09,10:31:00,2024-10-09,240.8,253.5,221.1,228.15,479790,1138275,0
BANKNIFTY09OCT2451100CE.NFO,2024-10-09,10:32:00,2024-10-09,228.15,228.15,206.65,207.75,356790,1138275,0
BANKNIFTY09OCT2451100CE.NFO,2024-10-09,10:33:00,2024-10-09,207.75,232.15,201.5,222.45,362160,1168425,0
BANKNIFTY09OCT2451100CE.NFO,2024-10-09,10:34:00,2024-10-09,222.45,251.6,215.2,245.35,327465,1168425,0
BANKNIFTY09OCT2451100CE.NFO,2024-10-09,10:35:00,2024-10-09,245.35,310.05,245.35,291.55,657585,1168425,0
BANKNIFTY09OCT2451100CE.NFO,2024-10-09,10:36:00,2024-10-09,293.6,389.85,290.95,381.35,581235,1017060,0
BANKNIFTY09OCT2451100CE.NFO,2024-10-09,10:37:00,2024-10-09,381.35,466.0,377.9,430.15,624840,1017060,0
BANKNIFTY09OCT2451100CE.NFO,2024-10-09,10:38:00,2024-10-09,428.15,459.45,423.25,446.6,196350,1017060,0
BANKNIFTY09OCT2451100CE.NFO,2024-10-09,10:39:00,2024-10-09,447.45,508.7,439.55,498.8,271590,763305,0
BANKNIFTY09OCT2451100CE.NFO,2024-10-09,10:40:00,2024-10-09,501.6,521.5,436.95,445.7,231450,763305,0
BANKNIFTY09OCT2451100CE.NFO,2024-10-09,10:41:00,2024-10-09,445.7,451.35,417.65,431.85,114675,763305,0
BANKNIFTY09OCT2451100CE.NFO,2024-10-09,10:42:00,2024-10-09,431.85,444.0,418.55,434.6,67515,683460,0
BANKNIFTY09OCT2451100CE.NFO,2024-10-09,10:43:00,2024-10-09,434.6,473.2,420.75,462.15,85020,683460,0
BANKNIFTY09OCT2451100CE.NFO,2024-10-09,10:44:00,2024-10-09,462.15,469.2,436.7,441.35,58950,683460,0
BANKNIFTY09OCT2451100CE.NFO,2024-10-09,10:45:00,2024-10-09,437.65,471.9,434.1,461.75,70410,651465,0
BANKNIFTY09OCT2451100CE.NFO,2024-10-09,10:46:00,2024-10-09,461.75,504.0,456.8,491.3,126510,651465,0
BANKNIFTY09OCT2451100CE.NFO,2024-10-09,10:47:00,2024-10-09,492.15,553.35,481.1,545.65,124575,651465,0
BANKNIFTY09OCT2451100CE.NFO,2024-10-09,10:48:00,2024-10-09,545.65,594.85,527.55,567.2,130260,568200,0
BANKNIFTY09OCT2451100CE.NFO,2024-10-09,10:49:00,2024-10-09,565.0,587.3,525.0,543.35,79305,568200,0
BANKNIFTY09OCT2451100CE.NFO,2024-10-09,10:50:00,2024-10-09,543.35,630.0,543.35,619.45,132975,568200,0
BANKNIFTY09OCT2451100CE.NFO,2024-10-09,10:51:00,2024-10-09,619.45,642.0,594.05,594.05,77715,531420,0
BANKNIFTY09OCT2451100CE.NFO,2024-10-09,10:52:00,2024-10-09,593.85,612.75,557.9,574.95,62160,531420,0
BANKNIFTY09OCT2451100CE.NFO,2024-10-09,10:53:00,2024-10-09,574.95,587.0,554.5,565.35,33765,531420,0
BANKNIFTY09OCT2451100CE.NFO,2024-10-09,10:54:00,2024-10-09,565.35,611.95,561.5,589.9,42750,512325,0
BANKNIFTY09OCT2451100CE.NFO,2024-10-09,10:55:00,2024-10-09,589.9,643.95,589.9,603.7,73035,512325,0
BANKNIFTY09OCT2451100CE.NFO,2024-10-09,10:56:00,2024-10-09,603.7,611.3,552.05,560.9,55515,512325,0
BANKNIFTY09OCT2451100CE.NFO,2024-10-09,10:57:00,2024-10-09,560.9,580.0,530.0,540.9,53175,483930,0
BANKNIFTY09OCT2451100CE.NFO,2024-10-09,10:58:00,2024-10-09,540.9,575.05,539.25,554.35,31680,483930,0
BANKNIFTY09OCT2451100CE.NFO,2024-10-09,10:59:00,2024-10-09,554.35,555.7,511.0,512.95,57570,483930,0
BANKNIFTY09OCT2451100CE.NFO,2024-10-09,11:00:00,2024-10-09,515.5,543.95,495.5,534.55,51735,476670,0
BANKNIFTY09OCT2451100CE.NFO,2024-10-09,11:01:00,2024-10-09,534.55,569.25,524.65,551.9,34740,476670,0
BANKNIFTY09OCT2451100CE.NFO,2024-10-09,11:02:00,2024-10-09,551.9,568.0,534.65,540.35,24570,476670,0
BANKNIFTY09OCT2451100CE.NFO,2024-10-09,11:03:00,2024-10-09,540.35,552.5,520.7,528.35,27360,474300,0
BANKNIFTY09OCT2451100CE.NFO,2024-10-09,11:04:00,2024-10-09,528.35,528.35,455.3,457.95,67995,474300,0
BANKNIFTY09OCT2451100CE.NFO,2024-10-09,11:05:00,2024-10-09,457.95,516.15,441.0,504.0,56610,474300,0
BANKNIFTY09OCT2451100CE.NFO,2024-10-09,11:06:00,2024-10-09,499.75,500.0,469.35,470.7,28980,475170,0
BANKNIFTY09OCT2451100CE.NFO,2024-10-09,11:07:00,2024-10-09,472.1,517.6,462.05,513.8,31020,475170,0
BANKNIFTY09OCT2451100CE.NFO,2024-10-09,11:08:00,2024-10-09,514.4,524.6,462.8,466.55,71145,475170,0
BANKNIFTY09OCT2451100CE.NFO,2024-10-09,11:09:00,2024-10-09,462.15,476.0,452.0,457.5,35235,481095,0
BANKNIFTY09OCT2451100CE.NFO,2024-10-09,11:10:00,2024-10-09,457.5,473.65,425.45,437.05,60030,481095,0
BANKNIFTY09OCT2451100CE.NFO,2024-10-09,11:11:00,2024-10-09,437.05,448.7,390.3,396.2,89175,481095,0
BANKNIFTY09OCT2451100CE.NFO,2024-10-09,11:12:00,2024-10-09,397.05,414.65,381.0,414.2,45990,488970,0
BANKNIFTY09OCT2451100CE.NFO,2024-10-09,11:13:00,2024-10-09,414.7,455.95,404.65,449.45,67365,488970,0
BANKNIFTY09OCT2451100CE.NFO,2024-10-09,11:14:00,2024-10-09,448.7,460.2,416.0,420.8,37080,488970,0
BANKNIFTY09OCT2451100CE.NFO,2024-10-09,11:15:00,2024-10-09,420.85,454.1,406.0,453.2,51900,480090,0
BANKNIFTY09OCT2451100CE.NFO,2024-10-09,11:16:00,2024-10-09,448.55,449.55,393.3,396.4,36240,480090,0
BANKNIFTY09OCT2451100CE.NFO,2024-10-09,11:17:00,2024-10-09,396.4,424.0,385.45,419.1,31695,480090,0
BANKNIFTY09OCT2451100CE.NFO,2024-10-09,11:18:00,2024-10-09,419.1,432.85,398.1,400.95,29610,480990,0
BANKNIFTY09OCT2451100CE.NFO,2024-10-09,11:19:00,2024-10-09,400.95,415.0,382.6,388.05,30825,480990,0
BANKNIFTY09OCT2451100CE.NFO,2024-10-09,11:20:00,2024-10-09,388.05,410.6,377.45,407.65,44400,480990,0
BANKNIFTY09OCT2451100CE.NFO,2024-10-09,11:21:00,2024-10-09,407.65,442.95,400.5,429.9,63345,492690,0
BANKNIFTY09OCT2451100CE.NFO,2024-10-09,11:22:00,2024-10-09,429.9,433.4,391.3,393.6,52590,492690,0
BANKNIFTY09OCT2451100CE.NFO,2024-10-09,11:23:00,2024-10-09,393.6,411.6,380.75,392.0,28305,492690,0
BANKNIFTY09OCT2451100CE.NFO,2024-10-09,11:24:00,2024-10-09,392.0,431.25,387.2,406.65,41595,496050,0
BANKNIFTY09OCT2451100CE.NFO,2024-10-09,11:25:00,2024-10-09,406.65,408.85,381.5,395.95,43410,496050,0
BANKNIFTY09OCT2451100CE.NFO,2024-10-09,11:26:00,2024-10-09,395.95,395.95,367.1,373.0,52800,496050,0
BANKNIFTY09OCT2451100CE.NFO,2024-10-09,11:27:00,2024-10-09,370.15,398.0,363.75,395.2,50280,498075,0
BANKNIFTY09OCT2451100CE.NFO,2024-10-09,11:28:00,2024-10-09,395.2,411.9,377.15,378.4,42300,498075,0
BANKNIFTY09OCT2451100CE.NFO,2024-10-09,11:29:00,2024-10-09,378.4,391.8,357.3,386.5,48555,498075,0
BANKNIFTY09OCT2451100CE.NFO,2024-10-09,11:30:00,2024-10-09,386.5,404.45,377.7,399.05,38970,482445,0
BANKNIFTY09OCT2451100CE.NFO,2024-10-09,11:31:00,2024-10-09,399.05,412.85,389.3,395.65,45075,482445,0
BANKNIFTY09OCT2451100CE.NFO,2024-10-09,11:32:00,2024-10-09,395.65,426.0,395.5,415.9,49170,482445,0
BANKNIFTY09OCT2451100CE.NFO,2024-10-09,11:33:00,2024-10-09,415.9,427.3,398.1,417.0,26865,474825,0
BANKNIFTY09OCT2451100CE.NFO,2024-10-09,11:34:00,2024-10-09,416.7,426.6,391.05,397.4,37125,474825,0
BANKNIFTY09OCT2451100CE.NFO,2024-10-09,11:35:00,2024-10-09,397.4,408.2,388.6,408.2,42450,474825,0
BANKNIFTY09OCT2451100CE.NFO,2024-10-09,11:36:00,2024-10-09,407.6,413.95,386.15,400.3,17325,483360,0
BANKNIFTY09OCT2451100CE.NFO,2024-10-09,11:37:00,2024-10-09,400.05,408.45,385.55,388.6,25905,483360,0
BANKNIFTY09OCT2451100CE.NFO,2024-10-09,11:38:00,2024-10-09,391.75,398.25,370.0,370.05,44685,483360,0
BANKNIFTY09OCT2451100CE.NFO,2024-10-09,11:39:00,2024-10-09,364.35,373.2,349.9,364.5,69750,496785,0
BANKNIFTY09OCT2451100CE.NFO,2024-10-09,11:40:00,2024-10-09,365.35,384.4,354.45,381.45,49545,496785,0
BANKNIFTY09OCT2451100CE.NFO,2024-10-09,11:41:00,2024-10-09,381.45,393.2,364.4,379.85,38730,496785,0
BANKNIFTY09OCT2451100CE.NFO,2024-10-09,11:42:00,2024-10-09,377.05,383.15,362.0,375.2,31050,492885,0
BANKNIFTY09OCT2451100CE.NFO,2024-10-09,11:43:00,2024-10-09,374.8,380.65,267.2,267.2,214170,492885,0
BANKNIFTY09OCT2451100CE.NFO,2024-10-09,11:44:00,2024-10-09,266.95,271.25,242.7,251.4,315225,492885,0
BANKNIFTY09OCT2451100CE.NFO,2024-10-09,11:45:00,2024-10-09,251.55,261.65,242.8,254.95,199425,653610,0
BANKNIFTY09OCT2451100CE.NFO,2024-10-09,11:46:00,2024-10-09,254.95,265.0,218.3,229.95,292590,653610,0
BANKNIFTY09OCT2451100CE.NFO,2024-10-09,11:47:00,2024-10-09,229.85,230.2,185.95,209.3,407640,653610,0
BANKNIFTY09OCT2451100CE.NFO,2024-10-09,11:48:00,2024-10-09,213.8,213.8,192.8,198.6,232335,917310,0
BANKNIFTY09OCT2451100CE.NFO,2024-10-09,11:49:00,2024-10-09,198.6,215.25,188.55,211.45,248910,917310,0
BANKNIFTY09OCT2451100CE.NFO,2024-10-09,11:50:00,2024-10-09,211.25,232.45,207.05,214.05,261600,917310,0
BANKNIFTY09OCT2451100CE.NFO,2024-10-09,11:51:00,2024-10-09,214.05,220.5,196.9,203.2,175650,973665,0
BANKNIFTY09OCT2451100CE.NFO,2024-10-09,11:52:00,2024-10-09,203.2,208.4,189.05,207.5,170145,973665,0
BANKNIFTY09OCT2451100CE.NFO,2024-10-09,11:53:00,2024-10-09,207.5,208.1,192.9,197.6,106215,973665,0
BANKNIFTY09OCT2451100CE.NFO,2024-10-09,11:54:00,2024-10-09,197.6,197.6,172.55,175.45,313230,1070055,0
BANKNIFTY09OCT2451100CE.NFO,2024-10-09,11:55:00,2024-10-09,174.5,180.0,155.2,167.15,470400,1070055,0
BANKNIFTY09OCT2451100CE.NFO,2024-10-09,11:56:00,2024-10-09,168.45,176.35,166.2,167.95,357960,1070055,0
BANKNIFTY09OCT2451100CE.NFO,2024-10-09,11:57:00,2024-10-09,167.95,168.35,150.7,153.95,334785,1358370,0
BANKNIFTY09OCT2451100CE.NFO,2024-10-09,11:58:00,2024-10-09,153.75,155.0,122.55,127.85,752070,1358370,0
BANKNIFTY09OCT2451100CE.NFO,2024-10-09,11:59:00,2024-10-09,128.85,132.35,113.8,129.45,1038840,1358370,0
BANKNIFTY09OCT2451100CE.NFO,2024-10-09,12:00:00,2024-10-09,129.45,130.15,112.0,118.4,704355,1905240,0
BANKNIFTY09OCT2451100CE.NFO,2024-10-09,12:01:00,2024-10-09,118.75,118.8,104.75,115.65,790860,1905240,0
BANKNIFTY09OCT2451100CE.NFO,2024-10-09,12:02:00,2024-10-09,115.95,130.8,112.0,123.6,706875,1905240,0
BANKNIFTY09OCT2451100CE.NFO,2024-10-09,12:03:00,2024-10-09,122.35,144.95,121.7,140.45,940320,2158680,0
BANKNIFTY09OCT2451100CE.NFO,2024-10-09,12:04:00,2024-10-09,140.2,141.7,120.5,124.3,686145,2158680,0
BANKNIFTY09OCT2451100CE.NFO,2024-10-09,12:05:00,2024-10-09,125.0,129.4,121.45,126.0,488715,2158680,0
BANKNIFTY09OCT2451100CE.NFO,2024-10-09,12:06:00,2024-10-09,127.25,143.65,125.3,137.5,638085,2420610,0
BANKNIFTY09OCT2451100CE.NFO,2024-10-09,12:07:00,2024-10-09,137.05,179.65,136.6,170.8,1365240,2420610,0
BANKNIFTY09OCT2451100CE.NFO,2024-10-09,12:08:00,2024-10-09,170.8,189.0,145.2,145.45,976140,2420610,0
BANKNIFTY09OCT2451100CE.NFO,2024-10-09,12:09:00,2024-10-09,145.45,150.95,120.05,125.85,914265,2187315,0
BANKNIFTY09OCT2451100CE.NFO,2024-10-09,12:10:00,2024-10-09,125.4,130.0,106.05,109.6,718245,2187315,0
BANKNIFTY09OCT2451100CE.NFO,2024-10-09,12:11:00,2024-10-09,109.45,119.3,103.9,108.6,569250,2187315,0
BANKNIFTY09OCT2451100CE.NFO,2024-10-09,12:12:00,2024-10-09,108.6,109.75,95.6,98.35,565650,2513295,0
BANKNIFTY09OCT2451100CE.NFO,2024-10-09,12:13:00,2024-10-09,98.35,109.45,97.6,106.95,538650,2513295,0
BANKNIFTY09OCT2451100CE.NFO,2024-10-09,12:14:00,2024-10-09,106.45,108.9,94.25,102.75,527460,2513295,0
BANKNIFTY09OCT2451100CE.NFO,2024-10-09,12:15:00,2024-10-09,102.75,106.75,95.55,99.5,506805,2513295,0
BANKNIFTY09OCT2451100CE.NFO,2024-10-09,12:16:00,2024-10-09,99.5,100.4,85.25,87.7,851070,2848725,0
BANKNIFTY09OCT2451100CE.NFO,2024-10-09,12:17:00,2024-10-09,87.7,88.05,76.35,78.4,1026945,2848725,0
BANKNIFTY09OCT2451100CE.NFO,2024-10-09,12:18:00,2024-10-09,78.4,83.85,76.1,78.3,525345,2848725,0
BANKNIFTY09OCT2451100CE.NFO,2024-10-09,12:19:00,2024-10-09,79.5,86.75,74.1,80.1,728055,3186705,0
BANKNIFTY09OCT2451100CE.NFO,2024-10-09,12:20:00,2024-10-09,80.1,87.25,79.5,85.15,600660,3186705,0
BANKNIFTY09OCT2451100CE.NFO,2024-10-09,12:21:00,2024-10-09,85.15,118.75,85.15,105.8,1803540,3186705,0
BANKNIFTY09OCT2451100CE.NFO,2024-10-09,12:22:00,2024-10-09,105.8,110.5,84.05,85.0,1321830,3281760,0
BANKNIFTY09OCT2451100CE.NFO,2024-10-09,12:23:00,2024-10-09,83.85,91.0,79.3,82.0,927255,3281760,0
BANKNIFTY09OCT2451100CE.NFO,2024-10-09,12:24:00,2024-10-09,81.75,82.6,75.25,79.75,663810,3281760,0
BANKNIFTY09OCT2451100CE.NFO,2024-10-09,12:25:00,2024-10-09,79.4,90.6,77.7,85.6,826935,3603840,0
BANKNIFTY09OCT2451100CE.NFO,2024-10-09,12:26:00,2024-10-09,85.6,94.65,84.55,93.05,860445,3603840,0
BANKNIFTY09OCT2451100CE.NFO,2024-10-09,12:27:00,2024-10-09,93.8,110.55,91.9,103.85,1256175,3603840,0
BANKNIFTY09OCT2451100CE.NFO,2024-10-09,12:28:00,2024-10-09,103.85,104.6,89.0,94.4,885495,3655830,0
BANKNIFTY09OCT2451100CE.NFO,2024-10-09,12:29:00,2024-10-09,94.15,100.2,83.8,83.8,714465,3655830,0
BANKNIFTY09OCT2451100CE.NFO,2024-10-09,12:30:00,2024-10-09,85.8,93.6,83.1,87.3,716340,3655830,0
BANKNIFTY09OCT2451100CE.NFO,2024-10-09,12:31:00,2024-10-09,87.2,105.65,86.15,99.25,897645,3975630,0
BANKNIFTY09OCT2451100CE.NFO,2024-10-09,12:32:00,2024-10-09,100.0,120.0,99.45,109.05,1695150,3975630,0
BANKNIFTY09OCT2451100CE.NFO,2024-10-09,12:33:00,2024-10-09,111.15,127.7,110.15,118.65,1229250,3975630,0
BANKNIFTY09OCT2451100CE.NFO,2024-10-09,12:34:00,2024-10-09,120.8,125.35,95.8,100.15,1026180,3724785,0
BANKNIFTY09OCT2451100CE.NFO,2024-10-09,12:35:00,2024-10-09,99.1,115.3,95.05,97.05,1101690,3724785,0
BANKNIFTY09OCT2451100CE.NFO,2024-10-09,12:36:00,2024-10-09,97.8,97.8,84.4,86.9,1079325,3724785,0
BANKNIFTY09OCT2451100CE.NFO,2024-10-09,12:37:00,2024-10-09,86.9,90.9,81.1,86.8,883365,3960885,0
BANKNIFTY09OCT2451100CE.NFO,2024-10-09,12:38:00,2024-10-09,86.8,93.8,79.05,92.75,855885,3960885,0
BANKNIFTY09OCT2451100CE.NFO,2024-10-09,12:39:00,2024-10-09,91.1,97.6,86.05,90.55,910275,3960885,0
BANKNIFTY09OCT2451100CE.NFO,2024-10-09,12:40:00,2024-10-09,90.55,102.85,87.6,100.55,769965,4064700,0
BANKNIFTY09OCT2451100CE.NFO,2024-10-09,12:41:00,2024-10-09,100.55,101.7,89.4,94.05,725685,4064700,0
BANKNIFTY09OCT2451100CE.NFO,2024-10-09,12:42:00,2024-10-09,94.05,109.75,93.55,105.15,897675,4064700,0
BANKNIFTY09OCT2451100CE.NFO,2024-10-09,12:43:00,2024-10-09,101.65,103.7,92.65,95.15,740190,4024935,0
BANKNIFTY09OCT2451100CE.NFO,2024-10-09,12:44:00,2024-10-09,95.85,99.55,92.6,95.05,493575,4024935,0
BANKNIFTY09OCT2451100CE.NFO,2024-10-09,12:45:00,2024-10-09,94.7,103.0,87.4,91.7,668880,4024935,0
BANKNIFTY09OCT2451100CE.NFO,2024-10-09,12:46:00,2024-10-09,90.5,112.1,87.85,105.9,880245,4127970,0
BANKNIFTY09OCT2451100CE.NFO,2024-10-09,12:47:00,2024-10-09,105.9,146.0,105.6,133.55,2041875,4127970,0
BANKNIFTY09OCT2451100CE.NFO,2024-10-09,12:48:00,2024-10-09,134.55,143.15,112.55,117.35,1247670,4127970,0
BANKNIFTY09OCT2451100CE.NFO,2024-10-09,12:49:00,2024-10-09,118.9,123.15,102.1,106.65,920595,3596880,0
BANKNIFTY09OCT2451100CE.NFO,2024-10-09,12:50:00,2024-10-09,107.9,120.6,105.9,113.6,669870,3596880,0
BANKNIFTY09OCT2451100CE.NFO,2024-10-09,12:51:00,2024-10-09,113.6,154.8,109.1,131.05,1791120,3596880,0
BANKNIFTY09OCT2451100CE.NFO,2024-10-09,12:52:00,2024-10-09,131.05,139.0,122.3,125.2,727380,3409170,0
BANKNIFTY09OCT2451100CE.NFO,2024-10-09,12:53:00,2024-10-09,124.4,137.1,113.2,118.4,697035,3409170,0
BANKNIFTY09OCT2451100CE.NFO,2024-10-09,12:54:00,2024-10-09,118.05,129.75,116.05,125.3,420180,3409170,0
BANKNIFTY09OCT2451100CE.NFO,2024-10-09,12:55:00,2024-10-09,125.3,149.8,125.3,137.1,997935,3447855,0
BANKNIFTY09OCT2451100CE.NFO,2024-10-09,12:56:00,2024-10-09,137.1,138.3,123.7,129.2,658515,3447855,0
BANKNIFTY09OCT2451100CE.NFO,2024-10-09,12:57:00,2024-10-09,129.2,134.85,110.0,114.85,868410,3447855,0
BANKNIFTY09OCT2451100CE.NFO,2024-10-09,12:58:00,2024-10-09,114.6,122.5,105.7,107.6,620790,3349830,0
BANKNIFTY09OCT2451100CE.NFO,2024-10-09,12:59:00,2024-10-09,106.4,107.5,95.5,97.05,928410,3349830,0
BANKNIFTY09OCT2451100CE.NFO,2024-10-09,13:00:00,2024-10-09,98.0,100.05,92.55,92.6,839460,3349830,0
BANKNIFTY09OCT2451100CE.NFO,2024-10-09,13:01:00,2024-10-09,91.35,91.75,70.45,70.45,2045355,3591720,0
BANKNIFTY09OCT2451100CE.NFO,2024-10-09,13:02:00,2024-10-09,72.8,79.75,68.35,68.35,1628235,3591720,0
BANKNIFTY09OCT2451100CE.NFO,2024-10-09,13:03:00,2024-10-09,69.75,71.4,64.65,65.6,1240230,3591720,0
BANKNIFTY09OCT2451100CE.NFO,2024-10-09,13:04:00,2024-10-09,62.8,71.8,61.45,71.75,1162890,4298205,0
BANKNIFTY09OCT2451100CE.NFO,2024-10-09,13:05:00,2024-10-09,70.1,74.05,67.0,67.95,947685,4298205,0
BANKNIFTY09OCT2451100CE.NFO,2024-10-09,13:06:00,2024-10-09,67.55,75.65,60.15,62.15,1224585,4298205,0
BANKNIFTY09OCT2451100CE.NFO,2024-10-09,13:07:00,2024-10-09,59.2,60.75,55.1,58.45,1068690,4651620,0
BANKNIFTY09OCT2451100CE.NFO,2024-10-09,13:08:00,2024-10-09,59.9,71.3,56.75,65.5,996525,4651620,0
BANKNIFTY09OCT2451100CE.NFO,2024-10-09,13:09:00,2024-10-09,66.1,72.2,60.25,61.45,995205,4651620,0
BANKNIFTY09OCT2451100CE.NFO,2024-10-09,13:10:00,2024-10-09,62.95,67.35,59.55,64.85,750765,4811490,0
BANKNIFTY09OCT2451100CE.NFO,2024-10-09,13:11:00,2024-10-09,64.0,66.9,56.9,62.7,896580,4811490,0
BANKNIFTY09OCT2451100CE.NFO,2024-10-09,13:12:00,2024-10-09,62.7,69.1,60.3,66.9,785700,4811490,0
BANKNIFTY09OCT2451100CE.NFO,2024-10-09,13:13:00,2024-10-09,66.9,69.3,55.8,57.7,967215,4966200,0
BANKNIFTY09OCT2451100CE.NFO,2024-10-09,13:14:00,2024-10-09,57.65,58.6,50.6,52.6,1177755,4966200,0
BANKNIFTY09OCT2451100CE.NFO,2024-10-09,13:15:00,2024-10-09,52.7,56.85,51.9,55.4,975165,4966200,0
BANKNIFTY09OCT2451100CE.NFO,2024-10-09,13:16:00,2024-10-09,55.4,59.35,53.1,53.45,1020075,5475285,0
BANKNIFTY09OCT2451100CE.NFO,2024-10-09,13:17:00,2024-10-09,53.45,59.55,51.55,58.1,842490,5475285,0
BANKNIFTY09OCT2451100CE.NFO,2024-10-09,13:18:00,2024-10-09,58.0,58.15,48.6,49.35,1130640,5475285,0
BANKNIFTY09OCT2451100CE.NFO,2024-10-09,13:19:00,2024-10-09,49.45,51.3,44.1,46.2,1673040,5704980,0
BANKNIFTY09OCT2451100CE.NFO,2024-10-09,13:20:00,2024-10-09,46.2,49.7,37.5,37.5,2010960,5704980,0
BANKNIFTY09OCT2451100CE.NFO,2024-10-09,13:21:00,2024-10-09,38.35,40.35,36.3,39.75,1454115,5704980,0
BANKNIFTY09OCT2451100CE.NFO,2024-10-09,13:22:00,2024-10-09,39.75,46.2,39.6,44.9,1489755,5556840,0
BANKNIFTY09OCT2451100CE.NFO,2024-10-09,13:23:00,2024-10-09,44.75,46.95,41.75,43.75,1037265,5556840,0
BANKNIFTY09OCT2451100CE.NFO,2024-10-09,13:24:00,2024-10-09,43.75,43.75,38.35,39.05,975660,5556840,0
BANKNIFTY09OCT2451100CE.NFO,2024-10-09,13:25:00,2024-10-09,38.9,49.9,38.9,49.35,1189110,5826675,0
BANKNIFTY09OCT2451100CE.NFO,2024-10-09,13:26:00,2024-10-09,49.2,49.2,43.1,45.8,975405,5826675,0
BANKNIFTY09OCT2451100CE.NFO,2024-10-09,13:27:00,2024-10-09,45.5,49.1,44.2,45.6,620100,5826675,0
BANKNIFTY09OCT2451100CE.NFO,2024-10-09,13:28:00,2024-10-09,45.75,46.75,38.6,40.95,1158705,6079365,0
BANKNIFTY09OCT2451100CE.NFO,2024-10-09,13:29:00,2024-10-09,40.25,44.15,39.05,39.3,753165,6079365,0
BANKNIFTY09OCT2451100CE.NFO,2024-10-09,13:30:00,2024-10-09,39.6,43.45,39.25,42.5,639585,6079365,0
BANKNIFTY09OCT2451100CE.NFO,2024-10-09,13:31:00,2024-10-09,42.25,48.0,40.95,48.0,1086495,6451155,0
BANKNIFTY09OCT2451100CE.NFO,2024-10-09,13:32:00,2024-10-09,47.55,49.4,39.55,40.4,1708485,6451155,0
BANKNIFTY09OCT2451100CE.NFO,2024-10-09,13:33:00,2024-10-09,40.3,43.3,39.8,42.2,845025,6451155,0
BANKNIFTY09OCT2451100CE.NFO,2024-10-09,13:34:00,2024-10-09,42.55,48.1,41.3,46.55,1152525,6855120,0
BANKNIFTY09OCT2451100CE.NFO,2024-10-09,13:35:00,2024-10-09,46.5,50.55,40.4,41.0,1987755,6855120,0
BANKNIFTY09OCT2451100CE.NFO,2024-10-09,13:36:00,2024-10-09,40.5,42.5,33.7,35.65,2063820,6855120,0
BANKNIFTY09OCT2451100CE.NFO,2024-10-09,13:37:00,2024-10-09,35.65,36.0,28.0,29.0,2180730,6951390,0
BANKNIFTY09OCT2451100CE.NFO,2024-10-09,13:38:00,2024-10-09,29.05,30.8,27.35,29.55,1429560,6951390,0
BANKNIFTY09OCT2451100CE.NFO,2024-10-09,13:39:00,2024-10-09,29.55,29.75,24.55,27.65,2081940,6951390,0
BANKNIFTY09OCT2451100CE.NFO,2024-10-09,13:40:00,2024-10-09,27.45,31.35,27.45,30.6,1227285,6962565,0
BANKNIFTY09OCT2451100CE.NFO,2024-10-09,13:41:00,2024-10-09,30.45,33.65,29.55,32.95,1084980,6962565,0
BANKNIFTY09OCT2451100CE.NFO,2024-10-09,13:42:00,2024-10-09,32.55,34.85,30.55,31.1,1301190,6962565,0
BANKNIFTY09OCT2451100CE.NFO,2024-10-09,13:43:00,2024-10-09,30.7,34.35,30.2,30.85,948765,7242135,0
BANKNIFTY09OCT2451100CE.NFO,2024-10-09,13:44:00,2024-10-09,30.85,36.05,30.85,34.55,1150320,7242135,0
BANKNIFTY09OCT2451100CE.NFO,2024-10-09,13:45:00,2024-10-09,34.15,43.45,32.5,37.5,1968030,7242135,0
BANKNIFTY09OCT2451100CE.NFO,2024-10-09,13:46:00,2024-10-09,37.5,39.05,32.25,33.55,1514400,7345545,0
BANKNIFTY09OCT2451100CE.NFO,2024-10-09,13:47:00,2024-10-09,33.55,34.4,31.55,34.05,885510,7345545,0
BANKNIFTY09OCT2451100CE.NFO,2024-10-09,13:48:00,2024-10-09,33.75,38.95,30.05,37.9,1419030,7345545,0
BANKNIFTY09OCT2451100CE.NFO,2024-10-09,13:49:00,2024-10-09,37.9,37.9,31.1,31.2,1152150,7594980,0
BANKNIFTY09OCT2451100CE.NFO,2024-10-09,13:50:00,2024-10-09,31.2,32.65,27.75,29.1,1584855,7594980,0
BANKNIFTY09OCT2451100CE.NFO,2024-10-09,13:51:00,2024-10-09,29.1,30.2,25.7,29.5,1738125,7594980,0
BANKNIFTY09OCT2451100CE.NFO,2024-10-09,13:52:00,2024-10-09,29.5,35.05,29.5,34.25,1405395,7719675,0
BANKNIFTY09OCT2451100CE.NFO,2024-10-09,13:53:00,2024-10-09,34.2,45.5,34.15,40.05,2997630,7719675,0
BANKNIFTY09OCT2451100CE.NFO,2024-10-09,13:54:00,2024-10-09,40.05,45.0,33.6,37.35,2085630,7719675,0
BANKNIFTY09OCT2451100CE.NFO,2024-10-09,13:55:00,2024-10-09,37.6,42.4,34.75,38.2,1612875,7918530,0
BANKNIFTY09OCT2451100CE.NFO,2024-10-09,13:56:00,2024-10-09,38.55,46.25,37.95,40.3,2310390,7918530,0
BANKNIFTY09OCT2451100CE.NFO,2024-10-09,13:57:00,2024-10-09,40.6,45.3,37.85,41.85,2436615,7918530,0
BANKNIFTY09OCT2451100CE.NFO,2024-10-09,13:58:00,2024-10-09,42.5,51.6,37.4,38.9,3453735,7956285,0
BANKNIFTY09OCT2451100CE.NFO,2024-10-09,13:59:00,2024-10-09,39.75,42.8,36.1,38.95,1777095,7956285,0
BANKNIFTY09OCT2451100CE.NFO,2024-10-09,14:00:00,2024-10-09,37.6,45.7,35.55,44.2,1948350,7956285,0
BANKNIFTY09OCT2451100CE.NFO,2024-10-09,14:01:00,2024-10-09,45.05,53.95,43.8,52.7,4029870,7815735,0
BANKNIFTY09OCT2451100CE.NFO,2024-10-09,14:02:00,2024-10-09,51.75,53.6,43.25,44.1,2264100,7815735,0
BANKNIFTY09OCT2451100CE.NFO,2024-10-09,14:03:00,2024-10-09,44.05,56.15,41.7,51.9,2324430,7815735,0
BANKNIFTY09OCT2451100CE.NFO,2024-10-09,14:04:00,2024-10-09,51.1,54.0,43.8,49.6,2294880,7857600,0
BANKNIFTY09OCT2451100CE.NFO,2024-10-09,14:05:00,2024-10-09,49.8,60.3,47.2,50.05,3222300,7857600,0
BANKNIFTY09OCT2451100CE.NFO,2024-10-09,14:06:00,2024-10-09,49.3,54.6,47.55,53.15,1786425,7857600,0
BANKNIFTY09OCT2451100CE.NFO,2024-10-09,14:07:00,2024-10-09,54.0,54.0,37.1,37.3,2625330,7670760,0
BANKNIFTY09OCT2451100CE.NFO,2024-10-09,14:08:00,2024-10-09,37.45,42.6,34.85,40.1,2881215,7670760,0
BANKNIFTY09OCT2451100CE.NFO,2024-10-09,14:09:00,2024-10-09,39.8,42.8,36.6,36.6,1805595,7670760,0
BANKNIFTY09OCT2451100CE.NFO,2024-10-09,14:10:00,2024-10-09,36.55,38.9,32.4,34.4,2343015,7968150,0
BANKNIFTY09OCT2451100CE.NFO,2024-10-09,14:11:00,2024-10-09,34.4,40.6,32.45,35.8,2281830,7968150,0
BANKNIFTY09OCT2451100CE.NFO,2024-10-09,14:12:00,2024-10-09,35.8,36.7,29.05,31.9,2847225,7968150,0
BANKNIFTY09OCT2451100CE.NFO,2024-10-09,14:13:00,2024-10-09,31.9,33.95,28.7,30.6,1902990,8179365,0
BANKNIFTY09OCT2451100CE.NFO,2024-10-09,14:14:00,2024-10-09,30.6,31.65,27.5,29.85,1801770,8179365,0
BANKNIFTY09OCT2451100CE.NFO,2024-10-09,14:15:00,2024-10-09,29.3,31.9,26.6,30.0,2204370,8179365,0
BANKNIFTY09OCT2451100CE.NFO,2024-10-09,14:16:00,2024-10-09,30.0,30.8,25.75,26.6,1655685,8860920,0
BANKNIFTY09OCT2451100CE.NFO,2024-10-09,14:17:00,2024-10-09,26.6,29.25,24.2,29.25,1725750,8860920,0
BANKNIFTY09OCT2451100CE.NFO,2024-10-09,14:18:00,2024-10-09,29.25,31.25,23.05,23.05,1908840,8860920,0
BANKNIFTY09OCT2451100CE.NFO,2024-10-09,14:19:00,2024-10-09,24.1,24.45,18.3,19.6,4271910,9227070,0
BANKNIFTY09OCT2451100CE.NFO,2024-10-09,14:20:00,2024-10-09,19.6,21.25,18.2,19.75,2420490,9227070,0
BANKNIFTY09OCT2451100CE.NFO,2024-10-09,14:21:00,2024-10-09,19.75,21.5,18.1,20.25,1768575,9227070,0
BANKNIFTY09OCT2451100CE.NFO,2024-10-09,14:22:00,2024-10-09,20.25,22.6,19.0,19.35,1726725,9738270,0
BANKNIFTY09OCT2451100CE.NFO,2024-10-09,14:23:00,2024-10-09,19.3,19.95,16.8,18.25,2524665,9738270,0
BANKNIFTY09OCT2451100CE.NFO,2024-10-09,14:24:00,2024-10-09,18.25,18.75,16.05,17.45,2418615,9738270,0
BANKNIFTY09OCT2451100CE.NFO,2024-10-09,14:25:00,2024-10-09,17.9,20.95,15.9,20.45,2493075,10229490,0
BANKNIFTY09OCT2451100CE.NFO,2024-10-09,14:26:00,2024-10-09,20.4,23.9,19.75,20.95,3739155,10229490,0
BANKNIFTY09OCT2451100CE.NFO,2024-10-09,14:27:00,2024-10-09,20.9,23.4,17.95,20.3,2325825,10229490,0
BANKNIFTY09OCT2451100CE.NFO,2024-10-09,14:28:00,2024-10-09,20.25,22.65,19.4,19.95,1971855,10318890,0
BANKNIFTY09OCT2451100CE.NFO,2024-10-09,14:29:00,2024-10-09,20.05,20.55,17.25,18.25,2102550,10318890,0
BANKNIFTY09OCT2451100CE.NFO,2024-10-09,14:30:00,2024-10-09,18.05,27.5,18.05,25.0,5002095,10318890,0
BANKNIFTY09OCT2451100CE.NFO,2024-10-09,14:31:00,2024-10-09,24.95,28.45,23.55,26.85,4272285,10106040,0
BANKNIFTY09OCT2451100CE.NFO,2024-10-09,14:32:00,2024-10-09,26.55,50.45,26.25,46.75,8243550,10106040,0
BANKNIFTY09OCT2451100CE.NFO,2024-10-09,14:33:00,2024-10-09,47.6,54.35,35.7,35.9,6178050,10106040,0
BANKNIFTY09OCT2451100CE.NFO,2024-10-09,14:34:00,2024-10-09,32.7,32.7,22.1,23.25,5989845,9287925,0
BANKNIFTY09OCT2451100CE.NFO,2024-10-09,14:35:00,2024-10-09,23.4,28.6,22.8,25.2,3632415,9287925,0
BANKNIFTY09OCT2451100CE.NFO,2024-10-09,14:36:00,2024-10-09,24.8,25.25,18.85,22.3,4640655,9287925,0
BANKNIFTY09OCT2451100CE.NFO,2024-10-09,14:37:00,2024-10-09,21.2,27.0,19.6,25.1,3983460,10840695,0
BANKNIFTY09OCT2451100CE.NFO,2024-10-09,14:38:00,2024-10-09,25.45,33.55,24.15,33.55,3599175,10840695,0
BANKNIFTY09OCT2451100CE.NFO,2024-10-09,14:39:00,2024-10-09,32.7,36.85,28.0,33.3,5355105,10840695,0
BANKNIFTY09OCT2451100CE.NFO,2024-10-09,14:40:00,2024-10-09,33.0,33.1,19.85,20.2,4524345,10378575,0
BANKNIFTY09OCT2451100CE.NFO,2024-10-09,14:41:00,2024-10-09,20.65,25.4,19.15,21.35,4144890,10378575,0
BANKNIFTY09OCT2451100CE.NFO,2024-10-09,14:42:00,2024-10-09,21.35,23.35,18.3,20.4,3754035,10378575,0
BANKNIFTY09OCT2451100CE.NFO,2024-10-09,14:43:00,2024-10-09,20.25,20.5,16.7,17.25,4099245,11722215,0
BANKNIFTY09OCT2451100CE.NFO,2024-10-09,14:44:00,2024-10-09,17.05,17.05,13.1,13.5,4953450,11722215,0
BANKNIFTY09OCT2451100CE.NFO,2024-10-09,14:45:00,2024-10-09,13.2,14.2,11.8,14.2,4899525,11722215,0
BANKNIFTY09OCT2451100CE.NFO,2024-10-09,14:46:00,2024-10-09,14.05,16.9,12.3,15.85,4156680,12421005,0
BANKNIFTY09OCT2451100CE.NFO,2024-10-09,14:47:00,2024-10-09,16.1,19.7,15.6,17.15,5229300,12421005,0
BANKNIFTY09OCT2451100CE.NFO,2024-10-09,14:48:00,2024-10-09,17.15,19.75,16.25,19.45,3576735,12421005,0
BANKNIFTY09OCT2451100CE.NFO,2024-10-09,14:49:00,2024-10-09,19.45,29.45,19.45,26.85,7953060,11613015,0
BANKNIFTY09OCT2451100CE.NFO,2024-10-09,14:50:00,2024-10-09,26.95,29.45,14.65,15.0,7280670,11613015,0
BANKNIFTY09OCT2451100CE.NFO,2024-10-09,14:51:00,2024-10-09,14.9,19.9,14.9,17.5,4326630,11613015,0
BANKNIFTY09OCT2451100CE.NFO,2024-10-09,14:52:00,2024-10-09,19.75,21.05,14.3,14.8,5109870,11792415,0
BANKNIFTY09OCT2451100CE.NFO,2024-10-09,14:53:00,2024-10-09,14.3,17.9,12.8,14.0,4639860,11792415,0
BANKNIFTY09OCT2451100CE.NFO,2024-10-09,14:54:00,2024-10-09,14.55,18.4,12.25,17.15,4598730,11792415,0
BANKNIFTY09OCT2451100CE.NFO,2024-10-09,14:55:00,2024-10-09,16.3,19.3,12.15,12.65,5196540,12339255,0
BANKNIFTY09OCT2451100CE.NFO,2024-10-09,14:56:00,2024-10-09,12.75,20.85,12.75,16.65,6055965,12339255,0
BANKNIFTY09OCT2451100CE.NFO,2024-10-09,14:57:00,2024-10-09,16.8,18.8,12.6,15.6,6022095,12339255,0
BANKNIFTY09OCT2451100CE.NFO,2024-10-09,14:58:00,2024-10-09,16.5,20.0,12.75,14.6,5373735,13446075,0
BANKNIFTY09OCT2451100CE.NFO,2024-10-09,14:59:00,2024-10-09,14.65,16.0,12.0,13.75,6471690,13446075,0
BANKNIFTY09OCT2451100CE.NFO,2024-10-09,15:00:00,2024-10-09,13.55,14.2,5.7,7.05,17005575,13446075,0
BANKNIFTY09OCT2451100CE.NFO,2024-10-09,15:01:00,2024-10-09,7.0,7.0,2.65,2.65,15014310,14254875,0
BANKNIFTY09OCT2451100CE.NFO,2024-10-09,15:02:00,2024-10-09,2.7,2.7,1.5,1.8,13372905,14254875,0
BANKNIFTY09OCT2451100CE.NFO,2024-10-09,15:03:00,2024-10-09,1.8,1.85,1.1,1.15,9036300,14254875,0
BANKNIFTY09OCT2451100CE.NFO,2024-10-09,15:04:00,2024-10-09,1.2,1.45,1.2,1.35,9849495,12017880,0
BANKNIFTY09OCT2451100CE.NFO,2024-10-09,15:05:00,2024-10-09,1.35,1.7,1.15,1.25,7313430,12017880,0
BANKNIFTY09OCT2451100CE.NFO,2024-10-09,15:06:00,2024-10-09,1.25,1.35,0.7,0.85,6237660,12017880,0
BANKNIFTY09OCT2451100CE.NFO,2024-10-09,15:07:00,2024-10-09,0.85,0.95,0.7,0.7,5783190,10939230,0
BANKNIFTY09OCT2451100CE.NFO,2024-10-09,15:08:00,2024-10-09,0.7,0.75,0.5,0.55,4967535,10939230,0
BANKNIFTY09OCT2451100CE.NFO,2024-10-09,15:09:00,2024-10-09,0.55,0.65,0.45,0.55,4889550,10939230,0
BANKNIFTY09OCT2451100CE.NFO,2024-10-09,15:10:00,2024-10-09,0.55,0.55,0.35,0.35,2815410,9963735,0
BANKNIFTY09OCT2451100CE.NFO,2024-10-09,15:11:00,2024-10-09,0.35,0.4,0.35,0.4,1508205,9963735,0
BANKNIFTY09OCT2451100CE.NFO,2024-10-09,15:12:00,2024-10-09,0.4,0.4,0.35,0.35,1548135,9963735,0
BANKNIFTY09OCT2451100CE.NFO,2024-10-09,15:13:00,2024-10-09,0.35,0.35,0.25,0.3,1948185,9185220,0
BANKNIFTY09OCT2451100CE.NFO,2024-10-09,15:14:00,2024-10-09,0.25,0.3,0.25,0.25,1143765,9185220,0
BANKNIFTY09OCT2451100CE.NFO,2024-10-09,15:15:00,2024-10-09,0.3,0.35,0.25,0.35,1660605,9185220,0
BANKNIFTY09OCT2451100CE.NFO,2024-10-09,15:16:00,2024-10-09,0.35,0.4,0.3,0.35,1243530,8354235,0
BANKNIFTY09OCT2451100CE.NFO,2024-10-09,15:17:00,2024-10-09,0.35,0.55,0.35,0.4,3739020,8354235,0
BANKNIFTY09OCT2451100CE.NFO,2024-10-09,15:18:00,2024-10-09,0.4,0.4,0.3,0.35,2124960,8354235,0
BANKNIFTY09OCT2451100CE.NFO,2024-10-09,15:19:00,2024-10-09,0.35,0.4,0.3,0.4,2285040,8248875,0
BANKNIFTY09OCT2451100CE.NFO,2024-10-09,15:20:00,2024-10-09,0.4,0.4,0.35,0.35,1582260,8248875,0
BANKNIFTY09OCT2451100CE.NFO,2024-10-09,15:21:00,2024-10-09,0.35,0.4,0.3,0.3,1366545,8248875,0
BANKNIFTY09OCT2451100CE.NFO,2024-10-09,15:22:00,2024-10-09,0.35,0.35,0.2,0.2,3238215,8052375,0
BANKNIFTY09OCT2451100CE.NFO,2024-10-09,15:23:00,2024-10-09,0.2,0.25,0.15,0.2,1895520,8052375,0
BANKNIFTY09OCT2451100CE.NFO,2024-10-09,15:24:00,2024-10-09,0.2,0.2,0.1,0.1,1741290,8052375,0
BANKNIFTY09OCT2451100CE.NFO,2024-10-09,15:25:00,2024-10-09,0.15,0.2,0.1,0.2,2422485,7275540,0
BANKNIFTY09OCT2451100CE.NFO,2024-10-09,15:26:00,2024-10-09,0.2,0.2,0.1,0.1,753960,7275540,0
BANKNIFTY09OCT2451100CE.NFO,2024-10-09,15:27:00,2024-10-09,0.15,0.15,0.1,0.1,646680,7275540,0
BANKNIFTY09OCT2451100CE.NFO,2024-10-09,15:28:00,2024-10-09,0.15,0.2,0.1,0.15,1638345,6782310,0
BANKNIFTY09OCT2451100CE.NFO,2024-10-09,15:29:00,2024-10-09,0.15,0.2,0.1,0.2,1287075,6782310,0
BANKNIFTY09OCT2451100CE.NFO,2024-10-09,15:30:00,2024-10-09,0.2,0.2,0.2,0.2,1287075,6782310,1
